ts,open,high,low,close
1760054400,0.8149,0.8151,0.8148,0.8148
1760054460,0.8148,0.815,0.8144,0.8149
1760054520,0.8149,0.8158,0.8148,0.8156
1760054580,0.8156,0.8159,0.8156,0.8158
1760054640,0.8158,0.8164,0.8153,0.8163
1760054700,0.8163,0.8165,0.8157,0.8158
1760054760,0.8158,0.8164,0.8158,0.8163
1760054820,0.8163,0.8163,0.814,0.8141
1760054880,0.8141,0.8147,0.8141,0.8143
1760054940,0.8143,0.8149,0.8143,0.8149
1760055000,0.8149,0.815,0.8146,0.8146
1760055060,0.8146,0.8148,0.8143,0.8144
1760055120,0.8144,0.8145,0.8141,0.8142
1760055180,0.8142,0.8146,0.8142,0.8146
1760055240,0.8146,0.8146,0.8139,0.8144
1760055300,0.8144,0.8151,0.8144,0.8148
1760055360,0.8148,0.8157,0.8148,0.8157
1760055420,0.8157,0.8166,0.8157,0.8159
1760055480,0.8159,0.8167,0.8158,0.8166
1760055540,0.8166,0.8166,0.8161,0.8163
1760055600,0.8163,0.8163,0.8158,0.8158
1760055660,0.8158,0.8159,0.8156,0.8159
1760055720,0.8159,0.8159,0.815,0.815
1760055780,0.815,0.815,0.8146,0.8148
1760055840,0.8148,0.8155,0.8148,0.8155
1760055900,0.8155,0.8155,0.815,0.8152
1760055960,0.8152,0.8164,0.8152,0.8163
1760056020,0.8163,0.8167,0.8163,0.8167
1760056080,0.8167,0.8169,0.8167,0.8169
1760056140,0.8169,0.817,0.8168,0.8169
1760056200,0.8169,0.817,0.8162,0.8162
1760056260,0.8162,0.8164,0.8158,0.8159
1760056320,0.8159,0.8161,0.8157,0.8158
1760056380,0.8158,0.8165,0.8158,0.8165
1760056440,0.8165,0.8165,0.816,0.816
1760056500,0.816,0.816,0.8154,0.8154
1760056560,0.8154,0.8157,0.8154,0.8156
1760056620,0.8156,0.8156,0.8151,0.8151
1760056680,0.8151,0.8162,0.8151,0.8162
1760056740,0.8162,0.8166,0.8162,0.8166
1760056800,0.8166,0.8166,0.8158,0.8159
1760056860,0.8159,0.8162,0.8159,0.8162
1760056920,0.8162,0.8163,0.8149,0.8151
1760056980,0.8151,0.8151,0.8149,0.8149
1760057040,0.8149,0.8153,0.8149,0.8151
1760057100,0.8151,0.8151,0.8144,0.8146
1760057160,0.8146,0.8146,0.8136,0.8136
1760057220,0.8136,0.8136,0.8131,0.8134
1760057280,0.8134,0.8135,0.8132,0.8135
1760057340,0.8135,0.8136,0.8131,0.8136
1760057400,0.8136,0.8143,0.8134,0.8143
1760057460,0.8143,0.8148,0.8143,0.8148
1760057520,0.8148,0.8149,0.8147,0.8148
1760057580,0.8148,0.8154,0.8148,0.8154
1760057640,0.8154,0.8158,0.8153,0.8154
1760057700,0.8154,0.8156,0.8152,0.8152
1760057760,0.8152,0.8152,0.8147,0.8147
1760057820,0.8147,0.8147,0.8142,0.8146
1760057880,0.8146,0.8149,0.8146,0.8147
1760057940,0.8147,0.815,0.8147,0.815
1760058000,0.815,0.8151,0.8143,0.8148
1760058060,0.8148,0.8159,0.8148,0.8159
1760058120,0.8159,0.8159,0.8156,0.8157
1760058180,0.8157,0.8164,0.8156,0.8164
1760058240,0.8164,0.8167,0.8161,0.8167
1760058300,0.8167,0.8169,0.816,0.8163
1760058360,0.8163,0.8166,0.8162,0.8162
1760058420,0.8162,0.8162,0.8151,0.8152
1760058480,0.8152,0.8156,0.8151,0.8151
1760058540,0.8151,0.8153,0.8151,0.8152
1760058600,0.8152,0.8158,0.8152,0.8155
1760058660,0.8155,0.8158,0.8155,0.8157
1760058720,0.8157,0.8162,0.8156,0.8156
1760058780,0.8156,0.8161,0.8156,0.816
1760058840,0.816,0.8162,0.816,0.8161
1760058900,0.8161,0.8161,0.8155,0.8155
1760058960,0.8155,0.8163,0.8155,0.8161
1760059020,0.8161,0.8164,0.8161,0.8161
1760059080,0.8161,0.8161,0.8157,0.8157
1760059140,0.8157,0.8159,0.8153,0.8159
1760059200,0.8159,0.8164,0.8159,0.8163
1760059260,0.8163,0.8163,0.8156,0.8156
1760059320,0.8156,0.8159,0.8156,0.8156
1760059380,0.8156,0.8156,0.8151,0.8152
1760059440,0.8152,0.8157,0.8151,0.8156
1760059500,0.8156,0.816,0.8156,0.8158
1760059560,0.8158,0.8159,0.8156,0.8156
1760059620,0.8156,0.8156,0.8155,0.8156
1760059680,0.8156,0.8164,0.8156,0.8162
1760059740,0.8162,0.8166,0.8162,0.8164
1760059800,0.8164,0.8165,0.8162,0.8162
1760059860,0.8162,0.8162,0.8155,0.8155
1760059920,0.8155,0.8157,0.8155,0.8155
1760059980,0.8155,0.816,0.8155,0.8159
1760060040,0.8159,0.8162,0.8159,0.8159
1760060100,0.8159,0.8159,0.8147,0.8147
1760060160,0.8147,0.8151,0.8145,0.8145
1760060220,0.8145,0.8148,0.8145,0.8146
1760060280,0.8146,0.8147,0.8144,0.8144
1760060340,0.8144,0.8149,0.8143,0.8145
1760060400,0.8145,0.8145,0.8137,0.8138
1760060460,0.8138,0.8139,0.8135,0.8138
1760060520,0.8138,0.8144,0.8136,0.8144
1760060580,0.8144,0.8145,0.8142,0.8144
1760060640,0.8144,0.8144,0.8138,0.8142
1760060700,0.8142,0.8143,0.8139,0.8142
1760060760,0.8142,0.8145,0.8139,0.8143
1760060820,0.8143,0.8146,0.8142,0.8142
1760060880,0.8142,0.8143,0.8141,0.8142
1760060940,0.8142,0.8146,0.8142,0.8145
1760061000,0.8145,0.8145,0.8137,0.8137
1760061060,0.8137,0.8146,0.8137,0.8146
1760061120,0.8146,0.8158,0.8146,0.8155
1760061180,0.8155,0.8158,0.8149,0.8149
1760061240,0.8149,0.8151,0.8148,0.8151
1760061300,0.8151,0.8153,0.8147,0.8147
1760061360,0.8147,0.8149,0.8147,0.8149
1760061420,0.8149,0.815,0.8147,0.8148
1760061480,0.8148,0.8153,0.8148,0.8152
1760061540,0.8152,0.8152,0.8149,0.8149
1760061600,0.8149,0.8151,0.8145,0.8146
1760061660,0.8146,0.8148,0.8143,0.8143
1760061720,0.8143,0.8143,0.8136,0.8137
1760061780,0.8137,0.814,0.8133,0.8134
1760061840,0.8134,0.8138,0.8133,0.8134
1760061900,0.8134,0.8134,0.8126,0.8127
1760061960,0.8127,0.8128,0.8122,0.8124
1760062020,0.8124,0.8124,0.8119,0.8119
1760062080,0.8119,0.8123,0.8118,0.8118
1760062140,0.8118,0.813,0.8118,0.813
1760062200,0.813,0.8132,0.8126,0.8126
1760062260,0.8126,0.813,0.8126,0.813
1760062320,0.813,0.8134,0.8128,0.8129
1760062380,0.8129,0.8135,0.8129,0.8132
1760062440,0.8132,0.8135,0.8132,0.8135
1760062500,0.8135,0.8141,0.8135,0.8138
1760062560,0.8138,0.8145,0.8138,0.8145
1760062620,0.8145,0.8147,0.8142,0.8146
1760062680,0.8146,0.8148,0.8146,0.8148
1760062740,0.8148,0.8164,0.8148,0.8161
1760062800,0.8161,0.8165,0.816,0.8163
1760062860,0.8163,0.8168,0.8163,0.8165
1760062920,0.8165,0.8165,0.8161,0.8162
1760062980,0.8162,0.8165,0.8162,0.8165
1760063040,0.8165,0.8165,0.8155,0.8157
1760063100,0.8157,0.8157,0.8154,0.8155
1760063160,0.8155,0.8155,0.815,0.8152
1760063220,0.8152,0.8154,0.815,0.8153
1760063280,0.8153,0.8153,0.8148,0.8148
1760063340,0.8148,0.8149,0.8147,0.8147
1760063400,0.8147,0.8152,0.8145,0.8145
1760063460,0.8145,0.8145,0.8139,0.814
1760063520,0.814,0.8142,0.8134,0.8136
1760063580,0.8136,0.8137,0.8134,0.8134
1760063640,0.8134,0.8134,0.8128,0.8128
1760063700,0.8128,0.813,0.8126,0.8127
1760063760,0.8127,0.813,0.8127,0.813
1760063820,0.813,0.8131,0.8129,0.813
1760063880,0.813,0.8131,0.8127,0.8131
1760063940,0.8131,0.814,0.8131,0.8137
1760064000,0.8137,0.8137,0.8132,0.8135
1760064060,0.8135,0.814,0.8135,0.8139
1760064120,0.8139,0.8146,0.8139,0.8142
1760064180,0.8142,0.8143,0.8132,0.8133
1760064240,0.8133,0.8141,0.8133,0.814
1760064300,0.814,0.814,0.813,0.813
1760064360,0.813,0.8134,0.8122,0.8133
1760064420,0.8133,0.8133,0.8129,0.8132
1760064480,0.8132,0.8138,0.8131,0.8138
1760064540,0.8138,0.8139,0.8135,0.8135
1760064600,0.8135,0.8142,0.8135,0.814
1760064660,0.814,0.8141,0.8131,0.8131
1760064720,0.8131,0.8132,0.8124,0.8124
1760064780,0.8124,0.8125,0.8119,0.8123
1760064840,0.8123,0.8125,0.8119,0.8125
1760064900,0.8125,0.8129,0.8125,0.8129
1760064960,0.8129,0.8129,0.8121,0.8122
1760065020,0.8122,0.8125,0.8121,0.8124
1760065080,0.8124,0.8127,0.8124,0.8127
1760065140,0.8127,0.8128,0.8126,0.8128
1760065200,0.8128,0.8132,0.8128,0.8128
1760065260,0.8128,0.813,0.8119,0.8119
1760065320,0.8119,0.8119,0.8108,0.8109
1760065380,0.8109,0.8109,0.8103,0.8104
1760065440,0.8104,0.8105,0.8092,0.8093
1760065500,0.8093,0.8099,0.8091,0.8099
1760065560,0.8099,0.8102,0.8097,0.8098
1760065620,0.8098,0.8098,0.8093,0.8094
1760065680,0.8094,0.8094,0.8088,0.8091
1760065740,0.8091,0.8092,0.809,0.8091
1760065800,0.8091,0.8092,0.8085,0.8091
1760065860,0.8091,0.8097,0.8087,0.8096
1760065920,0.8096,0.8101,0.8096,0.8101
1760065980,0.8101,0.8104,0.8099,0.8102
1760066040,0.8102,0.8109,0.8099,0.8109
1760066100,0.8109,0.8114,0.8109,0.8112
1760066160,0.8112,0.8113,0.8104,0.8107
1760066220,0.8107,0.811,0.8107,0.811
1760066280,0.811,0.8116,0.811,0.8116
1760066340,0.8116,0.8124,0.8114,0.8124
1760066400,0.8124,0.8138,0.8124,0.8138
1760066460,0.8138,0.8149,0.8137,0.8149
1760066520,0.8149,0.815,0.8141,0.8141
1760066580,0.8141,0.8146,0.814,0.8144
1760066640,0.8144,0.8153,0.8138,0.8153
1760066700,0.8153,0.8161,0.8153,0.8158
1760066760,0.8158,0.8165,0.8158,0.8158
1760066820,0.8158,0.8174,0.8158,0.8173
1760066880,0.8173,0.8183,0.817,0.8181
1760066940,0.8181,0.8189,0.8181,0.8189
1760067000,0.8189,0.8205,0.8189,0.8195
1760067060,0.8195,0.8206,0.8195,0.8205
1760067120,0.8205,0.8209,0.8193,0.8194
1760067180,0.8194,0.8205,0.8193,0.8193
1760067240,0.8193,0.8204,0.8193,0.8202
1760067300,0.8202,0.8213,0.8202,0.8204
1760067360,0.8204,0.8206,0.8202,0.8202
1760067420,0.8202,0.821,0.8202,0.8204
1760067480,0.8204,0.8206,0.8195,0.8197
1760067540,0.8197,0.8199,0.8193,0.8198
1760067600,0.8198,0.8198,0.819,0.8195
1760067660,0.8195,0.8198,0.8194,0.8197
1760067720,0.8197,0.8203,0.8195,0.8198
1760067780,0.8198,0.82,0.8196,0.8197
1760067840,0.8197,0.8201,0.8195,0.82
1760067900,0.82,0.8209,0.82,0.8207
1760067960,0.8207,0.8212,0.8205,0.821
1760068020,0.821,0.8214,0.8209,0.8211
1760068080,0.8211,0.8214,0.8205,0.8212
1760068140,0.8212,0.8212,0.8207,0.8208
1760068200,0.8208,0.8208,0.8194,0.8195
1760068260,0.8195,0.8195,0.8184,0.8187
1760068320,0.8187,0.8187,0.8177,0.8179
1760068380,0.8179,0.8184,0.8175,0.8178
1760068440,0.8178,0.8179,0.8169,0.8169
1760068500,0.8169,0.8169,0.8151,0.8157
1760068560,0.8157,0.8163,0.8151,0.8161
1760068620,0.8161,0.8165,0.8156,0.8165
1760068680,0.8165,0.817,0.8164,0.8166
1760068740,0.8166,0.8166,0.8155,0.8155
1760068800,0.8155,0.8175,0.8152,0.8171
1760068860,0.8171,0.8182,0.8171,0.8179
1760068920,0.8179,0.8183,0.817,0.8182
1760068980,0.8182,0.8188,0.818,0.8184
1760069040,0.8184,0.8184,0.8179,0.8179
1760069100,0.8179,0.819,0.8179,0.8187
1760069160,0.8187,0.8188,0.8185,0.8188
1760069220,0.8188,0.8193,0.8188,0.8191
1760069280,0.8191,0.8197,0.8189,0.8189
1760069340,0.8189,0.8195,0.8184,0.8184
1760069400,0.8184,0.8184,0.8171,0.8175
1760069460,0.8175,0.8179,0.8171,0.8173
1760069520,0.8173,0.8179,0.8172,0.8178
1760069580,0.8178,0.8186,0.8176,0.8183
1760069640,0.8183,0.8188,0.8182,0.8182
1760069700,0.8182,0.8184,0.818,0.8183
1760069760,0.8183,0.8183,0.8175,0.8175
1760069820,0.8175,0.8181,0.8173,0.8176
1760069880,0.8176,0.8176,0.8171,0.8171
1760069940,0.8171,0.8172,0.8164,0.8166
1760070000,0.8166,0.8174,0.8164,0.8173
1760070060,0.8173,0.8176,0.8172,0.8173
1760070120,0.8173,0.8179,0.8173,0.8177
1760070180,0.8177,0.8177,0.817,0.8171
1760070240,0.8171,0.8174,0.8165,0.8165
1760070300,0.8165,0.8166,0.8162,0.8166
1760070360,0.8166,0.8167,0.8162,0.8165
1760070420,0.8165,0.8166,0.8161,0.8161
1760070480,0.8161,0.8165,0.816,0.8161
1760070540,0.8161,0.8165,0.8161,0.8164
1760070600,0.8164,0.8166,0.8162,0.8165
1760070660,0.8165,0.8174,0.8163,0.8174
1760070720,0.8174,0.8176,0.8173,0.8173
1760070780,0.8173,0.8173,0.816,0.816
1760070840,0.816,0.8162,0.8157,0.8162
1760070900,0.8162,0.8163,0.8154,0.8154
1760070960,0.8154,0.8154,0.8144,0.8148
1760071020,0.8148,0.8154,0.8146,0.8152
1760071080,0.8152,0.8153,0.815,0.815
1760071140,0.815,0.8154,0.8145,0.8153
1760071200,0.8153,0.816,0.8152,0.816
1760071260,0.816,0.8161,0.8155,0.8155
1760071320,0.8155,0.8155,0.8149,0.8154
1760071380,0.8154,0.8158,0.8154,0.8154
1760071440,0.8154,0.8157,0.8153,0.8155
1760071500,0.8155,0.8156,0.8151,0.8152
1760071560,0.8152,0.816,0.8151,0.8154
1760071620,0.8154,0.8156,0.8154,0.8156
1760071680,0.8156,0.8156,0.8148,0.8151
1760071740,0.8151,0.8155,0.8151,0.8155
1760071800,0.8155,0.8156,0.815,0.815
1760071860,0.815,0.8155,0.815,0.8153
1760071920,0.8153,0.8153,0.815,0.8152
1760071980,0.8152,0.8158,0.8152,0.8157
1760072040,0.8157,0.8157,0.8156,0.8157
1760072100,0.8157,0.8158,0.815,0.8151
1760072160,0.8151,0.8152,0.815,0.815
1760072220,0.815,0.8155,0.815,0.8155
1760072280,0.8155,0.8157,0.8153,0.8157
1760072340,0.8157,0.8159,0.8157,0.8159
1760072400,0.8159,0.8161,0.8155,0.8157
1760072460,0.8157,0.8157,0.8153,0.8154
1760072520,0.8154,0.8154,0.8146,0.8149
1760072580,0.8149,0.8149,0.8144,0.8144
1760072640,0.8144,0.8144,0.8133,0.8133
1760072700,0.8133,0.8136,0.8127,0.8132
1760072760,0.8132,0.8132,0.8121,0.8132
1760072820,0.8132,0.8142,0.8127,0.8141
1760072880,0.8141,0.8142,0.8137,0.814
1760072940,0.814,0.814,0.8133,0.8138
1760073000,0.8138,0.8139,0.8134,0.8136
1760073060,0.8136,0.8138,0.8132,0.8132
1760073120,0.8132,0.8134,0.813,0.8133
1760073180,0.8133,0.8138,0.8133,0.8138
1760073240,0.8138,0.8138,0.8132,0.8132
1760073300,0.8132,0.814,0.8129,0.8139
1760073360,0.8139,0.8142,0.8136,0.8136
1760073420,0.8136,0.8144,0.8136,0.8143
1760073480,0.8143,0.8144,0.8141,0.8141
1760073540,0.8141,0.8142,0.8138,0.8138
1760073600,0.8138,0.8145,0.8138,0.8145
1760073660,0.8145,0.8147,0.8144,0.8145
1760073720,0.8145,0.8146,0.8143,0.8144
1760073780,0.8144,0.8163,0.8144,0.8163
1760073840,0.8163,0.8166,0.8155,0.8166
1760073900,0.8166,0.8172,0.8166,0.8169
1760073960,0.8169,0.8178,0.8168,0.8169
1760074020,0.8169,0.8171,0.8164,0.817
1760074080,0.817,0.8173,0.8164,0.8165
1760074140,0.8165,0.817,0.8165,0.8165
1760074200,0.8165,0.8168,0.8162,0.8164
1760074260,0.8164,0.8167,0.8158,0.8165
1760074320,0.8165,0.8165,0.8147,0.8147
1760074380,0.8147,0.8154,0.8145,0.815
1760074440,0.815,0.8151,0.8145,0.8146
1760074500,0.8146,0.8148,0.8143,0.8146
1760074560,0.8146,0.8148,0.8143,0.8148
1760074620,0.8148,0.8148,0.8145,0.8146
1760074680,0.8146,0.8149,0.8146,0.8148
1760074740,0.8148,0.8152,0.8147,0.8151
1760074800,0.8151,0.8164,0.8151,0.8164
1760074860,0.8164,0.8171,0.8164,0.8171
1760074920,0.8171,0.8176,0.8171,0.8176
1760074980,0.8176,0.818,0.8176,0.8179
1760075040,0.8179,0.8181,0.8179,0.8181
1760075100,0.8181,0.8186,0.818,0.8185
1760075160,0.8185,0.8196,0.8185,0.819
1760075220,0.819,0.8194,0.8186,0.8187
1760075280,0.8187,0.8194,0.8185,0.8194
1760075340,0.8194,0.8194,0.8188,0.819
1760075400,0.819,0.8195,0.819,0.8195
1760075460,0.8195,0.8197,0.8187,0.8188
1760075520,0.8188,0.8189,0.8185,0.8189
1760075580,0.8189,0.82,0.8189,0.8199
1760075640,0.8199,0.8211,0.8198,0.821
1760075700,0.821,0.8211,0.8203,0.8203
1760075760,0.8203,0.8215,0.8201,0.8214
1760075820,0.8214,0.8217,0.8213,0.8216
1760075880,0.8216,0.8219,0.8211,0.8211
1760075940,0.8211,0.8214,0.8211,0.8214
1760076000,0.8214,0.8216,0.8209,0.8215
1760076060,0.8215,0.8215,0.8209,0.8209
1760076120,0.8209,0.8219,0.8209,0.8217
1760076180,0.8217,0.8217,0.821,0.8216
1760076240,0.8216,0.8216,0.8209,0.821
1760076300,0.821,0.8217,0.821,0.8215
1760076360,0.8215,0.8218,0.8206,0.8209
1760076420,0.8209,0.8211,0.8208,0.8209
1760076480,0.8209,0.8209,0.8203,0.8208
1760076540,0.8208,0.8209,0.82,0.82
1760076600,0.82,0.8202,0.8197,0.8197
1760076660,0.8197,0.8197,0.8189,0.819
1760076720,0.819,0.8193,0.8188,0.8191
1760076780,0.8191,0.8195,0.8191,0.8191
1760076840,0.8191,0.8194,0.8189,0.8192
1760076900,0.8192,0.8203,0.8192,0.82
1760076960,0.82,0.8202,0.8191,0.8192
1760077020,0.8192,0.8194,0.8191,0.8191
1760077080,0.8191,0.8195,0.8189,0.8192
1760077140,0.8192,0.8195,0.8185,0.8186
1760077200,0.8186,0.8186,0.8183,0.8184
1760077260,0.8184,0.8185,0.8183,0.8183
1760077320,0.8183,0.8188,0.8181,0.8188
1760077380,0.8188,0.8188,0.8182,0.8185
1760077440,0.8185,0.8185,0.8181,0.8183
1760077500,0.8183,0.8184,0.818,0.8184
1760077560,0.8184,0.8184,0.8181,0.8181
1760077620,0.8181,0.8187,0.8181,0.8184
1760077680,0.8184,0.8186,0.8177,0.8177
1760077740,0.8177,0.8177,0.8173,0.8174
1760077800,0.8174,0.8185,0.8174,0.8177
1760077860,0.8177,0.8185,0.8177,0.8179
1760077920,0.8179,0.8179,0.8171,0.8172
1760077980,0.8172,0.8178,0.8172,0.8177
1760078040,0.8177,0.8192,0.8177,0.8191
1760078100,0.8191,0.8192,0.8178,0.8178
1760078160,0.8178,0.8178,0.8159,0.8163
1760078220,0.8163,0.8169,0.8157,0.8157
1760078280,0.8157,0.8159,0.8149,0.8157
1760078340,0.8157,0.8162,0.8153,0.8162
1760078400,0.8162,0.8168,0.8161,0.8168
1760078460,0.8168,0.8174,0.8168,0.8173
1760078520,0.8173,0.8174,0.8172,0.8173
1760078580,0.8173,0.8173,0.8167,0.8169
1760078640,0.8169,0.8169,0.8159,0.8164
1760078700,0.8164,0.8175,0.8164,0.8175
1760078760,0.8175,0.8183,0.8171,0.8174
1760078820,0.8174,0.8176,0.8172,0.8172
1760078880,0.8172,0.8173,0.8164,0.8166
1760078940,0.8166,0.8167,0.8158,0.8158
1760079000,0.8158,0.8163,0.8154,0.8154
1760079060,0.8154,0.8154,0.8138,0.8145
1760079120,0.8145,0.8147,0.814,0.8141
1760079180,0.8141,0.8148,0.8137,0.8148
1760079240,0.8148,0.8151,0.8147,0.8151
1760079300,0.8151,0.8156,0.815,0.8151
1760079360,0.8151,0.8153,0.815,0.8151
1760079420,0.8151,0.8153,0.815,0.8152
1760079480,0.8152,0.8156,0.8152,0.8153
1760079540,0.8153,0.8153,0.815,0.8151
1760079600,0.8151,0.8154,0.815,0.8154
1760079660,0.8154,0.8154,0.8136,0.8136
1760079720,0.8136,0.8142,0.8136,0.814
1760079780,0.814,0.814,0.8137,0.814
1760079840,0.814,0.8144,0.8137,0.814
1760079900,0.814,0.8144,0.8138,0.8139
1760079960,0.8139,0.8139,0.8133,0.8134
1760080020,0.8134,0.8134,0.8125,0.813
1760080080,0.813,0.813,0.8117,0.8122
1760080140,0.8122,0.8135,0.8122,0.8134
1760080200,0.8134,0.8143,0.8134,0.8143
1760080260,0.8143,0.8145,0.8139,0.8141
1760080320,0.8141,0.8144,0.8138,0.8142
1760080380,0.8142,0.8144,0.814,0.8143
1760080440,0.8143,0.8147,0.814,0.8143
1760080500,0.8143,0.8144,0.8131,0.8131
1760080560,0.8131,0.8135,0.8124,0.8124
1760080620,0.8124,0.8127,0.812,0.8122
1760080680,0.8122,0.8122,0.811,0.8118
1760080740,0.8118,0.813,0.8116,0.813
1760080800,0.813,0.8138,0.8127,0.8133
1760080860,0.8133,0.8141,0.8133,0.8136
1760080920,0.8136,0.8136,0.8122,0.8122
1760080980,0.8122,0.8124,0.8116,0.812
1760081040,0.812,0.812,0.8111,0.8116
1760081100,0.8116,0.8116,0.8108,0.8108
1760081160,0.8108,0.8124,0.8106,0.8124
1760081220,0.8124,0.8131,0.8122,0.8127
1760081280,0.8127,0.8132,0.8127,0.8131
1760081340,0.8131,0.8138,0.8131,0.8133
1760081400,0.8133,0.8136,0.813,0.8135
1760081460,0.8135,0.8135,0.8117,0.8118
1760081520,0.8118,0.8121,0.8116,0.8116
1760081580,0.8116,0.8118,0.8111,0.8111
1760081640,0.8111,0.8118,0.8106,0.8114
1760081700,0.8114,0.8121,0.8113,0.8118
1760081760,0.8118,0.8129,0.8118,0.8129
1760081820,0.8129,0.813,0.8125,0.8128
1760081880,0.8128,0.8132,0.8126,0.8126
1760081940,0.8126,0.8133,0.8122,0.8133
1760082000,0.8133,0.8139,0.8132,0.8136
1760082060,0.8136,0.814,0.8135,0.814
1760082120,0.814,0.814,0.8137,0.8138
1760082180,0.8138,0.8138,0.8133,0.8136
1760082240,0.8136,0.8141,0.8134,0.8134
1760082300,0.8134,0.8134,0.8128,0.8129
1760082360,0.8129,0.8129,0.8113,0.8114
1760082420,0.8114,0.8123,0.8109,0.8123
1760082480,0.8123,0.8123,0.8119,0.8121
1760082540,0.8121,0.8121,0.8113,0.8118
1760082600,0.8118,0.8122,0.811,0.8111
1760082660,0.8111,0.8116,0.8107,0.811
1760082720,0.811,0.812,0.811,0.8116
1760082780,0.8116,0.8117,0.8113,0.8114
1760082840,0.8114,0.8117,0.8111,0.8111
1760082900,0.8111,0.8118,0.8111,0.8116
1760082960,0.8116,0.8118,0.8106,0.8106
1760083020,0.8106,0.8106,0.8101,0.8105
1760083080,0.8105,0.8105,0.8095,0.8095
1760083140,0.8095,0.8101,0.8095,0.81
1760083200,0.81,0.8107,0.81,0.8102
1760083260,0.8102,0.8112,0.8101,0.8109
1760083320,0.8109,0.812,0.8109,0.8119
1760083380,0.8119,0.812,0.8105,0.8105
1760083440,0.8105,0.8105,0.8097,0.8099
1760083500,0.8099,0.8099,0.8078,0.8092
1760083560,0.8092,0.8102,0.809,0.81
1760083620,0.81,0.8101,0.809,0.8093
1760083680,0.8093,0.8103,0.8093,0.8101
1760083740,0.8101,0.8105,0.8098,0.8105
1760083800,0.8105,0.8113,0.8104,0.8113
1760083860,0.8113,0.812,0.8112,0.812
1760083920,0.812,0.812,0.8109,0.8113
1760083980,0.8113,0.8118,0.8112,0.8118
1760084040,0.8118,0.812,0.8113,0.8116
1760084100,0.8116,0.8128,0.8116,0.8128
1760084160,0.8128,0.814,0.8128,0.8128
1760084220,0.8128,0.8141,0.8128,0.8141
1760084280,0.8141,0.8144,0.8137,0.8139
1760084340,0.8139,0.8141,0.8133,0.8138
1760084400,0.8138,0.8139,0.8132,0.8137
1760084460,0.8137,0.8139,0.8127,0.8127
1760084520,0.8127,0.8129,0.8125,0.8127
1760084580,0.8127,0.8129,0.8125,0.8128
1760084640,0.8128,0.8135,0.8128,0.8135
1760084700,0.8135,0.8139,0.8134,0.8135
1760084760,0.8135,0.8135,0.8129,0.8133
1760084820,0.8133,0.8139,0.8133,0.8134
1760084880,0.8134,0.814,0.8134,0.814
1760084940,0.814,0.8141,0.8134,0.8134
1760085000,0.8134,0.8136,0.8131,0.8135
1760085060,0.8135,0.8141,0.8132,0.8135
1760085120,0.8135,0.8135,0.812,0.812
1760085180,0.812,0.8122,0.8116,0.8116
1760085240,0.8116,0.8117,0.8111,0.8113
1760085300,0.8113,0.8118,0.811,0.8112
1760085360,0.8112,0.8114,0.811,0.8113
1760085420,0.8113,0.8113,0.8105,0.8108
1760085480,0.8108,0.8116,0.8106,0.8114
1760085540,0.8114,0.8118,0.8107,0.8112
1760085600,0.8112,0.8113,0.8109,0.8109
1760085660,0.8109,0.8109,0.8104,0.8106
1760085720,0.8106,0.8107,0.8103,0.8106
1760085780,0.8106,0.811,0.8104,0.8104
1760085840,0.8104,0.8113,0.8104,0.8111
1760085900,0.8111,0.8121,0.8111,0.8118
1760085960,0.8118,0.8125,0.8118,0.8121
1760086020,0.8121,0.8126,0.8119,0.8124
1760086080,0.8124,0.8127,0.8123,0.8123
1760086140,0.8123,0.8125,0.8118,0.8123
1760086200,0.8123,0.8135,0.8122,0.8132
1760086260,0.8132,0.8139,0.8132,0.8138
1760086320,0.8138,0.814,0.8137,0.8138
1760086380,0.8138,0.8142,0.8138,0.8141
1760086440,0.8141,0.8146,0.8141,0.8145
1760086500,0.8145,0.8155,0.8145,0.8155
1760086560,0.8155,0.8164,0.8155,0.816
1760086620,0.816,0.8169,0.816,0.8168
1760086680,0.8168,0.8172,0.8166,0.8168
1760086740,0.8168,0.8174,0.8167,0.8167
1760086800,0.8167,0.817,0.8161,0.8161
1760086860,0.8161,0.8163,0.8151,0.8157
1760086920,0.8157,0.8157,0.8148,0.8149
1760086980,0.8149,0.8158,0.8149,0.8157
1760087040,0.8157,0.8158,0.8152,0.8153
1760087100,0.8153,0.8159,0.8149,0.8156
1760087160,0.8156,0.8161,0.815,0.815
1760087220,0.815,0.8155,0.8149,0.8152
1760087280,0.8152,0.8152,0.8143,0.8143
1760087340,0.8143,0.8148,0.8143,0.8148
1760087400,0.8148,0.8148,0.8144,0.8144
1760087460,0.8144,0.8156,0.8144,0.8156
1760087520,0.8156,0.816,0.8153,0.8153
1760087580,0.8153,0.8161,0.8153,0.8156
1760087640,0.8156,0.8156,0.8149,0.815
1760087700,0.815,0.8157,0.8149,0.8155
1760087760,0.8155,0.8155,0.8145,0.8147
1760087820,0.8147,0.8152,0.8144,0.8152
1760087880,0.8152,0.8154,0.8146,0.8148
1760087940,0.8148,0.8148,0.8135,0.8137
1760088000,0.8137,0.814,0.8135,0.814
1760088060,0.814,0.8145,0.8139,0.8145
1760088120,0.8145,0.8151,0.8144,0.8151
1760088180,0.8151,0.8152,0.815,0.8152
1760088240,0.8152,0.8154,0.8148,0.8154
1760088300,0.8154,0.8158,0.8153,0.8154
1760088360,0.8154,0.8168,0.8154,0.8168
1760088420,0.8168,0.8181,0.8168,0.818
1760088480,0.818,0.8185,0.8178,0.8183
1760088540,0.8183,0.819,0.8182,0.8182
1760088600,0.8182,0.8182,0.8172,0.8175
1760088660,0.8175,0.8182,0.8175,0.8177
1760088720,0.8177,0.8186,0.8177,0.8183
1760088780,0.8183,0.8187,0.818,0.8184
1760088840,0.8184,0.8187,0.8181,0.8184
1760088900,0.8184,0.8184,0.8177,0.8181
1760088960,0.8181,0.8181,0.8176,0.8176
1760089020,0.8176,0.8176,0.8174,0.8176
1760089080,0.8176,0.8176,0.8168,0.8168
1760089140,0.8168,0.8169,0.8167,0.8168
1760089200,0.8168,0.8176,0.8167,0.8167
1760089260,0.8167,0.8169,0.816,0.8162
1760089320,0.8162,0.817,0.8162,0.817
1760089380,0.817,0.8176,0.8167,0.8168
1760089440,0.8168,0.817,0.8165,0.8167
1760089500,0.8167,0.8179,0.8167,0.8175
1760089560,0.8175,0.8176,0.8163,0.8163
1760089620,0.8163,0.8171,0.8163,0.8166
1760089680,0.8166,0.8166,0.8152,0.8153
1760089740,0.8153,0.8154,0.814,0.814
1760089800,0.814,0.814,0.8126,0.8131
1760089860,0.8131,0.8139,0.8125,0.8139
1760089920,0.8139,0.8139,0.8132,0.8132
1760089980,0.8132,0.8132,0.8122,0.8126
1760090040,0.8126,0.8135,0.8125,0.8131
1760090100,0.8131,0.8133,0.8131,0.8132
1760090160,0.8132,0.8132,0.812,0.8121
1760090220,0.8121,0.8121,0.8116,0.8118
1760090280,0.8118,0.8122,0.8115,0.8116
1760090340,0.8116,0.8119,0.8114,0.8118
1760090400,0.8118,0.8118,0.8113,0.8116
1760090460,0.8116,0.8136,0.8116,0.8129
1760090520,0.8129,0.8135,0.8125,0.8129
1760090580,0.8129,0.8135,0.8127,0.8134
1760090640,0.8134,0.8136,0.8128,0.8128
1760090700,0.8128,0.8138,0.8128,0.8137
1760090760,0.8137,0.8142,0.8136,0.8142
1760090820,0.8142,0.8143,0.8137,0.8139
1760090880,0.8139,0.8142,0.8139,0.8142
1760090940,0.8142,0.8144,0.8137,0.8138
1760091000,0.8138,0.8141,0.813,0.813
1760091060,0.813,0.8136,0.813,0.8135
1760091120,0.8135,0.8137,0.8133,0.8133
1760091180,0.8133,0.8135,0.8129,0.8131
1760091240,0.8131,0.8133,0.8129,0.8133
1760091300,0.8133,0.8137,0.8133,0.8136
1760091360,0.8136,0.8139,0.8134,0.8139
1760091420,0.8139,0.8144,0.8136,0.814
1760091480,0.814,0.8151,0.814,0.815
1760091540,0.815,0.8154,0.8147,0.8152
1760091600,0.8152,0.8152,0.8142,0.8144
1760091660,0.8144,0.8156,0.8144,0.8156
1760091720,0.8156,0.8156,0.8145,0.8145
1760091780,0.8145,0.8145,0.8134,0.8145
1760091840,0.8145,0.8146,0.8142,0.8146
1760091900,0.8146,0.8147,0.8142,0.8143
1760091960,0.8143,0.8147,0.8142,0.8142
1760092020,0.8142,0.8144,0.8141,0.8142
1760092080,0.8142,0.8142,0.8134,0.8135
1760092140,0.8135,0.8137,0.8134,0.8134
1760092200,0.8134,0.8141,0.8129,0.8141
1760092260,0.8141,0.8143,0.8137,0.8137
1760092320,0.8137,0.8138,0.813,0.8133
1760092380,0.8133,0.8147,0.8133,0.8145
1760092440,0.8145,0.8145,0.8135,0.8135
1760092500,0.8135,0.8135,0.8128,0.8128
1760092560,0.8128,0.8128,0.8123,0.8127
1760092620,0.8127,0.8135,0.8125,0.8135
1760092680,0.8135,0.8136,0.8131,0.8133
1760092740,0.8133,0.8137,0.8125,0.8125
1760092800,0.8125,0.8126,0.8122,0.8123
1760092860,0.8123,0.8124,0.8121,0.8121
1760092920,0.8121,0.813,0.8121,0.813
1760092980,0.813,0.8132,0.8126,0.8132
1760093040,0.8132,0.8135,0.8132,0.8135
1760093100,0.8135,0.8138,0.8134,0.8137
1760093160,0.8137,0.8139,0.8135,0.8139
1760093220,0.8139,0.814,0.8131,0.8135
1760093280,0.8135,0.8142,0.8132,0.8142
1760093340,0.8142,0.816,0.8142,0.8158
1760093400,0.8158,0.8168,0.8158,0.8166
1760093460,0.8166,0.817,0.816,0.816
1760093520,0.816,0.8164,0.8158,0.8158
1760093580,0.8158,0.8163,0.8158,0.8159
1760093640,0.8159,0.8159,0.8154,0.8156
1760093700,0.8156,0.8172,0.8155,0.8172
1760093760,0.8172,0.8173,0.817,0.817
1760093820,0.817,0.8173,0.817,0.817
1760093880,0.817,0.817,0.8167,0.8168
1760093940,0.8168,0.8171,0.8168,0.8169
1760094000,0.8169,0.8175,0.8169,0.8172
1760094060,0.8172,0.8177,0.8172,0.8172
1760094120,0.8172,0.8176,0.8171,0.8176
1760094180,0.8176,0.8182,0.8176,0.8179
1760094240,0.8179,0.818,0.8176,0.8178
1760094300,0.8178,0.8185,0.8178,0.8178
1760094360,0.8178,0.8178,0.8167,0.8167
1760094420,0.8167,0.8172,0.8163,0.8172
1760094480,0.8172,0.8176,0.8172,0.8173
1760094540,0.8173,0.818,0.8172,0.8174
1760094600,0.8174,0.8174,0.8163,0.8171
1760094660,0.8171,0.8172,0.8158,0.8158
1760094720,0.8158,0.8159,0.8154,0.8157
1760094780,0.8157,0.8161,0.8157,0.8161
1760094840,0.8161,0.8161,0.8157,0.8157
1760094900,0.8157,0.8162,0.8157,0.816
1760094960,0.816,0.816,0.8154,0.8158
1760095020,0.8158,0.816,0.8157,0.816
1760095080,0.816,0.8164,0.8159,0.816
1760095140,0.816,0.8161,0.8154,0.8156
1760095200,0.8156,0.8159,0.815,0.8159
1760095260,0.8159,0.816,0.8153,0.8153
1760095320,0.8153,0.8153,0.8145,0.8149
1760095380,0.8149,0.8149,0.8146,0.8147
1760095440,0.8147,0.8152,0.8146,0.8151
1760095500,0.8151,0.8151,0.8148,0.8151
1760095560,0.8151,0.8151,0.8148,0.8148
1760095620,0.8148,0.8151,0.8146,0.8151
1760095680,0.8151,0.8153,0.8147,0.815
1760095740,0.815,0.8154,0.815,0.8154
1760095800,0.8154,0.8158,0.8153,0.8156
1760095860,0.8156,0.8168,0.8156,0.8164
1760095920,0.8164,0.8174,0.8164,0.8174
1760095980,0.8174,0.8175,0.8166,0.8166
1760096040,0.8166,0.8166,0.8161,0.8163
1760096100,0.8163,0.8171,0.8163,0.817
1760096160,0.817,0.8175,0.817,0.8175
1760096220,0.8175,0.8176,0.8171,0.8171
1760096280,0.8171,0.8174,0.8167,0.8167
1760096340,0.8167,0.8171,0.8166,0.8166
1760096400,0.8166,0.8166,0.8163,0.8164
1760096460,0.8164,0.8169,0.8164,0.8168
1760096520,0.8168,0.8168,0.8157,0.8157
1760096580,0.8157,0.8161,0.8156,0.8161
1760096640,0.8161,0.8168,0.8161,0.8165
1760096700,0.8165,0.8165,0.8161,0.8161
1760096760,0.8161,0.8165,0.816,0.8162
1760096820,0.8162,0.8163,0.8159,0.8163
1760096880,0.8163,0.8163,0.8157,0.8161
1760096940,0.8161,0.8161,0.8154,0.8158
1760097000,0.8158,0.8162,0.8156,0.8162
1760097060,0.8162,0.817,0.8162,0.817
1760097120,0.817,0.8179,0.817,0.8179
1760097180,0.8179,0.818,0.8175,0.8175
1760097240,0.8175,0.8177,0.8174,0.8177
1760097300,0.8177,0.8177,0.8175,0.8175
1760097360,0.8175,0.8179,0.8175,0.8178
1760097420,0.8178,0.8179,0.8172,0.8176
1760097480,0.8176,0.8177,0.817,0.8175
1760097540,0.8175,0.8176,0.8172,0.8172
1760097600,0.8172,0.8174,0.8169,0.8169
1760097660,0.8169,0.8175,0.8169,0.8173
1760097720,0.8173,0.8174,0.8168,0.8169
1760097780,0.8169,0.818,0.8169,0.818
1760097840,0.818,0.8185,0.8174,0.8181
1760097900,0.8181,0.8187,0.8178,0.8185
1760097960,0.8185,0.8185,0.8175,0.8177
1760098020,0.8177,0.8186,0.8177,0.8186
1760098080,0.8186,0.819,0.8186,0.819
1760098140,0.819,0.8195,0.8182,0.8182
1760098200,0.8182,0.8182,0.8171,0.8172
1760098260,0.8172,0.8172,0.8164,0.8165
1760098320,0.8165,0.8171,0.8165,0.8167
1760098380,0.8167,0.8167,0.8158,0.8158
1760098440,0.8158,0.816,0.8157,0.816
1760098500,0.816,0.8162,0.8148,0.8151
1760098560,0.8151,0.8157,0.815,0.8156
1760098620,0.8156,0.8165,0.8156,0.8165
1760098680,0.8165,0.8169,0.8164,0.8169
1760098740,0.8169,0.8178,0.8169,0.8175
1760098800,0.8175,0.8178,0.8174,0.8174
1760098860,0.8174,0.8177,0.8174,0.8176
1760098920,0.8176,0.8182,0.8174,0.8174
1760098980,0.8174,0.818,0.8174,0.8179
1760099040,0.8179,0.8186,0.8179,0.8179
1760099100,0.8179,0.8185,0.8179,0.8184
1760099160,0.8184,0.8184,0.8178,0.8182
1760099220,0.8182,0.8182,0.8173,0.8176
1760099280,0.8176,0.8177,0.8175,0.8176
1760099340,0.8176,0.8176,0.817,0.8171
1760099400,0.8171,0.8183,0.8167,0.8173
1760099460,0.8173,0.8173,0.8168,0.8168
1760099520,0.8168,0.8175,0.8168,0.8175
1760099580,0.8175,0.8183,0.8175,0.8181
1760099640,0.8181,0.8184,0.8179,0.8183
1760099700,0.8183,0.8184,0.8181,0.8181
1760099760,0.8181,0.8184,0.8177,0.8177
1760099820,0.8177,0.8177,0.8168,0.817
1760099880,0.817,0.817,0.8156,0.8157
1760099940,0.8157,0.8166,0.8157,0.8166
1760100000,0.8166,0.8172,0.8166,0.8166
1760100060,0.8166,0.8166,0.8156,0.8164
1760100120,0.8164,0.8167,0.8163,0.8164
1760100180,0.8164,0.8167,0.8162,0.8166
1760100240,0.8166,0.8169,0.8165,0.8165
1760100300,0.8165,0.8169,0.8164,0.8164
1760100360,0.8164,0.8167,0.8164,0.8165
1760100420,0.8165,0.8165,0.8163,0.8163
1760100480,0.8163,0.817,0.8162,0.817
1760100540,0.817,0.8173,0.8169,0.8173
1760100600,0.8173,0.8177,0.8171,0.8174
1760100660,0.8174,0.8182,0.8174,0.8182
1760100720,0.8182,0.8186,0.818,0.8181
1760100780,0.8181,0.8185,0.8181,0.8183
1760100840,0.8183,0.8184,0.8183,0.8183
1760100900,0.8183,0.8185,0.8182,0.8185
1760100960,0.8185,0.8185,0.8183,0.8184
1760101020,0.8184,0.8184,0.8178,0.8182
1760101080,0.8182,0.8184,0.818,0.818
1760101140,0.818,0.8185,0.818,0.8185
1760101200,0.8185,0.8193,0.8185,0.8191
1760101260,0.8191,0.8192,0.8186,0.8189
1760101320,0.8189,0.8197,0.8189,0.8196
1760101380,0.8196,0.8206,0.8196,0.8203
1760101440,0.8203,0.821,0.8203,0.821
1760101500,0.821,0.8211,0.8193,0.8196
1760101560,0.8196,0.8205,0.8195,0.8203
1760101620,0.8203,0.8205,0.8196,0.8203
1760101680,0.8203,0.8203,0.8199,0.82
1760101740,0.82,0.82,0.8188,0.8194
1760101800,0.8194,0.8194,0.8184,0.8185
1760101860,0.8185,0.8187,0.8182,0.8184
1760101920,0.8184,0.8186,0.8184,0.8185
1760101980,0.8185,0.8185,0.8182,0.8182
1760102040,0.8182,0.8185,0.8182,0.8184
1760102100,0.8184,0.8191,0.8184,0.8186
1760102160,0.8186,0.8186,0.8176,0.8176
1760102220,0.8176,0.8187,0.8175,0.8185
1760102280,0.8185,0.8192,0.8182,0.8192
1760102340,0.8192,0.8201,0.8192,0.8199
1760102400,0.8199,0.8203,0.8197,0.8199
1760102460,0.8199,0.8202,0.8197,0.8198
1760102520,0.8198,0.8198,0.8193,0.8193
1760102580,0.8193,0.8197,0.8192,0.8195
1760102640,0.8195,0.8196,0.8192,0.8196
1760102700,0.8196,0.8205,0.8194,0.8202
1760102760,0.8202,0.8213,0.8202,0.821
1760102820,0.821,0.8213,0.8207,0.821
1760102880,0.821,0.821,0.8205,0.8206
1760102940,0.8206,0.8208,0.8204,0.8208
1760103000,0.8208,0.821,0.8194,0.8194
1760103060,0.8194,0.8213,0.8194,0.8208
1760103120,0.8208,0.821,0.8191,0.8196
1760103180,0.8196,0.8201,0.8189,0.8199
1760103240,0.8199,0.8212,0.8198,0.8207
1760103300,0.8207,0.8217,0.8203,0.8205
1760103360,0.8205,0.8207,0.8191,0.8207
1760103420,0.8207,0.8213,0.8198,0.8212
1760103480,0.8212,0.8225,0.8212,0.8223
1760103540,0.8223,0.8239,0.8223,0.823
1760103600,0.823,0.8234,0.8218,0.8224
1760103660,0.8224,0.8233,0.8222,0.8226
1760103720,0.8226,0.8233,0.8217,0.8226
1760103780,0.8226,0.823,0.8215,0.822
1760103840,0.822,0.8221,0.8209,0.8214
1760103900,0.8214,0.8218,0.8198,0.8211
1760103960,0.8211,0.8212,0.8204,0.8204
1760104020,0.8204,0.8206,0.8195,0.8206
1760104080,0.8206,0.8206,0.8196,0.8197
1760104140,0.8197,0.8197,0.8168,0.8175
1760104200,0.8175,0.8175,0.8159,0.8164
1760104260,0.8164,0.8164,0.8151,0.8156
1760104320,0.8156,0.8168,0.8154,0.8166
1760104380,0.8166,0.817,0.8154,0.8158
1760104440,0.8158,0.8158,0.8145,0.8149
1760104500,0.8149,0.8155,0.8149,0.8155
1760104560,0.8155,0.8162,0.8155,0.816
1760104620,0.816,0.8172,0.8159,0.8172
1760104680,0.8172,0.818,0.8171,0.818
1760104740,0.818,0.8184,0.818,0.8183
1760104800,0.8183,0.8204,0.8183,0.8203
1760104860,0.8203,0.8204,0.8163,0.8176
1760104920,0.8176,0.8196,0.8174,0.8196
1760104980,0.8196,0.8204,0.8194,0.8196
1760105040,0.8196,0.8208,0.8196,0.8206
1760105100,0.8206,0.8211,0.8201,0.8202
1760105160,0.8202,0.8213,0.8202,0.821
1760105220,0.821,0.8222,0.821,0.8217
1760105280,0.8217,0.8218,0.8207,0.8208
1760105340,0.8208,0.8215,0.8202,0.8211
1760105400,0.8211,0.8211,0.8201,0.8202
1760105460,0.8202,0.8209,0.8199,0.8206
1760105520,0.8206,0.8208,0.8203,0.8204
1760105580,0.8204,0.8207,0.8186,0.8191
1760105640,0.8191,0.8191,0.818,0.8186
1760105700,0.8186,0.8194,0.8184,0.8189
1760105760,0.8189,0.819,0.8169,0.8169
1760105820,0.8169,0.8169,0.8143,0.815
1760105880,0.815,0.8163,0.8142,0.8163
1760105940,0.8163,0.8163,0.8151,0.8159
1760106000,0.8159,0.8165,0.8149,0.8163
1760106060,0.8163,0.8171,0.8158,0.8167
1760106120,0.8167,0.817,0.8155,0.8159
1760106180,0.8159,0.8159,0.8144,0.8144
1760106240,0.8144,0.8149,0.8142,0.8148
1760106300,0.8148,0.8158,0.8142,0.8156
1760106360,0.8156,0.8161,0.8149,0.8161
1760106420,0.8161,0.8161,0.8149,0.815
1760106480,0.815,0.8152,0.8141,0.8141
1760106540,0.8141,0.8142,0.8136,0.8141
1760106600,0.8141,0.8161,0.8134,0.8156
1760106660,0.8156,0.8164,0.8153,0.8155
1760106720,0.8155,0.8164,0.8152,0.8161
1760106780,0.8161,0.8161,0.8152,0.8157
1760106840,0.8157,0.8167,0.8155,0.8167
1760106900,0.8167,0.8169,0.8155,0.8155
1760106960,0.8155,0.8157,0.8143,0.8151
1760107020,0.8151,0.816,0.815,0.816
1760107080,0.816,0.816,0.8149,0.815
1760107140,0.815,0.8152,0.8146,0.8147
1760107200,0.8147,0.8156,0.8147,0.8152
1760107260,0.8152,0.8152,0.8141,0.8144
1760107320,0.8144,0.8145,0.8129,0.8131
1760107380,0.8131,0.8145,0.8129,0.8143
1760107440,0.8143,0.8146,0.814,0.8143
1760107500,0.8143,0.8147,0.8135,0.8141
1760107560,0.8141,0.8142,0.813,0.813
1760107620,0.813,0.8147,0.8127,0.8147
1760107680,0.8147,0.8155,0.8147,0.8153
1760107740,0.8153,0.8157,0.8147,0.8155
1760107800,0.8155,0.8164,0.8152,0.8164
1760107860,0.8164,0.8167,0.8156,0.8157
1760107920,0.8157,0.8158,0.8146,0.8146
1760107980,0.8146,0.8152,0.8146,0.8152
1760108040,0.8152,0.8152,0.8136,0.8138
1760108100,0.8138,0.8146,0.8138,0.8138
1760108160,0.8138,0.8142,0.8138,0.8138
1760108220,0.8138,0.814,0.8083,0.8084
1760108280,0.8084,0.8114,0.8031,0.8056
1760108340,0.8056,0.8083,0.805,0.8059
1760108400,0.8059,0.8075,0.8035,0.8036
1760108460,0.8036,0.8054,0.8014,0.8032
1760108520,0.8032,0.8038,0.8004,0.8037
1760108580,0.8037,0.8062,0.8022,0.803
1760108640,0.803,0.8032,0.7983,0.8014
1760108700,0.8014,0.8036,0.8003,0.8033
1760108760,0.8033,0.8064,0.8016,0.8039
1760108820,0.8039,0.8055,0.8032,0.8052
1760108880,0.8052,0.8057,0.8024,0.8027
1760108940,0.8027,0.8038,0.8018,0.8027
1760109000,0.8027,0.8052,0.8022,0.8051
1760109060,0.8051,0.806,0.8045,0.8048
1760109120,0.8048,0.805,0.8034,0.8037
1760109180,0.8037,0.805,0.803,0.8044
1760109240,0.8044,0.8052,0.8038,0.8041
1760109300,0.8041,0.8052,0.8033,0.8047
1760109360,0.8047,0.8048,0.8012,0.8015
1760109420,0.8015,0.802,0.7985,0.801
1760109480,0.801,0.8015,0.7985,0.7995
1760109540,0.7995,0.7999,0.7969,0.7977
1760109600,0.7977,0.7982,0.7949,0.796
1760109660,0.796,0.796,0.7913,0.7923
1760109720,0.7923,0.7955,0.7909,0.7944
1760109780,0.7944,0.7951,0.7906,0.7923
1760109840,0.7923,0.7934,0.7896,0.7914
1760109900,0.7914,0.7921,0.7886,0.7906
1760109960,0.7906,0.7925,0.7877,0.7884
1760110020,0.7884,0.7929,0.7884,0.7925
1760110080,0.7925,0.7927,0.79,0.7904
1760110140,0.7904,0.7905,0.7879,0.7882
1760110200,0.7882,0.7882,0.7818,0.7835
1760110260,0.7835,0.7859,0.7773,0.7803
1760110320,0.7803,0.7841,0.7793,0.7798
1760110380,0.7798,0.7835,0.7791,0.7809
1760110440,0.7809,0.7816,0.7762,0.7805
1760110500,0.7805,0.7824,0.7795,0.78
1760110560,0.78,0.7826,0.7784,0.7825
1760110620,0.7825,0.7847,0.781,0.7843
1760110680,0.7843,0.7864,0.7837,0.7841
1760110740,0.7841,0.7865,0.7841,0.7844
1760110800,0.7844,0.7845,0.7805,0.7817
1760110860,0.7817,0.7843,0.7804,0.7841
1760110920,0.7841,0.7859,0.7827,0.7859
1760110980,0.7859,0.7884,0.7857,0.7883
1760111040,0.7883,0.7911,0.7883,0.7909
1760111100,0.7909,0.791,0.7878,0.788
1760111160,0.788,0.79,0.7874,0.7884
1760111220,0.7884,0.7884,0.7867,0.787
1760111280,0.787,0.7878,0.7863,0.7876
1760111340,0.7876,0.7881,0.7862,0.7872
1760111400,0.7872,0.7873,0.7857,0.7872
1760111460,0.7872,0.7881,0.786,0.786
1760111520,0.786,0.7866,0.7852,0.7856
1760111580,0.7856,0.7858,0.7847,0.7851
1760111640,0.7851,0.7861,0.7847,0.7852
1760111700,0.7852,0.7853,0.7828,0.7839
1760111760,0.7839,0.7839,0.7815,0.7831
1760111820,0.7831,0.7833,0.7813,0.7824
1760111880,0.7824,0.784,0.7812,0.7837
1760111940,0.7837,0.7839,0.7816,0.7826
1760112000,0.7826,0.7826,0.7803,0.7811
1760112060,0.7811,0.782,0.7803,0.7812
1760112120,0.7812,0.7817,0.7796,0.7797
1760112180,0.7797,0.7816,0.7788,0.7812
1760112240,0.7812,0.7819,0.7795,0.7817
1760112300,0.7817,0.7843,0.7814,0.7842
1760112360,0.7842,0.7849,0.7827,0.784
1760112420,0.784,0.7855,0.7835,0.7848
1760112480,0.7848,0.7873,0.7846,0.7873
1760112540,0.7873,0.7877,0.7866,0.7868
1760112600,0.7868,0.7868,0.7847,0.7849
1760112660,0.7849,0.786,0.7844,0.7858
1760112720,0.7858,0.7858,0.7837,0.7837
1760112780,0.7837,0.7845,0.7832,0.7838
1760112840,0.7838,0.7841,0.7831,0.7834
1760112900,0.7834,0.784,0.7823,0.7828
1760112960,0.7828,0.7834,0.7814,0.7814
1760113020,0.7814,0.7814,0.7803,0.7808
1760113080,0.7808,0.7814,0.7804,0.7811
1760113140,0.7811,0.7826,0.7804,0.7817
1760113200,0.7817,0.7821,0.781,0.7813
1760113260,0.7813,0.7833,0.7809,0.783
1760113320,0.783,0.7844,0.783,0.7842
1760113380,0.7842,0.7867,0.7841,0.7863
1760113440,0.7863,0.7868,0.7857,0.7862
1760113500,0.7862,0.7867,0.7856,0.7858
1760113560,0.7858,0.7867,0.7858,0.7862
1760113620,0.7862,0.7869,0.7857,0.7861
1760113680,0.7861,0.7866,0.7859,0.7859
1760113740,0.7859,0.7859,0.7849,0.785
1760113800,0.785,0.7857,0.7846,0.7849
1760113860,0.7849,0.7857,0.784,0.7855
1760113920,0.7855,0.7871,0.7855,0.7867
1760113980,0.7867,0.7882,0.7867,0.7874
1760114040,0.7874,0.7877,0.7866,0.787
1760114100,0.787,0.7875,0.7861,0.7871
1760114160,0.7871,0.7891,0.7869,0.7891
1760114220,0.7891,0.7892,0.7886,0.789
1760114280,0.789,0.789,0.788,0.7883
1760114340,0.7883,0.7889,0.788,0.7888
1760114400,0.7888,0.7888,0.7875,0.7875
1760114460,0.7875,0.7875,0.7855,0.7862
1760114520,0.7862,0.7862,0.7851,0.7853
1760114580,0.7853,0.7853,0.7845,0.7847
1760114640,0.7847,0.7847,0.7839,0.7842
1760114700,0.7842,0.7842,0.783,0.7835
1760114760,0.7835,0.7839,0.7828,0.7838
1760114820,0.7838,0.7845,0.7831,0.7831
1760114880,0.7831,0.7833,0.7814,0.7816
1760114940,0.7816,0.7819,0.7808,0.7808
1760115000,0.7808,0.7818,0.7803,0.7815
1760115060,0.7815,0.7825,0.7815,0.7818
1760115120,0.7818,0.7831,0.7817,0.7822
1760115180,0.7822,0.7823,0.7807,0.7807
1760115240,0.7807,0.7816,0.7803,0.7813
1760115300,0.7813,0.7819,0.7805,0.7814
1760115360,0.7814,0.7823,0.7809,0.7816
1760115420,0.7816,0.7819,0.7804,0.7807
1760115480,0.7807,0.781,0.7801,0.7806
1760115540,0.7806,0.7807,0.7796,0.7799
1760115600,0.7799,0.7817,0.7794,0.7806
1760115660,0.7806,0.7811,0.78,0.7808
1760115720,0.7808,0.7809,0.7793,0.7793
1760115780,0.7793,0.7801,0.7786,0.7794
1760115840,0.7794,0.7797,0.7782,0.7787
1760115900,0.7787,0.7788,0.7777,0.7784
1760115960,0.7784,0.7799,0.7782,0.7797
1760116020,0.7797,0.7798,0.7779,0.7781
1760116080,0.7781,0.7796,0.7781,0.7795
1760116140,0.7795,0.7795,0.7786,0.7792
1760116200,0.7792,0.7794,0.7775,0.7782
1760116260,0.7782,0.7799,0.7771,0.7798
1760116320,0.7798,0.7812,0.7798,0.7804
1760116380,0.7804,0.7806,0.7789,0.779
1760116440,0.779,0.7791,0.7781,0.7787
1760116500,0.7787,0.7799,0.7785,0.7793
1760116560,0.7793,0.7803,0.7792,0.7803
1760116620,0.7803,0.7811,0.7799,0.7803
1760116680,0.7803,0.7814,0.7802,0.7805
1760116740,0.7805,0.7809,0.78,0.7806
1760116800,0.7806,0.7807,0.7784,0.7785
1760116860,0.7785,0.7803,0.7783,0.7803
1760116920,0.7803,0.7819,0.7803,0.7819
1760116980,0.7819,0.7835,0.7819,0.7835
1760117040,0.7835,0.7837,0.7814,0.7814
1760117100,0.7814,0.7823,0.7811,0.7818
1760117160,0.7818,0.7822,0.7805,0.7809
1760117220,0.7809,0.7821,0.7806,0.7818
1760117280,0.7818,0.7828,0.7817,0.7828
1760117340,0.7828,0.7828,0.7812,0.7823
1760117400,0.7823,0.7832,0.7822,0.7825
1760117460,0.7825,0.783,0.7822,0.7824
1760117520,0.7824,0.7824,0.7806,0.7811
1760117580,0.7811,0.7817,0.7806,0.7807
1760117640,0.7807,0.7816,0.7806,0.781
1760117700,0.781,0.7811,0.78,0.7801
1760117760,0.7801,0.7802,0.7792,0.7802
1760117820,0.7802,0.7807,0.7791,0.78
1760117880,0.78,0.78,0.7787,0.7788
1760117940,0.7788,0.7793,0.7783,0.7792
1760118000,0.7792,0.7792,0.7778,0.7786
1760118060,0.7786,0.7791,0.778,0.7788
1760118120,0.7788,0.7793,0.7785,0.779
1760118180,0.779,0.779,0.7779,0.7786
1760118240,0.7786,0.7792,0.7783,0.7785
1760118300,0.7785,0.7793,0.7775,0.7775
1760118360,0.7775,0.7775,0.7751,0.7773
1760118420,0.7773,0.7777,0.7768,0.7777
1760118480,0.7777,0.78,0.7777,0.7793
1760118540,0.7793,0.7796,0.7781,0.7787
1760118600,0.7787,0.7789,0.7777,0.778
1760118660,0.778,0.7786,0.7776,0.7785
1760118720,0.7785,0.7785,0.7776,0.7776
1760118780,0.7776,0.7784,0.7776,0.7783
1760118840,0.7783,0.7785,0.7778,0.7778
1760118900,0.7778,0.7794,0.7776,0.7787
1760118960,0.7787,0.7787,0.7772,0.7773
1760119020,0.7773,0.7776,0.7769,0.7773
1760119080,0.7773,0.7781,0.7772,0.778
1760119140,0.778,0.778,0.7774,0.7777
1760119200,0.7777,0.7778,0.7764,0.7768
1760119260,0.7768,0.7768,0.776,0.7765
1760119320,0.7765,0.778,0.7763,0.7778
1760119380,0.7778,0.7778,0.7764,0.7771
1760119440,0.7771,0.7776,0.777,0.7775
1760119500,0.7775,0.7781,0.7773,0.7775
1760119560,0.7775,0.7792,0.7772,0.7772
1760119620,0.7772,0.778,0.7763,0.778
1760119680,0.778,0.7787,0.7775,0.7775
1760119740,0.7775,0.7777,0.7769,0.7775
1760119800,0.7775,0.7781,0.7771,0.7781
1760119860,0.7781,0.7782,0.7772,0.7775
1760119920,0.7775,0.7775,0.777,0.7772
1760119980,0.7772,0.7773,0.7761,0.7766
1760120040,0.7766,0.7784,0.7763,0.7784
1760120100,0.7784,0.7788,0.7778,0.7786
1760120160,0.7786,0.779,0.7779,0.7789
1760120220,0.7789,0.779,0.7776,0.7777
1760120280,0.7777,0.7777,0.7764,0.7766
1760120340,0.7766,0.7771,0.7761,0.7769
1760120400,0.7769,0.7786,0.7768,0.7785
1760120460,0.7785,0.7794,0.7779,0.778
1760120520,0.778,0.7799,0.7775,0.7799
1760120580,0.7799,0.7799,0.7792,0.7793
1760120640,0.7793,0.78,0.7788,0.7799
1760120700,0.7799,0.7806,0.7798,0.78
1760120760,0.78,0.7805,0.7799,0.7803
1760120820,0.7803,0.7803,0.7794,0.7795
1760120880,0.7795,0.7795,0.7784,0.7786
1760120940,0.7786,0.7786,0.7779,0.7783
1760121000,0.7783,0.7786,0.778,0.7784
1760121060,0.7784,0.7785,0.778,0.7782
1760121120,0.7782,0.7784,0.7776,0.7781
1760121180,0.7781,0.7788,0.7779,0.7783
1760121240,0.7783,0.7783,0.7771,0.7772
1760121300,0.7772,0.7772,0.7769,0.7769
1760121360,0.7769,0.7769,0.7765,0.7766
1760121420,0.7766,0.7766,0.7746,0.7754
1760121480,0.7754,0.776,0.7747,0.7748
1760121540,0.7748,0.776,0.7745,0.7752
1760121600,0.7752,0.7766,0.7744,0.7766
1760121660,0.7766,0.7769,0.776,0.7762
1760121720,0.7762,0.7766,0.7756,0.7765
1760121780,0.7765,0.7772,0.7765,0.7767
1760121840,0.7767,0.7769,0.7761,0.7762
1760121900,0.7762,0.7783,0.7761,0.7771
1760121960,0.7771,0.7776,0.7763,0.7773
1760122020,0.7773,0.7773,0.7758,0.7758
1760122080,0.7758,0.7758,0.7737,0.7738
1760122140,0.7738,0.7759,0.7735,0.7758
1760122200,0.7758,0.7758,0.7746,0.7751
1760122260,0.7751,0.7762,0.7746,0.776
1760122320,0.776,0.7765,0.7752,0.7752
1760122380,0.7752,0.7757,0.7743,0.7744
1760122440,0.7744,0.7744,0.7737,0.7743
1760122500,0.7743,0.7745,0.774,0.7745
1760122560,0.7745,0.7752,0.7745,0.7751
1760122620,0.7751,0.7752,0.7746,0.7748
1760122680,0.7748,0.7749,0.7742,0.7744
1760122740,0.7744,0.7744,0.7738,0.7739
1760122800,0.7739,0.7755,0.7738,0.7745
1760122860,0.7745,0.775,0.7738,0.775
1760122920,0.775,0.7753,0.7744,0.7751
1760122980,0.7751,0.7752,0.7746,0.7748
1760123040,0.7748,0.7748,0.7743,0.7747
1760123100,0.7747,0.7747,0.7726,0.7736
1760123160,0.7736,0.7741,0.7727,0.7741
1760123220,0.7741,0.7745,0.7735,0.7736
1760123280,0.7736,0.7736,0.771,0.7716
1760123340,0.7716,0.7725,0.7709,0.7721
1760123400,0.7721,0.7721,0.7705,0.7719
1760123460,0.7719,0.7725,0.769,0.7699
1760123520,0.7699,0.7714,0.7691,0.7711
1760123580,0.7711,0.7721,0.7709,0.771
1760123640,0.771,0.7714,0.7697,0.77
1760123700,0.77,0.7713,0.7684,0.7713
1760123760,0.7713,0.7719,0.7704,0.7711
1760123820,0.7711,0.7722,0.7704,0.7717
1760123880,0.7717,0.7719,0.7707,0.7711
1760123940,0.7711,0.7717,0.7706,0.7715
1760124000,0.7715,0.7716,0.7684,0.7692
1760124060,0.7692,0.7701,0.767,0.7681
1760124120,0.7681,0.7698,0.7667,0.7698
1760124180,0.7698,0.7698,0.7673,0.7682
1760124240,0.7682,0.7699,0.7682,0.7699
1760124300,0.7699,0.7731,0.7699,0.7716
1760124360,0.7716,0.7739,0.7716,0.7718
1760124420,0.7718,0.7723,0.7698,0.7702
1760124480,0.7702,0.7702,0.7662,0.7672
1760124540,0.7672,0.7679,0.7586,0.7587
1760124600,0.7587,0.7666,0.7587,0.7665
1760124660,0.7665,0.767,0.7646,0.7646
1760124720,0.7646,0.7662,0.7636,0.7639
1760124780,0.7639,0.764,0.761,0.7626
1760124840,0.7626,0.7635,0.7616,0.7634
1760124900,0.7634,0.7646,0.7618,0.7644
1760124960,0.7644,0.7651,0.7634,0.7651
1760125020,0.7651,0.7659,0.7642,0.7649
1760125080,0.7649,0.767,0.7649,0.7654
1760125140,0.7654,0.7658,0.7643,0.7648
1760125200,0.7648,0.7664,0.7645,0.7648
1760125260,0.7648,0.7685,0.7645,0.7683
1760125320,0.7683,0.7691,0.7672,0.7685
1760125380,0.7685,0.7696,0.7681,0.7686
1760125440,0.7686,0.7707,0.7683,0.7703
1760125500,0.7703,0.7725,0.7703,0.7715
1760125560,0.7715,0.7717,0.7693,0.7694
1760125620,0.7694,0.7712,0.7694,0.7711
1760125680,0.7711,0.7722,0.7706,0.7722
1760125740,0.7722,0.7722,0.771,0.7719
1760125800,0.7719,0.7719,0.7694,0.7699
1760125860,0.7699,0.7701,0.7686,0.7688
1760125920,0.7688,0.7701,0.7684,0.7687
1760125980,0.7687,0.7702,0.768,0.7682
1760126040,0.7682,0.7685,0.7664,0.7666
1760126100,0.7666,0.7671,0.7659,0.767
1760126160,0.767,0.7675,0.7663,0.7672
1760126220,0.7672,0.7682,0.7669,0.7681
1760126280,0.7681,0.7681,0.7668,0.768
1760126340,0.768,0.768,0.7664,0.7669
1760126400,0.7669,0.7674,0.7664,0.7668
1760126460,0.7668,0.7686,0.7661,0.7678
1760126520,0.7678,0.7689,0.7671,0.7689
1760126580,0.7689,0.769,0.7674,0.7681
1760126640,0.7681,0.7708,0.768,0.7707
1760126700,0.7707,0.7707,0.7687,0.7698
1760126760,0.7698,0.7711,0.7696,0.7704
1760126820,0.7704,0.7705,0.769,0.7698
1760126880,0.7698,0.7699,0.7686,0.7687
1760126940,0.7687,0.7687,0.768,0.768
1760127000,0.768,0.7691,0.7675,0.7691
1760127060,0.7691,0.7697,0.7686,0.7696
1760127120,0.7696,0.7718,0.7695,0.7718
1760127180,0.7718,0.7721,0.7703,0.7711
1760127240,0.7711,0.7714,0.7707,0.7707
1760127300,0.7707,0.7717,0.7702,0.7716
1760127360,0.7716,0.773,0.7716,0.7724
1760127420,0.7724,0.7727,0.7706,0.7707
1760127480,0.7707,0.7711,0.7699,0.7709
1760127540,0.7709,0.7711,0.7707,0.7707
1760127600,0.7707,0.7717,0.7702,0.7717
1760127660,0.7717,0.7718,0.7711,0.7712
1760127720,0.7712,0.7723,0.7711,0.7722
1760127780,0.7722,0.773,0.7721,0.7729
1760127840,0.7729,0.773,0.7723,0.7726
1760127900,0.7726,0.7731,0.7719,0.7731
1760127960,0.7731,0.7734,0.7727,0.7734
1760128020,0.7734,0.7741,0.7733,0.7736
1760128080,0.7736,0.7743,0.7734,0.7735
1760128140,0.7735,0.7745,0.7733,0.7744
1760128200,0.7744,0.7744,0.7732,0.7733
1760128260,0.7733,0.7733,0.7723,0.7727
1760128320,0.7727,0.7732,0.7719,0.7725
1760128380,0.7725,0.7729,0.7719,0.7729
1760128440,0.7729,0.773,0.7723,0.7729
1760128500,0.7729,0.7731,0.7724,0.7727
1760128560,0.7727,0.7729,0.7724,0.7726
1760128620,0.7726,0.7728,0.7723,0.7728
1760128680,0.7728,0.7736,0.7727,0.7731
1760128740,0.7731,0.7737,0.7731,0.7731
1760128800,0.7731,0.7737,0.7729,0.773
1760128860,0.773,0.7734,0.773,0.7731
1760128920,0.7731,0.7735,0.773,0.7732
1760128980,0.7732,0.774,0.7729,0.7738
1760129040,0.7738,0.7744,0.7732,0.7734
1760129100,0.7734,0.7739,0.7734,0.7734
1760129160,0.7734,0.7737,0.7722,0.7722
1760129220,0.7722,0.7733,0.7721,0.7731
1760129280,0.7731,0.7732,0.7722,0.7726
1760129340,0.7726,0.7728,0.7723,0.7727
1760129400,0.7727,0.7727,0.7664,0.7672
1760129460,0.7672,0.7689,0.7638,0.7662
1760129520,0.7662,0.7668,0.7575,0.7595
1760129580,0.7595,0.7637,0.7531,0.7541
1760129640,0.7541,0.7584,0.7524,0.7582
1760129700,0.7582,0.7592,0.7485,0.7485
1760129760,0.7485,0.7502,0.7202,0.7354
1760129820,0.7354,0.7381,0.7308,0.7367
1760129880,0.7367,0.7383,0.7271,0.7273
1760129940,0.7273,0.7324,0.6995,0.7157
1760130000,0.7157,0.7202,0.7063,0.7091
1760130060,0.7091,0.7219,0.7084,0.7217
1760130120,0.7217,0.723,0.7176,0.7212
1760130180,0.7212,0.725,0.7194,0.7203
1760130240,0.7203,0.7254,0.7197,0.7251
1760130300,0.7251,0.7272,0.7224,0.7239
1760130360,0.7239,0.7259,0.7217,0.7234
1760130420,0.7234,0.7264,0.7225,0.7227
1760130480,0.7227,0.7231,0.7168,0.7182
1760130540,0.7182,0.7238,0.7182,0.7211
1760130600,0.7211,0.7237,0.7168,0.7184
1760130660,0.7184,0.7199,0.7115,0.7121
1760130720,0.7121,0.7162,0.6946,0.6952
1760130780,0.6952,0.6954,0.6606,0.6696
1760130840,0.6696,0.677,0.63,0.6502
1760130900,0.6502,0.6553,0.6306,0.6318
1760130960,0.6318,0.6356,0.5551,0.5553
1760131020,0.5553,0.5597,0.5206,0.5404
1760131080,0.5404,0.5416,0.4292,0.4326
1760131140,0.4326,0.4377,0.3284,0.3299
1760131200,0.3299,0.3312,0.2704,0.2712
1760131260,0.2712,0.3092,0.271,0.308
1760131320,0.308,0.368,0.3068,0.3556
1760131380,0.3556,0.4025,0.3512,0.3969
1760131440,0.3969,0.4267,0.3927,0.416
1760131500,0.416,0.4308,0.3838,0.3947
1760131560,0.3947,0.4362,0.3947,0.4248
1760131620,0.4248,0.4366,0.4187,0.4305
1760131680,0.4305,0.4473,0.4183,0.4372
1760131740,0.4372,0.4579,0.4366,0.4566
1760131800,0.4566,0.4683,0.452,0.4602
1760131860,0.4602,0.4726,0.4372,0.4433
1760131920,0.4433,0.4868,0.4433,0.4719
1760131980,0.4719,0.4941,0.466,0.4933
1760132040,0.4933,0.5242,0.4843,0.5009
1760132100,0.5009,0.5168,0.4946,0.5039
1760132160,0.5039,0.5124,0.4992,0.5097
1760132220,0.5097,0.5161,0.5055,0.5112
1760132280,0.5112,0.5133,0.486,0.4938
1760132340,0.4938,0.505,0.4931,0.495
1760132400,0.495,0.508,0.4945,0.5042
1760132460,0.5042,0.5294,0.5007,0.5286
1760132520,0.5286,0.5504,0.5234,0.5441
1760132580,0.5441,0.5683,0.5436,0.5674
1760132640,0.5674,0.5983,0.5634,0.5918
1760132700,0.5918,0.6156,0.5891,0.6156
1760132760,0.6156,0.648,0.6107,0.6357
1760132820,0.6357,0.65,0.6108,0.627
1760132880,0.627,0.6291,0.564,0.5748
1760132940,0.5748,0.5868,0.5564,0.5846
1760133000,0.5846,0.6105,0.5782,0.6003
1760133060,0.6003,0.6076,0.5937,0.6017
1760133120,0.6017,0.61,0.6,0.6037
1760133180,0.6037,0.6101,0.5865,0.5919
1760133240,0.5919,0.6012,0.5871,0.5932
1760133300,0.5932,0.6075,0.5931,0.601
1760133360,0.601,0.6133,0.6,0.6085
1760133420,0.6085,0.6094,0.5964,0.6067
1760133480,0.6067,0.612,0.5949,0.5977
1760133540,0.5977,0.6178,0.5938,0.6002
1760133600,0.6002,0.604,0.5724,0.5851
1760133660,0.5851,0.5984,0.5785,0.5861
1760133720,0.5861,0.599,0.5852,0.5936
1760133780,0.5936,0.596,0.5729,0.5811
1760133840,0.5811,0.5851,0.5697,0.5723
1760133900,0.5723,0.5746,0.538,0.5411
1760133960,0.5411,0.5693,0.5388,0.5658
1760134020,0.5658,0.5751,0.5588,0.5709
1760134080,0.5709,0.5908,0.5687,0.5871
1760134140,0.5871,0.5984,0.5842,0.5892
1760134200,0.5892,0.5917,0.5815,0.5893
1760134260,0.5893,0.5935,0.5798,0.5869
1760134320,0.5869,0.5945,0.586,0.5871
1760134380,0.5871,0.6008,0.5853,0.5908
1760134440,0.5908,0.5932,0.5852,0.5926
1760134500,0.5926,0.5939,0.5859,0.5872
1760134560,0.5872,0.5947,0.5837,0.5905
1760134620,0.5905,0.5938,0.5851,0.589
1760134680,0.589,0.5909,0.5826,0.5852
1760134740,0.5852,0.5864,0.5692,0.5792
1760134800,0.5792,0.5834,0.5742,0.5754
1760134860,0.5754,0.5754,0.5636,0.5723
1760134920,0.5723,0.5739,0.5649,0.5696
1760134980,0.5696,0.5715,0.5613,0.5664
1760135040,0.5664,0.5735,0.5638,0.5695
1760135100,0.5695,0.571,0.5625,0.568
1760135160,0.568,0.5741,0.5566,0.5584
1760135220,0.5584,0.5662,0.5538,0.5607
1760135280,0.5607,0.5666,0.5589,0.564
1760135340,0.564,0.5678,0.5599,0.564
1760135400,0.564,0.5666,0.5552,0.557
1760135460,0.557,0.566,0.556,0.5625
1760135520,0.5625,0.5627,0.5424,0.5488
1760135580,0.5488,0.5499,0.5356,0.5412
1760135640,0.5412,0.5526,0.5393,0.5518
1760135700,0.5518,0.5565,0.5495,0.5558
1760135760,0.5558,0.5635,0.5537,0.5608
1760135820,0.5608,0.5625,0.5527,0.5593
1760135880,0.5593,0.5628,0.5585,0.5594
1760135940,0.5594,0.5665,0.5573,0.5652
1760136000,0.5652,0.5662,0.5608,0.5618
1760136060,0.5618,0.5636,0.5587,0.5598
1760136120,0.5598,0.5715,0.5591,0.5685
1760136180,0.5685,0.5694,0.5622,0.5677
1760136240,0.5677,0.5697,0.5653,0.5679
1760136300,0.5679,0.58,0.567,0.5772
1760136360,0.5772,0.5906,0.5721,0.5817
1760136420,0.5817,0.5938,0.5801,0.5922
1760136480,0.5922,0.5964,0.5897,0.5931
1760136540,0.5931,0.5955,0.5873,0.5921
1760136600,0.5921,0.598,0.5918,0.594
1760136660,0.594,0.5999,0.59,0.5977
1760136720,0.5977,0.6068,0.5962,0.6008
1760136780,0.6008,0.6044,0.5977,0.5984
1760136840,0.5984,0.6029,0.5966,0.5977
1760136900,0.5977,0.598,0.5922,0.5969
1760136960,0.5969,0.6001,0.5947,0.5967
1760137020,0.5967,0.6063,0.5936,0.6017
1760137080,0.6017,0.6072,0.6009,0.6041
1760137140,0.6041,0.6129,0.6039,0.6114
1760137200,0.6114,0.613,0.6069,0.6094
1760137260,0.6094,0.6119,0.6036,0.6049
1760137320,0.6049,0.6076,0.6001,0.6012
1760137380,0.6012,0.6045,0.5982,0.6033
1760137440,0.6033,0.6059,0.5997,0.6032
1760137500,0.6032,0.6061,0.601,0.6044
1760137560,0.6044,0.6113,0.6033,0.6094
1760137620,0.6094,0.6103,0.6051,0.6081
1760137680,0.6081,0.6083,0.6013,0.6044
1760137740,0.6044,0.6147,0.602,0.6051
1760137800,0.6051,0.611,0.604,0.606
1760137860,0.606,0.6091,0.6037,0.6049
1760137920,0.6049,0.6066,0.6018,0.6051
1760137980,0.6051,0.609,0.6044,0.6081
1760138040,0.6081,0.6134,0.6077,0.6125
1760138100,0.6125,0.6147,0.61,0.6128
1760138160,0.6128,0.6175,0.6123,0.6166
1760138220,0.6166,0.6187,0.6152,0.6163
1760138280,0.6163,0.6235,0.6159,0.6216
1760138340,0.6216,0.6309,0.6213,0.6295
1760138400,0.6295,0.6302,0.6251,0.6265
1760138460,0.6265,0.6298,0.622,0.6266
1760138520,0.6266,0.6348,0.6251,0.6313
1760138580,0.6313,0.6336,0.6296,0.6328
1760138640,0.6328,0.6365,0.6324,0.6343
1760138700,0.6343,0.64,0.633,0.6373
1760138760,0.6373,0.6417,0.6369,0.6394
1760138820,0.6394,0.6409,0.6362,0.6375
1760138880,0.6375,0.6393,0.6301,0.6386
1760138940,0.6386,0.644,0.6382,0.6413
1760139000,0.6413,0.6428,0.6388,0.641
1760139060,0.641,0.6464,0.641,0.6458
1760139120,0.6458,0.6464,0.6399,0.6406
1760139180,0.6406,0.6428,0.6384,0.6423
1760139240,0.6423,0.6448,0.6408,0.6434
1760139300,0.6434,0.6533,0.6419,0.6516
1760139360,0.6516,0.6527,0.6436,0.6479
1760139420,0.6479,0.6518,0.6473,0.6492
1760139480,0.6492,0.6544,0.6481,0.6531
1760139540,0.6531,0.6537,0.6472,0.6501
1760139600,0.6501,0.6524,0.6476,0.649
1760139660,0.649,0.6517,0.6482,0.6514
1760139720,0.6514,0.6518,0.6485,0.6509
1760139780,0.6509,0.6519,0.6449,0.6479
1760139840,0.6479,0.65,0.6479,0.6497
1760139900,0.6497,0.65,0.647,0.6472
1760139960,0.6472,0.6476,0.6418,0.6432
1760140020,0.6432,0.6438,0.6357,0.6395
1760140080,0.6395,0.6407,0.6362,0.6385
1760140140,0.6385,0.6398,0.6326,0.6342
1760140200,0.6342,0.6367,0.6334,0.6338
1760140260,0.6338,0.637,0.6318,0.6362
1760140320,0.6362,0.6373,0.6254,0.6314
1760140380,0.6314,0.6347,0.63,0.6316
1760140440,0.6316,0.6335,0.6293,0.6328
1760140500,0.6328,0.6337,0.6289,0.6319
1760140560,0.6319,0.6324,0.6269,0.6274
1760140620,0.6274,0.6328,0.6258,0.6322
1760140680,0.6322,0.634,0.6274,0.632
1760140740,0.632,0.635,0.6304,0.6345
1762128000,0.6102,0.6109,0.6093,0.6093
1762128060,0.6093,0.6099,0.6093,0.6099
1762128120,0.6099,0.6099,0.6091,0.6093
1762128180,0.6093,0.6093,0.6085,0.6089
1762128240,0.6089,0.6097,0.6088,0.6097
1762128300,0.6097,0.6108,0.6097,0.6105
1762128360,0.6105,0.6109,0.6103,0.6103
1762128420,0.6103,0.6104,0.61,0.6101
1762128480,0.6101,0.6103,0.6097,0.6098
1762128540,0.6098,0.6116,0.6098,0.6115
1762128600,0.6115,0.6118,0.6108,0.6108
1762128660,0.6108,0.6108,0.61,0.6102
1762128720,0.6102,0.6106,0.6098,0.61
1762128780,0.61,0.6104,0.6099,0.6104
1762128840,0.6104,0.611,0.6103,0.6108
1762128900,0.6108,0.6111,0.6106,0.6111
1762128960,0.6111,0.6111,0.6104,0.611
1762129020,0.611,0.611,0.6104,0.6105
1762129080,0.6105,0.611,0.6105,0.6107
1762129140,0.6107,0.6109,0.6106,0.6106
1762129200,0.6106,0.6106,0.61,0.6101
1762129260,0.6101,0.6101,0.609,0.609
1762129320,0.609,0.6099,0.609,0.6096
1762129380,0.6096,0.6096,0.6087,0.6091
1762129440,0.6091,0.6095,0.6087,0.6087
1762129500,0.6087,0.6091,0.6087,0.6088
1762129560,0.6088,0.6088,0.6079,0.6079
1762129620,0.6079,0.6083,0.6078,0.6078
1762129680,0.6078,0.6081,0.6076,0.6077
1762129740,0.6077,0.6078,0.6074,0.6076
1762129800,0.6076,0.6081,0.6075,0.6076
1762129860,0.6076,0.6078,0.6073,0.6073
1762129920,0.6073,0.6082,0.6073,0.6078
1762129980,0.6078,0.6078,0.6071,0.6073
1762130040,0.6073,0.6073,0.6069,0.607
1762130100,0.607,0.6076,0.607,0.6074
1762130160,0.6074,0.6074,0.6069,0.607
1762130220,0.607,0.607,0.6068,0.6069
1762130280,0.6069,0.6075,0.6068,0.6074
1762130340,0.6074,0.6076,0.6069,0.607
1762130400,0.607,0.6073,0.6066,0.6066
1762130460,0.6066,0.607,0.6065,0.6066
1762130520,0.6066,0.6069,0.6066,0.6069
1762130580,0.6069,0.6069,0.6063,0.6064
1762130640,0.6064,0.6067,0.6063,0.6067
1762130700,0.6067,0.6072,0.6065,0.607
1762130760,0.607,0.607,0.6066,0.6066
1762130820,0.6066,0.6066,0.6057,0.6059
1762130880,0.6059,0.606,0.6055,0.6059
1762130940,0.6059,0.6059,0.6054,0.6055
1762131000,0.6055,0.6062,0.6055,0.6059
1762131060,0.6059,0.606,0.6057,0.6058
1762131120,0.6058,0.6058,0.6047,0.6049
1762131180,0.6049,0.6049,0.604,0.6044
1762131240,0.6044,0.6045,0.604,0.6043
1762131300,0.6043,0.6043,0.6026,0.6032
1762131360,0.6032,0.6035,0.6026,0.6029
1762131420,0.6029,0.6031,0.6026,0.6029
1762131480,0.6029,0.603,0.6021,0.603
1762131540,0.603,0.6034,0.6023,0.6024
1762131600,0.6024,0.6024,0.6011,0.6016
1762131660,0.6016,0.6024,0.6008,0.6023
1762131720,0.6023,0.6024,0.6009,0.6009
1762131780,0.6009,0.6021,0.6008,0.602
1762131840,0.602,0.6023,0.6015,0.6017
1762131900,0.6017,0.6022,0.6017,0.602
1762131960,0.602,0.6032,0.6019,0.6019
1762132020,0.6019,0.6019,0.6009,0.6009
1762132080,0.6009,0.6025,0.6008,0.6025
1762132140,0.6025,0.6026,0.6017,0.6025
1762132200,0.6025,0.6032,0.6021,0.6031
1762132260,0.6031,0.6031,0.6025,0.6027
1762132320,0.6027,0.6027,0.6018,0.602
1762132380,0.602,0.6025,0.602,0.6025
1762132440,0.6025,0.6029,0.6022,0.6025
1762132500,0.6025,0.6031,0.6019,0.6021
1762132560,0.6021,0.6028,0.6014,0.6027
1762132620,0.6027,0.6031,0.6026,0.6027
1762132680,0.6027,0.603,0.6024,0.6026
1762132740,0.6026,0.6026,0.6016,0.602
1762132800,0.602,0.602,0.6015,0.6017
1762132860,0.6017,0.6024,0.6014,0.6015
1762132920,0.6015,0.6015,0.6001,0.6001
1762132980,0.6001,0.6001,0.5995,0.5999
1762133040,0.5999,0.6001,0.5996,0.5997
1762133100,0.5997,0.5997,0.5985,0.5989
1762133160,0.5989,0.5992,0.5985,0.5987
1762133220,0.5987,0.5998,0.5985,0.5995
1762133280,0.5995,0.5999,0.5993,0.5998
1762133340,0.5998,0.6001,0.5992,0.5992
1762133400,0.5992,0.5998,0.5988,0.5997
1762133460,0.5997,0.6,0.5991,0.5996
1762133520,0.5996,0.6001,0.5996,0.6001
1762133580,0.6001,0.6004,0.5998,0.5998
1762133640,0.5998,0.5998,0.5992,0.5992
1762133700,0.5992,0.5992,0.597,0.5975
1762133760,0.5975,0.5977,0.5961,0.5974
1762133820,0.5974,0.5975,0.5969,0.5971
1762133880,0.5971,0.599,0.5969,0.5987
1762133940,0.5987,0.5987,0.5978,0.5979
1762134000,0.5979,0.5982,0.5976,0.5982
1762134060,0.5982,0.5982,0.5974,0.5976
1762134120,0.5976,0.5983,0.5975,0.5983
1762134180,0.5983,0.5987,0.5982,0.5985
1762134240,0.5985,0.5993,0.5985,0.5986
1762134300,0.5986,0.5997,0.5986,0.5997
1762134360,0.5997,0.5997,0.5991,0.5997
1762134420,0.5997,0.5999,0.5981,0.5981
1762134480,0.5981,0.5986,0.5978,0.5978
1762134540,0.5978,0.5979,0.5972,0.5976
1762134600,0.5976,0.5978,0.5966,0.5966
1762134660,0.5966,0.5971,0.5963,0.5968
1762134720,0.5968,0.5969,0.5958,0.5965
1762134780,0.5965,0.597,0.5965,0.5969
1762134840,0.5969,0.5969,0.5965,0.5968
1762134900,0.5968,0.5972,0.5968,0.597
1762134960,0.597,0.5972,0.5965,0.5968
1762135020,0.5968,0.5969,0.5966,0.5968
1762135080,0.5968,0.5976,0.5967,0.5971
1762135140,0.5971,0.5976,0.5971,0.5971
1762135200,0.5971,0.5978,0.5969,0.5977
1762135260,0.5977,0.5978,0.5971,0.5973
1762135320,0.5973,0.5973,0.5966,0.5968
1762135380,0.5968,0.5968,0.5955,0.5957
1762135440,0.5957,0.5957,0.5944,0.595
1762135500,0.595,0.5956,0.5946,0.5951
1762135560,0.5951,0.5951,0.5936,0.5939
1762135620,0.5939,0.5939,0.5929,0.5935
1762135680,0.5935,0.595,0.5932,0.5949
1762135740,0.5949,0.5949,0.5938,0.594
1762135800,0.594,0.5944,0.5938,0.5941
1762135860,0.5941,0.5945,0.5936,0.5939
1762135920,0.5939,0.5952,0.5938,0.5952
1762135980,0.5952,0.5966,0.5951,0.5965
1762136040,0.5965,0.5969,0.5959,0.5961
1762136100,0.5961,0.5961,0.5951,0.5953
1762136160,0.5953,0.5953,0.5942,0.5943
1762136220,0.5943,0.5945,0.5936,0.5942
1762136280,0.5942,0.5949,0.5941,0.5945
1762136340,0.5945,0.595,0.5944,0.5949
1762136400,0.5949,0.5955,0.5949,0.5954
1762136460,0.5954,0.5954,0.5943,0.5951
1762136520,0.5951,0.5951,0.594,0.5941
1762136580,0.5941,0.5949,0.5941,0.5942
1762136640,0.5942,0.5946,0.5941,0.5946
1762136700,0.5946,0.5953,0.5943,0.5943
1762136760,0.5943,0.5947,0.5934,0.5935
1762136820,0.5935,0.5935,0.5912,0.5917
1762136880,0.5917,0.592,0.5903,0.5908
1762136940,0.5908,0.5908,0.5899,0.59
1762137000,0.59,0.59,0.5872,0.5889
1762137060,0.5889,0.59,0.588,0.5892
1762137120,0.5892,0.5909,0.5874,0.5909
1762137180,0.5909,0.5909,0.589,0.5898
1762137240,0.5898,0.5909,0.5896,0.5904
1762137300,0.5904,0.5911,0.5896,0.5907
1762137360,0.5907,0.591,0.5897,0.5902
1762137420,0.5902,0.5904,0.5895,0.5895
1762137480,0.5895,0.5901,0.5882,0.59
1762137540,0.59,0.5902,0.5892,0.5893
1762137600,0.5893,0.5898,0.5891,0.5894
1762137660,0.5894,0.5901,0.5894,0.5898
1762137720,0.5898,0.5899,0.5894,0.5896
1762137780,0.5896,0.59,0.5891,0.5893
1762137840,0.5893,0.5903,0.5892,0.5897
1762137900,0.5897,0.59,0.589,0.5891
1762137960,0.5891,0.5891,0.5884,0.5886
1762138020,0.5886,0.5894,0.5877,0.5892
1762138080,0.5892,0.5896,0.5888,0.589
1762138140,0.589,0.589,0.5881,0.5883
1762138200,0.5883,0.5892,0.5879,0.5888
1762138260,0.5888,0.591,0.5887,0.5909
1762138320,0.5909,0.5916,0.5903,0.5905
1762138380,0.5905,0.5912,0.5905,0.5911
1762138440,0.5911,0.5926,0.5911,0.5925
1762138500,0.5925,0.5935,0.5923,0.5923
1762138560,0.5923,0.5924,0.5911,0.5911
1762138620,0.5911,0.5911,0.5907,0.5908
1762138680,0.5908,0.5913,0.5906,0.5913
1762138740,0.5913,0.5913,0.5907,0.5908
1762138800,0.5908,0.5917,0.5908,0.5915
1762138860,0.5915,0.5915,0.591,0.5912
1762138920,0.5912,0.5922,0.5912,0.5917
1762138980,0.5917,0.5923,0.5915,0.5916
1762139040,0.5916,0.5916,0.5908,0.591
1762139100,0.591,0.5915,0.5907,0.5907
1762139160,0.5907,0.5911,0.5898,0.5903
1762139220,0.5903,0.5905,0.5898,0.59
1762139280,0.59,0.5901,0.5881,0.5888
1762139340,0.5888,0.5888,0.5871,0.5873
1762139400,0.5873,0.5875,0.5857,0.5864
1762139460,0.5864,0.5865,0.5835,0.5848
1762139520,0.5848,0.5855,0.5822,0.5852
1762139580,0.5852,0.5854,0.5822,0.5827
1762139640,0.5827,0.5832,0.5812,0.5829
1762139700,0.5829,0.5834,0.5817,0.5827
1762139760,0.5827,0.5841,0.5827,0.5835
1762139820,0.5835,0.5842,0.583,0.5838
1762139880,0.5838,0.5856,0.5835,0.5851
1762139940,0.5851,0.5857,0.5838,0.5838
1762140000,0.5838,0.5848,0.5837,0.5839
1762140060,0.5839,0.5842,0.5825,0.5825
1762140120,0.5825,0.5828,0.5817,0.5821
1762140180,0.5821,0.5829,0.5814,0.5817
1762140240,0.5817,0.5827,0.5805,0.5825
1762140300,0.5825,0.5826,0.5818,0.582
1762140360,0.582,0.5825,0.5817,0.582
1762140420,0.582,0.5825,0.5817,0.5825
1762140480,0.5825,0.583,0.5823,0.5828
1762140540,0.5828,0.5829,0.582,0.5822
1762140600,0.5822,0.5822,0.5769,0.5789
1762140660,0.5789,0.5795,0.5775,0.5792
1762140720,0.5792,0.5795,0.5754,0.5777
1762140780,0.5777,0.5791,0.5772,0.5784
1762140840,0.5784,0.5792,0.5774,0.5778
1762140900,0.5778,0.5799,0.5778,0.5794
1762140960,0.5794,0.5794,0.5777,0.578
1762141020,0.578,0.5787,0.5774,0.5787
1762141080,0.5787,0.5805,0.5787,0.5793
1762141140,0.5793,0.5795,0.5784,0.5787
1762141200,0.5787,0.5795,0.5782,0.5788
1762141260,0.5788,0.5795,0.5788,0.5789
1762141320,0.5789,0.5789,0.5778,0.578
1762141380,0.578,0.5789,0.5777,0.578
1762141440,0.578,0.5786,0.5777,0.5779
1762141500,0.5779,0.5779,0.5749,0.5763
1762141560,0.5763,0.577,0.5755,0.5755
1762141620,0.5755,0.5769,0.5753,0.5769
1762141680,0.5769,0.5776,0.5762,0.5765
1762141740,0.5765,0.5766,0.5759,0.5764
1762141800,0.5764,0.577,0.576,0.5767
1762141860,0.5767,0.5771,0.5758,0.5764
1762141920,0.5764,0.5765,0.5737,0.5752
1762141980,0.5752,0.5756,0.574,0.5743
1762142040,0.5743,0.5752,0.5741,0.5752
1762142100,0.5752,0.5759,0.5748,0.5755
1762142160,0.5755,0.5756,0.5738,0.5742
1762142220,0.5742,0.576,0.5742,0.5754
1762142280,0.5754,0.5755,0.5747,0.5747
1762142340,0.5747,0.5753,0.5746,0.575
1762142400,0.575,0.575,0.5737,0.5742
1762142460,0.5742,0.5743,0.5727,0.5735
1762142520,0.5735,0.5746,0.5735,0.5738
1762142580,0.5738,0.5747,0.5737,0.5739
1762142640,0.5739,0.5741,0.5728,0.5735
1762142700,0.5735,0.574,0.572,0.5724
1762142760,0.5724,0.5725,0.5694,0.5694
1762142820,0.5694,0.5709,0.5682,0.5692
1762142880,0.5692,0.5721,0.569,0.5715
1762142940,0.5715,0.5715,0.5703,0.5714
1762143000,0.5714,0.573,0.5714,0.5723
1762143060,0.5723,0.5726,0.5713,0.5715
1762143120,0.5715,0.5721,0.5712,0.5715
1762143180,0.5715,0.5727,0.5714,0.5723
1762143240,0.5723,0.5729,0.5721,0.5726
1762143300,0.5726,0.5737,0.5726,0.5734
1762143360,0.5734,0.5734,0.5716,0.5718
1762143420,0.5718,0.572,0.5712,0.5718
1762143480,0.5718,0.5721,0.5711,0.5718
1762143540,0.5718,0.5718,0.5708,0.5711
1762143600,0.5711,0.5721,0.5708,0.5711
1762143660,0.5711,0.5717,0.5704,0.5714
1762143720,0.5714,0.5725,0.5708,0.5724
1762143780,0.5724,0.5748,0.5724,0.5745
1762143840,0.5745,0.5745,0.573,0.573
1762143900,0.573,0.5733,0.5725,0.573
1762143960,0.573,0.5731,0.5721,0.5729
1762144020,0.5729,0.5736,0.5729,0.5732
1762144080,0.5732,0.5746,0.5732,0.5745
1762144140,0.5745,0.5746,0.5732,0.5732
1762144200,0.5732,0.5732,0.572,0.5722
1762144260,0.5722,0.5726,0.5719,0.5723
1762144320,0.5723,0.5728,0.5717,0.5724
1762144380,0.5724,0.5731,0.5724,0.573
1762144440,0.573,0.5735,0.5728,0.5732
1762144500,0.5732,0.5739,0.5729,0.5739
1762144560,0.5739,0.5743,0.5726,0.5726
1762144620,0.5726,0.5729,0.5723,0.5726
1762144680,0.5726,0.5729,0.5718,0.5725
1762144740,0.5725,0.5732,0.5724,0.5732
1762144800,0.5732,0.5732,0.5726,0.5727
1762144860,0.5727,0.5728,0.5719,0.5725
1762144920,0.5725,0.5734,0.5724,0.5728
1762144980,0.5728,0.5731,0.5722,0.5724
1762145040,0.5724,0.573,0.5722,0.5725
1762145100,0.5725,0.573,0.5723,0.5727
1762145160,0.5727,0.5736,0.5725,0.5734
1762145220,0.5734,0.5734,0.5729,0.5732
1762145280,0.5732,0.5736,0.5728,0.5735
1762145340,0.5735,0.5743,0.5735,0.5743
1762145400,0.5743,0.5759,0.5742,0.5756
1762145460,0.5756,0.576,0.5754,0.5759
1762145520,0.5759,0.5766,0.5759,0.5765
1762145580,0.5765,0.5769,0.5762,0.5769
1762145640,0.5769,0.5774,0.5765,0.5768
1762145700,0.5768,0.5769,0.5763,0.5766
1762145760,0.5766,0.5768,0.5762,0.5767
1762145820,0.5767,0.577,0.5764,0.5769
1762145880,0.5769,0.5771,0.5762,0.5765
1762145940,0.5765,0.5774,0.5763,0.5772
1762146000,0.5772,0.5781,0.577,0.578
1762146060,0.578,0.5789,0.5779,0.5786
1762146120,0.5786,0.579,0.5782,0.5784
1762146180,0.5784,0.5794,0.5783,0.5786
1762146240,0.5786,0.5786,0.5781,0.5785
1762146300,0.5785,0.5797,0.5784,0.5797
1762146360,0.5797,0.5804,0.5795,0.5798
1762146420,0.5798,0.5804,0.5797,0.5797
1762146480,0.5797,0.5803,0.5797,0.5802
1762146540,0.5802,0.5802,0.5798,0.58
1762146600,0.58,0.5801,0.5796,0.5798
1762146660,0.5798,0.5798,0.5788,0.579
1762146720,0.579,0.579,0.5781,0.5782
1762146780,0.5782,0.5794,0.5782,0.5791
1762146840,0.5791,0.5801,0.5791,0.5795
1762146900,0.5795,0.5799,0.5791,0.5797
1762146960,0.5797,0.5798,0.5785,0.5785
1762147020,0.5785,0.5785,0.5775,0.5776
1762147080,0.5776,0.5779,0.5774,0.5774
1762147140,0.5774,0.5776,0.5772,0.5775
1762147200,0.5775,0.5779,0.5773,0.5779
1762147260,0.5779,0.5779,0.5773,0.5778
1762147320,0.5778,0.579,0.5777,0.5784
1762147380,0.5784,0.5784,0.5771,0.5772
1762147440,0.5772,0.5778,0.5772,0.5774
1762147500,0.5774,0.5779,0.5769,0.5772
1762147560,0.5772,0.5779,0.577,0.5777
1762147620,0.5777,0.5778,0.5774,0.5776
1762147680,0.5776,0.5782,0.5776,0.5779
1762147740,0.5779,0.5779,0.5773,0.5773
1762147800,0.5773,0.5776,0.5771,0.5776
1762147860,0.5776,0.5779,0.577,0.5778
1762147920,0.5778,0.5778,0.577,0.5772
1762147980,0.5772,0.5774,0.5768,0.5773
1762148040,0.5773,0.5773,0.577,0.577
1762148100,0.577,0.5771,0.5762,0.5763
1762148160,0.5763,0.5763,0.5749,0.5752
1762148220,0.5752,0.5755,0.575,0.5752
1762148280,0.5752,0.5754,0.5741,0.5741
1762148340,0.5741,0.5744,0.5739,0.5742
1762148400,0.5742,0.5743,0.5734,0.574
1762148460,0.574,0.5741,0.5736,0.5739
1762148520,0.5739,0.5739,0.5726,0.573
1762148580,0.573,0.5734,0.5728,0.5734
1762148640,0.5734,0.5734,0.5728,0.5731
1762148700,0.5731,0.5733,0.5726,0.5726
1762148760,0.5726,0.5733,0.5726,0.5731
1762148820,0.5731,0.5732,0.5728,0.5732
1762148880,0.5732,0.5732,0.5727,0.5732
1762148940,0.5732,0.5732,0.5724,0.5725
1762149000,0.5725,0.573,0.5722,0.573
1762149060,0.573,0.5732,0.5723,0.5732
1762149120,0.5732,0.5736,0.5724,0.5726
1762149180,0.5726,0.5732,0.5723,0.5725
1762149240,0.5725,0.5728,0.5721,0.5722
1762149300,0.5722,0.573,0.5722,0.5729
1762149360,0.5729,0.5731,0.5728,0.5729
1762149420,0.5729,0.5729,0.5721,0.5723
1762149480,0.5723,0.5725,0.5721,0.5721
1762149540,0.5721,0.5723,0.5721,0.5722
1762149600,0.5722,0.5727,0.5712,0.5727
1762149660,0.5727,0.573,0.5724,0.5727
1762149720,0.5727,0.5733,0.5725,0.5733
1762149780,0.5733,0.5739,0.5727,0.5738
1762149840,0.5738,0.5743,0.5735,0.5738
1762149900,0.5738,0.5745,0.5738,0.5742
1762149960,0.5742,0.5747,0.5736,0.5737
1762150020,0.5737,0.5743,0.5736,0.5742
1762150080,0.5742,0.5752,0.574,0.5751
1762150140,0.5751,0.5756,0.5742,0.5742
1762150200,0.5742,0.5742,0.5729,0.573
1762150260,0.573,0.573,0.5709,0.5712
1762150320,0.5712,0.5721,0.5711,0.572
1762150380,0.572,0.5725,0.5714,0.5718
1762150440,0.5718,0.572,0.5716,0.5719
1762150500,0.5719,0.5724,0.5716,0.5724
1762150560,0.5724,0.5728,0.5722,0.5728
1762150620,0.5728,0.5738,0.5724,0.5737
1762150680,0.5737,0.5742,0.5729,0.5729
1762150740,0.5729,0.5729,0.5722,0.5725
1762150800,0.5725,0.5737,0.5724,0.5734
1762150860,0.5734,0.5736,0.573,0.5736
1762150920,0.5736,0.5736,0.5726,0.5729
1762150980,0.5729,0.5735,0.5725,0.5734
1762151040,0.5734,0.5741,0.5733,0.5736
1762151100,0.5736,0.5741,0.5735,0.5737
1762151160,0.5737,0.5737,0.5725,0.5725
1762151220,0.5725,0.5731,0.5724,0.5728
1762151280,0.5728,0.5731,0.5726,0.573
1762151340,0.573,0.5732,0.5727,0.5727
1762151400,0.5727,0.5729,0.5722,0.5726
1762151460,0.5726,0.5726,0.5718,0.5722
1762151520,0.5722,0.5725,0.5716,0.572
1762151580,0.572,0.5721,0.5716,0.5718
1762151640,0.5718,0.573,0.5717,0.5723
1762151700,0.5723,0.5733,0.572,0.5733
1762151760,0.5733,0.5736,0.5729,0.5731
1762151820,0.5731,0.5737,0.5731,0.5733
1762151880,0.5733,0.5736,0.5723,0.5726
1762151940,0.5726,0.5726,0.5715,0.5717
1762152000,0.5717,0.5723,0.5715,0.5716
1762152060,0.5716,0.5716,0.57,0.5704
1762152120,0.5704,0.5714,0.5704,0.5714
1762152180,0.5714,0.5714,0.5702,0.5711
1762152240,0.5711,0.5711,0.5706,0.5707
1762152300,0.5707,0.5712,0.5701,0.5704
1762152360,0.5704,0.5707,0.5685,0.5694
1762152420,0.5694,0.5698,0.5673,0.5681
1762152480,0.5681,0.5685,0.5655,0.5676
1762152540,0.5676,0.5702,0.5674,0.5699
1762152600,0.5699,0.5715,0.5697,0.5712
1762152660,0.5712,0.5731,0.5711,0.5726
1762152720,0.5726,0.5733,0.5725,0.5728
1762152780,0.5728,0.5728,0.5705,0.5721
1762152840,0.5721,0.5721,0.571,0.5711
1762152900,0.5711,0.5715,0.5705,0.5705
1762152960,0.5705,0.5709,0.5704,0.5709
1762153020,0.5709,0.5724,0.5709,0.5724
1762153080,0.5724,0.5732,0.5722,0.5729
1762153140,0.5729,0.5733,0.5725,0.5729
1762153200,0.5729,0.5729,0.5714,0.5716
1762153260,0.5716,0.5722,0.5713,0.5714
1762153320,0.5714,0.5715,0.5703,0.5714
1762153380,0.5714,0.5717,0.5708,0.5711
1762153440,0.5711,0.5715,0.5704,0.5705
1762153500,0.5705,0.5717,0.5705,0.571
1762153560,0.571,0.571,0.5699,0.5706
1762153620,0.5706,0.5712,0.5703,0.571
1762153680,0.571,0.5718,0.5708,0.5714
1762153740,0.5714,0.5722,0.5714,0.572
1762153800,0.572,0.5725,0.5717,0.5724
1762153860,0.5724,0.5725,0.5719,0.572
1762153920,0.572,0.5732,0.5719,0.5725
1762153980,0.5725,0.5739,0.5725,0.5736
1762154040,0.5736,0.5742,0.5731,0.5737
1762154100,0.5737,0.5743,0.5733,0.5743
1762154160,0.5743,0.5749,0.574,0.5746
1762154220,0.5746,0.5748,0.5739,0.5746
1762154280,0.5746,0.5748,0.5741,0.5741
1762154340,0.5741,0.5746,0.5734,0.5739
1762154400,0.5739,0.5743,0.5733,0.5743
1762154460,0.5743,0.5743,0.5736,0.5739
1762154520,0.5739,0.5749,0.5737,0.5748
1762154580,0.5748,0.5759,0.5747,0.5758
1762154640,0.5758,0.5775,0.5756,0.577
1762154700,0.577,0.5776,0.5768,0.5769
1762154760,0.5769,0.5772,0.5761,0.5762
1762154820,0.5762,0.5764,0.5758,0.5764
1762154880,0.5764,0.5764,0.5759,0.5761
1762154940,0.5761,0.5765,0.5759,0.5763
1762155000,0.5763,0.5763,0.5755,0.5759
1762155060,0.5759,0.576,0.5756,0.5759
1762155120,0.5759,0.5773,0.5759,0.5772
1762155180,0.5772,0.5777,0.577,0.5777
1762155240,0.5777,0.5784,0.5774,0.5775
1762155300,0.5775,0.5779,0.5767,0.5777
1762155360,0.5777,0.5784,0.5774,0.5783
1762155420,0.5783,0.5785,0.5777,0.578
1762155480,0.578,0.5796,0.578,0.5785
1762155540,0.5785,0.5788,0.5782,0.5784
1762155600,0.5784,0.5787,0.5776,0.5781
1762155660,0.5781,0.5787,0.5775,0.5777
1762155720,0.5777,0.5777,0.5769,0.5771
1762155780,0.5771,0.5779,0.577,0.5778
1762155840,0.5778,0.5778,0.5764,0.5764
1762155900,0.5764,0.5769,0.5762,0.5765
1762155960,0.5765,0.5768,0.5763,0.5764
1762156020,0.5764,0.5769,0.5763,0.5768
1762156080,0.5768,0.5774,0.5767,0.5769
1762156140,0.5769,0.5773,0.5768,0.5772
1762156200,0.5772,0.5775,0.577,0.5771
1762156260,0.5771,0.578,0.5771,0.5777
1762156320,0.5777,0.5785,0.5777,0.5783
1762156380,0.5783,0.5784,0.578,0.5782
1762156440,0.5782,0.5787,0.5777,0.5777
1762156500,0.5777,0.5781,0.5776,0.5778
1762156560,0.5778,0.5783,0.5777,0.5783
1762156620,0.5783,0.5784,0.5778,0.5779
1762156680,0.5779,0.5779,0.5772,0.5772
1762156740,0.5772,0.5773,0.5767,0.5767
1762156800,0.5767,0.5768,0.5761,0.5767
1762156860,0.5767,0.5776,0.5766,0.5775
1762156920,0.5775,0.5776,0.5768,0.5776
1762156980,0.5776,0.5778,0.5772,0.5777
1762157040,0.5777,0.5778,0.5774,0.5778
1762157100,0.5778,0.5781,0.5775,0.578
1762157160,0.578,0.5786,0.5776,0.5781
1762157220,0.5781,0.5791,0.578,0.5784
1762157280,0.5784,0.5785,0.5775,0.5776
1762157340,0.5776,0.578,0.5776,0.5779
1762157400,0.5779,0.5786,0.5778,0.5784
1762157460,0.5784,0.5791,0.5784,0.5789
1762157520,0.5789,0.5792,0.5787,0.5788
1762157580,0.5788,0.5791,0.5786,0.5789
1762157640,0.5789,0.5789,0.5783,0.5784
1762157700,0.5784,0.5785,0.5769,0.5775
1762157760,0.5775,0.5788,0.5774,0.5788
1762157820,0.5788,0.5788,0.5782,0.5784
1762157880,0.5784,0.5785,0.5778,0.5779
1762157940,0.5779,0.5785,0.5776,0.5781
1762158000,0.5781,0.5781,0.5773,0.5779
1762158060,0.5779,0.578,0.577,0.5771
1762158120,0.5771,0.5771,0.5766,0.5768
1762158180,0.5768,0.5775,0.5768,0.5771
1762158240,0.5771,0.5775,0.5768,0.5768
1762158300,0.5768,0.5773,0.5768,0.577
1762158360,0.577,0.5773,0.5763,0.5772
1762158420,0.5772,0.5772,0.5761,0.5768
1762158480,0.5768,0.5773,0.5767,0.5768
1762158540,0.5768,0.577,0.5762,0.5766
1762158600,0.5766,0.5771,0.5764,0.5765
1762158660,0.5765,0.5768,0.5758,0.5764
1762158720,0.5764,0.5764,0.5753,0.5759
1762158780,0.5759,0.5763,0.5757,0.5762
1762158840,0.5762,0.5764,0.5756,0.5756
1762158900,0.5756,0.5759,0.5753,0.5759
1762158960,0.5759,0.5763,0.5755,0.5755
1762159020,0.5755,0.5756,0.5741,0.5743
1762159080,0.5743,0.5744,0.5733,0.5734
1762159140,0.5734,0.5737,0.5727,0.5736
1762159200,0.5736,0.5741,0.5732,0.5741
1762159260,0.5741,0.5747,0.5739,0.5745
1762159320,0.5745,0.5748,0.5741,0.5744
1762159380,0.5744,0.5747,0.5739,0.5747
1762159440,0.5747,0.5752,0.5745,0.5748
1762159500,0.5748,0.5752,0.5738,0.5743
1762159560,0.5743,0.5744,0.5737,0.574
1762159620,0.574,0.5743,0.5735,0.5737
1762159680,0.5737,0.574,0.5729,0.5738
1762159740,0.5738,0.5742,0.5734,0.5741
1762159800,0.5741,0.5765,0.5741,0.5765
1762159860,0.5765,0.5783,0.5764,0.578
1762159920,0.578,0.5784,0.5777,0.578
1762159980,0.578,0.5796,0.578,0.5795
1762160040,0.5795,0.5796,0.5789,0.5792
1762160100,0.5792,0.5792,0.5779,0.5779
1762160160,0.5779,0.5785,0.5779,0.578
1762160220,0.578,0.5784,0.5775,0.5782
1762160280,0.5782,0.5787,0.5782,0.5787
1762160340,0.5787,0.5791,0.5785,0.5791
1762160400,0.5791,0.5802,0.5785,0.5802
1762160460,0.5802,0.5805,0.5794,0.5798
1762160520,0.5798,0.5812,0.5796,0.5812
1762160580,0.5812,0.5834,0.5812,0.5833
1762160640,0.5833,0.5835,0.582,0.5827
1762160700,0.5827,0.5841,0.5825,0.5841
1762160760,0.5841,0.5841,0.583,0.5838
1762160820,0.5838,0.585,0.5835,0.5849
1762160880,0.5849,0.5851,0.5836,0.5839
1762160940,0.5839,0.585,0.5837,0.5838
1762161000,0.5838,0.5841,0.5833,0.5836
1762161060,0.5836,0.5839,0.5835,0.5838
1762161120,0.5838,0.5843,0.5832,0.5836
1762161180,0.5836,0.5837,0.5828,0.5829
1762161240,0.5829,0.5832,0.5823,0.583
1762161300,0.583,0.583,0.5822,0.5828
1762161360,0.5828,0.5831,0.5819,0.5822
1762161420,0.5822,0.5828,0.5821,0.5825
1762161480,0.5825,0.5826,0.5819,0.5825
1762161540,0.5825,0.5825,0.5809,0.5812
1762161600,0.5812,0.5812,0.5801,0.5805
1762161660,0.5805,0.5813,0.5805,0.5807
1762161720,0.5807,0.5813,0.5802,0.5811
1762161780,0.5811,0.5814,0.58,0.5801
1762161840,0.5801,0.5805,0.58,0.58
1762161900,0.58,0.5802,0.5791,0.5792
1762161960,0.5792,0.5801,0.5792,0.5799
1762162020,0.5799,0.5801,0.5791,0.5791
1762162080,0.5791,0.5799,0.579,0.579
1762162140,0.579,0.579,0.5783,0.5784
1762162200,0.5784,0.5788,0.5782,0.5786
1762162260,0.5786,0.579,0.578,0.5783
1762162320,0.5783,0.5783,0.5775,0.5775
1762162380,0.5775,0.5775,0.5757,0.5759
1762162440,0.5759,0.5773,0.5757,0.5771
1762162500,0.5771,0.5776,0.5769,0.5772
1762162560,0.5772,0.5781,0.5771,0.578
1762162620,0.578,0.5789,0.5776,0.5787
1762162680,0.5787,0.5791,0.5779,0.5782
1762162740,0.5782,0.5782,0.5765,0.5765
1762162800,0.5765,0.5767,0.5758,0.5766
1762162860,0.5766,0.5768,0.5764,0.5764
1762162920,0.5764,0.577,0.5759,0.577
1762162980,0.577,0.5773,0.5766,0.5772
1762163040,0.5772,0.578,0.5771,0.5778
1762163100,0.5778,0.5778,0.5771,0.5771
1762163160,0.5771,0.5775,0.5766,0.577
1762163220,0.577,0.5771,0.5767,0.5767
1762163280,0.5767,0.5769,0.5762,0.5766
1762163340,0.5766,0.5773,0.5765,0.5766
1762163400,0.5766,0.5771,0.5759,0.5759
1762163460,0.5759,0.5759,0.5748,0.5752
1762163520,0.5752,0.5754,0.5744,0.5753
1762163580,0.5753,0.5757,0.5744,0.5747
1762163640,0.5747,0.5753,0.5747,0.575
1762163700,0.575,0.575,0.5742,0.5746
1762163760,0.5746,0.5756,0.5746,0.5754
1762163820,0.5754,0.5756,0.5743,0.5745
1762163880,0.5745,0.5752,0.5744,0.5752
1762163940,0.5752,0.5754,0.5748,0.5748
1762164000,0.5748,0.5759,0.5748,0.5755
1762164060,0.5755,0.5761,0.5754,0.5755
1762164120,0.5755,0.5761,0.5754,0.5757
1762164180,0.5757,0.5766,0.5757,0.576
1762164240,0.576,0.576,0.5742,0.5745
1762164300,0.5745,0.5755,0.5745,0.5755
1762164360,0.5755,0.5756,0.575,0.5754
1762164420,0.5754,0.5758,0.5752,0.5752
1762164480,0.5752,0.5758,0.5751,0.5758
1762164540,0.5758,0.5763,0.5756,0.5758
1762164600,0.5758,0.5761,0.5749,0.5754
1762164660,0.5754,0.5758,0.575,0.5756
1762164720,0.5756,0.5757,0.5747,0.5749
1762164780,0.5749,0.5749,0.5743,0.5748
1762164840,0.5748,0.5753,0.5747,0.5753
1762164900,0.5753,0.5759,0.5751,0.5756
1762164960,0.5756,0.5757,0.5753,0.5753
1762165020,0.5753,0.5756,0.5748,0.5751
1762165080,0.5751,0.5751,0.5744,0.5746
1762165140,0.5746,0.5751,0.5746,0.5751
1762165200,0.5751,0.5755,0.5749,0.575
1762165260,0.575,0.5754,0.5745,0.5752
1762165320,0.5752,0.5757,0.5751,0.5754
1762165380,0.5754,0.5757,0.5752,0.5754
1762165440,0.5754,0.5754,0.5749,0.5753
1762165500,0.5753,0.5759,0.5752,0.5752
1762165560,0.5752,0.5752,0.5742,0.5743
1762165620,0.5743,0.5747,0.574,0.5743
1762165680,0.5743,0.5753,0.5742,0.5753
1762165740,0.5753,0.5753,0.5747,0.5747
1762165800,0.5747,0.5747,0.5734,0.5735
1762165860,0.5735,0.5738,0.5732,0.5735
1762165920,0.5735,0.5739,0.5734,0.5735
1762165980,0.5735,0.5738,0.5733,0.5734
1762166040,0.5734,0.5735,0.5727,0.5735
1762166100,0.5735,0.5739,0.573,0.573
1762166160,0.573,0.5734,0.573,0.573
1762166220,0.573,0.5737,0.573,0.5734
1762166280,0.5734,0.5746,0.5734,0.5736
1762166340,0.5736,0.5738,0.5729,0.5737
1762166400,0.5737,0.5742,0.5734,0.5741
1762166460,0.5741,0.5744,0.5734,0.5739
1762166520,0.5739,0.5739,0.5728,0.5729
1762166580,0.5729,0.5736,0.5727,0.5732
1762166640,0.5732,0.5733,0.5727,0.5731
1762166700,0.5731,0.5735,0.5729,0.5735
1762166760,0.5735,0.5735,0.5725,0.5729
1762166820,0.5729,0.5738,0.5728,0.5737
1762166880,0.5737,0.5744,0.5737,0.5743
1762166940,0.5743,0.5743,0.574,0.5742
1762167000,0.5742,0.5746,0.5738,0.5742
1762167060,0.5742,0.5756,0.5742,0.5753
1762167120,0.5753,0.5753,0.5741,0.5741
1762167180,0.5741,0.5742,0.5736,0.574
1762167240,0.574,0.574,0.5736,0.5737
1762167300,0.5737,0.5742,0.5734,0.5742
1762167360,0.5742,0.5745,0.574,0.5743
1762167420,0.5743,0.5744,0.5739,0.5739
1762167480,0.5739,0.574,0.5735,0.5735
1762167540,0.5735,0.5736,0.5703,0.5723
1762167600,0.5723,0.5738,0.5722,0.5734
1762167660,0.5734,0.5756,0.573,0.5753
1762167720,0.5753,0.5756,0.5743,0.5755
1762167780,0.5755,0.5782,0.5748,0.5772
1762167840,0.5772,0.5773,0.5757,0.5765
1762167900,0.5765,0.5766,0.5752,0.5753
1762167960,0.5753,0.5754,0.5747,0.575
1762168020,0.575,0.5762,0.5747,0.5759
1762168080,0.5759,0.5766,0.5758,0.5765
1762168140,0.5765,0.577,0.5761,0.5761
1762168200,0.5761,0.5764,0.5759,0.5763
1762168260,0.5763,0.5768,0.5756,0.5759
1762168320,0.5759,0.5761,0.5755,0.5759
1762168380,0.5759,0.5763,0.5757,0.5757
1762168440,0.5757,0.576,0.5751,0.5751
1762168500,0.5751,0.577,0.5751,0.5767
1762168560,0.5767,0.5791,0.5767,0.578
1762168620,0.578,0.5784,0.5771,0.5772
1762168680,0.5772,0.5774,0.5769,0.5771
1762168740,0.5771,0.5774,0.5769,0.577
1762168800,0.577,0.5771,0.5765,0.5767
1762168860,0.5767,0.577,0.576,0.576
1762168920,0.576,0.576,0.575,0.5752
1762168980,0.5752,0.5754,0.5747,0.575
1762169040,0.575,0.5752,0.5748,0.5751
1762169100,0.5751,0.5753,0.5747,0.5751
1762169160,0.5751,0.5751,0.5746,0.5748
1762169220,0.5748,0.5753,0.5746,0.5752
1762169280,0.5752,0.5763,0.5752,0.5759
1762169340,0.5759,0.5767,0.5759,0.5763
1762169400,0.5763,0.5767,0.5761,0.5762
1762169460,0.5762,0.5772,0.5762,0.5767
1762169520,0.5767,0.5767,0.5763,0.5764
1762169580,0.5764,0.5768,0.5755,0.5756
1762169640,0.5756,0.5761,0.5755,0.5759
1762169700,0.5759,0.5764,0.5753,0.5754
1762169760,0.5754,0.5754,0.5745,0.5745
1762169820,0.5745,0.5751,0.5745,0.5751
1762169880,0.5751,0.5762,0.575,0.5759
1762169940,0.5759,0.5764,0.5759,0.576
1762170000,0.576,0.5765,0.5759,0.5765
1762170060,0.5765,0.5765,0.5755,0.5756
1762170120,0.5756,0.5763,0.5756,0.5759
1762170180,0.5759,0.5761,0.5756,0.5761
1762170240,0.5761,0.5766,0.5759,0.576
1762170300,0.576,0.5776,0.576,0.5774
1762170360,0.5774,0.5774,0.5767,0.577
1762170420,0.577,0.5773,0.5761,0.5773
1762170480,0.5773,0.5779,0.577,0.5771
1762170540,0.5771,0.5779,0.5771,0.5777
1762170600,0.5777,0.5778,0.5769,0.5769
1762170660,0.5769,0.5773,0.5769,0.577
1762170720,0.577,0.577,0.5759,0.5762
1762170780,0.5762,0.5763,0.5759,0.5761
1762170840,0.5761,0.577,0.5761,0.5766
1762170900,0.5766,0.5766,0.5757,0.5758
1762170960,0.5758,0.5758,0.5753,0.5757
1762171020,0.5757,0.5759,0.5755,0.5756
1762171080,0.5756,0.5756,0.5754,0.5754
1762171140,0.5754,0.5755,0.5751,0.5754
1762171200,0.5754,0.5757,0.5753,0.5757
1762171260,0.5757,0.5757,0.5753,0.5755
1762171320,0.5755,0.5757,0.5751,0.5755
1762171380,0.5755,0.5765,0.5755,0.5761
1762171440,0.5761,0.5775,0.5761,0.5767
1762171500,0.5767,0.5768,0.575,0.5756
1762171560,0.5756,0.577,0.5756,0.576
1762171620,0.576,0.5766,0.576,0.5764
1762171680,0.5764,0.5769,0.5764,0.5768
1762171740,0.5768,0.5769,0.5763,0.5768
1762171800,0.5768,0.5775,0.5767,0.5772
1762171860,0.5772,0.5777,0.5769,0.577
1762171920,0.577,0.5784,0.5769,0.5783
1762171980,0.5783,0.5786,0.5779,0.5782
1762172040,0.5782,0.5782,0.5777,0.5779
1762172100,0.5779,0.579,0.5779,0.5789
1762172160,0.5789,0.5792,0.5788,0.5789
1762172220,0.5789,0.5789,0.578,0.5783
1762172280,0.5783,0.5795,0.5783,0.5795
1762172340,0.5795,0.5795,0.5789,0.579
1762172400,0.579,0.5796,0.579,0.5795
1762172460,0.5795,0.5801,0.5792,0.5792
1762172520,0.5792,0.5793,0.5788,0.579
1762172580,0.579,0.5796,0.579,0.5795
1762172640,0.5795,0.5795,0.5787,0.5788
1762172700,0.5788,0.5795,0.5788,0.5791
1762172760,0.5791,0.5791,0.5788,0.5788
1762172820,0.5788,0.5794,0.5782,0.5787
1762172880,0.5787,0.5795,0.5786,0.5789
1762172940,0.5789,0.5791,0.5786,0.5791
1762173000,0.5791,0.5794,0.5785,0.5786
1762173060,0.5786,0.5788,0.5778,0.5779
1762173120,0.5779,0.5779,0.5774,0.5778
1762173180,0.5778,0.5779,0.5773,0.5779
1762173240,0.5779,0.5781,0.5778,0.5778
1762173300,0.5778,0.5784,0.5776,0.5782
1762173360,0.5782,0.5782,0.5772,0.5774
1762173420,0.5774,0.5776,0.5771,0.5775
1762173480,0.5775,0.5775,0.5772,0.5772
1762173540,0.5772,0.5777,0.5772,0.5777
1762173600,0.5777,0.5777,0.5768,0.577
1762173660,0.577,0.5772,0.5768,0.5768
1762173720,0.5768,0.577,0.5764,0.5769
1762173780,0.5769,0.5774,0.5769,0.5771
1762173840,0.5771,0.5771,0.5765,0.5765
1762173900,0.5765,0.5768,0.5762,0.5768
1762173960,0.5768,0.5775,0.5767,0.5774
1762174020,0.5774,0.5777,0.5773,0.5775
1762174080,0.5775,0.5777,0.577,0.5775
1762174140,0.5775,0.5775,0.5764,0.5772
1762174200,0.5772,0.5776,0.5771,0.5774
1762174260,0.5774,0.5774,0.5769,0.577
1762174320,0.577,0.5772,0.5767,0.577
1762174380,0.577,0.5772,0.5768,0.5769
1762174440,0.5769,0.5769,0.5762,0.5765
1762174500,0.5765,0.5765,0.5758,0.5758
1762174560,0.5758,0.5758,0.5748,0.575
1762174620,0.575,0.575,0.5748,0.5749
1762174680,0.5749,0.5752,0.5745,0.5751
1762174740,0.5751,0.5751,0.5748,0.575
1762174800,0.575,0.575,0.5743,0.5749
1762174860,0.5749,0.575,0.5743,0.5744
1762174920,0.5744,0.5753,0.5743,0.575
1762174980,0.575,0.5754,0.575,0.5753
1762175040,0.5753,0.5755,0.5751,0.5755
1762175100,0.5755,0.5759,0.5751,0.5751
1762175160,0.5751,0.5752,0.575,0.575
1762175220,0.575,0.5759,0.5749,0.5757
1762175280,0.5757,0.5757,0.5749,0.5749
1762175340,0.5749,0.5751,0.5748,0.5749
1762175400,0.5749,0.5749,0.5737,0.5746
1762175460,0.5746,0.5749,0.5734,0.5736
1762175520,0.5736,0.5744,0.5736,0.5744
1762175580,0.5744,0.5751,0.5743,0.575
1762175640,0.575,0.575,0.5747,0.5748
1762175700,0.5748,0.5748,0.5736,0.574
1762175760,0.574,0.5745,0.574,0.5742
1762175820,0.5742,0.5744,0.5736,0.5737
1762175880,0.5737,0.5741,0.5735,0.5737
1762175940,0.5737,0.574,0.5731,0.5732
1762176000,0.5732,0.5735,0.573,0.5731
1762176060,0.5731,0.5732,0.5724,0.5726
1762176120,0.5726,0.5732,0.5725,0.5731
1762176180,0.5731,0.5733,0.5729,0.5732
1762176240,0.5732,0.5732,0.5726,0.5729
1762176300,0.5729,0.5744,0.5727,0.5737
1762176360,0.5737,0.5739,0.5725,0.5729
1762176420,0.5729,0.5739,0.5729,0.5739
1762176480,0.5739,0.5742,0.5737,0.5741
1762176540,0.5741,0.5745,0.5739,0.5739
1762176600,0.5739,0.5752,0.5739,0.5748
1762176660,0.5748,0.5751,0.5745,0.5748
1762176720,0.5748,0.5754,0.5748,0.5754
1762176780,0.5754,0.5761,0.5753,0.576
1762176840,0.576,0.5766,0.5756,0.5765
1762176900,0.5765,0.5769,0.5757,0.5757
1762176960,0.5757,0.5766,0.5757,0.5766
1762177020,0.5766,0.5775,0.5762,0.5773
1762177080,0.5773,0.5775,0.5772,0.5774
1762177140,0.5774,0.5779,0.5771,0.5772
1762177200,0.5772,0.5775,0.5764,0.5765
1762177260,0.5765,0.5765,0.5757,0.5761
1762177320,0.5761,0.5762,0.5754,0.5757
1762177380,0.5757,0.5758,0.5753,0.5755
1762177440,0.5755,0.5759,0.5754,0.5758
1762177500,0.5758,0.5763,0.5754,0.5757
1762177560,0.5757,0.5768,0.5757,0.5768
1762177620,0.5768,0.5768,0.5756,0.5757
1762177680,0.5757,0.576,0.5751,0.576
1762177740,0.576,0.5762,0.5756,0.5761
1762177800,0.5761,0.5761,0.5752,0.5753
1762177860,0.5753,0.5755,0.5745,0.5747
1762177920,0.5747,0.5748,0.5737,0.5747
1762177980,0.5747,0.5749,0.5745,0.5746
1762178040,0.5746,0.5761,0.5746,0.576
1762178100,0.576,0.5764,0.5759,0.5763
1762178160,0.5763,0.5767,0.5755,0.5755
1762178220,0.5755,0.5755,0.5745,0.5745
1762178280,0.5745,0.5745,0.5742,0.5742
1762178340,0.5742,0.5747,0.5742,0.5745
1762178400,0.5745,0.5768,0.5745,0.5764
1762178460,0.5764,0.5764,0.5755,0.5759
1762178520,0.5759,0.5766,0.5756,0.5764
1762178580,0.5764,0.5764,0.5759,0.5762
1762178640,0.5762,0.5765,0.5758,0.5765
1762178700,0.5765,0.5782,0.5765,0.5777
1762178760,0.5777,0.5787,0.5777,0.5786
1762178820,0.5786,0.5801,0.5786,0.5796
1762178880,0.5796,0.5796,0.5787,0.5788
1762178940,0.5788,0.579,0.5778,0.578
1762179000,0.578,0.5785,0.5777,0.5778
1762179060,0.5778,0.5785,0.5777,0.5784
1762179120,0.5784,0.5795,0.5784,0.5791
1762179180,0.5791,0.5791,0.5776,0.5781
1762179240,0.5781,0.5783,0.5769,0.5771
1762179300,0.5771,0.5776,0.5766,0.5775
1762179360,0.5775,0.5776,0.5771,0.5776
1762179420,0.5776,0.5777,0.5771,0.5772
1762179480,0.5772,0.5775,0.577,0.5771
1762179540,0.5771,0.5776,0.5771,0.5775
1762179600,0.5775,0.5781,0.577,0.577
1762179660,0.577,0.577,0.5765,0.5766
1762179720,0.5766,0.5766,0.5755,0.5757
1762179780,0.5757,0.5757,0.5752,0.5755
1762179840,0.5755,0.5757,0.575,0.5752
1762179900,0.5752,0.5752,0.5743,0.5748
1762179960,0.5748,0.5758,0.5746,0.5753
1762180020,0.5753,0.5754,0.5748,0.5751
1762180080,0.5751,0.5755,0.5746,0.5747
1762180140,0.5747,0.5753,0.5746,0.5753
1762180200,0.5753,0.5756,0.5747,0.5755
1762180260,0.5755,0.576,0.5747,0.5747
1762180320,0.5747,0.5754,0.574,0.5745
1762180380,0.5745,0.5754,0.5742,0.5747
1762180440,0.5747,0.5751,0.5735,0.5739
1762180500,0.5739,0.5744,0.5729,0.5737
1762180560,0.5737,0.5748,0.5737,0.5741
1762180620,0.5741,0.5751,0.574,0.5742
1762180680,0.5742,0.5759,0.5738,0.5757
1762180740,0.5757,0.5763,0.5752,0.5752
1762180800,0.5752,0.5753,0.5743,0.575
1762180860,0.575,0.575,0.5733,0.5736
1762180920,0.5736,0.5736,0.5724,0.5732
1762180980,0.5732,0.5737,0.5729,0.5732
1762181040,0.5732,0.5738,0.5729,0.5735
1762181100,0.5735,0.574,0.5725,0.5731
1762181160,0.5731,0.5746,0.5726,0.5744
1762181220,0.5744,0.5764,0.5742,0.5758
1762181280,0.5758,0.5763,0.5751,0.5752
1762181340,0.5752,0.576,0.5749,0.5756
1762181400,0.5756,0.5766,0.5748,0.5754
1762181460,0.5754,0.5767,0.5748,0.5766
1762181520,0.5766,0.5768,0.576,0.5761
1762181580,0.5761,0.5772,0.5761,0.5765
1762181640,0.5765,0.5775,0.5759,0.576
1762181700,0.576,0.5767,0.576,0.5762
1762181760,0.5762,0.577,0.5758,0.577
1762181820,0.577,0.577,0.5761,0.5766
1762181880,0.5766,0.5772,0.576,0.5767
1762181940,0.5767,0.5779,0.5766,0.5779
1762182000,0.5779,0.5792,0.5758,0.5764
1762182060,0.5764,0.577,0.5755,0.5761
1762182120,0.5761,0.5764,0.5746,0.5747
1762182180,0.5747,0.5754,0.5742,0.5747
1762182240,0.5747,0.5749,0.5742,0.5746
1762182300,0.5746,0.5746,0.5739,0.5739
1762182360,0.5739,0.5748,0.5738,0.5744
1762182420,0.5744,0.5744,0.573,0.5734
1762182480,0.5734,0.5747,0.5727,0.5743
1762182540,0.5743,0.5743,0.573,0.573
1762182600,0.573,0.5734,0.5727,0.5727
1762182660,0.5727,0.5727,0.5712,0.5721
1762182720,0.5721,0.5727,0.5719,0.5726
1762182780,0.5726,0.5734,0.5725,0.573
1762182840,0.573,0.573,0.5722,0.5722
1762182900,0.5722,0.5722,0.5707,0.571
1762182960,0.571,0.5716,0.5704,0.5705
1762183020,0.5705,0.5709,0.5704,0.5707
1762183080,0.5707,0.5709,0.5701,0.5708
1762183140,0.5708,0.5715,0.5707,0.5712
1762183200,0.5712,0.5713,0.5695,0.5695
1762183260,0.5695,0.5701,0.5687,0.5695
1762183320,0.5695,0.5695,0.5679,0.5686
1762183380,0.5686,0.5687,0.5679,0.5681
1762183440,0.5681,0.5681,0.5667,0.5672
1762183500,0.5672,0.568,0.567,0.568
1762183560,0.568,0.568,0.5619,0.5631
1762183620,0.5631,0.5642,0.5542,0.5547
1762183680,0.5547,0.5588,0.5537,0.5551
1762183740,0.5551,0.5568,0.5477,0.551
1762183800,0.551,0.5512,0.5252,0.5256
1762183860,0.5256,0.5428,0.5254,0.5427
1762183920,0.5427,0.5456,0.5403,0.5416
1762183980,0.5416,0.5419,0.536,0.5396
1762184040,0.5396,0.5447,0.5395,0.5442
1762184100,0.5442,0.549,0.5436,0.5483
1762184160,0.5483,0.5543,0.5481,0.5534
1762184220,0.5534,0.5536,0.5503,0.5523
1762184280,0.5523,0.5538,0.5503,0.5521
1762184340,0.5521,0.5538,0.5521,0.553
1762184400,0.553,0.5534,0.5507,0.5522
1762184460,0.5522,0.5546,0.5522,0.5526
1762184520,0.5526,0.5529,0.5496,0.5499
1762184580,0.5499,0.5524,0.5493,0.5512
1762184640,0.5512,0.5535,0.5507,0.5512
1762184700,0.5512,0.5537,0.5503,0.5511
1762184760,0.5511,0.552,0.55,0.5503
1762184820,0.5503,0.5507,0.5485,0.5492
1762184880,0.5492,0.5507,0.5489,0.5491
1762184940,0.5491,0.5515,0.5491,0.5502
1762185000,0.5502,0.5523,0.55,0.5511
1762185060,0.5511,0.5526,0.5497,0.5522
1762185120,0.5522,0.5522,0.5503,0.5508
1762185180,0.5508,0.5534,0.5508,0.5518
1762185240,0.5518,0.5518,0.5492,0.5495
1762185300,0.5495,0.5512,0.5494,0.551
1762185360,0.551,0.5518,0.5505,0.5511
1762185420,0.5511,0.5513,0.549,0.5504
1762185480,0.5504,0.5513,0.55,0.5505
1762185540,0.5505,0.5508,0.5488,0.5499
1762185600,0.5499,0.5503,0.5479,0.5487
1762185660,0.5487,0.5504,0.5482,0.5496
1762185720,0.5496,0.5499,0.5482,0.5486
1762185780,0.5486,0.5502,0.5484,0.5494
1762185840,0.5494,0.5494,0.5462,0.5473
1762185900,0.5473,0.5506,0.5473,0.5505
1762185960,0.5505,0.5515,0.5494,0.5506
1762186020,0.5506,0.5512,0.5494,0.5497
1762186080,0.5497,0.5503,0.5484,0.5497
1762186140,0.5497,0.5521,0.5497,0.552
1762186200,0.552,0.5523,0.5503,0.5523
1762186260,0.5523,0.5555,0.5518,0.5545
1762186320,0.5545,0.5553,0.554,0.5547
1762186380,0.5547,0.5563,0.5541,0.5554
1762186440,0.5554,0.5581,0.5554,0.5569
1762186500,0.5569,0.5578,0.5559,0.5567
1762186560,0.5567,0.5567,0.555,0.5551
1762186620,0.5551,0.5567,0.555,0.5563
1762186680,0.5563,0.5578,0.5563,0.5572
1762186740,0.5572,0.5596,0.557,0.5593
1762186800,0.5593,0.5607,0.5578,0.5582
1762186860,0.5582,0.5588,0.5578,0.5586
1762186920,0.5586,0.5595,0.5585,0.559
1762186980,0.559,0.5599,0.5589,0.559
1762187040,0.559,0.559,0.5578,0.5581
1762187100,0.5581,0.559,0.5578,0.559
1762187160,0.559,0.559,0.5581,0.5587
1762187220,0.5587,0.5587,0.5569,0.557
1762187280,0.557,0.5571,0.5562,0.5569
1762187340,0.5569,0.557,0.5562,0.5565
1762187400,0.5565,0.5575,0.5562,0.5572
1762187460,0.5572,0.5583,0.5567,0.5582
1762187520,0.5582,0.5586,0.5572,0.5579
1762187580,0.5579,0.5582,0.5574,0.5577
1762187640,0.5577,0.5578,0.556,0.5562
1762187700,0.5562,0.5564,0.5551,0.5555
1762187760,0.5555,0.5571,0.5555,0.5571
1762187820,0.5571,0.5581,0.5569,0.558
1762187880,0.558,0.559,0.5573,0.5586
1762187940,0.5586,0.5593,0.5578,0.5578
1762188000,0.5578,0.5591,0.5576,0.5589
1762188060,0.5589,0.56,0.5583,0.5591
1762188120,0.5591,0.5595,0.5579,0.5581
1762188180,0.5581,0.5592,0.5579,0.5588
1762188240,0.5588,0.5588,0.5581,0.5582
1762188300,0.5582,0.5602,0.5582,0.5602
1762188360,0.5602,0.5603,0.5593,0.5599
1762188420,0.5599,0.5601,0.5592,0.5593
1762188480,0.5593,0.5593,0.5582,0.5584
1762188540,0.5584,0.5589,0.5582,0.5586
1762188600,0.5586,0.5589,0.558,0.5589
1762188660,0.5589,0.5596,0.5588,0.5593
1762188720,0.5593,0.5602,0.5588,0.5589
1762188780,0.5589,0.5589,0.5581,0.5581
1762188840,0.5581,0.559,0.5581,0.5587
1762188900,0.5587,0.5591,0.5582,0.5583
1762188960,0.5583,0.5594,0.5583,0.5594
1762189020,0.5594,0.5599,0.559,0.5595
1762189080,0.5595,0.5602,0.5594,0.5597
1762189140,0.5597,0.5611,0.5593,0.5593
1762189200,0.5593,0.5593,0.5583,0.5589
1762189260,0.5589,0.5591,0.5585,0.5585
1762189320,0.5585,0.5595,0.5585,0.5585
1762189380,0.5585,0.5593,0.5585,0.559
1762189440,0.559,0.559,0.5577,0.5585
1762189500,0.5585,0.5592,0.5584,0.5587
1762189560,0.5587,0.5591,0.5585,0.5586
1762189620,0.5586,0.5588,0.558,0.5581
1762189680,0.5581,0.5586,0.5576,0.5582
1762189740,0.5582,0.5614,0.5579,0.5605
1762189800,0.5605,0.5607,0.5598,0.5604
1762189860,0.5604,0.5616,0.5604,0.5614
1762189920,0.5614,0.5624,0.5609,0.5621
1762189980,0.5621,0.5621,0.5603,0.561
1762190040,0.561,0.562,0.561,0.5611
1762190100,0.5611,0.5617,0.5607,0.5615
1762190160,0.5615,0.5617,0.5605,0.5609
1762190220,0.5609,0.5618,0.5609,0.5618
1762190280,0.5618,0.5639,0.5616,0.5639
1762190340,0.5639,0.564,0.5631,0.5637
1762190400,0.5637,0.5654,0.5636,0.5653
1762190460,0.5653,0.569,0.5652,0.5671
1762190520,0.5671,0.5672,0.5659,0.5661
1762190580,0.5661,0.5666,0.564,0.5643
1762190640,0.5643,0.5644,0.5633,0.5637
1762190700,0.5637,0.5639,0.5626,0.5632
1762190760,0.5632,0.5633,0.5624,0.563
1762190820,0.563,0.5635,0.5628,0.5632
1762190880,0.5632,0.5633,0.5627,0.5627
1762190940,0.5627,0.563,0.5625,0.5627
1762191000,0.5627,0.5642,0.5625,0.5638
1762191060,0.5638,0.5644,0.5631,0.5643
1762191120,0.5643,0.5648,0.5636,0.5644
1762191180,0.5644,0.5649,0.5643,0.5648
1762191240,0.5648,0.5651,0.5646,0.5647
1762191300,0.5647,0.5653,0.5644,0.5648
1762191360,0.5648,0.5651,0.5641,0.5651
1762191420,0.5651,0.5664,0.5651,0.5657
1762191480,0.5657,0.5667,0.5657,0.5667
1762191540,0.5667,0.5669,0.5661,0.5662
1762191600,0.5662,0.5664,0.5653,0.5656
1762191660,0.5656,0.5656,0.5642,0.5644
1762191720,0.5644,0.5653,0.5643,0.5649
1762191780,0.5649,0.5654,0.5648,0.5651
1762191840,0.5651,0.5651,0.5644,0.5647
1762191900,0.5647,0.5654,0.5647,0.5648
1762191960,0.5648,0.5653,0.5646,0.5651
1762192020,0.5651,0.5667,0.5651,0.5666
1762192080,0.5666,0.5667,0.566,0.566
1762192140,0.566,0.567,0.566,0.5663
1762192200,0.5663,0.5664,0.5656,0.5657
1762192260,0.5657,0.5664,0.565,0.5655
1762192320,0.5655,0.5658,0.5648,0.5648
1762192380,0.5648,0.5653,0.5645,0.5653
1762192440,0.5653,0.5653,0.5645,0.5647
1762192500,0.5647,0.5658,0.5646,0.5652
1762192560,0.5652,0.5657,0.5652,0.5655
1762192620,0.5655,0.5661,0.5655,0.5661
1762192680,0.5661,0.5664,0.5661,0.5663
1762192740,0.5663,0.5664,0.566,0.566
1762192800,0.566,0.5662,0.5651,0.5651
1762192860,0.5651,0.5664,0.5651,0.5661
1762192920,0.5661,0.5661,0.5651,0.5661
1762192980,0.5661,0.567,0.5659,0.5669
1762193040,0.5669,0.567,0.5658,0.5658
1762193100,0.5658,0.5662,0.5657,0.5657
1762193160,0.5657,0.566,0.5652,0.5653
1762193220,0.5653,0.5656,0.5647,0.5654
1762193280,0.5654,0.5659,0.5654,0.5655
1762193340,0.5655,0.5659,0.5655,0.5659
1762193400,0.5659,0.567,0.5659,0.5663
1762193460,0.5663,0.5663,0.5644,0.5645
1762193520,0.5645,0.5647,0.5641,0.5645
1762193580,0.5645,0.5647,0.5638,0.5639
1762193640,0.5639,0.5639,0.5633,0.5637
1762193700,0.5637,0.5642,0.5635,0.5641
1762193760,0.5641,0.5641,0.5624,0.563
1762193820,0.563,0.5633,0.5628,0.5632
1762193880,0.5632,0.5642,0.5631,0.5639
1762193940,0.5639,0.5641,0.5637,0.5639
1762194000,0.5639,0.5645,0.5639,0.5641
1762194060,0.5641,0.5644,0.5637,0.564
1762194120,0.564,0.5649,0.564,0.5647
1762194180,0.5647,0.5647,0.5637,0.5638
1762194240,0.5638,0.5639,0.5634,0.5634
1762194300,0.5634,0.564,0.5633,0.5635
1762194360,0.5635,0.5635,0.562,0.5626
1762194420,0.5626,0.5627,0.5623,0.5627
1762194480,0.5627,0.5628,0.5621,0.5624
1762194540,0.5624,0.5625,0.5618,0.5623
1762194600,0.5623,0.5627,0.5621,0.5625
1762194660,0.5625,0.5625,0.562,0.5622
1762194720,0.5622,0.5635,0.5622,0.5635
1762194780,0.5635,0.5635,0.5623,0.5625
1762194840,0.5625,0.563,0.5625,0.5627
1762194900,0.5627,0.5628,0.5623,0.5626
1762194960,0.5626,0.5632,0.5625,0.5632
1762195020,0.5632,0.5637,0.563,0.5633
1762195080,0.5633,0.5637,0.5626,0.5627
1762195140,0.5627,0.5631,0.5626,0.5628
1762195200,0.5628,0.563,0.5627,0.5627
1762195260,0.5627,0.5628,0.5612,0.5613
1762195320,0.5613,0.5618,0.5612,0.5615
1762195380,0.5615,0.5617,0.5606,0.5607
1762195440,0.5607,0.561,0.5605,0.561
1762195500,0.561,0.561,0.559,0.5602
1762195560,0.5602,0.5602,0.5593,0.5594
1762195620,0.5594,0.5606,0.5594,0.5602
1762195680,0.5602,0.5606,0.56,0.5604
1762195740,0.5604,0.5604,0.5595,0.5595
1762195800,0.5595,0.5599,0.5593,0.5597
1762195860,0.5597,0.5607,0.5593,0.5601
1762195920,0.5601,0.5606,0.5595,0.5605
1762195980,0.5605,0.5606,0.5602,0.5602
1762196040,0.5602,0.5604,0.5597,0.5601
1762196100,0.5601,0.5603,0.5597,0.5598
1762196160,0.5598,0.5602,0.5591,0.5602
1762196220,0.5602,0.5603,0.56,0.5602
1762196280,0.5602,0.5602,0.5596,0.5599
1762196340,0.5599,0.5599,0.5592,0.5592
1762196400,0.5592,0.5601,0.5589,0.5591
1762196460,0.5591,0.5595,0.5585,0.559
1762196520,0.559,0.559,0.5573,0.558
1762196580,0.558,0.5586,0.5578,0.5585
1762196640,0.5585,0.5587,0.5578,0.5579
1762196700,0.5579,0.5583,0.5568,0.5571
1762196760,0.5571,0.5581,0.5571,0.5578
1762196820,0.5578,0.5583,0.5575,0.5581
1762196880,0.5581,0.5585,0.5579,0.5579
1762196940,0.5579,0.5581,0.5571,0.558
1762197000,0.558,0.5594,0.558,0.5583
1762197060,0.5583,0.5589,0.5582,0.5589
1762197120,0.5589,0.5591,0.5587,0.5588
1762197180,0.5588,0.5594,0.5586,0.5592
1762197240,0.5592,0.5594,0.5588,0.5594
1762197300,0.5594,0.5611,0.5593,0.5611
1762197360,0.5611,0.5619,0.5608,0.5608
1762197420,0.5608,0.561,0.5592,0.5593
1762197480,0.5593,0.5593,0.5582,0.5585
1762197540,0.5585,0.5589,0.5585,0.5587
1762197600,0.5587,0.5601,0.5587,0.5597
1762197660,0.5597,0.5603,0.5589,0.5591
1762197720,0.5591,0.5591,0.5581,0.5581
1762197780,0.5581,0.5583,0.5569,0.5573
1762197840,0.5573,0.5577,0.5573,0.5574
1762197900,0.5574,0.5579,0.5567,0.5579
1762197960,0.5579,0.558,0.5576,0.5578
1762198020,0.5578,0.5578,0.5573,0.5574
1762198080,0.5574,0.5574,0.5564,0.5564
1762198140,0.5564,0.5568,0.5563,0.5568
1762198200,0.5568,0.558,0.5567,0.5577
1762198260,0.5577,0.5584,0.5577,0.5579
1762198320,0.5579,0.5583,0.5575,0.5576
1762198380,0.5576,0.5576,0.557,0.5574
1762198440,0.5574,0.558,0.5573,0.5574
1762198500,0.5574,0.5577,0.557,0.5574
1762198560,0.5574,0.5581,0.5574,0.5575
1762198620,0.5575,0.5575,0.5568,0.557
1762198680,0.557,0.5582,0.5569,0.5579
1762198740,0.5579,0.5587,0.5579,0.5583
1762198800,0.5583,0.5591,0.5583,0.5585
1762198860,0.5585,0.5585,0.5572,0.5573
1762198920,0.5573,0.5573,0.5565,0.5566
1762198980,0.5566,0.5577,0.5566,0.5574
1762199040,0.5574,0.558,0.5573,0.558
1762199100,0.558,0.5589,0.558,0.5587
1762199160,0.5587,0.5588,0.5581,0.5584
1762199220,0.5584,0.559,0.5582,0.5585
1762199280,0.5585,0.5587,0.5575,0.5577
1762199340,0.5577,0.5578,0.5573,0.5573
1762199400,0.5573,0.5576,0.5564,0.5566
1762199460,0.5566,0.5566,0.5557,0.5563
1762199520,0.5563,0.5565,0.5554,0.5554
1762199580,0.5554,0.5562,0.5554,0.5562
1762199640,0.5562,0.5564,0.5558,0.5563
1762199700,0.5563,0.5566,0.5561,0.5565
1762199760,0.5565,0.5567,0.5559,0.5565
1762199820,0.5565,0.5566,0.5558,0.556
1762199880,0.556,0.556,0.5549,0.5552
1762199940,0.5552,0.5553,0.5544,0.555
1762200000,0.555,0.5562,0.555,0.556
1762200060,0.556,0.5561,0.5551,0.5559
1762200120,0.5559,0.556,0.5551,0.5556
1762200180,0.5556,0.5557,0.5547,0.5549
1762200240,0.5549,0.5555,0.5547,0.5555
1762200300,0.5555,0.5559,0.5542,0.5542
1762200360,0.5542,0.5542,0.5529,0.5532
1762200420,0.5532,0.5537,0.5526,0.5536
1762200480,0.5536,0.5538,0.5517,0.5518
1762200540,0.5518,0.5532,0.5518,0.5531
1762200600,0.5531,0.5536,0.5526,0.5529
1762200660,0.5529,0.5535,0.5529,0.553
1762200720,0.553,0.553,0.5522,0.5523
1762200780,0.5523,0.5532,0.5523,0.553
1762200840,0.553,0.5531,0.5523,0.5525
1762200900,0.5525,0.5531,0.5523,0.5524
1762200960,0.5524,0.5532,0.5522,0.5531
1762201020,0.5531,0.5531,0.552,0.5521
1762201080,0.5521,0.5524,0.5512,0.5524
1762201140,0.5524,0.5525,0.5516,0.552
1762201200,0.552,0.5523,0.5515,0.5523
1762201260,0.5523,0.5533,0.5523,0.5524
1762201320,0.5524,0.5525,0.552,0.5522
1762201380,0.5522,0.5523,0.5516,0.5516
1762201440,0.5516,0.5517,0.5502,0.5505
1762201500,0.5505,0.5507,0.5497,0.5503
1762201560,0.5503,0.551,0.5503,0.5506
1762201620,0.5506,0.5508,0.5499,0.5507
1762201680,0.5507,0.5514,0.5507,0.5514
1762201740,0.5514,0.5517,0.5512,0.5513
1762201800,0.5513,0.5535,0.5513,0.5532
1762201860,0.5532,0.5532,0.5517,0.5518
1762201920,0.5518,0.5521,0.5509,0.551
1762201980,0.551,0.5515,0.5506,0.551
1762202040,0.551,0.5518,0.5507,0.5507
1762202100,0.5507,0.5513,0.5506,0.5506
1762202160,0.5506,0.551,0.5502,0.551
1762202220,0.551,0.552,0.5508,0.5519
1762202280,0.5519,0.5519,0.5506,0.5508
1762202340,0.5508,0.5515,0.5508,0.5514
1762202400,0.5514,0.5516,0.5506,0.551
1762202460,0.551,0.551,0.55,0.5506
1762202520,0.5506,0.5506,0.5496,0.5498
1762202580,0.5498,0.5506,0.5495,0.5504
1762202640,0.5504,0.5504,0.5491,0.55
1762202700,0.55,0.5504,0.5498,0.5498
1762202760,0.5498,0.5498,0.548,0.5489
1762202820,0.5489,0.5501,0.5489,0.5499
1762202880,0.5499,0.5499,0.5484,0.5485
1762202940,0.5485,0.5486,0.5481,0.5483
1762203000,0.5483,0.5485,0.5467,0.5477
1762203060,0.5477,0.5477,0.5461,0.5464
1762203120,0.5464,0.5468,0.5459,0.5461
1762203180,0.5461,0.5462,0.5445,0.5454
1762203240,0.5454,0.5457,0.5447,0.5449
1762203300,0.5449,0.5459,0.5447,0.5459
1762203360,0.5459,0.5459,0.543,0.5443
1762203420,0.5443,0.5447,0.5437,0.5446
1762203480,0.5446,0.5448,0.5442,0.5444
1762203540,0.5444,0.5468,0.5444,0.5463
1762203600,0.5463,0.5489,0.546,0.5486
1762203660,0.5486,0.5505,0.5483,0.5505
1762203720,0.5505,0.5516,0.5505,0.5512
1762203780,0.5512,0.5532,0.5511,0.5523
1762203840,0.5523,0.5523,0.5514,0.5516
1762203900,0.5516,0.5531,0.5508,0.5512
1762203960,0.5512,0.5512,0.5498,0.5503
1762204020,0.5503,0.5504,0.5486,0.5491
1762204080,0.5491,0.5495,0.5489,0.5491
1762204140,0.5491,0.5505,0.5488,0.5492
1762204200,0.5492,0.5495,0.5486,0.549
1762204260,0.549,0.5494,0.5488,0.549
1762204320,0.549,0.5495,0.5488,0.5489
1762204380,0.5489,0.549,0.5483,0.5488
1762204440,0.5488,0.5488,0.5476,0.5476
1762204500,0.5476,0.5482,0.5465,0.5467
1762204560,0.5467,0.5468,0.5451,0.5451
1762204620,0.5451,0.5452,0.5417,0.5421
1762204680,0.5421,0.5443,0.5421,0.5436
1762204740,0.5436,0.545,0.5434,0.5448
1762204800,0.5448,0.5453,0.5444,0.5451
1762204860,0.5451,0.5453,0.5439,0.5452
1762204920,0.5452,0.549,0.5452,0.549
1762204980,0.549,0.5499,0.5479,0.5479
1762205040,0.5479,0.5479,0.5466,0.5467
1762205100,0.5467,0.5469,0.5459,0.5459
1762205160,0.5459,0.5462,0.5451,0.5452
1762205220,0.5452,0.5457,0.5449,0.5451
1762205280,0.5451,0.5465,0.5447,0.5462
1762205340,0.5462,0.5472,0.5462,0.5471
1762205400,0.5471,0.5478,0.5465,0.5477
1762205460,0.5477,0.548,0.5461,0.5464
1762205520,0.5464,0.5477,0.5461,0.5471
1762205580,0.5471,0.5483,0.5471,0.5482
1762205640,0.5482,0.5501,0.5482,0.55
1762205700,0.55,0.55,0.5492,0.5496
1762205760,0.5496,0.5508,0.5495,0.5505
1762205820,0.5505,0.5507,0.5495,0.5501
1762205880,0.5501,0.5509,0.5499,0.5502
1762205940,0.5502,0.5503,0.5491,0.5493
1762206000,0.5493,0.5499,0.549,0.5497
1762206060,0.5497,0.5502,0.5493,0.5502
1762206120,0.5502,0.5506,0.5498,0.5505
1762206180,0.5505,0.5513,0.5501,0.5513
1762206240,0.5513,0.5513,0.5509,0.551
1762206300,0.551,0.5515,0.5507,0.5509
1762206360,0.5509,0.5517,0.5507,0.5515
1762206420,0.5515,0.5515,0.5501,0.5501
1762206480,0.5501,0.5515,0.5501,0.5511
1762206540,0.5511,0.5511,0.5504,0.5507
1762206600,0.5507,0.5522,0.5506,0.5517
1762206660,0.5517,0.5523,0.5514,0.552
1762206720,0.552,0.552,0.5516,0.5519
1762206780,0.5519,0.5526,0.5519,0.552
1762206840,0.552,0.552,0.5516,0.552
1762206900,0.552,0.5523,0.5516,0.5516
1762206960,0.5516,0.552,0.5515,0.5518
1762207020,0.5518,0.5521,0.5516,0.5518
1762207080,0.5518,0.5518,0.5515,0.5517
1762207140,0.5517,0.5526,0.5514,0.5524
1762207200,0.5524,0.5528,0.5521,0.5522
1762207260,0.5522,0.5527,0.5515,0.5515
1762207320,0.5515,0.5519,0.5507,0.5512
1762207380,0.5512,0.5512,0.5491,0.5494
1762207440,0.5494,0.5505,0.5493,0.5502
1762207500,0.5502,0.5515,0.5502,0.5509
1762207560,0.5509,0.5509,0.5495,0.5498
1762207620,0.5498,0.5498,0.5488,0.549
1762207680,0.549,0.5499,0.5488,0.5495
1762207740,0.5495,0.5499,0.5492,0.5498
1762207800,0.5498,0.55,0.5494,0.5496
1762207860,0.5496,0.5499,0.549,0.5494
1762207920,0.5494,0.5494,0.5478,0.5479
1762207980,0.5479,0.5492,0.5479,0.5489
1762208040,0.5489,0.5495,0.548,0.5492
1762208100,0.5492,0.5501,0.5489,0.5492
1762208160,0.5492,0.5506,0.549,0.55
1762208220,0.55,0.5508,0.5497,0.5507
1762208280,0.5507,0.5509,0.5502,0.5505
1762208340,0.5505,0.5505,0.5494,0.5498
1762208400,0.5498,0.5503,0.5497,0.5503
1762208460,0.5503,0.5508,0.549,0.549
1762208520,0.549,0.549,0.5473,0.5483
1762208580,0.5483,0.5493,0.5483,0.5492
1762208640,0.5492,0.5494,0.5481,0.5485
1762208700,0.5485,0.5485,0.5475,0.5475
1762208760,0.5475,0.548,0.5468,0.5468
1762208820,0.5468,0.5472,0.5462,0.5462
1762208880,0.5462,0.5466,0.5453,0.5454
1762208940,0.5454,0.5462,0.5454,0.5456
1762209000,0.5456,0.5456,0.5432,0.545
1762209060,0.545,0.5457,0.5448,0.5452
1762209120,0.5452,0.5456,0.5441,0.5448
1762209180,0.5448,0.5452,0.5445,0.5445
1762209240,0.5445,0.5472,0.5443,0.5468
1762209300,0.5468,0.5472,0.5459,0.5459
1762209360,0.5459,0.5485,0.5459,0.5479
1762209420,0.5479,0.5488,0.5476,0.5476
1762209480,0.5476,0.5477,0.547,0.547
1762209540,0.547,0.5471,0.5457,0.5461
1762209600,0.5461,0.5474,0.546,0.5466
1762209660,0.5466,0.5471,0.5466,0.5469
1762209720,0.5469,0.5475,0.5464,0.5469
1762209780,0.5469,0.5474,0.5469,0.5471
1762209840,0.5471,0.5471,0.5468,0.547
1762209900,0.547,0.5489,0.547,0.5488
1762209960,0.5488,0.5499,0.5487,0.5499
1762210020,0.5499,0.5502,0.5494,0.55
1762210080,0.55,0.5506,0.5499,0.5501
1762210140,0.5501,0.5509,0.55,0.5508
1762210200,0.5508,0.5515,0.5508,0.5511
1762210260,0.5511,0.5512,0.5508,0.5509
1762210320,0.5509,0.5509,0.5499,0.5504
1762210380,0.5504,0.5509,0.5503,0.5503
1762210440,0.5503,0.5503,0.55,0.55
1762210500,0.55,0.55,0.5481,0.5483
1762210560,0.5483,0.5486,0.548,0.5481
1762210620,0.5481,0.5484,0.5475,0.5484
1762210680,0.5484,0.5492,0.5482,0.5485
1762210740,0.5485,0.5491,0.5484,0.5487
1762210800,0.5487,0.5487,0.5471,0.5471
1762210860,0.5471,0.5473,0.5461,0.5462
1762210920,0.5462,0.5463,0.5451,0.5452
1762210980,0.5452,0.5457,0.5449,0.5455
1762211040,0.5455,0.5458,0.545,0.5458
1762211100,0.5458,0.5467,0.5455,0.5465
1762211160,0.5465,0.5466,0.5461,0.5466
1762211220,0.5466,0.5466,0.5457,0.5461
1762211280,0.5461,0.5467,0.5461,0.5462
1762211340,0.5462,0.5473,0.5462,0.5469
1762211400,0.5469,0.5475,0.5464,0.5465
1762211460,0.5465,0.5476,0.5464,0.5476
1762211520,0.5476,0.5482,0.5474,0.5481
1762211580,0.5481,0.5482,0.5472,0.5473
1762211640,0.5473,0.5477,0.547,0.5471
1762211700,0.5471,0.5473,0.5467,0.5472
1762211760,0.5472,0.5472,0.5462,0.5466
1762211820,0.5466,0.5485,0.5466,0.5485
1762211880,0.5485,0.5487,0.5484,0.5485
1762211940,0.5485,0.5495,0.5482,0.5494
1762212000,0.5494,0.5501,0.5493,0.55
1762212060,0.55,0.5505,0.5497,0.5505
1762212120,0.5505,0.5508,0.5492,0.5493
1762212180,0.5493,0.5496,0.5488,0.5494
1762212240,0.5494,0.5499,0.5494,0.5499
1762212300,0.5499,0.5509,0.5498,0.5508
1762212360,0.5508,0.5508,0.5504,0.5504
1762212420,0.5504,0.5507,0.5502,0.5505
1762212480,0.5505,0.5505,0.5503,0.5505
1762212540,0.5505,0.5509,0.5504,0.5506
1762212600,0.5506,0.5507,0.5503,0.5503
1762212660,0.5503,0.5511,0.5503,0.5504
1762212720,0.5504,0.5504,0.5502,0.5504
1762212780,0.5504,0.5514,0.5504,0.5511
1762212840,0.5511,0.5518,0.5511,0.5516
1762212900,0.5516,0.552,0.5515,0.5515
1762212960,0.5515,0.5515,0.5507,0.5507
1762213020,0.5507,0.5515,0.5507,0.5514
1762213080,0.5514,0.5521,0.5514,0.5519
1762213140,0.5519,0.5525,0.5519,0.5522
1762213200,0.5522,0.553,0.5521,0.553
1762213260,0.553,0.553,0.552,0.5522
1762213320,0.5522,0.5525,0.5522,0.5524
1762213380,0.5524,0.5527,0.5519,0.5526
1762213440,0.5526,0.5529,0.5522,0.5526
1762213500,0.5526,0.5529,0.5524,0.5526
1762213560,0.5526,0.5527,0.5521,0.5521
1762213620,0.5521,0.5521,0.551,0.5511
1762213680,0.5511,0.5513,0.551,0.5513
1762213740,0.5513,0.5515,0.5507,0.5515
1762213800,0.5515,0.5515,0.551,0.5511
1762213860,0.5511,0.5511,0.5505,0.5508
1762213920,0.5508,0.5515,0.5508,0.5509
1762213980,0.5509,0.5513,0.5507,0.5512
1762214040,0.5512,0.552,0.5512,0.5518
1762214100,0.5518,0.5525,0.5517,0.5522
1762214160,0.5522,0.5525,0.552,0.5525
1762214220,0.5525,0.5526,0.5522,0.5525
1762214280,0.5525,0.5525,0.552,0.552
1762214340,0.552,0.5524,0.552,0.5524
1762214400,0.5524,0.5528,0.5513,0.5513
1762214460,0.5513,0.5514,0.5509,0.5513
1762214520,0.5513,0.5514,0.5509,0.5509
1762214580,0.5509,0.5513,0.5509,0.551
1762214640,0.551,0.5514,0.5509,0.5509
1762214700,0.5509,0.5517,0.5504,0.5507
1762214760,0.5507,0.5517,0.5507,0.5515
1762214820,0.5515,0.5524,0.5513,0.5523
1762214880,0.5523,0.5523,0.5516,0.5518
1762214940,0.5518,0.5518,0.5514,0.5517
1762215000,0.5517,0.5519,0.5511,0.5513
1762215060,0.5513,0.5518,0.5511,0.5518
1762215120,0.5518,0.5519,0.5507,0.5512
1762215180,0.5512,0.5514,0.5511,0.5514
1762215240,0.5514,0.5516,0.5505,0.5507
1762215300,0.5507,0.5511,0.5504,0.5507
1762215360,0.5507,0.5507,0.5498,0.55
1762215420,0.55,0.5508,0.5497,0.5508
1762215480,0.5508,0.5519,0.5508,0.5511
1762215540,0.5511,0.5511,0.5503,0.5505
1762215600,0.5505,0.551,0.5502,0.5502
1762215660,0.5502,0.5502,0.5491,0.5492
1762215720,0.5492,0.5493,0.5483,0.5483
1762215780,0.5483,0.5489,0.5479,0.5479
1762215840,0.5479,0.5482,0.5473,0.5475
1762215900,0.5475,0.5475,0.5471,0.5474
1762215960,0.5474,0.5476,0.5471,0.5471
1762216020,0.5471,0.5471,0.5461,0.5462
1762216080,0.5462,0.5473,0.5462,0.5473
1762216140,0.5473,0.5473,0.5464,0.5464
1762216200,0.5464,0.5481,0.5463,0.5481
1762216260,0.5481,0.5494,0.5479,0.5484
1762216320,0.5484,0.549,0.5476,0.5487
1762216380,0.5487,0.5515,0.5487,0.5512
1762216440,0.5512,0.5522,0.5509,0.5517
1762216500,0.5517,0.5526,0.5517,0.5522
1762216560,0.5522,0.5559,0.5522,0.5556
1762216620,0.5556,0.5556,0.5543,0.5543
1762216680,0.5543,0.5567,0.554,0.5566
1762216740,0.5566,0.5568,0.5556,0.5563
1762216800,0.5563,0.5576,0.5561,0.5563
1762216860,0.5563,0.5563,0.5555,0.5555
1762216920,0.5555,0.5572,0.5554,0.557
1762216980,0.557,0.5578,0.5568,0.5575
1762217040,0.5575,0.5578,0.5571,0.5571
1762217100,0.5571,0.5572,0.5561,0.5563
1762217160,0.5563,0.5571,0.5561,0.5561
1762217220,0.5561,0.5566,0.5561,0.5563
1762217280,0.5563,0.5569,0.5562,0.5562
1762217340,0.5562,0.557,0.5561,0.5569
1762217400,0.5569,0.5569,0.5552,0.5552
1762217460,0.5552,0.5562,0.555,0.5555
1762217520,0.5555,0.5559,0.5555,0.5557
1762217580,0.5557,0.5563,0.5556,0.5563
1762217640,0.5563,0.5565,0.5555,0.5555
1762217700,0.5555,0.5555,0.5541,0.5541
1762217760,0.5541,0.5542,0.5533,0.5536
1762217820,0.5536,0.5547,0.5536,0.5547
1762217880,0.5547,0.5547,0.5542,0.5545
1762217940,0.5545,0.5553,0.5545,0.5552
1762218000,0.5552,0.5556,0.5548,0.5551
1762218060,0.5551,0.5557,0.555,0.5557
1762218120,0.5557,0.5557,0.5547,0.5549
1762218180,0.5549,0.5554,0.5545,0.5545
1762218240,0.5545,0.5545,0.5533,0.5534
1762218300,0.5534,0.5534,0.5523,0.5529
1762218360,0.5529,0.5549,0.5529,0.5548
1762218420,0.5548,0.5558,0.5548,0.5555
1762218480,0.5555,0.5555,0.5544,0.5546
1762218540,0.5546,0.5553,0.5542,0.5553
1762218600,0.5553,0.5559,0.5549,0.5552
1762218660,0.5552,0.5557,0.5551,0.5557
1762218720,0.5557,0.5563,0.5556,0.5556
1762218780,0.5556,0.5556,0.555,0.5553
1762218840,0.5553,0.5556,0.5551,0.5552
1762218900,0.5552,0.5555,0.5549,0.5554
1762218960,0.5554,0.5554,0.5544,0.5552
1762219020,0.5552,0.5552,0.5545,0.555
1762219080,0.555,0.5555,0.5547,0.5554
1762219140,0.5554,0.5557,0.5549,0.5555
1762219200,0.5555,0.5575,0.5555,0.5575
1762219260,0.5575,0.5582,0.557,0.5582
1762219320,0.5582,0.5585,0.557,0.5582
1762219380,0.5582,0.5584,0.557,0.5578
1762219440,0.5578,0.5583,0.5575,0.5576
1762219500,0.5576,0.5583,0.5574,0.5576
1762219560,0.5576,0.5578,0.5565,0.5566
1762219620,0.5566,0.5567,0.5563,0.5563
1762219680,0.5563,0.5563,0.5555,0.5556
1762219740,0.5556,0.5564,0.5556,0.5564
1762219800,0.5564,0.5573,0.5562,0.5569
1762219860,0.5569,0.5569,0.556,0.5566
1762219920,0.5566,0.5577,0.5566,0.5576
1762219980,0.5576,0.5581,0.5573,0.5579
1762220040,0.5579,0.5587,0.5578,0.5586
1762220100,0.5586,0.5586,0.5575,0.5581
1762220160,0.5581,0.5591,0.5581,0.5586
1762220220,0.5586,0.5587,0.5577,0.558
1762220280,0.558,0.5598,0.558,0.5596
1762220340,0.5596,0.5602,0.5586,0.559
1762220400,0.559,0.5594,0.5586,0.5586
1762220460,0.5586,0.5587,0.5577,0.5579
1762220520,0.5579,0.5582,0.5579,0.5579
1762220580,0.5579,0.558,0.5576,0.5579
1762220640,0.5579,0.5584,0.5577,0.5581
1762220700,0.5581,0.5584,0.5578,0.5578
1762220760,0.5578,0.5581,0.5577,0.5578
1762220820,0.5578,0.558,0.5574,0.5574
1762220880,0.5574,0.558,0.5574,0.5578
1762220940,0.5578,0.5581,0.5572,0.5572
1762221000,0.5572,0.5573,0.5568,0.5572
1762221060,0.5572,0.5572,0.5567,0.5568
1762221120,0.5568,0.5568,0.5561,0.5567
1762221180,0.5567,0.5579,0.5567,0.5578
1762221240,0.5578,0.5585,0.5578,0.5585
1762221300,0.5585,0.559,0.5585,0.559
1762221360,0.559,0.5596,0.559,0.5591
1762221420,0.5591,0.5597,0.5589,0.5597
1762221480,0.5597,0.5597,0.5587,0.5587
1762221540,0.5587,0.5588,0.5586,0.5587
1762221600,0.5587,0.5587,0.5578,0.5578
1762221660,0.5578,0.5581,0.5576,0.5579
1762221720,0.5579,0.5581,0.5575,0.5575
1762221780,0.5575,0.5577,0.5572,0.5572
1762221840,0.5572,0.5575,0.5571,0.5571
1762221900,0.5571,0.5572,0.5566,0.5567
1762221960,0.5567,0.5568,0.5563,0.5564
1762222020,0.5564,0.5574,0.5564,0.5574
1762222080,0.5574,0.5579,0.5572,0.5579
1762222140,0.5579,0.5584,0.5579,0.5582
1762222200,0.5582,0.5583,0.5575,0.5575
1762222260,0.5575,0.5579,0.5574,0.5578
1762222320,0.5578,0.5585,0.5578,0.5583
1762222380,0.5583,0.5583,0.5571,0.5579
1762222440,0.5579,0.5579,0.5576,0.5578
1762222500,0.5578,0.5579,0.5573,0.5578
1762222560,0.5578,0.5578,0.5569,0.5575
1762222620,0.5575,0.5581,0.5574,0.5575
1762222680,0.5575,0.5582,0.5575,0.5579
1762222740,0.5579,0.5582,0.5579,0.5582
1762222800,0.5582,0.5588,0.5582,0.5585
1762222860,0.5585,0.5587,0.5583,0.5583
1762222920,0.5583,0.5589,0.5583,0.5587
1762222980,0.5587,0.559,0.5582,0.5585
1762223040,0.5585,0.5585,0.5579,0.5584
1762223100,0.5584,0.5591,0.5584,0.5586
1762223160,0.5586,0.559,0.5585,0.5585
1762223220,0.5585,0.5591,0.5585,0.5588
1762223280,0.5588,0.5592,0.5582,0.5582
1762223340,0.5582,0.5584,0.558,0.5583
1762223400,0.5583,0.5583,0.5575,0.5578
1762223460,0.5578,0.5586,0.5578,0.5585
1762223520,0.5585,0.559,0.5584,0.5587
1762223580,0.5587,0.5587,0.5573,0.5577
1762223640,0.5577,0.5587,0.5576,0.5583
1762223700,0.5583,0.5589,0.5583,0.5585
1762223760,0.5585,0.5594,0.5585,0.5585
1762223820,0.5585,0.5585,0.5578,0.5584
1762223880,0.5584,0.5595,0.5584,0.559
1762223940,0.559,0.5598,0.5589,0.559
1762224000,0.559,0.5596,0.5589,0.5589
1762224060,0.5589,0.5591,0.5585,0.5587
1762224120,0.5587,0.5587,0.5576,0.5578
1762224180,0.5578,0.558,0.5574,0.5579
1762224240,0.5579,0.5584,0.5578,0.5582
1762224300,0.5582,0.5582,0.5574,0.5576
1762224360,0.5576,0.5581,0.5572,0.5579
1762224420,0.5579,0.5579,0.5565,0.5568
1762224480,0.5568,0.5573,0.5564,0.5573
1762224540,0.5573,0.5578,0.5571,0.5571
1762224600,0.5571,0.5579,0.557,0.5577
1762224660,0.5577,0.5579,0.5569,0.5569
1762224720,0.5569,0.5571,0.5563,0.5568
1762224780,0.5568,0.5576,0.5568,0.5575
1762224840,0.5575,0.5577,0.5573,0.5576
1762224900,0.5576,0.5577,0.5572,0.5573
1762224960,0.5573,0.5579,0.5573,0.5578
1762225020,0.5578,0.5578,0.5573,0.5576
1762225080,0.5576,0.5578,0.5575,0.5577
1762225140,0.5577,0.5578,0.5572,0.5572
1762225200,0.5572,0.559,0.5572,0.5579
1762225260,0.5579,0.5585,0.5575,0.558
1762225320,0.558,0.5583,0.5571,0.5571
1762225380,0.5571,0.5573,0.5565,0.5566
1762225440,0.5566,0.5572,0.5566,0.5571
1762225500,0.5571,0.5572,0.5561,0.5561
1762225560,0.5561,0.5561,0.5553,0.5559
1762225620,0.5559,0.5561,0.5555,0.5559
1762225680,0.5559,0.5573,0.5559,0.5573
1762225740,0.5573,0.5573,0.5568,0.5569
1762225800,0.5569,0.5572,0.5568,0.5568
1762225860,0.5568,0.558,0.5568,0.5579
1762225920,0.5579,0.5585,0.5579,0.5583
1762225980,0.5583,0.5599,0.5583,0.5599
1762226040,0.5599,0.5609,0.5595,0.5607
1762226100,0.5607,0.5614,0.5602,0.5608
1762226160,0.5608,0.5608,0.5597,0.5599
1762226220,0.5599,0.5603,0.5598,0.5601
1762226280,0.5601,0.5611,0.5598,0.5598
1762226340,0.5598,0.5598,0.5593,0.5595
1762226400,0.5595,0.5598,0.5593,0.5593
1762226460,0.5593,0.5593,0.559,0.5591
1762226520,0.5591,0.5598,0.5591,0.5598
1762226580,0.5598,0.56,0.5595,0.5597
1762226640,0.5597,0.5601,0.5591,0.5591
1762226700,0.5591,0.5603,0.5591,0.5603
1762226760,0.5603,0.5604,0.5596,0.5596
1762226820,0.5596,0.5601,0.5596,0.5601
1762226880,0.5601,0.5604,0.56,0.5602
1762226940,0.5602,0.5603,0.5599,0.56
1762227000,0.56,0.5602,0.5596,0.5597
1762227060,0.5597,0.5597,0.5589,0.5591
1762227120,0.5591,0.5599,0.5591,0.5593
1762227180,0.5593,0.5608,0.5593,0.5605
1762227240,0.5605,0.5619,0.5605,0.5616
1762227300,0.5616,0.5624,0.5612,0.5615
1762227360,0.5615,0.5615,0.5604,0.5606
1762227420,0.5606,0.5617,0.5606,0.5617
1762227480,0.5617,0.5617,0.5611,0.5613
1762227540,0.5613,0.5616,0.561,0.5615
1762227600,0.5615,0.5617,0.5608,0.5608
1762227660,0.5608,0.5613,0.5608,0.5611
1762227720,0.5611,0.5613,0.5611,0.5612
1762227780,0.5612,0.5619,0.5612,0.5619
1762227840,0.5619,0.5619,0.5615,0.5615
1762227900,0.5615,0.5617,0.5605,0.5605
1762227960,0.5605,0.5608,0.5601,0.5608
1762228020,0.5608,0.5608,0.5603,0.5604
1762228080,0.5604,0.5608,0.5597,0.5598
1762228140,0.5598,0.5601,0.5597,0.5597
1762228200,0.5597,0.56,0.5596,0.56
1762228260,0.56,0.5605,0.5598,0.5601
1762228320,0.5601,0.5602,0.5595,0.5598
1762228380,0.5598,0.5607,0.5597,0.5606
1762228440,0.5606,0.5609,0.5604,0.5607
1762228500,0.5607,0.5614,0.5606,0.5613
1762228560,0.5613,0.5613,0.5607,0.5608
1762228620,0.5608,0.5617,0.5608,0.5615
1762228680,0.5615,0.562,0.5615,0.5615
1762228740,0.5615,0.5616,0.5611,0.5611
1762228800,0.5611,0.5617,0.561,0.5611
1762228860,0.5611,0.5615,0.5606,0.5614
1762228920,0.5614,0.562,0.561,0.561
1762228980,0.561,0.5617,0.5609,0.5615
1762229040,0.5615,0.5625,0.5615,0.5623
1762229100,0.5623,0.5631,0.5622,0.5622
1762229160,0.5622,0.5622,0.5608,0.5612
1762229220,0.5612,0.5616,0.561,0.5614
1762229280,0.5614,0.5618,0.5611,0.5617
1762229340,0.5617,0.5617,0.561,0.5617
1762229400,0.5617,0.5624,0.5617,0.5622
1762229460,0.5622,0.5628,0.5621,0.5626
1762229520,0.5626,0.5627,0.5617,0.562
1762229580,0.562,0.5621,0.5613,0.5613
1762229640,0.5613,0.5619,0.5612,0.5619
1762229700,0.5619,0.5619,0.5611,0.5611
1762229760,0.5611,0.5611,0.5601,0.5602
1762229820,0.5602,0.5607,0.5594,0.5605
1762229880,0.5605,0.5609,0.5601,0.5602
1762229940,0.5602,0.5603,0.5597,0.5602
1762230000,0.5602,0.5606,0.5597,0.5597
1762230060,0.5597,0.5602,0.5595,0.56
1762230120,0.56,0.5609,0.5597,0.5607
1762230180,0.5607,0.5608,0.5602,0.5604
1762230240,0.5604,0.5604,0.5598,0.5601
1762230300,0.5601,0.5601,0.5596,0.5599
1762230360,0.5599,0.5604,0.5596,0.5599
1762230420,0.5599,0.5604,0.5597,0.5601
1762230480,0.5601,0.5605,0.56,0.5604
1762230540,0.5604,0.5607,0.5603,0.5605
1762230600,0.5605,0.5611,0.5605,0.5609
1762230660,0.5609,0.5613,0.5602,0.5613
1762230720,0.5613,0.5614,0.5602,0.5604
1762230780,0.5604,0.5612,0.5598,0.5599
1762230840,0.5599,0.56,0.5596,0.56
1762230900,0.56,0.5601,0.5591,0.5592
1762230960,0.5592,0.5592,0.558,0.5591
1762231020,0.5591,0.5592,0.5586,0.559
1762231080,0.559,0.5598,0.559,0.5591
1762231140,0.5591,0.5591,0.5583,0.5589
1762231200,0.5589,0.5595,0.5585,0.5585
1762231260,0.5585,0.5585,0.5577,0.5584
1762231320,0.5584,0.5587,0.558,0.558
1762231380,0.558,0.5582,0.5578,0.5578
1762231440,0.5578,0.5584,0.5578,0.5581
1762231500,0.5581,0.5584,0.5576,0.5581
1762231560,0.5581,0.5586,0.5579,0.5586
1762231620,0.5586,0.5591,0.5577,0.5577
1762231680,0.5577,0.5584,0.5577,0.5581
1762231740,0.5581,0.5584,0.558,0.5583
1762231800,0.5583,0.5584,0.5578,0.5581
1762231860,0.5581,0.5585,0.558,0.5581
1762231920,0.5581,0.5581,0.5571,0.5579
1762231980,0.5579,0.5587,0.5579,0.5579
1762232040,0.5579,0.5583,0.5576,0.5577
1762232100,0.5577,0.5579,0.5573,0.5573
1762232160,0.5573,0.5577,0.5572,0.5574
1762232220,0.5574,0.558,0.5574,0.558
1762232280,0.558,0.5582,0.5576,0.5578
1762232340,0.5578,0.5578,0.5572,0.5576
1762232400,0.5576,0.5576,0.5568,0.5571
1762232460,0.5571,0.5574,0.557,0.5572
1762232520,0.5572,0.5584,0.5571,0.5579
1762232580,0.5579,0.5581,0.5577,0.5581
1762232640,0.5581,0.5582,0.5575,0.5575
1762232700,0.5575,0.5579,0.5574,0.5579
1762232760,0.5579,0.5579,0.5572,0.5577
1762232820,0.5577,0.5581,0.5577,0.5579
1762232880,0.5579,0.5583,0.5578,0.5579
1762232940,0.5579,0.5591,0.5579,0.5591
1762233000,0.5591,0.5598,0.5591,0.5592
1762233060,0.5592,0.5597,0.5589,0.5589
1762233120,0.5589,0.559,0.5584,0.5586
1762233180,0.5586,0.5586,0.5582,0.5585
1762233240,0.5585,0.5585,0.5576,0.5577
1762233300,0.5577,0.5579,0.5561,0.5561
1762233360,0.5561,0.5561,0.5548,0.5551
1762233420,0.5551,0.5551,0.5543,0.5547
1762233480,0.5547,0.5551,0.5535,0.5542
1762233540,0.5542,0.5544,0.5526,0.5539
1762233600,0.5539,0.5539,0.5531,0.5536
1762233660,0.5536,0.554,0.5511,0.5514
1762233720,0.5514,0.5523,0.5509,0.5522
1762233780,0.5522,0.5529,0.552,0.5521
1762233840,0.5521,0.5522,0.5497,0.5506
1762233900,0.5506,0.5519,0.5506,0.5509
1762233960,0.5509,0.5511,0.5499,0.5503
1762234020,0.5503,0.5507,0.5493,0.5503
1762234080,0.5503,0.5509,0.5484,0.5488
1762234140,0.5488,0.5501,0.5485,0.5493
1762234200,0.5493,0.5493,0.5461,0.5474
1762234260,0.5474,0.5474,0.5432,0.544
1762234320,0.544,0.5465,0.544,0.5453
1762234380,0.5453,0.5457,0.5428,0.5431
1762234440,0.5431,0.5455,0.543,0.5444
1762234500,0.5444,0.5455,0.5439,0.5445
1762234560,0.5445,0.5464,0.5443,0.5461
1762234620,0.5461,0.5474,0.5454,0.547
1762234680,0.547,0.5473,0.5455,0.5455
1762234740,0.5455,0.5455,0.5447,0.5452
1762234800,0.5452,0.5465,0.5446,0.5449
1762234860,0.5449,0.5451,0.544,0.5446
1762234920,0.5446,0.5451,0.5445,0.5447
1762234980,0.5447,0.5449,0.5433,0.5438
1762235040,0.5438,0.5443,0.5425,0.5425
1762235100,0.5425,0.5435,0.5419,0.5421
1762235160,0.5421,0.5424,0.54,0.5423
1762235220,0.5423,0.5423,0.5408,0.5413
1762235280,0.5413,0.5414,0.5369,0.5372
1762235340,0.5372,0.539,0.5369,0.5378
1762235400,0.5378,0.5399,0.5378,0.5391
1762235460,0.5391,0.5394,0.5372,0.5373
1762235520,0.5373,0.5377,0.5342,0.5351
1762235580,0.5351,0.5356,0.5334,0.5351
1762235640,0.5351,0.5359,0.5338,0.5343
1762235700,0.5343,0.5358,0.5342,0.5343
1762235760,0.5343,0.5351,0.5315,0.5321
1762235820,0.5321,0.5351,0.5321,0.5346
1762235880,0.5346,0.5347,0.5333,0.5344
1762235940,0.5344,0.5349,0.5333,0.534
1762236000,0.534,0.5359,0.5331,0.5355
1762236060,0.5355,0.5372,0.535,0.5372
1762236120,0.5372,0.539,0.5367,0.5378
1762236180,0.5378,0.5387,0.5376,0.5381
1762236240,0.5381,0.5398,0.538,0.5393
1762236300,0.5393,0.5397,0.5379,0.5381
1762236360,0.5381,0.5386,0.5368,0.5377
1762236420,0.5377,0.5386,0.5377,0.5382
1762236480,0.5382,0.5382,0.5356,0.5358
1762236540,0.5358,0.5375,0.5357,0.5369
1762236600,0.5369,0.5383,0.5362,0.5382
1762236660,0.5382,0.5389,0.5378,0.5388
1762236720,0.5388,0.5392,0.5375,0.539
1762236780,0.539,0.542,0.539,0.542
1762236840,0.542,0.5441,0.5414,0.5439
1762236900,0.5439,0.5483,0.5438,0.5473
1762236960,0.5473,0.5497,0.547,0.5483
1762237020,0.5483,0.5494,0.5476,0.5485
1762237080,0.5485,0.5486,0.5472,0.5475
1762237140,0.5475,0.5482,0.5464,0.5467
1762237200,0.5467,0.5477,0.5466,0.5473
1762237260,0.5473,0.5484,0.5469,0.548
1762237320,0.548,0.548,0.5461,0.5461
1762237380,0.5461,0.5462,0.5444,0.5446
1762237440,0.5446,0.545,0.5438,0.5439
1762237500,0.5439,0.5445,0.5438,0.5443
1762237560,0.5443,0.5445,0.5435,0.5439
1762237620,0.5439,0.5443,0.5435,0.5442
1762237680,0.5442,0.5451,0.5438,0.5443
1762237740,0.5443,0.545,0.5441,0.5445
1762237800,0.5445,0.5445,0.543,0.5432
1762237860,0.5432,0.5434,0.5412,0.5417
1762237920,0.5417,0.5437,0.5416,0.5437
1762237980,0.5437,0.5442,0.5426,0.5426
1762238040,0.5426,0.5435,0.5426,0.5434
1762238100,0.5434,0.5437,0.5415,0.5419
1762238160,0.5419,0.5423,0.5412,0.5412
1762238220,0.5412,0.5415,0.5404,0.5405
1762238280,0.5405,0.5405,0.5392,0.5397
1762238340,0.5397,0.5398,0.5383,0.5383
1762238400,0.5383,0.5392,0.5377,0.5388
1762238460,0.5388,0.5391,0.5381,0.539
1762238520,0.539,0.539,0.538,0.538
1762238580,0.538,0.5389,0.538,0.5387
1762238640,0.5387,0.5392,0.5381,0.5384
1762238700,0.5384,0.5396,0.5383,0.5394
1762238760,0.5394,0.5403,0.5393,0.5398
1762238820,0.5398,0.5401,0.5394,0.5398
1762238880,0.5398,0.5407,0.5386,0.5392
1762238940,0.5392,0.5394,0.5385,0.5388
1762239000,0.5388,0.5395,0.5388,0.5393
1762239060,0.5393,0.5396,0.5384,0.5384
1762239120,0.5384,0.5387,0.5373,0.5387
1762239180,0.5387,0.5404,0.5387,0.5399
1762239240,0.5399,0.5403,0.5376,0.5377
1762239300,0.5377,0.5381,0.5375,0.5381
1762239360,0.5381,0.539,0.538,0.5388
1762239420,0.5388,0.539,0.5379,0.5384
1762239480,0.5384,0.5385,0.5378,0.5384
1762239540,0.5384,0.5396,0.5384,0.5392
1762239600,0.5392,0.5392,0.5384,0.5386
1762239660,0.5386,0.5396,0.538,0.5393
1762239720,0.5393,0.5397,0.5386,0.5387
1762239780,0.5387,0.5388,0.5347,0.536
1762239840,0.536,0.5371,0.5353,0.5371
1762239900,0.5371,0.5371,0.5357,0.5366
1762239960,0.5366,0.5383,0.5361,0.5374
1762240020,0.5374,0.5387,0.5371,0.5376
1762240080,0.5376,0.5382,0.5365,0.5365
1762240140,0.5365,0.5365,0.5355,0.5356
1762240200,0.5356,0.5364,0.5348,0.5349
1762240260,0.5349,0.5363,0.5349,0.5358
1762240320,0.5358,0.5366,0.535,0.5355
1762240380,0.5355,0.5357,0.5338,0.5342
1762240440,0.5342,0.5354,0.5341,0.5348
1762240500,0.5348,0.5348,0.5332,0.5333
1762240560,0.5333,0.5376,0.5333,0.5366
1762240620,0.5366,0.5368,0.5349,0.5352
1762240680,0.5352,0.5363,0.5347,0.5362
1762240740,0.5362,0.5362,0.5351,0.5352
1762240800,0.5352,0.5354,0.5342,0.5348
1762240860,0.5348,0.5355,0.5345,0.5349
1762240920,0.5349,0.5353,0.5343,0.5346
1762240980,0.5346,0.5346,0.5332,0.5334
1762241040,0.5334,0.534,0.5332,0.5333
1762241100,0.5333,0.5346,0.5328,0.5346
1762241160,0.5346,0.5358,0.5335,0.5335
1762241220,0.5335,0.5336,0.5325,0.5329
1762241280,0.5329,0.5329,0.5307,0.5317
1762241340,0.5317,0.5319,0.5314,0.5315
1762241400,0.5315,0.5331,0.5314,0.5325
1762241460,0.5325,0.5338,0.5322,0.5332
1762241520,0.5332,0.5336,0.5325,0.5331
1762241580,0.5331,0.5334,0.5327,0.5332
1762241640,0.5332,0.5349,0.5331,0.5333
1762241700,0.5333,0.534,0.533,0.5337
1762241760,0.5337,0.5338,0.5329,0.5337
1762241820,0.5337,0.5352,0.5337,0.5351
1762241880,0.5351,0.5351,0.5345,0.5347
1762241940,0.5347,0.537,0.5344,0.5366
1762242000,0.5366,0.5368,0.5357,0.5358
1762242060,0.5358,0.5358,0.534,0.5343
1762242120,0.5343,0.5344,0.5327,0.5327
1762242180,0.5327,0.5328,0.5313,0.5323
1762242240,0.5323,0.5327,0.5319,0.5327
1762242300,0.5327,0.5332,0.5322,0.5331
1762242360,0.5331,0.5331,0.532,0.5322
1762242420,0.5322,0.5325,0.5317,0.532
1762242480,0.532,0.532,0.5301,0.5304
1762242540,0.5304,0.5314,0.5303,0.5309
1762242600,0.5309,0.5324,0.5309,0.5323
1762242660,0.5323,0.5332,0.532,0.5331
1762242720,0.5331,0.5343,0.533,0.5343
1762242780,0.5343,0.5343,0.5335,0.5343
1762242840,0.5343,0.5344,0.5335,0.5344
1762242900,0.5344,0.5344,0.533,0.5334
1762242960,0.5334,0.5342,0.5334,0.534
1762243020,0.534,0.5341,0.5332,0.5334
1762243080,0.5334,0.5337,0.5331,0.5336
1762243140,0.5336,0.5339,0.5332,0.5338
1762243200,0.5338,0.5349,0.5337,0.5346
1762243260,0.5346,0.5348,0.5333,0.5335
1762243320,0.5335,0.5352,0.5332,0.5351
1762243380,0.5351,0.5358,0.5342,0.5349
1762243440,0.5349,0.5349,0.5343,0.5343
1762243500,0.5343,0.5343,0.5328,0.5334
1762243560,0.5334,0.5352,0.5333,0.535
1762243620,0.535,0.535,0.5332,0.5333
1762243680,0.5333,0.5339,0.5326,0.5328
1762243740,0.5328,0.5338,0.5325,0.5336
1762243800,0.5336,0.5346,0.5334,0.5344
1762243860,0.5344,0.5355,0.5343,0.535
1762243920,0.535,0.5367,0.5349,0.5358
1762243980,0.5358,0.5358,0.5335,0.5345
1762244040,0.5345,0.535,0.5338,0.5339
1762244100,0.5339,0.5348,0.5332,0.5332
1762244160,0.5332,0.5348,0.5332,0.5337
1762244220,0.5337,0.5337,0.5319,0.5331
1762244280,0.5331,0.5336,0.5321,0.5332
1762244340,0.5332,0.5337,0.5321,0.5328
1762244400,0.5328,0.5365,0.5328,0.5359
1762244460,0.5359,0.5388,0.5356,0.5381
1762244520,0.5381,0.5395,0.5373,0.5392
1762244580,0.5392,0.5401,0.5377,0.5396
1762244640,0.5396,0.5403,0.5388,0.5402
1762244700,0.5402,0.5417,0.5393,0.5394
1762244760,0.5394,0.5396,0.5384,0.5387
1762244820,0.5387,0.5397,0.5387,0.5395
1762244880,0.5395,0.5398,0.5389,0.5394
1762244940,0.5394,0.5402,0.5391,0.5399
1762245000,0.5399,0.5415,0.5393,0.541
1762245060,0.541,0.5437,0.5407,0.5426
1762245120,0.5426,0.5442,0.5424,0.5438
1762245180,0.5438,0.5455,0.5436,0.544
1762245240,0.544,0.5441,0.5427,0.5433
1762245300,0.5433,0.5437,0.5427,0.5435
1762245360,0.5435,0.5444,0.5433,0.5435
1762245420,0.5435,0.5446,0.5434,0.5438
1762245480,0.5438,0.5445,0.5436,0.5436
1762245540,0.5436,0.5438,0.5425,0.5426
1762245600,0.5426,0.5429,0.542,0.5426
1762245660,0.5426,0.5429,0.542,0.5424
1762245720,0.5424,0.5429,0.542,0.5425
1762245780,0.5425,0.5425,0.5419,0.5425
1762245840,0.5425,0.5428,0.5422,0.5428
1762245900,0.5428,0.5432,0.5414,0.5417
1762245960,0.5417,0.5417,0.5402,0.5403
1762246020,0.5403,0.5414,0.5402,0.5414
1762246080,0.5414,0.5414,0.5394,0.5395
1762246140,0.5395,0.5399,0.5387,0.5399
1762246200,0.5399,0.5401,0.5389,0.5389
1762246260,0.5389,0.5392,0.5385,0.5388
1762246320,0.5388,0.5388,0.5376,0.5376
1762246380,0.5376,0.5384,0.5375,0.5384
1762246440,0.5384,0.5385,0.5374,0.5378
1762246500,0.5378,0.538,0.5374,0.5379
1762246560,0.5379,0.5388,0.5377,0.5387
1762246620,0.5387,0.5392,0.5384,0.5391
1762246680,0.5391,0.5395,0.539,0.5391
1762246740,0.5391,0.5398,0.5391,0.5394
1762246800,0.5394,0.5401,0.539,0.5401
1762246860,0.5401,0.5402,0.5393,0.5397
1762246920,0.5397,0.5409,0.5397,0.5404
1762246980,0.5404,0.5411,0.5397,0.5407
1762247040,0.5407,0.5415,0.5404,0.5411
1762247100,0.5411,0.5417,0.54,0.5401
1762247160,0.5401,0.5417,0.5401,0.5403
1762247220,0.5403,0.5406,0.5398,0.5403
1762247280,0.5403,0.5403,0.5386,0.5387
1762247340,0.5387,0.5395,0.5383,0.5394
1762247400,0.5394,0.5395,0.5385,0.5391
1762247460,0.5391,0.5398,0.5387,0.539
1762247520,0.539,0.5393,0.5385,0.5386
1762247580,0.5386,0.5388,0.5373,0.5382
1762247640,0.5382,0.5385,0.5376,0.5384
1762247700,0.5384,0.5386,0.5371,0.5383
1762247760,0.5383,0.5402,0.5382,0.5401
1762247820,0.5401,0.5407,0.5399,0.5407
1762247880,0.5407,0.5407,0.5388,0.539
1762247940,0.539,0.5401,0.539,0.5397
1762248000,0.5397,0.5403,0.5394,0.5398
1762248060,0.5398,0.5398,0.5373,0.5374
1762248120,0.5374,0.5385,0.5368,0.5382
1762248180,0.5382,0.5385,0.5371,0.5384
1762248240,0.5384,0.5393,0.5383,0.5385
1762248300,0.5385,0.5389,0.5383,0.5389
1762248360,0.5389,0.5402,0.5389,0.5402
1762248420,0.5402,0.5416,0.5401,0.5411
1762248480,0.5411,0.5414,0.5405,0.541
1762248540,0.541,0.541,0.5397,0.5399
1762248600,0.5399,0.5411,0.5399,0.5407
1762248660,0.5407,0.5418,0.5406,0.5413
1762248720,0.5413,0.5422,0.5408,0.5409
1762248780,0.5409,0.5411,0.5404,0.5406
1762248840,0.5406,0.5407,0.5398,0.5401
1762248900,0.5401,0.5403,0.5389,0.5389
1762248960,0.5389,0.5394,0.5382,0.5394
1762249020,0.5394,0.5407,0.5392,0.5407
1762249080,0.5407,0.5426,0.5407,0.5421
1762249140,0.5421,0.5421,0.5411,0.5414
1762249200,0.5414,0.5417,0.5411,0.5417
1762249260,0.5417,0.5425,0.5414,0.5421
1762249320,0.5421,0.5425,0.5416,0.5417
1762249380,0.5417,0.5422,0.5415,0.5417
1762249440,0.5417,0.5423,0.5415,0.5417
1762249500,0.5417,0.542,0.5413,0.5417
1762249560,0.5417,0.5423,0.5412,0.5423
1762249620,0.5423,0.5425,0.5416,0.5417
1762249680,0.5417,0.5417,0.541,0.5412
1762249740,0.5412,0.542,0.5412,0.542
1762249800,0.542,0.5425,0.5418,0.542
1762249860,0.542,0.542,0.5407,0.5408
1762249920,0.5408,0.541,0.5393,0.5395
1762249980,0.5395,0.5405,0.5395,0.5402
1762250040,0.5402,0.5402,0.5396,0.5399
1762250100,0.5399,0.5404,0.5395,0.5401
1762250160,0.5401,0.5407,0.5397,0.54
1762250220,0.54,0.5416,0.5398,0.5409
1762250280,0.5409,0.5413,0.5403,0.5412
1762250340,0.5412,0.5421,0.5412,0.5415
1762250400,0.5415,0.5415,0.5406,0.5412
1762250460,0.5412,0.5414,0.5403,0.5405
1762250520,0.5405,0.5419,0.5405,0.5411
1762250580,0.5411,0.5413,0.5406,0.5408
1762250640,0.5408,0.5418,0.5406,0.5408
1762250700,0.5408,0.5413,0.5408,0.5411
1762250760,0.5411,0.5423,0.5411,0.5421
1762250820,0.5421,0.5425,0.5415,0.5419
1762250880,0.5419,0.5424,0.5418,0.5421
1762250940,0.5421,0.5433,0.5421,0.5422
1762251000,0.5422,0.5425,0.542,0.542
1762251060,0.542,0.5431,0.5415,0.5428
1762251120,0.5428,0.5438,0.5428,0.5433
1762251180,0.5433,0.5434,0.542,0.5423
1762251240,0.5423,0.5426,0.542,0.5424
1762251300,0.5424,0.5432,0.5423,0.5432
1762251360,0.5432,0.5441,0.5423,0.5428
1762251420,0.5428,0.543,0.5421,0.5424
1762251480,0.5424,0.5429,0.542,0.5428
1762251540,0.5428,0.5433,0.5424,0.5425
1762251600,0.5425,0.5425,0.5418,0.542
1762251660,0.542,0.5421,0.5415,0.542
1762251720,0.542,0.5426,0.5415,0.5415
1762251780,0.5415,0.5421,0.5413,0.5415
1762251840,0.5415,0.5415,0.5405,0.541
1762251900,0.541,0.5416,0.5407,0.541
1762251960,0.541,0.5418,0.5406,0.5414
1762252020,0.5414,0.542,0.5414,0.5415
1762252080,0.5415,0.5417,0.5404,0.5406
1762252140,0.5406,0.5408,0.5401,0.5406
1762252200,0.5406,0.5414,0.5404,0.5412
1762252260,0.5412,0.5412,0.5404,0.541
1762252320,0.541,0.541,0.54,0.5402
1762252380,0.5402,0.541,0.5402,0.541
1762252440,0.541,0.5421,0.5408,0.5409
1762252500,0.5409,0.5411,0.5402,0.5403
1762252560,0.5403,0.5403,0.5395,0.5397
1762252620,0.5397,0.5399,0.5389,0.5399
1762252680,0.5399,0.5411,0.5399,0.5411
1762252740,0.5411,0.5417,0.541,0.5414
1762252800,0.5414,0.5416,0.5409,0.5416
1762252860,0.5416,0.5424,0.5413,0.5417
1762252920,0.5417,0.5425,0.5413,0.5417
1762252980,0.5417,0.5422,0.541,0.5412
1762253040,0.5412,0.5412,0.5403,0.5406
1762253100,0.5406,0.5408,0.5398,0.5407
1762253160,0.5407,0.5414,0.5407,0.5408
1762253220,0.5408,0.5408,0.5402,0.5403
1762253280,0.5403,0.5408,0.54,0.54
1762253340,0.54,0.5402,0.5381,0.5387
1762253400,0.5387,0.5395,0.5387,0.5391
1762253460,0.5391,0.5392,0.5384,0.5388
1762253520,0.5388,0.5403,0.5387,0.5401
1762253580,0.5401,0.5401,0.539,0.54
1762253640,0.54,0.5402,0.5396,0.5396
1762253700,0.5396,0.5396,0.5388,0.5394
1762253760,0.5394,0.5395,0.5389,0.5393
1762253820,0.5393,0.5405,0.5393,0.5404
1762253880,0.5404,0.5409,0.5403,0.5407
1762253940,0.5407,0.5411,0.5401,0.5406
1762254000,0.5406,0.5407,0.54,0.5406
1762254060,0.5406,0.5406,0.5401,0.5403
1762254120,0.5403,0.5424,0.5403,0.542
1762254180,0.542,0.5429,0.5418,0.5429
1762254240,0.5429,0.5429,0.5422,0.5422
1762254300,0.5422,0.5435,0.5421,0.5429
1762254360,0.5429,0.545,0.5428,0.5448
1762254420,0.5448,0.5459,0.5445,0.5453
1762254480,0.5453,0.5455,0.5443,0.5455
1762254540,0.5455,0.5457,0.5452,0.5453
1762254600,0.5453,0.546,0.5451,0.5456
1762254660,0.5456,0.5463,0.5453,0.5455
1762254720,0.5455,0.5455,0.5448,0.545
1762254780,0.545,0.5454,0.5445,0.5452
1762254840,0.5452,0.5454,0.545,0.5453
1762254900,0.5453,0.5455,0.5449,0.5454
1762254960,0.5454,0.5455,0.5449,0.545
1762255020,0.545,0.5466,0.545,0.5465
1762255080,0.5465,0.5478,0.5465,0.5476
1762255140,0.5476,0.5481,0.547,0.547
1762255200,0.547,0.5476,0.5467,0.5476
1762255260,0.5476,0.5482,0.5474,0.5475
1762255320,0.5475,0.5479,0.5468,0.5468
1762255380,0.5468,0.5469,0.546,0.5464
1762255440,0.5464,0.5467,0.5461,0.5462
1762255500,0.5462,0.5466,0.5457,0.5457
1762255560,0.5457,0.5459,0.545,0.5455
1762255620,0.5455,0.5461,0.5453,0.5456
1762255680,0.5456,0.5459,0.5455,0.5457
1762255740,0.5457,0.5458,0.5452,0.5452
1762255800,0.5452,0.5458,0.5451,0.5452
1762255860,0.5452,0.5452,0.5445,0.5445
1762255920,0.5445,0.5451,0.544,0.5451
1762255980,0.5451,0.5456,0.5449,0.5453
1762256040,0.5453,0.5456,0.5449,0.5449
1762256100,0.5449,0.5453,0.5444,0.5444
1762256160,0.5444,0.5452,0.5444,0.5449
1762256220,0.5449,0.5455,0.5447,0.5455
1762256280,0.5455,0.546,0.5453,0.5454
1762256340,0.5454,0.5466,0.5454,0.5462
1762256400,0.5462,0.5464,0.5453,0.5453
1762256460,0.5453,0.5455,0.5451,0.5451
1762256520,0.5451,0.5458,0.5451,0.5456
1762256580,0.5456,0.5457,0.5454,0.5455
1762256640,0.5455,0.5459,0.5452,0.5457
1762256700,0.5457,0.546,0.5451,0.546
1762256760,0.546,0.5461,0.5454,0.5457
1762256820,0.5457,0.5459,0.5451,0.5453
1762256880,0.5453,0.5454,0.5448,0.5449
1762256940,0.5449,0.5451,0.5437,0.5437
1762257000,0.5437,0.5441,0.5436,0.5439
1762257060,0.5439,0.5445,0.5439,0.5443
1762257120,0.5443,0.5448,0.5441,0.5446
1762257180,0.5446,0.5449,0.5443,0.5445
1762257240,0.5445,0.5451,0.5445,0.5446
1762257300,0.5446,0.5447,0.5444,0.5446
1762257360,0.5446,0.5454,0.5446,0.5453
1762257420,0.5453,0.5454,0.545,0.5453
1762257480,0.5453,0.5466,0.5453,0.5465
1762257540,0.5465,0.5465,0.5457,0.5457
1762257600,0.5457,0.5458,0.5447,0.5448
1762257660,0.5448,0.5454,0.5446,0.5451
1762257720,0.5451,0.546,0.5448,0.546
1762257780,0.546,0.5461,0.5453,0.5455
1762257840,0.5455,0.5455,0.545,0.5452
1762257900,0.5452,0.5462,0.5449,0.5456
1762257960,0.5456,0.5457,0.545,0.5452
1762258020,0.5452,0.5454,0.5438,0.5438
1762258080,0.5438,0.5445,0.5436,0.5444
1762258140,0.5444,0.5445,0.5438,0.544
1762258200,0.544,0.5443,0.5437,0.5438
1762258260,0.5438,0.5438,0.543,0.543
1762258320,0.543,0.5432,0.5428,0.5429
1762258380,0.5429,0.5429,0.5419,0.5423
1762258440,0.5423,0.5427,0.5421,0.5426
1762258500,0.5426,0.5428,0.5415,0.5418
1762258560,0.5418,0.5419,0.5412,0.5417
1762258620,0.5417,0.5418,0.5412,0.5417
1762258680,0.5417,0.5419,0.5415,0.5415
1762258740,0.5415,0.542,0.541,0.542
1762258800,0.542,0.5427,0.5419,0.5419
1762258860,0.5419,0.5427,0.5416,0.5425
1762258920,0.5425,0.5425,0.5419,0.5419
1762258980,0.5419,0.5423,0.5415,0.542
1762259040,0.542,0.542,0.5407,0.5408
1762259100,0.5408,0.541,0.5407,0.541
1762259160,0.541,0.5415,0.5408,0.5412
1762259220,0.5412,0.5417,0.5412,0.5415
1762259280,0.5415,0.5418,0.5415,0.5417
1762259340,0.5417,0.542,0.5415,0.5416
1762259400,0.5416,0.5416,0.5413,0.5414
1762259460,0.5414,0.5414,0.5408,0.541
1762259520,0.541,0.5412,0.5404,0.5404
1762259580,0.5404,0.5411,0.5404,0.5408
1762259640,0.5408,0.5411,0.5401,0.5402
1762259700,0.5402,0.5404,0.5393,0.5395
1762259760,0.5395,0.5395,0.5391,0.5391
1762259820,0.5391,0.5397,0.539,0.5397
1762259880,0.5397,0.5397,0.5387,0.5388
1762259940,0.5388,0.5391,0.5378,0.5387
1762260000,0.5387,0.5395,0.5384,0.5384
1762260060,0.5384,0.5391,0.5383,0.5391
1762260120,0.5391,0.5391,0.5386,0.5388
1762260180,0.5388,0.5388,0.5383,0.5388
1762260240,0.5388,0.539,0.5387,0.5389
1762260300,0.5389,0.5392,0.5382,0.5388
1762260360,0.5388,0.5394,0.5384,0.5391
1762260420,0.5391,0.5395,0.5391,0.5394
1762260480,0.5394,0.5402,0.5394,0.5398
1762260540,0.5398,0.54,0.5391,0.54
1762260600,0.54,0.54,0.5393,0.5395
1762260660,0.5395,0.5403,0.5395,0.5398
1762260720,0.5398,0.54,0.5394,0.5396
1762260780,0.5396,0.5397,0.5392,0.5395
1762260840,0.5395,0.5399,0.5394,0.5395
1762260900,0.5395,0.5395,0.5391,0.5391
1762260960,0.5391,0.5393,0.5391,0.5393
1762261020,0.5393,0.5397,0.5389,0.5389
1762261080,0.5389,0.5395,0.5387,0.5395
1762261140,0.5395,0.5395,0.5392,0.5395
1762261200,0.5395,0.54,0.5391,0.5399
1762261260,0.5399,0.5404,0.5398,0.54
1762261320,0.54,0.5402,0.5393,0.5395
1762261380,0.5395,0.5407,0.5395,0.5399
1762261440,0.5399,0.5399,0.5388,0.5388
1762261500,0.5388,0.5389,0.5383,0.5384
1762261560,0.5384,0.5386,0.5375,0.538
1762261620,0.538,0.5382,0.5374,0.5375
1762261680,0.5375,0.5375,0.5359,0.5366
1762261740,0.5366,0.537,0.5364,0.537
1762261800,0.537,0.5375,0.5368,0.5373
1762261860,0.5373,0.5387,0.5372,0.5385
1762261920,0.5385,0.5392,0.5385,0.5392
1762261980,0.5392,0.5393,0.538,0.5384
1762262040,0.5384,0.539,0.5382,0.5383
1762262100,0.5383,0.5387,0.5381,0.5385
1762262160,0.5385,0.5386,0.5378,0.538
1762262220,0.538,0.5384,0.5374,0.5377
1762262280,0.5377,0.5385,0.5377,0.5383
1762262340,0.5383,0.5384,0.5379,0.538
1762262400,0.538,0.538,0.5368,0.5372
1762262460,0.5372,0.5372,0.5354,0.5359
1762262520,0.5359,0.5367,0.5357,0.5367
1762262580,0.5367,0.5367,0.5359,0.536
1762262640,0.536,0.5367,0.5352,0.5353
1762262700,0.5353,0.5353,0.534,0.5346
1762262760,0.5346,0.5348,0.5341,0.5347
1762262820,0.5347,0.5349,0.5341,0.5344
1762262880,0.5344,0.5344,0.534,0.5342
1762262940,0.5342,0.5346,0.5341,0.5344
1762263000,0.5344,0.5353,0.5338,0.5349
1762263060,0.5349,0.5353,0.534,0.5341
1762263120,0.5341,0.5353,0.5341,0.5353
1762263180,0.5353,0.537,0.5352,0.5364
1762263240,0.5364,0.5374,0.5363,0.5372
1762263300,0.5372,0.5389,0.5372,0.5383
1762263360,0.5383,0.5393,0.5382,0.5387
1762263420,0.5387,0.5391,0.5382,0.5391
1762263480,0.5391,0.5401,0.539,0.5391
1762263540,0.5391,0.5396,0.5385,0.5393
1762263600,0.5393,0.5397,0.5388,0.5393
1762263660,0.5393,0.5398,0.5383,0.5385
1762263720,0.5385,0.5388,0.5378,0.5385
1762263780,0.5385,0.5394,0.5383,0.5389
1762263840,0.5389,0.5393,0.5383,0.5384
1762263900,0.5384,0.5384,0.5368,0.5371
1762263960,0.5371,0.5374,0.5361,0.5363
1762264020,0.5363,0.5372,0.5361,0.5371
1762264080,0.5371,0.5375,0.5368,0.5371
1762264140,0.5371,0.5372,0.5363,0.5363
1762264200,0.5363,0.5365,0.5361,0.5364
1762264260,0.5364,0.5373,0.5363,0.5373
1762264320,0.5373,0.5383,0.5373,0.5377
1762264380,0.5377,0.5382,0.5373,0.538
1762264440,0.538,0.5381,0.5377,0.5379
1762264500,0.5379,0.5379,0.5375,0.5379
1762264560,0.5379,0.5382,0.5378,0.5378
1762264620,0.5378,0.5378,0.5372,0.5374
1762264680,0.5374,0.5377,0.537,0.5373
1762264740,0.5373,0.5376,0.5371,0.5372
1762264800,0.5372,0.5372,0.5367,0.537
1762264860,0.537,0.537,0.5354,0.5356
1762264920,0.5356,0.5356,0.5334,0.5342
1762264980,0.5342,0.5346,0.5336,0.534
1762265040,0.534,0.5352,0.534,0.5352
1762265100,0.5352,0.5363,0.5352,0.5357
1762265160,0.5357,0.5369,0.5352,0.5369
1762265220,0.5369,0.5377,0.5364,0.5373
1762265280,0.5373,0.5373,0.5361,0.5367
1762265340,0.5367,0.5367,0.5362,0.5364
1762265400,0.5364,0.5364,0.5359,0.536
1762265460,0.536,0.5362,0.5352,0.5362
1762265520,0.5362,0.5362,0.535,0.5351
1762265580,0.5351,0.5356,0.535,0.5354
1762265640,0.5354,0.5354,0.5347,0.5347
1762265700,0.5347,0.5355,0.5343,0.5353
1762265760,0.5353,0.5357,0.5348,0.5354
1762265820,0.5354,0.5357,0.5352,0.5353
1762265880,0.5353,0.5359,0.535,0.5356
1762265940,0.5356,0.5367,0.5354,0.5355
1762266000,0.5355,0.5355,0.5343,0.5347
1762266060,0.5347,0.5348,0.534,0.5342
1762266120,0.5342,0.535,0.5342,0.5348
1762266180,0.5348,0.5355,0.5347,0.5349
1762266240,0.5349,0.5349,0.5338,0.5342
1762266300,0.5342,0.5343,0.5332,0.5336
1762266360,0.5336,0.534,0.5334,0.5338
1762266420,0.5338,0.5342,0.5336,0.5342
1762266480,0.5342,0.5346,0.5341,0.5342
1762266540,0.5342,0.5354,0.5342,0.5352
1762266600,0.5352,0.537,0.5338,0.5367
1762266660,0.5367,0.5382,0.5359,0.5359
1762266720,0.5359,0.5379,0.5352,0.5371
1762266780,0.5371,0.5371,0.5351,0.5355
1762266840,0.5355,0.5374,0.5347,0.5371
1762266900,0.5371,0.5385,0.5362,0.5369
1762266960,0.5369,0.5378,0.5353,0.5377
1762267020,0.5377,0.5377,0.5351,0.5353
1762267080,0.5353,0.5357,0.5317,0.5335
1762267140,0.5335,0.5355,0.5335,0.5353
1762267200,0.5353,0.538,0.5341,0.5378
1762267260,0.5378,0.5435,0.5377,0.5428
1762267320,0.5428,0.5443,0.5422,0.5435
1762267380,0.5435,0.544,0.5421,0.5426
1762267440,0.5426,0.5452,0.5424,0.5452
1762267500,0.5452,0.5455,0.5434,0.5441
1762267560,0.5441,0.5475,0.5438,0.5465
1762267620,0.5465,0.5473,0.5451,0.5459
1762267680,0.5459,0.5498,0.5457,0.5494
1762267740,0.5494,0.5494,0.5472,0.5472
1762267800,0.5472,0.5478,0.5466,0.547
1762267860,0.547,0.5504,0.547,0.5497
1762267920,0.5497,0.5502,0.549,0.5493
1762267980,0.5493,0.5508,0.5493,0.55
1762268040,0.55,0.5515,0.5499,0.5505
1762268100,0.5505,0.5522,0.5501,0.5517
1762268160,0.5517,0.552,0.5498,0.5498
1762268220,0.5498,0.5498,0.5479,0.548
1762268280,0.548,0.5486,0.5477,0.5481
1762268340,0.5481,0.5493,0.5478,0.5488
1762268400,0.5488,0.5509,0.5485,0.5496
1762268460,0.5496,0.5511,0.5491,0.5506
1762268520,0.5506,0.5525,0.5496,0.5517
1762268580,0.5517,0.5528,0.55,0.5501
1762268640,0.5501,0.5514,0.5501,0.5514
1762268700,0.5514,0.5524,0.5505,0.5507
1762268760,0.5507,0.5509,0.548,0.548
1762268820,0.548,0.5489,0.5478,0.5485
1762268880,0.5485,0.5494,0.5476,0.5482
1762268940,0.5482,0.5489,0.5476,0.5484
1762269000,0.5484,0.5484,0.5462,0.5474
1762269060,0.5474,0.5485,0.5472,0.5481
1762269120,0.5481,0.5493,0.548,0.5482
1762269180,0.5482,0.5494,0.5478,0.5479
1762269240,0.5479,0.5479,0.5457,0.5458
1762269300,0.5458,0.5474,0.5456,0.5471
1762269360,0.5471,0.5486,0.5469,0.5485
1762269420,0.5485,0.5493,0.548,0.5482
1762269480,0.5482,0.5493,0.5477,0.5485
1762269540,0.5485,0.5529,0.5485,0.552
1762269600,0.552,0.5534,0.5516,0.5519
1762269660,0.5519,0.5521,0.5504,0.5513
1762269720,0.5513,0.5519,0.5507,0.5512
1762269780,0.5512,0.5517,0.5501,0.5512
1762269840,0.5512,0.5516,0.5505,0.5513
1762269900,0.5513,0.5519,0.551,0.5514
1762269960,0.5514,0.5528,0.5508,0.5516
1762270020,0.5516,0.5516,0.5496,0.5499
1762270080,0.5499,0.5502,0.5494,0.5501
1762270140,0.5501,0.5506,0.5494,0.5494
1762270200,0.5494,0.5494,0.5486,0.5489
1762270260,0.5489,0.5498,0.5487,0.5487
1762270320,0.5487,0.5487,0.5479,0.5483
1762270380,0.5483,0.5489,0.5479,0.5479
1762270440,0.5479,0.5498,0.5476,0.5498
1762270500,0.5498,0.5501,0.5494,0.5498
1762270560,0.5498,0.5504,0.5492,0.5492
1762270620,0.5492,0.5495,0.5484,0.5487
1762270680,0.5487,0.5492,0.5481,0.5492
1762270740,0.5492,0.5499,0.5488,0.5496
1762270800,0.5496,0.5502,0.5493,0.5494
1762270860,0.5494,0.5496,0.5486,0.5489
1762270920,0.5489,0.5493,0.5481,0.5484
1762270980,0.5484,0.5491,0.5484,0.5489
1762271040,0.5489,0.5491,0.5486,0.5486
1762271100,0.5486,0.5486,0.5463,0.5463
1762271160,0.5463,0.5467,0.5448,0.546
1762271220,0.546,0.546,0.5444,0.5444
1762271280,0.5444,0.5455,0.5442,0.5449
1762271340,0.5449,0.5457,0.5448,0.5451
1762271400,0.5451,0.5454,0.5441,0.5442
1762271460,0.5442,0.5446,0.5434,0.5437
1762271520,0.5437,0.5437,0.5422,0.5427
1762271580,0.5427,0.5432,0.5403,0.5416
1762271640,0.5416,0.543,0.5415,0.5429
1762271700,0.5429,0.5435,0.5424,0.5427
1762271760,0.5427,0.5427,0.5409,0.542
1762271820,0.542,0.5422,0.5411,0.5419
1762271880,0.5419,0.5431,0.5417,0.5425
1762271940,0.5425,0.5426,0.5419,0.5423
1762272000,0.5423,0.5441,0.5422,0.5438
1762272060,0.5438,0.545,0.5431,0.5447
1762272120,0.5447,0.5449,0.5433,0.5441
1762272180,0.5441,0.5446,0.5434,0.5441
1762272240,0.5441,0.545,0.5441,0.5446
1762272300,0.5446,0.5449,0.5439,0.544
1762272360,0.544,0.5446,0.5437,0.544
1762272420,0.544,0.5462,0.544,0.5461
1762272480,0.5461,0.5463,0.5452,0.5452
1762272540,0.5452,0.5455,0.5446,0.5447
1762272600,0.5447,0.5451,0.5439,0.5444
1762272660,0.5444,0.5448,0.5424,0.543
1762272720,0.543,0.5448,0.5421,0.5445
1762272780,0.5445,0.5461,0.5445,0.5452
1762272840,0.5452,0.5452,0.5438,0.5439
1762272900,0.5439,0.5446,0.5428,0.5433
1762272960,0.5433,0.5437,0.5425,0.543
1762273020,0.543,0.5444,0.5429,0.5438
1762273080,0.5438,0.5438,0.5415,0.5419
1762273140,0.5419,0.5431,0.5411,0.5414
1762273200,0.5414,0.5414,0.5382,0.5384
1762273260,0.5384,0.5394,0.5357,0.5365
1762273320,0.5365,0.5382,0.536,0.5382
1762273380,0.5382,0.5387,0.5367,0.5374
1762273440,0.5374,0.5382,0.5362,0.5379
1762273500,0.5379,0.5401,0.5375,0.5395
1762273560,0.5395,0.5395,0.5381,0.5385
1762273620,0.5385,0.5396,0.5384,0.5387
1762273680,0.5387,0.5405,0.5386,0.5405
1762273740,0.5405,0.5406,0.5395,0.5395
1762273800,0.5395,0.5407,0.5389,0.5403
1762273860,0.5403,0.5416,0.5395,0.5408
1762273920,0.5408,0.5408,0.5381,0.5381
1762273980,0.5381,0.5386,0.5372,0.538
1762274040,0.538,0.5384,0.5371,0.5377
1762274100,0.5377,0.5381,0.5374,0.5377
1762274160,0.5377,0.5383,0.5363,0.5372
1762274220,0.5372,0.5382,0.5369,0.5369
1762274280,0.5369,0.5371,0.5356,0.536
1762274340,0.536,0.5369,0.5348,0.5369
1762274400,0.5369,0.5372,0.5354,0.5356
1762274460,0.5356,0.537,0.5356,0.5369
1762274520,0.5369,0.5369,0.5349,0.5351
1762274580,0.5351,0.5359,0.5336,0.5342
1762274640,0.5342,0.5346,0.5325,0.5327
1762274700,0.5327,0.5345,0.5325,0.5336
1762274760,0.5336,0.5341,0.5309,0.5314
1762274820,0.5314,0.5326,0.5302,0.5324
1762274880,0.5324,0.5324,0.5298,0.5304
1762274940,0.5304,0.5318,0.5302,0.5313
1762275000,0.5313,0.5319,0.5297,0.5317
1762275060,0.5317,0.5317,0.5297,0.5297
1762275120,0.5297,0.5312,0.5285,0.5307
1762275180,0.5307,0.531,0.53,0.5309
1762275240,0.5309,0.5312,0.5303,0.5311
1762275300,0.5311,0.532,0.5306,0.531
1762275360,0.531,0.5316,0.5289,0.5291
1762275420,0.5291,0.5307,0.5289,0.5303
1762275480,0.5303,0.5303,0.5293,0.5301
1762275540,0.5301,0.5303,0.529,0.5294
1762275600,0.5294,0.5295,0.5276,0.5279
1762275660,0.5279,0.5289,0.5279,0.5284
1762275720,0.5284,0.529,0.5245,0.5257
1762275780,0.5257,0.5264,0.5253,0.5258
1762275840,0.5258,0.5261,0.5243,0.5253
1762275900,0.5253,0.5257,0.5232,0.525
1762275960,0.525,0.5269,0.524,0.5261
1762276020,0.5261,0.5272,0.5236,0.5237
1762276080,0.5237,0.5261,0.5235,0.5241
1762276140,0.5241,0.5242,0.5217,0.5234
1762276200,0.5234,0.5238,0.5201,0.5207
1762276260,0.5207,0.5218,0.5191,0.5205
1762276320,0.5205,0.5209,0.5192,0.5202
1762276380,0.5202,0.5203,0.5171,0.5192
1762276440,0.5192,0.5207,0.519,0.5198
1762276500,0.5198,0.5212,0.5193,0.5206
1762276560,0.5206,0.5206,0.5172,0.5173
1762276620,0.5173,0.5183,0.5159,0.5177
1762276680,0.5177,0.5234,0.5176,0.5228
1762276740,0.5228,0.5229,0.5191,0.5192
1762276800,0.5192,0.523,0.5192,0.523
1762276860,0.523,0.5243,0.5214,0.5236
1762276920,0.5236,0.5267,0.5234,0.5267
1762276980,0.5267,0.5287,0.5261,0.5279
1762277040,0.5279,0.5282,0.5261,0.5268
1762277100,0.5268,0.5271,0.5256,0.5265
1762277160,0.5265,0.5281,0.5261,0.5281
1762277220,0.5281,0.5281,0.5261,0.5272
1762277280,0.5272,0.5278,0.5258,0.5262
1762277340,0.5262,0.5271,0.5254,0.5261
1762277400,0.5261,0.5288,0.5259,0.5283
1762277460,0.5283,0.5316,0.5273,0.5307
1762277520,0.5307,0.5309,0.5283,0.5285
1762277580,0.5285,0.5297,0.5284,0.5293
1762277640,0.5293,0.5302,0.5284,0.529
1762277700,0.529,0.531,0.5283,0.5309
1762277760,0.5309,0.5312,0.529,0.5309
1762277820,0.5309,0.5318,0.5298,0.5304
1762277880,0.5304,0.5308,0.5291,0.53
1762277940,0.53,0.5308,0.5281,0.5285
1762278000,0.5285,0.5287,0.5273,0.5273
1762278060,0.5273,0.5282,0.5267,0.5268
1762278120,0.5268,0.5272,0.5262,0.5272
1762278180,0.5272,0.5275,0.5265,0.527
1762278240,0.527,0.5271,0.5259,0.526
1762278300,0.526,0.5271,0.5259,0.5268
1762278360,0.5268,0.5271,0.5253,0.5256
1762278420,0.5256,0.5266,0.5255,0.5261
1762278480,0.5261,0.5267,0.5235,0.5236
1762278540,0.5236,0.5256,0.5234,0.5248
1762278600,0.5248,0.5261,0.5244,0.5249
1762278660,0.5249,0.5249,0.5237,0.5237
1762278720,0.5237,0.5251,0.5236,0.5251
1762278780,0.5251,0.5255,0.5241,0.5245
1762278840,0.5245,0.5249,0.5238,0.5247
1762278900,0.5247,0.5249,0.5237,0.5238
1762278960,0.5238,0.5239,0.5224,0.5236
1762279020,0.5236,0.5237,0.5228,0.5231
1762279080,0.5231,0.5242,0.5231,0.5242
1762279140,0.5242,0.5251,0.5242,0.5242
1762279200,0.5242,0.5247,0.5224,0.5227
1762279260,0.5227,0.5234,0.5219,0.5229
1762279320,0.5229,0.523,0.5204,0.5205
1762279380,0.5205,0.5209,0.5197,0.5202
1762279440,0.5202,0.5203,0.5172,0.518
1762279500,0.518,0.5217,0.5179,0.521
1762279560,0.521,0.5232,0.5206,0.521
1762279620,0.521,0.5213,0.5188,0.5196
1762279680,0.5196,0.522,0.5196,0.5219
1762279740,0.5219,0.5225,0.5212,0.5218
1762279800,0.5218,0.5222,0.521,0.5213
1762279860,0.5213,0.5219,0.5196,0.5198
1762279920,0.5198,0.5204,0.5193,0.5199
1762279980,0.5199,0.5199,0.5183,0.5192
1762280040,0.5192,0.5195,0.5179,0.5186
1762280100,0.5186,0.5191,0.5178,0.5184
1762280160,0.5184,0.5192,0.5173,0.5184
1762280220,0.5184,0.5186,0.5176,0.5182
1762280280,0.5182,0.5182,0.5175,0.5179
1762280340,0.5179,0.5179,0.5151,0.5152
1762280400,0.5152,0.5168,0.5147,0.5167
1762280460,0.5167,0.5167,0.5152,0.5153
1762280520,0.5153,0.5167,0.5137,0.5164
1762280580,0.5164,0.5179,0.5157,0.5178
1762280640,0.5178,0.5186,0.5163,0.5168
1762280700,0.5168,0.5172,0.5148,0.5152
1762280760,0.5152,0.5159,0.5149,0.5156
1762280820,0.5156,0.517,0.5151,0.5155
1762280880,0.5155,0.5155,0.5131,0.5144
1762280940,0.5144,0.5153,0.5142,0.5149
1762281000,0.5149,0.5164,0.5142,0.5158
1762281060,0.5158,0.5159,0.5127,0.5128
1762281120,0.5128,0.5139,0.5107,0.5107
1762281180,0.5107,0.5119,0.5089,0.51
1762281240,0.51,0.5117,0.5074,0.5116
1762281300,0.5116,0.5117,0.5081,0.5092
1762281360,0.5092,0.5162,0.5092,0.5141
1762281420,0.5141,0.5155,0.5127,0.5137
1762281480,0.5137,0.5141,0.5116,0.5116
1762281540,0.5116,0.5119,0.5094,0.5099
1762281600,0.5099,0.5112,0.5098,0.5109
1762281660,0.5109,0.5138,0.5105,0.5137
1762281720,0.5137,0.5175,0.5136,0.5171
1762281780,0.5171,0.5201,0.5159,0.5197
1762281840,0.5197,0.5217,0.5184,0.5217
1762281900,0.5217,0.5217,0.5186,0.5186
1762281960,0.5186,0.5196,0.5181,0.5187
1762282020,0.5187,0.5194,0.5166,0.5168
1762282080,0.5168,0.5172,0.5159,0.516
1762282140,0.516,0.5161,0.5137,0.5143
1762282200,0.5143,0.5164,0.514,0.5159
1762282260,0.5159,0.5183,0.5155,0.5173
1762282320,0.5173,0.5183,0.5167,0.5176
1762282380,0.5176,0.5183,0.5155,0.5178
1762282440,0.5178,0.5227,0.5173,0.5217
1762282500,0.5217,0.5225,0.5205,0.5207
1762282560,0.5207,0.5212,0.5192,0.5192
1762282620,0.5192,0.5219,0.5192,0.5218
1762282680,0.5218,0.5246,0.5217,0.5237
1762282740,0.5237,0.5245,0.5231,0.5242
1762282800,0.5242,0.526,0.5236,0.5257
1762282860,0.5257,0.5273,0.5247,0.5262
1762282920,0.5262,0.5279,0.5254,0.526
1762282980,0.526,0.5267,0.5246,0.5251
1762283040,0.5251,0.5261,0.5248,0.5258
1762283100,0.5258,0.5258,0.5224,0.5226
1762283160,0.5226,0.5247,0.5226,0.5233
1762283220,0.5233,0.5238,0.5225,0.5228
1762283280,0.5228,0.5233,0.5225,0.5226
1762283340,0.5226,0.5241,0.5225,0.5228
1762283400,0.5228,0.5228,0.5209,0.5214
1762283460,0.5214,0.5218,0.5206,0.5208
1762283520,0.5208,0.5222,0.5203,0.5211
1762283580,0.5211,0.5228,0.5211,0.5222
1762283640,0.5222,0.5232,0.522,0.5227
1762283700,0.5227,0.5246,0.5219,0.5244
1762283760,0.5244,0.5259,0.5241,0.5241
1762283820,0.5241,0.5242,0.5229,0.5231
1762283880,0.5231,0.5245,0.523,0.5243
1762283940,0.5243,0.5245,0.523,0.5232
1762284000,0.5232,0.5244,0.5227,0.5243
1762284060,0.5243,0.5253,0.5225,0.5232
1762284120,0.5232,0.525,0.5232,0.5245
1762284180,0.5245,0.5279,0.5245,0.5265
1762284240,0.5265,0.5266,0.5257,0.5259
1762284300,0.5259,0.5285,0.5257,0.5269
1762284360,0.5269,0.5269,0.5245,0.5247
1762284420,0.5247,0.5254,0.5243,0.5243
1762284480,0.5243,0.5246,0.5235,0.5237
1762284540,0.5237,0.5237,0.5224,0.523
1762284600,0.523,0.5245,0.5225,0.5226
1762284660,0.5226,0.523,0.5211,0.5211
1762284720,0.5211,0.5214,0.5206,0.5209
1762284780,0.5209,0.5214,0.52,0.5214
1762284840,0.5214,0.5221,0.5209,0.5213
1762284900,0.5213,0.5213,0.5202,0.5205
1762284960,0.5205,0.5206,0.5184,0.5187
1762285020,0.5187,0.5191,0.5161,0.5169
1762285080,0.5169,0.5179,0.5164,0.5178
1762285140,0.5178,0.5188,0.5175,0.5175
1762285200,0.5175,0.5187,0.5173,0.5179
1762285260,0.5179,0.5179,0.5166,0.5167
1762285320,0.5167,0.517,0.5161,0.5164
1762285380,0.5164,0.5165,0.5155,0.5161
1762285440,0.5161,0.517,0.516,0.5168
1762285500,0.5168,0.5168,0.5159,0.5161
1762285560,0.5161,0.5169,0.5157,0.5163
1762285620,0.5163,0.5169,0.5161,0.5169
1762285680,0.5169,0.5174,0.5161,0.5162
1762285740,0.5162,0.5163,0.5148,0.5152
1762285800,0.5152,0.5158,0.515,0.5155
1762285860,0.5155,0.5162,0.5141,0.515
1762285920,0.515,0.5173,0.5149,0.5169
1762285980,0.5169,0.5169,0.5152,0.5155
1762286040,0.5155,0.5157,0.5142,0.5143
1762286100,0.5143,0.5161,0.5143,0.5152
1762286160,0.5152,0.5153,0.5143,0.515
1762286220,0.515,0.5153,0.5144,0.5145
1762286280,0.5145,0.5146,0.5133,0.5136
1762286340,0.5136,0.5144,0.5136,0.5144
1762286400,0.5144,0.5151,0.5141,0.5148
1762286460,0.5148,0.5156,0.5141,0.5141
1762286520,0.5141,0.5145,0.5122,0.5126
1762286580,0.5126,0.5128,0.5114,0.5115
1762286640,0.5115,0.5123,0.5111,0.5114
1762286700,0.5114,0.5137,0.5104,0.5137
1762286760,0.5137,0.514,0.5115,0.5119
1762286820,0.5119,0.514,0.5119,0.5122
1762286880,0.5122,0.5122,0.511,0.5118
1762286940,0.5118,0.5118,0.5101,0.5102
1762287000,0.5102,0.5117,0.5101,0.5113
1762287060,0.5113,0.5118,0.5099,0.5105
1762287120,0.5105,0.5107,0.5092,0.5101
1762287180,0.5101,0.5103,0.5094,0.5097
1762287240,0.5097,0.5103,0.5097,0.5099
1762287300,0.5099,0.5099,0.5069,0.5082
1762287360,0.5082,0.5086,0.5034,0.5037
1762287420,0.5037,0.505,0.4994,0.5007
1762287480,0.5007,0.5019,0.4954,0.4982
1762287540,0.4982,0.5049,0.4978,0.504
1762287600,0.504,0.5052,0.4997,0.5011
1762287660,0.5011,0.5028,0.499,0.5013
1762287720,0.5013,0.5021,0.4986,0.5007
1762287780,0.5007,0.5036,0.4999,0.5023
1762287840,0.5023,0.5037,0.501,0.5036
1762287900,0.5036,0.5077,0.5031,0.5077
1762287960,0.5077,0.5079,0.5039,0.5041
1762288020,0.5041,0.5074,0.5041,0.507
1762288080,0.507,0.5112,0.507,0.5096
1762288140,0.5096,0.5111,0.5092,0.5103
1762288200,0.5103,0.5123,0.5086,0.5096
1762288260,0.5096,0.5103,0.5061,0.5064
1762288320,0.5064,0.5071,0.5058,0.5061
1762288380,0.5061,0.507,0.505,0.5054
1762288440,0.5054,0.5054,0.5029,0.5034
1762288500,0.5034,0.5061,0.5032,0.506
1762288560,0.506,0.508,0.5055,0.5078
1762288620,0.5078,0.5092,0.5068,0.5082
1762288680,0.5082,0.5122,0.5078,0.5111
1762288740,0.5111,0.512,0.5098,0.5098
1762288800,0.5098,0.5114,0.5095,0.5114
1762288860,0.5114,0.5141,0.5108,0.5134
1762288920,0.5134,0.5139,0.5126,0.5131
1762288980,0.5131,0.5156,0.5128,0.5147
1762289040,0.5147,0.5162,0.5139,0.5141
1762289100,0.5141,0.5154,0.514,0.5144
1762289160,0.5144,0.5151,0.5126,0.5134
1762289220,0.5134,0.5147,0.5134,0.5147
1762289280,0.5147,0.5161,0.5144,0.5152
1762289340,0.5152,0.5153,0.5137,0.5137
1762289400,0.5137,0.5147,0.5122,0.5129
1762289460,0.5129,0.5134,0.5109,0.5109
1762289520,0.5109,0.5125,0.5108,0.5113
1762289580,0.5113,0.5122,0.5106,0.5109
1762289640,0.5109,0.5111,0.5095,0.5099
1762289700,0.5099,0.5099,0.5082,0.5087
1762289760,0.5087,0.5087,0.5071,0.5083
1762289820,0.5083,0.5099,0.5083,0.5092
1762289880,0.5092,0.5101,0.5087,0.5099
1762289940,0.5099,0.5116,0.5097,0.5101
1762290000,0.5101,0.5111,0.5095,0.5111
1762290060,0.5111,0.5119,0.5087,0.5087
1762290120,0.5087,0.5096,0.5082,0.5094
1762290180,0.5094,0.5126,0.5092,0.5124
1762290240,0.5124,0.514,0.5113,0.5131
1762290300,0.5131,0.5134,0.5089,0.5089
1762290360,0.5089,0.5103,0.5089,0.509
1762290420,0.509,0.5095,0.5079,0.5092
1762290480,0.5092,0.5104,0.5089,0.5089
1762290540,0.5089,0.5101,0.5087,0.5093
1762290600,0.5093,0.5106,0.5092,0.5106
1762290660,0.5106,0.5107,0.5094,0.5095
1762290720,0.5095,0.5106,0.5088,0.5088
1762290780,0.5088,0.5112,0.5088,0.511
1762290840,0.511,0.5112,0.5067,0.5073
1762290900,0.5073,0.5079,0.5055,0.5065
1762290960,0.5065,0.507,0.5054,0.5054
1762291020,0.5054,0.5071,0.5053,0.5063
1762291080,0.5063,0.5079,0.5059,0.5074
1762291140,0.5074,0.5091,0.507,0.5074
1762291200,0.5074,0.5079,0.505,0.5053
1762291260,0.5053,0.5056,0.5042,0.5044
1762291320,0.5044,0.5064,0.5038,0.5061
1762291380,0.5061,0.5061,0.5039,0.5042
1762291440,0.5042,0.5049,0.5033,0.5038
1762291500,0.5038,0.5044,0.5034,0.5038
1762291560,0.5038,0.5048,0.5038,0.5041
1762291620,0.5041,0.5043,0.5012,0.5016
1762291680,0.5016,0.5039,0.5014,0.5027
1762291740,0.5027,0.5027,0.5015,0.5023
1762291800,0.5023,0.5026,0.5002,0.5011
1762291860,0.5011,0.5021,0.4988,0.499
1762291920,0.499,0.5004,0.4968,0.4971
1762291980,0.4971,0.4987,0.4966,0.4979
1762292040,0.4979,0.4988,0.4938,0.4939
1762292100,0.4939,0.495,0.4888,0.4897
1762292160,0.4897,0.497,0.4896,0.4969
1762292220,0.4969,0.497,0.4931,0.4946
1762292280,0.4946,0.4948,0.4916,0.4924
1762292340,0.4924,0.4967,0.4917,0.4966
1762292400,0.4966,0.4986,0.496,0.4968
1762292460,0.4968,0.4979,0.4945,0.4948
1762292520,0.4948,0.4948,0.492,0.4923
1762292580,0.4923,0.4956,0.4923,0.4955
1762292640,0.4955,0.4956,0.4942,0.4953
1762292700,0.4953,0.5043,0.4952,0.5043
1762292760,0.5043,0.5054,0.5017,0.502
1762292820,0.502,0.5021,0.4996,0.5
1762292880,0.5,0.501,0.4993,0.5005
1762292940,0.5005,0.5008,0.4974,0.4982
1762293000,0.4982,0.5003,0.4977,0.5001
1762293060,0.5001,0.5012,0.4992,0.4993
1762293120,0.4993,0.5017,0.499,0.4999
1762293180,0.4999,0.4999,0.497,0.4994
1762293240,0.4994,0.5008,0.499,0.5007
1762293300,0.5007,0.5083,0.5007,0.5075
1762293360,0.5075,0.5107,0.5058,0.5096
1762293420,0.5096,0.511,0.508,0.5082
1762293480,0.5082,0.5105,0.5078,0.5105
1762293540,0.5105,0.5109,0.5089,0.5102
1762293600,0.5102,0.5104,0.5076,0.51
1762293660,0.51,0.513,0.5079,0.5088
1762293720,0.5088,0.5105,0.5085,0.5102
1762293780,0.5102,0.5149,0.5102,0.5141
1762293840,0.5141,0.5141,0.5126,0.5129
1762293900,0.5129,0.5148,0.5116,0.5119
1762293960,0.5119,0.5144,0.5117,0.5142
1762294020,0.5142,0.5149,0.5125,0.5136
1762294080,0.5136,0.5154,0.5135,0.5153
1762294140,0.5153,0.517,0.5147,0.517
1762294200,0.517,0.5185,0.516,0.5179
1762294260,0.5179,0.518,0.5162,0.5169
1762294320,0.5169,0.5188,0.5162,0.5172
1762294380,0.5172,0.5181,0.5161,0.5179
1762294440,0.5179,0.5184,0.517,0.5183
1762294500,0.5183,0.5191,0.5176,0.5187
1762294560,0.5187,0.5199,0.5179,0.5199
1762294620,0.5199,0.5211,0.5184,0.5204
1762294680,0.5204,0.5204,0.5191,0.5201
1762294740,0.5201,0.5206,0.5191,0.5205
1762294800,0.5205,0.5205,0.5185,0.5198
1762294860,0.5198,0.5213,0.5197,0.5211
1762294920,0.5211,0.5215,0.5205,0.5205
1762294980,0.5205,0.5205,0.5192,0.5194
1762295040,0.5194,0.521,0.5194,0.521
1762295100,0.521,0.5211,0.5193,0.5193
1762295160,0.5193,0.5205,0.5186,0.52
1762295220,0.52,0.5209,0.5199,0.5207
1762295280,0.5207,0.5207,0.5197,0.52
1762295340,0.52,0.521,0.52,0.521
1762295400,0.521,0.5222,0.521,0.5217
1762295460,0.5217,0.5218,0.5202,0.5216
1762295520,0.5216,0.522,0.5208,0.5218
1762295580,0.5218,0.5226,0.5218,0.5225
1762295640,0.5225,0.5238,0.5221,0.5228
1762295700,0.5228,0.5242,0.5225,0.5233
1762295760,0.5233,0.5246,0.5228,0.5229
1762295820,0.5229,0.5229,0.5202,0.5202
1762295880,0.5202,0.5216,0.5194,0.5216
1762295940,0.5216,0.5216,0.5207,0.5209
1762296000,0.5209,0.5214,0.5204,0.521
1762296060,0.521,0.5219,0.5204,0.5219
1762296120,0.5219,0.5233,0.5217,0.5223
1762296180,0.5223,0.5227,0.5207,0.5207
1762296240,0.5207,0.5209,0.5195,0.5207
1762296300,0.5207,0.5223,0.5204,0.5223
1762296360,0.5223,0.5235,0.5223,0.5227
1762296420,0.5227,0.5235,0.5227,0.5233
1762296480,0.5233,0.5238,0.5225,0.5237
1762296540,0.5237,0.5238,0.5222,0.5222
1762296600,0.5222,0.5222,0.5202,0.5203
1762296660,0.5203,0.5215,0.5197,0.5213
1762296720,0.5213,0.5218,0.521,0.521
1762296780,0.521,0.522,0.5204,0.5204
1762296840,0.5204,0.5205,0.52,0.5202
1762296900,0.5202,0.5215,0.52,0.5215
1762296960,0.5215,0.5221,0.5207,0.5208
1762297020,0.5208,0.522,0.5208,0.5216
1762297080,0.5216,0.522,0.5211,0.522
1762297140,0.522,0.5233,0.5218,0.5232
1762297200,0.5232,0.5233,0.5219,0.5219
1762297260,0.5219,0.5239,0.5214,0.5239
1762297320,0.5239,0.5243,0.5219,0.5228
1762297380,0.5228,0.5239,0.5221,0.5237
1762297440,0.5237,0.524,0.5232,0.5235
1762297500,0.5235,0.5261,0.5235,0.5253
1762297560,0.5253,0.5253,0.5228,0.5228
1762297620,0.5228,0.5235,0.5228,0.5233
1762297680,0.5233,0.5244,0.5233,0.5239
1762297740,0.5239,0.524,0.5228,0.5232
1762297800,0.5232,0.5236,0.5228,0.5232
1762297860,0.5232,0.5245,0.5229,0.5232
1762297920,0.5232,0.5232,0.5219,0.5222
1762297980,0.5222,0.5223,0.5218,0.522
1762298040,0.522,0.5229,0.5217,0.5227
1762298100,0.5227,0.5233,0.5223,0.5225
1762298160,0.5225,0.5225,0.5216,0.5219
1762298220,0.5219,0.5221,0.5215,0.5218
1762298280,0.5218,0.5219,0.5212,0.5217
1762298340,0.5217,0.5219,0.5212,0.5213
1762298400,0.5213,0.5213,0.5203,0.5203
1762298460,0.5203,0.5206,0.5201,0.5205
1762298520,0.5205,0.5212,0.5205,0.5212
1762298580,0.5212,0.5224,0.5212,0.5218
1762298640,0.5218,0.5223,0.5218,0.5219
1762298700,0.5219,0.5222,0.5211,0.5217
1762298760,0.5217,0.5222,0.5215,0.5222
1762298820,0.5222,0.5225,0.5214,0.5219
1762298880,0.5219,0.522,0.5211,0.5215
1762298940,0.5215,0.522,0.521,0.5213
1762299000,0.5213,0.5214,0.5203,0.5203
1762299060,0.5203,0.5218,0.5202,0.5211
1762299120,0.5211,0.5212,0.5208,0.521
1762299180,0.521,0.521,0.5201,0.5202
1762299240,0.5202,0.5203,0.5198,0.5203
1762299300,0.5203,0.5213,0.5203,0.5212
1762299360,0.5212,0.5212,0.5206,0.5208
1762299420,0.5208,0.521,0.5202,0.5208
1762299480,0.5208,0.5211,0.5196,0.5202
1762299540,0.5202,0.5202,0.5192,0.5193
1762299600,0.5193,0.5195,0.5186,0.5186
1762299660,0.5186,0.5201,0.5186,0.52
1762299720,0.52,0.5215,0.52,0.5202
1762299780,0.5202,0.5203,0.5198,0.5201
1762299840,0.5201,0.5208,0.5199,0.5205
1762299900,0.5205,0.5212,0.52,0.5208
1762299960,0.5208,0.5215,0.5204,0.5215
1762300020,0.5215,0.5219,0.521,0.5218
1762300080,0.5218,0.5218,0.5207,0.521
1762300140,0.521,0.5212,0.5207,0.5212
1762300200,0.5212,0.5221,0.5208,0.5221
1762300260,0.5221,0.5226,0.5215,0.5224
1762300320,0.5224,0.5229,0.5224,0.5226
1762300380,0.5226,0.5233,0.5226,0.523
1762300440,0.523,0.523,0.522,0.5222
1762300500,0.5222,0.523,0.5216,0.5218
1762300560,0.5218,0.5219,0.5204,0.5206
1762300620,0.5206,0.521,0.5205,0.5208
1762300680,0.5208,0.5215,0.5205,0.5208
1762300740,0.5208,0.5208,0.5204,0.5205
1763683200,0.4321,0.4327,0.4318,0.4321
1763683260,0.4321,0.4331,0.432,0.4328
1763683320,0.4328,0.4336,0.4327,0.4335
1763683380,0.4335,0.4338,0.4329,0.433
1763683440,0.433,0.433,0.4318,0.4318
1763683500,0.4318,0.4342,0.4312,0.434
1763683560,0.434,0.4341,0.4333,0.4339
1763683620,0.4339,0.4344,0.4337,0.4341
1763683680,0.4341,0.4349,0.4339,0.4345
1763683740,0.4345,0.4347,0.4342,0.4347
1763683800,0.4347,0.435,0.4343,0.4347
1763683860,0.4347,0.4352,0.4346,0.4352
1763683920,0.4352,0.4353,0.4344,0.4346
1763683980,0.4346,0.4351,0.4346,0.4348
1763684040,0.4348,0.4359,0.4347,0.4359
1763684100,0.4359,0.4361,0.4352,0.4353
1763684160,0.4353,0.4356,0.4352,0.4353
1763684220,0.4353,0.4365,0.4351,0.4363
1763684280,0.4363,0.4366,0.4359,0.436
1763684340,0.436,0.4362,0.4343,0.4344
1763684400,0.4344,0.4356,0.4344,0.4356
1763684460,0.4356,0.4356,0.4343,0.4345
1763684520,0.4345,0.4354,0.4345,0.4354
1763684580,0.4354,0.4359,0.4345,0.4345
1763684640,0.4345,0.435,0.4343,0.4348
1763684700,0.4348,0.4355,0.4348,0.4353
1763684760,0.4353,0.4361,0.4353,0.4357
1763684820,0.4357,0.4359,0.4349,0.4349
1763684880,0.4349,0.4355,0.4349,0.4352
1763684940,0.4352,0.4354,0.4349,0.4351
1763685000,0.4351,0.4356,0.4348,0.4352
1763685060,0.4352,0.4357,0.4349,0.4349
1763685120,0.4349,0.4349,0.434,0.434
1763685180,0.434,0.4345,0.4338,0.4344
1763685240,0.4344,0.4348,0.4337,0.4339
1763685300,0.4339,0.4347,0.4336,0.4347
1763685360,0.4347,0.4352,0.4344,0.4351
1763685420,0.4351,0.436,0.435,0.4359
1763685480,0.4359,0.4367,0.4359,0.4367
1763685540,0.4367,0.4369,0.4356,0.4356
1763685600,0.4356,0.4362,0.4355,0.4359
1763685660,0.4359,0.4369,0.4358,0.4366
1763685720,0.4366,0.4366,0.4358,0.4363
1763685780,0.4363,0.4366,0.4358,0.4358
1763685840,0.4358,0.4358,0.4349,0.4352
1763685900,0.4352,0.436,0.4351,0.4358
1763685960,0.4358,0.4364,0.4358,0.4361
1763686020,0.4361,0.4365,0.436,0.4363
1763686080,0.4363,0.4363,0.4359,0.4362
1763686140,0.4362,0.4362,0.4357,0.4359
1763686200,0.4359,0.4367,0.4356,0.4364
1763686260,0.4364,0.4367,0.4361,0.4361
1763686320,0.4361,0.4367,0.4359,0.4367
1763686380,0.4367,0.4367,0.436,0.4362
1763686440,0.4362,0.4364,0.4361,0.4364
1763686500,0.4364,0.4368,0.4362,0.4366
1763686560,0.4366,0.4366,0.4355,0.4358
1763686620,0.4358,0.4361,0.4357,0.4358
1763686680,0.4358,0.4358,0.4354,0.4356
1763686740,0.4356,0.436,0.4356,0.436
1763686800,0.436,0.4365,0.436,0.4364
1763686860,0.4364,0.4367,0.4361,0.4367
1763686920,0.4367,0.4372,0.4362,0.4362
1763686980,0.4362,0.4363,0.4357,0.4361
1763687040,0.4361,0.4374,0.436,0.4371
1763687100,0.4371,0.4378,0.4371,0.4376
1763687160,0.4376,0.4377,0.4373,0.4375
1763687220,0.4375,0.4378,0.4365,0.4369
1763687280,0.4369,0.4371,0.4364,0.4371
1763687340,0.4371,0.4371,0.4362,0.4362
1763687400,0.4362,0.4372,0.4361,0.4371
1763687460,0.4371,0.4372,0.4367,0.4371
1763687520,0.4371,0.4372,0.4366,0.4367
1763687580,0.4367,0.4371,0.4367,0.4369
1763687640,0.4369,0.4374,0.4368,0.4372
1763687700,0.4372,0.4379,0.4372,0.4378
1763687760,0.4378,0.4381,0.4369,0.437
1763687820,0.437,0.4373,0.4366,0.4366
1763687880,0.4366,0.437,0.4366,0.4367
1763687940,0.4367,0.4367,0.4347,0.435
1763688000,0.435,0.4351,0.4344,0.4346
1763688060,0.4346,0.4358,0.4346,0.4358
1763688120,0.4358,0.4371,0.4358,0.4369
1763688180,0.4369,0.4378,0.4369,0.4376
1763688240,0.4376,0.4378,0.4367,0.4368
1763688300,0.4368,0.4372,0.4366,0.4369
1763688360,0.4369,0.4394,0.4369,0.4391
1763688420,0.4391,0.4393,0.4381,0.4382
1763688480,0.4382,0.4382,0.4375,0.4376
1763688540,0.4376,0.4385,0.4376,0.4385
1763688600,0.4385,0.4386,0.4383,0.4385
1763688660,0.4385,0.4386,0.4373,0.4373
1763688720,0.4373,0.4373,0.4364,0.4365
1763688780,0.4365,0.4369,0.4365,0.4368
1763688840,0.4368,0.4369,0.4366,0.4366
1763688900,0.4366,0.4366,0.4354,0.4356
1763688960,0.4356,0.4364,0.4355,0.4364
1763689020,0.4364,0.4365,0.4359,0.4362
1763689080,0.4362,0.4371,0.4362,0.4367
1763689140,0.4367,0.4372,0.4365,0.437
1763689200,0.437,0.4375,0.437,0.4371
1763689260,0.4371,0.4373,0.4369,0.437
1763689320,0.437,0.4374,0.437,0.4374
1763689380,0.4374,0.4375,0.437,0.4372
1763689440,0.4372,0.4373,0.4365,0.4366
1763689500,0.4366,0.437,0.4366,0.437
1763689560,0.437,0.437,0.436,0.4361
1763689620,0.4361,0.4367,0.4361,0.4367
1763689680,0.4367,0.4368,0.4364,0.4364
1763689740,0.4364,0.4367,0.436,0.436
1763689800,0.436,0.4368,0.436,0.4367
1763689860,0.4367,0.4371,0.4364,0.4364
1763689920,0.4364,0.4365,0.4354,0.4354
1763689980,0.4354,0.4354,0.4346,0.4346
1763690040,0.4346,0.4347,0.4345,0.4347
1763690100,0.4347,0.4351,0.4347,0.4351
1763690160,0.4351,0.4352,0.4347,0.4347
1763690220,0.4347,0.4354,0.4347,0.4354
1763690280,0.4354,0.4356,0.4349,0.435
1763690340,0.435,0.435,0.4345,0.4349
1763690400,0.4349,0.4349,0.4346,0.4348
1763690460,0.4348,0.4351,0.4347,0.4349
1763690520,0.4349,0.4353,0.4347,0.4349
1763690580,0.4349,0.4353,0.4349,0.435
1763690640,0.435,0.4354,0.4346,0.4346
1763690700,0.4346,0.4346,0.4334,0.4334
1763690760,0.4334,0.434,0.4327,0.4334
1763690820,0.4334,0.4343,0.4334,0.4342
1763690880,0.4342,0.4345,0.4338,0.4338
1763690940,0.4338,0.4338,0.4328,0.433
1763691000,0.433,0.4331,0.4326,0.4329
1763691060,0.4329,0.4329,0.4321,0.4323
1763691120,0.4323,0.4324,0.4315,0.4319
1763691180,0.4319,0.4324,0.4315,0.4315
1763691240,0.4315,0.4318,0.4312,0.4317
1763691300,0.4317,0.4324,0.4314,0.4323
1763691360,0.4323,0.433,0.4322,0.4325
1763691420,0.4325,0.4326,0.4315,0.4316
1763691480,0.4316,0.4317,0.4292,0.4295
1763691540,0.4295,0.4315,0.4295,0.4314
1763691600,0.4314,0.4325,0.4309,0.4323
1763691660,0.4323,0.4346,0.4323,0.434
1763691720,0.434,0.434,0.4329,0.433
1763691780,0.433,0.4343,0.4329,0.4342
1763691840,0.4342,0.4347,0.4337,0.434
1763691900,0.434,0.4342,0.4335,0.4335
1763691960,0.4335,0.4335,0.4328,0.4331
1763692020,0.4331,0.4332,0.4326,0.4328
1763692080,0.4328,0.433,0.4327,0.4327
1763692140,0.4327,0.4331,0.4323,0.4324
1763692200,0.4324,0.4324,0.4311,0.4318
1763692260,0.4318,0.4329,0.4318,0.4324
1763692320,0.4324,0.4326,0.4311,0.4312
1763692380,0.4312,0.4318,0.4307,0.4317
1763692440,0.4317,0.4322,0.4313,0.432
1763692500,0.432,0.433,0.4319,0.4319
1763692560,0.4319,0.4325,0.4315,0.4321
1763692620,0.4321,0.4324,0.4306,0.4307
1763692680,0.4307,0.4317,0.4306,0.4316
1763692740,0.4316,0.4317,0.4301,0.4307
1763692800,0.4307,0.4319,0.4307,0.4318
1763692860,0.4318,0.4319,0.4312,0.4312
1763692920,0.4312,0.4315,0.4306,0.4311
1763692980,0.4311,0.4312,0.4305,0.4309
1763693040,0.4309,0.4309,0.428,0.4285
1763693100,0.4285,0.4298,0.4284,0.4289
1763693160,0.4289,0.4304,0.4289,0.4301
1763693220,0.4301,0.4307,0.4293,0.43
1763693280,0.43,0.4306,0.4299,0.4302
1763693340,0.4302,0.4306,0.4301,0.4302
1763693400,0.4302,0.4309,0.4297,0.4298
1763693460,0.4298,0.4298,0.4288,0.429
1763693520,0.429,0.4291,0.4269,0.4276
1763693580,0.4276,0.4284,0.4274,0.4283
1763693640,0.4283,0.4292,0.4282,0.4289
1763693700,0.4289,0.4289,0.4277,0.4282
1763693760,0.4282,0.4288,0.4271,0.4277
1763693820,0.4277,0.4279,0.427,0.4271
1763693880,0.4271,0.4275,0.4258,0.4263
1763693940,0.4263,0.4267,0.4241,0.4256
1763694000,0.4256,0.427,0.4255,0.4269
1763694060,0.4269,0.4278,0.426,0.4278
1763694120,0.4278,0.4279,0.427,0.4275
1763694180,0.4275,0.4279,0.4268,0.4272
1763694240,0.4272,0.428,0.4271,0.4279
1763694300,0.4279,0.4318,0.4279,0.4316
1763694360,0.4316,0.4329,0.4308,0.4316
1763694420,0.4316,0.4323,0.4311,0.4321
1763694480,0.4321,0.4328,0.4321,0.4327
1763694540,0.4327,0.4327,0.4308,0.4311
1763694600,0.4311,0.4314,0.4308,0.4313
1763694660,0.4313,0.4316,0.4303,0.4316
1763694720,0.4316,0.432,0.431,0.4316
1763694780,0.4316,0.4317,0.4305,0.4307
1763694840,0.4307,0.4307,0.43,0.4304
1763694900,0.4304,0.4313,0.4304,0.431
1763694960,0.431,0.4312,0.4288,0.4292
1763695020,0.4292,0.4295,0.4288,0.429
1763695080,0.429,0.4295,0.4287,0.4293
1763695140,0.4293,0.4295,0.4283,0.4288
1763695200,0.4288,0.4298,0.4286,0.4295
1763695260,0.4295,0.4308,0.4295,0.4306
1763695320,0.4306,0.4311,0.4305,0.4308
1763695380,0.4308,0.431,0.4303,0.4304
1763695440,0.4304,0.4304,0.429,0.4295
1763695500,0.4295,0.4297,0.4291,0.4293
1763695560,0.4293,0.4303,0.4293,0.4301
1763695620,0.4301,0.4312,0.4301,0.4307
1763695680,0.4307,0.4317,0.4304,0.4311
1763695740,0.4311,0.4316,0.4311,0.4313
1763695800,0.4313,0.4314,0.4307,0.4314
1763695860,0.4314,0.4317,0.4306,0.4307
1763695920,0.4307,0.4318,0.4306,0.4315
1763695980,0.4315,0.4315,0.4305,0.4306
1763696040,0.4306,0.4306,0.4299,0.4303
1763696100,0.4303,0.4304,0.4297,0.4302
1763696160,0.4302,0.4326,0.4302,0.4325
1763696220,0.4325,0.4329,0.431,0.4311
1763696280,0.4311,0.432,0.431,0.4316
1763696340,0.4316,0.4322,0.4312,0.4319
1763696400,0.4319,0.4335,0.4318,0.4333
1763696460,0.4333,0.4335,0.4329,0.4331
1763696520,0.4331,0.4334,0.4327,0.433
1763696580,0.433,0.4339,0.433,0.4334
1763696640,0.4334,0.4337,0.4331,0.4332
1763696700,0.4332,0.4334,0.4325,0.4325
1763696760,0.4325,0.4328,0.4324,0.4327
1763696820,0.4327,0.4333,0.4327,0.433
1763696880,0.433,0.4331,0.4326,0.433
1763696940,0.433,0.433,0.4328,0.4329
1763697000,0.4329,0.4329,0.4325,0.4328
1763697060,0.4328,0.4329,0.4322,0.4323
1763697120,0.4323,0.4329,0.4313,0.4317
1763697180,0.4317,0.4317,0.4307,0.4313
1763697240,0.4313,0.4314,0.4304,0.4308
1763697300,0.4308,0.4312,0.4307,0.4311
1763697360,0.4311,0.4311,0.4308,0.4309
1763697420,0.4309,0.4313,0.4309,0.4312
1763697480,0.4312,0.4312,0.4307,0.4307
1763697540,0.4307,0.4307,0.4298,0.4298
1763697600,0.4298,0.4306,0.4298,0.4305
1763697660,0.4305,0.4305,0.43,0.43
1763697720,0.43,0.4306,0.4299,0.4304
1763697780,0.4304,0.4308,0.43,0.4303
1763697840,0.4303,0.4307,0.4301,0.4304
1763697900,0.4304,0.4311,0.429,0.4291
1763697960,0.4291,0.4293,0.4289,0.4292
1763698020,0.4292,0.4298,0.4286,0.4286
1763698080,0.4286,0.4289,0.4282,0.4282
1763698140,0.4282,0.4286,0.4282,0.4285
1763698200,0.4285,0.429,0.4285,0.4285
1763698260,0.4285,0.4291,0.4285,0.4291
1763698320,0.4291,0.4295,0.4289,0.429
1763698380,0.429,0.4293,0.4288,0.4291
1763698440,0.4291,0.4296,0.429,0.429
1763698500,0.429,0.429,0.4281,0.4281
1763698560,0.4281,0.4289,0.4281,0.4289
1763698620,0.4289,0.4296,0.4283,0.4284
1763698680,0.4284,0.4285,0.4275,0.4278
1763698740,0.4278,0.4284,0.4277,0.4282
1763698800,0.4282,0.4289,0.4281,0.4289
1763698860,0.4289,0.4291,0.4279,0.4279
1763698920,0.4279,0.4281,0.4271,0.428
1763698980,0.428,0.4283,0.4279,0.4279
1763699040,0.4279,0.4283,0.4275,0.4282
1763699100,0.4282,0.4286,0.4279,0.4285
1763699160,0.4285,0.4292,0.4283,0.4292
1763699220,0.4292,0.4292,0.4286,0.4286
1763699280,0.4286,0.4288,0.4286,0.4288
1763699340,0.4288,0.4289,0.4284,0.4284
1763699400,0.4284,0.4287,0.4284,0.4284
1763699460,0.4284,0.4284,0.4263,0.4264
1763699520,0.4264,0.4264,0.4247,0.4248
1763699580,0.4248,0.4257,0.4247,0.4254
1763699640,0.4254,0.4266,0.4254,0.4261
1763699700,0.4261,0.4261,0.4248,0.4253
1763699760,0.4253,0.4264,0.4252,0.4261
1763699820,0.4261,0.4261,0.4251,0.4257
1763699880,0.4257,0.4259,0.4253,0.4253
1763699940,0.4253,0.4259,0.4249,0.4251
1763700000,0.4251,0.4262,0.422,0.4232
1763700060,0.4232,0.4246,0.423,0.4245
1763700120,0.4245,0.4257,0.4244,0.4251
1763700180,0.4251,0.4273,0.4251,0.4271
1763700240,0.4271,0.4283,0.4271,0.4275
1763700300,0.4275,0.4286,0.4275,0.4276
1763700360,0.4276,0.4281,0.4268,0.4268
1763700420,0.4268,0.4269,0.425,0.4255
1763700480,0.4255,0.426,0.4254,0.4256
1763700540,0.4256,0.4259,0.4254,0.4258
1763700600,0.4258,0.426,0.4253,0.426
1763700660,0.426,0.4267,0.4258,0.4267
1763700720,0.4267,0.4273,0.4266,0.427
1763700780,0.427,0.4276,0.4268,0.4275
1763700840,0.4275,0.429,0.4275,0.429
1763700900,0.429,0.4295,0.4252,0.4269
1763700960,0.4269,0.4282,0.4269,0.428
1763701020,0.428,0.4285,0.4277,0.4277
1763701080,0.4277,0.4279,0.427,0.4275
1763701140,0.4275,0.4279,0.4273,0.4277
1763701200,0.4277,0.4277,0.4265,0.4272
1763701260,0.4272,0.4284,0.4271,0.4274
1763701320,0.4274,0.4279,0.4269,0.4277
1763701380,0.4277,0.4284,0.4276,0.4282
1763701440,0.4282,0.4284,0.4275,0.4276
1763701500,0.4276,0.4277,0.4272,0.4273
1763701560,0.4273,0.4288,0.4272,0.4286
1763701620,0.4286,0.4297,0.4213,0.4253
1763701680,0.4253,0.426,0.4245,0.4252
1763701740,0.4252,0.4259,0.425,0.4259
1763701800,0.4259,0.4259,0.425,0.4252
1763701860,0.4252,0.4257,0.4251,0.4253
1763701920,0.4253,0.4254,0.4251,0.4251
1763701980,0.4251,0.4261,0.4251,0.426
1763702040,0.426,0.4269,0.426,0.4269
1763702100,0.4269,0.4276,0.4261,0.4262
1763702160,0.4262,0.4263,0.4257,0.426
1763702220,0.426,0.4272,0.426,0.4268
1763702280,0.4268,0.4272,0.4267,0.4267
1763702340,0.4267,0.4269,0.4263,0.4264
1763702400,0.4264,0.4269,0.4263,0.4265
1763702460,0.4265,0.4267,0.4263,0.4266
1763702520,0.4266,0.4269,0.4262,0.4265
1763702580,0.4265,0.4267,0.4256,0.4258
1763702640,0.4258,0.4261,0.4254,0.4261
1763702700,0.4261,0.4262,0.4258,0.4262
1763702760,0.4262,0.4264,0.4259,0.4263
1763702820,0.4263,0.4265,0.4259,0.426
1763702880,0.426,0.4261,0.4256,0.4261
1763702940,0.4261,0.4261,0.4257,0.4259
1763703000,0.4259,0.4266,0.4258,0.4265
1763703060,0.4265,0.4267,0.4263,0.4265
1763703120,0.4265,0.427,0.426,0.426
1763703180,0.426,0.4269,0.4258,0.4265
1763703240,0.4265,0.4267,0.4265,0.4266
1763703300,0.4266,0.4266,0.4259,0.4259
1763703360,0.4259,0.4259,0.4251,0.4251
1763703420,0.4251,0.4253,0.4242,0.4245
1763703480,0.4245,0.4248,0.4244,0.4244
1763703540,0.4244,0.4245,0.4237,0.4238
1763703600,0.4238,0.4238,0.4233,0.4234
1763703660,0.4234,0.4242,0.4234,0.4242
1763703720,0.4242,0.4242,0.4238,0.4241
1763703780,0.4241,0.4246,0.4236,0.4246
1763703840,0.4246,0.425,0.4241,0.4242
1763703900,0.4242,0.4242,0.4236,0.4236
1763703960,0.4236,0.4243,0.4236,0.4243
1763704020,0.4243,0.4251,0.424,0.425
1763704080,0.425,0.4251,0.4236,0.424
1763704140,0.424,0.4241,0.4232,0.4236
1763704200,0.4236,0.4242,0.4234,0.4241
1763704260,0.4241,0.4244,0.4238,0.424
1763704320,0.424,0.4242,0.4237,0.4237
1763704380,0.4237,0.424,0.4234,0.4234
1763704440,0.4234,0.4234,0.4228,0.4233
1763704500,0.4233,0.4239,0.4233,0.4239
1763704560,0.4239,0.4244,0.4228,0.4229
1763704620,0.4229,0.4241,0.4229,0.4241
1763704680,0.4241,0.4242,0.4234,0.4234
1763704740,0.4234,0.4243,0.4234,0.4241
1763704800,0.4241,0.4247,0.4241,0.4244
1763704860,0.4244,0.425,0.4238,0.4239
1763704920,0.4239,0.4241,0.4226,0.4232
1763704980,0.4232,0.4237,0.4228,0.423
1763705040,0.423,0.4237,0.4227,0.4229
1763705100,0.4229,0.4238,0.4229,0.4232
1763705160,0.4232,0.424,0.423,0.4231
1763705220,0.4231,0.4232,0.4227,0.4228
1763705280,0.4228,0.4228,0.4216,0.4223
1763705340,0.4223,0.4234,0.4223,0.4234
1763705400,0.4234,0.4238,0.4231,0.4233
1763705460,0.4233,0.4233,0.4225,0.4232
1763705520,0.4232,0.425,0.4232,0.4241
1763705580,0.4241,0.4248,0.4241,0.4246
1763705640,0.4246,0.4248,0.4242,0.4245
1763705700,0.4245,0.4248,0.4244,0.4244
1763705760,0.4244,0.4244,0.4235,0.4237
1763705820,0.4237,0.424,0.4233,0.4236
1763705880,0.4236,0.4239,0.423,0.4235
1763705940,0.4235,0.4235,0.4228,0.4231
1763706000,0.4231,0.4231,0.4219,0.422
1763706060,0.422,0.4225,0.4219,0.4222
1763706120,0.4222,0.4226,0.4221,0.4224
1763706180,0.4224,0.4229,0.422,0.4221
1763706240,0.4221,0.4222,0.4216,0.4216
1763706300,0.4216,0.4221,0.4207,0.421
1763706360,0.421,0.4221,0.4206,0.4218
1763706420,0.4218,0.422,0.4206,0.4206
1763706480,0.4206,0.421,0.4201,0.4202
1763706540,0.4202,0.4208,0.4202,0.4206
1763706600,0.4206,0.4207,0.4203,0.4207
1763706660,0.4207,0.4215,0.4207,0.4213
1763706720,0.4213,0.4213,0.4208,0.4209
1763706780,0.4209,0.4215,0.4207,0.4213
1763706840,0.4213,0.4214,0.4209,0.4211
1763706900,0.4211,0.422,0.4208,0.4213
1763706960,0.4213,0.4217,0.421,0.4211
1763707020,0.4211,0.4211,0.4201,0.4205
1763707080,0.4205,0.4205,0.4192,0.4195
1763707140,0.4195,0.421,0.4189,0.421
1763707200,0.421,0.4218,0.4207,0.4208
1763707260,0.4208,0.4211,0.4206,0.4211
1763707320,0.4211,0.4219,0.4209,0.4209
1763707380,0.4209,0.4213,0.4207,0.4213
1763707440,0.4213,0.4219,0.4213,0.4215
1763707500,0.4215,0.4223,0.4214,0.4216
1763707560,0.4216,0.4219,0.421,0.4216
1763707620,0.4216,0.4223,0.4215,0.4223
1763707680,0.4223,0.4231,0.4222,0.4228
1763707740,0.4228,0.423,0.4225,0.4226
1763707800,0.4226,0.4228,0.4223,0.4226
1763707860,0.4226,0.4231,0.4224,0.4227
1763707920,0.4227,0.4232,0.4223,0.4223
1763707980,0.4223,0.4226,0.4215,0.4215
1763708040,0.4215,0.4224,0.4213,0.4221
1763708100,0.4221,0.4225,0.422,0.4223
1763708160,0.4223,0.4223,0.4207,0.4211
1763708220,0.4211,0.4215,0.421,0.4215
1763708280,0.4215,0.4219,0.421,0.4217
1763708340,0.4217,0.4218,0.4211,0.4212
1763708400,0.4212,0.4218,0.4211,0.4218
1763708460,0.4218,0.4219,0.4212,0.4213
1763708520,0.4213,0.4216,0.4209,0.4213
1763708580,0.4213,0.4223,0.4204,0.4218
1763708640,0.4218,0.4223,0.4217,0.4221
1763708700,0.4221,0.4227,0.4215,0.4216
1763708760,0.4216,0.4216,0.4209,0.4215
1763708820,0.4215,0.422,0.421,0.4212
1763708880,0.4212,0.4213,0.4209,0.4212
1763708940,0.4212,0.4216,0.4212,0.4216
1763709000,0.4216,0.4216,0.4208,0.4209
1763709060,0.4209,0.4212,0.4206,0.4212
1763709120,0.4212,0.4212,0.4208,0.4209
1763709180,0.4209,0.421,0.4203,0.4203
1763709240,0.4203,0.4204,0.4197,0.4203
1763709300,0.4203,0.4204,0.42,0.4201
1763709360,0.4201,0.4201,0.4187,0.4196
1763709420,0.4196,0.4198,0.4185,0.4189
1763709480,0.4189,0.4193,0.4181,0.4191
1763709540,0.4191,0.4192,0.4184,0.4184
1763709600,0.4184,0.4185,0.4176,0.4176
1763709660,0.4176,0.4188,0.4172,0.4172
1763709720,0.4172,0.4179,0.4172,0.4175
1763709780,0.4175,0.4187,0.4175,0.4183
1763709840,0.4183,0.4191,0.4182,0.4189
1763709900,0.4189,0.4195,0.4185,0.4189
1763709960,0.4189,0.4192,0.4184,0.4184
1763710020,0.4184,0.4188,0.4184,0.4188
1763710080,0.4188,0.419,0.4182,0.4187
1763710140,0.4187,0.4187,0.4179,0.418
1763710200,0.418,0.4184,0.4167,0.4175
1763710260,0.4175,0.4176,0.4165,0.4173
1763710320,0.4173,0.4173,0.4136,0.4149
1763710380,0.4149,0.415,0.4047,0.4051
1763710440,0.4051,0.4061,0.3897,0.3987
1763710500,0.3987,0.406,0.3986,0.405
1763710560,0.405,0.4057,0.4023,0.4038
1763710620,0.4038,0.4078,0.4036,0.4072
1763710680,0.4072,0.4075,0.4042,0.4068
1763710740,0.4068,0.4082,0.4062,0.4068
1763710800,0.4068,0.4107,0.4066,0.4096
1763710860,0.4096,0.4104,0.409,0.4098
1763710920,0.4098,0.4104,0.4083,0.409
1763710980,0.409,0.4109,0.4085,0.4106
1763711040,0.4106,0.4109,0.4094,0.4095
1763711100,0.4095,0.4102,0.4079,0.4086
1763711160,0.4086,0.4095,0.4083,0.4087
1763711220,0.4087,0.409,0.4076,0.4078
1763711280,0.4078,0.4083,0.4063,0.4073
1763711340,0.4073,0.4074,0.4062,0.4071
1763711400,0.4071,0.4098,0.4071,0.4092
1763711460,0.4092,0.4093,0.4083,0.4085
1763711520,0.4085,0.4092,0.4085,0.4089
1763711580,0.4089,0.409,0.4074,0.4077
1763711640,0.4077,0.4081,0.4073,0.4073
1763711700,0.4073,0.4085,0.4069,0.4075
1763711760,0.4075,0.4095,0.4075,0.409
1763711820,0.409,0.4091,0.4078,0.4079
1763711880,0.4079,0.4086,0.4063,0.4083
1763711940,0.4083,0.4088,0.4078,0.4086
1763712000,0.4086,0.4089,0.4077,0.408
1763712060,0.408,0.4096,0.4079,0.4092
1763712120,0.4092,0.4097,0.4085,0.4092
1763712180,0.4092,0.4096,0.4084,0.4089
1763712240,0.4089,0.4092,0.4083,0.4086
1763712300,0.4086,0.4117,0.4083,0.4116
1763712360,0.4116,0.4133,0.4115,0.4121
1763712420,0.4121,0.4128,0.4114,0.4124
1763712480,0.4124,0.4132,0.412,0.4129
1763712540,0.4129,0.4142,0.4122,0.4141
1763712600,0.4141,0.4146,0.4136,0.4143
1763712660,0.4143,0.416,0.4143,0.4153
1763712720,0.4153,0.417,0.4148,0.4162
1763712780,0.4162,0.4166,0.4154,0.4155
1763712840,0.4155,0.4156,0.414,0.4144
1763712900,0.4144,0.4157,0.4142,0.4157
1763712960,0.4157,0.416,0.4145,0.4153
1763713020,0.4153,0.4163,0.4152,0.4159
1763713080,0.4159,0.4159,0.4149,0.4156
1763713140,0.4156,0.4161,0.4152,0.4153
1763713200,0.4153,0.416,0.415,0.416
1763713260,0.416,0.4165,0.4145,0.4149
1763713320,0.4149,0.4156,0.4145,0.4148
1763713380,0.4148,0.4167,0.4148,0.4166
1763713440,0.4166,0.4175,0.4163,0.4165
1763713500,0.4165,0.4166,0.4155,0.4156
1763713560,0.4156,0.4156,0.4151,0.4152
1763713620,0.4152,0.416,0.4151,0.4151
1763713680,0.4151,0.4152,0.4145,0.4148
1763713740,0.4148,0.415,0.4146,0.4149
1763713800,0.4149,0.4157,0.4147,0.4156
1763713860,0.4156,0.4163,0.4156,0.4159
1763713920,0.4159,0.4166,0.4156,0.4164
1763713980,0.4164,0.4165,0.415,0.4151
1763714040,0.4151,0.4154,0.4142,0.4145
1763714100,0.4145,0.4146,0.4129,0.414
1763714160,0.414,0.414,0.4132,0.4136
1763714220,0.4136,0.4136,0.4129,0.4132
1763714280,0.4132,0.4135,0.4122,0.413
1763714340,0.413,0.4134,0.4127,0.4129
1763714400,0.4129,0.4129,0.412,0.412
1763714460,0.412,0.4129,0.4118,0.4128
1763714520,0.4128,0.4131,0.412,0.4121
1763714580,0.4121,0.4123,0.4117,0.4117
1763714640,0.4117,0.4121,0.4116,0.4119
1763714700,0.4119,0.4126,0.4114,0.412
1763714760,0.412,0.4128,0.412,0.4125
1763714820,0.4125,0.4134,0.4125,0.4132
1763714880,0.4132,0.4132,0.4117,0.4122
1763714940,0.4122,0.4123,0.4112,0.4113
1763715000,0.4113,0.4113,0.4108,0.4112
1763715060,0.4112,0.4122,0.4112,0.4118
1763715120,0.4118,0.4124,0.4115,0.4123
1763715180,0.4123,0.4132,0.4122,0.4125
1763715240,0.4125,0.4128,0.4114,0.4119
1763715300,0.4119,0.4123,0.4118,0.4123
1763715360,0.4123,0.4134,0.4123,0.4131
1763715420,0.4131,0.4131,0.4118,0.412
1763715480,0.412,0.4123,0.4115,0.4116
1763715540,0.4116,0.4119,0.4113,0.4116
1763715600,0.4116,0.4127,0.4116,0.4124
1763715660,0.4124,0.413,0.4122,0.4129
1763715720,0.4129,0.4139,0.4129,0.4138
1763715780,0.4138,0.4143,0.4134,0.4137
1763715840,0.4137,0.4141,0.4134,0.4139
1763715900,0.4139,0.4143,0.4117,0.4119
1763715960,0.4119,0.4124,0.4113,0.4117
1763716020,0.4117,0.412,0.4112,0.4113
1763716080,0.4113,0.4115,0.411,0.4112
1763716140,0.4112,0.4117,0.4111,0.4117
1763716200,0.4117,0.4119,0.4113,0.4119
1763716260,0.4119,0.4131,0.4119,0.4127
1763716320,0.4127,0.4129,0.4119,0.412
1763716380,0.412,0.4122,0.4115,0.412
1763716440,0.412,0.4121,0.4118,0.4121
1763716500,0.4121,0.4124,0.4117,0.4119
1763716560,0.4119,0.4123,0.4113,0.4114
1763716620,0.4114,0.4115,0.4107,0.4115
1763716680,0.4115,0.4115,0.4108,0.4111
1763716740,0.4111,0.4114,0.411,0.411
1763716800,0.411,0.4114,0.4104,0.4108
1763716860,0.4108,0.411,0.4101,0.4101
1763716920,0.4101,0.4108,0.4101,0.4103
1763716980,0.4103,0.4108,0.4101,0.4102
1763717040,0.4102,0.4103,0.4094,0.4099
1763717100,0.4099,0.4099,0.4084,0.409
1763717160,0.409,0.4091,0.4083,0.4086
1763717220,0.4086,0.4091,0.4074,0.408
1763717280,0.408,0.4082,0.4075,0.4077
1763717340,0.4077,0.4083,0.4073,0.4073
1763717400,0.4073,0.4078,0.4066,0.4069
1763717460,0.4069,0.4077,0.4063,0.4071
1763717520,0.4071,0.4072,0.4061,0.4062
1763717580,0.4062,0.4069,0.4054,0.4057
1763717640,0.4057,0.4065,0.4056,0.4059
1763717700,0.4059,0.4064,0.4054,0.4063
1763717760,0.4063,0.4063,0.405,0.4052
1763717820,0.4052,0.4064,0.405,0.4063
1763717880,0.4063,0.4067,0.4052,0.4053
1763717940,0.4053,0.4057,0.404,0.4047
1763718000,0.4047,0.405,0.4042,0.4048
1763718060,0.4048,0.4049,0.404,0.4043
1763718120,0.4043,0.4049,0.4042,0.4048
1763718180,0.4048,0.4054,0.4045,0.4045
1763718240,0.4045,0.4051,0.4045,0.4048
1763718300,0.4048,0.4048,0.4042,0.4046
1763718360,0.4046,0.4051,0.4045,0.4049
1763718420,0.4049,0.4057,0.4046,0.4055
1763718480,0.4055,0.4057,0.4035,0.4037
1763718540,0.4037,0.4042,0.4035,0.404
1763718600,0.404,0.4046,0.4039,0.404
1763718660,0.404,0.4045,0.4037,0.4037
1763718720,0.4037,0.4039,0.4025,0.4027
1763718780,0.4027,0.4031,0.4024,0.4026
1763718840,0.4026,0.403,0.4022,0.4024
1763718900,0.4024,0.4031,0.4022,0.4024
1763718960,0.4024,0.404,0.4024,0.4037
1763719020,0.4037,0.4041,0.4034,0.4038
1763719080,0.4038,0.4038,0.403,0.4031
1763719140,0.4031,0.4032,0.4024,0.4028
1763719200,0.4028,0.403,0.4023,0.4029
1763719260,0.4029,0.4029,0.4021,0.4026
1763719320,0.4026,0.4027,0.4015,0.4016
1763719380,0.4016,0.4017,0.3998,0.4011
1763719440,0.4011,0.4016,0.4002,0.4016
1763719500,0.4016,0.4046,0.4013,0.4026
1763719560,0.4026,0.4031,0.4014,0.4029
1763719620,0.4029,0.4029,0.4012,0.4018
1763719680,0.4018,0.4033,0.4018,0.4026
1763719740,0.4026,0.404,0.4026,0.4036
1763719800,0.4036,0.4061,0.4036,0.4056
1763719860,0.4056,0.4063,0.4045,0.4045
1763719920,0.4045,0.4057,0.4039,0.4039
1763719980,0.4039,0.4041,0.4031,0.4034
1763720040,0.4034,0.4037,0.4027,0.4032
1763720100,0.4032,0.4035,0.4024,0.4025
1763720160,0.4025,0.4033,0.4011,0.4031
1763720220,0.4031,0.4038,0.4024,0.4025
1763720280,0.4025,0.4027,0.4014,0.4018
1763720340,0.4018,0.4028,0.4016,0.4027
1763720400,0.4027,0.4031,0.402,0.4028
1763720460,0.4028,0.4038,0.4026,0.4036
1763720520,0.4036,0.4037,0.4017,0.4018
1763720580,0.4018,0.4021,0.4015,0.4021
1763720640,0.4021,0.403,0.4021,0.403
1763720700,0.403,0.404,0.4026,0.404
1763720760,0.404,0.4057,0.4036,0.4046
1763720820,0.4046,0.4047,0.4036,0.4036
1763720880,0.4036,0.4036,0.4021,0.4022
1763720940,0.4022,0.4026,0.402,0.4024
1763721000,0.4024,0.4032,0.4024,0.4031
1763721060,0.4031,0.405,0.4029,0.4044
1763721120,0.4044,0.4055,0.4044,0.4051
1763721180,0.4051,0.4058,0.4046,0.4057
1763721240,0.4057,0.4061,0.4042,0.4043
1763721300,0.4043,0.4048,0.404,0.4047
1763721360,0.4047,0.406,0.4046,0.4058
1763721420,0.4058,0.4062,0.4052,0.4058
1763721480,0.4058,0.4068,0.4053,0.4064
1763721540,0.4064,0.4065,0.4054,0.4055
1763721600,0.4055,0.4066,0.4054,0.4061
1763721660,0.4061,0.4062,0.4047,0.4051
1763721720,0.4051,0.4051,0.4045,0.4047
1763721780,0.4047,0.4051,0.4045,0.4051
1763721840,0.4051,0.4051,0.4047,0.4049
1763721900,0.4049,0.4052,0.4048,0.405
1763721960,0.405,0.405,0.4041,0.4042
1763722020,0.4042,0.4047,0.4041,0.4046
1763722080,0.4046,0.4046,0.4038,0.404
1763722140,0.404,0.4041,0.4035,0.4036
1763722200,0.4036,0.4036,0.4029,0.4034
1763722260,0.4034,0.4043,0.4032,0.4043
1763722320,0.4043,0.4047,0.4041,0.4044
1763722380,0.4044,0.4044,0.404,0.4043
1763722440,0.4043,0.4045,0.4039,0.4041
1763722500,0.4041,0.4041,0.4034,0.4034
1763722560,0.4034,0.4034,0.4023,0.4025
1763722620,0.4025,0.4028,0.4021,0.4028
1763722680,0.4028,0.403,0.4024,0.4027
1763722740,0.4027,0.4028,0.4024,0.4024
1763722800,0.4024,0.4024,0.4018,0.4021
1763722860,0.4021,0.4034,0.4021,0.4034
1763722920,0.4034,0.4035,0.4026,0.403
1763722980,0.403,0.4034,0.4023,0.4028
1763723040,0.4028,0.4035,0.4028,0.4034
1763723100,0.4034,0.4038,0.4032,0.4035
1763723160,0.4035,0.4041,0.4031,0.4032
1763723220,0.4032,0.4047,0.4031,0.4046
1763723280,0.4046,0.4071,0.4046,0.4063
1763723340,0.4063,0.4064,0.4056,0.4063
1763723400,0.4063,0.4069,0.406,0.4065
1763723460,0.4065,0.4065,0.4055,0.4056
1763723520,0.4056,0.4056,0.405,0.405
1763723580,0.405,0.4056,0.405,0.4054
1763723640,0.4054,0.4067,0.4053,0.4066
1763723700,0.4066,0.4066,0.4056,0.4057
1763723760,0.4057,0.4058,0.4052,0.4055
1763723820,0.4055,0.4067,0.4054,0.4058
1763723880,0.4058,0.4061,0.4054,0.4059
1763723940,0.4059,0.4059,0.4048,0.405
1763724000,0.405,0.4059,0.405,0.4059
1763724060,0.4059,0.4073,0.4058,0.4071
1763724120,0.4071,0.4074,0.4056,0.4058
1763724180,0.4058,0.4071,0.4057,0.4061
1763724240,0.4061,0.4061,0.4055,0.4057
1763724300,0.4057,0.4061,0.4057,0.406
1763724360,0.406,0.4061,0.4054,0.4057
1763724420,0.4057,0.4058,0.4053,0.4054
1763724480,0.4054,0.4057,0.4051,0.4053
1763724540,0.4053,0.4053,0.4048,0.4049
1763724600,0.4049,0.4052,0.4048,0.4048
1763724660,0.4048,0.4054,0.4048,0.4054
1763724720,0.4054,0.4059,0.405,0.4059
1763724780,0.4059,0.4061,0.4055,0.4057
1763724840,0.4057,0.4057,0.4041,0.4041
1763724900,0.4041,0.4044,0.404,0.404
1763724960,0.404,0.4043,0.4039,0.4041
1763725020,0.4041,0.4043,0.403,0.4033
1763725080,0.4033,0.4034,0.4025,0.4026
1763725140,0.4026,0.4033,0.4026,0.4029
1763725200,0.4029,0.4034,0.4022,0.4023
1763725260,0.4023,0.4025,0.4016,0.4023
1763725320,0.4023,0.4024,0.4015,0.4017
1763725380,0.4017,0.402,0.4017,0.4018
1763725440,0.4018,0.4023,0.4018,0.4021
1763725500,0.4021,0.4021,0.4013,0.4013
1763725560,0.4013,0.4017,0.4011,0.4017
1763725620,0.4017,0.4023,0.4013,0.4013
1763725680,0.4013,0.4015,0.4005,0.4005
1763725740,0.4005,0.4012,0.4001,0.4002
1763725800,0.4002,0.4005,0.3996,0.4002
1763725860,0.4002,0.4002,0.3986,0.399
1763725920,0.399,0.4,0.399,0.3995
1763725980,0.3995,0.3996,0.3986,0.3991
1763726040,0.3991,0.3994,0.3989,0.399
1763726100,0.399,0.3997,0.3988,0.3988
1763726160,0.3988,0.399,0.3982,0.3984
1763726220,0.3984,0.3994,0.3984,0.3994
1763726280,0.3994,0.3998,0.3984,0.3985
1763726340,0.3985,0.3988,0.3982,0.3986
1763726400,0.3986,0.399,0.398,0.3983
1763726460,0.3983,0.3991,0.3977,0.3984
1763726520,0.3984,0.3992,0.398,0.3985
1763726580,0.3985,0.3988,0.3978,0.3985
1763726640,0.3985,0.3985,0.397,0.3977
1763726700,0.3977,0.3979,0.3973,0.3975
1763726760,0.3975,0.3981,0.3973,0.3981
1763726820,0.3981,0.3985,0.3976,0.3985
1763726880,0.3985,0.3985,0.3965,0.3967
1763726940,0.3967,0.3973,0.3967,0.3968
1763727000,0.3968,0.3968,0.3957,0.396
1763727060,0.396,0.3964,0.3956,0.3961
1763727120,0.3961,0.3965,0.3955,0.396
1763727180,0.396,0.3971,0.3959,0.3971
1763727240,0.3971,0.3977,0.3965,0.3972
1763727300,0.3972,0.3972,0.3957,0.3962
1763727360,0.3962,0.3963,0.3948,0.3952
1763727420,0.3952,0.3955,0.3947,0.3952
1763727480,0.3952,0.3952,0.3938,0.3939
1763727540,0.3939,0.3944,0.3932,0.3935
1763727600,0.3935,0.3939,0.3931,0.3932
1763727660,0.3932,0.3934,0.3919,0.392
1763727720,0.392,0.3923,0.39,0.392
1763727780,0.392,0.3922,0.3893,0.3908
1763727840,0.3908,0.3911,0.3882,0.3891
1763727900,0.3891,0.3917,0.3891,0.3907
1763727960,0.3907,0.3912,0.3897,0.3898
1763728020,0.3898,0.3901,0.3891,0.3896
1763728080,0.3896,0.3897,0.3882,0.3883
1763728140,0.3883,0.3893,0.3873,0.389
1763728200,0.389,0.3942,0.3889,0.3927
1763728260,0.3927,0.3949,0.3911,0.3937
1763728320,0.3937,0.395,0.3928,0.3946
1763728380,0.3946,0.3956,0.3931,0.3944
1763728440,0.3944,0.396,0.3943,0.3951
1763728500,0.3951,0.3954,0.3935,0.3954
1763728560,0.3954,0.3988,0.3945,0.3982
1763728620,0.3982,0.4017,0.3978,0.401
1763728680,0.401,0.4024,0.4003,0.4019
1763728740,0.4019,0.4041,0.401,0.4039
1763728800,0.4039,0.404,0.4021,0.4035
1763728860,0.4035,0.4057,0.4031,0.4047
1763728920,0.4047,0.4051,0.4035,0.404
1763728980,0.404,0.405,0.4023,0.405
1763729040,0.405,0.4062,0.4041,0.405
1763729100,0.405,0.4076,0.405,0.4069
1763729160,0.4069,0.4081,0.4058,0.406
1763729220,0.406,0.4067,0.4053,0.4058
1763729280,0.4058,0.4062,0.4039,0.4044
1763729340,0.4044,0.4047,0.4033,0.4042
1763729400,0.4042,0.4067,0.404,0.4063
1763729460,0.4063,0.4067,0.4054,0.406
1763729520,0.406,0.4067,0.4052,0.4053
1763729580,0.4053,0.4063,0.4051,0.4063
1763729640,0.4063,0.4068,0.4059,0.4064
1763729700,0.4064,0.4065,0.4051,0.4051
1763729760,0.4051,0.4051,0.404,0.4042
1763729820,0.4042,0.4048,0.4036,0.4048
1763729880,0.4048,0.4048,0.4038,0.4043
1763729940,0.4043,0.4046,0.4037,0.4044
1763730000,0.4044,0.4053,0.4036,0.4053
1763730060,0.4053,0.4056,0.4041,0.4041
1763730120,0.4041,0.4056,0.4038,0.4046
1763730180,0.4046,0.4057,0.4035,0.4037
1763730240,0.4037,0.4038,0.4022,0.4029
1763730300,0.4029,0.4035,0.4022,0.4034
1763730360,0.4034,0.4045,0.4029,0.404
1763730420,0.404,0.4044,0.4033,0.4033
1763730480,0.4033,0.4052,0.4032,0.4052
1763730540,0.4052,0.4068,0.4052,0.4068
1763730600,0.4068,0.4072,0.4039,0.4039
1763730660,0.4039,0.405,0.4038,0.4044
1763730720,0.4044,0.405,0.4043,0.4046
1763730780,0.4046,0.4054,0.4044,0.4051
1763730840,0.4051,0.4055,0.4048,0.4052
1763730900,0.4052,0.406,0.4049,0.4056
1763730960,0.4056,0.4063,0.4054,0.4062
1763731020,0.4062,0.4089,0.4059,0.4079
1763731080,0.4079,0.4079,0.406,0.406
1763731140,0.406,0.4063,0.405,0.406
1763731200,0.406,0.4061,0.4049,0.4051
1763731260,0.4051,0.4062,0.4048,0.405
1763731320,0.405,0.4055,0.404,0.4041
1763731380,0.4041,0.4043,0.4031,0.4036
1763731440,0.4036,0.4036,0.4027,0.4029
1763731500,0.4029,0.403,0.4023,0.4029
1763731560,0.4029,0.4035,0.4024,0.4034
1763731620,0.4034,0.4036,0.4031,0.4033
1763731680,0.4033,0.4033,0.4021,0.4022
1763731740,0.4022,0.4027,0.4018,0.402
1763731800,0.402,0.4024,0.402,0.4022
1763731860,0.4022,0.403,0.4016,0.4025
1763731920,0.4025,0.4028,0.4017,0.4023
1763731980,0.4023,0.4027,0.4018,0.4026
1763732040,0.4026,0.4029,0.4018,0.4025
1763732100,0.4025,0.4041,0.4024,0.4038
1763732160,0.4038,0.4046,0.4038,0.4045
1763732220,0.4045,0.4047,0.4042,0.4045
1763732280,0.4045,0.405,0.4043,0.4048
1763732340,0.4048,0.4048,0.4034,0.4035
1763732400,0.4035,0.4048,0.4034,0.4048
1763732460,0.4048,0.4058,0.4047,0.4057
1763732520,0.4057,0.4064,0.4057,0.4057
1763732580,0.4057,0.4065,0.4057,0.4063
1763732640,0.4063,0.4063,0.4056,0.406
1763732700,0.406,0.4064,0.4054,0.4061
1763732760,0.4061,0.4072,0.4055,0.4057
1763732820,0.4057,0.4069,0.4056,0.4067
1763732880,0.4067,0.4078,0.4066,0.4074
1763732940,0.4074,0.4074,0.4059,0.4063
1763733000,0.4063,0.4066,0.4058,0.4066
1763733060,0.4066,0.4077,0.4065,0.4077
1763733120,0.4077,0.4081,0.4064,0.4064
1763733180,0.4064,0.407,0.4059,0.4067
1763733240,0.4067,0.407,0.4064,0.4069
1763733300,0.4069,0.4071,0.4066,0.4066
1763733360,0.4066,0.4066,0.4061,0.4065
1763733420,0.4065,0.4065,0.4058,0.4062
1763733480,0.4062,0.4063,0.4059,0.4062
1763733540,0.4062,0.4065,0.4052,0.4053
1763733600,0.4053,0.4055,0.4049,0.405
1763733660,0.405,0.405,0.4039,0.4046
1763733720,0.4046,0.4057,0.4045,0.4056
1763733780,0.4056,0.4059,0.4053,0.4055
1763733840,0.4055,0.4057,0.4052,0.4052
1763733900,0.4052,0.4056,0.4049,0.4049
1763733960,0.4049,0.4057,0.4048,0.4057
1763734020,0.4057,0.406,0.4052,0.4058
1763734080,0.4058,0.4067,0.4058,0.4067
1763734140,0.4067,0.4073,0.4066,0.4068
1763734200,0.4068,0.4069,0.4057,0.4057
1763734260,0.4057,0.4057,0.4049,0.4054
1763734320,0.4054,0.4057,0.4053,0.4056
1763734380,0.4056,0.4056,0.4048,0.4048
1763734440,0.4048,0.4052,0.4048,0.405
1763734500,0.405,0.405,0.4039,0.4039
1763734560,0.4039,0.4042,0.4032,0.4042
1763734620,0.4042,0.4042,0.4031,0.4036
1763734680,0.4036,0.4041,0.4036,0.4038
1763734740,0.4038,0.4042,0.4037,0.4041
1763734800,0.4041,0.4046,0.4039,0.4044
1763734860,0.4044,0.4053,0.4044,0.4053
1763734920,0.4053,0.4053,0.4046,0.4051
1763734980,0.4051,0.406,0.4049,0.4058
1763735040,0.4058,0.4059,0.4051,0.4053
1763735100,0.4053,0.4055,0.4045,0.4051
1763735160,0.4051,0.4052,0.4045,0.4046
1763735220,0.4046,0.4049,0.4041,0.4041
1763735280,0.4041,0.4043,0.4039,0.4041
1763735340,0.4041,0.4049,0.4041,0.4045
1763735400,0.4045,0.4096,0.4039,0.4073
1763735460,0.4073,0.4088,0.4058,0.4065
1763735520,0.4065,0.4085,0.4061,0.4081
1763735580,0.4081,0.4082,0.4067,0.4081
1763735640,0.4081,0.4119,0.408,0.4112
1763735700,0.4112,0.4117,0.4097,0.4117
1763735760,0.4117,0.4129,0.4114,0.4123
1763735820,0.4123,0.4132,0.4109,0.4116
1763735880,0.4116,0.4119,0.41,0.4102
1763735940,0.4102,0.4114,0.4102,0.4103
1763736000,0.4103,0.4121,0.4096,0.4121
1763736060,0.4121,0.4135,0.4121,0.413
1763736120,0.413,0.4138,0.4111,0.4117
1763736180,0.4117,0.412,0.4107,0.4111
1763736240,0.4111,0.4115,0.4106,0.411
1763736300,0.411,0.4117,0.4099,0.41
1763736360,0.41,0.4102,0.4089,0.4092
1763736420,0.4092,0.4098,0.4083,0.4085
1763736480,0.4085,0.4105,0.4085,0.4102
1763736540,0.4102,0.4105,0.409,0.41
1763736600,0.41,0.4105,0.4097,0.4101
1763736660,0.4101,0.4119,0.4093,0.411
1763736720,0.411,0.4121,0.4104,0.4121
1763736780,0.4121,0.4129,0.4119,0.4124
1763736840,0.4124,0.4135,0.4122,0.4133
1763736900,0.4133,0.4135,0.4127,0.4132
1763736960,0.4132,0.4133,0.4111,0.4114
1763737020,0.4114,0.4118,0.411,0.411
1763737080,0.411,0.4119,0.411,0.4119
1763737140,0.4119,0.4121,0.4106,0.4106
1763737200,0.4106,0.4118,0.4103,0.4104
1763737260,0.4104,0.4104,0.4088,0.409
1763737320,0.409,0.4096,0.4087,0.4087
1763737380,0.4087,0.4088,0.4078,0.4087
1763737440,0.4087,0.4092,0.4082,0.4087
1763737500,0.4087,0.4094,0.4086,0.4089
1763737560,0.4089,0.4101,0.4085,0.4094
1763737620,0.4094,0.4094,0.4085,0.4087
1763737680,0.4087,0.4089,0.4075,0.4083
1763737740,0.4083,0.4083,0.4074,0.4081
1763737800,0.4081,0.4081,0.4068,0.4076
1763737860,0.4076,0.4077,0.407,0.4076
1763737920,0.4076,0.4078,0.4072,0.4075
1763737980,0.4075,0.4075,0.4063,0.407
1763738040,0.407,0.4074,0.4065,0.4068
1763738100,0.4068,0.4077,0.4067,0.4072
1763738160,0.4072,0.4077,0.4069,0.4069
1763738220,0.4069,0.4069,0.4051,0.4057
1763738280,0.4057,0.4063,0.4055,0.4059
1763738340,0.4059,0.4061,0.4054,0.4058
1763738400,0.4058,0.406,0.4044,0.405
1763738460,0.405,0.405,0.4043,0.4045
1763738520,0.4045,0.4062,0.4039,0.4058
1763738580,0.4058,0.407,0.4056,0.4067
1763738640,0.4067,0.4068,0.4057,0.4068
1763738700,0.4068,0.4084,0.4067,0.4074
1763738760,0.4074,0.4074,0.4052,0.4059
1763738820,0.4059,0.4061,0.4052,0.4053
1763738880,0.4053,0.4061,0.4049,0.4056
1763738940,0.4056,0.4056,0.4047,0.4051
1763739000,0.4051,0.4058,0.4045,0.4052
1763739060,0.4052,0.4059,0.4048,0.4058
1763739120,0.4058,0.4063,0.4053,0.4059
1763739180,0.4059,0.4059,0.4049,0.4049
1763739240,0.4049,0.4052,0.4043,0.4045
1763739300,0.4045,0.4046,0.4035,0.4038
1763739360,0.4038,0.404,0.4032,0.4032
1763739420,0.4032,0.4035,0.402,0.4028
1763739480,0.4028,0.4029,0.4021,0.4024
1763739540,0.4024,0.4024,0.4011,0.4018
1763739600,0.4018,0.4021,0.4013,0.4016
1763739660,0.4016,0.4024,0.4005,0.4015
1763739720,0.4015,0.4019,0.4007,0.4012
1763739780,0.4012,0.4021,0.4012,0.402
1763739840,0.402,0.4027,0.402,0.4023
1763739900,0.4023,0.4036,0.4018,0.4035
1763739960,0.4035,0.4039,0.403,0.4035
1763740020,0.4035,0.4039,0.4031,0.4035
1763740080,0.4035,0.4038,0.4022,0.4029
1763740140,0.4029,0.4039,0.4027,0.4036
1763740200,0.4036,0.4036,0.4021,0.4032
1763740260,0.4032,0.4032,0.4015,0.4019
1763740320,0.4019,0.402,0.4009,0.401
1763740380,0.401,0.401,0.3992,0.4
1763740440,0.4,0.4014,0.4,0.4014
1763740500,0.4014,0.4016,0.4006,0.4015
1763740560,0.4015,0.4022,0.4009,0.4017
1763740620,0.4017,0.4017,0.4004,0.4004
1763740680,0.4004,0.4009,0.3989,0.4008
1763740740,0.4008,0.401,0.4002,0.4008
1763740800,0.4008,0.4016,0.4003,0.4009
1763740860,0.4009,0.4017,0.4005,0.4011
1763740920,0.4011,0.4013,0.3997,0.4004
1763740980,0.4004,0.4005,0.3993,0.4001
1763741040,0.4001,0.4002,0.3982,0.3987
1763741100,0.3987,0.3991,0.3972,0.3975
1763741160,0.3975,0.3979,0.3964,0.3976
1763741220,0.3976,0.3993,0.3971,0.3991
1763741280,0.3991,0.4024,0.399,0.3999
1763741340,0.3999,0.4005,0.3992,0.4002
1763741400,0.4002,0.401,0.3995,0.3996
1763741460,0.3996,0.4001,0.3991,0.3994
1763741520,0.3994,0.3994,0.3979,0.3984
1763741580,0.3984,0.4004,0.3984,0.3997
1763741640,0.3997,0.4,0.3988,0.4
1763741700,0.4,0.4,0.3988,0.3994
1763741760,0.3994,0.3996,0.3981,0.3994
1763741820,0.3994,0.4005,0.3981,0.3987
1763741880,0.3987,0.3989,0.3957,0.3961
1763741940,0.3961,0.3973,0.3958,0.3973
1763742000,0.3973,0.3986,0.3967,0.3985
1763742060,0.3985,0.4014,0.3979,0.4011
1763742120,0.4011,0.4026,0.4002,0.4002
1763742180,0.4002,0.4003,0.3986,0.3991
1763742240,0.3991,0.4002,0.399,0.3998
1763742300,0.3998,0.4001,0.399,0.3999
1763742360,0.3999,0.4004,0.3994,0.3994
1763742420,0.3994,0.4003,0.3992,0.4
1763742480,0.4,0.4011,0.3998,0.4003
1763742540,0.4003,0.4014,0.3999,0.4013
1763742600,0.4013,0.4024,0.4005,0.4005
1763742660,0.4005,0.4007,0.3998,0.3999
1763742720,0.3999,0.4004,0.399,0.3997
1763742780,0.3997,0.4009,0.3996,0.4002
1763742840,0.4002,0.4005,0.3997,0.3998
1763742900,0.3998,0.4009,0.3998,0.4005
1763742960,0.4005,0.4028,0.4005,0.4025
1763743020,0.4025,0.4039,0.4024,0.4038
1763743080,0.4038,0.4053,0.4037,0.405
1763743140,0.405,0.4051,0.4032,0.4035
1763743200,0.4035,0.4042,0.4034,0.404
1763743260,0.404,0.4043,0.4031,0.4032
1763743320,0.4032,0.4036,0.4026,0.4027
1763743380,0.4027,0.403,0.4025,0.4027
1763743440,0.4027,0.4027,0.4009,0.4015
1763743500,0.4015,0.4015,0.3999,0.4002
1763743560,0.4002,0.4016,0.4,0.4009
1763743620,0.4009,0.4027,0.4008,0.4025
1763743680,0.4025,0.4044,0.4025,0.4039
1763743740,0.4039,0.4049,0.4039,0.4045
1763743800,0.4045,0.4051,0.4038,0.4048
1763743860,0.4048,0.4061,0.4048,0.4059
1763743920,0.4059,0.4083,0.4057,0.4083
1763743980,0.4083,0.4099,0.408,0.4095
1763744040,0.4095,0.41,0.4086,0.4088
1763744100,0.4088,0.4103,0.4088,0.4093
1763744160,0.4093,0.412,0.4093,0.4112
1763744220,0.4112,0.4118,0.4102,0.4103
1763744280,0.4103,0.4117,0.4103,0.4113
1763744340,0.4113,0.4121,0.4112,0.4118
1763744400,0.4118,0.4127,0.4108,0.4116
1763744460,0.4116,0.4122,0.4104,0.4107
1763744520,0.4107,0.4119,0.4107,0.411
1763744580,0.411,0.4135,0.411,0.4134
1763744640,0.4134,0.4145,0.4133,0.4142
1763744700,0.4142,0.4144,0.4128,0.4133
1763744760,0.4133,0.4144,0.4132,0.414
1763744820,0.414,0.416,0.4136,0.4157
1763744880,0.4157,0.4159,0.4146,0.4152
1763744940,0.4152,0.4158,0.415,0.4152
1763745000,0.4152,0.4153,0.4131,0.4143
1763745060,0.4143,0.4148,0.4139,0.4145
1763745120,0.4145,0.4153,0.414,0.4144
1763745180,0.4144,0.4148,0.4132,0.4139
1763745240,0.4139,0.4146,0.4136,0.4143
1763745300,0.4143,0.4152,0.4142,0.4144
1763745360,0.4144,0.4151,0.4139,0.4141
1763745420,0.4141,0.4154,0.4138,0.4148
1763745480,0.4148,0.4169,0.4148,0.4162
1763745540,0.4162,0.4167,0.414,0.414
1763745600,0.414,0.4141,0.4129,0.4137
1763745660,0.4137,0.4151,0.4137,0.4143
1763745720,0.4143,0.4157,0.4143,0.415
1763745780,0.415,0.4158,0.4146,0.4158
1763745840,0.4158,0.417,0.4158,0.4166
1763745900,0.4166,0.4176,0.4162,0.4164
1763745960,0.4164,0.4167,0.4161,0.4163
1763746020,0.4163,0.4163,0.4146,0.4149
1763746080,0.4149,0.4149,0.4143,0.4146
1763746140,0.4146,0.4161,0.4146,0.4158
1763746200,0.4158,0.4169,0.4158,0.4168
1763746260,0.4168,0.4173,0.4164,0.4164
1763746320,0.4164,0.4167,0.4154,0.4161
1763746380,0.4161,0.4164,0.416,0.4163
1763746440,0.4163,0.4165,0.4161,0.4164
1763746500,0.4164,0.4166,0.4156,0.4163
1763746560,0.4163,0.4169,0.4154,0.4165
1763746620,0.4165,0.4166,0.4155,0.4156
1763746680,0.4156,0.4159,0.4143,0.4146
1763746740,0.4146,0.4153,0.4146,0.4149
1763746800,0.4149,0.4151,0.4145,0.4145
1763746860,0.4145,0.4155,0.4141,0.4155
1763746920,0.4155,0.4156,0.4151,0.4155
1763746980,0.4155,0.4156,0.415,0.4152
1763747040,0.4152,0.4153,0.4148,0.4148
1763747100,0.4148,0.4164,0.4148,0.4158
1763747160,0.4158,0.4159,0.4144,0.4151
1763747220,0.4151,0.4155,0.4148,0.4155
1763747280,0.4155,0.4162,0.4153,0.4162
1763747340,0.4162,0.4166,0.4161,0.4163
1763747400,0.4163,0.4163,0.4151,0.4152
1763747460,0.4152,0.4158,0.415,0.4156
1763747520,0.4156,0.4156,0.4136,0.4137
1763747580,0.4137,0.4138,0.4131,0.4131
1763747640,0.4131,0.4139,0.4126,0.4133
1763747700,0.4133,0.4146,0.4133,0.414
1763747760,0.414,0.414,0.413,0.4132
1763747820,0.4132,0.4134,0.4126,0.4132
1763747880,0.4132,0.4137,0.4129,0.413
1763747940,0.413,0.4133,0.4129,0.413
1763748000,0.413,0.4136,0.4127,0.4129
1763748060,0.4129,0.413,0.4122,0.4127
1763748120,0.4127,0.4129,0.4123,0.4126
1763748180,0.4126,0.4127,0.4115,0.4118
1763748240,0.4118,0.4118,0.4102,0.4102
1763748300,0.4102,0.4106,0.4089,0.4089
1763748360,0.4089,0.4103,0.4082,0.41
1763748420,0.41,0.41,0.4086,0.4091
1763748480,0.4091,0.4091,0.4083,0.4089
1763748540,0.4089,0.41,0.4085,0.4095
1763748600,0.4095,0.4098,0.4084,0.4085
1763748660,0.4085,0.4092,0.4076,0.408
1763748720,0.408,0.408,0.4068,0.4072
1763748780,0.4072,0.4076,0.406,0.406
1763748840,0.406,0.4063,0.4052,0.4059
1763748900,0.4059,0.4061,0.4051,0.4061
1763748960,0.4061,0.4066,0.4055,0.4061
1763749020,0.4061,0.4061,0.4045,0.4046
1763749080,0.4046,0.4047,0.4041,0.4045
1763749140,0.4045,0.4054,0.4045,0.4053
1763749200,0.4053,0.4055,0.4046,0.405
1763749260,0.405,0.4063,0.4049,0.406
1763749320,0.406,0.4061,0.4048,0.4054
1763749380,0.4054,0.4061,0.4052,0.4057
1763749440,0.4057,0.4061,0.4052,0.4058
1763749500,0.4058,0.4083,0.4055,0.4078
1763749560,0.4078,0.4079,0.4065,0.407
1763749620,0.407,0.4076,0.4064,0.4073
1763749680,0.4073,0.409,0.4073,0.4081
1763749740,0.4081,0.4081,0.4075,0.408
1763749800,0.408,0.4085,0.4072,0.4082
1763749860,0.4082,0.4093,0.4081,0.4088
1763749920,0.4088,0.4102,0.4087,0.4102
1763749980,0.4102,0.4104,0.4093,0.4094
1763750040,0.4094,0.4101,0.4094,0.4101
1763750100,0.4101,0.411,0.4101,0.411
1763750160,0.411,0.4134,0.411,0.4121
1763750220,0.4121,0.4126,0.4118,0.4119
1763750280,0.4119,0.4125,0.4116,0.412
1763750340,0.412,0.4124,0.4118,0.412
1763750400,0.412,0.4123,0.4113,0.4118
1763750460,0.4118,0.4119,0.4106,0.4117
1763750520,0.4117,0.4119,0.4109,0.4115
1763750580,0.4115,0.413,0.4115,0.4125
1763750640,0.4125,0.4129,0.4124,0.4127
1763750700,0.4127,0.4131,0.4118,0.4121
1763750760,0.4121,0.4125,0.4117,0.4118
1763750820,0.4118,0.4127,0.4117,0.4127
1763750880,0.4127,0.4169,0.4127,0.4157
1763750940,0.4157,0.4167,0.415,0.4152
1763751000,0.4152,0.4164,0.4148,0.4151
1763751060,0.4151,0.4156,0.4144,0.415
1763751120,0.415,0.415,0.4135,0.4138
1763751180,0.4138,0.415,0.4138,0.4144
1763751240,0.4144,0.4144,0.4132,0.4136
1763751300,0.4136,0.414,0.4132,0.414
1763751360,0.414,0.4143,0.4135,0.4138
1763751420,0.4138,0.4139,0.4127,0.4131
1763751480,0.4131,0.4132,0.4129,0.4131
1763751540,0.4131,0.4136,0.413,0.4131
1763751600,0.4131,0.4138,0.4131,0.4136
1763751660,0.4136,0.4139,0.4128,0.413
1763751720,0.413,0.4135,0.4129,0.4133
1763751780,0.4133,0.4138,0.4132,0.4136
1763751840,0.4136,0.4146,0.4135,0.4142
1763751900,0.4142,0.4143,0.4135,0.4136
1763751960,0.4136,0.4136,0.4127,0.4129
1763752020,0.4129,0.4133,0.4129,0.413
1763752080,0.413,0.4132,0.4124,0.4127
1763752140,0.4127,0.414,0.4127,0.4136
1763752200,0.4136,0.4141,0.413,0.4131
1763752260,0.4131,0.4131,0.4125,0.4127
1763752320,0.4127,0.4128,0.4118,0.4118
1763752380,0.4118,0.4118,0.4107,0.4113
1763752440,0.4113,0.4115,0.4102,0.4112
1763752500,0.4112,0.4112,0.4101,0.4108
1763752560,0.4108,0.4114,0.4108,0.4114
1763752620,0.4114,0.4117,0.4111,0.4115
1763752680,0.4115,0.4115,0.4104,0.4105
1763752740,0.4105,0.4121,0.4105,0.412
1763752800,0.412,0.4136,0.4118,0.413
1763752860,0.413,0.4136,0.413,0.4134
1763752920,0.4134,0.4141,0.4131,0.4133
1763752980,0.4133,0.4133,0.4125,0.4129
1763753040,0.4129,0.4136,0.4127,0.4134
1763753100,0.4134,0.414,0.4133,0.4136
1763753160,0.4136,0.4137,0.4135,0.4137
1763753220,0.4137,0.4138,0.4135,0.4135
1763753280,0.4135,0.4135,0.4129,0.4131
1763753340,0.4131,0.4134,0.4129,0.4129
1763753400,0.4129,0.4135,0.4125,0.4127
1763753460,0.4127,0.4128,0.4113,0.4115
1763753520,0.4115,0.4123,0.4114,0.4117
1763753580,0.4117,0.4118,0.4108,0.411
1763753640,0.411,0.411,0.4107,0.411
1763753700,0.411,0.4116,0.411,0.4115
1763753760,0.4115,0.4121,0.4114,0.4116
1763753820,0.4116,0.4117,0.4112,0.4117
1763753880,0.4117,0.4124,0.4117,0.4122
1763753940,0.4122,0.4123,0.4117,0.4117
1763754000,0.4117,0.4121,0.4115,0.4116
1763754060,0.4116,0.4116,0.4111,0.4114
1763754120,0.4114,0.4117,0.4109,0.4111
1763754180,0.4111,0.4111,0.4094,0.4094
1763754240,0.4094,0.4095,0.409,0.4094
1763754300,0.4094,0.4094,0.409,0.4093
1763754360,0.4093,0.4094,0.4083,0.4085
1763754420,0.4085,0.409,0.4084,0.409
1763754480,0.409,0.4097,0.4089,0.4096
1763754540,0.4096,0.41,0.4093,0.4095
1763754600,0.4095,0.4096,0.409,0.4092
1763754660,0.4092,0.4092,0.4088,0.4089
1763754720,0.4089,0.4094,0.4085,0.4089
1763754780,0.4089,0.4089,0.4081,0.4081
1763754840,0.4081,0.4084,0.4076,0.4083
1763754900,0.4083,0.4094,0.4083,0.4092
1763754960,0.4092,0.4094,0.4091,0.4092
1763755020,0.4092,0.4092,0.4084,0.409
1763755080,0.409,0.4094,0.4089,0.4091
1763755140,0.4091,0.4097,0.409,0.4096
1763755200,0.4096,0.4097,0.4092,0.4095
1763755260,0.4095,0.4099,0.4091,0.4098
1763755320,0.4098,0.41,0.4093,0.4097
1763755380,0.4097,0.41,0.4092,0.4093
1763755440,0.4093,0.4094,0.4086,0.4088
1763755500,0.4088,0.4088,0.4071,0.4074
1763755560,0.4074,0.4077,0.4067,0.4067
1763755620,0.4067,0.4071,0.4064,0.4064
1763755680,0.4064,0.4067,0.4061,0.4064
1763755740,0.4064,0.4069,0.4062,0.4069
1763755800,0.4069,0.4072,0.4066,0.4071
1763755860,0.4071,0.4077,0.4071,0.4074
1763755920,0.4074,0.4094,0.4074,0.4086
1763755980,0.4086,0.4086,0.4072,0.4074
1763756040,0.4074,0.4081,0.4074,0.4081
1763756100,0.4081,0.4082,0.4062,0.4062
1763756160,0.4062,0.4062,0.4056,0.4057
1763756220,0.4057,0.4058,0.4051,0.4052
1763756280,0.4052,0.4053,0.4045,0.4046
1763756340,0.4046,0.4049,0.4042,0.4042
1763756400,0.4042,0.4045,0.4033,0.404
1763756460,0.404,0.4042,0.4036,0.4037
1763756520,0.4037,0.4039,0.4032,0.4038
1763756580,0.4038,0.4039,0.4029,0.403
1763756640,0.403,0.4033,0.4028,0.4032
1763756700,0.4032,0.4042,0.4032,0.4042
1763756760,0.4042,0.4046,0.404,0.4042
1763756820,0.4042,0.4042,0.4027,0.4027
1763756880,0.4027,0.4029,0.4023,0.4027
1763756940,0.4027,0.4027,0.4016,0.402
1763757000,0.402,0.4027,0.4017,0.4024
1763757060,0.4024,0.4032,0.4023,0.403
1763757120,0.403,0.4033,0.4022,0.4023
1763757180,0.4023,0.4038,0.4022,0.4038
1763757240,0.4038,0.4039,0.4026,0.4027
1763757300,0.4027,0.4043,0.4026,0.4033
1763757360,0.4033,0.4035,0.4027,0.4027
1763757420,0.4027,0.4039,0.4026,0.4039
1763757480,0.4039,0.406,0.4039,0.406
1763757540,0.406,0.406,0.4052,0.4052
1763757600,0.4052,0.4054,0.4047,0.4054
1763757660,0.4054,0.4061,0.4047,0.405
1763757720,0.405,0.4057,0.4044,0.4044
1763757780,0.4044,0.4058,0.404,0.4053
1763757840,0.4053,0.4057,0.4049,0.4054
1763757900,0.4054,0.4057,0.4048,0.4049
1763757960,0.4049,0.406,0.4049,0.4058
1763758020,0.4058,0.4066,0.405,0.4055
1763758080,0.4055,0.4066,0.4052,0.4066
1763758140,0.4066,0.4069,0.4061,0.4062
1763758200,0.4062,0.4071,0.4054,0.4055
1763758260,0.4055,0.4068,0.4055,0.4066
1763758320,0.4066,0.4068,0.406,0.406
1763758380,0.406,0.4064,0.4054,0.4054
1763758440,0.4054,0.4061,0.4052,0.4061
1763758500,0.4061,0.4061,0.4043,0.4045
1763758560,0.4045,0.4067,0.4045,0.4067
1763758620,0.4067,0.4068,0.4058,0.4065
1763758680,0.4065,0.4065,0.4057,0.406
1763758740,0.406,0.4061,0.4045,0.4058
1763758800,0.4058,0.4059,0.4053,0.4058
1763758860,0.4058,0.4068,0.4058,0.4061
1763758920,0.4061,0.4065,0.4058,0.406
1763758980,0.406,0.406,0.4049,0.405
1763759040,0.405,0.4051,0.4039,0.4051
1763759100,0.4051,0.4054,0.4041,0.4047
1763759160,0.4047,0.4059,0.4047,0.4055
1763759220,0.4055,0.4055,0.4046,0.405
1763759280,0.405,0.4053,0.4044,0.4053
1763759340,0.4053,0.4054,0.4045,0.4045
1763759400,0.4045,0.4054,0.4039,0.4054
1763759460,0.4054,0.4059,0.4048,0.4048
1763759520,0.4048,0.4052,0.4041,0.405
1763759580,0.405,0.4061,0.405,0.4058
1763759640,0.4058,0.4065,0.4058,0.4063
1763759700,0.4063,0.4066,0.4056,0.4056
1763759760,0.4056,0.4057,0.405,0.4054
1763759820,0.4054,0.4077,0.4054,0.4076
1763759880,0.4076,0.408,0.4058,0.4058
1763759940,0.4058,0.4068,0.4056,0.4064
1763760000,0.4064,0.4077,0.4063,0.4076
1763760060,0.4076,0.408,0.4074,0.4078
1763760120,0.4078,0.4094,0.4078,0.409
1763760180,0.409,0.4099,0.4089,0.4099
1763760240,0.4099,0.4103,0.4093,0.4095
1763760300,0.4095,0.4112,0.4093,0.4111
1763760360,0.4111,0.4111,0.4106,0.4107
1763760420,0.4107,0.4117,0.4106,0.4116
1763760480,0.4116,0.4116,0.4108,0.4111
1763760540,0.4111,0.4115,0.4107,0.4108
1763760600,0.4108,0.4111,0.4105,0.4108
1763760660,0.4108,0.4109,0.4103,0.4107
1763760720,0.4107,0.4111,0.4102,0.4105
1763760780,0.4105,0.4105,0.4098,0.41
1763760840,0.41,0.41,0.4094,0.4098
1763760900,0.4098,0.4106,0.4098,0.4101
1763760960,0.4101,0.4115,0.4101,0.4109
1763761020,0.4109,0.411,0.4105,0.4108
1763761080,0.4108,0.4116,0.4108,0.4116
1763761140,0.4116,0.4125,0.4115,0.4122
1763761200,0.4122,0.4132,0.412,0.413
1763761260,0.413,0.413,0.4125,0.4128
1763761320,0.4128,0.4134,0.4128,0.4134
1763761380,0.4134,0.4136,0.4132,0.4133
1763761440,0.4133,0.4133,0.4124,0.4128
1763761500,0.4128,0.413,0.4125,0.4129
1763761560,0.4129,0.4134,0.4124,0.4124
1763761620,0.4124,0.4126,0.4121,0.4125
1763761680,0.4125,0.4129,0.4122,0.4129
1763761740,0.4129,0.4131,0.4125,0.4127
1763761800,0.4127,0.4132,0.4126,0.4129
1763761860,0.4129,0.4138,0.4127,0.4138
1763761920,0.4138,0.4139,0.4135,0.4138
1763761980,0.4138,0.4139,0.4129,0.4129
1763762040,0.4129,0.4129,0.4122,0.4124
1763762100,0.4124,0.4128,0.412,0.412
1763762160,0.412,0.4124,0.4118,0.4123
1763762220,0.4123,0.4124,0.4118,0.4118
1763762280,0.4118,0.4119,0.4111,0.4114
1763762340,0.4114,0.4122,0.4113,0.4121
1763762400,0.4121,0.4124,0.4119,0.4122
1763762460,0.4122,0.4132,0.4122,0.4128
1763762520,0.4128,0.4131,0.4128,0.413
1763762580,0.413,0.4133,0.4129,0.4133
1763762640,0.4133,0.4133,0.4127,0.4127
1763762700,0.4127,0.4127,0.4117,0.4117
1763762760,0.4117,0.4126,0.4117,0.4126
1763762820,0.4126,0.4126,0.4119,0.4121
1763762880,0.4121,0.4126,0.412,0.4122
1763762940,0.4122,0.4124,0.4121,0.4123
1763763000,0.4123,0.4123,0.4117,0.4117
1763763060,0.4117,0.4119,0.4114,0.4114
1763763120,0.4114,0.4115,0.4112,0.4114
1763763180,0.4114,0.4114,0.4106,0.4112
1763763240,0.4112,0.4119,0.4111,0.4119
1763763300,0.4119,0.4124,0.4117,0.4122
1763763360,0.4122,0.4125,0.4119,0.4121
1763763420,0.4121,0.4122,0.4117,0.4121
1763763480,0.4121,0.4121,0.4109,0.4111
1763763540,0.4111,0.4114,0.411,0.4111
1763763600,0.4111,0.4111,0.4106,0.4106
1763763660,0.4106,0.4109,0.4105,0.4106
1763763720,0.4106,0.4107,0.4103,0.4103
1763763780,0.4103,0.4103,0.4083,0.4084
1763763840,0.4084,0.4084,0.4063,0.4073
1763763900,0.4073,0.4075,0.4068,0.4072
1763763960,0.4072,0.4086,0.4072,0.4084
1763764020,0.4084,0.4092,0.4084,0.4084
1763764080,0.4084,0.4084,0.4078,0.4079
1763764140,0.4079,0.408,0.4074,0.4074
1763764200,0.4074,0.4074,0.4056,0.4056
1763764260,0.4056,0.4057,0.4046,0.4048
1763764320,0.4048,0.4052,0.4047,0.405
1763764380,0.405,0.4052,0.4046,0.4047
1763764440,0.4047,0.405,0.4046,0.4047
1763764500,0.4047,0.4047,0.4033,0.4034
1763764560,0.4034,0.4051,0.4032,0.4051
1763764620,0.4051,0.4061,0.4045,0.4051
1763764680,0.4051,0.4054,0.404,0.404
1763764740,0.404,0.4048,0.404,0.4043
1763764800,0.4043,0.4048,0.4041,0.4041
1763764860,0.4041,0.4044,0.4038,0.4044
1763764920,0.4044,0.4051,0.4044,0.4044
1763764980,0.4044,0.4052,0.4044,0.4048
1763765040,0.4048,0.4054,0.4048,0.4053
1763765100,0.4053,0.4066,0.4052,0.4064
1763765160,0.4064,0.4064,0.4052,0.4052
1763765220,0.4052,0.4053,0.4032,0.4032
1763765280,0.4032,0.4032,0.4025,0.4026
1763765340,0.4026,0.4026,0.4023,0.4024
1763765400,0.4024,0.403,0.4022,0.4022
1763765460,0.4022,0.4023,0.3999,0.401
1763765520,0.401,0.401,0.3999,0.4002
1763765580,0.4002,0.401,0.3994,0.401
1763765640,0.401,0.4013,0.4005,0.4011
1763765700,0.4011,0.4011,0.4,0.4008
1763765760,0.4008,0.402,0.4007,0.4014
1763765820,0.4014,0.4018,0.4001,0.4002
1763765880,0.4002,0.4006,0.3995,0.3998
1763765940,0.3998,0.4001,0.3991,0.3992
1763766000,0.3992,0.3998,0.3992,0.3995
1763766060,0.3995,0.4001,0.3994,0.4
1763766120,0.4,0.4002,0.3989,0.3995
1763766180,0.3995,0.4,0.3994,0.3996
1763766240,0.3996,0.4003,0.3993,0.3998
1763766300,0.3998,0.4001,0.3983,0.3986
1763766360,0.3986,0.3989,0.3973,0.398
1763766420,0.398,0.398,0.3973,0.3976
1763766480,0.3976,0.3991,0.3976,0.3989
1763766540,0.3989,0.3999,0.3987,0.3999
1763766600,0.3999,0.4,0.3992,0.3992
1763766660,0.3992,0.4002,0.399,0.4002
1763766720,0.4002,0.4011,0.4002,0.4007
1763766780,0.4007,0.4009,0.4005,0.4008
1763766840,0.4008,0.4015,0.4007,0.4014
1763766900,0.4014,0.403,0.4014,0.4028
1763766960,0.4028,0.4033,0.4028,0.4033
1763767020,0.4033,0.4034,0.4027,0.403
1763767080,0.403,0.4036,0.403,0.4035
1763767140,0.4035,0.4044,0.4034,0.4044
1763767200,0.4044,0.405,0.404,0.4049
1763767260,0.4049,0.4062,0.4049,0.4061
1763767320,0.4061,0.4062,0.4056,0.4059
1763767380,0.4059,0.4071,0.4058,0.4069
1763767440,0.4069,0.4072,0.4063,0.4067
1763767500,0.4067,0.4071,0.4064,0.4071
1763767560,0.4071,0.4073,0.4061,0.4062
1763767620,0.4062,0.407,0.4061,0.4069
1763767680,0.4069,0.4079,0.4069,0.4079
1763767740,0.4079,0.4089,0.4077,0.4089
1763767800,0.4089,0.4089,0.4082,0.4085
1763767860,0.4085,0.4094,0.4085,0.4093
1763767920,0.4093,0.4093,0.4083,0.4086
1763767980,0.4086,0.409,0.4083,0.409
1763768040,0.409,0.4098,0.409,0.4095
1763768100,0.4095,0.4096,0.4091,0.4093
1763768160,0.4093,0.4094,0.4083,0.4084
1763768220,0.4084,0.4085,0.408,0.4082
1763768280,0.4082,0.4086,0.408,0.4086
1763768340,0.4086,0.4088,0.4083,0.4085
1763768400,0.4085,0.4087,0.4083,0.4084
1763768460,0.4084,0.4093,0.4082,0.4092
1763768520,0.4092,0.4102,0.4092,0.4098
1763768580,0.4098,0.4101,0.4097,0.4097
1763768640,0.4097,0.4099,0.4096,0.4098
1763768700,0.4098,0.4108,0.4098,0.4106
1763768760,0.4106,0.4107,0.4095,0.4098
1763768820,0.4098,0.4107,0.4097,0.4097
1763768880,0.4097,0.4099,0.4093,0.4094
1763768940,0.4094,0.4098,0.4094,0.4098
1763769000,0.4098,0.4098,0.4087,0.4088
1763769060,0.4088,0.4094,0.4088,0.4092
1763769120,0.4092,0.4095,0.4092,0.4095
1763769180,0.4095,0.4096,0.4093,0.4096
1763769240,0.4096,0.4098,0.4091,0.4092
1763769300,0.4092,0.4092,0.4086,0.4086
1763769360,0.4086,0.409,0.4086,0.4089
1763769420,0.4089,0.4095,0.4089,0.4094
1763769480,0.4094,0.4094,0.4091,0.4092
1763769540,0.4092,0.4092,0.4089,0.409
1764547200,0.4139,0.4152,0.4137,0.4152
1764547260,0.4152,0.4153,0.4143,0.4144
1764547320,0.4144,0.4154,0.4144,0.4149
1764547380,0.4149,0.415,0.4139,0.4142
1764547440,0.4142,0.4143,0.4118,0.4136
1764547500,0.4136,0.4137,0.4118,0.4123
1764547560,0.4123,0.4123,0.4075,0.4075
1764547620,0.4075,0.4096,0.4056,0.4056
1764547680,0.4056,0.408,0.4026,0.4041
1764547740,0.4041,0.4052,0.4023,0.4038
1764547800,0.4038,0.4056,0.4004,0.4025
1764547860,0.4025,0.4048,0.4017,0.4042
1764547920,0.4042,0.4045,0.402,0.4022
1764547980,0.4022,0.403,0.4008,0.4027
1764548040,0.4027,0.4037,0.402,0.4021
1764548100,0.4021,0.4027,0.4009,0.4016
1764548160,0.4016,0.4028,0.4013,0.4022
1764548220,0.4022,0.4022,0.4002,0.4004
1764548280,0.4004,0.4006,0.3986,0.3994
1764548340,0.3994,0.3994,0.3976,0.3985
1764548400,0.3985,0.4,0.3983,0.3991
1764548460,0.3991,0.3991,0.3957,0.3974
1764548520,0.3974,0.398,0.3971,0.398
1764548580,0.398,0.398,0.3964,0.3967
1764548640,0.3967,0.3989,0.3965,0.3985
1764548700,0.3985,0.4001,0.3983,0.3996
1764548760,0.3996,0.4001,0.399,0.399
1764548820,0.399,0.399,0.3979,0.3984
1764548880,0.3984,0.3989,0.3975,0.3978
1764548940,0.3978,0.3978,0.3967,0.3973
1764549000,0.3973,0.3974,0.3963,0.3973
1764549060,0.3973,0.3985,0.3965,0.3975
1764549120,0.3975,0.3975,0.394,0.3955
1764549180,0.3955,0.3967,0.3947,0.3954
1764549240,0.3954,0.396,0.3944,0.3955
1764549300,0.3955,0.3955,0.3934,0.3948
1764549360,0.3948,0.3964,0.3946,0.3952
1764549420,0.3952,0.3965,0.3945,0.3949
1764549480,0.3949,0.3954,0.3924,0.3928
1764549540,0.3928,0.3943,0.3927,0.3941
1764549600,0.3941,0.3948,0.3937,0.3946
1764549660,0.3946,0.3964,0.3942,0.3961
1764549720,0.3961,0.3965,0.3948,0.3952
1764549780,0.3952,0.3952,0.3924,0.3928
1764549840,0.3928,0.3933,0.3924,0.3932
1764549900,0.3932,0.3937,0.3929,0.393
1764549960,0.393,0.3932,0.3924,0.3927
1764550020,0.3927,0.3933,0.3909,0.3933
1764550080,0.3933,0.3934,0.3924,0.3926
1764550140,0.3926,0.3935,0.3926,0.3932
1764550200,0.3932,0.3939,0.393,0.3937
1764550260,0.3937,0.3938,0.3923,0.3933
1764550320,0.3933,0.3933,0.3922,0.3923
1764550380,0.3923,0.3925,0.3909,0.3911
1764550440,0.3911,0.3912,0.3901,0.3906
1764550500,0.3906,0.3907,0.3898,0.3902
1764550560,0.3902,0.3902,0.3889,0.3898
1764550620,0.3898,0.3919,0.3897,0.3911
1764550680,0.3911,0.3911,0.3897,0.3901
1764550740,0.3901,0.3902,0.3875,0.3877
1764550800,0.3877,0.3893,0.3874,0.3889
1764550860,0.3889,0.3904,0.3886,0.3893
1764550920,0.3893,0.39,0.3885,0.3897
1764550980,0.3897,0.3917,0.3897,0.3903
1764551040,0.3903,0.3913,0.3902,0.3911
1764551100,0.3911,0.3931,0.391,0.3931
1764551160,0.3931,0.3935,0.3927,0.393
1764551220,0.393,0.3951,0.3926,0.3948
1764551280,0.3948,0.3956,0.3945,0.3953
1764551340,0.3953,0.3957,0.3927,0.3927
1764551400,0.3927,0.3928,0.3918,0.3924
1764551460,0.3924,0.3928,0.3917,0.3925
1764551520,0.3925,0.3938,0.3922,0.3937
1764551580,0.3937,0.3937,0.3929,0.3932
1764551640,0.3932,0.3932,0.3916,0.392
1764551700,0.392,0.3933,0.3917,0.3933
1764551760,0.3933,0.3941,0.3931,0.3935
1764551820,0.3935,0.3944,0.3928,0.3932
1764551880,0.3932,0.3937,0.3929,0.3933
1764551940,0.3933,0.3935,0.3918,0.3922
1764552000,0.3922,0.3923,0.3914,0.3922
1764552060,0.3922,0.3931,0.3922,0.3924
1764552120,0.3924,0.3932,0.3924,0.3932
1764552180,0.3932,0.3935,0.3929,0.3931
1764552240,0.3931,0.3931,0.3917,0.3917
1764552300,0.3917,0.3928,0.391,0.3926
1764552360,0.3926,0.3934,0.3922,0.3934
1764552420,0.3934,0.3937,0.3895,0.3902
1764552480,0.3902,0.3909,0.39,0.3906
1764552540,0.3906,0.3907,0.3899,0.3901
1764552600,0.3901,0.3905,0.3896,0.3902
1764552660,0.3902,0.3912,0.3899,0.3906
1764552720,0.3906,0.3914,0.3905,0.3912
1764552780,0.3912,0.3921,0.3911,0.3915
1764552840,0.3915,0.3923,0.3912,0.3913
1764552900,0.3913,0.3923,0.3912,0.3923
1764552960,0.3923,0.3928,0.3923,0.3927
1764553020,0.3927,0.3927,0.3919,0.392
1764553080,0.392,0.3926,0.3908,0.3911
1764553140,0.3911,0.3917,0.3908,0.391
1764553200,0.391,0.3911,0.3902,0.391
1764553260,0.391,0.3918,0.391,0.3918
1764553320,0.3918,0.3924,0.3916,0.3917
1764553380,0.3917,0.3919,0.3913,0.3916
1764553440,0.3916,0.3917,0.3909,0.391
1764553500,0.391,0.3916,0.3907,0.391
1764553560,0.391,0.3915,0.3906,0.3908
1764553620,0.3908,0.3913,0.3903,0.3913
1764553680,0.3913,0.3913,0.3907,0.3908
1764553740,0.3908,0.391,0.3905,0.3905
1764553800,0.3905,0.3907,0.3901,0.3906
1764553860,0.3906,0.3906,0.3901,0.3902
1764553920,0.3902,0.3906,0.3899,0.39
1764553980,0.39,0.3902,0.3899,0.3902
1764554040,0.3902,0.3902,0.3899,0.39
1764554100,0.39,0.3904,0.3896,0.3899
1764554160,0.3899,0.3905,0.3898,0.39
1764554220,0.39,0.3904,0.3899,0.3904
1764554280,0.3904,0.3907,0.39,0.39
1764554340,0.39,0.39,0.3891,0.3896
1764554400,0.3896,0.39,0.3895,0.3898
1764554460,0.3898,0.3898,0.3892,0.3894
1764554520,0.3894,0.3897,0.3892,0.3897
1764554580,0.3897,0.3907,0.3897,0.3906
1764554640,0.3906,0.3919,0.3906,0.3918
1764554700,0.3918,0.3923,0.3916,0.392
1764554760,0.392,0.3921,0.3906,0.3908
1764554820,0.3908,0.3908,0.39,0.3901
1764554880,0.3901,0.3908,0.3899,0.3906
1764554940,0.3906,0.391,0.3904,0.3904
1764555000,0.3904,0.3904,0.3897,0.3903
1764555060,0.3903,0.391,0.3902,0.391
1764555120,0.391,0.3922,0.391,0.3921
1764555180,0.3921,0.3922,0.392,0.392
1764555240,0.392,0.392,0.3908,0.3909
1764555300,0.3909,0.3913,0.3909,0.3912
1764555360,0.3912,0.3913,0.3903,0.3905
1764555420,0.3905,0.3912,0.3905,0.3908
1764555480,0.3908,0.3911,0.3906,0.3906
1764555540,0.3906,0.3909,0.3904,0.3905
1764555600,0.3905,0.3905,0.3901,0.3901
1764555660,0.3901,0.3904,0.3896,0.3901
1764555720,0.3901,0.3909,0.3901,0.3906
1764555780,0.3906,0.3908,0.3905,0.3908
1764555840,0.3908,0.3909,0.3902,0.3902
1764555900,0.3902,0.3908,0.3902,0.3905
1764555960,0.3905,0.3907,0.3902,0.3904
1764556020,0.3904,0.3908,0.3902,0.3907
1764556080,0.3907,0.391,0.3905,0.3907
1764556140,0.3907,0.3908,0.3902,0.3903
1764556200,0.3903,0.3907,0.3901,0.3906
1764556260,0.3906,0.3911,0.3906,0.3909
1764556320,0.3909,0.391,0.3907,0.391
1764556380,0.391,0.3913,0.3906,0.3906
1764556440,0.3906,0.3912,0.3903,0.391
1764556500,0.391,0.3913,0.391,0.3913
1764556560,0.3913,0.3917,0.3911,0.3911
1764556620,0.3911,0.3912,0.3901,0.3902
1764556680,0.3902,0.3908,0.3895,0.3895
1764556740,0.3895,0.3906,0.389,0.3904
1764556800,0.3904,0.3917,0.3904,0.3914
1764556860,0.3914,0.3916,0.3908,0.3915
1764556920,0.3915,0.3922,0.3914,0.3921
1764556980,0.3921,0.3924,0.3918,0.3919
1764557040,0.3919,0.3919,0.3916,0.3917
1764557100,0.3917,0.3919,0.3911,0.3912
1764557160,0.3912,0.3912,0.3906,0.3907
1764557220,0.3907,0.3909,0.39,0.39
1764557280,0.39,0.3903,0.3897,0.3898
1764557340,0.3898,0.3898,0.3892,0.3893
1764557400,0.3893,0.3895,0.389,0.3892
1764557460,0.3892,0.3893,0.3885,0.3887
1764557520,0.3887,0.3888,0.3885,0.3888
1764557580,0.3888,0.3892,0.3888,0.3891
1764557640,0.3891,0.3901,0.3887,0.3899
1764557700,0.3899,0.3901,0.3897,0.3899
1764557760,0.3899,0.3904,0.3898,0.39
1764557820,0.39,0.3901,0.3899,0.39
1764557880,0.39,0.3902,0.39,0.3902
1764557940,0.3902,0.3902,0.3897,0.3897
1764558000,0.3897,0.3898,0.3894,0.3897
1764558060,0.3897,0.3897,0.3888,0.389
1764558120,0.389,0.3892,0.3889,0.3891
1764558180,0.3891,0.39,0.3891,0.3896
1764558240,0.3896,0.3898,0.389,0.3893
1764558300,0.3893,0.3897,0.3892,0.3894
1764558360,0.3894,0.3894,0.3882,0.3887
1764558420,0.3887,0.3887,0.3876,0.3879
1764558480,0.3879,0.3879,0.3867,0.3876
1764558540,0.3876,0.3876,0.387,0.387
1764558600,0.387,0.3876,0.3868,0.3872
1764558660,0.3872,0.3876,0.387,0.3873
1764558720,0.3873,0.3877,0.3872,0.3877
1764558780,0.3877,0.3878,0.3872,0.3877
1764558840,0.3877,0.3879,0.3874,0.3876
1764558900,0.3876,0.3876,0.387,0.3873
1764558960,0.3873,0.3873,0.3864,0.3866
1764559020,0.3866,0.3868,0.3862,0.3864
1764559080,0.3864,0.3879,0.3863,0.3874
1764559140,0.3874,0.3874,0.3857,0.386
1764559200,0.386,0.3867,0.386,0.3866
1764559260,0.3866,0.3874,0.3864,0.3871
1764559320,0.3871,0.3877,0.3869,0.3869
1764559380,0.3869,0.387,0.3867,0.3869
1764559440,0.3869,0.3869,0.3861,0.3868
1764559500,0.3868,0.3872,0.3867,0.3872
1764559560,0.3872,0.3873,0.3869,0.3869
1764559620,0.3869,0.387,0.3861,0.3861
1764559680,0.3861,0.3866,0.3859,0.3866
1764559740,0.3866,0.3866,0.3862,0.3862
1764559800,0.3862,0.3865,0.386,0.3862
1764559860,0.3862,0.3864,0.3858,0.3859
1764559920,0.3859,0.3864,0.3859,0.3862
1764559980,0.3862,0.3867,0.3859,0.3863
1764560040,0.3863,0.3865,0.3854,0.3856
1764560100,0.3856,0.3858,0.3849,0.3853
1764560160,0.3853,0.3859,0.3851,0.3857
1764560220,0.3857,0.3861,0.3852,0.3853
1764560280,0.3853,0.3856,0.3847,0.3849
1764560340,0.3849,0.385,0.3837,0.3846
1764560400,0.3846,0.3858,0.3845,0.3857
1764560460,0.3857,0.3864,0.3855,0.3861
1764560520,0.3861,0.3863,0.3858,0.3863
1764560580,0.3863,0.3867,0.3863,0.3864
1764560640,0.3864,0.387,0.3864,0.387
1764560700,0.387,0.3875,0.3869,0.387
1764560760,0.387,0.387,0.3863,0.3863
1764560820,0.3863,0.3864,0.3859,0.3861
1764560880,0.3861,0.3862,0.3856,0.3858
1764560940,0.3858,0.386,0.3855,0.3857
1764561000,0.3857,0.3858,0.3854,0.3856
1764561060,0.3856,0.3858,0.3854,0.3856
1764561120,0.3856,0.3863,0.3856,0.3858
1764561180,0.3858,0.3862,0.3858,0.3861
1764561240,0.3861,0.3862,0.386,0.386
1764561300,0.386,0.3861,0.3858,0.3859
1764561360,0.3859,0.3866,0.3859,0.3864
1764561420,0.3864,0.3865,0.3863,0.3865
1764561480,0.3865,0.3867,0.3864,0.3865
1764561540,0.3865,0.3865,0.3859,0.3859
1764561600,0.3859,0.3859,0.3847,0.3848
1764561660,0.3848,0.3853,0.3848,0.3853
1764561720,0.3853,0.386,0.3853,0.3855
1764561780,0.3855,0.386,0.3855,0.386
1764561840,0.386,0.3865,0.3855,0.3856
1764561900,0.3856,0.3858,0.3855,0.3855
1764561960,0.3855,0.3861,0.3855,0.3858
1764562020,0.3858,0.3864,0.3858,0.3864
1764562080,0.3864,0.3865,0.3859,0.3862
1764562140,0.3862,0.3862,0.3857,0.3857
1764562200,0.3857,0.3864,0.3853,0.3864
1764562260,0.3864,0.3868,0.3861,0.3861
1764562320,0.3861,0.3865,0.3861,0.3863
1764562380,0.3863,0.3863,0.3855,0.3857
1764562440,0.3857,0.3859,0.3853,0.3853
1764562500,0.3853,0.3854,0.3847,0.3854
1764562560,0.3854,0.3857,0.3849,0.3853
1764562620,0.3853,0.3859,0.3851,0.3854
1764562680,0.3854,0.3864,0.3854,0.3863
1764562740,0.3863,0.3865,0.386,0.386
1764562800,0.386,0.3862,0.3856,0.3856
1764562860,0.3856,0.3856,0.3851,0.3852
1764562920,0.3852,0.3852,0.3848,0.3848
1764562980,0.3848,0.3852,0.3845,0.3846
1764563040,0.3846,0.3851,0.3845,0.3848
1764563100,0.3848,0.3848,0.3839,0.3841
1764563160,0.3841,0.3844,0.3839,0.384
1764563220,0.384,0.3844,0.3835,0.3839
1764563280,0.3839,0.384,0.3837,0.3839
1764563340,0.3839,0.384,0.3835,0.3837
1764563400,0.3837,0.3839,0.3834,0.3837
1764563460,0.3837,0.3841,0.3835,0.3841
1764563520,0.3841,0.3845,0.3838,0.3844
1764563580,0.3844,0.3844,0.3837,0.3842
1764563640,0.3842,0.385,0.3842,0.3847
1764563700,0.3847,0.3849,0.3844,0.3848
1764563760,0.3848,0.3848,0.3841,0.3841
1764563820,0.3841,0.3841,0.383,0.3839
1764563880,0.3839,0.3846,0.3838,0.3845
1764563940,0.3845,0.3846,0.3841,0.3844
1764564000,0.3844,0.3847,0.3844,0.3846
1764564060,0.3846,0.3849,0.3845,0.3849
1764564120,0.3849,0.3851,0.3844,0.3845
1764564180,0.3845,0.3847,0.3844,0.3844
1764564240,0.3844,0.3844,0.3841,0.3843
1764564300,0.3843,0.3845,0.3842,0.3844
1764564360,0.3844,0.3845,0.3843,0.3844
1764564420,0.3844,0.3844,0.3837,0.3839
1764564480,0.3839,0.384,0.3837,0.384
1764564540,0.384,0.3841,0.3838,0.3841
1764564600,0.3841,0.3842,0.384,0.3841
1764564660,0.3841,0.3846,0.3841,0.3844
1764564720,0.3844,0.3845,0.3842,0.3843
1764564780,0.3843,0.3845,0.3837,0.3837
1764564840,0.3837,0.3838,0.3835,0.3836
1764564900,0.3836,0.384,0.3836,0.3839
1764564960,0.3839,0.3841,0.3838,0.384
1764565020,0.384,0.3842,0.3839,0.3839
1764565080,0.3839,0.384,0.3835,0.3835
1764565140,0.3835,0.384,0.3835,0.384
1764565200,0.384,0.384,0.3837,0.384
1764565260,0.384,0.385,0.384,0.385
1764565320,0.385,0.385,0.3842,0.3844
1764565380,0.3844,0.3848,0.3844,0.3846
1764565440,0.3846,0.385,0.3846,0.3849
1764565500,0.3849,0.385,0.3845,0.3849
1764565560,0.3849,0.3851,0.3837,0.3837
1764565620,0.3837,0.3839,0.3837,0.3838
1764565680,0.3838,0.3839,0.3835,0.3838
1764565740,0.3838,0.3845,0.3838,0.3845
1764565800,0.3845,0.3851,0.3845,0.385
1764565860,0.385,0.3853,0.3849,0.3849
1764565920,0.3849,0.3849,0.3845,0.3847
1764565980,0.3847,0.3848,0.3842,0.3842
1764566040,0.3842,0.3842,0.3838,0.3838
1764566100,0.3838,0.3839,0.3835,0.3836
1764566160,0.3836,0.384,0.3836,0.3836
1764566220,0.3836,0.3841,0.3836,0.384
1764566280,0.384,0.384,0.3836,0.3836
1764566340,0.3836,0.3837,0.3833,0.3834
1764566400,0.3834,0.3836,0.3832,0.3834
1764566460,0.3834,0.3837,0.3834,0.3836
1764566520,0.3836,0.3842,0.3835,0.3842
1764566580,0.3842,0.3843,0.3838,0.3839
1764566640,0.3839,0.3846,0.3839,0.3846
1764566700,0.3846,0.3851,0.3843,0.385
1764566760,0.385,0.385,0.3846,0.3848
1764566820,0.3848,0.3852,0.3848,0.3851
1764566880,0.3851,0.3854,0.3851,0.3854
1764566940,0.3854,0.3855,0.3852,0.3854
1764567000,0.3854,0.3854,0.3845,0.3845
1764567060,0.3845,0.3845,0.384,0.3842
1764567120,0.3842,0.3843,0.3841,0.3842
1764567180,0.3842,0.3843,0.384,0.384
1764567240,0.384,0.3843,0.3839,0.3841
1764567300,0.3841,0.3841,0.3836,0.3839
1764567360,0.3839,0.3839,0.3834,0.3835
1764567420,0.3835,0.3836,0.383,0.3832
1764567480,0.3832,0.3832,0.3822,0.3823
1764567540,0.3823,0.3826,0.3823,0.3825
1764567600,0.3825,0.3828,0.3824,0.3826
1764567660,0.3826,0.383,0.3826,0.3829
1764567720,0.3829,0.3833,0.3829,0.3832
1764567780,0.3832,0.3836,0.3832,0.3832
1764567840,0.3832,0.3833,0.3829,0.3831
1764567900,0.3831,0.3839,0.383,0.3839
1764567960,0.3839,0.3844,0.3837,0.384
1764568020,0.384,0.3843,0.3837,0.3843
1764568080,0.3843,0.3845,0.3839,0.3841
1764568140,0.3841,0.3846,0.3841,0.3844
1764568200,0.3844,0.3844,0.3839,0.3841
1764568260,0.3841,0.3843,0.384,0.3842
1764568320,0.3842,0.3845,0.3841,0.3843
1764568380,0.3843,0.3845,0.3842,0.3844
1764568440,0.3844,0.3844,0.3841,0.3841
1764568500,0.3841,0.3844,0.3841,0.3843
1764568560,0.3843,0.3844,0.3842,0.3842
1764568620,0.3842,0.3843,0.3842,0.3843
1764568680,0.3843,0.3844,0.3841,0.3843
1764568740,0.3843,0.3846,0.3842,0.3842
1764568800,0.3842,0.3847,0.3841,0.3847
1764568860,0.3847,0.3857,0.3847,0.3855
1764568920,0.3855,0.3858,0.3855,0.3856
1764568980,0.3856,0.3857,0.3848,0.3848
1764569040,0.3848,0.3849,0.3846,0.3847
1764569100,0.3847,0.3847,0.3839,0.3839
1764569160,0.3839,0.3842,0.3839,0.3842
1764569220,0.3842,0.3844,0.3841,0.3842
1764569280,0.3842,0.3843,0.3837,0.3842
1764569340,0.3842,0.3842,0.384,0.3841
1764569400,0.3841,0.3842,0.3839,0.3842
1764569460,0.3842,0.3843,0.3841,0.3843
1764569520,0.3843,0.3845,0.3839,0.3839
1764569580,0.3839,0.3841,0.3838,0.3839
1764569640,0.3839,0.3842,0.3839,0.3842
1764569700,0.3842,0.3844,0.3839,0.3844
1764569760,0.3844,0.3844,0.3838,0.3839
1764569820,0.3839,0.3844,0.3839,0.384
1764569880,0.384,0.3842,0.3839,0.3841
1764569940,0.3841,0.3841,0.3834,0.3835
1764570000,0.3835,0.3836,0.3832,0.3833
1764570060,0.3833,0.3834,0.3829,0.3831
1764570120,0.3831,0.3834,0.3831,0.3833
1764570180,0.3833,0.3838,0.3832,0.3832
1764570240,0.3832,0.3835,0.383,0.383
1764570300,0.383,0.3834,0.3829,0.3833
1764570360,0.3833,0.3833,0.3828,0.3828
1764570420,0.3828,0.3829,0.3812,0.3821
1764570480,0.3821,0.3826,0.3821,0.3825
1764570540,0.3825,0.3826,0.3824,0.3825
1764570600,0.3825,0.3827,0.3824,0.3824
1764570660,0.3824,0.3825,0.3821,0.3821
1764570720,0.3821,0.3825,0.382,0.3825
1764570780,0.3825,0.3828,0.3822,0.3823
1764570840,0.3823,0.3827,0.3822,0.3827
1764570900,0.3827,0.3827,0.3824,0.3827
1764570960,0.3827,0.3827,0.3826,0.3827
1764571020,0.3827,0.3833,0.3827,0.3831
1764571080,0.3831,0.3836,0.3831,0.3834
1764571140,0.3834,0.3837,0.3833,0.3836
1764571200,0.3836,0.3837,0.3833,0.3837
1764571260,0.3837,0.3838,0.3834,0.3835
1764571320,0.3835,0.3838,0.3835,0.3836
1764571380,0.3836,0.3836,0.3832,0.3833
1764571440,0.3833,0.3837,0.3833,0.3837
1764571500,0.3837,0.3838,0.3835,0.3838
1764571560,0.3838,0.3839,0.3835,0.3839
1764571620,0.3839,0.3841,0.3838,0.384
1764571680,0.384,0.3843,0.3837,0.3837
1764571740,0.3837,0.3838,0.3834,0.3837
1764571800,0.3837,0.3838,0.3834,0.3834
1764571860,0.3834,0.3836,0.3832,0.3832
1764571920,0.3832,0.3832,0.3829,0.3832
1764571980,0.3832,0.3833,0.3831,0.3831
1764572040,0.3831,0.3832,0.3829,0.3831
1764572100,0.3831,0.3836,0.3831,0.3836
1764572160,0.3836,0.3838,0.3835,0.3835
1764572220,0.3835,0.3839,0.3835,0.3839
1764572280,0.3839,0.3841,0.3836,0.3837
1764572340,0.3837,0.3837,0.3832,0.3834
1764572400,0.3834,0.3837,0.3834,0.3835
1764572460,0.3835,0.3836,0.3831,0.3831
1764572520,0.3831,0.3837,0.3831,0.3836
1764572580,0.3836,0.3836,0.3831,0.3833
1764572640,0.3833,0.3835,0.3827,0.3827
1764572700,0.3827,0.3827,0.3821,0.3821
1764572760,0.3821,0.3823,0.3818,0.3818
1764572820,0.3818,0.3824,0.3818,0.3824
1764572880,0.3824,0.3825,0.3819,0.3819
1764572940,0.3819,0.3824,0.3819,0.3824
1764573000,0.3824,0.3828,0.3823,0.3823
1764573060,0.3823,0.3826,0.3822,0.3822
1764573120,0.3822,0.3823,0.3822,0.3823
1764573180,0.3823,0.3823,0.3822,0.3823
1764573240,0.3823,0.3826,0.3823,0.3823
1764573300,0.3823,0.3823,0.3819,0.3821
1764573360,0.3821,0.3825,0.382,0.3824
1764573420,0.3824,0.3828,0.3823,0.3827
1764573480,0.3827,0.3827,0.3825,0.3825
1764573540,0.3825,0.3827,0.3823,0.3825
1764573600,0.3825,0.3827,0.3823,0.3825
1764573660,0.3825,0.3826,0.3822,0.3825
1764573720,0.3825,0.3825,0.3804,0.381
1764573780,0.381,0.3813,0.3808,0.3812
1764573840,0.3812,0.3816,0.3812,0.3815
1764573900,0.3815,0.3821,0.3815,0.3819
1764573960,0.3819,0.3823,0.3819,0.3821
1764574020,0.3821,0.3826,0.3818,0.3825
1764574080,0.3825,0.3828,0.3825,0.3828
1764574140,0.3828,0.3829,0.3826,0.3827
1764574200,0.3827,0.3827,0.3823,0.3823
1764574260,0.3823,0.3825,0.382,0.3825
1764574320,0.3825,0.383,0.3824,0.3829
1764574380,0.3829,0.3833,0.3829,0.3831
1764574440,0.3831,0.3832,0.383,0.3831
1764574500,0.3831,0.3832,0.383,0.383
1764574560,0.383,0.3833,0.383,0.3833
1764574620,0.3833,0.3834,0.3831,0.3834
1764574680,0.3834,0.3858,0.3833,0.3857
1764574740,0.3857,0.3858,0.3853,0.3857
1764574800,0.3857,0.386,0.3855,0.3856
1764574860,0.3856,0.3861,0.3856,0.3861
1764574920,0.3861,0.3863,0.386,0.3862
1764574980,0.3862,0.3863,0.3858,0.3859
1764575040,0.3859,0.3864,0.3859,0.3863
1764575100,0.3863,0.3869,0.386,0.3867
1764575160,0.3867,0.3868,0.3866,0.3867
1764575220,0.3867,0.3867,0.3865,0.3865
1764575280,0.3865,0.3868,0.3863,0.3865
1764575340,0.3865,0.3867,0.3863,0.3866
1764575400,0.3866,0.3867,0.3863,0.3863
1764575460,0.3863,0.3868,0.3863,0.3868
1764575520,0.3868,0.3873,0.3868,0.3872
1764575580,0.3872,0.3876,0.387,0.387
1764575640,0.387,0.3871,0.3865,0.387
1764575700,0.387,0.3875,0.387,0.3873
1764575760,0.3873,0.3878,0.3873,0.3878
1764575820,0.3878,0.3882,0.3877,0.388
1764575880,0.388,0.3886,0.3879,0.3885
1764575940,0.3885,0.3889,0.3883,0.3884
1764576000,0.3884,0.3885,0.3879,0.3881
1764576060,0.3881,0.3882,0.3878,0.3882
1764576120,0.3882,0.3883,0.3873,0.3875
1764576180,0.3875,0.3875,0.3871,0.3872
1764576240,0.3872,0.3874,0.3869,0.387
1764576300,0.387,0.3872,0.3869,0.387
1764576360,0.387,0.3876,0.387,0.3873
1764576420,0.3873,0.3881,0.3873,0.3879
1764576480,0.3879,0.3883,0.3875,0.3883
1764576540,0.3883,0.3883,0.3878,0.3878
1764576600,0.3878,0.3878,0.3874,0.3876
1764576660,0.3876,0.3876,0.3871,0.3871
1764576720,0.3871,0.3873,0.3867,0.3873
1764576780,0.3873,0.3875,0.3873,0.3874
1764576840,0.3874,0.3875,0.3873,0.3874
1764576900,0.3874,0.3876,0.3873,0.3873
1764576960,0.3873,0.3878,0.3871,0.3877
1764577020,0.3877,0.3882,0.3876,0.3879
1764577080,0.3879,0.388,0.3877,0.388
1764577140,0.388,0.3883,0.388,0.3881
1764577200,0.3881,0.3883,0.3881,0.3881
1764577260,0.3881,0.3881,0.388,0.388
1764577320,0.388,0.3882,0.3877,0.3877
1764577380,0.3877,0.3877,0.3873,0.3875
1764577440,0.3875,0.3875,0.3874,0.3875
1764577500,0.3875,0.3875,0.3873,0.3874
1764577560,0.3874,0.3875,0.3873,0.3873
1764577620,0.3873,0.3877,0.3873,0.3876
1764577680,0.3876,0.3877,0.3875,0.3877
1764577740,0.3877,0.3881,0.3877,0.3881
1764577800,0.3881,0.3881,0.3876,0.3876
1764577860,0.3876,0.3876,0.3873,0.3874
1764577920,0.3874,0.3874,0.387,0.387
1764577980,0.387,0.387,0.3867,0.3867
1764578040,0.3867,0.387,0.3866,0.387
1764578100,0.387,0.3875,0.387,0.3875
1764578160,0.3875,0.3878,0.3873,0.3874
1764578220,0.3874,0.3875,0.3871,0.3871
1764578280,0.3871,0.3877,0.3871,0.3873
1764578340,0.3873,0.3874,0.3869,0.3873
1764578400,0.3873,0.3875,0.3872,0.3875
1764578460,0.3875,0.3877,0.3872,0.3875
1764578520,0.3875,0.3877,0.3875,0.3876
1764578580,0.3876,0.3877,0.3875,0.3877
1764578640,0.3877,0.3879,0.3877,0.3877
1764578700,0.3877,0.3878,0.3875,0.3877
1764578760,0.3877,0.3877,0.3873,0.3875
1764578820,0.3875,0.3877,0.3874,0.3875
1764578880,0.3875,0.3877,0.3875,0.3876
1764578940,0.3876,0.388,0.3876,0.3876
1764579000,0.3876,0.3877,0.3875,0.3876
1764579060,0.3876,0.3877,0.3875,0.3877
1764579120,0.3877,0.3877,0.3874,0.3874
1764579180,0.3874,0.3876,0.3874,0.3876
1764579240,0.3876,0.3876,0.3873,0.3873
1764579300,0.3873,0.3875,0.3873,0.3875
1764579360,0.3875,0.3877,0.3874,0.3877
1764579420,0.3877,0.3877,0.3875,0.3875
1764579480,0.3875,0.3875,0.3872,0.3874
1764579540,0.3874,0.3878,0.3874,0.3875
1764579600,0.3875,0.3875,0.3867,0.3869
1764579660,0.3869,0.388,0.3869,0.3879
1764579720,0.3879,0.3885,0.3874,0.3874
1764579780,0.3874,0.3874,0.3869,0.3873
1764579840,0.3873,0.3874,0.3861,0.3862
1764579900,0.3862,0.3872,0.3862,0.387
1764579960,0.387,0.387,0.3863,0.3864
1764580020,0.3864,0.3867,0.3863,0.3864
1764580080,0.3864,0.3866,0.3862,0.3863
1764580140,0.3863,0.3863,0.3858,0.3859
1764580200,0.3859,0.3859,0.3854,0.3855
1764580260,0.3855,0.3857,0.3853,0.3853
1764580320,0.3853,0.3855,0.3851,0.3855
1764580380,0.3855,0.3855,0.3852,0.3853
1764580440,0.3853,0.3854,0.3853,0.3853
1764580500,0.3853,0.3855,0.3853,0.3855
1764580560,0.3855,0.3855,0.3853,0.3854
1764580620,0.3854,0.3857,0.3853,0.3854
1764580680,0.3854,0.3856,0.3854,0.3855
1764580740,0.3855,0.3855,0.385,0.385
1764580800,0.385,0.3852,0.3848,0.385
1764580860,0.385,0.3855,0.3849,0.3854
1764580920,0.3854,0.3859,0.3854,0.3859
1764580980,0.3859,0.3859,0.3854,0.3857
1764581040,0.3857,0.3858,0.3854,0.3854
1764581100,0.3854,0.3855,0.3852,0.3854
1764581160,0.3854,0.3854,0.385,0.385
1764581220,0.385,0.3855,0.3848,0.3855
1764581280,0.3855,0.3858,0.3854,0.3856
1764581340,0.3856,0.3857,0.3854,0.3856
1764581400,0.3856,0.3856,0.3853,0.3854
1764581460,0.3854,0.3855,0.3853,0.3855
1764581520,0.3855,0.3857,0.3855,0.3857
1764581580,0.3857,0.3857,0.3854,0.3857
1764581640,0.3857,0.3857,0.3857,0.3857
1764581700,0.3857,0.3858,0.3855,0.3856
1764581760,0.3856,0.3859,0.3856,0.3858
1764581820,0.3858,0.3858,0.3855,0.3856
1764581880,0.3856,0.3857,0.3855,0.3855
1764581940,0.3855,0.3855,0.3853,0.3855
1764582000,0.3855,0.3857,0.3854,0.3857
1764582060,0.3857,0.3857,0.3855,0.3856
1764582120,0.3856,0.3858,0.3856,0.3857
1764582180,0.3857,0.3859,0.3857,0.3859
1764582240,0.3859,0.3863,0.3858,0.3862
1764582300,0.3862,0.3863,0.386,0.3862
1764582360,0.3862,0.3862,0.3854,0.3854
1764582420,0.3854,0.3859,0.3852,0.3857
1764582480,0.3857,0.3857,0.3853,0.3853
1764582540,0.3853,0.3853,0.3849,0.3849
1764582600,0.3849,0.3852,0.3849,0.3849
1764582660,0.3849,0.3851,0.3849,0.385
1764582720,0.385,0.3852,0.3848,0.3848
1764582780,0.3848,0.385,0.3848,0.385
1764582840,0.385,0.3851,0.3849,0.3849
1764582900,0.3849,0.385,0.3848,0.385
1764582960,0.385,0.3851,0.3849,0.385
1764583020,0.385,0.385,0.3848,0.3849
1764583080,0.3849,0.385,0.3849,0.3849
1764583140,0.3849,0.3852,0.3849,0.385
1764583200,0.385,0.3853,0.3849,0.3852
1764583260,0.3852,0.3857,0.3852,0.3857
1764583320,0.3857,0.386,0.3856,0.3859
1764583380,0.3859,0.3863,0.3859,0.3862
1764583440,0.3862,0.3862,0.386,0.386
1764583500,0.386,0.3864,0.3859,0.3864
1764583560,0.3864,0.3864,0.3862,0.3863
1764583620,0.3863,0.3863,0.3862,0.3863
1764583680,0.3863,0.3866,0.3863,0.3864
1764583740,0.3864,0.3865,0.386,0.3862
1764583800,0.3862,0.3863,0.3861,0.3862
1764583860,0.3862,0.3863,0.3861,0.3861
1764583920,0.3861,0.3861,0.3859,0.386
1764583980,0.386,0.3861,0.386,0.386
1764584040,0.386,0.3861,0.3857,0.3857
1764584100,0.3857,0.386,0.3857,0.3859
1764584160,0.3859,0.3859,0.3858,0.3858
1764584220,0.3858,0.386,0.3857,0.3858
1764584280,0.3858,0.3859,0.3857,0.3859
1764584340,0.3859,0.3861,0.3858,0.3861
1764584400,0.3861,0.3861,0.386,0.386
1764584460,0.386,0.386,0.3858,0.3858
1764584520,0.3858,0.3859,0.3857,0.3859
1764584580,0.3859,0.386,0.3859,0.386
1764584640,0.386,0.386,0.3857,0.3857
1764584700,0.3857,0.3859,0.3857,0.3858
1764584760,0.3858,0.3859,0.3856,0.3857
1764584820,0.3857,0.3857,0.3856,0.3856
1764584880,0.3856,0.3857,0.3856,0.3857
1764584940,0.3857,0.3858,0.3857,0.3857
1764585000,0.3857,0.3857,0.3853,0.3856
1764585060,0.3856,0.3858,0.3856,0.3857
1764585120,0.3857,0.3859,0.3857,0.3859
1764585180,0.3859,0.3859,0.3855,0.3855
1764585240,0.3855,0.3858,0.3853,0.3858
1764585300,0.3858,0.3859,0.3855,0.3857
1764585360,0.3857,0.3858,0.3857,0.3857
1764585420,0.3857,0.3857,0.3856,0.3857
1764585480,0.3857,0.3857,0.3856,0.3856
1764585540,0.3856,0.3858,0.3855,0.3857
1764585600,0.3857,0.3857,0.3856,0.3856
1764585660,0.3856,0.3856,0.3853,0.3855
1764585720,0.3855,0.3856,0.3855,0.3856
1764585780,0.3856,0.3856,0.3855,0.3855
1764585840,0.3855,0.3855,0.3854,0.3855
1764585900,0.3855,0.3857,0.3854,0.3854
1764585960,0.3854,0.3858,0.3854,0.3857
1764586020,0.3857,0.3859,0.3857,0.3858
1764586080,0.3858,0.3858,0.3857,0.3857
1764586140,0.3857,0.3857,0.3856,0.3856
1764586200,0.3856,0.3856,0.3854,0.3855
1764586260,0.3855,0.3855,0.3853,0.3853
1764586320,0.3853,0.3854,0.3852,0.3853
1764586380,0.3853,0.3857,0.3853,0.3857
1764586440,0.3857,0.3858,0.3856,0.3857
1764586500,0.3857,0.3857,0.3854,0.3854
1764586560,0.3854,0.3854,0.3852,0.3853
1764586620,0.3853,0.3854,0.3852,0.3853
1764586680,0.3853,0.3855,0.3852,0.3855
1764586740,0.3855,0.3857,0.3855,0.3857
1764586800,0.3857,0.3857,0.3854,0.3854
1764586860,0.3854,0.3859,0.3854,0.3859
1764586920,0.3859,0.3859,0.3857,0.3857
1764586980,0.3857,0.3857,0.3854,0.3857
1764587040,0.3857,0.3857,0.3853,0.3853
1764587100,0.3853,0.3853,0.385,0.3852
1764587160,0.3852,0.3852,0.3849,0.3849
1764587220,0.3849,0.385,0.3847,0.3849
1764587280,0.3849,0.385,0.3845,0.3846
1764587340,0.3846,0.3847,0.3843,0.3847
1764587400,0.3847,0.3848,0.3846,0.3846
1764587460,0.3846,0.3847,0.3841,0.3843
1764587520,0.3843,0.3844,0.384,0.3842
1764587580,0.3842,0.3842,0.3837,0.3839
1764587640,0.3839,0.384,0.3838,0.3839
1764587700,0.3839,0.3841,0.3838,0.3841
1764587760,0.3841,0.3847,0.3841,0.3846
1764587820,0.3846,0.3846,0.384,0.3842
1764587880,0.3842,0.3843,0.3841,0.3841
1764587940,0.3841,0.3846,0.384,0.3845
1764588000,0.3845,0.3845,0.384,0.3841
1764588060,0.3841,0.3846,0.3841,0.3845
1764588120,0.3845,0.3845,0.3841,0.3842
1764588180,0.3842,0.3843,0.3842,0.3842
1764588240,0.3842,0.3843,0.384,0.3842
1764588300,0.3842,0.3848,0.3842,0.3846
1764588360,0.3846,0.3846,0.3842,0.3842
1764588420,0.3842,0.3844,0.3842,0.3844
1764588480,0.3844,0.3844,0.3842,0.3842
1764588540,0.3842,0.3844,0.3842,0.3842
1764588600,0.3842,0.3844,0.3834,0.3835
1764588660,0.3835,0.3835,0.383,0.3834
1764588720,0.3834,0.3835,0.3832,0.3834
1764588780,0.3834,0.3836,0.3832,0.3834
1764588840,0.3834,0.3835,0.3832,0.3833
1764588900,0.3833,0.3837,0.3833,0.3837
1764588960,0.3837,0.3838,0.3834,0.3838
1764589020,0.3838,0.3838,0.3835,0.3835
1764589080,0.3835,0.3836,0.3832,0.3835
1764589140,0.3835,0.3836,0.3834,0.3835
1764589200,0.3835,0.3836,0.3834,0.3836
1764589260,0.3836,0.3837,0.3833,0.3835
1764589320,0.3835,0.3836,0.3831,0.3836
1764589380,0.3836,0.3837,0.3832,0.3832
1764589440,0.3832,0.3832,0.3825,0.3828
1764589500,0.3828,0.3832,0.3826,0.3832
1764589560,0.3832,0.3832,0.3828,0.383
1764589620,0.383,0.383,0.3827,0.3827
1764589680,0.3827,0.3829,0.3826,0.3829
1764589740,0.3829,0.383,0.3828,0.3828
1764589800,0.3828,0.3832,0.3828,0.3832
1764589860,0.3832,0.3833,0.3827,0.3827
1764589920,0.3827,0.3828,0.3827,0.3827
1764589980,0.3827,0.383,0.3827,0.3829
1764590040,0.3829,0.3829,0.3825,0.3826
1764590100,0.3826,0.3826,0.3822,0.3822
1764590160,0.3822,0.3823,0.3821,0.3823
1764590220,0.3823,0.3823,0.3821,0.3821
1764590280,0.3821,0.3825,0.3821,0.3822
1764590340,0.3822,0.3825,0.3822,0.3823
1764590400,0.3823,0.3827,0.3823,0.3825
1764590460,0.3825,0.3829,0.3819,0.3828
1764590520,0.3828,0.3828,0.382,0.382
1764590580,0.382,0.3821,0.3796,0.3809
1764590640,0.3809,0.3813,0.3808,0.3808
1764590700,0.3808,0.381,0.3801,0.3808
1764590760,0.3808,0.3811,0.3808,0.3809
1764590820,0.3809,0.3809,0.3807,0.3807
1764590880,0.3807,0.3809,0.3805,0.3809
1764590940,0.3809,0.3812,0.3807,0.3809
1764591000,0.3809,0.3812,0.3807,0.3811
1764591060,0.3811,0.3811,0.3805,0.3807
1764591120,0.3807,0.3808,0.3802,0.3803
1764591180,0.3803,0.3806,0.3802,0.3802
1764591240,0.3802,0.3804,0.3799,0.3803
1764591300,0.3803,0.3806,0.3802,0.3806
1764591360,0.3806,0.3806,0.3802,0.3805
1764591420,0.3805,0.3805,0.3801,0.3802
1764591480,0.3802,0.3802,0.3787,0.3798
1764591540,0.3798,0.3802,0.3798,0.3802
1764591600,0.3802,0.3804,0.3798,0.3799
1764591660,0.3799,0.381,0.3799,0.3804
1764591720,0.3804,0.3806,0.3804,0.3805
1764591780,0.3805,0.381,0.3805,0.3806
1764591840,0.3806,0.3807,0.3805,0.3806
1764591900,0.3806,0.3808,0.3804,0.3804
1764591960,0.3804,0.3805,0.3798,0.3798
1764592020,0.3798,0.3799,0.3794,0.3795
1764592080,0.3795,0.3798,0.3795,0.3797
1764592140,0.3797,0.3797,0.3793,0.3796
1764592200,0.3796,0.3796,0.3792,0.3792
1764592260,0.3792,0.3794,0.3782,0.3792
1764592320,0.3792,0.3795,0.379,0.3791
1764592380,0.3791,0.3792,0.3786,0.3786
1764592440,0.3786,0.3787,0.3783,0.3783
1764592500,0.3783,0.3789,0.3783,0.3789
1764592560,0.3789,0.3795,0.3788,0.3793
1764592620,0.3793,0.3793,0.3786,0.3787
1764592680,0.3787,0.3789,0.3785,0.3789
1764592740,0.3789,0.3789,0.3777,0.3779
1764592800,0.3779,0.3783,0.3769,0.3777
1764592860,0.3777,0.3781,0.3776,0.3778
1764592920,0.3778,0.3779,0.3764,0.3769
1764592980,0.3769,0.3774,0.3764,0.3769
1764593040,0.3769,0.3774,0.3769,0.377
1764593100,0.377,0.3772,0.3769,0.3771
1764593160,0.3771,0.3771,0.3757,0.3765
1764593220,0.3765,0.3769,0.3759,0.3762
1764593280,0.3762,0.3764,0.3747,0.3752
1764593340,0.3752,0.3753,0.3736,0.374
1764593400,0.374,0.3766,0.3734,0.3765
1764593460,0.3765,0.3791,0.3765,0.3787
1764593520,0.3787,0.3797,0.3784,0.3785
1764593580,0.3785,0.3793,0.3778,0.379
1764593640,0.379,0.3802,0.379,0.3793
1764593700,0.3793,0.3795,0.3784,0.3784
1764593760,0.3784,0.3791,0.3784,0.3785
1764593820,0.3785,0.3801,0.3785,0.38
1764593880,0.38,0.3802,0.3799,0.38
1764593940,0.38,0.38,0.3791,0.3791
1764594000,0.3791,0.3793,0.3787,0.3787
1764594060,0.3787,0.3795,0.3783,0.3788
1764594120,0.3788,0.3806,0.3787,0.3802
1764594180,0.3802,0.3829,0.3798,0.3818
1764594240,0.3818,0.3823,0.3807,0.3808
1764594300,0.3808,0.3812,0.38,0.3801
1764594360,0.3801,0.3801,0.3786,0.3787
1764594420,0.3787,0.3792,0.3787,0.3792
1764594480,0.3792,0.3797,0.3791,0.3795
1764594540,0.3795,0.3799,0.3794,0.3797
1764594600,0.3797,0.3797,0.3784,0.3786
1764594660,0.3786,0.3788,0.3777,0.3778
1764594720,0.3778,0.3784,0.3778,0.3782
1764594780,0.3782,0.3789,0.3782,0.3785
1764594840,0.3785,0.3787,0.3784,0.3787
1764594900,0.3787,0.3794,0.3787,0.3792
1764594960,0.3792,0.3792,0.3785,0.3791
1764595020,0.3791,0.3792,0.3784,0.3791
1764595080,0.3791,0.3791,0.3787,0.3787
1764595140,0.3787,0.3787,0.378,0.3785
1764595200,0.3785,0.3787,0.3784,0.3787
1764595260,0.3787,0.379,0.3785,0.3789
1764595320,0.3789,0.3795,0.3789,0.3794
1764595380,0.3794,0.3794,0.379,0.3793
1764595440,0.3793,0.3793,0.3783,0.3784
1764595500,0.3784,0.3787,0.3781,0.3782
1764595560,0.3782,0.3792,0.3782,0.3792
1764595620,0.3792,0.3796,0.3791,0.3794
1764595680,0.3794,0.3795,0.3792,0.3792
1764595740,0.3792,0.3793,0.3792,0.3792
1764595800,0.3792,0.3793,0.3788,0.379
1764595860,0.379,0.379,0.3784,0.3784
1764595920,0.3784,0.3785,0.3772,0.3774
1764595980,0.3774,0.3778,0.3774,0.3777
1764596040,0.3777,0.3781,0.3772,0.3773
1764596100,0.3773,0.3776,0.3767,0.3776
1764596160,0.3776,0.3782,0.3776,0.3782
1764596220,0.3782,0.3783,0.3779,0.378
1764596280,0.378,0.378,0.3778,0.3779
1764596340,0.3779,0.3779,0.3774,0.3776
1764596400,0.3776,0.3778,0.3772,0.3778
1764596460,0.3778,0.3784,0.3778,0.3784
1764596520,0.3784,0.3785,0.3779,0.3779
1764596580,0.3779,0.3781,0.3779,0.3779
1764596640,0.3779,0.3785,0.3778,0.3779
1764596700,0.3779,0.3782,0.3779,0.378
1764596760,0.378,0.378,0.3774,0.3778
1764596820,0.3778,0.3779,0.3775,0.3778
1764596880,0.3778,0.3778,0.3773,0.3774
1764596940,0.3774,0.3776,0.3773,0.3773
1764597000,0.3773,0.3777,0.377,0.3777
1764597060,0.3777,0.3789,0.3773,0.3787
1764597120,0.3787,0.3789,0.3783,0.3783
1764597180,0.3783,0.3794,0.3783,0.3791
1764597240,0.3791,0.3791,0.3787,0.3788
1764597300,0.3788,0.3788,0.3774,0.3776
1764597360,0.3776,0.3782,0.3776,0.378
1764597420,0.378,0.3784,0.378,0.3783
1764597480,0.3783,0.3789,0.3783,0.3787
1764597540,0.3787,0.3787,0.3772,0.3776
1764597600,0.3776,0.3779,0.3775,0.3777
1764597660,0.3777,0.3784,0.3777,0.3784
1764597720,0.3784,0.379,0.3781,0.3789
1764597780,0.3789,0.3793,0.3789,0.379
1764597840,0.379,0.3803,0.379,0.3801
1764597900,0.3801,0.3802,0.3789,0.3789
1764597960,0.3789,0.3794,0.3789,0.3791
1764598020,0.3791,0.3792,0.3787,0.3787
1764598080,0.3787,0.3792,0.3787,0.379
1764598140,0.379,0.3799,0.379,0.3799
1764598200,0.3799,0.3802,0.3798,0.3801
1764598260,0.3801,0.3801,0.3791,0.3791
1764598320,0.3791,0.3797,0.3791,0.3794
1764598380,0.3794,0.3795,0.3789,0.3789
1764598440,0.3789,0.3791,0.3784,0.3791
1764598500,0.3791,0.3793,0.3784,0.3786
1764598560,0.3786,0.3787,0.3783,0.3785
1764598620,0.3785,0.3785,0.3783,0.3784
1764598680,0.3784,0.3786,0.3784,0.3786
1764598740,0.3786,0.3793,0.3784,0.3793
1764598800,0.3793,0.3797,0.3792,0.3792
1764598860,0.3792,0.3793,0.379,0.3792
1764598920,0.3792,0.38,0.3792,0.38
1764598980,0.38,0.38,0.3796,0.3797
1764599040,0.3797,0.3799,0.3796,0.3798
1764599100,0.3798,0.3799,0.3795,0.3798
1764599160,0.3798,0.3798,0.3796,0.3798
1764599220,0.3798,0.3804,0.3798,0.3804
1764599280,0.3804,0.381,0.3804,0.381
1764599340,0.381,0.381,0.3807,0.3808
1764599400,0.3808,0.381,0.3803,0.381
1764599460,0.381,0.3812,0.3794,0.3794
1764599520,0.3794,0.3803,0.3792,0.3802
1764599580,0.3802,0.3813,0.3798,0.3812
1764599640,0.3812,0.3816,0.3807,0.3814
1764599700,0.3814,0.383,0.3814,0.382
1764599760,0.382,0.3836,0.382,0.3835
1764599820,0.3835,0.3842,0.3833,0.3837
1764599880,0.3837,0.3839,0.3826,0.3826
1764599940,0.3826,0.3827,0.3821,0.3823
1764600000,0.3823,0.3825,0.3818,0.3818
1764600060,0.3818,0.3818,0.3809,0.3814
1764600120,0.3814,0.3814,0.3807,0.381
1764600180,0.381,0.3812,0.3802,0.3804
1764600240,0.3804,0.3808,0.3804,0.3806
1764600300,0.3806,0.3807,0.3799,0.3807
1764600360,0.3807,0.3817,0.3806,0.3815
1764600420,0.3815,0.3818,0.3811,0.3813
1764600480,0.3813,0.3815,0.3804,0.3804
1764600540,0.3804,0.3806,0.38,0.38
1764600600,0.38,0.3803,0.3796,0.3801
1764600660,0.3801,0.3804,0.38,0.3804
1764600720,0.3804,0.3808,0.3803,0.3807
1764600780,0.3807,0.3808,0.3796,0.3796
1764600840,0.3796,0.3801,0.3796,0.3798
1764600900,0.3798,0.381,0.3798,0.381
1764600960,0.381,0.3817,0.381,0.3815
1764601020,0.3815,0.3815,0.381,0.381
1764601080,0.381,0.3811,0.3807,0.3807
1764601140,0.3807,0.3807,0.3801,0.3801
1764601200,0.3801,0.3806,0.3799,0.3803
1764601260,0.3803,0.3807,0.38,0.3801
1764601320,0.3801,0.3804,0.3799,0.3803
1764601380,0.3803,0.3803,0.3794,0.3796
1764601440,0.3796,0.3797,0.379,0.379
1764601500,0.379,0.3791,0.3786,0.3789
1764601560,0.3789,0.3795,0.3788,0.3794
1764601620,0.3794,0.3798,0.3794,0.3795
1764601680,0.3795,0.3801,0.3795,0.3798
1764601740,0.3798,0.3798,0.3794,0.3797
1764601800,0.3797,0.38,0.3794,0.3799
1764601860,0.3799,0.3802,0.3795,0.3795
1764601920,0.3795,0.3799,0.3794,0.3799
1764601980,0.3799,0.3802,0.3798,0.38
1764602040,0.38,0.38,0.3783,0.3783
1764602100,0.3783,0.3786,0.3768,0.3768
1764602160,0.3768,0.3795,0.3766,0.3791
1764602220,0.3791,0.3795,0.379,0.3795
1764602280,0.3795,0.3795,0.3789,0.3791
1764602340,0.3791,0.3791,0.3786,0.3786
1764602400,0.3786,0.3788,0.3781,0.3783
1764602460,0.3783,0.3783,0.3776,0.3782
1764602520,0.3782,0.3782,0.3773,0.3774
1764602580,0.3774,0.3777,0.3771,0.3773
1764602640,0.3773,0.3777,0.3769,0.3772
1764602700,0.3772,0.3773,0.3757,0.3759
1764602760,0.3759,0.3762,0.3753,0.3758
1764602820,0.3758,0.3759,0.3753,0.3754
1764602880,0.3754,0.3759,0.375,0.3751
1764602940,0.3751,0.3755,0.375,0.3752
1764603000,0.3752,0.3752,0.3743,0.3744
1764603060,0.3744,0.3751,0.3743,0.3744
1764603120,0.3744,0.3752,0.3728,0.3749
1764603180,0.3749,0.3749,0.3741,0.3741
1764603240,0.3741,0.3744,0.3705,0.3717
1764603300,0.3717,0.3735,0.3713,0.3729
1764603360,0.3729,0.3748,0.3728,0.3737
1764603420,0.3737,0.3739,0.3729,0.3731
1764603480,0.3731,0.3742,0.3731,0.3735
1764603540,0.3735,0.3742,0.3734,0.3735
1764603600,0.3735,0.3738,0.3731,0.3736
1764603660,0.3736,0.3739,0.3731,0.3737
1764603720,0.3737,0.3738,0.3729,0.373
1764603780,0.373,0.3731,0.3714,0.3722
1764603840,0.3722,0.3724,0.3711,0.3718
1764603900,0.3718,0.3727,0.3709,0.3724
1764603960,0.3724,0.3735,0.3724,0.3726
1764604020,0.3726,0.3731,0.3719,0.3731
1764604080,0.3731,0.3744,0.373,0.3743
1764604140,0.3743,0.3745,0.3736,0.3745
1764604200,0.3745,0.3764,0.3745,0.376
1764604260,0.376,0.3769,0.376,0.3768
1764604320,0.3768,0.378,0.3768,0.3779
1764604380,0.3779,0.3781,0.3774,0.3777
1764604440,0.3777,0.3779,0.3767,0.3767
1764604500,0.3767,0.3767,0.3762,0.3764
1764604560,0.3764,0.3766,0.3758,0.3758
1764604620,0.3758,0.3759,0.3754,0.3759
1764604680,0.3759,0.3765,0.3759,0.376
1764604740,0.376,0.376,0.3756,0.376
1764604800,0.376,0.3761,0.3754,0.3757
1764604860,0.3757,0.3761,0.3754,0.3757
1764604920,0.3757,0.3758,0.3751,0.3751
1764604980,0.3751,0.3755,0.3748,0.3751
1764605040,0.3751,0.3753,0.3746,0.3747
1764605100,0.3747,0.3751,0.3746,0.3749
1764605160,0.3749,0.3749,0.3731,0.3732
1764605220,0.3732,0.3732,0.3726,0.3729
1764605280,0.3729,0.3729,0.3725,0.3728
1764605340,0.3728,0.3728,0.3723,0.3725
1764605400,0.3725,0.3734,0.3723,0.3734
1764605460,0.3734,0.3739,0.3734,0.3737
1764605520,0.3737,0.3748,0.3736,0.3746
1764605580,0.3746,0.3747,0.3734,0.3737
1764605640,0.3737,0.3739,0.3733,0.3735
1764605700,0.3735,0.3738,0.3732,0.3736
1764605760,0.3736,0.3738,0.3733,0.3733
1764605820,0.3733,0.3742,0.3732,0.374
1764605880,0.374,0.3741,0.3737,0.3741
1764605940,0.3741,0.3742,0.3733,0.3733
1764606000,0.3733,0.3734,0.373,0.3732
1764606060,0.3732,0.374,0.373,0.3738
1764606120,0.3738,0.3739,0.373,0.3732
1764606180,0.3732,0.3736,0.3726,0.3729
1764606240,0.3729,0.373,0.3723,0.3728
1764606300,0.3728,0.3741,0.3727,0.3737
1764606360,0.3737,0.3738,0.3731,0.3734
1764606420,0.3734,0.3743,0.3732,0.3742
1764606480,0.3742,0.3742,0.3728,0.3731
1764606540,0.3731,0.3732,0.373,0.3731
1764606600,0.3731,0.3735,0.373,0.3735
1764606660,0.3735,0.3743,0.3735,0.3739
1764606720,0.3739,0.3743,0.3739,0.3741
1764606780,0.3741,0.3742,0.3734,0.3734
1764606840,0.3734,0.3734,0.3728,0.3734
1764606900,0.3734,0.3735,0.373,0.3731
1764606960,0.3731,0.3734,0.3722,0.3725
1764607020,0.3725,0.3754,0.3725,0.3752
1764607080,0.3752,0.3758,0.3741,0.3749
1764607140,0.3749,0.3759,0.3746,0.3755
1764607200,0.3755,0.3759,0.3751,0.3753
1764607260,0.3753,0.3754,0.3743,0.3745
1764607320,0.3745,0.3749,0.3744,0.3748
1764607380,0.3748,0.3751,0.3746,0.3748
1764607440,0.3748,0.3748,0.3739,0.3739
1764607500,0.3739,0.3742,0.3737,0.3737
1764607560,0.3737,0.3738,0.3735,0.3738
1764607620,0.3738,0.3741,0.3738,0.374
1764607680,0.374,0.374,0.3733,0.3734
1764607740,0.3734,0.3734,0.3726,0.3728
1764607800,0.3728,0.3728,0.3722,0.3726
1764607860,0.3726,0.3727,0.3724,0.3724
1764607920,0.3724,0.3726,0.3724,0.3725
1764607980,0.3725,0.3725,0.372,0.372
1764608040,0.372,0.3721,0.3718,0.3719
1764608100,0.3719,0.3721,0.3719,0.3719
1764608160,0.3719,0.3719,0.3712,0.3715
1764608220,0.3715,0.3715,0.3712,0.3712
1764608280,0.3712,0.3715,0.3712,0.3715
1764608340,0.3715,0.3716,0.3714,0.3716
1764608400,0.3716,0.3725,0.3716,0.3723
1764608460,0.3723,0.3738,0.3723,0.3737
1764608520,0.3737,0.3739,0.3728,0.3731
1764608580,0.3731,0.374,0.3731,0.374
1764608640,0.374,0.3747,0.3739,0.3746
1764608700,0.3746,0.3752,0.3745,0.3745
1764608760,0.3745,0.3749,0.3745,0.3749
1764608820,0.3749,0.3751,0.3748,0.3749
1764608880,0.3749,0.3749,0.3743,0.3749
1764608940,0.3749,0.3749,0.3739,0.3739
1764609000,0.3739,0.3743,0.3739,0.3741
1764609060,0.3741,0.3748,0.374,0.3748
1764609120,0.3748,0.3752,0.3747,0.3748
1764609180,0.3748,0.3748,0.3741,0.3742
1764609240,0.3742,0.3742,0.3737,0.3737
1764609300,0.3737,0.3738,0.3728,0.373
1764609360,0.373,0.3738,0.3729,0.3738
1764609420,0.3738,0.3741,0.3736,0.3739
1764609480,0.3739,0.3742,0.3733,0.3733
1764609540,0.3733,0.3735,0.373,0.3734
1764609600,0.3734,0.3734,0.3731,0.3732
1764609660,0.3732,0.3737,0.3732,0.3737
1764609720,0.3737,0.374,0.3736,0.374
1764609780,0.374,0.3741,0.3733,0.3733
1764609840,0.3733,0.374,0.3733,0.374
1764609900,0.374,0.3744,0.374,0.3741
1764609960,0.3741,0.3746,0.3741,0.3746
1764610020,0.3746,0.3748,0.3745,0.3745
1764610080,0.3745,0.3749,0.3745,0.3749
1764610140,0.3749,0.3752,0.3748,0.3748
1764610200,0.3748,0.3749,0.3745,0.3747
1764610260,0.3747,0.3747,0.3738,0.3738
1764610320,0.3738,0.374,0.3736,0.3737
1764610380,0.3737,0.3737,0.3732,0.3736
1764610440,0.3736,0.3736,0.3728,0.3728
1764610500,0.3728,0.374,0.3728,0.374
1764610560,0.374,0.3742,0.3738,0.3739
1764610620,0.3739,0.3742,0.3738,0.3742
1764610680,0.3742,0.3742,0.3736,0.3736
1764610740,0.3736,0.3739,0.3736,0.3739
1764610800,0.3739,0.3744,0.3739,0.3741
1764610860,0.3741,0.3743,0.3738,0.3739
1764610920,0.3739,0.3742,0.3736,0.3742
1764610980,0.3742,0.3744,0.3741,0.3744
1764611040,0.3744,0.3747,0.3744,0.3747
1764611100,0.3747,0.3756,0.3747,0.3756
1764611160,0.3756,0.3762,0.3752,0.3758
1764611220,0.3758,0.3758,0.3747,0.3748
1764611280,0.3748,0.3751,0.3747,0.3749
1764611340,0.3749,0.3755,0.3749,0.3751
1764611400,0.3751,0.3752,0.3745,0.3747
1764611460,0.3747,0.3751,0.3747,0.3749
1764611520,0.3749,0.3755,0.3749,0.3752
1764611580,0.3752,0.3754,0.3751,0.3751
1764611640,0.3751,0.3759,0.3751,0.3759
1764611700,0.3759,0.3759,0.3751,0.3751
1764611760,0.3751,0.3756,0.3749,0.3752
1764611820,0.3752,0.3753,0.3749,0.3749
1764611880,0.3749,0.3751,0.3746,0.3746
1764611940,0.3746,0.3746,0.3742,0.3742
1764612000,0.3742,0.3751,0.3742,0.3751
1764612060,0.3751,0.3755,0.375,0.3755
1764612120,0.3755,0.3762,0.3755,0.376
1764612180,0.376,0.376,0.3755,0.3756
1764612240,0.3756,0.3756,0.3753,0.3754
1764612300,0.3754,0.3756,0.3745,0.3745
1764612360,0.3745,0.3752,0.3742,0.375
1764612420,0.375,0.3758,0.375,0.3757
1764612480,0.3757,0.376,0.3751,0.3752
1764612540,0.3752,0.3754,0.3748,0.375
1764612600,0.375,0.3758,0.375,0.3756
1764612660,0.3756,0.3759,0.3755,0.3758
1764612720,0.3758,0.3778,0.3758,0.3777
1764612780,0.3777,0.3779,0.3771,0.3774
1764612840,0.3774,0.3778,0.3768,0.3774
1764612900,0.3774,0.3782,0.3772,0.378
1764612960,0.378,0.3781,0.3773,0.3773
1764613020,0.3773,0.3776,0.3771,0.3776
1764613080,0.3776,0.3776,0.3771,0.3775
1764613140,0.3775,0.378,0.3772,0.3779
1764613200,0.3779,0.3782,0.3773,0.3775
1764613260,0.3775,0.3775,0.3765,0.377
1764613320,0.377,0.3776,0.3769,0.3774
1764613380,0.3774,0.3775,0.377,0.3775
1764613440,0.3775,0.3777,0.3773,0.3776
1764613500,0.3776,0.3778,0.377,0.377
1764613560,0.377,0.3772,0.3767,0.3767
1764613620,0.3767,0.3767,0.3763,0.3765
1764613680,0.3765,0.3769,0.3765,0.3767
1764613740,0.3767,0.3769,0.3765,0.3769
1764613800,0.3769,0.3769,0.3765,0.3765
1764613860,0.3765,0.3765,0.3759,0.3761
1764613920,0.3761,0.3766,0.3761,0.3766
1764613980,0.3766,0.3768,0.3764,0.3766
1764614040,0.3766,0.3767,0.3764,0.3764
1764614100,0.3764,0.3766,0.3762,0.3763
1764614160,0.3763,0.3764,0.3758,0.3762
1764614220,0.3762,0.3763,0.376,0.3762
1764614280,0.3762,0.3764,0.3762,0.3764
1764614340,0.3764,0.3765,0.3761,0.3761
1764614400,0.3761,0.3762,0.376,0.3762
1764614460,0.3762,0.3762,0.3759,0.3761
1764614520,0.3761,0.3762,0.3757,0.3759
1764614580,0.3759,0.3759,0.3751,0.3751
1764614640,0.3751,0.3752,0.3748,0.3752
1764614700,0.3752,0.3752,0.3745,0.3751
1764614760,0.3751,0.3753,0.3748,0.3751
1764614820,0.3751,0.3758,0.3751,0.3757
1764614880,0.3757,0.376,0.3754,0.3754
1764614940,0.3754,0.3756,0.3753,0.3753
1764615000,0.3753,0.376,0.3753,0.3758
1764615060,0.3758,0.3761,0.3757,0.376
1764615120,0.376,0.376,0.3757,0.3757
1764615180,0.3757,0.3758,0.3753,0.3756
1764615240,0.3756,0.3766,0.3756,0.3766
1764615300,0.3766,0.3769,0.3763,0.3769
1764615360,0.3769,0.377,0.3765,0.377
1764615420,0.377,0.3788,0.377,0.3787
1764615480,0.3787,0.3788,0.3777,0.3777
1764615540,0.3777,0.3782,0.3777,0.378
1764615600,0.378,0.3783,0.3778,0.3779
1764615660,0.3779,0.378,0.3772,0.3773
1764615720,0.3773,0.3774,0.3769,0.3771
1764615780,0.3771,0.3776,0.3771,0.3775
1764615840,0.3775,0.3776,0.377,0.3772
1764615900,0.3772,0.3772,0.3768,0.377
1764615960,0.377,0.3772,0.3766,0.3771
1764616020,0.3771,0.3771,0.3763,0.3763
1764616080,0.3763,0.3764,0.376,0.3761
1764616140,0.3761,0.3764,0.3757,0.3763
1764616200,0.3763,0.3774,0.3763,0.3772
1764616260,0.3772,0.3774,0.377,0.3772
1764616320,0.3772,0.3773,0.377,0.3772
1764616380,0.3772,0.3774,0.377,0.3773
1764616440,0.3773,0.3774,0.3771,0.3772
1764616500,0.3772,0.3773,0.3771,0.3772
1764616560,0.3772,0.3773,0.3768,0.3773
1764616620,0.3773,0.3774,0.377,0.3772
1764616680,0.3772,0.3775,0.3766,0.3768
1764616740,0.3768,0.3768,0.3763,0.3765
1764616800,0.3765,0.3765,0.3763,0.3764
1764616860,0.3764,0.3764,0.3759,0.3762
1764616920,0.3762,0.3763,0.3756,0.3757
1764616980,0.3757,0.3762,0.3757,0.3762
1764617040,0.3762,0.3762,0.376,0.3762
1764617100,0.3762,0.3762,0.3751,0.3752
1764617160,0.3752,0.3753,0.3748,0.3748
1764617220,0.3748,0.3752,0.3745,0.3752
1764617280,0.3752,0.3752,0.3749,0.3751
1764617340,0.3751,0.3751,0.3748,0.375
1764617400,0.375,0.375,0.3747,0.3747
1764617460,0.3747,0.3752,0.3747,0.3751
1764617520,0.3751,0.3751,0.3747,0.3748
1764617580,0.3748,0.3748,0.3744,0.3748
1764617640,0.3748,0.3751,0.3747,0.375
1764617700,0.375,0.3756,0.3749,0.3755
1764617760,0.3755,0.3766,0.3755,0.3765
1764617820,0.3765,0.3768,0.3762,0.3762
1764617880,0.3762,0.3762,0.3754,0.3754
1764617940,0.3754,0.3758,0.3752,0.3757
1764618000,0.3757,0.3761,0.3757,0.3757
1764618060,0.3757,0.376,0.3757,0.3758
1764618120,0.3758,0.3759,0.3754,0.3754
1764618180,0.3754,0.3756,0.3752,0.3756
1764618240,0.3756,0.3756,0.3753,0.3753
1764618300,0.3753,0.3755,0.3753,0.3754
1764618360,0.3754,0.3756,0.375,0.3755
1764618420,0.3755,0.3758,0.3752,0.3757
1764618480,0.3757,0.3758,0.3755,0.3756
1764618540,0.3756,0.3758,0.3754,0.3758
1764618600,0.3758,0.3761,0.3756,0.3759
1764618660,0.3759,0.3759,0.3756,0.3756
1764618720,0.3756,0.3759,0.3755,0.3755
1764618780,0.3755,0.3759,0.3755,0.3759
1764618840,0.3759,0.3764,0.3759,0.3763
1764618900,0.3763,0.3765,0.3759,0.3761
1764618960,0.3761,0.3763,0.3761,0.3763
1764619020,0.3763,0.3764,0.3762,0.3762
1764619080,0.3762,0.3766,0.3762,0.3765
1764619140,0.3765,0.3768,0.3759,0.376
1764619200,0.376,0.3768,0.3759,0.3768
1764619260,0.3768,0.3777,0.3768,0.3777
1764619320,0.3777,0.3779,0.3771,0.3776
1764619380,0.3776,0.3779,0.3774,0.3777
1764619440,0.3777,0.3781,0.3775,0.378
1764619500,0.378,0.3796,0.3779,0.3794
1764619560,0.3794,0.3796,0.3785,0.3785
1764619620,0.3785,0.3793,0.3785,0.3789
1764619680,0.3789,0.38,0.3789,0.3798
1764619740,0.3798,0.3801,0.3792,0.3793
1764619800,0.3793,0.3803,0.3792,0.3802
1764619860,0.3802,0.3803,0.3793,0.3793
1764619920,0.3793,0.3795,0.3787,0.3788
1764619980,0.3788,0.3788,0.3783,0.3783
1764620040,0.3783,0.3784,0.3781,0.3783
1764620100,0.3783,0.3783,0.3774,0.3777
1764620160,0.3777,0.3777,0.3772,0.3775
1764620220,0.3775,0.3776,0.3773,0.3775
1764620280,0.3775,0.3776,0.3773,0.3774
1764620340,0.3774,0.3779,0.3772,0.3779
1764620400,0.3779,0.3779,0.3771,0.3773
1764620460,0.3773,0.3775,0.377,0.3775
1764620520,0.3775,0.3775,0.3772,0.3773
1764620580,0.3773,0.3773,0.377,0.377
1764620640,0.377,0.3774,0.377,0.3772
1764620700,0.3772,0.3772,0.3765,0.3767
1764620760,0.3767,0.3769,0.3764,0.3767
1764620820,0.3767,0.3768,0.3764,0.3768
1764620880,0.3768,0.3769,0.3765,0.3766
1764620940,0.3766,0.3766,0.3761,0.3764
1764621000,0.3764,0.377,0.3762,0.377
1764621060,0.377,0.377,0.3768,0.3768
1764621120,0.3768,0.3771,0.3766,0.3769
1764621180,0.3769,0.3771,0.3764,0.3765
1764621240,0.3765,0.3767,0.3762,0.3765
1764621300,0.3765,0.377,0.3765,0.3766
1764621360,0.3766,0.3769,0.3764,0.3768
1764621420,0.3768,0.377,0.3764,0.377
1764621480,0.377,0.3777,0.3769,0.3773
1764621540,0.3773,0.3773,0.3768,0.3772
1764621600,0.3772,0.3773,0.3769,0.3772
1764621660,0.3772,0.3774,0.377,0.3773
1764621720,0.3773,0.3773,0.3768,0.3768
1764621780,0.3768,0.3775,0.3768,0.3775
1764621840,0.3775,0.378,0.3775,0.378
1764621900,0.378,0.3782,0.3775,0.3778
1764621960,0.3778,0.3778,0.3774,0.3774
1764622020,0.3774,0.3777,0.3773,0.3777
1764622080,0.3777,0.3778,0.3775,0.3778
1764622140,0.3778,0.3779,0.3775,0.3775
1764622200,0.3775,0.3778,0.3775,0.3777
1764622260,0.3777,0.378,0.3772,0.3774
1764622320,0.3774,0.3775,0.3771,0.3773
1764622380,0.3773,0.3777,0.3771,0.3776
1764622440,0.3776,0.3778,0.3776,0.3777
1764622500,0.3777,0.3779,0.3775,0.3778
1764622560,0.3778,0.3779,0.3776,0.3778
1764622620,0.3778,0.3782,0.3778,0.3782
1764622680,0.3782,0.3783,0.3778,0.378
1764622740,0.378,0.378,0.377,0.3774
1764622800,0.3774,0.3781,0.3773,0.3778
1764622860,0.3778,0.3787,0.3778,0.3783
1764622920,0.3783,0.3786,0.3776,0.3776
1764622980,0.3776,0.3777,0.3775,0.3777
1764623040,0.3777,0.3777,0.3774,0.3777
1764623100,0.3777,0.378,0.3776,0.3778
1764623160,0.3778,0.3784,0.3778,0.3784
1764623220,0.3784,0.3787,0.3783,0.3787
1764623280,0.3787,0.3796,0.3787,0.3789
1764623340,0.3789,0.3794,0.3789,0.3793
1764623400,0.3793,0.3794,0.3788,0.3789
1764623460,0.3789,0.3789,0.3784,0.3784
1764623520,0.3784,0.3784,0.3777,0.3779
1764623580,0.3779,0.3779,0.3777,0.3778
1764623640,0.3778,0.378,0.3778,0.378
1764623700,0.378,0.378,0.3777,0.3778
1764623760,0.3778,0.3784,0.3778,0.3784
1764623820,0.3784,0.379,0.3784,0.3787
1764623880,0.3787,0.3793,0.3787,0.3793
1764623940,0.3793,0.3793,0.3784,0.3785
1764624000,0.3785,0.3798,0.3785,0.3796
1764624060,0.3796,0.3807,0.3795,0.3807
1764624120,0.3807,0.3807,0.3802,0.3805
1764624180,0.3805,0.3805,0.3799,0.3801
1764624240,0.3801,0.3808,0.3801,0.3807
1764624300,0.3807,0.3812,0.3807,0.3809
1764624360,0.3809,0.3812,0.3806,0.3811
1764624420,0.3811,0.3816,0.3811,0.3814
1764624480,0.3814,0.3815,0.3807,0.3807
1764624540,0.3807,0.3808,0.3805,0.3807
1764624600,0.3807,0.3809,0.3805,0.3809
1764624660,0.3809,0.3814,0.3808,0.381
1764624720,0.381,0.3816,0.3809,0.3816
1764624780,0.3816,0.3819,0.3815,0.3819
1764624840,0.3819,0.3823,0.3819,0.382
1764624900,0.382,0.3821,0.3817,0.3821
1764624960,0.3821,0.3823,0.3817,0.3821
1764625020,0.3821,0.3821,0.3813,0.3813
1764625080,0.3813,0.3815,0.3812,0.3814
1764625140,0.3814,0.3818,0.3814,0.3815
1764625200,0.3815,0.382,0.3813,0.3819
1764625260,0.3819,0.3819,0.3813,0.3816
1764625320,0.3816,0.3821,0.3816,0.382
1764625380,0.382,0.3821,0.3816,0.3816
1764625440,0.3816,0.3819,0.3815,0.3818
1764625500,0.3818,0.3819,0.3814,0.3816
1764625560,0.3816,0.3816,0.381,0.381
1764625620,0.381,0.3814,0.381,0.3811
1764625680,0.3811,0.3811,0.3804,0.3804
1764625740,0.3804,0.3809,0.3804,0.3808
1764625800,0.3808,0.3809,0.3806,0.3808
1764625860,0.3808,0.3809,0.3806,0.3809
1764625920,0.3809,0.3812,0.3807,0.3809
1764625980,0.3809,0.381,0.3808,0.381
1764626040,0.381,0.3813,0.381,0.3811
1764626100,0.3811,0.3813,0.3811,0.3812
1764626160,0.3812,0.3812,0.381,0.3812
1764626220,0.3812,0.3818,0.3812,0.3817
1764626280,0.3817,0.3817,0.3813,0.3813
1764626340,0.3813,0.3816,0.3813,0.3816
1764626400,0.3816,0.3823,0.3815,0.3823
1764626460,0.3823,0.3828,0.382,0.3825
1764626520,0.3825,0.3827,0.3824,0.3826
1764626580,0.3826,0.383,0.3822,0.3829
1764626640,0.3829,0.3834,0.3828,0.3834
1764626700,0.3834,0.384,0.3833,0.3839
1764626760,0.3839,0.3841,0.3835,0.3836
1764626820,0.3836,0.3838,0.3836,0.3837
1764626880,0.3837,0.3837,0.3834,0.3837
1764626940,0.3837,0.3839,0.3835,0.3836
1764627000,0.3836,0.3837,0.3831,0.3831
1764627060,0.3831,0.3832,0.3826,0.3828
1764627120,0.3828,0.3828,0.3826,0.3827
1764627180,0.3827,0.3827,0.3818,0.3818
1764627240,0.3818,0.3818,0.3813,0.3815
1764627300,0.3815,0.3825,0.3815,0.3824
1764627360,0.3824,0.3824,0.3815,0.3815
1764627420,0.3815,0.3822,0.3815,0.3822
1764627480,0.3822,0.3823,0.3816,0.3817
1764627540,0.3817,0.3818,0.3815,0.3817
1764627600,0.3817,0.3823,0.3817,0.3823
1764627660,0.3823,0.3823,0.382,0.382
1764627720,0.382,0.3821,0.382,0.382
1764627780,0.382,0.382,0.3818,0.3819
1764627840,0.3819,0.3822,0.3819,0.382
1764627900,0.382,0.382,0.3813,0.3815
1764627960,0.3815,0.3815,0.3812,0.3813
1764628020,0.3813,0.3818,0.3813,0.3817
1764628080,0.3817,0.3817,0.3814,0.3815
1764628140,0.3815,0.3816,0.3815,0.3816
1764628200,0.3816,0.382,0.3815,0.3817
1764628260,0.3817,0.3824,0.3817,0.3822
1764628320,0.3822,0.3824,0.382,0.3821
1764628380,0.3821,0.3822,0.3816,0.3816
1764628440,0.3816,0.3817,0.3811,0.3811
1764628500,0.3811,0.3816,0.3809,0.3815
1764628560,0.3815,0.3821,0.3815,0.3821
1764628620,0.3821,0.3826,0.3821,0.3826
1764628680,0.3826,0.3826,0.3822,0.3823
1764628740,0.3823,0.3828,0.3823,0.3828
1764628800,0.3828,0.3828,0.382,0.3823
1764628860,0.3823,0.3833,0.3823,0.3831
1764628920,0.3831,0.3831,0.3827,0.3828
1764628980,0.3828,0.3832,0.3828,0.3829
1764629040,0.3829,0.383,0.3827,0.3827
1764629100,0.3827,0.3837,0.3827,0.3837
1764629160,0.3837,0.3841,0.3837,0.3841
1764629220,0.3841,0.3843,0.3838,0.3841
1764629280,0.3841,0.385,0.3841,0.3843
1764629340,0.3843,0.3845,0.3842,0.3845
1764629400,0.3845,0.3847,0.3845,0.3846
1764629460,0.3846,0.3847,0.3844,0.3844
1764629520,0.3844,0.3846,0.3842,0.3845
1764629580,0.3845,0.3847,0.3844,0.3847
1764629640,0.3847,0.3847,0.3842,0.3845
1764629700,0.3845,0.3848,0.3844,0.3844
1764629760,0.3844,0.3844,0.3841,0.3841
1764629820,0.3841,0.3841,0.384,0.384
1764629880,0.384,0.3841,0.3836,0.3836
1764629940,0.3836,0.3837,0.3831,0.3833
1764630000,0.3833,0.3841,0.3833,0.3841
1764630060,0.3841,0.3849,0.384,0.3848
1764630120,0.3848,0.3854,0.3847,0.3853
1764630180,0.3853,0.3857,0.3849,0.3852
1764630240,0.3852,0.3854,0.3849,0.3854
1764630300,0.3854,0.3855,0.3848,0.3848
1764630360,0.3848,0.385,0.3845,0.3848
1764630420,0.3848,0.3848,0.3842,0.3842
1764630480,0.3842,0.3846,0.3842,0.3844
1764630540,0.3844,0.3845,0.3842,0.3845
1764630600,0.3845,0.3846,0.3842,0.3846
1764630660,0.3846,0.3848,0.3846,0.3847
1764630720,0.3847,0.3847,0.3842,0.3844
1764630780,0.3844,0.3844,0.384,0.3841
1764630840,0.3841,0.3841,0.384,0.3841
1764630900,0.3841,0.3844,0.3841,0.3844
1764630960,0.3844,0.3848,0.3844,0.3846
1764631020,0.3846,0.3853,0.3846,0.3853
1764631080,0.3853,0.3854,0.3851,0.3853
1764631140,0.3853,0.3858,0.3853,0.3858
1764631200,0.3858,0.3858,0.3854,0.3856
1764631260,0.3856,0.3861,0.3856,0.386
1764631320,0.386,0.3862,0.3858,0.386
1764631380,0.386,0.3865,0.3859,0.386
1764631440,0.386,0.3863,0.3858,0.3859
1764631500,0.3859,0.3863,0.3859,0.3863
1764631560,0.3863,0.3865,0.3862,0.3863
1764631620,0.3863,0.3866,0.3862,0.3865
1764631680,0.3865,0.3866,0.3863,0.3865
1764631740,0.3865,0.3869,0.3865,0.3868
1764631800,0.3868,0.3873,0.3868,0.3873
1764631860,0.3873,0.3874,0.3868,0.3869
1764631920,0.3869,0.387,0.3864,0.3866
1764631980,0.3866,0.3868,0.3863,0.3864
1764632040,0.3864,0.3864,0.3858,0.3862
1764632100,0.3862,0.3867,0.3862,0.3866
1764632160,0.3866,0.387,0.3863,0.3863
1764632220,0.3863,0.3874,0.3863,0.3873
1764632280,0.3873,0.3874,0.3868,0.3869
1764632340,0.3869,0.3871,0.3867,0.3871
1764632400,0.3871,0.3872,0.3868,0.3868
1764632460,0.3868,0.387,0.3865,0.3865
1764632520,0.3865,0.3866,0.3864,0.3865
1764632580,0.3865,0.3867,0.3864,0.3865
1764632640,0.3865,0.3868,0.3864,0.3867
1764632700,0.3867,0.3867,0.3865,0.3865
1764632760,0.3865,0.3868,0.3865,0.3865
1764632820,0.3865,0.3865,0.386,0.3862
1764632880,0.3862,0.3866,0.3861,0.3863
1764632940,0.3863,0.3867,0.3862,0.3867
1764633000,0.3867,0.3867,0.3863,0.3864
1764633060,0.3864,0.3864,0.386,0.3861
1764633120,0.3861,0.3863,0.3857,0.3859
1764633180,0.3859,0.3861,0.3855,0.3855
1764633240,0.3855,0.3856,0.3849,0.3851
1764633300,0.3851,0.3854,0.3851,0.3851
1764633360,0.3851,0.3852,0.385,0.3851
1764633420,0.3851,0.3853,0.3849,0.3853
1764633480,0.3853,0.3856,0.3853,0.3855
1764633540,0.3855,0.3857,0.3853,0.3853
1769817600,0.3207,0.3209,0.3205,0.3206
1769817660,0.3206,0.321,0.3206,0.3208
1769817720,0.3208,0.321,0.3205,0.3205
1769817780,0.3205,0.3206,0.3203,0.3203
1769817840,0.3203,0.3203,0.3201,0.3203
1769817900,0.3203,0.3206,0.3203,0.3206
1769817960,0.3206,0.3206,0.3203,0.3204
1769818020,0.3204,0.3208,0.3204,0.3206
1769818080,0.3206,0.3209,0.3205,0.3209
1769818140,0.3209,0.3209,0.3206,0.3207
1769818200,0.3207,0.3212,0.3204,0.3212
1769818260,0.3212,0.3212,0.3207,0.3208
1769818320,0.3208,0.3209,0.3208,0.3208
1769818380,0.3208,0.3211,0.3207,0.3211
1769818440,0.3211,0.3211,0.3208,0.321
1769818500,0.321,0.3211,0.3205,0.3206
1769818560,0.3206,0.3206,0.3204,0.3205
1769818620,0.3205,0.3205,0.3202,0.3204
1769818680,0.3204,0.3204,0.3202,0.3204
1769818740,0.3204,0.3204,0.3202,0.3203
1769818800,0.3203,0.3204,0.3199,0.3202
1769818860,0.3202,0.3203,0.3195,0.3198
1769818920,0.3198,0.3199,0.3196,0.3198
1769818980,0.3198,0.3201,0.3198,0.3198
1769819040,0.3198,0.32,0.3196,0.3197
1769819100,0.3197,0.3206,0.3197,0.3205
1769819160,0.3205,0.3206,0.3204,0.3205
1769819220,0.3205,0.3205,0.3202,0.3202
1769819280,0.3202,0.3203,0.3201,0.3203
1769819340,0.3203,0.3203,0.3201,0.3202
1769819400,0.3202,0.3202,0.32,0.3202
1769819460,0.3202,0.3204,0.3202,0.3202
1769819520,0.3202,0.3202,0.3199,0.32
1769819580,0.32,0.32,0.3198,0.32
1769819640,0.32,0.32,0.3198,0.3198
1769819700,0.3198,0.32,0.3198,0.3198
1769819760,0.3198,0.3198,0.3196,0.3197
1769819820,0.3197,0.3202,0.3189,0.3202
1769819880,0.3202,0.3204,0.3201,0.3202
1769819940,0.3202,0.3205,0.32,0.3205
1769820000,0.3205,0.3205,0.3201,0.3204
1769820060,0.3204,0.3204,0.3201,0.3201
1769820120,0.3201,0.3201,0.3194,0.3198
1769820180,0.3198,0.3198,0.3196,0.3198
1769820240,0.3198,0.3199,0.3196,0.3199
1769820300,0.3199,0.32,0.3197,0.3197
1769820360,0.3197,0.3198,0.3195,0.3196
1769820420,0.3196,0.3197,0.3191,0.3195
1769820480,0.3195,0.3196,0.3194,0.3195
1769820540,0.3195,0.32,0.3195,0.3198
1769820600,0.3198,0.3201,0.3197,0.32
1769820660,0.32,0.32,0.3197,0.3197
1769820720,0.3197,0.3198,0.3196,0.3198
1769820780,0.3198,0.3203,0.3198,0.3203
1769820840,0.3203,0.3203,0.32,0.3201
1769820900,0.3201,0.3202,0.3199,0.32
1769820960,0.32,0.3203,0.32,0.3203
1769821020,0.3203,0.3204,0.3202,0.3204
1769821080,0.3204,0.3204,0.32,0.32
1769821140,0.32,0.32,0.3199,0.3199
1769821200,0.3199,0.32,0.3199,0.32
1769821260,0.32,0.32,0.3199,0.32
1769821320,0.32,0.3202,0.3199,0.3202
1769821380,0.3202,0.3202,0.32,0.3201
1769821440,0.3201,0.3205,0.32,0.3205
1769821500,0.3205,0.3212,0.3205,0.3211
1769821560,0.3211,0.3211,0.321,0.3211
1769821620,0.3211,0.3211,0.3209,0.3211
1769821680,0.3211,0.3218,0.3211,0.3216
1769821740,0.3216,0.3218,0.3214,0.3214
1769821800,0.3214,0.3214,0.3212,0.3212
1769821860,0.3212,0.3215,0.3212,0.3215
1769821920,0.3215,0.3215,0.3214,0.3214
1769821980,0.3214,0.3219,0.3214,0.3217
1769822040,0.3217,0.3218,0.3215,0.3217
1769822100,0.3217,0.3219,0.3216,0.3218
1769822160,0.3218,0.3218,0.3214,0.3214
1769822220,0.3214,0.3214,0.3212,0.3212
1769822280,0.3212,0.3212,0.321,0.3211
1769822340,0.3211,0.3214,0.3211,0.3214
1769822400,0.3214,0.3219,0.3214,0.3219
1769822460,0.3219,0.3219,0.3215,0.3218
1769822520,0.3218,0.3221,0.3215,0.3215
1769822580,0.3215,0.3219,0.3215,0.3216
1769822640,0.3216,0.3217,0.3214,0.3216
1769822700,0.3216,0.3218,0.3216,0.3218
1769822760,0.3218,0.3219,0.3216,0.3217
1769822820,0.3217,0.3219,0.3217,0.3218
1769822880,0.3218,0.3218,0.3216,0.3216
1769822940,0.3216,0.3217,0.3215,0.3215
1769823000,0.3215,0.3215,0.3209,0.321
1769823060,0.321,0.3211,0.3208,0.3208
1769823120,0.3208,0.3211,0.3208,0.321
1769823180,0.321,0.321,0.3205,0.3205
1769823240,0.3205,0.3208,0.3204,0.3207
1769823300,0.3207,0.3207,0.3204,0.3206
1769823360,0.3206,0.3206,0.3203,0.3204
1769823420,0.3204,0.3205,0.32,0.3201
1769823480,0.3201,0.3203,0.3199,0.3202
1769823540,0.3202,0.3208,0.3202,0.3208
1769823600,0.3208,0.3209,0.3206,0.3209
1769823660,0.3209,0.321,0.3208,0.321
1769823720,0.321,0.3214,0.3209,0.3212
1769823780,0.3212,0.3214,0.3211,0.3213
1769823840,0.3213,0.3213,0.3212,0.3213
1769823900,0.3213,0.3215,0.3213,0.3213
1769823960,0.3213,0.3213,0.3209,0.3211
1769824020,0.3211,0.3213,0.321,0.3211
1769824080,0.3211,0.3212,0.321,0.3212
1769824140,0.3212,0.3212,0.321,0.321
1769824200,0.321,0.3216,0.321,0.3216
1769824260,0.3216,0.3216,0.3213,0.3215
1769824320,0.3215,0.3218,0.3215,0.3217
1769824380,0.3217,0.3218,0.3216,0.3218
1769824440,0.3218,0.3218,0.3214,0.3214
1769824500,0.3214,0.3215,0.3212,0.3212
1769824560,0.3212,0.3215,0.3211,0.3215
1769824620,0.3215,0.3215,0.3211,0.3212
1769824680,0.3212,0.3213,0.321,0.321
1769824740,0.321,0.321,0.3208,0.3209
1769824800,0.3209,0.3209,0.3206,0.3206
1769824860,0.3206,0.3207,0.3204,0.3204
1769824920,0.3204,0.3205,0.3203,0.3204
1769824980,0.3204,0.3206,0.3202,0.3206
1769825040,0.3206,0.3206,0.3205,0.3205
1769825100,0.3205,0.3209,0.3205,0.3209
1769825160,0.3209,0.3209,0.3203,0.3203
1769825220,0.3203,0.3203,0.3197,0.3198
1769825280,0.3198,0.3199,0.3196,0.3198
1769825340,0.3198,0.3198,0.3196,0.3196
1769825400,0.3196,0.3197,0.3195,0.3196
1769825460,0.3196,0.3197,0.3195,0.3195
1769825520,0.3195,0.3195,0.3191,0.3193
1769825580,0.3193,0.3195,0.3193,0.3195
1769825640,0.3195,0.3197,0.3195,0.3196
1769825700,0.3196,0.3196,0.3194,0.3195
1769825760,0.3195,0.3195,0.3191,0.3193
1769825820,0.3193,0.3193,0.3181,0.3184
1769825880,0.3184,0.3196,0.3184,0.3194
1769825940,0.3194,0.3194,0.3188,0.3189
1769826000,0.3189,0.319,0.3188,0.3189
1769826060,0.3189,0.3189,0.3187,0.3188
1769826120,0.3188,0.3188,0.3184,0.3185
1769826180,0.3185,0.3186,0.3183,0.3184
1769826240,0.3184,0.3184,0.3181,0.3182
1769826300,0.3182,0.3182,0.3178,0.3179
1769826360,0.3179,0.3185,0.3179,0.3184
1769826420,0.3184,0.3184,0.3181,0.3182
1769826480,0.3182,0.3189,0.3181,0.3189
1769826540,0.3189,0.3189,0.3186,0.3186
1769826600,0.3186,0.3188,0.3184,0.3187
1769826660,0.3187,0.3187,0.3183,0.3183
1769826720,0.3183,0.3184,0.3182,0.3183
1769826780,0.3183,0.3187,0.3183,0.3185
1769826840,0.3185,0.3188,0.3184,0.3186
1769826900,0.3186,0.3194,0.3186,0.3193
1769826960,0.3193,0.3194,0.3191,0.3191
1769827020,0.3191,0.3192,0.3189,0.3191
1769827080,0.3191,0.3191,0.319,0.3191
1769827140,0.3191,0.3194,0.3191,0.3194
1769827200,0.3194,0.3203,0.3194,0.3203
1769827260,0.3203,0.3204,0.3201,0.3204
1769827320,0.3204,0.3204,0.3201,0.3201
1769827380,0.3201,0.3204,0.3201,0.3203
1769827440,0.3203,0.3203,0.3197,0.3198
1769827500,0.3198,0.3198,0.3196,0.3197
1769827560,0.3197,0.3202,0.3197,0.3202
1769827620,0.3202,0.3204,0.3202,0.3203
1769827680,0.3203,0.3203,0.3199,0.3199
1769827740,0.3199,0.3199,0.3199,0.3199
1769827800,0.3199,0.32,0.3199,0.32
1769827860,0.32,0.32,0.3197,0.3199
1769827920,0.3199,0.3201,0.3199,0.32
1769827980,0.32,0.3204,0.32,0.32
1769828040,0.32,0.3205,0.32,0.3204
1769828100,0.3204,0.3205,0.3204,0.3204
1769828160,0.3204,0.3205,0.32,0.3201
1769828220,0.3201,0.3201,0.3197,0.3197
1769828280,0.3197,0.3197,0.3194,0.3195
1769828340,0.3195,0.3197,0.3195,0.3196
1769828400,0.3196,0.3197,0.3195,0.3197
1769828460,0.3197,0.3202,0.3197,0.3202
1769828520,0.3202,0.3203,0.3199,0.32
1769828580,0.32,0.32,0.32,0.32
1769828640,0.32,0.32,0.3198,0.3199
1769828700,0.3199,0.3203,0.3199,0.3201
1769828760,0.3201,0.3202,0.3199,0.3201
1769828820,0.3201,0.3202,0.3201,0.3202
1769828880,0.3202,0.3204,0.3201,0.3203
1769828940,0.3203,0.3203,0.3198,0.3199
1769829000,0.3199,0.3199,0.3195,0.3196
1769829060,0.3196,0.3196,0.319,0.319
1769829120,0.319,0.3194,0.319,0.3193
1769829180,0.3193,0.3196,0.3192,0.3196
1769829240,0.3196,0.3197,0.3194,0.3195
1769829300,0.3195,0.3196,0.3194,0.3195
1769829360,0.3195,0.3198,0.3194,0.3198
1769829420,0.3198,0.3198,0.3195,0.3195
1769829480,0.3195,0.3196,0.3193,0.3196
1769829540,0.3196,0.32,0.3196,0.3199
1769829600,0.3199,0.3199,0.3197,0.3198
1769829660,0.3198,0.3198,0.3195,0.3195
1769829720,0.3195,0.3198,0.3194,0.3198
1769829780,0.3198,0.3198,0.3197,0.3197
1769829840,0.3197,0.3199,0.3196,0.3199
1769829900,0.3199,0.3199,0.3198,0.3198
1769829960,0.3198,0.3199,0.3197,0.3197
1769830020,0.3197,0.3197,0.3193,0.3193
1769830080,0.3193,0.3195,0.3193,0.3194
1769830140,0.3194,0.3196,0.3194,0.3194
1769830200,0.3194,0.3197,0.3193,0.3196
1769830260,0.3196,0.3198,0.3195,0.3198
1769830320,0.3198,0.3199,0.3196,0.3197
1769830380,0.3197,0.3199,0.3197,0.3198
1769830440,0.3198,0.3198,0.3196,0.3196
1769830500,0.3196,0.3197,0.3196,0.3197
1769830560,0.3197,0.3198,0.3196,0.3196
1769830620,0.3196,0.3197,0.3195,0.3195
1769830680,0.3195,0.3195,0.319,0.3191
1769830740,0.3191,0.3194,0.3191,0.3194
1769830800,0.3194,0.3197,0.3193,0.3196
1769830860,0.3196,0.3196,0.3194,0.3194
1769830920,0.3194,0.3194,0.3191,0.3192
1769830980,0.3192,0.3192,0.3191,0.3191
1769831040,0.3191,0.3196,0.3191,0.3195
1769831100,0.3195,0.3195,0.3194,0.3195
1769831160,0.3195,0.3195,0.3189,0.3189
1769831220,0.3189,0.319,0.3186,0.3189
1769831280,0.3189,0.3189,0.3186,0.3187
1769831340,0.3187,0.3188,0.3186,0.3188
1769831400,0.3188,0.3188,0.3182,0.3185
1769831460,0.3185,0.3185,0.3183,0.3183
1769831520,0.3183,0.3183,0.3182,0.3182
1769831580,0.3182,0.3184,0.3182,0.3184
1769831640,0.3184,0.3184,0.3181,0.3181
1769831700,0.3181,0.3184,0.3181,0.3184
1769831760,0.3184,0.3186,0.3183,0.3186
1769831820,0.3186,0.3187,0.3186,0.3187
1769831880,0.3187,0.3187,0.3185,0.3186
1769831940,0.3186,0.3186,0.3183,0.3183
1769832000,0.3183,0.3184,0.3179,0.3182
1769832060,0.3182,0.3186,0.3182,0.3184
1769832120,0.3184,0.3186,0.3183,0.3184
1769832180,0.3184,0.3187,0.3184,0.3186
1769832240,0.3186,0.3189,0.3186,0.3189
1769832300,0.3189,0.3189,0.3186,0.3186
1769832360,0.3186,0.3187,0.3184,0.3185
1769832420,0.3185,0.3186,0.3184,0.3184
1769832480,0.3184,0.3187,0.3184,0.3186
1769832540,0.3186,0.3189,0.3186,0.3189
1769832600,0.3189,0.3189,0.3187,0.3188
1769832660,0.3188,0.3188,0.3184,0.3184
1769832720,0.3184,0.3185,0.3181,0.3182
1769832780,0.3182,0.3183,0.318,0.3183
1769832840,0.3183,0.3183,0.3181,0.3181
1769832900,0.3181,0.3181,0.318,0.3181
1769832960,0.3181,0.3181,0.3179,0.3179
1769833020,0.3179,0.3181,0.3179,0.3181
1769833080,0.3181,0.3181,0.3179,0.318
1769833140,0.318,0.3181,0.3172,0.3172
1769833200,0.3172,0.3174,0.317,0.3173
1769833260,0.3173,0.3178,0.3171,0.3175
1769833320,0.3175,0.3181,0.3174,0.3178
1769833380,0.3178,0.3179,0.3177,0.3179
1769833440,0.3179,0.3179,0.3174,0.3175
1769833500,0.3175,0.3176,0.3173,0.3174
1769833560,0.3174,0.3175,0.3171,0.3171
1769833620,0.3171,0.3174,0.317,0.3173
1769833680,0.3173,0.3175,0.3173,0.3173
1769833740,0.3173,0.3174,0.3172,0.3172
1769833800,0.3172,0.3174,0.3171,0.3171
1769833860,0.3171,0.3172,0.3169,0.317
1769833920,0.317,0.3173,0.317,0.3171
1769833980,0.3171,0.3172,0.3169,0.3169
1769834040,0.3169,0.3175,0.3169,0.3175
1769834100,0.3175,0.3176,0.3172,0.3174
1769834160,0.3174,0.3174,0.3167,0.3168
1769834220,0.3168,0.3169,0.3166,0.3166
1769834280,0.3166,0.3167,0.3162,0.3166
1769834340,0.3166,0.3166,0.3164,0.3165
1769834400,0.3165,0.3165,0.3162,0.3163
1769834460,0.3163,0.3164,0.3145,0.3154
1769834520,0.3154,0.3159,0.3154,0.3159
1769834580,0.3159,0.3161,0.3157,0.3157
1769834640,0.3157,0.3158,0.314,0.3148
1769834700,0.3148,0.3154,0.3147,0.3153
1769834760,0.3153,0.3163,0.3153,0.3162
1769834820,0.3162,0.3169,0.3161,0.3166
1769834880,0.3166,0.3166,0.3163,0.3165
1769834940,0.3165,0.3166,0.3157,0.3157
1769835000,0.3157,0.3157,0.3151,0.3154
1769835060,0.3154,0.3155,0.3153,0.3154
1769835120,0.3154,0.3154,0.315,0.315
1769835180,0.315,0.3153,0.3148,0.3152
1769835240,0.3152,0.3153,0.3149,0.3152
1769835300,0.3152,0.3154,0.3151,0.3154
1769835360,0.3154,0.3155,0.3152,0.3152
1769835420,0.3152,0.3155,0.3152,0.3153
1769835480,0.3153,0.3154,0.3151,0.3153
1769835540,0.3153,0.3156,0.3153,0.3156
1769835600,0.3156,0.3159,0.3155,0.3159
1769835660,0.3159,0.3159,0.3149,0.3149
1769835720,0.3149,0.315,0.3142,0.3143
1769835780,0.3143,0.3149,0.3142,0.3148
1769835840,0.3148,0.3148,0.3145,0.3146
1769835900,0.3146,0.3146,0.3141,0.3143
1769835960,0.3143,0.3144,0.3142,0.3144
1769836020,0.3144,0.3145,0.3143,0.3145
1769836080,0.3145,0.3145,0.3143,0.3145
1769836140,0.3145,0.3145,0.3143,0.3144
1769836200,0.3144,0.3145,0.3143,0.3145
1769836260,0.3145,0.3149,0.3144,0.3149
1769836320,0.3149,0.3152,0.3148,0.315
1769836380,0.315,0.3155,0.315,0.3153
1769836440,0.3153,0.3155,0.315,0.3151
1769836500,0.3151,0.3151,0.315,0.3151
1769836560,0.3151,0.3151,0.3147,0.3147
1769836620,0.3147,0.3149,0.3146,0.3146
1769836680,0.3146,0.3149,0.3146,0.3148
1769836740,0.3148,0.3149,0.3148,0.3148
1769836800,0.3148,0.3148,0.3144,0.3144
1769836860,0.3144,0.3144,0.3141,0.3143
1769836920,0.3143,0.3149,0.3143,0.3145
1769836980,0.3145,0.3146,0.3135,0.3136
1769837040,0.3136,0.3153,0.3135,0.3148
1769837100,0.3148,0.3152,0.3147,0.3148
1769837160,0.3148,0.3149,0.3144,0.3145
1769837220,0.3145,0.3147,0.3144,0.3147
1769837280,0.3147,0.3147,0.314,0.314
1769837340,0.314,0.3142,0.3137,0.3141
1769837400,0.3141,0.3144,0.3136,0.3139
1769837460,0.3139,0.3141,0.3129,0.3135
1769837520,0.3135,0.3137,0.3123,0.3124
1769837580,0.3124,0.3134,0.3124,0.3133
1769837640,0.3133,0.3138,0.3132,0.3136
1769837700,0.3136,0.3137,0.3133,0.3136
1769837760,0.3136,0.3137,0.3134,0.3136
1769837820,0.3136,0.3137,0.3135,0.3135
1769837880,0.3135,0.3146,0.3135,0.3143
1769837940,0.3143,0.3145,0.3141,0.3142
1769838000,0.3142,0.3142,0.314,0.314
1769838060,0.314,0.3142,0.314,0.3141
1769838120,0.3141,0.3143,0.314,0.3143
1769838180,0.3143,0.3143,0.3139,0.314
1769838240,0.314,0.3141,0.3139,0.314
1769838300,0.314,0.3141,0.314,0.3141
1769838360,0.3141,0.3143,0.3139,0.3143
1769838420,0.3143,0.3151,0.3143,0.3149
1769838480,0.3149,0.3151,0.3147,0.3149
1769838540,0.3149,0.3154,0.3148,0.3154
1769838600,0.3154,0.3163,0.3153,0.3162
1769838660,0.3162,0.3162,0.3153,0.3154
1769838720,0.3154,0.3156,0.3153,0.3153
1769838780,0.3153,0.3157,0.3153,0.3156
1769838840,0.3156,0.3157,0.3153,0.3155
1769838900,0.3155,0.3158,0.3155,0.3156
1769838960,0.3156,0.3157,0.3155,0.3157
1769839020,0.3157,0.3157,0.3155,0.3156
1769839080,0.3156,0.3158,0.3154,0.3157
1769839140,0.3157,0.3157,0.3156,0.3157
1769839200,0.3157,0.3159,0.3157,0.3157
1769839260,0.3157,0.3162,0.3157,0.3161
1769839320,0.3161,0.3162,0.316,0.3162
1769839380,0.3162,0.3162,0.316,0.316
1769839440,0.316,0.316,0.315,0.3151
1769839500,0.3151,0.3152,0.3147,0.3148
1769839560,0.3148,0.3152,0.3148,0.3152
1769839620,0.3152,0.3153,0.3151,0.3152
1769839680,0.3152,0.3155,0.3152,0.3155
1769839740,0.3155,0.3156,0.3155,0.3156
1769839800,0.3156,0.3157,0.315,0.3152
1769839860,0.3152,0.3153,0.3151,0.3153
1769839920,0.3153,0.3153,0.315,0.3151
1769839980,0.3151,0.3151,0.3147,0.3149
1769840040,0.3149,0.315,0.3148,0.3149
1769840100,0.3149,0.315,0.3147,0.315
1769840160,0.315,0.3152,0.3145,0.3145
1769840220,0.3145,0.3147,0.3145,0.3147
1769840280,0.3147,0.3148,0.3146,0.3146
1769840340,0.3146,0.3147,0.3145,0.3146
1769840400,0.3146,0.3147,0.3144,0.3144
1769840460,0.3144,0.3146,0.3143,0.3145
1769840520,0.3145,0.3147,0.3143,0.3143
1769840580,0.3143,0.3145,0.3143,0.3145
1769840640,0.3145,0.3145,0.3144,0.3144
1769840700,0.3144,0.3144,0.3134,0.3139
1769840760,0.3139,0.3139,0.3135,0.3138
1769840820,0.3138,0.3138,0.3129,0.3136
1769840880,0.3136,0.3139,0.3131,0.3131
1769840940,0.3131,0.3132,0.3119,0.3119
1769841000,0.3119,0.3131,0.3119,0.3127
1769841060,0.3127,0.3127,0.3119,0.3119
1769841120,0.3119,0.3123,0.3113,0.3122
1769841180,0.3122,0.3123,0.3119,0.3123
1769841240,0.3123,0.3124,0.312,0.312
1769841300,0.312,0.3122,0.3118,0.3121
1769841360,0.3121,0.3125,0.312,0.3125
1769841420,0.3125,0.3127,0.3123,0.3125
1769841480,0.3125,0.3125,0.3119,0.312
1769841540,0.312,0.3123,0.3117,0.312
1769841600,0.312,0.3123,0.3114,0.3116
1769841660,0.3116,0.312,0.3115,0.3117
1769841720,0.3117,0.3117,0.3114,0.3116
1769841780,0.3116,0.3117,0.3112,0.3113
1769841840,0.3113,0.3118,0.3113,0.3118
1769841900,0.3118,0.312,0.3116,0.3118
1769841960,0.3118,0.3119,0.3115,0.3116
1769842020,0.3116,0.3119,0.3116,0.3119
1769842080,0.3119,0.3119,0.3115,0.3115
1769842140,0.3115,0.3116,0.311,0.3112
1769842200,0.3112,0.3118,0.3112,0.3117
1769842260,0.3117,0.3123,0.3117,0.3121
1769842320,0.3121,0.3122,0.312,0.3122
1769842380,0.3122,0.3123,0.3119,0.312
1769842440,0.312,0.3121,0.3119,0.312
1769842500,0.312,0.3121,0.3119,0.312
1769842560,0.312,0.312,0.3117,0.3117
1769842620,0.3117,0.3119,0.3117,0.3118
1769842680,0.3118,0.3118,0.3112,0.3113
1769842740,0.3113,0.3114,0.3112,0.3113
1769842800,0.3113,0.3117,0.3113,0.3115
1769842860,0.3115,0.3115,0.3113,0.3114
1769842920,0.3114,0.3116,0.3114,0.3116
1769842980,0.3116,0.3116,0.3113,0.3114
1769843040,0.3114,0.3117,0.3114,0.3116
1769843100,0.3116,0.3122,0.3116,0.3122
1769843160,0.3122,0.3122,0.3116,0.3117
1769843220,0.3117,0.312,0.3116,0.312
1769843280,0.312,0.3121,0.3119,0.3121
1769843340,0.3121,0.3121,0.3114,0.3116
1769843400,0.3116,0.3122,0.3116,0.3122
1769843460,0.3122,0.3123,0.3119,0.3122
1769843520,0.3122,0.3122,0.3118,0.312
1769843580,0.312,0.3123,0.312,0.3122
1769843640,0.3122,0.3122,0.3121,0.3121
1769843700,0.3121,0.3127,0.3121,0.3126
1769843760,0.3126,0.3126,0.3123,0.3124
1769843820,0.3124,0.3124,0.3122,0.3123
1769843880,0.3123,0.3125,0.3122,0.3123
1769843940,0.3123,0.3123,0.3121,0.3121
1769844000,0.3121,0.3124,0.312,0.3121
1769844060,0.3121,0.3123,0.3121,0.3122
1769844120,0.3122,0.3123,0.3121,0.3122
1769844180,0.3122,0.3125,0.3122,0.3125
1769844240,0.3125,0.3127,0.3124,0.3127
1769844300,0.3127,0.3129,0.3126,0.3127
1769844360,0.3127,0.3128,0.3124,0.3128
1769844420,0.3128,0.3128,0.3125,0.3125
1769844480,0.3125,0.3127,0.3124,0.3124
1769844540,0.3124,0.3128,0.3124,0.3125
1769844600,0.3125,0.3125,0.3121,0.3121
1769844660,0.3121,0.3124,0.312,0.3124
1769844720,0.3124,0.3126,0.3119,0.312
1769844780,0.312,0.3121,0.3109,0.3121
1769844840,0.3121,0.3121,0.3117,0.3118
1769844900,0.3118,0.3121,0.3117,0.3119
1769844960,0.3119,0.3119,0.3117,0.3118
1769845020,0.3118,0.3119,0.3113,0.3114
1769845080,0.3114,0.3115,0.3105,0.3107
1769845140,0.3107,0.3114,0.3102,0.3111
1769845200,0.3111,0.3113,0.311,0.3111
1769845260,0.3111,0.3113,0.311,0.3112
1769845320,0.3112,0.3114,0.311,0.3113
1769845380,0.3113,0.3115,0.3112,0.3115
1769845440,0.3115,0.3116,0.3113,0.3113
1769845500,0.3113,0.3119,0.3113,0.3118
1769845560,0.3118,0.3119,0.3116,0.3117
1769845620,0.3117,0.3122,0.3117,0.312
1769845680,0.312,0.3122,0.3117,0.3119
1769845740,0.3119,0.312,0.3117,0.3118
1769845800,0.3118,0.3122,0.3118,0.3119
1769845860,0.3119,0.3119,0.3117,0.3119
1769845920,0.3119,0.312,0.3118,0.3118
1769845980,0.3118,0.3122,0.3118,0.3121
1769846040,0.3121,0.3121,0.312,0.3121
1769846100,0.3121,0.3123,0.3121,0.3123
1769846160,0.3123,0.3123,0.3121,0.3121
1769846220,0.3121,0.3123,0.3119,0.3123
1769846280,0.3123,0.3123,0.3122,0.3122
1769846340,0.3122,0.3123,0.3121,0.3122
1769846400,0.3122,0.3126,0.3121,0.3125
1769846460,0.3125,0.3126,0.3124,0.3124
1769846520,0.3124,0.3126,0.3123,0.3124
1769846580,0.3124,0.3125,0.3122,0.3122
1769846640,0.3122,0.3122,0.3119,0.3121
1769846700,0.3121,0.3122,0.3121,0.3121
1769846760,0.3121,0.3122,0.3121,0.3122
1769846820,0.3122,0.3123,0.3119,0.3119
1769846880,0.3119,0.3119,0.3116,0.3116
1769846940,0.3116,0.3117,0.3115,0.3115
1769847000,0.3115,0.3115,0.3109,0.3111
1769847060,0.3111,0.3113,0.3107,0.311
1769847120,0.311,0.3113,0.3107,0.311
1769847180,0.311,0.3114,0.311,0.3112
1769847240,0.3112,0.3115,0.3111,0.3114
1769847300,0.3114,0.3114,0.3109,0.311
1769847360,0.311,0.3112,0.3102,0.3105
1769847420,0.3105,0.3106,0.3087,0.31
1769847480,0.31,0.3107,0.3097,0.3105
1769847540,0.3105,0.3111,0.3105,0.3108
1769847600,0.3108,0.311,0.3107,0.311
1769847660,0.311,0.3113,0.3109,0.3111
1769847720,0.3111,0.3111,0.3107,0.3108
1769847780,0.3108,0.3111,0.3107,0.3111
1769847840,0.3111,0.3111,0.3107,0.3107
1769847900,0.3107,0.311,0.3107,0.3109
1769847960,0.3109,0.3109,0.3106,0.3107
1769848020,0.3107,0.3107,0.3104,0.3105
1769848080,0.3105,0.3105,0.3102,0.3102
1769848140,0.3102,0.3104,0.3102,0.3102
1769848200,0.3102,0.3102,0.3098,0.3099
1769848260,0.3099,0.3102,0.3098,0.3098
1769848320,0.3098,0.3104,0.3098,0.3101
1769848380,0.3101,0.3101,0.3093,0.3095
1769848440,0.3095,0.3097,0.3094,0.3096
1769848500,0.3096,0.3096,0.3085,0.3093
1769848560,0.3093,0.3095,0.3086,0.3091
1769848620,0.3091,0.3099,0.3083,0.3096
1769848680,0.3096,0.3097,0.3093,0.3093
1769848740,0.3093,0.3093,0.3089,0.3089
1769848800,0.3089,0.3091,0.3072,0.3078
1769848860,0.3078,0.3093,0.3076,0.3089
1769848920,0.3089,0.309,0.3078,0.3079
1769848980,0.3079,0.3083,0.3065,0.308
1769849040,0.308,0.3084,0.3078,0.3082
1769849100,0.3082,0.3085,0.3076,0.3081
1769849160,0.3081,0.3084,0.308,0.3082
1769849220,0.3082,0.3084,0.3075,0.3078
1769849280,0.3078,0.3078,0.3074,0.3078
1769849340,0.3078,0.3083,0.3077,0.3078
1769849400,0.3078,0.3085,0.3078,0.3083
1769849460,0.3083,0.3097,0.3083,0.3093
1769849520,0.3093,0.3096,0.309,0.3092
1769849580,0.3092,0.3099,0.3092,0.3097
1769849640,0.3097,0.3102,0.3094,0.3096
1769849700,0.3096,0.3103,0.3096,0.3103
1769849760,0.3103,0.3104,0.31,0.3103
1769849820,0.3103,0.3106,0.3101,0.3103
1769849880,0.3103,0.3104,0.3099,0.3099
1769849940,0.3099,0.3101,0.3099,0.31
1769850000,0.31,0.3108,0.31,0.3108
1769850060,0.3108,0.3108,0.3103,0.3105
1769850120,0.3105,0.3108,0.3105,0.3108
1769850180,0.3108,0.3114,0.3108,0.3111
1769850240,0.3111,0.3115,0.3108,0.3109
1769850300,0.3109,0.3116,0.3109,0.3116
1769850360,0.3116,0.3117,0.3108,0.3108
1769850420,0.3108,0.3109,0.3107,0.3109
1769850480,0.3109,0.3112,0.3109,0.311
1769850540,0.311,0.3111,0.3109,0.311
1769850600,0.311,0.3113,0.311,0.3113
1769850660,0.3113,0.3114,0.3112,0.3112
1769850720,0.3112,0.3114,0.3112,0.3112
1769850780,0.3112,0.3116,0.3112,0.3114
1769850840,0.3114,0.3116,0.3114,0.3115
1769850900,0.3115,0.3115,0.3113,0.3115
1769850960,0.3115,0.3116,0.311,0.3113
1769851020,0.3113,0.3117,0.3113,0.3117
1769851080,0.3117,0.3119,0.3117,0.3117
1769851140,0.3117,0.3118,0.3112,0.3112
1769851200,0.3112,0.3113,0.3108,0.3108
1769851260,0.3108,0.3109,0.3104,0.3107
1769851320,0.3107,0.3111,0.3107,0.3109
1769851380,0.3109,0.311,0.3108,0.3109
1769851440,0.3109,0.3109,0.3104,0.3104
1769851500,0.3104,0.3104,0.3097,0.3097
1769851560,0.3097,0.3098,0.3095,0.3098
1769851620,0.3098,0.31,0.3098,0.3099
1769851680,0.3099,0.31,0.3098,0.3099
1769851740,0.3099,0.3103,0.3099,0.3102
1769851800,0.3102,0.3106,0.3102,0.3105
1769851860,0.3105,0.3113,0.3105,0.3112
1769851920,0.3112,0.3123,0.3112,0.3121
1769851980,0.3121,0.3123,0.3119,0.3121
1769852040,0.3121,0.3123,0.3117,0.3117
1769852100,0.3117,0.3119,0.3117,0.3119
1769852160,0.3119,0.3119,0.3115,0.3116
1769852220,0.3116,0.3116,0.3111,0.3113
1769852280,0.3113,0.3116,0.3113,0.3113
1769852340,0.3113,0.3117,0.3113,0.3114
1769852400,0.3114,0.3115,0.3113,0.3113
1769852460,0.3113,0.3114,0.3113,0.3113
1769852520,0.3113,0.3115,0.3112,0.3115
1769852580,0.3115,0.3116,0.3113,0.3113
1769852640,0.3113,0.3113,0.311,0.311
1769852700,0.311,0.3111,0.3107,0.3109
1769852760,0.3109,0.311,0.3107,0.3107
1769852820,0.3107,0.3107,0.3104,0.3105
1769852880,0.3105,0.3107,0.3105,0.3105
1769852940,0.3105,0.3105,0.3102,0.3103
1769853000,0.3103,0.3109,0.3103,0.3107
1769853060,0.3107,0.3108,0.3106,0.3107
1769853120,0.3107,0.3108,0.3106,0.3108
1769853180,0.3108,0.311,0.3107,0.3108
1769853240,0.3108,0.311,0.3108,0.311
1769853300,0.311,0.3112,0.311,0.311
1769853360,0.311,0.3113,0.311,0.3112
1769853420,0.3112,0.3113,0.3111,0.3112
1769853480,0.3112,0.3112,0.3111,0.3111
1769853540,0.3111,0.3111,0.3109,0.3109
1769853600,0.3109,0.3109,0.3106,0.3109
1769853660,0.3109,0.3111,0.3105,0.3105
1769853720,0.3105,0.3108,0.3105,0.3107
1769853780,0.3107,0.3107,0.3105,0.3105
1769853840,0.3105,0.3106,0.3101,0.3105
1769853900,0.3105,0.3107,0.3105,0.3107
1769853960,0.3107,0.3109,0.3105,0.3109
1769854020,0.3109,0.3109,0.3104,0.3104
1769854080,0.3104,0.3106,0.3101,0.3102
1769854140,0.3102,0.3104,0.31,0.3103
1769854200,0.3103,0.3104,0.31,0.3102
1769854260,0.3102,0.3104,0.3101,0.3103
1769854320,0.3103,0.3104,0.31,0.3102
1769854380,0.3102,0.3104,0.3102,0.3103
1769854440,0.3103,0.3104,0.3103,0.3104
1769854500,0.3104,0.3105,0.3103,0.3104
1769854560,0.3104,0.3105,0.3103,0.3104
1769854620,0.3104,0.3107,0.3102,0.3107
1769854680,0.3107,0.3108,0.3105,0.3107
1769854740,0.3107,0.3108,0.3107,0.3108
1769854800,0.3108,0.3113,0.3108,0.3112
1769854860,0.3112,0.3115,0.3111,0.3114
1769854920,0.3114,0.3114,0.3112,0.3113
1769854980,0.3113,0.3117,0.3113,0.3116
1769855040,0.3116,0.3116,0.3112,0.3113
1769855100,0.3113,0.312,0.3112,0.3119
1769855160,0.3119,0.3121,0.3118,0.3118
1769855220,0.3118,0.3119,0.3116,0.3119
1769855280,0.3119,0.3119,0.3117,0.3118
1769855340,0.3118,0.312,0.3118,0.3119
1769855400,0.3119,0.3124,0.3117,0.3123
1769855460,0.3123,0.3126,0.3122,0.3126
1769855520,0.3126,0.3129,0.3126,0.3128
1769855580,0.3128,0.3128,0.3123,0.3123
1769855640,0.3123,0.3123,0.312,0.3122
1769855700,0.3122,0.3124,0.3121,0.3122
1769855760,0.3122,0.3123,0.3122,0.3123
1769855820,0.3123,0.3124,0.3121,0.3123
1769855880,0.3123,0.3123,0.3121,0.3122
1769855940,0.3122,0.3123,0.3122,0.3123
1769856000,0.3123,0.3124,0.3122,0.3124
1769856060,0.3124,0.3125,0.3124,0.3125
1769856120,0.3125,0.3127,0.3125,0.3126
1769856180,0.3126,0.3127,0.3124,0.3125
1769856240,0.3125,0.3126,0.3125,0.3126
1769856300,0.3126,0.3126,0.3124,0.3124
1769856360,0.3124,0.3125,0.3124,0.3125
1769856420,0.3125,0.3125,0.3121,0.3121
1769856480,0.3121,0.3122,0.312,0.312
1769856540,0.312,0.3123,0.312,0.3122
1769856600,0.3122,0.3123,0.3122,0.3123
1769856660,0.3123,0.3123,0.3119,0.312
1769856720,0.312,0.3121,0.3119,0.312
1769856780,0.312,0.3121,0.3118,0.3118
1769856840,0.3118,0.3118,0.3115,0.3116
1769856900,0.3116,0.3118,0.3116,0.3118
1769856960,0.3118,0.3118,0.3111,0.3111
1769857020,0.3111,0.3113,0.3111,0.3112
1769857080,0.3112,0.3112,0.3109,0.311
1769857140,0.311,0.311,0.3109,0.311
1769857200,0.311,0.3111,0.3107,0.3108
1769857260,0.3108,0.3108,0.3106,0.3107
1769857320,0.3107,0.3108,0.3102,0.3103
1769857380,0.3103,0.3107,0.3103,0.3103
1769857440,0.3103,0.3104,0.3102,0.3103
1769857500,0.3103,0.3103,0.3102,0.3102
1769857560,0.3102,0.3103,0.3101,0.3103
1769857620,0.3103,0.3103,0.3102,0.3103
1769857680,0.3103,0.3103,0.3101,0.3101
1769857740,0.3101,0.3102,0.31,0.3101
1769857800,0.3101,0.3102,0.3091,0.3094
1769857860,0.3094,0.3095,0.3091,0.3093
1769857920,0.3093,0.3094,0.3093,0.3094
1769857980,0.3094,0.3094,0.309,0.3093
1769858040,0.3093,0.3093,0.309,0.3092
1769858100,0.3092,0.3096,0.3092,0.3094
1769858160,0.3094,0.3097,0.3093,0.3094
1769858220,0.3094,0.3094,0.309,0.309
1769858280,0.309,0.3096,0.309,0.3094
1769858340,0.3094,0.3096,0.3094,0.3095
1769858400,0.3095,0.3104,0.3095,0.31
1769858460,0.31,0.3102,0.3099,0.3102
1769858520,0.3102,0.3102,0.3101,0.3102
1769858580,0.3102,0.3106,0.3102,0.3104
1769858640,0.3104,0.3104,0.3102,0.3104
1769858700,0.3104,0.3106,0.3102,0.3106
1769858760,0.3106,0.3107,0.3105,0.3107
1769858820,0.3107,0.3107,0.3104,0.3105
1769858880,0.3105,0.3107,0.3105,0.3105
1769858940,0.3105,0.3106,0.3104,0.3106
1769859000,0.3106,0.3106,0.3105,0.3106
1769859060,0.3106,0.3109,0.3106,0.3108
1769859120,0.3108,0.311,0.3107,0.3109
1769859180,0.3109,0.311,0.3106,0.3106
1769859240,0.3106,0.3106,0.3104,0.3105
1769859300,0.3105,0.3111,0.3104,0.3111
1769859360,0.3111,0.3111,0.3109,0.3109
1769859420,0.3109,0.3109,0.3107,0.3107
1769859480,0.3107,0.3111,0.3107,0.311
1769859540,0.311,0.311,0.3108,0.3108
1769859600,0.3108,0.311,0.3108,0.3109
1769859660,0.3109,0.3111,0.3109,0.3109
1769859720,0.3109,0.311,0.3109,0.3109
1769859780,0.3109,0.3109,0.3108,0.3109
1769859840,0.3109,0.3109,0.3104,0.3104
1769859900,0.3104,0.3105,0.31,0.31
1769859960,0.31,0.31,0.3096,0.3097
1769860020,0.3097,0.31,0.3097,0.3099
1769860080,0.3099,0.31,0.3096,0.3097
1769860140,0.3097,0.3098,0.3096,0.3098
1769860200,0.3098,0.31,0.3098,0.3099
1769860260,0.3099,0.3101,0.3095,0.3101
1769860320,0.3101,0.3101,0.3096,0.3096
1769860380,0.3096,0.31,0.3096,0.3099
1769860440,0.3099,0.3101,0.3097,0.3101
1769860500,0.3101,0.3101,0.3099,0.3099
1769860560,0.3099,0.3101,0.3099,0.31
1769860620,0.31,0.3102,0.3099,0.3102
1769860680,0.3102,0.3102,0.3097,0.3097
1769860740,0.3097,0.3102,0.3097,0.3102
1769860800,0.3102,0.3103,0.31,0.3102
1769860860,0.3102,0.3103,0.3101,0.3102
1769860920,0.3102,0.3103,0.3102,0.3102
1769860980,0.3102,0.3104,0.3101,0.3102
1769861040,0.3102,0.3103,0.3101,0.3103
1769861100,0.3103,0.3103,0.3102,0.3103
1769861160,0.3103,0.3104,0.3103,0.3103
1769861220,0.3103,0.3104,0.3102,0.3103
1769861280,0.3103,0.3106,0.3103,0.3105
1769861340,0.3105,0.3106,0.3104,0.3104
1769861400,0.3104,0.3104,0.3094,0.3098
1769861460,0.3098,0.3099,0.3096,0.3096
1769861520,0.3096,0.3097,0.3094,0.3095
1769861580,0.3095,0.3095,0.309,0.3091
1769861640,0.3091,0.3095,0.3091,0.3094
1769861700,0.3094,0.3096,0.3094,0.3095
1769861760,0.3095,0.3102,0.3095,0.3102
1769861820,0.3102,0.3102,0.3097,0.3098
1769861880,0.3098,0.3099,0.3096,0.3097
1769861940,0.3097,0.3102,0.3096,0.3102
1769862000,0.3102,0.3105,0.3102,0.3103
1769862060,0.3103,0.3103,0.3097,0.3097
1769862120,0.3097,0.3101,0.3096,0.3101
1769862180,0.3101,0.3102,0.3101,0.3101
1769862240,0.3101,0.3105,0.3101,0.3102
1769862300,0.3102,0.3102,0.31,0.3101
1769862360,0.3101,0.3101,0.3099,0.3101
1769862420,0.3101,0.3102,0.31,0.3101
1769862480,0.3101,0.3101,0.31,0.3101
1769862540,0.3101,0.3102,0.3101,0.3102
1769862600,0.3102,0.3103,0.31,0.3101
1769862660,0.3101,0.3101,0.3097,0.3097
1769862720,0.3097,0.3103,0.3097,0.3102
1769862780,0.3102,0.3104,0.3099,0.3099
1769862840,0.3099,0.31,0.3097,0.3099
1769862900,0.3099,0.3099,0.3097,0.3097
1769862960,0.3097,0.3098,0.3097,0.3098
1769863020,0.3098,0.3098,0.3092,0.3097
1769863080,0.3097,0.3104,0.3097,0.3102
1769863140,0.3102,0.3102,0.31,0.31
1769863200,0.31,0.3103,0.31,0.3102
1769863260,0.3102,0.3103,0.3102,0.3103
1769863320,0.3103,0.3103,0.31,0.31
1769863380,0.31,0.3103,0.31,0.3101
1769863440,0.3101,0.3101,0.3101,0.3101
1769863500,0.3101,0.3103,0.3101,0.3103
1769863560,0.3103,0.3103,0.3101,0.3101
1769863620,0.3101,0.3101,0.3098,0.3099
1769863680,0.3099,0.3099,0.3094,0.3094
1769863740,0.3094,0.3095,0.3092,0.3094
1769863800,0.3094,0.3095,0.3091,0.3093
1769863860,0.3093,0.3094,0.309,0.3091
1769863920,0.3091,0.3094,0.3091,0.3093
1769863980,0.3093,0.3099,0.3092,0.3097
1769864040,0.3097,0.31,0.3097,0.31
1769864100,0.31,0.3101,0.3097,0.3098
1769864160,0.3098,0.3104,0.3098,0.3103
1769864220,0.3103,0.3103,0.3097,0.3097
1769864280,0.3097,0.3099,0.3097,0.3097
1769864340,0.3097,0.3099,0.3094,0.3098
1769864400,0.3098,0.3099,0.3095,0.3096
1769864460,0.3096,0.3097,0.3096,0.3096
1769864520,0.3096,0.3098,0.3095,0.3096
1769864580,0.3096,0.3096,0.3092,0.3093
1769864640,0.3093,0.3093,0.309,0.3092
1769864700,0.3092,0.3095,0.3092,0.3093
1769864760,0.3093,0.3095,0.3092,0.3094
1769864820,0.3094,0.3095,0.3092,0.3095
1769864880,0.3095,0.3099,0.3094,0.3098
1769864940,0.3098,0.3098,0.3096,0.3097
1769865000,0.3097,0.3097,0.3086,0.3086
1769865060,0.3086,0.3091,0.3086,0.3091
1769865120,0.3091,0.3091,0.309,0.309
1769865180,0.309,0.3092,0.3086,0.3088
1769865240,0.3088,0.3094,0.3087,0.3089
1769865300,0.3089,0.3092,0.3089,0.3091
1769865360,0.3091,0.3092,0.309,0.3091
1769865420,0.3091,0.3093,0.3091,0.3091
1769865480,0.3091,0.3094,0.3091,0.3093
1769865540,0.3093,0.3093,0.3075,0.3083
1769865600,0.3083,0.3085,0.3083,0.3084
1769865660,0.3084,0.3086,0.3084,0.3086
1769865720,0.3086,0.3086,0.3082,0.3084
1769865780,0.3084,0.3085,0.3084,0.3085
1769865840,0.3085,0.3085,0.3083,0.3083
1769865900,0.3083,0.309,0.3083,0.3088
1769865960,0.3088,0.3088,0.3085,0.3086
1769866020,0.3086,0.3087,0.3085,0.3085
1769866080,0.3085,0.3086,0.3084,0.3085
1769866140,0.3085,0.3086,0.3084,0.3085
1769866200,0.3085,0.3087,0.3084,0.3084
1769866260,0.3084,0.3087,0.3084,0.3085
1769866320,0.3085,0.3086,0.3073,0.3076
1769866380,0.3076,0.308,0.3074,0.3078
1769866440,0.3078,0.3078,0.3068,0.3073
1769866500,0.3073,0.3077,0.3069,0.3077
1769866560,0.3077,0.3084,0.3071,0.3071
1769866620,0.3071,0.3076,0.3071,0.3073
1769866680,0.3073,0.3075,0.3071,0.3072
1769866740,0.3072,0.3077,0.3072,0.3074
1769866800,0.3074,0.3078,0.3073,0.3074
1769866860,0.3074,0.3077,0.3073,0.3075
1769866920,0.3075,0.3078,0.3073,0.3076
1769866980,0.3076,0.3077,0.307,0.3074
1769867040,0.3074,0.3078,0.3074,0.3076
1769867100,0.3076,0.3077,0.3073,0.3074
1769867160,0.3074,0.3081,0.3074,0.3075
1769867220,0.3075,0.3079,0.3074,0.3075
1769867280,0.3075,0.3077,0.3075,0.3076
1769867340,0.3076,0.3079,0.3074,0.3078
1769867400,0.3078,0.3078,0.3075,0.3078
1769867460,0.3078,0.308,0.3076,0.3076
1769867520,0.3076,0.3077,0.3074,0.3076
1769867580,0.3076,0.3081,0.3076,0.308
1769867640,0.308,0.3081,0.3078,0.3078
1769867700,0.3078,0.3082,0.3077,0.3077
1769867760,0.3077,0.308,0.3077,0.3079
1769867820,0.3079,0.308,0.3078,0.3078
1769867880,0.3078,0.308,0.3078,0.308
1769867940,0.308,0.308,0.3078,0.308
1769868000,0.308,0.3088,0.3079,0.3082
1769868060,0.3082,0.3084,0.3077,0.3077
1769868120,0.3077,0.3077,0.3072,0.3073
1769868180,0.3073,0.3078,0.3073,0.3074
1769868240,0.3074,0.308,0.3074,0.308
1769868300,0.308,0.3081,0.3074,0.3074
1769868360,0.3074,0.3077,0.3074,0.3076
1769868420,0.3076,0.3076,0.3063,0.3066
1769868480,0.3066,0.3066,0.3056,0.3058
1769868540,0.3058,0.306,0.3056,0.3058
1769868600,0.3058,0.3064,0.3049,0.3051
1769868660,0.3051,0.3062,0.3051,0.3054
1769868720,0.3054,0.3057,0.3047,0.3052
1769868780,0.3052,0.3052,0.3048,0.3051
1769868840,0.3051,0.3056,0.3041,0.3055
1769868900,0.3055,0.3057,0.3045,0.3052
1769868960,0.3052,0.3057,0.3052,0.3057
1769869020,0.3057,0.3058,0.3049,0.3053
1769869080,0.3053,0.3053,0.3039,0.304
1769869140,0.304,0.3043,0.3035,0.3039
1769869200,0.3039,0.3044,0.3037,0.304
1769869260,0.304,0.3047,0.3039,0.3042
1769869320,0.3042,0.3043,0.3031,0.3031
1769869380,0.3031,0.3035,0.3022,0.3024
1769869440,0.3024,0.3028,0.3009,0.3012
1769869500,0.3012,0.3023,0.3009,0.3015
1769869560,0.3015,0.3019,0.2941,0.2972
1769869620,0.2972,0.2987,0.2953,0.2977
1769869680,0.2977,0.2982,0.2962,0.2967
1769869740,0.2967,0.2978,0.2957,0.297
1769869800,0.297,0.2984,0.296,0.2976
1769869860,0.2976,0.2977,0.2953,0.2954
1769869920,0.2954,0.2975,0.2949,0.2974
1769869980,0.2974,0.2982,0.2966,0.2975
1769870040,0.2975,0.2982,0.297,0.2974
1769870100,0.2974,0.298,0.2969,0.2977
1769870160,0.2977,0.2981,0.2963,0.2965
1769870220,0.2965,0.2969,0.2953,0.2958
1769870280,0.2958,0.296,0.2934,0.2954
1769870340,0.2954,0.2969,0.2949,0.2961
1769870400,0.2961,0.2962,0.2954,0.2954
1769870460,0.2954,0.2964,0.2952,0.2955
1769870520,0.2955,0.2959,0.2946,0.2951
1769870580,0.2951,0.2954,0.295,0.2952
1769870640,0.2952,0.2958,0.2949,0.2953
1769870700,0.2953,0.2963,0.294,0.296
1769870760,0.296,0.2983,0.2959,0.2975
1769870820,0.2975,0.2978,0.2968,0.2969
1769870880,0.2969,0.2982,0.2968,0.298
1769870940,0.298,0.2982,0.297,0.2971
1769871000,0.2971,0.2977,0.2965,0.2966
1769871060,0.2966,0.2973,0.2965,0.2973
1769871120,0.2973,0.2975,0.2971,0.2975
1769871180,0.2975,0.2976,0.2963,0.2968
1769871240,0.2968,0.2989,0.2966,0.2984
1769871300,0.2984,0.299,0.298,0.2983
1769871360,0.2983,0.2983,0.2972,0.2976
1769871420,0.2976,0.2983,0.2975,0.2981
1769871480,0.2981,0.2984,0.298,0.2984
1769871540,0.2984,0.2984,0.2981,0.2982
1769871600,0.2982,0.2995,0.2979,0.2988
1769871660,0.2988,0.2988,0.2978,0.2982
1769871720,0.2982,0.2989,0.2981,0.2987
1769871780,0.2987,0.2989,0.2984,0.2989
1769871840,0.2989,0.2991,0.2985,0.299
1769871900,0.299,0.3002,0.2988,0.3
1769871960,0.3,0.3005,0.2996,0.2997
1769872020,0.2997,0.2998,0.2994,0.2998
1769872080,0.2998,0.2998,0.2987,0.2988
1769872140,0.2988,0.299,0.2981,0.2983
1769872200,0.2983,0.2983,0.2977,0.2982
1769872260,0.2982,0.2983,0.2977,0.2981
1769872320,0.2981,0.2984,0.2978,0.2982
1769872380,0.2982,0.2982,0.2977,0.298
1769872440,0.298,0.298,0.2975,0.2978
1769872500,0.2978,0.298,0.2976,0.2978
1769872560,0.2978,0.2979,0.2974,0.2976
1769872620,0.2976,0.2978,0.2975,0.2978
1769872680,0.2978,0.2982,0.2978,0.2981
1769872740,0.2981,0.2981,0.2974,0.2974
1769872800,0.2974,0.2977,0.2971,0.2972
1769872860,0.2972,0.2973,0.2969,0.2969
1769872920,0.2969,0.297,0.2966,0.297
1769872980,0.297,0.297,0.2963,0.2965
1769873040,0.2965,0.2968,0.2963,0.2965
1769873100,0.2965,0.2971,0.2964,0.2966
1769873160,0.2966,0.2975,0.2966,0.2971
1769873220,0.2971,0.2974,0.2969,0.2974
1769873280,0.2974,0.2978,0.2974,0.2977
1769873340,0.2977,0.2979,0.2977,0.2978
1769873400,0.2978,0.2984,0.2977,0.2982
1769873460,0.2982,0.2983,0.2977,0.2977
1769873520,0.2977,0.2996,0.2975,0.2996
1769873580,0.2996,0.2996,0.2992,0.2994
1769873640,0.2994,0.2996,0.2992,0.2993
1769873700,0.2993,0.2993,0.2989,0.2989
1769873760,0.2989,0.2989,0.2975,0.2977
1769873820,0.2977,0.2978,0.2971,0.2978
1769873880,0.2978,0.2983,0.2976,0.298
1769873940,0.298,0.2981,0.2976,0.298
1769874000,0.298,0.298,0.2978,0.2978
1769874060,0.2978,0.298,0.2977,0.298
1769874120,0.298,0.298,0.2975,0.2978
1769874180,0.2978,0.2981,0.2976,0.298
1769874240,0.298,0.2982,0.2978,0.2981
1769874300,0.2981,0.2985,0.2976,0.2979
1769874360,0.2979,0.2981,0.2972,0.2974
1769874420,0.2974,0.2976,0.2971,0.2972
1769874480,0.2972,0.2981,0.2972,0.2981
1769874540,0.2981,0.2985,0.2977,0.2978
1769874600,0.2978,0.2979,0.2971,0.2974
1769874660,0.2974,0.2975,0.2971,0.2974
1769874720,0.2974,0.2976,0.2971,0.2971
1769874780,0.2971,0.2971,0.2968,0.2968
1769874840,0.2968,0.2973,0.2966,0.297
1769874900,0.297,0.2972,0.2969,0.2971
1769874960,0.2971,0.2975,0.297,0.2973
1769875020,0.2973,0.2973,0.2957,0.296
1769875080,0.296,0.2963,0.2957,0.2962
1769875140,0.2962,0.2965,0.2959,0.296
1769875200,0.296,0.2964,0.2959,0.2964
1769875260,0.2964,0.2964,0.2958,0.2958
1769875320,0.2958,0.2961,0.2954,0.296
1769875380,0.296,0.2968,0.2957,0.2962
1769875440,0.2962,0.2964,0.296,0.2963
1769875500,0.2963,0.2963,0.2959,0.296
1769875560,0.296,0.2964,0.2959,0.2963
1769875620,0.2963,0.2963,0.2946,0.2954
1769875680,0.2954,0.2956,0.295,0.2952
1769875740,0.2952,0.2953,0.2941,0.2941
1769875800,0.2941,0.2961,0.2941,0.2961
1769875860,0.2961,0.2963,0.2958,0.2958
1769875920,0.2958,0.2967,0.2958,0.2963
1769875980,0.2963,0.2964,0.2959,0.2961
1769876040,0.2961,0.2962,0.2957,0.296
1769876100,0.296,0.296,0.2958,0.2959
1769876160,0.2959,0.2959,0.2941,0.2942
1769876220,0.2942,0.2967,0.294,0.2965
1769876280,0.2965,0.2991,0.2963,0.2983
1769876340,0.2983,0.2985,0.2977,0.2978
1769876400,0.2978,0.2985,0.2968,0.2984
1769876460,0.2984,0.3003,0.298,0.2986
1769876520,0.2986,0.2991,0.2982,0.299
1769876580,0.299,0.3,0.2989,0.2989
1769876640,0.2989,0.2995,0.2989,0.299
1769876700,0.299,0.2995,0.2982,0.2983
1769876760,0.2983,0.2985,0.2973,0.2979
1769876820,0.2979,0.2979,0.2968,0.297
1769876880,0.297,0.2972,0.2966,0.297
1769876940,0.297,0.2972,0.2969,0.297
1769877000,0.297,0.2975,0.2968,0.2973
1769877060,0.2973,0.2977,0.2969,0.2977
1769877120,0.2977,0.2978,0.2969,0.2969
1769877180,0.2969,0.2971,0.2966,0.2969
1769877240,0.2969,0.297,0.2964,0.2964
1769877300,0.2964,0.2965,0.2959,0.296
1769877360,0.296,0.2962,0.2955,0.2956
1769877420,0.2956,0.2964,0.2956,0.2961
1769877480,0.2961,0.2965,0.2955,0.2959
1769877540,0.2959,0.2959,0.2955,0.2956
1769877600,0.2956,0.2957,0.2951,0.2956
1769877660,0.2956,0.2961,0.2956,0.2961
1769877720,0.2961,0.2962,0.2959,0.2961
1769877780,0.2961,0.2963,0.2958,0.2958
1769877840,0.2958,0.2958,0.2953,0.2955
1769877900,0.2955,0.2956,0.295,0.2951
1769877960,0.2951,0.2953,0.2947,0.2949
1769878020,0.2949,0.295,0.2916,0.2922
1769878080,0.2922,0.2944,0.2918,0.2934
1769878140,0.2934,0.2939,0.2928,0.2935
1769878200,0.2935,0.294,0.2935,0.2936
1769878260,0.2936,0.2938,0.2932,0.2933
1769878320,0.2933,0.2942,0.2933,0.2937
1769878380,0.2937,0.2937,0.2921,0.2921
1769878440,0.2921,0.293,0.292,0.2922
1769878500,0.2922,0.2929,0.2918,0.2923
1769878560,0.2923,0.293,0.2922,0.2926
1769878620,0.2926,0.2927,0.2905,0.2915
1769878680,0.2915,0.2927,0.2914,0.2919
1769878740,0.2919,0.2928,0.2919,0.2922
1769878800,0.2922,0.293,0.2922,0.293
1769878860,0.293,0.2931,0.2923,0.2925
1769878920,0.2925,0.2929,0.2925,0.2927
1769878980,0.2927,0.2932,0.2924,0.293
1769879040,0.293,0.2932,0.2926,0.2927
1769879100,0.2927,0.2927,0.2916,0.2918
1769879160,0.2918,0.2927,0.2915,0.2923
1769879220,0.2923,0.2924,0.2919,0.2921
1769879280,0.2921,0.2921,0.2896,0.2898
1769879340,0.2898,0.2912,0.2892,0.2892
1769879400,0.2892,0.2897,0.2863,0.2877
1769879460,0.2877,0.2885,0.2774,0.2792
1769879520,0.2792,0.2838,0.2766,0.2821
1769879580,0.2821,0.2853,0.2804,0.2851
1769879640,0.2851,0.2868,0.283,0.2832
1769879700,0.2832,0.2868,0.2832,0.2861
1769879760,0.2861,0.2871,0.2851,0.2852
1769879820,0.2852,0.2869,0.2852,0.2858
1769879880,0.2858,0.2867,0.2856,0.2863
1769879940,0.2863,0.2871,0.2854,0.2856
1769880000,0.2856,0.2858,0.2835,0.2845
1769880060,0.2845,0.2851,0.2838,0.2847
1769880120,0.2847,0.2853,0.2843,0.2853
1769880180,0.2853,0.2856,0.2842,0.2848
1769880240,0.2848,0.2864,0.2846,0.2847
1769880300,0.2847,0.2851,0.284,0.2841
1769880360,0.2841,0.2847,0.2832,0.2835
1769880420,0.2835,0.2849,0.2835,0.2846
1769880480,0.2846,0.2848,0.2837,0.2844
1769880540,0.2844,0.2852,0.2844,0.285
1769880600,0.285,0.2862,0.2845,0.2851
1769880660,0.2851,0.2857,0.2848,0.2849
1769880720,0.2849,0.2852,0.2844,0.2844
1769880780,0.2844,0.2844,0.282,0.2824
1769880840,0.2824,0.2836,0.2823,0.2823
1769880900,0.2823,0.2837,0.2818,0.2833
1769880960,0.2833,0.2865,0.2833,0.2859
1769881020,0.2859,0.2865,0.2846,0.2849
1769881080,0.2849,0.2854,0.2842,0.2845
1769881140,0.2845,0.2848,0.284,0.2841
1769881200,0.2841,0.2843,0.283,0.283
1769881260,0.283,0.2835,0.2829,0.2829
1769881320,0.2829,0.2833,0.2827,0.2828
1769881380,0.2828,0.2838,0.2827,0.2837
1769881440,0.2837,0.2842,0.2834,0.2841
1769881500,0.2841,0.2854,0.2841,0.2853
1769881560,0.2853,0.2853,0.2837,0.2838
1769881620,0.2838,0.2838,0.2827,0.283
1769881680,0.283,0.2834,0.2818,0.2825
1769881740,0.2825,0.2829,0.2824,0.2824
1769881800,0.2824,0.2835,0.2823,0.283
1769881860,0.283,0.2845,0.283,0.2838
1769881920,0.2838,0.2844,0.2831,0.284
1769881980,0.284,0.2846,0.284,0.2842
1769882040,0.2842,0.2842,0.2833,0.2837
1769882100,0.2837,0.2849,0.2837,0.2842
1769882160,0.2842,0.2847,0.2841,0.2845
1769882220,0.2845,0.2845,0.2832,0.2837
1769882280,0.2837,0.2839,0.2833,0.2833
1769882340,0.2833,0.2842,0.2833,0.2841
1769882400,0.2841,0.2858,0.284,0.2857
1769882460,0.2857,0.2858,0.2845,0.2849
1769882520,0.2849,0.2856,0.2847,0.2854
1769882580,0.2854,0.2854,0.2846,0.2847
1769882640,0.2847,0.285,0.2842,0.285
1769882700,0.285,0.2869,0.285,0.2861
1769882760,0.2861,0.2861,0.2853,0.2856
1769882820,0.2856,0.2857,0.2852,0.2855
1769882880,0.2855,0.2856,0.2849,0.2851
1769882940,0.2851,0.2864,0.2851,0.2861
1769883000,0.2861,0.2864,0.2856,0.2861
1769883060,0.2861,0.2864,0.2858,0.2863
1769883120,0.2863,0.2869,0.2862,0.2867
1769883180,0.2867,0.2867,0.2858,0.2864
1769883240,0.2864,0.2866,0.2857,0.2861
1769883300,0.2861,0.2861,0.285,0.2851
1769883360,0.2851,0.2856,0.2846,0.2849
1769883420,0.2849,0.2856,0.2848,0.2851
1769883480,0.2851,0.2851,0.2838,0.2839
1769883540,0.2839,0.2845,0.2839,0.2843
1769883600,0.2843,0.2846,0.2831,0.2837
1769883660,0.2837,0.2842,0.2831,0.284
1769883720,0.284,0.2858,0.2839,0.2851
1769883780,0.2851,0.2853,0.2848,0.2853
1769883840,0.2853,0.2853,0.2845,0.2845
1769883900,0.2845,0.2852,0.2845,0.2851
1769883960,0.2851,0.2851,0.2843,0.2847
1769884020,0.2847,0.2848,0.2844,0.2846
1769884080,0.2846,0.2857,0.2846,0.2851
1769884140,0.2851,0.2851,0.2846,0.2849
1769884200,0.2849,0.2855,0.2848,0.2854
1769884260,0.2854,0.2855,0.2844,0.2846
1769884320,0.2846,0.285,0.2846,0.285
1769884380,0.285,0.285,0.2839,0.2841
1769884440,0.2841,0.2841,0.2835,0.2836
1769884500,0.2836,0.2837,0.2827,0.2832
1769884560,0.2832,0.2834,0.283,0.2832
1769884620,0.2832,0.2833,0.2818,0.282
1769884680,0.282,0.2824,0.2802,0.2819
1769884740,0.2819,0.2826,0.2804,0.2807
1769884800,0.2807,0.2813,0.279,0.2791
1769884860,0.2791,0.2809,0.2791,0.2804
1769884920,0.2804,0.2809,0.2796,0.2797
1769884980,0.2797,0.2797,0.2685,0.2687
1769885040,0.2687,0.2812,0.2681,0.2809
1769885100,0.2809,0.2838,0.279,0.2832
1769885160,0.2832,0.2852,0.2828,0.2831
1769885220,0.2831,0.2844,0.2821,0.2837
1769885280,0.2837,0.284,0.2821,0.283
1769885340,0.283,0.284,0.282,0.2838
1769885400,0.2838,0.285,0.2831,0.2834
1769885460,0.2834,0.2838,0.2828,0.2837
1769885520,0.2837,0.2864,0.2835,0.286
1769885580,0.286,0.2862,0.2848,0.2858
1769885640,0.2858,0.286,0.2842,0.2843
1769885700,0.2843,0.2844,0.2827,0.2832
1769885760,0.2832,0.2837,0.2828,0.2831
1769885820,0.2831,0.2838,0.283,0.2832
1769885880,0.2832,0.284,0.2832,0.2835
1769885940,0.2835,0.2841,0.2834,0.2839
1769886000,0.2839,0.2854,0.2837,0.2849
1769886060,0.2849,0.2849,0.2833,0.284
1769886120,0.284,0.2845,0.2836,0.2839
1769886180,0.2839,0.2846,0.2837,0.284
1769886240,0.284,0.2841,0.2834,0.2838
1769886300,0.2838,0.284,0.2834,0.2839
1769886360,0.2839,0.2851,0.2834,0.2834
1769886420,0.2834,0.2839,0.2823,0.2835
1769886480,0.2835,0.2844,0.2821,0.2835
1769886540,0.2835,0.2848,0.283,0.2848
1769886600,0.2848,0.2865,0.2847,0.2853
1769886660,0.2853,0.2853,0.2842,0.2847
1769886720,0.2847,0.2853,0.2844,0.285
1769886780,0.285,0.285,0.2841,0.2849
1769886840,0.2849,0.285,0.2844,0.2849
1769886900,0.2849,0.2849,0.2841,0.2849
1769886960,0.2849,0.2862,0.2847,0.2848
1769887020,0.2848,0.2848,0.2834,0.2835
1769887080,0.2835,0.2851,0.2834,0.2848
1769887140,0.2848,0.2854,0.2845,0.2854
1769887200,0.2854,0.2863,0.2851,0.2857
1769887260,0.2857,0.2857,0.2849,0.285
1769887320,0.285,0.285,0.2828,0.2838
1769887380,0.2838,0.2842,0.2832,0.2841
1769887440,0.2841,0.2845,0.2838,0.2844
1769887500,0.2844,0.285,0.2843,0.2848
1769887560,0.2848,0.2856,0.2847,0.2853
1769887620,0.2853,0.2861,0.2852,0.2855
1769887680,0.2855,0.2861,0.2853,0.286
1769887740,0.286,0.2863,0.2859,0.2861
1769887800,0.2861,0.2868,0.286,0.2863
1769887860,0.2863,0.2864,0.2853,0.2855
1769887920,0.2855,0.2855,0.2841,0.2843
1769887980,0.2843,0.2848,0.2841,0.2843
1769888040,0.2843,0.2847,0.2841,0.2847
1769888100,0.2847,0.2852,0.2847,0.2848
1769888160,0.2848,0.2851,0.2842,0.2842
1769888220,0.2842,0.2847,0.2837,0.284
1769888280,0.284,0.284,0.2833,0.2836
1769888340,0.2836,0.284,0.2833,0.2836
1769888400,0.2836,0.2843,0.2832,0.2835
1769888460,0.2835,0.2838,0.2833,0.2836
1769888520,0.2836,0.2838,0.283,0.2833
1769888580,0.2833,0.285,0.2833,0.2839
1769888640,0.2839,0.2843,0.2837,0.2839
1769888700,0.2839,0.2846,0.2833,0.2844
1769888760,0.2844,0.2848,0.2839,0.2848
1769888820,0.2848,0.2861,0.2847,0.2853
1769888880,0.2853,0.2854,0.2848,0.2848
1769888940,0.2848,0.2856,0.2846,0.2856
1769889000,0.2856,0.2859,0.2852,0.2854
1769889060,0.2854,0.2856,0.285,0.2856
1769889120,0.2856,0.2857,0.2848,0.2851
1769889180,0.2851,0.2851,0.2848,0.2849
1769889240,0.2849,0.2852,0.2848,0.2851
1769889300,0.2851,0.2855,0.2851,0.2852
1769889360,0.2852,0.2858,0.2852,0.2857
1769889420,0.2857,0.2859,0.2853,0.2853
1769889480,0.2853,0.2859,0.2853,0.2855
1769889540,0.2855,0.2856,0.2849,0.285
1769889600,0.285,0.2861,0.2849,0.2861
1769889660,0.2861,0.2862,0.2858,0.286
1769889720,0.286,0.2863,0.2854,0.2856
1769889780,0.2856,0.2857,0.2848,0.2848
1769889840,0.2848,0.2856,0.2847,0.2852
1769889900,0.2852,0.2852,0.2848,0.2852
1769889960,0.2852,0.2863,0.2852,0.2861
1769890020,0.2861,0.2862,0.2858,0.286
1769890080,0.286,0.286,0.2851,0.2853
1769890140,0.2853,0.2855,0.285,0.2851
1769890200,0.2851,0.2854,0.2847,0.2847
1769890260,0.2847,0.2849,0.2846,0.2848
1769890320,0.2848,0.2848,0.2837,0.2838
1769890380,0.2838,0.2843,0.2838,0.284
1769890440,0.284,0.2841,0.2834,0.2835
1769890500,0.2835,0.2838,0.2833,0.2834
1769890560,0.2834,0.2835,0.2829,0.2833
1769890620,0.2833,0.2834,0.2829,0.2831
1769890680,0.2831,0.2834,0.283,0.2833
1769890740,0.2833,0.2835,0.283,0.2835
1769890800,0.2835,0.2837,0.2831,0.2833
1769890860,0.2833,0.2838,0.283,0.2838
1769890920,0.2838,0.2873,0.2838,0.2865
1769890980,0.2865,0.2866,0.2849,0.285
1769891040,0.285,0.2851,0.2844,0.2844
1769891100,0.2844,0.2847,0.284,0.284
1769891160,0.284,0.284,0.2834,0.2836
1769891220,0.2836,0.284,0.2836,0.2836
1769891280,0.2836,0.2837,0.2833,0.2834
1769891340,0.2834,0.2836,0.2829,0.2832
1769891400,0.2832,0.2833,0.2825,0.2828
1769891460,0.2828,0.283,0.2825,0.2828
1769891520,0.2828,0.2829,0.2819,0.2824
1769891580,0.2824,0.2828,0.2821,0.2827
1769891640,0.2827,0.2829,0.2824,0.2829
1769891700,0.2829,0.2833,0.2818,0.282
1769891760,0.282,0.2828,0.282,0.2824
1769891820,0.2824,0.2826,0.2822,0.2824
1769891880,0.2824,0.2827,0.2814,0.2825
1769891940,0.2825,0.2827,0.2821,0.2825
1769892000,0.2825,0.2828,0.2822,0.2827
1769892060,0.2827,0.2829,0.2825,0.2828
1769892120,0.2828,0.2834,0.2828,0.2832
1769892180,0.2832,0.2847,0.2832,0.2843
1769892240,0.2843,0.2844,0.2837,0.2844
1769892300,0.2844,0.2845,0.2837,0.2837
1769892360,0.2837,0.285,0.2835,0.2848
1769892420,0.2848,0.2849,0.2842,0.2842
1769892480,0.2842,0.2845,0.2842,0.2843
1769892540,0.2843,0.2843,0.2834,0.2836
1769892600,0.2836,0.2838,0.2835,0.2837
1769892660,0.2837,0.2839,0.2833,0.2833
1769892720,0.2833,0.2837,0.2833,0.2834
1769892780,0.2834,0.2838,0.2831,0.2837
1769892840,0.2837,0.2842,0.2836,0.2841
1769892900,0.2841,0.2845,0.284,0.2845
1769892960,0.2845,0.2857,0.2844,0.2857
1769893020,0.2857,0.2857,0.2852,0.2856
1769893080,0.2856,0.2861,0.2854,0.2858
1769893140,0.2858,0.2858,0.2853,0.2853
1769893200,0.2853,0.2866,0.2851,0.2865
1769893260,0.2865,0.2874,0.2865,0.287
1769893320,0.287,0.287,0.285,0.285
1769893380,0.285,0.2854,0.2843,0.2844
1769893440,0.2844,0.2849,0.2843,0.2845
1769893500,0.2845,0.2853,0.2845,0.2849
1769893560,0.2849,0.285,0.2847,0.2848
1769893620,0.2848,0.286,0.2848,0.2859
1769893680,0.2859,0.2863,0.2856,0.2857
1769893740,0.2857,0.2861,0.2857,0.2861
1769893800,0.2861,0.2861,0.2855,0.2858
1769893860,0.2858,0.2858,0.2851,0.2853
1769893920,0.2853,0.2858,0.2852,0.2856
1769893980,0.2856,0.2856,0.2852,0.2852
1769894040,0.2852,0.2852,0.2848,0.2849
1769894100,0.2849,0.2861,0.2849,0.2859
1769894160,0.2859,0.2862,0.2853,0.286
1769894220,0.286,0.2864,0.2857,0.2863
1769894280,0.2863,0.2866,0.286,0.2861
1769894340,0.2861,0.2861,0.2852,0.2857
1769894400,0.2857,0.2857,0.2848,0.2849
1769894460,0.2849,0.285,0.2846,0.2846
1769894520,0.2846,0.2852,0.2844,0.2844
1769894580,0.2844,0.2854,0.2844,0.2854
1769894640,0.2854,0.2858,0.2853,0.2855
1769894700,0.2855,0.2859,0.2855,0.2859
1769894760,0.2859,0.2865,0.2858,0.2864
1769894820,0.2864,0.2879,0.2864,0.2875
1769894880,0.2875,0.2885,0.2875,0.2883
1769894940,0.2883,0.2884,0.2879,0.2881
1769895000,0.2881,0.2881,0.2874,0.2876
1769895060,0.2876,0.2877,0.2868,0.2876
1769895120,0.2876,0.2878,0.2872,0.2878
1769895180,0.2878,0.2878,0.2869,0.2872
1769895240,0.2872,0.2883,0.2872,0.2883
1769895300,0.2883,0.289,0.288,0.2889
1769895360,0.2889,0.2892,0.2888,0.2892
1769895420,0.2892,0.2897,0.2889,0.2896
1769895480,0.2896,0.2899,0.289,0.2894
1769895540,0.2894,0.2898,0.2892,0.2895
1769895600,0.2895,0.2902,0.2893,0.2897
1769895660,0.2897,0.2904,0.2895,0.2901
1769895720,0.2901,0.2906,0.2898,0.2898
1769895780,0.2898,0.2902,0.2897,0.2901
1769895840,0.2901,0.2901,0.2897,0.29
1769895900,0.29,0.2902,0.2897,0.2897
1769895960,0.2897,0.2898,0.2895,0.2897
1769896020,0.2897,0.2902,0.2896,0.2901
1769896080,0.2901,0.2904,0.2899,0.2904
1769896140,0.2904,0.2908,0.2899,0.2905
1769896200,0.2905,0.2907,0.2902,0.2907
1769896260,0.2907,0.291,0.2903,0.2908
1769896320,0.2908,0.2908,0.2904,0.2906
1769896380,0.2906,0.2914,0.2905,0.291
1769896440,0.291,0.291,0.2905,0.2905
1769896500,0.2905,0.2907,0.29,0.2905
1769896560,0.2905,0.2907,0.2901,0.2905
1769896620,0.2905,0.2905,0.2903,0.2903
1769896680,0.2903,0.2908,0.2903,0.2908
1769896740,0.2908,0.2908,0.2896,0.2907
1769896800,0.2907,0.2908,0.2901,0.2901
1769896860,0.2901,0.2908,0.2898,0.2908
1769896920,0.2908,0.2908,0.2904,0.2906
1769896980,0.2906,0.291,0.2901,0.2905
1769897040,0.2905,0.2906,0.2901,0.2903
1769897100,0.2903,0.2904,0.2899,0.29
1769897160,0.29,0.29,0.2896,0.2898
1769897220,0.2898,0.2902,0.2897,0.2897
1769897280,0.2897,0.2898,0.2892,0.2896
1769897340,0.2896,0.2897,0.2895,0.2897
1769897400,0.2897,0.2901,0.2896,0.2899
1769897460,0.2899,0.29,0.2895,0.2895
1769897520,0.2895,0.2897,0.289,0.289
1769897580,0.289,0.2893,0.289,0.2891
1769897640,0.2891,0.2894,0.2889,0.2889
1769897700,0.2889,0.2894,0.2888,0.2893
1769897760,0.2893,0.2893,0.289,0.2892
1769897820,0.2892,0.2895,0.289,0.2891
1769897880,0.2891,0.2891,0.2885,0.2888
1769897940,0.2888,0.289,0.2877,0.2884
1769898000,0.2884,0.2886,0.2883,0.2883
1769898060,0.2883,0.289,0.2883,0.289
1769898120,0.289,0.289,0.2882,0.2884
1769898180,0.2884,0.2887,0.2883,0.2884
1769898240,0.2884,0.2887,0.2883,0.2885
1769898300,0.2885,0.2889,0.2885,0.2886
1769898360,0.2886,0.2886,0.2882,0.2883
1769898420,0.2883,0.2883,0.2881,0.2882
1769898480,0.2882,0.2884,0.2882,0.2884
1769898540,0.2884,0.2886,0.2883,0.2886
1769898600,0.2886,0.2889,0.2886,0.2886
1769898660,0.2886,0.2886,0.2879,0.2879
1769898720,0.2879,0.2882,0.2878,0.2879
1769898780,0.2879,0.2886,0.2878,0.2885
1769898840,0.2885,0.2887,0.2884,0.2884
1769898900,0.2884,0.2884,0.2882,0.2883
1769898960,0.2883,0.2883,0.2878,0.2878
1769899020,0.2878,0.2881,0.2875,0.2878
1769899080,0.2878,0.2879,0.2875,0.2879
1769899140,0.2879,0.288,0.2877,0.288
1769899200,0.288,0.288,0.2878,0.288
1769899260,0.288,0.288,0.2872,0.2874
1769899320,0.2874,0.2881,0.2874,0.2877
1769899380,0.2877,0.2878,0.2874,0.2875
1769899440,0.2875,0.2875,0.2872,0.2874
1769899500,0.2874,0.2874,0.2872,0.2872
1769899560,0.2872,0.2873,0.2872,0.2872
1769899620,0.2872,0.2874,0.2871,0.2874
1769899680,0.2874,0.2875,0.2872,0.2872
1769899740,0.2872,0.2872,0.287,0.287
1769899800,0.287,0.2874,0.287,0.2874
1769899860,0.2874,0.2875,0.2874,0.2875
1769899920,0.2875,0.2877,0.2875,0.2875
1769899980,0.2875,0.2877,0.2874,0.2875
1769900040,0.2875,0.2882,0.2874,0.2882
1769900100,0.2882,0.2887,0.2881,0.2887
1769900160,0.2887,0.2889,0.2884,0.2885
1769900220,0.2885,0.289,0.2885,0.2887
1769900280,0.2887,0.2888,0.2884,0.2884
1769900340,0.2884,0.2885,0.288,0.2884
1769900400,0.2884,0.2888,0.2883,0.2886
1769900460,0.2886,0.2886,0.2884,0.2886
1769900520,0.2886,0.2888,0.2883,0.2884
1769900580,0.2884,0.2886,0.288,0.2886
1769900640,0.2886,0.2888,0.2882,0.2887
1769900700,0.2887,0.2889,0.2885,0.2886
1769900760,0.2886,0.2893,0.2886,0.2892
1769900820,0.2892,0.2894,0.289,0.2894
1769900880,0.2894,0.2896,0.289,0.2895
1769900940,0.2895,0.2897,0.2894,0.2895
1769901000,0.2895,0.2897,0.2892,0.2892
1769901060,0.2892,0.2892,0.289,0.289
1769901120,0.289,0.289,0.2883,0.2886
1769901180,0.2886,0.2892,0.2886,0.289
1769901240,0.289,0.2891,0.2888,0.2888
1769901300,0.2888,0.289,0.2886,0.2889
1769901360,0.2889,0.289,0.2887,0.289
1769901420,0.289,0.2897,0.2889,0.2896
1769901480,0.2896,0.2897,0.2892,0.2897
1769901540,0.2897,0.2907,0.2896,0.2907
1769901600,0.2907,0.2912,0.2904,0.2908
1769901660,0.2908,0.2923,0.2905,0.2922
1769901720,0.2922,0.2936,0.2922,0.2925
1769901780,0.2925,0.2948,0.2925,0.2946
1769901840,0.2946,0.2955,0.2942,0.2955
1769901900,0.2955,0.2955,0.2942,0.2945
1769901960,0.2945,0.2945,0.2937,0.294
1769902020,0.294,0.2945,0.2939,0.2939
1769902080,0.2939,0.294,0.2934,0.2936
1769902140,0.2936,0.2943,0.2934,0.2942
1769902200,0.2942,0.2942,0.2933,0.2937
1769902260,0.2937,0.2937,0.2932,0.2934
1769902320,0.2934,0.2936,0.2934,0.2934
1769902380,0.2934,0.2942,0.2934,0.294
1769902440,0.294,0.2944,0.2937,0.2944
1769902500,0.2944,0.295,0.2944,0.2949
1769902560,0.2949,0.295,0.2941,0.2941
1769902620,0.2941,0.2942,0.2938,0.2942
1769902680,0.2942,0.2942,0.2928,0.2929
1769902740,0.2929,0.2931,0.2929,0.2931
1769902800,0.2931,0.2935,0.293,0.2934
1769902860,0.2934,0.2938,0.2933,0.2933
1769902920,0.2933,0.2938,0.2931,0.2936
1769902980,0.2936,0.2937,0.2929,0.293
1769903040,0.293,0.2933,0.293,0.2932
1769903100,0.2932,0.2933,0.2923,0.2924
1769903160,0.2924,0.2929,0.2916,0.2927
1769903220,0.2927,0.2927,0.2923,0.2923
1769903280,0.2923,0.293,0.2922,0.293
1769903340,0.293,0.2933,0.2929,0.2929
1769903400,0.2929,0.2933,0.2929,0.2933
1769903460,0.2933,0.2935,0.2932,0.2935
1769903520,0.2935,0.2938,0.2934,0.2938
1769903580,0.2938,0.294,0.2937,0.2938
1769903640,0.2938,0.2939,0.2935,0.2935
1769903700,0.2935,0.2937,0.2934,0.2935
1769903760,0.2935,0.2937,0.2933,0.2935
1769903820,0.2935,0.2937,0.2934,0.2935
1769903880,0.2935,0.2935,0.2932,0.2932
1769903940,0.2932,0.2937,0.2928,0.2934
1770249600,0.2862,0.2863,0.286,0.2861
1770249660,0.2861,0.2862,0.2859,0.286
1770249720,0.286,0.2862,0.2857,0.2861
1770249780,0.2861,0.2862,0.2855,0.2857
1770249840,0.2857,0.2859,0.2856,0.2857
1770249900,0.2857,0.2862,0.2857,0.2862
1770249960,0.2862,0.2865,0.2859,0.2865
1770250020,0.2865,0.2865,0.2855,0.2856
1770250080,0.2856,0.286,0.2855,0.286
1770250140,0.286,0.2861,0.2855,0.2855
1770250200,0.2855,0.2857,0.2855,0.2856
1770250260,0.2856,0.2857,0.2854,0.2856
1770250320,0.2856,0.2856,0.2849,0.2852
1770250380,0.2852,0.2853,0.2848,0.285
1770250440,0.285,0.2852,0.285,0.2851
1770250500,0.2851,0.2853,0.285,0.2852
1770250560,0.2852,0.2855,0.2852,0.2854
1770250620,0.2854,0.2856,0.2853,0.2853
1770250680,0.2853,0.2853,0.2851,0.2853
1770250740,0.2853,0.2855,0.2848,0.2855
1770250800,0.2855,0.286,0.2854,0.2859
1770250860,0.2859,0.286,0.2854,0.286
1770250920,0.286,0.2866,0.2859,0.2865
1770250980,0.2865,0.287,0.2864,0.2868
1770251040,0.2868,0.2868,0.2862,0.2863
1770251100,0.2863,0.2866,0.2862,0.2866
1770251160,0.2866,0.287,0.2865,0.287
1770251220,0.287,0.2871,0.2869,0.2869
1770251280,0.2869,0.2871,0.2867,0.287
1770251340,0.287,0.2875,0.287,0.2871
1770251400,0.2871,0.2871,0.2866,0.2867
1770251460,0.2867,0.2867,0.2859,0.2861
1770251520,0.2861,0.2861,0.2857,0.2857
1770251580,0.2857,0.2857,0.2849,0.285
1770251640,0.285,0.2852,0.285,0.285
1770251700,0.285,0.2857,0.285,0.2856
1770251760,0.2856,0.2858,0.2854,0.2854
1770251820,0.2854,0.2854,0.2847,0.2851
1770251880,0.2851,0.2854,0.285,0.2854
1770251940,0.2854,0.2864,0.2854,0.286
1770252000,0.286,0.2863,0.2859,0.2862
1770252060,0.2862,0.2867,0.2861,0.2867
1770252120,0.2867,0.287,0.2867,0.2867
1770252180,0.2867,0.2867,0.2865,0.2866
1770252240,0.2866,0.2866,0.2863,0.2866
1770252300,0.2866,0.2867,0.2862,0.2862
1770252360,0.2862,0.2863,0.286,0.2862
1770252420,0.2862,0.2868,0.2862,0.2867
1770252480,0.2867,0.2871,0.2866,0.287
1770252540,0.287,0.2873,0.2869,0.2871
1770252600,0.2871,0.2876,0.2871,0.2874
1770252660,0.2874,0.2875,0.2869,0.287
1770252720,0.287,0.2875,0.2869,0.2873
1770252780,0.2873,0.2873,0.2867,0.287
1770252840,0.287,0.287,0.2869,0.2869
1770252900,0.2869,0.287,0.2867,0.2868
1770252960,0.2868,0.2868,0.2867,0.2867
1770253020,0.2867,0.2867,0.2864,0.2865
1770253080,0.2865,0.2865,0.2862,0.2863
1770253140,0.2863,0.2863,0.2858,0.2862
1770253200,0.2862,0.2864,0.2859,0.286
1770253260,0.286,0.2865,0.286,0.2865
1770253320,0.2865,0.2868,0.2861,0.2867
1770253380,0.2867,0.2869,0.2864,0.2864
1770253440,0.2864,0.2871,0.2863,0.287
1770253500,0.287,0.2874,0.2868,0.2874
1770253560,0.2874,0.2878,0.2874,0.2876
1770253620,0.2876,0.2877,0.2871,0.2876
1770253680,0.2876,0.2881,0.2873,0.288
1770253740,0.288,0.2887,0.2879,0.2883
1770253800,0.2883,0.2889,0.2882,0.2888
1770253860,0.2888,0.2888,0.2885,0.2888
1770253920,0.2888,0.2888,0.288,0.2882
1770253980,0.2882,0.2887,0.2882,0.2883
1770254040,0.2883,0.2885,0.2882,0.2882
1770254100,0.2882,0.2882,0.2872,0.2874
1770254160,0.2874,0.2875,0.2865,0.2866
1770254220,0.2866,0.2866,0.2855,0.2857
1770254280,0.2857,0.2862,0.2857,0.2857
1770254340,0.2857,0.2859,0.2855,0.2856
1770254400,0.2856,0.2857,0.2852,0.2852
1770254460,0.2852,0.2854,0.284,0.284
1770254520,0.284,0.2843,0.2837,0.2841
1770254580,0.2841,0.2846,0.2836,0.2836
1770254640,0.2836,0.2854,0.2836,0.2851
1770254700,0.2851,0.2865,0.2851,0.2857
1770254760,0.2857,0.2862,0.2856,0.2861
1770254820,0.2861,0.2887,0.2861,0.2883
1770254880,0.2883,0.2894,0.2878,0.2886
1770254940,0.2886,0.2889,0.2882,0.2886
1770255000,0.2886,0.2897,0.2884,0.2884
1770255060,0.2884,0.2891,0.2881,0.2883
1770255120,0.2883,0.2887,0.288,0.288
1770255180,0.288,0.2887,0.2877,0.2885
1770255240,0.2885,0.2898,0.2885,0.2893
1770255300,0.2893,0.2893,0.2881,0.2882
1770255360,0.2882,0.2893,0.2882,0.2891
1770255420,0.2891,0.2895,0.2887,0.2894
1770255480,0.2894,0.2895,0.2885,0.2885
1770255540,0.2885,0.2889,0.2885,0.2889
1770255600,0.2889,0.289,0.2856,0.2858
1770255660,0.2858,0.2864,0.2855,0.2859
1770255720,0.2859,0.2867,0.2858,0.2866
1770255780,0.2866,0.2872,0.2865,0.287
1770255840,0.287,0.2877,0.287,0.2875
1770255900,0.2875,0.2878,0.287,0.2871
1770255960,0.2871,0.2874,0.2868,0.287
1770256020,0.287,0.2875,0.2868,0.2871
1770256080,0.2871,0.2874,0.2869,0.2872
1770256140,0.2872,0.2873,0.2868,0.2872
1770256200,0.2872,0.2872,0.2868,0.2871
1770256260,0.2871,0.2872,0.2867,0.2868
1770256320,0.2868,0.2869,0.2859,0.2862
1770256380,0.2862,0.2863,0.2858,0.2859
1770256440,0.2859,0.2862,0.2858,0.286
1770256500,0.286,0.2862,0.2859,0.2861
1770256560,0.2861,0.2865,0.286,0.2862
1770256620,0.2862,0.2862,0.2861,0.2862
1770256680,0.2862,0.2864,0.2861,0.2861
1770256740,0.2861,0.2863,0.2858,0.2858
1770256800,0.2858,0.2865,0.2858,0.286
1770256860,0.286,0.2868,0.2857,0.2867
1770256920,0.2867,0.2868,0.2857,0.2858
1770256980,0.2858,0.2858,0.2853,0.2853
1770257040,0.2853,0.2854,0.2849,0.2853
1770257100,0.2853,0.286,0.2853,0.2854
1770257160,0.2854,0.2854,0.2849,0.2853
1770257220,0.2853,0.2854,0.2847,0.2851
1770257280,0.2851,0.2862,0.2851,0.2861
1770257340,0.2861,0.2864,0.286,0.286
1770257400,0.286,0.2862,0.2858,0.286
1770257460,0.286,0.2861,0.2853,0.2858
1770257520,0.2858,0.2858,0.2848,0.2848
1770257580,0.2848,0.2849,0.2844,0.2848
1770257640,0.2848,0.2849,0.2844,0.2844
1770257700,0.2844,0.2847,0.284,0.284
1770257760,0.284,0.2842,0.2836,0.2839
1770257820,0.2839,0.2856,0.2835,0.2847
1770257880,0.2847,0.2855,0.2843,0.2854
1770257940,0.2854,0.2865,0.2854,0.2858
1770258000,0.2858,0.2865,0.2856,0.2858
1770258060,0.2858,0.2866,0.2858,0.2862
1770258120,0.2862,0.2867,0.2861,0.2866
1770258180,0.2866,0.2866,0.2861,0.2863
1770258240,0.2863,0.2866,0.2862,0.2866
1770258300,0.2866,0.2869,0.2859,0.286
1770258360,0.286,0.2862,0.2859,0.2859
1770258420,0.2859,0.2866,0.2859,0.2865
1770258480,0.2865,0.2868,0.2864,0.2867
1770258540,0.2867,0.2868,0.2865,0.2866
1770258600,0.2866,0.2873,0.2865,0.2871
1770258660,0.2871,0.2872,0.2867,0.2872
1770258720,0.2872,0.2873,0.2868,0.2872
1770258780,0.2872,0.2872,0.2865,0.2866
1770258840,0.2866,0.2868,0.2865,0.2867
1770258900,0.2867,0.289,0.2867,0.2886
1770258960,0.2886,0.2892,0.2881,0.2882
1770259020,0.2882,0.2884,0.288,0.2882
1770259080,0.2882,0.2884,0.2876,0.2881
1770259140,0.2881,0.2883,0.2879,0.2883
1770259200,0.2883,0.2883,0.2873,0.2874
1770259260,0.2874,0.2883,0.2874,0.2877
1770259320,0.2877,0.2885,0.2877,0.2884
1770259380,0.2884,0.2887,0.288,0.2886
1770259440,0.2886,0.2886,0.288,0.2882
1770259500,0.2882,0.2882,0.2872,0.2872
1770259560,0.2872,0.2873,0.2869,0.287
1770259620,0.287,0.2871,0.2863,0.2863
1770259680,0.2863,0.2863,0.2855,0.2855
1770259740,0.2855,0.2858,0.2854,0.2857
1770259800,0.2857,0.2857,0.2853,0.2857
1770259860,0.2857,0.2859,0.2848,0.2853
1770259920,0.2853,0.2861,0.2851,0.2852
1770259980,0.2852,0.2862,0.2852,0.2861
1770260040,0.2861,0.2861,0.2854,0.2855
1770260100,0.2855,0.2856,0.2847,0.285
1770260160,0.285,0.2851,0.2847,0.2851
1770260220,0.2851,0.2855,0.2851,0.2854
1770260280,0.2854,0.2855,0.2847,0.2848
1770260340,0.2848,0.2849,0.2835,0.284
1770260400,0.284,0.2853,0.2837,0.2851
1770260460,0.2851,0.2854,0.2848,0.2849
1770260520,0.2849,0.2856,0.2849,0.2851
1770260580,0.2851,0.2854,0.285,0.2852
1770260640,0.2852,0.2852,0.2849,0.2849
1770260700,0.2849,0.2851,0.2847,0.2849
1770260760,0.2849,0.2849,0.2831,0.2836
1770260820,0.2836,0.2845,0.2836,0.2842
1770260880,0.2842,0.2854,0.2842,0.2854
1770260940,0.2854,0.2861,0.2854,0.286
1770261000,0.286,0.2866,0.286,0.2862
1770261060,0.2862,0.2862,0.2857,0.286
1770261120,0.286,0.2861,0.2854,0.2855
1770261180,0.2855,0.2855,0.2847,0.2849
1770261240,0.2849,0.285,0.2848,0.2849
1770261300,0.2849,0.285,0.2832,0.2836
1770261360,0.2836,0.2839,0.2828,0.2831
1770261420,0.2831,0.2834,0.2827,0.2832
1770261480,0.2832,0.284,0.2832,0.2839
1770261540,0.2839,0.2851,0.2839,0.2845
1770261600,0.2845,0.2858,0.2845,0.2858
1770261660,0.2858,0.2864,0.2851,0.2851
1770261720,0.2851,0.2861,0.2851,0.286
1770261780,0.286,0.2861,0.2855,0.2856
1770261840,0.2856,0.2856,0.2853,0.2854
1770261900,0.2854,0.2858,0.2854,0.2855
1770261960,0.2855,0.2857,0.2853,0.2855
1770262020,0.2855,0.2855,0.2844,0.285
1770262080,0.285,0.2852,0.2848,0.2848
1770262140,0.2848,0.285,0.2847,0.2849
1770262200,0.2849,0.2849,0.2843,0.2843
1770262260,0.2843,0.2849,0.2842,0.2849
1770262320,0.2849,0.2849,0.2844,0.2845
1770262380,0.2845,0.2845,0.2842,0.2842
1770262440,0.2842,0.2847,0.2842,0.2844
1770262500,0.2844,0.2847,0.2843,0.2843
1770262560,0.2843,0.2844,0.2833,0.2833
1770262620,0.2833,0.2839,0.2831,0.2837
1770262680,0.2837,0.2837,0.283,0.2834
1770262740,0.2834,0.2839,0.2833,0.2834
1770262800,0.2834,0.2837,0.2833,0.2833
1770262860,0.2833,0.2842,0.2833,0.2841
1770262920,0.2841,0.2843,0.2835,0.2835
1770262980,0.2835,0.2841,0.2834,0.2839
1770263040,0.2839,0.284,0.2831,0.2835
1770263100,0.2835,0.2835,0.2831,0.2832
1770263160,0.2832,0.2837,0.2831,0.2832
1770263220,0.2832,0.2833,0.283,0.2832
1770263280,0.2832,0.2833,0.2831,0.2831
1770263340,0.2831,0.2831,0.2825,0.2831
1770263400,0.2831,0.2833,0.2821,0.2821
1770263460,0.2821,0.2826,0.282,0.2824
1770263520,0.2824,0.2828,0.2823,0.2827
1770263580,0.2827,0.283,0.2825,0.2825
1770263640,0.2825,0.2827,0.2824,0.2825
1770263700,0.2825,0.2828,0.2825,0.2828
1770263760,0.2828,0.283,0.2828,0.283
1770263820,0.283,0.283,0.2824,0.2826
1770263880,0.2826,0.2826,0.2822,0.2824
1770263940,0.2824,0.2827,0.2823,0.2826
1770264000,0.2826,0.2831,0.2825,0.2831
1770264060,0.2831,0.2832,0.2828,0.283
1770264120,0.283,0.2831,0.2826,0.2828
1770264180,0.2828,0.2831,0.2825,0.2825
1770264240,0.2825,0.283,0.2824,0.2826
1770264300,0.2826,0.2831,0.2826,0.2828
1770264360,0.2828,0.2831,0.2818,0.2819
1770264420,0.2819,0.2828,0.2817,0.2818
1770264480,0.2818,0.2819,0.2814,0.2814
1770264540,0.2814,0.2838,0.2814,0.2834
1770264600,0.2834,0.285,0.2829,0.2829
1770264660,0.2829,0.2835,0.2825,0.2834
1770264720,0.2834,0.2836,0.2831,0.2832
1770264780,0.2832,0.2837,0.2828,0.2829
1770264840,0.2829,0.2832,0.2815,0.2822
1770264900,0.2822,0.2825,0.2818,0.2825
1770264960,0.2825,0.2829,0.2819,0.2821
1770265020,0.2821,0.2826,0.2812,0.2825
1770265080,0.2825,0.2832,0.282,0.2831
1770265140,0.2831,0.2834,0.2828,0.2831
1770265200,0.2831,0.284,0.2831,0.2838
1770265260,0.2838,0.284,0.2832,0.2838
1770265320,0.2838,0.2843,0.2835,0.2836
1770265380,0.2836,0.2836,0.2828,0.2832
1770265440,0.2832,0.2833,0.2829,0.2833
1770265500,0.2833,0.2838,0.2832,0.2836
1770265560,0.2836,0.2836,0.2828,0.2828
1770265620,0.2828,0.2829,0.2817,0.2824
1770265680,0.2824,0.2828,0.2823,0.2826
1770265740,0.2826,0.2827,0.2822,0.2826
1770265800,0.2826,0.2827,0.2819,0.2819
1770265860,0.2819,0.2825,0.2817,0.2817
1770265920,0.2817,0.2825,0.2816,0.2822
1770265980,0.2822,0.2822,0.2818,0.2819
1770266040,0.2819,0.2819,0.2814,0.2816
1770266100,0.2816,0.2818,0.2815,0.2816
1770266160,0.2816,0.2824,0.2816,0.2818
1770266220,0.2818,0.2823,0.2818,0.2822
1770266280,0.2822,0.2827,0.2822,0.2826
1770266340,0.2826,0.2826,0.2821,0.2822
1770266400,0.2822,0.2829,0.2821,0.2828
1770266460,0.2828,0.284,0.2825,0.284
1770266520,0.284,0.2848,0.2837,0.2846
1770266580,0.2846,0.2848,0.2842,0.2845
1770266640,0.2845,0.2848,0.2842,0.2846
1770266700,0.2846,0.285,0.2844,0.2849
1770266760,0.2849,0.2849,0.2844,0.2847
1770266820,0.2847,0.2847,0.2842,0.2842
1770266880,0.2842,0.2844,0.284,0.2844
1770266940,0.2844,0.2844,0.2836,0.2838
1770267000,0.2838,0.284,0.2835,0.2839
1770267060,0.2839,0.2843,0.2837,0.2841
1770267120,0.2841,0.2841,0.2838,0.2838
1770267180,0.2838,0.2839,0.2829,0.283
1770267240,0.283,0.2831,0.2827,0.2829
1770267300,0.2829,0.2832,0.2828,0.2829
1770267360,0.2829,0.2829,0.2823,0.2826
1770267420,0.2826,0.2828,0.2825,0.2825
1770267480,0.2825,0.2831,0.2825,0.283
1770267540,0.283,0.2832,0.283,0.2831
1770267600,0.2831,0.2833,0.283,0.2832
1770267660,0.2832,0.2834,0.2831,0.2832
1770267720,0.2832,0.2832,0.2826,0.2829
1770267780,0.2829,0.2832,0.2828,0.2831
1770267840,0.2831,0.2831,0.2827,0.2831
1770267900,0.2831,0.2833,0.2828,0.2831
1770267960,0.2831,0.2832,0.2825,0.2826
1770268020,0.2826,0.283,0.2825,0.2828
1770268080,0.2828,0.2828,0.2818,0.282
1770268140,0.282,0.2821,0.2818,0.2819
1770268200,0.2819,0.2823,0.2818,0.2822
1770268260,0.2822,0.283,0.2822,0.283
1770268320,0.283,0.2833,0.2827,0.2833
1770268380,0.2833,0.284,0.2833,0.2837
1770268440,0.2837,0.2837,0.283,0.2831
1770268500,0.2831,0.2834,0.2828,0.2833
1770268560,0.2833,0.2836,0.2832,0.2836
1770268620,0.2836,0.2837,0.2834,0.2834
1770268680,0.2834,0.2834,0.2818,0.2821
1770268740,0.2821,0.2821,0.2812,0.2816
1770268800,0.2816,0.2819,0.2812,0.2817
1770268860,0.2817,0.2817,0.2807,0.2809
1770268920,0.2809,0.281,0.2796,0.28
1770268980,0.28,0.2804,0.2798,0.28
1770269040,0.28,0.2805,0.2796,0.2805
1770269100,0.2805,0.2813,0.2804,0.2806
1770269160,0.2806,0.2807,0.28,0.2802
1770269220,0.2802,0.2809,0.2802,0.2808
1770269280,0.2808,0.2815,0.2806,0.2815
1770269340,0.2815,0.2825,0.281,0.2811
1770269400,0.2811,0.2816,0.2811,0.2815
1770269460,0.2815,0.2818,0.2811,0.2813
1770269520,0.2813,0.2813,0.2804,0.281
1770269580,0.281,0.2819,0.281,0.2817
1770269640,0.2817,0.282,0.2815,0.2818
1770269700,0.2818,0.2826,0.2817,0.2824
1770269760,0.2824,0.2828,0.2822,0.2827
1770269820,0.2827,0.2847,0.2827,0.2846
1770269880,0.2846,0.2847,0.2837,0.2838
1770269940,0.2838,0.2841,0.2836,0.284
1770270000,0.284,0.2842,0.2837,0.2842
1770270060,0.2842,0.2864,0.2842,0.2857
1770270120,0.2857,0.2859,0.2852,0.2858
1770270180,0.2858,0.286,0.2855,0.2857
1770270240,0.2857,0.2865,0.2853,0.2855
1770270300,0.2855,0.2858,0.2846,0.2846
1770270360,0.2846,0.2848,0.2841,0.2842
1770270420,0.2842,0.2844,0.2835,0.2836
1770270480,0.2836,0.2841,0.2836,0.284
1770270540,0.284,0.2841,0.2835,0.2837
1770270600,0.2837,0.2845,0.2837,0.2844
1770270660,0.2844,0.2848,0.2843,0.2846
1770270720,0.2846,0.2847,0.2839,0.284
1770270780,0.284,0.284,0.2837,0.2839
1770270840,0.2839,0.2846,0.2835,0.2838
1770270900,0.2838,0.2838,0.2835,0.2837
1770270960,0.2837,0.2837,0.2834,0.2834
1770271020,0.2834,0.2841,0.2834,0.2837
1770271080,0.2837,0.2838,0.2836,0.2836
1770271140,0.2836,0.2837,0.2833,0.2836
1770271200,0.2836,0.2841,0.2835,0.2839
1770271260,0.2839,0.2839,0.2831,0.2833
1770271320,0.2833,0.2835,0.2831,0.2833
1770271380,0.2833,0.2834,0.2821,0.2821
1770271440,0.2821,0.2823,0.2814,0.2817
1770271500,0.2817,0.2817,0.2806,0.2807
1770271560,0.2807,0.2816,0.2807,0.2813
1770271620,0.2813,0.2822,0.281,0.2811
1770271680,0.2811,0.2815,0.2811,0.2813
1770271740,0.2813,0.2815,0.2809,0.2811
1770271800,0.2811,0.282,0.2807,0.2816
1770271860,0.2816,0.2818,0.2813,0.2813
1770271920,0.2813,0.2816,0.2813,0.2814
1770271980,0.2814,0.2815,0.2813,0.2815
1770272040,0.2815,0.2817,0.2812,0.2813
1770272100,0.2813,0.2814,0.281,0.2811
1770272160,0.2811,0.2817,0.2811,0.2817
1770272220,0.2817,0.2819,0.2813,0.2814
1770272280,0.2814,0.2815,0.2805,0.2806
1770272340,0.2806,0.2806,0.2801,0.2804
1770272400,0.2804,0.2805,0.2802,0.2804
1770272460,0.2804,0.2806,0.2795,0.2797
1770272520,0.2797,0.2802,0.2797,0.28
1770272580,0.28,0.2804,0.28,0.2804
1770272640,0.2804,0.2804,0.28,0.2801
1770272700,0.2801,0.2802,0.2799,0.2799
1770272760,0.2799,0.2801,0.2799,0.2801
1770272820,0.2801,0.2801,0.2797,0.2799
1770272880,0.2799,0.2801,0.2793,0.2794
1770272940,0.2794,0.2798,0.2794,0.2797
1770273000,0.2797,0.2804,0.2797,0.2803
1770273060,0.2803,0.2804,0.28,0.2801
1770273120,0.2801,0.2806,0.28,0.2803
1770273180,0.2803,0.2806,0.2803,0.2803
1770273240,0.2803,0.2813,0.2803,0.2809
1770273300,0.2809,0.2814,0.2808,0.2812
1770273360,0.2812,0.2816,0.2812,0.2813
1770273420,0.2813,0.2813,0.2803,0.2808
1770273480,0.2808,0.2813,0.2808,0.2811
1770273540,0.2811,0.2812,0.281,0.2811
1770273600,0.2811,0.2811,0.2809,0.281
1770273660,0.281,0.2814,0.2808,0.2813
1770273720,0.2813,0.2815,0.2811,0.2811
1770273780,0.2811,0.2811,0.2809,0.2811
1770273840,0.2811,0.2811,0.2805,0.2806
1770273900,0.2806,0.2812,0.2804,0.2812
1770273960,0.2812,0.2812,0.2805,0.2805
1770274020,0.2805,0.2808,0.2782,0.2787
1770274080,0.2787,0.2792,0.2785,0.279
1770274140,0.279,0.2803,0.2789,0.2794
1770274200,0.2794,0.2798,0.2792,0.2793
1770274260,0.2793,0.2796,0.2791,0.2793
1770274320,0.2793,0.2795,0.2791,0.2794
1770274380,0.2794,0.2795,0.2789,0.279
1770274440,0.279,0.2791,0.2785,0.2789
1770274500,0.2789,0.2794,0.2788,0.2794
1770274560,0.2794,0.2798,0.2792,0.2796
1770274620,0.2796,0.2799,0.2796,0.2797
1770274680,0.2797,0.2798,0.2794,0.2796
1770274740,0.2796,0.2797,0.2794,0.2795
1770274800,0.2795,0.2797,0.2792,0.2797
1770274860,0.2797,0.2821,0.2797,0.2818
1770274920,0.2818,0.2835,0.2818,0.2826
1770274980,0.2826,0.2829,0.2821,0.2827
1770275040,0.2827,0.2833,0.2822,0.283
1770275100,0.283,0.283,0.2821,0.2825
1770275160,0.2825,0.2825,0.282,0.282
1770275220,0.282,0.2831,0.2813,0.2813
1770275280,0.2813,0.2813,0.2804,0.2807
1770275340,0.2807,0.281,0.2807,0.2809
1770275400,0.2809,0.2809,0.2803,0.2806
1770275460,0.2806,0.2809,0.2803,0.2809
1770275520,0.2809,0.2809,0.2805,0.2807
1770275580,0.2807,0.2808,0.2805,0.2806
1770275640,0.2806,0.2806,0.2803,0.2803
1770275700,0.2803,0.2804,0.2799,0.28
1770275760,0.28,0.2814,0.28,0.2811
1770275820,0.2811,0.2812,0.2807,0.281
1770275880,0.281,0.281,0.2805,0.2807
1770275940,0.2807,0.2814,0.2807,0.2814
1770276000,0.2814,0.2816,0.281,0.2815
1770276060,0.2815,0.282,0.2811,0.2817
1770276120,0.2817,0.2824,0.2815,0.2815
1770276180,0.2815,0.2816,0.2813,0.2814
1770276240,0.2814,0.2817,0.2813,0.2817
1770276300,0.2817,0.2823,0.2816,0.2822
1770276360,0.2822,0.2824,0.282,0.2822
1770276420,0.2822,0.2828,0.282,0.2826
1770276480,0.2826,0.2829,0.2823,0.2827
1770276540,0.2827,0.2829,0.2823,0.2823
1770276600,0.2823,0.2824,0.2817,0.2821
1770276660,0.2821,0.2823,0.2819,0.2822
1770276720,0.2822,0.2823,0.2817,0.2818
1770276780,0.2818,0.282,0.2817,0.2819
1770276840,0.2819,0.2819,0.2817,0.2817
1770276900,0.2817,0.2819,0.2815,0.2817
1770276960,0.2817,0.2817,0.2811,0.2811
1770277020,0.2811,0.2813,0.281,0.2811
1770277080,0.2811,0.2811,0.2807,0.2811
1770277140,0.2811,0.2811,0.2806,0.2807
1770277200,0.2807,0.281,0.2807,0.281
1770277260,0.281,0.2811,0.2794,0.2797
1770277320,0.2797,0.2798,0.2795,0.2798
1770277380,0.2798,0.28,0.2797,0.2799
1770277440,0.2799,0.2804,0.2799,0.2803
1770277500,0.2803,0.2805,0.2802,0.2803
1770277560,0.2803,0.2806,0.2802,0.2804
1770277620,0.2804,0.2807,0.2804,0.2804
1770277680,0.2804,0.2805,0.2798,0.2799
1770277740,0.2799,0.2802,0.2798,0.2802
1770277800,0.2802,0.2803,0.2795,0.2798
1770277860,0.2798,0.2801,0.2798,0.2801
1770277920,0.2801,0.2801,0.28,0.2801
1770277980,0.2801,0.2803,0.2801,0.2803
1770278040,0.2803,0.2804,0.2802,0.2803
1770278100,0.2803,0.2803,0.2799,0.2799
1770278160,0.2799,0.2799,0.2795,0.2796
1770278220,0.2796,0.2796,0.2786,0.2789
1770278280,0.2789,0.2792,0.2788,0.2791
1770278340,0.2791,0.2792,0.2788,0.2792
1770278400,0.2792,0.2797,0.2791,0.2793
1770278460,0.2793,0.2799,0.2793,0.2797
1770278520,0.2797,0.28,0.2793,0.2794
1770278580,0.2794,0.2803,0.2794,0.28
1770278640,0.28,0.2801,0.2798,0.2799
1770278700,0.2799,0.2799,0.2796,0.2798
1770278760,0.2798,0.2802,0.2798,0.2802
1770278820,0.2802,0.2804,0.28,0.2803
1770278880,0.2803,0.2804,0.2796,0.2798
1770278940,0.2798,0.2801,0.2798,0.28
1770279000,0.28,0.28,0.2796,0.2799
1770279060,0.2799,0.2801,0.2796,0.2801
1770279120,0.2801,0.2801,0.2798,0.2799
1770279180,0.2799,0.2799,0.2794,0.2796
1770279240,0.2796,0.2798,0.2795,0.2797
1770279300,0.2797,0.2801,0.2797,0.2801
1770279360,0.2801,0.2802,0.2796,0.2796
1770279420,0.2796,0.2797,0.2791,0.2797
1770279480,0.2797,0.2799,0.2796,0.2798
1770279540,0.2798,0.2799,0.2796,0.2797
1770279600,0.2797,0.28,0.2795,0.2798
1770279660,0.2798,0.2798,0.2793,0.2794
1770279720,0.2794,0.2797,0.2794,0.2795
1770279780,0.2795,0.2795,0.2792,0.2794
1770279840,0.2794,0.2797,0.2792,0.2796
1770279900,0.2796,0.28,0.2795,0.2799
1770279960,0.2799,0.2804,0.2797,0.2802
1770280020,0.2802,0.2812,0.2802,0.2805
1770280080,0.2805,0.2811,0.2803,0.2804
1770280140,0.2804,0.2807,0.2801,0.2806
1770280200,0.2806,0.2812,0.2805,0.2812
1770280260,0.2812,0.2826,0.281,0.2821
1770280320,0.2821,0.2821,0.2816,0.2818
1770280380,0.2818,0.282,0.2817,0.2818
1770280440,0.2818,0.2819,0.2816,0.2817
1770280500,0.2817,0.282,0.2816,0.282
1770280560,0.282,0.282,0.2812,0.2812
1770280620,0.2812,0.282,0.2812,0.2817
1770280680,0.2817,0.2826,0.2817,0.2825
1770280740,0.2825,0.2825,0.2822,0.2823
1770280800,0.2823,0.2824,0.282,0.282
1770280860,0.282,0.2821,0.2818,0.2819
1770280920,0.2819,0.282,0.2815,0.2819
1770280980,0.2819,0.2819,0.2816,0.2817
1770281040,0.2817,0.2818,0.2815,0.2816
1770281100,0.2816,0.2817,0.2811,0.2811
1770281160,0.2811,0.2819,0.2811,0.2818
1770281220,0.2818,0.2824,0.2818,0.282
1770281280,0.282,0.2822,0.2815,0.2815
1770281340,0.2815,0.2816,0.2813,0.2814
1770281400,0.2814,0.2815,0.2809,0.2809
1770281460,0.2809,0.2811,0.2808,0.2809
1770281520,0.2809,0.2812,0.2809,0.281
1770281580,0.281,0.2814,0.281,0.2812
1770281640,0.2812,0.2816,0.2812,0.2815
1770281700,0.2815,0.2815,0.2808,0.2809
1770281760,0.2809,0.2814,0.2809,0.2814
1770281820,0.2814,0.2814,0.2811,0.2813
1770281880,0.2813,0.2816,0.2811,0.2813
1770281940,0.2813,0.2813,0.2804,0.2805
1770282000,0.2805,0.2809,0.2805,0.2808
1770282060,0.2808,0.2812,0.2807,0.281
1770282120,0.281,0.2811,0.2809,0.2811
1770282180,0.2811,0.2813,0.2805,0.2805
1770282240,0.2805,0.2807,0.2804,0.2807
1770282300,0.2807,0.2811,0.2804,0.2809
1770282360,0.2809,0.2816,0.2806,0.2813
1770282420,0.2813,0.2814,0.281,0.2813
1770282480,0.2813,0.2836,0.2813,0.2827
1770282540,0.2827,0.2833,0.2825,0.283
1770282600,0.283,0.2837,0.2822,0.2824
1770282660,0.2824,0.2828,0.2824,0.2827
1770282720,0.2827,0.283,0.2825,0.2829
1770282780,0.2829,0.2834,0.2826,0.2832
1770282840,0.2832,0.2832,0.2825,0.2827
1770282900,0.2827,0.2827,0.282,0.2824
1770282960,0.2824,0.2839,0.2824,0.2834
1770283020,0.2834,0.2835,0.283,0.2831
1770283080,0.2831,0.2831,0.2828,0.2829
1770283140,0.2829,0.2829,0.2822,0.2822
1770283200,0.2822,0.2826,0.2822,0.2826
1770283260,0.2826,0.2826,0.2816,0.2816
1770283320,0.2816,0.2817,0.2812,0.2814
1770283380,0.2814,0.2817,0.2813,0.2817
1770283440,0.2817,0.2817,0.2815,0.2815
1770283500,0.2815,0.2815,0.2812,0.2813
1770283560,0.2813,0.2813,0.281,0.2813
1770283620,0.2813,0.2815,0.2812,0.2815
1770283680,0.2815,0.2815,0.2812,0.2813
1770283740,0.2813,0.2816,0.2813,0.2816
1770283800,0.2816,0.2816,0.2814,0.2816
1770283860,0.2816,0.2817,0.2813,0.2816
1770283920,0.2816,0.2816,0.2804,0.2806
1770283980,0.2806,0.2807,0.2802,0.2805
1770284040,0.2805,0.2805,0.2803,0.2804
1770284100,0.2804,0.2804,0.2799,0.2799
1770284160,0.2799,0.28,0.2797,0.28
1770284220,0.28,0.2802,0.28,0.2801
1770284280,0.2801,0.2801,0.2796,0.2796
1770284340,0.2796,0.2798,0.2794,0.2796
1770284400,0.2796,0.2806,0.2796,0.2802
1770284460,0.2802,0.2804,0.2799,0.28
1770284520,0.28,0.28,0.2795,0.2796
1770284580,0.2796,0.2796,0.2794,0.2796
1770284640,0.2796,0.2796,0.2793,0.2793
1770284700,0.2793,0.2795,0.2793,0.2795
1770284760,0.2795,0.2799,0.2795,0.2799
1770284820,0.2799,0.2799,0.2795,0.2796
1770284880,0.2796,0.2797,0.2795,0.2796
1770284940,0.2796,0.2796,0.2792,0.2795
1770285000,0.2795,0.28,0.2794,0.2799
1770285060,0.2799,0.2803,0.2799,0.28
1770285120,0.28,0.2801,0.2799,0.28
1770285180,0.28,0.2803,0.28,0.2803
1770285240,0.2803,0.2805,0.2802,0.2802
1770285300,0.2802,0.2803,0.2801,0.2803
1770285360,0.2803,0.2804,0.2802,0.2804
1770285420,0.2804,0.2804,0.28,0.28
1770285480,0.28,0.2801,0.2799,0.2801
1770285540,0.2801,0.2801,0.28,0.2801
1770285600,0.2801,0.2804,0.2801,0.2803
1770285660,0.2803,0.2804,0.2797,0.28
1770285720,0.28,0.28,0.2795,0.2797
1770285780,0.2797,0.2798,0.2792,0.2793
1770285840,0.2793,0.2793,0.2791,0.2791
1770285900,0.2791,0.2792,0.2785,0.2785
1770285960,0.2785,0.2785,0.2777,0.2777
1770286020,0.2777,0.2782,0.2776,0.2781
1770286080,0.2781,0.2782,0.2778,0.2778
1770286140,0.2778,0.278,0.2776,0.2777
1770286200,0.2777,0.2782,0.2777,0.278
1770286260,0.278,0.2782,0.2779,0.2781
1770286320,0.2781,0.2781,0.2779,0.2781
1770286380,0.2781,0.2783,0.278,0.2783
1770286440,0.2783,0.279,0.2782,0.2788
1770286500,0.2788,0.2791,0.2787,0.2789
1770286560,0.2789,0.2792,0.2787,0.2788
1770286620,0.2788,0.2793,0.2787,0.279
1770286680,0.279,0.2794,0.279,0.2793
1770286740,0.2793,0.28,0.2793,0.2798
1770286800,0.2798,0.2802,0.2797,0.2797
1770286860,0.2797,0.2799,0.2797,0.2798
1770286920,0.2798,0.2798,0.2792,0.2793
1770286980,0.2793,0.2794,0.2791,0.2792
1770287040,0.2792,0.2797,0.2791,0.2797
1770287100,0.2797,0.2797,0.2792,0.2793
1770287160,0.2793,0.2793,0.2792,0.2792
1770287220,0.2792,0.2795,0.2792,0.2794
1770287280,0.2794,0.2796,0.2793,0.2795
1770287340,0.2795,0.2796,0.2794,0.2795
1770287400,0.2795,0.2796,0.2794,0.2795
1770287460,0.2795,0.2798,0.2795,0.2797
1770287520,0.2797,0.2797,0.2789,0.2789
1770287580,0.2789,0.2791,0.2786,0.2786
1770287640,0.2786,0.2787,0.2783,0.2785
1770287700,0.2785,0.2785,0.2777,0.2778
1770287760,0.2778,0.278,0.2777,0.2779
1770287820,0.2779,0.2779,0.2776,0.2776
1770287880,0.2776,0.2777,0.2772,0.2774
1770287940,0.2774,0.2776,0.2774,0.2774
1770288000,0.2774,0.2776,0.2773,0.2775
1770288060,0.2775,0.2775,0.2768,0.2768
1770288120,0.2768,0.2768,0.2764,0.2766
1770288180,0.2766,0.2769,0.2766,0.2766
1770288240,0.2766,0.2769,0.2762,0.2765
1770288300,0.2765,0.2765,0.2758,0.276
1770288360,0.276,0.2763,0.2754,0.2757
1770288420,0.2757,0.2759,0.2752,0.2752
1770288480,0.2752,0.2754,0.2746,0.2747
1770288540,0.2747,0.2754,0.2747,0.2748
1770288600,0.2748,0.2752,0.2744,0.2746
1770288660,0.2746,0.2746,0.274,0.2742
1770288720,0.2742,0.2743,0.2725,0.2732
1770288780,0.2732,0.2734,0.2725,0.273
1770288840,0.273,0.2732,0.2725,0.2727
1770288900,0.2727,0.2728,0.271,0.2714
1770288960,0.2714,0.2726,0.2713,0.2724
1770289020,0.2724,0.2725,0.2717,0.2718
1770289080,0.2718,0.2724,0.2718,0.2721
1770289140,0.2721,0.2729,0.2721,0.2727
1770289200,0.2727,0.2731,0.2724,0.2727
1770289260,0.2727,0.273,0.2724,0.2728
1770289320,0.2728,0.2728,0.2722,0.2723
1770289380,0.2723,0.2728,0.2718,0.2725
1770289440,0.2725,0.2731,0.2725,0.2727
1770289500,0.2727,0.2731,0.2726,0.2728
1770289560,0.2728,0.2738,0.2728,0.2737
1770289620,0.2737,0.2737,0.2733,0.2735
1770289680,0.2735,0.2737,0.273,0.2731
1770289740,0.2731,0.2733,0.2731,0.2732
1770289800,0.2732,0.2733,0.2727,0.2731
1770289860,0.2731,0.2732,0.2723,0.2723
1770289920,0.2723,0.2725,0.2719,0.272
1770289980,0.272,0.272,0.2712,0.2712
1770290040,0.2712,0.2715,0.2708,0.2712
1770290100,0.2712,0.2717,0.2712,0.2713
1770290160,0.2713,0.2715,0.2709,0.271
1770290220,0.271,0.2728,0.271,0.2722
1770290280,0.2722,0.2723,0.2715,0.2718
1770290340,0.2718,0.272,0.2715,0.2715
1770290400,0.2715,0.2715,0.2708,0.271
1770290460,0.271,0.271,0.2702,0.2704
1770290520,0.2704,0.2707,0.2693,0.27
1770290580,0.27,0.2709,0.2697,0.2697
1770290640,0.2697,0.2699,0.2685,0.2688
1770290700,0.2688,0.2699,0.2686,0.2696
1770290760,0.2696,0.2698,0.2688,0.2691
1770290820,0.2691,0.2695,0.2682,0.2683
1770290880,0.2683,0.2686,0.2672,0.2675
1770290940,0.2675,0.2678,0.267,0.2677
1770291000,0.2677,0.2689,0.2676,0.2678
1770291060,0.2678,0.2683,0.2674,0.2679
1770291120,0.2679,0.2684,0.2677,0.2679
1770291180,0.2679,0.2691,0.2679,0.2685
1770291240,0.2685,0.2689,0.2684,0.2687
1770291300,0.2687,0.2693,0.2685,0.2687
1770291360,0.2687,0.27,0.2683,0.2699
1770291420,0.2699,0.27,0.2694,0.2699
1770291480,0.2699,0.2718,0.2699,0.2718
1770291540,0.2718,0.2731,0.2717,0.2724
1770291600,0.2724,0.2741,0.2723,0.274
1770291660,0.274,0.2741,0.2733,0.2739
1770291720,0.2739,0.2745,0.2734,0.2738
1770291780,0.2738,0.2739,0.2734,0.2735
1770291840,0.2735,0.2737,0.2733,0.2734
1770291900,0.2734,0.2736,0.273,0.2736
1770291960,0.2736,0.2738,0.2721,0.2722
1770292020,0.2722,0.273,0.2722,0.2729
1770292080,0.2729,0.2736,0.2728,0.2733
1770292140,0.2733,0.2734,0.2724,0.2726
1770292200,0.2726,0.273,0.272,0.2721
1770292260,0.2721,0.2724,0.2719,0.2722
1770292320,0.2722,0.2724,0.2719,0.2722
1770292380,0.2722,0.2724,0.2714,0.2719
1770292440,0.2719,0.2722,0.2715,0.2717
1770292500,0.2717,0.2724,0.2714,0.2723
1770292560,0.2723,0.2723,0.2712,0.2715
1770292620,0.2715,0.2717,0.2713,0.2715
1770292680,0.2715,0.2718,0.2715,0.2718
1770292740,0.2718,0.2719,0.2717,0.2719
1770292800,0.2719,0.2723,0.2712,0.2718
1770292860,0.2718,0.2728,0.2717,0.2727
1770292920,0.2727,0.2727,0.272,0.2725
1770292980,0.2725,0.2732,0.2724,0.2727
1770293040,0.2727,0.273,0.2722,0.2724
1770293100,0.2724,0.2727,0.2722,0.2723
1770293160,0.2723,0.2724,0.2718,0.2724
1770293220,0.2724,0.2726,0.2719,0.2723
1770293280,0.2723,0.2723,0.2714,0.2715
1770293340,0.2715,0.2717,0.2712,0.2715
1770293400,0.2715,0.2725,0.2715,0.2718
1770293460,0.2718,0.2722,0.2718,0.272
1770293520,0.272,0.2724,0.272,0.2722
1770293580,0.2722,0.2726,0.2721,0.2724
1770293640,0.2724,0.2724,0.2718,0.2718
1770293700,0.2718,0.272,0.2708,0.2708
1770293760,0.2708,0.2715,0.2701,0.2702
1770293820,0.2702,0.2706,0.2697,0.2699
1770293880,0.2699,0.2706,0.2699,0.2704
1770293940,0.2704,0.2704,0.2693,0.2695
1770294000,0.2695,0.2697,0.2691,0.2696
1770294060,0.2696,0.2703,0.2694,0.2701
1770294120,0.2701,0.2706,0.2699,0.2704
1770294180,0.2704,0.2704,0.2697,0.2697
1770294240,0.2697,0.27,0.2692,0.2693
1770294300,0.2693,0.2699,0.2689,0.2697
1770294360,0.2697,0.2718,0.2695,0.2715
1770294420,0.2715,0.2728,0.2715,0.2723
1770294480,0.2723,0.273,0.2723,0.2727
1770294540,0.2727,0.2729,0.2715,0.2718
1770294600,0.2718,0.2731,0.2714,0.2721
1770294660,0.2721,0.2723,0.2708,0.2714
1770294720,0.2714,0.2722,0.2714,0.2716
1770294780,0.2716,0.2717,0.2711,0.2716
1770294840,0.2716,0.2724,0.2712,0.2724
1770294900,0.2724,0.2729,0.2717,0.2719
1770294960,0.2719,0.2721,0.2713,0.2721
1770295020,0.2721,0.2726,0.2721,0.2724
1770295080,0.2724,0.2724,0.2716,0.2717
1770295140,0.2717,0.2722,0.2714,0.2717
1770295200,0.2717,0.2721,0.2715,0.272
1770295260,0.272,0.2724,0.2719,0.2724
1770295320,0.2724,0.2726,0.2716,0.2716
1770295380,0.2716,0.2718,0.2707,0.2712
1770295440,0.2712,0.2715,0.2711,0.2714
1770295500,0.2714,0.2717,0.2711,0.2711
1770295560,0.2711,0.2716,0.271,0.2712
1770295620,0.2712,0.2715,0.2709,0.2714
1770295680,0.2714,0.2717,0.2712,0.2714
1770295740,0.2714,0.2717,0.2709,0.2714
1770295800,0.2714,0.2725,0.2713,0.2714
1770295860,0.2714,0.2728,0.2714,0.2725
1770295920,0.2725,0.2727,0.2719,0.2721
1770295980,0.2721,0.2721,0.2714,0.2715
1770296040,0.2715,0.2716,0.2711,0.2711
1770296100,0.2711,0.2712,0.2703,0.271
1770296160,0.271,0.2726,0.271,0.2723
1770296220,0.2723,0.2725,0.272,0.272
1770296280,0.272,0.2723,0.272,0.2723
1770296340,0.2723,0.2723,0.2718,0.2719
1770296400,0.2719,0.2721,0.2718,0.2721
1770296460,0.2721,0.2727,0.2717,0.272
1770296520,0.272,0.2724,0.2717,0.2723
1770296580,0.2723,0.2727,0.2722,0.2724
1770296640,0.2724,0.2724,0.272,0.2723
1770296700,0.2723,0.2732,0.2723,0.2729
1770296760,0.2729,0.2736,0.2727,0.2736
1770296820,0.2736,0.2744,0.2733,0.2735
1770296880,0.2735,0.2735,0.273,0.273
1770296940,0.273,0.2735,0.2729,0.2734
1770297000,0.2734,0.2739,0.273,0.273
1770297060,0.273,0.2735,0.273,0.2733
1770297120,0.2733,0.2734,0.273,0.2734
1770297180,0.2734,0.2734,0.2726,0.2727
1770297240,0.2727,0.2727,0.2719,0.2721
1770297300,0.2721,0.2722,0.2715,0.2718
1770297360,0.2718,0.2721,0.2718,0.2718
1770297420,0.2718,0.2721,0.2715,0.2719
1770297480,0.2719,0.272,0.2717,0.2719
1770297540,0.2719,0.2722,0.2715,0.2716
1770297600,0.2716,0.2719,0.2714,0.2716
1770297660,0.2716,0.2718,0.2715,0.2715
1770297720,0.2715,0.2717,0.2714,0.2714
1770297780,0.2714,0.2717,0.2707,0.2709
1770297840,0.2709,0.2713,0.2709,0.2712
1770297900,0.2712,0.2715,0.2709,0.2709
1770297960,0.2709,0.2709,0.2699,0.2699
1770298020,0.2699,0.2704,0.2699,0.27
1770298080,0.27,0.2705,0.2698,0.2704
1770298140,0.2704,0.2704,0.2701,0.2704
1770298200,0.2704,0.2718,0.2703,0.2706
1770298260,0.2706,0.2716,0.2706,0.2713
1770298320,0.2713,0.2724,0.2713,0.2721
1770298380,0.2721,0.2723,0.2712,0.2714
1770298440,0.2714,0.272,0.2711,0.272
1770298500,0.272,0.272,0.2711,0.2719
1770298560,0.2719,0.272,0.2714,0.2715
1770298620,0.2715,0.2716,0.2709,0.2711
1770298680,0.2711,0.2717,0.2711,0.2715
1770298740,0.2715,0.2715,0.2707,0.2707
1770298800,0.2707,0.2709,0.2705,0.2705
1770298860,0.2705,0.2708,0.2703,0.2707
1770298920,0.2707,0.2708,0.2701,0.2703
1770298980,0.2703,0.2707,0.2702,0.2707
1770299040,0.2707,0.2708,0.2704,0.2705
1770299100,0.2705,0.2706,0.2703,0.2706
1770299160,0.2706,0.2706,0.2699,0.2701
1770299220,0.2701,0.2702,0.2699,0.2699
1770299280,0.2699,0.2705,0.2699,0.2701
1770299340,0.2701,0.2703,0.2701,0.2703
1770299400,0.2703,0.2703,0.2698,0.2698
1770299460,0.2698,0.2702,0.2694,0.27
1770299520,0.27,0.2707,0.27,0.2706
1770299580,0.2706,0.2708,0.2704,0.2705
1770299640,0.2705,0.2707,0.2703,0.2706
1770299700,0.2706,0.2707,0.2703,0.2707
1770299760,0.2707,0.2707,0.2703,0.2704
1770299820,0.2704,0.2704,0.2693,0.2695
1770299880,0.2695,0.2698,0.2692,0.2698
1770299940,0.2698,0.2699,0.2697,0.2699
1770300000,0.2699,0.2714,0.2698,0.271
1770300060,0.271,0.2733,0.2707,0.2731
1770300120,0.2731,0.2733,0.2722,0.2728
1770300180,0.2728,0.2733,0.2721,0.2722
1770300240,0.2722,0.2725,0.2718,0.272
1770300300,0.272,0.272,0.271,0.271
1770300360,0.271,0.2719,0.2709,0.2719
1770300420,0.2719,0.2719,0.2715,0.2718
1770300480,0.2718,0.2719,0.2715,0.2717
1770300540,0.2717,0.2717,0.2711,0.2715
1770300600,0.2715,0.2717,0.2711,0.2711
1770300660,0.2711,0.2717,0.271,0.2716
1770300720,0.2716,0.2723,0.2715,0.2722
1770300780,0.2722,0.2722,0.2716,0.2716
1770300840,0.2716,0.2717,0.271,0.2711
1770300900,0.2711,0.2716,0.2704,0.2704
1770300960,0.2704,0.2707,0.2702,0.2704
1770301020,0.2704,0.2709,0.2704,0.2708
1770301080,0.2708,0.271,0.2707,0.2709
1770301140,0.2709,0.2718,0.2708,0.2715
1770301200,0.2715,0.272,0.2715,0.2719
1770301260,0.2719,0.272,0.2717,0.2718
1770301320,0.2718,0.2721,0.2716,0.272
1770301380,0.272,0.2727,0.272,0.2723
1770301440,0.2723,0.2727,0.2723,0.2726
1770301500,0.2726,0.2732,0.2726,0.273
1770301560,0.273,0.273,0.2727,0.2729
1770301620,0.2729,0.273,0.2726,0.2729
1770301680,0.2729,0.2735,0.2729,0.2733
1770301740,0.2733,0.2734,0.273,0.2732
1770301800,0.2732,0.2737,0.2726,0.2731
1770301860,0.2731,0.2749,0.2729,0.2729
1770301920,0.2729,0.2745,0.2727,0.2741
1770301980,0.2741,0.2756,0.2738,0.2738
1770302040,0.2738,0.2751,0.2737,0.2748
1770302100,0.2748,0.2764,0.2748,0.275
1770302160,0.275,0.2755,0.2746,0.2747
1770302220,0.2747,0.2769,0.2742,0.2767
1770302280,0.2767,0.2772,0.2761,0.2769
1770302340,0.2769,0.2777,0.2763,0.2767
1770302400,0.2767,0.2768,0.2759,0.2765
1770302460,0.2765,0.2766,0.2751,0.2754
1770302520,0.2754,0.2763,0.2752,0.2757
1770302580,0.2757,0.2766,0.2755,0.2763
1770302640,0.2763,0.2763,0.2757,0.2758
1770302700,0.2758,0.2759,0.2752,0.2757
1770302760,0.2757,0.2759,0.2748,0.2758
1770302820,0.2758,0.2773,0.2758,0.2759
1770302880,0.2759,0.2761,0.2748,0.2748
1770302940,0.2748,0.275,0.2743,0.2746
1770303000,0.2746,0.2754,0.2744,0.2748
1770303060,0.2748,0.2754,0.2742,0.2743
1770303120,0.2743,0.2745,0.2736,0.2737
1770303180,0.2737,0.2743,0.2737,0.2738
1770303240,0.2738,0.274,0.273,0.2736
1770303300,0.2736,0.2737,0.2727,0.273
1770303360,0.273,0.2732,0.2727,0.2729
1770303420,0.2729,0.2729,0.2713,0.2718
1770303480,0.2718,0.272,0.2713,0.2718
1770303540,0.2718,0.2718,0.271,0.2716
1770303600,0.2716,0.2725,0.2707,0.2707
1770303660,0.2707,0.2715,0.2705,0.2707
1770303720,0.2707,0.2711,0.2701,0.2702
1770303780,0.2702,0.2705,0.2691,0.2696
1770303840,0.2696,0.2704,0.2691,0.2697
1770303900,0.2697,0.2698,0.2676,0.2679
1770303960,0.2679,0.2683,0.2672,0.2679
1770304020,0.2679,0.2681,0.2668,0.2671
1770304080,0.2671,0.2678,0.2667,0.2672
1770304140,0.2672,0.268,0.2665,0.2677
1770304200,0.2677,0.2683,0.2658,0.2659
1770304260,0.2659,0.2661,0.2647,0.2649
1770304320,0.2649,0.2651,0.2634,0.2638
1770304380,0.2638,0.2647,0.2629,0.2646
1770304440,0.2646,0.2647,0.2636,0.2639
1770304500,0.2639,0.2659,0.2639,0.2659
1770304560,0.2659,0.2672,0.2656,0.2656
1770304620,0.2656,0.2672,0.2656,0.2667
1770304680,0.2667,0.2669,0.2644,0.2644
1770304740,0.2644,0.2652,0.2642,0.2644
1770304800,0.2644,0.2646,0.2628,0.2632
1770304860,0.2632,0.2634,0.2609,0.2613
1770304920,0.2613,0.2628,0.2602,0.2618
1770304980,0.2618,0.2622,0.2583,0.2597
1770305040,0.2597,0.2615,0.2594,0.2614
1770305100,0.2614,0.2649,0.2614,0.2632
1770305160,0.2632,0.2632,0.2619,0.262
1770305220,0.262,0.2628,0.2617,0.262
1770305280,0.262,0.2634,0.2605,0.2608
1770305340,0.2608,0.2611,0.2593,0.2596
1770305400,0.2596,0.2635,0.2594,0.262
1770305460,0.262,0.2623,0.2607,0.2608
1770305520,0.2608,0.2611,0.2582,0.2585
1770305580,0.2585,0.2599,0.2584,0.2589
1770305640,0.2589,0.2596,0.2573,0.2584
1770305700,0.2584,0.2608,0.2584,0.2592
1770305760,0.2592,0.2593,0.258,0.2582
1770305820,0.2582,0.2595,0.2578,0.2594
1770305880,0.2594,0.2601,0.2585,0.2599
1770305940,0.2599,0.2619,0.2599,0.2616
1770306000,0.2616,0.2623,0.2599,0.2615
1770306060,0.2615,0.2633,0.2613,0.263
1770306120,0.263,0.2639,0.2626,0.263
1770306180,0.263,0.2635,0.2628,0.2631
1770306240,0.2631,0.2638,0.2627,0.2637
1770306300,0.2637,0.2648,0.2623,0.2623
1770306360,0.2623,0.2625,0.2611,0.2613
1770306420,0.2613,0.2626,0.2612,0.2621
1770306480,0.2621,0.263,0.2618,0.2626
1770306540,0.2626,0.2631,0.262,0.2631
1770306600,0.2631,0.2665,0.2629,0.2658
1770306660,0.2658,0.2668,0.2656,0.2666
1770306720,0.2666,0.2674,0.266,0.267
1770306780,0.267,0.267,0.2647,0.2648
1770306840,0.2648,0.2652,0.2637,0.2637
1770306900,0.2637,0.2638,0.2629,0.2636
1770306960,0.2636,0.2644,0.2621,0.2624
1770307020,0.2624,0.2625,0.2616,0.262
1770307080,0.262,0.2628,0.2614,0.2621
1770307140,0.2621,0.2624,0.2616,0.2622
1770307200,0.2622,0.2627,0.261,0.262
1770307260,0.262,0.2624,0.2613,0.2614
1770307320,0.2614,0.2617,0.2607,0.2613
1770307380,0.2613,0.2613,0.2597,0.2602
1770307440,0.2602,0.2608,0.2602,0.2604
1770307500,0.2604,0.2609,0.26,0.2606
1770307560,0.2606,0.263,0.2606,0.2618
1770307620,0.2618,0.2623,0.2612,0.2613
1770307680,0.2613,0.2617,0.2607,0.2612
1770307740,0.2612,0.2612,0.2597,0.2598
1770307800,0.2598,0.2632,0.2598,0.2616
1770307860,0.2616,0.2616,0.2606,0.2611
1770307920,0.2611,0.2616,0.2609,0.2612
1770307980,0.2612,0.2612,0.2603,0.2603
1770308040,0.2603,0.2607,0.2599,0.2602
1770308100,0.2602,0.2611,0.2598,0.2611
1770308160,0.2611,0.2627,0.2606,0.2627
1770308220,0.2627,0.2632,0.2619,0.2627
1770308280,0.2627,0.2627,0.2615,0.2616
1770308340,0.2616,0.2623,0.2609,0.2611
1770308400,0.2611,0.2624,0.261,0.261
1770308460,0.261,0.2622,0.2608,0.2621
1770308520,0.2621,0.2639,0.262,0.263
1770308580,0.263,0.2634,0.2625,0.2627
1770308640,0.2627,0.2663,0.2625,0.2663
1770308700,0.2663,0.2668,0.2651,0.2652
1770308760,0.2652,0.2662,0.2652,0.2653
1770308820,0.2653,0.2663,0.2651,0.2661
1770308880,0.2661,0.2667,0.2654,0.2655
1770308940,0.2655,0.2656,0.2649,0.2653
1770309000,0.2653,0.2675,0.2653,0.2663
1770309060,0.2663,0.2668,0.2658,0.2659
1770309120,0.2659,0.2659,0.2641,0.2641
1770309180,0.2641,0.2653,0.2641,0.2653
1770309240,0.2653,0.2661,0.2649,0.2657
1770309300,0.2657,0.2661,0.2652,0.266
1770309360,0.266,0.2669,0.2652,0.2652
1770309420,0.2652,0.2655,0.2645,0.2645
1770309480,0.2645,0.2649,0.2638,0.2649
1770309540,0.2649,0.265,0.2638,0.264
1770309600,0.264,0.2644,0.263,0.2633
1770309660,0.2633,0.2634,0.2631,0.2634
1770309720,0.2634,0.2637,0.2628,0.2633
1770309780,0.2633,0.2635,0.2626,0.2626
1770309840,0.2626,0.2627,0.2622,0.2627
1770309900,0.2627,0.2628,0.2613,0.2615
1770309960,0.2615,0.262,0.2614,0.2618
1770310020,0.2618,0.262,0.2606,0.2614
1770310080,0.2614,0.2623,0.2611,0.2622
1770310140,0.2622,0.2625,0.2615,0.2625
1770310200,0.2625,0.2639,0.2625,0.2633
1770310260,0.2633,0.265,0.2633,0.2644
1770310320,0.2644,0.2664,0.2643,0.2664
1770310380,0.2664,0.2665,0.2655,0.2663
1770310440,0.2663,0.2673,0.2661,0.2662
1770310500,0.2662,0.2666,0.2656,0.2664
1770310560,0.2664,0.2664,0.2645,0.2652
1770310620,0.2652,0.2655,0.265,0.2653
1770310680,0.2653,0.2654,0.2646,0.2646
1770310740,0.2646,0.2652,0.2642,0.2652
1770310800,0.2652,0.2662,0.2641,0.2642
1770310860,0.2642,0.2644,0.2637,0.2639
1770310920,0.2639,0.2639,0.2629,0.2632
1770310980,0.2632,0.2632,0.262,0.2629
1770311040,0.2629,0.2629,0.262,0.2623
1770311100,0.2623,0.2625,0.2617,0.262
1770311160,0.262,0.2625,0.2611,0.2611
1770311220,0.2611,0.2612,0.2606,0.2609
1770311280,0.2609,0.2611,0.2603,0.2607
1770311340,0.2607,0.2608,0.259,0.2591
1770311400,0.2591,0.2595,0.2586,0.2593
1770311460,0.2593,0.2599,0.2588,0.2592
1770311520,0.2592,0.2592,0.2583,0.2588
1770311580,0.2588,0.2597,0.2588,0.2595
1770311640,0.2595,0.2602,0.2592,0.2595
1770311700,0.2595,0.26,0.2586,0.2592
1770311760,0.2592,0.2598,0.259,0.2591
1770311820,0.2591,0.2592,0.2582,0.2588
1770311880,0.2588,0.2589,0.2581,0.2584
1770311940,0.2584,0.2587,0.2577,0.2582
1770312000,0.2582,0.2584,0.255,0.2558
1770312060,0.2558,0.257,0.2556,0.2565
1770312120,0.2565,0.2588,0.2565,0.2575
1770312180,0.2575,0.2593,0.2574,0.2591
1770312240,0.2591,0.2622,0.2591,0.262
1770312300,0.262,0.2632,0.2615,0.2625
1770312360,0.2625,0.2635,0.262,0.262
1770312420,0.262,0.2626,0.2613,0.2626
1770312480,0.2626,0.263,0.2612,0.2615
1770312540,0.2615,0.2628,0.2614,0.2628
1770312600,0.2628,0.2636,0.2614,0.2614
1770312660,0.2614,0.2616,0.2579,0.258
1770312720,0.258,0.2591,0.2577,0.2589
1770312780,0.2589,0.2596,0.2586,0.2595
1770312840,0.2595,0.2599,0.2586,0.2588
1770312900,0.2588,0.259,0.2582,0.2588
1770312960,0.2588,0.2607,0.2588,0.2599
1770313020,0.2599,0.2602,0.2593,0.2602
1770313080,0.2602,0.2604,0.2594,0.2598
1770313140,0.2598,0.2605,0.2592,0.2593
1770313200,0.2593,0.2619,0.2592,0.2609
1770313260,0.2609,0.2611,0.2601,0.2606
1770313320,0.2606,0.2608,0.2595,0.2595
1770313380,0.2595,0.2603,0.2593,0.2603
1770313440,0.2603,0.2604,0.2593,0.26
1770313500,0.26,0.2607,0.2596,0.2606
1770313560,0.2606,0.2611,0.2599,0.2606
1770313620,0.2606,0.2609,0.26,0.2602
1770313680,0.2602,0.2605,0.2588,0.2588
1770313740,0.2588,0.2595,0.2586,0.2593
1770313800,0.2593,0.2597,0.2588,0.2592
1770313860,0.2592,0.2603,0.2592,0.2596
1770313920,0.2596,0.2597,0.2584,0.2584
1770313980,0.2584,0.2592,0.2584,0.259
1770314040,0.259,0.259,0.2584,0.2585
1770314100,0.2585,0.2585,0.2576,0.2583
1770314160,0.2583,0.2587,0.2581,0.2585
1770314220,0.2585,0.2586,0.2578,0.258
1770314280,0.258,0.2585,0.2578,0.2579
1770314340,0.2579,0.258,0.2576,0.2578
1770314400,0.2578,0.2585,0.2577,0.258
1770314460,0.258,0.2595,0.258,0.2593
1770314520,0.2593,0.26,0.2587,0.2589
1770314580,0.2589,0.2589,0.2572,0.2579
1770314640,0.2579,0.2595,0.2579,0.2585
1770314700,0.2585,0.2592,0.258,0.2586
1770314760,0.2586,0.259,0.2581,0.2588
1770314820,0.2588,0.2596,0.2584,0.2585
1770314880,0.2585,0.2589,0.2579,0.258
1770314940,0.258,0.2586,0.2579,0.2583
1770315000,0.2583,0.2589,0.2581,0.2585
1770315060,0.2585,0.259,0.2583,0.2589
1770315120,0.2589,0.2594,0.2585,0.2593
1770315180,0.2593,0.2594,0.2582,0.2583
1770315240,0.2583,0.259,0.2583,0.2589
1770315300,0.2589,0.2594,0.2588,0.2592
1770315360,0.2592,0.2592,0.2563,0.2565
1770315420,0.2565,0.2573,0.2565,0.2567
1770315480,0.2567,0.2569,0.2558,0.2563
1770315540,0.2563,0.2573,0.2561,0.2567
1770315600,0.2567,0.2569,0.2559,0.256
1770315660,0.256,0.256,0.2553,0.2555
1770315720,0.2555,0.2561,0.2548,0.2552
1770315780,0.2552,0.2558,0.2547,0.2551
1770315840,0.2551,0.2583,0.2551,0.2578
1770315900,0.2578,0.2581,0.2562,0.2563
1770315960,0.2563,0.2568,0.2558,0.2561
1770316020,0.2561,0.2566,0.2554,0.2555
1770316080,0.2555,0.2558,0.2551,0.2558
1770316140,0.2558,0.2562,0.2554,0.2561
1770316200,0.2561,0.2567,0.2557,0.2561
1770316260,0.2561,0.257,0.2551,0.2556
1770316320,0.2556,0.256,0.2536,0.2538
1770316380,0.2538,0.255,0.2538,0.2543
1770316440,0.2543,0.2548,0.2539,0.2547
1770316500,0.2547,0.2554,0.2547,0.2549
1770316560,0.2549,0.2558,0.2549,0.255
1770316620,0.255,0.255,0.2545,0.2546
1770316680,0.2546,0.2548,0.2538,0.2539
1770316740,0.2539,0.2549,0.2539,0.2547
1770316800,0.2547,0.2555,0.2543,0.2551
1770316860,0.2551,0.2564,0.2549,0.2559
1770316920,0.2559,0.2561,0.2553,0.2554
1770316980,0.2554,0.256,0.2542,0.2543
1770317040,0.2543,0.2551,0.2543,0.2546
1770317100,0.2546,0.2558,0.2546,0.2547
1770317160,0.2547,0.2557,0.2542,0.2543
1770317220,0.2543,0.2545,0.2534,0.2543
1770317280,0.2543,0.2549,0.2542,0.2545
1770317340,0.2545,0.2556,0.2545,0.2549
1770317400,0.2549,0.2553,0.2543,0.255
1770317460,0.255,0.2553,0.2547,0.2552
1770317520,0.2552,0.2552,0.2545,0.2545
1770317580,0.2545,0.2565,0.2545,0.2564
1770317640,0.2564,0.2571,0.256,0.2563
1770317700,0.2563,0.2571,0.2556,0.2571
1770317760,0.2571,0.2592,0.2569,0.2584
1770317820,0.2584,0.2592,0.2581,0.2583
1770317880,0.2583,0.2589,0.2578,0.2587
1770317940,0.2587,0.2594,0.2585,0.2586
1770318000,0.2586,0.2588,0.2578,0.2581
1770318060,0.2581,0.2581,0.2568,0.257
1770318120,0.257,0.2576,0.2568,0.2569
1770318180,0.2569,0.259,0.2569,0.2574
1770318240,0.2574,0.2576,0.2567,0.2569
1770318300,0.2569,0.2576,0.2563,0.2574
1770318360,0.2574,0.2586,0.2571,0.2571
1770318420,0.2571,0.2573,0.2562,0.2562
1770318480,0.2562,0.2563,0.2559,0.2561
1770318540,0.2561,0.2565,0.2559,0.2559
1770318600,0.2559,0.2562,0.2554,0.2562
1770318660,0.2562,0.2571,0.2561,0.257
1770318720,0.257,0.2576,0.2562,0.2569
1770318780,0.2569,0.257,0.2562,0.2565
1770318840,0.2565,0.2567,0.2561,0.2562
1770318900,0.2562,0.2571,0.2558,0.2571
1770318960,0.2571,0.2577,0.2566,0.2573
1770319020,0.2573,0.2578,0.2567,0.2572
1770319080,0.2572,0.2574,0.2563,0.2563
1770319140,0.2563,0.2571,0.2563,0.2571
1770319200,0.2571,0.2571,0.2561,0.2561
1770319260,0.2561,0.2571,0.2559,0.256
1770319320,0.256,0.256,0.2554,0.2558
1770319380,0.2558,0.2558,0.2553,0.2554
1770319440,0.2554,0.2555,0.2545,0.2551
1770319500,0.2551,0.2551,0.254,0.2542
1770319560,0.2542,0.2554,0.254,0.255
1770319620,0.255,0.2555,0.2549,0.2551
1770319680,0.2551,0.2554,0.255,0.2552
1770319740,0.2552,0.2554,0.255,0.2554
1770319800,0.2554,0.2555,0.2547,0.2553
1770319860,0.2553,0.2564,0.2552,0.256
1770319920,0.256,0.2561,0.2544,0.2546
1770319980,0.2546,0.2559,0.2544,0.2552
1770320040,0.2552,0.2556,0.2551,0.2556
1770320100,0.2556,0.2561,0.2553,0.2558
1770320160,0.2558,0.2563,0.255,0.2551
1770320220,0.2551,0.2557,0.2549,0.2555
1770320280,0.2555,0.2559,0.2552,0.2553
1770320340,0.2553,0.2557,0.2549,0.255
1770320400,0.255,0.2551,0.2546,0.2548
1770320460,0.2548,0.2548,0.254,0.2544
1770320520,0.2544,0.2549,0.2543,0.2543
1770320580,0.2543,0.2548,0.2543,0.2546
1770320640,0.2546,0.2547,0.2541,0.2542
1770320700,0.2542,0.2548,0.2542,0.2544
1770320760,0.2544,0.2544,0.2538,0.2541
1770320820,0.2541,0.2542,0.2538,0.2539
1770320880,0.2539,0.2545,0.2539,0.2539
1770320940,0.2539,0.2547,0.2539,0.2545
1770321000,0.2545,0.255,0.2541,0.2544
1770321060,0.2544,0.2544,0.2535,0.2537
1770321120,0.2537,0.2537,0.2528,0.2531
1770321180,0.2531,0.2539,0.2531,0.2538
1770321240,0.2538,0.2547,0.2536,0.2538
1770321300,0.2538,0.254,0.2534,0.2535
1770321360,0.2535,0.2541,0.2532,0.2534
1770321420,0.2534,0.2537,0.2533,0.2534
1770321480,0.2534,0.2535,0.253,0.2533
1770321540,0.2533,0.2535,0.2532,0.2535
1770321600,0.2535,0.2536,0.2529,0.2534
1770321660,0.2534,0.2551,0.2534,0.255
1770321720,0.255,0.2559,0.2544,0.2544
1770321780,0.2544,0.255,0.2542,0.2547
1770321840,0.2547,0.2548,0.2543,0.2543
1770321900,0.2543,0.2545,0.2533,0.2534
1770321960,0.2534,0.2542,0.2532,0.2537
1770322020,0.2537,0.255,0.2536,0.255
1770322080,0.255,0.2559,0.255,0.2554
1770322140,0.2554,0.2559,0.2549,0.2556
1770322200,0.2556,0.2557,0.2549,0.2551
1770322260,0.2551,0.2551,0.2542,0.2543
1770322320,0.2543,0.2546,0.2542,0.2543
1770322380,0.2543,0.2544,0.2536,0.2539
1770322440,0.2539,0.2539,0.2533,0.2535
1770322500,0.2535,0.2537,0.2512,0.2512
1770322560,0.2512,0.2518,0.2505,0.2506
1770322620,0.2506,0.2512,0.2495,0.2511
1770322680,0.2511,0.2517,0.2506,0.2509
1770322740,0.2509,0.2515,0.25,0.2503
1770322800,0.2503,0.2509,0.2498,0.25
1770322860,0.25,0.2505,0.2483,0.2487
1770322920,0.2487,0.2488,0.2466,0.2468
1770322980,0.2468,0.2484,0.246,0.2473
1770323040,0.2473,0.2481,0.2461,0.2472
1770323100,0.2472,0.2476,0.2439,0.2442
1770323160,0.2442,0.2468,0.2433,0.2468
1770323220,0.2468,0.2493,0.2468,0.2479
1770323280,0.2479,0.2488,0.2471,0.2476
1770323340,0.2476,0.248,0.2463,0.2466
1770323400,0.2466,0.2481,0.2461,0.2473
1770323460,0.2473,0.2484,0.2462,0.2465
1770323520,0.2465,0.2478,0.2455,0.2477
1770323580,0.2477,0.2487,0.2476,0.2485
1770323640,0.2485,0.2494,0.2478,0.2489
1770323700,0.2489,0.2494,0.2481,0.2485
1770323760,0.2485,0.2486,0.246,0.2482
1770323820,0.2482,0.2512,0.2482,0.25
1770323880,0.25,0.25,0.2487,0.2495
1770323940,0.2495,0.2509,0.2495,0.2507
1770324000,0.2507,0.2533,0.2506,0.2522
1770324060,0.2522,0.2525,0.2512,0.2512
1770324120,0.2512,0.2515,0.25,0.2506
1770324180,0.2506,0.2514,0.2504,0.2505
1770324240,0.2505,0.2507,0.2498,0.2501
1770324300,0.2501,0.2506,0.249,0.2501
1770324360,0.2501,0.2501,0.2482,0.2484
1770324420,0.2484,0.2485,0.2478,0.2482
1770324480,0.2482,0.2488,0.2474,0.2474
1770324540,0.2474,0.2476,0.247,0.2472
1770324600,0.2472,0.248,0.2469,0.247
1770324660,0.247,0.248,0.2457,0.2466
1770324720,0.2466,0.2467,0.2455,0.2458
1770324780,0.2458,0.2461,0.2448,0.2457
1770324840,0.2457,0.2462,0.245,0.2453
1770324900,0.2453,0.2465,0.2444,0.2461
1770324960,0.2461,0.2473,0.2458,0.2465
1770325020,0.2465,0.2477,0.2464,0.2471
1770325080,0.2471,0.2487,0.2468,0.2486
1770325140,0.2486,0.2486,0.2471,0.2475
1770325200,0.2475,0.2509,0.2471,0.2508
1770325260,0.2508,0.251,0.2477,0.2487
1770325320,0.2487,0.2506,0.2484,0.2505
1770325380,0.2505,0.2522,0.2503,0.2512
1770325440,0.2512,0.2545,0.2512,0.253
1770325500,0.253,0.2536,0.2517,0.2518
1770325560,0.2518,0.2521,0.2509,0.251
1770325620,0.251,0.251,0.2499,0.2506
1770325680,0.2506,0.2515,0.2502,0.2502
1770325740,0.2502,0.2504,0.2497,0.2497
1770325800,0.2497,0.2501,0.2488,0.2488
1770325860,0.2488,0.249,0.2481,0.2484
1770325920,0.2484,0.2491,0.2479,0.2486
1770325980,0.2486,0.249,0.2483,0.2483
1770326040,0.2483,0.2486,0.2475,0.2478
1770326100,0.2478,0.248,0.2459,0.247
1770326160,0.247,0.2478,0.2467,0.2469
1770326220,0.2469,0.2469,0.2454,0.2455
1770326280,0.2455,0.2461,0.2451,0.2455
1770326340,0.2455,0.2457,0.2451,0.2454
1770326400,0.2454,0.2459,0.2447,0.2459
1770326460,0.2459,0.2483,0.2458,0.247
1770326520,0.247,0.2481,0.247,0.2474
1770326580,0.2474,0.2512,0.2474,0.2506
1770326640,0.2506,0.2515,0.2493,0.2494
1770326700,0.2494,0.2498,0.2484,0.2485
1770326760,0.2485,0.2486,0.2478,0.2478
1770326820,0.2478,0.2481,0.2467,0.248
1770326880,0.248,0.2489,0.2478,0.2488
1770326940,0.2488,0.2501,0.2488,0.2501
1770327000,0.2501,0.251,0.2495,0.2502
1770327060,0.2502,0.2509,0.2496,0.2509
1770327120,0.2509,0.2516,0.2504,0.2507
1770327180,0.2507,0.2507,0.2495,0.2496
1770327240,0.2496,0.2497,0.2486,0.2487
1770327300,0.2487,0.2491,0.2484,0.2486
1770327360,0.2486,0.2487,0.2473,0.2476
1770327420,0.2476,0.2481,0.2475,0.2479
1770327480,0.2479,0.2487,0.2479,0.2484
1770327540,0.2484,0.249,0.2484,0.249
1770327600,0.249,0.2496,0.2488,0.2491
1770327660,0.2491,0.2495,0.2489,0.2495
1770327720,0.2495,0.25,0.2492,0.2495
1770327780,0.2495,0.2495,0.2479,0.2481
1770327840,0.2481,0.2481,0.2464,0.2475
1770327900,0.2475,0.2483,0.2474,0.2475
1770327960,0.2475,0.2482,0.247,0.2482
1770328020,0.2482,0.249,0.2482,0.2484
1770328080,0.2484,0.2488,0.2481,0.2482
1770328140,0.2482,0.2482,0.2469,0.247
1770328200,0.247,0.2472,0.2463,0.2471
1770328260,0.2471,0.2475,0.2465,0.2468
1770328320,0.2468,0.2471,0.2456,0.2462
1770328380,0.2462,0.2464,0.2457,0.2458
1770328440,0.2458,0.2468,0.2456,0.2466
1770328500,0.2466,0.2476,0.2465,0.2465
1770328560,0.2465,0.2465,0.2449,0.2452
1770328620,0.2452,0.2466,0.2451,0.2462
1770328680,0.2462,0.2468,0.2462,0.2467
1770328740,0.2467,0.2473,0.2467,0.2469
1770328800,0.2469,0.2481,0.2469,0.2478
1770328860,0.2478,0.2483,0.2471,0.2477
1770328920,0.2477,0.2477,0.2468,0.2472
1770328980,0.2472,0.2487,0.247,0.2472
1770329040,0.2472,0.2478,0.2467,0.2478
1770329100,0.2478,0.2483,0.247,0.2471
1770329160,0.2471,0.2474,0.2468,0.2468
1770329220,0.2468,0.2468,0.2456,0.2462
1770329280,0.2462,0.2486,0.2451,0.2484
1770329340,0.2484,0.2497,0.2479,0.2494
1770329400,0.2494,0.2502,0.2482,0.2484
1770329460,0.2484,0.2486,0.248,0.2486
1770329520,0.2486,0.2491,0.2483,0.2487
1770329580,0.2487,0.2491,0.248,0.2484
1770329640,0.2484,0.2484,0.2478,0.248
1770329700,0.248,0.2483,0.2473,0.2473
1770329760,0.2473,0.2475,0.2467,0.2469
1770329820,0.2469,0.247,0.2434,0.2441
1770329880,0.2441,0.2453,0.2439,0.245
1770329940,0.245,0.2464,0.2446,0.246
1770330000,0.246,0.2465,0.2449,0.2455
1770330060,0.2455,0.2458,0.2451,0.2456
1770330120,0.2456,0.246,0.2448,0.2448
1770330180,0.2448,0.2452,0.2445,0.245
1770330240,0.245,0.2455,0.2446,0.2455
1770330300,0.2455,0.2461,0.2449,0.2455
1770330360,0.2455,0.2462,0.2454,0.2458
1770330420,0.2458,0.2469,0.2458,0.2468
1770330480,0.2468,0.2505,0.2468,0.2501
1770330540,0.2501,0.2513,0.2498,0.2505
1770330600,0.2505,0.2521,0.2502,0.2505
1770330660,0.2505,0.2505,0.2489,0.2489
1770330720,0.2489,0.2494,0.2485,0.2494
1770330780,0.2494,0.2494,0.2482,0.2483
1770330840,0.2483,0.2494,0.2483,0.2488
1770330900,0.2488,0.2494,0.2483,0.2493
1770330960,0.2493,0.2493,0.2485,0.249
1770331020,0.249,0.2494,0.2487,0.2489
1770331080,0.2489,0.249,0.2481,0.2482
1770331140,0.2482,0.2491,0.2482,0.2489
1770331200,0.2489,0.2491,0.2484,0.2487
1770331260,0.2487,0.2492,0.2482,0.2492
1770331320,0.2492,0.2494,0.2486,0.2489
1770331380,0.2489,0.2491,0.2485,0.2491
1770331440,0.2491,0.2495,0.249,0.2493
1770331500,0.2493,0.2501,0.2493,0.25
1770331560,0.25,0.2503,0.249,0.249
1770331620,0.249,0.249,0.2486,0.249
1770331680,0.249,0.2491,0.2487,0.2489
1770331740,0.2489,0.25,0.2488,0.2498
1770331800,0.2498,0.25,0.2498,0.2499
1770331860,0.2499,0.2507,0.2496,0.2507
1770331920,0.2507,0.2518,0.2501,0.2502
1770331980,0.2502,0.2509,0.2501,0.2505
1770332040,0.2505,0.2509,0.2501,0.2502
1770332100,0.2502,0.2502,0.2488,0.2496
1770332160,0.2496,0.25,0.2494,0.25
1770332220,0.25,0.2504,0.2499,0.25
1770332280,0.25,0.25,0.2496,0.2498
1770332340,0.2498,0.2499,0.2491,0.2492
1770332400,0.2492,0.2496,0.2489,0.2492
1770332460,0.2492,0.2494,0.2483,0.2488
1770332520,0.2488,0.2501,0.2487,0.2501
1770332580,0.2501,0.2516,0.25,0.2511
1770332640,0.2511,0.2528,0.2511,0.2527
1770332700,0.2527,0.2537,0.2521,0.2522
1770332760,0.2522,0.2531,0.2519,0.2531
1770332820,0.2531,0.2532,0.2525,0.2527
1770332880,0.2527,0.2527,0.2519,0.2522
1770332940,0.2522,0.2537,0.2519,0.2533
1770333000,0.2533,0.2543,0.2532,0.2541
1770333060,0.2541,0.2542,0.2534,0.2541
1770333120,0.2541,0.2542,0.2536,0.2538
1770333180,0.2538,0.254,0.2534,0.2537
1770333240,0.2537,0.2538,0.2534,0.2536
1770333300,0.2536,0.254,0.2535,0.2538
1770333360,0.2538,0.2538,0.2522,0.2523
1770333420,0.2523,0.2532,0.2523,0.2531
1770333480,0.2531,0.2531,0.2523,0.2525
1770333540,0.2525,0.2525,0.2521,0.2521
1770333600,0.2521,0.2521,0.251,0.251
1770333660,0.251,0.2512,0.2503,0.2507
1770333720,0.2507,0.2509,0.25,0.2502
1770333780,0.2502,0.2505,0.2502,0.2503
1770333840,0.2503,0.2506,0.2497,0.2499
1770333900,0.2499,0.2507,0.2499,0.2503
1770333960,0.2503,0.2506,0.25,0.2505
1770334020,0.2505,0.2509,0.2504,0.2507
1770334080,0.2507,0.251,0.2504,0.2507
1770334140,0.2507,0.2512,0.2507,0.2511
1770334200,0.2511,0.2513,0.2507,0.2508
1770334260,0.2508,0.2515,0.2505,0.2515
1770334320,0.2515,0.2517,0.2504,0.2505
1770334380,0.2505,0.2505,0.2498,0.2499
1770334440,0.2499,0.2499,0.2492,0.2493
1770334500,0.2493,0.2495,0.2481,0.2482
1770334560,0.2482,0.2485,0.2477,0.2481
1770334620,0.2481,0.2483,0.2475,0.2478
1770334680,0.2478,0.2485,0.2478,0.2484
1770334740,0.2484,0.2486,0.2479,0.248
1770334800,0.248,0.248,0.2471,0.2477
1770334860,0.2477,0.2478,0.2464,0.2467
1770334920,0.2467,0.247,0.2464,0.2469
1770334980,0.2469,0.2472,0.2466,0.2466
1770335040,0.2466,0.2469,0.2466,0.2468
1770335100,0.2468,0.2469,0.2465,0.2466
1770335160,0.2466,0.2473,0.2466,0.247
1770335220,0.247,0.2475,0.2466,0.2469
1770335280,0.2469,0.247,0.2461,0.247
1770335340,0.247,0.2476,0.247,0.2471
1770335400,0.2471,0.2471,0.2464,0.2468
1770335460,0.2468,0.2469,0.2461,0.2462
1770335520,0.2462,0.2464,0.2444,0.2449
1770335580,0.2449,0.2449,0.2442,0.2445
1770335640,0.2445,0.2451,0.2443,0.2446
1770335700,0.2446,0.245,0.2446,0.2448
1770335760,0.2448,0.2452,0.2443,0.2452
1770335820,0.2452,0.2455,0.2447,0.2448
1770335880,0.2448,0.245,0.2444,0.2446
1770335940,0.2446,0.2452,0.2446,0.2451
1780617600,0.1797,0.1797,0.1789,0.1795
1780617660,0.1795,0.1795,0.1791,0.1791
1780617720,0.1791,0.1796,0.1788,0.1795
1780617780,0.1795,0.1798,0.1792,0.1793
1780617840,0.1793,0.1793,0.1789,0.1789
1780617900,0.1789,0.1795,0.1789,0.1792
1780617960,0.1792,0.1795,0.179,0.1795
1780618020,0.1795,0.1795,0.1789,0.179
1780618080,0.179,0.1791,0.1782,0.1785
1780618140,0.1785,0.1786,0.1781,0.1784
1780618200,0.1784,0.1785,0.1776,0.178
1780618260,0.178,0.1782,0.1773,0.1774
1780618320,0.1774,0.1777,0.1771,0.1777
1780618380,0.1777,0.1779,0.1761,0.1764
1780618440,0.1764,0.1768,0.1751,0.1756
1780618500,0.1756,0.1763,0.1755,0.1758
1780618560,0.1758,0.1761,0.1758,0.1761
1780618620,0.1761,0.1762,0.1758,0.1758
1780618680,0.1758,0.1759,0.1753,0.1755
1780618740,0.1755,0.1758,0.1749,0.1757
1780618800,0.1757,0.1771,0.1756,0.1766
1780618860,0.1766,0.1768,0.1762,0.1767
1780618920,0.1767,0.177,0.1763,0.177
1780618980,0.177,0.1778,0.1769,0.1778
1780619040,0.1778,0.178,0.1774,0.1776
1780619100,0.1776,0.1776,0.177,0.177
1780619160,0.177,0.1772,0.1768,0.1771
1780619220,0.1771,0.1774,0.1767,0.1774
1780619280,0.1774,0.1778,0.1772,0.1778
1780619340,0.1778,0.178,0.1776,0.1778
1780619400,0.1778,0.1778,0.1775,0.1776
1780619460,0.1776,0.1778,0.1775,0.1777
1780619520,0.1777,0.1782,0.1776,0.1776
1780619580,0.1776,0.1777,0.1774,0.1776
1780619640,0.1776,0.1776,0.1772,0.1772
1780619700,0.1772,0.1774,0.1767,0.1767
1780619760,0.1767,0.1769,0.1767,0.1768
1780619820,0.1768,0.1768,0.1761,0.1764
1780619880,0.1764,0.1769,0.1763,0.1767
1780619940,0.1767,0.1774,0.1767,0.1774
1780620000,0.1774,0.1775,0.1769,0.1769
1780620060,0.1769,0.177,0.1765,0.1765
1780620120,0.1765,0.1766,0.1763,0.1764
1780620180,0.1764,0.1769,0.1761,0.1769
1780620240,0.1769,0.177,0.1768,0.1768
1780620300,0.1768,0.1775,0.1767,0.1774
1780620360,0.1774,0.1776,0.1772,0.1776
1780620420,0.1776,0.178,0.1775,0.1778
1780620480,0.1778,0.1783,0.1778,0.1783
1780620540,0.1783,0.1783,0.178,0.1781
1780620600,0.1781,0.1782,0.1775,0.1775
1780620660,0.1775,0.1777,0.1774,0.1774
1780620720,0.1774,0.1774,0.1763,0.1763
1780620780,0.1763,0.1763,0.1757,0.1758
1780620840,0.1758,0.1764,0.1758,0.176
1780620900,0.176,0.1761,0.1757,0.1761
1780620960,0.1761,0.1762,0.1759,0.176
1780621020,0.176,0.1761,0.1751,0.1752
1780621080,0.1752,0.1752,0.1741,0.1743
1780621140,0.1743,0.1746,0.1741,0.1746
1780621200,0.1746,0.1747,0.1741,0.1747
1780621260,0.1747,0.1747,0.1734,0.1735
1780621320,0.1735,0.1741,0.1732,0.1732
1780621380,0.1732,0.1733,0.1726,0.1732
1780621440,0.1732,0.1733,0.1724,0.1727
1780621500,0.1727,0.1736,0.1727,0.1735
1780621560,0.1735,0.1741,0.1734,0.174
1780621620,0.174,0.1743,0.1738,0.174
1780621680,0.174,0.1741,0.1732,0.1732
1780621740,0.1732,0.1734,0.173,0.1734
1780621800,0.1734,0.1736,0.1726,0.1728
1780621860,0.1728,0.1729,0.1726,0.1727
1780621920,0.1727,0.1729,0.1721,0.1725
1780621980,0.1725,0.1727,0.1723,0.1726
1780622040,0.1726,0.173,0.1726,0.1729
1780622100,0.1729,0.173,0.1721,0.1726
1780622160,0.1726,0.1727,0.1722,0.1725
1780622220,0.1725,0.1733,0.1725,0.1733
1780622280,0.1733,0.1735,0.1727,0.1727
1780622340,0.1727,0.1729,0.1722,0.1723
1780622400,0.1723,0.1726,0.1718,0.1722
1780622460,0.1722,0.1727,0.172,0.1721
1780622520,0.1721,0.1721,0.1715,0.1716
1780622580,0.1716,0.1728,0.1715,0.1728
1780622640,0.1728,0.1736,0.1727,0.1736
1780622700,0.1736,0.1736,0.1726,0.1727
1780622760,0.1727,0.173,0.1725,0.1725
1780622820,0.1725,0.1733,0.1724,0.1732
1780622880,0.1732,0.1732,0.1728,0.1732
1780622940,0.1732,0.1736,0.1729,0.1731
1780623000,0.1731,0.1745,0.1731,0.1739
1780623060,0.1739,0.1745,0.1735,0.1745
1780623120,0.1745,0.1745,0.174,0.1741
1780623180,0.1741,0.1743,0.1737,0.1738
1780623240,0.1738,0.1738,0.1732,0.1735
1780623300,0.1735,0.1742,0.1734,0.1741
1780623360,0.1741,0.1743,0.1738,0.1738
1780623420,0.1738,0.1738,0.1735,0.1735
1780623480,0.1735,0.1735,0.1723,0.1723
1780623540,0.1723,0.1729,0.1723,0.1729
1780623600,0.1729,0.1733,0.1727,0.1732
1780623660,0.1732,0.1732,0.173,0.173
1780623720,0.173,0.1731,0.1727,0.1731
1780623780,0.1731,0.1737,0.173,0.1736
1780623840,0.1736,0.174,0.1734,0.174
1780623900,0.174,0.1741,0.1732,0.1732
1780623960,0.1732,0.1734,0.1731,0.1731
1780624020,0.1731,0.1734,0.1728,0.173
1780624080,0.173,0.173,0.1727,0.1728
1780624140,0.1728,0.1729,0.1727,0.1728
1780624200,0.1728,0.1728,0.1725,0.1728
1780624260,0.1728,0.1731,0.1726,0.173
1780624320,0.173,0.1733,0.1729,0.173
1780624380,0.173,0.1735,0.1728,0.1728
1780624440,0.1728,0.1728,0.1722,0.1722
1780624500,0.1722,0.1729,0.1718,0.1728
1780624560,0.1728,0.1731,0.1726,0.1729
1780624620,0.1729,0.173,0.1723,0.1723
1780624680,0.1723,0.1726,0.1721,0.1725
1780624740,0.1725,0.1725,0.1722,0.1722
1780624800,0.1722,0.1722,0.1717,0.1717
1780624860,0.1717,0.1721,0.1708,0.1713
1780624920,0.1713,0.1717,0.1707,0.1711
1780624980,0.1711,0.1713,0.171,0.1711
1780625040,0.1711,0.1714,0.1707,0.1711
1780625100,0.1711,0.1712,0.1703,0.1709
1780625160,0.1709,0.1711,0.1706,0.1708
1780625220,0.1708,0.1711,0.1697,0.1698
1780625280,0.1698,0.1705,0.1695,0.1697
1780625340,0.1697,0.1701,0.1696,0.1698
1780625400,0.1698,0.1705,0.1697,0.1702
1780625460,0.1702,0.1705,0.1699,0.1704
1780625520,0.1704,0.1709,0.1704,0.1704
1780625580,0.1704,0.1706,0.1701,0.1703
1780625640,0.1703,0.1708,0.1701,0.1704
1780625700,0.1704,0.1708,0.1701,0.1702
1780625760,0.1702,0.171,0.1693,0.1695
1780625820,0.1695,0.1702,0.1695,0.17
1780625880,0.17,0.1701,0.169,0.1694
1780625940,0.1694,0.1699,0.1693,0.1697
1780626000,0.1697,0.1697,0.1691,0.1691
1780626060,0.1691,0.1695,0.1688,0.1689
1780626120,0.1689,0.169,0.1684,0.1685
1780626180,0.1685,0.1696,0.1685,0.1691
1780626240,0.1691,0.1692,0.1688,0.169
1780626300,0.169,0.1693,0.1687,0.1689
1780626360,0.1689,0.1691,0.1688,0.1689
1780626420,0.1689,0.1692,0.1683,0.1684
1780626480,0.1684,0.1685,0.168,0.1682
1780626540,0.1682,0.1686,0.1677,0.1678
1780626600,0.1678,0.1688,0.1678,0.1686
1780626660,0.1686,0.1692,0.1686,0.169
1780626720,0.169,0.1692,0.1687,0.169
1780626780,0.169,0.1691,0.1681,0.1681
1780626840,0.1681,0.1684,0.1678,0.1678
1780626900,0.1678,0.1681,0.1677,0.1679
1780626960,0.1679,0.168,0.1669,0.1673
1780627020,0.1673,0.1678,0.1671,0.1673
1780627080,0.1673,0.1675,0.1662,0.1664
1780627140,0.1664,0.1672,0.1663,0.1669
1780627200,0.1669,0.1673,0.1668,0.167
1780627260,0.167,0.1672,0.1667,0.1669
1780627320,0.1669,0.1669,0.1656,0.1658
1780627380,0.1658,0.1661,0.1653,0.1659
1780627440,0.1659,0.1664,0.1656,0.1656
1780627500,0.1656,0.1665,0.1656,0.1663
1780627560,0.1663,0.1666,0.1659,0.166
1780627620,0.166,0.1662,0.1657,0.1658
1780627680,0.1658,0.1662,0.1657,0.1657
1780627740,0.1657,0.1658,0.1652,0.1658
1780627800,0.1658,0.1664,0.1658,0.1662
1780627860,0.1662,0.1664,0.1658,0.1658
1780627920,0.1658,0.166,0.1654,0.1655
1780627980,0.1655,0.1657,0.1651,0.1656
1780628040,0.1656,0.1658,0.1646,0.1647
1780628100,0.1647,0.1651,0.1646,0.1648
1780628160,0.1648,0.1652,0.1647,0.165
1780628220,0.165,0.1652,0.1636,0.1638
1780628280,0.1638,0.164,0.1631,0.1634
1780628340,0.1634,0.1638,0.1633,0.1636
1780628400,0.1636,0.1642,0.1636,0.164
1780628460,0.164,0.164,0.1635,0.1636
1780628520,0.1636,0.1639,0.1635,0.1636
1780628580,0.1636,0.164,0.1636,0.1638
1780628640,0.1638,0.1648,0.1635,0.1645
1780628700,0.1645,0.1647,0.1636,0.1637
1780628760,0.1637,0.164,0.1632,0.1633
1780628820,0.1633,0.1639,0.1632,0.1636
1780628880,0.1636,0.164,0.1635,0.1638
1780628940,0.1638,0.1643,0.1638,0.1641
1780629000,0.1641,0.1642,0.1635,0.1636
1780629060,0.1636,0.1637,0.1629,0.1634
1780629120,0.1634,0.1636,0.1633,0.1635
1780629180,0.1635,0.1637,0.1633,0.1637
1780629240,0.1637,0.1639,0.1634,0.1635
1780629300,0.1635,0.164,0.1634,0.1639
1780629360,0.1639,0.1647,0.1639,0.1642
1780629420,0.1642,0.165,0.1642,0.165
1780629480,0.165,0.1656,0.1648,0.1649
1780629540,0.1649,0.1649,0.1643,0.1644
1780629600,0.1644,0.1644,0.1638,0.1639
1780629660,0.1639,0.1644,0.1637,0.164
1780629720,0.164,0.164,0.1636,0.1638
1780629780,0.1638,0.1639,0.1634,0.1634
1780629840,0.1634,0.1635,0.1631,0.1634
1780629900,0.1634,0.1634,0.1622,0.1625
1780629960,0.1625,0.1627,0.1609,0.161
1780630020,0.161,0.1617,0.1609,0.1609
1780630080,0.1609,0.1615,0.1608,0.1612
1780630140,0.1612,0.1619,0.1612,0.1619
1780630200,0.1619,0.1627,0.1617,0.1624
1780630260,0.1624,0.1626,0.162,0.1622
1780630320,0.1622,0.1624,0.162,0.1622
1780630380,0.1622,0.1623,0.1616,0.1617
1780630440,0.1617,0.162,0.1615,0.1617
1780630500,0.1617,0.1619,0.161,0.1618
1780630560,0.1618,0.1619,0.1615,0.1618
1780630620,0.1618,0.1619,0.1614,0.1616
1780630680,0.1616,0.1619,0.1609,0.1609
1780630740,0.1609,0.1611,0.1606,0.1611
1780630800,0.1611,0.1616,0.1611,0.1613
1780630860,0.1613,0.1614,0.1607,0.1609
1780630920,0.1609,0.1611,0.1602,0.1603
1780630980,0.1603,0.1606,0.1598,0.1604
1780631040,0.1604,0.1607,0.1603,0.1604
1780631100,0.1604,0.161,0.1603,0.1607
1780631160,0.1607,0.161,0.1604,0.1607
1780631220,0.1607,0.1609,0.1603,0.1608
1780631280,0.1608,0.1608,0.1599,0.1601
1780631340,0.1601,0.1603,0.1595,0.1598
1780631400,0.1598,0.1605,0.1598,0.1602
1780631460,0.1602,0.1605,0.1601,0.1604
1780631520,0.1604,0.1604,0.1589,0.1591
1780631580,0.1591,0.1595,0.1587,0.1588
1780631640,0.1588,0.1593,0.1588,0.1589
1780631700,0.1589,0.1591,0.1583,0.1587
1780631760,0.1587,0.1592,0.1586,0.159
1780631820,0.159,0.1592,0.1586,0.1588
1780631880,0.1588,0.1591,0.158,0.1582
1780631940,0.1582,0.1585,0.1581,0.1584
1780632000,0.1584,0.1589,0.1583,0.1586
1780632060,0.1586,0.1587,0.1581,0.1586
1780632120,0.1586,0.1587,0.1583,0.1584
1780632180,0.1584,0.1587,0.1583,0.1586
1780632240,0.1586,0.1596,0.1584,0.1595
1780632300,0.1595,0.1601,0.1592,0.1593
1780632360,0.1593,0.1601,0.1591,0.1598
1780632420,0.1598,0.1611,0.1598,0.161
1780632480,0.161,0.1619,0.1607,0.161
1780632540,0.161,0.1613,0.1608,0.1613
1780632600,0.1613,0.1624,0.1612,0.1623
1780632660,0.1623,0.1629,0.1621,0.1628
1780632720,0.1628,0.1642,0.1628,0.1636
1780632780,0.1636,0.1643,0.1636,0.1638
1780632840,0.1638,0.1643,0.1637,0.1642
1780632900,0.1642,0.1653,0.1642,0.1646
1780632960,0.1646,0.1653,0.1641,0.1644
1780633020,0.1644,0.1646,0.1639,0.1644
1780633080,0.1644,0.1644,0.1637,0.1641
1780633140,0.1641,0.1649,0.1641,0.1647
1780633200,0.1647,0.1648,0.1637,0.1638
1780633260,0.1638,0.1643,0.1638,0.1643
1780633320,0.1643,0.1648,0.1642,0.1647
1780633380,0.1647,0.1653,0.1646,0.1653
1780633440,0.1653,0.1662,0.1653,0.1656
1780633500,0.1656,0.1672,0.1656,0.1669
1780633560,0.1669,0.1674,0.1666,0.1672
1780633620,0.1672,0.1675,0.167,0.1671
1780633680,0.1671,0.1672,0.1667,0.1672
1780633740,0.1672,0.1673,0.1668,0.1669
1780633800,0.1669,0.167,0.1654,0.1655
1780633860,0.1655,0.1659,0.1646,0.1646
1780633920,0.1646,0.1652,0.1644,0.165
1780633980,0.165,0.1652,0.1648,0.1649
1780634040,0.1649,0.1657,0.1648,0.1657
1780634100,0.1657,0.1657,0.1646,0.165
1780634160,0.165,0.1655,0.165,0.1655
1780634220,0.1655,0.166,0.1653,0.166
1780634280,0.166,0.167,0.166,0.1669
1780634340,0.1669,0.1671,0.1664,0.1664
1780634400,0.1664,0.1665,0.1661,0.1665
1780634460,0.1665,0.1668,0.1665,0.1666
1780634520,0.1666,0.1667,0.1658,0.166
1780634580,0.166,0.166,0.1654,0.1656
1780634640,0.1656,0.1659,0.1649,0.1653
1780634700,0.1653,0.1659,0.1653,0.1658
1780634760,0.1658,0.1658,0.1646,0.1647
1780634820,0.1647,0.1648,0.1641,0.1647
1780634880,0.1647,0.1651,0.1647,0.1648
1780634940,0.1648,0.1652,0.1648,0.1651
1780635000,0.1651,0.1655,0.1651,0.1653
1780635060,0.1653,0.1656,0.165,0.1655
1780635120,0.1655,0.1666,0.1655,0.1665
1780635180,0.1665,0.1666,0.1661,0.1664
1780635240,0.1664,0.1679,0.1664,0.1677
1780635300,0.1677,0.1678,0.1674,0.1674
1780635360,0.1674,0.1675,0.167,0.1671
1780635420,0.1671,0.1674,0.167,0.1672
1780635480,0.1672,0.1683,0.1671,0.1683
1780635540,0.1683,0.1688,0.1682,0.1685
1780635600,0.1685,0.1692,0.1682,0.1683
1780635660,0.1683,0.1684,0.1678,0.1684
1780635720,0.1684,0.1684,0.1679,0.1683
1780635780,0.1683,0.1683,0.1672,0.1673
1780635840,0.1673,0.1677,0.1673,0.1674
1780635900,0.1674,0.168,0.1673,0.1679
1780635960,0.1679,0.168,0.1673,0.1675
1780636020,0.1675,0.1677,0.1673,0.1674
1780636080,0.1674,0.1675,0.167,0.1671
1780636140,0.1671,0.1672,0.1666,0.1666
1780636200,0.1666,0.1673,0.1666,0.1673
1780636260,0.1673,0.1676,0.1673,0.1674
1780636320,0.1674,0.1675,0.1668,0.1669
1780636380,0.1669,0.167,0.1667,0.1668
1780636440,0.1668,0.1673,0.1668,0.1671
1780636500,0.1671,0.1676,0.1671,0.1671
1780636560,0.1671,0.1671,0.1663,0.1666
1780636620,0.1666,0.167,0.1666,0.1669
1780636680,0.1669,0.1669,0.1663,0.1667
1780636740,0.1667,0.1669,0.1665,0.1669
1780636800,0.1669,0.1669,0.1666,0.1668
1780636860,0.1668,0.1674,0.1668,0.167
1780636920,0.167,0.1672,0.1666,0.1667
1780636980,0.1667,0.1672,0.1667,0.1671
1780637040,0.1671,0.1671,0.1666,0.1667
1780637100,0.1667,0.167,0.1665,0.167
1780637160,0.167,0.1673,0.1669,0.1673
1780637220,0.1673,0.1678,0.1671,0.1675
1780637280,0.1675,0.1677,0.1669,0.167
1780637340,0.167,0.1671,0.1665,0.1669
1780637400,0.1669,0.1674,0.1667,0.1673
1780637460,0.1673,0.1678,0.1672,0.1673
1780637520,0.1673,0.1675,0.1671,0.1674
1780637580,0.1674,0.1675,0.1667,0.1669
1780637640,0.1669,0.1671,0.1667,0.1671
1780637700,0.1671,0.1671,0.1663,0.1663
1780637760,0.1663,0.1666,0.166,0.1663
1780637820,0.1663,0.1664,0.1654,0.1659
1780637880,0.1659,0.1664,0.1659,0.1663
1780637940,0.1663,0.1663,0.1658,0.1661
1780638000,0.1661,0.1662,0.1659,0.166
1780638060,0.166,0.166,0.1653,0.1655
1780638120,0.1655,0.1658,0.1653,0.1654
1780638180,0.1654,0.1657,0.1649,0.165
1780638240,0.165,0.1652,0.1645,0.1646
1780638300,0.1646,0.165,0.1644,0.1646
1780638360,0.1646,0.1647,0.164,0.1645
1780638420,0.1645,0.1645,0.1634,0.1642
1780638480,0.1642,0.165,0.1642,0.1648
1780638540,0.1648,0.165,0.1645,0.1647
1780638600,0.1647,0.165,0.1644,0.1649
1780638660,0.1649,0.1653,0.1648,0.1652
1780638720,0.1652,0.1656,0.1651,0.1651
1780638780,0.1651,0.1652,0.1642,0.1644
1780638840,0.1644,0.1648,0.164,0.1642
1780638900,0.1642,0.1647,0.164,0.1641
1780638960,0.1641,0.1643,0.1638,0.1642
1780639020,0.1642,0.1647,0.1639,0.164
1780639080,0.164,0.1648,0.1639,0.1648
1780639140,0.1648,0.1648,0.1643,0.1644
1780639200,0.1644,0.1646,0.164,0.1641
1780639260,0.1641,0.1649,0.1638,0.1646
1780639320,0.1646,0.1649,0.1642,0.1643
1780639380,0.1643,0.1643,0.1636,0.1637
1780639440,0.1637,0.1645,0.1637,0.1643
1780639500,0.1643,0.1651,0.1641,0.1648
1780639560,0.1648,0.165,0.1645,0.1647
1780639620,0.1647,0.1654,0.1647,0.1651
1780639680,0.1651,0.1652,0.1649,0.1651
1780639740,0.1651,0.1651,0.1644,0.1644
1780639800,0.1644,0.1645,0.1635,0.1639
1780639860,0.1639,0.1642,0.1635,0.1636
1780639920,0.1636,0.164,0.1635,0.1637
1780639980,0.1637,0.1637,0.1631,0.1632
1780640040,0.1632,0.1635,0.1625,0.1629
1780640100,0.1629,0.1635,0.1624,0.1625
1780640160,0.1625,0.1628,0.1621,0.1624
1780640220,0.1624,0.1628,0.1621,0.1627
1780640280,0.1627,0.163,0.162,0.1623
1780640340,0.1623,0.1623,0.1613,0.1613
1780640400,0.1613,0.1621,0.1613,0.1614
1780640460,0.1614,0.1619,0.1612,0.1617
1780640520,0.1617,0.1618,0.1609,0.1609
1780640580,0.1609,0.1614,0.1606,0.1608
1780640640,0.1608,0.1614,0.1599,0.1614
1780640700,0.1614,0.1621,0.1612,0.1616
1780640760,0.1616,0.1624,0.1616,0.1617
1780640820,0.1617,0.1628,0.1613,0.1623
1780640880,0.1623,0.1629,0.1623,0.1629
1780640940,0.1629,0.1634,0.1624,0.1633
1780641000,0.1633,0.1637,0.1628,0.1628
1780641060,0.1628,0.1631,0.1626,0.1631
1780641120,0.1631,0.1634,0.1629,0.1629
1780641180,0.1629,0.1635,0.1626,0.1634
1780641240,0.1634,0.1635,0.1625,0.1626
1780641300,0.1626,0.1626,0.1618,0.1621
1780641360,0.1621,0.1632,0.1621,0.1632
1780641420,0.1632,0.1632,0.1622,0.1622
1780641480,0.1622,0.1628,0.1621,0.1627
1780641540,0.1627,0.1632,0.1624,0.1624
1780641600,0.1624,0.1626,0.1617,0.1618
1780641660,0.1618,0.1622,0.1617,0.162
1780641720,0.162,0.1621,0.1613,0.1614
1780641780,0.1614,0.1624,0.1612,0.1623
1780641840,0.1623,0.1637,0.1622,0.1635
1780641900,0.1635,0.1638,0.1625,0.1625
1780641960,0.1625,0.1625,0.1619,0.1619
1780642020,0.1619,0.1625,0.1617,0.1623
1780642080,0.1623,0.1625,0.1621,0.1621
1780642140,0.1621,0.1621,0.1615,0.1615
1780642200,0.1615,0.1615,0.1609,0.161
1780642260,0.161,0.1617,0.1609,0.1612
1780642320,0.1612,0.1615,0.161,0.1615
1780642380,0.1615,0.1621,0.1614,0.1621
1780642440,0.1621,0.1622,0.1618,0.162
1780642500,0.162,0.162,0.1615,0.1616
1780642560,0.1616,0.1616,0.1612,0.1612
1780642620,0.1612,0.162,0.1612,0.162
1780642680,0.162,0.1622,0.1613,0.1614
1780642740,0.1614,0.1618,0.1613,0.1616
1780642800,0.1616,0.1619,0.1614,0.1618
1780642860,0.1618,0.162,0.1611,0.1612
1780642920,0.1612,0.1615,0.1609,0.161
1780642980,0.161,0.1611,0.1607,0.1611
1780643040,0.1611,0.1611,0.1603,0.1604
1780643100,0.1604,0.1606,0.1596,0.1602
1780643160,0.1602,0.1604,0.1597,0.1598
1780643220,0.1598,0.16,0.1594,0.1597
1780643280,0.1597,0.16,0.1595,0.1596
1780643340,0.1596,0.16,0.1591,0.1592
1780643400,0.1592,0.16,0.1588,0.1593
1780643460,0.1593,0.1596,0.1592,0.1592
1780643520,0.1592,0.1598,0.1589,0.1597
1780643580,0.1597,0.1598,0.1588,0.159
1780643640,0.159,0.1591,0.1586,0.1586
1780643700,0.1586,0.1596,0.1586,0.1594
1780643760,0.1594,0.1603,0.1594,0.1603
1780643820,0.1603,0.1603,0.1593,0.1596
1780643880,0.1596,0.1601,0.1596,0.1597
1780643940,0.1597,0.1602,0.1596,0.1601
1780644000,0.1601,0.1601,0.1596,0.1597
1780644060,0.1597,0.1606,0.1596,0.1606
1780644120,0.1606,0.1611,0.1603,0.1606
1780644180,0.1606,0.1616,0.1604,0.1615
1780644240,0.1615,0.1616,0.1608,0.161
1780644300,0.161,0.1612,0.1605,0.1611
1780644360,0.1611,0.1623,0.1611,0.1623
1780644420,0.1623,0.1634,0.1621,0.1634
1780644480,0.1634,0.1637,0.1631,0.1634
1780644540,0.1634,0.1634,0.1628,0.1631
1780644600,0.1631,0.1635,0.1626,0.1634
1780644660,0.1634,0.1634,0.1627,0.163
1780644720,0.163,0.1641,0.163,0.1641
1780644780,0.1641,0.1642,0.1635,0.164
1780644840,0.164,0.1645,0.1636,0.1638
1780644900,0.1638,0.1643,0.1635,0.1642
1780644960,0.1642,0.1648,0.1634,0.1635
1780645020,0.1635,0.164,0.1635,0.1638
1780645080,0.1638,0.1641,0.1635,0.164
1780645140,0.164,0.1644,0.1634,0.1642
1780645200,0.1642,0.1642,0.1636,0.164
1780645260,0.164,0.1644,0.1639,0.1641
1780645320,0.1641,0.1644,0.164,0.1642
1780645380,0.1642,0.1646,0.1641,0.1645
1780645440,0.1645,0.1646,0.1639,0.1646
1780645500,0.1646,0.1648,0.1644,0.1646
1780645560,0.1646,0.1647,0.1638,0.1639
1780645620,0.1639,0.1642,0.1637,0.1642
1780645680,0.1642,0.1652,0.1642,0.1651
1780645740,0.1651,0.1658,0.1646,0.1647
1780645800,0.1647,0.1647,0.1637,0.1638
1780645860,0.1638,0.1647,0.1637,0.1645
1780645920,0.1645,0.1647,0.1642,0.1646
1780645980,0.1646,0.1646,0.1639,0.1642
1780646040,0.1642,0.1644,0.1638,0.164
1780646100,0.164,0.1643,0.1634,0.1634
1780646160,0.1634,0.1637,0.1631,0.1631
1780646220,0.1631,0.1635,0.1631,0.1634
1780646280,0.1634,0.1636,0.163,0.1632
1780646340,0.1632,0.1636,0.1628,0.1632
1780646400,0.1632,0.1634,0.1628,0.1632
1780646460,0.1632,0.1634,0.1629,0.163
1780646520,0.163,0.1631,0.1627,0.1628
1780646580,0.1628,0.1631,0.1627,0.1629
1780646640,0.1629,0.163,0.1625,0.1626
1780646700,0.1626,0.1627,0.1613,0.1621
1780646760,0.1621,0.163,0.1619,0.163
1780646820,0.163,0.163,0.1624,0.1626
1780646880,0.1626,0.1627,0.1618,0.1619
1780646940,0.1619,0.162,0.1616,0.1616
1780647000,0.1616,0.1616,0.1608,0.161
1780647060,0.161,0.1614,0.1609,0.1613
1780647120,0.1613,0.1614,0.161,0.1613
1780647180,0.1613,0.1613,0.1608,0.1611
1780647240,0.1611,0.1611,0.1607,0.161
1780647300,0.161,0.1611,0.1603,0.1605
1780647360,0.1605,0.1611,0.1605,0.161
1780647420,0.161,0.161,0.1603,0.1603
1780647480,0.1603,0.1609,0.1602,0.1609
1780647540,0.1609,0.1609,0.1604,0.1607
1780647600,0.1607,0.1608,0.1603,0.1605
1780647660,0.1605,0.1605,0.16,0.1605
1780647720,0.1605,0.1608,0.16,0.1602
1780647780,0.1602,0.1603,0.1598,0.1601
1780647840,0.1601,0.1602,0.1598,0.1601
1780647900,0.1601,0.1603,0.1599,0.1601
1780647960,0.1601,0.1603,0.1601,0.1602
1780648020,0.1602,0.1607,0.1601,0.1605
1780648080,0.1605,0.1606,0.16,0.1603
1780648140,0.1603,0.1604,0.1599,0.1602
1780648200,0.1602,0.1603,0.1595,0.1599
1780648260,0.1599,0.1601,0.1596,0.16
1780648320,0.16,0.1606,0.1597,0.1597
1780648380,0.1597,0.1599,0.1593,0.1597
1780648440,0.1597,0.16,0.1596,0.1599
1780648500,0.1599,0.1601,0.1598,0.1599
1780648560,0.1599,0.1599,0.1595,0.1596
1780648620,0.1596,0.1597,0.1592,0.1595
1780648680,0.1595,0.1596,0.1587,0.1589
1780648740,0.1589,0.159,0.1584,0.1586
1780648800,0.1586,0.1591,0.1584,0.1591
1780648860,0.1591,0.1596,0.1589,0.1595
1780648920,0.1595,0.1596,0.1591,0.1592
1780648980,0.1592,0.1593,0.1588,0.159
1780649040,0.159,0.1594,0.159,0.1591
1780649100,0.1591,0.1595,0.1589,0.1592
1780649160,0.1592,0.1595,0.1591,0.1595
1780649220,0.1595,0.16,0.1594,0.1595
1780649280,0.1595,0.1596,0.1594,0.1595
1780649340,0.1595,0.1599,0.1594,0.1599
1780649400,0.1599,0.1599,0.1595,0.1596
1780649460,0.1596,0.1596,0.1592,0.1592
1780649520,0.1592,0.1599,0.159,0.1599
1780649580,0.1599,0.16,0.1593,0.1594
1780649640,0.1594,0.1601,0.1594,0.16
1780649700,0.16,0.16,0.1596,0.1599
1780649760,0.1599,0.1605,0.1599,0.1605
1780649820,0.1605,0.1609,0.1604,0.1608
1780649880,0.1608,0.161,0.1606,0.1607
1780649940,0.1607,0.1608,0.1603,0.1607
1780650000,0.1607,0.1617,0.1607,0.1613
1780650060,0.1613,0.1616,0.1612,0.1614
1780650120,0.1614,0.1619,0.1613,0.1616
1780650180,0.1616,0.1621,0.1613,0.1616
1780650240,0.1616,0.1617,0.1608,0.1611
1780650300,0.1611,0.1612,0.1602,0.1605
1780650360,0.1605,0.1611,0.1605,0.161
1780650420,0.161,0.1611,0.1608,0.1609
1780650480,0.1609,0.1613,0.1607,0.1613
1780650540,0.1613,0.1622,0.1613,0.1621
1780650600,0.1621,0.1621,0.1617,0.1619
1780650660,0.1619,0.1621,0.1617,0.1619
1780650720,0.1619,0.162,0.1616,0.1617
1780650780,0.1617,0.1639,0.1616,0.1638
1780650840,0.1638,0.1641,0.1633,0.1637
1780650900,0.1637,0.1643,0.163,0.163
1780650960,0.163,0.1637,0.1627,0.1637
1780651020,0.1637,0.1639,0.1632,0.1634
1780651080,0.1634,0.1636,0.1633,0.1635
1780651140,0.1635,0.164,0.1634,0.1634
1780651200,0.1634,0.1636,0.1633,0.1636
1780651260,0.1636,0.1641,0.1636,0.1637
1780651320,0.1637,0.1637,0.1632,0.1636
1780651380,0.1636,0.1642,0.1635,0.1642
1780651440,0.1642,0.1642,0.1638,0.1639
1780651500,0.1639,0.1646,0.1639,0.1644
1780651560,0.1644,0.1645,0.1642,0.1644
1780651620,0.1644,0.1645,0.1643,0.1643
1780651680,0.1643,0.1649,0.1641,0.1644
1780651740,0.1644,0.165,0.1644,0.1647
1780651800,0.1647,0.1648,0.1642,0.1644
1780651860,0.1644,0.1646,0.1635,0.1636
1780651920,0.1636,0.1639,0.1635,0.1638
1780651980,0.1638,0.164,0.1634,0.1635
1780652040,0.1635,0.164,0.1635,0.1636
1780652100,0.1636,0.164,0.1633,0.1633
1780652160,0.1633,0.1636,0.163,0.1634
1780652220,0.1634,0.1636,0.1632,0.1636
1780652280,0.1636,0.1639,0.1633,0.1635
1780652340,0.1635,0.1636,0.1634,0.1634
1780652400,0.1634,0.1635,0.1633,0.1633
1780652460,0.1633,0.1636,0.163,0.163
1780652520,0.163,0.1631,0.1628,0.1629
1780652580,0.1629,0.1629,0.1623,0.1626
1780652640,0.1626,0.1627,0.1624,0.1625
1780652700,0.1625,0.1627,0.1624,0.1627
1780652760,0.1627,0.163,0.1625,0.163
1780652820,0.163,0.163,0.1627,0.1628
1780652880,0.1628,0.1632,0.1627,0.1631
1780652940,0.1631,0.1631,0.1628,0.1628
1780653000,0.1628,0.1628,0.1625,0.1628
1780653060,0.1628,0.1632,0.1628,0.1632
1780653120,0.1632,0.1633,0.1628,0.1631
1780653180,0.1631,0.1631,0.1626,0.1627
1780653240,0.1627,0.1631,0.1626,0.1629
1780653300,0.1629,0.1633,0.1629,0.1632
1780653360,0.1632,0.1639,0.1631,0.1639
1780653420,0.1639,0.1642,0.1639,0.1642
1780653480,0.1642,0.1642,0.1639,0.1639
1780653540,0.1639,0.164,0.1637,0.164
1780653600,0.164,0.1642,0.1638,0.1641
1780653660,0.1641,0.1643,0.1639,0.1642
1780653720,0.1642,0.1644,0.164,0.164
1780653780,0.164,0.1646,0.164,0.1642
1780653840,0.1642,0.1645,0.164,0.1644
1780653900,0.1644,0.1647,0.1642,0.1646
1780653960,0.1646,0.1647,0.1636,0.1637
1780654020,0.1637,0.164,0.1637,0.1637
1780654080,0.1637,0.1638,0.1634,0.1637
1780654140,0.1637,0.1638,0.1632,0.1632
1780654200,0.1632,0.1636,0.1628,0.1629
1780654260,0.1629,0.1634,0.1626,0.1631
1780654320,0.1631,0.1632,0.1628,0.1629
1780654380,0.1629,0.1634,0.1629,0.1632
1780654440,0.1632,0.1638,0.1631,0.1638
1780654500,0.1638,0.1641,0.1636,0.1638
1780654560,0.1638,0.1641,0.1637,0.1639
1780654620,0.1639,0.1639,0.1636,0.1636
1780654680,0.1636,0.1636,0.1634,0.1635
1780654740,0.1635,0.1636,0.1633,0.1635
1780654800,0.1635,0.1636,0.1634,0.1636
1780654860,0.1636,0.1642,0.1636,0.1639
1780654920,0.1639,0.164,0.1637,0.1638
1780654980,0.1638,0.1638,0.1634,0.1638
1780655040,0.1638,0.1639,0.1637,0.1637
1780655100,0.1637,0.164,0.1637,0.1637
1780655160,0.1637,0.164,0.1636,0.1638
1780655220,0.1638,0.164,0.1638,0.1639
1780655280,0.1639,0.1641,0.1639,0.1641
1780655340,0.1641,0.1641,0.1639,0.1639
1780655400,0.1639,0.1642,0.1638,0.1642
1780655460,0.1642,0.1642,0.1639,0.164
1780655520,0.164,0.1645,0.1638,0.1644
1780655580,0.1644,0.1647,0.1643,0.1646
1780655640,0.1646,0.1647,0.1644,0.1645
1780655700,0.1645,0.165,0.1644,0.1648
1780655760,0.1648,0.1649,0.1643,0.1644
1780655820,0.1644,0.1645,0.1642,0.1644
1780655880,0.1644,0.1645,0.1639,0.1644
1780655940,0.1644,0.1647,0.1643,0.1644
1780656000,0.1644,0.1647,0.1644,0.1646
1780656060,0.1646,0.165,0.1646,0.1646
1780656120,0.1646,0.1649,0.1645,0.1648
1780656180,0.1648,0.1654,0.1648,0.1653
1780656240,0.1653,0.1661,0.1653,0.166
1780656300,0.166,0.1661,0.1654,0.1657
1780656360,0.1657,0.1659,0.1655,0.1657
1780656420,0.1657,0.1657,0.1652,0.1652
1780656480,0.1652,0.1652,0.1648,0.1648
1780656540,0.1648,0.165,0.1644,0.1645
1780656600,0.1645,0.1649,0.1645,0.1648
1780656660,0.1648,0.1649,0.1643,0.1644
1780656720,0.1644,0.1644,0.1635,0.1638
1780656780,0.1638,0.1643,0.1638,0.1643
1780656840,0.1643,0.1643,0.164,0.1642
1780656900,0.1642,0.1643,0.1637,0.1638
1780656960,0.1638,0.164,0.1637,0.1638
1780657020,0.1638,0.164,0.1637,0.1638
1780657080,0.1638,0.1641,0.1637,0.1639
1780657140,0.1639,0.1639,0.1637,0.1637
1780657200,0.1637,0.1637,0.1629,0.1629
1780657260,0.1629,0.1629,0.1625,0.1627
1780657320,0.1627,0.1627,0.1621,0.1627
1780657380,0.1627,0.1629,0.1624,0.1627
1780657440,0.1627,0.1627,0.1622,0.1623
1780657500,0.1623,0.1625,0.1617,0.162
1780657560,0.162,0.1623,0.162,0.1623
1780657620,0.1623,0.1624,0.1621,0.1621
1780657680,0.1621,0.1622,0.162,0.162
1780657740,0.162,0.1621,0.1616,0.1618
1780657800,0.1618,0.162,0.1615,0.1619
1780657860,0.1619,0.1627,0.1618,0.1626
1780657920,0.1626,0.1626,0.162,0.1622
1780657980,0.1622,0.1622,0.1618,0.1618
1780658040,0.1618,0.1618,0.1613,0.1615
1780658100,0.1615,0.1615,0.1612,0.1613
1780658160,0.1613,0.162,0.1613,0.162
1780658220,0.162,0.1623,0.1619,0.1621
1780658280,0.1621,0.1628,0.1621,0.1626
1780658340,0.1626,0.1627,0.1624,0.1625
1780658400,0.1625,0.1626,0.1621,0.1623
1780658460,0.1623,0.1624,0.1622,0.1623
1780658520,0.1623,0.1628,0.1621,0.1626
1780658580,0.1626,0.1628,0.1625,0.1626
1780658640,0.1626,0.1626,0.1615,0.1616
1780658700,0.1616,0.1619,0.1616,0.1618
1780658760,0.1618,0.1626,0.1617,0.1625
1780658820,0.1625,0.1633,0.1624,0.1632
1780658880,0.1632,0.1637,0.1631,0.1636
1780658940,0.1636,0.1638,0.1634,0.1637
1780659000,0.1637,0.1637,0.1628,0.1629
1780659060,0.1629,0.163,0.1626,0.1627
1780659120,0.1627,0.163,0.1627,0.163
1780659180,0.163,0.1631,0.1629,0.1631
1780659240,0.1631,0.1631,0.163,0.163
1780659300,0.163,0.164,0.163,0.1637
1780659360,0.1637,0.1638,0.1633,0.1633
1780659420,0.1633,0.1634,0.163,0.1634
1780659480,0.1634,0.1636,0.1633,0.1636
1780659540,0.1636,0.1638,0.1633,0.1636
1780659600,0.1636,0.1636,0.1634,0.1635
1780659660,0.1635,0.1635,0.1631,0.1631
1780659720,0.1631,0.1632,0.1631,0.1631
1780659780,0.1631,0.1631,0.1627,0.1628
1780659840,0.1628,0.1628,0.1624,0.1625
1780659900,0.1625,0.1625,0.1616,0.1619
1780659960,0.1619,0.1628,0.1619,0.1628
1780660020,0.1628,0.1628,0.1623,0.1625
1780660080,0.1625,0.163,0.1624,0.1628
1780660140,0.1628,0.1628,0.1622,0.1623
1780660200,0.1623,0.1627,0.1623,0.1627
1780660260,0.1627,0.1628,0.1625,0.1625
1780660320,0.1625,0.1627,0.1623,0.1624
1780660380,0.1624,0.1631,0.1623,0.1629
1780660440,0.1629,0.163,0.1624,0.1624
1780660500,0.1624,0.1625,0.1623,0.1625
1780660560,0.1625,0.1625,0.1623,0.1624
1780660620,0.1624,0.1625,0.1623,0.1625
1780660680,0.1625,0.1625,0.1623,0.1623
1780660740,0.1623,0.1623,0.1621,0.1622
1780660800,0.1622,0.1622,0.1617,0.1622
1780660860,0.1622,0.1622,0.1609,0.1612
1780660920,0.1612,0.1617,0.161,0.1617
1780660980,0.1617,0.1619,0.1613,0.1614
1780661040,0.1614,0.1615,0.1613,0.1614
1780661100,0.1614,0.1617,0.1614,0.1617
1780661160,0.1617,0.1635,0.1616,0.1634
1780661220,0.1634,0.1637,0.1632,0.1633
1780661280,0.1633,0.1635,0.1628,0.1628
1780661340,0.1628,0.1629,0.1622,0.1624
1780661400,0.1624,0.1628,0.1622,0.1627
1780661460,0.1627,0.1633,0.1627,0.1628
1780661520,0.1628,0.163,0.1624,0.1624
1780661580,0.1624,0.1628,0.1624,0.1628
1780661640,0.1628,0.1628,0.1626,0.1626
1780661700,0.1626,0.1632,0.1626,0.163
1780661760,0.163,0.1631,0.1627,0.163
1780661820,0.163,0.1634,0.163,0.163
1780661880,0.163,0.1631,0.1628,0.163
1780661940,0.163,0.1632,0.1629,0.1631
1780662000,0.1631,0.1632,0.1626,0.1627
1780662060,0.1627,0.1628,0.1626,0.1627
1780662120,0.1627,0.1631,0.1625,0.1631
1780662180,0.1631,0.1634,0.163,0.1634
1780662240,0.1634,0.1638,0.1633,0.1638
1780662300,0.1638,0.1638,0.1631,0.1632
1780662360,0.1632,0.1632,0.1627,0.1627
1780662420,0.1627,0.1627,0.162,0.162
1780662480,0.162,0.1621,0.1614,0.1614
1780662540,0.1614,0.1617,0.1613,0.1616
1780662600,0.1616,0.1627,0.1615,0.1618
1780662660,0.1618,0.1618,0.1606,0.1613
1780662720,0.1613,0.1615,0.1609,0.1613
1780662780,0.1613,0.1614,0.161,0.1612
1780662840,0.1612,0.1613,0.1603,0.1606
1780662900,0.1606,0.1609,0.1606,0.1608
1780662960,0.1608,0.1611,0.1605,0.161
1780663020,0.161,0.1619,0.161,0.1619
1780663080,0.1619,0.162,0.1615,0.1617
1780663140,0.1617,0.162,0.1612,0.1612
1780663200,0.1612,0.1614,0.1607,0.1611
1780663260,0.1611,0.1614,0.161,0.1612
1780663320,0.1612,0.1613,0.1611,0.1613
1780663380,0.1613,0.162,0.1611,0.1619
1780663440,0.1619,0.1619,0.1613,0.1614
1780663500,0.1614,0.1617,0.1614,0.1614
1780663560,0.1614,0.1617,0.1611,0.1617
1780663620,0.1617,0.1621,0.1615,0.1616
1780663680,0.1616,0.1618,0.1615,0.1618
1780663740,0.1618,0.1619,0.1615,0.1616
1780663800,0.1616,0.1617,0.1611,0.1611
1780663860,0.1611,0.1613,0.161,0.1611
1780663920,0.1611,0.1619,0.1611,0.1617
1780663980,0.1617,0.1618,0.1614,0.1616
1780664040,0.1616,0.1616,0.1613,0.1613
1780664100,0.1613,0.1614,0.1608,0.1611
1780664160,0.1611,0.1614,0.1611,0.1613
1780664220,0.1613,0.1621,0.1613,0.162
1780664280,0.162,0.1624,0.1618,0.1623
1780664340,0.1623,0.1627,0.1622,0.1627
1780664400,0.1627,0.163,0.1625,0.1626
1780664460,0.1626,0.1629,0.1625,0.1629
1780664520,0.1629,0.1631,0.1625,0.1627
1780664580,0.1627,0.1637,0.1626,0.1635
1780664640,0.1635,0.1638,0.163,0.1637
1780664700,0.1637,0.1643,0.1634,0.1634
1780664760,0.1634,0.1638,0.1633,0.1638
1780664820,0.1638,0.164,0.1637,0.1639
1780664880,0.1639,0.1642,0.1638,0.164
1780664940,0.164,0.1644,0.1638,0.1644
1780665000,0.1644,0.1649,0.1642,0.1643
1780665060,0.1643,0.1644,0.164,0.1642
1780665120,0.1642,0.1645,0.1634,0.1635
1780665180,0.1635,0.1638,0.1635,0.1637
1780665240,0.1637,0.1639,0.1635,0.1636
1780665300,0.1636,0.1636,0.1634,0.1636
1780665360,0.1636,0.1638,0.1629,0.1631
1780665420,0.1631,0.1639,0.163,0.1636
1780665480,0.1636,0.1641,0.1636,0.1638
1780665540,0.1638,0.164,0.1635,0.1636
1780665600,0.1636,0.1643,0.1634,0.1641
1780665660,0.1641,0.1645,0.1639,0.1644
1780665720,0.1644,0.1644,0.1638,0.164
1780665780,0.164,0.1642,0.1637,0.1642
1780665840,0.1642,0.1645,0.164,0.1643
1780665900,0.1643,0.1651,0.1642,0.1648
1780665960,0.1648,0.1648,0.1646,0.1648
1780666020,0.1648,0.1649,0.1642,0.1643
1780666080,0.1643,0.1646,0.1639,0.1639
1780666140,0.1639,0.1639,0.1634,0.1635
1780666200,0.1635,0.1636,0.1629,0.163
1780666260,0.163,0.1642,0.1628,0.1642
1780666320,0.1642,0.1644,0.1637,0.1638
1780666380,0.1638,0.1641,0.1636,0.1638
1780666440,0.1638,0.1644,0.1638,0.1638
1780666500,0.1638,0.1644,0.1636,0.1643
1780666560,0.1643,0.1644,0.1639,0.164
1780666620,0.164,0.1641,0.1634,0.1634
1780666680,0.1634,0.1635,0.1629,0.1629
1780666740,0.1629,0.163,0.1624,0.1624
1780666800,0.1624,0.1628,0.1623,0.1626
1780666860,0.1626,0.1627,0.1619,0.162
1780666920,0.162,0.1623,0.1618,0.1619
1780666980,0.1619,0.1626,0.1619,0.162
1780667040,0.162,0.1621,0.1612,0.1618
1780667100,0.1618,0.1621,0.1613,0.1615
1780667160,0.1615,0.1617,0.1613,0.1615
1780667220,0.1615,0.1615,0.1611,0.1611
1780667280,0.1611,0.1611,0.1606,0.1608
1780667340,0.1608,0.161,0.16,0.1601
1780667400,0.1601,0.1608,0.16,0.1608
1780667460,0.1608,0.1611,0.1604,0.1606
1780667520,0.1606,0.1614,0.1605,0.1606
1780667580,0.1606,0.1606,0.1602,0.1604
1780667640,0.1604,0.161,0.1603,0.1607
1780667700,0.1607,0.1608,0.1598,0.16
1780667760,0.16,0.1602,0.1596,0.1599
1780667820,0.1599,0.16,0.1594,0.1596
1780667880,0.1596,0.1602,0.1593,0.1599
1780667940,0.1599,0.1601,0.1595,0.1596
1780668000,0.1596,0.1603,0.1595,0.1603
1780668060,0.1603,0.1604,0.1588,0.1594
1780668120,0.1594,0.1601,0.159,0.1593
1780668180,0.1593,0.1593,0.1586,0.1588
1780668240,0.1588,0.1589,0.1577,0.1579
1780668300,0.1579,0.1588,0.1578,0.1586
1780668360,0.1586,0.1598,0.1581,0.1594
1780668420,0.1594,0.1607,0.1594,0.1603
1780668480,0.1603,0.1616,0.1603,0.1616
1780668540,0.1616,0.1619,0.1614,0.1617
1780668600,0.1617,0.1618,0.1606,0.1607
1780668660,0.1607,0.1608,0.1601,0.1604
1780668720,0.1604,0.1608,0.1603,0.1607
1780668780,0.1607,0.1614,0.1607,0.1612
1780668840,0.1612,0.1612,0.1608,0.161
1780668900,0.161,0.1618,0.1609,0.1618
1780668960,0.1618,0.1623,0.1618,0.1619
1780669020,0.1619,0.1621,0.1615,0.162
1780669080,0.162,0.1621,0.1615,0.1617
1780669140,0.1617,0.1621,0.1617,0.162
1780669200,0.162,0.1625,0.162,0.1623
1780669260,0.1623,0.1626,0.1618,0.162
1780669320,0.162,0.1622,0.1615,0.1616
1780669380,0.1616,0.1619,0.1614,0.1616
1780669440,0.1616,0.1616,0.161,0.1614
1780669500,0.1614,0.1617,0.1611,0.1613
1780669560,0.1613,0.1613,0.1609,0.1611
1780669620,0.1611,0.1614,0.161,0.161
1780669680,0.161,0.1613,0.1608,0.1613
1780669740,0.1613,0.1616,0.1612,0.1616
1780669800,0.1616,0.1619,0.1615,0.1619
1780669860,0.1619,0.1619,0.1612,0.1614
1780669920,0.1614,0.1614,0.1606,0.1608
1780669980,0.1608,0.1612,0.1608,0.1612
1780670040,0.1612,0.1623,0.161,0.1623
1780670100,0.1623,0.1628,0.1617,0.1626
1780670160,0.1626,0.1629,0.162,0.1628
1780670220,0.1628,0.1631,0.1625,0.1629
1780670280,0.1629,0.163,0.162,0.162
1780670340,0.162,0.1623,0.1614,0.1615
1780670400,0.1615,0.1619,0.1614,0.1618
1780670460,0.1618,0.1619,0.1613,0.1613
1780670520,0.1613,0.1616,0.1611,0.1614
1780670580,0.1614,0.1616,0.1609,0.1611
1780670640,0.1611,0.1611,0.1606,0.161
1780670700,0.161,0.1619,0.161,0.1619
1780670760,0.1619,0.162,0.1612,0.1612
1780670820,0.1612,0.1612,0.1604,0.1605
1780670880,0.1605,0.1607,0.1601,0.1604
1780670940,0.1604,0.1604,0.1598,0.1598
1780671000,0.1598,0.1606,0.1598,0.1604
1780671060,0.1604,0.1606,0.1603,0.1605
1780671120,0.1605,0.1605,0.1599,0.1601
1780671180,0.1601,0.1602,0.1598,0.16
1780671240,0.16,0.1602,0.1598,0.1599
1780671300,0.1599,0.1602,0.1596,0.1602
1780671360,0.1602,0.1606,0.16,0.1603
1780671420,0.1603,0.161,0.1603,0.1606
1780671480,0.1606,0.1606,0.16,0.1602
1780671540,0.1602,0.1605,0.1601,0.1601
1780671600,0.1601,0.1604,0.1596,0.1597
1780671660,0.1597,0.16,0.159,0.1599
1780671720,0.1599,0.1604,0.1594,0.1603
1780671780,0.1603,0.1609,0.1602,0.1606
1780671840,0.1606,0.1608,0.1602,0.1607
1780671900,0.1607,0.1607,0.1602,0.1602
1780671960,0.1602,0.1605,0.1601,0.1604
1780672020,0.1604,0.1604,0.1601,0.1602
1780672080,0.1602,0.1602,0.1594,0.1594
1780672140,0.1594,0.1596,0.1589,0.1592
1780672200,0.1592,0.1594,0.1589,0.1589
1780672260,0.1589,0.159,0.1583,0.1583
1780672320,0.1583,0.1588,0.1582,0.1584
1780672380,0.1584,0.1587,0.1582,0.1582
1780672440,0.1582,0.1584,0.158,0.1583
1780672500,0.1583,0.1585,0.1573,0.158
1780672560,0.158,0.1584,0.1579,0.1581
1780672620,0.1581,0.1588,0.1581,0.1588
1780672680,0.1588,0.1591,0.1587,0.1589
1780672740,0.1589,0.1591,0.1584,0.1591
1780672800,0.1591,0.1591,0.1579,0.1579
1780672860,0.1579,0.1587,0.1576,0.1587
1780672920,0.1587,0.1588,0.1584,0.1588
1780672980,0.1588,0.1598,0.1587,0.1595
1780673040,0.1595,0.1596,0.159,0.1592
1780673100,0.1592,0.16,0.1591,0.1598
1780673160,0.1598,0.1602,0.1596,0.1597
1780673220,0.1597,0.1601,0.1593,0.1595
1780673280,0.1595,0.1595,0.1589,0.159
1780673340,0.159,0.1592,0.1588,0.1591
1780673400,0.1591,0.1593,0.1589,0.1592
1780673460,0.1592,0.1593,0.1588,0.1592
1780673520,0.1592,0.1593,0.1584,0.1584
1780673580,0.1584,0.1586,0.1583,0.1584
1780673640,0.1584,0.1586,0.1582,0.1585
1780673700,0.1585,0.1588,0.1583,0.1583
1780673760,0.1583,0.1584,0.1573,0.1575
1780673820,0.1575,0.1579,0.1573,0.1577
1780673880,0.1577,0.1581,0.1576,0.1581
1780673940,0.1581,0.1582,0.1575,0.1579
1780674000,0.1579,0.1579,0.1575,0.1578
1780674060,0.1578,0.158,0.1576,0.1578
1780674120,0.1578,0.1588,0.1578,0.1588
1780674180,0.1588,0.159,0.1586,0.1589
1780674240,0.1589,0.1589,0.1579,0.1582
1780674300,0.1582,0.1582,0.1575,0.1575
1780674360,0.1575,0.1578,0.157,0.1577
1780674420,0.1577,0.158,0.1568,0.1569
1780674480,0.1569,0.1573,0.1563,0.1571
1780674540,0.1571,0.1586,0.157,0.1583
1780674600,0.1583,0.1584,0.1578,0.1579
1780674660,0.1579,0.158,0.1575,0.1576
1780674720,0.1576,0.1576,0.1572,0.1573
1780674780,0.1573,0.1577,0.1573,0.1574
1780674840,0.1574,0.1576,0.1571,0.1575
1780674900,0.1575,0.1577,0.1571,0.1577
1780674960,0.1577,0.1578,0.1574,0.1576
1780675020,0.1576,0.158,0.1574,0.158
1780675080,0.158,0.158,0.1571,0.1571
1780675140,0.1571,0.1573,0.1568,0.1571
1780675200,0.1571,0.1571,0.1559,0.156
1780675260,0.156,0.1565,0.1558,0.1559
1780675320,0.1559,0.156,0.1549,0.1558
1780675380,0.1558,0.1562,0.1554,0.1561
1780675440,0.1561,0.1562,0.1554,0.1559
1780675500,0.1559,0.1564,0.1557,0.1561
1780675560,0.1561,0.1566,0.1558,0.1565
1780675620,0.1565,0.1567,0.1557,0.156
1780675680,0.156,0.156,0.1551,0.1556
1780675740,0.1556,0.156,0.1552,0.156
1780675800,0.156,0.156,0.1551,0.1553
1780675860,0.1553,0.1558,0.1547,0.1549
1780675920,0.1549,0.156,0.1543,0.1558
1780675980,0.1558,0.1572,0.1555,0.1571
1780676040,0.1571,0.1582,0.1571,0.1576
1780676100,0.1576,0.159,0.1571,0.1586
1780676160,0.1586,0.1588,0.158,0.1587
1780676220,0.1587,0.1587,0.1582,0.1586
1780676280,0.1586,0.1597,0.1585,0.1595
1780676340,0.1595,0.1597,0.1591,0.1593
1780676400,0.1593,0.16,0.1592,0.1596
1780676460,0.1596,0.1608,0.1595,0.1608
1780676520,0.1608,0.1611,0.1605,0.1607
1780676580,0.1607,0.1608,0.1596,0.1597
1780676640,0.1597,0.1601,0.1592,0.1599
1780676700,0.1599,0.16,0.1594,0.1597
1780676760,0.1597,0.1597,0.1591,0.1592
1780676820,0.1592,0.1601,0.1592,0.1599
1780676880,0.1599,0.1599,0.1589,0.1589
1780676940,0.1589,0.1591,0.1587,0.1588
1780677000,0.1588,0.1597,0.1586,0.1596
1780677060,0.1596,0.1598,0.1593,0.1596
1780677120,0.1596,0.1603,0.1595,0.1599
1780677180,0.1599,0.1602,0.1597,0.1599
1780677240,0.1599,0.1601,0.1597,0.16
1780677300,0.16,0.1605,0.1599,0.1601
1780677360,0.1601,0.1601,0.1594,0.1596
1780677420,0.1596,0.1596,0.159,0.1593
1780677480,0.1593,0.1599,0.1593,0.1595
1780677540,0.1595,0.1598,0.1594,0.1597
1780677600,0.1597,0.1598,0.1595,0.1595
1780677660,0.1595,0.1595,0.1592,0.1594
1780677720,0.1594,0.1595,0.1592,0.1593
1780677780,0.1593,0.16,0.1591,0.16
1780677840,0.16,0.16,0.1593,0.1594
1780677900,0.1594,0.16,0.1593,0.1597
1780677960,0.1597,0.1603,0.1597,0.1601
1780678020,0.1601,0.1603,0.1596,0.1603
1780678080,0.1603,0.1608,0.16,0.1608
1780678140,0.1608,0.1614,0.1606,0.1613
1780678200,0.1613,0.1621,0.1613,0.1621
1780678260,0.1621,0.1626,0.162,0.1625
1780678320,0.1625,0.1625,0.1617,0.1622
1780678380,0.1622,0.1623,0.1617,0.1619
1780678440,0.1619,0.1623,0.1616,0.1623
1780678500,0.1623,0.1626,0.162,0.1623
1780678560,0.1623,0.1629,0.162,0.1626
1780678620,0.1626,0.1632,0.1624,0.1632
1780678680,0.1632,0.1633,0.1627,0.1632
1780678740,0.1632,0.1633,0.1626,0.1626
1780678800,0.1626,0.1637,0.1626,0.163
1780678860,0.163,0.1631,0.1625,0.1625
1780678920,0.1625,0.1626,0.1623,0.1623
1780678980,0.1623,0.1631,0.1621,0.163
1780679040,0.163,0.1636,0.1627,0.1636
1780679100,0.1636,0.1636,0.1629,0.163
1780679160,0.163,0.163,0.1622,0.1624
1780679220,0.1624,0.1629,0.1624,0.1628
1780679280,0.1628,0.1634,0.1625,0.163
1780679340,0.163,0.1632,0.1628,0.1631
1780679400,0.1631,0.1631,0.1626,0.1628
1780679460,0.1628,0.1629,0.1616,0.1617
1780679520,0.1617,0.162,0.1613,0.1617
1780679580,0.1617,0.1619,0.1615,0.1619
1780679640,0.1619,0.1622,0.1617,0.1621
1780679700,0.1621,0.1622,0.1611,0.1616
1780679760,0.1616,0.1616,0.1612,0.1613
1780679820,0.1613,0.1617,0.1612,0.1616
1780679880,0.1616,0.1616,0.1611,0.1611
1780679940,0.1611,0.1613,0.1609,0.161
1780680000,0.161,0.1613,0.161,0.1611
1780680060,0.1611,0.1615,0.161,0.1614
1780680120,0.1614,0.1617,0.1613,0.1615
1780680180,0.1615,0.1616,0.1611,0.1611
1780680240,0.1611,0.1614,0.161,0.1614
1780680300,0.1614,0.1615,0.1606,0.1606
1780680360,0.1606,0.1609,0.1605,0.1608
1780680420,0.1608,0.1611,0.1608,0.161
1780680480,0.161,0.1612,0.1607,0.1607
1780680540,0.1607,0.1607,0.1604,0.1606
1780680600,0.1606,0.1609,0.1606,0.1608
1780680660,0.1608,0.1608,0.1604,0.1607
1780680720,0.1607,0.1607,0.1604,0.1607
1780680780,0.1607,0.1611,0.1606,0.1611
1780680840,0.1611,0.1614,0.161,0.1614
1780680900,0.1614,0.1616,0.1611,0.1613
1780680960,0.1613,0.1616,0.161,0.1611
1780681020,0.1611,0.1616,0.1609,0.1609
1780681080,0.1609,0.1613,0.1609,0.1611
1780681140,0.1611,0.1616,0.1611,0.1615
1780681200,0.1615,0.1623,0.1614,0.1619
1780681260,0.1619,0.1619,0.1612,0.1612
1780681320,0.1612,0.1618,0.1612,0.1617
1780681380,0.1617,0.1617,0.1615,0.1615
1780681440,0.1615,0.1616,0.1606,0.1607
1780681500,0.1607,0.1611,0.1607,0.1609
1780681560,0.1609,0.1609,0.1602,0.1603
1780681620,0.1603,0.1605,0.16,0.1605
1780681680,0.1605,0.1605,0.1601,0.1603
1780681740,0.1603,0.1604,0.1596,0.1597
1780681800,0.1597,0.1603,0.1597,0.1603
1780681860,0.1603,0.1604,0.1597,0.16
1780681920,0.16,0.1603,0.1599,0.1602
1780681980,0.1602,0.1604,0.16,0.1602
1780682040,0.1602,0.1602,0.16,0.1602
1780682100,0.1602,0.1603,0.1598,0.1598
1780682160,0.1598,0.1605,0.1598,0.1604
1780682220,0.1604,0.1608,0.1604,0.1606
1780682280,0.1606,0.1608,0.1606,0.1607
1780682340,0.1607,0.1608,0.1605,0.1608
1780682400,0.1608,0.1614,0.1606,0.1614
1780682460,0.1614,0.1616,0.1611,0.1616
1780682520,0.1616,0.1617,0.1612,0.1613
1780682580,0.1613,0.1615,0.1609,0.1614
1780682640,0.1614,0.1616,0.1613,0.1615
1780682700,0.1615,0.1618,0.1613,0.1615
1780682760,0.1615,0.1623,0.1615,0.1622
1780682820,0.1622,0.1625,0.162,0.1623
1780682880,0.1623,0.1623,0.1618,0.1618
1780682940,0.1618,0.162,0.1616,0.1616
1780683000,0.1616,0.1618,0.1613,0.1614
1780683060,0.1614,0.1617,0.1613,0.1617
1780683120,0.1617,0.1617,0.1612,0.1616
1780683180,0.1616,0.162,0.1616,0.1619
1780683240,0.1619,0.1619,0.1614,0.1614
1780683300,0.1614,0.1615,0.1612,0.1613
1780683360,0.1613,0.1616,0.1613,0.1616
1780683420,0.1616,0.1617,0.1615,0.1616
1780683480,0.1616,0.1617,0.1609,0.161
1780683540,0.161,0.1611,0.1605,0.1606
1780683600,0.1606,0.161,0.1602,0.161
1780683660,0.161,0.161,0.1603,0.1604
1780683720,0.1604,0.1606,0.1603,0.1604
1780683780,0.1604,0.1607,0.1601,0.1601
1780683840,0.1601,0.1603,0.1598,0.16
1780683900,0.16,0.1602,0.1598,0.1601
1780683960,0.1601,0.1601,0.1594,0.1596
1780684020,0.1596,0.1599,0.1596,0.1596
1780684080,0.1596,0.1598,0.1593,0.1594
1780684140,0.1594,0.1596,0.1592,0.1593
1780684200,0.1593,0.1594,0.1588,0.159
1780684260,0.159,0.1595,0.159,0.1591
1780684320,0.1591,0.1593,0.1586,0.159
1780684380,0.159,0.1595,0.159,0.1594
1780684440,0.1594,0.1595,0.1592,0.1593
1780684500,0.1593,0.1595,0.1591,0.1592
1780684560,0.1592,0.1592,0.1588,0.159
1780684620,0.159,0.1591,0.1585,0.1591
1780684680,0.1591,0.1593,0.159,0.159
1780684740,0.159,0.1601,0.159,0.1601
1780684800,0.1601,0.1604,0.1601,0.1602
1780684860,0.1602,0.1602,0.1593,0.1593
1780684920,0.1593,0.1595,0.1589,0.1589
1780684980,0.1589,0.1592,0.1586,0.1586
1780685040,0.1586,0.1594,0.1583,0.1593
1780685100,0.1593,0.1594,0.1585,0.1585
1780685160,0.1585,0.1586,0.1583,0.1583
1780685220,0.1583,0.1583,0.1579,0.1581
1780685280,0.1581,0.1583,0.1579,0.1583
1780685340,0.1583,0.1588,0.1583,0.1586
1780685400,0.1586,0.1588,0.1583,0.1585
1780685460,0.1585,0.1586,0.1577,0.1579
1780685520,0.1579,0.158,0.1571,0.1573
1780685580,0.1573,0.1579,0.1571,0.1574
1780685640,0.1574,0.1576,0.1571,0.1573
1780685700,0.1573,0.158,0.1571,0.1579
1780685760,0.1579,0.1589,0.1576,0.1587
1780685820,0.1587,0.1589,0.1582,0.1584
1780685880,0.1584,0.1584,0.1575,0.1575
1780685940,0.1575,0.1579,0.1575,0.1575
1780686000,0.1575,0.1576,0.1564,0.1569
1780686060,0.1569,0.1572,0.1564,0.157
1780686120,0.157,0.1574,0.1568,0.1573
1780686180,0.1573,0.1576,0.1571,0.1572
1780686240,0.1572,0.1572,0.1562,0.1564
1780686300,0.1564,0.157,0.1562,0.1567
1780686360,0.1567,0.1569,0.156,0.156
1780686420,0.156,0.1563,0.1556,0.1561
1780686480,0.1561,0.1563,0.156,0.1562
1780686540,0.1562,0.157,0.1561,0.1568
1780686600,0.1568,0.1573,0.1566,0.1573
1780686660,0.1573,0.1574,0.1564,0.1566
1780686720,0.1566,0.1569,0.1561,0.1562
1780686780,0.1562,0.1568,0.1561,0.1564
1780686840,0.1564,0.1566,0.1562,0.1564
1780686900,0.1564,0.1565,0.156,0.1561
1780686960,0.1561,0.1563,0.1551,0.156
1780687020,0.156,0.1561,0.1548,0.155
1780687080,0.155,0.1557,0.1549,0.1555
1780687140,0.1555,0.1558,0.1553,0.1556
1780687200,0.1556,0.1567,0.1555,0.1567
1780687260,0.1567,0.1567,0.1561,0.1564
1780687320,0.1564,0.157,0.156,0.1567
1780687380,0.1567,0.1571,0.1565,0.1568
1780687440,0.1568,0.1572,0.1567,0.1572
1780687500,0.1572,0.1576,0.1569,0.1574
1780687560,0.1574,0.1578,0.1574,0.1575
1780687620,0.1575,0.1582,0.1575,0.1582
1780687680,0.1582,0.1582,0.158,0.158
1780687740,0.158,0.1585,0.158,0.1585
1780687800,0.1585,0.1587,0.1583,0.1584
1780687860,0.1584,0.1584,0.1577,0.1577
1780687920,0.1577,0.158,0.1575,0.158
1780687980,0.158,0.1588,0.1579,0.1583
1780688040,0.1583,0.1588,0.1582,0.1588
1780688100,0.1588,0.1593,0.1586,0.1591
1780688160,0.1591,0.1595,0.1587,0.1593
1780688220,0.1593,0.1594,0.159,0.1594
1780688280,0.1594,0.1594,0.1589,0.159
1780688340,0.159,0.1593,0.1589,0.1592
1780688400,0.1592,0.1598,0.1591,0.1592
1780688460,0.1592,0.1592,0.1585,0.159
1780688520,0.159,0.1592,0.1589,0.1591
1780688580,0.1591,0.1591,0.1587,0.1589
1780688640,0.1589,0.1595,0.1588,0.1595
1780688700,0.1595,0.1601,0.1592,0.16
1780688760,0.16,0.1616,0.1599,0.1612
1780688820,0.1612,0.1615,0.1609,0.1612
1780688880,0.1612,0.1615,0.1608,0.1612
1780688940,0.1612,0.1613,0.1607,0.1607
1780689000,0.1607,0.161,0.1603,0.1607
1780689060,0.1607,0.1614,0.1606,0.1608
1780689120,0.1608,0.1612,0.1608,0.1609
1780689180,0.1609,0.1611,0.1604,0.1604
1780689240,0.1604,0.161,0.1604,0.1608
1780689300,0.1608,0.1608,0.1605,0.1608
1780689360,0.1608,0.1609,0.1607,0.1607
1780689420,0.1607,0.1607,0.1603,0.1604
1780689480,0.1604,0.1606,0.1603,0.1605
1780689540,0.1605,0.1607,0.1603,0.1605
1780689600,0.1605,0.1612,0.1603,0.1611
1780689660,0.1611,0.1611,0.16,0.1602
1780689720,0.1602,0.1603,0.1593,0.1595
1780689780,0.1595,0.1595,0.1586,0.1587
1780689840,0.1587,0.1591,0.1587,0.1589
1780689900,0.1589,0.1589,0.1581,0.1581
1780689960,0.1581,0.1591,0.1581,0.1588
1780690020,0.1588,0.1592,0.1587,0.1592
1780690080,0.1592,0.1603,0.1592,0.1603
1780690140,0.1603,0.1612,0.1602,0.1608
1780690200,0.1608,0.1611,0.1602,0.1602
1780690260,0.1602,0.1604,0.1599,0.1604
1780690320,0.1604,0.1607,0.1601,0.1602
1780690380,0.1602,0.1607,0.1602,0.1604
1780690440,0.1604,0.161,0.1604,0.161
1780690500,0.161,0.1613,0.1609,0.1612
1780690560,0.1612,0.1612,0.1603,0.1604
1780690620,0.1604,0.1604,0.1601,0.1603
1780690680,0.1603,0.1608,0.1601,0.1604
1780690740,0.1604,0.1611,0.1604,0.161
1780690800,0.161,0.1614,0.1608,0.1612
1780690860,0.1612,0.1612,0.1604,0.1605
1780690920,0.1605,0.1609,0.1604,0.1609
1780690980,0.1609,0.1611,0.1607,0.1609
1780691040,0.1609,0.1619,0.1609,0.1619
1780691100,0.1619,0.1624,0.1617,0.1623
1780691160,0.1623,0.1623,0.1618,0.1618
1780691220,0.1618,0.1619,0.1616,0.1616
1780691280,0.1616,0.162,0.1615,0.1619
1780691340,0.1619,0.162,0.1616,0.1617
1780691400,0.1617,0.162,0.1615,0.162
1780691460,0.162,0.1622,0.1617,0.1619
1780691520,0.1619,0.162,0.1616,0.1617
1780691580,0.1617,0.1617,0.161,0.1611
1780691640,0.1611,0.1614,0.1609,0.1613
1780691700,0.1613,0.1616,0.1612,0.1616
1780691760,0.1616,0.1617,0.1614,0.1615
1780691820,0.1615,0.1619,0.1615,0.1618
1780691880,0.1618,0.162,0.1616,0.1619
1780691940,0.1619,0.1623,0.1618,0.1622
1780692000,0.1622,0.1623,0.1619,0.162
1780692060,0.162,0.1621,0.1619,0.162
1780692120,0.162,0.1621,0.1619,0.1621
1780692180,0.1621,0.1623,0.1619,0.1622
1780692240,0.1622,0.1626,0.1622,0.1625
1780692300,0.1625,0.1628,0.1624,0.1625
1780692360,0.1625,0.1625,0.162,0.1625
1780692420,0.1625,0.163,0.1625,0.1626
1780692480,0.1626,0.1628,0.1623,0.1626
1780692540,0.1626,0.1627,0.1624,0.1626
1780692600,0.1626,0.1632,0.1625,0.1629
1780692660,0.1629,0.163,0.1625,0.1626
1780692720,0.1626,0.1629,0.1625,0.1626
1780692780,0.1626,0.1627,0.162,0.1621
1780692840,0.1621,0.1621,0.1618,0.1619
1780692900,0.1619,0.1624,0.1619,0.1622
1780692960,0.1622,0.1622,0.162,0.162
1780693020,0.162,0.1622,0.162,0.162
1780693080,0.162,0.1623,0.162,0.1622
1780693140,0.1622,0.1624,0.1621,0.1622
1780693200,0.1622,0.1623,0.1619,0.162
1780693260,0.162,0.1621,0.1619,0.162
1780693320,0.162,0.1623,0.1618,0.1623
1780693380,0.1623,0.1626,0.1622,0.1625
1780693440,0.1625,0.1628,0.1622,0.1622
1780693500,0.1622,0.1624,0.162,0.1621
1780693560,0.1621,0.1623,0.1616,0.162
1780693620,0.162,0.1628,0.162,0.1627
1780693680,0.1627,0.1627,0.1626,0.1626
1780693740,0.1626,0.1628,0.1625,0.1628
1780693800,0.1628,0.1631,0.1627,0.1629
1780693860,0.1629,0.163,0.1624,0.1627
1780693920,0.1627,0.163,0.1626,0.1629
1780693980,0.1629,0.1629,0.1626,0.1628
1780694040,0.1628,0.1629,0.1624,0.1626
1780694100,0.1626,0.1631,0.1625,0.1626
1780694160,0.1626,0.1627,0.1622,0.1623
1780694220,0.1623,0.1628,0.1623,0.1626
1780694280,0.1626,0.1627,0.1625,0.1626
1780694340,0.1626,0.1627,0.1624,0.1624
1780694400,0.1624,0.1624,0.1621,0.1623
1780694460,0.1623,0.1623,0.1619,0.1619
1780694520,0.1619,0.1622,0.1618,0.1622
1780694580,0.1622,0.1624,0.1622,0.1624
1780694640,0.1624,0.1626,0.1622,0.1623
1780694700,0.1623,0.1625,0.1623,0.1625
1780694760,0.1625,0.1625,0.1622,0.1624
1780694820,0.1624,0.1624,0.1622,0.1624
1780694880,0.1624,0.1624,0.162,0.162
1780694940,0.162,0.1621,0.162,0.162
1780695000,0.162,0.1621,0.1617,0.1619
1780695060,0.1619,0.1619,0.1617,0.1618
1780695120,0.1618,0.162,0.1617,0.1618
1780695180,0.1618,0.1619,0.1616,0.1618
1780695240,0.1618,0.1618,0.1615,0.1617
1780695300,0.1617,0.1618,0.1616,0.1618
1780695360,0.1618,0.162,0.1615,0.162
1780695420,0.162,0.162,0.1617,0.1618
1780695480,0.1618,0.1619,0.1615,0.1616
1780695540,0.1616,0.1622,0.1616,0.1621
1780695600,0.1621,0.1622,0.162,0.1622
1780695660,0.1622,0.1625,0.1621,0.1624
1780695720,0.1624,0.1627,0.1623,0.1627
1780695780,0.1627,0.1627,0.1625,0.1625
1780695840,0.1625,0.1627,0.1625,0.1627
1780695900,0.1627,0.1629,0.1626,0.1629
1780695960,0.1629,0.1629,0.1628,0.1629
1780696020,0.1629,0.1634,0.1628,0.1633
1780696080,0.1633,0.1635,0.1632,0.1635
1780696140,0.1635,0.1635,0.1632,0.1635
1780696200,0.1635,0.1637,0.1634,0.1636
1780696260,0.1636,0.1637,0.1631,0.1631
1780696320,0.1631,0.1634,0.1631,0.1633
1780696380,0.1633,0.1633,0.1631,0.1631
1780696440,0.1631,0.1631,0.1626,0.1628
1780696500,0.1628,0.1628,0.1627,0.1627
1780696560,0.1627,0.1632,0.1627,0.1629
1780696620,0.1629,0.1629,0.1624,0.1624
1780696680,0.1624,0.1626,0.1624,0.1625
1780696740,0.1625,0.1625,0.1624,0.1624
1780696800,0.1624,0.1624,0.1617,0.1619
1780696860,0.1619,0.1619,0.1614,0.1615
1780696920,0.1615,0.1619,0.1614,0.1616
1780696980,0.1616,0.1616,0.1606,0.1607
1780697040,0.1607,0.1607,0.1601,0.1601
1780697100,0.1601,0.1601,0.1593,0.1595
1780697160,0.1595,0.1596,0.1586,0.1592
1780697220,0.1592,0.1598,0.1592,0.1596
1780697280,0.1596,0.1601,0.1596,0.16
1780697340,0.16,0.1602,0.1595,0.1597
1780697400,0.1597,0.1597,0.1594,0.1595
1780697460,0.1595,0.1597,0.1592,0.1595
1780697520,0.1595,0.1596,0.1594,0.1595
1780697580,0.1595,0.1595,0.1593,0.1593
1780697640,0.1593,0.1599,0.1593,0.1598
1780697700,0.1598,0.1603,0.1593,0.1601
1780697760,0.1601,0.1607,0.1601,0.1607
1780697820,0.1607,0.1607,0.1601,0.1601
1780697880,0.1601,0.1603,0.16,0.1601
1780697940,0.1601,0.1607,0.1598,0.1607
1780698000,0.1607,0.1608,0.1603,0.1605
1780698060,0.1605,0.1607,0.1603,0.1604
1780698120,0.1604,0.1606,0.16,0.1603
1780698180,0.1603,0.1604,0.1595,0.1596
1780698240,0.1596,0.1597,0.1587,0.1592
1780698300,0.1592,0.1592,0.1585,0.1589
1780698360,0.1589,0.1592,0.1588,0.1592
1780698420,0.1592,0.1594,0.1589,0.1592
1780698480,0.1592,0.1594,0.159,0.1591
1780698540,0.1591,0.1592,0.159,0.1591
1780698600,0.1591,0.1593,0.1589,0.159
1780698660,0.159,0.1593,0.1587,0.1592
1780698720,0.1592,0.1596,0.1592,0.1594
1780698780,0.1594,0.1596,0.1592,0.1594
1780698840,0.1594,0.1595,0.1593,0.1595
1780698900,0.1595,0.1596,0.1591,0.1595
1780698960,0.1595,0.1596,0.1594,0.1594
1780699020,0.1594,0.1597,0.1594,0.1597
1780699080,0.1597,0.16,0.1597,0.16
1780699140,0.16,0.1608,0.16,0.1608
1780699200,0.1608,0.1608,0.1602,0.1603
1780699260,0.1603,0.1606,0.1603,0.1603
1780699320,0.1603,0.1609,0.1603,0.1608
1780699380,0.1608,0.1609,0.1605,0.1606
1780699440,0.1606,0.1608,0.1604,0.1604
1780699500,0.1604,0.1604,0.1594,0.1597
1780699560,0.1597,0.1602,0.1596,0.1599
1780699620,0.1599,0.1601,0.1599,0.16
1780699680,0.16,0.1604,0.16,0.1602
1780699740,0.1602,0.1605,0.1602,0.1603
1780699800,0.1603,0.1603,0.1598,0.1598
1780699860,0.1598,0.1601,0.1597,0.16
1780699920,0.16,0.1602,0.1594,0.1595
1780699980,0.1595,0.1601,0.1595,0.1597
1780700040,0.1597,0.1601,0.1597,0.16
1780700100,0.16,0.16,0.1594,0.1594
1780700160,0.1594,0.1596,0.1594,0.1594
1780700220,0.1594,0.1596,0.1594,0.1595
1780700280,0.1595,0.1597,0.1594,0.1596
1780700340,0.1596,0.1596,0.1594,0.1595
1780700400,0.1595,0.1599,0.1594,0.1597
1780700460,0.1597,0.1603,0.1596,0.1598
1780700520,0.1598,0.1598,0.1593,0.1593
1780700580,0.1593,0.1597,0.1593,0.1594
1780700640,0.1594,0.1594,0.159,0.1593
1780700700,0.1593,0.1595,0.1592,0.1594
1780700760,0.1594,0.1597,0.1594,0.1596
1780700820,0.1596,0.1597,0.1591,0.1593
1780700880,0.1593,0.1594,0.1587,0.1588
1780700940,0.1588,0.1588,0.1586,0.1587
1780701000,0.1587,0.1587,0.1584,0.1587
1780701060,0.1587,0.1589,0.1587,0.1589
1780701120,0.1589,0.1589,0.1585,0.1587
1780701180,0.1587,0.159,0.1587,0.1588
1780701240,0.1588,0.1588,0.1582,0.1584
1780701300,0.1584,0.1584,0.158,0.1581
1780701360,0.1581,0.1581,0.1574,0.1576
1780701420,0.1576,0.1581,0.1575,0.1576
1780701480,0.1576,0.1578,0.1575,0.1575
1780701540,0.1575,0.1577,0.1571,0.1573
1780701600,0.1573,0.1573,0.1568,0.1572
1780701660,0.1572,0.1578,0.1572,0.1578
1780701720,0.1578,0.158,0.1566,0.1568
1780701780,0.1568,0.1571,0.1567,0.1568
1780701840,0.1568,0.1571,0.1564,0.1566
1780701900,0.1566,0.1568,0.1562,0.1562
1780701960,0.1562,0.1565,0.1561,0.1565
1780702020,0.1565,0.1571,0.1564,0.157
1780702080,0.157,0.1571,0.1568,0.1569
1780702140,0.1569,0.157,0.1565,0.1565
1780702200,0.1565,0.1565,0.1556,0.1558
1780702260,0.1558,0.1559,0.1554,0.1559
1780702320,0.1559,0.1561,0.1555,0.1555
1780702380,0.1555,0.1555,0.1548,0.1549
1780702440,0.1549,0.1554,0.1549,0.1552
1780702500,0.1552,0.156,0.1552,0.1556
1780702560,0.1556,0.1557,0.1555,0.1557
1780702620,0.1557,0.1561,0.1557,0.1561
1780702680,0.1561,0.1561,0.1559,0.156
1780702740,0.156,0.156,0.1555,0.1556
1780702800,0.1556,0.1556,0.155,0.1554
1780702860,0.1554,0.1557,0.1554,0.1554
1780702920,0.1554,0.1557,0.1553,0.1555
1780702980,0.1555,0.1555,0.1553,0.1554
1780703040,0.1554,0.1558,0.1554,0.1556
1780703100,0.1556,0.1556,0.155,0.1553
1780703160,0.1553,0.1558,0.1553,0.1555
1780703220,0.1555,0.1557,0.1553,0.1557
1780703280,0.1557,0.1563,0.1557,0.1561
1780703340,0.1561,0.1563,0.1559,0.1561
1780703400,0.1561,0.1565,0.1561,0.1564
1780703460,0.1564,0.1567,0.1563,0.1567
1780703520,0.1567,0.1568,0.1566,0.1568
1780703580,0.1568,0.157,0.1566,0.1566
1780703640,0.1566,0.1568,0.1562,0.1565
1780703700,0.1565,0.1565,0.1562,0.1565
1780703760,0.1565,0.1566,0.1563,0.1563
1780703820,0.1563,0.1566,0.1563,0.1563
1780703880,0.1563,0.1565,0.1562,0.1564
1780703940,0.1564,0.1565,0.1561,0.1565
