ts,open,high,low,close
1760054400,28.379,28.41,28.375,28.392
1760054460,28.392,28.41,28.377,28.392
1760054520,28.392,28.411,28.392,28.409
1760054580,28.409,28.414,28.398,28.398
1760054640,28.398,28.405,28.387,28.393
1760054700,28.393,28.393,28.38,28.382
1760054760,28.382,28.395,28.375,28.393
1760054820,28.393,28.393,28.36,28.363
1760054880,28.363,28.366,28.352,28.352
1760054940,28.352,28.387,28.352,28.386
1760055000,28.386,28.395,28.37,28.37
1760055060,28.37,28.379,28.35,28.35
1760055120,28.35,28.35,28.338,28.338
1760055180,28.338,28.352,28.338,28.341
1760055240,28.341,28.359,28.321,28.359
1760055300,28.359,28.366,28.348,28.352
1760055360,28.352,28.367,28.349,28.367
1760055420,28.367,28.393,28.364,28.379
1760055480,28.379,28.395,28.375,28.395
1760055540,28.395,28.396,28.384,28.394
1760055600,28.394,28.394,28.377,28.379
1760055660,28.379,28.386,28.374,28.376
1760055720,28.376,28.38,28.352,28.352
1760055780,28.352,28.352,28.328,28.335
1760055840,28.335,28.353,28.335,28.353
1760055900,28.353,28.353,28.34,28.35
1760055960,28.35,28.382,28.35,28.375
1760056020,28.375,28.378,28.358,28.368
1760056080,28.368,28.393,28.358,28.393
1760056140,28.393,28.406,28.391,28.397
1760056200,28.397,28.401,28.377,28.377
1760056260,28.377,28.384,28.355,28.355
1760056320,28.355,28.359,28.34,28.345
1760056380,28.345,28.364,28.345,28.359
1760056440,28.359,28.362,28.358,28.36
1760056500,28.36,28.36,28.334,28.334
1760056560,28.334,28.344,28.333,28.336
1760056620,28.336,28.341,28.33,28.331
1760056680,28.331,28.367,28.33,28.366
1760056740,28.366,28.41,28.366,28.409
1760056800,28.409,28.409,28.393,28.397
1760056860,28.397,28.409,28.393,28.397
1760056920,28.397,28.4,28.359,28.372
1760056980,28.372,28.375,28.356,28.362
1760057040,28.362,28.379,28.362,28.374
1760057100,28.374,28.374,28.348,28.358
1760057160,28.358,28.358,28.338,28.341
1760057220,28.341,28.341,28.322,28.329
1760057280,28.329,28.342,28.32,28.335
1760057340,28.335,28.338,28.325,28.333
1760057400,28.333,28.346,28.327,28.346
1760057460,28.346,28.356,28.342,28.353
1760057520,28.353,28.353,28.346,28.349
1760057580,28.349,28.376,28.349,28.376
1760057640,28.376,28.397,28.376,28.397
1760057700,28.397,28.407,28.389,28.392
1760057760,28.392,28.393,28.382,28.384
1760057820,28.384,28.384,28.359,28.368
1760057880,28.368,28.382,28.368,28.378
1760057940,28.378,28.396,28.377,28.396
1760058000,28.396,28.396,28.376,28.394
1760058060,28.394,28.411,28.389,28.402
1760058120,28.402,28.41,28.4,28.408
1760058180,28.408,28.428,28.399,28.428
1760058240,28.428,28.458,28.428,28.455
1760058300,28.455,28.458,28.429,28.438
1760058360,28.438,28.449,28.38,28.38
1760058420,28.38,28.381,28.344,28.357
1760058480,28.357,28.372,28.357,28.36
1760058540,28.36,28.367,28.358,28.362
1760058600,28.362,28.375,28.36,28.37
1760058660,28.37,28.386,28.37,28.378
1760058720,28.378,28.395,28.378,28.379
1760058780,28.379,28.388,28.378,28.388
1760058840,28.388,28.394,28.369,28.369
1760058900,28.369,28.371,28.341,28.346
1760058960,28.346,28.377,28.346,28.371
1760059020,28.371,28.393,28.371,28.38
1760059080,28.38,28.386,28.366,28.366
1760059140,28.366,28.381,28.356,28.381
1760059200,28.381,28.402,28.381,28.382
1760059260,28.382,28.382,28.344,28.344
1760059320,28.344,28.362,28.344,28.35
1760059380,28.35,28.354,28.347,28.349
1760059440,28.349,28.365,28.346,28.361
1760059500,28.361,28.375,28.361,28.367
1760059560,28.367,28.372,28.357,28.364
1760059620,28.364,28.365,28.346,28.352
1760059680,28.352,28.376,28.352,28.375
1760059740,28.375,28.401,28.375,28.392
1760059800,28.392,28.399,28.379,28.384
1760059860,28.384,28.384,28.358,28.358
1760059920,28.358,28.361,28.347,28.347
1760059980,28.347,28.359,28.342,28.359
1760060040,28.359,28.369,28.355,28.361
1760060100,28.361,28.361,28.327,28.327
1760060160,28.327,28.334,28.312,28.317
1760060220,28.317,28.323,28.316,28.317
1760060280,28.317,28.321,28.311,28.311
1760060340,28.311,28.34,28.311,28.317
1760060400,28.317,28.323,28.308,28.32
1760060460,28.32,28.326,28.306,28.326
1760060520,28.326,28.353,28.316,28.353
1760060580,28.353,28.362,28.353,28.362
1760060640,28.362,28.362,28.331,28.337
1760060700,28.337,28.339,28.319,28.325
1760060760,28.325,28.343,28.325,28.332
1760060820,28.332,28.353,28.331,28.345
1760060880,28.345,28.35,28.339,28.34
1760060940,28.34,28.362,28.335,28.335
1760061000,28.335,28.336,28.306,28.317
1760061060,28.317,28.348,28.317,28.348
1760061120,28.348,28.382,28.348,28.369
1760061180,28.369,28.37,28.332,28.332
1760061240,28.332,28.34,28.331,28.339
1760061300,28.339,28.35,28.33,28.33
1760061360,28.33,28.33,28.313,28.324
1760061420,28.324,28.331,28.323,28.323
1760061480,28.323,28.351,28.319,28.341
1760061540,28.341,28.359,28.334,28.351
1760061600,28.351,28.375,28.343,28.348
1760061660,28.348,28.357,28.342,28.342
1760061720,28.342,28.342,28.32,28.327
1760061780,28.327,28.344,28.322,28.329
1760061840,28.329,28.343,28.32,28.32
1760061900,28.32,28.333,28.307,28.317
1760061960,28.317,28.329,28.312,28.32
1760062020,28.32,28.335,28.307,28.311
1760062080,28.311,28.325,28.311,28.315
1760062140,28.315,28.339,28.306,28.334
1760062200,28.334,28.359,28.33,28.35
1760062260,28.35,28.357,28.345,28.354
1760062320,28.354,28.364,28.329,28.329
1760062380,28.329,28.362,28.324,28.344
1760062440,28.344,28.354,28.344,28.354
1760062500,28.354,28.355,28.337,28.346
1760062560,28.346,28.369,28.34,28.369
1760062620,28.369,28.374,28.341,28.365
1760062680,28.365,28.377,28.364,28.375
1760062740,28.375,28.423,28.375,28.411
1760062800,28.411,28.454,28.404,28.427
1760062860,28.427,28.47,28.421,28.455
1760062920,28.455,28.463,28.429,28.444
1760062980,28.444,28.46,28.444,28.46
1760063040,28.46,28.462,28.429,28.441
1760063100,28.441,28.442,28.427,28.428
1760063160,28.428,28.43,28.412,28.421
1760063220,28.421,28.427,28.41,28.417
1760063280,28.417,28.417,28.396,28.4
1760063340,28.4,28.401,28.392,28.394
1760063400,28.394,28.397,28.364,28.364
1760063460,28.364,28.364,28.323,28.332
1760063520,28.332,28.34,28.318,28.326
1760063580,28.326,28.331,28.306,28.318
1760063640,28.318,28.332,28.316,28.321
1760063700,28.321,28.327,28.292,28.32
1760063760,28.32,28.326,28.315,28.326
1760063820,28.326,28.354,28.326,28.354
1760063880,28.354,28.362,28.342,28.362
1760063940,28.362,28.386,28.36,28.363
1760064000,28.363,28.366,28.347,28.353
1760064060,28.353,28.358,28.342,28.358
1760064120,28.358,28.367,28.341,28.341
1760064180,28.341,28.345,28.305,28.324
1760064240,28.324,28.339,28.302,28.334
1760064300,28.334,28.336,28.323,28.323
1760064360,28.323,28.323,28.293,28.304
1760064420,28.304,28.313,28.286,28.311
1760064480,28.311,28.341,28.308,28.341
1760064540,28.341,28.349,28.336,28.337
1760064600,28.337,28.373,28.337,28.361
1760064660,28.361,28.365,28.296,28.301
1760064720,28.301,28.318,28.291,28.298
1760064780,28.298,28.308,28.269,28.307
1760064840,28.307,28.329,28.291,28.329
1760064900,28.329,28.351,28.327,28.336
1760064960,28.336,28.353,28.317,28.32
1760065020,28.32,28.348,28.32,28.329
1760065080,28.329,28.348,28.329,28.341
1760065140,28.341,28.356,28.341,28.356
1760065200,28.356,28.366,28.347,28.347
1760065260,28.347,28.359,28.315,28.315
1760065320,28.315,28.316,28.283,28.284
1760065380,28.284,28.287,28.268,28.275
1760065440,28.275,28.284,28.257,28.266
1760065500,28.266,28.297,28.245,28.294
1760065560,28.294,28.308,28.288,28.303
1760065620,28.303,28.311,28.286,28.296
1760065680,28.296,28.296,28.276,28.286
1760065740,28.286,28.29,28.276,28.284
1760065800,28.284,28.287,28.268,28.268
1760065860,28.268,28.295,28.254,28.295
1760065920,28.295,28.316,28.294,28.316
1760065980,28.316,28.316,28.304,28.31
1760066040,28.31,28.31,28.3,28.307
1760066100,28.307,28.312,28.287,28.29
1760066160,28.29,28.295,28.272,28.294
1760066220,28.294,28.298,28.284,28.293
1760066280,28.293,28.306,28.291,28.306
1760066340,28.306,28.322,28.29,28.319
1760066400,28.319,28.332,28.315,28.331
1760066460,28.331,28.341,28.307,28.317
1760066520,28.317,28.319,28.297,28.297
1760066580,28.297,28.308,28.281,28.305
1760066640,28.305,28.318,28.295,28.318
1760066700,28.318,28.337,28.31,28.312
1760066760,28.312,28.322,28.304,28.31
1760066820,28.31,28.377,28.31,28.368
1760066880,28.368,28.432,28.366,28.427
1760066940,28.427,28.467,28.422,28.459
1760067000,28.459,28.527,28.459,28.484
1760067060,28.484,28.517,28.484,28.512
1760067120,28.512,28.527,28.475,28.497
1760067180,28.497,28.537,28.494,28.502
1760067240,28.502,28.557,28.501,28.548
1760067300,28.548,28.563,28.517,28.518
1760067360,28.518,28.521,28.493,28.496
1760067420,28.496,28.523,28.496,28.502
1760067480,28.502,28.505,28.483,28.491
1760067540,28.491,28.514,28.491,28.504
1760067600,28.504,28.51,28.482,28.493
1760067660,28.493,28.509,28.484,28.496
1760067720,28.496,28.519,28.488,28.49
1760067780,28.49,28.5,28.479,28.48
1760067840,28.48,28.498,28.466,28.498
1760067900,28.498,28.52,28.498,28.514
1760067960,28.514,28.525,28.494,28.509
1760068020,28.509,28.54,28.508,28.531
1760068080,28.531,28.539,28.512,28.532
1760068140,28.532,28.54,28.52,28.53
1760068200,28.53,28.53,28.486,28.488
1760068260,28.488,28.489,28.415,28.432
1760068320,28.432,28.434,28.392,28.401
1760068380,28.401,28.443,28.389,28.389
1760068440,28.389,28.39,28.367,28.378
1760068500,28.378,28.378,28.337,28.357
1760068560,28.357,28.37,28.341,28.365
1760068620,28.365,28.376,28.342,28.376
1760068680,28.376,28.391,28.372,28.382
1760068740,28.382,28.382,28.352,28.355
1760068800,28.355,28.402,28.342,28.386
1760068860,28.386,28.426,28.386,28.419
1760068920,28.419,28.419,28.395,28.41
1760068980,28.41,28.427,28.399,28.411
1760069040,28.411,28.43,28.405,28.419
1760069100,28.419,28.443,28.419,28.43
1760069160,28.43,28.441,28.423,28.441
1760069220,28.441,28.486,28.441,28.479
1760069280,28.479,28.512,28.474,28.474
1760069340,28.474,28.496,28.457,28.457
1760069400,28.457,28.457,28.437,28.45
1760069460,28.45,28.468,28.438,28.441
1760069520,28.441,28.471,28.436,28.459
1760069580,28.459,28.48,28.445,28.47
1760069640,28.47,28.477,28.458,28.465
1760069700,28.465,28.475,28.457,28.462
1760069760,28.462,28.463,28.444,28.448
1760069820,28.448,28.459,28.443,28.446
1760069880,28.446,28.446,28.426,28.431
1760069940,28.431,28.431,28.409,28.416
1760070000,28.416,28.422,28.412,28.422
1760070060,28.422,28.423,28.406,28.406
1760070120,28.406,28.431,28.405,28.424
1760070180,28.424,28.424,28.401,28.401
1760070240,28.401,28.411,28.383,28.383
1760070300,28.383,28.393,28.371,28.393
1760070360,28.393,28.398,28.384,28.396
1760070420,28.396,28.399,28.382,28.388
1760070480,28.388,28.398,28.386,28.39
1760070540,28.39,28.4,28.39,28.393
1760070600,28.393,28.418,28.393,28.412
1760070660,28.412,28.432,28.405,28.413
1760070720,28.413,28.427,28.407,28.408
1760070780,28.408,28.41,28.365,28.365
1760070840,28.365,28.372,28.357,28.371
1760070900,28.371,28.371,28.347,28.347
1760070960,28.347,28.347,28.319,28.328
1760071020,28.328,28.334,28.32,28.332
1760071080,28.332,28.332,28.308,28.312
1760071140,28.312,28.346,28.301,28.346
1760071200,28.346,28.356,28.334,28.356
1760071260,28.356,28.358,28.335,28.34
1760071320,28.34,28.342,28.332,28.339
1760071380,28.339,28.362,28.339,28.349
1760071440,28.349,28.357,28.344,28.357
1760071500,28.357,28.359,28.339,28.344
1760071560,28.344,28.368,28.344,28.351
1760071620,28.351,28.361,28.351,28.354
1760071680,28.354,28.354,28.334,28.345
1760071740,28.345,28.372,28.345,28.37
1760071800,28.37,28.37,28.354,28.363
1760071860,28.363,28.381,28.363,28.37
1760071920,28.37,28.379,28.36,28.369
1760071980,28.369,28.386,28.368,28.381
1760072040,28.381,28.394,28.38,28.388
1760072100,28.388,28.397,28.362,28.362
1760072160,28.362,28.371,28.362,28.363
1760072220,28.363,28.39,28.361,28.39
1760072280,28.39,28.394,28.376,28.386
1760072340,28.386,28.404,28.383,28.389
1760072400,28.389,28.399,28.364,28.364
1760072460,28.364,28.381,28.364,28.37
1760072520,28.37,28.37,28.351,28.351
1760072580,28.351,28.351,28.341,28.341
1760072640,28.341,28.346,28.334,28.346
1760072700,28.346,28.346,28.304,28.319
1760072760,28.319,28.328,28.297,28.328
1760072820,28.328,28.357,28.322,28.352
1760072880,28.352,28.353,28.329,28.335
1760072940,28.335,28.347,28.325,28.344
1760073000,28.344,28.347,28.332,28.34
1760073060,28.34,28.343,28.326,28.326
1760073120,28.326,28.33,28.321,28.322
1760073180,28.322,28.341,28.322,28.34
1760073240,28.34,28.34,28.324,28.324
1760073300,28.324,28.358,28.324,28.351
1760073360,28.351,28.365,28.345,28.345
1760073420,28.345,28.372,28.345,28.369
1760073480,28.369,28.376,28.367,28.37
1760073540,28.37,28.37,28.352,28.352
1760073600,28.352,28.381,28.352,28.381
1760073660,28.381,28.383,28.374,28.374
1760073720,28.374,28.394,28.374,28.394
1760073780,28.394,28.412,28.392,28.407
1760073840,28.407,28.416,28.383,28.416
1760073900,28.416,28.435,28.416,28.421
1760073960,28.421,28.448,28.417,28.422
1760074020,28.422,28.432,28.405,28.426
1760074080,28.426,28.427,28.41,28.414
1760074140,28.414,28.437,28.414,28.426
1760074200,28.426,28.426,28.393,28.395
1760074260,28.395,28.403,28.376,28.398
1760074320,28.398,28.398,28.337,28.339
1760074380,28.339,28.365,28.339,28.356
1760074440,28.356,28.359,28.342,28.348
1760074500,28.348,28.365,28.345,28.361
1760074560,28.361,28.364,28.352,28.354
1760074620,28.354,28.354,28.344,28.348
1760074680,28.348,28.359,28.348,28.357
1760074740,28.357,28.362,28.351,28.361
1760074800,28.361,28.376,28.361,28.375
1760074860,28.375,28.405,28.375,28.405
1760074920,28.405,28.414,28.403,28.412
1760074980,28.412,28.432,28.41,28.43
1760075040,28.43,28.43,28.421,28.424
1760075100,28.424,28.443,28.424,28.442
1760075160,28.442,28.49,28.442,28.481
1760075220,28.481,28.486,28.451,28.451
1760075280,28.451,28.479,28.447,28.478
1760075340,28.478,28.489,28.468,28.475
1760075400,28.475,28.499,28.475,28.499
1760075460,28.499,28.507,28.481,28.488
1760075520,28.488,28.504,28.483,28.502
1760075580,28.502,28.517,28.497,28.504
1760075640,28.504,28.542,28.498,28.542
1760075700,28.542,28.55,28.519,28.52
1760075760,28.52,28.534,28.512,28.525
1760075820,28.525,28.541,28.522,28.539
1760075880,28.539,28.542,28.523,28.528
1760075940,28.528,28.545,28.528,28.545
1760076000,28.545,28.573,28.539,28.57
1760076060,28.57,28.586,28.562,28.563
1760076120,28.563,28.592,28.559,28.572
1760076180,28.572,28.591,28.565,28.591
1760076240,28.591,28.611,28.58,28.602
1760076300,28.602,28.602,28.592,28.596
1760076360,28.596,28.596,28.576,28.579
1760076420,28.579,28.592,28.574,28.582
1760076480,28.582,28.582,28.563,28.57
1760076540,28.57,28.579,28.56,28.564
1760076600,28.564,28.565,28.553,28.557
1760076660,28.557,28.557,28.531,28.531
1760076720,28.531,28.543,28.526,28.539
1760076780,28.539,28.559,28.539,28.544
1760076840,28.544,28.544,28.535,28.536
1760076900,28.536,28.574,28.536,28.556
1760076960,28.556,28.558,28.515,28.515
1760077020,28.515,28.523,28.508,28.508
1760077080,28.508,28.523,28.503,28.523
1760077140,28.523,28.526,28.478,28.483
1760077200,28.483,28.484,28.452,28.456
1760077260,28.456,28.458,28.439,28.446
1760077320,28.446,28.46,28.442,28.453
1760077380,28.453,28.453,28.439,28.443
1760077440,28.443,28.446,28.436,28.446
1760077500,28.446,28.449,28.436,28.439
1760077560,28.439,28.443,28.418,28.422
1760077620,28.422,28.439,28.422,28.435
1760077680,28.435,28.435,28.413,28.413
1760077740,28.413,28.413,28.396,28.405
1760077800,28.405,28.439,28.404,28.409
1760077860,28.409,28.431,28.409,28.416
1760077920,28.416,28.421,28.381,28.382
1760077980,28.382,28.39,28.369,28.39
1760078040,28.39,28.433,28.387,28.433
1760078100,28.433,28.435,28.401,28.41
1760078160,28.41,28.41,28.362,28.366
1760078220,28.366,28.379,28.341,28.341
1760078280,28.341,28.35,28.32,28.333
1760078340,28.333,28.35,28.318,28.35
1760078400,28.35,28.371,28.34,28.369
1760078460,28.369,28.393,28.367,28.393
1760078520,28.393,28.403,28.391,28.402
1760078580,28.402,28.402,28.39,28.39
1760078640,28.39,28.39,28.355,28.368
1760078700,28.368,28.401,28.364,28.401
1760078760,28.401,28.421,28.384,28.393
1760078820,28.393,28.394,28.381,28.383
1760078880,28.383,28.383,28.354,28.355
1760078940,28.355,28.357,28.332,28.338
1760079000,28.338,28.358,28.318,28.319
1760079060,28.319,28.319,28.264,28.315
1760079120,28.315,28.324,28.295,28.307
1760079180,28.307,28.348,28.294,28.348
1760079240,28.348,28.349,28.342,28.342
1760079300,28.342,28.365,28.339,28.342
1760079360,28.342,28.353,28.342,28.346
1760079420,28.346,28.355,28.343,28.347
1760079480,28.347,28.37,28.345,28.348
1760079540,28.348,28.348,28.34,28.345
1760079600,28.345,28.371,28.335,28.362
1760079660,28.362,28.365,28.303,28.31
1760079720,28.31,28.329,28.29,28.321
1760079780,28.321,28.329,28.321,28.327
1760079840,28.327,28.338,28.319,28.331
1760079900,28.331,28.338,28.316,28.321
1760079960,28.321,28.321,28.298,28.306
1760080020,28.306,28.306,28.287,28.287
1760080080,28.287,28.287,28.267,28.274
1760080140,28.274,28.328,28.273,28.328
1760080200,28.328,28.354,28.328,28.354
1760080260,28.354,28.354,28.341,28.341
1760080320,28.341,28.341,28.316,28.33
1760080380,28.33,28.346,28.326,28.327
1760080440,28.327,28.362,28.327,28.35
1760080500,28.35,28.353,28.315,28.315
1760080560,28.315,28.318,28.284,28.284
1760080620,28.284,28.295,28.277,28.289
1760080680,28.289,28.289,28.255,28.288
1760080740,28.288,28.337,28.288,28.332
1760080800,28.332,28.353,28.318,28.342
1760080860,28.342,28.36,28.331,28.332
1760080920,28.332,28.332,28.283,28.283
1760080980,28.283,28.295,28.278,28.295
1760081040,28.295,28.297,28.266,28.285
1760081100,28.285,28.285,28.262,28.262
1760081160,28.262,28.312,28.258,28.312
1760081220,28.312,28.326,28.308,28.323
1760081280,28.323,28.333,28.302,28.314
1760081340,28.314,28.347,28.314,28.321
1760081400,28.321,28.321,28.304,28.307
1760081460,28.307,28.312,28.269,28.273
1760081520,28.273,28.299,28.273,28.287
1760081580,28.287,28.293,28.273,28.28
1760081640,28.28,28.307,28.262,28.299
1760081700,28.299,28.312,28.294,28.304
1760081760,28.304,28.336,28.303,28.336
1760081820,28.336,28.343,28.321,28.324
1760081880,28.324,28.326,28.306,28.306
1760081940,28.306,28.342,28.29,28.339
1760082000,28.339,28.344,28.332,28.339
1760082060,28.339,28.356,28.334,28.352
1760082120,28.352,28.354,28.346,28.346
1760082180,28.346,28.351,28.334,28.348
1760082240,28.348,28.359,28.347,28.35
1760082300,28.35,28.35,28.33,28.337
1760082360,28.337,28.337,28.274,28.275
1760082420,28.275,28.312,28.26,28.305
1760082480,28.305,28.305,28.292,28.292
1760082540,28.292,28.293,28.269,28.293
1760082600,28.293,28.305,28.283,28.29
1760082660,28.29,28.295,28.266,28.287
1760082720,28.287,28.322,28.287,28.302
1760082780,28.302,28.302,28.286,28.298
1760082840,28.298,28.299,28.277,28.283
1760082900,28.283,28.308,28.282,28.308
1760082960,28.308,28.31,28.277,28.277
1760083020,28.277,28.28,28.261,28.278
1760083080,28.278,28.278,28.258,28.258
1760083140,28.258,28.258,28.171,28.206
1760083200,28.206,28.218,28.193,28.195
1760083260,28.195,28.248,28.195,28.245
1760083320,28.245,28.284,28.243,28.279
1760083380,28.279,28.281,28.246,28.246
1760083440,28.246,28.252,28.232,28.244
1760083500,28.244,28.244,28.184,28.219
1760083560,28.219,28.266,28.219,28.263
1760083620,28.263,28.263,28.225,28.236
1760083680,28.236,28.266,28.234,28.259
1760083740,28.259,28.278,28.251,28.278
1760083800,28.278,28.296,28.27,28.294
1760083860,28.294,28.323,28.291,28.322
1760083920,28.322,28.322,28.3,28.31
1760083980,28.31,28.327,28.308,28.322
1760084040,28.322,28.336,28.313,28.316
1760084100,28.316,28.352,28.316,28.34
1760084160,28.34,28.37,28.319,28.319
1760084220,28.319,28.378,28.319,28.372
1760084280,28.372,28.381,28.357,28.368
1760084340,28.368,28.373,28.354,28.372
1760084400,28.372,28.377,28.356,28.366
1760084460,28.366,28.366,28.332,28.34
1760084520,28.34,28.347,28.333,28.345
1760084580,28.345,28.346,28.329,28.339
1760084640,28.339,28.361,28.339,28.361
1760084700,28.361,28.372,28.35,28.35
1760084760,28.35,28.351,28.329,28.338
1760084820,28.338,28.357,28.328,28.332
1760084880,28.332,28.362,28.332,28.362
1760084940,28.362,28.371,28.352,28.353
1760085000,28.353,28.365,28.343,28.365
1760085060,28.365,28.377,28.352,28.354
1760085120,28.354,28.354,28.308,28.308
1760085180,28.308,28.312,28.288,28.298
1760085240,28.298,28.308,28.286,28.29
1760085300,28.29,28.319,28.29,28.312
1760085360,28.312,28.318,28.305,28.314
1760085420,28.314,28.314,28.284,28.306
1760085480,28.306,28.319,28.298,28.319
1760085540,28.319,28.326,28.296,28.307
1760085600,28.307,28.312,28.284,28.284
1760085660,28.284,28.303,28.277,28.283
1760085720,28.283,28.307,28.283,28.301
1760085780,28.301,28.314,28.299,28.3
1760085840,28.3,28.333,28.297,28.317
1760085900,28.317,28.337,28.315,28.32
1760085960,28.32,28.329,28.311,28.316
1760086020,28.316,28.325,28.312,28.314
1760086080,28.314,28.324,28.309,28.309
1760086140,28.309,28.323,28.296,28.315
1760086200,28.315,28.349,28.311,28.341
1760086260,28.341,28.359,28.341,28.352
1760086320,28.352,28.374,28.352,28.374
1760086380,28.374,28.388,28.36,28.362
1760086440,28.362,28.374,28.347,28.36
1760086500,28.36,28.375,28.353,28.368
1760086560,28.368,28.377,28.363,28.374
1760086620,28.374,28.394,28.361,28.394
1760086680,28.394,28.396,28.364,28.367
1760086740,28.367,28.401,28.367,28.398
1760086800,28.398,28.4,28.356,28.359
1760086860,28.359,28.363,28.315,28.343
1760086920,28.343,28.343,28.305,28.308
1760086980,28.308,28.323,28.302,28.314
1760087040,28.314,28.317,28.297,28.3
1760087100,28.3,28.323,28.274,28.321
1760087160,28.321,28.323,28.292,28.296
1760087220,28.296,28.317,28.289,28.298
1760087280,28.298,28.299,28.279,28.288
1760087340,28.288,28.308,28.285,28.302
1760087400,28.302,28.318,28.301,28.308
1760087460,28.308,28.343,28.307,28.337
1760087520,28.337,28.343,28.323,28.323
1760087580,28.323,28.348,28.321,28.328
1760087640,28.328,28.333,28.305,28.306
1760087700,28.306,28.326,28.303,28.321
1760087760,28.321,28.323,28.285,28.296
1760087820,28.296,28.308,28.288,28.308
1760087880,28.308,28.311,28.289,28.295
1760087940,28.295,28.295,28.272,28.279
1760088000,28.279,28.281,28.269,28.281
1760088060,28.281,28.301,28.277,28.299
1760088120,28.299,28.315,28.295,28.315
1760088180,28.315,28.335,28.315,28.334
1760088240,28.334,28.334,28.307,28.326
1760088300,28.326,28.335,28.324,28.329
1760088360,28.329,28.353,28.329,28.353
1760088420,28.353,28.373,28.352,28.373
1760088480,28.373,28.373,28.349,28.361
1760088540,28.361,28.386,28.361,28.377
1760088600,28.377,28.377,28.354,28.356
1760088660,28.356,28.37,28.356,28.36
1760088720,28.36,28.381,28.36,28.367
1760088780,28.367,28.378,28.36,28.367
1760088840,28.367,28.37,28.354,28.362
1760088900,28.362,28.364,28.353,28.359
1760088960,28.359,28.361,28.339,28.339
1760089020,28.339,28.342,28.334,28.342
1760089080,28.342,28.347,28.321,28.321
1760089140,28.321,28.322,28.287,28.308
1760089200,28.308,28.31,28.287,28.293
1760089260,28.293,28.294,28.275,28.277
1760089320,28.277,28.298,28.276,28.296
1760089380,28.296,28.306,28.286,28.288
1760089440,28.288,28.292,28.283,28.287
1760089500,28.287,28.315,28.286,28.296
1760089560,28.296,28.296,28.261,28.261
1760089620,28.261,28.272,28.255,28.259
1760089680,28.259,28.26,28.233,28.236
1760089740,28.236,28.249,28.199,28.205
1760089800,28.205,28.206,28.114,28.133
1760089860,28.133,28.134,28.087,28.117
1760089920,28.117,28.118,28.094,28.098
1760089980,28.098,28.098,28.027,28.037
1760090040,28.037,28.074,28.02,28.071
1760090100,28.071,28.071,28.061,28.062
1760090160,28.062,28.062,28.03,28.048
1760090220,28.048,28.057,28.037,28.057
1760090280,28.057,28.064,28.032,28.032
1760090340,28.032,28.066,28.032,28.066
1760090400,28.066,28.066,28.03,28.043
1760090460,28.043,28.08,28.043,28.057
1760090520,28.057,28.082,28.051,28.075
1760090580,28.075,28.082,28.07,28.079
1760090640,28.079,28.08,28.059,28.061
1760090700,28.061,28.094,28.056,28.094
1760090760,28.094,28.099,28.087,28.099
1760090820,28.099,28.104,28.085,28.096
1760090880,28.096,28.099,28.085,28.097
1760090940,28.097,28.107,28.09,28.097
1760091000,28.097,28.105,28.085,28.085
1760091060,28.085,28.105,28.083,28.105
1760091120,28.105,28.107,28.1,28.1
1760091180,28.1,28.109,28.091,28.096
1760091240,28.096,28.117,28.093,28.117
1760091300,28.117,28.132,28.114,28.132
1760091360,28.132,28.136,28.112,28.128
1760091420,28.128,28.136,28.106,28.12
1760091480,28.12,28.152,28.12,28.148
1760091540,28.148,28.154,28.131,28.145
1760091600,28.145,28.146,28.119,28.132
1760091660,28.132,28.158,28.132,28.156
1760091720,28.156,28.156,28.109,28.109
1760091780,28.109,28.116,28.088,28.114
1760091840,28.114,28.138,28.112,28.133
1760091900,28.133,28.139,28.101,28.11
1760091960,28.11,28.123,28.106,28.11
1760092020,28.11,28.111,28.097,28.101
1760092080,28.101,28.111,28.086,28.089
1760092140,28.089,28.091,28.059,28.063
1760092200,28.063,28.091,28.045,28.091
1760092260,28.091,28.099,28.066,28.067
1760092320,28.067,28.074,28.05,28.065
1760092380,28.065,28.115,28.065,28.112
1760092440,28.112,28.112,28.084,28.096
1760092500,28.096,28.098,28.078,28.08
1760092560,28.08,28.084,28.07,28.084
1760092620,28.084,28.106,28.084,28.106
1760092680,28.106,28.111,28.096,28.096
1760092740,28.096,28.103,28.073,28.073
1760092800,28.073,28.08,28.065,28.065
1760092860,28.065,28.07,28.065,28.068
1760092920,28.068,28.113,28.068,28.113
1760092980,28.113,28.125,28.104,28.125
1760093040,28.125,28.136,28.125,28.133
1760093100,28.133,28.136,28.123,28.126
1760093160,28.126,28.147,28.126,28.147
1760093220,28.147,28.147,28.129,28.138
1760093280,28.138,28.158,28.136,28.158
1760093340,28.158,28.196,28.157,28.192
1760093400,28.192,28.234,28.192,28.229
1760093460,28.229,28.235,28.204,28.204
1760093520,28.204,28.221,28.2,28.2
1760093580,28.2,28.247,28.193,28.225
1760093640,28.225,28.225,28.208,28.222
1760093700,28.222,28.255,28.214,28.254
1760093760,28.254,28.254,28.237,28.237
1760093820,28.237,28.246,28.229,28.241
1760093880,28.241,28.246,28.223,28.225
1760093940,28.225,28.231,28.223,28.231
1760094000,28.231,28.26,28.229,28.255
1760094060,28.255,28.262,28.24,28.24
1760094120,28.24,28.262,28.239,28.261
1760094180,28.261,28.315,28.261,28.302
1760094240,28.302,28.302,28.279,28.291
1760094300,28.291,28.323,28.291,28.3
1760094360,28.3,28.302,28.259,28.259
1760094420,28.259,28.285,28.247,28.267
1760094480,28.267,28.279,28.261,28.274
1760094540,28.274,28.298,28.271,28.276
1760094600,28.276,28.279,28.247,28.275
1760094660,28.275,28.276,28.231,28.231
1760094720,28.231,28.231,28.216,28.222
1760094780,28.222,28.238,28.22,28.235
1760094840,28.235,28.235,28.219,28.219
1760094900,28.219,28.247,28.219,28.239
1760094960,28.239,28.253,28.226,28.253
1760095020,28.253,28.268,28.253,28.267
1760095080,28.267,28.269,28.247,28.249
1760095140,28.249,28.254,28.228,28.236
1760095200,28.236,28.245,28.222,28.241
1760095260,28.241,28.241,28.219,28.224
1760095320,28.224,28.224,28.197,28.204
1760095380,28.204,28.205,28.184,28.184
1760095440,28.184,28.214,28.158,28.162
1760095500,28.162,28.172,28.141,28.172
1760095560,28.172,28.172,28.154,28.154
1760095620,28.154,28.158,28.131,28.156
1760095680,28.156,28.16,28.145,28.154
1760095740,28.154,28.159,28.151,28.159
1760095800,28.159,28.172,28.153,28.158
1760095860,28.158,28.183,28.158,28.17
1760095920,28.17,28.2,28.168,28.188
1760095980,28.188,28.188,28.159,28.17
1760096040,28.17,28.177,28.163,28.167
1760096100,28.167,28.179,28.163,28.171
1760096160,28.171,28.193,28.166,28.193
1760096220,28.193,28.196,28.179,28.181
1760096280,28.181,28.185,28.163,28.166
1760096340,28.166,28.183,28.154,28.164
1760096400,28.164,28.168,28.151,28.168
1760096460,28.168,28.178,28.167,28.175
1760096520,28.175,28.176,28.144,28.147
1760096580,28.147,28.164,28.147,28.164
1760096640,28.164,28.175,28.164,28.173
1760096700,28.173,28.173,28.164,28.164
1760096760,28.164,28.168,28.147,28.147
1760096820,28.147,28.175,28.143,28.17
1760096880,28.17,28.171,28.157,28.169
1760096940,28.169,28.169,28.143,28.158
1760097000,28.158,28.166,28.145,28.166
1760097060,28.166,28.19,28.166,28.183
1760097120,28.183,28.202,28.183,28.2
1760097180,28.2,28.209,28.192,28.205
1760097240,28.205,28.21,28.201,28.206
1760097300,28.206,28.206,28.189,28.194
1760097360,28.194,28.208,28.194,28.194
1760097420,28.194,28.194,28.181,28.19
1760097480,28.19,28.195,28.178,28.195
1760097540,28.195,28.286,28.191,28.246
1760097600,28.246,28.278,28.235,28.258
1760097660,28.258,28.297,28.258,28.291
1760097720,28.291,28.306,28.273,28.278
1760097780,28.278,28.318,28.278,28.315
1760097840,28.315,28.32,28.291,28.308
1760097900,28.308,28.331,28.3,28.322
1760097960,28.322,28.322,28.289,28.289
1760098020,28.289,28.328,28.283,28.328
1760098080,28.328,28.352,28.328,28.35
1760098140,28.35,28.363,28.317,28.318
1760098200,28.318,28.322,28.293,28.294
1760098260,28.294,28.294,28.254,28.271
1760098320,28.271,28.294,28.269,28.286
1760098380,28.286,28.286,28.247,28.247
1760098440,28.247,28.257,28.243,28.257
1760098500,28.257,28.257,28.227,28.237
1760098560,28.237,28.247,28.227,28.227
1760098620,28.227,28.257,28.225,28.256
1760098680,28.256,28.27,28.255,28.27
1760098740,28.27,28.294,28.265,28.29
1760098800,28.29,28.298,28.289,28.292
1760098860,28.292,28.3,28.285,28.286
1760098920,28.286,28.299,28.279,28.279
1760098980,28.279,28.295,28.279,28.293
1760099040,28.293,28.306,28.292,28.304
1760099100,28.304,28.307,28.292,28.293
1760099160,28.293,28.293,28.277,28.289
1760099220,28.289,28.289,28.268,28.281
1760099280,28.281,28.285,28.274,28.282
1760099340,28.282,28.284,28.266,28.266
1760099400,28.266,28.273,28.252,28.257
1760099460,28.257,28.258,28.246,28.256
1760099520,28.256,28.293,28.256,28.286
1760099580,28.286,28.307,28.278,28.292
1760099640,28.292,28.303,28.289,28.291
1760099700,28.291,28.311,28.291,28.305
1760099760,28.305,28.307,28.282,28.282
1760099820,28.282,28.283,28.258,28.258
1760099880,28.258,28.258,28.216,28.218
1760099940,28.218,28.236,28.218,28.23
1760100000,28.23,28.254,28.229,28.241
1760100060,28.241,28.241,28.205,28.226
1760100120,28.226,28.228,28.216,28.216
1760100180,28.216,28.225,28.208,28.225
1760100240,28.225,28.238,28.218,28.218
1760100300,28.218,28.229,28.207,28.219
1760100360,28.219,28.227,28.209,28.21
1760100420,28.21,28.21,28.195,28.199
1760100480,28.199,28.228,28.199,28.214
1760100540,28.214,28.247,28.214,28.238
1760100600,28.238,28.262,28.234,28.251
1760100660,28.251,28.271,28.248,28.271
1760100720,28.271,28.293,28.27,28.278
1760100780,28.278,28.293,28.278,28.289
1760100840,28.289,28.289,28.278,28.28
1760100900,28.28,28.294,28.28,28.292
1760100960,28.292,28.297,28.29,28.29
1760101020,28.29,28.298,28.285,28.298
1760101080,28.298,28.3,28.298,28.3
1760101140,28.3,28.309,28.295,28.309
1760101200,28.309,28.341,28.309,28.323
1760101260,28.323,28.323,28.285,28.285
1760101320,28.285,28.338,28.284,28.332
1760101380,28.332,28.362,28.332,28.352
1760101440,28.352,28.364,28.347,28.357
1760101500,28.357,28.368,28.314,28.322
1760101560,28.322,28.349,28.322,28.34
1760101620,28.34,28.352,28.322,28.349
1760101680,28.349,28.352,28.339,28.348
1760101740,28.348,28.35,28.315,28.331
1760101800,28.331,28.331,28.312,28.32
1760101860,28.32,28.327,28.313,28.321
1760101920,28.321,28.325,28.314,28.32
1760101980,28.32,28.321,28.312,28.312
1760102040,28.312,28.324,28.312,28.323
1760102100,28.323,28.333,28.322,28.323
1760102160,28.323,28.323,28.282,28.29
1760102220,28.29,28.331,28.29,28.32
1760102280,28.32,28.364,28.315,28.36
1760102340,28.36,28.376,28.349,28.361
1760102400,28.361,28.375,28.342,28.348
1760102460,28.348,28.351,28.336,28.336
1760102520,28.336,28.336,28.32,28.32
1760102580,28.32,28.326,28.312,28.314
1760102640,28.314,28.322,28.307,28.321
1760102700,28.321,28.354,28.321,28.344
1760102760,28.344,28.384,28.344,28.384
1760102820,28.384,28.388,28.375,28.385
1760102880,28.385,28.386,28.369,28.369
1760102940,28.369,28.391,28.369,28.381
1760103000,28.381,28.391,28.316,28.316
1760103060,28.316,28.356,28.316,28.332
1760103120,28.332,28.337,28.283,28.305
1760103180,28.305,28.313,28.289,28.309
1760103240,28.309,28.357,28.309,28.357
1760103300,28.357,28.364,28.31,28.32
1760103360,28.32,28.344,28.285,28.344
1760103420,28.344,28.355,28.313,28.349
1760103480,28.349,28.406,28.349,28.397
1760103540,28.397,28.48,28.397,28.449
1760103600,28.449,28.463,28.4,28.416
1760103660,28.416,28.437,28.406,28.416
1760103720,28.416,28.447,28.397,28.43
1760103780,28.43,28.438,28.361,28.378
1760103840,28.378,28.389,28.344,28.36
1760103900,28.36,28.368,28.291,28.344
1760103960,28.344,28.353,28.319,28.32
1760104020,28.32,28.328,28.296,28.328
1760104080,28.328,28.328,28.291,28.299
1760104140,28.299,28.299,28.218,28.239
1760104200,28.239,28.255,28.212,28.247
1760104260,28.247,28.248,28.185,28.21
1760104320,28.21,28.249,28.205,28.246
1760104380,28.246,28.263,28.217,28.223
1760104440,28.223,28.223,28.169,28.176
1760104500,28.176,28.203,28.168,28.203
1760104560,28.203,28.219,28.197,28.208
1760104620,28.208,28.259,28.203,28.259
1760104680,28.259,28.271,28.247,28.271
1760104740,28.271,28.295,28.269,28.282
1760104800,28.282,28.349,28.282,28.337
1760104860,28.337,28.337,28.214,28.257
1760104920,28.257,28.322,28.25,28.322
1760104980,28.322,28.341,28.316,28.324
1760105040,28.324,28.362,28.324,28.356
1760105100,28.356,28.359,28.33,28.332
1760105160,28.332,28.367,28.33,28.351
1760105220,28.351,28.4,28.351,28.384
1760105280,28.384,28.396,28.341,28.347
1760105340,28.347,28.358,28.336,28.35
1760105400,28.35,28.35,28.322,28.328
1760105460,28.328,28.37,28.324,28.363
1760105520,28.363,28.371,28.343,28.348
1760105580,28.348,28.364,28.303,28.313
1760105640,28.313,28.313,28.278,28.305
1760105700,28.305,28.34,28.302,28.307
1760105760,28.307,28.316,28.27,28.27
1760105820,28.27,28.27,28.18,28.198
1760105880,28.198,28.257,28.18,28.242
1760105940,28.242,28.244,28.21,28.244
1760106000,28.244,28.254,28.207,28.254
1760106060,28.254,28.27,28.236,28.255
1760106120,28.255,28.268,28.22,28.23
1760106180,28.23,28.232,28.163,28.163
1760106240,28.163,28.184,28.16,28.177
1760106300,28.177,28.203,28.16,28.203
1760106360,28.203,28.206,28.166,28.205
1760106420,28.205,28.214,28.173,28.173
1760106480,28.173,28.176,28.137,28.137
1760106540,28.137,28.137,28.122,28.135
1760106600,28.135,28.194,28.122,28.186
1760106660,28.186,28.206,28.165,28.184
1760106720,28.184,28.194,28.154,28.182
1760106780,28.182,28.187,28.16,28.179
1760106840,28.179,28.229,28.173,28.229
1760106900,28.229,28.23,28.189,28.189
1760106960,28.189,28.192,28.139,28.153
1760107020,28.153,28.183,28.153,28.182
1760107080,28.182,28.182,28.146,28.147
1760107140,28.147,28.158,28.129,28.13
1760107200,28.13,28.155,28.13,28.138
1760107260,28.138,28.138,28.104,28.107
1760107320,28.107,28.107,28.052,28.058
1760107380,28.058,28.11,28.054,28.095
1760107440,28.095,28.11,28.089,28.094
1760107500,28.094,28.104,28.078,28.084
1760107560,28.084,28.085,28.04,28.041
1760107620,28.041,28.139,28.04,28.133
1760107680,28.133,28.157,28.13,28.148
1760107740,28.148,28.155,28.134,28.147
1760107800,28.147,28.17,28.137,28.17
1760107860,28.17,28.179,28.153,28.158
1760107920,28.158,28.169,28.136,28.142
1760107980,28.142,28.164,28.14,28.164
1760108040,28.164,28.164,28.109,28.111
1760108100,28.111,28.139,28.111,28.116
1760108160,28.116,28.118,28.097,28.101
1760108220,28.101,28.114,27.923,27.932
1760108280,27.932,28.025,27.83,27.911
1760108340,27.911,27.98,27.874,27.901
1760108400,27.901,27.93,27.84,27.85
1760108460,27.85,27.883,27.751,27.801
1760108520,27.801,27.813,27.675,27.777
1760108580,27.777,27.855,27.73,27.776
1760108640,27.776,27.776,27.575,27.668
1760108700,27.668,27.679,27.582,27.674
1760108760,27.674,27.736,27.608,27.668
1760108820,27.668,27.761,27.625,27.737
1760108880,27.737,27.83,27.698,27.715
1760108940,27.715,27.788,27.703,27.745
1760109000,27.745,27.824,27.734,27.817
1760109060,27.817,27.869,27.817,27.827
1760109120,27.827,27.829,27.753,27.775
1760109180,27.775,27.803,27.751,27.777
1760109240,27.777,27.81,27.749,27.749
1760109300,27.749,27.796,27.733,27.786
1760109360,27.786,27.797,27.681,27.691
1760109420,27.691,27.704,27.592,27.636
1760109480,27.636,27.671,27.596,27.618
1760109540,27.618,27.629,27.502,27.561
1760109600,27.561,27.589,27.504,27.533
1760109660,27.533,27.542,27.4,27.423
1760109720,27.423,27.483,27.351,27.44
1760109780,27.44,27.467,27.289,27.346
1760109840,27.346,27.386,27.214,27.264
1760109900,27.264,27.28,27.156,27.222
1760109960,27.222,27.323,27.15,27.173
1760110020,27.173,27.344,27.173,27.326
1760110080,27.326,27.344,27.237,27.241
1760110140,27.241,27.242,27.178,27.178
1760110200,27.178,27.178,26.89,26.941
1760110260,26.941,27.02,26.616,26.733
1760110320,26.733,26.913,26.731,26.761
1760110380,26.761,26.883,26.742,26.808
1760110440,26.808,26.819,26.6,26.746
1760110500,26.746,26.872,26.734,26.821
1760110560,26.821,26.878,26.767,26.873
1760110620,26.873,26.943,26.814,26.927
1760110680,26.927,27.021,26.905,26.939
1760110740,26.939,27.059,26.935,26.967
1760110800,26.967,26.98,26.833,26.862
1760110860,26.862,26.98,26.834,26.976
1760110920,26.976,27.027,26.934,27.023
1760110980,27.023,27.111,27.017,27.099
1760111040,27.099,27.197,27.086,27.186
1760111100,27.186,27.195,27.092,27.102
1760111160,27.102,27.168,27.073,27.096
1760111220,27.096,27.098,27.039,27.06
1760111280,27.06,27.109,27.041,27.105
1760111340,27.105,27.115,27.052,27.086
1760111400,27.086,27.092,27.043,27.092
1760111460,27.092,27.14,27.057,27.063
1760111520,27.063,27.084,27.033,27.05
1760111580,27.05,27.05,27.019,27.03
1760111640,27.03,27.074,27.012,27.049
1760111700,27.049,27.055,26.963,27.006
1760111760,27.006,27.006,26.952,27.003
1760111820,27.003,27.01,26.951,26.979
1760111880,26.979,27.027,26.953,27.008
1760111940,27.008,27.015,26.955,26.978
1760112000,26.978,26.978,26.865,26.911
1760112060,26.911,26.945,26.872,26.902
1760112120,26.902,26.925,26.844,26.851
1760112180,26.851,26.925,26.832,26.904
1760112240,26.904,26.914,26.845,26.914
1760112300,26.914,26.99,26.905,26.985
1760112360,26.985,27.035,26.954,26.994
1760112420,26.994,27.032,26.981,27.019
1760112480,27.019,27.084,27.014,27.082
1760112540,27.082,27.093,27.069,27.075
1760112600,27.075,27.075,26.991,27.005
1760112660,27.005,27.034,26.972,27.031
1760112720,27.031,27.031,26.948,26.948
1760112780,26.948,26.965,26.927,26.941
1760112840,26.941,26.951,26.923,26.926
1760112900,26.926,26.942,26.894,26.91
1760112960,26.91,26.934,26.85,26.851
1760113020,26.851,26.86,26.815,26.857
1760113080,26.857,26.872,26.844,26.848
1760113140,26.848,26.893,26.818,26.865
1760113200,26.865,26.873,26.843,26.851
1760113260,26.851,26.912,26.834,26.903
1760113320,26.903,26.96,26.899,26.947
1760113380,26.947,27.053,26.946,27.028
1760113440,27.028,27.056,27.013,27.037
1760113500,27.037,27.042,27.009,27.016
1760113560,27.016,27.049,27.014,27.031
1760113620,27.031,27.056,27.029,27.044
1760113680,27.044,27.044,27.026,27.026
1760113740,27.026,27.031,26.976,26.976
1760113800,26.976,27.012,26.965,26.98
1760113860,26.98,26.998,26.956,26.994
1760113920,26.994,27.03,26.976,27.02
1760113980,27.02,27.085,27.014,27.056
1760114040,27.056,27.063,27.019,27.037
1760114100,27.037,27.047,27.004,27.025
1760114160,27.025,27.101,27.022,27.092
1760114220,27.092,27.096,27.079,27.092
1760114280,27.092,27.092,27.064,27.071
1760114340,27.071,27.082,27.058,27.078
1760114400,27.078,27.078,27.028,27.028
1760114460,27.028,27.031,26.992,27.004
1760114520,27.004,27.006,26.978,26.982
1760114580,26.982,26.982,26.947,26.954
1760114640,26.954,26.954,26.889,26.9
1760114700,26.9,26.9,26.788,26.844
1760114760,26.844,26.866,26.823,26.866
1760114820,26.866,26.891,26.84,26.84
1760114880,26.84,26.853,26.784,26.793
1760114940,26.793,26.833,26.786,26.806
1760115000,26.806,26.826,26.787,26.816
1760115060,26.816,26.836,26.798,26.813
1760115120,26.813,26.849,26.794,26.821
1760115180,26.821,26.824,26.785,26.785
1760115240,26.785,26.818,26.769,26.805
1760115300,26.805,26.844,26.778,26.805
1760115360,26.805,26.834,26.785,26.819
1760115420,26.819,26.835,26.805,26.83
1760115480,26.83,26.863,26.813,26.84
1760115540,26.84,26.84,26.814,26.819
1760115600,26.819,26.828,26.791,26.804
1760115660,26.804,26.827,26.781,26.804
1760115720,26.804,26.804,26.76,26.765
1760115780,26.765,26.791,26.741,26.771
1760115840,26.771,26.791,26.724,26.744
1760115900,26.744,26.752,26.69,26.716
1760115960,26.716,26.77,26.703,26.767
1760116020,26.767,26.767,26.668,26.687
1760116080,26.687,26.756,26.683,26.737
1760116140,26.737,26.738,26.711,26.736
1760116200,26.736,26.74,26.706,26.715
1760116260,26.715,26.78,26.669,26.777
1760116320,26.777,26.834,26.777,26.811
1760116380,26.811,26.811,26.742,26.753
1760116440,26.753,26.753,26.726,26.739
1760116500,26.739,26.798,26.734,26.783
1760116560,26.783,26.815,26.78,26.798
1760116620,26.798,26.821,26.773,26.792
1760116680,26.792,26.829,26.788,26.8
1760116740,26.8,26.828,26.794,26.827
1760116800,26.827,26.833,26.756,26.757
1760116860,26.757,26.809,26.751,26.809
1760116920,26.809,26.86,26.802,26.86
1760116980,26.86,26.909,26.86,26.902
1760117040,26.902,26.91,26.854,26.856
1760117100,26.856,26.885,26.846,26.867
1760117160,26.867,26.88,26.835,26.845
1760117220,26.845,26.893,26.841,26.884
1760117280,26.884,26.929,26.884,26.929
1760117340,26.929,26.931,26.871,26.931
1760117400,26.931,26.973,26.931,26.94
1760117460,26.94,26.955,26.931,26.934
1760117520,26.934,26.934,26.888,26.918
1760117580,26.918,26.929,26.889,26.893
1760117640,26.893,26.915,26.883,26.909
1760117700,26.909,26.913,26.866,26.868
1760117760,26.868,26.868,26.825,26.839
1760117820,26.839,26.87,26.799,26.835
1760117880,26.835,26.835,26.797,26.797
1760117940,26.797,26.808,26.784,26.805
1760118000,26.805,26.805,26.763,26.796
1760118060,26.796,26.851,26.782,26.834
1760118120,26.834,26.856,26.824,26.85
1760118180,26.85,26.85,26.797,26.826
1760118240,26.826,26.826,26.8,26.801
1760118300,26.801,26.82,26.751,26.752
1760118360,26.752,26.752,26.656,26.738
1760118420,26.738,26.759,26.683,26.707
1760118480,26.707,26.782,26.707,26.773
1760118540,26.773,26.777,26.74,26.746
1760118600,26.746,26.753,26.718,26.723
1760118660,26.723,26.735,26.702,26.723
1760118720,26.723,26.723,26.681,26.69
1760118780,26.69,26.712,26.689,26.71
1760118840,26.71,26.71,26.675,26.682
1760118900,26.682,26.743,26.68,26.708
1760118960,26.708,26.711,26.672,26.675
1760119020,26.675,26.702,26.67,26.694
1760119080,26.694,26.715,26.67,26.702
1760119140,26.702,26.703,26.69,26.692
1760119200,26.692,26.703,26.629,26.642
1760119260,26.642,26.657,26.615,26.632
1760119320,26.632,26.702,26.621,26.684
1760119380,26.684,26.693,26.64,26.666
1760119440,26.666,26.679,26.664,26.673
1760119500,26.673,26.72,26.673,26.69
1760119560,26.69,26.736,26.665,26.665
1760119620,26.665,26.692,26.634,26.692
1760119680,26.692,26.732,26.686,26.689
1760119740,26.689,26.69,26.644,26.662
1760119800,26.662,26.682,26.644,26.677
1760119860,26.677,26.677,26.644,26.659
1760119920,26.659,26.671,26.649,26.671
1760119980,26.671,26.671,26.623,26.633
1760120040,26.633,26.695,26.628,26.684
1760120100,26.684,26.686,26.657,26.676
1760120160,26.676,26.713,26.676,26.706
1760120220,26.706,26.706,26.676,26.677
1760120280,26.677,26.682,26.611,26.631
1760120340,26.631,26.634,26.565,26.616
1760120400,26.616,26.696,26.616,26.696
1760120460,26.696,26.723,26.661,26.661
1760120520,26.661,26.723,26.646,26.723
1760120580,26.723,26.723,26.677,26.677
1760120640,26.677,26.693,26.666,26.692
1760120700,26.692,26.721,26.691,26.7
1760120760,26.7,26.723,26.693,26.712
1760120820,26.712,26.719,26.683,26.692
1760120880,26.692,26.692,26.641,26.652
1760120940,26.652,26.652,26.62,26.631
1760121000,26.631,26.657,26.628,26.648
1760121060,26.648,26.658,26.635,26.638
1760121120,26.638,26.644,26.613,26.63
1760121180,26.63,26.679,26.628,26.661
1760121240,26.661,26.661,26.611,26.611
1760121300,26.611,26.612,26.585,26.588
1760121360,26.588,26.588,26.558,26.564
1760121420,26.564,26.569,26.468,26.53
1760121480,26.53,26.561,26.512,26.525
1760121540,26.525,26.562,26.48,26.508
1760121600,26.508,26.518,26.436,26.51
1760121660,26.51,26.541,26.507,26.538
1760121720,26.538,26.538,26.507,26.522
1760121780,26.522,26.54,26.518,26.522
1760121840,26.522,26.529,26.493,26.501
1760121900,26.501,26.585,26.498,26.545
1760121960,26.545,26.559,26.508,26.538
1760122020,26.538,26.538,26.493,26.493
1760122080,26.493,26.498,26.39,26.43
1760122140,26.43,26.489,26.424,26.472
1760122200,26.472,26.479,26.406,26.416
1760122260,26.416,26.464,26.407,26.457
1760122320,26.457,26.482,26.448,26.452
1760122380,26.452,26.478,26.418,26.423
1760122440,26.423,26.435,26.413,26.432
1760122500,26.432,26.469,26.432,26.469
1760122560,26.469,26.515,26.468,26.508
1760122620,26.508,26.524,26.496,26.523
1760122680,26.523,26.523,26.483,26.494
1760122740,26.494,26.495,26.478,26.486
1760122800,26.486,26.556,26.486,26.512
1760122860,26.512,26.512,26.473,26.51
1760122920,26.51,26.526,26.49,26.514
1760122980,26.514,26.517,26.499,26.507
1760123040,26.507,26.507,26.482,26.493
1760123100,26.493,26.493,26.419,26.445
1760123160,26.445,26.447,26.404,26.447
1760123220,26.447,26.458,26.425,26.433
1760123280,26.433,26.437,26.36,26.401
1760123340,26.401,26.436,26.36,26.406
1760123400,26.406,26.414,26.36,26.414
1760123460,26.414,26.427,26.313,26.343
1760123520,26.343,26.401,26.328,26.401
1760123580,26.401,26.436,26.401,26.41
1760123640,26.41,26.428,26.37,26.373
1760123700,26.373,26.39,26.328,26.39
1760123760,26.39,26.412,26.347,26.37
1760123820,26.37,26.411,26.361,26.385
1760123880,26.385,26.396,26.352,26.373
1760123940,26.373,26.395,26.364,26.388
1760124000,26.388,26.391,26.259,26.294
1760124060,26.294,26.336,26.232,26.27
1760124120,26.27,26.308,26.237,26.301
1760124180,26.301,26.301,26.191,26.258
1760124240,26.258,26.305,26.244,26.291
1760124300,26.291,26.42,26.291,26.376
1760124360,26.376,26.439,26.376,26.391
1760124420,26.391,26.407,26.329,26.333
1760124480,26.333,26.339,26.192,26.223
1760124540,26.223,26.259,26.031,26.045
1760124600,26.045,26.247,26.028,26.247
1760124660,26.247,26.288,26.217,26.224
1760124720,26.224,26.273,26.181,26.193
1760124780,26.193,26.193,26.074,26.1
1760124840,26.1,26.148,26.093,26.148
1760124900,26.148,26.189,26.104,26.189
1760124960,26.189,26.214,26.176,26.214
1760125020,26.214,26.26,26.191,26.226
1760125080,26.226,26.314,26.218,26.24
1760125140,26.24,26.263,26.222,26.25
1760125200,26.25,26.314,26.226,26.25
1760125260,26.25,26.383,26.241,26.383
1760125320,26.383,26.398,26.328,26.382
1760125380,26.382,26.425,26.368,26.415
1760125440,26.415,26.478,26.401,26.473
1760125500,26.473,26.531,26.469,26.491
1760125560,26.491,26.506,26.445,26.445
1760125620,26.445,26.524,26.445,26.518
1760125680,26.518,26.564,26.513,26.564
1760125740,26.564,26.568,26.508,26.536
1760125800,26.536,26.54,26.458,26.47
1760125860,26.47,26.477,26.438,26.438
1760125920,26.438,26.503,26.422,26.454
1760125980,26.454,26.504,26.43,26.436
1760126040,26.436,26.456,26.389,26.397
1760126100,26.397,26.439,26.363,26.433
1760126160,26.433,26.455,26.406,26.448
1760126220,26.448,26.455,26.421,26.452
1760126280,26.452,26.453,26.398,26.445
1760126340,26.445,26.445,26.388,26.412
1760126400,26.412,26.424,26.387,26.392
1760126460,26.392,26.429,26.367,26.4
1760126520,26.4,26.42,26.371,26.42
1760126580,26.42,26.436,26.392,26.436
1760126640,26.436,26.508,26.428,26.493
1760126700,26.493,26.495,26.431,26.487
1760126760,26.487,26.515,26.467,26.5
1760126820,26.5,26.518,26.486,26.516
1760126880,26.516,26.517,26.473,26.474
1760126940,26.474,26.474,26.44,26.448
1760127000,26.448,26.493,26.431,26.49
1760127060,26.49,26.519,26.482,26.5
1760127120,26.5,26.572,26.494,26.572
1760127180,26.572,26.572,26.515,26.544
1760127240,26.544,26.549,26.521,26.533
1760127300,26.533,26.57,26.514,26.567
1760127360,26.567,26.595,26.559,26.581
1760127420,26.581,26.594,26.536,26.544
1760127480,26.544,26.558,26.52,26.553
1760127540,26.553,26.556,26.539,26.551
1760127600,26.551,26.586,26.533,26.586
1760127660,26.586,26.606,26.576,26.576
1760127720,26.576,26.625,26.575,26.61
1760127780,26.61,26.646,26.606,26.623
1760127840,26.623,26.628,26.599,26.611
1760127900,26.611,26.629,26.585,26.627
1760127960,26.627,26.647,26.62,26.647
1760128020,26.647,26.671,26.635,26.66
1760128080,26.66,26.677,26.648,26.648
1760128140,26.648,26.669,26.644,26.669
1760128200,26.669,26.669,26.636,26.638
1760128260,26.638,26.638,26.59,26.601
1760128320,26.601,26.615,26.587,26.598
1760128380,26.598,26.602,26.573,26.597
1760128440,26.597,26.602,26.589,26.595
1760128500,26.595,26.6,26.572,26.585
1760128560,26.585,26.591,26.564,26.568
1760128620,26.568,26.599,26.563,26.582
1760128680,26.582,26.599,26.576,26.576
1760128740,26.576,26.589,26.574,26.574
1760128800,26.574,26.599,26.568,26.574
1760128860,26.574,26.581,26.567,26.567
1760128920,26.567,26.58,26.566,26.57
1760128980,26.57,26.601,26.569,26.597
1760129040,26.597,26.614,26.567,26.576
1760129100,26.576,26.593,26.576,26.584
1760129160,26.584,26.585,26.545,26.552
1760129220,26.552,26.583,26.543,26.579
1760129280,26.579,26.584,26.555,26.566
1760129340,26.566,26.58,26.56,26.568
1760129400,26.568,26.568,26.365,26.41
1760129460,26.41,26.465,26.314,26.395
1760129520,26.395,26.413,26.158,26.224
1760129580,26.224,26.323,26.045,26.072
1760129640,26.072,26.199,26.005,26.179
1760129700,26.179,26.223,25.931,25.941
1760129760,25.941,25.972,25.225,25.744
1760129820,25.744,25.822,25.608,25.781
1760129880,25.781,25.83,25.485,25.512
1760129940,25.512,25.683,24.203,24.966
1760130000,24.966,25.129,24.611,24.774
1760130060,24.774,25.245,24.774,25.22
1760130120,25.22,25.296,25.113,25.179
1760130180,25.179,25.34,25.147,25.179
1760130240,25.179,25.323,25.16,25.315
1760130300,25.315,25.355,25.13,25.229
1760130360,25.229,25.272,25.132,25.172
1760130420,25.172,25.291,25.134,25.166
1760130480,25.166,25.183,25.033,25.092
1760130540,25.092,25.223,25.065,25.164
1760130600,25.164,25.232,25.053,25.095
1760130660,25.095,25.14,24.526,24.89
1760130720,24.89,24.982,24.351,24.362
1760130780,24.362,24.377,22.946,23.477
1760130840,23.477,23.763,22.232,22.987
1760130900,22.987,23.239,22.009,22.073
1760130960,22.073,22.201,20.65,20.799
1760131020,20.799,20.947,18.841,19.713
1760131080,19.713,19.783,15.195,15.263
1760131140,15.263,15.641,11.07,11.337
1760131200,11.337,11.396,8.34,8.374
1760131260,8.374,10.601,8.218,10.601
1760131320,10.601,15.484,10.601,14.614
1760131380,14.614,18.249,14.614,17.768
1760131440,17.768,18.282,16.737,17.278
1760131500,17.278,17.549,16.19,16.464
1760131560,16.464,16.626,15.405,16.032
1760131620,16.032,16.658,15.798,16.449
1760131680,16.449,17.085,16.44,16.878
1760131740,16.878,17.899,16.843,17.648
1760131800,17.648,18.249,17.292,17.964
1760131860,17.964,18.304,17.351,17.915
1760131920,17.915,18.473,17.855,18.287
1760131980,18.287,18.815,18,18.721
1760132040,18.721,19.2,18.599,18.835
1760132100,18.835,19.402,18.78,19.292
1760132160,19.292,19.395,18.841,19.279
1760132220,19.279,19.342,18.75,18.75
1760132280,18.75,18.846,18.27,18.434
1760132340,18.434,18.972,18.429,18.705
1760132400,18.705,19.269,18.51,19.153
1760132460,19.153,20.5,19.101,20.465
1760132520,20.465,20.712,19.945,20.535
1760132580,20.535,21.462,20.24,20.906
1760132640,20.906,21.74,20.835,21.47
1760132700,21.47,22.105,21.359,22.054
1760132760,22.054,22.477,21.695,21.897
1760132820,21.897,21.949,21.074,21.18
1760132880,21.18,21.366,20.715,21.255
1760132940,21.255,21.306,20.626,20.89
1760133000,20.89,21.17,20.842,21.106
1760133060,21.106,21.334,20.835,21.228
1760133120,21.228,21.348,20.673,20.931
1760133180,20.931,21.084,20.62,20.722
1760133240,20.722,21.116,20.684,20.809
1760133300,20.809,21.136,20.667,20.878
1760133360,20.878,21.051,20.537,20.925
1760133420,20.925,21.195,20.624,21.16
1760133480,21.16,21.55,20.823,21.023
1760133540,21.023,21.202,20.54,20.688
1760133600,20.688,20.952,20.273,20.497
1760133660,20.497,20.544,20.325,20.429
1760133720,20.429,20.812,20.214,20.412
1760133780,20.412,20.488,20.001,20.113
1760133840,20.113,20.182,19.712,19.981
1760133900,19.981,20.077,18.37,18.546
1760133960,18.546,19.672,18.532,19.517
1760134020,19.517,20.422,19.412,19.985
1760134080,19.985,20.2,19.836,20.106
1760134140,20.106,20.647,19.922,20.271
1760134200,20.271,20.532,20.124,20.374
1760134260,20.374,20.916,20.374,20.706
1760134320,20.706,21.158,20.692,21.037
1760134380,21.037,21.226,20.776,20.962
1760134440,20.962,21.043,20.792,20.872
1760134500,20.872,21.055,20.661,20.758
1760134560,20.758,20.97,20.687,20.846
1760134620,20.846,21.236,20.478,20.602
1760134680,20.602,20.65,20.343,20.394
1760134740,20.394,20.538,20.237,20.383
1760134800,20.383,20.519,20.276,20.295
1760134860,20.295,20.313,20.059,20.131
1760134920,20.131,20.281,20.063,20.281
1760134980,20.281,20.373,19.895,20.085
1760135040,20.085,20.135,19.879,19.934
1760135100,19.934,20.018,19.64,19.736
1760135160,19.736,20.136,19.44,19.445
1760135220,19.445,19.721,19.402,19.694
1760135280,19.694,19.752,19.587,19.691
1760135340,19.691,19.718,19.445,19.455
1760135400,19.455,19.587,19.35,19.364
1760135460,19.364,19.406,19.239,19.345
1760135520,19.345,19.36,19.064,19.126
1760135580,19.126,19.303,19.083,19.255
1760135640,19.255,19.809,19.244,19.753
1760135700,19.753,19.948,19.747,19.888
1760135760,19.888,20.3,19.787,19.981
1760135820,19.981,20.214,19.844,20.19
1760135880,20.19,20.32,20.066,20.249
1760135940,20.249,20.3,20.072,20.207
1760136000,20.207,20.378,20.111,20.309
1760136060,20.309,20.312,20.016,20.18
1760136120,20.18,20.253,20.089,20.185
1760136180,20.185,20.293,20.105,20.229
1760136240,20.229,20.296,20.17,20.243
1760136300,20.243,20.435,20.217,20.358
1760136360,20.358,20.457,20.298,20.333
1760136420,20.333,20.838,20.311,20.786
1760136480,20.786,20.8,20.563,20.654
1760136540,20.654,20.932,20.577,20.638
1760136600,20.638,20.756,20.556,20.596
1760136660,20.596,20.687,20.493,20.62
1760136720,20.62,20.679,20.562,20.587
1760136780,20.587,20.616,20.275,20.403
1760136840,20.403,20.625,20.366,20.622
1760136900,20.622,20.622,20.493,20.531
1760136960,20.531,20.724,20.523,20.613
1760137020,20.613,20.741,20.527,20.649
1760137080,20.649,20.85,20.619,20.818
1760137140,20.818,20.836,20.687,20.701
1760137200,20.701,20.742,20.648,20.68
1760137260,20.68,20.763,20.494,20.506
1760137320,20.506,20.566,20.418,20.45
1760137380,20.45,20.579,20.445,20.548
1760137440,20.548,20.814,20.518,20.748
1760137500,20.748,20.84,20.666,20.812
1760137560,20.812,20.901,20.759,20.771
1760137620,20.771,20.84,20.615,20.796
1760137680,20.796,20.877,20.712,20.869
1760137740,20.869,21.143,20.697,20.96
1760137800,20.96,21.05,20.763,20.787
1760137860,20.787,20.888,20.751,20.767
1760137920,20.767,20.84,20.723,20.782
1760137980,20.782,20.876,20.726,20.87
1760138040,20.87,20.903,20.791,20.849
1760138100,20.849,20.935,20.812,20.918
1760138160,20.918,21.017,20.855,20.976
1760138220,20.976,21.081,20.953,21.045
1760138280,21.045,21.06,20.985,21.007
1760138340,21.007,21.321,20.991,21.177
1760138400,21.177,21.241,21.099,21.201
1760138460,21.201,21.223,21.064,21.071
1760138520,21.071,21.324,21.04,21.321
1760138580,21.321,21.329,21.158,21.182
1760138640,21.182,21.286,21.167,21.258
1760138700,21.258,21.369,21.174,21.305
1760138760,21.305,21.522,21.281,21.423
1760138820,21.423,21.554,21.416,21.462
1760138880,21.462,21.516,21.409,21.509
1760138940,21.509,21.643,21.468,21.608
1760139000,21.608,21.809,21.597,21.607
1760139060,21.607,21.701,21.529,21.634
1760139120,21.634,21.759,21.502,21.514
1760139180,21.514,21.695,21.514,21.676
1760139240,21.676,21.783,21.663,21.729
1760139300,21.729,21.825,21.673,21.76
1760139360,21.76,21.813,21.655,21.801
1760139420,21.801,21.925,21.787,21.796
1760139480,21.796,21.86,21.7,21.732
1760139540,21.732,21.871,21.701,21.824
1760139600,21.824,21.831,21.7,21.711
1760139660,21.711,21.823,21.633,21.709
1760139720,21.709,21.745,21.524,21.58
1760139780,21.58,21.708,21.553,21.685
1760139840,21.685,21.697,21.581,21.608
1760139900,21.608,21.622,21.516,21.584
1760139960,21.584,21.584,21.383,21.453
1760140020,21.453,21.478,21.308,21.374
1760140080,21.374,21.453,21.322,21.349
1760140140,21.349,21.368,21.068,21.252
1760140200,21.252,21.492,21.252,21.284
1760140260,21.284,21.334,21.202,21.264
1760140320,21.264,21.306,21.102,21.176
1760140380,21.176,21.212,21.006,21.045
1760140440,21.045,21.085,20.91,21.056
1760140500,21.056,21.091,20.366,20.424
1760140560,20.424,20.889,20.424,20.673
1760140620,20.673,20.736,20.572,20.712
1760140680,20.712,20.764,20.662,20.726
1760140740,20.726,20.786,20.656,20.721
1762128000,18.8,18.848,18.8,18.829
1762128060,18.829,18.838,18.811,18.826
1762128120,18.826,18.831,18.8,18.82
1762128180,18.82,18.82,18.783,18.79
1762128240,18.79,18.828,18.788,18.827
1762128300,18.827,18.848,18.825,18.831
1762128360,18.831,18.854,18.831,18.85
1762128420,18.85,18.867,18.84,18.854
1762128480,18.854,18.863,18.85,18.855
1762128540,18.855,18.894,18.854,18.889
1762128600,18.889,18.907,18.864,18.864
1762128660,18.864,18.864,18.826,18.847
1762128720,18.847,18.863,18.845,18.852
1762128780,18.852,18.861,18.847,18.858
1762128840,18.858,18.871,18.854,18.863
1762128900,18.863,18.864,18.846,18.861
1762128960,18.861,18.861,18.842,18.854
1762129020,18.854,18.857,18.834,18.834
1762129080,18.834,18.863,18.834,18.853
1762129140,18.853,18.859,18.833,18.84
1762129200,18.84,18.866,18.84,18.855
1762129260,18.855,18.855,18.797,18.797
1762129320,18.797,18.828,18.797,18.815
1762129380,18.815,18.819,18.793,18.793
1762129440,18.793,18.801,18.786,18.788
1762129500,18.788,18.793,18.781,18.782
1762129560,18.782,18.784,18.764,18.768
1762129620,18.768,18.784,18.768,18.769
1762129680,18.769,18.784,18.762,18.765
1762129740,18.765,18.77,18.756,18.756
1762129800,18.756,18.763,18.751,18.751
1762129860,18.751,18.757,18.728,18.733
1762129920,18.733,18.765,18.733,18.754
1762129980,18.754,18.754,18.737,18.74
1762130040,18.74,18.742,18.728,18.731
1762130100,18.731,18.747,18.731,18.734
1762130160,18.734,18.734,18.684,18.694
1762130220,18.694,18.706,18.681,18.706
1762130280,18.706,18.718,18.699,18.705
1762130340,18.705,18.715,18.701,18.704
1762130400,18.704,18.72,18.698,18.702
1762130460,18.702,18.713,18.696,18.699
1762130520,18.699,18.707,18.69,18.7
1762130580,18.7,18.7,18.672,18.685
1762130640,18.685,18.695,18.685,18.692
1762130700,18.692,18.715,18.688,18.701
1762130760,18.701,18.712,18.691,18.691
1762130820,18.691,18.691,18.651,18.662
1762130880,18.662,18.678,18.647,18.67
1762130940,18.67,18.67,18.661,18.666
1762131000,18.666,18.699,18.666,18.685
1762131060,18.685,18.702,18.683,18.693
1762131120,18.693,18.693,18.655,18.662
1762131180,18.662,18.662,18.641,18.655
1762131240,18.655,18.667,18.64,18.664
1762131300,18.664,18.664,18.599,18.611
1762131360,18.611,18.624,18.574,18.596
1762131420,18.596,18.597,18.577,18.591
1762131480,18.591,18.597,18.563,18.597
1762131540,18.597,18.61,18.565,18.565
1762131600,18.565,18.565,18.526,18.546
1762131660,18.546,18.582,18.539,18.574
1762131720,18.574,18.578,18.519,18.524
1762131780,18.524,18.567,18.521,18.565
1762131840,18.565,18.585,18.556,18.57
1762131900,18.57,18.583,18.558,18.57
1762131960,18.57,18.597,18.562,18.563
1762132020,18.563,18.563,18.518,18.532
1762132080,18.532,18.569,18.527,18.567
1762132140,18.567,18.58,18.545,18.571
1762132200,18.571,18.597,18.554,18.597
1762132260,18.597,18.598,18.575,18.579
1762132320,18.579,18.579,18.543,18.544
1762132380,18.544,18.561,18.544,18.552
1762132440,18.552,18.558,18.537,18.541
1762132500,18.541,18.56,18.528,18.534
1762132560,18.534,18.548,18.508,18.547
1762132620,18.547,18.563,18.537,18.548
1762132680,18.548,18.56,18.535,18.546
1762132740,18.546,18.546,18.51,18.514
1762132800,18.514,18.517,18.499,18.501
1762132860,18.501,18.527,18.496,18.496
1762132920,18.496,18.496,18.454,18.465
1762132980,18.465,18.465,18.432,18.445
1762133040,18.445,18.446,18.432,18.433
1762133100,18.433,18.433,18.39,18.405
1762133160,18.405,18.405,18.388,18.392
1762133220,18.392,18.427,18.391,18.416
1762133280,18.416,18.425,18.412,18.425
1762133340,18.425,18.431,18.398,18.398
1762133400,18.398,18.405,18.372,18.404
1762133460,18.404,18.413,18.378,18.401
1762133520,18.401,18.413,18.401,18.41
1762133580,18.41,18.418,18.39,18.39
1762133640,18.39,18.39,18.367,18.367
1762133700,18.367,18.368,18.303,18.316
1762133760,18.316,18.324,18.267,18.293
1762133820,18.293,18.296,18.273,18.275
1762133880,18.275,18.346,18.271,18.337
1762133940,18.337,18.337,18.293,18.298
1762134000,18.298,18.315,18.288,18.312
1762134060,18.312,18.312,18.273,18.276
1762134120,18.276,18.292,18.272,18.291
1762134180,18.291,18.318,18.291,18.304
1762134240,18.304,18.34,18.304,18.323
1762134300,18.323,18.352,18.317,18.352
1762134360,18.352,18.357,18.327,18.346
1762134420,18.346,18.349,18.289,18.289
1762134480,18.289,18.316,18.286,18.296
1762134540,18.296,18.297,18.285,18.292
1762134600,18.292,18.301,18.25,18.256
1762134660,18.256,18.28,18.25,18.268
1762134720,18.268,18.273,18.236,18.26
1762134780,18.26,18.269,18.259,18.269
1762134840,18.269,18.275,18.259,18.269
1762134900,18.269,18.286,18.269,18.275
1762134960,18.275,18.282,18.254,18.269
1762135020,18.269,18.271,18.261,18.267
1762135080,18.267,18.284,18.263,18.267
1762135140,18.267,18.281,18.267,18.267
1762135200,18.267,18.283,18.247,18.282
1762135260,18.282,18.286,18.264,18.272
1762135320,18.272,18.272,18.233,18.239
1762135380,18.239,18.239,18.214,18.216
1762135440,18.216,18.216,18.169,18.19
1762135500,18.19,18.21,18.18,18.194
1762135560,18.194,18.194,18.14,18.156
1762135620,18.156,18.167,18.124,18.144
1762135680,18.144,18.207,18.136,18.202
1762135740,18.202,18.202,18.17,18.173
1762135800,18.173,18.187,18.171,18.171
1762135860,18.171,18.186,18.156,18.164
1762135920,18.164,18.201,18.163,18.2
1762135980,18.2,18.255,18.2,18.248
1762136040,18.248,18.256,18.226,18.226
1762136100,18.226,18.228,18.186,18.192
1762136160,18.192,18.192,18.144,18.153
1762136220,18.153,18.161,18.131,18.158
1762136280,18.158,18.176,18.153,18.161
1762136340,18.161,18.19,18.157,18.182
1762136400,18.182,18.207,18.182,18.201
1762136460,18.201,18.212,18.178,18.211
1762136520,18.211,18.212,18.175,18.178
1762136580,18.178,18.2,18.177,18.178
1762136640,18.178,18.196,18.178,18.196
1762136700,18.196,18.22,18.188,18.19
1762136760,18.19,18.198,18.162,18.162
1762136820,18.162,18.167,18.099,18.114
1762136880,18.114,18.121,18.082,18.104
1762136940,18.104,18.104,18.06,18.076
1762137000,18.076,18.079,18.011,18.023
1762137060,18.023,18.053,17.994,18.036
1762137120,18.036,18.076,17.988,18.074
1762137180,18.074,18.075,18.027,18.047
1762137240,18.047,18.106,18.042,18.082
1762137300,18.082,18.11,18.053,18.101
1762137360,18.101,18.104,18.073,18.086
1762137420,18.086,18.093,18.051,18.056
1762137480,18.056,18.075,18.019,18.075
1762137540,18.075,18.076,18.034,18.034
1762137600,18.034,18.051,18.029,18.037
1762137660,18.037,18.057,18.036,18.052
1762137720,18.052,18.055,18.038,18.049
1762137780,18.049,18.058,18.032,18.036
1762137840,18.036,18.062,18.034,18.048
1762137900,18.048,18.064,18.03,18.04
1762137960,18.04,18.04,18.018,18.025
1762138020,18.025,18.043,18.007,18.043
1762138080,18.043,18.061,18.041,18.042
1762138140,18.042,18.042,18.013,18.02
1762138200,18.02,18.043,18.006,18.033
1762138260,18.033,18.102,18.029,18.1
1762138320,18.1,18.122,18.079,18.08
1762138380,18.08,18.115,18.079,18.114
1762138440,18.114,18.157,18.114,18.157
1762138500,18.157,18.181,18.144,18.145
1762138560,18.145,18.147,18.113,18.113
1762138620,18.113,18.118,18.101,18.103
1762138680,18.103,18.127,18.096,18.125
1762138740,18.125,18.125,18.112,18.115
1762138800,18.115,18.142,18.104,18.131
1762138860,18.131,18.131,18.112,18.118
1762138920,18.118,18.146,18.118,18.136
1762138980,18.136,18.15,18.123,18.126
1762139040,18.126,18.126,18.103,18.118
1762139100,18.118,18.122,18.101,18.101
1762139160,18.101,18.104,18.071,18.077
1762139220,18.077,18.086,18.061,18.066
1762139280,18.066,18.067,17.977,18.007
1762139340,18.007,18.007,17.963,17.972
1762139400,17.972,17.972,17.919,17.934
1762139460,17.934,17.934,17.858,17.893
1762139520,17.893,17.907,17.829,17.907
1762139580,17.907,17.914,17.841,17.85
1762139640,17.85,17.872,17.805,17.86
1762139700,17.86,17.877,17.827,17.855
1762139760,17.855,17.887,17.85,17.869
1762139820,17.869,17.889,17.851,17.872
1762139880,17.872,17.913,17.863,17.903
1762139940,17.903,17.917,17.851,17.854
1762140000,17.854,17.873,17.85,17.852
1762140060,17.852,17.861,17.813,17.813
1762140120,17.813,17.823,17.775,17.783
1762140180,17.783,17.819,17.752,17.769
1762140240,17.769,17.796,17.756,17.786
1762140300,17.786,17.786,17.765,17.774
1762140360,17.774,17.78,17.753,17.769
1762140420,17.769,17.795,17.76,17.791
1762140480,17.791,17.814,17.789,17.794
1762140540,17.794,17.799,17.764,17.775
1762140600,17.775,17.775,17.669,17.715
1762140660,17.715,17.729,17.672,17.719
1762140720,17.719,17.724,17.606,17.661
1762140780,17.661,17.717,17.65,17.701
1762140840,17.701,17.728,17.675,17.686
1762140900,17.686,17.72,17.684,17.702
1762140960,17.702,17.704,17.67,17.679
1762141020,17.679,17.694,17.657,17.693
1762141080,17.693,17.742,17.691,17.698
1762141140,17.698,17.707,17.68,17.681
1762141200,17.681,17.715,17.672,17.69
1762141260,17.69,17.714,17.69,17.693
1762141320,17.693,17.707,17.675,17.685
1762141380,17.685,17.724,17.672,17.685
1762141440,17.685,17.689,17.667,17.673
1762141500,17.673,17.673,17.618,17.629
1762141560,17.629,17.637,17.587,17.587
1762141620,17.587,17.618,17.579,17.61
1762141680,17.61,17.635,17.599,17.608
1762141740,17.608,17.608,17.586,17.594
1762141800,17.594,17.625,17.585,17.618
1762141860,17.618,17.622,17.568,17.599
1762141920,17.599,17.601,17.533,17.58
1762141980,17.58,17.595,17.548,17.557
1762142040,17.557,17.575,17.546,17.568
1762142100,17.568,17.576,17.559,17.569
1762142160,17.569,17.57,17.487,17.523
1762142220,17.523,17.555,17.522,17.531
1762142280,17.531,17.534,17.512,17.513
1762142340,17.513,17.529,17.513,17.522
1762142400,17.522,17.523,17.438,17.448
1762142460,17.448,17.461,17.406,17.447
1762142520,17.447,17.474,17.433,17.436
1762142580,17.436,17.469,17.436,17.454
1762142640,17.454,17.461,17.425,17.437
1762142700,17.437,17.447,17.381,17.421
1762142760,17.421,17.425,17.357,17.362
1762142820,17.362,17.404,17.35,17.391
1762142880,17.391,17.45,17.384,17.44
1762142940,17.44,17.44,17.4,17.418
1762143000,17.418,17.467,17.418,17.448
1762143060,17.448,17.448,17.406,17.414
1762143120,17.414,17.427,17.405,17.409
1762143180,17.409,17.44,17.404,17.427
1762143240,17.427,17.444,17.422,17.443
1762143300,17.443,17.466,17.443,17.463
1762143360,17.463,17.463,17.413,17.425
1762143420,17.425,17.44,17.412,17.438
1762143480,17.438,17.45,17.421,17.439
1762143540,17.439,17.442,17.422,17.431
1762143600,17.431,17.458,17.423,17.427
1762143660,17.427,17.445,17.407,17.442
1762143720,17.442,17.465,17.419,17.465
1762143780,17.465,17.514,17.465,17.511
1762143840,17.511,17.511,17.467,17.467
1762143900,17.467,17.485,17.456,17.471
1762143960,17.471,17.472,17.448,17.464
1762144020,17.464,17.476,17.456,17.462
1762144080,17.462,17.512,17.462,17.509
1762144140,17.509,17.517,17.465,17.465
1762144200,17.465,17.465,17.425,17.431
1762144260,17.431,17.438,17.407,17.422
1762144320,17.422,17.441,17.4,17.429
1762144380,17.429,17.452,17.425,17.451
1762144440,17.451,17.473,17.443,17.463
1762144500,17.463,17.48,17.457,17.48
1762144560,17.48,17.503,17.438,17.44
1762144620,17.44,17.462,17.439,17.455
1762144680,17.455,17.467,17.435,17.454
1762144740,17.454,17.472,17.447,17.472
1762144800,17.472,17.472,17.452,17.461
1762144860,17.461,17.466,17.438,17.446
1762144920,17.446,17.473,17.445,17.453
1762144980,17.453,17.459,17.424,17.425
1762145040,17.425,17.441,17.419,17.422
1762145100,17.422,17.449,17.422,17.44
1762145160,17.44,17.465,17.433,17.461
1762145220,17.461,17.461,17.434,17.439
1762145280,17.439,17.449,17.424,17.445
1762145340,17.445,17.471,17.445,17.464
1762145400,17.464,17.503,17.463,17.499
1762145460,17.499,17.511,17.497,17.511
1762145520,17.511,17.547,17.51,17.546
1762145580,17.546,17.567,17.535,17.567
1762145640,17.567,17.593,17.564,17.587
1762145700,17.587,17.594,17.565,17.579
1762145760,17.579,17.598,17.572,17.593
1762145820,17.593,17.607,17.58,17.6
1762145880,17.6,17.6,17.575,17.579
1762145940,17.579,17.602,17.577,17.602
1762146000,17.602,17.627,17.597,17.627
1762146060,17.627,17.662,17.627,17.655
1762146120,17.655,17.656,17.613,17.619
1762146180,17.619,17.658,17.616,17.629
1762146240,17.629,17.648,17.618,17.648
1762146300,17.648,17.684,17.645,17.684
1762146360,17.684,17.705,17.673,17.7
1762146420,17.7,17.718,17.693,17.704
1762146480,17.704,17.731,17.701,17.729
1762146540,17.729,17.753,17.719,17.749
1762146600,17.749,17.752,17.723,17.732
1762146660,17.732,17.732,17.683,17.685
1762146720,17.685,17.685,17.665,17.671
1762146780,17.671,17.706,17.662,17.688
1762146840,17.688,17.72,17.685,17.702
1762146900,17.702,17.71,17.686,17.704
1762146960,17.704,17.712,17.667,17.667
1762147020,17.667,17.667,17.636,17.636
1762147080,17.636,17.658,17.636,17.64
1762147140,17.64,17.655,17.639,17.644
1762147200,17.644,17.649,17.633,17.646
1762147260,17.646,17.654,17.632,17.651
1762147320,17.651,17.684,17.635,17.661
1762147380,17.661,17.661,17.621,17.631
1762147440,17.631,17.65,17.631,17.636
1762147500,17.636,17.657,17.619,17.628
1762147560,17.628,17.641,17.622,17.632
1762147620,17.632,17.632,17.617,17.624
1762147680,17.624,17.624,17.603,17.62
1762147740,17.62,17.62,17.605,17.605
1762147800,17.605,17.621,17.605,17.613
1762147860,17.613,17.629,17.604,17.625
1762147920,17.625,17.626,17.604,17.617
1762147980,17.617,17.634,17.614,17.634
1762148040,17.634,17.636,17.63,17.63
1762148100,17.63,17.63,17.589,17.589
1762148160,17.589,17.59,17.536,17.543
1762148220,17.543,17.557,17.538,17.548
1762148280,17.548,17.553,17.507,17.507
1762148340,17.507,17.518,17.507,17.514
1762148400,17.514,17.514,17.489,17.513
1762148460,17.513,17.515,17.5,17.509
1762148520,17.509,17.514,17.498,17.505
1762148580,17.505,17.506,17.486,17.504
1762148640,17.504,17.505,17.49,17.5
1762148700,17.5,17.506,17.482,17.482
1762148760,17.482,17.492,17.476,17.486
1762148820,17.486,17.486,17.472,17.478
1762148880,17.478,17.478,17.457,17.472
1762148940,17.472,17.472,17.447,17.449
1762149000,17.449,17.454,17.43,17.449
1762149060,17.449,17.452,17.432,17.45
1762149120,17.45,17.463,17.42,17.429
1762149180,17.429,17.439,17.417,17.427
1762149240,17.427,17.438,17.425,17.431
1762149300,17.431,17.456,17.431,17.445
1762149360,17.445,17.45,17.436,17.438
1762149420,17.438,17.438,17.418,17.432
1762149480,17.432,17.44,17.425,17.428
1762149540,17.428,17.435,17.427,17.435
1762149600,17.435,17.439,17.396,17.43
1762149660,17.43,17.435,17.416,17.421
1762149720,17.421,17.444,17.416,17.441
1762149780,17.441,17.45,17.426,17.45
1762149840,17.45,17.461,17.432,17.441
1762149900,17.441,17.458,17.44,17.449
1762149960,17.449,17.468,17.437,17.437
1762150020,17.437,17.447,17.432,17.439
1762150080,17.439,17.478,17.436,17.478
1762150140,17.478,17.494,17.445,17.445
1762150200,17.445,17.445,17.406,17.413
1762150260,17.413,17.413,17.306,17.333
1762150320,17.333,17.379,17.33,17.372
1762150380,17.372,17.393,17.351,17.371
1762150440,17.371,17.382,17.368,17.38
1762150500,17.38,17.38,17.343,17.373
1762150560,17.373,17.382,17.358,17.379
1762150620,17.379,17.413,17.366,17.413
1762150680,17.413,17.42,17.387,17.387
1762150740,17.387,17.387,17.359,17.371
1762150800,17.371,17.405,17.364,17.399
1762150860,17.399,17.413,17.387,17.413
1762150920,17.413,17.413,17.363,17.367
1762150980,17.367,17.389,17.365,17.388
1762151040,17.388,17.444,17.388,17.417
1762151100,17.417,17.449,17.417,17.427
1762151160,17.427,17.427,17.395,17.396
1762151220,17.396,17.417,17.392,17.404
1762151280,17.404,17.424,17.4,17.42
1762151340,17.42,17.425,17.41,17.414
1762151400,17.414,17.417,17.396,17.414
1762151460,17.414,17.414,17.384,17.395
1762151520,17.395,17.399,17.371,17.388
1762151580,17.388,17.407,17.38,17.401
1762151640,17.401,17.434,17.394,17.405
1762151700,17.405,17.441,17.392,17.437
1762151760,17.437,17.445,17.413,17.417
1762151820,17.417,17.437,17.417,17.425
1762151880,17.425,17.436,17.394,17.4
1762151940,17.4,17.404,17.356,17.367
1762152000,17.367,17.396,17.36,17.364
1762152060,17.364,17.364,17.315,17.331
1762152120,17.331,17.368,17.33,17.363
1762152180,17.363,17.363,17.327,17.347
1762152240,17.347,17.349,17.322,17.327
1762152300,17.327,17.337,17.272,17.293
1762152360,17.293,17.305,17.234,17.247
1762152420,17.247,17.269,17.18,17.209
1762152480,17.209,17.221,17.14,17.187
1762152540,17.187,17.286,17.182,17.28
1762152600,17.28,17.319,17.268,17.318
1762152660,17.318,17.394,17.314,17.384
1762152720,17.384,17.403,17.377,17.389
1762152780,17.389,17.389,17.343,17.37
1762152840,17.37,17.37,17.325,17.329
1762152900,17.329,17.358,17.325,17.325
1762152960,17.325,17.338,17.318,17.331
1762153020,17.331,17.358,17.309,17.358
1762153080,17.358,17.378,17.354,17.372
1762153140,17.372,17.393,17.372,17.382
1762153200,17.382,17.382,17.337,17.337
1762153260,17.337,17.362,17.337,17.34
1762153320,17.34,17.344,17.298,17.334
1762153380,17.334,17.35,17.306,17.334
1762153440,17.334,17.347,17.312,17.312
1762153500,17.312,17.371,17.312,17.34
1762153560,17.34,17.34,17.292,17.32
1762153620,17.32,17.34,17.301,17.325
1762153680,17.325,17.357,17.318,17.336
1762153740,17.336,17.354,17.331,17.346
1762153800,17.346,17.361,17.339,17.358
1762153860,17.358,17.358,17.337,17.338
1762153920,17.338,17.372,17.332,17.352
1762153980,17.352,17.383,17.352,17.375
1762154040,17.375,17.384,17.366,17.367
1762154100,17.367,17.373,17.348,17.373
1762154160,17.373,17.413,17.367,17.411
1762154220,17.411,17.421,17.379,17.414
1762154280,17.414,17.419,17.383,17.383
1762154340,17.383,17.405,17.362,17.372
1762154400,17.372,17.373,17.348,17.368
1762154460,17.368,17.368,17.347,17.367
1762154520,17.367,17.397,17.363,17.389
1762154580,17.389,17.449,17.389,17.445
1762154640,17.445,17.525,17.438,17.513
1762154700,17.513,17.523,17.496,17.499
1762154760,17.499,17.504,17.456,17.463
1762154820,17.463,17.47,17.451,17.461
1762154880,17.461,17.468,17.455,17.46
1762154940,17.46,17.471,17.453,17.462
1762155000,17.462,17.462,17.437,17.441
1762155060,17.441,17.458,17.439,17.456
1762155120,17.456,17.478,17.456,17.478
1762155180,17.478,17.508,17.473,17.495
1762155240,17.495,17.543,17.495,17.499
1762155300,17.499,17.507,17.482,17.504
1762155360,17.504,17.52,17.485,17.52
1762155420,17.52,17.527,17.499,17.516
1762155480,17.516,17.584,17.516,17.543
1762155540,17.543,17.564,17.531,17.555
1762155600,17.555,17.561,17.53,17.548
1762155660,17.548,17.569,17.529,17.537
1762155720,17.537,17.537,17.507,17.507
1762155780,17.507,17.537,17.505,17.537
1762155840,17.537,17.537,17.496,17.496
1762155900,17.496,17.513,17.488,17.502
1762155960,17.502,17.51,17.491,17.496
1762156020,17.496,17.515,17.495,17.505
1762156080,17.505,17.518,17.501,17.501
1762156140,17.501,17.518,17.501,17.518
1762156200,17.518,17.522,17.495,17.509
1762156260,17.509,17.529,17.508,17.523
1762156320,17.523,17.55,17.523,17.537
1762156380,17.537,17.542,17.53,17.542
1762156440,17.542,17.563,17.535,17.536
1762156500,17.536,17.54,17.524,17.533
1762156560,17.533,17.559,17.529,17.559
1762156620,17.559,17.56,17.536,17.537
1762156680,17.537,17.537,17.498,17.501
1762156740,17.501,17.502,17.464,17.465
1762156800,17.465,17.465,17.438,17.444
1762156860,17.444,17.491,17.444,17.48
1762156920,17.48,17.486,17.449,17.465
1762156980,17.465,17.475,17.452,17.473
1762157040,17.473,17.473,17.458,17.469
1762157100,17.469,17.474,17.46,17.472
1762157160,17.472,17.487,17.454,17.469
1762157220,17.469,17.486,17.462,17.463
1762157280,17.463,17.466,17.429,17.43
1762157340,17.43,17.442,17.426,17.432
1762157400,17.432,17.453,17.427,17.45
1762157460,17.45,17.475,17.447,17.458
1762157520,17.458,17.47,17.438,17.44
1762157580,17.44,17.457,17.435,17.441
1762157640,17.441,17.451,17.428,17.43
1762157700,17.43,17.43,17.384,17.4
1762157760,17.4,17.457,17.398,17.452
1762157820,17.452,17.452,17.431,17.445
1762157880,17.445,17.445,17.418,17.425
1762157940,17.425,17.442,17.418,17.428
1762158000,17.428,17.428,17.404,17.42
1762158060,17.42,17.42,17.379,17.382
1762158120,17.382,17.383,17.364,17.38
1762158180,17.38,17.393,17.378,17.383
1762158240,17.383,17.39,17.369,17.369
1762158300,17.369,17.381,17.366,17.366
1762158360,17.366,17.371,17.336,17.364
1762158420,17.364,17.364,17.34,17.353
1762158480,17.353,17.367,17.353,17.357
1762158540,17.357,17.362,17.343,17.352
1762158600,17.352,17.366,17.348,17.352
1762158660,17.352,17.366,17.351,17.364
1762158720,17.364,17.368,17.338,17.35
1762158780,17.35,17.39,17.35,17.385
1762158840,17.385,17.396,17.379,17.382
1762158900,17.382,17.393,17.365,17.393
1762158960,17.393,17.401,17.379,17.385
1762159020,17.385,17.386,17.334,17.343
1762159080,17.343,17.35,17.325,17.332
1762159140,17.332,17.341,17.308,17.336
1762159200,17.336,17.348,17.328,17.343
1762159260,17.343,17.372,17.341,17.358
1762159320,17.358,17.371,17.349,17.355
1762159380,17.355,17.361,17.34,17.359
1762159440,17.359,17.366,17.355,17.363
1762159500,17.363,17.371,17.338,17.359
1762159560,17.359,17.364,17.339,17.34
1762159620,17.34,17.34,17.321,17.329
1762159680,17.329,17.335,17.299,17.326
1762159740,17.326,17.33,17.306,17.32
1762159800,17.32,17.406,17.32,17.405
1762159860,17.405,17.455,17.402,17.447
1762159920,17.447,17.461,17.433,17.456
1762159980,17.456,17.518,17.453,17.512
1762160040,17.512,17.517,17.491,17.493
1762160100,17.493,17.493,17.446,17.457
1762160160,17.457,17.463,17.432,17.433
1762160220,17.433,17.456,17.421,17.45
1762160280,17.45,17.46,17.449,17.452
1762160340,17.452,17.465,17.448,17.463
1762160400,17.463,17.463,17.431,17.461
1762160460,17.461,17.47,17.426,17.432
1762160520,17.432,17.471,17.432,17.471
1762160580,17.471,17.513,17.471,17.513
1762160640,17.513,17.526,17.501,17.513
1762160700,17.513,17.539,17.51,17.533
1762160760,17.533,17.553,17.519,17.553
1762160820,17.553,17.613,17.553,17.613
1762160880,17.613,17.626,17.567,17.586
1762160940,17.586,17.611,17.57,17.571
1762161000,17.571,17.58,17.559,17.568
1762161060,17.568,17.574,17.559,17.574
1762161120,17.574,17.591,17.568,17.578
1762161180,17.578,17.584,17.559,17.559
1762161240,17.559,17.572,17.545,17.57
1762161300,17.57,17.57,17.552,17.557
1762161360,17.557,17.562,17.531,17.541
1762161420,17.541,17.557,17.536,17.548
1762161480,17.548,17.553,17.531,17.548
1762161540,17.548,17.548,17.509,17.514
1762161600,17.514,17.514,17.462,17.479
1762161660,17.479,17.497,17.47,17.47
1762161720,17.47,17.473,17.457,17.461
1762161780,17.461,17.464,17.412,17.416
1762161840,17.416,17.429,17.416,17.418
1762161900,17.418,17.42,17.389,17.391
1762161960,17.391,17.429,17.391,17.429
1762162020,17.429,17.445,17.416,17.432
1762162080,17.432,17.454,17.428,17.428
1762162140,17.428,17.433,17.418,17.431
1762162200,17.431,17.462,17.431,17.462
1762162260,17.462,17.474,17.442,17.461
1762162320,17.461,17.461,17.44,17.446
1762162380,17.446,17.446,17.4,17.404
1762162440,17.404,17.424,17.395,17.409
1762162500,17.409,17.419,17.399,17.413
1762162560,17.413,17.441,17.412,17.441
1762162620,17.441,17.441,17.423,17.427
1762162680,17.427,17.429,17.397,17.404
1762162740,17.404,17.404,17.384,17.393
1762162800,17.393,17.403,17.382,17.403
1762162860,17.403,17.413,17.399,17.403
1762162920,17.403,17.407,17.387,17.394
1762162980,17.394,17.406,17.389,17.394
1762163040,17.394,17.42,17.394,17.415
1762163100,17.415,17.415,17.396,17.403
1762163160,17.403,17.429,17.397,17.413
1762163220,17.413,17.413,17.397,17.399
1762163280,17.399,17.404,17.389,17.403
1762163340,17.403,17.422,17.396,17.404
1762163400,17.404,17.411,17.379,17.379
1762163460,17.379,17.379,17.352,17.363
1762163520,17.363,17.368,17.351,17.368
1762163580,17.368,17.378,17.351,17.361
1762163640,17.361,17.368,17.356,17.362
1762163700,17.362,17.363,17.345,17.352
1762163760,17.352,17.378,17.352,17.37
1762163820,17.37,17.376,17.323,17.333
1762163880,17.333,17.348,17.327,17.348
1762163940,17.348,17.35,17.335,17.336
1762164000,17.336,17.377,17.335,17.359
1762164060,17.359,17.38,17.359,17.367
1762164120,17.367,17.399,17.367,17.387
1762164180,17.387,17.424,17.384,17.403
1762164240,17.403,17.403,17.349,17.357
1762164300,17.357,17.399,17.357,17.399
1762164360,17.399,17.399,17.375,17.388
1762164420,17.388,17.399,17.384,17.387
1762164480,17.387,17.402,17.387,17.4
1762164540,17.4,17.406,17.389,17.393
1762164600,17.393,17.406,17.38,17.386
1762164660,17.386,17.395,17.374,17.388
1762164720,17.388,17.391,17.368,17.372
1762164780,17.372,17.373,17.364,17.368
1762164840,17.368,17.384,17.368,17.384
1762164900,17.384,17.401,17.381,17.385
1762164960,17.385,17.385,17.375,17.375
1762165020,17.375,17.397,17.37,17.387
1762165080,17.387,17.388,17.367,17.375
1762165140,17.375,17.387,17.375,17.386
1762165200,17.386,17.4,17.383,17.383
1762165260,17.383,17.39,17.372,17.39
1762165320,17.39,17.403,17.383,17.39
1762165380,17.39,17.394,17.38,17.39
1762165440,17.39,17.39,17.369,17.386
1762165500,17.386,17.404,17.385,17.385
1762165560,17.385,17.385,17.368,17.368
1762165620,17.368,17.383,17.368,17.374
1762165680,17.374,17.4,17.373,17.393
1762165740,17.393,17.393,17.38,17.38
1762165800,17.38,17.38,17.311,17.314
1762165860,17.314,17.329,17.308,17.322
1762165920,17.322,17.323,17.313,17.317
1762165980,17.317,17.321,17.307,17.317
1762166040,17.317,17.317,17.282,17.299
1762166100,17.299,17.314,17.279,17.28
1762166160,17.28,17.295,17.278,17.285
1762166220,17.285,17.29,17.271,17.277
1762166280,17.277,17.296,17.276,17.284
1762166340,17.284,17.285,17.256,17.273
1762166400,17.273,17.29,17.269,17.29
1762166460,17.29,17.309,17.277,17.285
1762166520,17.285,17.285,17.258,17.269
1762166580,17.269,17.288,17.261,17.279
1762166640,17.279,17.279,17.265,17.268
1762166700,17.268,17.278,17.258,17.272
1762166760,17.272,17.275,17.242,17.254
1762166820,17.254,17.279,17.254,17.277
1762166880,17.277,17.299,17.277,17.299
1762166940,17.299,17.3,17.283,17.284
1762167000,17.284,17.287,17.274,17.276
1762167060,17.276,17.299,17.275,17.29
1762167120,17.29,17.29,17.261,17.267
1762167180,17.267,17.272,17.26,17.27
1762167240,17.27,17.271,17.264,17.268
1762167300,17.268,17.291,17.26,17.287
1762167360,17.287,17.304,17.284,17.302
1762167420,17.302,17.306,17.29,17.29
1762167480,17.29,17.294,17.283,17.283
1762167540,17.283,17.286,17.173,17.242
1762167600,17.242,17.318,17.241,17.285
1762167660,17.285,17.342,17.274,17.334
1762167720,17.334,17.36,17.322,17.356
1762167780,17.356,17.429,17.333,17.414
1762167840,17.414,17.414,17.379,17.39
1762167900,17.39,17.394,17.348,17.353
1762167960,17.353,17.357,17.336,17.336
1762168020,17.336,17.373,17.333,17.363
1762168080,17.363,17.389,17.363,17.388
1762168140,17.388,17.406,17.378,17.378
1762168200,17.378,17.393,17.371,17.393
1762168260,17.393,17.401,17.374,17.385
1762168320,17.385,17.391,17.378,17.386
1762168380,17.386,17.401,17.382,17.382
1762168440,17.382,17.384,17.361,17.361
1762168500,17.361,17.41,17.361,17.408
1762168560,17.408,17.506,17.405,17.47
1762168620,17.47,17.476,17.436,17.443
1762168680,17.443,17.451,17.432,17.45
1762168740,17.45,17.46,17.446,17.457
1762168800,17.457,17.477,17.454,17.474
1762168860,17.474,17.489,17.448,17.448
1762168920,17.448,17.449,17.405,17.405
1762168980,17.405,17.416,17.391,17.401
1762169040,17.401,17.407,17.396,17.402
1762169100,17.402,17.412,17.391,17.411
1762169160,17.411,17.411,17.396,17.408
1762169220,17.408,17.426,17.399,17.422
1762169280,17.422,17.452,17.422,17.447
1762169340,17.447,17.46,17.443,17.456
1762169400,17.456,17.472,17.448,17.47
1762169460,17.47,17.494,17.465,17.479
1762169520,17.479,17.487,17.472,17.481
1762169580,17.481,17.493,17.45,17.45
1762169640,17.45,17.457,17.446,17.45
1762169700,17.45,17.459,17.44,17.443
1762169760,17.443,17.444,17.434,17.436
1762169820,17.436,17.456,17.433,17.456
1762169880,17.456,17.495,17.456,17.49
1762169940,17.49,17.497,17.489,17.489
1762170000,17.489,17.503,17.481,17.5
1762170060,17.5,17.5,17.471,17.472
1762170120,17.472,17.497,17.472,17.489
1762170180,17.489,17.489,17.468,17.48
1762170240,17.48,17.492,17.48,17.488
1762170300,17.488,17.538,17.488,17.529
1762170360,17.529,17.529,17.496,17.516
1762170420,17.516,17.523,17.492,17.523
1762170480,17.523,17.553,17.519,17.532
1762170540,17.532,17.559,17.532,17.554
1762170600,17.554,17.559,17.531,17.537
1762170660,17.537,17.539,17.521,17.521
1762170720,17.521,17.522,17.479,17.487
1762170780,17.487,17.49,17.475,17.479
1762170840,17.479,17.505,17.479,17.495
1762170900,17.495,17.495,17.467,17.468
1762170960,17.468,17.468,17.455,17.464
1762171020,17.464,17.468,17.453,17.459
1762171080,17.459,17.462,17.456,17.459
1762171140,17.459,17.464,17.452,17.464
1762171200,17.464,17.48,17.464,17.472
1762171260,17.472,17.472,17.455,17.465
1762171320,17.465,17.468,17.449,17.461
1762171380,17.461,17.488,17.458,17.479
1762171440,17.479,17.534,17.479,17.493
1762171500,17.493,17.493,17.426,17.447
1762171560,17.447,17.481,17.447,17.455
1762171620,17.455,17.479,17.455,17.476
1762171680,17.476,17.485,17.469,17.48
1762171740,17.48,17.485,17.468,17.485
1762171800,17.485,17.509,17.48,17.501
1762171860,17.501,17.527,17.501,17.508
1762171920,17.508,17.563,17.508,17.562
1762171980,17.562,17.572,17.536,17.536
1762172040,17.536,17.542,17.529,17.539
1762172100,17.539,17.573,17.538,17.566
1762172160,17.566,17.61,17.56,17.575
1762172220,17.575,17.58,17.555,17.566
1762172280,17.566,17.617,17.566,17.615
1762172340,17.615,17.617,17.596,17.602
1762172400,17.602,17.624,17.601,17.621
1762172460,17.621,17.642,17.619,17.62
1762172520,17.62,17.634,17.614,17.619
1762172580,17.619,17.645,17.619,17.64
1762172640,17.64,17.64,17.616,17.624
1762172700,17.624,17.646,17.621,17.639
1762172760,17.639,17.64,17.623,17.629
1762172820,17.629,17.657,17.619,17.626
1762172880,17.626,17.643,17.625,17.626
1762172940,17.626,17.629,17.609,17.629
1762173000,17.629,17.637,17.613,17.615
1762173060,17.615,17.617,17.585,17.59
1762173120,17.59,17.6,17.584,17.596
1762173180,17.596,17.596,17.583,17.593
1762173240,17.593,17.615,17.593,17.607
1762173300,17.607,17.622,17.598,17.607
1762173360,17.607,17.607,17.574,17.574
1762173420,17.574,17.589,17.569,17.589
1762173480,17.589,17.589,17.558,17.56
1762173540,17.56,17.58,17.56,17.58
1762173600,17.58,17.58,17.55,17.556
1762173660,17.556,17.563,17.536,17.536
1762173720,17.536,17.537,17.516,17.535
1762173780,17.535,17.554,17.535,17.549
1762173840,17.549,17.549,17.524,17.524
1762173900,17.524,17.54,17.524,17.536
1762173960,17.536,17.553,17.536,17.553
1762174020,17.553,17.561,17.546,17.549
1762174080,17.549,17.557,17.542,17.552
1762174140,17.552,17.552,17.514,17.54
1762174200,17.54,17.552,17.533,17.533
1762174260,17.533,17.533,17.517,17.52
1762174320,17.52,17.521,17.507,17.514
1762174380,17.514,17.52,17.501,17.507
1762174440,17.507,17.507,17.486,17.489
1762174500,17.489,17.496,17.471,17.471
1762174560,17.471,17.473,17.459,17.463
1762174620,17.463,17.466,17.458,17.459
1762174680,17.459,17.468,17.455,17.461
1762174740,17.461,17.467,17.458,17.459
1762174800,17.459,17.459,17.445,17.457
1762174860,17.457,17.457,17.438,17.442
1762174920,17.442,17.465,17.442,17.463
1762174980,17.463,17.471,17.461,17.467
1762175040,17.467,17.497,17.461,17.497
1762175100,17.497,17.506,17.468,17.468
1762175160,17.468,17.477,17.464,17.471
1762175220,17.471,17.483,17.467,17.481
1762175280,17.481,17.481,17.458,17.46
1762175340,17.46,17.478,17.46,17.476
1762175400,17.476,17.476,17.452,17.463
1762175460,17.463,17.465,17.44,17.444
1762175520,17.444,17.46,17.444,17.46
1762175580,17.46,17.487,17.46,17.484
1762175640,17.484,17.484,17.469,17.47
1762175700,17.47,17.47,17.446,17.452
1762175760,17.452,17.463,17.451,17.463
1762175820,17.463,17.465,17.436,17.44
1762175880,17.44,17.457,17.429,17.444
1762175940,17.444,17.459,17.439,17.44
1762176000,17.44,17.446,17.401,17.409
1762176060,17.409,17.416,17.389,17.392
1762176120,17.392,17.414,17.387,17.4
1762176180,17.4,17.409,17.393,17.406
1762176240,17.406,17.406,17.388,17.399
1762176300,17.399,17.457,17.392,17.44
1762176360,17.44,17.443,17.398,17.405
1762176420,17.405,17.444,17.404,17.443
1762176480,17.443,17.443,17.421,17.43
1762176540,17.43,17.443,17.423,17.423
1762176600,17.423,17.48,17.421,17.468
1762176660,17.468,17.485,17.458,17.475
1762176720,17.475,17.495,17.475,17.493
1762176780,17.493,17.514,17.49,17.51
1762176840,17.51,17.548,17.505,17.537
1762176900,17.537,17.543,17.507,17.507
1762176960,17.507,17.541,17.505,17.538
1762177020,17.538,17.547,17.511,17.538
1762177080,17.538,17.542,17.526,17.536
1762177140,17.536,17.558,17.533,17.54
1762177200,17.54,17.559,17.523,17.523
1762177260,17.523,17.523,17.494,17.506
1762177320,17.506,17.506,17.479,17.488
1762177380,17.488,17.494,17.477,17.485
1762177440,17.485,17.502,17.481,17.502
1762177500,17.502,17.511,17.486,17.492
1762177560,17.492,17.519,17.485,17.519
1762177620,17.519,17.519,17.45,17.453
1762177680,17.453,17.475,17.435,17.472
1762177740,17.472,17.476,17.459,17.472
1762177800,17.472,17.472,17.446,17.457
1762177860,17.457,17.459,17.429,17.429
1762177920,17.429,17.434,17.401,17.433
1762177980,17.433,17.439,17.429,17.434
1762178040,17.434,17.481,17.434,17.479
1762178100,17.479,17.501,17.476,17.496
1762178160,17.496,17.504,17.472,17.476
1762178220,17.476,17.476,17.434,17.434
1762178280,17.434,17.434,17.422,17.427
1762178340,17.427,17.441,17.427,17.441
1762178400,17.441,17.524,17.441,17.511
1762178460,17.511,17.511,17.479,17.496
1762178520,17.496,17.527,17.489,17.513
1762178580,17.513,17.519,17.496,17.508
1762178640,17.508,17.513,17.488,17.513
1762178700,17.513,17.583,17.513,17.57
1762178760,17.57,17.624,17.57,17.619
1762178820,17.619,17.676,17.618,17.663
1762178880,17.663,17.663,17.6,17.609
1762178940,17.609,17.609,17.572,17.584
1762179000,17.584,17.603,17.571,17.571
1762179060,17.571,17.584,17.564,17.577
1762179120,17.577,17.608,17.577,17.584
1762179180,17.584,17.584,17.531,17.547
1762179240,17.547,17.561,17.528,17.535
1762179300,17.535,17.555,17.528,17.551
1762179360,17.551,17.551,17.533,17.538
1762179420,17.538,17.539,17.528,17.531
1762179480,17.531,17.546,17.514,17.52
1762179540,17.52,17.542,17.52,17.538
1762179600,17.538,17.553,17.521,17.521
1762179660,17.521,17.522,17.513,17.522
1762179720,17.522,17.522,17.503,17.505
1762179780,17.505,17.507,17.49,17.5
1762179840,17.5,17.509,17.495,17.501
1762179900,17.501,17.507,17.476,17.493
1762179960,17.493,17.517,17.484,17.508
1762180020,17.508,17.508,17.487,17.497
1762180080,17.497,17.506,17.484,17.484
1762180140,17.484,17.504,17.482,17.504
1762180200,17.504,17.52,17.49,17.518
1762180260,17.518,17.528,17.484,17.485
1762180320,17.485,17.5,17.454,17.472
1762180380,17.472,17.498,17.463,17.479
1762180440,17.479,17.485,17.445,17.457
1762180500,17.457,17.476,17.432,17.454
1762180560,17.454,17.49,17.454,17.469
1762180620,17.469,17.496,17.462,17.464
1762180680,17.464,17.501,17.451,17.471
1762180740,17.471,17.485,17.462,17.462
1762180800,17.462,17.467,17.429,17.447
1762180860,17.447,17.447,17.375,17.4
1762180920,17.4,17.4,17.365,17.39
1762180980,17.39,17.406,17.371,17.375
1762181040,17.375,17.379,17.364,17.37
1762181100,17.37,17.383,17.346,17.369
1762181160,17.369,17.386,17.347,17.384
1762181220,17.384,17.434,17.375,17.413
1762181280,17.413,17.432,17.38,17.389
1762181340,17.389,17.398,17.374,17.393
1762181400,17.393,17.42,17.349,17.373
1762181460,17.373,17.431,17.36,17.431
1762181520,17.431,17.434,17.395,17.402
1762181580,17.402,17.434,17.402,17.43
1762181640,17.43,17.472,17.417,17.422
1762181700,17.422,17.449,17.421,17.429
1762181760,17.429,17.457,17.42,17.457
1762181820,17.457,17.465,17.439,17.46
1762181880,17.46,17.473,17.434,17.443
1762181940,17.443,17.489,17.439,17.489
1762182000,17.489,17.524,17.428,17.44
1762182060,17.44,17.451,17.381,17.388
1762182120,17.388,17.392,17.306,17.328
1762182180,17.328,17.353,17.321,17.343
1762182240,17.343,17.346,17.324,17.342
1762182300,17.342,17.343,17.311,17.312
1762182360,17.312,17.335,17.311,17.312
1762182420,17.312,17.312,17.268,17.28
1762182480,17.28,17.298,17.254,17.289
1762182540,17.289,17.294,17.246,17.246
1762182600,17.246,17.254,17.232,17.234
1762182660,17.234,17.234,17.201,17.227
1762182720,17.227,17.242,17.216,17.24
1762182780,17.24,17.259,17.23,17.25
1762182840,17.25,17.255,17.227,17.235
1762182900,17.235,17.236,17.21,17.215
1762182960,17.215,17.236,17.204,17.204
1762183020,17.204,17.215,17.192,17.204
1762183080,17.204,17.205,17.183,17.195
1762183140,17.195,17.227,17.195,17.221
1762183200,17.221,17.221,17.155,17.166
1762183260,17.166,17.188,17.165,17.173
1762183320,17.173,17.173,17.104,17.143
1762183380,17.143,17.157,17.135,17.148
1762183440,17.148,17.148,17.106,17.121
1762183500,17.121,17.135,17.102,17.134
1762183560,17.134,17.134,16.889,16.933
1762183620,16.933,16.997,16.701,16.701
1762183680,16.701,16.841,16.655,16.721
1762183740,16.721,16.773,16.48,16.629
1762183800,16.629,16.643,15.853,15.881
1762183860,15.881,16.349,15.869,16.34
1762183920,16.34,16.465,16.274,16.365
1762183980,16.365,16.377,16.184,16.281
1762184040,16.281,16.475,16.281,16.436
1762184100,16.436,16.557,16.419,16.523
1762184160,16.523,16.638,16.503,16.599
1762184220,16.599,16.666,16.536,16.62
1762184280,16.62,16.666,16.572,16.64
1762184340,16.64,16.673,16.605,16.628
1762184400,16.628,16.63,16.543,16.575
1762184460,16.575,16.628,16.549,16.55
1762184520,16.55,16.56,16.464,16.478
1762184580,16.478,16.537,16.448,16.498
1762184640,16.498,16.56,16.474,16.488
1762184700,16.488,16.564,16.453,16.471
1762184760,16.471,16.496,16.411,16.43
1762184820,16.43,16.443,16.394,16.42
1762184880,16.42,16.437,16.393,16.395
1762184940,16.395,16.459,16.394,16.426
1762185000,16.426,16.499,16.421,16.43
1762185060,16.43,16.481,16.387,16.462
1762185120,16.462,16.462,16.421,16.431
1762185180,16.431,16.496,16.431,16.434
1762185240,16.434,16.436,16.351,16.36
1762185300,16.36,16.419,16.338,16.381
1762185360,16.381,16.415,16.368,16.38
1762185420,16.38,16.381,16.309,16.356
1762185480,16.356,16.398,16.351,16.379
1762185540,16.379,16.39,16.329,16.347
1762185600,16.347,16.371,16.312,16.342
1762185660,16.342,16.38,16.313,16.359
1762185720,16.359,16.378,16.317,16.341
1762185780,16.341,16.407,16.328,16.382
1762185840,16.382,16.382,16.262,16.301
1762185900,16.301,16.37,16.301,16.37
1762185960,16.37,16.386,16.3,16.335
1762186020,16.335,16.355,16.299,16.315
1762186080,16.315,16.333,16.282,16.316
1762186140,16.316,16.392,16.316,16.382
1762186200,16.382,16.399,16.34,16.395
1762186260,16.395,16.465,16.375,16.443
1762186320,16.443,16.482,16.436,16.47
1762186380,16.47,16.512,16.435,16.505
1762186440,16.505,16.568,16.498,16.564
1762186500,16.564,16.605,16.538,16.588
1762186560,16.588,16.592,16.548,16.556
1762186620,16.556,16.629,16.555,16.615
1762186680,16.615,16.68,16.61,16.675
1762186740,16.675,16.777,16.659,16.774
1762186800,16.774,16.828,16.72,16.727
1762186860,16.727,16.736,16.69,16.732
1762186920,16.732,16.759,16.72,16.745
1762186980,16.745,16.789,16.741,16.776
1762187040,16.776,16.776,16.718,16.734
1762187100,16.734,16.774,16.715,16.77
1762187160,16.77,16.774,16.743,16.761
1762187220,16.761,16.761,16.693,16.696
1762187280,16.696,16.696,16.664,16.666
1762187340,16.666,16.694,16.66,16.684
1762187400,16.684,16.739,16.674,16.73
1762187460,16.73,16.772,16.712,16.769
1762187520,16.769,16.776,16.726,16.759
1762187580,16.759,16.769,16.727,16.742
1762187640,16.742,16.743,16.687,16.692
1762187700,16.692,16.712,16.661,16.674
1762187760,16.674,16.725,16.674,16.719
1762187820,16.719,16.757,16.716,16.747
1762187880,16.747,16.762,16.709,16.744
1762187940,16.744,16.76,16.732,16.732
1762188000,16.732,16.79,16.724,16.78
1762188060,16.78,16.789,16.747,16.77
1762188120,16.77,16.783,16.684,16.699
1762188180,16.699,16.733,16.693,16.71
1762188240,16.71,16.715,16.69,16.693
1762188300,16.693,16.764,16.693,16.764
1762188360,16.764,16.776,16.74,16.746
1762188420,16.746,16.757,16.728,16.73
1762188480,16.73,16.73,16.687,16.687
1762188540,16.687,16.707,16.67,16.688
1762188600,16.688,16.714,16.679,16.713
1762188660,16.713,16.742,16.713,16.734
1762188720,16.734,16.763,16.719,16.719
1762188780,16.719,16.727,16.683,16.692
1762188840,16.692,16.712,16.692,16.703
1762188900,16.703,16.716,16.699,16.706
1762188960,16.706,16.74,16.706,16.74
1762189020,16.74,16.753,16.726,16.749
1762189080,16.749,16.764,16.74,16.749
1762189140,16.749,16.766,16.724,16.724
1762189200,16.724,16.728,16.695,16.71
1762189260,16.71,16.734,16.705,16.718
1762189320,16.718,16.759,16.716,16.723
1762189380,16.723,16.768,16.723,16.765
1762189440,16.765,16.797,16.754,16.797
1762189500,16.797,16.845,16.796,16.839
1762189560,16.839,16.856,16.829,16.838
1762189620,16.838,16.843,16.801,16.811
1762189680,16.811,16.835,16.804,16.824
1762189740,16.824,16.862,16.816,16.853
1762189800,16.853,16.853,16.798,16.807
1762189860,16.807,16.843,16.806,16.836
1762189920,16.836,16.848,16.812,16.838
1762189980,16.838,16.838,16.815,16.827
1762190040,16.827,16.864,16.827,16.846
1762190100,16.846,16.861,16.833,16.851
1762190160,16.851,16.851,16.786,16.804
1762190220,16.804,16.835,16.804,16.828
1762190280,16.828,16.886,16.826,16.886
1762190340,16.886,16.908,16.873,16.905
1762190400,16.905,16.944,16.899,16.942
1762190460,16.942,17.082,16.941,17.014
1762190520,17.014,17.017,16.985,16.995
1762190580,16.995,17.015,16.945,16.953
1762190640,16.953,16.954,16.919,16.933
1762190700,16.933,16.937,16.884,16.898
1762190760,16.898,16.899,16.852,16.864
1762190820,16.864,16.89,16.856,16.871
1762190880,16.871,16.874,16.857,16.857
1762190940,16.857,16.857,16.83,16.836
1762191000,16.836,16.881,16.824,16.872
1762191060,16.872,16.89,16.846,16.89
1762191120,16.89,16.918,16.875,16.909
1762191180,16.909,16.944,16.904,16.935
1762191240,16.935,16.954,16.934,16.939
1762191300,16.939,16.972,16.939,16.952
1762191360,16.952,16.983,16.945,16.983
1762191420,16.983,17.022,16.981,17.011
1762191480,17.011,17.049,17.011,17.049
1762191540,17.049,17.055,17.022,17.031
1762191600,17.031,17.032,16.988,16.991
1762191660,16.991,16.991,16.941,16.949
1762191720,16.949,16.988,16.948,16.965
1762191780,16.965,16.983,16.951,16.966
1762191840,16.966,16.968,16.928,16.94
1762191900,16.94,16.959,16.938,16.948
1762191960,16.948,16.978,16.941,16.978
1762192020,16.978,17.048,16.978,17.044
1762192080,17.044,17.054,17.026,17.029
1762192140,17.029,17.074,17.028,17.055
1762192200,17.055,17.055,17.026,17.03
1762192260,17.03,17.058,16.994,17.011
1762192320,17.011,17.021,16.973,16.975
1762192380,16.975,16.988,16.963,16.979
1762192440,16.979,16.979,16.953,16.958
1762192500,16.958,17.001,16.952,16.986
1762192560,16.986,17.016,16.985,16.996
1762192620,16.996,17.02,16.995,17.016
1762192680,17.016,17.02,17.002,17.003
1762192740,17.003,17.011,16.992,16.993
1762192800,16.993,16.996,16.968,16.97
1762192860,16.97,17.005,16.97,16.983
1762192920,16.983,17.011,16.979,17.006
1762192980,17.006,17.032,16.997,17.028
1762193040,17.028,17.031,16.981,16.981
1762193100,16.981,16.993,16.973,16.973
1762193160,16.973,16.982,16.96,16.96
1762193220,16.96,16.972,16.935,16.958
1762193280,16.958,16.982,16.953,16.967
1762193340,16.967,16.987,16.963,16.987
1762193400,16.987,17.026,16.979,16.999
1762193460,16.999,17.003,16.958,16.965
1762193520,16.965,16.973,16.955,16.96
1762193580,16.96,16.964,16.941,16.943
1762193640,16.943,16.943,16.918,16.936
1762193700,16.936,16.967,16.935,16.96
1762193760,16.96,16.96,16.927,16.934
1762193820,16.934,16.947,16.925,16.94
1762193880,16.94,16.968,16.94,16.958
1762193940,16.958,16.974,16.957,16.967
1762194000,16.967,16.979,16.957,16.958
1762194060,16.958,16.964,16.939,16.942
1762194120,16.942,16.97,16.942,16.962
1762194180,16.962,16.962,16.922,16.932
1762194240,16.932,16.933,16.918,16.921
1762194300,16.921,16.94,16.912,16.916
1762194360,16.916,16.916,16.874,16.884
1762194420,16.884,16.892,16.877,16.882
1762194480,16.882,16.89,16.866,16.877
1762194540,16.877,16.89,16.866,16.886
1762194600,16.886,16.906,16.886,16.902
1762194660,16.902,16.903,16.894,16.903
1762194720,16.903,16.957,16.903,16.957
1762194780,16.957,16.957,16.91,16.917
1762194840,16.917,16.934,16.917,16.925
1762194900,16.925,16.932,16.915,16.922
1762194960,16.922,16.955,16.921,16.955
1762195020,16.955,16.97,16.945,16.955
1762195080,16.955,16.966,16.941,16.945
1762195140,16.945,16.964,16.942,16.95
1762195200,16.95,16.965,16.945,16.953
1762195260,16.953,16.953,16.909,16.918
1762195320,16.918,16.931,16.909,16.916
1762195380,16.916,16.958,16.903,16.934
1762195440,16.934,16.953,16.931,16.947
1762195500,16.947,16.947,16.894,16.917
1762195560,16.917,16.921,16.889,16.899
1762195620,16.899,16.931,16.889,16.93
1762195680,16.93,16.974,16.927,16.966
1762195740,16.966,16.966,16.932,16.932
1762195800,16.932,16.961,16.932,16.958
1762195860,16.958,16.972,16.942,16.942
1762195920,16.942,16.942,16.907,16.928
1762195980,16.928,16.928,16.911,16.911
1762196040,16.911,16.914,16.888,16.905
1762196100,16.905,16.922,16.895,16.898
1762196160,16.898,16.907,16.876,16.905
1762196220,16.905,16.906,16.893,16.9
1762196280,16.9,16.9,16.875,16.888
1762196340,16.888,16.892,16.882,16.883
1762196400,16.883,16.916,16.879,16.888
1762196460,16.888,16.899,16.871,16.891
1762196520,16.891,16.891,16.842,16.863
1762196580,16.863,16.877,16.851,16.867
1762196640,16.867,16.868,16.839,16.841
1762196700,16.841,16.858,16.811,16.816
1762196760,16.816,16.855,16.816,16.848
1762196820,16.848,16.854,16.828,16.842
1762196880,16.842,16.846,16.811,16.811
1762196940,16.811,16.847,16.801,16.847
1762197000,16.847,16.868,16.824,16.824
1762197060,16.824,16.84,16.81,16.839
1762197120,16.839,16.844,16.829,16.842
1762197180,16.842,16.863,16.842,16.855
1762197240,16.855,16.857,16.839,16.848
1762197300,16.848,16.888,16.845,16.88
1762197360,16.88,16.92,16.88,16.88
1762197420,16.88,16.883,16.833,16.833
1762197480,16.833,16.834,16.813,16.815
1762197540,16.815,16.824,16.788,16.794
1762197600,16.794,16.843,16.794,16.827
1762197660,16.827,16.846,16.786,16.799
1762197720,16.799,16.807,16.758,16.759
1762197780,16.759,16.766,16.737,16.743
1762197840,16.743,16.748,16.743,16.746
1762197900,16.746,16.759,16.728,16.755
1762197960,16.755,16.766,16.736,16.758
1762198020,16.758,16.758,16.74,16.75
1762198080,16.75,16.75,16.736,16.742
1762198140,16.742,16.759,16.74,16.752
1762198200,16.752,16.786,16.749,16.778
1762198260,16.778,16.799,16.777,16.787
1762198320,16.787,16.794,16.763,16.77
1762198380,16.77,16.77,16.75,16.767
1762198440,16.767,16.789,16.762,16.768
1762198500,16.768,16.775,16.752,16.769
1762198560,16.769,16.792,16.768,16.776
1762198620,16.776,16.776,16.758,16.77
1762198680,16.77,16.804,16.766,16.796
1762198740,16.796,16.839,16.796,16.838
1762198800,16.838,16.869,16.838,16.867
1762198860,16.867,16.867,16.829,16.829
1762198920,16.829,16.829,16.807,16.816
1762198980,16.816,16.841,16.816,16.834
1762199040,16.834,16.849,16.83,16.849
1762199100,16.849,16.885,16.849,16.88
1762199160,16.88,16.887,16.859,16.877
1762199220,16.877,16.902,16.876,16.894
1762199280,16.894,16.899,16.865,16.867
1762199340,16.867,16.875,16.853,16.86
1762199400,16.86,16.872,16.839,16.841
1762199460,16.841,16.841,16.825,16.841
1762199520,16.841,16.842,16.809,16.81
1762199580,16.81,16.834,16.796,16.805
1762199640,16.805,16.815,16.789,16.804
1762199700,16.804,16.814,16.788,16.797
1762199760,16.797,16.805,16.777,16.798
1762199820,16.798,16.8,16.785,16.793
1762199880,16.793,16.795,16.771,16.777
1762199940,16.777,16.779,16.744,16.767
1762200000,16.767,16.803,16.767,16.797
1762200060,16.797,16.806,16.772,16.788
1762200120,16.788,16.796,16.769,16.778
1762200180,16.778,16.784,16.761,16.761
1762200240,16.761,16.774,16.759,16.774
1762200300,16.774,16.781,16.731,16.734
1762200360,16.734,16.737,16.671,16.688
1762200420,16.688,16.703,16.679,16.689
1762200480,16.689,16.696,16.643,16.651
1762200540,16.651,16.7,16.651,16.695
1762200600,16.695,16.705,16.682,16.702
1762200660,16.702,16.711,16.691,16.697
1762200720,16.697,16.699,16.664,16.664
1762200780,16.664,16.674,16.66,16.67
1762200840,16.67,16.671,16.645,16.652
1762200900,16.652,16.661,16.635,16.637
1762200960,16.637,16.652,16.629,16.651
1762201020,16.651,16.653,16.628,16.63
1762201080,16.63,16.642,16.601,16.64
1762201140,16.64,16.656,16.632,16.649
1762201200,16.649,16.649,16.619,16.647
1762201260,16.647,16.671,16.631,16.637
1762201320,16.637,16.639,16.63,16.636
1762201380,16.636,16.651,16.63,16.635
1762201440,16.635,16.635,16.591,16.6
1762201500,16.6,16.607,16.582,16.596
1762201560,16.596,16.62,16.596,16.605
1762201620,16.605,16.605,16.585,16.599
1762201680,16.599,16.632,16.599,16.629
1762201740,16.629,16.644,16.626,16.631
1762201800,16.631,16.675,16.626,16.66
1762201860,16.66,16.66,16.62,16.628
1762201920,16.628,16.638,16.586,16.59
1762201980,16.59,16.608,16.574,16.586
1762202040,16.586,16.614,16.57,16.571
1762202100,16.571,16.59,16.561,16.569
1762202160,16.569,16.592,16.559,16.592
1762202220,16.592,16.616,16.588,16.614
1762202280,16.614,16.614,16.579,16.589
1762202340,16.589,16.611,16.589,16.609
1762202400,16.609,16.612,16.59,16.603
1762202460,16.603,16.604,16.564,16.583
1762202520,16.583,16.588,16.56,16.564
1762202580,16.564,16.58,16.553,16.576
1762202640,16.576,16.576,16.539,16.556
1762202700,16.556,16.572,16.551,16.554
1762202760,16.554,16.555,16.494,16.516
1762202820,16.516,16.54,16.514,16.536
1762202880,16.536,16.536,16.5,16.509
1762202940,16.509,16.518,16.499,16.517
1762203000,16.517,16.525,16.471,16.505
1762203060,16.505,16.505,16.451,16.474
1762203120,16.474,16.493,16.469,16.472
1762203180,16.472,16.474,16.41,16.432
1762203240,16.432,16.448,16.419,16.428
1762203300,16.428,16.46,16.419,16.453
1762203360,16.453,16.457,16.42,16.425
1762203420,16.425,16.446,16.407,16.446
1762203480,16.446,16.463,16.443,16.455
1762203540,16.455,16.529,16.45,16.514
1762203600,16.514,16.591,16.505,16.576
1762203660,16.576,16.654,16.576,16.651
1762203720,16.651,16.683,16.645,16.671
1762203780,16.671,16.725,16.664,16.689
1762203840,16.689,16.689,16.659,16.674
1762203900,16.674,16.725,16.661,16.666
1762203960,16.666,16.666,16.628,16.653
1762204020,16.653,16.653,16.597,16.618
1762204080,16.618,16.631,16.607,16.607
1762204140,16.607,16.629,16.599,16.599
1762204200,16.599,16.609,16.581,16.596
1762204260,16.596,16.611,16.591,16.6
1762204320,16.6,16.631,16.599,16.615
1762204380,16.615,16.621,16.606,16.615
1762204440,16.615,16.615,16.568,16.571
1762204500,16.571,16.588,16.536,16.543
1762204560,16.543,16.546,16.496,16.499
1762204620,16.499,16.499,16.396,16.413
1762204680,16.413,16.472,16.413,16.459
1762204740,16.459,16.508,16.451,16.501
1762204800,16.501,16.523,16.495,16.516
1762204860,16.516,16.525,16.475,16.525
1762204920,16.525,16.63,16.518,16.63
1762204980,16.63,16.66,16.599,16.599
1762205040,16.599,16.599,16.554,16.562
1762205100,16.562,16.572,16.544,16.549
1762205160,16.549,16.557,16.526,16.535
1762205220,16.535,16.549,16.521,16.523
1762205280,16.523,16.556,16.508,16.549
1762205340,16.549,16.589,16.549,16.587
1762205400,16.587,16.6,16.561,16.595
1762205460,16.595,16.602,16.541,16.553
1762205520,16.553,16.599,16.547,16.584
1762205580,16.584,16.614,16.584,16.605
1762205640,16.605,16.679,16.601,16.679
1762205700,16.679,16.687,16.654,16.672
1762205760,16.672,16.743,16.671,16.727
1762205820,16.727,16.738,16.675,16.69
1762205880,16.69,16.726,16.683,16.713
1762205940,16.713,16.714,16.664,16.668
1762206000,16.668,16.697,16.665,16.69
1762206060,16.69,16.69,16.67,16.689
1762206120,16.689,16.709,16.671,16.702
1762206180,16.702,16.736,16.688,16.736
1762206240,16.736,16.739,16.726,16.739
1762206300,16.739,16.758,16.728,16.741
1762206360,16.741,16.767,16.731,16.755
1762206420,16.755,16.759,16.725,16.73
1762206480,16.73,16.754,16.722,16.74
1762206540,16.74,16.746,16.713,16.722
1762206600,16.722,16.76,16.713,16.743
1762206660,16.743,16.766,16.732,16.754
1762206720,16.754,16.755,16.743,16.749
1762206780,16.749,16.774,16.746,16.747
1762206840,16.747,16.748,16.728,16.748
1762206900,16.748,16.76,16.733,16.733
1762206960,16.733,16.74,16.725,16.738
1762207020,16.738,16.744,16.728,16.729
1762207080,16.729,16.729,16.715,16.72
1762207140,16.72,16.749,16.713,16.745
1762207200,16.745,16.754,16.732,16.732
1762207260,16.732,16.744,16.707,16.711
1762207320,16.711,16.723,16.689,16.71
1762207380,16.71,16.71,16.642,16.656
1762207440,16.656,16.685,16.656,16.675
1762207500,16.675,16.731,16.675,16.715
1762207560,16.715,16.715,16.669,16.683
1762207620,16.683,16.685,16.668,16.668
1762207680,16.668,16.7,16.666,16.694
1762207740,16.694,16.696,16.677,16.696
1762207800,16.696,16.705,16.677,16.682
1762207860,16.682,16.695,16.673,16.683
1762207920,16.683,16.683,16.644,16.648
1762207980,16.648,16.689,16.644,16.68
1762208040,16.68,16.686,16.649,16.682
1762208100,16.682,16.707,16.672,16.672
1762208160,16.672,16.701,16.662,16.68
1762208220,16.68,16.695,16.672,16.689
1762208280,16.689,16.697,16.681,16.689
1762208340,16.689,16.694,16.662,16.68
1762208400,16.68,16.693,16.675,16.693
1762208460,16.693,16.709,16.657,16.657
1762208520,16.657,16.659,16.609,16.643
1762208580,16.643,16.671,16.642,16.664
1762208640,16.664,16.671,16.637,16.651
1762208700,16.651,16.651,16.629,16.629
1762208760,16.629,16.644,16.601,16.601
1762208820,16.601,16.614,16.58,16.582
1762208880,16.582,16.594,16.552,16.561
1762208940,16.561,16.581,16.55,16.55
1762209000,16.55,16.55,16.474,16.525
1762209060,16.525,16.547,16.511,16.525
1762209120,16.525,16.533,16.489,16.522
1762209180,16.522,16.533,16.484,16.484
1762209240,16.484,16.563,16.48,16.554
1762209300,16.554,16.561,16.518,16.525
1762209360,16.525,16.604,16.525,16.586
1762209420,16.586,16.621,16.582,16.588
1762209480,16.588,16.589,16.57,16.572
1762209540,16.572,16.577,16.535,16.538
1762209600,16.538,16.591,16.538,16.563
1762209660,16.563,16.574,16.561,16.574
1762209720,16.574,16.595,16.569,16.573
1762209780,16.573,16.591,16.571,16.582
1762209840,16.582,16.599,16.573,16.597
1762209900,16.597,16.638,16.597,16.63
1762209960,16.63,16.655,16.628,16.651
1762210020,16.651,16.652,16.637,16.648
1762210080,16.648,16.673,16.647,16.672
1762210140,16.672,16.691,16.672,16.689
1762210200,16.689,16.689,16.687,16.687
1762210260,16.687,16.692,16.676,16.678
1762210320,16.678,16.678,16.652,16.674
1762210380,16.674,16.674,16.66,16.66
1762210440,16.66,16.66,16.644,16.652
1762210500,16.652,16.652,16.608,16.608
1762210560,16.608,16.609,16.595,16.608
1762210620,16.608,16.61,16.59,16.607
1762210680,16.607,16.607,16.594,16.594
1762210740,16.594,16.599,16.594,16.599
1762210800,16.599,16.599,16.552,16.557
1762210860,16.557,16.557,16.51,16.513
1762210920,16.513,16.514,16.473,16.479
1762210980,16.479,16.482,16.453,16.472
1762211040,16.472,16.492,16.46,16.479
1762211100,16.479,16.504,16.479,16.503
1762211160,16.503,16.518,16.497,16.518
1762211220,16.518,16.519,16.5,16.504
1762211280,16.504,16.532,16.504,16.523
1762211340,16.523,16.543,16.515,16.533
1762211400,16.533,16.545,16.522,16.523
1762211460,16.523,16.545,16.523,16.536
1762211520,16.536,16.557,16.536,16.557
1762211580,16.557,16.573,16.532,16.532
1762211640,16.532,16.543,16.52,16.52
1762211700,16.52,16.525,16.515,16.525
1762211760,16.525,16.525,16.506,16.507
1762211820,16.507,16.546,16.507,16.546
1762211880,16.546,16.577,16.546,16.561
1762211940,16.561,16.596,16.558,16.595
1762212000,16.595,16.604,16.593,16.604
1762212060,16.604,16.624,16.602,16.624
1762212120,16.624,16.644,16.592,16.593
1762212180,16.593,16.595,16.577,16.585
1762212240,16.585,16.606,16.585,16.597
1762212300,16.597,16.634,16.597,16.632
1762212360,16.632,16.632,16.618,16.619
1762212420,16.619,16.627,16.613,16.619
1762212480,16.619,16.619,16.601,16.601
1762212540,16.601,16.61,16.599,16.607
1762212600,16.607,16.612,16.596,16.596
1762212660,16.596,16.631,16.596,16.606
1762212720,16.606,16.606,16.589,16.594
1762212780,16.594,16.624,16.594,16.624
1762212840,16.624,16.658,16.624,16.643
1762212900,16.643,16.655,16.633,16.633
1762212960,16.633,16.633,16.622,16.626
1762213020,16.626,16.657,16.626,16.657
1762213080,16.657,16.671,16.657,16.664
1762213140,16.664,16.688,16.664,16.68
1762213200,16.68,16.702,16.68,16.701
1762213260,16.701,16.701,16.68,16.684
1762213320,16.684,16.703,16.68,16.703
1762213380,16.703,16.705,16.687,16.704
1762213440,16.704,16.717,16.691,16.701
1762213500,16.701,16.712,16.701,16.705
1762213560,16.705,16.708,16.674,16.674
1762213620,16.674,16.674,16.642,16.644
1762213680,16.644,16.655,16.64,16.648
1762213740,16.648,16.66,16.632,16.652
1762213800,16.652,16.656,16.637,16.646
1762213860,16.646,16.646,16.624,16.632
1762213920,16.632,16.656,16.632,16.639
1762213980,16.639,16.643,16.63,16.64
1762214040,16.64,16.662,16.64,16.653
1762214100,16.653,16.669,16.652,16.658
1762214160,16.658,16.658,16.63,16.646
1762214220,16.646,16.648,16.632,16.643
1762214280,16.643,16.643,16.627,16.631
1762214340,16.631,16.651,16.631,16.645
1762214400,16.645,16.646,16.613,16.618
1762214460,16.618,16.628,16.6,16.601
1762214520,16.601,16.614,16.591,16.596
1762214580,16.596,16.608,16.596,16.604
1762214640,16.604,16.623,16.604,16.608
1762214700,16.608,16.62,16.593,16.603
1762214760,16.603,16.62,16.599,16.619
1762214820,16.619,16.647,16.616,16.644
1762214880,16.644,16.644,16.625,16.627
1762214940,16.627,16.627,16.614,16.625
1762215000,16.625,16.635,16.607,16.619
1762215060,16.619,16.625,16.612,16.624
1762215120,16.624,16.625,16.59,16.605
1762215180,16.605,16.619,16.604,16.619
1762215240,16.619,16.626,16.597,16.601
1762215300,16.601,16.619,16.594,16.6
1762215360,16.6,16.6,16.572,16.581
1762215420,16.581,16.603,16.573,16.6
1762215480,16.6,16.631,16.585,16.596
1762215540,16.596,16.596,16.565,16.571
1762215600,16.571,16.589,16.562,16.562
1762215660,16.562,16.562,16.545,16.548
1762215720,16.548,16.548,16.534,16.534
1762215780,16.534,16.549,16.521,16.521
1762215840,16.521,16.527,16.5,16.506
1762215900,16.506,16.508,16.497,16.506
1762215960,16.506,16.511,16.491,16.491
1762216020,16.491,16.491,16.475,16.475
1762216080,16.475,16.492,16.475,16.489
1762216140,16.489,16.489,16.456,16.457
1762216200,16.457,16.494,16.457,16.493
1762216260,16.493,16.539,16.493,16.516
1762216320,16.516,16.53,16.501,16.527
1762216380,16.527,16.604,16.527,16.597
1762216440,16.597,16.632,16.588,16.625
1762216500,16.625,16.656,16.625,16.656
1762216560,16.656,16.785,16.656,16.766
1762216620,16.766,16.769,16.723,16.723
1762216680,16.723,16.81,16.717,16.803
1762216740,16.803,16.826,16.779,16.812
1762216800,16.812,16.858,16.812,16.822
1762216860,16.822,16.823,16.787,16.787
1762216920,16.787,16.854,16.787,16.842
1762216980,16.842,16.863,16.832,16.851
1762217040,16.851,16.87,16.844,16.845
1762217100,16.845,16.849,16.827,16.842
1762217160,16.842,16.86,16.838,16.841
1762217220,16.841,16.859,16.838,16.85
1762217280,16.85,16.865,16.827,16.827
1762217340,16.827,16.845,16.823,16.841
1762217400,16.841,16.841,16.781,16.781
1762217460,16.781,16.807,16.774,16.789
1762217520,16.789,16.801,16.789,16.79
1762217580,16.79,16.801,16.788,16.8
1762217640,16.8,16.805,16.761,16.761
1762217700,16.761,16.761,16.722,16.722
1762217760,16.722,16.725,16.698,16.704
1762217820,16.704,16.728,16.704,16.728
1762217880,16.728,16.733,16.721,16.73
1762217940,16.73,16.75,16.73,16.745
1762218000,16.745,16.756,16.733,16.734
1762218060,16.734,16.753,16.734,16.751
1762218120,16.751,16.762,16.743,16.75
1762218180,16.75,16.766,16.734,16.734
1762218240,16.734,16.738,16.715,16.716
1762218300,16.716,16.716,16.685,16.693
1762218360,16.693,16.745,16.693,16.739
1762218420,16.739,16.786,16.739,16.77
1762218480,16.77,16.77,16.722,16.731
1762218540,16.731,16.75,16.717,16.747
1762218600,16.747,16.768,16.741,16.745
1762218660,16.745,16.759,16.74,16.759
1762218720,16.759,16.771,16.751,16.751
1762218780,16.751,16.752,16.732,16.741
1762218840,16.741,16.751,16.733,16.737
1762218900,16.737,16.749,16.729,16.748
1762218960,16.748,16.751,16.725,16.738
1762219020,16.738,16.741,16.726,16.736
1762219080,16.736,16.758,16.728,16.754
1762219140,16.754,16.775,16.739,16.765
1762219200,16.765,16.842,16.765,16.842
1762219260,16.842,16.865,16.818,16.857
1762219320,16.857,16.863,16.812,16.862
1762219380,16.862,16.873,16.824,16.854
1762219440,16.854,16.877,16.844,16.846
1762219500,16.846,16.874,16.846,16.859
1762219560,16.859,16.86,16.822,16.824
1762219620,16.824,16.839,16.821,16.825
1762219680,16.825,16.825,16.787,16.789
1762219740,16.789,16.813,16.789,16.813
1762219800,16.813,16.843,16.81,16.831
1762219860,16.831,16.831,16.799,16.821
1762219920,16.821,16.866,16.821,16.861
1762219980,16.861,16.886,16.852,16.873
1762220040,16.873,16.9,16.873,16.893
1762220100,16.893,16.895,16.862,16.874
1762220160,16.874,16.923,16.874,16.903
1762220220,16.903,16.904,16.883,16.89
1762220280,16.89,16.955,16.89,16.948
1762220340,16.948,16.958,16.902,16.905
1762220400,16.905,16.922,16.883,16.89
1762220460,16.89,16.891,16.858,16.866
1762220520,16.866,16.878,16.863,16.868
1762220580,16.868,16.871,16.862,16.863
1762220640,16.863,16.866,16.833,16.836
1762220700,16.836,16.847,16.817,16.826
1762220760,16.826,16.842,16.821,16.837
1762220820,16.837,16.843,16.824,16.824
1762220880,16.824,16.83,16.819,16.824
1762220940,16.824,16.835,16.806,16.806
1762221000,16.806,16.808,16.784,16.794
1762221060,16.794,16.794,16.782,16.784
1762221120,16.784,16.784,16.761,16.773
1762221180,16.773,16.806,16.773,16.806
1762221240,16.806,16.825,16.804,16.823
1762221300,16.823,16.84,16.82,16.839
1762221360,16.839,16.858,16.839,16.853
1762221420,16.853,16.876,16.845,16.876
1762221480,16.876,16.876,16.848,16.849
1762221540,16.849,16.849,16.837,16.841
1762221600,16.841,16.841,16.798,16.8
1762221660,16.8,16.805,16.785,16.793
1762221720,16.793,16.804,16.775,16.775
1762221780,16.775,16.788,16.774,16.785
1762221840,16.785,16.801,16.785,16.792
1762221900,16.792,16.796,16.778,16.781
1762221960,16.781,16.79,16.776,16.776
1762222020,16.776,16.807,16.776,16.801
1762222080,16.801,16.83,16.797,16.83
1762222140,16.83,16.843,16.83,16.834
1762222200,16.834,16.848,16.833,16.838
1762222260,16.838,16.852,16.836,16.852
1762222320,16.852,16.882,16.852,16.877
1762222380,16.877,16.878,16.856,16.872
1762222440,16.872,16.875,16.863,16.866
1762222500,16.866,16.872,16.857,16.868
1762222560,16.868,16.868,16.831,16.854
1762222620,16.854,16.878,16.854,16.865
1762222680,16.865,16.886,16.865,16.873
1762222740,16.873,16.89,16.873,16.889
1762222800,16.889,16.92,16.888,16.92
1762222860,16.92,16.932,16.912,16.914
1762222920,16.914,16.934,16.914,16.921
1762222980,16.921,16.936,16.904,16.925
1762223040,16.925,16.925,16.904,16.918
1762223100,16.918,16.932,16.912,16.917
1762223160,16.917,16.919,16.901,16.908
1762223220,16.908,16.927,16.904,16.905
1762223280,16.905,16.909,16.879,16.882
1762223340,16.882,16.882,16.869,16.875
1762223400,16.875,16.875,16.855,16.856
1762223460,16.856,16.88,16.856,16.871
1762223520,16.871,16.885,16.87,16.874
1762223580,16.874,16.875,16.83,16.837
1762223640,16.837,16.862,16.834,16.852
1762223700,16.852,16.871,16.849,16.854
1762223760,16.854,16.881,16.845,16.845
1762223820,16.845,16.851,16.825,16.843
1762223880,16.843,16.874,16.843,16.863
1762223940,16.863,16.894,16.863,16.882
1762224000,16.882,16.894,16.864,16.865
1762224060,16.865,16.869,16.848,16.848
1762224120,16.848,16.849,16.808,16.811
1762224180,16.811,16.823,16.807,16.82
1762224240,16.82,16.824,16.818,16.82
1762224300,16.82,16.82,16.797,16.805
1762224360,16.805,16.829,16.797,16.825
1762224420,16.825,16.828,16.792,16.799
1762224480,16.799,16.812,16.786,16.811
1762224540,16.811,16.826,16.81,16.81
1762224600,16.81,16.843,16.81,16.834
1762224660,16.834,16.843,16.822,16.822
1762224720,16.822,16.823,16.806,16.815
1762224780,16.815,16.841,16.815,16.841
1762224840,16.841,16.844,16.832,16.84
1762224900,16.84,16.843,16.835,16.838
1762224960,16.838,16.843,16.832,16.842
1762225020,16.842,16.847,16.826,16.844
1762225080,16.844,16.85,16.839,16.849
1762225140,16.849,16.849,16.823,16.823
1762225200,16.823,16.886,16.823,16.842
1762225260,16.842,16.866,16.829,16.851
1762225320,16.851,16.863,16.821,16.823
1762225380,16.823,16.846,16.819,16.825
1762225440,16.825,16.838,16.82,16.838
1762225500,16.838,16.838,16.805,16.805
1762225560,16.805,16.812,16.782,16.803
1762225620,16.803,16.811,16.796,16.803
1762225680,16.803,16.841,16.803,16.841
1762225740,16.841,16.841,16.827,16.836
1762225800,16.836,16.836,16.824,16.826
1762225860,16.826,16.866,16.825,16.865
1762225920,16.865,16.877,16.864,16.875
1762225980,16.875,16.927,16.875,16.92
1762226040,16.92,16.963,16.913,16.953
1762226100,16.953,16.974,16.939,16.956
1762226160,16.956,16.956,16.929,16.929
1762226220,16.929,16.952,16.927,16.937
1762226280,16.937,16.96,16.921,16.921
1762226340,16.921,16.921,16.905,16.914
1762226400,16.914,16.923,16.908,16.908
1762226460,16.908,16.909,16.898,16.905
1762226520,16.905,16.927,16.902,16.924
1762226580,16.924,16.938,16.924,16.929
1762226640,16.929,16.942,16.921,16.922
1762226700,16.922,16.972,16.921,16.971
1762226760,16.971,16.971,16.941,16.941
1762226820,16.941,16.96,16.941,16.96
1762226880,16.96,16.975,16.958,16.972
1762226940,16.972,16.973,16.96,16.965
1762227000,16.965,16.967,16.941,16.941
1762227060,16.941,16.941,16.908,16.914
1762227120,16.914,16.935,16.914,16.918
1762227180,16.918,16.947,16.915,16.945
1762227240,16.945,16.975,16.944,16.968
1762227300,16.968,16.99,16.963,16.963
1762227360,16.963,16.963,16.931,16.944
1762227420,16.944,16.977,16.944,16.974
1762227480,16.974,16.984,16.963,16.968
1762227540,16.968,16.983,16.962,16.976
1762227600,16.976,16.982,16.947,16.951
1762227660,16.951,16.966,16.951,16.953
1762227720,16.953,16.963,16.953,16.955
1762227780,16.955,16.975,16.953,16.972
1762227840,16.972,16.972,16.961,16.961
1762227900,16.961,16.97,16.935,16.935
1762227960,16.935,16.954,16.917,16.954
1762228020,16.954,16.954,16.936,16.938
1762228080,16.938,16.951,16.91,16.912
1762228140,16.912,16.919,16.908,16.91
1762228200,16.91,16.922,16.903,16.916
1762228260,16.916,16.925,16.91,16.913
1762228320,16.913,16.913,16.875,16.887
1762228380,16.887,16.913,16.882,16.906
1762228440,16.906,16.914,16.901,16.911
1762228500,16.911,16.919,16.908,16.908
1762228560,16.908,16.908,16.896,16.896
1762228620,16.896,16.931,16.896,16.92
1762228680,16.92,16.934,16.918,16.921
1762228740,16.921,16.921,16.896,16.896
1762228800,16.896,16.913,16.893,16.897
1762228860,16.897,16.917,16.885,16.913
1762228920,16.913,16.925,16.902,16.902
1762228980,16.902,16.925,16.901,16.919
1762229040,16.919,16.965,16.919,16.962
1762229100,16.962,16.974,16.951,16.951
1762229160,16.951,16.951,16.908,16.93
1762229220,16.93,16.937,16.922,16.93
1762229280,16.93,16.946,16.924,16.946
1762229340,16.946,16.948,16.931,16.948
1762229400,16.948,16.982,16.948,16.974
1762229460,16.974,16.999,16.974,16.988
1762229520,16.988,16.994,16.962,16.972
1762229580,16.972,16.977,16.954,16.957
1762229640,16.957,16.972,16.949,16.972
1762229700,16.972,16.974,16.935,16.935
1762229760,16.935,16.939,16.904,16.905
1762229820,16.905,16.919,16.881,16.908
1762229880,16.908,16.915,16.891,16.898
1762229940,16.898,16.903,16.88,16.895
1762230000,16.895,16.907,16.878,16.878
1762230060,16.878,16.897,16.874,16.895
1762230120,16.895,16.925,16.884,16.92
1762230180,16.92,16.924,16.904,16.92
1762230240,16.92,16.921,16.908,16.91
1762230300,16.91,16.92,16.904,16.909
1762230360,16.909,16.922,16.896,16.9
1762230420,16.9,16.917,16.894,16.912
1762230480,16.912,16.918,16.901,16.914
1762230540,16.914,16.92,16.907,16.912
1762230600,16.912,16.93,16.912,16.919
1762230660,16.919,16.943,16.903,16.943
1762230720,16.943,16.951,16.921,16.929
1762230780,16.929,16.96,16.915,16.916
1762230840,16.916,16.916,16.901,16.906
1762230900,16.906,16.919,16.883,16.886
1762230960,16.886,16.886,16.851,16.878
1762231020,16.878,16.89,16.867,16.887
1762231080,16.887,16.901,16.874,16.874
1762231140,16.874,16.875,16.852,16.869
1762231200,16.869,16.89,16.856,16.858
1762231260,16.858,16.866,16.848,16.865
1762231320,16.865,16.875,16.831,16.831
1762231380,16.831,16.844,16.827,16.827
1762231440,16.827,16.836,16.827,16.827
1762231500,16.827,16.842,16.821,16.831
1762231560,16.831,16.842,16.823,16.842
1762231620,16.842,16.856,16.821,16.821
1762231680,16.821,16.842,16.818,16.825
1762231740,16.825,16.832,16.817,16.827
1762231800,16.827,16.827,16.809,16.821
1762231860,16.821,16.826,16.812,16.814
1762231920,16.814,16.814,16.791,16.8
1762231980,16.8,16.825,16.797,16.798
1762232040,16.798,16.81,16.786,16.788
1762232100,16.788,16.797,16.778,16.783
1762232160,16.783,16.794,16.783,16.784
1762232220,16.784,16.798,16.781,16.796
1762232280,16.796,16.796,16.763,16.773
1762232340,16.773,16.773,16.755,16.755
1762232400,16.755,16.755,16.658,16.707
1762232460,16.707,16.713,16.674,16.691
1762232520,16.691,16.709,16.683,16.708
1762232580,16.708,16.725,16.7,16.724
1762232640,16.724,16.732,16.71,16.719
1762232700,16.719,16.731,16.711,16.727
1762232760,16.727,16.731,16.711,16.727
1762232820,16.727,16.743,16.727,16.727
1762232880,16.727,16.737,16.722,16.722
1762232940,16.722,16.751,16.72,16.751
1762233000,16.751,16.775,16.75,16.762
1762233060,16.762,16.771,16.744,16.744
1762233120,16.744,16.747,16.731,16.735
1762233180,16.735,16.743,16.721,16.738
1762233240,16.738,16.738,16.722,16.722
1762233300,16.722,16.73,16.681,16.681
1762233360,16.681,16.681,16.637,16.648
1762233420,16.648,16.654,16.63,16.647
1762233480,16.647,16.657,16.636,16.643
1762233540,16.643,16.646,16.591,16.607
1762233600,16.607,16.607,16.579,16.6
1762233660,16.6,16.611,16.528,16.541
1762233720,16.541,16.562,16.522,16.56
1762233780,16.56,16.583,16.552,16.558
1762233840,16.558,16.562,16.477,16.508
1762233900,16.508,16.559,16.508,16.52
1762233960,16.52,16.527,16.493,16.516
1762234020,16.516,16.522,16.481,16.503
1762234080,16.503,16.518,16.436,16.448
1762234140,16.448,16.48,16.436,16.455
1762234200,16.455,16.456,16.356,16.39
1762234260,16.39,16.39,16.252,16.29
1762234320,16.29,16.359,16.29,16.314
1762234380,16.314,16.331,16.251,16.255
1762234440,16.255,16.323,16.255,16.3
1762234500,16.3,16.323,16.282,16.299
1762234560,16.299,16.348,16.295,16.346
1762234620,16.346,16.376,16.321,16.37
1762234680,16.37,16.377,16.327,16.328
1762234740,16.328,16.339,16.301,16.328
1762234800,16.328,16.37,16.308,16.314
1762234860,16.314,16.319,16.286,16.302
1762234920,16.302,16.314,16.256,16.273
1762234980,16.273,16.277,16.213,16.221
1762235040,16.221,16.234,16.173,16.188
1762235100,16.188,16.233,16.174,16.181
1762235160,16.181,16.229,16.158,16.226
1762235220,16.226,16.227,16.158,16.178
1762235280,16.178,16.178,16.087,16.087
1762235340,16.087,16.125,16.062,16.096
1762235400,16.096,16.155,16.093,16.115
1762235460,16.115,16.125,16.066,16.066
1762235520,16.066,16.074,15.991,16.01
1762235580,16.01,16.017,15.971,16.01
1762235640,16.01,16.033,15.993,16.013
1762235700,16.013,16.067,16.013,16.022
1762235760,16.022,16.048,15.957,15.967
1762235820,15.967,16.036,15.963,16.016
1762235880,16.016,16.022,15.975,15.993
1762235940,15.993,16.006,15.969,15.976
1762236000,15.976,16.02,15.956,16.018
1762236060,16.018,16.043,15.999,16.037
1762236120,16.037,16.106,16.027,16.062
1762236180,16.062,16.082,16.053,16.058
1762236240,16.058,16.125,16.057,16.117
1762236300,16.117,16.162,16.097,16.097
1762236360,16.097,16.153,16.097,16.144
1762236420,16.144,16.163,16.14,16.163
1762236480,16.163,16.163,16.106,16.121
1762236540,16.121,16.167,16.114,16.123
1762236600,16.123,16.18,16.107,16.171
1762236660,16.171,16.214,16.171,16.209
1762236720,16.209,16.225,16.173,16.223
1762236780,16.223,16.332,16.216,16.33
1762236840,16.33,16.414,16.314,16.405
1762236900,16.405,16.554,16.403,16.53
1762236960,16.53,16.601,16.518,16.543
1762237020,16.543,16.581,16.532,16.56
1762237080,16.56,16.566,16.5,16.521
1762237140,16.521,16.55,16.494,16.516
1762237200,16.516,16.549,16.507,16.513
1762237260,16.513,16.557,16.5,16.548
1762237320,16.548,16.549,16.494,16.496
1762237380,16.496,16.496,16.441,16.443
1762237440,16.443,16.459,16.427,16.43
1762237500,16.43,16.449,16.429,16.444
1762237560,16.444,16.45,16.427,16.447
1762237620,16.447,16.464,16.442,16.464
1762237680,16.464,16.477,16.435,16.445
1762237740,16.445,16.452,16.433,16.451
1762237800,16.451,16.451,16.404,16.408
1762237860,16.408,16.412,16.357,16.374
1762237920,16.374,16.429,16.369,16.428
1762237980,16.428,16.445,16.41,16.411
1762238040,16.411,16.449,16.411,16.446
1762238100,16.446,16.454,16.395,16.402
1762238160,16.402,16.409,16.388,16.389
1762238220,16.389,16.398,16.359,16.362
1762238280,16.362,16.363,16.327,16.354
1762238340,16.354,16.355,16.323,16.323
1762238400,16.323,16.338,16.302,16.322
1762238460,16.322,16.339,16.302,16.336
1762238520,16.336,16.34,16.319,16.32
1762238580,16.32,16.341,16.32,16.336
1762238640,16.336,16.358,16.33,16.343
1762238700,16.343,16.369,16.342,16.367
1762238760,16.367,16.373,16.347,16.363
1762238820,16.363,16.377,16.356,16.371
1762238880,16.371,16.388,16.339,16.356
1762238940,16.356,16.357,16.327,16.347
1762239000,16.347,16.364,16.346,16.351
1762239060,16.351,16.352,16.309,16.312
1762239120,16.312,16.333,16.286,16.332
1762239180,16.332,16.362,16.327,16.341
1762239240,16.341,16.349,16.27,16.282
1762239300,16.282,16.287,16.272,16.278
1762239360,16.278,16.301,16.274,16.297
1762239420,16.297,16.301,16.275,16.284
1762239480,16.284,16.287,16.27,16.283
1762239540,16.283,16.327,16.283,16.314
1762239600,16.314,16.314,16.29,16.294
1762239660,16.294,16.327,16.277,16.327
1762239720,16.327,16.334,16.289,16.289
1762239780,16.289,16.294,16.197,16.209
1762239840,16.209,16.25,16.198,16.246
1762239900,16.246,16.246,16.217,16.241
1762239960,16.241,16.287,16.221,16.274
1762240020,16.274,16.318,16.244,16.26
1762240080,16.26,16.283,16.218,16.218
1762240140,16.218,16.22,16.193,16.196
1762240200,16.196,16.218,16.177,16.185
1762240260,16.185,16.225,16.185,16.212
1762240320,16.212,16.236,16.182,16.194
1762240380,16.194,16.195,16.163,16.166
1762240440,16.166,16.2,16.164,16.191
1762240500,16.191,16.191,16.14,16.144
1762240560,16.144,16.276,16.14,16.244
1762240620,16.244,16.244,16.187,16.213
1762240680,16.213,16.242,16.186,16.238
1762240740,16.238,16.238,16.2,16.205
1762240800,16.205,16.214,16.165,16.179
1762240860,16.179,16.202,16.168,16.174
1762240920,16.174,16.186,16.15,16.155
1762240980,16.155,16.155,16.121,16.124
1762241040,16.124,16.144,16.119,16.125
1762241100,16.125,16.161,16.111,16.154
1762241160,16.154,16.19,16.124,16.124
1762241220,16.124,16.129,16.093,16.103
1762241280,16.103,16.105,16.036,16.057
1762241340,16.057,16.062,16.035,16.055
1762241400,16.055,16.08,16.021,16.068
1762241460,16.068,16.098,16.062,16.078
1762241520,16.078,16.082,16.051,16.074
1762241580,16.074,16.078,16.058,16.074
1762241640,16.074,16.128,16.073,16.075
1762241700,16.075,16.102,16.075,16.088
1762241760,16.088,16.094,16.059,16.087
1762241820,16.087,16.126,16.087,16.12
1762241880,16.12,16.133,16.11,16.123
1762241940,16.123,16.193,16.115,16.193
1762242000,16.193,16.199,16.158,16.169
1762242060,16.169,16.17,16.117,16.127
1762242120,16.127,16.131,16.09,16.091
1762242180,16.091,16.093,16.052,16.081
1762242240,16.081,16.096,16.064,16.095
1762242300,16.095,16.107,16.079,16.096
1762242360,16.096,16.097,16.074,16.086
1762242420,16.086,16.096,16.073,16.077
1762242480,16.077,16.077,16.022,16.044
1762242540,16.044,16.071,16.042,16.061
1762242600,16.061,16.109,16.061,16.104
1762242660,16.104,16.131,16.102,16.128
1762242720,16.128,16.156,16.128,16.153
1762242780,16.153,16.166,16.132,16.166
1762242840,16.166,16.186,16.153,16.185
1762242900,16.185,16.185,16.147,16.153
1762242960,16.153,16.182,16.153,16.174
1762243020,16.174,16.174,16.147,16.154
1762243080,16.154,16.168,16.136,16.145
1762243140,16.145,16.159,16.139,16.143
1762243200,16.143,16.172,16.132,16.172
1762243260,16.172,16.173,16.131,16.139
1762243320,16.139,16.18,16.126,16.179
1762243380,16.179,16.216,16.163,16.193
1762243440,16.193,16.193,16.17,16.17
1762243500,16.17,16.174,16.135,16.148
1762243560,16.148,16.201,16.143,16.196
1762243620,16.196,16.196,16.141,16.153
1762243680,16.153,16.167,16.134,16.14
1762243740,16.14,16.168,16.13,16.158
1762243800,16.158,16.182,16.151,16.172
1762243860,16.172,16.194,16.162,16.176
1762243920,16.176,16.224,16.173,16.211
1762243980,16.211,16.211,16.135,16.16
1762244040,16.16,16.171,16.143,16.143
1762244100,16.143,16.175,16.119,16.123
1762244160,16.123,16.167,16.122,16.127
1762244220,16.127,16.127,16.075,16.111
1762244280,16.111,16.122,16.088,16.118
1762244340,16.118,16.141,16.101,16.117
1762244400,16.117,16.191,16.111,16.185
1762244460,16.185,16.283,16.18,16.257
1762244520,16.257,16.322,16.238,16.322
1762244580,16.322,16.348,16.294,16.328
1762244640,16.328,16.344,16.307,16.34
1762244700,16.34,16.374,16.305,16.309
1762244760,16.309,16.311,16.274,16.3
1762244820,16.3,16.331,16.293,16.312
1762244880,16.312,16.329,16.299,16.32
1762244940,16.32,16.347,16.311,16.341
1762245000,16.341,16.394,16.329,16.379
1762245060,16.379,16.494,16.378,16.467
1762245120,16.467,16.54,16.461,16.535
1762245180,16.535,16.573,16.525,16.531
1762245240,16.531,16.531,16.479,16.488
1762245300,16.488,16.488,16.466,16.481
1762245360,16.481,16.512,16.476,16.481
1762245420,16.481,16.514,16.481,16.489
1762245480,16.489,16.511,16.487,16.487
1762245540,16.487,16.494,16.436,16.451
1762245600,16.451,16.455,16.431,16.445
1762245660,16.445,16.445,16.428,16.429
1762245720,16.429,16.45,16.424,16.442
1762245780,16.442,16.447,16.429,16.44
1762245840,16.44,16.451,16.43,16.446
1762245900,16.446,16.457,16.396,16.409
1762245960,16.409,16.409,16.367,16.372
1762246020,16.372,16.427,16.37,16.419
1762246080,16.419,16.429,16.409,16.412
1762246140,16.412,16.413,16.372,16.387
1762246200,16.387,16.395,16.349,16.35
1762246260,16.35,16.366,16.345,16.347
1762246320,16.347,16.357,16.338,16.342
1762246380,16.342,16.376,16.341,16.376
1762246440,16.376,16.383,16.357,16.36
1762246500,16.36,16.371,16.354,16.363
1762246560,16.363,16.384,16.357,16.376
1762246620,16.376,16.395,16.372,16.395
1762246680,16.395,16.4,16.382,16.383
1762246740,16.383,16.404,16.383,16.398
1762246800,16.398,16.443,16.392,16.442
1762246860,16.442,16.442,16.402,16.414
1762246920,16.414,16.446,16.412,16.429
1762246980,16.429,16.454,16.415,16.444
1762247040,16.444,16.46,16.434,16.45
1762247100,16.45,16.46,16.413,16.414
1762247160,16.414,16.464,16.414,16.416
1762247220,16.416,16.419,16.4,16.405
1762247280,16.405,16.406,16.384,16.385
1762247340,16.385,16.42,16.371,16.42
1762247400,16.42,16.424,16.394,16.409
1762247460,16.409,16.437,16.408,16.417
1762247520,16.417,16.428,16.401,16.403
1762247580,16.403,16.408,16.367,16.393
1762247640,16.393,16.398,16.367,16.398
1762247700,16.398,16.404,16.368,16.398
1762247760,16.398,16.465,16.397,16.465
1762247820,16.465,16.517,16.463,16.507
1762247880,16.507,16.507,16.453,16.462
1762247940,16.462,16.495,16.46,16.479
1762248000,16.479,16.503,16.474,16.485
1762248060,16.485,16.485,16.432,16.432
1762248120,16.432,16.452,16.417,16.443
1762248180,16.443,16.476,16.416,16.475
1762248240,16.475,16.503,16.474,16.477
1762248300,16.477,16.49,16.476,16.489
1762248360,16.489,16.532,16.489,16.53
1762248420,16.53,16.572,16.527,16.55
1762248480,16.55,16.561,16.538,16.54
1762248540,16.54,16.541,16.497,16.502
1762248600,16.502,16.531,16.499,16.513
1762248660,16.513,16.547,16.51,16.54
1762248720,16.54,16.574,16.523,16.525
1762248780,16.525,16.54,16.514,16.516
1762248840,16.516,16.517,16.494,16.504
1762248900,16.504,16.504,16.47,16.471
1762248960,16.471,16.493,16.467,16.493
1762249020,16.493,16.529,16.483,16.529
1762249080,16.529,16.582,16.529,16.564
1762249140,16.564,16.566,16.544,16.556
1762249200,16.556,16.576,16.546,16.566
1762249260,16.566,16.607,16.566,16.6
1762249320,16.6,16.619,16.591,16.597
1762249380,16.597,16.609,16.585,16.597
1762249440,16.597,16.606,16.574,16.577
1762249500,16.577,16.583,16.562,16.573
1762249560,16.573,16.586,16.557,16.586
1762249620,16.586,16.586,16.56,16.56
1762249680,16.56,16.56,16.534,16.538
1762249740,16.538,16.57,16.538,16.561
1762249800,16.561,16.59,16.561,16.584
1762249860,16.584,16.591,16.564,16.57
1762249920,16.57,16.578,16.543,16.547
1762249980,16.547,16.582,16.547,16.57
1762250040,16.57,16.572,16.548,16.558
1762250100,16.558,16.573,16.549,16.557
1762250160,16.557,16.582,16.549,16.567
1762250220,16.567,16.627,16.562,16.615
1762250280,16.615,16.619,16.595,16.615
1762250340,16.615,16.636,16.613,16.613
1762250400,16.613,16.639,16.611,16.636
1762250460,16.636,16.651,16.626,16.633
1762250520,16.633,16.658,16.631,16.631
1762250580,16.631,16.633,16.611,16.618
1762250640,16.618,16.654,16.618,16.628
1762250700,16.628,16.643,16.627,16.635
1762250760,16.635,16.673,16.635,16.658
1762250820,16.658,16.681,16.647,16.669
1762250880,16.669,16.688,16.662,16.665
1762250940,16.665,16.694,16.655,16.657
1762251000,16.657,16.672,16.647,16.647
1762251060,16.647,16.668,16.631,16.655
1762251120,16.655,16.677,16.655,16.667
1762251180,16.667,16.673,16.632,16.635
1762251240,16.635,16.641,16.633,16.639
1762251300,16.639,16.653,16.632,16.653
1762251360,16.653,16.671,16.626,16.634
1762251420,16.634,16.64,16.617,16.617
1762251480,16.617,16.634,16.608,16.631
1762251540,16.631,16.643,16.623,16.623
1762251600,16.623,16.629,16.607,16.611
1762251660,16.611,16.626,16.596,16.624
1762251720,16.624,16.639,16.599,16.599
1762251780,16.599,16.609,16.596,16.596
1762251840,16.596,16.6,16.576,16.597
1762251900,16.597,16.617,16.591,16.597
1762251960,16.597,16.617,16.594,16.607
1762252020,16.607,16.619,16.604,16.61
1762252080,16.61,16.618,16.588,16.59
1762252140,16.59,16.597,16.576,16.597
1762252200,16.597,16.611,16.589,16.604
1762252260,16.604,16.604,16.573,16.591
1762252320,16.591,16.591,16.574,16.58
1762252380,16.58,16.595,16.576,16.585
1762252440,16.585,16.61,16.582,16.585
1762252500,16.585,16.59,16.559,16.563
1762252560,16.563,16.563,16.539,16.545
1762252620,16.545,16.57,16.545,16.569
1762252680,16.569,16.607,16.569,16.607
1762252740,16.607,16.628,16.607,16.625
1762252800,16.625,16.63,16.603,16.618
1762252860,16.618,16.645,16.615,16.634
1762252920,16.634,16.65,16.615,16.621
1762252980,16.621,16.631,16.594,16.596
1762253040,16.596,16.605,16.589,16.592
1762253100,16.592,16.602,16.575,16.602
1762253160,16.602,16.626,16.602,16.61
1762253220,16.61,16.61,16.597,16.597
1762253280,16.597,16.608,16.586,16.586
1762253340,16.586,16.594,16.565,16.578
1762253400,16.578,16.588,16.578,16.583
1762253460,16.583,16.589,16.567,16.577
1762253520,16.577,16.616,16.577,16.607
1762253580,16.607,16.619,16.585,16.615
1762253640,16.615,16.628,16.614,16.614
1762253700,16.614,16.616,16.594,16.604
1762253760,16.604,16.604,16.573,16.583
1762253820,16.583,16.607,16.581,16.604
1762253880,16.604,16.638,16.604,16.63
1762253940,16.63,16.636,16.605,16.632
1762254000,16.632,16.636,16.605,16.626
1762254060,16.626,16.626,16.614,16.622
1762254120,16.622,16.672,16.618,16.663
1762254180,16.663,16.691,16.662,16.678
1762254240,16.678,16.679,16.647,16.656
1762254300,16.656,16.688,16.649,16.675
1762254360,16.675,16.747,16.673,16.743
1762254420,16.743,16.763,16.735,16.736
1762254480,16.736,16.739,16.701,16.721
1762254540,16.721,16.728,16.713,16.722
1762254600,16.722,16.743,16.719,16.738
1762254660,16.738,16.753,16.735,16.747
1762254720,16.747,16.747,16.721,16.732
1762254780,16.732,16.741,16.719,16.733
1762254840,16.733,16.748,16.732,16.745
1762254900,16.745,16.745,16.719,16.731
1762254960,16.731,16.735,16.712,16.723
1762255020,16.723,16.753,16.722,16.753
1762255080,16.753,16.782,16.751,16.769
1762255140,16.769,16.788,16.76,16.76
1762255200,16.76,16.78,16.756,16.777
1762255260,16.777,16.796,16.771,16.775
1762255320,16.775,16.786,16.749,16.749
1762255380,16.749,16.749,16.718,16.726
1762255440,16.726,16.731,16.717,16.718
1762255500,16.718,16.729,16.697,16.701
1762255560,16.701,16.701,16.682,16.693
1762255620,16.693,16.708,16.687,16.696
1762255680,16.696,16.706,16.694,16.694
1762255740,16.694,16.7,16.676,16.676
1762255800,16.676,16.701,16.676,16.69
1762255860,16.69,16.69,16.672,16.672
1762255920,16.672,16.685,16.658,16.685
1762255980,16.685,16.696,16.673,16.689
1762256040,16.689,16.695,16.656,16.664
1762256100,16.664,16.679,16.649,16.654
1762256160,16.654,16.689,16.654,16.686
1762256220,16.686,16.707,16.681,16.707
1762256280,16.707,16.715,16.699,16.704
1762256340,16.704,16.723,16.704,16.712
1762256400,16.712,16.719,16.695,16.695
1762256460,16.695,16.703,16.688,16.694
1762256520,16.694,16.708,16.694,16.705
1762256580,16.705,16.714,16.7,16.702
1762256640,16.702,16.71,16.693,16.699
1762256700,16.699,16.704,16.684,16.704
1762256760,16.704,16.721,16.701,16.71
1762256820,16.71,16.72,16.701,16.705
1762256880,16.705,16.705,16.688,16.688
1762256940,16.688,16.691,16.659,16.659
1762257000,16.659,16.667,16.657,16.663
1762257060,16.663,16.682,16.662,16.678
1762257120,16.678,16.691,16.676,16.685
1762257180,16.685,16.686,16.671,16.674
1762257240,16.674,16.681,16.671,16.673
1762257300,16.673,16.677,16.67,16.677
1762257360,16.677,16.697,16.677,16.682
1762257420,16.682,16.692,16.679,16.69
1762257480,16.69,16.729,16.69,16.727
1762257540,16.727,16.736,16.708,16.708
1762257600,16.708,16.711,16.673,16.673
1762257660,16.673,16.694,16.666,16.676
1762257720,16.676,16.724,16.675,16.723
1762257780,16.723,16.723,16.692,16.703
1762257840,16.703,16.704,16.683,16.683
1762257900,16.683,16.707,16.677,16.695
1762257960,16.695,16.697,16.677,16.685
1762258020,16.685,16.692,16.661,16.666
1762258080,16.666,16.676,16.646,16.67
1762258140,16.67,16.676,16.656,16.661
1762258200,16.661,16.669,16.656,16.66
1762258260,16.66,16.665,16.642,16.643
1762258320,16.643,16.647,16.626,16.628
1762258380,16.628,16.628,16.595,16.604
1762258440,16.604,16.617,16.602,16.617
1762258500,16.617,16.619,16.585,16.593
1762258560,16.593,16.601,16.575,16.595
1762258620,16.595,16.597,16.584,16.596
1762258680,16.596,16.608,16.596,16.601
1762258740,16.601,16.609,16.582,16.609
1762258800,16.609,16.62,16.605,16.605
1762258860,16.605,16.633,16.602,16.626
1762258920,16.626,16.627,16.61,16.612
1762258980,16.612,16.618,16.596,16.607
1762259040,16.607,16.61,16.589,16.595
1762259100,16.595,16.611,16.594,16.609
1762259160,16.609,16.615,16.601,16.601
1762259220,16.601,16.615,16.601,16.603
1762259280,16.603,16.622,16.603,16.622
1762259340,16.622,16.627,16.613,16.616
1762259400,16.616,16.622,16.612,16.617
1762259460,16.617,16.617,16.598,16.601
1762259520,16.601,16.605,16.581,16.581
1762259580,16.581,16.595,16.581,16.583
1762259640,16.583,16.588,16.56,16.56
1762259700,16.56,16.565,16.511,16.511
1762259760,16.511,16.525,16.505,16.514
1762259820,16.514,16.531,16.512,16.529
1762259880,16.529,16.534,16.515,16.515
1762259940,16.515,16.515,16.473,16.489
1762260000,16.489,16.505,16.474,16.474
1762260060,16.474,16.493,16.47,16.493
1762260120,16.493,16.494,16.473,16.48
1762260180,16.48,16.481,16.456,16.478
1762260240,16.478,16.486,16.476,16.478
1762260300,16.478,16.482,16.461,16.475
1762260360,16.475,16.492,16.467,16.486
1762260420,16.486,16.506,16.44,16.473
1762260480,16.473,16.498,16.473,16.495
1762260540,16.495,16.495,16.472,16.494
1762260600,16.494,16.494,16.468,16.47
1762260660,16.47,16.49,16.468,16.476
1762260720,16.476,16.481,16.464,16.47
1762260780,16.47,16.471,16.465,16.471
1762260840,16.471,16.479,16.464,16.47
1762260900,16.47,16.47,16.458,16.458
1762260960,16.458,16.52,16.457,16.52
1762261020,16.52,16.522,16.503,16.503
1762261080,16.503,16.547,16.503,16.547
1762261140,16.547,16.547,16.528,16.534
1762261200,16.534,16.543,16.516,16.535
1762261260,16.535,16.556,16.535,16.541
1762261320,16.541,16.547,16.521,16.525
1762261380,16.525,16.559,16.525,16.541
1762261440,16.541,16.544,16.519,16.519
1762261500,16.519,16.519,16.485,16.486
1762261560,16.486,16.503,16.471,16.483
1762261620,16.483,16.486,16.465,16.471
1762261680,16.471,16.472,16.434,16.446
1762261740,16.446,16.454,16.433,16.454
1762261800,16.454,16.475,16.451,16.47
1762261860,16.47,16.506,16.467,16.501
1762261920,16.501,16.537,16.501,16.537
1762261980,16.537,16.538,16.502,16.511
1762262040,16.511,16.529,16.509,16.511
1762262100,16.511,16.519,16.492,16.51
1762262160,16.51,16.512,16.491,16.492
1762262220,16.492,16.517,16.485,16.498
1762262280,16.498,16.51,16.498,16.51
1762262340,16.51,16.517,16.497,16.497
1762262400,16.497,16.497,16.463,16.464
1762262460,16.464,16.464,16.426,16.428
1762262520,16.428,16.459,16.425,16.459
1762262580,16.459,16.459,16.439,16.44
1762262640,16.44,16.455,16.419,16.424
1762262700,16.424,16.424,16.373,16.395
1762262760,16.395,16.395,16.38,16.393
1762262820,16.393,16.396,16.384,16.394
1762262880,16.394,16.396,16.379,16.393
1762262940,16.393,16.397,16.383,16.385
1762263000,16.385,16.42,16.376,16.415
1762263060,16.415,16.416,16.381,16.385
1762263120,16.385,16.416,16.385,16.416
1762263180,16.416,16.465,16.416,16.441
1762263240,16.441,16.474,16.441,16.469
1762263300,16.469,16.531,16.469,16.496
1762263360,16.496,16.53,16.495,16.512
1762263420,16.512,16.518,16.497,16.518
1762263480,16.518,16.539,16.508,16.51
1762263540,16.51,16.513,16.494,16.498
1762263600,16.498,16.503,16.49,16.492
1762263660,16.492,16.5,16.458,16.472
1762263720,16.472,16.476,16.454,16.471
1762263780,16.471,16.484,16.454,16.474
1762263840,16.474,16.483,16.466,16.466
1762263900,16.466,16.466,16.433,16.438
1762263960,16.438,16.45,16.414,16.42
1762264020,16.42,16.446,16.41,16.444
1762264080,16.444,16.461,16.435,16.453
1762264140,16.453,16.453,16.425,16.427
1762264200,16.427,16.428,16.413,16.42
1762264260,16.42,16.453,16.419,16.452
1762264320,16.452,16.478,16.452,16.46
1762264380,16.46,16.475,16.448,16.467
1762264440,16.467,16.471,16.463,16.463
1762264500,16.463,16.464,16.453,16.461
1762264560,16.461,16.479,16.461,16.465
1762264620,16.465,16.465,16.45,16.45
1762264680,16.45,16.457,16.397,16.424
1762264740,16.424,16.424,16.416,16.422
1762264800,16.422,16.422,16.391,16.394
1762264860,16.394,16.405,16.359,16.363
1762264920,16.363,16.363,16.309,16.322
1762264980,16.322,16.333,16.314,16.325
1762265040,16.325,16.361,16.323,16.359
1762265100,16.359,16.397,16.359,16.378
1762265160,16.378,16.418,16.37,16.407
1762265220,16.407,16.445,16.399,16.436
1762265280,16.436,16.436,16.409,16.431
1762265340,16.431,16.431,16.412,16.419
1762265400,16.419,16.422,16.401,16.405
1762265460,16.405,16.421,16.386,16.421
1762265520,16.421,16.421,16.395,16.403
1762265580,16.403,16.416,16.395,16.412
1762265640,16.412,16.412,16.396,16.4
1762265700,16.4,16.42,16.384,16.417
1762265760,16.417,16.431,16.408,16.425
1762265820,16.425,16.434,16.417,16.424
1762265880,16.424,16.431,16.415,16.431
1762265940,16.431,16.443,16.395,16.399
1762266000,16.399,16.399,16.371,16.388
1762266060,16.388,16.389,16.363,16.364
1762266120,16.364,16.384,16.364,16.383
1762266180,16.383,16.401,16.381,16.383
1762266240,16.383,16.383,16.319,16.352
1762266300,16.352,16.352,16.313,16.325
1762266360,16.325,16.342,16.323,16.34
1762266420,16.34,16.342,16.327,16.338
1762266480,16.338,16.355,16.331,16.339
1762266540,16.339,16.372,16.338,16.372
1762266600,16.372,16.44,16.325,16.422
1762266660,16.422,16.466,16.409,16.411
1762266720,16.411,16.469,16.389,16.44
1762266780,16.44,16.442,16.394,16.414
1762266840,16.414,16.461,16.388,16.443
1762266900,16.443,16.493,16.431,16.444
1762266960,16.444,16.474,16.4,16.47
1762267020,16.47,16.47,16.407,16.414
1762267080,16.414,16.426,16.325,16.359
1762267140,16.359,16.424,16.355,16.418
1762267200,16.418,16.496,16.388,16.487
1762267260,16.487,16.638,16.483,16.621
1762267320,16.621,16.677,16.598,16.644
1762267380,16.644,16.665,16.587,16.602
1762267440,16.602,16.665,16.601,16.656
1762267500,16.656,16.671,16.618,16.641
1762267560,16.641,16.713,16.636,16.686
1762267620,16.686,16.723,16.666,16.687
1762267680,16.687,16.783,16.68,16.772
1762267740,16.772,16.772,16.726,16.726
1762267800,16.726,16.742,16.695,16.702
1762267860,16.702,16.813,16.702,16.803
1762267920,16.803,16.808,16.753,16.757
1762267980,16.757,16.805,16.757,16.781
1762268040,16.781,16.828,16.778,16.815
1762268100,16.815,16.839,16.797,16.831
1762268160,16.831,16.842,16.781,16.782
1762268220,16.782,16.782,16.73,16.734
1762268280,16.734,16.737,16.705,16.718
1762268340,16.718,16.75,16.715,16.743
1762268400,16.743,16.779,16.731,16.747
1762268460,16.747,16.777,16.732,16.764
1762268520,16.764,16.806,16.736,16.781
1762268580,16.781,16.804,16.736,16.739
1762268640,16.739,16.772,16.739,16.768
1762268700,16.768,16.793,16.738,16.744
1762268760,16.744,16.749,16.665,16.666
1762268820,16.666,16.689,16.656,16.671
1762268880,16.671,16.689,16.633,16.642
1762268940,16.642,16.668,16.633,16.654
1762269000,16.654,16.66,16.595,16.634
1762269060,16.634,16.664,16.63,16.656
1762269120,16.656,16.683,16.646,16.651
1762269180,16.651,16.678,16.65,16.66
1762269240,16.66,16.66,16.603,16.604
1762269300,16.604,16.659,16.602,16.659
1762269360,16.659,16.692,16.647,16.682
1762269420,16.682,16.713,16.674,16.692
1762269480,16.692,16.723,16.683,16.706
1762269540,16.706,16.823,16.705,16.804
1762269600,16.804,16.833,16.768,16.78
1762269660,16.78,16.786,16.75,16.762
1762269720,16.762,16.778,16.75,16.768
1762269780,16.768,16.788,16.738,16.775
1762269840,16.775,16.783,16.755,16.77
1762269900,16.77,16.793,16.766,16.773
1762269960,16.773,16.817,16.758,16.786
1762270020,16.786,16.786,16.726,16.734
1762270080,16.734,16.734,16.713,16.725
1762270140,16.725,16.733,16.705,16.706
1762270200,16.706,16.706,16.682,16.691
1762270260,16.691,16.71,16.674,16.674
1762270320,16.674,16.678,16.653,16.662
1762270380,16.662,16.677,16.643,16.643
1762270440,16.643,16.68,16.635,16.68
1762270500,16.68,16.691,16.669,16.684
1762270560,16.684,16.697,16.67,16.67
1762270620,16.67,16.686,16.654,16.662
1762270680,16.662,16.673,16.651,16.673
1762270740,16.673,16.701,16.669,16.688
1762270800,16.688,16.702,16.677,16.684
1762270860,16.684,16.684,16.664,16.665
1762270920,16.665,16.679,16.645,16.653
1762270980,16.653,16.673,16.651,16.668
1762271040,16.668,16.668,16.656,16.659
1762271100,16.659,16.659,16.599,16.599
1762271160,16.599,16.611,16.568,16.592
1762271220,16.592,16.592,16.546,16.546
1762271280,16.546,16.572,16.54,16.56
1762271340,16.56,16.572,16.55,16.553
1762271400,16.553,16.561,16.521,16.525
1762271460,16.525,16.536,16.487,16.491
1762271520,16.491,16.491,16.438,16.451
1762271580,16.451,16.458,16.375,16.413
1762271640,16.413,16.449,16.411,16.446
1762271700,16.446,16.462,16.435,16.437
1762271760,16.437,16.437,16.388,16.416
1762271820,16.416,16.421,16.39,16.414
1762271880,16.414,16.448,16.41,16.429
1762271940,16.429,16.432,16.398,16.409
1762272000,16.409,16.439,16.405,16.429
1762272060,16.429,16.463,16.411,16.456
1762272120,16.456,16.458,16.415,16.43
1762272180,16.43,16.447,16.412,16.434
1762272240,16.434,16.456,16.433,16.444
1762272300,16.444,16.45,16.417,16.417
1762272360,16.417,16.439,16.413,16.419
1762272420,16.419,16.478,16.419,16.473
1762272480,16.473,16.473,16.441,16.441
1762272540,16.441,16.446,16.413,16.416
1762272600,16.416,16.427,16.395,16.402
1762272660,16.402,16.403,16.346,16.364
1762272720,16.364,16.4,16.335,16.396
1762272780,16.396,16.442,16.394,16.411
1762272840,16.411,16.411,16.371,16.384
1762272900,16.384,16.401,16.355,16.369
1762272960,16.369,16.381,16.354,16.37
1762273020,16.37,16.414,16.369,16.401
1762273080,16.401,16.401,16.339,16.359
1762273140,16.359,16.391,16.345,16.345
1762273200,16.345,16.345,16.265,16.27
1762273260,16.27,16.291,16.204,16.23
1762273320,16.23,16.29,16.227,16.29
1762273380,16.29,16.299,16.245,16.258
1762273440,16.258,16.276,16.225,16.271
1762273500,16.271,16.319,16.256,16.305
1762273560,16.305,16.305,16.264,16.274
1762273620,16.274,16.303,16.27,16.274
1762273680,16.274,16.329,16.271,16.327
1762273740,16.327,16.329,16.306,16.309
1762273800,16.309,16.351,16.295,16.34
1762273860,16.34,16.361,16.314,16.341
1762273920,16.341,16.341,16.269,16.271
1762273980,16.271,16.284,16.242,16.258
1762274040,16.258,16.265,16.224,16.239
1762274100,16.239,16.256,16.229,16.243
1762274160,16.243,16.264,16.213,16.241
1762274220,16.241,16.267,16.214,16.214
1762274280,16.214,16.222,16.166,16.172
1762274340,16.172,16.193,16.148,16.192
1762274400,16.192,16.202,16.155,16.155
1762274460,16.155,16.181,16.138,16.175
1762274520,16.175,16.175,16.091,16.099
1762274580,16.099,16.147,16.099,16.124
1762274640,16.124,16.126,16.077,16.088
1762274700,16.088,16.117,16.074,16.074
1762274760,16.074,16.089,16.027,16.03
1762274820,16.03,16.068,16.007,16.068
1762274880,16.068,16.068,15.999,16.014
1762274940,16.014,16.033,16.003,16.014
1762275000,16.014,16.041,15.987,16.033
1762275060,16.033,16.033,15.966,15.968
1762275120,15.968,16.008,15.947,15.998
1762275180,15.998,16.008,15.974,16.007
1762275240,16.007,16.007,15.981,16.003
1762275300,16.003,16.022,15.984,16.012
1762275360,16.012,16.028,15.954,15.961
1762275420,15.961,16.006,15.956,15.987
1762275480,15.987,15.987,15.944,15.982
1762275540,15.982,15.982,15.948,15.963
1762275600,15.963,15.974,15.91,15.91
1762275660,15.91,15.941,15.907,15.917
1762275720,15.917,15.928,15.829,15.85
1762275780,15.85,15.871,15.814,15.834
1762275840,15.834,15.838,15.792,15.827
1762275900,15.827,15.833,15.746,15.797
1762275960,15.797,15.853,15.776,15.834
1762276020,15.834,15.851,15.778,15.78
1762276080,15.78,15.848,15.779,15.784
1762276140,15.784,15.789,15.715,15.765
1762276200,15.765,15.777,15.671,15.702
1762276260,15.702,15.727,15.648,15.689
1762276320,15.689,15.708,15.654,15.677
1762276380,15.677,15.68,15.602,15.652
1762276440,15.652,15.692,15.642,15.679
1762276500,15.679,15.711,15.643,15.679
1762276560,15.679,15.679,15.572,15.574
1762276620,15.574,15.601,15.534,15.584
1762276680,15.584,15.749,15.567,15.734
1762276740,15.734,15.742,15.624,15.627
1762276800,15.627,15.717,15.626,15.705
1762276860,15.705,15.732,15.665,15.715
1762276920,15.715,15.808,15.711,15.807
1762276980,15.807,15.88,15.792,15.867
1762277040,15.867,15.872,15.788,15.801
1762277100,15.801,15.805,15.767,15.782
1762277160,15.782,15.817,15.764,15.809
1762277220,15.809,15.814,15.733,15.782
1762277280,15.782,15.8,15.741,15.749
1762277340,15.749,15.76,15.719,15.75
1762277400,15.75,15.83,15.745,15.818
1762277460,15.818,15.948,15.8,15.917
1762277520,15.917,15.919,15.832,15.837
1762277580,15.837,15.895,15.836,15.882
1762277640,15.882,15.915,15.863,15.895
1762277700,15.895,15.971,15.871,15.97
1762277760,15.97,15.986,15.921,15.986
1762277820,15.986,16.023,15.959,15.972
1762277880,15.972,15.98,15.936,15.959
1762277940,15.959,15.986,15.906,15.92
1762278000,15.92,15.927,15.891,15.905
1762278060,15.905,15.924,15.884,15.885
1762278120,15.885,15.896,15.866,15.884
1762278180,15.884,15.893,15.871,15.874
1762278240,15.874,15.889,15.858,15.865
1762278300,15.865,15.898,15.863,15.892
1762278360,15.892,15.897,15.864,15.882
1762278420,15.882,15.902,15.864,15.877
1762278480,15.877,15.892,15.812,15.817
1762278540,15.817,15.863,15.816,15.846
1762278600,15.846,15.884,15.836,15.873
1762278660,15.873,15.873,15.837,15.843
1762278720,15.843,15.901,15.841,15.89
1762278780,15.89,15.92,15.872,15.895
1762278840,15.895,15.901,15.874,15.892
1762278900,15.892,15.904,15.871,15.883
1762278960,15.883,15.884,15.845,15.855
1762279020,15.855,15.856,15.829,15.835
1762279080,15.835,15.88,15.835,15.879
1762279140,15.879,15.9,15.876,15.876
1762279200,15.876,15.886,15.819,15.827
1762279260,15.827,15.85,15.801,15.838
1762279320,15.838,15.839,15.727,15.728
1762279380,15.728,15.752,15.726,15.736
1762279440,15.736,15.739,15.649,15.681
1762279500,15.681,15.793,15.677,15.77
1762279560,15.77,15.825,15.747,15.754
1762279620,15.754,15.76,15.708,15.726
1762279680,15.726,15.799,15.723,15.79
1762279740,15.79,15.814,15.763,15.796
1762279800,15.796,15.818,15.774,15.789
1762279860,15.789,15.801,15.743,15.744
1762279920,15.744,15.759,15.722,15.75
1762279980,15.75,15.75,15.702,15.715
1762280040,15.715,15.719,15.666,15.707
1762280100,15.707,15.711,15.68,15.696
1762280160,15.696,15.704,15.651,15.674
1762280220,15.674,15.681,15.643,15.669
1762280280,15.669,15.669,15.638,15.647
1762280340,15.647,15.648,15.596,15.596
1762280400,15.596,15.625,15.558,15.604
1762280460,15.604,15.604,15.56,15.56
1762280520,15.56,15.598,15.536,15.589
1762280580,15.589,15.615,15.546,15.611
1762280640,15.611,15.62,15.548,15.56
1762280700,15.56,15.575,15.507,15.518
1762280760,15.518,15.542,15.512,15.536
1762280820,15.536,15.6,15.52,15.562
1762280880,15.562,15.565,15.511,15.538
1762280940,15.538,15.563,15.515,15.532
1762281000,15.532,15.572,15.51,15.572
1762281060,15.572,15.574,15.476,15.485
1762281120,15.485,15.514,15.402,15.402
1762281180,15.402,15.434,15.341,15.373
1762281240,15.373,15.43,15.3,15.427
1762281300,15.427,15.43,15.301,15.353
1762281360,15.353,15.559,15.353,15.499
1762281420,15.499,15.544,15.454,15.463
1762281480,15.463,15.476,15.41,15.411
1762281540,15.411,15.426,15.362,15.377
1762281600,15.377,15.408,15.368,15.406
1762281660,15.406,15.502,15.389,15.495
1762281720,15.495,15.599,15.492,15.579
1762281780,15.579,15.682,15.559,15.674
1762281840,15.674,15.779,15.636,15.762
1762281900,15.762,15.762,15.679,15.682
1762281960,15.682,15.714,15.679,15.681
1762282020,15.681,15.707,15.641,15.642
1762282080,15.642,15.656,15.618,15.627
1762282140,15.627,15.627,15.548,15.565
1762282200,15.565,15.636,15.559,15.62
1762282260,15.62,15.683,15.603,15.647
1762282320,15.647,15.673,15.633,15.66
1762282380,15.66,15.689,15.599,15.681
1762282440,15.681,15.831,15.666,15.808
1762282500,15.808,15.835,15.789,15.793
1762282560,15.793,15.82,15.733,15.734
1762282620,15.734,15.801,15.734,15.796
1762282680,15.796,15.88,15.794,15.838
1762282740,15.838,15.849,15.81,15.836
1762282800,15.836,15.868,15.788,15.843
1762282860,15.843,15.884,15.817,15.856
1762282920,15.856,15.915,15.844,15.867
1762282980,15.867,15.891,15.841,15.849
1762283040,15.849,15.873,15.842,15.866
1762283100,15.866,15.866,15.784,15.79
1762283160,15.79,15.842,15.79,15.803
1762283220,15.803,15.824,15.783,15.789
1762283280,15.789,15.8,15.775,15.782
1762283340,15.782,15.816,15.779,15.789
1762283400,15.789,15.791,15.745,15.773
1762283460,15.773,15.781,15.741,15.748
1762283520,15.748,15.793,15.737,15.762
1762283580,15.762,15.813,15.761,15.798
1762283640,15.798,15.841,15.795,15.823
1762283700,15.823,15.866,15.787,15.857
1762283760,15.857,15.892,15.829,15.829
1762283820,15.829,15.836,15.785,15.795
1762283880,15.795,15.826,15.794,15.815
1762283940,15.815,15.821,15.786,15.801
1762284000,15.801,15.832,15.788,15.827
1762284060,15.827,15.857,15.777,15.8
1762284120,15.8,15.845,15.797,15.834
1762284180,15.834,15.923,15.834,15.892
1762284240,15.892,15.893,15.872,15.878
1762284300,15.878,15.957,15.873,15.925
1762284360,15.925,15.927,15.851,15.856
1762284420,15.856,15.878,15.852,15.853
1762284480,15.853,15.865,15.829,15.844
1762284540,15.844,15.847,15.807,15.821
1762284600,15.821,15.858,15.814,15.824
1762284660,15.824,15.83,15.766,15.769
1762284720,15.769,15.78,15.757,15.767
1762284780,15.767,15.789,15.742,15.787
1762284840,15.787,15.808,15.766,15.789
1762284900,15.789,15.789,15.758,15.759
1762284960,15.759,15.762,15.684,15.693
1762285020,15.693,15.707,15.67,15.673
1762285080,15.673,15.69,15.662,15.688
1762285140,15.688,15.706,15.676,15.679
1762285200,15.679,15.735,15.676,15.717
1762285260,15.717,15.72,15.678,15.683
1762285320,15.683,15.698,15.676,15.691
1762285380,15.691,15.698,15.67,15.684
1762285440,15.684,15.716,15.682,15.716
1762285500,15.716,15.716,15.68,15.683
1762285560,15.683,15.702,15.662,15.685
1762285620,15.685,15.69,15.657,15.673
1762285680,15.673,15.689,15.659,15.663
1762285740,15.663,15.663,15.612,15.618
1762285800,15.618,15.637,15.611,15.621
1762285860,15.621,15.649,15.577,15.598
1762285920,15.598,15.666,15.598,15.652
1762285980,15.652,15.652,15.614,15.618
1762286040,15.618,15.626,15.593,15.593
1762286100,15.593,15.624,15.593,15.597
1762286160,15.597,15.613,15.576,15.61
1762286220,15.61,15.612,15.571,15.586
1762286280,15.586,15.592,15.558,15.578
1762286340,15.578,15.588,15.565,15.583
1762286400,15.583,15.617,15.58,15.609
1762286460,15.609,15.621,15.591,15.592
1762286520,15.592,15.605,15.544,15.551
1762286580,15.551,15.554,15.518,15.521
1762286640,15.521,15.537,15.502,15.509
1762286700,15.509,15.581,15.487,15.581
1762286760,15.581,15.587,15.536,15.55
1762286820,15.55,15.587,15.531,15.531
1762286880,15.531,15.533,15.497,15.511
1762286940,15.511,15.511,15.474,15.475
1762287000,15.475,15.513,15.468,15.509
1762287060,15.509,15.522,15.473,15.48
1762287120,15.48,15.491,15.445,15.472
1762287180,15.472,15.483,15.452,15.473
1762287240,15.473,15.488,15.473,15.48
1762287300,15.48,15.48,15.377,15.425
1762287360,15.425,15.43,15.298,15.301
1762287420,15.301,15.335,15.103,15.148
1762287480,15.148,15.201,14.982,15.046
1762287540,15.046,15.269,15.027,15.252
1762287600,15.252,15.281,15.108,15.145
1762287660,15.145,15.169,15.074,15.145
1762287720,15.145,15.163,15.041,15.094
1762287780,15.094,15.178,15.079,15.148
1762287840,15.148,15.209,15.113,15.209
1762287900,15.209,15.36,15.195,15.351
1762287960,15.351,15.354,15.224,15.229
1762288020,15.229,15.341,15.229,15.326
1762288080,15.326,15.47,15.326,15.421
1762288140,15.421,15.448,15.383,15.421
1762288200,15.421,15.522,15.416,15.458
1762288260,15.458,15.474,15.334,15.348
1762288320,15.348,15.398,15.335,15.377
1762288380,15.377,15.398,15.325,15.33
1762288440,15.33,15.335,15.276,15.289
1762288500,15.289,15.361,15.285,15.361
1762288560,15.361,15.411,15.337,15.404
1762288620,15.404,15.445,15.374,15.421
1762288680,15.421,15.572,15.406,15.546
1762288740,15.546,15.585,15.53,15.531
1762288800,15.531,15.62,15.516,15.62
1762288860,15.62,15.711,15.592,15.685
1762288920,15.685,15.705,15.657,15.673
1762288980,15.673,15.786,15.671,15.753
1762289040,15.753,15.801,15.735,15.747
1762289100,15.747,15.794,15.74,15.749
1762289160,15.749,15.772,15.72,15.731
1762289220,15.731,15.76,15.709,15.756
1762289280,15.756,15.799,15.741,15.76
1762289340,15.76,15.769,15.692,15.692
1762289400,15.692,15.733,15.648,15.678
1762289460,15.678,15.686,15.628,15.628
1762289520,15.628,15.646,15.594,15.602
1762289580,15.602,15.646,15.591,15.605
1762289640,15.605,15.625,15.575,15.589
1762289700,15.589,15.595,15.554,15.57
1762289760,15.57,15.595,15.54,15.576
1762289820,15.576,15.614,15.571,15.592
1762289880,15.592,15.608,15.577,15.603
1762289940,15.603,15.665,15.601,15.648
1762290000,15.648,15.659,15.588,15.641
1762290060,15.641,15.669,15.571,15.571
1762290120,15.571,15.599,15.557,15.58
1762290180,15.58,15.674,15.575,15.667
1762290240,15.667,15.724,15.638,15.701
1762290300,15.701,15.714,15.564,15.564
1762290360,15.564,15.598,15.553,15.553
1762290420,15.553,15.57,15.53,15.56
1762290480,15.56,15.606,15.554,15.557
1762290540,15.557,15.596,15.555,15.559
1762290600,15.559,15.601,15.547,15.601
1762290660,15.601,15.613,15.574,15.581
1762290720,15.581,15.61,15.561,15.57
1762290780,15.57,15.614,15.565,15.608
1762290840,15.608,15.611,15.487,15.511
1762290900,15.511,15.525,15.463,15.484
1762290960,15.484,15.498,15.457,15.457
1762291020,15.457,15.504,15.453,15.48
1762291080,15.48,15.523,15.465,15.508
1762291140,15.508,15.561,15.504,15.52
1762291200,15.52,15.531,15.452,15.47
1762291260,15.47,15.481,15.439,15.445
1762291320,15.445,15.497,15.425,15.488
1762291380,15.488,15.489,15.428,15.443
1762291440,15.443,15.462,15.427,15.451
1762291500,15.451,15.459,15.432,15.447
1762291560,15.447,15.475,15.447,15.454
1762291620,15.454,15.454,15.366,15.38
1762291680,15.38,15.451,15.376,15.413
1762291740,15.413,15.42,15.385,15.411
1762291800,15.411,15.419,15.344,15.377
1762291860,15.377,15.414,15.326,15.332
1762291920,15.332,15.366,15.256,15.265
1762291980,15.265,15.327,15.255,15.294
1762292040,15.294,15.31,15.168,15.172
1762292100,15.172,15.198,15.034,15.039
1762292160,15.039,15.253,15.036,15.249
1762292220,15.249,15.249,15.127,15.184
1762292280,15.184,15.187,15.081,15.103
1762292340,15.103,15.231,15.073,15.227
1762292400,15.227,15.282,15.202,15.231
1762292460,15.231,15.257,15.124,15.177
1762292520,15.177,15.177,15.092,15.105
1762292580,15.105,15.209,15.105,15.209
1762292640,15.209,15.209,15.168,15.192
1762292700,15.192,15.465,15.191,15.465
1762292760,15.465,15.485,15.377,15.381
1762292820,15.381,15.381,15.269,15.285
1762292880,15.285,15.339,15.269,15.325
1762292940,15.325,15.338,15.25,15.276
1762293000,15.276,15.333,15.265,15.312
1762293060,15.312,15.343,15.271,15.274
1762293120,15.274,15.336,15.263,15.283
1762293180,15.283,15.283,15.184,15.241
1762293240,15.241,15.297,15.239,15.297
1762293300,15.297,15.549,15.295,15.535
1762293360,15.535,15.639,15.475,15.598
1762293420,15.598,15.648,15.557,15.562
1762293480,15.562,15.665,15.55,15.664
1762293540,15.664,15.676,15.615,15.674
1762293600,15.674,15.689,15.593,15.683
1762293660,15.683,15.75,15.637,15.639
1762293720,15.639,15.688,15.627,15.684
1762293780,15.684,15.823,15.684,15.796
1762293840,15.796,15.818,15.751,15.798
1762293900,15.798,15.84,15.746,15.751
1762293960,15.751,15.848,15.749,15.847
1762294020,15.847,15.861,15.791,15.821
1762294080,15.821,15.881,15.813,15.878
1762294140,15.878,15.918,15.852,15.918
1762294200,15.918,15.992,15.904,15.968
1762294260,15.968,15.969,15.889,15.904
1762294320,15.904,15.965,15.889,15.906
1762294380,15.906,15.936,15.858,15.932
1762294440,15.932,15.949,15.903,15.935
1762294500,15.935,15.965,15.91,15.947
1762294560,15.947,15.99,15.926,15.99
1762294620,15.99,16.007,15.942,15.983
1762294680,15.983,15.989,15.943,15.986
1762294740,15.986,16,15.952,15.999
1762294800,15.999,16.003,15.94,15.993
1762294860,15.993,16.024,15.984,16.016
1762294920,16.016,16.036,16.008,16.008
1762294980,16.008,16.011,15.962,15.977
1762295040,15.977,16.023,15.977,16.023
1762295100,16.023,16.027,15.966,15.966
1762295160,15.966,16.008,15.942,15.984
1762295220,15.984,16.023,15.979,16.012
1762295280,16.012,16.013,15.99,15.998
1762295340,15.998,16.023,15.994,16.023
1762295400,16.023,16.137,16.012,16.074
1762295460,16.074,16.092,16.048,16.084
1762295520,16.084,16.087,16.053,16.084
1762295580,16.084,16.114,16.081,16.111
1762295640,16.111,16.173,16.095,16.117
1762295700,16.117,16.178,16.11,16.136
1762295760,16.136,16.17,16.104,16.107
1762295820,16.107,16.107,16.036,16.048
1762295880,16.048,16.094,16.031,16.094
1762295940,16.094,16.118,16.075,16.076
1762296000,16.076,16.077,16.018,16.057
1762296060,16.057,16.082,16.049,16.082
1762296120,16.082,16.104,16.064,16.069
1762296180,16.069,16.072,16.021,16.022
1762296240,16.022,16.024,15.982,16.024
1762296300,16.024,16.07,16.023,16.07
1762296360,16.07,16.102,16.06,16.087
1762296420,16.087,16.088,16.06,16.075
1762296480,16.075,16.087,16.072,16.087
1762296540,16.087,16.11,16.045,16.048
1762296600,16.048,16.048,16.008,16.02
1762296660,16.02,16.026,15.99,16.021
1762296720,16.021,16.028,16.003,16.003
1762296780,16.003,16.029,15.998,16
1762296840,16,16.001,15.989,16.001
1762296900,16.001,16.023,16,16.023
1762296960,16.023,16.055,16.023,16.028
1762297020,16.028,16.06,16.028,16.053
1762297080,16.053,16.072,16.042,16.072
1762297140,16.072,16.126,16.064,16.126
1762297200,16.126,16.126,16.094,16.097
1762297260,16.097,16.181,16.085,16.179
1762297320,16.179,16.183,16.081,16.121
1762297380,16.121,16.126,16.072,16.12
1762297440,16.12,16.136,16.109,16.112
1762297500,16.112,16.198,16.105,16.158
1762297560,16.158,16.158,16.087,16.09
1762297620,16.09,16.111,16.09,16.095
1762297680,16.095,16.117,16.095,16.1
1762297740,16.1,16.101,16.069,16.07
1762297800,16.07,16.077,16.057,16.064
1762297860,16.064,16.108,16.053,16.078
1762297920,16.078,16.078,16.05,16.053
1762297980,16.053,16.057,16.037,16.042
1762298040,16.042,16.069,16.037,16.068
1762298100,16.068,16.093,16.057,16.061
1762298160,16.061,16.061,16.044,16.052
1762298220,16.052,16.054,16.035,16.036
1762298280,16.036,16.046,16.01,16.044
1762298340,16.044,16.047,16.03,16.032
1762298400,16.032,16.035,16.007,16.01
1762298460,16.01,16.018,15.999,16.011
1762298520,16.011,16.034,16.011,16.031
1762298580,16.031,16.049,16.031,16.036
1762298640,16.036,16.043,16.03,16.036
1762298700,16.036,16.045,16.019,16.033
1762298760,16.033,16.05,16.032,16.049
1762298820,16.049,16.058,16.038,16.049
1762298880,16.049,16.052,16.033,16.037
1762298940,16.037,16.051,16.021,16.03
1762299000,16.03,16.031,15.988,15.989
1762299060,15.989,16.032,15.985,16.014
1762299120,16.014,16.017,16.007,16.017
1762299180,16.017,16.017,15.992,15.996
1762299240,15.996,16.002,15.99,16
1762299300,16,16.035,16,16.027
1762299360,16.027,16.027,16.01,16.018
1762299420,16.018,16.025,15.998,16.023
1762299480,16.023,16.034,15.99,16.006
1762299540,16.006,16.006,15.975,15.975
1762299600,15.975,15.983,15.964,15.971
1762299660,15.971,16.012,15.971,16.012
1762299720,16.012,16.053,16.009,16.047
1762299780,16.047,16.058,16.03,16.047
1762299840,16.047,16.064,16.038,16.064
1762299900,16.064,16.064,16.025,16.054
1762299960,16.054,16.08,16.045,16.074
1762300020,16.074,16.079,16.057,16.069
1762300080,16.069,16.069,16.037,16.041
1762300140,16.041,16.042,16.028,16.034
1762300200,16.034,16.049,16.023,16.049
1762300260,16.049,16.058,16.036,16.052
1762300320,16.052,16.056,16.044,16.047
1762300380,16.047,16.072,16.045,16.062
1762300440,16.062,16.062,16.036,16.042
1762300500,16.042,16.06,16.04,16.04
1762300560,16.04,16.041,15.994,15.998
1762300620,15.998,15.998,15.986,15.991
1762300680,15.991,16.006,15.981,15.994
1762300740,15.994,15.994,15.976,15.977
1763683200,13.8,13.816,13.797,13.805
1763683260,13.805,13.841,13.805,13.838
1763683320,13.838,13.862,13.829,13.852
1763683380,13.852,13.863,13.83,13.836
1763683440,13.836,13.836,13.798,13.798
1763683500,13.798,13.871,13.785,13.862
1763683560,13.862,13.867,13.847,13.863
1763683620,13.863,13.878,13.861,13.87
1763683680,13.87,13.885,13.864,13.878
1763683740,13.878,13.878,13.86,13.872
1763683800,13.872,13.886,13.867,13.881
1763683860,13.881,13.915,13.879,13.912
1763683920,13.912,13.912,13.883,13.899
1763683980,13.899,13.911,13.897,13.908
1763684040,13.908,13.922,13.908,13.922
1763684100,13.922,13.934,13.911,13.913
1763684160,13.913,13.931,13.913,13.929
1763684220,13.929,13.955,13.926,13.944
1763684280,13.944,13.947,13.935,13.941
1763684340,13.941,13.956,13.914,13.914
1763684400,13.914,13.935,13.914,13.934
1763684460,13.934,13.936,13.892,13.898
1763684520,13.898,13.934,13.898,13.933
1763684580,13.933,13.936,13.9,13.904
1763684640,13.904,13.922,13.9,13.921
1763684700,13.921,13.937,13.921,13.929
1763684760,13.929,13.943,13.929,13.933
1763684820,13.933,13.936,13.914,13.914
1763684880,13.914,13.924,13.913,13.913
1763684940,13.913,13.915,13.906,13.908
1763685000,13.908,13.928,13.903,13.916
1763685060,13.916,13.923,13.903,13.903
1763685120,13.903,13.91,13.894,13.897
1763685180,13.897,13.906,13.885,13.906
1763685240,13.906,13.913,13.888,13.895
1763685300,13.895,13.925,13.89,13.924
1763685360,13.924,13.927,13.914,13.921
1763685420,13.921,13.946,13.918,13.942
1763685480,13.942,13.957,13.931,13.957
1763685540,13.957,13.957,13.923,13.924
1763685600,13.924,13.938,13.92,13.93
1763685660,13.93,13.962,13.929,13.952
1763685720,13.952,13.952,13.93,13.937
1763685780,13.937,13.946,13.932,13.932
1763685840,13.932,13.932,13.906,13.911
1763685900,13.911,13.922,13.903,13.921
1763685960,13.921,13.934,13.92,13.93
1763686020,13.93,13.943,13.912,13.919
1763686080,13.919,13.919,13.907,13.917
1763686140,13.917,13.92,13.911,13.916
1763686200,13.916,13.938,13.908,13.934
1763686260,13.934,13.943,13.927,13.927
1763686320,13.927,13.933,13.922,13.933
1763686380,13.933,13.933,13.92,13.925
1763686440,13.925,13.932,13.921,13.931
1763686500,13.931,13.94,13.926,13.932
1763686560,13.932,13.932,13.903,13.921
1763686620,13.921,13.926,13.915,13.92
1763686680,13.92,13.925,13.914,13.92
1763686740,13.92,13.93,13.92,13.93
1763686800,13.93,13.942,13.93,13.942
1763686860,13.942,13.944,13.923,13.94
1763686920,13.94,13.953,13.914,13.914
1763686980,13.914,13.922,13.907,13.921
1763687040,13.921,13.944,13.916,13.933
1763687100,13.933,13.947,13.932,13.944
1763687160,13.944,13.945,13.934,13.942
1763687220,13.942,13.946,13.913,13.923
1763687280,13.923,13.933,13.919,13.929
1763687340,13.929,13.929,13.907,13.907
1763687400,13.907,13.934,13.905,13.934
1763687460,13.934,13.935,13.924,13.928
1763687520,13.928,13.931,13.916,13.92
1763687580,13.92,13.926,13.92,13.925
1763687640,13.925,13.937,13.924,13.934
1763687700,13.934,13.95,13.933,13.943
1763687760,13.943,13.948,13.921,13.924
1763687820,13.924,13.934,13.915,13.916
1763687880,13.916,13.924,13.91,13.91
1763687940,13.91,13.914,13.902,13.908
1763688000,13.908,13.909,13.891,13.896
1763688060,13.896,13.942,13.896,13.941
1763688120,13.941,13.957,13.938,13.95
1763688180,13.95,13.968,13.947,13.966
1763688240,13.966,13.969,13.929,13.937
1763688300,13.937,13.94,13.926,13.929
1763688360,13.929,13.986,13.929,13.975
1763688420,13.975,13.979,13.95,13.95
1763688480,13.95,13.95,13.93,13.93
1763688540,13.93,13.951,13.93,13.942
1763688600,13.942,13.949,13.939,13.941
1763688660,13.941,13.942,13.923,13.923
1763688720,13.923,13.926,13.912,13.913
1763688780,13.913,13.936,13.913,13.935
1763688840,13.935,13.936,13.922,13.925
1763688900,13.925,13.925,13.911,13.921
1763688960,13.921,13.925,13.904,13.925
1763689020,13.925,13.942,13.916,13.939
1763689080,13.939,13.951,13.932,13.932
1763689140,13.932,13.944,13.932,13.944
1763689200,13.944,13.948,13.939,13.942
1763689260,13.942,13.945,13.936,13.944
1763689320,13.944,13.951,13.941,13.943
1763689380,13.943,13.944,13.936,13.943
1763689440,13.943,13.943,13.932,13.932
1763689500,13.932,13.941,13.931,13.941
1763689560,13.941,13.941,13.924,13.93
1763689620,13.93,13.939,13.93,13.937
1763689680,13.937,13.937,13.931,13.932
1763689740,13.932,13.938,13.923,13.924
1763689800,13.924,13.941,13.924,13.941
1763689860,13.941,13.952,13.94,13.94
1763689920,13.94,13.942,13.919,13.919
1763689980,13.919,13.922,13.912,13.914
1763690040,13.914,13.916,13.912,13.913
1763690100,13.913,13.924,13.913,13.924
1763690160,13.924,13.926,13.921,13.923
1763690220,13.923,13.936,13.922,13.936
1763690280,13.936,13.943,13.936,13.938
1763690340,13.938,13.938,13.932,13.937
1763690400,13.937,13.937,13.923,13.928
1763690460,13.928,13.933,13.928,13.933
1763690520,13.933,13.94,13.922,13.923
1763690580,13.923,13.932,13.919,13.928
1763690640,13.928,13.935,13.922,13.922
1763690700,13.922,13.922,13.904,13.904
1763690760,13.904,13.913,13.881,13.899
1763690820,13.899,13.916,13.899,13.915
1763690880,13.915,13.922,13.911,13.911
1763690940,13.911,13.912,13.894,13.897
1763691000,13.897,13.901,13.887,13.898
1763691060,13.898,13.898,13.875,13.883
1763691120,13.883,13.891,13.876,13.883
1763691180,13.883,13.89,13.868,13.868
1763691240,13.868,13.876,13.86,13.864
1763691300,13.864,13.874,13.859,13.873
1763691360,13.873,13.907,13.873,13.9
1763691420,13.9,13.901,13.883,13.888
1763691480,13.888,13.888,13.827,13.829
1763691540,13.829,13.87,13.828,13.87
1763691600,13.87,13.908,13.861,13.908
1763691660,13.908,13.966,13.908,13.946
1763691720,13.946,13.946,13.919,13.919
1763691780,13.919,13.939,13.909,13.934
1763691840,13.934,13.946,13.925,13.936
1763691900,13.936,13.941,13.922,13.922
1763691960,13.922,13.922,13.907,13.916
1763692020,13.916,13.921,13.907,13.911
1763692080,13.911,13.92,13.91,13.918
1763692140,13.918,13.927,13.908,13.908
1763692200,13.908,13.909,13.874,13.909
1763692260,13.909,13.935,13.909,13.922
1763692320,13.922,13.932,13.885,13.888
1763692380,13.888,13.908,13.88,13.906
1763692440,13.906,13.929,13.903,13.924
1763692500,13.924,13.943,13.91,13.91
1763692560,13.91,13.93,13.904,13.919
1763692620,13.919,13.928,13.886,13.89
1763692680,13.89,13.915,13.888,13.915
1763692740,13.915,13.918,13.888,13.9
1763692800,13.9,13.929,13.9,13.924
1763692860,13.924,13.924,13.899,13.901
1763692920,13.901,13.906,13.889,13.9
1763692980,13.9,13.906,13.89,13.905
1763693040,13.905,13.906,13.847,13.85
1763693100,13.85,13.876,13.848,13.854
1763693160,13.854,13.882,13.848,13.881
1763693220,13.881,13.896,13.862,13.874
1763693280,13.874,13.895,13.873,13.886
1763693340,13.886,13.904,13.881,13.894
1763693400,13.894,13.908,13.88,13.881
1763693460,13.881,13.883,13.863,13.869
1763693520,13.869,13.869,13.795,13.801
1763693580,13.801,13.829,13.794,13.821
1763693640,13.821,13.842,13.818,13.838
1763693700,13.838,13.838,13.786,13.799
1763693760,13.799,13.816,13.768,13.776
1763693820,13.776,13.785,13.748,13.756
1763693880,13.756,13.763,13.706,13.721
1763693940,13.721,13.733,13.672,13.699
1763694000,13.699,13.743,13.699,13.741
1763694060,13.741,13.757,13.715,13.754
1763694120,13.754,13.754,13.714,13.72
1763694180,13.72,13.735,13.7,13.723
1763694240,13.723,13.744,13.717,13.74
1763694300,13.74,13.847,13.74,13.834
1763694360,13.834,13.867,13.831,13.841
1763694420,13.841,13.853,13.82,13.846
1763694480,13.846,13.859,13.835,13.845
1763694540,13.845,13.845,13.782,13.788
1763694600,13.788,13.797,13.774,13.795
1763694660,13.795,13.802,13.773,13.802
1763694720,13.802,13.81,13.774,13.801
1763694780,13.801,13.804,13.774,13.785
1763694840,13.785,13.786,13.768,13.781
1763694900,13.781,13.803,13.781,13.789
1763694960,13.789,13.792,13.737,13.743
1763695020,13.743,13.747,13.724,13.733
1763695080,13.733,13.737,13.718,13.736
1763695140,13.736,13.74,13.711,13.722
1763695200,13.722,13.748,13.719,13.737
1763695260,13.737,13.772,13.736,13.76
1763695320,13.76,13.773,13.758,13.766
1763695380,13.766,13.767,13.743,13.743
1763695440,13.743,13.743,13.706,13.724
1763695500,13.724,13.727,13.711,13.715
1763695560,13.715,13.745,13.715,13.742
1763695620,13.742,13.767,13.741,13.746
1763695680,13.746,13.769,13.741,13.75
1763695740,13.75,13.76,13.745,13.75
1763695800,13.75,13.753,13.735,13.753
1763695860,13.753,13.758,13.736,13.741
1763695920,13.741,13.773,13.737,13.76
1763695980,13.76,13.76,13.733,13.735
1763696040,13.735,13.735,13.718,13.73
1763696100,13.73,13.731,13.713,13.725
1763696160,13.725,13.79,13.725,13.786
1763696220,13.786,13.803,13.746,13.753
1763696280,13.753,13.769,13.744,13.759
1763696340,13.759,13.779,13.743,13.767
1763696400,13.767,13.806,13.761,13.796
1763696460,13.796,13.802,13.786,13.788
1763696520,13.788,13.8,13.78,13.791
1763696580,13.791,13.812,13.791,13.799
1763696640,13.799,13.807,13.792,13.793
1763696700,13.793,13.807,13.783,13.783
1763696760,13.783,13.796,13.782,13.795
1763696820,13.795,13.802,13.791,13.795
1763696880,13.795,13.798,13.786,13.798
1763696940,13.798,13.798,13.789,13.792
1763697000,13.792,13.793,13.78,13.789
1763697060,13.789,13.792,13.78,13.784
1763697120,13.784,13.797,13.783,13.792
1763697180,13.792,13.796,13.786,13.796
1763697240,13.796,13.797,13.783,13.791
1763697300,13.791,13.796,13.789,13.793
1763697360,13.793,13.793,13.787,13.789
1763697420,13.789,13.805,13.789,13.801
1763697480,13.801,13.801,13.796,13.796
1763697540,13.796,13.796,13.764,13.764
1763697600,13.764,13.771,13.755,13.771
1763697660,13.771,13.771,13.761,13.762
1763697720,13.762,13.772,13.757,13.762
1763697780,13.762,13.765,13.758,13.763
1763697840,13.763,13.773,13.763,13.765
1763697900,13.765,13.77,13.724,13.724
1763697960,13.724,13.724,13.71,13.718
1763698020,13.718,13.732,13.692,13.692
1763698080,13.692,13.697,13.665,13.667
1763698140,13.667,13.685,13.659,13.685
1763698200,13.685,13.699,13.685,13.691
1763698260,13.691,13.699,13.687,13.699
1763698320,13.699,13.717,13.694,13.698
1763698380,13.698,13.717,13.693,13.711
1763698440,13.711,13.731,13.71,13.725
1763698500,13.725,13.731,13.697,13.697
1763698560,13.697,13.729,13.694,13.724
1763698620,13.724,13.742,13.713,13.725
1763698680,13.725,13.725,13.701,13.708
1763698740,13.708,13.723,13.706,13.713
1763698800,13.713,13.745,13.712,13.745
1763698860,13.745,13.751,13.706,13.706
1763698920,13.706,13.715,13.689,13.714
1763698980,13.714,13.714,13.702,13.705
1763699040,13.705,13.709,13.692,13.707
1763699100,13.707,13.723,13.699,13.723
1763699160,13.723,13.747,13.714,13.747
1763699220,13.747,13.752,13.734,13.734
1763699280,13.734,13.743,13.731,13.743
1763699340,13.743,13.743,13.725,13.725
1763699400,13.725,13.727,13.717,13.723
1763699460,13.723,13.723,13.666,13.667
1763699520,13.667,13.67,13.591,13.594
1763699580,13.594,13.602,13.567,13.586
1763699640,13.586,13.61,13.582,13.606
1763699700,13.606,13.606,13.573,13.578
1763699760,13.578,13.598,13.574,13.598
1763699820,13.598,13.599,13.565,13.598
1763699880,13.598,13.599,13.567,13.567
1763699940,13.567,13.58,13.558,13.567
1763700000,13.567,13.592,13.563,13.575
1763700060,13.575,13.588,13.56,13.588
1763700120,13.588,13.641,13.587,13.624
1763700180,13.624,13.688,13.623,13.685
1763700240,13.685,13.72,13.684,13.692
1763700300,13.692,13.721,13.689,13.694
1763700360,13.694,13.709,13.686,13.687
1763700420,13.687,13.687,13.648,13.653
1763700480,13.653,13.666,13.653,13.653
1763700540,13.653,13.658,13.647,13.652
1763700600,13.652,13.652,13.639,13.645
1763700660,13.645,13.662,13.643,13.662
1763700720,13.662,13.675,13.662,13.666
1763700780,13.666,13.694,13.664,13.689
1763700840,13.689,13.735,13.689,13.732
1763700900,13.732,13.744,13.71,13.716
1763700960,13.716,13.738,13.716,13.724
1763701020,13.724,13.739,13.718,13.718
1763701080,13.718,13.72,13.713,13.715
1763701140,13.715,13.715,13.708,13.711
1763701200,13.711,13.721,13.705,13.713
1763701260,13.713,13.749,13.704,13.704
1763701320,13.704,13.725,13.7,13.721
1763701380,13.721,13.727,13.715,13.727
1763701440,13.727,13.736,13.71,13.711
1763701500,13.711,13.711,13.7,13.704
1763701560,13.704,13.751,13.703,13.746
1763701620,13.746,13.775,13.696,13.714
1763701680,13.714,13.723,13.711,13.713
1763701740,13.713,13.726,13.713,13.72
1763701800,13.72,13.728,13.711,13.723
1763701860,13.723,13.725,13.704,13.707
1763701920,13.707,13.71,13.705,13.706
1763701980,13.706,13.725,13.705,13.725
1763702040,13.725,13.744,13.718,13.742
1763702100,13.742,13.765,13.733,13.733
1763702160,13.733,13.733,13.719,13.726
1763702220,13.726,13.759,13.726,13.747
1763702280,13.747,13.758,13.739,13.744
1763702340,13.744,13.744,13.733,13.738
1763702400,13.738,13.75,13.731,13.741
1763702460,13.741,13.744,13.736,13.744
1763702520,13.744,13.761,13.743,13.753
1763702580,13.753,13.753,13.722,13.725
1763702640,13.725,13.733,13.718,13.733
1763702700,13.733,13.742,13.729,13.742
1763702760,13.742,13.753,13.742,13.752
1763702820,13.752,13.756,13.743,13.744
1763702880,13.744,13.747,13.737,13.741
1763702940,13.741,13.741,13.731,13.734
1763703000,13.734,13.754,13.732,13.754
1763703060,13.754,13.759,13.746,13.755
1763703120,13.755,13.77,13.744,13.744
1763703180,13.744,13.761,13.735,13.754
1763703240,13.754,13.757,13.753,13.755
1763703300,13.755,13.755,13.738,13.739
1763703360,13.739,13.739,13.717,13.723
1763703420,13.723,13.723,13.69,13.698
1763703480,13.698,13.702,13.693,13.694
1763703540,13.694,13.696,13.67,13.672
1763703600,13.672,13.673,13.64,13.656
1763703660,13.656,13.671,13.656,13.668
1763703720,13.668,13.67,13.661,13.67
1763703780,13.67,13.672,13.657,13.672
1763703840,13.672,13.685,13.66,13.665
1763703900,13.665,13.666,13.649,13.649
1763703960,13.649,13.673,13.649,13.673
1763704020,13.673,13.7,13.663,13.694
1763704080,13.694,13.698,13.668,13.676
1763704140,13.676,13.678,13.659,13.665
1763704200,13.665,13.676,13.663,13.671
1763704260,13.671,13.675,13.659,13.662
1763704320,13.662,13.677,13.661,13.665
1763704380,13.665,13.671,13.653,13.657
1763704440,13.657,13.657,13.636,13.651
1763704500,13.651,13.665,13.651,13.665
1763704560,13.665,13.681,13.648,13.649
1763704620,13.649,13.673,13.649,13.673
1763704680,13.673,13.673,13.646,13.646
1763704740,13.646,13.67,13.646,13.67
1763704800,13.67,13.688,13.663,13.683
1763704860,13.683,13.701,13.672,13.679
1763704920,13.679,13.687,13.639,13.649
1763704980,13.649,13.664,13.636,13.639
1763705040,13.639,13.666,13.639,13.65
1763705100,13.65,13.657,13.641,13.647
1763705160,13.647,13.668,13.646,13.655
1763705220,13.655,13.663,13.646,13.646
1763705280,13.646,13.646,13.6,13.62
1763705340,13.62,13.64,13.62,13.64
1763705400,13.64,13.663,13.64,13.651
1763705460,13.651,13.652,13.631,13.652
1763705520,13.652,13.707,13.652,13.686
1763705580,13.686,13.701,13.686,13.695
1763705640,13.695,13.702,13.686,13.695
1763705700,13.695,13.711,13.693,13.706
1763705760,13.706,13.706,13.685,13.695
1763705820,13.695,13.705,13.682,13.691
1763705880,13.691,13.697,13.676,13.684
1763705940,13.684,13.684,13.668,13.679
1763706000,13.679,13.679,13.645,13.653
1763706060,13.653,13.676,13.653,13.675
1763706120,13.675,13.689,13.673,13.689
1763706180,13.689,13.704,13.684,13.685
1763706240,13.685,13.693,13.676,13.687
1763706300,13.687,13.701,13.667,13.668
1763706360,13.668,13.687,13.654,13.685
1763706420,13.685,13.694,13.656,13.656
1763706480,13.656,13.656,13.625,13.632
1763706540,13.632,13.641,13.63,13.633
1763706600,13.633,13.65,13.623,13.644
1763706660,13.644,13.667,13.644,13.66
1763706720,13.66,13.66,13.649,13.659
1763706780,13.659,13.679,13.653,13.676
1763706840,13.676,13.687,13.666,13.675
1763706900,13.675,13.695,13.668,13.683
1763706960,13.683,13.695,13.676,13.681
1763707020,13.681,13.681,13.661,13.664
1763707080,13.664,13.664,13.615,13.634
1763707140,13.634,13.678,13.625,13.676
1763707200,13.676,13.702,13.675,13.679
1763707260,13.679,13.683,13.665,13.683
1763707320,13.683,13.706,13.683,13.691
1763707380,13.691,13.707,13.689,13.707
1763707440,13.707,13.73,13.705,13.716
1763707500,13.716,13.732,13.705,13.707
1763707560,13.707,13.736,13.701,13.73
1763707620,13.73,13.76,13.728,13.744
1763707680,13.744,13.763,13.73,13.748
1763707740,13.748,13.748,13.72,13.726
1763707800,13.726,13.739,13.713,13.723
1763707860,13.723,13.74,13.715,13.732
1763707920,13.732,13.747,13.723,13.725
1763707980,13.725,13.73,13.709,13.717
1763708040,13.717,13.753,13.717,13.743
1763708100,13.743,13.745,13.734,13.74
1763708160,13.74,13.74,13.681,13.692
1763708220,13.692,13.697,13.684,13.697
1763708280,13.697,13.704,13.688,13.702
1763708340,13.702,13.702,13.676,13.677
1763708400,13.677,13.701,13.677,13.699
1763708460,13.699,13.718,13.694,13.701
1763708520,13.701,13.712,13.692,13.705
1763708580,13.705,13.736,13.676,13.719
1763708640,13.719,13.72,13.71,13.72
1763708700,13.72,13.74,13.701,13.701
1763708760,13.701,13.701,13.682,13.698
1763708820,13.698,13.715,13.691,13.701
1763708880,13.701,13.708,13.691,13.708
1763708940,13.708,13.726,13.701,13.726
1763709000,13.726,13.728,13.706,13.71
1763709060,13.71,13.713,13.699,13.712
1763709120,13.712,13.716,13.696,13.696
1763709180,13.696,13.703,13.674,13.674
1763709240,13.674,13.676,13.648,13.672
1763709300,13.672,13.675,13.653,13.653
1763709360,13.653,13.653,13.611,13.629
1763709420,13.629,13.643,13.608,13.615
1763709480,13.615,13.637,13.607,13.631
1763709540,13.631,13.638,13.595,13.597
1763709600,13.597,13.601,13.549,13.55
1763709660,13.55,13.581,13.527,13.527
1763709720,13.527,13.547,13.525,13.535
1763709780,13.535,13.555,13.526,13.546
1763709840,13.546,13.573,13.546,13.568
1763709900,13.568,13.585,13.549,13.559
1763709960,13.559,13.567,13.549,13.553
1763710020,13.553,13.561,13.547,13.561
1763710080,13.561,13.577,13.552,13.554
1763710140,13.554,13.557,13.531,13.535
1763710200,13.535,13.546,13.472,13.499
1763710260,13.499,13.509,13.473,13.507
1763710320,13.507,13.507,13.39,13.408
1763710380,13.408,13.417,13.105,13.124
1763710440,13.124,13.134,12.51,13.039
1763710500,13.039,13.081,12.946,13.055
1763710560,13.055,13.096,12.973,13.052
1763710620,13.052,13.253,13.039,13.208
1763710680,13.208,13.209,13.094,13.157
1763710740,13.157,13.193,13.126,13.138
1763710800,13.138,13.229,13.129,13.19
1763710860,13.19,13.233,13.187,13.215
1763710920,13.215,13.23,13.168,13.192
1763710980,13.192,13.242,13.163,13.233
1763711040,13.233,13.242,13.216,13.223
1763711100,13.223,13.254,13.183,13.213
1763711160,13.213,13.23,13.182,13.186
1763711220,13.186,13.194,13.149,13.157
1763711280,13.157,13.172,13.105,13.132
1763711340,13.132,13.144,13.111,13.141
1763711400,13.141,13.226,13.136,13.198
1763711460,13.198,13.206,13.168,13.172
1763711520,13.172,13.2,13.172,13.183
1763711580,13.183,13.183,13.137,13.153
1763711640,13.153,13.162,13.125,13.135
1763711700,13.135,13.149,13.119,13.135
1763711760,13.135,13.173,13.114,13.159
1763711820,13.159,13.165,13.118,13.118
1763711880,13.118,13.162,13.118,13.141
1763711940,13.141,13.182,13.141,13.167
1763712000,13.167,13.171,13.109,13.121
1763712060,13.121,13.161,13.116,13.145
1763712120,13.145,13.165,13.116,13.131
1763712180,13.131,13.142,13.08,13.091
1763712240,13.091,13.116,13.077,13.097
1763712300,13.097,13.196,13.094,13.192
1763712360,13.192,13.281,13.189,13.25
1763712420,13.25,13.254,13.206,13.238
1763712480,13.238,13.264,13.227,13.264
1763712540,13.264,13.296,13.239,13.295
1763712600,13.295,13.298,13.258,13.278
1763712660,13.278,13.356,13.278,13.315
1763712720,13.315,13.385,13.314,13.343
1763712780,13.343,13.371,13.33,13.356
1763712840,13.356,13.359,13.289,13.3
1763712900,13.3,13.315,13.274,13.314
1763712960,13.314,13.33,13.287,13.294
1763713020,13.294,13.326,13.294,13.307
1763713080,13.307,13.308,13.284,13.291
1763713140,13.291,13.3,13.273,13.274
1763713200,13.274,13.321,13.27,13.318
1763713260,13.318,13.336,13.28,13.303
1763713320,13.303,13.347,13.297,13.336
1763713380,13.336,13.368,13.335,13.365
1763713440,13.365,13.384,13.347,13.35
1763713500,13.35,13.368,13.338,13.345
1763713560,13.345,13.347,13.328,13.331
1763713620,13.331,13.352,13.328,13.338
1763713680,13.338,13.338,13.306,13.312
1763713740,13.312,13.317,13.28,13.281
1763713800,13.281,13.312,13.279,13.306
1763713860,13.306,13.35,13.306,13.34
1763713920,13.34,13.36,13.325,13.354
1763713980,13.354,13.362,13.314,13.317
1763714040,13.317,13.323,13.279,13.294
1763714100,13.294,13.299,13.26,13.274
1763714160,13.274,13.275,13.247,13.258
1763714220,13.258,13.269,13.244,13.266
1763714280,13.266,13.274,13.244,13.266
1763714340,13.266,13.296,13.266,13.279
1763714400,13.279,13.297,13.264,13.264
1763714460,13.264,13.287,13.257,13.275
1763714520,13.275,13.284,13.244,13.255
1763714580,13.255,13.263,13.243,13.258
1763714640,13.258,13.274,13.248,13.26
1763714700,13.26,13.283,13.251,13.265
1763714760,13.265,13.29,13.265,13.289
1763714820,13.289,13.314,13.282,13.309
1763714880,13.309,13.312,13.267,13.292
1763714940,13.292,13.295,13.257,13.259
1763715000,13.259,13.275,13.254,13.275
1763715060,13.275,13.303,13.273,13.282
1763715120,13.282,13.304,13.278,13.304
1763715180,13.304,13.341,13.303,13.333
1763715240,13.333,13.341,13.3,13.311
1763715300,13.311,13.341,13.311,13.339
1763715360,13.339,13.365,13.339,13.352
1763715420,13.352,13.362,13.33,13.333
1763715480,13.333,13.348,13.317,13.324
1763715540,13.324,13.324,13.306,13.319
1763715600,13.319,13.351,13.316,13.349
1763715660,13.349,13.379,13.349,13.374
1763715720,13.374,13.393,13.361,13.366
1763715780,13.366,13.395,13.366,13.392
1763715840,13.392,13.404,13.389,13.403
1763715900,13.403,13.418,13.379,13.381
1763715960,13.381,13.388,13.37,13.383
1763716020,13.383,13.383,13.351,13.355
1763716080,13.355,13.366,13.347,13.349
1763716140,13.349,13.349,13.339,13.348
1763716200,13.348,13.365,13.336,13.365
1763716260,13.365,13.383,13.354,13.372
1763716320,13.372,13.391,13.361,13.361
1763716380,13.361,13.363,13.337,13.348
1763716440,13.348,13.348,13.335,13.34
1763716500,13.34,13.347,13.299,13.307
1763716560,13.307,13.312,13.28,13.286
1763716620,13.286,13.292,13.274,13.288
1763716680,13.288,13.288,13.263,13.274
1763716740,13.274,13.281,13.265,13.272
1763716800,13.272,13.283,13.256,13.266
1763716860,13.266,13.284,13.252,13.252
1763716920,13.252,13.273,13.249,13.251
1763716980,13.251,13.26,13.232,13.234
1763717040,13.234,13.251,13.226,13.246
1763717100,13.246,13.246,13.222,13.231
1763717160,13.231,13.24,13.214,13.225
1763717220,13.225,13.241,13.198,13.21
1763717280,13.21,13.222,13.204,13.21
1763717340,13.21,13.223,13.192,13.199
1763717400,13.199,13.213,13.167,13.177
1763717460,13.177,13.194,13.149,13.185
1763717520,13.185,13.185,13.144,13.152
1763717580,13.152,13.171,13.13,13.13
1763717640,13.13,13.151,13.129,13.138
1763717700,13.138,13.139,13.11,13.135
1763717760,13.135,13.141,13.104,13.114
1763717820,13.114,13.153,13.112,13.153
1763717880,13.153,13.156,13.113,13.114
1763717940,13.114,13.122,13.089,13.1
1763718000,13.1,13.107,13.081,13.095
1763718060,13.095,13.103,13.07,13.077
1763718120,13.077,13.107,13.075,13.099
1763718180,13.099,13.108,13.088,13.089
1763718240,13.089,13.104,13.089,13.091
1763718300,13.091,13.098,13.076,13.086
1763718360,13.086,13.107,13.083,13.094
1763718420,13.094,13.099,13.063,13.094
1763718480,13.094,13.098,13.044,13.045
1763718540,13.045,13.059,13.04,13.059
1763718600,13.059,13.068,13.027,13.031
1763718660,13.031,13.039,13.008,13.008
1763718720,13.008,13.011,12.968,12.989
1763718780,12.989,13.004,12.974,12.974
1763718840,12.974,12.993,12.974,12.987
1763718900,12.987,13.011,12.98,12.982
1763718960,12.982,13.044,12.982,13.031
1763719020,13.031,13.041,13.015,13.028
1763719080,13.028,13.032,13.005,13.012
1763719140,13.012,13.013,12.988,12.992
1763719200,12.992,13.013,12.991,13.004
1763719260,13.004,13.011,12.979,12.998
1763719320,12.998,13.01,12.972,12.972
1763719380,12.972,12.978,12.924,12.966
1763719440,12.966,12.989,12.935,12.989
1763719500,12.989,13.068,12.984,12.999
1763719560,12.999,13.004,12.962,12.998
1763719620,12.998,13,12.94,12.964
1763719680,12.964,13.018,12.964,12.997
1763719740,12.997,13.04,12.992,13.026
1763719800,13.026,13.096,13.026,13.084
1763719860,13.084,13.102,13.056,13.059
1763719920,13.059,13.101,13.043,13.044
1763719980,13.044,13.045,13.005,13.013
1763720040,13.013,13.025,13.001,13.016
1763720100,13.016,13.024,13.003,13.003
1763720160,13.003,13.038,12.967,13.034
1763720220,13.034,13.051,13.018,13.02
1763720280,13.02,13.027,12.985,12.99
1763720340,12.99,13.035,12.985,13.026
1763720400,13.026,13.036,13.001,13.022
1763720460,13.022,13.05,13.015,13.043
1763720520,13.043,13.045,12.995,12.995
1763720580,12.995,13.002,12.985,13
1763720640,13,13.026,12.995,13.026
1763720700,13.026,13.053,13.014,13.048
1763720760,13.048,13.085,13.035,13.039
1763720820,13.039,13.041,13.014,13.016
1763720880,13.016,13.016,12.968,12.972
1763720940,12.972,12.987,12.967,12.982
1763721000,12.982,13.014,12.982,13.01
1763721060,13.01,13.045,13.006,13.025
1763721120,13.025,13.056,13.013,13.027
1763721180,13.027,13.057,13.018,13.052
1763721240,13.052,13.073,13.014,13.014
1763721300,13.014,13.026,13.007,13.022
1763721360,13.022,13.058,13.019,13.05
1763721420,13.05,13.057,13.027,13.043
1763721480,13.043,13.089,13.029,13.073
1763721540,13.073,13.075,13.039,13.052
1763721600,13.052,13.083,13.043,13.075
1763721660,13.075,13.077,13.027,13.037
1763721720,13.037,13.037,13.02,13.028
1763721780,13.028,13.032,13.022,13.032
1763721840,13.032,13.032,12.987,13.01
1763721900,13.01,13.017,12.998,13.004
1763721960,13.004,13.013,12.989,12.99
1763722020,12.99,12.996,12.98,12.993
1763722080,12.993,12.997,12.977,12.982
1763722140,12.982,12.986,12.965,12.967
1763722200,12.967,12.97,12.953,12.97
1763722260,12.97,12.995,12.962,12.995
1763722320,12.995,13.019,12.989,13.009
1763722380,13.009,13.01,12.995,13.007
1763722440,13.007,13.007,12.99,13
1763722500,13,13.006,12.984,12.994
1763722560,12.994,13.001,12.982,12.982
1763722620,12.982,12.989,12.975,12.982
1763722680,12.982,12.989,12.975,12.979
1763722740,12.979,12.991,12.976,12.976
1763722800,12.976,12.979,12.957,12.965
1763722860,12.965,13.013,12.965,13.01
1763722920,13.01,13.014,12.987,12.994
1763722980,12.994,13.007,12.976,12.99
1763723040,12.99,13.005,12.987,13.002
1763723100,13.002,13.015,13,13.009
1763723160,13.009,13.029,12.992,12.995
1763723220,12.995,13.045,12.992,13.045
1763723280,13.045,13.111,13.045,13.089
1763723340,13.089,13.105,13.077,13.102
1763723400,13.102,13.125,13.096,13.103
1763723460,13.103,13.103,13.069,13.074
1763723520,13.074,13.074,13.059,13.065
1763723580,13.065,13.079,13.058,13.061
1763723640,13.061,13.088,13.056,13.086
1763723700,13.086,13.094,13.069,13.074
1763723760,13.074,13.074,13.057,13.063
1763723820,13.063,13.103,13.061,13.071
1763723880,13.071,13.077,13.06,13.072
1763723940,13.072,13.074,13.033,13.038
1763724000,13.038,13.059,13.034,13.057
1763724060,13.057,13.098,13.057,13.098
1763724120,13.098,13.103,13.051,13.059
1763724180,13.059,13.101,13.055,13.076
1763724240,13.076,13.076,13.056,13.06
1763724300,13.06,13.073,13.058,13.066
1763724360,13.066,13.066,13.047,13.052
1763724420,13.052,13.061,13.047,13.048
1763724480,13.048,13.059,13.038,13.039
1763724540,13.039,13.044,13.031,13.04
1763724600,13.04,13.058,13.04,13.046
1763724660,13.046,13.063,13.044,13.063
1763724720,13.063,13.083,13.062,13.083
1763724780,13.083,13.091,13.056,13.056
1763724840,13.056,13.056,13.012,13.014
1763724900,13.014,13.02,13.003,13.003
1763724960,13.003,13.009,12.993,13.003
1763725020,13.003,13.004,12.977,12.981
1763725080,12.981,12.987,12.964,12.967
1763725140,12.967,12.98,12.967,12.972
1763725200,12.972,12.988,12.951,12.952
1763725260,12.952,12.956,12.927,12.953
1763725320,12.953,12.953,12.932,12.932
1763725380,12.932,12.94,12.926,12.934
1763725440,12.934,12.955,12.934,12.949
1763725500,12.949,12.954,12.925,12.925
1763725560,12.925,12.94,12.917,12.93
1763725620,12.93,12.939,12.897,12.898
1763725680,12.898,12.908,12.88,12.892
1763725740,12.892,12.918,12.886,12.891
1763725800,12.891,12.896,12.869,12.889
1763725860,12.889,12.89,12.862,12.863
1763725920,12.863,12.887,12.863,12.875
1763725980,12.875,12.881,12.852,12.879
1763726040,12.879,12.906,12.879,12.9
1763726100,12.9,12.919,12.895,12.903
1763726160,12.903,12.905,12.878,12.882
1763726220,12.882,12.921,12.882,12.921
1763726280,12.921,12.931,12.906,12.908
1763726340,12.908,12.919,12.907,12.911
1763726400,12.911,12.918,12.901,12.903
1763726460,12.903,12.923,12.886,12.898
1763726520,12.898,12.917,12.885,12.904
1763726580,12.904,12.927,12.887,12.918
1763726640,12.918,12.918,12.881,12.895
1763726700,12.895,12.911,12.893,12.895
1763726760,12.895,12.926,12.895,12.926
1763726820,12.926,12.939,12.915,12.934
1763726880,12.934,12.934,12.884,12.885
1763726940,12.885,12.897,12.872,12.876
1763727000,12.876,12.876,12.836,12.84
1763727060,12.84,12.853,12.829,12.835
1763727120,12.835,12.842,12.821,12.834
1763727180,12.834,12.878,12.834,12.874
1763727240,12.874,12.903,12.861,12.886
1763727300,12.886,12.886,12.84,12.85
1763727360,12.85,12.863,12.831,12.834
1763727420,12.834,12.846,12.822,12.835
1763727480,12.835,12.837,12.776,12.779
1763727540,12.779,12.804,12.779,12.8
1763727600,12.8,12.815,12.796,12.798
1763727660,12.798,12.802,12.767,12.771
1763727720,12.771,12.779,12.718,12.755
1763727780,12.755,12.775,12.691,12.717
1763727840,12.717,12.725,12.649,12.693
1763727900,12.693,12.754,12.69,12.724
1763727960,12.724,12.735,12.685,12.685
1763728020,12.685,12.699,12.671,12.689
1763728080,12.689,12.689,12.648,12.65
1763728140,12.65,12.676,12.622,12.664
1763728200,12.664,12.814,12.664,12.781
1763728260,12.781,12.839,12.741,12.804
1763728320,12.804,12.835,12.778,12.82
1763728380,12.82,12.836,12.773,12.807
1763728440,12.807,12.86,12.806,12.834
1763728500,12.834,12.859,12.803,12.859
1763728560,12.859,12.957,12.841,12.94
1763728620,12.94,13.013,12.925,13.013
1763728680,13.013,13.067,13.003,13.041
1763728740,13.041,13.105,13.025,13.099
1763728800,13.099,13.101,13.061,13.095
1763728860,13.095,13.142,13.067,13.122
1763728920,13.122,13.13,13.085,13.09
1763728980,13.09,13.121,13.057,13.12
1763729040,13.12,13.159,13.102,13.134
1763729100,13.134,13.196,13.132,13.179
1763729160,13.179,13.203,13.151,13.156
1763729220,13.156,13.173,13.137,13.158
1763729280,13.158,13.162,13.101,13.119
1763729340,13.119,13.123,13.086,13.119
1763729400,13.119,13.19,13.111,13.174
1763729460,13.174,13.177,13.145,13.157
1763729520,13.157,13.178,13.133,13.135
1763729580,13.135,13.179,13.135,13.178
1763729640,13.178,13.19,13.165,13.178
1763729700,13.178,13.18,13.146,13.146
1763729760,13.146,13.146,13.113,13.12
1763729820,13.12,13.14,13.11,13.136
1763729880,13.136,13.136,13.108,13.124
1763729940,13.124,13.129,13.105,13.122
1763730000,13.122,13.143,13.101,13.141
1763730060,13.141,13.148,13.11,13.11
1763730120,13.11,13.16,13.105,13.136
1763730180,13.136,13.167,13.106,13.108
1763730240,13.108,13.111,13.062,13.092
1763730300,13.092,13.105,13.07,13.101
1763730360,13.101,13.14,13.09,13.127
1763730420,13.127,13.136,13.098,13.098
1763730480,13.098,13.147,13.094,13.147
1763730540,13.147,13.186,13.147,13.182
1763730600,13.182,13.198,13.105,13.105
1763730660,13.105,13.127,13.095,13.114
1763730720,13.114,13.123,13.102,13.113
1763730780,13.113,13.139,13.101,13.135
1763730840,13.135,13.148,13.125,13.131
1763730900,13.131,13.152,13.121,13.144
1763730960,13.144,13.17,13.138,13.162
1763731020,13.162,13.236,13.154,13.196
1763731080,13.196,13.201,13.145,13.146
1763731140,13.146,13.162,13.124,13.156
1763731200,13.156,13.158,13.124,13.136
1763731260,13.136,13.17,13.129,13.132
1763731320,13.132,13.151,13.107,13.116
1763731380,13.116,13.116,13.092,13.106
1763731440,13.106,13.106,13.077,13.079
1763731500,13.079,13.087,13.06,13.076
1763731560,13.076,13.1,13.062,13.096
1763731620,13.096,13.101,13.079,13.083
1763731680,13.083,13.085,13.051,13.055
1763731740,13.055,13.068,13.053,13.057
1763731800,13.057,13.08,13.057,13.072
1763731860,13.072,13.089,13.054,13.085
1763731920,13.085,13.093,13.068,13.075
1763731980,13.075,13.077,13.048,13.076
1763732040,13.076,13.082,13.066,13.073
1763732100,13.073,13.113,13.073,13.106
1763732160,13.106,13.129,13.104,13.124
1763732220,13.124,13.138,13.123,13.132
1763732280,13.132,13.142,13.128,13.139
1763732340,13.139,13.142,13.115,13.118
1763732400,13.118,13.145,13.115,13.145
1763732460,13.145,13.166,13.143,13.159
1763732520,13.159,13.172,13.154,13.154
1763732580,13.154,13.165,13.147,13.161
1763732640,13.161,13.161,13.149,13.157
1763732700,13.157,13.159,13.138,13.152
1763732760,13.152,13.179,13.126,13.126
1763732820,13.126,13.155,13.124,13.142
1763732880,13.142,13.179,13.142,13.173
1763732940,13.173,13.173,13.135,13.143
1763733000,13.143,13.154,13.132,13.152
1763733060,13.152,13.179,13.149,13.178
1763733120,13.178,13.184,13.135,13.135
1763733180,13.135,13.152,13.126,13.149
1763733240,13.149,13.16,13.145,13.16
1763733300,13.16,13.169,13.155,13.161
1763733360,13.161,13.165,13.153,13.161
1763733420,13.161,13.165,13.15,13.157
1763733480,13.157,13.161,13.148,13.159
1763733540,13.159,13.169,13.132,13.132
1763733600,13.132,13.135,13.114,13.119
1763733660,13.119,13.119,13.097,13.117
1763733720,13.117,13.137,13.11,13.133
1763733780,13.133,13.147,13.129,13.129
1763733840,13.129,13.132,13.121,13.121
1763733900,13.121,13.124,13.103,13.103
1763733960,13.103,13.126,13.101,13.125
1763734020,13.125,13.129,13.114,13.124
1763734080,13.124,13.139,13.12,13.135
1763734140,13.135,13.146,13.122,13.126
1763734200,13.126,13.128,13.113,13.114
1763734260,13.114,13.114,13.094,13.111
1763734320,13.111,13.119,13.105,13.116
1763734380,13.116,13.116,13.079,13.08
1763734440,13.08,13.09,13.078,13.078
1763734500,13.078,13.078,13.05,13.054
1763734560,13.054,13.064,13.032,13.063
1763734620,13.063,13.063,13.043,13.053
1763734680,13.053,13.066,13.049,13.049
1763734740,13.049,13.064,13.046,13.062
1763734800,13.062,13.077,13.061,13.071
1763734860,13.071,13.087,13.067,13.086
1763734920,13.086,13.086,13.067,13.08
1763734980,13.08,13.093,13.077,13.088
1763735040,13.088,13.094,13.084,13.09
1763735100,13.09,13.093,13.078,13.086
1763735160,13.086,13.1,13.078,13.089
1763735220,13.089,13.117,13.089,13.11
1763735280,13.11,13.112,13.103,13.103
1763735340,13.103,13.123,13.103,13.111
1763735400,13.111,13.24,13.097,13.182
1763735460,13.182,13.217,13.134,13.153
1763735520,13.153,13.209,13.139,13.191
1763735580,13.191,13.195,13.15,13.183
1763735640,13.183,13.269,13.182,13.261
1763735700,13.261,13.265,13.232,13.264
1763735760,13.264,13.295,13.256,13.281
1763735820,13.281,13.306,13.251,13.259
1763735880,13.259,13.272,13.221,13.227
1763735940,13.227,13.259,13.219,13.224
1763736000,13.224,13.257,13.19,13.253
1763736060,13.253,13.28,13.249,13.266
1763736120,13.266,13.284,13.215,13.231
1763736180,13.231,13.243,13.213,13.22
1763736240,13.22,13.23,13.212,13.226
1763736300,13.226,13.246,13.202,13.202
1763736360,13.202,13.215,13.189,13.198
1763736420,13.198,13.202,13.171,13.181
1763736480,13.181,13.232,13.181,13.232
1763736540,13.232,13.236,13.214,13.236
1763736600,13.236,13.25,13.221,13.232
1763736660,13.232,13.28,13.215,13.252
1763736720,13.252,13.275,13.234,13.275
1763736780,13.275,13.284,13.266,13.272
1763736840,13.272,13.299,13.269,13.295
1763736900,13.295,13.297,13.27,13.282
1763736960,13.282,13.284,13.235,13.242
1763737020,13.242,13.254,13.235,13.236
1763737080,13.236,13.251,13.23,13.251
1763737140,13.251,13.251,13.206,13.209
1763737200,13.209,13.239,13.195,13.195
1763737260,13.195,13.195,13.162,13.163
1763737320,13.163,13.173,13.16,13.167
1763737380,13.167,13.173,13.144,13.173
1763737440,13.173,13.187,13.163,13.18
1763737500,13.18,13.208,13.18,13.198
1763737560,13.198,13.234,13.185,13.224
1763737620,13.224,13.224,13.201,13.214
1763737680,13.214,13.224,13.191,13.202
1763737740,13.202,13.202,13.17,13.188
1763737800,13.188,13.188,13.163,13.183
1763737860,13.183,13.183,13.163,13.172
1763737920,13.172,13.181,13.157,13.164
1763737980,13.164,13.164,13.128,13.147
1763738040,13.147,13.161,13.137,13.152
1763738100,13.152,13.176,13.152,13.16
1763738160,13.16,13.184,13.159,13.166
1763738220,13.166,13.166,13.122,13.14
1763738280,13.14,13.16,13.127,13.141
1763738340,13.141,13.149,13.129,13.143
1763738400,13.143,13.144,13.097,13.114
1763738460,13.114,13.114,13.097,13.1
1763738520,13.1,13.144,13.078,13.133
1763738580,13.133,13.171,13.132,13.15
1763738640,13.15,13.151,13.128,13.145
1763738700,13.145,13.196,13.143,13.153
1763738760,13.153,13.154,13.096,13.115
1763738820,13.115,13.118,13.097,13.098
1763738880,13.098,13.121,13.089,13.114
1763738940,13.114,13.114,13.101,13.109
1763739000,13.109,13.119,13.089,13.109
1763739060,13.109,13.123,13.094,13.122
1763739120,13.122,13.13,13.113,13.117
1763739180,13.117,13.117,13.081,13.083
1763739240,13.083,13.099,13.072,13.086
1763739300,13.086,13.087,13.065,13.07
1763739360,13.07,13.075,13.042,13.042
1763739420,13.042,13.048,13.012,13.035
1763739480,13.035,13.038,13.007,13.024
1763739540,13.024,13.025,12.989,13.004
1763739600,13.004,13.014,12.993,13.004
1763739660,13.004,13.019,12.999,13.019
1763739720,13.019,13.024,12.987,13.004
1763739780,13.004,13.02,13,13.019
1763739840,13.019,13.061,13.019,13.059
1763739900,13.059,13.084,13.035,13.072
1763739960,13.072,13.077,13.037,13.052
1763740020,13.052,13.061,13.037,13.048
1763740080,13.048,13.056,13.025,13.042
1763740140,13.042,13.065,13.035,13.057
1763740200,13.057,13.057,13.02,13.045
1763740260,13.045,13.045,13.008,13.014
1763740320,13.014,13.015,12.996,13.003
1763740380,13.003,13.003,12.94,12.957
1763740440,12.957,13,12.957,12.998
1763740500,12.998,13.004,12.982,12.996
1763740560,12.996,13.028,12.986,13.019
1763740620,13.019,13.019,12.985,12.985
1763740680,12.985,12.992,12.953,12.992
1763740740,12.992,12.992,12.976,12.987
1763740800,12.987,13.002,12.963,12.971
1763740860,12.971,12.99,12.963,12.977
1763740920,12.977,12.98,12.933,12.954
1763740980,12.954,12.957,12.924,12.935
1763741040,12.935,12.935,12.88,12.888
1763741100,12.888,12.894,12.85,12.853
1763741160,12.853,12.865,12.82,12.855
1763741220,12.855,12.903,12.843,12.897
1763741280,12.897,12.971,12.895,12.91
1763741340,12.91,12.925,12.89,12.925
1763741400,12.925,12.942,12.897,12.899
1763741460,12.899,12.915,12.875,12.888
1763741520,12.888,12.888,12.841,12.851
1763741580,12.851,12.909,12.851,12.892
1763741640,12.892,12.915,12.863,12.915
1763741700,12.915,12.926,12.894,12.916
1763741760,12.916,12.932,12.873,12.932
1763741820,12.932,12.961,12.886,12.91
1763741880,12.91,12.915,12.836,12.844
1763741940,12.844,12.869,12.835,12.869
1763742000,12.869,12.918,12.864,12.917
1763742060,12.917,12.983,12.895,12.974
1763742120,12.974,13.012,12.957,12.958
1763742180,12.958,12.962,12.922,12.937
1763742240,12.937,12.971,12.935,12.965
1763742300,12.965,12.973,12.937,12.968
1763742360,12.968,12.983,12.953,12.956
1763742420,12.956,12.987,12.952,12.979
1763742480,12.979,13.013,12.974,12.992
1763742540,12.992,13.025,12.976,13.025
1763742600,13.025,13.051,13.003,13.006
1763742660,13.006,13.014,12.992,12.995
1763742720,12.995,13.009,12.971,12.988
1763742780,12.988,13.018,12.985,13.002
1763742840,13.002,13.023,12.996,12.996
1763742900,12.996,13.03,12.996,13.013
1763742960,13.013,13.078,13.013,13.065
1763743020,13.065,13.105,13.063,13.094
1763743080,13.094,13.143,13.094,13.138
1763743140,13.138,13.143,13.094,13.1
1763743200,13.1,13.116,13.088,13.105
1763743260,13.105,13.118,13.083,13.087
1763743320,13.087,13.099,13.074,13.087
1763743380,13.087,13.101,13.084,13.09
1763743440,13.09,13.09,13.054,13.077
1763743500,13.077,13.077,13.044,13.061
1763743560,13.061,13.099,13.054,13.069
1763743620,13.069,13.104,13.069,13.103
1763743680,13.103,13.153,13.103,13.133
1763743740,13.133,13.168,13.133,13.155
1763743800,13.155,13.179,13.137,13.173
1763743860,13.173,13.217,13.173,13.205
1763743920,13.205,13.26,13.203,13.253
1763743980,13.253,13.29,13.244,13.285
1763744040,13.285,13.296,13.247,13.257
1763744100,13.257,13.28,13.256,13.256
1763744160,13.256,13.303,13.256,13.291
1763744220,13.291,13.304,13.269,13.271
1763744280,13.271,13.317,13.271,13.299
1763744340,13.299,13.315,13.29,13.291
1763744400,13.291,13.3,13.267,13.27
1763744460,13.27,13.29,13.248,13.258
1763744520,13.258,13.286,13.253,13.262
1763744580,13.262,13.316,13.262,13.316
1763744640,13.316,13.323,13.306,13.314
1763744700,13.314,13.321,13.273,13.291
1763744760,13.291,13.324,13.291,13.31
1763744820,13.31,13.352,13.304,13.35
1763744880,13.35,13.355,13.325,13.338
1763744940,13.338,13.359,13.338,13.352
1763745000,13.352,13.365,13.334,13.357
1763745060,13.357,13.368,13.344,13.355
1763745120,13.355,13.361,13.326,13.346
1763745180,13.346,13.363,13.33,13.361
1763745240,13.361,13.38,13.356,13.366
1763745300,13.366,13.385,13.355,13.356
1763745360,13.356,13.372,13.341,13.351
1763745420,13.351,13.38,13.339,13.361
1763745480,13.361,13.399,13.36,13.391
1763745540,13.391,13.401,13.35,13.35
1763745600,13.35,13.35,13.326,13.34
1763745660,13.34,13.378,13.34,13.351
1763745720,13.351,13.383,13.351,13.371
1763745780,13.371,13.389,13.365,13.388
1763745840,13.388,13.408,13.388,13.4
1763745900,13.4,13.43,13.39,13.404
1763745960,13.404,13.415,13.399,13.399
1763746020,13.399,13.399,13.358,13.367
1763746080,13.367,13.369,13.35,13.353
1763746140,13.353,13.394,13.353,13.393
1763746200,13.393,13.415,13.393,13.413
1763746260,13.413,13.433,13.409,13.423
1763746320,13.423,13.428,13.404,13.424
1763746380,13.424,13.438,13.411,13.423
1763746440,13.423,13.433,13.42,13.42
1763746500,13.42,13.43,13.412,13.43
1763746560,13.43,13.458,13.43,13.457
1763746620,13.457,13.457,13.405,13.411
1763746680,13.411,13.417,13.377,13.389
1763746740,13.389,13.408,13.389,13.393
1763746800,13.393,13.398,13.376,13.376
1763746860,13.376,13.396,13.361,13.39
1763746920,13.39,13.397,13.377,13.386
1763746980,13.386,13.391,13.359,13.361
1763747040,13.361,13.361,13.344,13.349
1763747100,13.349,13.381,13.345,13.36
1763747160,13.36,13.363,13.315,13.331
1763747220,13.331,13.342,13.322,13.342
1763747280,13.342,13.387,13.336,13.384
1763747340,13.384,13.387,13.379,13.383
1763747400,13.383,13.383,13.356,13.357
1763747460,13.357,13.375,13.349,13.372
1763747520,13.372,13.372,13.325,13.325
1763747580,13.325,13.326,13.311,13.313
1763747640,13.313,13.314,13.287,13.302
1763747700,13.302,13.33,13.302,13.316
1763747760,13.316,13.316,13.293,13.302
1763747820,13.302,13.312,13.292,13.312
1763747880,13.312,13.323,13.308,13.313
1763747940,13.313,13.32,13.308,13.319
1763748000,13.319,13.332,13.315,13.321
1763748060,13.321,13.333,13.307,13.308
1763748120,13.308,13.319,13.302,13.309
1763748180,13.309,13.311,13.28,13.288
1763748240,13.288,13.288,13.246,13.25
1763748300,13.25,13.255,13.226,13.238
1763748360,13.238,13.278,13.22,13.268
1763748420,13.268,13.268,13.233,13.256
1763748480,13.256,13.258,13.239,13.253
1763748540,13.253,13.288,13.243,13.279
1763748600,13.279,13.28,13.244,13.248
1763748660,13.248,13.263,13.234,13.244
1763748720,13.244,13.248,13.22,13.245
1763748780,13.245,13.252,13.222,13.231
1763748840,13.231,13.238,13.203,13.223
1763748900,13.223,13.24,13.211,13.24
1763748960,13.24,13.255,13.226,13.249
1763749020,13.249,13.249,13.225,13.236
1763749080,13.236,13.242,13.196,13.221
1763749140,13.221,13.252,13.217,13.25
1763749200,13.25,13.273,13.237,13.266
1763749260,13.266,13.305,13.266,13.292
1763749320,13.292,13.294,13.269,13.293
1763749380,13.293,13.31,13.287,13.304
1763749440,13.304,13.306,13.291,13.292
1763749500,13.292,13.32,13.283,13.309
1763749560,13.309,13.309,13.255,13.265
1763749620,13.265,13.276,13.241,13.255
1763749680,13.255,13.307,13.255,13.295
1763749740,13.295,13.313,13.286,13.301
1763749800,13.301,13.313,13.281,13.306
1763749860,13.306,13.317,13.287,13.287
1763749920,13.287,13.332,13.284,13.327
1763749980,13.327,13.33,13.285,13.288
1763750040,13.288,13.302,13.288,13.299
1763750100,13.299,13.317,13.299,13.317
1763750160,13.317,13.342,13.317,13.334
1763750220,13.334,13.343,13.325,13.327
1763750280,13.327,13.339,13.316,13.327
1763750340,13.327,13.341,13.319,13.328
1763750400,13.328,13.348,13.325,13.331
1763750460,13.331,13.332,13.302,13.326
1763750520,13.326,13.33,13.302,13.311
1763750580,13.311,13.331,13.311,13.331
1763750640,13.331,13.336,13.324,13.327
1763750700,13.327,13.335,13.309,13.312
1763750760,13.312,13.32,13.294,13.295
1763750820,13.295,13.31,13.286,13.31
1763750880,13.31,13.386,13.307,13.348
1763750940,13.348,13.38,13.345,13.345
1763751000,13.345,13.366,13.332,13.339
1763751060,13.339,13.367,13.339,13.365
1763751120,13.365,13.365,13.332,13.342
1763751180,13.342,13.366,13.342,13.359
1763751240,13.359,13.359,13.328,13.339
1763751300,13.339,13.344,13.324,13.344
1763751360,13.344,13.353,13.327,13.335
1763751420,13.335,13.336,13.296,13.311
1763751480,13.311,13.318,13.305,13.317
1763751540,13.317,13.323,13.312,13.312
1763751600,13.312,13.333,13.312,13.327
1763751660,13.327,13.336,13.308,13.309
1763751720,13.309,13.326,13.307,13.321
1763751780,13.321,13.334,13.317,13.327
1763751840,13.327,13.34,13.318,13.338
1763751900,13.338,13.339,13.319,13.32
1763751960,13.32,13.32,13.288,13.292
1763752020,13.292,13.308,13.29,13.302
1763752080,13.302,13.309,13.286,13.29
1763752140,13.29,13.32,13.29,13.313
1763752200,13.313,13.322,13.292,13.297
1763752260,13.297,13.297,13.285,13.291
1763752320,13.291,13.295,13.269,13.272
1763752380,13.272,13.275,13.243,13.266
1763752440,13.266,13.276,13.258,13.268
1763752500,13.268,13.268,13.257,13.268
1763752560,13.268,13.274,13.266,13.273
1763752620,13.273,13.275,13.266,13.275
1763752680,13.275,13.275,13.26,13.264
1763752740,13.264,13.299,13.264,13.299
1763752800,13.299,13.304,13.285,13.3
1763752860,13.3,13.312,13.3,13.312
1763752920,13.312,13.345,13.31,13.323
1763752980,13.323,13.333,13.309,13.331
1763753040,13.331,13.344,13.319,13.334
1763753100,13.334,13.345,13.334,13.335
1763753160,13.335,13.342,13.331,13.337
1763753220,13.337,13.337,13.325,13.328
1763753280,13.328,13.328,13.316,13.322
1763753340,13.322,13.33,13.317,13.318
1763753400,13.318,13.327,13.309,13.313
1763753460,13.313,13.315,13.287,13.292
1763753520,13.292,13.306,13.29,13.296
1763753580,13.296,13.296,13.275,13.288
1763753640,13.288,13.299,13.281,13.299
1763753700,13.299,13.303,13.29,13.3
1763753760,13.3,13.312,13.297,13.299
1763753820,13.299,13.304,13.289,13.304
1763753880,13.304,13.315,13.304,13.312
1763753940,13.312,13.314,13.3,13.3
1763754000,13.3,13.313,13.298,13.299
1763754060,13.299,13.303,13.29,13.297
1763754120,13.297,13.305,13.296,13.298
1763754180,13.298,13.299,13.253,13.255
1763754240,13.255,13.265,13.246,13.264
1763754300,13.264,13.266,13.255,13.265
1763754360,13.265,13.267,13.242,13.247
1763754420,13.247,13.268,13.247,13.268
1763754480,13.268,13.282,13.262,13.282
1763754540,13.282,13.282,13.258,13.266
1763754600,13.266,13.268,13.25,13.254
1763754660,13.254,13.254,13.243,13.244
1763754720,13.244,13.259,13.244,13.257
1763754780,13.257,13.257,13.243,13.243
1763754840,13.243,13.252,13.233,13.251
1763754900,13.251,13.278,13.251,13.27
1763754960,13.27,13.274,13.257,13.263
1763755020,13.263,13.267,13.251,13.267
1763755080,13.267,13.276,13.267,13.272
1763755140,13.272,13.283,13.269,13.283
1763755200,13.283,13.291,13.278,13.289
1763755260,13.289,13.293,13.267,13.269
1763755320,13.269,13.277,13.259,13.273
1763755380,13.273,13.277,13.26,13.273
1763755440,13.273,13.275,13.251,13.255
1763755500,13.255,13.256,13.216,13.226
1763755560,13.226,13.248,13.226,13.234
1763755620,13.234,13.242,13.227,13.232
1763755680,13.232,13.245,13.226,13.238
1763755740,13.238,13.24,13.229,13.239
1763755800,13.239,13.243,13.23,13.236
1763755860,13.236,13.25,13.236,13.245
1763755920,13.245,13.299,13.244,13.274
1763755980,13.274,13.274,13.242,13.244
1763756040,13.244,13.265,13.244,13.265
1763756100,13.265,13.267,13.233,13.233
1763756160,13.233,13.238,13.223,13.235
1763756220,13.235,13.242,13.225,13.228
1763756280,13.228,13.238,13.217,13.217
1763756340,13.217,13.233,13.214,13.229
1763756400,13.229,13.23,13.216,13.229
1763756460,13.229,13.238,13.22,13.23
1763756520,13.23,13.242,13.221,13.238
1763756580,13.238,13.244,13.219,13.224
1763756640,13.224,13.229,13.207,13.229
1763756700,13.229,13.265,13.229,13.265
1763756760,13.265,13.307,13.265,13.269
1763756820,13.269,13.269,13.232,13.24
1763756880,13.24,13.251,13.238,13.244
1763756940,13.244,13.244,13.217,13.231
1763757000,13.231,13.251,13.227,13.238
1763757060,13.238,13.247,13.231,13.243
1763757120,13.243,13.244,13.201,13.208
1763757180,13.208,13.238,13.204,13.238
1763757240,13.238,13.239,13.218,13.222
1763757300,13.222,13.273,13.219,13.254
1763757360,13.254,13.255,13.231,13.231
1763757420,13.231,13.252,13.227,13.249
1763757480,13.249,13.29,13.249,13.29
1763757540,13.29,13.308,13.26,13.26
1763757600,13.26,13.261,13.233,13.259
1763757660,13.259,13.269,13.243,13.252
1763757720,13.252,13.266,13.237,13.237
1763757780,13.237,13.274,13.229,13.264
1763757840,13.264,13.277,13.256,13.268
1763757900,13.268,13.277,13.253,13.258
1763757960,13.258,13.289,13.258,13.288
1763758020,13.288,13.299,13.25,13.26
1763758080,13.26,13.27,13.249,13.27
1763758140,13.27,13.276,13.252,13.258
1763758200,13.258,13.276,13.241,13.249
1763758260,13.249,13.28,13.249,13.28
1763758320,13.28,13.286,13.266,13.266
1763758380,13.266,13.278,13.253,13.253
1763758440,13.253,13.273,13.248,13.273
1763758500,13.273,13.275,13.239,13.263
1763758560,13.263,13.294,13.263,13.291
1763758620,13.291,13.292,13.274,13.285
1763758680,13.285,13.285,13.265,13.267
1763758740,13.267,13.271,13.236,13.271
1763758800,13.271,13.285,13.261,13.276
1763758860,13.276,13.293,13.276,13.283
1763758920,13.283,13.29,13.276,13.276
1763758980,13.276,13.276,13.253,13.256
1763759040,13.256,13.276,13.245,13.275
1763759100,13.275,13.287,13.262,13.263
1763759160,13.263,13.277,13.263,13.271
1763759220,13.271,13.273,13.254,13.261
1763759280,13.261,13.267,13.252,13.267
1763759340,13.267,13.272,13.257,13.257
1763759400,13.257,13.284,13.251,13.281
1763759460,13.281,13.285,13.267,13.267
1763759520,13.267,13.274,13.255,13.267
1763759580,13.267,13.288,13.267,13.282
1763759640,13.282,13.298,13.282,13.292
1763759700,13.292,13.294,13.27,13.27
1763759760,13.27,13.27,13.247,13.268
1763759820,13.268,13.309,13.268,13.309
1763759880,13.309,13.319,13.269,13.269
1763759940,13.269,13.283,13.268,13.281
1763760000,13.281,13.311,13.281,13.305
1763760060,13.305,13.305,13.294,13.303
1763760120,13.303,13.323,13.303,13.314
1763760180,13.314,13.325,13.31,13.32
1763760240,13.32,13.334,13.308,13.311
1763760300,13.311,13.346,13.305,13.341
1763760360,13.341,13.347,13.33,13.33
1763760420,13.33,13.344,13.325,13.344
1763760480,13.344,13.349,13.343,13.348
1763760540,13.348,13.361,13.341,13.341
1763760600,13.341,13.344,13.325,13.329
1763760660,13.329,13.329,13.305,13.306
1763760720,13.306,13.311,13.282,13.284
1763760780,13.284,13.284,13.249,13.253
1763760840,13.253,13.265,13.248,13.261
1763760900,13.261,13.283,13.261,13.283
1763760960,13.283,13.309,13.281,13.3
1763761020,13.3,13.306,13.297,13.304
1763761080,13.304,13.312,13.292,13.303
1763761140,13.303,13.309,13.299,13.306
1763761200,13.306,13.32,13.296,13.311
1763761260,13.311,13.313,13.301,13.307
1763761320,13.307,13.329,13.306,13.329
1763761380,13.329,13.329,13.324,13.325
1763761440,13.325,13.325,13.298,13.304
1763761500,13.304,13.31,13.295,13.308
1763761560,13.308,13.313,13.293,13.293
1763761620,13.293,13.298,13.29,13.294
1763761680,13.294,13.314,13.293,13.308
1763761740,13.308,13.314,13.304,13.304
1763761800,13.304,13.317,13.304,13.312
1763761860,13.312,13.335,13.311,13.334
1763761920,13.334,13.343,13.334,13.34
1763761980,13.34,13.346,13.332,13.332
1763762040,13.332,13.332,13.322,13.328
1763762100,13.328,13.334,13.312,13.312
1763762160,13.312,13.331,13.303,13.326
1763762220,13.326,13.326,13.319,13.319
1763762280,13.319,13.319,13.3,13.301
1763762340,13.301,13.318,13.293,13.318
1763762400,13.318,13.326,13.318,13.319
1763762460,13.319,13.333,13.319,13.331
1763762520,13.331,13.34,13.331,13.338
1763762580,13.338,13.349,13.338,13.349
1763762640,13.349,13.35,13.339,13.339
1763762700,13.339,13.339,13.313,13.313
1763762760,13.313,13.328,13.311,13.328
1763762820,13.328,13.332,13.314,13.316
1763762880,13.316,13.326,13.316,13.32
1763762940,13.32,13.323,13.308,13.321
1763763000,13.321,13.321,13.314,13.314
1763763060,13.314,13.315,13.306,13.306
1763763120,13.306,13.308,13.301,13.307
1763763180,13.307,13.312,13.303,13.308
1763763240,13.308,13.313,13.308,13.311
1763763300,13.311,13.319,13.308,13.315
1763763360,13.315,13.316,13.296,13.305
1763763420,13.305,13.308,13.303,13.308
1763763480,13.308,13.312,13.3,13.306
1763763540,13.306,13.312,13.306,13.308
1763763600,13.308,13.308,13.297,13.303
1763763660,13.303,13.307,13.303,13.304
1763763720,13.304,13.307,13.3,13.302
1763763780,13.302,13.302,13.229,13.233
1763763840,13.233,13.261,13.229,13.244
1763763900,13.244,13.251,13.233,13.251
1763763960,13.251,13.276,13.251,13.275
1763764020,13.275,13.291,13.271,13.283
1763764080,13.283,13.283,13.273,13.273
1763764140,13.273,13.273,13.249,13.249
1763764200,13.249,13.249,13.219,13.229
1763764260,13.229,13.236,13.211,13.23
1763764320,13.23,13.24,13.221,13.239
1763764380,13.239,13.244,13.231,13.234
1763764440,13.234,13.237,13.232,13.232
1763764500,13.232,13.232,13.209,13.212
1763764560,13.212,13.255,13.207,13.254
1763764620,13.254,13.275,13.243,13.253
1763764680,13.253,13.257,13.225,13.227
1763764740,13.227,13.251,13.227,13.236
1763764800,13.236,13.244,13.225,13.225
1763764860,13.225,13.228,13.215,13.227
1763764920,13.227,13.234,13.221,13.23
1763764980,13.23,13.232,13.226,13.228
1763765040,13.228,13.228,13.227,13.227
1763765100,13.227,13.272,13.227,13.272
1763765160,13.272,13.275,13.251,13.251
1763765220,13.251,13.251,13.208,13.208
1763765280,13.208,13.209,13.178,13.207
1763765340,13.207,13.211,13.189,13.211
1763765400,13.211,13.224,13.21,13.222
1763765460,13.222,13.222,13.177,13.194
1763765520,13.194,13.194,13.172,13.182
1763765580,13.182,13.21,13.179,13.209
1763765640,13.209,13.21,13.19,13.207
1763765700,13.207,13.211,13.196,13.211
1763765760,13.211,13.22,13.207,13.212
1763765820,13.212,13.219,13.198,13.198
1763765880,13.198,13.205,13.189,13.202
1763765940,13.202,13.206,13.189,13.199
1763766000,13.199,13.21,13.198,13.207
1763766060,13.207,13.215,13.203,13.204
1763766120,13.204,13.22,13.191,13.22
1763766180,13.22,13.234,13.209,13.219
1763766240,13.219,13.229,13.211,13.221
1763766300,13.221,13.221,13.2,13.204
1763766360,13.204,13.211,13.185,13.195
1763766420,13.195,13.201,13.183,13.192
1763766480,13.192,13.213,13.189,13.206
1763766540,13.206,13.21,13.192,13.208
1763766600,13.208,13.216,13.202,13.202
1763766660,13.202,13.21,13.189,13.208
1763766720,13.208,13.238,13.208,13.229
1763766780,13.229,13.232,13.22,13.228
1763766840,13.228,13.232,13.226,13.23
1763766900,13.23,13.263,13.226,13.259
1763766960,13.259,13.264,13.255,13.255
1763767020,13.255,13.263,13.25,13.259
1763767080,13.259,13.27,13.249,13.257
1763767140,13.257,13.273,13.256,13.272
1763767200,13.272,13.298,13.269,13.298
1763767260,13.298,13.319,13.298,13.309
1763767320,13.309,13.31,13.277,13.281
1763767380,13.281,13.303,13.281,13.296
1763767440,13.296,13.3,13.283,13.283
1763767500,13.283,13.284,13.269,13.284
1763767560,13.284,13.285,13.269,13.272
1763767620,13.272,13.283,13.266,13.281
1763767680,13.281,13.297,13.281,13.294
1763767740,13.294,13.319,13.292,13.312
1763767800,13.312,13.312,13.291,13.291
1763767860,13.291,13.318,13.291,13.313
1763767920,13.313,13.313,13.289,13.292
1763767980,13.292,13.298,13.283,13.298
1763768040,13.298,13.32,13.298,13.305
1763768100,13.305,13.307,13.294,13.294
1763768160,13.294,13.294,13.269,13.273
1763768220,13.273,13.276,13.269,13.272
1763768280,13.272,13.282,13.272,13.282
1763768340,13.282,13.284,13.275,13.28
1763768400,13.28,13.287,13.272,13.286
1763768460,13.286,13.304,13.282,13.304
1763768520,13.304,13.323,13.304,13.315
1763768580,13.315,13.319,13.306,13.311
1763768640,13.311,13.326,13.311,13.317
1763768700,13.317,13.329,13.316,13.318
1763768760,13.318,13.318,13.303,13.314
1763768820,13.314,13.323,13.31,13.312
1763768880,13.312,13.317,13.309,13.312
1763768940,13.312,13.318,13.31,13.318
1763769000,13.318,13.319,13.302,13.302
1763769060,13.302,13.31,13.301,13.308
1763769120,13.308,13.313,13.307,13.313
1763769180,13.313,13.315,13.307,13.315
1763769240,13.315,13.319,13.308,13.308
1763769300,13.308,13.308,13.291,13.294
1763769360,13.294,13.303,13.294,13.301
1763769420,13.301,13.306,13.297,13.305
1763769480,13.305,13.305,13.292,13.299
1763769540,13.299,13.299,13.275,13.277
1764547200,13.699,13.721,13.67,13.717
1764547260,13.717,13.725,13.676,13.684
1764547320,13.684,13.708,13.678,13.696
1764547380,13.696,13.697,13.662,13.673
1764547440,13.673,13.676,13.569,13.658
1764547500,13.658,13.66,13.622,13.638
1764547560,13.638,13.638,13.583,13.596
1764547620,13.596,13.606,13.515,13.515
1764547680,13.515,13.571,13.439,13.471
1764547740,13.471,13.507,13.414,13.469
1764547800,13.469,13.522,13.404,13.456
1764547860,13.456,13.528,13.432,13.514
1764547920,13.514,13.519,13.435,13.442
1764547980,13.442,13.455,13.392,13.455
1764548040,13.455,13.478,13.43,13.437
1764548100,13.437,13.468,13.419,13.447
1764548160,13.447,13.473,13.418,13.424
1764548220,13.424,13.424,13.373,13.375
1764548280,13.375,13.428,13.321,13.387
1764548340,13.387,13.389,13.327,13.354
1764548400,13.354,13.408,13.343,13.368
1764548460,13.368,13.368,13.283,13.343
1764548520,13.343,13.355,13.33,13.351
1764548580,13.351,13.351,13.303,13.313
1764548640,13.313,13.38,13.311,13.369
1764548700,13.369,13.432,13.369,13.412
1764548760,13.412,13.419,13.391,13.394
1764548820,13.394,13.394,13.369,13.374
1764548880,13.374,13.383,13.344,13.347
1764548940,13.347,13.356,13.334,13.341
1764549000,13.341,13.365,13.34,13.355
1764549060,13.355,13.366,13.323,13.335
1764549120,13.335,13.335,13.249,13.267
1764549180,13.267,13.284,13.238,13.27
1764549240,13.27,13.293,13.253,13.269
1764549300,13.269,13.269,13.194,13.243
1764549360,13.243,13.276,13.235,13.252
1764549420,13.252,13.299,13.242,13.249
1764549480,13.249,13.262,13.2,13.209
1764549540,13.209,13.272,13.207,13.265
1764549600,13.265,13.287,13.258,13.286
1764549660,13.286,13.338,13.267,13.331
1764549720,13.331,13.343,13.303,13.312
1764549780,13.312,13.312,13.245,13.254
1764549840,13.254,13.256,13.236,13.253
1764549900,13.253,13.276,13.252,13.258
1764549960,13.258,13.263,13.231,13.251
1764550020,13.251,13.251,13.204,13.235
1764550080,13.235,13.235,13.208,13.215
1764550140,13.215,13.243,13.213,13.235
1764550200,13.235,13.25,13.219,13.223
1764550260,13.223,13.223,13.177,13.179
1764550320,13.179,13.19,13.15,13.162
1764550380,13.162,13.17,13.121,13.129
1764550440,13.129,13.132,13.11,13.124
1764550500,13.124,13.142,13.117,13.13
1764550560,13.13,13.153,13.127,13.141
1764550620,13.141,13.193,13.141,13.165
1764550680,13.165,13.167,13.137,13.142
1764550740,13.142,13.143,13.095,13.107
1764550800,13.107,13.14,13.079,13.108
1764550860,13.108,13.135,13.097,13.117
1764550920,13.117,13.165,13.116,13.154
1764550980,13.154,13.193,13.153,13.165
1764551040,13.165,13.18,13.16,13.177
1764551100,13.177,13.205,13.164,13.201
1764551160,13.201,13.201,13.164,13.188
1764551220,13.188,13.247,13.183,13.227
1764551280,13.227,13.244,13.222,13.244
1764551340,13.244,13.252,13.184,13.184
1764551400,13.184,13.184,13.141,13.171
1764551460,13.171,13.19,13.169,13.19
1764551520,13.19,13.222,13.168,13.222
1764551580,13.222,13.233,13.196,13.197
1764551640,13.197,13.197,13.154,13.175
1764551700,13.175,13.21,13.161,13.205
1764551760,13.205,13.225,13.196,13.218
1764551820,13.218,13.233,13.19,13.204
1764551880,13.204,13.233,13.198,13.226
1764551940,13.226,13.226,13.169,13.171
1764552000,13.171,13.173,13.148,13.173
1764552060,13.173,13.191,13.17,13.172
1764552120,13.172,13.194,13.171,13.192
1764552180,13.192,13.198,13.182,13.183
1764552240,13.183,13.183,13.135,13.135
1764552300,13.135,13.146,13.11,13.124
1764552360,13.124,13.136,13.109,13.134
1764552420,13.134,13.139,13.122,13.134
1764552480,13.134,13.142,13.121,13.14
1764552540,13.14,13.14,13.114,13.114
1764552600,13.114,13.118,13.098,13.11
1764552660,13.11,13.15,13.11,13.136
1764552720,13.136,13.144,13.113,13.127
1764552780,13.127,13.153,13.119,13.119
1764552840,13.119,13.136,13.1,13.106
1764552900,13.106,13.132,13.101,13.13
1764552960,13.13,13.145,13.122,13.143
1764553020,13.143,13.144,13.119,13.125
1764553080,13.125,13.141,13.096,13.101
1764553140,13.101,13.112,13.095,13.096
1764553200,13.096,13.098,13.068,13.094
1764553260,13.094,13.116,13.094,13.112
1764553320,13.112,13.127,13.112,13.114
1764553380,13.114,13.133,13.114,13.133
1764553440,13.133,13.141,13.117,13.117
1764553500,13.117,13.155,13.115,13.144
1764553560,13.144,13.166,13.14,13.147
1764553620,13.147,13.162,13.141,13.158
1764553680,13.158,13.16,13.142,13.142
1764553740,13.142,13.142,13.129,13.136
1764553800,13.136,13.138,13.115,13.135
1764553860,13.135,13.135,13.116,13.116
1764553920,13.116,13.134,13.115,13.121
1764553980,13.121,13.128,13.114,13.124
1764554040,13.124,13.129,13.123,13.125
1764554100,13.125,13.134,13.111,13.119
1764554160,13.119,13.129,13.112,13.114
1764554220,13.114,13.122,13.111,13.122
1764554280,13.122,13.131,13.114,13.114
1764554340,13.114,13.114,13.09,13.1
1764554400,13.1,13.105,13.095,13.099
1764554460,13.099,13.099,13.082,13.087
1764554520,13.087,13.094,13.084,13.094
1764554580,13.094,13.123,13.094,13.123
1764554640,13.123,13.162,13.12,13.156
1764554700,13.156,13.184,13.154,13.177
1764554760,13.177,13.179,13.136,13.146
1764554820,13.146,13.153,13.123,13.132
1764554880,13.132,13.144,13.124,13.132
1764554940,13.132,13.144,13.124,13.126
1764555000,13.126,13.131,13.107,13.125
1764555060,13.125,13.152,13.116,13.151
1764555120,13.151,13.186,13.151,13.183
1764555180,13.183,13.192,13.181,13.183
1764555240,13.183,13.183,13.157,13.157
1764555300,13.157,13.176,13.155,13.175
1764555360,13.175,13.175,13.151,13.152
1764555420,13.152,13.175,13.152,13.165
1764555480,13.165,13.172,13.156,13.156
1764555540,13.156,13.161,13.151,13.154
1764555600,13.154,13.158,13.15,13.151
1764555660,13.151,13.163,13.15,13.151
1764555720,13.151,13.165,13.15,13.162
1764555780,13.162,13.17,13.154,13.166
1764555840,13.166,13.172,13.16,13.16
1764555900,13.16,13.173,13.159,13.168
1764555960,13.168,13.174,13.154,13.154
1764556020,13.154,13.161,13.147,13.157
1764556080,13.157,13.158,13.145,13.149
1764556140,13.149,13.149,13.125,13.125
1764556200,13.125,13.133,13.121,13.122
1764556260,13.122,13.134,13.122,13.132
1764556320,13.132,13.139,13.131,13.137
1764556380,13.137,13.153,13.137,13.141
1764556440,13.141,13.151,13.125,13.147
1764556500,13.147,13.162,13.145,13.16
1764556560,13.16,13.16,13.149,13.15
1764556620,13.15,13.15,13.12,13.128
1764556680,13.128,13.134,13.098,13.107
1764556740,13.107,13.13,13.087,13.126
1764556800,13.126,13.168,13.126,13.155
1764556860,13.155,13.163,13.135,13.149
1764556920,13.149,13.167,13.135,13.165
1764556980,13.165,13.172,13.155,13.159
1764557040,13.159,13.166,13.158,13.16
1764557100,13.16,13.162,13.139,13.141
1764557160,13.141,13.142,13.128,13.133
1764557220,13.133,13.137,13.121,13.122
1764557280,13.122,13.128,13.116,13.122
1764557340,13.122,13.122,13.109,13.115
1764557400,13.115,13.133,13.115,13.133
1764557460,13.133,13.134,13.116,13.121
1764557520,13.121,13.123,13.113,13.117
1764557580,13.117,13.125,13.117,13.122
1764557640,13.122,13.135,13.114,13.135
1764557700,13.135,13.136,13.128,13.136
1764557760,13.136,13.143,13.131,13.131
1764557820,13.131,13.131,13.126,13.128
1764557880,13.128,13.135,13.128,13.135
1764557940,13.135,13.135,13.117,13.117
1764558000,13.117,13.122,13.108,13.112
1764558060,13.112,13.121,13.099,13.099
1764558120,13.099,13.103,13.092,13.093
1764558180,13.093,13.116,13.093,13.102
1764558240,13.102,13.102,13.095,13.101
1764558300,13.101,13.11,13.097,13.097
1764558360,13.097,13.097,13.026,13.042
1764558420,13.042,13.048,13.025,13.031
1764558480,13.031,13.035,13.012,13.025
1764558540,13.025,13.025,13.015,13.022
1764558600,13.022,13.044,13.018,13.034
1764558660,13.034,13.043,13.027,13.03
1764558720,13.03,13.037,13.03,13.033
1764558780,13.033,13.035,13.023,13.035
1764558840,13.035,13.036,13.025,13.033
1764558900,13.033,13.034,13.025,13.025
1764558960,13.025,13.025,13.005,13.009
1764559020,13.009,13.019,13.009,13.014
1764559080,13.014,13.056,13.014,13.041
1764559140,13.041,13.041,13.005,13.014
1764559200,13.014,13.026,13.014,13.025
1764559260,13.025,13.035,13.017,13.024
1764559320,13.024,13.039,13.022,13.023
1764559380,13.023,13.027,13.019,13.025
1764559440,13.025,13.025,13.009,13.02
1764559500,13.02,13.025,13.017,13.025
1764559560,13.025,13.027,13.013,13.013
1764559620,13.013,13.013,12.975,12.986
1764559680,12.986,12.993,12.981,12.993
1764559740,12.993,12.993,12.975,12.978
1764559800,12.978,12.986,12.967,12.971
1764559860,12.971,12.976,12.962,12.963
1764559920,12.963,12.972,12.961,12.966
1764559980,12.966,12.986,12.964,12.974
1764560040,12.974,12.98,12.943,12.956
1764560100,12.956,12.966,12.951,12.958
1764560160,12.958,12.963,12.951,12.961
1764560220,12.961,12.977,12.956,12.957
1764560280,12.957,12.959,12.946,12.946
1764560340,12.946,12.947,12.925,12.94
1764560400,12.94,12.982,12.94,12.978
1764560460,12.978,12.981,12.969,12.974
1764560520,12.974,12.977,12.963,12.977
1764560580,12.977,12.985,12.972,12.974
1764560640,12.974,12.986,12.974,12.986
1764560700,12.986,12.997,12.983,12.985
1764560760,12.985,12.986,12.965,12.965
1764560820,12.965,12.968,12.959,12.963
1764560880,12.963,12.963,12.955,12.955
1764560940,12.955,12.971,12.955,12.961
1764561000,12.961,12.961,12.953,12.953
1764561060,12.953,12.964,12.938,12.948
1764561120,12.948,12.967,12.948,12.953
1764561180,12.953,12.96,12.952,12.956
1764561240,12.956,12.963,12.954,12.958
1764561300,12.958,12.958,12.953,12.953
1764561360,12.953,12.968,12.953,12.967
1764561420,12.967,12.967,12.963,12.963
1764561480,12.963,12.966,12.96,12.963
1764561540,12.963,12.963,12.945,12.949
1764561600,12.949,12.949,12.907,12.919
1764561660,12.919,12.927,12.916,12.917
1764561720,12.917,12.928,12.915,12.917
1764561780,12.917,12.933,12.917,12.929
1764561840,12.929,12.944,12.927,12.933
1764561900,12.933,12.935,12.929,12.935
1764561960,12.935,12.945,12.935,12.938
1764562020,12.938,12.953,12.938,12.953
1764562080,12.953,12.954,12.935,12.94
1764562140,12.94,12.941,12.93,12.93
1764562200,12.93,12.947,12.922,12.947
1764562260,12.947,12.96,12.939,12.939
1764562320,12.939,12.953,12.939,12.949
1764562380,12.949,12.949,12.929,12.931
1764562440,12.931,12.938,12.924,12.928
1764562500,12.928,12.928,12.902,12.92
1764562560,12.92,12.924,12.907,12.912
1764562620,12.912,12.927,12.905,12.908
1764562680,12.908,12.925,12.908,12.924
1764562740,12.924,12.935,12.921,12.921
1764562800,12.921,12.926,12.904,12.904
1764562860,12.904,12.905,12.888,12.901
1764562920,12.901,12.902,12.892,12.892
1764562980,12.892,12.904,12.892,12.894
1764563040,12.894,12.898,12.888,12.895
1764563100,12.895,12.895,12.866,12.868
1764563160,12.868,12.884,12.865,12.868
1764563220,12.868,12.881,12.867,12.871
1764563280,12.871,12.878,12.869,12.877
1764563340,12.877,12.877,12.867,12.874
1764563400,12.874,12.887,12.872,12.887
1764563460,12.887,12.896,12.88,12.891
1764563520,12.891,12.899,12.882,12.899
1764563580,12.899,12.905,12.891,12.905
1764563640,12.905,12.931,12.905,12.928
1764563700,12.928,12.949,12.927,12.945
1764563760,12.945,12.945,12.929,12.93
1764563820,12.93,12.93,12.905,12.928
1764563880,12.928,12.955,12.925,12.955
1764563940,12.955,12.961,12.946,12.957
1764564000,12.957,12.963,12.948,12.952
1764564060,12.952,12.965,12.948,12.965
1764564120,12.965,12.97,12.945,12.947
1764564180,12.947,12.952,12.947,12.947
1764564240,12.947,12.947,12.942,12.947
1764564300,12.947,12.947,12.94,12.941
1764564360,12.941,12.942,12.928,12.934
1764564420,12.934,12.934,12.92,12.924
1764564480,12.924,12.925,12.92,12.921
1764564540,12.921,12.931,12.914,12.931
1764564600,12.931,12.934,12.915,12.919
1764564660,12.919,12.929,12.919,12.928
1764564720,12.928,12.929,12.924,12.926
1764564780,12.926,12.927,12.91,12.91
1764564840,12.91,12.915,12.907,12.91
1764564900,12.91,12.917,12.91,12.917
1764564960,12.917,12.925,12.917,12.925
1764565020,12.925,12.926,12.917,12.917
1764565080,12.917,12.919,12.906,12.906
1764565140,12.906,12.919,12.906,12.918
1764565200,12.918,12.919,12.908,12.917
1764565260,12.917,12.941,12.917,12.941
1764565320,12.941,12.941,12.923,12.923
1764565380,12.923,12.943,12.923,12.943
1764565440,12.943,12.952,12.943,12.951
1764565500,12.951,12.957,12.943,12.957
1764565560,12.957,12.962,12.936,12.936
1764565620,12.936,12.941,12.927,12.932
1764565680,12.932,12.944,12.93,12.944
1764565740,12.944,12.947,12.938,12.945
1764565800,12.945,12.951,12.94,12.951
1764565860,12.951,12.961,12.95,12.96
1764565920,12.96,12.96,12.949,12.95
1764565980,12.95,12.956,12.95,12.95
1764566040,12.95,12.95,12.934,12.934
1764566100,12.934,12.934,12.911,12.918
1764566160,12.918,12.923,12.914,12.914
1764566220,12.914,12.92,12.913,12.914
1764566280,12.914,12.918,12.909,12.909
1764566340,12.909,12.909,12.9,12.901
1764566400,12.901,12.909,12.901,12.909
1764566460,12.909,12.913,12.907,12.91
1764566520,12.91,12.926,12.91,12.926
1764566580,12.926,12.926,12.916,12.918
1764566640,12.918,12.932,12.918,12.932
1764566700,12.932,12.944,12.924,12.941
1764566760,12.941,12.941,12.93,12.932
1764566820,12.932,12.933,12.924,12.931
1764566880,12.931,12.935,12.931,12.935
1764566940,12.935,12.936,12.931,12.933
1764567000,12.933,12.933,12.901,12.901
1764567060,12.901,12.905,12.901,12.905
1764567120,12.905,12.914,12.905,12.912
1764567180,12.912,12.914,12.908,12.908
1764567240,12.908,12.912,12.903,12.908
1764567300,12.908,12.915,12.905,12.911
1764567360,12.911,12.913,12.902,12.902
1764567420,12.902,12.909,12.898,12.904
1764567480,12.904,12.905,12.885,12.885
1764567540,12.885,12.888,12.882,12.886
1764567600,12.886,12.891,12.883,12.89
1764567660,12.89,12.893,12.889,12.889
1764567720,12.889,12.9,12.889,12.9
1764567780,12.9,12.906,12.899,12.899
1764567840,12.899,12.899,12.885,12.887
1764567900,12.887,12.908,12.883,12.905
1764567960,12.905,12.922,12.899,12.912
1764568020,12.912,12.92,12.905,12.92
1764568080,12.92,12.924,12.907,12.914
1764568140,12.914,12.923,12.914,12.921
1764568200,12.921,12.924,12.915,12.924
1764568260,12.924,12.926,12.918,12.922
1764568320,12.922,12.923,12.914,12.915
1764568380,12.915,12.92,12.915,12.918
1764568440,12.918,12.918,12.904,12.904
1764568500,12.904,12.907,12.902,12.903
1764568560,12.903,12.908,12.9,12.9
1764568620,12.9,12.901,12.896,12.898
1764568680,12.898,12.9,12.895,12.9
1764568740,12.9,12.903,12.899,12.901
1764568800,12.901,12.905,12.896,12.904
1764568860,12.904,12.913,12.903,12.91
1764568920,12.91,12.925,12.91,12.925
1764568980,12.925,12.932,12.922,12.923
1764569040,12.923,12.93,12.922,12.923
1764569100,12.923,12.923,12.906,12.916
1764569160,12.916,12.919,12.911,12.917
1764569220,12.917,12.926,12.917,12.922
1764569280,12.922,12.928,12.922,12.928
1764569340,12.928,12.928,12.921,12.928
1764569400,12.928,12.93,12.922,12.927
1764569460,12.927,12.939,12.924,12.936
1764569520,12.936,12.936,12.927,12.927
1764569580,12.927,12.938,12.927,12.934
1764569640,12.934,12.954,12.934,12.953
1764569700,12.953,12.956,12.933,12.955
1764569760,12.955,12.955,12.931,12.932
1764569820,12.932,12.938,12.931,12.931
1764569880,12.931,12.937,12.928,12.936
1764569940,12.936,12.936,12.925,12.925
1764570000,12.925,12.93,12.918,12.93
1764570060,12.93,12.931,12.926,12.928
1764570120,12.928,12.937,12.928,12.937
1764570180,12.937,12.948,12.937,12.939
1764570240,12.939,12.944,12.936,12.939
1764570300,12.939,12.947,12.934,12.947
1764570360,12.947,12.949,12.944,12.944
1764570420,12.944,12.948,12.938,12.939
1764570480,12.939,12.939,12.934,12.937
1764570540,12.937,12.944,12.937,12.944
1764570600,12.944,12.949,12.942,12.948
1764570660,12.948,12.948,12.926,12.926
1764570720,12.926,12.942,12.923,12.942
1764570780,12.942,12.977,12.942,12.974
1764570840,12.974,12.974,12.955,12.955
1764570900,12.955,12.955,12.945,12.952
1764570960,12.952,12.962,12.952,12.962
1764571020,12.962,12.975,12.962,12.975
1764571080,12.975,12.993,12.975,12.99
1764571140,12.99,12.998,12.99,12.991
1764571200,12.991,12.996,12.985,12.996
1764571260,12.996,12.996,12.985,12.99
1764571320,12.99,12.993,12.99,12.99
1764571380,12.99,12.99,12.985,12.986
1764571440,12.986,12.997,12.986,12.996
1764571500,12.996,13,12.993,13
1764571560,13,13.01,12.999,13.01
1764571620,13.01,13.015,13.006,13.008
1764571680,13.008,13.016,12.998,12.998
1764571740,12.998,12.998,12.987,12.991
1764571800,12.991,12.991,12.983,12.983
1764571860,12.983,12.985,12.967,12.967
1764571920,12.967,12.967,12.954,12.959
1764571980,12.959,12.963,12.955,12.955
1764572040,12.955,12.956,12.944,12.947
1764572100,12.947,12.956,12.946,12.956
1764572160,12.956,12.964,12.952,12.953
1764572220,12.953,12.956,12.953,12.955
1764572280,12.955,12.956,12.946,12.947
1764572340,12.947,12.947,12.941,12.941
1764572400,12.941,12.962,12.941,12.962
1764572460,12.962,12.965,12.955,12.956
1764572520,12.956,12.968,12.956,12.968
1764572580,12.968,12.968,12.948,12.954
1764572640,12.954,12.962,12.953,12.955
1764572700,12.955,12.962,12.954,12.954
1764572760,12.954,12.962,12.953,12.958
1764572820,12.958,12.958,12.941,12.944
1764572880,12.944,12.95,12.943,12.946
1764572940,12.946,12.956,12.944,12.956
1764573000,12.956,12.969,12.956,12.962
1764573060,12.962,12.965,12.955,12.955
1764573120,12.955,12.969,12.951,12.966
1764573180,12.966,12.971,12.964,12.971
1764573240,12.971,12.984,12.971,12.978
1764573300,12.978,12.978,12.969,12.974
1764573360,12.974,12.984,12.974,12.978
1764573420,12.978,12.984,12.976,12.982
1764573480,12.982,12.987,12.979,12.986
1764573540,12.986,12.991,12.977,12.99
1764573600,12.99,13.003,12.987,13.002
1764573660,13.002,13.018,13.002,13.013
1764573720,13.013,13.014,12.992,12.992
1764573780,12.992,12.994,12.982,12.994
1764573840,12.994,13.011,12.994,13.006
1764573900,13.006,13.024,13.005,13.019
1764573960,13.019,13.02,13.001,13.001
1764574020,13.001,13.018,12.994,13.013
1764574080,13.013,13.015,13.005,13.009
1764574140,13.009,13.013,12.999,13.005
1764574200,13.005,13.005,12.986,12.987
1764574260,12.987,12.988,12.984,12.988
1764574320,12.988,12.991,12.979,12.987
1764574380,12.987,13.008,12.987,13.008
1764574440,13.008,13.011,13.005,13.009
1764574500,13.009,13.009,13,13
1764574560,13,13.016,13,13.016
1764574620,13.016,13.018,13.012,13.014
1764574680,13.014,13.054,13.014,13.04
1764574740,13.04,13.04,13.025,13.032
1764574800,13.032,13.033,13.021,13.021
1764574860,13.021,13.036,13.021,13.036
1764574920,13.036,13.045,13.036,13.036
1764574980,13.036,13.04,13.034,13.04
1764575040,13.04,13.042,13.04,13.041
1764575100,13.041,13.059,13.037,13.056
1764575160,13.056,13.064,13.052,13.063
1764575220,13.063,13.063,13.049,13.05
1764575280,13.05,13.064,13.05,13.06
1764575340,13.06,13.075,13.057,13.065
1764575400,13.065,13.069,13.063,13.063
1764575460,13.063,13.079,13.063,13.075
1764575520,13.075,13.087,13.075,13.084
1764575580,13.084,13.086,13.062,13.062
1764575640,13.062,13.063,13.055,13.057
1764575700,13.057,13.061,13.05,13.052
1764575760,13.052,13.064,13.052,13.062
1764575820,13.062,13.065,13.059,13.065
1764575880,13.065,13.067,13.064,13.065
1764575940,13.065,13.072,13.061,13.066
1764576000,13.066,13.067,13.046,13.046
1764576060,13.046,13.056,13.043,13.052
1764576120,13.052,13.066,13.051,13.052
1764576180,13.052,13.057,13.04,13.04
1764576240,13.04,13.044,13.02,13.02
1764576300,13.02,13.021,13.011,13.018
1764576360,13.018,13.036,13.018,13.034
1764576420,13.034,13.067,13.033,13.061
1764576480,13.061,13.075,13.055,13.072
1764576540,13.072,13.072,13.056,13.056
1764576600,13.056,13.056,13.04,13.041
1764576660,13.041,13.042,13.026,13.026
1764576720,13.026,13.032,13.019,13.032
1764576780,13.032,13.042,13.032,13.042
1764576840,13.042,13.042,13.036,13.039
1764576900,13.039,13.039,13.01,13.01
1764576960,13.01,13.023,13.008,13.023
1764577020,13.023,13.03,13.02,13.02
1764577080,13.02,13.02,13.007,13.016
1764577140,13.016,13.024,13.016,13.021
1764577200,13.021,13.025,13.021,13.021
1764577260,13.021,13.025,13.015,13.025
1764577320,13.025,13.025,13.015,13.015
1764577380,13.015,13.015,13.01,13.011
1764577440,13.011,13.014,13.005,13.007
1764577500,13.007,13.007,13.004,13.005
1764577560,13.005,13.005,13.003,13.005
1764577620,13.005,13.014,13.005,13.011
1764577680,13.011,13.018,13.011,13.017
1764577740,13.017,13.021,13.016,13.021
1764577800,13.021,13.021,13.013,13.015
1764577860,13.015,13.021,13.005,13.021
1764577920,13.021,13.021,13.006,13.006
1764577980,13.006,13.006,13.002,13.003
1764578040,13.003,13.023,13.003,13.021
1764578100,13.021,13.036,13.021,13.03
1764578160,13.03,13.041,13.03,13.033
1764578220,13.033,13.033,13.022,13.022
1764578280,13.022,13.034,13.022,13.033
1764578340,13.033,13.033,13.019,13.021
1764578400,13.021,13.031,13.02,13.03
1764578460,13.03,13.031,13.022,13.027
1764578520,13.027,13.041,13.027,13.041
1764578580,13.041,13.045,13.038,13.045
1764578640,13.045,13.047,13.034,13.034
1764578700,13.034,13.037,13.03,13.037
1764578760,13.037,13.037,13.028,13.031
1764578820,13.031,13.036,13.031,13.033
1764578880,13.033,13.042,13.033,13.041
1764578940,13.041,13.053,13.041,13.044
1764579000,13.044,13.044,13.04,13.044
1764579060,13.044,13.052,13.044,13.052
1764579120,13.052,13.052,13.042,13.042
1764579180,13.042,13.051,13.042,13.045
1764579240,13.045,13.047,13.041,13.043
1764579300,13.043,13.046,13.042,13.046
1764579360,13.046,13.053,13.046,13.053
1764579420,13.053,13.057,13.052,13.053
1764579480,13.053,13.055,13.045,13.051
1764579540,13.051,13.058,13.046,13.053
1764579600,13.053,13.053,13.04,13.049
1764579660,13.049,13.083,13.049,13.083
1764579720,13.083,13.095,13.078,13.078
1764579780,13.078,13.101,13.078,13.095
1764579840,13.095,13.099,13.057,13.063
1764579900,13.063,13.086,13.06,13.08
1764579960,13.08,13.082,13.06,13.064
1764580020,13.064,13.074,13.061,13.071
1764580080,13.071,13.075,13.068,13.07
1764580140,13.07,13.071,13.061,13.064
1764580200,13.064,13.064,13.048,13.05
1764580260,13.05,13.054,13.047,13.047
1764580320,13.047,13.059,13.047,13.059
1764580380,13.059,13.059,13.054,13.056
1764580440,13.056,13.056,13.041,13.046
1764580500,13.046,13.053,13.044,13.05
1764580560,13.05,13.059,13.043,13.059
1764580620,13.059,13.064,13.046,13.047
1764580680,13.047,13.048,13.041,13.047
1764580740,13.047,13.047,13.039,13.039
1764580800,13.039,13.042,13.037,13.039
1764580860,13.039,13.053,13.039,13.05
1764580920,13.05,13.062,13.05,13.062
1764580980,13.062,13.062,13.052,13.061
1764581040,13.061,13.061,13.05,13.05
1764581100,13.05,13.051,13.041,13.042
1764581160,13.042,13.042,13.021,13.024
1764581220,13.024,13.04,13.021,13.04
1764581280,13.04,13.045,13.04,13.04
1764581340,13.04,13.043,13.039,13.041
1764581400,13.041,13.041,13.034,13.036
1764581460,13.036,13.038,13.028,13.028
1764581520,13.028,13.032,13.025,13.028
1764581580,13.028,13.03,13.018,13.021
1764581640,13.021,13.029,13.02,13.027
1764581700,13.027,13.029,13.023,13.024
1764581760,13.024,13.029,13.021,13.028
1764581820,13.028,13.028,13.023,13.025
1764581880,13.025,13.03,13.021,13.021
1764581940,13.021,13.022,13.017,13.019
1764582000,13.019,13.029,13.019,13.029
1764582060,13.029,13.029,13.022,13.025
1764582120,13.025,13.026,13.017,13.019
1764582180,13.019,13.022,13.012,13.013
1764582240,13.013,13.022,13.012,13.022
1764582300,13.022,13.026,13.014,13.022
1764582360,13.022,13.022,13.004,13.004
1764582420,13.004,13.025,13.002,13.013
1764582480,13.013,13.014,13.004,13.004
1764582540,13.004,13.004,12.972,12.976
1764582600,12.976,12.985,12.976,12.981
1764582660,12.981,12.993,12.98,12.99
1764582720,12.99,12.992,12.983,12.984
1764582780,12.984,12.991,12.984,12.99
1764582840,12.99,12.997,12.99,12.993
1764582900,12.993,12.994,12.988,12.988
1764582960,12.988,12.994,12.988,12.993
1764583020,12.993,12.996,12.99,12.991
1764583080,12.991,12.994,12.991,12.994
1764583140,12.994,12.998,12.991,12.996
1764583200,12.996,13.008,12.996,13.008
1764583260,13.008,13.012,13.005,13.011
1764583320,13.011,13.015,13.011,13.012
1764583380,13.012,13.017,13.005,13.011
1764583440,13.011,13.012,13.004,13.004
1764583500,13.004,13.009,13.003,13.009
1764583560,13.009,13.014,13.006,13.006
1764583620,13.006,13.008,13.006,13.006
1764583680,13.006,13.007,13.004,13.007
1764583740,13.007,13.007,12.996,13.005
1764583800,13.005,13.011,13.005,13.009
1764583860,13.009,13.014,13.009,13.01
1764583920,13.01,13.011,13,13
1764583980,13,13,12.996,12.999
1764584040,12.999,13.003,12.995,12.995
1764584100,12.995,12.995,12.989,12.992
1764584160,12.992,12.997,12.992,12.994
1764584220,12.994,12.997,12.993,12.997
1764584280,12.997,13,12.996,13
1764584340,13,13.004,13,13.002
1764584400,13.002,13.002,12.995,12.995
1764584460,12.995,12.995,12.985,12.985
1764584520,12.985,12.989,12.981,12.988
1764584580,12.988,12.99,12.987,12.987
1764584640,12.987,12.987,12.981,12.981
1764584700,12.981,12.982,12.971,12.978
1764584760,12.978,12.979,12.974,12.977
1764584820,12.977,12.977,12.973,12.973
1764584880,12.973,12.975,12.973,12.975
1764584940,12.975,12.979,12.975,12.976
1764585000,12.976,12.98,12.974,12.975
1764585060,12.975,13.002,12.974,12.997
1764585120,12.997,13.001,12.996,12.998
1764585180,12.998,12.998,12.983,12.983
1764585240,12.983,12.984,12.979,12.984
1764585300,12.984,12.984,12.959,12.981
1764585360,12.981,12.982,12.975,12.975
1764585420,12.975,12.977,12.974,12.974
1764585480,12.974,12.974,12.973,12.973
1764585540,12.973,12.976,12.971,12.976
1764585600,12.976,12.976,12.971,12.971
1764585660,12.971,12.972,12.962,12.972
1764585720,12.972,12.976,12.972,12.976
1764585780,12.976,12.976,12.969,12.969
1764585840,12.969,12.973,12.967,12.973
1764585900,12.973,12.975,12.969,12.971
1764585960,12.971,12.973,12.964,12.973
1764586020,12.973,12.976,12.972,12.973
1764586080,12.973,12.974,12.967,12.967
1764586140,12.967,12.967,12.965,12.965
1764586200,12.965,12.966,12.963,12.963
1764586260,12.963,12.963,12.961,12.962
1764586320,12.962,12.962,12.962,12.962
1764586380,12.962,12.965,12.961,12.965
1764586440,12.965,12.97,12.965,12.97
1764586500,12.97,12.974,12.965,12.965
1764586560,12.965,12.965,12.963,12.963
1764586620,12.963,12.963,12.962,12.963
1764586680,12.963,12.966,12.963,12.966
1764586740,12.966,12.977,12.966,12.975
1764586800,12.975,12.977,12.974,12.977
1764586860,12.977,12.985,12.975,12.985
1764586920,12.985,12.995,12.985,12.99
1764586980,12.99,12.991,12.985,12.986
1764587040,12.986,12.987,12.981,12.986
1764587100,12.986,12.986,12.97,12.97
1764587160,12.97,12.975,12.941,12.95
1764587220,12.95,12.955,12.946,12.953
1764587280,12.953,12.953,12.945,12.946
1764587340,12.946,12.954,12.941,12.952
1764587400,12.952,12.955,12.952,12.955
1764587460,12.955,12.955,12.944,12.95
1764587520,12.95,12.951,12.948,12.951
1764587580,12.951,12.952,12.948,12.95
1764587640,12.95,12.952,12.95,12.951
1764587700,12.951,12.955,12.951,12.954
1764587760,12.954,12.974,12.954,12.974
1764587820,12.974,12.978,12.966,12.966
1764587880,12.966,12.969,12.965,12.966
1764587940,12.966,12.979,12.966,12.978
1764588000,12.978,12.983,12.974,12.974
1764588060,12.974,12.991,12.974,12.99
1764588120,12.99,12.99,12.982,12.982
1764588180,12.982,12.986,12.982,12.986
1764588240,12.986,12.989,12.986,12.988
1764588300,12.988,13.01,12.988,13.004
1764588360,13.004,13.004,12.99,12.994
1764588420,12.994,12.994,12.985,12.987
1764588480,12.987,12.988,12.987,12.988
1764588540,12.988,12.996,12.986,12.986
1764588600,12.986,12.988,12.971,12.973
1764588660,12.973,12.976,12.971,12.974
1764588720,12.974,12.976,12.962,12.966
1764588780,12.966,12.967,12.964,12.967
1764588840,12.967,12.969,12.966,12.966
1764588900,12.966,12.966,12.964,12.966
1764588960,12.966,12.966,12.957,12.964
1764589020,12.964,12.966,12.954,12.956
1764589080,12.956,12.956,12.951,12.952
1764589140,12.952,12.955,12.952,12.954
1764589200,12.954,12.957,12.954,12.956
1764589260,12.956,12.957,12.946,12.948
1764589320,12.948,12.952,12.946,12.952
1764589380,12.952,12.957,12.95,12.95
1764589440,12.95,12.952,12.944,12.948
1764589500,12.948,12.954,12.947,12.954
1764589560,12.954,12.956,12.953,12.955
1764589620,12.955,12.955,12.946,12.946
1764589680,12.946,12.954,12.945,12.953
1764589740,12.953,12.957,12.953,12.957
1764589800,12.957,12.958,12.955,12.958
1764589860,12.958,12.965,12.953,12.954
1764589920,12.954,12.956,12.954,12.954
1764589980,12.954,12.967,12.954,12.964
1764590040,12.964,12.964,12.953,12.953
1764590100,12.953,12.953,12.943,12.943
1764590160,12.943,12.944,12.941,12.943
1764590220,12.943,12.944,12.941,12.941
1764590280,12.941,12.943,12.934,12.935
1764590340,12.935,12.942,12.934,12.935
1764590400,12.935,12.939,12.932,12.934
1764590460,12.934,12.935,12.927,12.935
1764590520,12.935,12.94,12.923,12.923
1764590580,12.923,12.926,12.92,12.925
1764590640,12.925,12.936,12.924,12.924
1764590700,12.924,12.924,12.89,12.905
1764590760,12.905,12.913,12.905,12.911
1764590820,12.911,12.911,12.902,12.902
1764590880,12.902,12.907,12.897,12.906
1764590940,12.906,12.907,12.896,12.901
1764591000,12.901,12.911,12.901,12.911
1764591060,12.911,12.911,12.894,12.902
1764591120,12.902,12.908,12.897,12.908
1764591180,12.908,12.915,12.903,12.903
1764591240,12.903,12.908,12.901,12.908
1764591300,12.908,12.918,12.906,12.916
1764591360,12.916,12.924,12.914,12.924
1764591420,12.924,12.924,12.911,12.918
1764591480,12.918,12.922,12.906,12.91
1764591540,12.91,12.916,12.91,12.914
1764591600,12.914,12.915,12.903,12.91
1764591660,12.91,12.917,12.91,12.911
1764591720,12.911,12.911,12.904,12.908
1764591780,12.908,12.921,12.908,12.917
1764591840,12.917,12.919,12.913,12.914
1764591900,12.914,12.917,12.914,12.917
1764591960,12.917,12.919,12.912,12.912
1764592020,12.912,12.912,12.904,12.904
1764592080,12.904,12.906,12.901,12.903
1764592140,12.903,12.905,12.901,12.905
1764592200,12.905,12.905,12.9,12.9
1764592260,12.9,12.901,12.895,12.896
1764592320,12.896,12.905,12.896,12.899
1764592380,12.899,12.899,12.874,12.884
1764592440,12.884,12.889,12.883,12.884
1764592500,12.884,12.898,12.883,12.898
1764592560,12.898,12.907,12.896,12.906
1764592620,12.906,12.906,12.897,12.897
1764592680,12.897,12.905,12.896,12.905
1764592740,12.905,12.905,12.887,12.892
1764592800,12.892,12.892,12.851,12.865
1764592860,12.865,12.873,12.859,12.864
1764592920,12.864,12.871,12.846,12.851
1764592980,12.851,12.862,12.848,12.862
1764593040,12.862,12.867,12.855,12.863
1764593100,12.863,12.873,12.861,12.869
1764593160,12.869,12.869,12.845,12.845
1764593220,12.845,12.855,12.832,12.838
1764593280,12.838,12.841,12.79,12.795
1764593340,12.795,12.798,12.758,12.781
1764593400,12.781,12.836,12.771,12.834
1764593460,12.834,12.902,12.834,12.877
1764593520,12.877,12.894,12.876,12.884
1764593580,12.884,12.914,12.881,12.91
1764593640,12.91,12.933,12.905,12.918
1764593700,12.918,12.921,12.904,12.906
1764593760,12.906,12.911,12.869,12.901
1764593820,12.901,12.933,12.901,12.933
1764593880,12.933,12.945,12.933,12.936
1764593940,12.936,12.936,12.907,12.907
1764594000,12.907,12.911,12.899,12.9
1764594060,12.9,12.922,12.888,12.901
1764594120,12.901,12.95,12.899,12.946
1764594180,12.946,12.97,12.932,12.954
1764594240,12.954,12.964,12.913,12.913
1764594300,12.913,12.926,12.883,12.883
1764594360,12.883,12.883,12.812,12.82
1764594420,12.82,12.832,12.765,12.826
1764594480,12.826,12.834,12.804,12.812
1764594540,12.812,12.851,12.796,12.837
1764594600,12.837,12.837,12.811,12.811
1764594660,12.811,12.816,12.8,12.804
1764594720,12.804,12.827,12.783,12.816
1764594780,12.816,12.819,12.802,12.809
1764594840,12.809,12.816,12.808,12.816
1764594900,12.816,12.833,12.812,12.832
1764594960,12.832,12.832,12.809,12.823
1764595020,12.823,12.825,12.797,12.819
1764595080,12.819,12.827,12.814,12.814
1764595140,12.814,12.814,12.8,12.805
1764595200,12.805,12.818,12.798,12.815
1764595260,12.815,12.815,12.779,12.781
1764595320,12.781,12.803,12.781,12.8
1764595380,12.8,12.809,12.792,12.808
1764595440,12.808,12.808,12.794,12.795
1764595500,12.795,12.802,12.793,12.793
1764595560,12.793,12.816,12.793,12.814
1764595620,12.814,12.814,12.799,12.802
1764595680,12.802,12.802,12.795,12.795
1764595740,12.795,12.796,12.794,12.794
1764595800,12.794,12.798,12.789,12.798
1764595860,12.798,12.801,12.768,12.779
1764595920,12.779,12.783,12.752,12.768
1764595980,12.768,12.785,12.768,12.778
1764596040,12.778,12.78,12.745,12.762
1764596100,12.762,12.766,12.739,12.765
1764596160,12.765,12.781,12.765,12.781
1764596220,12.781,12.789,12.767,12.767
1764596280,12.767,12.775,12.767,12.767
1764596340,12.767,12.775,12.764,12.764
1764596400,12.764,12.767,12.757,12.765
1764596460,12.765,12.78,12.765,12.778
1764596520,12.778,12.784,12.775,12.776
1764596580,12.776,12.782,12.776,12.776
1764596640,12.776,12.784,12.766,12.772
1764596700,12.772,12.777,12.763,12.775
1764596760,12.775,12.778,12.763,12.776
1764596820,12.776,12.782,12.769,12.781
1764596880,12.781,12.782,12.764,12.767
1764596940,12.767,12.773,12.765,12.771
1764597000,12.771,12.777,12.762,12.775
1764597060,12.775,12.808,12.768,12.808
1764597120,12.808,12.812,12.797,12.801
1764597180,12.801,12.82,12.801,12.816
1764597240,12.816,12.816,12.806,12.807
1764597300,12.807,12.807,12.789,12.793
1764597360,12.793,12.806,12.793,12.804
1764597420,12.804,12.815,12.804,12.812
1764597480,12.812,12.823,12.812,12.817
1764597540,12.817,12.819,12.814,12.815
1764597600,12.815,12.816,12.812,12.815
1764597660,12.815,12.824,12.815,12.815
1764597720,12.815,12.815,12.8,12.813
1764597780,12.813,12.821,12.808,12.811
1764597840,12.811,12.854,12.811,12.854
1764597900,12.854,12.854,12.819,12.819
1764597960,12.819,12.832,12.817,12.825
1764598020,12.825,12.825,12.804,12.805
1764598080,12.805,12.817,12.804,12.817
1764598140,12.817,12.845,12.817,12.845
1764598200,12.845,12.867,12.843,12.867
1764598260,12.867,12.867,12.848,12.85
1764598320,12.85,12.868,12.85,12.859
1764598380,12.859,12.861,12.849,12.851
1764598440,12.851,12.852,12.839,12.841
1764598500,12.841,12.847,12.826,12.828
1764598560,12.828,12.834,12.803,12.808
1764598620,12.808,12.808,12.799,12.801
1764598680,12.801,12.804,12.793,12.801
1764598740,12.801,12.815,12.799,12.815
1764598800,12.815,12.818,12.807,12.807
1764598860,12.807,12.815,12.806,12.812
1764598920,12.812,12.828,12.812,12.827
1764598980,12.827,12.827,12.82,12.82
1764599040,12.82,12.82,12.814,12.818
1764599100,12.818,12.818,12.805,12.818
1764599160,12.818,12.82,12.813,12.82
1764599220,12.82,12.825,12.818,12.825
1764599280,12.825,12.837,12.825,12.837
1764599340,12.837,12.838,12.833,12.836
1764599400,12.836,12.845,12.822,12.845
1764599460,12.845,12.85,12.802,12.804
1764599520,12.804,12.829,12.794,12.829
1764599580,12.829,12.859,12.814,12.858
1764599640,12.858,12.869,12.842,12.862
1764599700,12.862,12.896,12.862,12.881
1764599760,12.881,12.922,12.878,12.921
1764599820,12.921,12.956,12.916,12.93
1764599880,12.93,12.937,12.912,12.912
1764599940,12.912,12.912,12.89,12.897
1764600000,12.897,12.905,12.885,12.886
1764600060,12.886,12.887,12.846,12.865
1764600120,12.865,12.865,12.844,12.856
1764600180,12.856,12.858,12.83,12.837
1764600240,12.837,12.858,12.835,12.856
1764600300,12.856,12.87,12.839,12.868
1764600360,12.868,12.895,12.866,12.89
1764600420,12.89,12.895,12.883,12.89
1764600480,12.89,12.898,12.876,12.877
1764600540,12.877,12.878,12.852,12.853
1764600600,12.853,12.86,12.842,12.86
1764600660,12.86,12.87,12.859,12.87
1764600720,12.87,12.884,12.869,12.881
1764600780,12.881,12.903,12.862,12.862
1764600840,12.862,12.874,12.859,12.864
1764600900,12.864,12.889,12.864,12.889
1764600960,12.889,12.907,12.889,12.907
1764601020,12.907,12.907,12.89,12.891
1764601080,12.891,12.892,12.88,12.88
1764601140,12.88,12.88,12.861,12.861
1764601200,12.861,12.88,12.859,12.876
1764601260,12.876,12.879,12.866,12.872
1764601320,12.872,12.876,12.854,12.86
1764601380,12.86,12.86,12.835,12.835
1764601440,12.835,12.835,12.825,12.829
1764601500,12.829,12.83,12.821,12.83
1764601560,12.83,12.835,12.827,12.835
1764601620,12.835,12.84,12.833,12.834
1764601680,12.834,12.846,12.833,12.838
1764601740,12.838,12.838,12.822,12.824
1764601800,12.824,12.83,12.817,12.827
1764601860,12.827,12.834,12.817,12.818
1764601920,12.818,12.83,12.817,12.83
1764601980,12.83,12.837,12.829,12.834
1764602040,12.834,12.834,12.783,12.79
1764602100,12.79,12.798,12.745,12.745
1764602160,12.745,12.816,12.743,12.803
1764602220,12.803,12.819,12.802,12.814
1764602280,12.814,12.824,12.807,12.817
1764602340,12.817,12.831,12.81,12.825
1764602400,12.825,12.832,12.819,12.83
1764602460,12.83,12.83,12.807,12.817
1764602520,12.817,12.818,12.801,12.803
1764602580,12.803,12.807,12.79,12.798
1764602640,12.798,12.812,12.797,12.797
1764602700,12.797,12.8,12.768,12.773
1764602760,12.773,12.779,12.761,12.774
1764602820,12.774,12.783,12.758,12.76
1764602880,12.76,12.781,12.76,12.766
1764602940,12.766,12.772,12.757,12.771
1764603000,12.771,12.771,12.733,12.736
1764603060,12.736,12.755,12.735,12.741
1764603120,12.741,12.759,12.727,12.751
1764603180,12.751,12.751,12.715,12.724
1764603240,12.724,12.729,12.653,12.686
1764603300,12.686,12.719,12.675,12.698
1764603360,12.698,12.734,12.688,12.712
1764603420,12.712,12.716,12.679,12.681
1764603480,12.681,12.71,12.681,12.692
1764603540,12.692,12.724,12.69,12.699
1764603600,12.699,12.706,12.679,12.695
1764603660,12.695,12.708,12.686,12.702
1764603720,12.702,12.712,12.697,12.702
1764603780,12.702,12.705,12.666,12.679
1764603840,12.679,12.683,12.646,12.649
1764603900,12.649,12.658,12.617,12.652
1764603960,12.652,12.669,12.641,12.641
1764604020,12.641,12.648,12.607,12.648
1764604080,12.648,12.666,12.637,12.658
1764604140,12.658,12.678,12.651,12.673
1764604200,12.673,12.743,12.673,12.715
1764604260,12.715,12.735,12.71,12.725
1764604320,12.725,12.756,12.725,12.752
1764604380,12.752,12.758,12.748,12.752
1764604440,12.752,12.761,12.733,12.733
1764604500,12.733,12.733,12.717,12.722
1764604560,12.722,12.729,12.7,12.703
1764604620,12.703,12.703,12.691,12.701
1764604680,12.701,12.709,12.699,12.699
1764604740,12.699,12.699,12.683,12.691
1764604800,12.691,12.704,12.675,12.683
1764604860,12.683,12.687,12.653,12.664
1764604920,12.664,12.664,12.645,12.647
1764604980,12.647,12.661,12.647,12.653
1764605040,12.653,12.658,12.646,12.647
1764605100,12.647,12.653,12.633,12.637
1764605160,12.637,12.643,12.58,12.585
1764605220,12.585,12.593,12.566,12.58
1764605280,12.58,12.587,12.567,12.586
1764605340,12.586,12.591,12.574,12.591
1764605400,12.591,12.615,12.59,12.599
1764605460,12.599,12.617,12.599,12.61
1764605520,12.61,12.623,12.607,12.612
1764605580,12.612,12.613,12.596,12.603
1764605640,12.603,12.607,12.593,12.6
1764605700,12.6,12.604,12.58,12.595
1764605760,12.595,12.595,12.577,12.584
1764605820,12.584,12.609,12.581,12.605
1764605880,12.605,12.607,12.582,12.59
1764605940,12.59,12.59,12.555,12.559
1764606000,12.559,12.575,12.542,12.572
1764606060,12.572,12.6,12.571,12.591
1764606120,12.591,12.597,12.573,12.574
1764606180,12.574,12.584,12.558,12.567
1764606240,12.567,12.575,12.556,12.562
1764606300,12.562,12.589,12.562,12.587
1764606360,12.587,12.587,12.57,12.576
1764606420,12.576,12.593,12.571,12.59
1764606480,12.59,12.59,12.56,12.564
1764606540,12.564,12.579,12.563,12.57
1764606600,12.57,12.588,12.566,12.582
1764606660,12.582,12.608,12.582,12.595
1764606720,12.595,12.606,12.586,12.588
1764606780,12.588,12.592,12.579,12.589
1764606840,12.589,12.596,12.574,12.595
1764606900,12.595,12.612,12.588,12.598
1764606960,12.598,12.603,12.569,12.577
1764607020,12.577,12.642,12.577,12.641
1764607080,12.641,12.652,12.619,12.642
1764607140,12.642,12.7,12.637,12.682
1764607200,12.682,12.71,12.682,12.71
1764607260,12.71,12.712,12.674,12.682
1764607320,12.682,12.702,12.679,12.702
1764607380,12.702,12.716,12.699,12.714
1764607440,12.714,12.715,12.695,12.696
1764607500,12.696,12.707,12.696,12.701
1764607560,12.701,12.705,12.689,12.705
1764607620,12.705,12.715,12.704,12.715
1764607680,12.715,12.716,12.696,12.701
1764607740,12.701,12.705,12.686,12.689
1764607800,12.689,12.691,12.67,12.689
1764607860,12.689,12.71,12.688,12.691
1764607920,12.691,12.706,12.691,12.699
1764607980,12.699,12.699,12.665,12.666
1764608040,12.666,12.667,12.645,12.645
1764608100,12.645,12.649,12.634,12.643
1764608160,12.643,12.643,12.609,12.616
1764608220,12.616,12.623,12.606,12.608
1764608280,12.608,12.615,12.608,12.613
1764608340,12.613,12.614,12.603,12.613
1764608400,12.613,12.622,12.608,12.614
1764608460,12.614,12.661,12.614,12.659
1764608520,12.659,12.66,12.636,12.636
1764608580,12.636,12.66,12.634,12.66
1764608640,12.66,12.689,12.66,12.689
1764608700,12.689,12.698,12.668,12.672
1764608760,12.672,12.687,12.672,12.687
1764608820,12.687,12.704,12.687,12.697
1764608880,12.697,12.698,12.679,12.689
1764608940,12.689,12.689,12.658,12.659
1764609000,12.659,12.664,12.644,12.645
1764609060,12.645,12.66,12.645,12.66
1764609120,12.66,12.677,12.66,12.664
1764609180,12.664,12.664,12.636,12.636
1764609240,12.636,12.638,12.632,12.633
1764609300,12.633,12.633,12.603,12.607
1764609360,12.607,12.638,12.607,12.638
1764609420,12.638,12.663,12.632,12.648
1764609480,12.648,12.675,12.648,12.65
1764609540,12.65,12.656,12.645,12.656
1764609600,12.656,12.664,12.653,12.658
1764609660,12.658,12.677,12.658,12.677
1764609720,12.677,12.685,12.675,12.684
1764609780,12.684,12.687,12.661,12.661
1764609840,12.661,12.677,12.661,12.677
1764609900,12.677,12.684,12.669,12.673
1764609960,12.673,12.682,12.673,12.682
1764610020,12.682,12.689,12.682,12.684
1764610080,12.684,12.696,12.684,12.693
1764610140,12.693,12.701,12.675,12.675
1764610200,12.675,12.682,12.663,12.665
1764610260,12.665,12.665,12.641,12.642
1764610320,12.642,12.647,12.634,12.637
1764610380,12.637,12.637,12.62,12.635
1764610440,12.635,12.635,12.616,12.616
1764610500,12.616,12.649,12.614,12.649
1764610560,12.649,12.65,12.635,12.644
1764610620,12.644,12.663,12.644,12.662
1764610680,12.662,12.662,12.647,12.65
1764610740,12.65,12.656,12.645,12.656
1764610800,12.656,12.667,12.655,12.656
1764610860,12.656,12.667,12.655,12.655
1764610920,12.655,12.671,12.647,12.668
1764610980,12.668,12.688,12.668,12.678
1764611040,12.678,12.696,12.678,12.695
1764611100,12.695,12.739,12.693,12.739
1764611160,12.739,12.739,12.717,12.729
1764611220,12.729,12.729,12.705,12.705
1764611280,12.705,12.711,12.703,12.71
1764611340,12.71,12.722,12.71,12.714
1764611400,12.714,12.717,12.692,12.7
1764611460,12.7,12.703,12.689,12.697
1764611520,12.697,12.705,12.697,12.697
1764611580,12.697,12.701,12.694,12.697
1764611640,12.697,12.722,12.691,12.722
1764611700,12.722,12.724,12.689,12.689
1764611760,12.689,12.699,12.689,12.693
1764611820,12.693,12.696,12.688,12.688
1764611880,12.688,12.695,12.681,12.683
1764611940,12.683,12.683,12.676,12.68
1764612000,12.68,12.699,12.68,12.697
1764612060,12.697,12.72,12.697,12.72
1764612120,12.72,12.723,12.713,12.716
1764612180,12.716,12.72,12.713,12.715
1764612240,12.715,12.715,12.702,12.705
1764612300,12.705,12.715,12.678,12.678
1764612360,12.678,12.698,12.673,12.695
1764612420,12.695,12.707,12.69,12.707
1764612480,12.707,12.71,12.683,12.684
1764612540,12.684,12.687,12.674,12.677
1764612600,12.677,12.7,12.676,12.681
1764612660,12.681,12.695,12.681,12.695
1764612720,12.695,12.746,12.695,12.745
1764612780,12.745,12.749,12.729,12.743
1764612840,12.743,12.755,12.732,12.749
1764612900,12.749,12.771,12.74,12.763
1764612960,12.763,12.763,12.735,12.735
1764613020,12.735,12.75,12.731,12.745
1764613080,12.745,12.747,12.733,12.747
1764613140,12.747,12.752,12.732,12.752
1764613200,12.752,12.756,12.725,12.726
1764613260,12.726,12.726,12.696,12.702
1764613320,12.702,12.715,12.701,12.707
1764613380,12.707,12.71,12.694,12.71
1764613440,12.71,12.712,12.696,12.71
1764613500,12.71,12.711,12.695,12.695
1764613560,12.695,12.695,12.688,12.69
1764613620,12.69,12.692,12.686,12.689
1764613680,12.689,12.698,12.688,12.695
1764613740,12.695,12.695,12.687,12.692
1764613800,12.692,12.696,12.687,12.688
1764613860,12.688,12.688,12.67,12.678
1764613920,12.678,12.694,12.678,12.694
1764613980,12.694,12.7,12.688,12.691
1764614040,12.691,12.692,12.687,12.687
1764614100,12.687,12.69,12.679,12.679
1764614160,12.679,12.679,12.666,12.67
1764614220,12.67,12.671,12.657,12.657
1764614280,12.657,12.66,12.653,12.66
1764614340,12.66,12.663,12.65,12.651
1764614400,12.651,12.651,12.646,12.647
1764614460,12.647,12.647,12.634,12.64
1764614520,12.64,12.64,12.629,12.631
1764614580,12.631,12.634,12.626,12.627
1764614640,12.627,12.629,12.61,12.621
1764614700,12.621,12.631,12.62,12.624
1764614760,12.624,12.636,12.623,12.631
1764614820,12.631,12.65,12.63,12.649
1764614880,12.649,12.654,12.642,12.642
1764614940,12.642,12.642,12.633,12.637
1764615000,12.637,12.648,12.636,12.646
1764615060,12.646,12.65,12.642,12.649
1764615120,12.649,12.649,12.639,12.643
1764615180,12.643,12.645,12.631,12.643
1764615240,12.643,12.66,12.643,12.66
1764615300,12.66,12.673,12.66,12.667
1764615360,12.667,12.669,12.659,12.669
1764615420,12.669,12.713,12.669,12.713
1764615480,12.713,12.721,12.693,12.693
1764615540,12.693,12.707,12.693,12.703
1764615600,12.703,12.71,12.699,12.701
1764615660,12.701,12.703,12.691,12.692
1764615720,12.692,12.692,12.681,12.685
1764615780,12.685,12.699,12.685,12.696
1764615840,12.696,12.697,12.673,12.68
1764615900,12.68,12.68,12.668,12.668
1764615960,12.668,12.669,12.66,12.669
1764616020,12.669,12.669,12.646,12.646
1764616080,12.646,12.65,12.638,12.638
1764616140,12.638,12.651,12.625,12.65
1764616200,12.65,12.669,12.65,12.666
1764616260,12.666,12.671,12.661,12.666
1764616320,12.666,12.67,12.662,12.67
1764616380,12.67,12.677,12.667,12.677
1764616440,12.677,12.677,12.669,12.674
1764616500,12.674,12.686,12.674,12.686
1764616560,12.686,12.687,12.67,12.687
1764616620,12.687,12.687,12.68,12.682
1764616680,12.682,12.69,12.668,12.669
1764616740,12.669,12.67,12.655,12.656
1764616800,12.656,12.656,12.652,12.653
1764616860,12.653,12.656,12.644,12.655
1764616920,12.655,12.657,12.647,12.647
1764616980,12.647,12.662,12.644,12.662
1764617040,12.662,12.67,12.658,12.665
1764617100,12.665,12.665,12.64,12.64
1764617160,12.64,12.641,12.627,12.628
1764617220,12.628,12.639,12.627,12.638
1764617280,12.638,12.647,12.635,12.644
1764617340,12.644,12.645,12.639,12.64
1764617400,12.64,12.64,12.63,12.63
1764617460,12.63,12.641,12.63,12.633
1764617520,12.633,12.633,12.624,12.625
1764617580,12.625,12.625,12.611,12.622
1764617640,12.622,12.626,12.619,12.626
1764617700,12.626,12.647,12.623,12.645
1764617760,12.645,12.673,12.644,12.673
1764617820,12.673,12.678,12.662,12.662
1764617880,12.662,12.662,12.638,12.638
1764617940,12.638,12.645,12.632,12.645
1764618000,12.645,12.656,12.644,12.644
1764618060,12.644,12.651,12.643,12.645
1764618120,12.645,12.649,12.636,12.636
1764618180,12.636,12.638,12.632,12.637
1764618240,12.637,12.637,12.626,12.628
1764618300,12.628,12.636,12.628,12.633
1764618360,12.633,12.633,12.621,12.632
1764618420,12.632,12.646,12.628,12.643
1764618480,12.643,12.643,12.638,12.638
1764618540,12.638,12.649,12.636,12.649
1764618600,12.649,12.66,12.649,12.658
1764618660,12.658,12.658,12.648,12.648
1764618720,12.648,12.653,12.64,12.64
1764618780,12.64,12.646,12.639,12.646
1764618840,12.646,12.654,12.646,12.652
1764618900,12.652,12.656,12.636,12.636
1764618960,12.636,12.638,12.631,12.631
1764619020,12.631,12.631,12.626,12.626
1764619080,12.626,12.629,12.626,12.629
1764619140,12.629,12.63,12.603,12.607
1764619200,12.607,12.623,12.59,12.623
1764619260,12.623,12.648,12.614,12.648
1764619320,12.648,12.658,12.633,12.658
1764619380,12.658,12.665,12.647,12.664
1764619440,12.664,12.683,12.653,12.666
1764619500,12.666,12.722,12.665,12.711
1764619560,12.711,12.72,12.691,12.691
1764619620,12.691,12.721,12.691,12.708
1764619680,12.708,12.74,12.707,12.739
1764619740,12.739,12.741,12.717,12.717
1764619800,12.717,12.749,12.714,12.747
1764619860,12.747,12.749,12.726,12.726
1764619920,12.726,12.737,12.716,12.716
1764619980,12.716,12.716,12.691,12.696
1764620040,12.696,12.696,12.687,12.688
1764620100,12.688,12.688,12.658,12.669
1764620160,12.669,12.669,12.655,12.662
1764620220,12.662,12.667,12.656,12.664
1764620280,12.664,12.669,12.655,12.659
1764620340,12.659,12.676,12.656,12.673
1764620400,12.673,12.673,12.654,12.665
1764620460,12.665,12.672,12.657,12.672
1764620520,12.672,12.672,12.668,12.668
1764620580,12.668,12.671,12.661,12.664
1764620640,12.664,12.674,12.658,12.671
1764620700,12.671,12.671,12.623,12.626
1764620760,12.626,12.631,12.605,12.608
1764620820,12.608,12.612,12.598,12.601
1764620880,12.601,12.612,12.599,12.608
1764620940,12.608,12.608,12.594,12.597
1764621000,12.597,12.613,12.585,12.613
1764621060,12.613,12.613,12.607,12.609
1764621120,12.609,12.618,12.601,12.618
1764621180,12.618,12.62,12.593,12.604
1764621240,12.604,12.609,12.595,12.595
1764621300,12.595,12.617,12.595,12.61
1764621360,12.61,12.621,12.607,12.619
1764621420,12.619,12.638,12.618,12.633
1764621480,12.633,12.656,12.631,12.641
1764621540,12.641,12.641,12.63,12.64
1764621600,12.64,12.644,12.634,12.644
1764621660,12.644,12.651,12.641,12.649
1764621720,12.649,12.651,12.634,12.634
1764621780,12.634,12.656,12.634,12.654
1764621840,12.654,12.671,12.653,12.671
1764621900,12.671,12.674,12.657,12.664
1764621960,12.664,12.669,12.65,12.65
1764622020,12.65,12.658,12.647,12.657
1764622080,12.657,12.668,12.657,12.661
1764622140,12.661,12.665,12.651,12.651
1764622200,12.651,12.661,12.651,12.66
1764622260,12.66,12.666,12.636,12.641
1764622320,12.641,12.644,12.632,12.636
1764622380,12.636,12.639,12.629,12.636
1764622440,12.636,12.645,12.634,12.635
1764622500,12.635,12.635,12.626,12.635
1764622560,12.635,12.651,12.635,12.644
1764622620,12.644,12.659,12.644,12.659
1764622680,12.659,12.661,12.65,12.653
1764622740,12.653,12.653,12.625,12.639
1764622800,12.639,12.653,12.634,12.647
1764622860,12.647,12.675,12.646,12.665
1764622920,12.665,12.667,12.633,12.633
1764622980,12.633,12.639,12.632,12.638
1764623040,12.638,12.639,12.632,12.639
1764623100,12.639,12.655,12.639,12.653
1764623160,12.653,12.682,12.653,12.682
1764623220,12.682,12.688,12.677,12.684
1764623280,12.684,12.714,12.684,12.694
1764623340,12.694,12.705,12.693,12.705
1764623400,12.705,12.709,12.685,12.686
1764623460,12.686,12.689,12.675,12.677
1764623520,12.677,12.678,12.657,12.658
1764623580,12.658,12.69,12.655,12.664
1764623640,12.664,12.679,12.663,12.679
1764623700,12.679,12.686,12.673,12.676
1764623760,12.676,12.691,12.676,12.691
1764623820,12.691,12.702,12.691,12.696
1764623880,12.696,12.708,12.696,12.706
1764623940,12.706,12.707,12.682,12.684
1764624000,12.684,12.728,12.684,12.728
1764624060,12.728,12.766,12.725,12.766
1764624120,12.766,12.77,12.754,12.766
1764624180,12.766,12.769,12.743,12.744
1764624240,12.744,12.765,12.744,12.764
1764624300,12.764,12.778,12.763,12.772
1764624360,12.772,12.785,12.765,12.773
1764624420,12.773,12.788,12.773,12.787
1764624480,12.787,12.787,12.75,12.75
1764624540,12.75,12.75,12.738,12.738
1764624600,12.738,12.75,12.736,12.743
1764624660,12.743,12.761,12.741,12.752
1764624720,12.752,12.76,12.735,12.76
1764624780,12.76,12.768,12.76,12.767
1764624840,12.767,12.784,12.767,12.778
1764624900,12.778,12.778,12.764,12.775
1764624960,12.775,12.785,12.773,12.777
1764625020,12.777,12.777,12.749,12.749
1764625080,12.749,12.762,12.746,12.756
1764625140,12.756,12.766,12.754,12.761
1764625200,12.761,12.782,12.76,12.782
1764625260,12.782,12.783,12.764,12.774
1764625320,12.774,12.795,12.774,12.795
1764625380,12.795,12.795,12.782,12.782
1764625440,12.782,12.799,12.778,12.798
1764625500,12.798,12.798,12.778,12.783
1764625560,12.783,12.783,12.766,12.766
1764625620,12.766,12.773,12.764,12.766
1764625680,12.766,12.766,12.754,12.754
1764625740,12.754,12.765,12.754,12.765
1764625800,12.765,12.765,12.753,12.759
1764625860,12.759,12.764,12.752,12.756
1764625920,12.756,12.767,12.755,12.76
1764625980,12.76,12.761,12.757,12.757
1764626040,12.757,12.758,12.753,12.753
1764626100,12.753,12.763,12.753,12.762
1764626160,12.762,12.762,12.756,12.756
1764626220,12.756,12.824,12.756,12.798
1764626280,12.798,12.798,12.784,12.784
1764626340,12.784,12.787,12.783,12.787
1764626400,12.787,12.796,12.783,12.795
1764626460,12.795,12.829,12.795,12.821
1764626520,12.821,12.825,12.812,12.816
1764626580,12.816,12.826,12.815,12.824
1764626640,12.824,12.846,12.824,12.838
1764626700,12.838,12.846,12.833,12.836
1764626760,12.836,12.84,12.8,12.813
1764626820,12.813,12.826,12.813,12.825
1764626880,12.825,12.825,12.818,12.821
1764626940,12.821,12.835,12.821,12.829
1764627000,12.829,12.832,12.816,12.819
1764627060,12.819,12.821,12.807,12.811
1764627120,12.811,12.819,12.81,12.815
1764627180,12.815,12.821,12.786,12.79
1764627240,12.79,12.79,12.775,12.779
1764627300,12.779,12.806,12.779,12.794
1764627360,12.794,12.794,12.772,12.772
1764627420,12.772,12.784,12.772,12.782
1764627480,12.782,12.79,12.765,12.767
1764627540,12.767,12.771,12.757,12.771
1764627600,12.771,12.777,12.771,12.776
1764627660,12.776,12.779,12.768,12.772
1764627720,12.772,12.774,12.766,12.772
1764627780,12.772,12.773,12.764,12.767
1764627840,12.767,12.774,12.765,12.765
1764627900,12.765,12.765,12.754,12.754
1764627960,12.754,12.754,12.748,12.753
1764628020,12.753,12.771,12.753,12.769
1764628080,12.769,12.77,12.754,12.758
1764628140,12.758,12.763,12.758,12.763
1764628200,12.763,12.771,12.76,12.77
1764628260,12.77,12.784,12.768,12.777
1764628320,12.777,12.783,12.773,12.775
1764628380,12.775,12.776,12.766,12.766
1764628440,12.766,12.766,12.74,12.74
1764628500,12.74,12.749,12.736,12.749
1764628560,12.749,12.751,12.746,12.751
1764628620,12.751,12.768,12.751,12.768
1764628680,12.768,12.768,12.758,12.758
1764628740,12.758,12.771,12.758,12.771
1764628800,12.771,12.771,12.753,12.753
1764628860,12.753,12.785,12.753,12.782
1764628920,12.782,12.784,12.775,12.775
1764628980,12.775,12.782,12.773,12.782
1764629040,12.782,12.782,12.777,12.777
1764629100,12.777,12.803,12.777,12.803
1764629160,12.803,12.814,12.803,12.812
1764629220,12.812,12.817,12.812,12.812
1764629280,12.812,12.813,12.807,12.807
1764629340,12.807,12.807,12.805,12.806
1764629400,12.806,12.81,12.806,12.81
1764629460,12.81,12.813,12.81,12.812
1764629520,12.812,12.813,12.807,12.807
1764629580,12.807,12.815,12.807,12.814
1764629640,12.814,12.818,12.814,12.816
1764629700,12.816,12.82,12.816,12.82
1764629760,12.82,12.82,12.793,12.793
1764629820,12.793,12.794,12.793,12.794
1764629880,12.794,12.794,12.788,12.79
1764629940,12.79,12.79,12.777,12.777
1764630000,12.777,12.791,12.777,12.791
1764630060,12.791,12.807,12.79,12.807
1764630120,12.807,12.821,12.803,12.821
1764630180,12.821,12.829,12.813,12.823
1764630240,12.823,12.823,12.817,12.823
1764630300,12.823,12.825,12.81,12.81
1764630360,12.81,12.81,12.795,12.801
1764630420,12.801,12.801,12.778,12.778
1764630480,12.778,12.784,12.777,12.781
1764630540,12.781,12.781,12.773,12.777
1764630600,12.777,12.779,12.77,12.777
1764630660,12.777,12.781,12.777,12.779
1764630720,12.779,12.779,12.764,12.767
1764630780,12.767,12.768,12.761,12.762
1764630840,12.762,12.762,12.758,12.759
1764630900,12.759,12.767,12.758,12.767
1764630960,12.767,12.773,12.765,12.77
1764631020,12.77,12.79,12.77,12.79
1764631080,12.79,12.795,12.787,12.795
1764631140,12.795,12.803,12.795,12.803
1764631200,12.803,12.807,12.803,12.807
1764631260,12.807,12.82,12.807,12.82
1764631320,12.82,12.826,12.816,12.819
1764631380,12.819,12.83,12.819,12.825
1764631440,12.825,12.828,12.819,12.822
1764631500,12.822,12.827,12.822,12.827
1764631560,12.827,12.831,12.826,12.827
1764631620,12.827,12.829,12.822,12.829
1764631680,12.829,12.831,12.825,12.826
1764631740,12.826,12.832,12.825,12.832
1764631800,12.832,12.852,12.832,12.852
1764631860,12.852,12.852,12.84,12.84
1764631920,12.84,12.84,12.833,12.833
1764631980,12.833,12.835,12.824,12.824
1764632040,12.824,12.824,12.798,12.81
1764632100,12.81,12.813,12.805,12.812
1764632160,12.812,12.813,12.803,12.803
1764632220,12.803,12.803,12.799,12.801
1764632280,12.801,12.802,12.797,12.801
1764632340,12.801,12.81,12.8,12.806
1764632400,12.806,12.809,12.8,12.8
1764632460,12.8,12.802,12.797,12.797
1764632520,12.797,12.8,12.796,12.796
1764632580,12.796,12.804,12.796,12.801
1764632640,12.801,12.807,12.801,12.807
1764632700,12.807,12.807,12.803,12.803
1764632760,12.803,12.81,12.802,12.804
1764632820,12.804,12.804,12.793,12.794
1764632880,12.794,12.802,12.79,12.79
1764632940,12.79,12.797,12.79,12.797
1764633000,12.797,12.798,12.79,12.79
1764633060,12.79,12.791,12.787,12.791
1764633120,12.791,12.794,12.787,12.787
1764633180,12.787,12.787,12.774,12.774
1764633240,12.774,12.774,12.768,12.768
1764633300,12.768,12.771,12.764,12.764
1764633360,12.764,12.764,12.761,12.763
1764633420,12.763,12.763,12.744,12.757
1764633480,12.757,12.762,12.757,12.761
1764633540,12.761,12.761,12.741,12.744
1769817600,10.869,10.876,10.866,10.869
1769817660,10.869,10.871,10.864,10.864
1769817720,10.864,10.869,10.861,10.862
1769817780,10.862,10.869,10.859,10.865
1769817840,10.865,10.866,10.856,10.866
1769817900,10.866,10.871,10.859,10.87
1769817960,10.87,10.87,10.86,10.863
1769818020,10.863,10.873,10.863,10.866
1769818080,10.866,10.866,10.86,10.866
1769818140,10.866,10.866,10.861,10.861
1769818200,10.861,10.865,10.857,10.863
1769818260,10.863,10.863,10.851,10.855
1769818320,10.855,10.856,10.853,10.853
1769818380,10.853,10.863,10.85,10.863
1769818440,10.863,10.864,10.86,10.864
1769818500,10.864,10.864,10.856,10.857
1769818560,10.857,10.863,10.854,10.854
1769818620,10.854,10.858,10.851,10.856
1769818680,10.856,10.86,10.855,10.859
1769818740,10.859,10.864,10.857,10.862
1769818800,10.862,10.869,10.849,10.853
1769818860,10.853,10.855,10.844,10.851
1769818920,10.851,10.851,10.844,10.851
1769818980,10.851,10.856,10.851,10.852
1769819040,10.852,10.852,10.846,10.846
1769819100,10.846,10.855,10.846,10.853
1769819160,10.853,10.855,10.851,10.855
1769819220,10.855,10.856,10.853,10.856
1769819280,10.856,10.856,10.853,10.856
1769819340,10.856,10.856,10.852,10.852
1769819400,10.852,10.855,10.845,10.851
1769819460,10.851,10.853,10.851,10.851
1769819520,10.851,10.851,10.841,10.842
1769819580,10.842,10.842,10.837,10.839
1769819640,10.839,10.841,10.834,10.841
1769819700,10.841,10.847,10.841,10.845
1769819760,10.845,10.845,10.838,10.84
1769819820,10.84,10.849,10.84,10.849
1769819880,10.849,10.851,10.848,10.851
1769819940,10.851,10.853,10.848,10.853
1769820000,10.853,10.865,10.853,10.864
1769820060,10.864,10.864,10.857,10.859
1769820120,10.859,10.859,10.847,10.849
1769820180,10.849,10.853,10.849,10.853
1769820240,10.853,10.853,10.851,10.852
1769820300,10.852,10.852,10.845,10.845
1769820360,10.845,10.851,10.843,10.846
1769820420,10.846,10.846,10.829,10.837
1769820480,10.837,10.838,10.835,10.835
1769820540,10.835,10.847,10.835,10.847
1769820600,10.847,10.85,10.844,10.848
1769820660,10.848,10.848,10.836,10.839
1769820720,10.839,10.849,10.839,10.848
1769820780,10.848,10.853,10.848,10.851
1769820840,10.851,10.851,10.841,10.845
1769820900,10.845,10.845,10.84,10.844
1769820960,10.844,10.85,10.843,10.85
1769821020,10.85,10.858,10.846,10.848
1769821080,10.848,10.855,10.847,10.847
1769821140,10.847,10.849,10.847,10.849
1769821200,10.849,10.851,10.848,10.85
1769821260,10.85,10.852,10.848,10.848
1769821320,10.848,10.854,10.848,10.854
1769821380,10.854,10.854,10.849,10.85
1769821440,10.85,10.864,10.85,10.863
1769821500,10.863,10.878,10.863,10.875
1769821560,10.875,10.876,10.874,10.874
1769821620,10.874,10.874,10.871,10.871
1769821680,10.871,10.887,10.871,10.881
1769821740,10.881,10.884,10.88,10.88
1769821800,10.88,10.88,10.859,10.866
1769821860,10.866,10.873,10.866,10.873
1769821920,10.873,10.876,10.869,10.872
1769821980,10.872,10.874,10.872,10.874
1769822040,10.874,10.876,10.874,10.876
1769822100,10.876,10.882,10.875,10.88
1769822160,10.88,10.88,10.873,10.873
1769822220,10.873,10.873,10.867,10.867
1769822280,10.867,10.867,10.861,10.864
1769822340,10.864,10.869,10.864,10.869
1769822400,10.869,10.888,10.869,10.888
1769822460,10.888,10.888,10.878,10.88
1769822520,10.88,10.885,10.876,10.876
1769822580,10.876,10.879,10.875,10.879
1769822640,10.879,10.879,10.874,10.877
1769822700,10.877,10.881,10.877,10.881
1769822760,10.881,10.882,10.875,10.877
1769822820,10.877,10.88,10.877,10.88
1769822880,10.88,10.881,10.878,10.878
1769822940,10.878,10.879,10.868,10.868
1769823000,10.868,10.868,10.849,10.851
1769823060,10.851,10.86,10.851,10.855
1769823120,10.855,10.856,10.853,10.854
1769823180,10.854,10.855,10.837,10.837
1769823240,10.837,10.847,10.835,10.847
1769823300,10.847,10.847,10.84,10.842
1769823360,10.842,10.844,10.836,10.836
1769823420,10.836,10.839,10.827,10.83
1769823480,10.83,10.833,10.827,10.833
1769823540,10.833,10.839,10.833,10.839
1769823600,10.839,10.845,10.837,10.84
1769823660,10.84,10.842,10.837,10.837
1769823720,10.837,10.85,10.837,10.85
1769823780,10.85,10.86,10.85,10.86
1769823840,10.86,10.861,10.858,10.858
1769823900,10.858,10.862,10.858,10.86
1769823960,10.86,10.86,10.845,10.85
1769824020,10.85,10.851,10.85,10.851
1769824080,10.851,10.851,10.847,10.851
1769824140,10.851,10.853,10.848,10.851
1769824200,10.851,10.86,10.851,10.86
1769824260,10.86,10.864,10.86,10.863
1769824320,10.863,10.871,10.863,10.87
1769824380,10.87,10.871,10.867,10.868
1769824440,10.868,10.87,10.868,10.87
1769824500,10.87,10.872,10.866,10.866
1769824560,10.866,10.875,10.865,10.875
1769824620,10.875,10.876,10.871,10.871
1769824680,10.871,10.872,10.869,10.869
1769824740,10.869,10.869,10.863,10.867
1769824800,10.867,10.868,10.861,10.861
1769824860,10.861,10.862,10.853,10.862
1769824920,10.862,10.862,10.854,10.854
1769824980,10.854,10.854,10.851,10.854
1769825040,10.854,10.854,10.844,10.847
1769825100,10.847,10.866,10.846,10.862
1769825160,10.862,10.865,10.853,10.853
1769825220,10.853,10.853,10.835,10.837
1769825280,10.837,10.841,10.831,10.841
1769825340,10.841,10.842,10.837,10.837
1769825400,10.837,10.841,10.837,10.841
1769825460,10.841,10.841,10.84,10.84
1769825520,10.84,10.84,10.836,10.838
1769825580,10.838,10.842,10.838,10.842
1769825640,10.842,10.85,10.842,10.846
1769825700,10.846,10.848,10.842,10.846
1769825760,10.846,10.846,10.836,10.837
1769825820,10.837,10.837,10.808,10.814
1769825880,10.814,10.837,10.814,10.836
1769825940,10.836,10.836,10.826,10.826
1769826000,10.826,10.834,10.826,10.832
1769826060,10.832,10.834,10.83,10.833
1769826120,10.833,10.833,10.826,10.826
1769826180,10.826,10.827,10.821,10.821
1769826240,10.821,10.821,10.816,10.816
1769826300,10.816,10.816,10.806,10.811
1769826360,10.811,10.825,10.811,10.821
1769826420,10.821,10.821,10.807,10.812
1769826480,10.812,10.825,10.811,10.825
1769826540,10.825,10.825,10.818,10.821
1769826600,10.821,10.824,10.816,10.818
1769826660,10.818,10.818,10.812,10.814
1769826720,10.814,10.814,10.811,10.811
1769826780,10.811,10.824,10.811,10.824
1769826840,10.824,10.83,10.82,10.826
1769826900,10.826,10.856,10.826,10.856
1769826960,10.856,10.856,10.851,10.853
1769827020,10.853,10.853,10.846,10.846
1769827080,10.846,10.855,10.846,10.855
1769827140,10.855,10.861,10.855,10.861
1769827200,10.861,10.884,10.861,10.881
1769827260,10.881,10.886,10.872,10.877
1769827320,10.877,10.877,10.866,10.87
1769827380,10.87,10.873,10.869,10.872
1769827440,10.872,10.873,10.864,10.865
1769827500,10.865,10.866,10.863,10.864
1769827560,10.864,10.873,10.864,10.873
1769827620,10.873,10.878,10.872,10.873
1769827680,10.873,10.873,10.859,10.86
1769827740,10.86,10.863,10.859,10.863
1769827800,10.863,10.868,10.863,10.864
1769827860,10.864,10.864,10.859,10.861
1769827920,10.861,10.865,10.861,10.865
1769827980,10.865,10.867,10.865,10.866
1769828040,10.866,10.87,10.866,10.87
1769828100,10.87,10.872,10.87,10.872
1769828160,10.872,10.873,10.867,10.867
1769828220,10.867,10.867,10.856,10.856
1769828280,10.856,10.856,10.85,10.85
1769828340,10.85,10.85,10.849,10.849
1769828400,10.849,10.855,10.849,10.855
1769828460,10.855,10.866,10.855,10.866
1769828520,10.866,10.867,10.858,10.858
1769828580,10.858,10.858,10.856,10.858
1769828640,10.858,10.858,10.855,10.857
1769828700,10.857,10.864,10.856,10.858
1769828760,10.858,10.859,10.851,10.855
1769828820,10.855,10.856,10.852,10.856
1769828880,10.856,10.858,10.854,10.854
1769828940,10.854,10.854,10.851,10.852
1769829000,10.852,10.852,10.85,10.851
1769829060,10.851,10.851,10.844,10.845
1769829120,10.845,10.853,10.845,10.851
1769829180,10.851,10.865,10.85,10.865
1769829240,10.865,10.866,10.857,10.86
1769829300,10.86,10.862,10.859,10.859
1769829360,10.859,10.866,10.858,10.866
1769829420,10.866,10.868,10.862,10.862
1769829480,10.862,10.862,10.854,10.857
1769829540,10.857,10.865,10.857,10.865
1769829600,10.865,10.865,10.859,10.861
1769829660,10.861,10.861,10.858,10.858
1769829720,10.858,10.863,10.857,10.863
1769829780,10.863,10.863,10.86,10.863
1769829840,10.863,10.867,10.863,10.866
1769829900,10.866,10.867,10.863,10.864
1769829960,10.864,10.864,10.862,10.862
1769830020,10.862,10.862,10.848,10.848
1769830080,10.848,10.85,10.847,10.85
1769830140,10.85,10.854,10.85,10.853
1769830200,10.853,10.859,10.852,10.856
1769830260,10.856,10.861,10.856,10.857
1769830320,10.857,10.857,10.849,10.853
1769830380,10.853,10.856,10.853,10.853
1769830440,10.853,10.853,10.852,10.853
1769830500,10.853,10.859,10.853,10.859
1769830560,10.859,10.86,10.856,10.856
1769830620,10.856,10.858,10.848,10.848
1769830680,10.848,10.848,10.84,10.844
1769830740,10.844,10.851,10.844,10.851
1769830800,10.851,10.86,10.851,10.86
1769830860,10.86,10.86,10.855,10.855
1769830920,10.855,10.855,10.849,10.853
1769830980,10.853,10.853,10.846,10.848
1769831040,10.848,10.85,10.847,10.85
1769831100,10.85,10.851,10.847,10.851
1769831160,10.851,10.851,10.843,10.845
1769831220,10.845,10.846,10.841,10.845
1769831280,10.845,10.845,10.838,10.838
1769831340,10.838,10.841,10.838,10.84
1769831400,10.84,10.845,10.84,10.845
1769831460,10.845,10.845,10.838,10.838
1769831520,10.838,10.838,10.833,10.833
1769831580,10.833,10.833,10.83,10.831
1769831640,10.831,10.831,10.829,10.83
1769831700,10.83,10.835,10.83,10.835
1769831760,10.835,10.836,10.833,10.836
1769831820,10.836,10.837,10.836,10.837
1769831880,10.837,10.838,10.834,10.834
1769831940,10.834,10.834,10.832,10.832
1769832000,10.832,10.837,10.828,10.835
1769832060,10.835,10.845,10.835,10.845
1769832120,10.845,10.855,10.844,10.846
1769832180,10.846,10.849,10.845,10.848
1769832240,10.848,10.856,10.848,10.856
1769832300,10.856,10.856,10.85,10.851
1769832360,10.851,10.853,10.85,10.851
1769832420,10.851,10.854,10.847,10.847
1769832480,10.847,10.851,10.845,10.846
1769832540,10.846,10.85,10.846,10.85
1769832600,10.85,10.852,10.85,10.851
1769832660,10.851,10.851,10.846,10.846
1769832720,10.846,10.846,10.841,10.845
1769832780,10.845,10.846,10.843,10.846
1769832840,10.846,10.85,10.846,10.85
1769832900,10.85,10.85,10.845,10.847
1769832960,10.847,10.849,10.847,10.848
1769833020,10.848,10.855,10.847,10.854
1769833080,10.854,10.855,10.85,10.855
1769833140,10.855,10.856,10.845,10.845
1769833200,10.845,10.845,10.837,10.841
1769833260,10.841,10.854,10.841,10.85
1769833320,10.85,10.853,10.847,10.853
1769833380,10.853,10.856,10.852,10.856
1769833440,10.856,10.863,10.856,10.863
1769833500,10.863,10.864,10.858,10.86
1769833560,10.86,10.86,10.857,10.858
1769833620,10.858,10.858,10.855,10.856
1769833680,10.856,10.861,10.856,10.861
1769833740,10.861,10.861,10.858,10.858
1769833800,10.858,10.859,10.854,10.854
1769833860,10.854,10.858,10.85,10.851
1769833920,10.851,10.854,10.85,10.851
1769833980,10.851,10.851,10.846,10.846
1769834040,10.846,10.851,10.845,10.851
1769834100,10.851,10.853,10.85,10.852
1769834160,10.852,10.853,10.845,10.846
1769834220,10.846,10.85,10.844,10.845
1769834280,10.845,10.847,10.844,10.845
1769834340,10.845,10.849,10.843,10.844
1769834400,10.844,10.844,10.837,10.837
1769834460,10.837,10.841,10.832,10.834
1769834520,10.834,10.839,10.834,10.836
1769834580,10.836,10.84,10.836,10.837
1769834640,10.837,10.837,10.827,10.827
1769834700,10.827,10.827,10.815,10.817
1769834760,10.817,10.824,10.817,10.822
1769834820,10.822,10.824,10.822,10.823
1769834880,10.823,10.823,10.819,10.823
1769834940,10.823,10.823,10.818,10.818
1769835000,10.818,10.818,10.813,10.813
1769835060,10.813,10.819,10.813,10.815
1769835120,10.815,10.815,10.806,10.807
1769835180,10.807,10.807,10.801,10.806
1769835240,10.806,10.81,10.806,10.808
1769835300,10.808,10.816,10.808,10.816
1769835360,10.816,10.82,10.812,10.812
1769835420,10.812,10.816,10.812,10.813
1769835480,10.813,10.813,10.813,10.813
1769835540,10.813,10.813,10.812,10.812
1769835600,10.812,10.813,10.81,10.813
1769835660,10.813,10.813,10.785,10.786
1769835720,10.786,10.791,10.771,10.774
1769835780,10.774,10.791,10.764,10.791
1769835840,10.791,10.795,10.79,10.795
1769835900,10.795,10.795,10.785,10.787
1769835960,10.787,10.792,10.783,10.792
1769836020,10.792,10.793,10.779,10.781
1769836080,10.781,10.784,10.775,10.784
1769836140,10.784,10.785,10.78,10.785
1769836200,10.785,10.787,10.784,10.785
1769836260,10.785,10.785,10.781,10.781
1769836320,10.781,10.784,10.781,10.783
1769836380,10.783,10.788,10.783,10.786
1769836440,10.786,10.79,10.786,10.788
1769836500,10.788,10.788,10.782,10.785
1769836560,10.785,10.785,10.78,10.783
1769836620,10.783,10.784,10.779,10.78
1769836680,10.78,10.788,10.78,10.788
1769836740,10.788,10.788,10.787,10.788
1769836800,10.788,10.788,10.774,10.776
1769836860,10.776,10.778,10.773,10.777
1769836920,10.777,10.794,10.777,10.789
1769836980,10.789,10.792,10.777,10.783
1769837040,10.783,10.814,10.783,10.806
1769837100,10.806,10.806,10.803,10.804
1769837160,10.804,10.805,10.797,10.805
1769837220,10.805,10.813,10.804,10.813
1769837280,10.813,10.814,10.803,10.804
1769837340,10.804,10.806,10.799,10.806
1769837400,10.806,10.807,10.805,10.807
1769837460,10.807,10.814,10.807,10.808
1769837520,10.808,10.81,10.804,10.805
1769837580,10.805,10.805,10.798,10.798
1769837640,10.798,10.807,10.798,10.807
1769837700,10.807,10.807,10.797,10.797
1769837760,10.797,10.804,10.797,10.802
1769837820,10.802,10.803,10.796,10.799
1769837880,10.799,10.814,10.799,10.814
1769837940,10.814,10.819,10.814,10.818
1769838000,10.818,10.819,10.811,10.817
1769838060,10.817,10.818,10.813,10.814
1769838120,10.814,10.814,10.81,10.813
1769838180,10.813,10.817,10.808,10.808
1769838240,10.808,10.809,10.807,10.809
1769838300,10.809,10.809,10.797,10.799
1769838360,10.799,10.802,10.799,10.801
1769838420,10.801,10.813,10.801,10.813
1769838480,10.813,10.815,10.807,10.807
1769838540,10.807,10.815,10.807,10.811
1769838600,10.811,10.817,10.811,10.811
1769838660,10.811,10.811,10.81,10.811
1769838720,10.811,10.815,10.81,10.81
1769838780,10.81,10.813,10.808,10.808
1769838840,10.808,10.811,10.806,10.811
1769838900,10.811,10.811,10.809,10.809
1769838960,10.809,10.809,10.805,10.805
1769839020,10.805,10.805,10.798,10.798
1769839080,10.798,10.805,10.798,10.803
1769839140,10.803,10.805,10.803,10.805
1769839200,10.805,10.806,10.803,10.803
1769839260,10.803,10.809,10.799,10.809
1769839320,10.809,10.813,10.809,10.813
1769839380,10.813,10.818,10.807,10.808
1769839440,10.808,10.808,10.797,10.797
1769839500,10.797,10.797,10.783,10.787
1769839560,10.787,10.799,10.787,10.799
1769839620,10.799,10.8,10.796,10.796
1769839680,10.796,10.799,10.795,10.799
1769839740,10.799,10.799,10.796,10.796
1769839800,10.796,10.798,10.791,10.792
1769839860,10.792,10.798,10.791,10.798
1769839920,10.798,10.798,10.79,10.79
1769839980,10.79,10.79,10.784,10.789
1769840040,10.789,10.792,10.788,10.789
1769840100,10.789,10.793,10.787,10.793
1769840160,10.793,10.795,10.785,10.785
1769840220,10.785,10.79,10.783,10.788
1769840280,10.788,10.791,10.787,10.787
1769840340,10.787,10.789,10.787,10.789
1769840400,10.789,10.791,10.787,10.787
1769840460,10.787,10.787,10.781,10.785
1769840520,10.785,10.785,10.783,10.783
1769840580,10.783,10.783,10.778,10.781
1769840640,10.781,10.785,10.779,10.779
1769840700,10.779,10.779,10.729,10.735
1769840760,10.735,10.737,10.706,10.712
1769840820,10.712,10.717,10.708,10.717
1769840880,10.717,10.725,10.689,10.703
1769840940,10.703,10.703,10.674,10.695
1769841000,10.695,10.721,10.694,10.715
1769841060,10.715,10.715,10.694,10.694
1769841120,10.694,10.699,10.69,10.697
1769841180,10.697,10.701,10.689,10.7
1769841240,10.7,10.705,10.695,10.696
1769841300,10.696,10.698,10.694,10.694
1769841360,10.694,10.706,10.691,10.706
1769841420,10.706,10.712,10.705,10.706
1769841480,10.706,10.711,10.699,10.699
1769841540,10.699,10.704,10.696,10.697
1769841600,10.697,10.699,10.688,10.689
1769841660,10.689,10.697,10.689,10.695
1769841720,10.695,10.697,10.695,10.696
1769841780,10.696,10.701,10.694,10.696
1769841840,10.696,10.704,10.696,10.704
1769841900,10.704,10.714,10.704,10.705
1769841960,10.705,10.71,10.7,10.706
1769842020,10.706,10.717,10.704,10.717
1769842080,10.717,10.717,10.704,10.704
1769842140,10.704,10.704,10.695,10.697
1769842200,10.697,10.708,10.697,10.707
1769842260,10.707,10.723,10.707,10.721
1769842320,10.721,10.726,10.718,10.724
1769842380,10.724,10.727,10.721,10.723
1769842440,10.723,10.725,10.723,10.725
1769842500,10.725,10.728,10.723,10.727
1769842560,10.727,10.73,10.723,10.723
1769842620,10.723,10.725,10.722,10.723
1769842680,10.723,10.726,10.723,10.725
1769842740,10.725,10.726,10.723,10.723
1769842800,10.723,10.727,10.723,10.725
1769842860,10.725,10.725,10.72,10.72
1769842920,10.72,10.722,10.72,10.72
1769842980,10.72,10.723,10.719,10.719
1769843040,10.719,10.722,10.715,10.722
1769843100,10.722,10.733,10.722,10.733
1769843160,10.733,10.733,10.715,10.716
1769843220,10.716,10.719,10.716,10.717
1769843280,10.717,10.72,10.716,10.716
1769843340,10.716,10.716,10.706,10.711
1769843400,10.711,10.72,10.711,10.718
1769843460,10.718,10.718,10.717,10.717
1769843520,10.717,10.717,10.705,10.708
1769843580,10.708,10.715,10.708,10.715
1769843640,10.715,10.715,10.71,10.711
1769843700,10.711,10.713,10.71,10.713
1769843760,10.713,10.713,10.711,10.711
1769843820,10.711,10.716,10.711,10.711
1769843880,10.711,10.713,10.707,10.708
1769843940,10.708,10.711,10.7,10.7
1769844000,10.7,10.707,10.696,10.701
1769844060,10.701,10.703,10.695,10.695
1769844120,10.695,10.697,10.692,10.697
1769844180,10.697,10.7,10.697,10.699
1769844240,10.699,10.705,10.697,10.704
1769844300,10.704,10.712,10.704,10.709
1769844360,10.709,10.712,10.705,10.712
1769844420,10.712,10.713,10.705,10.705
1769844480,10.705,10.706,10.702,10.702
1769844540,10.702,10.702,10.698,10.698
1769844600,10.698,10.699,10.68,10.682
1769844660,10.682,10.684,10.674,10.683
1769844720,10.683,10.684,10.654,10.659
1769844780,10.659,10.661,10.615,10.654
1769844840,10.654,10.66,10.642,10.642
1769844900,10.642,10.649,10.642,10.647
1769844960,10.647,10.648,10.642,10.646
1769845020,10.646,10.646,10.625,10.626
1769845080,10.626,10.63,10.591,10.597
1769845140,10.597,10.598,10.575,10.585
1769845200,10.585,10.606,10.585,10.591
1769845260,10.591,10.594,10.588,10.593
1769845320,10.593,10.601,10.589,10.601
1769845380,10.601,10.602,10.594,10.598
1769845440,10.598,10.607,10.598,10.602
1769845500,10.602,10.613,10.602,10.608
1769845560,10.608,10.623,10.608,10.617
1769845620,10.617,10.632,10.617,10.627
1769845680,10.627,10.632,10.62,10.626
1769845740,10.626,10.626,10.616,10.618
1769845800,10.618,10.628,10.618,10.618
1769845860,10.618,10.624,10.617,10.624
1769845920,10.624,10.635,10.624,10.632
1769845980,10.632,10.635,10.624,10.631
1769846040,10.631,10.634,10.631,10.633
1769846100,10.633,10.637,10.633,10.637
1769846160,10.637,10.637,10.629,10.629
1769846220,10.629,10.642,10.629,10.641
1769846280,10.641,10.646,10.639,10.644
1769846340,10.644,10.646,10.642,10.646
1769846400,10.646,10.661,10.646,10.661
1769846460,10.661,10.668,10.661,10.666
1769846520,10.666,10.672,10.656,10.663
1769846580,10.663,10.671,10.657,10.657
1769846640,10.657,10.658,10.639,10.64
1769846700,10.64,10.649,10.64,10.649
1769846760,10.649,10.654,10.648,10.653
1769846820,10.653,10.656,10.647,10.648
1769846880,10.648,10.649,10.642,10.644
1769846940,10.644,10.647,10.643,10.644
1769847000,10.644,10.644,10.606,10.624
1769847060,10.624,10.628,10.613,10.618
1769847120,10.618,10.625,10.606,10.608
1769847180,10.608,10.627,10.608,10.618
1769847240,10.618,10.628,10.615,10.623
1769847300,10.623,10.623,10.599,10.602
1769847360,10.602,10.613,10.585,10.592
1769847420,10.592,10.597,10.501,10.574
1769847480,10.574,10.587,10.563,10.585
1769847540,10.585,10.591,10.581,10.585
1769847600,10.585,10.593,10.583,10.59
1769847660,10.59,10.6,10.59,10.594
1769847720,10.594,10.595,10.58,10.584
1769847780,10.584,10.588,10.578,10.586
1769847840,10.586,10.586,10.573,10.576
1769847900,10.576,10.585,10.576,10.579
1769847960,10.579,10.585,10.574,10.574
1769848020,10.574,10.574,10.563,10.563
1769848080,10.563,10.565,10.546,10.553
1769848140,10.553,10.563,10.549,10.549
1769848200,10.549,10.551,10.536,10.545
1769848260,10.545,10.549,10.542,10.544
1769848320,10.544,10.56,10.541,10.553
1769848380,10.553,10.553,10.526,10.534
1769848440,10.534,10.538,10.526,10.531
1769848500,10.531,10.533,10.476,10.51
1769848560,10.51,10.51,10.484,10.489
1769848620,10.489,10.522,10.457,10.51
1769848680,10.51,10.517,10.502,10.503
1769848740,10.503,10.503,10.491,10.493
1769848800,10.493,10.5,10.426,10.451
1769848860,10.451,10.489,10.436,10.48
1769848920,10.48,10.483,10.444,10.445
1769848980,10.445,10.47,10.415,10.463
1769849040,10.463,10.482,10.454,10.477
1769849100,10.477,10.486,10.455,10.472
1769849160,10.472,10.479,10.468,10.471
1769849220,10.471,10.488,10.46,10.47
1769849280,10.47,10.471,10.459,10.47
1769849340,10.47,10.485,10.465,10.465
1769849400,10.465,10.488,10.465,10.478
1769849460,10.478,10.52,10.478,10.51
1769849520,10.51,10.521,10.508,10.513
1769849580,10.513,10.542,10.513,10.542
1769849640,10.542,10.558,10.535,10.543
1769849700,10.543,10.56,10.543,10.559
1769849760,10.559,10.56,10.555,10.557
1769849820,10.557,10.576,10.557,10.567
1769849880,10.567,10.575,10.547,10.557
1769849940,10.557,10.564,10.557,10.561
1769850000,10.561,10.568,10.561,10.564
1769850060,10.564,10.565,10.551,10.564
1769850120,10.564,10.572,10.563,10.572
1769850180,10.572,10.593,10.572,10.585
1769850240,10.585,10.595,10.576,10.576
1769850300,10.576,10.598,10.575,10.598
1769850360,10.598,10.598,10.567,10.567
1769850420,10.567,10.574,10.565,10.573
1769850480,10.573,10.577,10.571,10.571
1769850540,10.571,10.579,10.571,10.575
1769850600,10.575,10.584,10.574,10.583
1769850660,10.583,10.587,10.579,10.579
1769850720,10.579,10.585,10.579,10.585
1769850780,10.585,10.591,10.585,10.589
1769850840,10.589,10.599,10.589,10.59
1769850900,10.59,10.597,10.588,10.592
1769850960,10.592,10.598,10.569,10.583
1769851020,10.583,10.597,10.58,10.597
1769851080,10.597,10.599,10.595,10.598
1769851140,10.598,10.598,10.582,10.583
1769851200,10.583,10.591,10.575,10.575
1769851260,10.575,10.577,10.563,10.571
1769851320,10.571,10.575,10.562,10.571
1769851380,10.571,10.574,10.567,10.57
1769851440,10.57,10.571,10.551,10.552
1769851500,10.552,10.554,10.546,10.55
1769851560,10.55,10.559,10.547,10.559
1769851620,10.559,10.56,10.557,10.557
1769851680,10.557,10.558,10.556,10.556
1769851740,10.556,10.567,10.556,10.566
1769851800,10.566,10.58,10.565,10.577
1769851860,10.577,10.603,10.577,10.599
1769851920,10.599,10.633,10.599,10.631
1769851980,10.631,10.64,10.627,10.631
1769852040,10.631,10.648,10.63,10.632
1769852100,10.632,10.641,10.632,10.639
1769852160,10.639,10.639,10.628,10.632
1769852220,10.632,10.632,10.612,10.617
1769852280,10.617,10.626,10.615,10.615
1769852340,10.615,10.623,10.613,10.614
1769852400,10.614,10.616,10.609,10.609
1769852460,10.609,10.613,10.608,10.613
1769852520,10.613,10.617,10.609,10.615
1769852580,10.615,10.617,10.609,10.609
1769852640,10.609,10.613,10.609,10.61
1769852700,10.61,10.61,10.604,10.606
1769852760,10.606,10.609,10.602,10.608
1769852820,10.608,10.608,10.595,10.598
1769852880,10.598,10.598,10.593,10.593
1769852940,10.593,10.593,10.581,10.584
1769853000,10.584,10.603,10.584,10.596
1769853060,10.596,10.596,10.594,10.594
1769853120,10.594,10.594,10.589,10.592
1769853180,10.592,10.601,10.592,10.597
1769853240,10.597,10.601,10.597,10.6
1769853300,10.6,10.604,10.598,10.602
1769853360,10.602,10.608,10.602,10.608
1769853420,10.608,10.608,10.603,10.605
1769853480,10.605,10.606,10.601,10.601
1769853540,10.601,10.601,10.593,10.593
1769853600,10.593,10.597,10.586,10.591
1769853660,10.591,10.595,10.585,10.585
1769853720,10.585,10.585,10.576,10.582
1769853780,10.582,10.59,10.582,10.583
1769853840,10.583,10.583,10.566,10.577
1769853900,10.577,10.585,10.577,10.584
1769853960,10.584,10.585,10.581,10.582
1769854020,10.582,10.582,10.567,10.569
1769854080,10.569,10.572,10.564,10.567
1769854140,10.567,10.569,10.558,10.561
1769854200,10.561,10.565,10.558,10.56
1769854260,10.56,10.562,10.56,10.561
1769854320,10.561,10.561,10.552,10.558
1769854380,10.558,10.563,10.558,10.561
1769854440,10.561,10.563,10.56,10.561
1769854500,10.561,10.572,10.561,10.572
1769854560,10.572,10.572,10.563,10.564
1769854620,10.564,10.574,10.561,10.574
1769854680,10.574,10.576,10.565,10.567
1769854740,10.567,10.571,10.565,10.565
1769854800,10.565,10.58,10.565,10.574
1769854860,10.574,10.578,10.571,10.578
1769854920,10.578,10.578,10.572,10.572
1769854980,10.572,10.582,10.572,10.578
1769855040,10.578,10.579,10.571,10.571
1769855100,10.571,10.592,10.571,10.592
1769855160,10.592,10.594,10.588,10.588
1769855220,10.588,10.59,10.585,10.588
1769855280,10.588,10.59,10.586,10.588
1769855340,10.588,10.593,10.588,10.592
1769855400,10.592,10.607,10.589,10.6
1769855460,10.6,10.623,10.6,10.623
1769855520,10.623,10.638,10.623,10.637
1769855580,10.637,10.637,10.618,10.618
1769855640,10.618,10.618,10.603,10.604
1769855700,10.604,10.611,10.604,10.606
1769855760,10.606,10.614,10.606,10.614
1769855820,10.614,10.618,10.609,10.616
1769855880,10.616,10.616,10.608,10.611
1769855940,10.611,10.616,10.611,10.616
1769856000,10.616,10.616,10.613,10.615
1769856060,10.615,10.619,10.615,10.619
1769856120,10.619,10.629,10.619,10.626
1769856180,10.626,10.626,10.619,10.624
1769856240,10.624,10.627,10.624,10.625
1769856300,10.625,10.627,10.623,10.623
1769856360,10.623,10.627,10.622,10.627
1769856420,10.627,10.633,10.623,10.623
1769856480,10.623,10.627,10.622,10.627
1769856540,10.627,10.629,10.627,10.628
1769856600,10.628,10.632,10.628,10.632
1769856660,10.632,10.632,10.622,10.622
1769856720,10.622,10.626,10.622,10.626
1769856780,10.626,10.628,10.626,10.628
1769856840,10.628,10.629,10.623,10.623
1769856900,10.623,10.632,10.623,10.627
1769856960,10.627,10.627,10.621,10.622
1769857020,10.622,10.624,10.621,10.624
1769857080,10.624,10.624,10.615,10.615
1769857140,10.615,10.617,10.614,10.617
1769857200,10.617,10.617,10.597,10.597
1769857260,10.597,10.603,10.594,10.596
1769857320,10.596,10.597,10.584,10.586
1769857380,10.586,10.594,10.586,10.589
1769857440,10.589,10.59,10.585,10.588
1769857500,10.588,10.591,10.581,10.581
1769857560,10.581,10.591,10.581,10.591
1769857620,10.591,10.592,10.588,10.588
1769857680,10.588,10.592,10.588,10.591
1769857740,10.591,10.591,10.584,10.585
1769857800,10.585,10.586,10.567,10.572
1769857860,10.572,10.572,10.568,10.57
1769857920,10.57,10.572,10.569,10.569
1769857980,10.569,10.574,10.563,10.572
1769858040,10.572,10.572,10.569,10.572
1769858100,10.572,10.576,10.569,10.576
1769858160,10.576,10.583,10.576,10.58
1769858220,10.58,10.58,10.572,10.572
1769858280,10.572,10.583,10.572,10.581
1769858340,10.581,10.592,10.58,10.59
1769858400,10.59,10.608,10.589,10.604
1769858460,10.604,10.609,10.6,10.606
1769858520,10.606,10.609,10.606,10.608
1769858580,10.608,10.616,10.608,10.613
1769858640,10.613,10.618,10.608,10.618
1769858700,10.618,10.622,10.616,10.622
1769858760,10.622,10.63,10.622,10.629
1769858820,10.629,10.629,10.62,10.621
1769858880,10.621,10.627,10.621,10.621
1769858940,10.621,10.626,10.621,10.623
1769859000,10.623,10.625,10.618,10.62
1769859060,10.62,10.628,10.62,10.628
1769859120,10.628,10.631,10.616,10.622
1769859180,10.622,10.622,10.616,10.616
1769859240,10.616,10.616,10.608,10.611
1769859300,10.611,10.613,10.607,10.612
1769859360,10.612,10.616,10.61,10.61
1769859420,10.61,10.61,10.602,10.605
1769859480,10.605,10.608,10.601,10.606
1769859540,10.606,10.606,10.602,10.603
1769859600,10.603,10.603,10.597,10.602
1769859660,10.602,10.605,10.6,10.603
1769859720,10.603,10.605,10.6,10.6
1769859780,10.6,10.601,10.598,10.598
1769859840,10.598,10.598,10.586,10.586
1769859900,10.586,10.589,10.58,10.581
1769859960,10.581,10.581,10.571,10.571
1769860020,10.571,10.581,10.571,10.581
1769860080,10.581,10.582,10.569,10.569
1769860140,10.569,10.577,10.569,10.576
1769860200,10.576,10.576,10.57,10.573
1769860260,10.573,10.573,10.557,10.57
1769860320,10.57,10.57,10.56,10.562
1769860380,10.562,10.58,10.562,10.576
1769860440,10.576,10.585,10.573,10.584
1769860500,10.584,10.584,10.579,10.583
1769860560,10.583,10.588,10.583,10.584
1769860620,10.584,10.584,10.577,10.582
1769860680,10.582,10.583,10.574,10.574
1769860740,10.574,10.587,10.574,10.586
1769860800,10.586,10.586,10.576,10.58
1769860860,10.58,10.585,10.579,10.579
1769860920,10.579,10.586,10.576,10.58
1769860980,10.58,10.584,10.579,10.579
1769861040,10.579,10.582,10.576,10.576
1769861100,10.576,10.579,10.573,10.579
1769861160,10.579,10.579,10.577,10.577
1769861220,10.577,10.58,10.577,10.578
1769861280,10.578,10.589,10.578,10.587
1769861340,10.587,10.591,10.587,10.587
1769861400,10.587,10.587,10.556,10.563
1769861460,10.563,10.569,10.552,10.554
1769861520,10.554,10.56,10.55,10.558
1769861580,10.558,10.558,10.534,10.539
1769861640,10.539,10.55,10.539,10.549
1769861700,10.549,10.554,10.545,10.545
1769861760,10.545,10.569,10.545,10.569
1769861820,10.569,10.569,10.56,10.563
1769861880,10.563,10.563,10.557,10.563
1769861940,10.563,10.58,10.559,10.58
1769862000,10.58,10.593,10.58,10.586
1769862060,10.586,10.586,10.568,10.571
1769862120,10.571,10.581,10.567,10.581
1769862180,10.581,10.585,10.58,10.581
1769862240,10.581,10.589,10.574,10.581
1769862300,10.581,10.582,10.578,10.58
1769862360,10.58,10.588,10.577,10.588
1769862420,10.588,10.589,10.582,10.584
1769862480,10.584,10.588,10.584,10.588
1769862540,10.588,10.599,10.585,10.597
1769862600,10.597,10.599,10.59,10.591
1769862660,10.591,10.591,10.575,10.576
1769862720,10.576,10.592,10.571,10.59
1769862780,10.59,10.595,10.58,10.58
1769862840,10.58,10.583,10.575,10.582
1769862900,10.582,10.583,10.578,10.582
1769862960,10.582,10.588,10.577,10.583
1769863020,10.583,10.583,10.557,10.574
1769863080,10.574,10.598,10.574,10.591
1769863140,10.591,10.591,10.581,10.584
1769863200,10.584,10.59,10.583,10.589
1769863260,10.589,10.589,10.581,10.586
1769863320,10.586,10.586,10.575,10.578
1769863380,10.578,10.583,10.576,10.581
1769863440,10.581,10.581,10.573,10.576
1769863500,10.576,10.582,10.576,10.58
1769863560,10.58,10.58,10.572,10.572
1769863620,10.572,10.572,10.56,10.568
1769863680,10.568,10.568,10.554,10.554
1769863740,10.554,10.557,10.55,10.556
1769863800,10.556,10.556,10.544,10.549
1769863860,10.549,10.555,10.546,10.546
1769863920,10.546,10.555,10.545,10.546
1769863980,10.546,10.559,10.546,10.559
1769864040,10.559,10.566,10.559,10.566
1769864100,10.566,10.572,10.554,10.559
1769864160,10.559,10.574,10.559,10.57
1769864220,10.57,10.57,10.551,10.551
1769864280,10.551,10.554,10.548,10.55
1769864340,10.55,10.552,10.538,10.548
1769864400,10.548,10.552,10.538,10.542
1769864460,10.542,10.545,10.538,10.538
1769864520,10.538,10.553,10.535,10.542
1769864580,10.542,10.542,10.529,10.537
1769864640,10.537,10.545,10.53,10.545
1769864700,10.545,10.55,10.545,10.547
1769864760,10.547,10.551,10.542,10.548
1769864820,10.548,10.553,10.546,10.553
1769864880,10.553,10.563,10.553,10.562
1769864940,10.562,10.563,10.558,10.56
1769865000,10.56,10.56,10.534,10.534
1769865060,10.534,10.544,10.534,10.544
1769865120,10.544,10.544,10.536,10.536
1769865180,10.536,10.538,10.522,10.526
1769865240,10.526,10.541,10.524,10.529
1769865300,10.529,10.537,10.529,10.537
1769865360,10.537,10.537,10.533,10.537
1769865420,10.537,10.542,10.536,10.542
1769865480,10.542,10.551,10.542,10.547
1769865540,10.547,10.547,10.511,10.526
1769865600,10.526,10.531,10.523,10.526
1769865660,10.526,10.534,10.526,10.53
1769865720,10.53,10.531,10.517,10.531
1769865780,10.531,10.536,10.531,10.531
1769865840,10.531,10.535,10.528,10.529
1769865900,10.529,10.539,10.528,10.532
1769865960,10.532,10.538,10.526,10.532
1769866020,10.532,10.532,10.526,10.526
1769866080,10.526,10.528,10.521,10.528
1769866140,10.528,10.53,10.526,10.529
1769866200,10.529,10.531,10.523,10.523
1769866260,10.523,10.532,10.521,10.522
1769866320,10.522,10.526,10.478,10.482
1769866380,10.482,10.496,10.475,10.478
1769866440,10.478,10.478,10.452,10.459
1769866500,10.459,10.479,10.459,10.479
1769866560,10.479,10.498,10.458,10.458
1769866620,10.458,10.469,10.458,10.46
1769866680,10.46,10.464,10.447,10.456
1769866740,10.456,10.467,10.456,10.457
1769866800,10.457,10.474,10.457,10.465
1769866860,10.465,10.469,10.458,10.46
1769866920,10.46,10.466,10.457,10.458
1769866980,10.458,10.462,10.44,10.456
1769867040,10.456,10.463,10.456,10.459
1769867100,10.459,10.462,10.448,10.45
1769867160,10.45,10.471,10.447,10.459
1769867220,10.459,10.476,10.456,10.461
1769867280,10.461,10.465,10.457,10.465
1769867340,10.465,10.467,10.456,10.467
1769867400,10.467,10.469,10.456,10.465
1769867460,10.465,10.471,10.455,10.455
1769867520,10.455,10.459,10.444,10.45
1769867580,10.45,10.462,10.45,10.459
1769867640,10.459,10.464,10.457,10.461
1769867700,10.461,10.465,10.454,10.455
1769867760,10.455,10.458,10.454,10.455
1769867820,10.455,10.458,10.451,10.456
1769867880,10.456,10.463,10.449,10.461
1769867940,10.461,10.47,10.46,10.467
1769868000,10.467,10.486,10.467,10.476
1769868060,10.476,10.48,10.464,10.464
1769868120,10.464,10.464,10.447,10.451
1769868180,10.451,10.466,10.451,10.455
1769868240,10.455,10.479,10.455,10.479
1769868300,10.479,10.492,10.472,10.473
1769868360,10.473,10.49,10.473,10.483
1769868420,10.483,10.483,10.448,10.453
1769868480,10.453,10.453,10.405,10.408
1769868540,10.408,10.415,10.4,10.407
1769868600,10.407,10.416,10.367,10.368
1769868660,10.368,10.413,10.367,10.39
1769868720,10.39,10.396,10.373,10.386
1769868780,10.386,10.393,10.379,10.393
1769868840,10.393,10.4,10.351,10.393
1769868900,10.393,10.396,10.357,10.385
1769868960,10.385,10.402,10.378,10.401
1769869020,10.401,10.403,10.371,10.379
1769869080,10.379,10.38,10.334,10.341
1769869140,10.341,10.355,10.323,10.342
1769869200,10.342,10.359,10.34,10.346
1769869260,10.346,10.369,10.34,10.348
1769869320,10.348,10.352,10.295,10.297
1769869380,10.297,10.32,10.26,10.282
1769869440,10.282,10.291,10.234,10.247
1769869500,10.247,10.289,10.238,10.25
1769869560,10.25,10.264,10.019,10.123
1769869620,10.123,10.165,10.051,10.134
1769869680,10.134,10.145,10.075,10.104
1769869740,10.104,10.133,10.059,10.096
1769869800,10.096,10.141,10.051,10.117
1769869860,10.117,10.117,10.031,10.035
1769869920,10.035,10.102,10.024,10.102
1769869980,10.102,10.131,10.076,10.106
1769870040,10.106,10.13,10.091,10.111
1769870100,10.111,10.124,10.094,10.102
1769870160,10.102,10.119,10.058,10.067
1769870220,10.067,10.083,10.025,10.045
1769870280,10.045,10.07,9.973,10.042
1769870340,10.042,10.085,10.024,10.067
1769870400,10.067,10.067,10.04,10.04
1769870460,10.04,10.068,10.027,10.032
1769870520,10.032,10.047,10.007,10.024
1769870580,10.024,10.035,10.017,10.024
1769870640,10.024,10.042,10.012,10.03
1769870700,10.03,10.063,9.988,10.057
1769870760,10.057,10.114,10.045,10.081
1769870820,10.081,10.102,10.059,10.062
1769870880,10.062,10.101,10.061,10.094
1769870940,10.094,10.101,10.069,10.071
1769871000,10.071,10.091,10.05,10.053
1769871060,10.053,10.065,10.044,10.064
1769871120,10.064,10.078,10.063,10.071
1769871180,10.071,10.082,10.066,10.075
1769871240,10.075,10.137,10.072,10.131
1769871300,10.131,10.151,10.119,10.138
1769871360,10.138,10.138,10.095,10.109
1769871420,10.109,10.135,10.108,10.127
1769871480,10.127,10.135,10.119,10.125
1769871540,10.125,10.128,10.113,10.114
1769871600,10.114,10.151,10.104,10.127
1769871660,10.127,10.127,10.1,10.109
1769871720,10.109,10.127,10.103,10.11
1769871780,10.11,10.125,10.101,10.11
1769871840,10.11,10.11,10.095,10.106
1769871900,10.106,10.183,10.103,10.178
1769871960,10.178,10.208,10.172,10.184
1769872020,10.184,10.193,10.174,10.193
1769872080,10.193,10.193,10.16,10.166
1769872140,10.166,10.177,10.154,10.171
1769872200,10.171,10.171,10.154,10.171
1769872260,10.171,10.171,10.156,10.165
1769872320,10.165,10.172,10.157,10.166
1769872380,10.166,10.169,10.155,10.165
1769872440,10.165,10.165,10.148,10.155
1769872500,10.155,10.156,10.138,10.147
1769872560,10.147,10.153,10.137,10.153
1769872620,10.153,10.168,10.146,10.164
1769872680,10.164,10.186,10.162,10.182
1769872740,10.182,10.191,10.173,10.173
1769872800,10.173,10.179,10.155,10.158
1769872860,10.158,10.161,10.152,10.155
1769872920,10.155,10.159,10.148,10.157
1769872980,10.157,10.157,10.129,10.131
1769873040,10.131,10.136,10.115,10.123
1769873100,10.123,10.145,10.119,10.135
1769873160,10.135,10.166,10.135,10.146
1769873220,10.146,10.152,10.141,10.147
1769873280,10.147,10.166,10.146,10.159
1769873340,10.159,10.171,10.157,10.168
1769873400,10.168,10.182,10.163,10.172
1769873460,10.172,10.188,10.167,10.167
1769873520,10.167,10.223,10.163,10.218
1769873580,10.218,10.222,10.207,10.207
1769873640,10.207,10.217,10.201,10.213
1769873700,10.213,10.213,10.196,10.197
1769873760,10.197,10.197,10.178,10.187
1769873820,10.187,10.19,10.177,10.186
1769873880,10.186,10.2,10.183,10.193
1769873940,10.193,10.196,10.18,10.195
1769874000,10.195,10.197,10.189,10.195
1769874060,10.195,10.202,10.189,10.199
1769874120,10.199,10.213,10.194,10.197
1769874180,10.197,10.199,10.177,10.186
1769874240,10.186,10.204,10.183,10.201
1769874300,10.201,10.215,10.199,10.208
1769874360,10.208,10.214,10.188,10.189
1769874420,10.189,10.197,10.177,10.18
1769874480,10.18,10.205,10.18,10.202
1769874540,10.202,10.209,10.191,10.206
1769874600,10.206,10.206,10.184,10.197
1769874660,10.197,10.197,10.175,10.184
1769874720,10.184,10.19,10.179,10.18
1769874780,10.18,10.18,10.171,10.172
1769874840,10.172,10.181,10.165,10.176
1769874900,10.176,10.182,10.174,10.181
1769874960,10.181,10.188,10.181,10.182
1769875020,10.182,10.182,10.131,10.147
1769875080,10.147,10.151,10.137,10.148
1769875140,10.148,10.167,10.148,10.158
1769875200,10.158,10.175,10.154,10.172
1769875260,10.172,10.173,10.156,10.159
1769875320,10.159,10.168,10.15,10.159
1769875380,10.159,10.174,10.151,10.159
1769875440,10.159,10.16,10.15,10.152
1769875500,10.152,10.157,10.147,10.149
1769875560,10.149,10.165,10.149,10.162
1769875620,10.162,10.162,10.119,10.142
1769875680,10.142,10.152,10.128,10.136
1769875740,10.136,10.137,10.113,10.115
1769875800,10.115,10.175,10.115,10.166
1769875860,10.166,10.17,10.148,10.151
1769875920,10.151,10.173,10.151,10.158
1769875980,10.158,10.159,10.15,10.15
1769876040,10.15,10.153,10.14,10.153
1769876100,10.153,10.154,10.143,10.143
1769876160,10.143,10.143,10.091,10.096
1769876220,10.096,10.185,10.09,10.178
1769876280,10.178,10.255,10.173,10.236
1769876340,10.236,10.237,10.208,10.211
1769876400,10.211,10.238,10.186,10.238
1769876460,10.238,10.291,10.225,10.239
1769876520,10.239,10.253,10.227,10.243
1769876580,10.243,10.274,10.243,10.259
1769876640,10.259,10.274,10.249,10.25
1769876700,10.25,10.262,10.217,10.219
1769876760,10.219,10.222,10.203,10.208
1769876820,10.208,10.208,10.178,10.181
1769876880,10.181,10.184,10.162,10.175
1769876940,10.175,10.182,10.173,10.177
1769877000,10.177,10.192,10.172,10.188
1769877060,10.188,10.205,10.18,10.204
1769877120,10.204,10.206,10.188,10.193
1769877180,10.193,10.198,10.182,10.196
1769877240,10.196,10.197,10.181,10.182
1769877300,10.182,10.186,10.16,10.163
1769877360,10.163,10.165,10.151,10.159
1769877420,10.159,10.186,10.159,10.176
1769877480,10.176,10.183,10.166,10.172
1769877540,10.172,10.172,10.16,10.166
1769877600,10.166,10.167,10.153,10.167
1769877660,10.167,10.176,10.166,10.175
1769877720,10.175,10.179,10.172,10.178
1769877780,10.178,10.182,10.162,10.162
1769877840,10.162,10.167,10.155,10.157
1769877900,10.157,10.157,10.148,10.149
1769877960,10.149,10.155,10.141,10.144
1769878020,10.144,10.147,10.056,10.071
1769878080,10.071,10.149,10.059,10.131
1769878140,10.131,10.144,10.113,10.133
1769878200,10.133,10.144,10.127,10.129
1769878260,10.129,10.135,10.113,10.117
1769878320,10.117,10.142,10.117,10.125
1769878380,10.125,10.125,10.066,10.066
1769878440,10.066,10.092,10.064,10.073
1769878500,10.073,10.089,10.063,10.076
1769878560,10.076,10.091,10.071,10.076
1769878620,10.076,10.079,10.021,10.049
1769878680,10.049,10.085,10.047,10.062
1769878740,10.062,10.08,10.062,10.067
1769878800,10.067,10.092,10.065,10.092
1769878860,10.092,10.097,10.072,10.075
1769878920,10.075,10.084,10.072,10.084
1769878980,10.084,10.103,10.075,10.1
1769879040,10.1,10.112,10.084,10.091
1769879100,10.091,10.091,10.048,10.052
1769879160,10.052,10.084,10.045,10.069
1769879220,10.069,10.073,10.059,10.066
1769879280,10.066,10.067,9.994,9.997
1769879340,9.997,10.045,9.986,9.986
1769879400,9.986,10.002,9.888,9.933
1769879460,9.933,9.954,9.625,9.661
1769879520,9.661,9.793,9.528,9.72
1769879580,9.72,9.83,9.676,9.827
1769879640,9.827,9.89,9.76,9.769
1769879700,9.769,9.847,9.76,9.818
1769879760,9.818,9.858,9.798,9.804
1769879820,9.804,9.853,9.804,9.823
1769879880,9.823,9.855,9.821,9.846
1769879940,9.846,9.871,9.815,9.824
1769880000,9.824,9.826,9.756,9.785
1769880060,9.785,9.805,9.768,9.783
1769880120,9.783,9.806,9.764,9.797
1769880180,9.797,9.81,9.768,9.776
1769880240,9.776,9.833,9.771,9.791
1769880300,9.791,9.803,9.771,9.785
1769880360,9.785,9.796,9.75,9.767
1769880420,9.767,9.795,9.759,9.783
1769880480,9.783,9.791,9.761,9.779
1769880540,9.779,9.807,9.779,9.793
1769880600,9.793,9.825,9.775,9.786
1769880660,9.786,9.804,9.782,9.782
1769880720,9.782,9.802,9.771,9.771
1769880780,9.771,9.771,9.701,9.712
1769880840,9.712,9.749,9.699,9.699
1769880900,9.699,9.738,9.676,9.725
1769880960,9.725,9.846,9.725,9.831
1769881020,9.831,9.849,9.789,9.797
1769881080,9.797,9.815,9.778,9.782
1769881140,9.782,9.795,9.775,9.778
1769881200,9.778,9.784,9.749,9.751
1769881260,9.751,9.756,9.73,9.73
1769881320,9.73,9.745,9.724,9.724
1769881380,9.724,9.759,9.724,9.759
1769881440,9.759,9.777,9.744,9.763
1769881500,9.763,9.809,9.763,9.8
1769881560,9.8,9.8,9.743,9.747
1769881620,9.747,9.747,9.705,9.717
1769881680,9.717,9.73,9.694,9.703
1769881740,9.703,9.713,9.697,9.702
1769881800,9.702,9.733,9.696,9.721
1769881860,9.721,9.775,9.72,9.753
1769881920,9.753,9.765,9.728,9.754
1769881980,9.754,9.769,9.754,9.757
1769882040,9.757,9.758,9.732,9.744
1769882100,9.744,9.786,9.741,9.761
1769882160,9.761,9.786,9.757,9.776
1769882220,9.776,9.779,9.745,9.762
1769882280,9.762,9.769,9.753,9.756
1769882340,9.756,9.775,9.756,9.774
1769882400,9.774,9.824,9.761,9.82
1769882460,9.82,9.825,9.791,9.807
1769882520,9.807,9.828,9.799,9.806
1769882580,9.806,9.806,9.777,9.777
1769882640,9.777,9.788,9.768,9.788
1769882700,9.788,9.83,9.788,9.816
1769882760,9.816,9.816,9.795,9.803
1769882820,9.803,9.817,9.795,9.811
1769882880,9.811,9.811,9.785,9.786
1769882940,9.786,9.826,9.786,9.825
1769883000,9.825,9.844,9.814,9.828
1769883060,9.828,9.841,9.822,9.828
1769883120,9.828,9.839,9.821,9.836
1769883180,9.836,9.836,9.813,9.817
1769883240,9.817,9.817,9.784,9.792
1769883300,9.792,9.794,9.768,9.771
1769883360,9.771,9.787,9.757,9.759
1769883420,9.759,9.79,9.759,9.773
1769883480,9.773,9.773,9.727,9.73
1769883540,9.73,9.757,9.729,9.738
1769883600,9.738,9.742,9.71,9.717
1769883660,9.717,9.734,9.696,9.726
1769883720,9.726,9.787,9.723,9.755
1769883780,9.755,9.761,9.743,9.76
1769883840,9.76,9.76,9.737,9.739
1769883900,9.739,9.762,9.739,9.754
1769883960,9.754,9.755,9.732,9.74
1769884020,9.74,9.754,9.74,9.749
1769884080,9.749,9.787,9.748,9.773
1769884140,9.773,9.782,9.766,9.779
1769884200,9.779,9.796,9.769,9.794
1769884260,9.794,9.801,9.763,9.773
1769884320,9.773,9.774,9.758,9.77
1769884380,9.77,9.77,9.739,9.739
1769884440,9.739,9.739,9.724,9.729
1769884500,9.729,9.729,9.68,9.691
1769884560,9.691,9.701,9.686,9.692
1769884620,9.692,9.692,9.639,9.643
1769884680,9.643,9.659,9.583,9.638
1769884740,9.638,9.667,9.607,9.613
1769884800,9.613,9.63,9.541,9.568
1769884860,9.568,9.606,9.566,9.578
1769884920,9.578,9.599,9.554,9.561
1769884980,9.561,9.564,9.173,9.182
1769885040,9.182,9.588,9.139,9.583
1769885100,9.583,9.716,9.547,9.705
1769885160,9.705,9.79,9.697,9.713
1769885220,9.713,9.743,9.676,9.712
1769885280,9.712,9.715,9.673,9.703
1769885340,9.703,9.725,9.682,9.72
1769885400,9.72,9.755,9.691,9.702
1769885460,9.702,9.708,9.677,9.706
1769885520,9.706,9.784,9.694,9.759
1769885580,9.759,9.769,9.725,9.769
1769885640,9.769,9.781,9.727,9.762
1769885700,9.762,9.77,9.735,9.75
1769885760,9.75,9.794,9.743,9.787
1769885820,9.787,9.81,9.782,9.79
1769885880,9.79,9.806,9.755,9.758
1769885940,9.758,9.78,9.758,9.775
1769886000,9.775,9.849,9.775,9.828
1769886060,9.828,9.829,9.777,9.796
1769886120,9.796,9.813,9.777,9.787
1769886180,9.787,9.805,9.776,9.781
1769886240,9.781,9.793,9.774,9.789
1769886300,9.789,9.807,9.781,9.791
1769886360,9.791,9.834,9.785,9.785
1769886420,9.785,9.81,9.773,9.81
1769886480,9.81,9.83,9.793,9.813
1769886540,9.813,9.855,9.794,9.851
1769886600,9.851,9.902,9.85,9.859
1769886660,9.859,9.859,9.825,9.841
1769886720,9.841,9.856,9.828,9.846
1769886780,9.846,9.868,9.831,9.868
1769886840,9.868,9.895,9.852,9.891
1769886900,9.891,9.92,9.879,9.92
1769886960,9.92,9.956,9.913,9.934
1769887020,9.934,9.935,9.901,9.909
1769887080,9.909,9.924,9.896,9.898
1769887140,9.898,9.912,9.892,9.912
1769887200,9.912,9.913,9.895,9.897
1769887260,9.897,9.897,9.863,9.867
1769887320,9.867,9.868,9.828,9.832
1769887380,9.832,9.847,9.826,9.831
1769887440,9.831,9.847,9.824,9.84
1769887500,9.84,9.863,9.836,9.848
1769887560,9.848,9.866,9.838,9.854
1769887620,9.854,9.873,9.846,9.849
1769887680,9.849,9.884,9.84,9.877
1769887740,9.877,9.877,9.864,9.865
1769887800,9.865,9.883,9.864,9.87
1769887860,9.87,9.873,9.846,9.86
1769887920,9.86,9.862,9.807,9.813
1769887980,9.813,9.832,9.813,9.82
1769888040,9.82,9.834,9.815,9.834
1769888100,9.834,9.84,9.818,9.82
1769888160,9.82,9.832,9.807,9.807
1769888220,9.807,9.825,9.796,9.806
1769888280,9.806,9.806,9.779,9.786
1769888340,9.786,9.797,9.776,9.785
1769888400,9.785,9.802,9.777,9.781
1769888460,9.781,9.785,9.773,9.778
1769888520,9.778,9.784,9.761,9.771
1769888580,9.771,9.828,9.771,9.801
1769888640,9.801,9.81,9.79,9.805
1769888700,9.805,9.826,9.791,9.824
1769888760,9.824,9.845,9.801,9.843
1769888820,9.843,9.892,9.842,9.867
1769888880,9.867,9.881,9.855,9.867
1769888940,9.867,9.885,9.851,9.885
1769889000,9.885,9.89,9.873,9.882
1769889060,9.882,9.89,9.867,9.89
1769889120,9.89,9.891,9.861,9.874
1769889180,9.874,9.874,9.853,9.855
1769889240,9.855,9.857,9.838,9.848
1769889300,9.848,9.854,9.84,9.843
1769889360,9.843,9.866,9.834,9.858
1769889420,9.858,9.866,9.839,9.839
1769889480,9.839,9.854,9.839,9.839
1769889540,9.839,9.843,9.825,9.827
1769889600,9.827,9.862,9.827,9.856
1769889660,9.856,9.86,9.844,9.849
1769889720,9.849,9.858,9.828,9.835
1769889780,9.835,9.836,9.802,9.803
1769889840,9.803,9.824,9.802,9.813
1769889900,9.813,9.826,9.804,9.826
1769889960,9.826,9.871,9.826,9.862
1769890020,9.862,9.872,9.854,9.868
1769890080,9.868,9.868,9.834,9.838
1769890140,9.838,9.846,9.838,9.839
1769890200,9.839,9.844,9.82,9.833
1769890260,9.833,9.837,9.829,9.829
1769890320,9.829,9.832,9.794,9.797
1769890380,9.797,9.809,9.794,9.796
1769890440,9.796,9.8,9.782,9.786
1769890500,9.786,9.794,9.775,9.787
1769890560,9.787,9.788,9.775,9.787
1769890620,9.787,9.789,9.775,9.778
1769890680,9.778,9.785,9.774,9.782
1769890740,9.782,9.798,9.778,9.796
1769890800,9.796,9.8,9.782,9.79
1769890860,9.79,9.804,9.782,9.802
1769890920,9.802,9.94,9.8,9.891
1769890980,9.891,9.893,9.839,9.839
1769891040,9.839,9.843,9.817,9.817
1769891100,9.817,9.826,9.81,9.811
1769891160,9.811,9.812,9.784,9.792
1769891220,9.792,9.8,9.787,9.787
1769891280,9.787,9.793,9.778,9.785
1769891340,9.785,9.792,9.769,9.769
1769891400,9.769,9.773,9.749,9.756
1769891460,9.756,9.767,9.754,9.756
1769891520,9.756,9.763,9.73,9.743
1769891580,9.743,9.755,9.739,9.753
1769891640,9.753,9.764,9.742,9.764
1769891700,9.764,9.787,9.752,9.754
1769891760,9.754,9.775,9.753,9.761
1769891820,9.761,9.768,9.757,9.768
1769891880,9.768,9.781,9.743,9.774
1769891940,9.774,9.778,9.756,9.768
1769892000,9.768,9.784,9.76,9.783
1769892060,9.783,9.796,9.775,9.79
1769892120,9.79,9.814,9.789,9.813
1769892180,9.813,9.877,9.813,9.845
1769892240,9.845,9.856,9.828,9.854
1769892300,9.854,9.857,9.829,9.832
1769892360,9.832,9.873,9.829,9.868
1769892420,9.868,9.872,9.857,9.857
1769892480,9.857,9.867,9.857,9.86
1769892540,9.86,9.86,9.827,9.831
1769892600,9.831,9.837,9.821,9.833
1769892660,9.833,9.841,9.828,9.829
1769892720,9.829,9.837,9.826,9.831
1769892780,9.831,9.835,9.817,9.827
1769892840,9.827,9.838,9.825,9.834
1769892900,9.834,9.842,9.83,9.842
1769892960,9.842,9.886,9.838,9.88
1769893020,9.88,9.88,9.864,9.875
1769893080,9.875,9.894,9.87,9.886
1769893140,9.886,9.886,9.87,9.871
1769893200,9.871,9.915,9.867,9.909
1769893260,9.909,9.924,9.897,9.908
1769893320,9.908,9.908,9.858,9.861
1769893380,9.861,9.868,9.828,9.834
1769893440,9.834,9.846,9.824,9.83
1769893500,9.83,9.841,9.829,9.829
1769893560,9.829,9.846,9.829,9.841
1769893620,9.841,9.867,9.84,9.866
1769893680,9.866,9.879,9.86,9.862
1769893740,9.862,9.872,9.861,9.872
1769893800,9.872,9.872,9.857,9.864
1769893860,9.864,9.865,9.847,9.857
1769893920,9.857,9.866,9.855,9.862
1769893980,9.862,9.868,9.854,9.859
1769894040,9.859,9.86,9.849,9.856
1769894100,9.856,9.885,9.854,9.881
1769894160,9.881,9.895,9.869,9.893
1769894220,9.893,9.908,9.886,9.906
1769894280,9.906,9.914,9.896,9.9
1769894340,9.9,9.901,9.88,9.895
1769894400,9.895,9.895,9.863,9.866
1769894460,9.866,9.867,9.839,9.839
1769894520,9.839,9.86,9.829,9.829
1769894580,9.829,9.853,9.828,9.849
1769894640,9.849,9.868,9.848,9.854
1769894700,9.854,9.863,9.851,9.863
1769894760,9.863,9.881,9.86,9.881
1769894820,9.881,9.915,9.878,9.906
1769894880,9.906,9.932,9.905,9.922
1769894940,9.922,9.925,9.909,9.912
1769895000,9.912,9.914,9.89,9.89
1769895060,9.89,9.893,9.867,9.89
1769895120,9.89,9.899,9.877,9.899
1769895180,9.899,9.899,9.867,9.868
1769895240,9.868,9.902,9.868,9.902
1769895300,9.902,9.935,9.898,9.924
1769895360,9.924,9.924,9.911,9.917
1769895420,9.917,9.955,9.912,9.951
1769895480,9.951,9.962,9.937,9.953
1769895540,9.953,9.955,9.939,9.947
1769895600,9.947,9.954,9.935,9.949
1769895660,9.949,9.962,9.94,9.956
1769895720,9.956,9.968,9.942,9.946
1769895780,9.946,9.95,9.937,9.947
1769895840,9.947,9.95,9.936,9.947
1769895900,9.947,9.95,9.933,9.933
1769895960,9.933,9.939,9.931,9.936
1769896020,9.936,9.944,9.933,9.943
1769896080,9.943,9.954,9.938,9.948
1769896140,9.948,9.96,9.938,9.951
1769896200,9.951,9.962,9.946,9.962
1769896260,9.962,9.982,9.953,9.977
1769896320,9.977,9.983,9.968,9.972
1769896380,9.972,9.996,9.969,9.986
1769896440,9.986,9.986,9.974,9.98
1769896500,9.98,9.985,9.979,9.982
1769896560,9.982,9.983,9.971,9.976
1769896620,9.976,9.976,9.964,9.965
1769896680,9.965,9.981,9.965,9.979
1769896740,9.979,9.979,9.943,9.968
1769896800,9.968,9.974,9.961,9.962
1769896860,9.962,9.979,9.954,9.979
1769896920,9.979,9.979,9.967,9.973
1769896980,9.973,9.986,9.961,9.976
1769897040,9.976,9.985,9.973,9.974
1769897100,9.974,9.98,9.965,9.973
1769897160,9.973,9.974,9.956,9.971
1769897220,9.971,9.983,9.967,9.972
1769897280,9.972,9.972,9.951,9.966
1769897340,9.966,9.966,9.96,9.961
1769897400,9.961,9.982,9.961,9.968
1769897460,9.968,9.968,9.937,9.944
1769897520,9.944,9.949,9.931,9.935
1769897580,9.935,9.936,9.924,9.933
1769897640,9.933,9.936,9.917,9.919
1769897700,9.919,9.939,9.916,9.939
1769897760,9.939,9.941,9.929,9.933
1769897820,9.933,9.945,9.933,9.938
1769897880,9.938,9.938,9.921,9.929
1769897940,9.929,9.933,9.91,9.918
1769898000,9.918,9.927,9.917,9.92
1769898060,9.92,9.946,9.92,9.946
1769898120,9.946,9.948,9.914,9.915
1769898180,9.915,9.924,9.914,9.922
1769898240,9.922,9.94,9.918,9.932
1769898300,9.932,9.941,9.929,9.94
1769898360,9.94,9.942,9.93,9.93
1769898420,9.93,9.936,9.924,9.936
1769898480,9.936,9.947,9.934,9.944
1769898540,9.944,9.958,9.944,9.958
1769898600,9.958,9.972,9.958,9.958
1769898660,9.958,9.958,9.935,9.937
1769898720,9.937,9.949,9.934,9.947
1769898780,9.947,9.963,9.947,9.963
1769898840,9.963,9.965,9.958,9.958
1769898900,9.958,9.958,9.945,9.945
1769898960,9.945,9.945,9.921,9.921
1769899020,9.921,9.934,9.913,9.92
1769899080,9.92,9.923,9.915,9.921
1769899140,9.921,9.925,9.918,9.925
1769899200,9.925,9.925,9.914,9.915
1769899260,9.915,9.915,9.89,9.906
1769899320,9.906,9.924,9.906,9.917
1769899380,9.917,9.917,9.911,9.911
1769899440,9.911,9.911,9.905,9.905
1769899500,9.905,9.906,9.902,9.902
1769899560,9.902,9.905,9.902,9.904
1769899620,9.904,9.918,9.904,9.918
1769899680,9.918,9.934,9.917,9.933
1769899740,9.933,9.933,9.914,9.917
1769899800,9.917,9.936,9.915,9.934
1769899860,9.934,9.934,9.933,9.933
1769899920,9.933,9.936,9.933,9.934
1769899980,9.934,9.94,9.933,9.933
1769900040,9.933,9.942,9.931,9.942
1769900100,9.942,9.957,9.942,9.956
1769900160,9.956,9.958,9.954,9.955
1769900220,9.955,9.967,9.955,9.966
1769900280,9.966,9.966,9.956,9.956
1769900340,9.956,9.964,9.948,9.963
1769900400,9.963,9.971,9.958,9.97
1769900460,9.97,9.97,9.958,9.97
1769900520,9.97,9.97,9.962,9.962
1769900580,9.962,9.969,9.948,9.969
1769900640,9.969,9.971,9.956,9.968
1769900700,9.968,9.974,9.965,9.97
1769900760,9.97,9.989,9.969,9.985
1769900820,9.985,9.994,9.977,9.991
1769900880,9.991,10,9.979,9.994
1769900940,9.994,9.996,9.99,9.994
1769901000,9.994,9.995,9.98,9.982
1769901060,9.982,9.982,9.976,9.977
1769901120,9.977,9.982,9.963,9.981
1769901180,9.981,9.996,9.978,9.996
1769901240,9.996,9.998,9.99,9.994
1769901300,9.994,9.996,9.971,9.971
1769901360,9.971,9.973,9.964,9.971
1769901420,9.971,9.995,9.971,9.994
1769901480,9.994,10.003,9.986,9.999
1769901540,9.999,10.039,9.999,10.039
1769901600,10.039,10.057,10.033,10.037
1769901660,10.037,10.076,10.027,10.075
1769901720,10.075,10.114,10.075,10.091
1769901780,10.091,10.162,10.09,10.15
1769901840,10.15,10.173,10.141,10.169
1769901900,10.169,10.169,10.138,10.149
1769901960,10.149,10.152,10.123,10.123
1769902020,10.123,10.138,10.119,10.119
1769902080,10.119,10.119,10.106,10.113
1769902140,10.113,10.133,10.107,10.128
1769902200,10.128,10.133,10.108,10.12
1769902260,10.12,10.12,10.102,10.108
1769902320,10.108,10.119,10.108,10.114
1769902380,10.114,10.137,10.108,10.133
1769902440,10.133,10.143,10.123,10.143
1769902500,10.143,10.156,10.143,10.153
1769902560,10.153,10.153,10.134,10.134
1769902620,10.134,10.139,10.127,10.134
1769902680,10.134,10.135,10.103,10.105
1769902740,10.105,10.111,10.103,10.11
1769902800,10.11,10.111,10.102,10.109
1769902860,10.109,10.116,10.104,10.104
1769902920,10.104,10.119,10.101,10.111
1769902980,10.111,10.115,10.091,10.093
1769903040,10.093,10.103,10.093,10.093
1769903100,10.093,10.102,10.081,10.081
1769903160,10.081,10.086,10.067,10.084
1769903220,10.084,10.084,10.069,10.069
1769903280,10.069,10.092,10.069,10.092
1769903340,10.092,10.106,10.09,10.091
1769903400,10.091,10.103,10.091,10.095
1769903460,10.095,10.109,10.095,10.102
1769903520,10.102,10.111,10.102,10.108
1769903580,10.108,10.117,10.105,10.108
1769903640,10.108,10.115,10.103,10.106
1769903700,10.106,10.109,10.096,10.096
1769903760,10.096,10.109,10.096,10.109
1769903820,10.109,10.112,10.102,10.109
1769903880,10.109,10.116,10.108,10.11
1769903940,10.11,10.117,10.099,10.111
1770249600,9.709,9.716,9.708,9.711
1770249660,9.711,9.714,9.706,9.707
1770249720,9.707,9.71,9.699,9.71
1770249780,9.71,9.712,9.693,9.699
1770249840,9.699,9.703,9.696,9.696
1770249900,9.696,9.708,9.696,9.708
1770249960,9.708,9.72,9.704,9.72
1770250020,9.72,9.72,9.689,9.692
1770250080,9.692,9.707,9.69,9.707
1770250140,9.707,9.708,9.688,9.689
1770250200,9.689,9.695,9.688,9.688
1770250260,9.688,9.694,9.684,9.688
1770250320,9.688,9.689,9.676,9.684
1770250380,9.684,9.685,9.671,9.675
1770250440,9.675,9.68,9.671,9.672
1770250500,9.672,9.678,9.671,9.675
1770250560,9.675,9.685,9.675,9.681
1770250620,9.681,9.685,9.676,9.676
1770250680,9.676,9.677,9.67,9.673
1770250740,9.673,9.687,9.669,9.687
1770250800,9.687,9.709,9.687,9.709
1770250860,9.709,9.711,9.697,9.709
1770250920,9.709,9.727,9.707,9.725
1770250980,9.725,9.738,9.725,9.734
1770251040,9.734,9.734,9.719,9.723
1770251100,9.723,9.731,9.719,9.731
1770251160,9.731,9.742,9.729,9.742
1770251220,9.742,9.746,9.739,9.741
1770251280,9.741,9.747,9.738,9.746
1770251340,9.746,9.762,9.746,9.754
1770251400,9.754,9.754,9.736,9.737
1770251460,9.737,9.738,9.707,9.715
1770251520,9.715,9.715,9.701,9.701
1770251580,9.701,9.701,9.68,9.684
1770251640,9.684,9.687,9.684,9.686
1770251700,9.686,9.705,9.686,9.697
1770251760,9.697,9.705,9.681,9.685
1770251820,9.685,9.685,9.665,9.674
1770251880,9.674,9.683,9.673,9.683
1770251940,9.683,9.717,9.683,9.709
1770252000,9.709,9.723,9.709,9.718
1770252060,9.718,9.737,9.715,9.737
1770252120,9.737,9.741,9.733,9.733
1770252180,9.733,9.733,9.724,9.728
1770252240,9.728,9.728,9.719,9.725
1770252300,9.725,9.73,9.713,9.714
1770252360,9.714,9.719,9.71,9.718
1770252420,9.718,9.728,9.718,9.725
1770252480,9.725,9.746,9.725,9.744
1770252540,9.744,9.756,9.744,9.752
1770252600,9.752,9.764,9.752,9.76
1770252660,9.76,9.764,9.747,9.748
1770252720,9.748,9.754,9.74,9.748
1770252780,9.748,9.756,9.74,9.75
1770252840,9.75,9.75,9.747,9.747
1770252900,9.747,9.749,9.742,9.745
1770252960,9.745,9.748,9.74,9.74
1770253020,9.74,9.741,9.735,9.736
1770253080,9.736,9.736,9.727,9.729
1770253140,9.729,9.731,9.718,9.728
1770253200,9.728,9.732,9.724,9.727
1770253260,9.727,9.743,9.727,9.74
1770253320,9.74,9.746,9.73,9.745
1770253380,9.745,9.757,9.74,9.741
1770253440,9.741,9.762,9.739,9.758
1770253500,9.758,9.772,9.756,9.772
1770253560,9.772,9.783,9.772,9.776
1770253620,9.776,9.777,9.764,9.773
1770253680,9.773,9.788,9.771,9.788
1770253740,9.788,9.808,9.785,9.8
1770253800,9.8,9.816,9.798,9.815
1770253860,9.815,9.822,9.81,9.82
1770253920,9.82,9.82,9.791,9.8
1770253980,9.8,9.811,9.799,9.802
1770254040,9.802,9.804,9.795,9.795
1770254100,9.795,9.795,9.752,9.754
1770254160,9.754,9.761,9.73,9.73
1770254220,9.73,9.73,9.696,9.696
1770254280,9.696,9.71,9.694,9.694
1770254340,9.694,9.702,9.691,9.693
1770254400,9.693,9.699,9.683,9.685
1770254460,9.685,9.689,9.65,9.65
1770254520,9.65,9.66,9.644,9.659
1770254580,9.659,9.672,9.651,9.651
1770254640,9.651,9.701,9.647,9.696
1770254700,9.696,9.75,9.696,9.722
1770254760,9.722,9.734,9.715,9.732
1770254820,9.732,9.811,9.732,9.797
1770254880,9.797,9.834,9.785,9.811
1770254940,9.811,9.822,9.798,9.808
1770255000,9.808,9.846,9.799,9.802
1770255060,9.802,9.825,9.795,9.803
1770255120,9.803,9.816,9.792,9.792
1770255180,9.792,9.812,9.785,9.806
1770255240,9.806,9.838,9.806,9.831
1770255300,9.831,9.831,9.794,9.794
1770255360,9.794,9.825,9.794,9.82
1770255420,9.82,9.829,9.808,9.826
1770255480,9.826,9.829,9.8,9.8
1770255540,9.8,9.806,9.793,9.804
1770255600,9.804,9.806,9.705,9.712
1770255660,9.712,9.735,9.711,9.723
1770255720,9.723,9.742,9.722,9.739
1770255780,9.739,9.758,9.737,9.748
1770255840,9.748,9.769,9.748,9.769
1770255900,9.769,9.774,9.765,9.768
1770255960,9.768,9.776,9.757,9.76
1770256020,9.76,9.772,9.755,9.759
1770256080,9.759,9.769,9.754,9.766
1770256140,9.766,9.767,9.753,9.764
1770256200,9.764,9.766,9.753,9.764
1770256260,9.764,9.772,9.752,9.756
1770256320,9.756,9.756,9.73,9.74
1770256380,9.74,9.742,9.726,9.73
1770256440,9.73,9.741,9.73,9.736
1770256500,9.736,9.74,9.732,9.738
1770256560,9.738,9.749,9.736,9.742
1770256620,9.742,9.742,9.735,9.742
1770256680,9.742,9.748,9.74,9.742
1770256740,9.742,9.747,9.729,9.735
1770256800,9.735,9.754,9.733,9.736
1770256860,9.736,9.756,9.728,9.755
1770256920,9.755,9.755,9.728,9.729
1770256980,9.729,9.73,9.715,9.715
1770257040,9.715,9.717,9.705,9.711
1770257100,9.711,9.732,9.7,9.711
1770257160,9.711,9.716,9.691,9.708
1770257220,9.708,9.709,9.689,9.7
1770257280,9.7,9.736,9.694,9.736
1770257340,9.736,9.743,9.732,9.733
1770257400,9.733,9.738,9.728,9.735
1770257460,9.735,9.737,9.71,9.726
1770257520,9.726,9.726,9.692,9.693
1770257580,9.693,9.693,9.679,9.689
1770257640,9.689,9.692,9.671,9.677
1770257700,9.677,9.689,9.666,9.668
1770257760,9.668,9.673,9.657,9.659
1770257820,9.659,9.715,9.643,9.686
1770257880,9.686,9.711,9.67,9.708
1770257940,9.708,9.742,9.708,9.715
1770258000,9.715,9.742,9.712,9.723
1770258060,9.723,9.746,9.719,9.732
1770258120,9.732,9.747,9.731,9.745
1770258180,9.745,9.745,9.726,9.738
1770258240,9.738,9.743,9.734,9.74
1770258300,9.74,9.747,9.72,9.723
1770258360,9.723,9.727,9.711,9.715
1770258420,9.715,9.735,9.709,9.727
1770258480,9.727,9.738,9.726,9.733
1770258540,9.733,9.737,9.73,9.733
1770258600,9.733,9.756,9.73,9.753
1770258660,9.753,9.754,9.739,9.753
1770258720,9.753,9.754,9.736,9.747
1770258780,9.747,9.751,9.733,9.734
1770258840,9.734,9.742,9.729,9.736
1770258900,9.736,9.81,9.736,9.798
1770258960,9.798,9.816,9.778,9.784
1770259020,9.784,9.789,9.779,9.78
1770259080,9.78,9.786,9.761,9.774
1770259140,9.774,9.78,9.767,9.774
1770259200,9.774,9.774,9.753,9.753
1770259260,9.753,9.783,9.753,9.768
1770259320,9.768,9.784,9.766,9.784
1770259380,9.784,9.791,9.769,9.788
1770259440,9.788,9.788,9.776,9.776
1770259500,9.776,9.776,9.745,9.745
1770259560,9.745,9.745,9.731,9.731
1770259620,9.731,9.734,9.702,9.702
1770259680,9.702,9.705,9.674,9.674
1770259740,9.674,9.689,9.674,9.684
1770259800,9.684,9.687,9.673,9.683
1770259860,9.683,9.692,9.662,9.671
1770259920,9.671,9.698,9.665,9.669
1770259980,9.669,9.7,9.668,9.695
1770260040,9.695,9.695,9.678,9.68
1770260100,9.68,9.683,9.661,9.669
1770260160,9.669,9.685,9.668,9.684
1770260220,9.684,9.696,9.683,9.691
1770260280,9.691,9.696,9.67,9.674
1770260340,9.674,9.677,9.628,9.648
1770260400,9.648,9.69,9.627,9.682
1770260460,9.682,9.686,9.663,9.672
1770260520,9.672,9.695,9.67,9.674
1770260580,9.674,9.681,9.669,9.678
1770260640,9.678,9.683,9.666,9.673
1770260700,9.673,9.678,9.665,9.675
1770260760,9.675,9.675,9.618,9.632
1770260820,9.632,9.662,9.632,9.653
1770260880,9.653,9.689,9.653,9.689
1770260940,9.689,9.708,9.684,9.704
1770261000,9.704,9.717,9.702,9.706
1770261060,9.706,9.706,9.685,9.692
1770261120,9.692,9.692,9.67,9.672
1770261180,9.672,9.674,9.644,9.648
1770261240,9.648,9.654,9.646,9.651
1770261300,9.651,9.656,9.606,9.61
1770261360,9.61,9.619,9.591,9.599
1770261420,9.599,9.615,9.595,9.611
1770261480,9.611,9.638,9.611,9.631
1770261540,9.631,9.669,9.63,9.65
1770261600,9.65,9.691,9.649,9.691
1770261660,9.691,9.707,9.666,9.667
1770261720,9.667,9.691,9.667,9.686
1770261780,9.686,9.689,9.666,9.67
1770261840,9.67,9.673,9.662,9.672
1770261900,9.672,9.684,9.668,9.672
1770261960,9.672,9.681,9.665,9.671
1770262020,9.671,9.671,9.632,9.649
1770262080,9.649,9.657,9.64,9.642
1770262140,9.642,9.647,9.64,9.645
1770262200,9.645,9.646,9.627,9.627
1770262260,9.627,9.645,9.627,9.645
1770262320,9.645,9.648,9.632,9.634
1770262380,9.634,9.634,9.62,9.626
1770262440,9.626,9.645,9.626,9.635
1770262500,9.635,9.642,9.634,9.634
1770262560,9.634,9.639,9.608,9.608
1770262620,9.608,9.625,9.603,9.621
1770262680,9.621,9.621,9.602,9.614
1770262740,9.614,9.626,9.61,9.613
1770262800,9.613,9.622,9.613,9.617
1770262860,9.617,9.643,9.617,9.639
1770262920,9.639,9.645,9.614,9.617
1770262980,9.617,9.63,9.612,9.626
1770263040,9.626,9.627,9.607,9.615
1770263100,9.615,9.615,9.605,9.607
1770263160,9.607,9.625,9.607,9.609
1770263220,9.609,9.613,9.602,9.611
1770263280,9.611,9.616,9.605,9.609
1770263340,9.609,9.613,9.591,9.613
1770263400,9.613,9.616,9.593,9.595
1770263460,9.595,9.608,9.592,9.605
1770263520,9.605,9.612,9.599,9.608
1770263580,9.608,9.622,9.606,9.606
1770263640,9.606,9.614,9.603,9.608
1770263700,9.608,9.616,9.608,9.613
1770263760,9.613,9.618,9.611,9.618
1770263820,9.618,9.621,9.602,9.609
1770263880,9.609,9.609,9.598,9.608
1770263940,9.608,9.617,9.607,9.616
1770264000,9.616,9.625,9.615,9.625
1770264060,9.625,9.633,9.623,9.629
1770264120,9.629,9.631,9.613,9.618
1770264180,9.618,9.629,9.61,9.61
1770264240,9.61,9.623,9.605,9.609
1770264300,9.609,9.622,9.609,9.609
1770264360,9.609,9.617,9.578,9.581
1770264420,9.581,9.599,9.563,9.565
1770264480,9.565,9.573,9.555,9.564
1770264540,9.564,9.625,9.564,9.612
1770264600,9.612,9.656,9.595,9.598
1770264660,9.598,9.617,9.592,9.616
1770264720,9.616,9.618,9.603,9.605
1770264780,9.605,9.617,9.589,9.593
1770264840,9.593,9.601,9.544,9.572
1770264900,9.572,9.582,9.56,9.581
1770264960,9.581,9.589,9.558,9.561
1770265020,9.561,9.58,9.536,9.579
1770265080,9.579,9.6,9.564,9.597
1770265140,9.597,9.604,9.584,9.589
1770265200,9.589,9.626,9.589,9.62
1770265260,9.62,9.624,9.598,9.615
1770265320,9.615,9.628,9.604,9.607
1770265380,9.607,9.607,9.584,9.597
1770265440,9.597,9.6,9.586,9.597
1770265500,9.597,9.613,9.591,9.61
1770265560,9.61,9.61,9.58,9.581
1770265620,9.581,9.585,9.555,9.574
1770265680,9.574,9.584,9.57,9.575
1770265740,9.575,9.581,9.57,9.581
1770265800,9.581,9.585,9.562,9.563
1770265860,9.563,9.582,9.555,9.557
1770265920,9.557,9.581,9.553,9.573
1770265980,9.573,9.574,9.559,9.559
1770266040,9.559,9.561,9.533,9.539
1770266100,9.539,9.546,9.533,9.542
1770266160,9.542,9.565,9.542,9.549
1770266220,9.549,9.568,9.549,9.567
1770266280,9.567,9.575,9.562,9.566
1770266340,9.566,9.57,9.551,9.553
1770266400,9.553,9.579,9.552,9.574
1770266460,9.574,9.609,9.568,9.608
1770266520,9.608,9.633,9.599,9.624
1770266580,9.624,9.63,9.612,9.623
1770266640,9.623,9.631,9.611,9.626
1770266700,9.626,9.627,9.616,9.626
1770266760,9.626,9.626,9.611,9.619
1770266820,9.619,9.62,9.612,9.615
1770266880,9.615,9.619,9.608,9.618
1770266940,9.618,9.62,9.595,9.6
1770267000,9.6,9.612,9.597,9.607
1770267060,9.607,9.618,9.606,9.61
1770267120,9.61,9.618,9.602,9.603
1770267180,9.603,9.604,9.565,9.57
1770267240,9.57,9.573,9.561,9.565
1770267300,9.565,9.576,9.562,9.565
1770267360,9.565,9.57,9.559,9.565
1770267420,9.565,9.573,9.565,9.57
1770267480,9.57,9.586,9.569,9.575
1770267540,9.575,9.577,9.571,9.575
1770267600,9.575,9.587,9.57,9.584
1770267660,9.584,9.59,9.577,9.583
1770267720,9.583,9.584,9.561,9.576
1770267780,9.576,9.59,9.574,9.585
1770267840,9.585,9.589,9.575,9.587
1770267900,9.587,9.596,9.581,9.59
1770267960,9.59,9.59,9.567,9.575
1770268020,9.575,9.579,9.567,9.575
1770268080,9.575,9.578,9.549,9.552
1770268140,9.552,9.558,9.545,9.553
1770268200,9.553,9.566,9.553,9.565
1770268260,9.565,9.582,9.565,9.58
1770268320,9.58,9.593,9.577,9.593
1770268380,9.593,9.62,9.593,9.614
1770268440,9.614,9.616,9.588,9.589
1770268500,9.589,9.596,9.581,9.596
1770268560,9.596,9.608,9.596,9.608
1770268620,9.608,9.611,9.6,9.6
1770268680,9.6,9.6,9.55,9.556
1770268740,9.556,9.559,9.517,9.541
1770268800,9.541,9.551,9.53,9.547
1770268860,9.547,9.547,9.509,9.511
1770268920,9.511,9.517,9.471,9.48
1770268980,9.48,9.495,9.479,9.482
1770269040,9.482,9.492,9.465,9.492
1770269100,9.492,9.508,9.486,9.493
1770269160,9.493,9.493,9.471,9.477
1770269220,9.477,9.499,9.474,9.492
1770269280,9.492,9.514,9.485,9.511
1770269340,9.511,9.545,9.502,9.505
1770269400,9.505,9.522,9.494,9.518
1770269460,9.518,9.527,9.498,9.504
1770269520,9.504,9.504,9.475,9.493
1770269580,9.493,9.523,9.493,9.518
1770269640,9.518,9.524,9.511,9.516
1770269700,9.516,9.549,9.516,9.54
1770269760,9.54,9.559,9.536,9.555
1770269820,9.555,9.621,9.555,9.62
1770269880,9.62,9.62,9.587,9.593
1770269940,9.593,9.601,9.588,9.597
1770270000,9.597,9.606,9.59,9.605
1770270060,9.605,9.671,9.603,9.649
1770270120,9.649,9.659,9.634,9.656
1770270180,9.656,9.662,9.647,9.651
1770270240,9.651,9.665,9.632,9.637
1770270300,9.637,9.646,9.606,9.608
1770270360,9.608,9.618,9.594,9.598
1770270420,9.598,9.601,9.563,9.566
1770270480,9.566,9.583,9.566,9.581
1770270540,9.581,9.581,9.563,9.569
1770270600,9.569,9.59,9.567,9.59
1770270660,9.59,9.604,9.589,9.596
1770270720,9.596,9.601,9.576,9.583
1770270780,9.583,9.583,9.571,9.571
1770270840,9.571,9.571,9.56,9.567
1770270900,9.567,9.567,9.549,9.556
1770270960,9.556,9.56,9.546,9.552
1770271020,9.552,9.569,9.552,9.56
1770271080,9.56,9.564,9.558,9.559
1770271140,9.559,9.559,9.552,9.557
1770271200,9.557,9.573,9.55,9.562
1770271260,9.562,9.573,9.547,9.556
1770271320,9.556,9.563,9.549,9.554
1770271380,9.554,9.554,9.51,9.51
1770271440,9.51,9.527,9.491,9.502
1770271500,9.502,9.502,9.446,9.467
1770271560,9.467,9.494,9.467,9.488
1770271620,9.488,9.516,9.484,9.484
1770271680,9.484,9.497,9.484,9.487
1770271740,9.487,9.498,9.48,9.489
1770271800,9.489,9.518,9.48,9.512
1770271860,9.512,9.525,9.504,9.505
1770271920,9.505,9.518,9.505,9.51
1770271980,9.51,9.517,9.506,9.516
1770272040,9.516,9.518,9.496,9.503
1770272100,9.503,9.507,9.494,9.504
1770272160,9.504,9.531,9.504,9.529
1770272220,9.529,9.532,9.514,9.516
1770272280,9.516,9.516,9.485,9.486
1770272340,9.486,9.488,9.472,9.478
1770272400,9.478,9.481,9.473,9.475
1770272460,9.475,9.484,9.461,9.465
1770272520,9.465,9.48,9.465,9.478
1770272580,9.478,9.494,9.478,9.491
1770272640,9.491,9.492,9.483,9.485
1770272700,9.485,9.493,9.481,9.485
1770272760,9.485,9.485,9.478,9.484
1770272820,9.484,9.484,9.467,9.477
1770272880,9.477,9.487,9.458,9.465
1770272940,9.465,9.474,9.462,9.474
1770273000,9.474,9.499,9.474,9.498
1770273060,9.498,9.5,9.489,9.494
1770273120,9.494,9.498,9.49,9.493
1770273180,9.493,9.508,9.493,9.5
1770273240,9.5,9.531,9.5,9.521
1770273300,9.521,9.537,9.518,9.531
1770273360,9.531,9.537,9.527,9.531
1770273420,9.531,9.531,9.499,9.516
1770273480,9.516,9.535,9.516,9.524
1770273540,9.524,9.527,9.521,9.527
1770273600,9.527,9.527,9.52,9.521
1770273660,9.521,9.528,9.511,9.528
1770273720,9.528,9.534,9.52,9.52
1770273780,9.52,9.525,9.514,9.522
1770273840,9.522,9.525,9.506,9.506
1770273900,9.506,9.531,9.505,9.531
1770273960,9.531,9.532,9.512,9.512
1770274020,9.512,9.52,9.442,9.454
1770274080,9.454,9.469,9.45,9.465
1770274140,9.465,9.504,9.464,9.479
1770274200,9.479,9.489,9.478,9.483
1770274260,9.483,9.492,9.475,9.479
1770274320,9.479,9.483,9.474,9.482
1770274380,9.482,9.485,9.466,9.468
1770274440,9.468,9.475,9.461,9.469
1770274500,9.469,9.481,9.468,9.481
1770274560,9.481,9.49,9.476,9.487
1770274620,9.487,9.498,9.487,9.492
1770274680,9.492,9.492,9.48,9.487
1770274740,9.487,9.487,9.482,9.487
1770274800,9.487,9.488,9.477,9.488
1770274860,9.488,9.569,9.488,9.561
1770274920,9.561,9.607,9.557,9.582
1770274980,9.582,9.589,9.561,9.578
1770275040,9.578,9.596,9.563,9.586
1770275100,9.586,9.586,9.557,9.568
1770275160,9.568,9.568,9.557,9.561
1770275220,9.561,9.594,9.538,9.538
1770275280,9.538,9.538,9.516,9.528
1770275340,9.528,9.536,9.522,9.523
1770275400,9.523,9.527,9.514,9.525
1770275460,9.525,9.532,9.519,9.531
1770275520,9.531,9.531,9.522,9.528
1770275580,9.528,9.528,9.522,9.527
1770275640,9.527,9.527,9.514,9.514
1770275700,9.514,9.521,9.503,9.505
1770275760,9.505,9.541,9.503,9.539
1770275820,9.539,9.543,9.525,9.532
1770275880,9.532,9.532,9.524,9.53
1770275940,9.53,9.555,9.53,9.555
1770276000,9.555,9.561,9.541,9.557
1770276060,9.557,9.578,9.544,9.571
1770276120,9.571,9.586,9.556,9.557
1770276180,9.557,9.56,9.542,9.545
1770276240,9.545,9.551,9.543,9.551
1770276300,9.551,9.574,9.547,9.571
1770276360,9.571,9.573,9.564,9.568
1770276420,9.568,9.589,9.564,9.584
1770276480,9.584,9.593,9.577,9.587
1770276540,9.587,9.587,9.569,9.57
1770276600,9.57,9.572,9.548,9.56
1770276660,9.56,9.566,9.554,9.563
1770276720,9.563,9.57,9.55,9.562
1770276780,9.562,9.575,9.556,9.571
1770276840,9.571,9.571,9.564,9.567
1770276900,9.567,9.588,9.562,9.583
1770276960,9.583,9.583,9.569,9.572
1770277020,9.572,9.573,9.559,9.567
1770277080,9.567,9.567,9.552,9.563
1770277140,9.563,9.563,9.548,9.549
1770277200,9.549,9.56,9.549,9.56
1770277260,9.56,9.567,9.508,9.519
1770277320,9.519,9.525,9.515,9.525
1770277380,9.525,9.531,9.523,9.53
1770277440,9.53,9.542,9.53,9.54
1770277500,9.54,9.546,9.537,9.54
1770277560,9.54,9.55,9.54,9.544
1770277620,9.544,9.548,9.539,9.539
1770277680,9.539,9.543,9.516,9.517
1770277740,9.517,9.529,9.517,9.526
1770277800,9.526,9.528,9.507,9.517
1770277860,9.517,9.525,9.517,9.521
1770277920,9.521,9.525,9.519,9.525
1770277980,9.525,9.534,9.525,9.533
1770278040,9.533,9.535,9.529,9.533
1770278100,9.533,9.533,9.516,9.519
1770278160,9.519,9.522,9.507,9.507
1770278220,9.507,9.507,9.474,9.487
1770278280,9.487,9.496,9.485,9.493
1770278340,9.493,9.498,9.488,9.497
1770278400,9.497,9.521,9.497,9.504
1770278460,9.504,9.521,9.501,9.514
1770278520,9.514,9.521,9.502,9.504
1770278580,9.504,9.529,9.504,9.522
1770278640,9.522,9.522,9.514,9.516
1770278700,9.516,9.519,9.508,9.518
1770278760,9.518,9.535,9.518,9.534
1770278820,9.534,9.54,9.529,9.538
1770278880,9.538,9.539,9.516,9.523
1770278940,9.523,9.535,9.523,9.532
1770279000,9.532,9.533,9.522,9.528
1770279060,9.528,9.533,9.519,9.532
1770279120,9.532,9.536,9.524,9.531
1770279180,9.531,9.531,9.515,9.518
1770279240,9.518,9.52,9.513,9.518
1770279300,9.518,9.525,9.517,9.525
1770279360,9.525,9.529,9.516,9.518
1770279420,9.518,9.522,9.501,9.522
1770279480,9.522,9.529,9.52,9.527
1770279540,9.527,9.532,9.521,9.527
1770279600,9.527,9.54,9.521,9.534
1770279660,9.534,9.534,9.519,9.522
1770279720,9.522,9.534,9.522,9.528
1770279780,9.528,9.53,9.52,9.526
1770279840,9.526,9.536,9.525,9.531
1770279900,9.531,9.539,9.529,9.536
1770279960,9.536,9.56,9.534,9.558
1770280020,9.558,9.584,9.558,9.565
1770280080,9.565,9.578,9.562,9.563
1770280140,9.563,9.573,9.559,9.572
1770280200,9.572,9.586,9.57,9.584
1770280260,9.584,9.624,9.582,9.611
1770280320,9.611,9.611,9.593,9.601
1770280380,9.601,9.607,9.598,9.601
1770280440,9.601,9.603,9.596,9.599
1770280500,9.599,9.61,9.598,9.61
1770280560,9.61,9.61,9.584,9.584
1770280620,9.584,9.608,9.584,9.596
1770280680,9.596,9.624,9.596,9.624
1770280740,9.624,9.624,9.612,9.614
1770280800,9.614,9.617,9.602,9.604
1770280860,9.604,9.605,9.597,9.597
1770280920,9.597,9.599,9.59,9.599
1770280980,9.599,9.599,9.592,9.594
1770281040,9.594,9.598,9.589,9.591
1770281100,9.591,9.593,9.574,9.575
1770281160,9.575,9.593,9.573,9.591
1770281220,9.591,9.61,9.591,9.599
1770281280,9.599,9.601,9.58,9.58
1770281340,9.58,9.581,9.575,9.577
1770281400,9.577,9.581,9.564,9.564
1770281460,9.564,9.572,9.562,9.562
1770281520,9.562,9.571,9.562,9.567
1770281580,9.567,9.581,9.567,9.577
1770281640,9.577,9.588,9.577,9.584
1770281700,9.584,9.584,9.57,9.572
1770281760,9.572,9.589,9.572,9.587
1770281820,9.587,9.587,9.582,9.584
1770281880,9.584,9.589,9.58,9.582
1770281940,9.582,9.582,9.555,9.557
1770282000,9.557,9.568,9.556,9.566
1770282060,9.566,9.574,9.562,9.574
1770282120,9.574,9.575,9.569,9.575
1770282180,9.575,9.58,9.558,9.56
1770282240,9.56,9.57,9.558,9.568
1770282300,9.568,9.587,9.557,9.586
1770282360,9.586,9.6,9.57,9.592
1770282420,9.592,9.596,9.585,9.593
1770282480,9.593,9.66,9.593,9.634
1770282540,9.634,9.648,9.624,9.641
1770282600,9.641,9.66,9.62,9.624
1770282660,9.624,9.639,9.624,9.632
1770282720,9.632,9.644,9.625,9.641
1770282780,9.641,9.655,9.633,9.643
1770282840,9.643,9.643,9.627,9.634
1770282900,9.634,9.636,9.622,9.635
1770282960,9.635,9.67,9.635,9.66
1770283020,9.66,9.662,9.647,9.647
1770283080,9.647,9.648,9.636,9.641
1770283140,9.641,9.641,9.618,9.62
1770283200,9.62,9.64,9.62,9.64
1770283260,9.64,9.64,9.607,9.611
1770283320,9.611,9.615,9.602,9.605
1770283380,9.605,9.613,9.602,9.611
1770283440,9.611,9.611,9.603,9.604
1770283500,9.604,9.606,9.6,9.601
1770283560,9.601,9.601,9.593,9.597
1770283620,9.597,9.608,9.597,9.606
1770283680,9.606,9.606,9.597,9.606
1770283740,9.606,9.612,9.606,9.607
1770283800,9.607,9.607,9.602,9.604
1770283860,9.604,9.611,9.602,9.609
1770283920,9.609,9.61,9.577,9.583
1770283980,9.583,9.586,9.565,9.573
1770284040,9.573,9.577,9.571,9.574
1770284100,9.574,9.574,9.562,9.57
1770284160,9.57,9.57,9.56,9.568
1770284220,9.568,9.573,9.568,9.569
1770284280,9.569,9.569,9.555,9.555
1770284340,9.555,9.559,9.546,9.555
1770284400,9.555,9.583,9.555,9.579
1770284460,9.579,9.583,9.569,9.569
1770284520,9.569,9.569,9.557,9.557
1770284580,9.557,9.559,9.555,9.556
1770284640,9.556,9.557,9.55,9.551
1770284700,9.551,9.555,9.55,9.552
1770284760,9.552,9.563,9.549,9.563
1770284820,9.563,9.563,9.55,9.555
1770284880,9.555,9.56,9.549,9.55
1770284940,9.55,9.551,9.542,9.55
1770285000,9.55,9.563,9.546,9.561
1770285060,9.561,9.57,9.561,9.563
1770285120,9.563,9.563,9.559,9.562
1770285180,9.562,9.57,9.561,9.569
1770285240,9.569,9.574,9.569,9.569
1770285300,9.569,9.57,9.565,9.568
1770285360,9.568,9.571,9.565,9.57
1770285420,9.57,9.57,9.558,9.56
1770285480,9.56,9.562,9.557,9.557
1770285540,9.557,9.563,9.557,9.56
1770285600,9.56,9.563,9.558,9.561
1770285660,9.561,9.566,9.547,9.55
1770285720,9.55,9.55,9.535,9.541
1770285780,9.541,9.544,9.525,9.528
1770285840,9.528,9.528,9.522,9.526
1770285900,9.526,9.527,9.505,9.506
1770285960,9.506,9.506,9.49,9.493
1770286020,9.493,9.505,9.491,9.498
1770286080,9.498,9.5,9.487,9.487
1770286140,9.487,9.493,9.486,9.486
1770286200,9.486,9.498,9.486,9.492
1770286260,9.492,9.5,9.491,9.497
1770286320,9.497,9.498,9.494,9.496
1770286380,9.496,9.503,9.495,9.503
1770286440,9.503,9.518,9.503,9.515
1770286500,9.515,9.521,9.513,9.517
1770286560,9.517,9.522,9.509,9.512
1770286620,9.512,9.529,9.51,9.526
1770286680,9.526,9.538,9.526,9.536
1770286740,9.536,9.554,9.536,9.545
1770286800,9.545,9.558,9.541,9.541
1770286860,9.541,9.549,9.54,9.541
1770286920,9.541,9.541,9.527,9.529
1770286980,9.529,9.529,9.52,9.521
1770287040,9.521,9.541,9.521,9.537
1770287100,9.537,9.537,9.527,9.53
1770287160,9.53,9.53,9.523,9.526
1770287220,9.526,9.532,9.526,9.528
1770287280,9.528,9.53,9.521,9.528
1770287340,9.528,9.53,9.523,9.527
1770287400,9.527,9.533,9.525,9.529
1770287460,9.529,9.534,9.529,9.529
1770287520,9.529,9.533,9.519,9.519
1770287580,9.519,9.521,9.507,9.507
1770287640,9.507,9.508,9.5,9.502
1770287700,9.502,9.504,9.486,9.491
1770287760,9.491,9.499,9.488,9.497
1770287820,9.497,9.497,9.483,9.486
1770287880,9.486,9.487,9.476,9.484
1770287940,9.484,9.488,9.483,9.483
1770288000,9.483,9.486,9.477,9.485
1770288060,9.485,9.49,9.477,9.477
1770288120,9.477,9.477,9.467,9.473
1770288180,9.473,9.483,9.473,9.474
1770288240,9.474,9.483,9.472,9.472
1770288300,9.472,9.479,9.46,9.464
1770288360,9.464,9.471,9.446,9.46
1770288420,9.46,9.462,9.45,9.453
1770288480,9.453,9.453,9.426,9.427
1770288540,9.427,9.44,9.421,9.422
1770288600,9.422,9.43,9.411,9.414
1770288660,9.414,9.417,9.401,9.403
1770288720,9.403,9.405,9.352,9.379
1770288780,9.379,9.381,9.364,9.374
1770288840,9.374,9.379,9.362,9.364
1770288900,9.364,9.368,9.324,9.324
1770288960,9.324,9.355,9.319,9.348
1770289020,9.348,9.354,9.331,9.332
1770289080,9.332,9.354,9.332,9.338
1770289140,9.338,9.359,9.338,9.351
1770289200,9.351,9.364,9.345,9.351
1770289260,9.351,9.376,9.351,9.37
1770289320,9.37,9.373,9.358,9.358
1770289380,9.358,9.36,9.342,9.357
1770289440,9.357,9.374,9.356,9.361
1770289500,9.361,9.366,9.359,9.362
1770289560,9.362,9.39,9.359,9.385
1770289620,9.385,9.389,9.378,9.379
1770289680,9.379,9.383,9.366,9.369
1770289740,9.369,9.379,9.369,9.376
1770289800,9.376,9.377,9.361,9.368
1770289860,9.368,9.374,9.342,9.342
1770289920,9.342,9.349,9.33,9.331
1770289980,9.331,9.332,9.313,9.313
1770290040,9.313,9.317,9.298,9.31
1770290100,9.31,9.327,9.31,9.316
1770290160,9.316,9.319,9.294,9.295
1770290220,9.295,9.35,9.295,9.337
1770290280,9.337,9.337,9.314,9.319
1770290340,9.319,9.323,9.3,9.301
1770290400,9.301,9.301,9.282,9.291
1770290460,9.291,9.294,9.268,9.272
1770290520,9.272,9.285,9.232,9.256
1770290580,9.256,9.283,9.242,9.245
1770290640,9.245,9.254,9.204,9.211
1770290700,9.211,9.252,9.207,9.247
1770290760,9.247,9.25,9.217,9.223
1770290820,9.223,9.234,9.194,9.195
1770290880,9.195,9.2,9.181,9.185
1770290940,9.185,9.202,9.175,9.191
1770291000,9.191,9.231,9.189,9.193
1770291060,9.193,9.21,9.184,9.207
1770291120,9.207,9.217,9.19,9.198
1770291180,9.198,9.23,9.198,9.212
1770291240,9.212,9.225,9.208,9.219
1770291300,9.219,9.23,9.211,9.217
1770291360,9.217,9.252,9.205,9.249
1770291420,9.249,9.253,9.237,9.251
1770291480,9.251,9.3,9.251,9.3
1770291540,9.3,9.341,9.3,9.318
1770291600,9.318,9.362,9.307,9.362
1770291660,9.362,9.365,9.338,9.353
1770291720,9.353,9.366,9.34,9.35
1770291780,9.35,9.352,9.338,9.339
1770291840,9.339,9.34,9.33,9.331
1770291900,9.331,9.339,9.322,9.337
1770291960,9.337,9.343,9.286,9.29
1770292020,9.29,9.308,9.282,9.299
1770292080,9.299,9.327,9.299,9.323
1770292140,9.323,9.324,9.299,9.305
1770292200,9.305,9.316,9.285,9.285
1770292260,9.285,9.293,9.267,9.272
1770292320,9.272,9.28,9.265,9.267
1770292380,9.267,9.272,9.247,9.26
1770292440,9.26,9.268,9.245,9.25
1770292500,9.25,9.266,9.243,9.266
1770292560,9.266,9.268,9.239,9.247
1770292620,9.247,9.253,9.24,9.249
1770292680,9.249,9.258,9.249,9.258
1770292740,9.258,9.262,9.255,9.26
1770292800,9.26,9.263,9.246,9.261
1770292860,9.261,9.291,9.255,9.286
1770292920,9.286,9.289,9.27,9.288
1770292980,9.288,9.306,9.283,9.297
1770293040,9.297,9.31,9.283,9.287
1770293100,9.287,9.292,9.279,9.279
1770293160,9.279,9.291,9.272,9.291
1770293220,9.291,9.294,9.277,9.282
1770293280,9.282,9.282,9.248,9.248
1770293340,9.248,9.253,9.236,9.251
1770293400,9.251,9.284,9.25,9.259
1770293460,9.259,9.272,9.257,9.262
1770293520,9.262,9.275,9.259,9.262
1770293580,9.262,9.276,9.262,9.27
1770293640,9.27,9.271,9.244,9.245
1770293700,9.245,9.253,9.206,9.207
1770293760,9.207,9.236,9.193,9.202
1770293820,9.202,9.216,9.17,9.179
1770293880,9.179,9.198,9.174,9.193
1770293940,9.193,9.193,9.156,9.163
1770294000,9.163,9.176,9.157,9.173
1770294060,9.173,9.195,9.159,9.185
1770294120,9.185,9.203,9.174,9.187
1770294180,9.187,9.191,9.166,9.169
1770294240,9.169,9.178,9.148,9.149
1770294300,9.149,9.176,9.145,9.174
1770294360,9.174,9.23,9.167,9.222
1770294420,9.222,9.265,9.222,9.25
1770294480,9.25,9.272,9.25,9.27
1770294540,9.27,9.273,9.232,9.237
1770294600,9.237,9.278,9.222,9.243
1770294660,9.243,9.249,9.194,9.215
1770294720,9.215,9.242,9.215,9.218
1770294780,9.218,9.223,9.2,9.216
1770294840,9.216,9.242,9.205,9.238
1770294900,9.238,9.256,9.225,9.228
1770294960,9.228,9.228,9.203,9.225
1770295020,9.225,9.242,9.225,9.234
1770295080,9.234,9.235,9.204,9.211
1770295140,9.211,9.227,9.197,9.213
1770295200,9.213,9.231,9.207,9.224
1770295260,9.224,9.241,9.22,9.241
1770295320,9.241,9.248,9.216,9.217
1770295380,9.217,9.225,9.19,9.2
1770295440,9.2,9.216,9.196,9.211
1770295500,9.211,9.224,9.203,9.209
1770295560,9.209,9.225,9.207,9.215
1770295620,9.215,9.232,9.207,9.226
1770295680,9.226,9.237,9.215,9.23
1770295740,9.23,9.24,9.218,9.24
1770295800,9.24,9.267,9.231,9.235
1770295860,9.235,9.282,9.235,9.271
1770295920,9.271,9.275,9.25,9.257
1770295980,9.257,9.257,9.234,9.234
1770296040,9.234,9.239,9.218,9.218
1770296100,9.218,9.221,9.184,9.214
1770296160,9.214,9.269,9.214,9.262
1770296220,9.262,9.271,9.254,9.254
1770296280,9.254,9.263,9.253,9.261
1770296340,9.261,9.261,9.243,9.246
1770296400,9.246,9.253,9.24,9.251
1770296460,9.251,9.263,9.241,9.25
1770296520,9.25,9.253,9.238,9.25
1770296580,9.25,9.262,9.246,9.252
1770296640,9.252,9.253,9.231,9.241
1770296700,9.241,9.27,9.24,9.27
1770296760,9.27,9.294,9.262,9.293
1770296820,9.293,9.316,9.282,9.29
1770296880,9.29,9.291,9.276,9.279
1770296940,9.279,9.297,9.276,9.297
1770297000,9.297,9.312,9.292,9.292
1770297060,9.292,9.309,9.289,9.299
1770297120,9.299,9.306,9.29,9.301
1770297180,9.301,9.301,9.277,9.279
1770297240,9.279,9.279,9.251,9.251
1770297300,9.251,9.262,9.242,9.251
1770297360,9.251,9.263,9.251,9.253
1770297420,9.253,9.271,9.248,9.264
1770297480,9.264,9.267,9.251,9.262
1770297540,9.262,9.273,9.249,9.253
1770297600,9.253,9.262,9.246,9.254
1770297660,9.254,9.262,9.248,9.248
1770297720,9.248,9.259,9.243,9.249
1770297780,9.249,9.26,9.224,9.231
1770297840,9.231,9.248,9.231,9.248
1770297900,9.248,9.253,9.231,9.231
1770297960,9.231,9.231,9.198,9.203
1770298020,9.203,9.218,9.201,9.204
1770298080,9.204,9.213,9.2,9.209
1770298140,9.209,9.213,9.203,9.213
1770298200,9.213,9.255,9.211,9.221
1770298260,9.221,9.258,9.221,9.246
1770298320,9.246,9.281,9.246,9.273
1770298380,9.273,9.28,9.249,9.256
1770298440,9.256,9.272,9.244,9.272
1770298500,9.272,9.272,9.239,9.268
1770298560,9.268,9.275,9.259,9.264
1770298620,9.264,9.27,9.251,9.26
1770298680,9.26,9.277,9.26,9.274
1770298740,9.274,9.274,9.25,9.25
1770298800,9.25,9.257,9.24,9.242
1770298860,9.242,9.256,9.237,9.256
1770298920,9.256,9.257,9.234,9.24
1770298980,9.24,9.255,9.24,9.255
1770299040,9.255,9.257,9.244,9.246
1770299100,9.246,9.25,9.24,9.245
1770299160,9.245,9.245,9.231,9.238
1770299220,9.238,9.245,9.228,9.235
1770299280,9.235,9.253,9.232,9.233
1770299340,9.233,9.241,9.233,9.241
1770299400,9.241,9.243,9.23,9.23
1770299460,9.23,9.245,9.22,9.238
1770299520,9.238,9.262,9.238,9.257
1770299580,9.257,9.263,9.25,9.255
1770299640,9.255,9.258,9.246,9.252
1770299700,9.252,9.256,9.245,9.256
1770299760,9.256,9.256,9.239,9.247
1770299820,9.247,9.248,9.211,9.219
1770299880,9.219,9.222,9.205,9.219
1770299940,9.219,9.226,9.215,9.22
1770300000,9.22,9.274,9.22,9.263
1770300060,9.263,9.336,9.25,9.326
1770300120,9.326,9.332,9.298,9.316
1770300180,9.316,9.335,9.292,9.294
1770300240,9.294,9.301,9.281,9.287
1770300300,9.287,9.287,9.248,9.25
1770300360,9.25,9.28,9.25,9.28
1770300420,9.28,9.28,9.267,9.27
1770300480,9.27,9.28,9.266,9.273
1770300540,9.273,9.273,9.246,9.26
1770300600,9.26,9.263,9.244,9.244
1770300660,9.244,9.268,9.241,9.267
1770300720,9.267,9.294,9.263,9.29
1770300780,9.29,9.292,9.273,9.275
1770300840,9.275,9.279,9.259,9.26
1770300900,9.26,9.278,9.233,9.236
1770300960,9.236,9.242,9.226,9.233
1770301020,9.233,9.248,9.233,9.244
1770301080,9.244,9.25,9.244,9.247
1770301140,9.247,9.273,9.243,9.26
1770301200,9.26,9.269,9.246,9.253
1770301260,9.253,9.255,9.246,9.246
1770301320,9.246,9.269,9.242,9.269
1770301380,9.269,9.289,9.269,9.284
1770301440,9.284,9.293,9.283,9.29
1770301500,9.29,9.309,9.29,9.302
1770301560,9.302,9.302,9.292,9.3
1770301620,9.3,9.313,9.295,9.305
1770301680,9.305,9.324,9.305,9.32
1770301740,9.32,9.326,9.312,9.317
1770301800,9.317,9.325,9.294,9.306
1770301860,9.306,9.357,9.293,9.294
1770301920,9.294,9.344,9.281,9.335
1770301980,9.335,9.382,9.315,9.318
1770302040,9.318,9.357,9.314,9.348
1770302100,9.348,9.403,9.347,9.353
1770302160,9.353,9.372,9.345,9.345
1770302220,9.345,9.412,9.325,9.412
1770302280,9.412,9.422,9.385,9.41
1770302340,9.41,9.442,9.392,9.401
1770302400,9.401,9.403,9.371,9.389
1770302460,9.389,9.392,9.345,9.351
1770302520,9.351,9.383,9.343,9.366
1770302580,9.366,9.398,9.361,9.381
1770302640,9.381,9.387,9.37,9.37
1770302700,9.37,9.378,9.344,9.361
1770302760,9.361,9.369,9.333,9.365
1770302820,9.365,9.412,9.365,9.369
1770302880,9.369,9.377,9.327,9.327
1770302940,9.327,9.349,9.326,9.338
1770303000,9.338,9.362,9.33,9.336
1770303060,9.336,9.35,9.309,9.311
1770303120,9.311,9.319,9.296,9.299
1770303180,9.299,9.315,9.298,9.301
1770303240,9.301,9.309,9.273,9.289
1770303300,9.289,9.294,9.255,9.261
1770303360,9.261,9.264,9.23,9.238
1770303420,9.238,9.24,9.198,9.202
1770303480,9.202,9.213,9.185,9.199
1770303540,9.199,9.203,9.169,9.183
1770303600,9.183,9.217,9.141,9.145
1770303660,9.145,9.173,9.119,9.127
1770303720,9.127,9.138,9.069,9.083
1770303780,9.083,9.09,9.037,9.049
1770303840,9.049,9.065,9.001,9.014
1770303900,9.014,9.024,8.976,8.985
1770303960,8.985,9.005,8.975,9.004
1770304020,9.004,9.01,8.961,8.962
1770304080,8.962,8.988,8.938,8.969
1770304140,8.969,9.003,8.96,8.988
1770304200,8.988,9.022,8.952,8.958
1770304260,8.958,8.964,8.91,8.917
1770304320,8.917,8.923,8.885,8.894
1770304380,8.894,8.915,8.863,8.914
1770304440,8.914,8.917,8.883,8.896
1770304500,8.896,8.967,8.894,8.967
1770304560,8.967,8.998,8.945,8.95
1770304620,8.95,9.008,8.95,8.997
1770304680,8.997,9.005,8.929,8.929
1770304740,8.929,8.964,8.922,8.945
1770304800,8.945,8.949,8.895,8.907
1770304860,8.907,8.91,8.839,8.853
1770304920,8.853,8.89,8.809,8.855
1770304980,8.855,8.869,8.746,8.77
1770305040,8.77,8.834,8.766,8.834
1770305100,8.834,8.916,8.834,8.867
1770305160,8.867,8.867,8.835,8.836
1770305220,8.836,8.86,8.821,8.834
1770305280,8.834,8.868,8.782,8.8
1770305340,8.8,8.816,8.757,8.771
1770305400,8.771,8.903,8.765,8.846
1770305460,8.846,8.853,8.802,8.804
1770305520,8.804,8.819,8.733,8.75
1770305580,8.75,8.786,8.73,8.744
1770305640,8.744,8.77,8.704,8.743
1770305700,8.743,8.824,8.743,8.779
1770305760,8.779,8.786,8.744,8.757
1770305820,8.757,8.793,8.744,8.79
1770305880,8.79,8.804,8.757,8.803
1770305940,8.803,8.859,8.802,8.85
1770306000,8.85,8.863,8.802,8.854
1770306060,8.854,8.913,8.846,8.903
1770306120,8.903,8.936,8.899,8.916
1770306180,8.916,8.939,8.916,8.922
1770306240,8.922,8.957,8.917,8.944
1770306300,8.944,8.964,8.884,8.886
1770306360,8.886,8.889,8.845,8.856
1770306420,8.856,8.899,8.85,8.877
1770306480,8.877,8.894,8.863,8.883
1770306540,8.883,8.917,8.876,8.915
1770306600,8.915,9.016,8.909,8.993
1770306660,8.993,9.014,8.977,9.003
1770306720,9.003,9.033,8.988,9.018
1770306780,9.018,9.025,8.952,8.958
1770306840,8.958,8.974,8.935,8.936
1770306900,8.936,8.937,8.907,8.92
1770306960,8.92,8.938,8.86,8.875
1770307020,8.875,8.877,8.846,8.864
1770307080,8.864,8.881,8.839,8.858
1770307140,8.858,8.867,8.844,8.86
1770307200,8.86,8.876,8.824,8.853
1770307260,8.853,8.87,8.834,8.837
1770307320,8.837,8.861,8.824,8.847
1770307380,8.847,8.847,8.794,8.812
1770307440,8.812,8.83,8.808,8.819
1770307500,8.819,8.826,8.799,8.816
1770307560,8.816,8.872,8.816,8.842
1770307620,8.842,8.866,8.837,8.845
1770307680,8.845,8.859,8.821,8.84
1770307740,8.84,8.84,8.805,8.806
1770307800,8.806,8.909,8.806,8.859
1770307860,8.859,8.859,8.823,8.845
1770307920,8.845,8.859,8.837,8.84
1770307980,8.84,8.842,8.819,8.825
1770308040,8.825,8.832,8.809,8.82
1770308100,8.82,8.841,8.806,8.84
1770308160,8.84,8.897,8.827,8.897
1770308220,8.897,8.917,8.875,8.905
1770308280,8.905,8.908,8.873,8.878
1770308340,8.878,8.904,8.863,8.868
1770308400,8.868,8.915,8.865,8.867
1770308460,8.867,8.91,8.857,8.906
1770308520,8.906,8.949,8.901,8.921
1770308580,8.921,8.939,8.911,8.916
1770308640,8.916,9.024,8.905,9.024
1770308700,9.024,9.034,8.988,8.992
1770308760,8.992,9.027,8.992,8.999
1770308820,8.999,9.027,8.993,9.021
1770308880,9.021,9.035,9.004,9.008
1770308940,9.008,9.008,8.988,9.006
1770309000,9.006,9.062,9.006,9.022
1770309060,9.022,9.026,9.002,9.002
1770309120,9.002,9.003,8.953,8.953
1770309180,8.953,8.992,8.952,8.992
1770309240,8.992,9.019,8.981,9.007
1770309300,9.007,9.015,8.984,9.006
1770309360,9.006,9.029,8.982,8.988
1770309420,8.988,9.002,8.976,8.979
1770309480,8.979,8.989,8.959,8.988
1770309540,8.988,8.991,8.955,8.965
1770309600,8.965,8.978,8.935,8.943
1770309660,8.943,8.95,8.939,8.944
1770309720,8.944,8.959,8.932,8.949
1770309780,8.949,8.956,8.923,8.923
1770309840,8.923,8.924,8.913,8.921
1770309900,8.921,8.923,8.878,8.878
1770309960,8.878,8.894,8.878,8.892
1770310020,8.892,8.895,8.859,8.877
1770310080,8.877,8.901,8.87,8.897
1770310140,8.897,8.914,8.881,8.912
1770310200,8.912,8.956,8.912,8.956
1770310260,8.956,9.008,8.952,8.988
1770310320,8.988,9.05,8.985,9.046
1770310380,9.046,9.05,9.015,9.039
1770310440,9.039,9.08,9.035,9.047
1770310500,9.047,9.058,9.03,9.046
1770310560,9.046,9.046,8.993,9.012
1770310620,9.012,9.02,9.005,9.016
1770310680,9.016,9.019,8.988,8.988
1770310740,8.988,8.993,8.973,8.99
1770310800,8.99,9.036,8.972,8.974
1770310860,8.974,8.975,8.96,8.964
1770310920,8.964,8.964,8.944,8.957
1770310980,8.957,8.959,8.919,8.949
1770311040,8.949,8.949,8.918,8.924
1770311100,8.924,8.939,8.91,8.931
1770311160,8.931,8.946,8.902,8.902
1770311220,8.902,8.913,8.879,8.907
1770311280,8.907,8.909,8.886,8.893
1770311340,8.893,8.895,8.839,8.842
1770311400,8.842,8.854,8.828,8.843
1770311460,8.843,8.854,8.822,8.833
1770311520,8.833,8.835,8.815,8.825
1770311580,8.825,8.842,8.822,8.836
1770311640,8.836,8.859,8.83,8.838
1770311700,8.838,8.848,8.799,8.818
1770311760,8.818,8.835,8.818,8.823
1770311820,8.823,8.829,8.802,8.819
1770311880,8.819,8.826,8.795,8.805
1770311940,8.805,8.812,8.772,8.785
1770312000,8.785,8.793,8.716,8.737
1770312060,8.737,8.774,8.735,8.766
1770312120,8.766,8.831,8.766,8.798
1770312180,8.798,8.849,8.798,8.844
1770312240,8.844,8.943,8.844,8.935
1770312300,8.935,8.964,8.916,8.943
1770312360,8.943,8.972,8.924,8.924
1770312420,8.924,8.943,8.908,8.943
1770312480,8.943,8.957,8.907,8.913
1770312540,8.913,8.955,8.909,8.951
1770312600,8.951,8.973,8.913,8.914
1770312660,8.914,8.932,8.817,8.817
1770312720,8.817,8.841,8.811,8.831
1770312780,8.831,8.845,8.813,8.843
1770312840,8.843,8.855,8.811,8.814
1770312900,8.814,8.827,8.794,8.808
1770312960,8.808,8.865,8.808,8.843
1770313020,8.843,8.853,8.823,8.853
1770313080,8.853,8.865,8.829,8.857
1770313140,8.857,8.881,8.844,8.86
1770313200,8.86,8.941,8.848,8.915
1770313260,8.915,8.934,8.9,8.905
1770313320,8.905,8.912,8.879,8.879
1770313380,8.879,8.908,8.87,8.907
1770313440,8.907,8.908,8.875,8.904
1770313500,8.904,8.925,8.889,8.925
1770313560,8.925,8.945,8.898,8.933
1770313620,8.933,8.943,8.915,8.922
1770313680,8.922,8.929,8.873,8.874
1770313740,8.874,8.9,8.862,8.894
1770313800,8.894,8.907,8.878,8.887
1770313860,8.887,8.923,8.885,8.899
1770313920,8.899,8.901,8.858,8.859
1770313980,8.859,8.892,8.859,8.882
1770314040,8.882,8.882,8.858,8.859
1770314100,8.859,8.86,8.83,8.856
1770314160,8.856,8.868,8.845,8.851
1770314220,8.851,8.854,8.828,8.833
1770314280,8.833,8.844,8.82,8.823
1770314340,8.823,8.829,8.816,8.823
1770314400,8.823,8.85,8.823,8.832
1770314460,8.832,8.884,8.832,8.884
1770314520,8.884,8.899,8.862,8.868
1770314580,8.868,8.868,8.813,8.838
1770314640,8.838,8.889,8.837,8.859
1770314700,8.859,8.867,8.828,8.85
1770314760,8.85,8.859,8.836,8.849
1770314820,8.849,8.875,8.841,8.844
1770314880,8.844,8.863,8.839,8.842
1770314940,8.842,8.862,8.834,8.848
1770315000,8.848,8.871,8.841,8.862
1770315060,8.862,8.874,8.856,8.869
1770315120,8.869,8.887,8.85,8.881
1770315180,8.881,8.884,8.845,8.853
1770315240,8.853,8.871,8.853,8.865
1770315300,8.865,8.885,8.861,8.885
1770315360,8.885,8.885,8.794,8.797
1770315420,8.797,8.822,8.796,8.802
1770315480,8.802,8.802,8.769,8.785
1770315540,8.785,8.812,8.778,8.791
1770315600,8.791,8.797,8.762,8.767
1770315660,8.767,8.771,8.742,8.762
1770315720,8.762,8.779,8.742,8.753
1770315780,8.753,8.773,8.744,8.751
1770315840,8.751,8.859,8.751,8.847
1770315900,8.847,8.85,8.791,8.793
1770315960,8.793,8.814,8.78,8.803
1770316020,8.803,8.821,8.785,8.787
1770316080,8.787,8.795,8.774,8.795
1770316140,8.795,8.804,8.783,8.804
1770316200,8.804,8.817,8.785,8.798
1770316260,8.798,8.82,8.763,8.778
1770316320,8.778,8.789,8.716,8.719
1770316380,8.719,8.755,8.718,8.738
1770316440,8.738,8.759,8.726,8.757
1770316500,8.757,8.781,8.756,8.761
1770316560,8.761,8.788,8.755,8.756
1770316620,8.756,8.756,8.739,8.747
1770316680,8.747,8.75,8.719,8.722
1770316740,8.722,8.749,8.722,8.74
1770316800,8.74,8.774,8.727,8.76
1770316860,8.76,8.795,8.749,8.781
1770316920,8.781,8.789,8.767,8.769
1770316980,8.769,8.784,8.741,8.747
1770317040,8.747,8.767,8.741,8.75
1770317100,8.75,8.794,8.748,8.764
1770317160,8.764,8.796,8.745,8.749
1770317220,8.749,8.756,8.723,8.743
1770317280,8.743,8.757,8.736,8.75
1770317340,8.75,8.793,8.749,8.766
1770317400,8.766,8.771,8.747,8.768
1770317460,8.768,8.791,8.762,8.788
1770317520,8.788,8.789,8.767,8.767
1770317580,8.767,8.837,8.767,8.837
1770317640,8.837,8.86,8.822,8.831
1770317700,8.831,8.863,8.821,8.858
1770317760,8.858,8.896,8.837,8.884
1770317820,8.884,8.911,8.876,8.886
1770317880,8.886,8.902,8.873,8.9
1770317940,8.9,8.92,8.892,8.894
1770318000,8.894,8.899,8.855,8.861
1770318060,8.861,8.861,8.813,8.817
1770318120,8.817,8.844,8.816,8.826
1770318180,8.826,8.89,8.826,8.842
1770318240,8.842,8.848,8.825,8.825
1770318300,8.825,8.839,8.803,8.831
1770318360,8.831,8.866,8.813,8.816
1770318420,8.816,8.824,8.783,8.784
1770318480,8.784,8.789,8.77,8.783
1770318540,8.783,8.793,8.777,8.777
1770318600,8.777,8.786,8.76,8.786
1770318660,8.786,8.811,8.777,8.807
1770318720,8.807,8.827,8.789,8.811
1770318780,8.811,8.812,8.789,8.794
1770318840,8.794,8.803,8.784,8.79
1770318900,8.79,8.819,8.772,8.819
1770318960,8.819,8.835,8.802,8.822
1770319020,8.822,8.84,8.799,8.814
1770319080,8.814,8.82,8.781,8.781
1770319140,8.781,8.799,8.771,8.798
1770319200,8.798,8.799,8.761,8.763
1770319260,8.763,8.801,8.763,8.771
1770319320,8.771,8.771,8.746,8.766
1770319380,8.766,8.78,8.762,8.771
1770319440,8.771,8.775,8.746,8.767
1770319500,8.767,8.769,8.729,8.736
1770319560,8.736,8.766,8.725,8.757
1770319620,8.757,8.779,8.756,8.774
1770319680,8.774,8.781,8.764,8.772
1770319740,8.772,8.776,8.759,8.774
1770319800,8.774,8.779,8.753,8.773
1770319860,8.773,8.821,8.77,8.809
1770319920,8.809,8.819,8.765,8.765
1770319980,8.765,8.808,8.765,8.783
1770320040,8.783,8.809,8.778,8.809
1770320100,8.809,8.816,8.795,8.807
1770320160,8.807,8.815,8.776,8.787
1770320220,8.787,8.807,8.779,8.805
1770320280,8.805,8.813,8.789,8.794
1770320340,8.794,8.804,8.779,8.78
1770320400,8.78,8.788,8.768,8.774
1770320460,8.774,8.775,8.753,8.758
1770320520,8.758,8.77,8.751,8.753
1770320580,8.753,8.759,8.749,8.751
1770320640,8.751,8.757,8.734,8.745
1770320700,8.745,8.758,8.741,8.745
1770320760,8.745,8.746,8.719,8.723
1770320820,8.723,8.724,8.706,8.71
1770320880,8.71,8.727,8.71,8.711
1770320940,8.711,8.734,8.711,8.732
1770321000,8.732,8.744,8.715,8.727
1770321060,8.727,8.728,8.695,8.699
1770321120,8.699,8.7,8.666,8.675
1770321180,8.675,8.698,8.675,8.692
1770321240,8.692,8.719,8.687,8.697
1770321300,8.697,8.7,8.684,8.689
1770321360,8.689,8.703,8.66,8.68
1770321420,8.68,8.688,8.679,8.679
1770321480,8.679,8.685,8.67,8.68
1770321540,8.68,8.693,8.68,8.691
1770321600,8.691,8.7,8.672,8.693
1770321660,8.693,8.728,8.69,8.728
1770321720,8.728,8.744,8.697,8.697
1770321780,8.697,8.719,8.69,8.711
1770321840,8.711,8.712,8.693,8.694
1770321900,8.694,8.699,8.663,8.668
1770321960,8.668,8.698,8.666,8.683
1770322020,8.683,8.724,8.676,8.723
1770322080,8.723,8.755,8.721,8.743
1770322140,8.743,8.773,8.735,8.762
1770322200,8.762,8.762,8.728,8.733
1770322260,8.733,8.733,8.693,8.7
1770322320,8.7,8.707,8.69,8.694
1770322380,8.694,8.694,8.672,8.674
1770322440,8.674,8.675,8.652,8.655
1770322500,8.655,8.664,8.586,8.589
1770322560,8.589,8.609,8.55,8.558
1770322620,8.558,8.576,8.53,8.569
1770322680,8.569,8.587,8.549,8.559
1770322740,8.559,8.573,8.521,8.529
1770322800,8.529,8.55,8.515,8.522
1770322860,8.522,8.542,8.476,8.487
1770322920,8.487,8.497,8.422,8.424
1770322980,8.424,8.475,8.404,8.444
1770323040,8.444,8.485,8.411,8.453
1770323100,8.453,8.457,8.3,8.326
1770323160,8.326,8.407,8.297,8.406
1770323220,8.406,8.486,8.405,8.445
1770323280,8.445,8.459,8.416,8.416
1770323340,8.416,8.433,8.379,8.389
1770323400,8.389,8.422,8.364,8.393
1770323460,8.393,8.426,8.35,8.358
1770323520,8.358,8.413,8.328,8.41
1770323580,8.41,8.434,8.391,8.418
1770323640,8.418,8.45,8.403,8.436
1770323700,8.436,8.46,8.41,8.419
1770323760,8.419,8.421,8.339,8.416
1770323820,8.416,8.503,8.416,8.462
1770323880,8.462,8.462,8.406,8.436
1770323940,8.436,8.493,8.435,8.478
1770324000,8.478,8.57,8.477,8.534
1770324060,8.534,8.54,8.499,8.499
1770324120,8.499,8.522,8.467,8.488
1770324180,8.488,8.51,8.474,8.489
1770324240,8.489,8.501,8.475,8.484
1770324300,8.484,8.499,8.441,8.481
1770324360,8.481,8.488,8.421,8.425
1770324420,8.425,8.429,8.4,8.413
1770324480,8.413,8.431,8.378,8.384
1770324540,8.384,8.387,8.366,8.374
1770324600,8.374,8.399,8.36,8.361
1770324660,8.361,8.4,8.318,8.358
1770324720,8.358,8.358,8.31,8.312
1770324780,8.312,8.324,8.284,8.309
1770324840,8.309,8.317,8.284,8.292
1770324900,8.292,8.339,8.266,8.321
1770324960,8.321,8.36,8.308,8.337
1770325020,8.337,8.379,8.33,8.36
1770325080,8.36,8.411,8.358,8.406
1770325140,8.406,8.406,8.363,8.369
1770325200,8.369,8.467,8.354,8.466
1770325260,8.466,8.469,8.346,8.379
1770325320,8.379,8.45,8.366,8.445
1770325380,8.445,8.502,8.431,8.461
1770325440,8.461,8.562,8.461,8.52
1770325500,8.52,8.572,8.514,8.519
1770325560,8.519,8.531,8.477,8.482
1770325620,8.482,8.483,8.449,8.472
1770325680,8.472,8.51,8.462,8.464
1770325740,8.464,8.466,8.424,8.424
1770325800,8.424,8.436,8.396,8.397
1770325860,8.397,8.402,8.367,8.381
1770325920,8.381,8.396,8.368,8.388
1770325980,8.388,8.4,8.358,8.362
1770326040,8.362,8.37,8.339,8.35
1770326100,8.35,8.359,8.304,8.336
1770326160,8.336,8.373,8.336,8.345
1770326220,8.345,8.345,8.285,8.287
1770326280,8.287,8.304,8.268,8.282
1770326340,8.282,8.289,8.268,8.279
1770326400,8.279,8.314,8.259,8.308
1770326460,8.308,8.379,8.303,8.349
1770326520,8.349,8.387,8.349,8.365
1770326580,8.365,8.506,8.365,8.485
1770326640,8.485,8.517,8.453,8.454
1770326700,8.454,8.471,8.422,8.423
1770326760,8.423,8.423,8.397,8.399
1770326820,8.399,8.415,8.371,8.412
1770326880,8.412,8.439,8.408,8.433
1770326940,8.433,8.481,8.433,8.48
1770327000,8.48,8.509,8.461,8.485
1770327060,8.485,8.506,8.462,8.505
1770327120,8.505,8.52,8.464,8.471
1770327180,8.471,8.472,8.441,8.447
1770327240,8.447,8.449,8.408,8.412
1770327300,8.412,8.428,8.4,8.409
1770327360,8.409,8.409,8.357,8.37
1770327420,8.37,8.388,8.366,8.379
1770327480,8.379,8.392,8.377,8.385
1770327540,8.385,8.409,8.385,8.408
1770327600,8.408,8.432,8.403,8.409
1770327660,8.409,8.431,8.404,8.431
1770327720,8.431,8.445,8.419,8.433
1770327780,8.433,8.433,8.384,8.389
1770327840,8.389,8.39,8.343,8.373
1770327900,8.373,8.398,8.371,8.378
1770327960,8.378,8.397,8.352,8.397
1770328020,8.397,8.424,8.396,8.405
1770328080,8.405,8.422,8.396,8.4
1770328140,8.4,8.4,8.353,8.357
1770328200,8.357,8.365,8.334,8.359
1770328260,8.359,8.37,8.338,8.352
1770328320,8.352,8.363,8.316,8.326
1770328380,8.326,8.338,8.309,8.313
1770328440,8.313,8.351,8.313,8.339
1770328500,8.339,8.375,8.339,8.344
1770328560,8.344,8.344,8.298,8.304
1770328620,8.304,8.346,8.304,8.334
1770328680,8.334,8.361,8.334,8.359
1770328740,8.359,8.37,8.357,8.357
1770328800,8.357,8.388,8.357,8.376
1770328860,8.376,8.389,8.349,8.368
1770328920,8.368,8.368,8.342,8.356
1770328980,8.356,8.413,8.348,8.36
1770329040,8.36,8.378,8.343,8.378
1770329100,8.378,8.388,8.345,8.347
1770329160,8.347,8.363,8.335,8.345
1770329220,8.345,8.347,8.311,8.33
1770329280,8.33,8.406,8.286,8.402
1770329340,8.402,8.437,8.384,8.429
1770329400,8.429,8.463,8.393,8.399
1770329460,8.399,8.412,8.388,8.412
1770329520,8.412,8.421,8.399,8.412
1770329580,8.412,8.417,8.385,8.395
1770329640,8.395,8.399,8.381,8.394
1770329700,8.394,8.405,8.36,8.363
1770329760,8.363,8.371,8.336,8.343
1770329820,8.343,8.347,8.238,8.257
1770329880,8.257,8.289,8.251,8.283
1770329940,8.283,8.328,8.265,8.311
1770330000,8.311,8.323,8.269,8.291
1770330060,8.291,8.302,8.278,8.295
1770330120,8.295,8.31,8.266,8.266
1770330180,8.266,8.283,8.265,8.278
1770330240,8.278,8.296,8.261,8.296
1770330300,8.296,8.311,8.268,8.285
1770330360,8.285,8.305,8.283,8.289
1770330420,8.289,8.327,8.288,8.321
1770330480,8.321,8.451,8.321,8.448
1770330540,8.448,8.496,8.447,8.47
1770330600,8.47,8.531,8.457,8.464
1770330660,8.464,8.466,8.409,8.409
1770330720,8.409,8.43,8.398,8.43
1770330780,8.43,8.43,8.384,8.387
1770330840,8.387,8.433,8.387,8.415
1770330900,8.415,8.437,8.397,8.427
1770330960,8.427,8.428,8.398,8.418
1770331020,8.418,8.438,8.409,8.421
1770331080,8.421,8.423,8.394,8.394
1770331140,8.394,8.423,8.393,8.416
1770331200,8.416,8.425,8.397,8.41
1770331260,8.41,8.435,8.395,8.435
1770331320,8.435,8.442,8.422,8.433
1770331380,8.433,8.442,8.418,8.441
1770331440,8.441,8.454,8.436,8.443
1770331500,8.443,8.465,8.441,8.464
1770331560,8.464,8.466,8.429,8.429
1770331620,8.429,8.43,8.41,8.426
1770331680,8.426,8.435,8.42,8.431
1770331740,8.431,8.443,8.425,8.436
1770331800,8.436,8.448,8.436,8.446
1770331860,8.446,8.461,8.435,8.461
1770331920,8.461,8.502,8.455,8.458
1770331980,8.458,8.475,8.457,8.46
1770332040,8.46,8.475,8.452,8.46
1770332100,8.46,8.46,8.415,8.427
1770332160,8.427,8.433,8.414,8.432
1770332220,8.432,8.447,8.426,8.427
1770332280,8.427,8.427,8.401,8.404
1770332340,8.404,8.406,8.328,8.385
1770332400,8.385,8.403,8.379,8.394
1770332460,8.394,8.402,8.378,8.399
1770332520,8.399,8.442,8.394,8.441
1770332580,8.441,8.486,8.437,8.475
1770332640,8.475,8.532,8.474,8.531
1770332700,8.531,8.569,8.521,8.528
1770332760,8.528,8.545,8.518,8.545
1770332820,8.545,8.545,8.522,8.528
1770332880,8.528,8.528,8.503,8.511
1770332940,8.511,8.553,8.506,8.537
1770333000,8.537,8.559,8.531,8.547
1770333060,8.547,8.551,8.515,8.537
1770333120,8.537,8.551,8.52,8.529
1770333180,8.529,8.535,8.512,8.517
1770333240,8.517,8.523,8.514,8.517
1770333300,8.517,8.536,8.512,8.529
1770333360,8.529,8.529,8.491,8.491
1770333420,8.491,8.515,8.491,8.513
1770333480,8.513,8.513,8.485,8.496
1770333540,8.496,8.504,8.484,8.485
1770333600,8.485,8.49,8.45,8.456
1770333660,8.456,8.46,8.429,8.437
1770333720,8.437,8.44,8.414,8.423
1770333780,8.423,8.433,8.421,8.426
1770333840,8.426,8.434,8.407,8.408
1770333900,8.408,8.437,8.408,8.426
1770333960,8.426,8.435,8.411,8.432
1770334020,8.432,8.44,8.43,8.435
1770334080,8.435,8.454,8.431,8.439
1770334140,8.439,8.455,8.438,8.452
1770334200,8.452,8.471,8.449,8.458
1770334260,8.458,8.489,8.449,8.489
1770334320,8.489,8.493,8.45,8.451
1770334380,8.451,8.451,8.431,8.432
1770334440,8.432,8.432,8.403,8.404
1770334500,8.404,8.409,8.367,8.372
1770334560,8.372,8.378,8.352,8.368
1770334620,8.368,8.372,8.351,8.361
1770334680,8.361,8.383,8.359,8.373
1770334740,8.373,8.382,8.358,8.361
1770334800,8.361,8.361,8.33,8.352
1770334860,8.352,8.359,8.315,8.326
1770334920,8.326,8.337,8.319,8.334
1770334980,8.334,8.344,8.323,8.323
1770335040,8.323,8.334,8.323,8.326
1770335100,8.326,8.332,8.322,8.323
1770335160,8.323,8.346,8.323,8.345
1770335220,8.345,8.358,8.331,8.339
1770335280,8.339,8.341,8.313,8.338
1770335340,8.338,8.36,8.338,8.348
1770335400,8.348,8.349,8.326,8.343
1770335460,8.343,8.343,8.321,8.323
1770335520,8.323,8.324,8.257,8.273
1770335580,8.273,8.273,8.251,8.266
1770335640,8.266,8.285,8.258,8.271
1770335700,8.271,8.289,8.271,8.288
1770335760,8.288,8.309,8.276,8.306
1770335820,8.306,8.317,8.296,8.305
1770335880,8.305,8.309,8.283,8.289
1770335940,8.289,8.305,8.286,8.303
1780617600,7.702,7.702,7.682,7.682
1780617660,7.682,7.688,7.675,7.675
1780617720,7.675,7.688,7.669,7.688
1780617780,7.688,7.695,7.688,7.689
1780617840,7.689,7.689,7.679,7.68
1780617900,7.68,7.697,7.679,7.69
1780617960,7.69,7.702,7.685,7.702
1780618020,7.702,7.703,7.693,7.698
1780618080,7.698,7.703,7.684,7.695
1780618140,7.695,7.697,7.689,7.694
1780618200,7.694,7.696,7.686,7.686
1780618260,7.686,7.688,7.678,7.68
1780618320,7.68,7.684,7.677,7.682
1780618380,7.682,7.69,7.668,7.668
1780618440,7.668,7.672,7.661,7.663
1780618500,7.663,7.669,7.659,7.666
1780618560,7.666,7.668,7.661,7.665
1780618620,7.665,7.669,7.658,7.66
1780618680,7.66,7.66,7.646,7.655
1780618740,7.655,7.664,7.651,7.659
1780618800,7.659,7.696,7.659,7.692
1780618860,7.692,7.692,7.678,7.691
1780618920,7.691,7.692,7.678,7.692
1780618980,7.692,7.708,7.692,7.706
1780619040,7.706,7.708,7.694,7.697
1780619100,7.697,7.699,7.682,7.682
1780619160,7.682,7.696,7.679,7.695
1780619220,7.695,7.697,7.68,7.694
1780619280,7.694,7.71,7.693,7.71
1780619340,7.71,7.72,7.705,7.716
1780619400,7.716,7.718,7.71,7.713
1780619460,7.713,7.716,7.708,7.711
1780619520,7.711,7.716,7.703,7.704
1780619580,7.704,7.717,7.7,7.715
1780619640,7.715,7.715,7.7,7.7
1780619700,7.7,7.701,7.691,7.694
1780619760,7.694,7.699,7.691,7.691
1780619820,7.691,7.691,7.676,7.684
1780619880,7.684,7.695,7.679,7.695
1780619940,7.695,7.711,7.695,7.711
1780620000,7.711,7.711,7.702,7.703
1780620060,7.703,7.704,7.691,7.691
1780620120,7.691,7.693,7.685,7.689
1780620180,7.689,7.694,7.685,7.694
1780620240,7.694,7.7,7.693,7.694
1780620300,7.694,7.705,7.691,7.703
1780620360,7.703,7.712,7.699,7.712
1780620420,7.712,7.714,7.707,7.708
1780620480,7.708,7.715,7.706,7.714
1780620540,7.714,7.714,7.706,7.707
1780620600,7.707,7.707,7.692,7.693
1780620660,7.693,7.7,7.693,7.698
1780620720,7.698,7.698,7.677,7.677
1780620780,7.677,7.679,7.664,7.669
1780620840,7.669,7.678,7.667,7.671
1780620900,7.671,7.671,7.665,7.668
1780620960,7.668,7.671,7.665,7.669
1780621020,7.669,7.673,7.665,7.665
1780621080,7.665,7.665,7.637,7.637
1780621140,7.637,7.641,7.625,7.632
1780621200,7.632,7.632,7.623,7.627
1780621260,7.627,7.627,7.589,7.59
1780621320,7.59,7.606,7.59,7.594
1780621380,7.594,7.594,7.569,7.576
1780621440,7.576,7.582,7.555,7.563
1780621500,7.563,7.579,7.563,7.578
1780621560,7.578,7.592,7.576,7.587
1780621620,7.587,7.61,7.587,7.606
1780621680,7.606,7.606,7.585,7.586
1780621740,7.586,7.593,7.584,7.593
1780621800,7.593,7.597,7.576,7.579
1780621860,7.579,7.588,7.577,7.582
1780621920,7.582,7.602,7.582,7.602
1780621980,7.602,7.602,7.59,7.596
1780622040,7.596,7.607,7.596,7.607
1780622100,7.607,7.608,7.596,7.6
1780622160,7.6,7.609,7.591,7.608
1780622220,7.608,7.636,7.601,7.636
1780622280,7.636,7.643,7.632,7.642
1780622340,7.642,7.643,7.629,7.631
1780622400,7.631,7.634,7.622,7.625
1780622460,7.625,7.632,7.62,7.621
1780622520,7.621,7.621,7.595,7.597
1780622580,7.597,7.606,7.592,7.606
1780622640,7.606,7.623,7.606,7.623
1780622700,7.623,7.629,7.615,7.616
1780622760,7.616,7.621,7.604,7.604
1780622820,7.604,7.616,7.604,7.615
1780622880,7.615,7.618,7.61,7.615
1780622940,7.615,7.634,7.615,7.634
1780623000,7.634,7.679,7.634,7.662
1780623060,7.662,7.679,7.655,7.679
1780623120,7.679,7.679,7.655,7.657
1780623180,7.657,7.665,7.656,7.66
1780623240,7.66,7.66,7.645,7.65
1780623300,7.65,7.666,7.647,7.665
1780623360,7.665,7.672,7.66,7.66
1780623420,7.66,7.66,7.652,7.653
1780623480,7.653,7.653,7.621,7.627
1780623540,7.627,7.632,7.625,7.629
1780623600,7.629,7.634,7.623,7.629
1780623660,7.629,7.63,7.619,7.624
1780623720,7.624,7.627,7.617,7.619
1780623780,7.619,7.634,7.617,7.634
1780623840,7.634,7.645,7.629,7.645
1780623900,7.645,7.647,7.634,7.634
1780623960,7.634,7.642,7.633,7.638
1780624020,7.638,7.64,7.629,7.639
1780624080,7.639,7.642,7.632,7.636
1780624140,7.636,7.64,7.634,7.64
1780624200,7.64,7.64,7.629,7.629
1780624260,7.629,7.641,7.626,7.638
1780624320,7.638,7.645,7.637,7.639
1780624380,7.639,7.648,7.639,7.647
1780624440,7.647,7.647,7.64,7.642
1780624500,7.642,7.646,7.629,7.646
1780624560,7.646,7.663,7.644,7.655
1780624620,7.655,7.659,7.649,7.65
1780624680,7.65,7.652,7.642,7.651
1780624740,7.651,7.651,7.641,7.641
1780624800,7.641,7.646,7.637,7.638
1780624860,7.638,7.646,7.627,7.627
1780624920,7.627,7.632,7.614,7.623
1780624980,7.623,7.635,7.621,7.632
1780625040,7.632,7.632,7.62,7.628
1780625100,7.628,7.628,7.618,7.621
1780625160,7.621,7.625,7.617,7.624
1780625220,7.624,7.627,7.603,7.604
1780625280,7.604,7.613,7.595,7.595
1780625340,7.595,7.611,7.594,7.603
1780625400,7.603,7.612,7.601,7.609
1780625460,7.609,7.61,7.601,7.605
1780625520,7.605,7.611,7.602,7.608
1780625580,7.608,7.61,7.598,7.602
1780625640,7.602,7.604,7.598,7.598
1780625700,7.598,7.61,7.598,7.602
1780625760,7.602,7.61,7.596,7.596
1780625820,7.596,7.609,7.588,7.609
1780625880,7.609,7.611,7.579,7.581
1780625940,7.581,7.588,7.574,7.577
1780626000,7.577,7.583,7.566,7.568
1780626060,7.568,7.574,7.558,7.559
1780626120,7.559,7.562,7.551,7.557
1780626180,7.557,7.578,7.555,7.577
1780626240,7.577,7.587,7.572,7.586
1780626300,7.586,7.591,7.578,7.579
1780626360,7.579,7.588,7.578,7.583
1780626420,7.583,7.587,7.568,7.572
1780626480,7.572,7.572,7.554,7.559
1780626540,7.559,7.566,7.546,7.546
1780626600,7.546,7.55,7.538,7.547
1780626660,7.547,7.573,7.547,7.569
1780626720,7.569,7.57,7.562,7.57
1780626780,7.57,7.572,7.556,7.559
1780626840,7.559,7.568,7.557,7.562
1780626900,7.562,7.578,7.56,7.578
1780626960,7.578,7.58,7.56,7.562
1780627020,7.562,7.58,7.562,7.576
1780627080,7.576,7.578,7.557,7.557
1780627140,7.557,7.562,7.557,7.558
1780627200,7.558,7.563,7.538,7.546
1780627260,7.546,7.553,7.526,7.529
1780627320,7.529,7.531,7.481,7.481
1780627380,7.481,7.481,7.426,7.464
1780627440,7.464,7.485,7.462,7.463
1780627500,7.463,7.479,7.462,7.475
1780627560,7.475,7.486,7.473,7.474
1780627620,7.474,7.482,7.46,7.462
1780627680,7.462,7.47,7.461,7.464
1780627740,7.464,7.466,7.441,7.452
1780627800,7.452,7.477,7.452,7.472
1780627860,7.472,7.48,7.464,7.464
1780627920,7.464,7.465,7.444,7.45
1780627980,7.45,7.463,7.45,7.458
1780628040,7.458,7.459,7.438,7.438
1780628100,7.438,7.45,7.438,7.446
1780628160,7.446,7.451,7.439,7.451
1780628220,7.451,7.459,7.439,7.442
1780628280,7.442,7.442,7.41,7.417
1780628340,7.417,7.433,7.417,7.429
1780628400,7.429,7.434,7.419,7.423
1780628460,7.423,7.423,7.399,7.413
1780628520,7.413,7.414,7.393,7.406
1780628580,7.406,7.423,7.406,7.419
1780628640,7.419,7.43,7.411,7.425
1780628700,7.425,7.426,7.412,7.417
1780628760,7.417,7.428,7.394,7.396
1780628820,7.396,7.414,7.396,7.404
1780628880,7.404,7.414,7.4,7.407
1780628940,7.407,7.421,7.407,7.418
1780629000,7.418,7.429,7.415,7.418
1780629060,7.418,7.42,7.4,7.408
1780629120,7.408,7.416,7.404,7.415
1780629180,7.415,7.416,7.404,7.411
1780629240,7.411,7.417,7.409,7.413
1780629300,7.413,7.436,7.413,7.432
1780629360,7.432,7.467,7.432,7.46
1780629420,7.46,7.485,7.46,7.485
1780629480,7.485,7.496,7.482,7.488
1780629540,7.488,7.488,7.479,7.479
1780629600,7.479,7.479,7.45,7.45
1780629660,7.45,7.454,7.441,7.441
1780629720,7.441,7.448,7.436,7.448
1780629780,7.448,7.459,7.448,7.449
1780629840,7.449,7.452,7.443,7.451
1780629900,7.451,7.451,7.438,7.444
1780629960,7.444,7.444,7.425,7.425
1780630020,7.425,7.435,7.407,7.407
1780630080,7.407,7.409,7.381,7.393
1780630140,7.393,7.405,7.393,7.405
1780630200,7.405,7.437,7.405,7.434
1780630260,7.434,7.455,7.432,7.45
1780630320,7.45,7.459,7.449,7.456
1780630380,7.456,7.457,7.447,7.448
1780630440,7.448,7.448,7.441,7.447
1780630500,7.447,7.447,7.437,7.444
1780630560,7.444,7.449,7.44,7.44
1780630620,7.44,7.443,7.42,7.422
1780630680,7.422,7.426,7.413,7.413
1780630740,7.413,7.429,7.411,7.429
1780630800,7.429,7.434,7.414,7.414
1780630860,7.414,7.414,7.393,7.398
1780630920,7.398,7.404,7.392,7.396
1780630980,7.396,7.4,7.365,7.379
1780631040,7.379,7.389,7.379,7.384
1780631100,7.384,7.393,7.378,7.384
1780631160,7.384,7.399,7.375,7.383
1780631220,7.383,7.384,7.361,7.371
1780631280,7.371,7.372,7.354,7.358
1780631340,7.358,7.368,7.358,7.361
1780631400,7.361,7.38,7.361,7.368
1780631460,7.368,7.375,7.36,7.368
1780631520,7.368,7.368,7.352,7.353
1780631580,7.353,7.361,7.334,7.337
1780631640,7.337,7.343,7.334,7.343
1780631700,7.343,7.351,7.336,7.349
1780631760,7.349,7.353,7.344,7.349
1780631820,7.349,7.349,7.335,7.335
1780631880,7.335,7.335,7.32,7.322
1780631940,7.322,7.322,7.307,7.311
1780632000,7.311,7.321,7.301,7.304
1780632060,7.304,7.313,7.301,7.304
1780632120,7.304,7.319,7.297,7.303
1780632180,7.303,7.31,7.301,7.304
1780632240,7.304,7.333,7.288,7.324
1780632300,7.324,7.328,7.32,7.321
1780632360,7.321,7.37,7.321,7.366
1780632420,7.366,7.411,7.366,7.403
1780632480,7.403,7.424,7.39,7.391
1780632540,7.391,7.406,7.384,7.405
1780632600,7.405,7.413,7.401,7.407
1780632660,7.407,7.407,7.391,7.406
1780632720,7.406,7.421,7.395,7.402
1780632780,7.402,7.412,7.4,7.4
1780632840,7.4,7.411,7.398,7.411
1780632900,7.411,7.421,7.406,7.406
1780632960,7.406,7.412,7.395,7.395
1780633020,7.395,7.409,7.395,7.404
1780633080,7.404,7.408,7.384,7.404
1780633140,7.404,7.408,7.402,7.407
1780633200,7.407,7.409,7.388,7.396
1780633260,7.396,7.402,7.395,7.398
1780633320,7.398,7.41,7.395,7.396
1780633380,7.396,7.398,7.393,7.397
1780633440,7.397,7.413,7.393,7.413
1780633500,7.413,7.462,7.413,7.46
1780633560,7.46,7.477,7.455,7.472
1780633620,7.472,7.476,7.45,7.453
1780633680,7.453,7.464,7.45,7.463
1780633740,7.463,7.464,7.456,7.464
1780633800,7.464,7.464,7.43,7.432
1780633860,7.432,7.433,7.414,7.418
1780633920,7.418,7.424,7.413,7.415
1780633980,7.415,7.427,7.415,7.415
1780634040,7.415,7.42,7.414,7.42
1780634100,7.42,7.429,7.41,7.427
1780634160,7.427,7.432,7.424,7.428
1780634220,7.428,7.43,7.415,7.425
1780634280,7.425,7.441,7.42,7.437
1780634340,7.437,7.438,7.421,7.426
1780634400,7.426,7.427,7.411,7.419
1780634460,7.419,7.423,7.416,7.416
1780634520,7.416,7.42,7.405,7.41
1780634580,7.41,7.41,7.388,7.391
1780634640,7.391,7.403,7.391,7.397
1780634700,7.397,7.406,7.394,7.406
1780634760,7.406,7.407,7.38,7.381
1780634820,7.381,7.381,7.367,7.374
1780634880,7.374,7.378,7.362,7.367
1780634940,7.367,7.383,7.367,7.382
1780635000,7.382,7.414,7.382,7.413
1780635060,7.413,7.422,7.408,7.419
1780635120,7.419,7.433,7.419,7.433
1780635180,7.433,7.436,7.424,7.432
1780635240,7.432,7.466,7.432,7.463
1780635300,7.463,7.463,7.442,7.443
1780635360,7.443,7.445,7.435,7.437
1780635420,7.437,7.445,7.435,7.445
1780635480,7.445,7.48,7.445,7.472
1780635540,7.472,7.485,7.466,7.477
1780635600,7.477,7.507,7.475,7.475
1780635660,7.475,7.482,7.465,7.482
1780635720,7.482,7.486,7.471,7.483
1780635780,7.483,7.484,7.455,7.456
1780635840,7.456,7.464,7.444,7.444
1780635900,7.444,7.459,7.444,7.457
1780635960,7.457,7.462,7.439,7.447
1780636020,7.447,7.45,7.417,7.418
1780636080,7.418,7.434,7.412,7.412
1780636140,7.412,7.415,7.397,7.397
1780636200,7.397,7.402,7.396,7.401
1780636260,7.401,7.408,7.4,7.403
1780636320,7.403,7.403,7.392,7.392
1780636380,7.392,7.397,7.391,7.395
1780636440,7.395,7.401,7.395,7.395
1780636500,7.395,7.407,7.395,7.397
1780636560,7.397,7.397,7.388,7.392
1780636620,7.392,7.397,7.387,7.387
1780636680,7.387,7.39,7.372,7.388
1780636740,7.388,7.397,7.386,7.395
1780636800,7.395,7.401,7.388,7.4
1780636860,7.4,7.422,7.4,7.404
1780636920,7.404,7.405,7.394,7.397
1780636980,7.397,7.408,7.397,7.401
1780637040,7.401,7.403,7.391,7.394
1780637100,7.394,7.41,7.393,7.407
1780637160,7.407,7.417,7.404,7.417
1780637220,7.417,7.437,7.416,7.431
1780637280,7.431,7.436,7.419,7.419
1780637340,7.419,7.42,7.406,7.412
1780637400,7.412,7.426,7.41,7.419
1780637460,7.419,7.432,7.418,7.418
1780637520,7.418,7.422,7.41,7.416
1780637580,7.416,7.421,7.399,7.4
1780637640,7.4,7.402,7.391,7.391
1780637700,7.391,7.392,7.364,7.364
1780637760,7.364,7.37,7.346,7.358
1780637820,7.358,7.36,7.317,7.331
1780637880,7.331,7.352,7.331,7.345
1780637940,7.345,7.352,7.339,7.351
1780638000,7.351,7.359,7.345,7.35
1780638060,7.35,7.35,7.32,7.331
1780638120,7.331,7.337,7.322,7.327
1780638180,7.327,7.334,7.306,7.311
1780638240,7.311,7.313,7.303,7.308
1780638300,7.308,7.314,7.274,7.287
1780638360,7.287,7.289,7.259,7.282
1780638420,7.282,7.283,7.247,7.264
1780638480,7.264,7.281,7.263,7.274
1780638540,7.274,7.284,7.273,7.275
1780638600,7.275,7.297,7.268,7.295
1780638660,7.295,7.304,7.293,7.304
1780638720,7.304,7.324,7.304,7.315
1780638780,7.315,7.315,7.282,7.289
1780638840,7.289,7.303,7.271,7.274
1780638900,7.274,7.292,7.269,7.27
1780638960,7.27,7.281,7.254,7.262
1780639020,7.262,7.279,7.248,7.255
1780639080,7.255,7.27,7.246,7.264
1780639140,7.264,7.267,7.247,7.258
1780639200,7.258,7.262,7.238,7.245
1780639260,7.245,7.272,7.231,7.256
1780639320,7.256,7.266,7.235,7.24
1780639380,7.24,7.241,7.196,7.197
1780639440,7.197,7.233,7.197,7.213
1780639500,7.213,7.257,7.212,7.245
1780639560,7.245,7.263,7.241,7.258
1780639620,7.258,7.278,7.258,7.271
1780639680,7.271,7.276,7.261,7.268
1780639740,7.268,7.271,7.247,7.247
1780639800,7.247,7.248,7.215,7.227
1780639860,7.227,7.239,7.22,7.221
1780639920,7.221,7.236,7.216,7.216
1780639980,7.216,7.218,7.194,7.202
1780640040,7.202,7.218,7.199,7.202
1780640100,7.202,7.223,7.188,7.192
1780640160,7.192,7.201,7.182,7.19
1780640220,7.19,7.202,7.164,7.178
1780640280,7.178,7.189,7.133,7.136
1780640340,7.136,7.152,7.115,7.119
1780640400,7.119,7.147,7.104,7.105
1780640460,7.105,7.119,7.093,7.106
1780640520,7.106,7.107,7.067,7.069
1780640580,7.069,7.089,7.045,7.049
1780640640,7.049,7.074,6.994,7.049
1780640700,7.049,7.08,7.037,7.069
1780640760,7.069,7.112,7.069,7.097
1780640820,7.097,7.134,7.085,7.112
1780640880,7.112,7.129,7.112,7.128
1780640940,7.128,7.137,7.113,7.124
1780641000,7.124,7.138,7.11,7.117
1780641060,7.117,7.127,7.109,7.125
1780641120,7.125,7.148,7.123,7.133
1780641180,7.133,7.158,7.124,7.15
1780641240,7.15,7.157,7.115,7.115
1780641300,7.115,7.118,7.098,7.114
1780641360,7.114,7.162,7.114,7.162
1780641420,7.162,7.162,7.12,7.121
1780641480,7.121,7.142,7.121,7.138
1780641540,7.138,7.166,7.136,7.147
1780641600,7.147,7.162,7.142,7.147
1780641660,7.147,7.157,7.143,7.156
1780641720,7.156,7.172,7.146,7.146
1780641780,7.146,7.174,7.134,7.173
1780641840,7.173,7.226,7.173,7.217
1780641900,7.217,7.227,7.189,7.19
1780641960,7.19,7.19,7.157,7.162
1780642020,7.162,7.185,7.162,7.182
1780642080,7.182,7.195,7.172,7.172
1780642140,7.172,7.172,7.154,7.157
1780642200,7.157,7.157,7.133,7.148
1780642260,7.148,7.164,7.137,7.139
1780642320,7.139,7.149,7.136,7.149
1780642380,7.149,7.186,7.143,7.184
1780642440,7.184,7.194,7.181,7.192
1780642500,7.192,7.199,7.186,7.186
1780642560,7.186,7.192,7.177,7.178
1780642620,7.178,7.191,7.178,7.19
1780642680,7.19,7.197,7.174,7.177
1780642740,7.177,7.181,7.167,7.177
1780642800,7.177,7.186,7.17,7.176
1780642860,7.176,7.178,7.144,7.15
1780642920,7.15,7.155,7.13,7.14
1780642980,7.14,7.148,7.132,7.146
1780643040,7.146,7.146,7.127,7.133
1780643100,7.133,7.14,7.119,7.124
1780643160,7.124,7.128,7.094,7.097
1780643220,7.097,7.104,7.076,7.097
1780643280,7.097,7.121,7.094,7.096
1780643340,7.096,7.103,7.08,7.082
1780643400,7.082,7.114,7.074,7.083
1780643460,7.083,7.088,7.071,7.071
1780643520,7.071,7.09,7.052,7.089
1780643580,7.089,7.092,7.07,7.071
1780643640,7.071,7.073,7.053,7.053
1780643700,7.053,7.079,7.051,7.066
1780643760,7.066,7.098,7.066,7.097
1780643820,7.097,7.099,7.075,7.087
1780643880,7.087,7.108,7.083,7.085
1780643940,7.085,7.098,7.078,7.086
1780644000,7.086,7.093,7.076,7.083
1780644060,7.083,7.126,7.081,7.126
1780644120,7.126,7.138,7.117,7.127
1780644180,7.127,7.165,7.123,7.16
1780644240,7.16,7.174,7.14,7.145
1780644300,7.145,7.168,7.133,7.161
1780644360,7.161,7.198,7.161,7.188
1780644420,7.188,7.221,7.187,7.211
1780644480,7.211,7.226,7.204,7.213
1780644540,7.213,7.213,7.197,7.199
1780644600,7.199,7.22,7.187,7.211
1780644660,7.211,7.211,7.182,7.184
1780644720,7.184,7.223,7.184,7.218
1780644780,7.218,7.244,7.213,7.239
1780644840,7.239,7.239,7.226,7.229
1780644900,7.229,7.242,7.221,7.242
1780644960,7.242,7.251,7.221,7.226
1780645020,7.226,7.253,7.225,7.249
1780645080,7.249,7.261,7.239,7.259
1780645140,7.259,7.26,7.236,7.248
1780645200,7.248,7.252,7.236,7.25
1780645260,7.25,7.269,7.249,7.267
1780645320,7.267,7.272,7.259,7.267
1780645380,7.267,7.274,7.263,7.271
1780645440,7.271,7.276,7.258,7.274
1780645500,7.274,7.296,7.274,7.291
1780645560,7.291,7.318,7.27,7.27
1780645620,7.27,7.291,7.266,7.291
1780645680,7.291,7.314,7.291,7.311
1780645740,7.311,7.312,7.293,7.297
1780645800,7.297,7.3,7.274,7.274
1780645860,7.274,7.296,7.265,7.288
1780645920,7.288,7.296,7.28,7.284
1780645980,7.284,7.289,7.264,7.279
1780646040,7.279,7.293,7.279,7.293
1780646100,7.293,7.296,7.275,7.276
1780646160,7.276,7.281,7.269,7.271
1780646220,7.271,7.288,7.267,7.288
1780646280,7.288,7.296,7.284,7.29
1780646340,7.29,7.3,7.281,7.299
1780646400,7.299,7.302,7.286,7.296
1780646460,7.296,7.298,7.276,7.279
1780646520,7.279,7.283,7.272,7.273
1780646580,7.273,7.279,7.264,7.271
1780646640,7.271,7.273,7.261,7.263
1780646700,7.263,7.264,7.244,7.255
1780646760,7.255,7.279,7.252,7.274
1780646820,7.274,7.274,7.252,7.262
1780646880,7.262,7.266,7.242,7.242
1780646940,7.242,7.252,7.237,7.247
1780647000,7.247,7.247,7.222,7.223
1780647060,7.223,7.236,7.222,7.235
1780647120,7.235,7.239,7.229,7.237
1780647180,7.237,7.239,7.229,7.234
1780647240,7.234,7.238,7.221,7.232
1780647300,7.232,7.239,7.21,7.21
1780647360,7.21,7.229,7.208,7.229
1780647420,7.229,7.229,7.208,7.208
1780647480,7.208,7.226,7.205,7.223
1780647540,7.223,7.226,7.216,7.224
1780647600,7.224,7.228,7.213,7.221
1780647660,7.221,7.222,7.206,7.222
1780647720,7.222,7.233,7.212,7.221
1780647780,7.221,7.222,7.214,7.215
1780647840,7.215,7.219,7.204,7.209
1780647900,7.209,7.215,7.207,7.207
1780647960,7.207,7.213,7.207,7.21
1780648020,7.21,7.23,7.208,7.223
1780648080,7.223,7.224,7.212,7.223
1780648140,7.223,7.225,7.216,7.22
1780648200,7.22,7.224,7.211,7.222
1780648260,7.222,7.227,7.218,7.225
1780648320,7.225,7.231,7.207,7.207
1780648380,7.207,7.207,7.187,7.193
1780648440,7.193,7.199,7.177,7.179
1780648500,7.179,7.186,7.176,7.181
1780648560,7.181,7.181,7.165,7.166
1780648620,7.166,7.167,7.154,7.156
1780648680,7.156,7.156,7.136,7.137
1780648740,7.137,7.145,7.127,7.127
1780648800,7.127,7.127,7.117,7.122
1780648860,7.122,7.156,7.121,7.153
1780648920,7.153,7.161,7.152,7.152
1780648980,7.152,7.152,7.142,7.149
1780649040,7.149,7.154,7.141,7.141
1780649100,7.141,7.157,7.133,7.147
1780649160,7.147,7.151,7.141,7.15
1780649220,7.15,7.155,7.145,7.152
1780649280,7.152,7.166,7.152,7.158
1780649340,7.158,7.172,7.157,7.171
1780649400,7.171,7.171,7.154,7.155
1780649460,7.155,7.155,7.131,7.131
1780649520,7.131,7.153,7.129,7.152
1780649580,7.152,7.152,7.13,7.131
1780649640,7.131,7.152,7.131,7.144
1780649700,7.144,7.145,7.131,7.137
1780649760,7.137,7.159,7.137,7.158
1780649820,7.158,7.164,7.151,7.151
1780649880,7.151,7.159,7.151,7.155
1780649940,7.155,7.156,7.148,7.153
1780650000,7.153,7.177,7.152,7.164
1780650060,7.164,7.174,7.164,7.173
1780650120,7.173,7.19,7.172,7.185
1780650180,7.185,7.19,7.172,7.179
1780650240,7.179,7.186,7.167,7.171
1780650300,7.171,7.171,7.153,7.153
1780650360,7.153,7.17,7.153,7.165
1780650420,7.165,7.173,7.162,7.169
1780650480,7.169,7.169,7.153,7.169
1780650540,7.169,7.199,7.169,7.195
1780650600,7.195,7.196,7.188,7.194
1780650660,7.194,7.196,7.185,7.185
1780650720,7.185,7.187,7.17,7.17
1780650780,7.17,7.253,7.168,7.25
1780650840,7.25,7.257,7.236,7.25
1780650900,7.25,7.277,7.24,7.244
1780650960,7.244,7.253,7.229,7.246
1780651020,7.246,7.254,7.222,7.224
1780651080,7.224,7.233,7.221,7.23
1780651140,7.23,7.24,7.22,7.22
1780651200,7.22,7.22,7.206,7.211
1780651260,7.211,7.216,7.21,7.211
1780651320,7.211,7.224,7.204,7.224
1780651380,7.224,7.231,7.223,7.23
1780651440,7.23,7.231,7.224,7.231
1780651500,7.231,7.243,7.231,7.232
1780651560,7.232,7.238,7.227,7.229
1780651620,7.229,7.235,7.218,7.228
1780651680,7.228,7.242,7.228,7.238
1780651740,7.238,7.249,7.238,7.245
1780651800,7.245,7.248,7.227,7.23
1780651860,7.23,7.236,7.212,7.212
1780651920,7.212,7.229,7.211,7.221
1780651980,7.221,7.231,7.219,7.22
1780652040,7.22,7.231,7.218,7.22
1780652100,7.22,7.23,7.215,7.215
1780652160,7.215,7.228,7.214,7.223
1780652220,7.223,7.223,7.215,7.221
1780652280,7.221,7.227,7.215,7.219
1780652340,7.219,7.219,7.208,7.21
1780652400,7.21,7.212,7.208,7.21
1780652460,7.21,7.217,7.202,7.202
1780652520,7.202,7.208,7.202,7.206
1780652580,7.206,7.21,7.204,7.21
1780652640,7.21,7.21,7.206,7.209
1780652700,7.209,7.217,7.204,7.217
1780652760,7.217,7.226,7.215,7.222
1780652820,7.222,7.226,7.219,7.224
1780652880,7.224,7.225,7.216,7.221
1780652940,7.221,7.222,7.212,7.212
1780653000,7.212,7.217,7.208,7.217
1780653060,7.217,7.234,7.217,7.234
1780653120,7.234,7.242,7.233,7.237
1780653180,7.237,7.237,7.227,7.228
1780653240,7.228,7.235,7.227,7.233
1780653300,7.233,7.243,7.232,7.235
1780653360,7.235,7.243,7.23,7.243
1780653420,7.243,7.246,7.239,7.24
1780653480,7.24,7.241,7.237,7.239
1780653540,7.239,7.251,7.237,7.25
1780653600,7.25,7.264,7.247,7.261
1780653660,7.261,7.261,7.251,7.252
1780653720,7.252,7.261,7.246,7.248
1780653780,7.248,7.26,7.248,7.25
1780653840,7.25,7.253,7.244,7.248
1780653900,7.248,7.252,7.237,7.242
1780653960,7.242,7.242,7.225,7.226
1780654020,7.226,7.235,7.226,7.229
1780654080,7.229,7.236,7.229,7.235
1780654140,7.235,7.238,7.223,7.223
1780654200,7.223,7.229,7.211,7.211
1780654260,7.211,7.221,7.206,7.208
1780654320,7.208,7.211,7.196,7.201
1780654380,7.201,7.215,7.201,7.203
1780654440,7.203,7.203,7.194,7.197
1780654500,7.197,7.197,7.176,7.178
1780654560,7.178,7.183,7.173,7.173
1780654620,7.173,7.175,7.157,7.157
1780654680,7.157,7.159,7.141,7.141
1780654740,7.141,7.149,7.14,7.149
1780654800,7.149,7.151,7.143,7.143
1780654860,7.143,7.171,7.143,7.168
1780654920,7.168,7.175,7.166,7.175
1780654980,7.175,7.178,7.16,7.173
1780655040,7.173,7.177,7.173,7.175
1780655100,7.175,7.187,7.175,7.184
1780655160,7.184,7.184,7.171,7.175
1780655220,7.175,7.179,7.174,7.179
1780655280,7.179,7.185,7.178,7.179
1780655340,7.179,7.19,7.179,7.185
1780655400,7.185,7.2,7.183,7.197
1780655460,7.197,7.205,7.188,7.193
1780655520,7.193,7.201,7.178,7.201
1780655580,7.201,7.21,7.201,7.208
1780655640,7.208,7.209,7.197,7.201
1780655700,7.201,7.201,7.187,7.188
1780655760,7.188,7.191,7.159,7.165
1780655820,7.165,7.171,7.159,7.17
1780655880,7.17,7.171,7.162,7.167
1780655940,7.167,7.174,7.167,7.168
1780656000,7.168,7.173,7.165,7.173
1780656060,7.173,7.177,7.163,7.163
1780656120,7.163,7.168,7.161,7.166
1780656180,7.166,7.177,7.166,7.177
1780656240,7.177,7.205,7.177,7.199
1780656300,7.199,7.199,7.184,7.186
1780656360,7.186,7.196,7.184,7.196
1780656420,7.196,7.196,7.176,7.179
1780656480,7.179,7.181,7.16,7.161
1780656540,7.161,7.17,7.16,7.169
1780656600,7.169,7.17,7.163,7.167
1780656660,7.167,7.17,7.152,7.157
1780656720,7.157,7.159,7.135,7.141
1780656780,7.141,7.148,7.137,7.147
1780656840,7.147,7.152,7.144,7.152
1780656900,7.152,7.152,7.131,7.134
1780656960,7.134,7.138,7.132,7.135
1780657020,7.135,7.15,7.135,7.15
1780657080,7.15,7.154,7.148,7.15
1780657140,7.15,7.153,7.149,7.152
1780657200,7.152,7.153,7.134,7.134
1780657260,7.134,7.134,7.116,7.125
1780657320,7.125,7.128,7.113,7.128
1780657380,7.128,7.128,7.104,7.107
1780657440,7.107,7.124,7.1,7.124
1780657500,7.124,7.131,7.106,7.11
1780657560,7.11,7.115,7.097,7.11
1780657620,7.11,7.118,7.105,7.114
1780657680,7.114,7.114,7.099,7.102
1780657740,7.102,7.109,7.095,7.095
1780657800,7.095,7.114,7.087,7.106
1780657860,7.106,7.116,7.101,7.116
1780657920,7.116,7.118,7.11,7.111
1780657980,7.111,7.113,7.106,7.106
1780658040,7.106,7.112,7.1,7.101
1780658100,7.101,7.101,7.089,7.089
1780658160,7.089,7.115,7.088,7.115
1780658220,7.115,7.128,7.111,7.122
1780658280,7.122,7.145,7.122,7.145
1780658340,7.145,7.151,7.138,7.14
1780658400,7.14,7.14,7.128,7.14
1780658460,7.14,7.144,7.131,7.131
1780658520,7.131,7.147,7.128,7.144
1780658580,7.144,7.151,7.139,7.139
1780658640,7.139,7.139,7.097,7.105
1780658700,7.105,7.113,7.102,7.113
1780658760,7.113,7.126,7.11,7.125
1780658820,7.125,7.139,7.125,7.137
1780658880,7.137,7.148,7.134,7.143
1780658940,7.143,7.155,7.143,7.148
1780659000,7.148,7.152,7.128,7.139
1780659060,7.139,7.139,7.12,7.122
1780659120,7.122,7.129,7.113,7.127
1780659180,7.127,7.131,7.124,7.131
1780659240,7.131,7.134,7.123,7.124
1780659300,7.124,7.142,7.124,7.142
1780659360,7.142,7.144,7.125,7.126
1780659420,7.126,7.126,7.115,7.126
1780659480,7.126,7.13,7.115,7.129
1780659540,7.129,7.132,7.119,7.123
1780659600,7.123,7.126,7.116,7.119
1780659660,7.119,7.125,7.118,7.119
1780659720,7.119,7.124,7.112,7.114
1780659780,7.114,7.118,7.107,7.107
1780659840,7.107,7.11,7.1,7.1
1780659900,7.1,7.104,7.08,7.085
1780659960,7.085,7.106,7.085,7.105
1780660020,7.105,7.105,7.094,7.095
1780660080,7.095,7.109,7.094,7.104
1780660140,7.104,7.104,7.088,7.099
1780660200,7.099,7.114,7.099,7.113
1780660260,7.113,7.113,7.104,7.11
1780660320,7.11,7.114,7.098,7.103
1780660380,7.103,7.103,7.094,7.099
1780660440,7.099,7.101,7.064,7.064
1780660500,7.064,7.075,7.058,7.075
1780660560,7.075,7.086,7.073,7.084
1780660620,7.084,7.086,7.078,7.078
1780660680,7.078,7.086,7.077,7.081
1780660740,7.081,7.081,7.069,7.071
1780660800,7.071,7.073,7.055,7.062
1780660860,7.062,7.062,7.035,7.036
1780660920,7.036,7.046,7.023,7.044
1780660980,7.044,7.052,7.022,7.029
1780661040,7.029,7.036,7.022,7.025
1780661100,7.025,7.031,7.012,7.03
1780661160,7.03,7.094,7.03,7.093
1780661220,7.093,7.103,7.085,7.093
1780661280,7.093,7.098,7.069,7.07
1780661340,7.07,7.07,7.054,7.06
1780661400,7.06,7.079,7.056,7.079
1780661460,7.079,7.093,7.071,7.071
1780661520,7.071,7.081,7.069,7.069
1780661580,7.069,7.078,7.066,7.078
1780661640,7.078,7.079,7.072,7.073
1780661700,7.073,7.09,7.072,7.085
1780661760,7.085,7.088,7.074,7.086
1780661820,7.086,7.101,7.086,7.093
1780661880,7.093,7.106,7.085,7.105
1780661940,7.105,7.114,7.102,7.11
1780662000,7.11,7.112,7.078,7.079
1780662060,7.079,7.079,7.071,7.075
1780662120,7.075,7.094,7.068,7.094
1780662180,7.094,7.109,7.091,7.109
1780662240,7.109,7.124,7.103,7.116
1780662300,7.116,7.116,7.088,7.092
1780662360,7.092,7.097,7.084,7.093
1780662420,7.093,7.093,7.078,7.078
1780662480,7.078,7.08,7.059,7.065
1780662540,7.065,7.066,7.048,7.065
1780662600,7.065,7.103,7.06,7.071
1780662660,7.071,7.072,7.031,7.048
1780662720,7.048,7.061,7.037,7.052
1780662780,7.052,7.057,7.036,7.042
1780662840,7.042,7.053,7.026,7.028
1780662900,7.028,7.035,7.016,7.017
1780662960,7.017,7.031,7.009,7.03
1780663020,7.03,7.063,7.03,7.063
1780663080,7.063,7.067,7.056,7.067
1780663140,7.067,7.085,7.062,7.062
1780663200,7.062,7.064,7.045,7.054
1780663260,7.054,7.063,7.054,7.056
1780663320,7.056,7.059,7.048,7.059
1780663380,7.059,7.093,7.057,7.087
1780663440,7.087,7.087,7.068,7.073
1780663500,7.073,7.083,7.071,7.071
1780663560,7.071,7.071,7.04,7.054
1780663620,7.054,7.063,7.051,7.054
1780663680,7.054,7.072,7.054,7.071
1780663740,7.071,7.071,7.053,7.053
1780663800,7.053,7.056,7.031,7.034
1780663860,7.034,7.038,7.025,7.028
1780663920,7.028,7.053,7.028,7.052
1780663980,7.052,7.059,7.046,7.047
1780664040,7.047,7.05,7.044,7.046
1780664100,7.046,7.054,7.039,7.053
1780664160,7.053,7.064,7.049,7.057
1780664220,7.057,7.061,7.054,7.055
1780664280,7.055,7.075,7.052,7.07
1780664340,7.07,7.08,7.066,7.08
1780664400,7.08,7.105,7.08,7.097
1780664460,7.097,7.107,7.088,7.103
1780664520,7.103,7.122,7.091,7.116
1780664580,7.116,7.132,7.109,7.128
1780664640,7.128,7.133,7.118,7.132
1780664700,7.132,7.149,7.125,7.13
1780664760,7.13,7.13,7.115,7.126
1780664820,7.126,7.132,7.122,7.126
1780664880,7.126,7.143,7.122,7.123
1780664940,7.123,7.132,7.123,7.13
1780665000,7.13,7.143,7.126,7.134
1780665060,7.134,7.135,7.125,7.13
1780665120,7.13,7.148,7.127,7.13
1780665180,7.13,7.146,7.128,7.146
1780665240,7.146,7.151,7.139,7.14
1780665300,7.14,7.14,7.126,7.126
1780665360,7.126,7.138,7.122,7.135
1780665420,7.135,7.151,7.134,7.145
1780665480,7.145,7.16,7.145,7.155
1780665540,7.155,7.16,7.15,7.152
1780665600,7.152,7.19,7.15,7.185
1780665660,7.185,7.189,7.174,7.178
1780665720,7.178,7.178,7.164,7.173
1780665780,7.173,7.173,7.164,7.17
1780665840,7.17,7.185,7.169,7.181
1780665900,7.181,7.202,7.178,7.192
1780665960,7.192,7.198,7.185,7.186
1780666020,7.186,7.194,7.178,7.182
1780666080,7.182,7.193,7.174,7.175
1780666140,7.175,7.175,7.166,7.166
1780666200,7.166,7.166,7.147,7.148
1780666260,7.148,7.194,7.148,7.194
1780666320,7.194,7.207,7.185,7.188
1780666380,7.188,7.205,7.188,7.198
1780666440,7.198,7.22,7.195,7.198
1780666500,7.198,7.214,7.189,7.213
1780666560,7.213,7.213,7.187,7.197
1780666620,7.197,7.197,7.173,7.174
1780666680,7.174,7.182,7.154,7.154
1780666740,7.154,7.158,7.144,7.147
1780666800,7.147,7.153,7.134,7.143
1780666860,7.143,7.143,7.127,7.127
1780666920,7.127,7.135,7.107,7.107
1780666980,7.107,7.128,7.107,7.118
1780667040,7.118,7.12,7.098,7.11
1780667100,7.11,7.117,7.068,7.085
1780667160,7.085,7.102,7.085,7.094
1780667220,7.094,7.099,7.077,7.077
1780667280,7.077,7.079,7.063,7.065
1780667340,7.065,7.07,7.033,7.035
1780667400,7.035,7.056,7.034,7.056
1780667460,7.056,7.067,7.045,7.045
1780667520,7.045,7.061,7.038,7.043
1780667580,7.043,7.043,7.022,7.027
1780667640,7.027,7.03,7.024,7.03
1780667700,7.03,7.034,7.003,7.006
1780667760,7.006,7.012,6.957,6.985
1780667820,6.985,6.989,6.961,6.966
1780667880,6.966,6.991,6.964,6.978
1780667940,6.978,6.983,6.967,6.967
1780668000,6.967,6.999,6.966,6.998
1780668060,6.998,7,6.945,6.962
1780668120,6.962,7.012,6.962,6.982
1780668180,6.982,6.982,6.958,6.961
1780668240,6.961,6.962,6.927,6.93
1780668300,6.93,6.958,6.918,6.925
1780668360,6.925,6.946,6.885,6.927
1780668420,6.927,6.963,6.921,6.956
1780668480,6.956,7.016,6.955,7.016
1780668540,7.016,7.038,7.006,7.036
1780668600,7.036,7.044,7.013,7.014
1780668660,7.014,7.014,6.978,6.984
1780668720,6.984,6.993,6.975,6.99
1780668780,6.99,7.017,6.989,7.002
1780668840,7.002,7.012,6.997,7.012
1780668900,7.012,7.041,7.007,7.04
1780668960,7.04,7.06,7.036,7.036
1780669020,7.036,7.052,7.033,7.052
1780669080,7.052,7.054,7.029,7.034
1780669140,7.034,7.053,7.034,7.053
1780669200,7.053,7.067,7.053,7.067
1780669260,7.067,7.076,7.048,7.051
1780669320,7.051,7.053,7.033,7.036
1780669380,7.036,7.042,7.035,7.035
1780669440,7.035,7.035,7.003,7.019
1780669500,7.019,7.024,7.013,7.016
1780669560,7.016,7.016,6.996,7.008
1780669620,7.008,7.024,7.004,7.006
1780669680,7.006,7.014,6.995,7.014
1780669740,7.014,7.037,7.009,7.037
1780669800,7.037,7.053,7.035,7.044
1780669860,7.044,7.044,7.025,7.032
1780669920,7.032,7.032,7.009,7.013
1780669980,7.013,7.034,7.013,7.03
1780670040,7.03,7.085,7.028,7.083
1780670100,7.083,7.095,7.06,7.091
1780670160,7.091,7.1,7.067,7.089
1780670220,7.089,7.12,7.086,7.113
1780670280,7.113,7.115,7.073,7.073
1780670340,7.073,7.087,7.07,7.072
1780670400,7.072,7.081,7.062,7.081
1780670460,7.081,7.083,7.065,7.079
1780670520,7.079,7.094,7.072,7.093
1780670580,7.093,7.095,7.067,7.074
1780670640,7.074,7.077,7.058,7.077
1780670700,7.077,7.113,7.077,7.113
1780670760,7.113,7.123,7.097,7.097
1780670820,7.097,7.101,7.078,7.079
1780670880,7.079,7.092,7.073,7.078
1780670940,7.078,7.078,7.051,7.055
1780671000,7.055,7.08,7.05,7.078
1780671060,7.078,7.102,7.078,7.099
1780671120,7.099,7.099,7.064,7.073
1780671180,7.073,7.075,7.057,7.061
1780671240,7.061,7.062,7.042,7.043
1780671300,7.043,7.046,7.028,7.039
1780671360,7.039,7.063,7.038,7.059
1780671420,7.059,7.094,7.059,7.082
1780671480,7.082,7.082,7.061,7.063
1780671540,7.063,7.081,7.063,7.071
1780671600,7.071,7.078,7.052,7.052
1780671660,7.052,7.064,7.021,7.056
1780671720,7.056,7.06,7.035,7.058
1780671780,7.058,7.081,7.057,7.073
1780671840,7.073,7.084,7.058,7.075
1780671900,7.075,7.077,7.045,7.045
1780671960,7.045,7.062,7.042,7.061
1780672020,7.061,7.067,7.054,7.065
1780672080,7.065,7.065,7.036,7.036
1780672140,7.036,7.041,7.021,7.029
1780672200,7.029,7.038,7.016,7.016
1780672260,7.016,7.022,7.002,7.002
1780672320,7.002,7.011,6.994,6.997
1780672380,6.997,7.005,6.988,6.995
1780672440,6.995,7,6.984,6.992
1780672500,6.992,6.994,6.954,6.958
1780672560,6.958,6.975,6.952,6.966
1780672620,6.966,6.999,6.959,6.999
1780672680,6.999,7.012,6.999,7.008
1780672740,7.008,7.011,6.991,7.008
1780672800,7.008,7.01,6.963,6.963
1780672860,6.963,6.973,6.953,6.973
1780672920,6.973,6.975,6.96,6.965
1780672980,6.965,7.008,6.965,6.989
1780673040,6.989,6.995,6.984,6.991
1780673100,6.991,7.014,6.991,7.009
1780673160,7.009,7.019,6.995,6.995
1780673220,6.995,7.003,6.977,6.979
1780673280,6.979,6.979,6.942,6.944
1780673340,6.944,6.956,6.936,6.954
1780673400,6.954,6.965,6.942,6.965
1780673460,6.965,6.976,6.961,6.97
1780673520,6.97,6.973,6.921,6.925
1780673580,6.925,6.942,6.925,6.931
1780673640,6.931,6.952,6.93,6.951
1780673700,6.951,6.958,6.931,6.931
1780673760,6.931,6.936,6.904,6.907
1780673820,6.907,6.915,6.887,6.905
1780673880,6.905,6.917,6.9,6.911
1780673940,6.911,6.918,6.888,6.891
1780674000,6.891,6.903,6.883,6.899
1780674060,6.899,6.905,6.892,6.902
1780674120,6.902,6.933,6.902,6.933
1780674180,6.933,6.948,6.93,6.946
1780674240,6.946,6.948,6.913,6.921
1780674300,6.921,6.925,6.87,6.871
1780674360,6.871,6.889,6.856,6.888
1780674420,6.888,6.892,6.847,6.848
1780674480,6.848,6.869,6.845,6.865
1780674540,6.865,6.932,6.861,6.92
1780674600,6.92,6.92,6.892,6.904
1780674660,6.904,6.918,6.901,6.91
1780674720,6.91,6.923,6.902,6.911
1780674780,6.911,6.925,6.909,6.913
1780674840,6.913,6.92,6.906,6.911
1780674900,6.911,6.925,6.911,6.923
1780674960,6.923,6.925,6.913,6.913
1780675020,6.913,6.921,6.904,6.921
1780675080,6.921,6.921,6.905,6.905
1780675140,6.905,6.908,6.894,6.897
1780675200,6.897,6.897,6.843,6.845
1780675260,6.845,6.863,6.836,6.838
1780675320,6.838,6.841,6.81,6.821
1780675380,6.821,6.838,6.811,6.831
1780675440,6.831,6.839,6.82,6.836
1780675500,6.836,6.85,6.827,6.846
1780675560,6.846,6.887,6.84,6.887
1780675620,6.887,6.897,6.864,6.872
1780675680,6.872,6.876,6.84,6.844
1780675740,6.844,6.859,6.83,6.848
1780675800,6.848,6.856,6.826,6.826
1780675860,6.826,6.846,6.812,6.815
1780675920,6.815,6.871,6.784,6.866
1780675980,6.866,6.906,6.852,6.904
1780676040,6.904,6.96,6.904,6.938
1780676100,6.938,6.99,6.919,6.972
1780676160,6.972,6.977,6.948,6.965
1780676220,6.965,6.965,6.937,6.947
1780676280,6.947,6.991,6.937,6.976
1780676340,6.976,6.979,6.954,6.956
1780676400,6.956,6.976,6.949,6.957
1780676460,6.957,7.014,6.953,7.006
1780676520,7.006,7.015,6.987,7.007
1780676580,7.007,7.007,6.977,6.979
1780676640,6.979,6.995,6.969,6.985
1780676700,6.985,6.986,6.958,6.964
1780676760,6.964,6.968,6.948,6.955
1780676820,6.955,6.974,6.955,6.964
1780676880,6.964,6.964,6.931,6.932
1780676940,6.932,6.933,6.917,6.918
1780677000,6.918,6.942,6.91,6.939
1780677060,6.939,6.947,6.93,6.935
1780677120,6.935,6.937,6.923,6.923
1780677180,6.923,6.933,6.91,6.911
1780677240,6.911,6.917,6.902,6.917
1780677300,6.917,6.932,6.912,6.93
1780677360,6.93,6.932,6.92,6.923
1780677420,6.923,6.93,6.909,6.925
1780677480,6.925,6.947,6.924,6.93
1780677540,6.93,6.93,6.91,6.921
1780677600,6.921,6.922,6.913,6.917
1780677660,6.917,6.923,6.912,6.919
1780677720,6.919,6.919,6.903,6.906
1780677780,6.906,6.915,6.894,6.913
1780677840,6.913,6.921,6.908,6.916
1780677900,6.916,6.94,6.916,6.931
1780677960,6.931,6.956,6.931,6.947
1780678020,6.947,6.948,6.929,6.948
1780678080,6.948,6.974,6.94,6.974
1780678140,6.974,6.986,6.954,6.983
1780678200,6.983,7.024,6.978,7.016
1780678260,7.016,7.054,7.003,7.036
1780678320,7.036,7.047,7.02,7.046
1780678380,7.046,7.05,7.035,7.039
1780678440,7.039,7.056,7.036,7.052
1780678500,7.052,7.063,7.04,7.048
1780678560,7.048,7.068,7.041,7.051
1780678620,7.051,7.068,7.046,7.064
1780678680,7.064,7.075,7.052,7.071
1780678740,7.071,7.076,7.057,7.057
1780678800,7.057,7.1,7.057,7.085
1780678860,7.085,7.089,7.066,7.066
1780678920,7.066,7.069,7.055,7.058
1780678980,7.058,7.082,7.053,7.082
1780679040,7.082,7.104,7.07,7.1
1780679100,7.1,7.1,7.072,7.08
1780679160,7.08,7.08,7.051,7.059
1780679220,7.059,7.076,7.059,7.076
1780679280,7.076,7.09,7.065,7.085
1780679340,7.085,7.094,7.071,7.088
1780679400,7.088,7.088,7.07,7.071
1780679460,7.071,7.075,7.027,7.027
1780679520,7.027,7.044,7.023,7.039
1780679580,7.039,7.047,7.032,7.047
1780679640,7.047,7.053,7.042,7.047
1780679700,7.047,7.047,7.022,7.029
1780679760,7.029,7.029,7.019,7.024
1780679820,7.024,7.025,7.005,7.016
1780679880,7.016,7.017,6.993,6.996
1780679940,6.996,7.003,6.99,6.991
1780680000,6.991,6.999,6.985,6.991
1780680060,6.991,7.011,6.99,7.009
1780680120,7.009,7.031,7.006,7.021
1780680180,7.021,7.023,7.001,7.002
1780680240,7.002,7.003,6.99,7.003
1780680300,7.003,7.01,6.99,6.99
1780680360,6.99,6.995,6.984,6.994
1780680420,6.994,7.013,6.988,7.009
1780680480,7.009,7.015,6.993,6.998
1780680540,6.998,6.998,6.98,6.988
1780680600,6.988,6.998,6.983,6.998
1780680660,6.998,6.999,6.991,6.996
1780680720,6.996,6.996,6.976,6.992
1780680780,6.992,7.006,6.988,7.006
1780680840,7.006,7.021,7.003,7.019
1780680900,7.019,7.02,7.008,7.009
1780680960,7.009,7.023,7.003,7.008
1780681020,7.008,7.032,7.008,7.015
1780681080,7.015,7.021,7.008,7.019
1780681140,7.019,7.028,7.013,7.025
1780681200,7.025,7.067,7.024,7.055
1780681260,7.055,7.055,7.028,7.028
1780681320,7.028,7.04,7.026,7.037
1780681380,7.037,7.041,7.031,7.037
1780681440,7.037,7.042,7.008,7.013
1780681500,7.013,7.029,7.013,7.021
1780681560,7.021,7.021,7.006,7.007
1780681620,7.007,7.017,7.007,7.016
1780681680,7.016,7.017,7.008,7.014
1780681740,7.014,7.02,7.002,7.005
1780681800,7.005,7.017,7.005,7.015
1780681860,7.015,7.019,6.997,7.005
1780681920,7.005,7.016,7.002,7.016
1780681980,7.016,7.026,7.007,7.021
1780682040,7.021,7.021,7.01,7.017
1780682100,7.017,7.019,6.998,6.999
1780682160,6.999,7.017,6.999,7.01
1780682220,7.01,7.019,7.008,7.013
1780682280,7.013,7.028,7.013,7.025
1780682340,7.025,7.025,7.01,7.017
1780682400,7.017,7.038,7.015,7.037
1780682460,7.037,7.045,7.031,7.044
1780682520,7.044,7.045,7.024,7.029
1780682580,7.029,7.029,7.007,7.021
1780682640,7.021,7.027,7.018,7.018
1780682700,7.018,7.034,7.014,7.025
1780682760,7.025,7.052,7.025,7.05
1780682820,7.05,7.06,7.048,7.058
1780682880,7.058,7.058,7.036,7.038
1780682940,7.038,7.043,7.027,7.027
1780683000,7.027,7.028,7.011,7.011
1780683060,7.011,7.025,7.009,7.024
1780683120,7.024,7.024,7.004,7.017
1780683180,7.017,7.03,7.017,7.027
1780683240,7.027,7.027,6.997,7.001
1780683300,7.001,7.003,6.983,6.987
1780683360,6.987,6.999,6.985,6.995
1780683420,6.995,7.002,6.99,6.994
1780683480,6.994,7.004,6.98,6.989
1780683540,6.989,6.989,6.971,6.973
1780683600,6.973,6.983,6.955,6.983
1780683660,6.983,6.988,6.956,6.964
1780683720,6.964,6.97,6.956,6.956
1780683780,6.956,6.963,6.946,6.952
1780683840,6.952,6.956,6.94,6.943
1780683900,6.943,6.95,6.938,6.95
1780683960,6.95,6.95,6.928,6.931
1780684020,6.931,6.939,6.93,6.933
1780684080,6.933,6.939,6.925,6.927
1780684140,6.927,6.935,6.913,6.92
1780684200,6.92,6.921,6.906,6.91
1780684260,6.91,6.932,6.91,6.912
1780684320,6.912,6.917,6.896,6.898
1780684380,6.898,6.919,6.898,6.913
1780684440,6.913,6.92,6.907,6.916
1780684500,6.916,6.919,6.906,6.907
1780684560,6.907,6.907,6.89,6.896
1780684620,6.896,6.899,6.868,6.899
1780684680,6.899,6.907,6.891,6.898
1780684740,6.898,6.936,6.898,6.933
1780684800,6.933,6.951,6.933,6.947
1780684860,6.947,6.947,6.913,6.913
1780684920,6.913,6.913,6.899,6.9
1780684980,6.9,6.907,6.88,6.883
1780685040,6.883,6.91,6.86,6.91
1780685100,6.91,6.915,6.879,6.88
1780685160,6.88,6.885,6.865,6.87
1780685220,6.87,6.88,6.856,6.875
1780685280,6.875,6.877,6.864,6.87
1780685340,6.87,6.887,6.87,6.88
1780685400,6.88,6.883,6.867,6.872
1780685460,6.872,6.879,6.846,6.85
1780685520,6.85,6.855,6.807,6.82
1780685580,6.82,6.839,6.815,6.816
1780685640,6.816,6.823,6.803,6.813
1780685700,6.813,6.843,6.803,6.836
1780685760,6.836,6.899,6.83,6.886
1780685820,6.886,6.887,6.866,6.868
1780685880,6.868,6.873,6.835,6.835
1780685940,6.835,6.841,6.822,6.822
1780686000,6.822,6.828,6.771,6.779
1780686060,6.779,6.784,6.697,6.72
1780686120,6.72,6.743,6.691,6.716
1780686180,6.716,6.736,6.677,6.69
1780686240,6.69,6.702,6.635,6.651
1780686300,6.651,6.668,6.607,6.63
1780686360,6.63,6.656,6.618,6.628
1780686420,6.628,6.636,6.609,6.611
1780686480,6.611,6.643,6.611,6.64
1780686540,6.64,6.673,6.639,6.671
1780686600,6.671,6.691,6.667,6.69
1780686660,6.69,6.697,6.652,6.659
1780686720,6.659,6.675,6.631,6.633
1780686780,6.633,6.664,6.631,6.646
1780686840,6.646,6.666,6.634,6.66
1780686900,6.66,6.666,6.633,6.635
1780686960,6.635,6.646,6.595,6.638
1780687020,6.638,6.647,6.576,6.58
1780687080,6.58,6.608,6.578,6.606
1780687140,6.606,6.619,6.577,6.596
1780687200,6.596,6.646,6.573,6.646
1780687260,6.646,6.646,6.608,6.626
1780687320,6.626,6.642,6.604,6.62
1780687380,6.62,6.642,6.616,6.634
1780687440,6.634,6.662,6.629,6.662
1780687500,6.662,6.676,6.646,6.661
1780687560,6.661,6.666,6.63,6.637
1780687620,6.637,6.654,6.632,6.651
1780687680,6.651,6.657,6.641,6.653
1780687740,6.653,6.656,6.634,6.645
1780687800,6.645,6.651,6.629,6.629
1780687860,6.629,6.629,6.585,6.589
1780687920,6.589,6.597,6.575,6.583
1780687980,6.583,6.644,6.582,6.617
1780688040,6.617,6.649,6.61,6.646
1780688100,6.646,6.665,6.637,6.664
1780688160,6.664,6.669,6.643,6.655
1780688220,6.655,6.66,6.637,6.66
1780688280,6.66,6.664,6.653,6.661
1780688340,6.661,6.673,6.656,6.665
1780688400,6.665,6.701,6.663,6.664
1780688460,6.664,6.665,6.617,6.636
1780688520,6.636,6.646,6.63,6.645
1780688580,6.645,6.645,6.633,6.643
1780688640,6.643,6.667,6.642,6.661
1780688700,6.661,6.704,6.659,6.704
1780688760,6.704,6.748,6.689,6.733
1780688820,6.733,6.749,6.725,6.747
1780688880,6.747,6.778,6.743,6.754
1780688940,6.754,6.758,6.745,6.752
1780689000,6.752,6.753,6.733,6.749
1780689060,6.749,6.774,6.741,6.758
1780689120,6.758,6.77,6.749,6.75
1780689180,6.75,6.754,6.716,6.716
1780689240,6.716,6.736,6.714,6.732
1780689300,6.732,6.732,6.703,6.711
1780689360,6.711,6.715,6.7,6.701
1780689420,6.701,6.701,6.685,6.698
1780689480,6.698,6.713,6.693,6.707
1780689540,6.707,6.724,6.685,6.69
1780689600,6.69,6.72,6.684,6.72
1780689660,6.72,6.721,6.686,6.689
1780689720,6.689,6.692,6.66,6.661
1780689780,6.661,6.661,6.631,6.635
1780689840,6.635,6.65,6.635,6.65
1780689900,6.65,6.65,6.625,6.625
1780689960,6.625,6.638,6.605,6.636
1780690020,6.636,6.651,6.626,6.649
1780690080,6.649,6.704,6.646,6.702
1780690140,6.702,6.758,6.694,6.738
1780690200,6.738,6.744,6.704,6.704
1780690260,6.704,6.704,6.69,6.697
1780690320,6.697,6.698,6.676,6.681
1780690380,6.681,6.705,6.681,6.696
1780690440,6.696,6.852,6.696,6.827
1780690500,6.827,6.982,6.82,6.98
1780690560,6.98,6.98,6.9,6.9
1780690620,6.9,6.924,6.899,6.913
1780690680,6.913,6.919,6.89,6.897
1780690740,6.897,6.899,6.849,6.878
1780690800,6.878,6.884,6.846,6.884
1780690860,6.884,6.884,6.846,6.846
1780690920,6.846,6.874,6.828,6.874
1780690980,6.874,6.882,6.865,6.881
1780691040,6.881,6.916,6.879,6.916
1780691100,6.916,6.918,6.877,6.918
1780691160,6.918,6.919,6.878,6.879
1780691220,6.879,6.901,6.878,6.891
1780691280,6.891,6.901,6.888,6.899
1780691340,6.899,6.899,6.855,6.865
1780691400,6.865,6.877,6.853,6.877
1780691460,6.877,6.891,6.865,6.881
1780691520,6.881,6.894,6.877,6.883
1780691580,6.883,6.883,6.849,6.853
1780691640,6.853,6.86,6.841,6.855
1780691700,6.855,6.882,6.854,6.882
1780691760,6.882,6.882,6.86,6.864
1780691820,6.864,6.877,6.861,6.861
1780691880,6.861,6.864,6.841,6.863
1780691940,6.863,6.875,6.857,6.873
1780692000,6.873,6.873,6.86,6.869
1780692060,6.869,6.87,6.85,6.856
1780692120,6.856,6.865,6.853,6.859
1780692180,6.859,6.871,6.854,6.866
1780692240,6.866,6.87,6.863,6.865
1780692300,6.865,6.874,6.862,6.867
1780692360,6.867,6.867,6.832,6.849
1780692420,6.849,6.888,6.849,6.879
1780692480,6.879,6.879,6.844,6.859
1780692540,6.859,6.868,6.856,6.867
1780692600,6.867,6.896,6.85,6.885
1780692660,6.885,6.886,6.871,6.884
1780692720,6.884,6.89,6.861,6.862
1780692780,6.862,6.872,6.855,6.856
1780692840,6.856,6.861,6.852,6.854
1780692900,6.854,6.876,6.853,6.868
1780692960,6.868,6.876,6.868,6.874
1780693020,6.874,6.885,6.872,6.88
1780693080,6.88,6.905,6.88,6.899
1780693140,6.899,6.905,6.897,6.901
1780693200,6.901,6.908,6.885,6.898
1780693260,6.898,6.911,6.897,6.9
1780693320,6.9,6.919,6.899,6.917
1780693380,6.917,6.94,6.916,6.933
1780693440,6.933,6.951,6.925,6.925
1780693500,6.925,6.934,6.91,6.91
1780693560,6.91,6.911,6.88,6.894
1780693620,6.894,6.923,6.894,6.923
1780693680,6.923,6.93,6.923,6.925
1780693740,6.925,6.931,6.923,6.931
1780693800,6.931,6.931,6.919,6.919
1780693860,6.919,6.921,6.904,6.917
1780693920,6.917,6.928,6.9,6.915
1780693980,6.915,6.923,6.907,6.923
1780694040,6.923,6.925,6.913,6.923
1780694100,6.923,6.946,6.92,6.938
1780694160,6.938,6.938,6.917,6.924
1780694220,6.924,6.948,6.924,6.946
1780694280,6.946,6.955,6.943,6.948
1780694340,6.948,6.952,6.938,6.942
1780694400,6.942,6.944,6.917,6.923
1780694460,6.923,6.925,6.915,6.915
1780694520,6.915,6.932,6.915,6.932
1780694580,6.932,6.934,6.923,6.93
1780694640,6.93,6.937,6.922,6.922
1780694700,6.922,6.937,6.922,6.931
1780694760,6.931,6.935,6.914,6.924
1780694820,6.924,6.932,6.923,6.93
1780694880,6.93,6.933,6.928,6.928
1780694940,6.928,6.931,6.927,6.93
1780695000,6.93,6.932,6.914,6.928
1780695060,6.928,6.936,6.925,6.929
1780695120,6.929,6.94,6.925,6.935
1780695180,6.935,6.943,6.932,6.943
1780695240,6.943,6.949,6.94,6.943
1780695300,6.943,6.946,6.935,6.937
1780695360,6.937,6.967,6.937,6.967
1780695420,6.967,6.975,6.952,6.975
1780695480,6.975,6.978,6.96,6.961
1780695540,6.961,6.973,6.958,6.966
1780695600,6.966,6.974,6.961,6.973
1780695660,6.973,6.982,6.968,6.981
1780695720,6.981,6.992,6.981,6.992
1780695780,6.992,6.992,6.975,6.979
1780695840,6.979,6.988,6.979,6.981
1780695900,6.981,6.996,6.978,6.986
1780695960,6.986,6.987,6.972,6.978
1780696020,6.978,6.992,6.976,6.992
1780696080,6.992,6.999,6.991,6.992
1780696140,6.992,7,6.992,6.994
1780696200,6.994,6.997,6.993,6.996
1780696260,6.996,7.001,6.994,6.995
1780696320,6.995,6.995,6.977,6.978
1780696380,6.978,6.979,6.976,6.978
1780696440,6.978,6.978,6.968,6.972
1780696500,6.972,6.976,6.969,6.973
1780696560,6.973,6.977,6.96,6.96
1780696620,6.96,6.963,6.948,6.951
1780696680,6.951,6.953,6.947,6.951
1780696740,6.951,6.953,6.949,6.949
1780696800,6.949,6.952,6.945,6.95
1780696860,6.95,6.95,6.933,6.934
1780696920,6.934,6.944,6.931,6.935
1780696980,6.935,6.935,6.901,6.901
1780697040,6.901,6.904,6.849,6.869
1780697100,6.869,6.871,6.843,6.844
1780697160,6.844,6.853,6.832,6.853
1780697220,6.853,6.869,6.852,6.862
1780697280,6.862,6.871,6.862,6.866
1780697340,6.866,6.873,6.86,6.86
1780697400,6.86,6.867,6.858,6.859
1780697460,6.859,6.867,6.85,6.857
1780697520,6.857,6.863,6.853,6.857
1780697580,6.857,6.86,6.845,6.847
1780697640,6.847,6.868,6.847,6.857
1780697700,6.857,6.862,6.844,6.859
1780697760,6.859,6.875,6.854,6.875
1780697820,6.875,6.877,6.861,6.866
1780697880,6.866,6.872,6.857,6.861
1780697940,6.861,6.879,6.852,6.879
1780698000,6.879,6.883,6.86,6.874
1780698060,6.874,6.874,6.861,6.867
1780698120,6.867,6.879,6.867,6.875
1780698180,6.875,6.879,6.843,6.849
1780698240,6.849,6.852,6.828,6.84
1780698300,6.84,6.84,6.811,6.827
1780698360,6.827,6.836,6.819,6.822
1780698420,6.822,6.827,6.812,6.822
1780698480,6.822,6.834,6.797,6.797
1780698540,6.797,6.799,6.779,6.782
1780698600,6.782,6.794,6.779,6.779
1780698660,6.779,6.783,6.761,6.772
1780698720,6.772,6.798,6.771,6.797
1780698780,6.797,6.812,6.792,6.802
1780698840,6.802,6.816,6.799,6.811
1780698900,6.811,6.815,6.797,6.809
1780698960,6.809,6.811,6.792,6.792
1780699020,6.792,6.797,6.779,6.787
1780699080,6.787,6.806,6.781,6.806
1780699140,6.806,6.83,6.804,6.819
1780699200,6.819,6.821,6.801,6.806
1780699260,6.806,6.816,6.804,6.809
1780699320,6.809,6.837,6.809,6.837
1780699380,6.837,6.84,6.824,6.826
1780699440,6.826,6.852,6.826,6.838
1780699500,6.838,6.838,6.807,6.823
1780699560,6.823,6.835,6.823,6.83
1780699620,6.83,6.838,6.83,6.835
1780699680,6.835,6.849,6.829,6.834
1780699740,6.834,6.847,6.833,6.839
1780699800,6.839,6.84,6.803,6.803
1780699860,6.803,6.826,6.8,6.822
1780699920,6.822,6.827,6.811,6.825
1780699980,6.825,6.845,6.825,6.836
1780700040,6.836,6.852,6.836,6.845
1780700100,6.845,6.846,6.814,6.816
1780700160,6.816,6.828,6.816,6.822
1780700220,6.822,6.827,6.813,6.815
1780700280,6.815,6.826,6.803,6.821
1780700340,6.821,6.821,6.794,6.8
1780700400,6.8,6.821,6.799,6.816
1780700460,6.816,6.845,6.816,6.827
1780700520,6.827,6.831,6.815,6.815
1780700580,6.815,6.832,6.815,6.815
1780700640,6.815,6.827,6.81,6.827
1780700700,6.827,6.831,6.823,6.829
1780700760,6.829,6.846,6.829,6.84
1780700820,6.84,6.843,6.827,6.829
1780700880,6.829,6.833,6.802,6.806
1780700940,6.806,6.806,6.795,6.798
1780701000,6.798,6.801,6.788,6.789
1780701060,6.789,6.799,6.789,6.799
1780701120,6.799,6.8,6.783,6.789
1780701180,6.789,6.797,6.789,6.79
1780701240,6.79,6.792,6.766,6.768
1780701300,6.768,6.771,6.747,6.751
1780701360,6.751,6.754,6.732,6.744
1780701420,6.744,6.753,6.731,6.733
1780701480,6.733,6.748,6.733,6.746
1780701540,6.746,6.75,6.73,6.735
1780701600,6.735,6.738,6.724,6.735
1780701660,6.735,6.747,6.735,6.743
1780701720,6.743,6.75,6.706,6.71
1780701780,6.71,6.718,6.709,6.71
1780701840,6.71,6.72,6.691,6.703
1780701900,6.703,6.711,6.685,6.687
1780701960,6.687,6.696,6.684,6.695
1780702020,6.695,6.708,6.692,6.707
1780702080,6.707,6.717,6.705,6.715
1780702140,6.715,6.719,6.705,6.705
1780702200,6.705,6.705,6.665,6.673
1780702260,6.673,6.676,6.655,6.667
1780702320,6.667,6.676,6.658,6.66
1780702380,6.66,6.66,6.627,6.628
1780702440,6.628,6.641,6.628,6.641
1780702500,6.641,6.682,6.641,6.682
1780702560,6.682,6.686,6.675,6.686
1780702620,6.686,6.699,6.685,6.699
1780702680,6.699,6.706,6.694,6.7
1780702740,6.7,6.7,6.684,6.688
1780702800,6.688,6.688,6.662,6.673
1780702860,6.673,6.683,6.667,6.668
1780702920,6.668,6.684,6.668,6.679
1780702980,6.679,6.679,6.665,6.667
1780703040,6.667,6.677,6.666,6.669
1780703100,6.669,6.671,6.63,6.637
1780703160,6.637,6.651,6.637,6.64
1780703220,6.64,6.658,6.64,6.657
1780703280,6.657,6.672,6.657,6.67
1780703340,6.67,6.672,6.659,6.665
1780703400,6.665,6.692,6.665,6.688
1780703460,6.688,6.697,6.682,6.697
1780703520,6.697,6.708,6.694,6.707
1780703580,6.707,6.714,6.698,6.698
1780703640,6.698,6.706,6.698,6.703
1780703700,6.703,6.703,6.693,6.7
1780703760,6.7,6.704,6.697,6.697
1780703820,6.697,6.706,6.696,6.7
1780703880,6.7,6.709,6.699,6.707
1780703940,6.707,6.724,6.703,6.721
