ts,open,high,low,close
1760054400,121603,121677.6,121603,121624.2
1760054460,121624.2,121663.1,121616,121663.1
1760054520,121663.1,121720.1,121663,121711.6
1760054580,121711.6,121719.9,121684.7,121684.7
1760054640,121684.7,121684.8,121650.1,121650.1
1760054700,121650.1,121650.1,121593.5,121600.5
1760054760,121600.5,121607.3,121587,121607.2
1760054820,121607.2,121607.2,121542.6,121554.4
1760054880,121554.4,121594.7,121554.4,121594.6
1760054940,121594.6,121682.6,121594.6,121660.7
1760055000,121660.7,121677.7,121635.5,121635.5
1760055060,121635.5,121635.6,121608.3,121608.9
1760055120,121608.9,121608.9,121572.6,121575.7
1760055180,121575.7,121613.4,121575.6,121613.4
1760055240,121613.4,121620,121577.7,121620
1760055300,121620,121704.5,121619.9,121653.4
1760055360,121653.4,121680,121648.4,121679.9
1760055420,121679.9,121719.8,121679.8,121686.2
1760055480,121686.2,121735.2,121679.8,121706.8
1760055540,121706.8,121723.1,121684.3,121706.1
1760055600,121706.1,121719.4,121675.1,121675.2
1760055660,121675.2,121681.2,121675.2,121681.2
1760055720,121681.2,121700,121670.1,121670.1
1760055780,121670.1,121689.4,121658.8,121689.4
1760055840,121689.4,121737.3,121689.4,121735.1
1760055900,121735.1,121735.2,121683.4,121724.6
1760055960,121724.6,121829.2,121724.5,121790.1
1760056020,121790.1,121835.9,121790,121818.6
1760056080,121818.6,121839.7,121802.5,121820
1760056140,121820,121841.7,121814.7,121830
1760056200,121830,121830,121800,121800.1
1760056260,121800.1,121800.1,121772.4,121772.4
1760056320,121772.4,121784.8,121741.7,121757.5
1760056380,121757.5,121786.2,121757.5,121786.2
1760056440,121786.2,121786.2,121748.3,121761
1760056500,121761,121761,121719,121729.8
1760056560,121729.8,121757.3,121729.8,121730.9
1760056620,121730.9,121731,121696.3,121696.3
1760056680,121696.3,121755.1,121696.3,121742.2
1760056740,121742.2,121757.4,121742.1,121747.2
1760056800,121747.2,121747.2,121719.8,121719.8
1760056860,121719.8,121747.9,121717.4,121720
1760056920,121720,121720,121671.7,121685.7
1760056980,121685.7,121691.6,121667.6,121667.6
1760057040,121667.6,121676.9,121667.5,121676.7
1760057100,121676.7,121676.7,121628.6,121628.7
1760057160,121628.7,121628.8,121592,121592
1760057220,121592,121599.9,121585,121599.9
1760057280,121599.9,121624.4,121585,121624.3
1760057340,121624.3,121624.4,121588.7,121616.4
1760057400,121616.4,121685.7,121616.4,121683.2
1760057460,121683.2,121683.2,121683.1,121683.1
1760057520,121683.1,121687.1,121673.9,121674
1760057580,121674,121751.2,121673.9,121751.1
1760057640,121751.1,121782.1,121734.1,121741.6
1760057700,121741.6,121786,121722,121750.2
1760057760,121750.2,121750.3,121721.7,121721.7
1760057820,121721.7,121721.8,121706,121706.1
1760057880,121706.1,121709.6,121703.7,121709.6
1760057940,121709.6,121709.6,121702,121709.6
1760058000,121709.6,121741.1,121690.1,121741.1
1760058060,121741.1,121765.4,121741,121765.3
1760058120,121765.3,121790.4,121765.3,121790.4
1760058180,121790.4,121819.6,121770.6,121819.6
1760058240,121819.6,121819.6,121776.6,121818.5
1760058300,121818.5,121849.7,121802.6,121808.1
1760058360,121808.1,121821.9,121785,121785
1760058420,121785,121785,121730,121744
1760058480,121744,121744,121707.5,121707.5
1760058540,121707.5,121707.6,121690,121699.9
1760058600,121699.9,121759.6,121699.9,121748.7
1760058660,121748.7,121759.6,121732.5,121732.6
1760058720,121732.6,121764,121732.5,121746.1
1760058780,121746.1,121764,121746,121763.9
1760058840,121763.9,121790,121763.9,121773.6
1760058900,121773.6,121773.6,121714.6,121714.6
1760058960,121714.6,121776.5,121714.6,121758.1
1760059020,121758.1,121773,121743.3,121743.4
1760059080,121743.4,121743.4,121720,121720.3
1760059140,121720.3,121720.3,121678.4,121719.3
1760059200,121719.3,121755.5,121719.2,121721.4
1760059260,121721.4,121721.5,121670,121670
1760059320,121670,121684.1,121666.7,121666.7
1760059380,121666.7,121666.8,121633.8,121633.8
1760059440,121633.8,121673.6,121620.8,121673.6
1760059500,121673.6,121746,121673.5,121732.2
1760059560,121732.2,121732.2,121701.4,121701.5
1760059620,121701.5,121713.6,121685.6,121713.6
1760059680,121713.6,121762.1,121713.6,121747.4
1760059740,121747.4,121800.1,121747.4,121800
1760059800,121800,121800.1,121790,121790
1760059860,121790,121790.1,121780.5,121780.5
1760059920,121780.5,121780.6,121757.8,121757.8
1760059980,121757.8,121790,121757.8,121790
1760060040,121790,121800,121789.9,121799.9
1760060100,121799.9,121799.9,121721.8,121721.8
1760060160,121721.8,121721.9,121660.6,121660.6
1760060220,121660.6,121660.7,121636.7,121636.7
1760060280,121636.7,121636.8,121620.7,121620.7
1760060340,121620.7,121655.7,121606.7,121606.7
1760060400,121606.7,121606.8,121515.5,121516
1760060460,121516,121525.5,121452.8,121499.4
1760060520,121499.4,121554,121479.3,121553.9
1760060580,121553.9,121560,121553.9,121560
1760060640,121560,121560,121526.6,121547.7
1760060700,121547.7,121559.4,121520.7,121543.1
1760060760,121543.1,121557.2,121528.2,121546.8
1760060820,121546.8,121546.8,121546.7,121546.8
1760060880,121546.8,121546.8,121530,121543.1
1760060940,121543.1,121578.9,121543.1,121561.9
1760061000,121561.9,121562,121531.9,121538.4
1760061060,121538.4,121568.2,121510,121568.2
1760061120,121568.2,121672.6,121568.1,121672.6
1760061180,121672.6,121694.6,121580.7,121580.7
1760061240,121580.7,121628.1,121580.7,121628.1
1760061300,121628.1,121658,121614.4,121614.4
1760061360,121614.4,121650.7,121607.5,121650.6
1760061420,121650.6,121650.7,121624.1,121629.2
1760061480,121629.2,121662,121629.2,121631.4
1760061540,121631.4,121654.2,121602.6,121609
1760061600,121609,121632.1,121531.9,121542
1760061660,121542,121563.6,121467.3,121487.2
1760061720,121487.2,121487.3,121400.4,121411.5
1760061780,121411.5,121448,121375.1,121426.3
1760061840,121426.3,121466.4,121404.4,121423.2
1760061900,121423.2,121448,121396.5,121410.3
1760061960,121410.3,121412.2,121331.8,121358.1
1760062020,121358.1,121358.2,121227.3,121257.7
1760062080,121257.7,121294,121218.4,121218.4
1760062140,121218.4,121326.5,121212.7,121304.5
1760062200,121304.5,121316,121257.9,121299.9
1760062260,121299.9,121341.8,121299.9,121339.2
1760062320,121339.2,121344.3,121250,121250
1760062380,121250,121301.5,121234.3,121238.1
1760062440,121238.1,121260.2,121238.1,121260.1
1760062500,121260.1,121293,121245.7,121245.7
1760062560,121245.7,121291.9,121245.7,121291.9
1760062620,121291.9,121295,121265.5,121294.9
1760062680,121294.9,121300.1,121284.4,121300.1
1760062740,121300.1,121355.7,121300.1,121355.7
1760062800,121355.7,121364.3,121340.6,121364.3
1760062860,121364.3,121370,121347.2,121356.6
1760062920,121356.6,121356.7,121347,121347.1
1760062980,121347.1,121363.4,121333.8,121363.3
1760063040,121363.3,121387.3,121284.5,121297.1
1760063100,121297.1,121297.2,121279.1,121279.2
1760063160,121279.2,121279.2,121222,121261.6
1760063220,121261.6,121318.8,121261.6,121318.8
1760063280,121318.8,121339.1,121318.8,121339.1
1760063340,121339.1,121341.8,121339,121341.8
1760063400,121341.8,121350,121302.6,121302.7
1760063460,121302.7,121302.7,121252.2,121283.5
1760063520,121283.5,121283.6,121180,121189.7
1760063580,121189.7,121202.8,121120.2,121155.5
1760063640,121155.5,121155.5,121111,121111
1760063700,121111,121136.9,121102,121102
1760063760,121102,121102.1,121087.6,121092.8
1760063820,121092.8,121126,121079.6,121080.2
1760063880,121080.2,121119.6,121027,121119.6
1760063940,121119.6,121201.5,121119.6,121201.5
1760064000,121201.5,121211.9,121199.6,121199.7
1760064060,121199.7,121220.7,121199.7,121220.7
1760064120,121220.7,121299.9,121220.7,121288.2
1760064180,121288.2,121288.2,121208.4,121223.1
1760064240,121223.1,121243.6,121193.3,121193.3
1760064300,121193.3,121228.7,121193.3,121228.6
1760064360,121228.6,121228.6,121143.5,121148.2
1760064420,121148.2,121191.1,121124.7,121185.2
1760064480,121185.2,121251.9,121185.2,121251.9
1760064540,121251.9,121260,121234.7,121234.7
1760064600,121234.7,121260,121211.4,121250.2
1760064660,121250.2,121253.2,121183.6,121183.6
1760064720,121183.6,121203.9,121081.5,121081.5
1760064780,121081.5,121083.1,120984.8,120995.2
1760064840,120995.2,121012.3,120882,120949.4
1760064900,120949.4,121030.2,120949.3,121030.2
1760064960,121030.2,121036.4,121005.8,121025.9
1760065020,121025.9,121071,121025.9,121050.8
1760065080,121050.8,121079.8,121035,121056.4
1760065140,121056.4,121056.5,121034.7,121040.4
1760065200,121040.4,121093.1,121040.4,121060.8
1760065260,121060.8,121081.2,121028.9,121028.9
1760065320,121028.9,121029,120994,121010
1760065380,121010,121010.1,120958.9,120962.8
1760065440,120962.8,120968.9,120913.8,120919.6
1760065500,120919.6,120992.4,120888.8,120992.4
1760065560,120992.4,121010.7,120966.1,120983.6
1760065620,120983.6,120983.6,120926.2,120972.7
1760065680,120972.7,120972.8,120936.4,120949.3
1760065740,120949.3,120949.4,120945,120949.4
1760065800,120949.4,120999.9,120935.6,120970.9
1760065860,120970.9,120990,120939.1,120989.9
1760065920,120989.9,121000,120956.5,120999.9
1760065980,120999.9,121000,120957.3,120989.4
1760066040,120989.4,121117.1,120974.8,121083.2
1760066100,121083.2,121153.4,121083.2,121137.7
1760066160,121137.7,121137.8,121067,121113.6
1760066220,121113.6,121136.9,121095,121108.7
1760066280,121108.7,121136.8,121108.7,121136.8
1760066340,121136.8,121200.9,121128.2,121200.9
1760066400,121200.9,121294.6,121200.8,121294.4
1760066460,121294.4,121340,121286.5,121340
1760066520,121340,121350,121304,121304
1760066580,121304,121304,121277.6,121277.6
1760066640,121277.6,121340.3,121268.1,121340.3
1760066700,121340.3,121375,121340.2,121358.1
1760066760,121358.1,121398,121303.1,121303.1
1760066820,121303.1,121366.4,121291.7,121366.4
1760066880,121366.4,121390.8,121332.8,121368.4
1760066940,121368.4,121427.9,121368.4,121403.3
1760067000,121403.3,121497.9,121403.2,121446.2
1760067060,121446.2,121491.5,121437.1,121480
1760067120,121480,121500,121421.8,121421.9
1760067180,121421.9,121471.4,121421.9,121431.6
1760067240,121431.6,121457.5,121394.9,121402.3
1760067300,121402.3,121481.9,121402.3,121472.9
1760067360,121472.9,121481.9,121437.6,121476
1760067420,121476,121500,121450.2,121450.8
1760067480,121450.8,121473.8,121442,121465.5
1760067540,121465.5,121480,121450.1,121470.7
1760067600,121470.7,121509.7,121444.8,121493.7
1760067660,121493.7,121497.6,121450.6,121482
1760067720,121482,121511.5,121467.6,121469.1
1760067780,121469.1,121481.5,121463.5,121472.1
1760067840,121472.1,121488.4,121466.1,121483.3
1760067900,121483.3,121536,121478.8,121524.6
1760067960,121524.6,121548.3,121477.6,121534.9
1760068020,121534.9,121535,121521.1,121526.9
1760068080,121526.9,121548.3,121513.4,121540
1760068140,121540,121540,121461.1,121464.7
1760068200,121464.7,121466.4,121408.2,121410.2
1760068260,121410.2,121422.3,121290.6,121334.9
1760068320,121334.9,121335,121266,121278.5
1760068380,121278.5,121319.4,121235.8,121248
1760068440,121248,121248,121208.8,121208.8
1760068500,121208.8,121208.9,121106,121125.3
1760068560,121125.3,121143,121099.8,121131.1
1760068620,121131.1,121131.1,121051.4,121085.9
1760068680,121085.9,121090.3,121056.3,121056.5
1760068740,121056.5,121056.5,121001.7,121001.7
1760068800,121001.7,121092.1,121001.3,121035.3
1760068860,121035.3,121127.6,121035.3,121098
1760068920,121098,121098,121032.7,121059.2
1760068980,121059.2,121066.7,121030.1,121051.8
1760069040,121051.8,121089.8,121028.4,121078.8
1760069100,121078.8,121191.1,121078.7,121174.6
1760069160,121174.6,121220.7,121165.2,121219.1
1760069220,121219.1,121273.2,121216.1,121251.7
1760069280,121251.7,121330.7,121251.6,121273.6
1760069340,121273.6,121319.6,121250.1,121250.1
1760069400,121250.1,121255.4,121206,121255.4
1760069460,121255.4,121255.4,121214.3,121219.7
1760069520,121219.7,121284,121219.7,121275
1760069580,121275,121366.2,121232,121350.9
1760069640,121350.9,121366.2,121322.6,121335.2
1760069700,121335.2,121347.5,121311.9,121324.5
1760069760,121324.5,121326.3,121292,121292
1760069820,121292,121304.8,121270.2,121272.7
1760069880,121272.7,121292.7,121230,121230
1760069940,121230,121239.9,121143.6,121206.2
1760070000,121206.2,121283.8,121198,121283.7
1760070060,121283.7,121307.5,121258.2,121279.4
1760070120,121279.4,121330.5,121279.3,121296.6
1760070180,121296.6,121309.8,121250.1,121250.1
1760070240,121250.1,121273,121212,121212.1
1760070300,121212.1,121229.9,121205.7,121229.8
1760070360,121229.8,121244.3,121224.6,121243.7
1760070420,121243.7,121250,121233.9,121241.5
1760070480,121241.5,121250,121240.6,121240.7
1760070540,121240.7,121262.8,121240.7,121256.1
1760070600,121256.1,121277,121254.7,121262.2
1760070660,121262.2,121329.4,121262.2,121329.4
1760070720,121329.4,121329.4,121284.1,121284.2
1760070780,121284.2,121284.2,121156,121156.1
1760070840,121156.1,121191.3,121146,121191.3
1760070900,121191.3,121213.3,121117.7,121117.7
1760070960,121117.7,121117.8,121071.4,121088.8
1760071020,121088.8,121104.2,121069.7,121090.7
1760071080,121090.7,121090.8,121066.6,121070.4
1760071140,121070.4,121076.6,121032,121061.6
1760071200,121061.6,121120.5,121053.3,121117.6
1760071260,121117.6,121132.7,121083.5,121083.6
1760071320,121083.6,121096.7,121054.7,121096.7
1760071380,121096.7,121102.1,121079.1,121084.3
1760071440,121084.3,121120,121079.6,121120
1760071500,121120,121121,121093.2,121105.8
1760071560,121105.8,121186.1,121101.1,121110.2
1760071620,121110.2,121145.7,121110.2,121142.2
1760071680,121142.2,121159,121127.3,121159
1760071740,121159,121178.9,121159,121178.8
1760071800,121178.8,121191.2,121165.5,121191.2
1760071860,121191.2,121200,121190.5,121190.5
1760071920,121190.5,121196,121184,121192.7
1760071980,121192.7,121251,121192.6,121234.2
1760072040,121234.2,121250,121234.2,121241.5
1760072100,121241.5,121241.6,121189.5,121189.5
1760072160,121189.5,121209.9,121189.5,121202.6
1760072220,121202.6,121258,121202.5,121258
1760072280,121258,121258,121208.1,121224.6
1760072340,121224.6,121228,121210.1,121210.3
1760072400,121210.3,121219.5,121150,121160.1
1760072460,121160.1,121184.3,121160,121170
1760072520,121170,121170,121129.2,121136.4
1760072580,121136.4,121136.4,121089.9,121089.9
1760072640,121089.9,121090,121000,121014.8
1760072700,121014.8,121023.9,120955,121009.4
1760072760,121009.4,121046,120985.5,121045.9
1760072820,121045.9,121100,121029.3,121093.4
1760072880,121093.4,121093.4,121060.7,121062.8
1760072940,121062.8,121062.8,121026.4,121026.4
1760073000,121026.4,121039.1,121002.8,121029.4
1760073060,121029.4,121058.3,121029.3,121050.9
1760073120,121050.9,121068,121050.9,121067.9
1760073180,121067.9,121100,121067.9,121096.9
1760073240,121096.9,121096.9,121075.6,121075.6
1760073300,121075.6,121128.4,121065.2,121124.8
1760073360,121124.8,121131.7,121098.5,121098.5
1760073420,121098.5,121141.2,121098.5,121141.1
1760073480,121141.1,121151.1,121130.2,121141.5
1760073540,121141.5,121141.5,121128.1,121129.3
1760073600,121129.3,121172.6,121129.3,121172.5
1760073660,121172.5,121213.6,121172.5,121206.1
1760073720,121206.1,121233.9,121206.1,121230.1
1760073780,121230.1,121354.7,121230.1,121354.7
1760073840,121354.7,121421.1,121338.1,121421
1760073900,121421,121421.1,121405,121416.6
1760073960,121416.6,121482.5,121410,121410
1760074020,121410,121410,121360.3,121360.3
1760074080,121360.3,121364.7,121316.2,121332.9
1760074140,121332.9,121351.5,121332.9,121340
1760074200,121340,121340,121310.3,121310.3
1760074260,121310.3,121353.5,121288.8,121325.7
1760074320,121325.7,121325.8,121198.8,121198.8
1760074380,121198.8,121243.2,121197.6,121228.9
1760074440,121228.9,121241.6,121187.4,121187.5
1760074500,121187.5,121233.2,121180,121205.4
1760074560,121205.4,121232.2,121180,121232.2
1760074620,121232.2,121267.6,121232.1,121260.1
1760074680,121260.1,121289.4,121260,121281.7
1760074740,121281.7,121281.7,121281.6,121281.7
1760074800,121281.7,121353.8,121281.7,121353.8
1760074860,121353.8,121392.6,121353.8,121392.6
1760074920,121392.6,121405.6,121392.5,121405.6
1760074980,121405.6,121424.1,121400,121417.8
1760075040,121417.8,121417.9,121417.8,121417.8
1760075100,121417.8,121475.5,121417.8,121475.4
1760075160,121475.4,121543.9,121475.4,121514.4
1760075220,121514.4,121514.4,121480.7,121494
1760075280,121494,121537,121491.1,121528.5
1760075340,121528.5,121528.5,121475,121475.1
1760075400,121475.1,121514.5,121475,121514.5
1760075460,121514.5,121521.5,121490.1,121499
1760075520,121499,121509.5,121468.8,121509.5
1760075580,121509.5,121514.8,121487.4,121509.9
1760075640,121509.9,121578.3,121488.9,121578.3
1760075700,121578.3,121584.8,121530,121535
1760075760,121535,121564.6,121520.1,121553
1760075820,121553,121560,121541.1,121560
1760075880,121560,121579.7,121543.2,121543.3
1760075940,121543.3,121544.3,121543.2,121544.3
1760076000,121544.3,121594.6,121533.1,121582.9
1760076060,121582.9,121582.9,121554.4,121560
1760076120,121560,121643.9,121560,121633.9
1760076180,121633.9,121633.9,121572.3,121590.6
1760076240,121590.6,121633.8,121581,121633.8
1760076300,121633.8,121689.6,121633,121684
1760076360,121684,121684,121662.5,121662.5
1760076420,121662.5,121725.1,121660,121697
1760076480,121697,121716,121666.8,121713
1760076540,121713,121740,121629.2,121629.2
1760076600,121629.2,121649.7,121568.5,121568.5
1760076660,121568.5,121568.5,121529.9,121542
1760076720,121542,121557.6,121540.9,121540.9
1760076780,121540.9,121551.8,121520,121520
1760076840,121520,121549.7,121505.4,121544.9
1760076900,121544.9,121623.6,121544.9,121608.4
1760076960,121608.4,121632.8,121568.3,121581.6
1760077020,121581.6,121620,121581.6,121588.3
1760077080,121588.3,121650,121575.4,121634.8
1760077140,121634.8,121642.5,121577.4,121582.4
1760077200,121582.4,121618.8,121530.3,121591.8
1760077260,121591.8,121629,121591.7,121607.5
1760077320,121607.5,121628.2,121599.1,121628.2
1760077380,121628.2,121628.2,121590.4,121600
1760077440,121600,121600,121565.3,121565.3
1760077500,121565.3,121588,121559.5,121587.9
1760077560,121587.9,121589.7,121555.1,121555.1
1760077620,121555.1,121555.2,121530.8,121531.7
1760077680,121531.7,121545.6,121480.7,121480.8
1760077740,121480.8,121506.1,121480,121496.7
1760077800,121496.7,121553.3,121461.6,121469.2
1760077860,121469.2,121503.8,121467.6,121467.6
1760077920,121467.6,121486,121467.6,121467.6
1760077980,121467.6,121518.5,121467.6,121508.6
1760078040,121508.6,121600,121508.6,121599.9
1760078100,121599.9,121600,121502.9,121528
1760078160,121528,121538.4,121475.1,121475.1
1760078220,121475.1,121523.2,121455,121462.3
1760078280,121462.3,121513,121438,121488.5
1760078340,121488.5,121549.9,121488.5,121549.9
1760078400,121549.9,121610,121549.9,121610
1760078460,121610,121666.4,121609.9,121666.4
1760078520,121666.4,121683.4,121653.5,121672.3
1760078580,121672.3,121699.1,121666.1,121670.1
1760078640,121670.1,121670.1,121607.5,121629
1760078700,121629,121694.4,121629,121693.3
1760078760,121693.3,121700,121650.6,121654.8
1760078820,121654.8,121667.4,121624.1,121635.2
1760078880,121635.2,121644.9,121581.9,121583.4
1760078940,121583.4,121583.5,121463.5,121463.6
1760079000,121463.6,121476.1,121381.3,121381.3
1760079060,121381.3,121381.4,121250,121265.6
1760079120,121265.6,121269.1,121200.1,121226.7
1760079180,121226.7,121299.8,121218.6,121299.3
1760079240,121299.3,121360,121285.8,121350
1760079300,121350,121388,121346.3,121351.3
1760079360,121351.3,121385,121351.2,121377.9
1760079420,121377.9,121392,121377.8,121381.5
1760079480,121381.5,121410,121354.2,121358.3
1760079540,121358.3,121362.1,121329.7,121329.8
1760079600,121329.8,121337.9,121300,121337.8
1760079660,121337.8,121337.9,121210.7,121210.7
1760079720,121210.7,121235.3,121201,121223.2
1760079780,121223.2,121253.8,121210,121227.2
1760079840,121227.2,121264.6,121177,121213.7
1760079900,121213.7,121243.6,121194,121232.1
1760079960,121232.1,121248.9,121212.8,121227.6
1760080020,121227.6,121227.6,121182,121194.2
1760080080,121194.2,121194.2,121143.5,121149.9
1760080140,121149.9,121223.8,121149.9,121223.8
1760080200,121223.8,121272,121223.7,121267.8
1760080260,121267.8,121270,121214.9,121235.8
1760080320,121235.8,121265.2,121211.8,121260.1
1760080380,121260.1,121260.1,121224.6,121236.7
1760080440,121236.7,121247.3,121223.6,121223.7
1760080500,121223.7,121223.7,121191.7,121191.7
1760080560,121191.7,121213.4,121157.9,121183.1
1760080620,121183.1,121212,121171.3,121211.9
1760080680,121211.9,121212,121172,121194.5
1760080740,121194.5,121270,121176.3,121270
1760080800,121270,121344.4,121269.9,121292.4
1760080860,121292.4,121334.2,121292.4,121296.6
1760080920,121296.6,121296.6,121185.5,121185.5
1760080980,121185.5,121221.8,121169.2,121213
1760081040,121213,121226.3,121188.3,121207
1760081100,121207,121232.2,121188.5,121204.3
1760081160,121204.3,121266.1,121185.9,121261.2
1760081220,121261.2,121311.4,121258.7,121296.1
1760081280,121296.1,121307,121278.9,121284.5
1760081340,121284.5,121361.3,121274.5,121274.5
1760081400,121274.5,121300.8,121236.8,121278.7
1760081460,121278.7,121310,121203.1,121211.2
1760081520,121211.2,121237.6,121202.6,121202.7
1760081580,121202.7,121205.7,121148.2,121149.1
1760081640,121149.1,121149.1,121100,121100
1760081700,121100,121116.8,121080.3,121080.3
1760081760,121080.3,121142.5,121080.3,121122.3
1760081820,121122.3,121163.5,121100,121117.2
1760081880,121117.2,121117.3,121088,121088
1760081940,121088,121088.1,121058.4,121085.7
1760082000,121085.7,121122.7,121076,121112.2
1760082060,121112.2,121112.2,121082.2,121099.2
1760082120,121099.2,121099.3,121050,121050
1760082180,121050,121100,121050,121080.7
1760082240,121080.7,121082.6,121074,121076.3
1760082300,121076.3,121094.2,121047.9,121050.6
1760082360,121050.6,121050.7,121001,121001
1760082420,121001,121047.1,120980,121038.4
1760082480,121038.4,121038.4,120981.1,120989.1
1760082540,120989.1,120996.4,120970.1,120984.6
1760082600,120984.6,120995,120960,120960.1
1760082660,120960.1,120968.4,120940.5,120958.5
1760082720,120958.5,121056.5,120958.4,121001.2
1760082780,121001.2,121054.4,120952.2,121043.2
1760082840,121043.2,121087.6,121043.1,121065
1760082900,121065,121089.1,121060,121070.7
1760082960,121070.7,121081.7,120979.8,120985.3
1760083020,120985.3,120985.3,120940.2,120940.2
1760083080,120940.2,120957.9,120873,120873
1760083140,120873,120903.8,120822,120903.7
1760083200,120903.7,120928.1,120869.2,120920.1
1760083260,120920.1,120981.4,120920,120981.4
1760083320,120981.4,121148.2,120981.4,121140.5
1760083380,121140.5,121140.5,121054.3,121074.3
1760083440,121074.3,121116.6,121056.4,121084.8
1760083500,121084.8,121084.8,120964.6,121065.2
1760083560,121065.2,121121,121065.2,121107.1
1760083620,121107.1,121107.2,121005.8,121021.5
1760083680,121021.5,121078.9,121005.9,121040
1760083740,121040,121113.8,121040,121102.7
1760083800,121102.7,121108.7,121048.6,121096
1760083860,121096,121140,121076.4,121136
1760083920,121136,121136.8,121102.3,121124.9
1760083980,121124.9,121140,121118.2,121127.9
1760084040,121127.9,121130.4,121109.7,121113.9
1760084100,121113.9,121168.3,121113.9,121168.3
1760084160,121168.3,121220,121146.1,121146.1
1760084220,121146.1,121203.9,121146.1,121190.5
1760084280,121190.5,121204,121176.9,121196.6
1760084340,121196.6,121196.7,121171.1,121191.1
1760084400,121191.1,121200,121171.2,121200
1760084460,121200,121217.6,121189.5,121193.9
1760084520,121193.9,121209.5,121193.8,121209.5
1760084580,121209.5,121220.1,121203.6,121220
1760084640,121220,121248.7,121220,121234.3
1760084700,121234.3,121260.7,121233.4,121233.4
1760084760,121233.4,121234.3,121218,121234.2
1760084820,121234.2,121255.5,121234.1,121255.4
1760084880,121255.4,121286,121255.4,121281.9
1760084940,121281.9,121281.9,121236,121236
1760085000,121236,121284,121234.7,121284
1760085060,121284,121311.7,121284,121287.4
1760085120,121287.4,121287.4,121234.1,121265.1
1760085180,121265.1,121269.7,121243.5,121252.3
1760085240,121252.3,121268.8,121226,121226
1760085300,121226,121231.9,121178.2,121199.9
1760085360,121199.9,121229.7,121178.2,121212.5
1760085420,121212.5,121212.6,121180.5,121188.6
1760085480,121188.6,121228.6,121177.8,121221.6
1760085540,121221.6,121239,121197.7,121219
1760085600,121219,121239,121192.4,121193.6
1760085660,121193.6,121198,121172.8,121172.8
1760085720,121172.8,121181.7,121170.8,121174
1760085780,121174,121253.3,121160.5,121207.7
1760085840,121207.7,121241.7,121188.5,121241.7
1760085900,121241.7,121342,121241.7,121332.1
1760085960,121332.1,121342,121282,121300.4
1760086020,121300.4,121337.5,121288,121325.9
1760086080,121325.9,121334,121311.3,121321.4
1760086140,121321.4,121334,121311.8,121316.4
1760086200,121316.4,121406.4,121316.4,121395.8
1760086260,121395.8,121439.6,121395.8,121433.4
1760086320,121433.4,121433.4,121412.2,121433
1760086380,121433,121455.4,121425.1,121425.2
1760086440,121425.2,121443.6,121421.1,121424.4
1760086500,121424.4,121480,121424.4,121471
1760086560,121471,121500,121452.8,121500
1760086620,121500,121540.3,121499.9,121539.3
1760086680,121539.3,121570,121539.2,121550.6
1760086740,121550.6,121611.8,121550.6,121575
1760086800,121575,121616.2,121558,121580.1
1760086860,121580.1,121580.1,121456.8,121536.8
1760086920,121536.8,121536.8,121472.5,121481.2
1760086980,121481.2,121519.3,121481.2,121511.3
1760087040,121511.3,121522.7,121479.6,121480
1760087100,121480,121516.9,121456.6,121516.8
1760087160,121516.8,121537.5,121481.5,121501.8
1760087220,121501.8,121541.5,121493.6,121515.1
1760087280,121515.1,121515.1,121462.2,121462.2
1760087340,121462.2,121499.3,121453.5,121498.7
1760087400,121498.7,121498.7,121462.2,121467.3
1760087460,121467.3,121541.8,121453.5,121535.7
1760087520,121535.7,121538.5,121493.2,121493.2
1760087580,121493.2,121530.7,121493.2,121493.4
1760087640,121493.4,121493.4,121456.8,121459.9
1760087700,121459.9,121511.4,121459.9,121492.7
1760087760,121492.7,121493.1,121461.5,121468.9
1760087820,121468.9,121528,121456.5,121528
1760087880,121528,121528,121474.5,121492.3
1760087940,121492.3,121492.3,121424.7,121441.5
1760088000,121441.5,121441.5,121421.8,121427.7
1760088060,121427.7,121511.8,121423.6,121511.7
1760088120,121511.7,121550,121511.7,121550
1760088180,121550,121550,121523.4,121549.9
1760088240,121549.9,121598.2,121505,121598.2
1760088300,121598.2,121620,121577.6,121592.6
1760088360,121592.6,121645.5,121592.6,121645.5
1760088420,121645.5,121731.6,121645.4,121716
1760088480,121716,121744.9,121667.4,121692.3
1760088540,121692.3,121714.8,121692.3,121693
1760088600,121693,121693.1,121639.8,121660.2
1760088660,121660.2,121725.1,121660.2,121688.3
1760088720,121688.3,121726,121688.3,121709.2
1760088780,121709.2,121722.4,121654,121668.2
1760088840,121668.2,121686.1,121661.5,121686.1
1760088900,121686.1,121689.9,121660.9,121682.8
1760088960,121682.8,121699.1,121672,121672
1760089020,121672,121680,121672,121679.9
1760089080,121679.9,121680,121639.2,121639.2
1760089140,121639.2,121650,121631.9,121649.9
1760089200,121649.9,121658.1,121638.7,121646.1
1760089260,121646.1,121646.1,121613.3,121613.4
1760089320,121613.4,121670.9,121613.4,121649.9
1760089380,121649.9,121677.5,121649.8,121663.5
1760089440,121663.5,121663.6,121639.3,121639.3
1760089500,121639.3,121708.1,121639.3,121693.9
1760089560,121693.9,121693.9,121625.3,121625.4
1760089620,121625.4,121681.2,121625.4,121635.4
1760089680,121635.4,121647.6,121436,121451.6
1760089740,121451.6,121460,121329,121346.9
1760089800,121346.9,121346.9,121244.1,121279.9
1760089860,121279.9,121370,121266.7,121370
1760089920,121370,121370,121319.9,121328.6
1760089980,121328.6,121334.2,121290,121313.5
1760090040,121313.5,121356.9,121313.2,121330.8
1760090100,121330.8,121366.3,121330.8,121350.1
1760090160,121350.1,121350.1,121303.8,121308.9
1760090220,121308.9,121309.1,121270,121279.9
1760090280,121279.9,121330.2,121240,121240
1760090340,121240,121269.7,121225.4,121267
1760090400,121267,121267.1,121255.7,121256.3
1760090460,121256.3,121344.6,121256.3,121317.8
1760090520,121317.8,121344.7,121304.8,121315.8
1760090580,121315.8,121346.3,121300,121342.3
1760090640,121342.3,121345.8,121301.3,121303.7
1760090700,121303.7,121350,121303.6,121350
1760090760,121350,121355.6,121347.8,121347.9
1760090820,121347.9,121347.9,121320,121343.5
1760090880,121343.5,121352.2,121340,121351.5
1760090940,121351.5,121372.3,121340,121368.4
1760091000,121368.4,121368.4,121320.8,121324.9
1760091060,121324.9,121339.8,121317.9,121339.7
1760091120,121339.7,121339.8,121329.7,121339.8
1760091180,121339.8,121339.8,121281.8,121281.8
1760091240,121281.8,121300.6,121263.7,121291.2
1760091300,121291.2,121319.8,121289.1,121309.3
1760091360,121309.3,121309.3,121272.4,121300.3
1760091420,121300.3,121315,121294.9,121315
1760091480,121315,121440,121315,121426.9
1760091540,121426.9,121427,121389.9,121399.2
1760091600,121399.2,121399.3,121354.2,121370.6
1760091660,121370.6,121403.5,121370.6,121403.4
1760091720,121403.4,121403.4,121344.1,121344.1
1760091780,121344.1,121344.1,121248.3,121319.8
1760091840,121319.8,121329.4,121303,121311.7
1760091900,121311.7,121311.8,121279.1,121283.4
1760091960,121283.4,121301.6,121283.4,121291.8
1760092020,121291.8,121291.8,121291.7,121291.7
1760092080,121291.7,121291.8,121271.7,121271.8
1760092140,121271.8,121295.7,121271.2,121271.2
1760092200,121271.2,121300,121255.2,121300
1760092260,121300,121351,121275.9,121280
1760092320,121280,121281.2,121235.1,121245.6
1760092380,121245.6,121289,121245.6,121269.4
1760092440,121269.4,121269.4,121212.9,121218.6
1760092500,121218.6,121218.7,121190,121190.1
1760092560,121190.1,121207.1,121168.9,121200.1
1760092620,121200.1,121238.7,121200.1,121236.7
1760092680,121236.7,121278.2,121213.4,121260
1760092740,121260,121298.2,121206.1,121210.1
1760092800,121210.1,121210.2,121210.1,121210.1
1760092860,121210.1,121210.2,121185.5,121191.5
1760092920,121191.5,121232.7,121191.5,121226.9
1760092980,121226.9,121252.7,121214.5,121252.6
1760093040,121252.6,121287.4,121252.6,121277.2
1760093100,121277.2,121277.2,121259,121262.8
1760093160,121262.8,121272.5,121240.5,121272.5
1760093220,121272.5,121272.5,121232.7,121257.7
1760093280,121257.7,121298.2,121251.6,121293.4
1760093340,121293.4,121353.9,121293.3,121331.5
1760093400,121331.5,121359.9,121300.6,121351.3
1760093460,121351.3,121373,121351.3,121367.1
1760093520,121367.1,121474,121367.1,121424.3
1760093580,121424.3,121430.9,121397.9,121419.6
1760093640,121419.6,121419.6,121390.7,121402.5
1760093700,121402.5,121487.3,121391.9,121487.2
1760093760,121487.2,121496,121475.9,121477.6
1760093820,121477.6,121481.4,121460.7,121463.1
1760093880,121463.1,121463.1,121432.2,121437.1
1760093940,121437.1,121454.3,121432.9,121445.6
1760094000,121445.6,121487.6,121445.6,121465.1
1760094060,121465.1,121531.2,121465.1,121509
1760094120,121509,121531.3,121501.6,121531.3
1760094180,121531.3,121576.4,121528,121545.2
1760094240,121545.2,121557.4,121528.1,121557.3
1760094300,121557.3,121580,121550.9,121550.9
1760094360,121550.9,121550.9,121518.6,121518.6
1760094420,121518.6,121518.7,121482.9,121503.1
1760094480,121503.1,121544.6,121503.1,121538.6
1760094540,121538.6,121617.2,121538.6,121591.3
1760094600,121591.3,121615.2,121526.4,121611.6
1760094660,121611.6,121611.6,121511,121517.1
1760094720,121517.1,121520.1,121490,121512.8
1760094780,121512.8,121512.9,121512.7,121512.8
1760094840,121512.8,121512.8,121469.4,121469.4
1760094900,121469.4,121493.1,121469.4,121481.4
1760094960,121481.4,121481.5,121429.9,121467.5
1760095020,121467.5,121507.9,121467.4,121504.1
1760095080,121504.1,121520,121488.1,121492.8
1760095140,121492.8,121518.1,121484.1,121502.7
1760095200,121502.7,121503,121444.7,121503
1760095260,121503,121504,121431.1,121431.1
1760095320,121431.1,121431.1,121361.5,121396.2
1760095380,121396.2,121396.4,121382,121382
1760095440,121382,121398.1,121382,121394.2
1760095500,121394.2,121420,121394.2,121420
1760095560,121420,121420.1,121399.2,121409.2
1760095620,121409.2,121409.3,121378.1,121407.6
1760095680,121407.6,121416.9,121380.4,121380.5
1760095740,121380.5,121406.5,121380.4,121394.1
1760095800,121394.1,121404.2,121387.4,121387.4
1760095860,121387.4,121431.2,121380.4,121431.2
1760095920,121431.2,121517.3,121431.1,121517
1760095980,121517,121520,121443.1,121443.2
1760096040,121443.2,121453.8,121389.8,121421.4
1760096100,121421.4,121450,121421.4,121450
1760096160,121450,121493.9,121439,121493.9
1760096220,121493.9,121505.6,121484.9,121485
1760096280,121485,121492.5,121450,121471.6
1760096340,121471.6,121506.4,121471.6,121483.9
1760096400,121483.9,121508.8,121467.3,121508.8
1760096460,121508.8,121519,121491.3,121503.2
1760096520,121503.2,121503.3,121413.5,121425.7
1760096580,121425.7,121481.4,121425.6,121481.4
1760096640,121481.4,121484.9,121461.8,121468.1
1760096700,121468.1,121468.2,121437.5,121455.5
1760096760,121455.5,121456.5,121449.3,121449.9
1760096820,121449.9,121450,121423.3,121450
1760096880,121450,121450,121424.3,121449.9
1760096940,121449.9,121449.9,121397.3,121442.2
1760097000,121442.2,121450,121442.2,121450
1760097060,121450,121505.8,121449.9,121503.7
1760097120,121503.7,121581.6,121503.7,121581.6
1760097180,121581.6,121587.2,121545.9,121567
1760097240,121567,121567.1,121548.1,121566.1
1760097300,121566.1,121566.1,121541.7,121545.5
1760097360,121545.5,121587.5,121545.5,121567.6
1760097420,121567.6,121567.6,121514.9,121520
1760097480,121520,121520,121490,121519.9
1760097540,121519.9,121520,121496.1,121496.2
1760097600,121496.2,121520,121496.1,121503.6
1760097660,121503.6,121537.3,121503.6,121513.8
1760097720,121513.8,121524.2,121490,121514.5
1760097780,121514.5,121640.5,121514.5,121617.1
1760097840,121617.1,121641.4,121592.2,121610.9
1760097900,121610.9,121616.2,121592.2,121606.5
1760097960,121606.5,121606.6,121532.5,121532.5
1760098020,121532.5,121580,121532.4,121580
1760098080,121580,121600,121580,121599.9
1760098140,121599.9,121627.6,121508.3,121508.3
1760098200,121508.3,121524.4,121454.4,121467.1
1760098260,121467.1,121467.1,121426.5,121436.6
1760098320,121436.6,121487.5,121436.5,121485.1
1760098380,121485.1,121485.1,121417.9,121417.9
1760098440,121417.9,121441.8,121417.8,121430.7
1760098500,121430.7,121440.4,121403.4,121417.7
1760098560,121417.7,121433.8,121406.2,121406.2
1760098620,121406.2,121448,121403.3,121447.9
1760098680,121447.9,121456.3,121443.8,121454.6
1760098740,121454.6,121460,121454.5,121459.9
1760098800,121459.9,121474.6,121459.9,121469.6
1760098860,121469.6,121469.6,121436.1,121436.2
1760098920,121436.2,121467.5,121436.2,121440
1760098980,121440,121470.1,121439.2,121470.1
1760099040,121470.1,121488.8,121461.3,121481.2
1760099100,121481.2,121516.8,121481.2,121516.8
1760099160,121516.8,121534.4,121495.6,121520.5
1760099220,121520.5,121520.5,121478.1,121511.5
1760099280,121511.5,121512.2,121483.6,121503.7
1760099340,121503.7,121503.7,121480.5,121480.6
1760099400,121480.6,121480.6,121436.1,121436.1
1760099460,121436.1,121436.2,121428.9,121435.7
1760099520,121435.7,121500,121435.6,121499.9
1760099580,121499.9,121527.2,121464.8,121491.6
1760099640,121491.6,121526.3,121475.3,121526.3
1760099700,121526.3,121539.5,121483.9,121487
1760099760,121487,121516,121469.1,121469.1
1760099820,121469.1,121478.4,121417.5,121417.5
1760099880,121417.5,121431.6,121371.1,121390.9
1760099940,121390.9,121426.2,121385.8,121414.4
1760100000,121414.4,121493.9,121414.3,121445.5
1760100060,121445.5,121445.5,121370,121395.9
1760100120,121395.9,121424.5,121370,121395.1
1760100180,121395.1,121405,121381.6,121404.9
1760100240,121404.9,121428.3,121404.9,121411.3
1760100300,121411.3,121424.6,121408,121412
1760100360,121412,121427.8,121412,121427.7
1760100420,121427.7,121427.9,121404.3,121404.3
1760100480,121404.3,121447.1,121404.3,121408.2
1760100540,121408.2,121438.8,121408.2,121417.9
1760100600,121417.9,121465.9,121417.8,121443.1
1760100660,121443.1,121509.4,121442.9,121499.6
1760100720,121499.6,121520,121489.8,121492.2
1760100780,121492.2,121527.4,121485.7,121492.8
1760100840,121492.8,121498.2,121486,121498.2
1760100900,121498.2,121541.3,121498.2,121536.6
1760100960,121536.6,121563.5,121536.5,121563.5
1760101020,121563.5,121568,121525.6,121556.2
1760101080,121556.2,121556.3,121536.5,121536.6
1760101140,121536.6,121552.2,121536.5,121552.2
1760101200,121552.2,121620.8,121552.2,121585.8
1760101260,121585.8,121626,121565.7,121606
1760101320,121606,121666.7,121606,121666.6
1760101380,121666.6,121778.2,121666.6,121778.2
1760101440,121778.2,121889.8,121770,121838.7
1760101500,121838.7,121852.4,121717,121732.9
1760101560,121732.9,121790,121732.9,121772.9
1760101620,121772.9,121844.5,121754.8,121838.9
1760101680,121838.9,121869.4,121798.6,121810.9
1760101740,121810.9,121811,121626.6,121732
1760101800,121732,121732,121656.1,121678
1760101860,121678,121711.5,121661.4,121711.5
1760101920,121711.5,121744,121696.9,121699.7
1760101980,121699.7,121724,121692.5,121713.9
1760102040,121713.9,121774.1,121713.9,121774.1
1760102100,121774.1,121788,121739.3,121739.4
1760102160,121739.4,121740,121644.7,121644.7
1760102220,121644.7,121790.1,121644.7,121716.3
1760102280,121716.3,121787.1,121700,121778.4
1760102340,121778.4,121879.3,121770.9,121872.8
1760102400,121872.8,121945,121862,121891.3
1760102460,121891.3,121900,121844.3,121844.4
1760102520,121844.4,121877.3,121822.1,121863
1760102580,121863,121889.6,121850,121859.9
1760102640,121859.9,121868.6,121818.6,121854.3
1760102700,121854.3,121952.2,121854.3,121921.7
1760102760,121921.7,121999.9,121921.7,121992
1760102820,121992,122029.8,121918.9,121961.2
1760102880,121961.2,121961.2,121882.1,121903.6
1760102940,121903.6,121933.1,121895.6,121930.8
1760103000,121930.8,121957.6,121782,121794.3
1760103060,121794.3,121937.6,121794.3,121890
1760103120,121890,121898.4,121730,121828.9
1760103180,121828.9,121851.1,121753.9,121845.9
1760103240,121845.9,121947.6,121845.9,121944
1760103300,121944,122014.3,121944,121993.1
1760103360,121993.1,122000,121837.1,121985
1760103420,121985,122083,121920.8,122073
1760103480,122073,122299.1,122069.4,122250.4
1760103540,122250.4,122490,122240,122379.9
1760103600,122379.9,122430,122304.8,122349.9
1760103660,122349.9,122460,122349.9,122355.2
1760103720,122355.2,122470,122296,122387.8
1760103780,122387.8,122419,122258.5,122338
1760103840,122338,122350,122140.1,122205.1
1760103900,122205.1,122260.5,121958.3,122108
1760103960,122108,122133.6,122050,122060
1760104020,122060,122060.1,121910,122054.7
1760104080,122054.7,122054.7,121878.6,121946
1760104140,121946,121946.1,121675,121723
1760104200,121723,121729.3,121565.6,121669.9
1760104260,121669.9,121670,121426.8,121480.3
1760104320,121480.3,121589.3,121476.7,121566.7
1760104380,121566.7,121606.7,121426.6,121469.9
1760104440,121469.9,121470,121296.5,121373.2
1760104500,121373.2,121487.7,121370.1,121443.4
1760104560,121443.4,121529.8,121443.4,121518.8
1760104620,121518.8,121610,121499.6,121604.1
1760104680,121604.1,121650,121560.6,121649.9
1760104740,121649.9,121650,121600.1,121600.1
1760104800,121600.1,121750,121600.1,121745.8
1760104860,121745.8,121745.8,121393.9,121502.5
1760104920,121502.5,121779.1,121482.8,121766.7
1760104980,121766.7,121842.8,121757.5,121786.5
1760105040,121786.5,121948.4,121786.5,121913.3
1760105100,121913.3,121960.9,121800.1,121804.1
1760105160,121804.1,121878,121775.3,121863.4
1760105220,121863.4,122036.8,121863.4,121919.6
1760105280,121919.6,121940.3,121816.5,121843.3
1760105340,121843.3,121870.8,121794.2,121805.8
1760105400,121805.8,121820,121717.1,121819.9
1760105460,121819.9,121899.9,121780,121857.4
1760105520,121857.4,121869.6,121804,121837.8
1760105580,121837.8,121872,121572.3,121629.2
1760105640,121629.2,121629.2,121490,121613.4
1760105700,121613.4,121640,121567,121589.9
1760105760,121589.9,121629.7,121437.9,121437.9
1760105820,121437.9,121437.9,121065,121118.1
1760105880,121118.1,121254.3,121065.4,121250.1
1760105940,121250.1,121255.4,121132,121180.5
1760106000,121180.5,121285,121119.6,121285
1760106060,121285,121365.6,121247.7,121302.5
1760106120,121302.5,121333.6,121190,121210.2
1760106180,121210.2,121244.9,121116,121126.7
1760106240,121126.7,121161.4,121069.3,121159.9
1760106300,121159.9,121214.5,121096.7,121214.4
1760106360,121214.4,121280,121146.8,121266
1760106420,121266,121283.7,121183.5,121190.7
1760106480,121190.7,121240,121160.9,121160.9
1760106540,121160.9,121160.9,121091.1,121160.2
1760106600,121160.2,121304.1,121117.4,121275.2
1760106660,121275.2,121329.1,121220.5,121263.4
1760106720,121263.4,121333.4,121219.1,121320.5
1760106780,121320.5,121320.5,121236.3,121258.4
1760106840,121258.4,121390,121230,121382.5
1760106900,121382.5,121400,121319.4,121319.4
1760106960,121319.4,121319.9,121196.5,121227.9
1760107020,121227.9,121322,121227.9,121322
1760107080,121322,121322,121213.9,121287.6
1760107140,121287.6,121322,121274,121290.4
1760107200,121290.4,121333.3,121250,121263.5
1760107260,121263.5,121263.5,121189.6,121192
1760107320,121192,121192.1,121135,121144.6
1760107380,121144.6,121295.5,121134.2,121287.9
1760107440,121287.9,121302.4,121268.1,121290
1760107500,121290,121290,121230,121248
1760107560,121248,121248.1,121191.4,121191.4
1760107620,121191.4,121290,121188.6,121290
1760107680,121290,121310.1,121272.6,121284.1
1760107740,121284.1,121322,121257.5,121309.7
1760107800,121309.7,121344.1,121240.9,121344.1
1760107860,121344.1,121347.7,121292,121315
1760107920,121315,121335.4,121226.1,121240.6
1760107980,121240.6,121300,121237.2,121263.7
1760108040,121263.7,121263.8,121190,121232.4
1760108100,121232.4,121278,121190.7,121200.2
1760108160,121200.2,121200.3,121172.7,121172.8
1760108220,121172.8,121180.6,120668.2,120685.7
1760108280,120685.7,120861.6,120475,120534.4
1760108340,120534.4,120573.9,120371.2,120407.9
1760108400,120407.9,120492.4,120296.1,120308.6
1760108460,120308.6,120349.6,120120,120204.8
1760108520,120204.8,120204.8,119963.8,120154.1
1760108580,120154.1,120273.6,120027.6,120128.8
1760108640,120128.8,120134.8,119850,119959.1
1760108700,119959.1,120149.6,119882.6,120147.8
1760108760,120147.8,120475,119986.1,120240
1760108820,120240,120350.7,120158.6,120319.4
1760108880,120319.4,120361.9,120182.2,120201.6
1760108940,120201.6,120286.1,120101.4,120148.1
1760109000,120148.1,120447.8,120142,120423
1760109060,120423,120566.7,120406.1,120450.3
1760109120,120450.3,120467.6,120264.8,120362.9
1760109180,120362.9,120411.1,120307.1,120353.2
1760109240,120353.2,120464.6,120350,120352.1
1760109300,120352.1,120439.5,120269.8,120390.1
1760109360,120390.1,120425,120170,120186.2
1760109420,120186.2,120209.8,120100,120169.7
1760109480,120169.7,120205.1,119869.4,119906
1760109540,119906,119906,119800,119862.6
1760109600,119862.6,119899.9,119725.3,119815.5
1760109660,119815.5,119815.5,119574,119588.6
1760109720,119588.6,119731.4,119511.1,119695.4
1760109780,119695.4,119754.1,119292.6,119359.4
1760109840,119359.4,119443.7,119205.8,119326.8
1760109900,119326.8,119373,119164.1,119330.1
1760109960,119330.1,119501.6,119206.6,119306.4
1760110020,119306.4,119677.5,119303.7,119625.1
1760110080,119625.1,119646.9,119350,119361.5
1760110140,119361.5,119372.4,119119.4,119160.7
1760110200,119160.7,119160.7,118867.7,118963.6
1760110260,118963.6,119144.3,118500.1,118696.2
1760110320,118696.2,118954.7,118600,118600
1760110380,118600,118818,118573,118643.1
1760110440,118643.1,118672.3,118400,118600
1760110500,118600,119094,118586.3,118983.8
1760110560,118983.8,119071.7,118876.8,119035.1
1760110620,119035.1,119100,118935.7,119075.4
1760110680,119075.4,119328.7,119063,119220.1
1760110740,119220.1,119406,119158.1,119169.5
1760110800,119169.5,119224.6,118762.4,118820
1760110860,118820,119138.8,118773,119112.4
1760110920,119112.4,119168.7,118976.1,119092.3
1760110980,119092.3,119322.7,119092.3,119307.1
1760111040,119307.1,119519.4,119307,119505.3
1760111100,119505.3,119550,119228,119276.6
1760111160,119276.6,119443.9,119210,119241.1
1760111220,119241.1,119241.2,119078.6,119112
1760111280,119112,119286,119066.4,119262
1760111340,119262,119296.9,119146.6,119225.6
1760111400,119225.6,119261.9,119132.5,119235.8
1760111460,119235.8,119383.1,119168.1,119182.6
1760111520,119182.6,119190.2,119098.1,119129.2
1760111580,119129.2,119161,119100,119138.9
1760111640,119138.9,119168.4,119030,119122.5
1760111700,119122.5,119131,118900,118940.1
1760111760,118940.1,118942.5,118800,118907.7
1760111820,118907.7,118958.1,118806.5,118851.1
1760111880,118851.1,119028.8,118800,119014.3
1760111940,119014.3,119056.2,118900,118962.9
1760112000,118962.9,118962.9,118825,118830.4
1760112060,118830.4,118904.5,118795.1,118815
1760112120,118815,118890.9,118700,118700.1
1760112180,118700.1,118816.5,118629,118739
1760112240,118739,118849.7,118604.6,118772.6
1760112300,118772.6,118960,118752.3,118930.8
1760112360,118930.8,118991.6,118820.2,118930.9
1760112420,118930.9,119082.4,118862.1,118967.9
1760112480,118967.9,119166.7,118959,119166.7
1760112540,119166.7,119223.1,119122.3,119122.3
1760112600,119122.3,119122.3,118909.4,118931.1
1760112660,118931.1,119088,118900,119075.9
1760112720,119075.9,119092.4,118928.9,118932
1760112780,118932,118984.1,118883.3,118918
1760112840,118918,118953.4,118878,118891.8
1760112900,118891.8,118939.1,118760.7,118790
1760112960,118790,118857.7,118640,118679.8
1760113020,118679.8,118682.9,118549.6,118558.7
1760113080,118558.7,118669.1,118518.7,118665.9
1760113140,118665.9,118792.7,118570.3,118707
1760113200,118707,118717.7,118617.3,118646.5
1760113260,118646.5,118787.4,118600,118766.7
1760113320,118766.7,118920,118766.6,118887.3
1760113380,118887.3,119129.3,118887.3,119050
1760113440,119050,119173.8,119044.7,119103.1
1760113500,119103.1,119116,118955,119045.3
1760113560,119045.3,119154.9,119031.9,119117.7
1760113620,119117.7,119199.1,119117.2,119174.7
1760113680,119174.7,119219.6,119145.2,119154
1760113740,119154,119154,119020,119036
1760113800,119036,119114.4,119000,119051.3
1760113860,119051.3,119093.3,118983.6,119089.9
1760113920,119089.9,119250,119075.8,119240.1
1760113980,119240.1,119400.3,119231.4,119290
1760114040,119290,119310.3,119203.5,119272.5
1760114100,119272.5,119300,119168.8,119246.5
1760114160,119246.5,119366.1,119222.6,119341.5
1760114220,119341.5,119350,119303.8,119324.2
1760114280,119324.2,119324.3,119222.3,119238.1
1760114340,119238.1,119256,119210.3,119255.9
1760114400,119255.9,119261.9,119121.9,119122
1760114460,119122,119122,118916.5,118988
1760114520,118988,119010.9,118928,118946.8
1760114580,118946.8,118946.9,118814.4,118814.5
1760114640,118814.5,118875.7,118780,118849.3
1760114700,118849.3,118855.6,118691,118736.4
1760114760,118736.4,118791,118716.8,118791
1760114820,118791,118852.3,118716.9,118725
1760114880,118725,118744.3,118700,118700
1760114940,118700,118700.1,118511.5,118518.2
1760115000,118518.2,118518.2,118333.4,118469.4
1760115060,118469.4,118665.5,118469.3,118599.6
1760115120,118599.6,118740,118575.9,118674.2
1760115180,118674.2,118698.8,118477.9,118486
1760115240,118486,118598.8,118400,118462.3
1760115300,118462.3,118509.7,118225.3,118333.5
1760115360,118333.5,118431.3,118284.9,118390.4
1760115420,118390.4,118432.3,118225.3,118291.9
1760115480,118291.9,118300,118164.9,118265.6
1760115540,118265.6,118265.6,118154.3,118154.3
1760115600,118154.3,118385,118138.2,118320.4
1760115660,118320.4,118330,118217.1,118307.4
1760115720,118307.4,118327.5,118148,118148.1
1760115780,118148.1,118187.1,118045.1,118135.8
1760115840,118135.8,118199.9,118011.7,118048
1760115900,118048,118073.6,117800,117816.9
1760115960,117816.9,117999.1,117816.9,117960.9
1760116020,117960.9,117984,117734,117760.1
1760116080,117760.1,117883.9,117744.1,117820.1
1760116140,117820.1,117822.2,117680.2,117703.6
1760116200,117703.6,117758.4,117600,117667
1760116260,117667,117813.7,117600,117739.4
1760116320,117739.4,117990.1,117739.3,117921.6
1760116380,117921.6,117947.8,117830,117853.4
1760116440,117853.4,117887.8,117800,117870.1
1760116500,117870.1,118080.8,117864,117946.3
1760116560,117946.3,118045.6,117934.5,118045.4
1760116620,118045.4,118136.9,117988.5,118049.2
1760116680,118049.2,118115.4,117975.4,117990.3
1760116740,117990.3,118057.5,117956.6,118008.1
1760116800,118008.1,118012.7,117700,117726.2
1760116860,117726.2,117841.7,117671.7,117841.6
1760116920,117841.6,118010,117824.8,118010
1760116980,118010,118178.5,118010,118171.4
1760117040,118171.4,118219.2,118033.5,118065.2
1760117100,118065.2,118119.6,118028,118101.7
1760117160,118101.7,118144,118018.3,118040
1760117220,118040,118153.6,118036.1,118120
1760117280,118120,118200,118090.6,118137.7
1760117340,118137.7,118137.8,117975.7,118100
1760117400,118100,118148,118013.3,118019.7
1760117460,118019.7,118084.9,117968.9,118045.9
1760117520,118045.9,118053.9,117934.1,118017.4
1760117580,118017.4,118076,117975,118000.8
1760117640,118000.8,118082.7,117984.3,118015.3
1760117700,118015.3,118027,117953,117980.2
1760117760,117980.2,117980.2,117878.4,117965.3
1760117820,117965.3,118035.5,117910.3,118027.7
1760117880,118027.7,118029.6,117827.4,117845.4
1760117940,117845.4,117879.2,117733.1,117845.5
1760118000,117845.5,117845.5,117736.2,117809.9
1760118060,117809.9,117940,117786,117878.2
1760118120,117878.2,117948.1,117835.7,117891.9
1760118180,117891.9,117891.9,117793,117839.3
1760118240,117839.3,117880.2,117800,117800
1760118300,117800,117849.3,117769.8,117779.1
1760118360,117779.1,117789.3,117552.7,117701.7
1760118420,117701.7,117781.7,117630,117781.3
1760118480,117781.3,117885.4,117744.2,117885.2
1760118540,117885.2,117892.5,117714.5,117747.1
1760118600,117747.1,117783.7,117604.1,117653
1760118660,117653,117719.6,117619.1,117692.1
1760118720,117692.1,117692.1,117515.7,117560.4
1760118780,117560.4,117632,117532.8,117626.8
1760118840,117626.8,117649.7,117530.7,117555.1
1760118900,117555.1,117774.2,117555.1,117686.2
1760118960,117686.2,117690.7,117563.3,117589
1760119020,117589,117639.9,117562.4,117625
1760119080,117625,117698.7,117618.1,117670.1
1760119140,117670.1,117675.1,117575.3,117584.6
1760119200,117584.6,117612.4,117542.9,117587
1760119260,117587,117587,117459.1,117499.9
1760119320,117499.9,117588,117471.3,117580
1760119380,117580,117590,117496.4,117571.7
1760119440,117571.7,117657.6,117571.7,117613.8
1760119500,117613.8,117662.5,117573.6,117612.5
1760119560,117612.5,117766.9,117501.8,117512.1
1760119620,117512.1,117634,117450.2,117629
1760119680,117629,117693.4,117563.1,117571.2
1760119740,117571.2,117590,117468.1,117543.5
1760119800,117543.5,117577.2,117488.4,117561.1
1760119860,117561.1,117592.9,117487.8,117548.9
1760119920,117548.9,117558.5,117517.9,117548.6
1760119980,117548.6,117548.7,117490.1,117507.9
1760120040,117507.9,117616.9,117488.6,117601.3
1760120100,117601.3,117636.3,117559.6,117608.4
1760120160,117608.4,117735.7,117608.3,117676.9
1760120220,117676.9,117694.1,117613.8,117613.8
1760120280,117613.8,117617.5,117468.8,117502.6
1760120340,117502.6,117514.5,117449.4,117469.3
1760120400,117469.3,117623.6,117469.3,117606.2
1760120460,117606.2,117680.7,117555.4,117555.4
1760120520,117555.4,117700,117532.8,117700
1760120580,117700,117702.5,117637.4,117638.3
1760120640,117638.3,117728,117592.3,117705.7
1760120700,117705.7,117777,117705.7,117726.8
1760120760,117726.8,117800,117721.8,117779.3
1760120820,117779.3,117779.3,117689.7,117697.1
1760120880,117697.1,117697.1,117586,117622.9
1760120940,117622.9,117623,117532.4,117544.2
1760121000,117544.2,117606.5,117544.1,117559.8
1760121060,117559.8,117600.9,117509.4,117509.4
1760121120,117509.4,117582.5,117486,117572.5
1760121180,117572.5,117652.5,117572.4,117597
1760121240,117597,117597,117488.8,117492.5
1760121300,117492.5,117499.9,117450,117450
1760121360,117450,117454.8,117435,117435.2
1760121420,117435.2,117435.3,117350,117385.7
1760121480,117385.7,117489.7,117357.8,117406
1760121540,117406,117477,117374,117377
1760121600,117377,117462,117354.1,117445.1
1760121660,117445.1,117475.5,117389.5,117404.6
1760121720,117404.6,117455.5,117367.9,117452
1760121780,117452,117513.5,117420,117477.6
1760121840,117477.6,117498.6,117389.3,117391
1760121900,117391,117586.6,117391,117488.6
1760121960,117488.6,117548.8,117426.3,117548.8
1760122020,117548.8,117548.8,117419.9,117419.9
1760122080,117419.9,117426.6,117239.8,117241.1
1760122140,117241.1,117399.8,117214.3,117375.4
1760122200,117375.4,117400,117281.4,117317
1760122260,117317,117378.1,117293.7,117332.4
1760122320,117332.4,117366.3,117211.6,117211.6
1760122380,117211.6,117268,117184.2,117213
1760122440,117213,117236,117197.9,117221.3
1760122500,117221.3,117241.1,117205.2,117229.9
1760122560,117229.9,117270,117220,117250
1760122620,117250,117250,117230,117241.5
1760122680,117241.5,117248.6,117207.6,117220.2
1760122740,117220.2,117220.2,117150.1,117161.6
1760122800,117161.6,117260,117158.4,117226.5
1760122860,117226.5,117254.4,117156.4,117215.9
1760122920,117215.9,117239,117191.2,117232.9
1760122980,117232.9,117235,117211.5,117211.6
1760123040,117211.6,117235,117208.8,117234.8
1760123100,117234.8,117234.9,117095.7,117159
1760123160,117159,117177.8,117100.7,117177.8
1760123220,117177.8,117206.2,117152,117152.1
1760123280,117152.1,117152.1,116975,116985.7
1760123340,116985.7,117072.2,116930,116987.4
1760123400,116987.4,117019.3,116900,117000
1760123460,117000,117032.2,116624,116732.5
1760123520,116732.5,116912,116664.2,116912
1760123580,116912,116952.8,116885.9,116891.4
1760123640,116891.4,116932.1,116696,116759.4
1760123700,116759.4,116778,116558.2,116750.1
1760123760,116750.1,116829.2,116464.7,116588.8
1760123820,116588.8,116726.1,116558.3,116676
1760123880,116676,116727.1,116560.4,116603.9
1760123940,116603.9,116622.4,116500,116502.1
1760124000,116502.1,116502.1,116135.6,116226.6
1760124060,116226.6,116300,115903.3,116002.5
1760124120,116002.5,116262.4,115900,116214.3
1760124180,116214.3,116238.3,116075.3,116232.1
1760124240,116232.1,116459.5,116232,116459.4
1760124300,116459.4,116761.4,116459.4,116662.8
1760124360,116662.8,116883,116640,116640
1760124420,116640,116684,116407.5,116468.4
1760124480,116468.4,116505,116234.8,116284.5
1760124540,116284.5,116364.4,115961.8,115962
1760124600,115962,116340.8,115950,116340.8
1760124660,116340.8,116423.4,116265.1,116297.6
1760124720,116297.6,116371.4,116192.4,116192.5
1760124780,116192.5,116192.5,115934.8,115981.4
1760124840,115981.4,116159.2,115965.8,116155.8
1760124900,116155.8,116213.2,116018,116200
1760124960,116200,116278.5,116139.3,116278.3
1760125020,116278.3,116314,116231.6,116281.7
1760125080,116281.7,116427.3,116281.6,116311.9
1760125140,116311.9,116386.6,116281.5,116383.2
1760125200,116383.2,116529.4,116333,116354.3
1760125260,116354.3,116721.5,116354.3,116706.5
1760125320,116706.5,116753.5,116577.5,116722
1760125380,116722,116822,116686.1,116694.7
1760125440,116694.7,116933.2,116694.5,116870.9
1760125500,116870.9,116976.2,116870.1,116893
1760125560,116893,116910,116765.6,116797
1760125620,116797,116915.5,116796.9,116886.5
1760125680,116886.5,117012.4,116856,116996.5
1760125740,116996.5,117036.2,116916.1,117036.2
1760125800,117036.2,117050.9,116800,116821.8
1760125860,116821.8,116899.9,116722.1,116800
1760125920,116800,117015.7,116771.4,116873.9
1760125980,116873.9,117007.5,116842.9,116860
1760126040,116860,116914.9,116745.5,116790.1
1760126100,116790.1,116852.8,116673.3,116843.4
1760126160,116843.4,116843.5,116770.2,116777.6
1760126220,116777.6,116877.9,116717.4,116877.9
1760126280,116877.9,116877.9,116657.5,116742.3
1760126340,116742.3,116742.3,116517,116606.5
1760126400,116606.5,116743,116573.6,116667.9
1760126460,116667.9,116747.3,116618.6,116688.3
1760126520,116688.3,116764.8,116577.8,116700.1
1760126580,116700.1,116764,116633,116679
1760126640,116679,116847.2,116678.9,116833.1
1760126700,116833.1,116833.1,116655.7,116732.8
1760126760,116732.8,116845.1,116706.6,116770
1760126820,116770,116797.1,116663.7,116724.6
1760126880,116724.6,116762.7,116638.4,116645.4
1760126940,116645.4,116645.4,116550.1,116550.1
1760127000,116550.1,116577.1,116498,116577.1
1760127060,116577.1,116655.6,116572,116646.3
1760127120,116646.3,116789.9,116646.2,116784
1760127180,116784,116799.9,116683.8,116770
1760127240,116770,116787,116714,116717.4
1760127300,116717.4,116798,116683.9,116794
1760127360,116794,116879.3,116777.6,116873.9
1760127420,116873.9,116873.9,116717,116717
1760127480,116717,116807.5,116622,116746.7
1760127540,116746.7,116765.4,116711.4,116717
1760127600,116717,116726,116668.6,116725.9
1760127660,116725.9,116744.5,116697.5,116718.9
1760127720,116718.9,116819.8,116714,116818
1760127780,116818,116912,116798.2,116901.7
1760127840,116901.7,116962.8,116883.3,116928.4
1760127900,116928.4,116962,116914.7,116962
1760127960,116962,116987,116924.6,116987
1760128020,116987,117109,116987,117058.2
1760128080,117058.2,117100,116982,116982.1
1760128140,116982.1,117016.1,116954.7,117016.1
1760128200,117016.1,117036.6,116867.8,116878.3
1760128260,116878.3,116878.3,116790.3,116832
1760128320,116832,116880,116825.8,116874.8
1760128380,116874.8,116909.1,116793.6,116839.9
1760128440,116839.9,116880.7,116814.2,116860.1
1760128500,116860.1,116865.7,116777,116808.8
1760128560,116808.8,116823.1,116745.3,116767.8
1760128620,116767.8,116767.8,116721.6,116735.6
1760128680,116735.6,116837.9,116735.5,116807.6
1760128740,116807.6,116857.2,116807.5,116818.2
1760128800,116818.2,116888,116794.3,116811.4
1760128860,116811.4,116880.3,116811.3,116879
1760128920,116879,116928,116879,116882.2
1760128980,116882.2,117023.1,116882.1,117004.4
1760129040,117004.4,117336,116981,116997.6
1760129100,116997.6,117068.3,116997.5,117009.5
1760129160,117009.5,117042.5,116960.7,116960.7
1760129220,116960.7,117025.7,116947.2,116966.4
1760129280,116966.4,116976.1,116853,116857.3
1760129340,116857.3,116885.9,116820.8,116850.1
1760129400,116850.1,116850.1,116345.2,116395.8
1760129460,116395.8,116555.6,116201.1,116344
1760129520,116344,116419.7,115666,115773.6
1760129580,115773.6,115866,115066.1,115104
1760129640,115104,115387.3,115066.1,115358.8
1760129700,115358.8,115473.2,114800,114836.4
1760129760,114836.4,114950.6,112526.5,114319.8
1760129820,114319.8,114547.9,113883.1,114513.2
1760129880,114513.2,114594.4,114154.6,114274.9
1760129940,114274.9,114633.4,113948.8,114225.1
1760130000,114225.1,114842.3,114196.5,114565.6
1760130060,114565.6,114871,114536.3,114784.7
1760130120,114784.7,114930.1,114600.1,114689.8
1760130180,114689.8,114976.4,114634.8,114866.8
1760130240,114866.8,115056.5,114774,115004.8
1760130300,115004.8,115073.3,114825.9,114988.5
1760130360,114988.5,115001,114790.1,114877.5
1760130420,114877.5,115002.5,114569.3,114569.3
1760130480,114569.3,114569.3,114300,114368.5
1760130540,114368.5,114546.2,114330.2,114369.9
1760130600,114369.9,114549.6,114180,114272.5
1760130660,114272.5,114272.6,113529.8,113568.6
1760130720,113568.6,113973.2,112900,112901.1
1760130780,112901.1,112968.6,109758,111922.2
1760130840,111922.2,112376.7,109804.5,112183.9
1760130900,112183.9,112500,111000,111019.6
1760130960,111019.6,111175.8,108648.3,108652.5
1760131020,108652.5,109863.9,105501,107581
1760131080,107581,110475.4,106133.8,108550
1760131140,108550,109230.2,102875,103131.4
1760131200,103131.4,104945.2,101045.9,103863.6
1760131260,103863.6,107160.2,103744.3,106674
1760131320,106674,108586,106612.4,106896
1760131380,106896,108674.3,106771.5,107464
1760131440,107464,108523.4,106966.4,108168
1760131500,108168,108627.4,106006.3,106707.2
1760131560,106707.2,106711,105020,106113.3
1760131620,106113.3,107858,106012,107850.4
1760131680,107850.4,108638.6,107590.1,108349.2
1760131740,108349.2,108912.9,108037.9,108217.6
1760131800,108217.6,108653.2,107816,108506.7
1760131860,108506.7,109500,108506.7,109309.8
1760131920,109309.8,110280.4,109289.8,109878.2
1760131980,109878.2,110737.6,109653.4,110651.9
1760132040,110651.9,111250,110631.9,111079
1760132100,111079,111773.2,110711.1,111559.2
1760132160,111559.2,111652.8,110342.1,110452.3
1760132220,110452.3,111375,110452.2,111373.1
1760132280,111373.1,111616.2,110500,110513.2
1760132340,110513.2,111242.8,110500,111152
1760132400,111152,111199.9,110500,110700.1
1760132460,110700.1,111001,110576.5,111000.9
1760132520,111000.9,111200,110974.5,111084.3
1760132580,111084.3,111691,110968.7,111463
1760132640,111463,111555.2,110542.1,110880.4
1760132700,110880.4,111763.6,110805,111750
1760132760,111750,113265.1,111454.4,113074.3
1760132820,113074.3,113149.3,112310.5,112730.9
1760132880,112730.9,113323.2,112318.9,113300.1
1760132940,113300.1,113336,112767.5,113050.7
1760133000,113050.7,113070.6,112300,112683.7
1760133060,112683.7,113200,112439.1,112563.2
1760133120,112563.2,113398,112444.9,113031.6
1760133180,113031.6,113225,112748.2,112922.8
1760133240,112922.8,113470.9,112788.1,113066.9
1760133300,113066.9,113199.9,112676.3,113090.8
1760133360,113090.8,113580.5,112991.6,113510.8
1760133420,113510.8,113580.5,113138.9,113435.7
1760133480,113435.7,113580.5,112700,113507.9
1760133540,113507.9,113580.5,113094.7,113182.2
1760133600,113182.2,113501.4,113086,113100
1760133660,113100,113200,112706.1,112735.7
1760133720,112735.7,113098.9,112712,112980.2
1760133780,112980.2,113195.9,112873.7,112986.2
1760133840,112986.2,113132.9,112913.4,113066.6
1760133900,113066.6,113169.2,110389.3,111437.9
1760133960,111437.9,112386.4,111407.9,111889.9
1760134020,111889.9,112656.6,111877.7,112588.5
1760134080,112588.5,112689,112189.1,112551.8
1760134140,112551.8,112889.1,112430.2,112839.9
1760134200,112839.9,112953,112524,112897.5
1760134260,112897.5,113574.7,112886.4,113464.8
1760134320,113464.8,113582.2,113138.8,113425.3
1760134380,113425.3,113607.8,113288,113523.4
1760134440,113523.4,113666.8,113425.4,113640.1
1760134500,113640.1,113772,113382.6,113448.4
1760134560,113448.4,113733.4,113077.3,113290.9
1760134620,113290.9,113594.1,113000.9,113264.9
1760134680,113264.9,113547.2,113057.7,113260.4
1760134740,113260.4,113444.6,112864.8,113224.4
1760134800,113224.4,113472.7,113089.8,113288.7
1760134860,113288.7,113342.9,112960.5,113062.1
1760134920,113062.1,113100,112390.9,112599.6
1760134980,112599.6,112807.8,112270.2,112522
1760135040,112522,112793.5,112418.4,112559.3
1760135100,112559.3,112823.5,112321.5,112586.2
1760135160,112586.2,112695.7,112320.2,112338.3
1760135220,112338.3,112593.7,111957.6,112069.8
1760135280,112069.8,112221,111945.7,112198.6
1760135340,112198.6,112424,112015.6,112294.3
1760135400,112294.3,112441.9,112020.4,112058.1
1760135460,112058.1,112393,111976,112347.1
1760135520,112347.1,112695.9,112040.7,112587
1760135580,112587,112855.1,112505.6,112588.8
1760135640,112588.8,112993.6,112542,112990.8
1760135700,112990.8,113094.2,112688,112820.9
1760135760,112820.9,112820.9,112430,112651.7
1760135820,112651.7,112975.9,112432.6,112825.4
1760135880,112825.4,113034.6,112689.1,112840.9
1760135940,112840.9,113036.5,112700,112918.2
1760136000,112918.2,113048.8,112748.7,112891.1
1760136060,112891.1,113000,112718.2,112890.6
1760136120,112890.6,113068,112729.8,113011.4
1760136180,113011.4,113139.5,112823.6,113135.8
1760136240,113135.8,113158.7,112982.4,113071.3
1760136300,113071.3,113474.2,113071.3,113424.2
1760136360,113424.2,113545.6,113260,113346.7
1760136420,113346.7,113758.8,113258.8,113701.4
1760136480,113701.4,113956.9,113566.3,113866.8
1760136540,113866.8,113880.1,113440.1,113702.4
1760136600,113702.4,113810.2,113475.8,113538.6
1760136660,113538.6,113579.3,113360.9,113438.5
1760136720,113438.5,113767.7,113363.3,113577.4
1760136780,113577.4,113647,113316,113361.8
1760136840,113361.8,113526.8,113306.1,113474.3
1760136900,113474.3,113501.8,113300,113399.7
1760136960,113399.7,113557.4,113300.7,113420.4
1760137020,113420.4,113741.5,113226.2,113513.8
1760137080,113513.8,113601,113375.1,113384.9
1760137140,113384.9,113635.9,113384.9,113513.3
1760137200,113513.3,113588.5,113407.2,113524.5
1760137260,113524.5,113698.7,113441.3,113441.3
1760137320,113441.3,113539.5,113388.7,113413.5
1760137380,113413.5,113602.6,113408.2,113539.9
1760137440,113539.9,113694.7,113388,113400
1760137500,113400,113518.7,113116.5,113169.2
1760137560,113169.2,113227,112806.2,112887.3
1760137620,112887.3,113163.3,112880.1,113148.7
1760137680,113148.7,113206.7,112960,113144.9
1760137740,113144.9,113148.6,112900.5,113017.8
1760137800,113017.8,113155.6,112762.6,112763.1
1760137860,112763.1,112838.9,112550.1,112735.7
1760137920,112735.7,112827.9,112650.8,112827.8
1760137980,112827.8,112939.1,112682.8,112715.9
1760138040,112715.9,112925.9,112687,112925.9
1760138100,112925.9,112935.6,112702.7,112900.5
1760138160,112900.5,112950,112742.6,112825.1
1760138220,112825.1,112996.8,112700,112802.5
1760138280,112802.5,113243.5,112802.5,113124.8
1760138340,113124.8,113210.5,112820.2,113060.5
1760138400,113060.5,113279.1,113000,113124.8
1760138460,113124.8,113124.8,112854.7,112967.4
1760138520,112967.4,113106.2,112925.4,113047.9
1760138580,113047.9,113333.4,113011.5,113240
1760138640,113240,113322.6,113095.9,113119.8
1760138700,113119.8,113357.3,113119.8,113342.7
1760138760,113342.7,113595.7,113306.5,113565.3
1760138820,113565.3,113772.8,113507.3,113689.9
1760138880,113689.9,113766.7,113541.4,113661.3
1760138940,113661.3,113775,113562.9,113690
1760139000,113690,113841.5,113586,113717.8
1760139060,113717.8,113766.7,113517.9,113749.9
1760139120,113749.9,113879.3,113695.9,113731.7
1760139180,113731.7,113848.1,113635,113689
1760139240,113689,113972.1,113689,113766.1
1760139300,113766.1,114051.4,113628.8,114000
1760139360,114000,114000,113692,113816.7
1760139420,113816.7,114022.8,113789,113844.1
1760139480,113844.1,114114,113766.5,114090.5
1760139540,114090.5,114344.9,114028.4,114274.2
1760139600,114274.2,114577,114188.1,114460
1760139660,114460,114793.5,114377,114660.1
1760139720,114660.1,114716.4,114440.5,114470
1760139780,114470,114567.6,114298,114450
1760139840,114450,114636.1,114413,114526.5
1760139900,114526.5,114557.6,114284.5,114318
1760139960,114318,114355,114155.6,114169.9
1760140020,114169.9,114222.2,114017.5,114046
1760140080,114046,114078.6,113856.2,113974.7
1760140140,113974.7,114002.8,113475.4,113504.5
1760140200,113504.5,113594.2,113252.1,113255.9
1760140260,113255.9,113363.1,113027.7,113213.8
1760140320,113213.8,113270.7,113000,113188.1
1760140380,113188.1,113227.2,113000,113019.8
1760140440,113019.8,113166,112865,112942.4
1760140500,112942.4,113095.9,112705,112936
1760140560,112936,112964.7,112705,112828
1760140620,112828,112969,112714.4,112966
1760140680,112966,113068.4,112898.1,112937.8
1760140740,112937.8,112947,112684.9,112732.5
1762128000,110493.5,110511.6,110450,110450.1
1762128060,110450.1,110517.8,110450,110501.8
1762128120,110501.8,110524.4,110462.5,110523.4
1762128180,110523.4,110529.9,110479.1,110505.9
1762128240,110505.9,110552.6,110462.5,110546
1762128300,110546,110665.4,110545.9,110652.3
1762128360,110652.3,110721.3,110640.1,110668.2
1762128420,110668.2,110676.7,110616.3,110616.4
1762128480,110616.4,110619.9,110572,110577.5
1762128540,110577.5,110716.1,110569.9,110699.9
1762128600,110699.9,110718.5,110653.4,110653.4
1762128660,110653.4,110653.4,110606.8,110610
1762128720,110610,110638.2,110540.1,110566.1
1762128780,110566.1,110599.5,110550,110597.9
1762128840,110597.9,110644.4,110597.9,110632.3
1762128900,110632.3,110643.1,110588.4,110625.7
1762128960,110625.7,110631.8,110567.7,110621.8
1762129020,110621.8,110649.9,110554.3,110562
1762129080,110562,110606.2,110562,110588
1762129140,110588,110600,110554.2,110588
1762129200,110588,110599.7,110537.9,110538.9
1762129260,110538.9,110538.9,110465,110465
1762129320,110465,110531,110460,110515.8
1762129380,110515.8,110528.2,110467,110467.1
1762129440,110467.1,110500,110446.1,110449.1
1762129500,110449.1,110480.6,110427.7,110427.7
1762129560,110427.7,110433.6,110389,110389
1762129620,110389,110394.8,110360,110364.9
1762129680,110364.9,110378.6,110287.2,110308.3
1762129740,110308.3,110322.1,110275,110275.1
1762129800,110275.1,110322.1,110275.1,110276.7
1762129860,110276.7,110295.6,110270.2,110295.6
1762129920,110295.6,110322.1,110262.2,110268.6
1762129980,110268.6,110278.7,110249.8,110249.9
1762130040,110249.9,110249.9,110222.3,110235
1762130100,110235,110314.3,110234.9,110255.9
1762130160,110255.9,110261.5,110231.6,110252.5
1762130220,110252.5,110272.6,110236.2,110244.1
1762130280,110244.1,110315.1,110244.1,110289.9
1762130340,110289.9,110301.8,110255.5,110273.7
1762130400,110273.7,110297.2,110259.1,110269.6
1762130460,110269.6,110270,110215.8,110240
1762130520,110240,110259.8,110222.5,110239.7
1762130580,110239.7,110244.3,110188.7,110197.9
1762130640,110197.9,110227.5,110197.9,110227.4
1762130700,110227.4,110264.1,110215.9,110235.3
1762130760,110235.3,110235.3,110210.1,110210.1
1762130820,110210.1,110210.1,110141.1,110143.1
1762130880,110143.1,110171.9,110100.1,110140.8
1762130940,110140.8,110151.1,110129.7,110130.1
1762131000,110130.1,110180.9,110130.1,110150.1
1762131060,110150.1,110168,110132,110144.7
1762131120,110144.7,110144.7,110019.4,110046.2
1762131180,110046.2,110046.2,109935,109959.8
1762131240,109959.8,110024.6,109935,110007
1762131300,110007,110007.1,109839,109891.2
1762131360,109891.2,109899.2,109771.3,109828.4
1762131420,109828.4,109828.4,109764,109798.1
1762131480,109798.1,109798.4,109726.7,109779.7
1762131540,109779.7,109821.9,109687.7,109687.7
1762131600,109687.7,109687.8,109560.5,109606.6
1762131660,109606.6,109647.9,109475.9,109612.8
1762131720,109612.8,109647.9,109421,109446.6
1762131780,109446.6,109538,109420.2,109538
1762131840,109538,109554.9,109437,109465.9
1762131900,109465.9,109508,109460.8,109503.1
1762131960,109503.1,109620.4,109503.1,109542.8
1762132020,109542.8,109542.8,109469.2,109474.2
1762132080,109474.2,109683.2,109474.1,109661.6
1762132140,109661.6,109769,109645.2,109750
1762132200,109750,109800,109728,109799.8
1762132260,109799.8,109803.1,109750.1,109772.4
1762132320,109772.4,109786.8,109705.8,109705.8
1762132380,109705.8,109757.7,109703.2,109726.8
1762132440,109726.8,109726.9,109636,109676.8
1762132500,109676.8,109710.9,109630.2,109635.6
1762132560,109635.6,109740,109554.6,109730.9
1762132620,109730.9,109747.9,109682,109695.6
1762132680,109695.6,109764,109684.5,109731.5
1762132740,109731.5,109731.5,109622.7,109659
1762132800,109659,109676.7,109612.5,109639.5
1762132860,109639.5,109724,109638.1,109668.4
1762132920,109668.4,109668.4,109558.5,109592.7
1762132980,109592.7,109592.7,109520,109552
1762133040,109552,109568,109533.7,109568
1762133100,109568,109568,109500,109532.3
1762133160,109532.3,109534.3,109473,109477.5
1762133220,109477.5,109593.8,109477.5,109565.4
1762133280,109565.4,109611.4,109549.3,109599.9
1762133340,109599.9,109614,109570.9,109585.8
1762133400,109585.8,109668,109555,109650.9
1762133460,109650.9,109689.9,109617,109643.9
1762133520,109643.9,109661.7,109636.6,109659.5
1762133580,109659.5,109682,109640.4,109646.1
1762133640,109646.1,109664.7,109600.1,109600.1
1762133700,109600.1,109600.1,109333.4,109341.3
1762133760,109341.3,109500,109289.5,109500
1762133820,109500,109534.1,109461,109531.1
1762133880,109531.1,109713.1,109525.5,109680
1762133940,109680,109681.5,109571.4,109594.8
1762134000,109594.8,109602,109561.3,109593
1762134060,109593,109596.7,109514.9,109514.9
1762134120,109514.9,109524.1,109488.4,109523.4
1762134180,109523.4,109610.9,109515.9,109610.9
1762134240,109610.9,109737.3,109597.5,109672
1762134300,109672,109740,109664.1,109740
1762134360,109740,109830.7,109711.7,109817.8
1762134420,109817.8,109833,109700.1,109700.1
1762134480,109700.1,109742.9,109682.2,109700
1762134540,109700,109700,109645.1,109676.5
1762134600,109676.5,109707.5,109563.9,109574.9
1762134660,109574.9,109627.8,109519.3,109596.5
1762134720,109596.5,109625.7,109564.1,109586.7
1762134780,109586.7,109644.2,109586.7,109644.2
1762134840,109644.2,109644.4,109589.1,109609.9
1762134900,109609.9,109631.5,109589,109589.1
1762134960,109589.1,109589.1,109512.5,109566
1762135020,109566,109619.9,109545,109617.6
1762135080,109617.6,109678.5,109606.7,109635.7
1762135140,109635.7,109698.5,109606.8,109606.8
1762135200,109606.8,109675,109606.7,109655
1762135260,109655,109657.9,109605.5,109613.9
1762135320,109613.9,109613.9,109570.1,109583.9
1762135380,109583.9,109583.9,109502,109521.9
1762135440,109521.9,109521.9,109439.1,109468.1
1762135500,109468.1,109538,109439.1,109519.9
1762135560,109519.9,109519.9,109428.2,109428.3
1762135620,109428.3,109428.3,109343.1,109377.2
1762135680,109377.2,109600,109362,109591.1
1762135740,109591.1,109593.6,109500.7,109527.9
1762135800,109527.9,109559.7,109501.2,109536.5
1762135860,109536.5,109549,109477.2,109477.3
1762135920,109477.3,109553,109463.5,109553
1762135980,109553,109714.9,109553,109680.5
1762136040,109680.5,109712.8,109609.7,109616
1762136100,109616,109624.8,109550.7,109574.4
1762136160,109574.4,109574.4,109465.3,109495.7
1762136220,109495.7,109496.7,109388.6,109426.7
1762136280,109426.7,109461.3,109400.1,109418
1762136340,109418,109484.3,109405.3,109454
1762136400,109454,109575,109454,109538.4
1762136460,109538.4,109538.4,109455.6,109529.9
1762136520,109529.9,109529.9,109435.8,109441.7
1762136580,109441.7,109532.5,109441.7,109480.1
1762136640,109480.1,109548.7,109480.1,109547
1762136700,109547,109575.2,109519.9,109520
1762136760,109520,109532.1,109444.5,109444.6
1762136820,109444.6,109444.6,109200,109328.2
1762136880,109328.2,109336.1,109202.6,109232.6
1762136940,109232.6,109240.7,109157.1,109180.3
1762137000,109180.3,109180.3,108986.3,109020.1
1762137060,109020.1,109091.9,108939.4,109009.9
1762137120,109009.9,109068.5,108858.5,109068.5
1762137180,109068.5,109083.2,108800,108870.4
1762137240,108870.4,108966.7,108854.9,108898.3
1762137300,108898.3,108998.9,108836.3,108990.2
1762137360,108990.2,108990.3,108892.7,108941.9
1762137420,108941.9,108959.7,108859.8,108880
1762137480,108880,108937.2,108758,108937.2
1762137540,108937.2,108950,108852.6,108867
1762137600,108867,108917.8,108782.2,108806.4
1762137660,108806.4,108880,108784.5,108862.2
1762137720,108862.2,108879.9,108815.3,108877.6
1762137780,108877.6,108918.7,108809.5,108861.4
1762137840,108861.4,108872.3,108800.1,108814.6
1762137900,108814.6,108814.8,108705.3,108755.5
1762137960,108755.5,108755.6,108645.6,108680
1762138020,108680,108703.7,108600,108684.1
1762138080,108684.1,108783.2,108670,108762.8
1762138140,108762.8,108783.9,108717.3,108755.2
1762138200,108755.2,108790.1,108697.1,108779.8
1762138260,108779.8,108919.3,108770.1,108900.5
1762138320,108900.5,108972.1,108783.4,108797
1762138380,108797,108847.4,108796.9,108847.4
1762138440,108847.4,108984,108847.3,108984
1762138500,108984,109034,108923.9,108949.5
1762138560,108949.5,108992.5,108898.1,108916.4
1762138620,108916.4,108986,108898,108980
1762138680,108980,109036.7,108968.5,109000.4
1762138740,109000.4,109000.4,108954.9,108982
1762138800,108982,109055,108957.1,109036.2
1762138860,109036.2,109058.2,108993.6,109058.2
1762138920,109058.2,109100,109030,109061.6
1762138980,109061.6,109078.9,109030,109061.5
1762139040,109061.5,109061.5,108997.6,109007.7
1762139100,109007.7,109012.8,108872.2,108872.3
1762139160,108872.3,108980.5,108813.2,108910.1
1762139220,108910.1,108970.5,108885.5,108941.6
1762139280,108941.6,108950.4,108815.4,108840.8
1762139340,108840.8,108840.8,108731.1,108736
1762139400,108736,108736,108656,108686.5
1762139460,108686.5,108693,108546.1,108574.2
1762139520,108574.2,108620.4,108224.8,108521.7
1762139580,108521.7,108529.9,108303.4,108410.3
1762139640,108410.3,108410.4,108132.8,108185.7
1762139700,108185.7,108409,108169.8,108328
1762139760,108328,108410,108300.4,108354.9
1762139820,108354.9,108391.6,108193.8,108231.5
1762139880,108231.5,108390,108210,108361
1762139940,108361,108420.7,108272.1,108278.2
1762140000,108278.2,108389.5,108253.6,108331.6
1762140060,108331.6,108374.5,108200.1,108200.1
1762140120,108200.1,108252.4,108160.2,108194.1
1762140180,108194.1,108268.4,108101.6,108130
1762140240,108130,108144.3,108021.7,108100.1
1762140300,108100.1,108105.5,108001.7,108054.4
1762140360,108054.4,108054.4,107890,107986.8
1762140420,107986.8,108030.5,107928,108030.5
1762140480,108030.5,108136.3,108030.4,108099.2
1762140540,108099.2,108124.2,107977.1,108074.9
1762140600,108074.9,108107.9,107919.6,108029.9
1762140660,108029.9,108113.9,107979.2,108092.3
1762140720,108092.3,108104.7,107911.5,107992.9
1762140780,107992.9,108161.1,107955.8,108134.5
1762140840,108134.5,108241.4,108101.4,108157.5
1762140900,108157.5,108260,108140.7,108223.6
1762140960,108223.6,108249.7,108148.8,108201
1762141020,108201,108264.6,108165.2,108257.1
1762141080,108257.1,108343.6,108238.3,108241.3
1762141140,108241.3,108242.9,108163.8,108184.9
1762141200,108184.9,108299.9,108155.2,108280
1762141260,108280,108329.4,108250,108250
1762141320,108250,108280,108205.2,108262.4
1762141380,108262.4,108312.5,108213.4,108245.6
1762141440,108245.6,108289.4,108174.5,108206.8
1762141500,108206.8,108206.8,108038.1,108060
1762141560,108060,108098.8,108000,108000
1762141620,108000,108095.6,108000,108086.6
1762141680,108086.6,108141,108070,108097.2
1762141740,108097.2,108097.2,107963.8,107999.9
1762141800,107999.9,108092.6,107976.2,108073.4
1762141860,108073.4,108095.7,108034.1,108044.2
1762141920,108044.2,108044.2,107837.9,107969.9
1762141980,107969.9,107996.2,107835.7,107891.3
1762142040,107891.3,107946.3,107850.1,107932.4
1762142100,107932.4,107992.2,107911.4,107986.8
1762142160,107986.8,107987.6,107878.1,107913.1
1762142220,107913.1,108029.5,107913.1,107986.8
1762142280,107986.8,108000,107926.5,107944.7
1762142340,107944.7,107991.6,107866.6,107876.6
1762142400,107876.6,107945.2,107821.2,107936.5
1762142460,107936.5,107936.6,107777.1,107831.1
1762142520,107831.1,107939.7,107818.6,107896.9
1762142580,107896.9,107937.3,107811.4,107811.4
1762142640,107811.4,107813.3,107501.5,107536.3
1762142700,107536.3,107612.1,107500,107604.8
1762142760,107604.8,107605.9,107453.2,107466.8
1762142820,107466.8,107587.5,107453.2,107570.7
1762142880,107570.7,107742.2,107559.3,107722.4
1762142940,107722.4,107722.5,107615.3,107676.4
1762143000,107676.4,107800,107676.4,107755.2
1762143060,107755.2,107755.6,107576.6,107610.1
1762143120,107610.1,107630.6,107600,107615.4
1762143180,107615.4,107693.4,107608.1,107643.5
1762143240,107643.5,107679.6,107643.5,107674.7
1762143300,107674.7,107707.6,107550.1,107628.9
1762143360,107628.9,107628.9,107525,107553.6
1762143420,107553.6,107574.6,107512.8,107555.6
1762143480,107555.6,107616.9,107526.9,107560.7
1762143540,107560.7,107560.8,107457.8,107468.2
1762143600,107468.2,107501,107453.2,107479.8
1762143660,107479.8,107548.3,107410.3,107544.5
1762143720,107544.5,107689.5,107480,107688
1762143780,107688,107760.9,107688,107760.8
1762143840,107760.8,107795,107714,107714
1762143900,107714,107714.1,107643.6,107695.9
1762143960,107695.9,107722,107628.7,107694.5
1762144020,107694.5,107747.8,107694.4,107735.8
1762144080,107735.8,107835,107728.9,107835
1762144140,107835,107835,107751.1,107763.5
1762144200,107763.5,107763.5,107612.6,107659.5
1762144260,107659.5,107785.3,107650,107748.3
1762144320,107748.3,107821.4,107733.2,107782.7
1762144380,107782.7,107829.5,107769.2,107805.7
1762144440,107805.7,107844.2,107778,107824.3
1762144500,107824.3,107874.6,107801.8,107854.4
1762144560,107854.4,107854.4,107797,107797.1
1762144620,107797.1,107809.2,107733.4,107772.3
1762144680,107772.3,107802.5,107715.1,107802.5
1762144740,107802.5,107886,107802.5,107878.3
1762144800,107878.3,107886,107808.9,107825.5
1762144860,107825.5,107837.5,107779.4,107803.1
1762144920,107803.1,107865,107803.1,107829.5
1762144980,107829.5,107829.5,107669.3,107678.6
1762145040,107678.6,107714.2,107622,107665.2
1762145100,107665.2,107711.1,107650,107666.3
1762145160,107666.3,107758.9,107658.9,107730
1762145220,107730,107762.5,107724.7,107731.5
1762145280,107731.5,107750,107706.4,107749.9
1762145340,107749.9,107778.1,107710.5,107760
1762145400,107760,107830.5,107760,107780.4
1762145460,107780.4,107834.6,107780.4,107831.7
1762145520,107831.7,107868,107831.7,107862.8
1762145580,107862.8,107900,107852.9,107900
1762145640,107900,107935.7,107883,107912
1762145700,107912,107914.1,107854.1,107887.8
1762145760,107887.8,107887.9,107836.6,107850.9
1762145820,107850.9,107855,107707.3,107780.6
1762145880,107780.6,107799.8,107780.5,107791.6
1762145940,107791.6,107830.4,107790.2,107830.1
1762146000,107830.1,107855,107797.4,107837.8
1762146060,107837.8,107885.4,107837.4,107860.5
1762146120,107860.5,107883.9,107795.6,107802.5
1762146180,107802.5,107891.2,107790.5,107795.7
1762146240,107795.7,107871.3,107776.2,107871.3
1762146300,107871.3,107885,107853.9,107861.2
1762146360,107861.2,107872.8,107828.8,107872.8
1762146420,107872.8,107920,107872.7,107889.1
1762146480,107889.1,107920,107877.2,107888.3
1762146540,107888.3,107917.8,107855.9,107908.3
1762146600,107908.3,107917,107834.4,107875.7
1762146660,107875.7,107875.7,107788.6,107794.5
1762146720,107794.5,107794.5,107707.8,107764.2
1762146780,107764.2,107905.1,107764.1,107888.1
1762146840,107888.1,107968.1,107874,107903.8
1762146900,107903.8,107913.7,107844.4,107882.3
1762146960,107882.3,107900.4,107830,107832.5
1762147020,107832.5,107850.2,107740.9,107740.9
1762147080,107740.9,107787.7,107740.9,107742.1
1762147140,107742.1,107753.9,107733.1,107741
1762147200,107741,107783,107734.1,107777
1762147260,107777,107817.2,107741.9,107806.1
1762147320,107806.1,108039.3,107794.4,107923.2
1762147380,107923.2,107923.2,107756.9,107756.9
1762147440,107756.9,107830.2,107756.9,107800.1
1762147500,107800.1,107859.7,107691.1,107753.7
1762147560,107753.7,107841.3,107749.8,107841.3
1762147620,107841.3,107849.3,107817.3,107842.7
1762147680,107842.7,107951.8,107830.6,107908.7
1762147740,107908.7,107951.7,107891.5,107902.5
1762147800,107902.5,107940,107902,107915.1
1762147860,107915.1,107948.2,107885.1,107937
1762147920,107937,107937,107864.4,107892
1762147980,107892,107892,107816,107846.4
1762148040,107846.4,107850,107807.7,107832
1762148100,107832,107859.9,107813,107825
1762148160,107825,107828.6,107747,107765.3
1762148220,107765.3,107803.8,107739.2,107793.2
1762148280,107793.2,107803.1,107724.4,107733.7
1762148340,107733.7,107737.6,107661.9,107680
1762148400,107680,107680,107566.6,107629.4
1762148460,107629.4,107629.4,107551,107551
1762148520,107551,107563.5,107477,107563.5
1762148580,107563.5,107563.5,107442.4,107535.1
1762148640,107535.1,107536.8,107483.8,107536.3
1762148700,107536.3,107547.5,107434.4,107453.6
1762148760,107453.6,107500,107440.3,107480.4
1762148820,107480.4,107480.4,107433.2,107433.3
1762148880,107433.3,107433.3,107318.2,107382.6
1762148940,107382.6,107461.3,107369.7,107446.8
1762149000,107446.8,107511.2,107417.9,107477
1762149060,107477,107579.7,107452.8,107577.8
1762149120,107577.8,107626,107503.6,107540.1
1762149180,107540.1,107590.5,107526.3,107550
1762149240,107550,107585.4,107526,107539.9
1762149300,107539.9,107578.7,107530.1,107546.8
1762149360,107546.8,107568.8,107527,107539.3
1762149420,107539.3,107573.5,107509.1,107510.9
1762149480,107510.9,107556.8,107492.1,107501.2
1762149540,107501.2,107550,107501.1,107547.5
1762149600,107547.5,107597.5,107470,107597.5
1762149660,107597.5,107616.5,107552.1,107579.4
1762149720,107579.4,107650.6,107570.4,107623.7
1762149780,107623.7,107627.7,107569.6,107600.7
1762149840,107600.7,107626.6,107521.4,107557.6
1762149900,107557.6,107664.5,107557.6,107605.4
1762149960,107605.4,107626.1,107580,107580.1
1762150020,107580.1,107614.1,107580,107599.5
1762150080,107599.5,107609.4,107552.4,107598.8
1762150140,107598.8,107659.9,107522.2,107522.2
1762150200,107522.2,107522.2,107405.2,107409.9
1762150260,107409.9,107409.9,107200.1,107244.9
1762150320,107244.9,107309.9,107244.8,107300.1
1762150380,107300.1,107332.3,107262.6,107270.1
1762150440,107270.1,107307,107255.6,107286.8
1762150500,107286.8,107360,107255,107359.9
1762150560,107359.9,107400,107323.9,107389.1
1762150620,107389.1,107494.4,107371.5,107484.5
1762150680,107484.5,107500,107405.7,107414
1762150740,107414,107414,107311.9,107312
1762150800,107312,107422.2,107311.9,107419.7
1762150860,107419.7,107468.1,107377.3,107450.1
1762150920,107450.1,107450.1,107354.2,107366.7
1762150980,107366.7,107416.6,107365.3,107407.3
1762151040,107407.3,107529.9,107407.3,107452.3
1762151100,107452.3,107477.7,107423.4,107424.1
1762151160,107424.1,107424.1,107365.5,107371.9
1762151220,107371.9,107430.2,107371.8,107394.1
1762151280,107394.1,107416.6,107373.4,107393.6
1762151340,107393.6,107412.9,107374.8,107407.1
1762151400,107407.1,107415,107334.3,107351.5
1762151460,107351.5,107354.9,107294,107304.9
1762151520,107304.9,107372.6,107249,107312.2
1762151580,107312.2,107362.5,107310.1,107331.4
1762151640,107331.4,107417.2,107331.3,107373.9
1762151700,107373.9,107517.1,107360,107517.1
1762151760,107517.1,107524.8,107492.3,107508.8
1762151820,107508.8,107599.9,107508.8,107567.5
1762151880,107567.5,107612.6,107523,107540
1762151940,107540,107540,107379.2,107391.3
1762152000,107391.3,107422.4,107300,107310
1762152060,107310,107374.5,107252.4,107314.7
1762152120,107314.7,107384.4,107314.6,107357
1762152180,107357,107379.6,107270.4,107317.1
1762152240,107317.1,107327.9,107288.4,107302.5
1762152300,107302.5,107308.9,107115,107145.7
1762152360,107145.7,107167.8,107065,107135.3
1762152420,107135.3,107165.2,107015.8,107067.2
1762152480,107067.2,107130.8,106949.3,107047.9
1762152540,107047.9,107353,107012.1,107329
1762152600,107329,107455,107317.7,107436.8
1762152660,107436.8,107585.3,107433.3,107514.6
1762152720,107514.6,107583.9,107500,107564.6
1762152780,107564.6,107564.6,107443.5,107528.8
1762152840,107528.8,107528.8,107421,107440.8
1762152900,107440.8,107514.2,107360,107360.1
1762152960,107360.1,107370,107300.1,107370
1762153020,107370,107494,107364.1,107493.3
1762153080,107493.3,107519.8,107476.2,107489.6
1762153140,107489.6,107506.6,107410,107434.3
1762153200,107434.3,107434.3,107319.6,107343.6
1762153260,107343.6,107396,107343.5,107365
1762153320,107365,107409.8,107300,107393.4
1762153380,107393.4,107409.3,107339.6,107350.2
1762153440,107350.2,107368.8,107255,107255.1
1762153500,107255.1,107354.7,107255,107330
1762153560,107330,107330,107209,107258.5
1762153620,107258.5,107315,107215.7,107301.8
1762153680,107301.8,107365.5,107281.5,107320.7
1762153740,107320.7,107350,107290.5,107348.4
1762153800,107348.4,107390.9,107310.1,107390.9
1762153860,107390.9,107390.9,107313.4,107313.4
1762153920,107313.4,107427,107308.9,107352
1762153980,107352,107419.8,107351.9,107382.9
1762154040,107382.9,107412.3,107361.3,107393.7
1762154100,107393.7,107413.9,107351.4,107402.4
1762154160,107402.4,107427,107386.3,107417.7
1762154220,107417.7,107455.9,107361.9,107405.1
1762154280,107405.1,107439.1,107337.3,107337.3
1762154340,107337.3,107376,107300,107310.7
1762154400,107310.7,107340.7,107263.3,107331
1762154460,107331,107331,107250,107293
1762154520,107293,107412.3,107286.6,107378.6
1762154580,107378.6,107497.9,107378.4,107475.3
1762154640,107475.3,107720,107455.2,107669.7
1762154700,107669.7,107777,107669.7,107713.5
1762154760,107713.5,107725.6,107551.4,107607.6
1762154820,107607.6,107629.5,107582.6,107608.5
1762154880,107608.5,107635.3,107563.4,107607.3
1762154940,107607.3,107614.1,107560,107589.9
1762155000,107589.9,107589.9,107490.7,107500.1
1762155060,107500.1,107513.2,107480,107507.7
1762155120,107507.7,107568.7,107507.6,107564.7
1762155180,107564.7,107640.6,107554.1,107597.8
1762155240,107597.8,107651.4,107505.5,107509.5
1762155300,107509.5,107520.2,107467.8,107507.3
1762155360,107507.3,107616.2,107487.7,107595.5
1762155420,107595.5,107615.4,107499.2,107520
1762155480,107520,107645.5,107520,107538.7
1762155540,107538.7,107579.2,107518.8,107544.1
1762155600,107544.1,107544.1,107471,107523.7
1762155660,107523.7,107594.2,107506.4,107515.5
1762155720,107515.5,107534.6,107474.6,107491.7
1762155780,107491.7,107531.8,107481.8,107531.8
1762155840,107531.8,107531.8,107411.5,107411.5
1762155900,107411.5,107452.5,107370.5,107429.4
1762155960,107429.4,107430,107400,107420.2
1762156020,107420.2,107420.2,107390.7,107413.5
1762156080,107413.5,107468.8,107402,107402
1762156140,107402,107460.1,107401.3,107460.1
1762156200,107460.1,107526.6,107448.8,107492.4
1762156260,107492.4,107569,107490,107520.4
1762156320,107520.4,107609.2,107520.4,107576.6
1762156380,107576.6,107598.3,107564.2,107578.7
1762156440,107578.7,107600,107500,107500.1
1762156500,107500.1,107530,107455,107530
1762156560,107530,107623.7,107514.4,107623.7
1762156620,107623.7,107642.4,107595.1,107605.5
1762156680,107605.5,107606.5,107489.4,107496.9
1762156740,107496.9,107497,107413,107413.1
1762156800,107413.1,107413.1,107341.1,107389.7
1762156860,107389.7,107442.5,107382.4,107436.4
1762156920,107436.4,107486.1,107395.8,107453.5
1762156980,107453.5,107496.1,107400.4,107481.8
1762157040,107481.8,107502.4,107445.8,107498.9
1762157100,107498.9,107536.9,107455.1,107528.1
1762157160,107528.1,107569,107495.2,107530.5
1762157220,107530.5,107589.9,107511.4,107538
1762157280,107538,107547.2,107492,107526.2
1762157340,107526.2,107569.5,107521.7,107545.6
1762157400,107545.6,107625.3,107545.6,107621.9
1762157460,107621.9,107656.4,107597.2,107639.5
1762157520,107639.5,107663.6,107605,107615
1762157580,107615,107630.8,107590,107603
1762157640,107603,107603,107520,107529.4
1762157700,107529.4,107529.5,107372.2,107415.7
1762157760,107415.7,107528,107410.7,107527.9
1762157820,107527.9,107528,107487.3,107514
1762157880,107514,107514,107425.6,107462.2
1762157940,107462.2,107517.4,107447.5,107490.1
1762158000,107490.1,107490.1,107404.6,107463.7
1762158060,107463.7,107463.7,107334.6,107356.8
1762158120,107356.8,107369,107310.1,107335.1
1762158180,107335.1,107398.2,107324.7,107344.9
1762158240,107344.9,107352.5,107320,107320.1
1762158300,107320.1,107354.6,107310,107321.6
1762158360,107321.6,107321.6,107200,107290.1
1762158420,107290.1,107290.1,107155.4,107173.5
1762158480,107173.5,107215.4,107161.8,107176.4
1762158540,107176.4,107208.2,107152.1,107179.8
1762158600,107179.8,107214.2,107152.1,107171
1762158660,107171,107233.5,107161.4,107230.6
1762158720,107230.6,107244.4,107134.6,107170
1762158780,107170,107230.9,107170,107222.2
1762158840,107222.2,107246.7,107182.3,107197.3
1762158900,107197.3,107221.8,107151.9,107208.4
1762158960,107208.4,107246.4,107174.9,107194.2
1762159020,107194.2,107227.2,107150,107158.1
1762159080,107158.1,107167.2,107100,107103
1762159140,107103,107121.7,107066,107112.3
1762159200,107112.3,107138.9,107077.9,107099
1762159260,107099,107146.4,107070.8,107107.7
1762159320,107107.7,107168.2,107107.6,107156.2
1762159380,107156.2,107200,107137.5,107200
1762159440,107200,107212.9,107163,107176.2
1762159500,107176.2,107195,107010,107081.6
1762159560,107081.6,107081.6,106956.2,106972.7
1762159620,106972.7,107067.1,106958.3,107035.5
1762159680,107035.5,107045.5,106960.7,107028
1762159740,107028,107049.3,106860.5,107016.1
1762159800,107016.1,107395.4,107016,107330.3
1762159860,107330.3,107461.4,107310,107426.9
1762159920,107426.9,107459.2,107380.4,107444.8
1762159980,107444.8,107568.5,107436.7,107537.7
1762160040,107537.7,107537.7,107475.5,107489
1762160100,107489,107492.7,107371.6,107382
1762160160,107382,107454.1,107381.6,107415
1762160220,107415,107503,107382,107489.7
1762160280,107489.7,107579.9,107489.6,107515.6
1762160340,107515.6,107568,107498.6,107550.1
1762160400,107550.1,107599.9,107489.7,107598.4
1762160460,107598.4,107641.5,107556.1,107573
1762160520,107573,107702.2,107572.9,107685.8
1762160580,107685.8,107711.6,107661.5,107689.7
1762160640,107689.7,107700,107621.9,107699.9
1762160700,107699.9,107774.7,107698,107750.9
1762160760,107750.9,107833.8,107732.7,107821.9
1762160820,107821.9,107850,107807.4,107849.9
1762160880,107849.9,107877.7,107770,107800.7
1762160940,107800.7,107846.2,107720.6,107728.7
1762161000,107728.7,107753.9,107682,107731.6
1762161060,107731.6,107791.7,107731.5,107791.7
1762161120,107791.7,107856,107786.4,107796.8
1762161180,107796.8,107796.8,107703.6,107703.6
1762161240,107703.6,107769.8,107656,107751.9
1762161300,107751.9,107751.9,107672.5,107693
1762161360,107693,107700,107655.9,107670.1
1762161420,107670.1,107700,107652.3,107679.6
1762161480,107679.6,107679.7,107637.7,107677.2
1762161540,107677.2,107677.2,107554.2,107588.5
1762161600,107588.5,107588.5,107438,107490.6
1762161660,107490.6,107527.3,107414.1,107420.1
1762161720,107420.1,107430.4,107378.1,107424.6
1762161780,107424.6,107427.8,107378.8,107388.7
1762161840,107388.7,107419.2,107360,107360.1
1762161900,107360.1,107360.1,107250,107261.2
1762161960,107261.2,107354.2,107261.1,107354.2
1762162020,107354.2,107384.5,107317.7,107362.2
1762162080,107362.2,107410,107339.9,107340.5
1762162140,107340.5,107342,107300,107339.2
1762162200,107339.2,107410,107339.1,107370
1762162260,107370,107425,107355.7,107392
1762162320,107392,107393,107315.9,107333.9
1762162380,107333.9,107333.9,107230.8,107235.7
1762162440,107235.7,107301,107226.3,107262.4
1762162500,107262.4,107282.1,107230.4,107272.4
1762162560,107272.4,107346.1,107272.4,107337.9
1762162620,107337.9,107337.9,107280,107310.8
1762162680,107310.8,107311.5,107212.7,107250.3
1762162740,107250.3,107250.3,107172.5,107200
1762162800,107200,107221.1,107158,107221.1
1762162860,107221.1,107240,107205.8,107225.5
1762162920,107225.5,107235,107173.3,107209.9
1762162980,107209.9,107244.3,107209.9,107244.3
1762163040,107244.3,107315.7,107244.2,107296.7
1762163100,107296.7,107299.7,107240.5,107256.9
1762163160,107256.9,107295.2,107239.6,107249.1
1762163220,107249.1,107249.1,107211,107211.1
1762163280,107211.1,107211.1,107153.6,107194.7
1762163340,107194.7,107253.9,107175.6,107222.9
1762163400,107222.9,107248.9,107180,107180
1762163460,107180,107201.6,107043,107115.9
1762163520,107115.9,107116,107043,107100
1762163580,107100,107114.4,107043,107057.6
1762163640,107057.6,107112.9,107051.1,107088
1762163700,107088,107088.1,107033.3,107056
1762163760,107056,107140.2,107056,107107.7
1762163820,107107.7,107142,107083.9,107093.9
1762163880,107093.9,107163.9,107093.9,107163.9
1762163940,107163.9,107191.7,107151.1,107162.3
1762164000,107162.3,107276.4,107155.2,107184.4
1762164060,107184.4,107241.2,107184.3,107187.5
1762164120,107187.5,107325.6,107187.5,107305.8
1762164180,107305.8,107438.6,107304.9,107384.3
1762164240,107384.3,107384.3,107261.7,107281.3
1762164300,107281.3,107383.7,107281.3,107377.7
1762164360,107377.7,107383,107324.6,107365.5
1762164420,107365.5,107430.9,107365.5,107374.8
1762164480,107374.8,107406.7,107368.4,107406.7
1762164540,107406.7,107443,107406.6,107435.8
1762164600,107435.8,107490,107430.6,107447
1762164660,107447,107508.4,107420.1,107500.1
1762164720,107500.1,107531.3,107448,107448
1762164780,107448,107448.1,107408.3,107418
1762164840,107418,107484.9,107414,107484.9
1762164900,107484.9,107512.7,107460,107493.7
1762164960,107493.7,107493.7,107464.5,107464.6
1762165020,107464.6,107522.2,107453,107499
1762165080,107499,107505.2,107450.3,107457.4
1762165140,107457.4,107490.2,107457.4,107478.8
1762165200,107478.8,107510,107461.6,107461.6
1762165260,107461.6,107481.2,107450,107481
1762165320,107481,107517.1,107467.8,107487.3
1762165380,107487.3,107528.4,107484.3,107517.5
1762165440,107517.5,107527.8,107488.2,107527.8
1762165500,107527.8,107570,107527.7,107536
1762165560,107536,107536.1,107484.3,107484.4
1762165620,107484.4,107509.8,107475.6,107480
1762165680,107480,107579.8,107478,107563.2
1762165740,107563.2,107585,107541.9,107546
1762165800,107546,107546,107382.4,107389.9
1762165860,107389.9,107394.5,107341.7,107390.4
1762165920,107390.4,107419.4,107376.5,107380.1
1762165980,107380.1,107382,107335.5,107341.4
1762166040,107341.4,107341.5,107264.2,107325.7
1762166100,107325.7,107348.8,107281,107283.8
1762166160,107283.8,107335.2,107283.8,107308.5
1762166220,107308.5,107357.8,107299.6,107330
1762166280,107330,107424.1,107329.8,107352.7
1762166340,107352.7,107354,107264.8,107283
1762166400,107283,107351,107277,107351
1762166460,107351,107368.6,107301.2,107303.5
1762166520,107303.5,107303.5,107159.7,107192.8
1762166580,107192.8,107242.2,107160,107236.4
1762166640,107236.4,107236.4,107193.6,107209.2
1762166700,107209.2,107242.2,107150.9,107180
1762166760,107180,107180,107129.5,107152.1
1762166820,107152.1,107189.9,107149.6,107189.8
1762166880,107189.8,107297.5,107189.8,107297.5
1762166940,107297.5,107297.5,107229.8,107240.7
1762167000,107240.7,107254,107199.8,107231.7
1762167060,107231.7,107292.2,107231.7,107292
1762167120,107292,107292,107212.2,107221.5
1762167180,107221.5,107221.6,107150,107184.8
1762167240,107184.8,107184.9,107121.8,107146.2
1762167300,107146.2,107186.9,107099.6,107186.9
1762167360,107186.9,107234.8,107183.5,107226.4
1762167420,107226.4,107234.4,107148,107174.1
1762167480,107174.1,107174.1,107080,107080.1
1762167540,107080.1,107084.6,106700.5,106932.1
1762167600,106932.1,107136,106923.5,107033.6
1762167660,107033.6,107183.4,106999,107167.6
1762167720,107167.6,107223,107060.8,107205
1762167780,107205,107409.3,107099.7,107395.7
1762167840,107395.7,107397.5,107182.3,107311.3
1762167900,107311.3,107342.3,107210.1,107235.8
1762167960,107235.8,107290.5,107192.6,107261.2
1762168020,107261.2,107390,107251.2,107360
1762168080,107360,107448,107359.8,107443.5
1762168140,107443.5,107491.9,107356.4,107390.4
1762168200,107390.4,107483.8,107390.4,107479
1762168260,107479,107530,107427.6,107475.1
1762168320,107475.1,107490.2,107444,107489.9
1762168380,107489.9,107550,107470.5,107516.7
1762168440,107516.7,107537.4,107471.7,107495.6
1762168500,107495.6,107642.4,107495.5,107631.8
1762168560,107631.8,107787.3,107631.3,107669.9
1762168620,107669.9,107704.5,107588.2,107600.5
1762168680,107600.5,107681.9,107592.2,107673
1762168740,107673,107697,107649.5,107664.1
1762168800,107664.1,107670.1,107615.3,107638.1
1762168860,107638.1,107700,107607.8,107607.9
1762168920,107607.9,107607.9,107477,107477
1762168980,107477,107494.5,107457.3,107457.3
1762169040,107457.3,107497.7,107453.9,107455.5
1762169100,107455.5,107494,107406.8,107464.5
1762169160,107464.5,107482.7,107427.7,107461.1
1762169220,107461.1,107490,107434.8,107490
1762169280,107490,107588,107489.9,107580.1
1762169340,107580.1,107630,107580,107599.1
1762169400,107599.1,107659.8,107590,107599.9
1762169460,107599.9,107666.1,107584.2,107666.1
1762169520,107666.1,107682,107633.3,107652.8
1762169580,107652.8,107671.5,107561.6,107561.6
1762169640,107561.6,107612.6,107546.8,107568
1762169700,107568,107624,107557.3,107566.6
1762169760,107566.6,107566.6,107467.5,107471.6
1762169820,107471.6,107533.7,107460.6,107533.6
1762169880,107533.6,107627.3,107533.6,107611.2
1762169940,107611.2,107661,107611.1,107626
1762170000,107626,107698,107622.7,107670.6
1762170060,107670.6,107670.7,107605.1,107612.3
1762170120,107612.3,107700,107612.3,107696.2
1762170180,107696.2,107696.2,107653.6,107696
1762170240,107696,107728.8,107679.1,107703.7
1762170300,107703.7,107763.1,107690.3,107730.1
1762170360,107730.1,107730.1,107664.5,107673.7
1762170420,107673.7,107754.1,107605.4,107750
1762170480,107750,107804.7,107745,107762.9
1762170540,107762.9,107850,107762.9,107849.9
1762170600,107849.9,107867.4,107760.6,107774.3
1762170660,107774.3,107807.3,107758.1,107783.4
1762170720,107783.4,107787.6,107741.8,107757.2
1762170780,107757.2,107822.9,107757.2,107819.4
1762170840,107819.4,107871.8,107809.1,107828.6
1762170900,107828.6,107828.6,107728.8,107754
1762170960,107754,107766.2,107727.3,107740.8
1762171020,107740.8,107741.9,107678.8,107722.7
1762171080,107722.7,107756.5,107706.2,107756.4
1762171140,107756.4,107764.9,107722.5,107743.9
1762171200,107743.9,107764.9,107743.2,107751.4
1762171260,107751.4,107762.6,107732.9,107738.6
1762171320,107738.6,107758.9,107676.9,107734.9
1762171380,107734.9,107840,107734.9,107828.9
1762171440,107828.9,108155,107828.8,107920.1
1762171500,107920.1,107920.1,107652.2,107754.7
1762171560,107754.7,107892.6,107731.9,107772.2
1762171620,107772.2,107817.3,107770.6,107817.2
1762171680,107817.2,107850.9,107774.3,107796.3
1762171740,107796.3,107827.2,107744.6,107827.2
1762171800,107827.2,107880,107814,107859.8
1762171860,107859.8,107943.5,107837.8,107899
1762171920,107899,108040,107889.5,108039.9
1762171980,108039.9,108072.5,107990,107990
1762172040,107990,108035.7,107990,108015.1
1762172100,108015.1,108114.1,108015.1,108103.3
1762172160,108103.3,108103.3,108070.2,108089.6
1762172220,108089.6,108091.5,108022.2,108080.1
1762172280,108080.1,108184.5,108064.5,108156.4
1762172340,108156.4,108169.2,108090.7,108116.6
1762172400,108116.6,108117.1,108067.5,108113.9
1762172460,108113.9,108155.1,108047.6,108054.7
1762172520,108054.7,108098,108033.7,108040.4
1762172580,108040.4,108098.9,108040.4,108088.3
1762172640,108088.3,108095.4,108010.4,108042
1762172700,108042,108130.2,108042,108115.1
1762172760,108115.1,108120.6,108062.6,108090.9
1762172820,108090.9,108161.2,108075.6,108121.9
1762172880,108121.9,108214.1,108121.9,108195
1762172940,108195,108207,108166.7,108203.8
1762173000,108203.8,108214.1,108097.2,108106.8
1762173060,108106.8,108115.8,108037.6,108037.6
1762173120,108037.6,108037.7,107981,107996.6
1762173180,107996.6,108005.6,107931.9,107974.1
1762173240,107974.1,107999.1,107947,107947
1762173300,107947,108031.5,107932,107988.3
1762173360,107988.3,108003.7,107875.8,107882
1762173420,107882,107889.8,107852.9,107882.3
1762173480,107882.3,107889.6,107820,107820
1762173540,107820,107936.8,107820,107936.8
1762173600,107936.8,107936.8,107817.8,107871.6
1762173660,107871.6,107880,107826.9,107826.9
1762173720,107826.9,107846.1,107789.2,107846.1
1762173780,107846.1,107896.6,107846.1,107860
1762173840,107860,107866.8,107777,107777
1762173900,107777,107817.4,107750.9,107809.7
1762173960,107809.7,107859.5,107809.7,107852
1762174020,107852,107880,107824.1,107840
1762174080,107840,107881,107840,107869.8
1762174140,107869.8,107898.4,107815.4,107898.3
1762174200,107898.3,107922.2,107881.2,107901.1
1762174260,107901.1,107908.4,107872.1,107883.8
1762174320,107883.8,107918.7,107862.4,107866.8
1762174380,107866.8,107879.8,107838.9,107853.4
1762174440,107853.4,107853.4,107780,107800
1762174500,107800,107814.2,107709.5,107709.6
1762174560,107709.6,107714.2,107655,107692.7
1762174620,107692.7,107721.1,107676.6,107709.5
1762174680,107709.5,107742.3,107684.3,107732
1762174740,107732,107734.4,107693.7,107710.5
1762174800,107710.5,107730,107685.1,107725.6
1762174860,107725.6,107726,107663.3,107664.7
1762174920,107664.7,107711.7,107664.7,107711.6
1762174980,107711.6,107726.1,107691.3,107708.8
1762175040,107708.8,107708.8,107680.1,107687.9
1762175100,107687.9,107711.9,107600.1,107602
1762175160,107602,107611,107550.1,107593.8
1762175220,107593.8,107700,107592.5,107692.9
1762175280,107692.9,107692.9,107624.7,107635
1762175340,107635,107670.9,107635,107654.4
1762175400,107654.4,107654.4,107561.7,107584.4
1762175460,107584.4,107600,107551,107565.5
1762175520,107565.5,107650.8,107565.5,107650.8
1762175580,107650.8,107700,107635.2,107699.9
1762175640,107699.9,107699.9,107626,107642.2
1762175700,107642.2,107642.2,107560.6,107593.5
1762175760,107593.5,107635.4,107593.5,107623.6
1762175820,107623.6,107629.5,107578.1,107602.2
1762175880,107602.2,107619.9,107568,107594.5
1762175940,107594.5,107651,107579.1,107587.9
1762176000,107587.9,107600,107555.9,107561.4
1762176060,107561.4,107570,107545,107549.7
1762176120,107549.7,107600,107549.7,107600
1762176180,107600,107647,107599.5,107647
1762176240,107647,107652.3,107636,107641.7
1762176300,107641.7,107722.5,107599.4,107620
1762176360,107620,107620,107518.9,107547.8
1762176420,107547.8,107639.3,107536.7,107639.3
1762176480,107639.3,107656.3,107606.7,107656.2
1762176540,107656.2,107673,107631,107646.4
1762176600,107646.4,107758.9,107646.3,107724.9
1762176660,107724.9,107784.1,107705.6,107742.6
1762176720,107742.6,107833.2,107742.6,107827.5
1762176780,107827.5,107866.8,107800.6,107846.9
1762176840,107846.9,107942,107803.9,107915.3
1762176900,107915.3,107925.6,107819.3,107833.7
1762176960,107833.7,107917,107827.3,107914.5
1762177020,107914.5,107949.6,107859.2,107941.6
1762177080,107941.6,107944.4,107902.3,107930.4
1762177140,107930.4,107997.4,107901.2,107901.2
1762177200,107901.2,107910.6,107830.6,107850.1
1762177260,107850.1,107850.2,107781.6,107812.8
1762177320,107812.8,107813.2,107762.6,107802.9
1762177380,107802.9,107802.9,107740.1,107785.4
1762177440,107785.4,107819.8,107785.3,107819.8
1762177500,107819.8,107841.8,107775.6,107818.9
1762177560,107818.9,107929,107803.3,107929
1762177620,107929,107929,107820.6,107820.6
1762177680,107820.6,107867.7,107772.9,107867.7
1762177740,107867.7,107905.8,107823.7,107884.5
1762177800,107884.5,107887.9,107828.4,107861.5
1762177860,107861.5,107861.6,107760.4,107770.1
1762177920,107770.1,107807.6,107710.1,107798.4
1762177980,107798.4,107832.1,107780,107811.4
1762178040,107811.4,107978.7,107811.4,107948.7
1762178100,107948.7,107999.8,107930.3,107991
1762178160,107991,108023,107906.5,107906.5
1762178220,107906.5,107911.7,107837.8,107837.9
1762178280,107837.9,107847.9,107827.7,107838.8
1762178340,107838.8,107880,107838.8,107857.5
1762178400,107857.5,108021.2,107857.4,107953.9
1762178460,107953.9,107956.3,107902.4,107923.9
1762178520,107923.9,107989.8,107888.3,107957.6
1762178580,107957.6,107957.7,107913.7,107934.8
1762178640,107934.8,107967.4,107915,107967.3
1762178700,107967.3,108123.1,107967.3,108082.2
1762178760,108082.2,108184,108081.8,108171.4
1762178820,108171.4,108292,108171.4,108262.5
1762178880,108262.5,108262.6,108128.3,108143
1762178940,108143,108146.5,107976.1,108020
1762179000,108020,108052.6,107940.4,107958.2
1762179060,107958.2,108024.4,107953.9,107992.1
1762179120,107992.1,108054.3,107992.1,108045.4
1762179180,108045.4,108045.4,107931.2,107980.4
1762179240,107980.4,108008.9,107802.7,107827.8
1762179300,107827.8,107843.9,107768.3,107838.7
1762179360,107838.7,107865.6,107812.2,107849.9
1762179420,107849.9,107850,107812,107815.3
1762179480,107815.3,107837,107715.4,107749.9
1762179540,107749.9,107790.7,107749.9,107767.1
1762179600,107767.1,107790.4,107654.4,107662.3
1762179660,107662.3,107685.1,107610.6,107669.6
1762179720,107669.6,107677.9,107637.2,107662.9
1762179780,107662.9,107663,107610,107626.4
1762179840,107626.4,107637.9,107600,107613.7
1762179900,107613.7,107616,107469.7,107578.5
1762179960,107578.5,107663.9,107546.8,107632.1
1762180020,107632.1,107648,107528.4,107598.4
1762180080,107598.4,107621.3,107519.4,107525.1
1762180140,107525.1,107536.1,107481.5,107500
1762180200,107500,107597.8,107500,107594
1762180260,107594,107635.6,107491.3,107491.3
1762180320,107491.3,107568.3,107427.8,107455.2
1762180380,107455.2,107562.8,107440,107548.8
1762180440,107548.8,107608.4,107460,107480.8
1762180500,107480.8,107488.6,107313.8,107418.6
1762180560,107418.6,107524.8,107418.5,107467.9
1762180620,107467.9,107631.1,107459.6,107587.4
1762180680,107587.4,107765.7,107544.1,107730
1762180740,107730,107790,107690,107690.2
1762180800,107690.2,107744.9,107661,107739.5
1762180860,107739.5,107739.6,107485.9,107505.7
1762180920,107505.7,107505.7,107386.9,107458.7
1762180980,107458.7,107552.9,107431.7,107514
1762181040,107514,107595.4,107474.2,107573.6
1762181100,107573.6,107608.3,107465.3,107527.4
1762181160,107527.4,107647,107471,107634
1762181220,107634,107811.3,107595.6,107756.5
1762181280,107756.5,107828.7,107713.3,107748.8
1762181340,107748.8,107840,107714.1,107830.5
1762181400,107830.5,107906.5,107720.2,107802.6
1762181460,107802.6,107958.8,107724.1,107949.9
1762181520,107949.9,107960,107867.8,107876.1
1762181580,107876.1,107968,107876.1,107911.7
1762181640,107911.7,108000,107826,107860
1762181700,107860,107958.6,107860,107890
1762181760,107890,107982.3,107858.3,107982.3
1762181820,107982.3,108000,107910,107980.1
1762181880,107980.1,108037,107933,107985.1
1762181940,107985.1,108028.7,107961.1,108010.6
1762182000,108010.6,108111.3,107829.2,107884.4
1762182060,107884.4,107942.9,107844.3,107936
1762182120,107936,107963.2,107835.9,107835.9
1762182180,107835.9,107910.4,107811,107848.2
1762182240,107848.2,107848.2,107718.7,107729.3
1762182300,107729.3,107737.6,107660,107682.6
1762182360,107682.6,107744.6,107660,107713
1762182420,107713,107713,107590,107684.2
1762182480,107684.2,107818,107620,107792.6
1762182540,107792.6,107792.6,107633,107633
1762182600,107633,107720,107633,107641.9
1762182660,107641.9,107641.9,107462,107571.4
1762182720,107571.4,107659.1,107571.4,107632.1
1762182780,107632.1,107749.6,107619.2,107688.2
1762182840,107688.2,107711.2,107592.6,107595.7
1762182900,107595.7,107595.7,107480.2,107517.8
1762182960,107517.8,107555.3,107392.8,107400
1762183020,107400,107446,107394.2,107434.4
1762183080,107434.4,107484.6,107382.1,107484.5
1762183140,107484.5,107547.1,107466.8,107517.7
1762183200,107517.7,107517.8,107330.1,107352.3
1762183260,107352.3,107403,107310,107374.3
1762183320,107374.3,107379.7,107068.8,107259.9
1762183380,107259.9,107329,107234.1,107261.9
1762183440,107261.9,107261.9,106997.1,107062.6
1762183500,107062.6,107100,107033.4,107100
1762183560,107100,107100,106304.4,106458.3
1762183620,106458.3,106661.6,106060.3,106082.1
1762183680,106082.1,106367.6,105901.6,105901.7
1762183740,105901.7,106158.4,105640.1,105895.4
1762183800,105895.4,106003.1,105415.2,105464.3
1762183860,105464.3,105926.8,105441.5,105834
1762183920,105834,105970,105533.4,105600.6
1762183980,105600.6,105659.4,105422.5,105624.7
1762184040,105624.7,105907.2,105624.7,105859.3
1762184100,105859.3,106220,105804,106151.1
1762184160,106151.1,106495.7,106121.9,106298.9
1762184220,106298.9,106298.9,106118.5,106218.3
1762184280,106218.3,106359,106199.9,106327.3
1762184340,106327.3,106453.7,106321.6,106400.4
1762184400,106400.4,106419.1,106211.8,106318.2
1762184460,106318.2,106400,106206.9,106209.8
1762184520,106209.8,106225.6,105955.4,106001.9
1762184580,106001.9,106125.6,105833.2,106062.9
1762184640,106062.9,106300,106012.5,106034.1
1762184700,106034.1,106250,105951.1,105986.1
1762184760,105986.1,105988.8,105830,105897.9
1762184820,105897.9,105947.2,105782.3,105833.5
1762184880,105833.5,105901.3,105689.4,105715
1762184940,105715,105830,105610.5,105695.9
1762185000,105695.9,105931.9,105695.9,105847.5
1762185060,105847.5,105949.9,105731.6,105944
1762185120,105944,105944,105808,105814.2
1762185180,105814.2,105994.2,105788.1,105788.1
1762185240,105788.1,105821.9,105631.1,105640.6
1762185300,105640.6,105825.7,105640.5,105772.7
1762185360,105772.7,105865,105750,105822.1
1762185420,105822.1,105829.9,105580,105753
1762185480,105753,105856,105730.1,105789.3
1762185540,105789.3,105806.7,105674,105701
1762185600,105701,105757,105585,105653.1
1762185660,105653.1,105705.2,105606.7,105655.3
1762185720,105655.3,105697.8,105551,105574.5
1762185780,105574.5,105698.9,105574.4,105676.9
1762185840,105676.9,105677,105190.9,105341.9
1762185900,105341.9,105657.2,105297.6,105657.2
1762185960,105657.2,105703.4,105385.1,105515.8
1762186020,105515.8,105576.5,105352.9,105358.2
1762186080,105358.2,105367.5,105178.2,105324
1762186140,105324,105482.8,105307.1,105476.5
1762186200,105476.5,105602.2,105400,105599.9
1762186260,105599.9,105875,105487.4,105809.8
1762186320,105809.8,105960,105800,105909.5
1762186380,105909.5,106023,105828.2,105980.7
1762186440,105980.7,106125,105940.7,106022.3
1762186500,106022.3,106078.5,105878.8,105916.7
1762186560,105916.7,105916.7,105753,105755.1
1762186620,105755.1,105957,105755,105920.8
1762186680,105920.8,106130.2,105907,106075.5
1762186740,106075.5,106268,106053.8,106244.5
1762186800,106244.5,106353.6,106074.6,106085.4
1762186860,106085.4,106258.1,106062,106253.7
1762186920,106253.7,106357,106226.9,106331.5
1762186980,106331.5,106424.2,106304.1,106389.4
1762187040,106389.4,106415.4,106284.9,106354.3
1762187100,106354.3,106461.6,106331,106450
1762187160,106450,106545.6,106368.1,106527.3
1762187220,106527.3,106527.3,106220.8,106260.2
1762187280,106260.2,106290.7,106140.8,106278.4
1762187340,106278.4,106327.2,106163.2,106306.8
1762187400,106306.8,106408.9,106280,106357.1
1762187460,106357.1,106547.8,106325.2,106507.1
1762187520,106507.1,106529.6,106412.7,106478.9
1762187580,106478.9,106537,106388.2,106416.3
1762187640,106416.3,106420.8,106205.9,106252.7
1762187700,106252.7,106304.1,106155.2,106190.8
1762187760,106190.8,106352,106190.8,106343.9
1762187820,106343.9,106498.2,106337,106452.7
1762187880,106452.7,106477.6,106336.2,106381.8
1762187940,106381.8,106409.2,106315,106315
1762188000,106315,106405.5,106245.6,106396.6
1762188060,106396.6,106549.9,106396.6,106549.9
1762188120,106549.9,106585.8,106392.1,106500.8
1762188180,106500.8,106561.2,106435.7,106528.1
1762188240,106528.1,106530.4,106404.4,106430.5
1762188300,106430.5,106633.3,106430.5,106629.5
1762188360,106629.5,106645.9,106523.3,106559.7
1762188420,106559.7,106566.2,106450,106456.8
1762188480,106456.8,106478.7,106381.7,106428.6
1762188540,106428.6,106501.6,106355.3,106455.5
1762188600,106455.5,106592.9,106428.6,106592.5
1762188660,106592.5,106688,106592.5,106658
1762188720,106658,106752.1,106599.7,106620.9
1762188780,106620.9,106634.9,106497.1,106531.7
1762188840,106531.7,106570.3,106498.4,106502.5
1762188900,106502.5,106533.3,106474.3,106481.9
1762188960,106481.9,106665.3,106481.8,106665.3
1762189020,106665.3,106713.6,106615.1,106648.7
1762189080,106648.7,106747.6,106646.6,106704.2
1762189140,106704.2,106744.7,106615,106635.2
1762189200,106635.2,106635.3,106490.1,106543.6
1762189260,106543.6,106589.6,106534.9,106553.3
1762189320,106553.3,106681.4,106548,106586.1
1762189380,106586.1,106660.6,106563.6,106601.1
1762189440,106601.1,106601.1,106477.6,106595
1762189500,106595,106741.6,106586.6,106671.6
1762189560,106671.6,106742.7,106661.7,106725.2
1762189620,106725.2,106750,106673.8,106719.6
1762189680,106719.6,106787.5,106705.9,106761.2
1762189740,106761.2,106866.6,106761.2,106822.6
1762189800,106822.6,106822.6,106691,106740.3
1762189860,106740.3,106841.9,106740.3,106818.2
1762189920,106818.2,106869.4,106746.2,106850.3
1762189980,106850.3,106850.3,106800.4,106828.9
1762190040,106828.9,106886,106781.8,106781.8
1762190100,106781.8,106818.3,106711.6,106800.1
1762190160,106800.1,106833.8,106750,106767.1
1762190220,106767.1,106831.2,106767.1,106809.6
1762190280,106809.6,106994.8,106809.6,106982.3
1762190340,106982.3,106992.1,106936.3,106969.7
1762190400,106969.7,107160,106969.7,107143.3
1762190460,107143.3,107734.6,107143.3,107481.9
1762190520,107481.9,107498,107347.6,107354.6
1762190580,107354.6,107411,107200.1,107258.3
1762190640,107258.3,107270.6,107150,107199.9
1762190700,107199.9,107235.2,107055.8,107097.7
1762190760,107097.7,107111.5,107011.6,107098.3
1762190820,107098.3,107200,107093.9,107153.2
1762190880,107153.2,107183.2,107043.8,107043.8
1762190940,107043.8,107049.6,107010.6,107034.4
1762191000,107034.4,107219.7,107008.1,107170
1762191060,107170,107212.2,107109.9,107212.2
1762191120,107212.2,107256,107162.1,107244.5
1762191180,107244.5,107377.2,107216.6,107346.3
1762191240,107346.3,107435.2,107346.2,107370
1762191300,107370,107400,107287,107300
1762191360,107300,107327.1,107247.2,107327.1
1762191420,107327.1,107496.4,107327,107412.7
1762191480,107412.7,107542.4,107412.7,107526.1
1762191540,107526.1,107543.6,107418.6,107418.7
1762191600,107418.7,107493.4,107351.3,107416.3
1762191660,107416.3,107416.3,107288,107293.9
1762191720,107293.9,107416.6,107270.6,107378.4
1762191780,107378.4,107478.4,107355.3,107421
1762191840,107421,107440.6,107359.4,107404.1
1762191900,107404.1,107524.5,107404.1,107491.5
1762191960,107491.5,107531.5,107450,107499
1762192020,107499,107600,107490.5,107579.4
1762192080,107579.4,107617.8,107530,107593
1762192140,107593,107633.8,107515.7,107528.1
1762192200,107528.1,107554.1,107450.1,107463.1
1762192260,107463.1,107526.9,107327.1,107382.3
1762192320,107382.3,107454.6,107333.1,107339.3
1762192380,107339.3,107414.3,107315.4,107391.2
1762192440,107391.2,107393,107286.2,107306.1
1762192500,107306.1,107414.3,107260.5,107348.5
1762192560,107348.5,107396.8,107321.9,107326.2
1762192620,107326.2,107400.3,107326.2,107388
1762192680,107388,107427.5,107380.5,107421.7
1762192740,107421.7,107440.8,107400,107426.6
1762192800,107426.6,107430,107260,107260.1
1762192860,107260.1,107382.3,107260,107362.3
1762192920,107362.3,107395.5,107318.4,107385.6
1762192980,107385.6,107518.1,107360.2,107517.4
1762193040,107517.4,107540,107426,107426.1
1762193100,107426.1,107454.7,107375,107375
1762193160,107375,107403.1,107320,107320
1762193220,107320,107373.5,107269.2,107373.5
1762193280,107373.5,107431.2,107373.5,107409.9
1762193340,107409.9,107474.9,107373.5,107474.9
1762193400,107474.9,107562.7,107452.3,107474.7
1762193460,107474.7,107499.6,107305.5,107318.8
1762193520,107318.8,107323.5,107207.4,107246.2
1762193580,107246.2,107279,107174.3,107185.8
1762193640,107185.8,107218.1,107146,107171.6
1762193700,107171.6,107199.9,107123.6,107129.9
1762193760,107129.9,107130,107050.8,107079.4
1762193820,107079.4,107162.3,107079.3,107141.2
1762193880,107141.2,107244,107141.2,107244
1762193940,107244,107320,107211.9,107311.3
1762194000,107311.3,107405.8,107311.3,107334.9
1762194060,107334.9,107380,107312.3,107355.2
1762194120,107355.2,107488,107355.2,107453.5
1762194180,107453.5,107453.6,107361.7,107384
1762194240,107384,107393.4,107328,107334.6
1762194300,107334.6,107370,107260,107282.3
1762194360,107282.3,107282.3,107190.1,107231.2
1762194420,107231.2,107279.2,107195.7,107274.5
1762194480,107274.5,107299.8,107230.2,107249.6
1762194540,107249.6,107249.6,107164.7,107218.6
1762194600,107218.6,107289.9,107172.1,107185.1
1762194660,107185.1,107186.6,107152.9,107167.3
1762194720,107167.3,107329.2,107167.3,107310.5
1762194780,107310.5,107323.8,107251.6,107257
1762194840,107257,107301.7,107250.1,107250.6
1762194900,107250.6,107294.6,107218.7,107277.7
1762194960,107277.7,107341.8,107257.9,107315.5
1762195020,107315.5,107351.9,107281.2,107301.1
1762195080,107301.1,107365.9,107233,107247.3
1762195140,107247.3,107267.7,107192.8,107197.1
1762195200,107197.1,107197.1,107128.4,107134.4
1762195260,107134.4,107134.4,106916.7,106948.9
1762195320,106948.9,107027.1,106934.6,107007.5
1762195380,107007.5,107042.3,106860,106862.2
1762195440,106862.2,106886.7,106820.6,106851.3
1762195500,106851.3,106858.3,106770,106843.9
1762195560,106843.9,106843.9,106750,106785.7
1762195620,106785.7,106888.5,106785.7,106886.6
1762195680,106886.6,107058,106886.5,107046.1
1762195740,107046.1,107059.2,106922.2,106922.2
1762195800,106922.2,107060.1,106918.8,107044.8
1762195860,107044.8,107145.3,107020.1,107080.1
1762195920,107080.1,107109.4,107015.6,107095.3
1762195980,107095.3,107125.6,107059.5,107061.1
1762196040,107061.1,107087.5,107002.9,107051.4
1762196100,107051.4,107074.8,106914.1,106933.2
1762196160,106933.2,106958,106866.1,106958
1762196220,106958,106970,106917,106969.9
1762196280,106969.9,106970,106904,106905.8
1762196340,106905.8,106920,106901.4,106905.5
1762196400,106905.5,107010.9,106851.4,106870
1762196460,106870,106902.1,106798.8,106823.7
1762196520,106823.7,106823.7,106709.3,106720.1
1762196580,106720.1,106749,106670,106749
1762196640,106749,106795.3,106686,106686
1762196700,106686,106716.9,106506.3,106547.1
1762196760,106547.1,106646.3,106500.8,106623.1
1762196820,106623.1,106700.3,106562.2,106674.3
1762196880,106674.3,106696.1,106513,106513
1762196940,106513,106614.4,106375.6,106608.9
1762197000,106608.9,106749.8,106608,106612.6
1762197060,106612.6,106653.4,106576.9,106647.8
1762197120,106647.8,106722.7,106620,106709.9
1762197180,106709.9,106789.7,106694.7,106748.5
1762197240,106748.5,106772.3,106719.6,106735.6
1762197300,106735.6,106915,106716.2,106913.7
1762197360,106913.7,107032.9,106904.6,106935.1
1762197420,106935.1,106958.3,106800,106800
1762197480,106800,106804.5,106732.1,106789.3
1762197540,106789.3,106853,106777.5,106841.1
1762197600,106841.1,107036.5,106841.1,106990.7
1762197660,106990.7,107115.8,106971,106981.7
1762197720,106981.7,107005.4,106944.7,106944.7
1762197780,106944.7,106944.7,106819,106865.2
1762197840,106865.2,106889.5,106855.7,106877.1
1762197900,106877.1,107010.8,106819,107010.7
1762197960,107010.7,107023,106914.8,106993.9
1762198020,106993.9,106993.9,106887.8,106894.1
1762198080,106894.1,106903.8,106852.1,106852.1
1762198140,106852.1,106902.8,106838.8,106891.4
1762198200,106891.4,107026.6,106867.9,106991.8
1762198260,106991.8,107091.9,106986.1,107028
1762198320,107028,107064.6,106963.8,107004.4
1762198380,107004.4,107031,106952.8,107027.2
1762198440,107027.2,107073.5,106991.3,107024.4
1762198500,107024.4,107086.9,107003.5,107074.1
1762198560,107074.1,107187.9,107073,107085.4
1762198620,107085.4,107126,107050,107104.1
1762198680,107104.1,107213.7,107086.9,107199.8
1762198740,107199.8,107298.6,107199.8,107278
1762198800,107278,107340,107274.1,107281.6
1762198860,107281.6,107290.6,107179.5,107190.5
1762198920,107190.5,107193.4,107093.5,107141.7
1762198980,107141.7,107233.8,107141.7,107230.3
1762199040,107230.3,107250,107204.9,107220.2
1762199100,107220.2,107326.3,107220.2,107302.6
1762199160,107302.6,107328.1,107219.8,107222.4
1762199220,107222.4,107279.3,107220.2,107265.6
1762199280,107265.6,107295.9,107155.4,107155.5
1762199340,107155.5,107198.8,107155.5,107178.9
1762199400,107178.9,107197.7,107080.1,107090.8
1762199460,107090.8,107100.1,107037.9,107089.7
1762199520,107089.7,107089.7,106987,107000.1
1762199580,107000.1,107116.8,107000,107116.8
1762199640,107116.8,107159.3,107074.6,107130.6
1762199700,107130.6,107150.6,107073.6,107110.7
1762199760,107110.7,107167.7,107056.7,107147.4
1762199820,107147.4,107158.3,107075.8,107086.5
1762199880,107086.5,107100,107010.5,107020.2
1762199940,107020.2,107044.3,106979,107040.2
1762200000,107040.2,107133.8,107040.1,107107.3
1762200060,107107.3,107120.2,107026.6,107080
1762200120,107080,107126.3,107006.4,107053.3
1762200180,107053.3,107055.2,106930.7,106933.9
1762200240,106933.9,107049.8,106917.5,107044.8
1762200300,107044.8,107064.8,106940.1,106940.1
1762200360,106940.1,106950.2,106763.9,106806.7
1762200420,106806.7,106828.6,106720.2,106785.5
1762200480,106785.5,106817.1,106736.3,106752.9
1762200540,106752.9,106844.6,106752.8,106820
1762200600,106820,106820,106709.2,106817.9
1762200660,106817.9,106825.6,106760.1,106790.3
1762200720,106790.3,106790.4,106724,106724.4
1762200780,106724.4,106806.8,106710.9,106797.1
1762200840,106797.1,106806,106650.5,106669.9
1762200900,106669.9,106672,106569.3,106619.9
1762200960,106619.9,106700.7,106619.9,106686.7
1762201020,106686.7,106725.5,106666,106673.3
1762201080,106673.3,106673.4,106570.2,106637.2
1762201140,106637.2,106661.8,106585.6,106630.5
1762201200,106630.5,106690.9,106564.6,106685.5
1762201260,106685.5,106753.5,106673.6,106692.3
1762201320,106692.3,106721.6,106675,106711
1762201380,106711,106728.4,106646.6,106651.4
1762201440,106651.4,106651.4,106507.2,106520
1762201500,106520,106542.5,106450,106512
1762201560,106512,106606.4,106512,106599.1
1762201620,106599.1,106608.7,106526.5,106608.7
1762201680,106608.7,106753.2,106602.8,106753.2
1762201740,106753.2,106795.6,106683.6,106684
1762201800,106684,106997.8,106684,106953.7
1762201860,106953.7,106953.7,106844.8,106850.1
1762201920,106850.1,106942.1,106818.2,106837.1
1762201980,106837.1,106883.9,106804.3,106857.9
1762202040,106857.9,106951,106800,106800.1
1762202100,106800.1,106831.6,106754.9,106754.9
1762202160,106754.9,106818.9,106725.2,106813.7
1762202220,106813.7,106864.2,106792.6,106846.3
1762202280,106846.3,106846.3,106703.5,106743.7
1762202340,106743.7,106823.3,106743.6,106817.4
1762202400,106817.4,106823.9,106758.8,106800.5
1762202460,106800.5,106809.2,106680,106684.9
1762202520,106684.9,106693.1,106621.3,106638.7
1762202580,106638.7,106700,106633.5,106683
1762202640,106683,106683,106560.1,106621.7
1762202700,106621.7,106672.4,106619.4,106619.9
1762202760,106619.9,106619.9,106423.6,106492.6
1762202820,106492.6,106571.8,106476.6,106522.2
1762202880,106522.2,106526.4,106404.1,106440
1762202940,106440,106554.7,106416.6,106554.7
1762203000,106554.7,106574.6,106449.1,106567
1762203060,106567,106567,106458.2,106502.2
1762203120,106502.2,106591.4,106492.5,106534.7
1762203180,106534.7,106544.3,106322.1,106398.6
1762203240,106398.6,106480.9,106363.2,106419
1762203300,106419,106504.1,106374.4,106466.8
1762203360,106466.8,106466.8,106324.2,106339
1762203420,106339,106384.4,106255,106380
1762203480,106380,106432.8,106356.8,106423.1
1762203540,106423.1,106650,106411.2,106613
1762203600,106613,106822.7,106554.7,106800.7
1762203660,106800.7,106970.7,106780.1,106960
1762203720,106960,107060.2,106947.8,107025.1
1762203780,107025.1,107025.1,106857.2,106857.2
1762203840,106857.2,106857.2,106756,106817.8
1762203900,106817.8,106959.9,106753,106808.6
1762203960,106808.6,106826.2,106752.5,106826.2
1762204020,106826.2,106826.6,106666.7,106727.2
1762204080,106727.2,106775.7,106710,106757.1
1762204140,106757.1,106811.7,106673.4,106673.4
1762204200,106673.4,106696.1,106580.7,106607.1
1762204260,106607.1,106629.5,106548.1,106553
1762204320,106553,106578,106503.4,106505.4
1762204380,106505.4,106568.5,106482.2,106550.3
1762204440,106550.3,106555.5,106484.8,106503.4
1762204500,106503.4,106541.8,106405.5,106435.2
1762204560,106435.2,106435.3,106270.7,106290.1
1762204620,106290.1,106290.2,106000,106033.2
1762204680,106033.2,106312.5,106033.2,106259
1762204740,106259,106389.9,106244.4,106388.8
1762204800,106388.8,106423.4,106331.4,106349.2
1762204860,106349.2,106349.2,106232.5,106340.1
1762204920,106340.1,106632,106329.1,106632
1762204980,106632,106754.6,106631.9,106636.4
1762205040,106636.4,106636.4,106464,106505.4
1762205100,106505.4,106575.4,106438.8,106447.6
1762205160,106447.6,106460,106364.2,106459.9
1762205220,106459.9,106547.5,106459.9,106493.8
1762205280,106493.8,106630.8,106452.9,106573.5
1762205340,106573.5,106614.7,106558.6,106574.3
1762205400,106574.3,106655.4,106520.4,106641.8
1762205460,106641.8,106648,106500,106559.9
1762205520,106559.9,106634.7,106542.1,106595.6
1762205580,106595.6,106688.5,106595.5,106688.5
1762205640,106688.5,106837.9,106677.8,106831.2
1762205700,106831.2,106833.2,106745.4,106785.7
1762205760,106785.7,106914.4,106785,106870.5
1762205820,106870.5,106877.6,106764.9,106832.4
1762205880,106832.4,106896.1,106804.1,106869.8
1762205940,106869.8,106882.4,106769.7,106808.5
1762206000,106808.5,106833.6,106769.7,106800.1
1762206060,106800.1,106871.6,106772,106871.6
1762206120,106871.6,106905.8,106837.4,106886.8
1762206180,106886.8,106966.8,106860.8,106966.8
1762206240,106966.8,106993.4,106941.5,106974.2
1762206300,106974.2,106998.1,106906,106968.6
1762206360,106968.6,106992.8,106929.9,106960.8
1762206420,106960.8,106960.8,106862.1,106862.1
1762206480,106862.1,106950.9,106845.2,106881.6
1762206540,106881.6,106890.7,106842.7,106853.6
1762206600,106853.6,106943.9,106813.9,106908.1
1762206660,106908.1,106925,106847.4,106913.4
1762206720,106913.4,106913.4,106876.4,106899.9
1762206780,106899.9,106979.2,106899.9,106909.1
1762206840,106909.1,106934.7,106866,106934.6
1762206900,106934.6,106952.6,106876.8,106887.3
1762206960,106887.3,106887.4,106842.5,106869.2
1762207020,106869.2,106870.5,106815,106820.1
1762207080,106820.1,106820.1,106752,106777.4
1762207140,106777.4,106866.7,106775.9,106840
1762207200,106840,106840,106736.5,106736.5
1762207260,106736.5,106736.6,106525.5,106569.9
1762207320,106569.9,106597.2,106509.5,106558.7
1762207380,106558.7,106558.7,106357.1,106387.2
1762207440,106387.2,106470,106387.2,106438.9
1762207500,106438.9,106641,106438.8,106572.1
1762207560,106572.1,106572.1,106461.6,106526.9
1762207620,106526.9,106526.9,106493.3,106514.2
1762207680,106514.2,106594.2,106514.2,106577
1762207740,106577,106620,106561.8,106602.1
1762207800,106602.1,106615.9,106550.1,106558.2
1762207860,106558.2,106562.1,106411.8,106427.3
1762207920,106427.3,106427.3,106308.1,106317.7
1762207980,106317.7,106473.6,106317.2,106473.5
1762208040,106473.5,106480.2,106379,106474.6
1762208100,106474.6,106554.7,106454.5,106454.5
1762208160,106454.5,106536.2,106430.4,106451.9
1762208220,106451.9,106550.5,106450.1,106540
1762208280,106540,106544.9,106481.5,106515.3
1762208340,106515.3,106530,106464.6,106486
1762208400,106486,106510.5,106474.4,106510.5
1762208460,106510.5,106562.8,106423.2,106423.2
1762208520,106423.2,106423.3,106199.3,106314.4
1762208580,106314.4,106373.8,106295.7,106348.7
1762208640,106348.7,106375,106290.5,106314.9
1762208700,106314.9,106315,106242.2,106252.7
1762208760,106252.7,106288,106150,106150
1762208820,106150,106220.8,106150,106181.3
1762208880,106181.3,106181.8,106080,106088.8
1762208940,106088.8,106160,106088.7,106122.5
1762209000,106122.5,106122.5,105750,105887.1
1762209060,105887.1,106031.7,105887,106020.6
1762209120,106020.6,106035.8,105886.9,105962.7
1762209180,105962.7,105995.2,105936.2,105938.1
1762209240,105938.1,106254.5,105938.1,106225
1762209300,106225,106254.6,106078.5,106104.1
1762209360,106104.1,106333.4,106104,106263
1762209420,106263,106414.6,106259,106321.6
1762209480,106321.6,106385.1,106290.1,106363
1762209540,106363,106363,106217,106228.4
1762209600,106228.4,106353.8,106228.4,106289.4
1762209660,106289.4,106313,106225.7,106313
1762209720,106313,106356.9,106293.6,106314.9
1762209780,106314.9,106350.7,106309.5,106309.5
1762209840,106309.5,106347.2,106293.6,106321.2
1762209900,106321.2,106392,106321.1,106385.8
1762209960,106385.8,106470.6,106385.7,106426.9
1762210020,106426.9,106499.9,106425.1,106425.1
1762210080,106425.1,106533.3,106425.1,106500
1762210140,106500,106589.8,106500,106584
1762210200,106584,106587.5,106570.5,106577.8
1762210260,106577.8,106587.5,106463.8,106474.1
1762210320,106474.1,106488.2,106399.9,106488.2
1762210380,106488.2,106492.2,106461.5,106466.5
1762210440,106466.5,106466.6,106444.8,106444.8
1762210500,106444.8,106444.8,106270.7,106270.8
1762210560,106270.8,106307.9,106270.8,106288.7
1762210620,106288.7,106355.5,106282.9,106355.5
1762210680,106355.5,106443.8,106355.4,106384.9
1762210740,106384.9,106445.9,106384.9,106444
1762210800,106444,106444,106264,106264
1762210860,106264,106264.1,106122.4,106140.9
1762210920,106140.9,106140.9,106009.9,106009.9
1762210980,106009.9,106064.7,105984,105999
1762211040,105999,106070.5,105998.9,106057.8
1762211100,106057.8,106111.8,106046.8,106111.8
1762211160,106111.8,106164.8,106098.4,106164.8
1762211220,106164.8,106164.8,106092.2,106117
1762211280,106117,106176.9,106104.8,106111.3
1762211340,106111.3,106176.4,106111.2,106130.4
1762211400,106130.4,106198.4,106110,106110.1
1762211460,106110.1,106238.2,106110,106216.1
1762211520,106216.1,106275.8,106216,106275.8
1762211580,106275.8,106289.4,106208.1,106208.2
1762211640,106208.2,106270.9,106193.9,106193.9
1762211700,106193.9,106271.8,106182.4,106271.8
1762211760,106271.8,106272,106204.4,106242.3
1762211820,106242.3,106299.1,106242.2,106299.1
1762211880,106299.1,106319.9,106260.7,106261.5
1762211940,106261.5,106273.4,106238.3,106273.4
1762212000,106273.4,106333.8,106273.4,106333.8
1762212060,106333.8,106400,106333.8,106400
1762212120,106400,106472,106337.7,106343.9
1762212180,106343.9,106393.2,106281.3,106351.1
1762212240,106351.1,106423.9,106351.1,106391.9
1762212300,106391.9,106489.4,106372.8,106480
1762212360,106480,106480,106427.5,106436
1762212420,106436,106477.3,106423.3,106459.4
1762212480,106459.4,106459.7,106431,106449.8
1762212540,106449.8,106462.5,106387.4,106387.4
1762212600,106387.4,106400,106359.3,106388
1762212660,106388,106484,106384.7,106431.1
1762212720,106431.1,106431.2,106396.3,106399.1
1762212780,106399.1,106455.7,106398.9,106455.7
1762212840,106455.7,106550,106455.7,106530.5
1762212900,106530.5,106595,106530.5,106545
1762212960,106545,106560.5,106510.2,106510.2
1762213020,106510.2,106598.9,106510.2,106592.4
1762213080,106592.4,106618.7,106570.8,106590.7
1762213140,106590.7,106625.5,106590,106590
1762213200,106590,106700,106590,106690.3
1762213260,106690.3,106690.3,106580.8,106618.9
1762213320,106618.9,106639.5,106599,106610
1762213380,106610,106610,106580.8,106599.2
1762213440,106599.2,106608.9,106551.4,106572.1
1762213500,106572.1,106622.1,106571.3,106603.3
1762213560,106603.3,106603.3,106542.2,106542.2
1762213620,106542.2,106542.3,106473.3,106488.9
1762213680,106488.9,106496.5,106444,106464
1762213740,106464,106506,106436.7,106476.4
1762213800,106476.4,106487.3,106440.6,106462.6
1762213860,106462.6,106479.4,106422,106457.7
1762213920,106457.7,106526.5,106457.6,106467.3
1762213980,106467.3,106483.8,106436.2,106458.5
1762214040,106458.5,106526.5,106458.5,106484.6
1762214100,106484.6,106569.5,106484.6,106537.9
1762214160,106537.9,106590,106534.4,106578.3
1762214220,106578.3,106600,106550.8,106572.3
1762214280,106572.3,106572.4,106505,106521.6
1762214340,106521.6,106536.4,106508.3,106536.4
1762214400,106536.4,106589,106424,106424.1
1762214460,106424.1,106427.2,106386.4,106414.9
1762214520,106414.9,106439.2,106370,106401.7
1762214580,106401.7,106442.5,106401.7,106406.4
1762214640,106406.4,106505.3,106406.2,106473.3
1762214700,106473.3,106529.5,106369.6,106419
1762214760,106419,106473.5,106419,106463.3
1762214820,106463.3,106518.3,106448.6,106518.3
1762214880,106518.3,106518.3,106433,106433
1762214940,106433,106433.1,106384.5,106416.7
1762215000,106416.7,106441.8,106261.3,106325.2
1762215060,106325.2,106388.9,106325.2,106386.2
1762215120,106386.2,106386.3,106273.8,106338.8
1762215180,106338.8,106351.2,106295.8,106330
1762215240,106330,106335.1,106238.5,106270
1762215300,106270,106311.3,106243.2,106267.2
1762215360,106267.2,106267.2,106141.5,106146.6
1762215420,106146.6,106227.7,106061.9,106227
1762215480,106227,106332.3,106209.8,106258
1762215540,106258,106258.2,106194.7,106219.2
1762215600,106219.2,106270,106204.7,106216.7
1762215660,106216.7,106216.7,106101.5,106126.1
1762215720,106126.1,106129.1,106038,106038.1
1762215780,106038.1,106105.5,105959.9,106014.8
1762215840,106014.8,106051.7,105931.5,105962.8
1762215900,105962.8,105999.2,105950.1,105992.9
1762215960,105992.9,106020.8,105951.8,105951.8
1762216020,105951.8,105951.8,105809.1,105809.1
1762216080,105809.1,105896.1,105805.5,105886.1
1762216140,105886.1,105886.1,105783.1,105797
1762216200,105797,105944.8,105797,105930
1762216260,105930,106015.8,105888.2,105890.4
1762216320,105890.4,105934.1,105809.2,105885.1
1762216380,105885.1,106219.9,105885.1,106159.1
1762216440,106159.1,106259.9,106144.2,106210.3
1762216500,106210.3,106249.7,106191.1,106246.3
1762216560,106246.3,106590.1,106246.2,106536.6
1762216620,106536.6,106556.6,106459.1,106489.6
1762216680,106489.6,106739,106480.6,106713.1
1762216740,106713.1,106713.1,106590.4,106636.9
1762216800,106636.9,106770.8,106630.6,106669.7
1762216860,106669.7,106669.8,106569.8,106569.8
1762216920,106569.8,106700,106569.1,106683.6
1762216980,106683.6,106758,106664.2,106758
1762217040,106758,106769.3,106668.3,106668.5
1762217100,106668.5,106672.6,106578,106625.2
1762217160,106625.2,106659.5,106582.4,106582.5
1762217220,106582.5,106611,106548.1,106564.4
1762217280,106564.4,106608.1,106531.6,106531.7
1762217340,106531.7,106613.4,106531.7,106609.7
1762217400,106609.7,106609.7,106469.7,106469.7
1762217460,106469.7,106528.6,106443.6,106488.7
1762217520,106488.7,106529.8,106461.1,106472.3
1762217580,106472.3,106535.4,106449.6,106509.3
1762217640,106509.3,106545.8,106450.2,106459
1762217700,106459,106466,106333.2,106346.2
1762217760,106346.2,106357,106250,106267.3
1762217820,106267.3,106363.6,106267.3,106363.6
1762217880,106363.6,106366,106335.5,106359
1762217940,106359,106434.9,106359,106416.5
1762218000,106416.5,106500,106413,106475.5
1762218060,106475.5,106548.5,106464.8,106532.1
1762218120,106532.1,106543,106492.9,106502.3
1762218180,106502.3,106542.5,106438.7,106438.7
1762218240,106438.7,106447,106340,106345.7
1762218300,106345.7,106345.7,106215.9,106261.1
1762218360,106261.1,106458.2,106261,106458.2
1762218420,106458.2,106576.7,106458.2,106512
1762218480,106512,106512,106417.8,106439.9
1762218540,106439.9,106526.5,106410,106520.4
1762218600,106520.4,106593.3,106508.6,106557
1762218660,106557,106582.7,106540.6,106582.7
1762218720,106582.7,106662.6,106579.2,106579.3
1762218780,106579.3,106579.3,106514.3,106533.2
1762218840,106533.2,106558.8,106510,106539.4
1762218900,106539.4,106599.2,106510.2,106593.9
1762218960,106593.9,106599.9,106500.1,106536.6
1762219020,106536.6,106536.6,106482.4,106482.4
1762219080,106482.4,106590.1,106463.4,106585.7
1762219140,106585.7,106605.3,106523.4,106555.6
1762219200,106555.6,106822.1,106555.6,106806.7
1762219260,106806.7,106967.1,106793.3,106967
1762219320,106967,107181.6,106839,107070.2
1762219380,107070.2,107133.7,106943.7,107045.3
1762219440,107045.3,107148.7,107000,107010
1762219500,107010,107027,106920,106941.7
1762219560,106941.7,106943.9,106831.5,106832.4
1762219620,106832.4,106848.4,106816.4,106823.4
1762219680,106823.4,106823.5,106767.9,106778.7
1762219740,106778.7,106860,106778.6,106851.2
1762219800,106851.2,107014.5,106847.3,106957.3
1762219860,106957.3,106957.3,106868.8,106915.1
1762219920,106915.1,107000,106893.4,106943.4
1762219980,106943.4,106962,106901.2,106950
1762220040,106950,107058.3,106943.1,107051
1762220100,107051,107058.2,106949.8,107006
1762220160,107006,107090,107005.6,107034.2
1762220220,107034.2,107034.2,106965.3,106987.1
1762220280,106987.1,107214.1,106987.1,107151.7
1762220340,107151.7,107266.7,107127.5,107201.5
1762220400,107201.5,107227.7,107124.3,107151.5
1762220460,107151.5,107154.9,107070.6,107093
1762220520,107093,107142.9,107093,107109.8
1762220580,107109.8,107136.5,107092.3,107096.4
1762220640,107096.4,107096.5,107061,107077.6
1762220700,107077.6,107081.7,107054.7,107055.1
1762220760,107055.1,107111.3,107028.1,107060
1762220820,107060,107084.8,106976.6,106976.6
1762220880,106976.6,106983.9,106930.2,106957.2
1762220940,106957.2,106979.3,106840.3,106840.8
1762221000,106840.8,106873.1,106790.8,106800.4
1762221060,106800.4,106807.5,106750,106752.2
1762221120,106752.2,106752.3,106626.7,106704.8
1762221180,106704.8,106841.3,106704.8,106830.7
1762221240,106830.7,106901.6,106814.4,106893.3
1762221300,106893.3,106954.6,106876.1,106950.8
1762221360,106950.8,107040.9,106950.7,107029
1762221420,107029,107108.4,107000,107105.9
1762221480,107105.9,107105.9,107007.7,107025.3
1762221540,107025.3,107025.3,106986.3,106986.3
1762221600,106986.3,106986.3,106832.3,106843.7
1762221660,106843.7,106849.9,106809,106810.3
1762221720,106810.3,106841.3,106780,106784.5
1762221780,106784.5,106816.2,106773.4,106816.2
1762221840,106816.2,106816.2,106746.8,106748.6
1762221900,106748.6,106764.6,106686.9,106694.7
1762221960,106694.7,106720,106660.3,106670.9
1762222020,106670.9,106804.1,106670.9,106772.6
1762222080,106772.6,106842.7,106772.5,106836.9
1762222140,106836.9,106872.8,106835.9,106835.9
1762222200,106835.9,106851,106776.3,106830.1
1762222260,106830.1,106891.2,106820.1,106881.6
1762222320,106881.6,106958.9,106873.7,106925.7
1762222380,106925.7,106944.5,106870,106928.8
1762222440,106928.8,106928.9,106868.9,106868.9
1762222500,106868.9,106875.9,106833.9,106845.6
1762222560,106845.6,106860.1,106777,106854.3
1762222620,106854.3,106922.8,106839.5,106911
1762222680,106911,106986.3,106904.8,106947.3
1762222740,106947.3,107000,106944.1,106999.9
1762222800,106999.9,107087.7,106999.9,107050.1
1762222860,107050.1,107054,107013.8,107030
1762222920,107030,107099.6,107029.9,107080.1
1762222980,107080.1,107137.7,107062,107097.7
1762223040,107097.7,107150.5,107050,107122.3
1762223100,107122.3,107172.7,107109.9,107136.2
1762223160,107136.2,107141.1,107087.9,107094.8
1762223220,107094.8,107189.5,107094.8,107133.5
1762223280,107133.5,107133.5,106901.2,106917.4
1762223340,106917.4,106917.5,106855.9,106876.8
1762223400,106876.8,106876.8,106804.5,106832.6
1762223460,106832.6,106877.9,106832.6,106857
1762223520,106857,106937.2,106857,106888
1762223580,106888,106892.6,106795.7,106836.1
1762223640,106836.1,106900.5,106820.4,106869.4
1762223700,106869.4,106895.7,106845.4,106883.2
1762223760,106883.2,106967.9,106830,106831.9
1762223820,106831.9,106889.9,106784.4,106881.8
1762223880,106881.8,106934.9,106875.9,106878.4
1762223940,106878.4,106946.3,106869,106870.1
1762224000,106870.1,106901.3,106791.3,106791.4
1762224060,106791.4,106813.2,106738,106738
1762224120,106738,106738.1,106610.3,106636.3
1762224180,106636.3,106664.1,106600,106625.3
1762224240,106625.3,106705.8,106624.2,106694.9
1762224300,106694.9,106694.9,106590,106613
1762224360,106613,106627.1,106551,106577.1
1762224420,106577.1,106588.2,106400,106460.5
1762224480,106460.5,106527.9,106401,106518.8
1762224540,106518.8,106534.2,106438.2,106450
1762224600,106450,106516.1,106449.9,106487.1
1762224660,106487.1,106555,106453.5,106453.5
1762224720,106453.5,106468.1,106405.6,106434.5
1762224780,106434.5,106502.8,106432.7,106500.6
1762224840,106500.6,106521.5,106435.5,106506.4
1762224900,106506.4,106529.7,106471.9,106493.8
1762224960,106493.8,106542.7,106489.9,106524.2
1762225020,106524.2,106524.2,106446.5,106461.2
1762225080,106461.2,106479.3,106443.3,106477.1
1762225140,106477.1,106477.2,106413.2,106413.3
1762225200,106413.3,106571.5,106413.3,106486.1
1762225260,106486.1,106550,106458.2,106487.1
1762225320,106487.1,106538.4,106407.6,106425.8
1762225380,106425.8,106449.6,106383.7,106392.8
1762225440,106392.8,106458.2,106380,106444.1
1762225500,106444.1,106450.2,106300,106300.1
1762225560,106300.1,106300.1,106174.1,106185.6
1762225620,106185.6,106230.6,106139.8,106203.1
1762225680,106203.1,106387.2,106203.1,106381.1
1762225740,106381.1,106414.3,106354.1,106393.9
1762225800,106393.9,106440,106365.7,106414.3
1762225860,106414.3,106550,106414.3,106538.3
1762225920,106538.3,106628.1,106531,106622.7
1762225980,106622.7,106777,106622.7,106774.4
1762226040,106774.4,106901.3,106743.9,106860.4
1762226100,106860.4,106983.6,106860.4,106940.8
1762226160,106940.8,106940.8,106802.9,106802.9
1762226220,106802.9,106924.7,106801.6,106892.5
1762226280,106892.5,106973.8,106843.6,106843.6
1762226340,106843.6,106843.6,106794,106805.7
1762226400,106805.7,106842.4,106765,106765
1762226460,106765,106769.4,106693.3,106694.6
1762226520,106694.6,106779.5,106694,106753.5
1762226580,106753.5,106823,106753.5,106812
1762226640,106812,106849.9,106771.4,106777
1762226700,106777,106926.7,106776.9,106920
1762226760,106920,106949.9,106850.6,106855.1
1762226820,106855.1,106940.1,106855.1,106940.1
1762226880,106940.1,106950,106893.2,106916.7
1762226940,106916.7,106922.6,106886.5,106903.5
1762227000,106903.5,106911.8,106844,106848.5
1762227060,106848.5,106848.5,106775,106775
1762227120,106775,106830,106773.4,106789.1
1762227180,106789.1,106955.4,106781.5,106942.7
1762227240,106942.7,107048.8,106942.7,107034.3
1762227300,107034.3,107119.9,107011.8,107060.1
1762227360,107060.1,107060.1,106960.8,106971.9
1762227420,106971.9,107112,106970.8,107092.3
1762227480,107092.3,107118.3,107042.9,107058.9
1762227540,107058.9,107095.3,107035.7,107042.9
1762227600,107042.9,107081.1,107024.1,107031
1762227660,107031,107102.5,107031,107074.7
1762227720,107074.7,107099.9,107071.6,107087.3
1762227780,107087.3,107166.6,107060,107144.4
1762227840,107144.4,107144.4,107098.3,107105.3
1762227900,107105.3,107127.8,107051.9,107064.5
1762227960,107064.5,107070,106991.9,107057.7
1762228020,107057.7,107072.6,107012.3,107036
1762228080,107036,107057.6,106966.2,106976.1
1762228140,106976.1,106989.6,106955.4,106974.4
1762228200,106974.4,107048.8,106974.4,107044
1762228260,107044,107069.1,107021.3,107035.6
1762228320,107035.6,107059,106967.1,106967.1
1762228380,106967.1,107066.2,106949.6,107050.2
1762228440,107050.2,107099.9,107048.9,107098.4
1762228500,107098.4,107120,107089.4,107100
1762228560,107100,107114.3,107080.3,107093.6
1762228620,107093.6,107164.7,107093.5,107140.5
1762228680,107140.5,107183.9,107140.3,107141.1
1762228740,107141.1,107141.1,107092.9,107093
1762228800,107093,107185.8,107093,107167.5
1762228860,107167.5,107210.5,107113.5,107181.4
1762228920,107181.4,107238.4,107088,107088
1762228980,107088,107212.7,107087.5,107187.4
1762229040,107187.4,107232.8,107187.4,107225.6
1762229100,107225.6,107254.7,107203.9,107211.2
1762229160,107211.2,107218.1,107103.1,107147.8
1762229220,107147.8,107147.8,107084.3,107103.5
1762229280,107103.5,107143.6,107060.9,107139.1
1762229340,107139.1,107139.1,107067.3,107123.7
1762229400,107123.7,107182.7,107123.7,107167
1762229460,107167,107201.1,107157.6,107166.7
1762229520,107166.7,107166.8,107110.1,107116.1
1762229580,107116.1,107130.4,107046,107073.8
1762229640,107073.8,107148.6,107073.8,107148.6
1762229700,107148.6,107148.6,107009.1,107009.1
1762229760,107009.1,107050.8,106952.2,106979.2
1762229820,106979.2,107051,106932.1,107004.2
1762229880,107004.2,107039.9,106991.3,107005.6
1762229940,107005.6,107043.8,106962.8,107030.4
1762230000,107030.4,107057.3,106977,106977
1762230060,106977,107006.4,106958.1,106976.4
1762230120,106976.4,107096.4,106955.3,107080.1
1762230180,107080.1,107080.1,107030,107030
1762230240,107030,107030.1,106937.8,106946.6
1762230300,106946.6,106946.6,106910.2,106917.2
1762230360,106917.2,106968.8,106872.1,106907.7
1762230420,106907.7,106957.4,106885.7,106923.1
1762230480,106923.1,106925.5,106851,106905.6
1762230540,106905.6,106917.2,106877.6,106889
1762230600,106889,106949.7,106885,106908.4
1762230660,106908.4,106965.2,106850,106959.4
1762230720,106959.4,106965,106885.7,106918.3
1762230780,106918.3,107000,106905.7,106913.7
1762230840,106913.7,106916.8,106886.6,106900.6
1762230900,106900.6,106922.4,106834.2,106836.8
1762230960,106836.8,106837.2,106714.8,106803.9
1762231020,106803.9,106821.2,106735.1,106785.1
1762231080,106785.1,106849.9,106785,106797.5
1762231140,106797.5,106842.7,106726.6,106836
1762231200,106836,106895.6,106804.7,106804.7
1762231260,106804.7,106849.2,106760.8,106844.2
1762231320,106844.2,106884,106814.4,106824.9
1762231380,106824.9,106855.2,106789.7,106817.3
1762231440,106817.3,106856.2,106791.1,106791.1
1762231500,106791.1,106791.2,106740.4,106750.5
1762231560,106750.5,106804.2,106718.6,106804.2
1762231620,106804.2,106847,106709,106709
1762231680,106709,106762.7,106648.5,106694.4
1762231740,106694.4,106720.2,106667.6,106711.9
1762231800,106711.9,106736.2,106678.8,106724.5
1762231860,106724.5,106760,106708.3,106715.9
1762231920,106715.9,106749.9,106697.4,106747.3
1762231980,106747.3,106830.2,106747.3,106747.9
1762232040,106747.9,106771.3,106678.8,106703.4
1762232100,106703.4,106748.6,106677.9,106692.3
1762232160,106692.3,106701.5,106661.3,106677.3
1762232220,106677.3,106708,106671.8,106708
1762232280,106708,106741.8,106706.8,106738.4
1762232340,106738.4,106738.5,106689,106695.3
1762232400,106695.3,106695.4,106575.7,106597.2
1762232460,106597.2,106619.6,106571,106586.5
1762232520,106586.5,106596.4,106553.1,106596.4
1762232580,106596.4,106634.6,106591.9,106609.2
1762232640,106609.2,106609.6,106457.5,106457.5
1762232700,106457.5,106479.1,106416.8,106461
1762232760,106461,106494.8,106420,106482.6
1762232820,106482.6,106531.9,106482.6,106488.7
1762232880,106488.7,106488.7,106438.4,106455.5
1762232940,106455.5,106581.8,106455.5,106580.2
1762233000,106580.2,106626.9,106564.9,106600
1762233060,106600,106661.6,106596.4,106600
1762233120,106600,106610.9,106563.4,106565.2
1762233180,106565.2,106580.2,106502.6,106580.2
1762233240,106580.2,106580.2,106527.4,106527.5
1762233300,106527.5,106550.9,106417,106417
1762233360,106417,106417,106267.5,106299.7
1762233420,106299.7,106313.8,106220.4,106269.7
1762233480,106269.7,106301.7,106164.6,106193.8
1762233540,106193.8,106202.6,106053.3,106119.1
1762233600,106119.1,106163.4,106020,106147.6
1762233660,106147.6,106197.5,105920,105955.9
1762233720,105955.9,105992.9,105875.8,105958.3
1762233780,105958.3,105981.7,105863.6,105934.4
1762233840,105934.4,105934.4,105593.6,105685.6
1762233900,105685.6,105870.5,105660.6,105706.8
1762233960,105706.8,105706.8,105530,105587.8
1762234020,105587.8,105630.4,105514.3,105553.3
1762234080,105553.3,105624.1,105405.3,105458.3
1762234140,105458.3,105746.5,105457.5,105608.9
1762234200,105608.9,105616.5,105435.2,105552.5
1762234260,105552.5,105552.5,105287.9,105325.2
1762234320,105325.2,105436.5,105311.1,105357.1
1762234380,105357.1,105393.7,105289.6,105301.7
1762234440,105301.7,105488,105285.5,105365.1
1762234500,105365.1,105433.5,105285.5,105315
1762234560,105315,105421.5,105300,105420.9
1762234620,105420.9,105459.6,105359.8,105425.9
1762234680,105425.9,105444.8,105338.4,105369
1762234740,105369,105369,105141.5,105249.5
1762234800,105249.5,105427.7,105206.6,105218.2
1762234860,105218.2,105224.1,105092.8,105123.9
1762234920,105123.9,105182.3,105109.7,105109.7
1762234980,105109.7,105115.3,104928.2,104964.8
1762235040,104964.8,105027,104865.9,104875.3
1762235100,104875.3,105022.9,104621.6,104635.9
1762235160,104635.9,104903.3,104505.5,104886.6
1762235220,104886.6,104886.6,104694.1,104813.3
1762235280,104813.3,104813.3,104378.3,104449.1
1762235340,104449.1,104587.3,104433,104524.9
1762235400,104524.9,104674.1,104511,104630.4
1762235460,104630.4,104652,104505.5,104523.3
1762235520,104523.3,104552.1,104450,104477.9
1762235580,104477.9,104485,104347.8,104427.1
1762235640,104427.1,104507.2,104355.9,104443.7
1762235700,104443.7,104552,104374.4,104384.7
1762235760,104384.7,104453.1,104141.7,104157.7
1762235820,104157.7,104294.4,104146.2,104222.1
1762235880,104222.1,104229.8,104133.3,104154.1
1762235940,104154.1,104227.4,104128,104153.1
1762236000,104153.1,104223.9,104120,104208.3
1762236060,104208.3,104349.9,104208.1,104332.8
1762236120,104332.8,104630.1,104303.4,104488.7
1762236180,104488.7,104596.5,104431.9,104508.2
1762236240,104508.2,104627,104491.4,104579.3
1762236300,104579.3,104593.5,104343.1,104364.7
1762236360,104364.7,104423.7,104269.2,104332.8
1762236420,104332.8,104433.4,104327.8,104424.7
1762236480,104424.7,104425.9,104136.8,104160.1
1762236540,104160.1,104369,104147.4,104287.9
1762236600,104287.9,104498.2,104215.1,104485.2
1762236660,104485.2,104545.2,104419.9,104480.9
1762236720,104480.9,104545.1,104385.7,104538.2
1762236780,104538.2,104671.2,104510.1,104663.2
1762236840,104663.2,104850,104600.1,104835.7
1762236900,104835.7,105080,104779.7,105019.3
1762236960,105019.3,105110,104983.7,105050.1
1762237020,105050.1,105185,104991.8,105120.1
1762237080,105120.1,105146,104891.7,104908.9
1762237140,104908.9,104975,104838.8,104862.3
1762237200,104862.3,104964.7,104826.2,104945
1762237260,104945,105068.6,104928.4,105010.1
1762237320,105010.1,105017.6,104803.9,104825.2
1762237380,104825.2,104832.4,104706,104733.1
1762237440,104733.1,104750,104664.2,104693.3
1762237500,104693.3,104822,104693.3,104805.5
1762237560,104805.5,104833.5,104750.8,104833.4
1762237620,104833.4,104852.8,104794.1,104851.1
1762237680,104851.1,104946.5,104803.7,104881.4
1762237740,104881.4,104946.7,104850,104936.4
1762237800,104936.4,104943.1,104832.2,104846
1762237860,104846,104851.4,104669.6,104743.4
1762237920,104743.4,104914,104725.5,104899.9
1762237980,104899.9,104940.9,104768.6,104768.7
1762238040,104768.7,104827.1,104768.6,104800
1762238100,104800,104829.9,104634.2,104663.2
1762238160,104663.2,104687.6,104652.7,104665.6
1762238220,104665.6,104697.9,104602.9,104613.6
1762238280,104613.6,104613.6,104458.7,104530.9
1762238340,104530.9,104544.1,104462.5,104479.7
1762238400,104479.7,104544,104437,104520.6
1762238460,104520.6,104580.3,104477.8,104571.5
1762238520,104571.5,104580.7,104524.2,104542.4
1762238580,104542.4,104586.4,104508.2,104514.3
1762238640,104514.3,104565.2,104472.4,104475.3
1762238700,104475.3,104547.8,104473.5,104535.2
1762238760,104535.2,104595.1,104522.6,104545.7
1762238820,104545.7,104620,104523.3,104600.1
1762238880,104600.1,104646.2,104527.7,104544
1762238940,104544,104564.9,104466.7,104558.9
1762239000,104558.9,104700,104558.9,104674.4
1762239060,104674.4,104700,104600,104601.1
1762239120,104601.1,104632.9,104550,104629.9
1762239180,104629.9,104708.7,104629.9,104657.1
1762239240,104657.1,104686.2,104500,104508.6
1762239300,104508.6,104579.9,104508.6,104579.9
1762239360,104579.9,104627.2,104559.3,104600.6
1762239420,104600.6,104637.5,104532.3,104592.6
1762239480,104592.6,104631.9,104550,104601.7
1762239540,104601.7,104746.5,104601.6,104700.8
1762239600,104700.8,104745.6,104650,104736.8
1762239660,104736.8,104896,104716.4,104828.3
1762239720,104828.3,104869.6,104734.3,104734.3
1762239780,104734.3,104734.3,104450.6,104519.1
1762239840,104519.1,104594.8,104456.5,104584.8
1762239900,104584.8,104584.8,104437,104504.7
1762239960,104504.7,104621.9,104459,104550.8
1762240020,104550.8,104604.7,104509.4,104547.4
1762240080,104547.4,104656,104494.8,104501.1
1762240140,104501.1,104547.6,104440.4,104524
1762240200,104524,104560.5,104420.7,104429.5
1762240260,104429.5,104513.7,104429.5,104476.5
1762240320,104476.5,104526.9,104440,104502.2
1762240380,104502.2,104502.3,104324.2,104349.8
1762240440,104349.8,104430.8,104316.3,104377.5
1762240500,104377.5,104377.6,104318.9,104347.3
1762240560,104347.3,104646.7,104337.9,104610
1762240620,104610,104610,104510,104549.8
1762240680,104549.8,104629.4,104512.8,104629.3
1762240740,104629.3,104637,104550,104557.9
1762240800,104557.9,104600,104532.4,104577.1
1762240860,104577.1,104594,104543.8,104572.5
1762240920,104572.5,104610,104510,104548.9
1762240980,104548.9,104550.1,104453.7,104472.2
1762241040,104472.2,104514.8,104471.6,104482.3
1762241100,104482.3,104559.9,104469.9,104559.9
1762241160,104559.9,104643.1,104493.6,104493.6
1762241220,104493.6,104509.1,104422.6,104439.9
1762241280,104439.9,104439.9,104272.8,104330.1
1762241340,104330.1,104371.5,104299.4,104318.1
1762241400,104318.1,104428.5,104318,104404.4
1762241460,104404.4,104495.3,104386.4,104437.2
1762241520,104437.2,104500,104403.8,104493.2
1762241580,104493.2,104499.4,104453.2,104499.4
1762241640,104499.4,104566.9,104444.7,104452.6
1762241700,104452.6,104553.4,104448.3,104553.3
1762241760,104553.3,104566,104475.1,104546.6
1762241820,104546.6,104623.6,104546.6,104611.5
1762241880,104611.5,104614.5,104533.5,104553.2
1762241940,104553.2,104646.4,104534.2,104626.6
1762242000,104626.6,104680.5,104576,104637.5
1762242060,104637.5,104642.7,104550.3,104550.4
1762242120,104550.4,104562.8,104418.2,104418.2
1762242180,104418.2,104418.2,104252.4,104337.4
1762242240,104337.4,104343.4,104280.1,104329.1
1762242300,104329.1,104407.7,104316.3,104396.2
1762242360,104396.2,104420,104340,104418
1762242420,104418,104458.3,104383.3,104396.4
1762242480,104396.4,104405.3,104270.6,104304.9
1762242540,104304.9,104356.5,104277.1,104330.6
1762242600,104330.6,104420.6,104330.6,104374.1
1762242660,104374.1,104504.7,104374,104464.6
1762242720,104464.6,104518.3,104453.5,104518
1762242780,104518,104518,104435.8,104510.9
1762242840,104510.9,104532.9,104466.5,104532.9
1762242900,104532.9,104532.9,104401.1,104442
1762242960,104442,104543.1,104442,104543.1
1762243020,104543.1,104543.1,104485.6,104495.9
1762243080,104495.9,104495.9,104461.6,104473.6
1762243140,104473.6,104473.7,104425.5,104431.3
1762243200,104431.3,104489,104409.3,104489
1762243260,104489,104490,104310,104315.6
1762243320,104315.6,104350,104280.9,104340.9
1762243380,104340.9,104340.9,104257.6,104298.5
1762243440,104298.5,104298.5,104218.9,104218.9
1762243500,104218.9,104238.5,104110,104123.9
1762243560,104123.9,104214.5,104115.6,104203.2
1762243620,104203.2,104215,104018,104087.1
1762243680,104087.1,104125.3,103990,104014.3
1762243740,104014.3,104109,104001.7,104022.2
1762243800,104022.2,104086.8,103997.7,104086.8
1762243860,104086.8,104209.5,104072.9,104075.2
1762243920,104075.2,104199.3,104070,104090
1762243980,104090,104090.1,103865.3,103936
1762244040,103936,103996.2,103788.5,103820
1762244100,103820,103933.5,103820,103839.8
1762244160,103839.8,103953.4,103826.9,103836.5
1762244220,103836.5,103836.5,103715,103777.2
1762244280,103777.2,103820,103724.6,103802.9
1762244340,103802.9,103833.3,103700,103703.3
1762244400,103703.3,103959.7,103703.3,103958.4
1762244460,103958.4,104166,103956.3,104142.7
1762244520,104142.7,104342,104077.7,104323.3
1762244580,104323.3,104430.7,104253.7,104372.9
1762244640,104372.9,104382.6,104276,104329.5
1762244700,104329.5,104445.4,104289.3,104296.9
1762244760,104296.9,104297,104140,104159.2
1762244820,104159.2,104223.8,104142.6,104203.5
1762244880,104203.5,104203.5,104088.5,104115.2
1762244940,104115.2,104184.9,104101,104159
1762245000,104159,104291.7,104140,104265.6
1762245060,104265.6,104467.3,104265.6,104409.3
1762245120,104409.3,104522.7,104379.7,104479.9
1762245180,104479.9,104520,104450,104474.7
1762245240,104474.7,104479.9,104374.3,104443.3
1762245300,104443.3,104490.7,104385.1,104483.5
1762245360,104483.5,104588.3,104480.3,104492.5
1762245420,104492.5,104513.9,104441.1,104505.5
1762245480,104505.5,104598.9,104487.7,104487.7
1762245540,104487.7,104487.7,104414.6,104465.4
1762245600,104465.4,104487,104427.1,104460
1762245660,104460,104471.4,104434.8,104448
1762245720,104448,104489,104430,104430
1762245780,104430,104468.8,104344.3,104450.1
1762245840,104450.1,104464.9,104393.9,104394
1762245900,104394,104435.3,104266.8,104284.4
1762245960,104284.4,104284.4,104040.8,104057.3
1762246020,104057.3,104198.4,104026.9,104198.3
1762246080,104198.3,104241.6,104125.5,104130.3
1762246140,104130.3,104156.8,104071.2,104156.8
1762246200,104156.8,104161.8,104070,104070
1762246260,104070,104100,104026.9,104039.7
1762246320,104039.7,104039.8,103900.2,103918.1
1762246380,103918.1,104000,103914.4,104000
1762246440,104000,104000,103932.3,103937.7
1762246500,103937.7,103985.3,103932.7,103975.7
1762246560,103975.7,104058.7,103967.2,104021.1
1762246620,104021.1,104065.8,104000,104054.4
1762246680,104054.4,104092.6,103984.2,103984.2
1762246740,103984.2,104038.9,103973.9,104011.2
1762246800,104011.2,104022.1,103950,104022.1
1762246860,104022.1,104052.2,103935.7,103941.7
1762246920,103941.7,104016.6,103906.2,103906.2
1762246980,103906.2,103946.6,103822.1,103946.6
1762247040,103946.6,103974.2,103859.1,103901.6
1762247100,103901.6,103951.3,103863.7,103867.2
1762247160,103867.2,104030.8,103863.6,103867.4
1762247220,103867.4,103871.3,103800,103806.6
1762247280,103806.6,103806.6,103719.1,103722
1762247340,103722,103825,103715.2,103824.9
1762247400,103824.9,103826.3,103734.3,103795.4
1762247460,103795.4,103895.7,103795.4,103844.7
1762247520,103844.7,103879.4,103738.8,103738.8
1762247580,103738.8,103759.6,103636,103715.3
1762247640,103715.3,103789.5,103696.7,103788.7
1762247700,103788.7,103825.7,103718.3,103797
1762247760,103797,103914.7,103796.9,103894.8
1762247820,103894.8,103999,103887.3,103957.5
1762247880,103957.5,103957.5,103783,103823
1762247940,103823,103900,103809.4,103858.6
1762248000,103858.6,103962.9,103840,103903.4
1762248060,103903.4,103912,103748,103780.7
1762248120,103780.7,103780.7,103701,103770
1762248180,103770,103770,103653,103736.9
1762248240,103736.9,103815.9,103613,103644.6
1762248300,103644.6,103711.2,103616.6,103711.2
1762248360,103711.2,103776,103695.9,103761.6
1762248420,103761.6,103952.2,103761.6,103906.5
1762248480,103906.5,103986.7,103869.6,103946
1762248540,103946,103946,103820,103844.9
1762248600,103844.9,103873.2,103795.6,103866.5
1762248660,103866.5,103964.8,103866.5,103964.8
1762248720,103964.8,104099.5,103964.8,104016.5
1762248780,104016.5,104080.5,104006.5,104020.8
1762248840,104020.8,104063.4,103990.9,104046.6
1762248900,104046.6,104046.6,103879.6,103879.6
1762248960,103879.6,103879.6,103731.8,103830
1762249020,103830,103925.4,103792.6,103918.6
1762249080,103918.6,104059.2,103904.9,103997.3
1762249140,103997.3,104031.9,103960.3,103984.6
1762249200,103984.6,103984.6,103903,103943.7
1762249260,103943.7,103990,103938,103939.3
1762249320,103939.3,103984,103876.8,103876.8
1762249380,103876.8,103925.9,103848.3,103878.3
1762249440,103878.3,103903,103812.7,103835.9
1762249500,103835.9,103878.4,103803,103860.1
1762249560,103860.1,103900,103802,103881.3
1762249620,103881.3,103916.1,103839,103839
1762249680,103839,103856.9,103775.4,103788.8
1762249740,103788.8,103850,103785.9,103840.5
1762249800,103840.5,103941.2,103840.5,103926.4
1762249860,103926.4,103926.4,103756,103771.2
1762249920,103771.2,103847.6,103720,103720
1762249980,103720,103773,103682.9,103692.3
1762250040,103692.3,103700,103614.2,103626.3
1762250100,103626.3,103703.6,103613.9,103626.2
1762250160,103626.2,103732.2,103589.2,103724.6
1762250220,103724.6,103831.3,103724.5,103821.1
1762250280,103821.1,103902.8,103796.1,103902.8
1762250340,103902.8,103933.3,103786.3,103815.4
1762250400,103815.4,103836,103691.8,103713.7
1762250460,103713.7,103745.7,103631.4,103636.5
1762250520,103636.5,103767.4,103636.5,103679.6
1762250580,103679.6,103686.8,103603.3,103614.5
1762250640,103614.5,103765,103612.8,103664.4
1762250700,103664.4,103719,103664.3,103697.5
1762250760,103697.5,103760,103697.5,103744.7
1762250820,103744.7,103786.3,103681.2,103712.8
1762250880,103712.8,103772,103700,103720.7
1762250940,103720.7,103799.3,103696.5,103714.6
1762251000,103714.6,103752.8,103692.6,103696.5
1762251060,103696.5,103765,103640.8,103723.7
1762251120,103723.7,103804.1,103723.7,103749.1
1762251180,103749.1,103773.8,103640.9,103653.9
1762251240,103653.9,103683.4,103621.2,103635.7
1762251300,103635.7,103746.9,103635.7,103746.9
1762251360,103746.9,103853,103726.6,103785.4
1762251420,103785.4,103826.8,103713.9,103716.6
1762251480,103716.6,103757.8,103680,103757.8
1762251540,103757.8,103790,103730,103730
1762251600,103730,103740.2,103678.9,103678.9
1762251660,103678.9,103771.7,103643.4,103741.1
1762251720,103741.1,103790,103688.2,103701.2
1762251780,103701.2,103720.7,103653.3,103653.4
1762251840,103653.4,103669.2,103602.4,103624.7
1762251900,103624.7,103693.7,103610,103647.6
1762251960,103647.6,103760.2,103636.6,103737.7
1762252020,103737.7,103792.4,103707.7,103707.7
1762252080,103707.7,103746.8,103656.2,103664.9
1762252140,103664.9,103716,103642.3,103689.7
1762252200,103689.7,103768,103689.6,103764.4
1762252260,103764.4,103768,103731,103747.7
1762252320,103747.7,103747.7,103670,103690.2
1762252380,103690.2,103748.4,103690.1,103748.4
1762252440,103748.4,103846.2,103748.4,103796.4
1762252500,103796.4,103811.5,103714.6,103744.4
1762252560,103744.4,103744.4,103575,103640
1762252620,103640,103705.3,103550.1,103699.9
1762252680,103699.9,103768,103693.1,103761.6
1762252740,103761.6,103836,103761.5,103829.1
1762252800,103829.1,103928,103798,103928
1762252860,103928,104029.4,103895.3,103899.9
1762252920,103899.9,104050,103895.3,103979.2
1762252980,103979.2,104007.6,103806.8,103822.2
1762253040,103822.2,103822.2,103751.5,103793.7
1762253100,103793.7,103827.1,103706.8,103752.6
1762253160,103752.6,103813.8,103752.6,103765.7
1762253220,103765.7,103765.7,103710,103740.4
1762253280,103740.4,103763,103620,103620.1
1762253340,103620.1,103694.6,103601.6,103645.1
1762253400,103645.1,103669.7,103626.5,103626.5
1762253460,103626.5,103630.3,103558.4,103614.4
1762253520,103614.4,103715.2,103605.1,103715.1
1762253580,103715.1,103791.1,103613.5,103738
1762253640,103738,103767.9,103683,103683
1762253700,103683,103683.1,103588,103680
1762253760,103680,103681.8,103630,103660.5
1762253820,103660.5,103788.4,103660.5,103779.1
1762253880,103779.1,103821,103739.5,103757.3
1762253940,103757.3,103815,103748.3,103775.5
1762254000,103775.5,103797.1,103726.7,103797.1
1762254060,103797.1,103797.1,103750,103787.2
1762254120,103787.2,103913.5,103781,103889.3
1762254180,103889.3,103926.3,103871,103921.7
1762254240,103921.7,103922,103850.9,103877.4
1762254300,103877.4,103933,103859.7,103902.8
1762254360,103902.8,104009.4,103902.8,103979.2
1762254420,103979.2,104121,103974,104095.1
1762254480,104095.1,104104.5,103972.3,104083.3
1762254540,104083.3,104102.1,104046.5,104101.8
1762254600,104101.8,104178.7,104064.2,104150.9
1762254660,104150.9,104224,104114.7,104127.4
1762254720,104127.4,104127.4,104066,104108.5
1762254780,104108.5,104147.1,104070,104126.9
1762254840,104126.9,104169.6,104126.8,104138.2
1762254900,104138.2,104138.3,104078.8,104129.2
1762254960,104129.2,104179.8,104081,104081
1762255020,104081,104193.3,104074.4,104191.5
1762255080,104191.5,104350,104191.4,104350
1762255140,104350,104399.9,104246.6,104287.6
1762255200,104287.6,104382.1,104263.7,104382.1
1762255260,104382.1,104416.5,104347.2,104366.9
1762255320,104366.9,104427.9,104275.3,104282.6
1762255380,104282.6,104284.2,104204.7,104284.2
1762255440,104284.2,104346.7,104258.8,104316.3
1762255500,104316.3,104368.9,104262.7,104262.7
1762255560,104262.7,104278.6,104218.5,104233
1762255620,104233,104297.1,104219.4,104274.8
1762255680,104274.8,104316.3,104274.8,104285
1762255740,104285,104297.4,104239.2,104239.3
1762255800,104239.3,104325.7,104239.2,104284.3
1762255860,104284.3,104300,104220.8,104223.5
1762255920,104223.5,104329,104206.1,104316.2
1762255980,104316.2,104488,104316.2,104467.3
1762256040,104467.3,104488,104421.6,104430.2
1762256100,104430.2,104494.1,104418.1,104437.9
1762256160,104437.9,104529.3,104437.3,104500.7
1762256220,104500.7,104542,104471.1,104542
1762256280,104542,104600,104520.1,104531.1
1762256340,104531.1,104657.2,104531.1,104569.5
1762256400,104569.5,104612.6,104474.3,104474.3
1762256460,104474.3,104513.6,104435.4,104473.3
1762256520,104473.3,104550,104473.3,104550
1762256580,104550,104550,104484.8,104536.1
1762256640,104536.1,104560.3,104519.5,104550.4
1762256700,104550.4,104550.4,104457.6,104530
1762256760,104530,104563.9,104492.8,104557.5
1762256820,104557.5,104584,104518.8,104531.8
1762256880,104531.8,104544,104472,104472.1
1762256940,104472.1,104491,104416,104419.9
1762257000,104419.9,104458.4,104416,104416.1
1762257060,104416.1,104460.5,104406.8,104446
1762257120,104446,104530,104431.5,104495.4
1762257180,104495.4,104504.6,104468.4,104468.4
1762257240,104468.4,104514.2,104464.7,104494.2
1762257300,104494.2,104510.7,104479.2,104508
1762257360,104508,104550,104508,104533.7
1762257420,104533.7,104533.7,104451.2,104469.9
1762257480,104469.9,104568.5,104459.8,104567.4
1762257540,104567.4,104567.4,104522.8,104531.4
1762257600,104531.4,104544.7,104431.4,104437.8
1762257660,104437.8,104506.3,104437.8,104495.8
1762257720,104495.8,104567.4,104450,104564
1762257780,104564,104584,104491.4,104553.6
1762257840,104553.6,104573.4,104495.3,104531.6
1762257900,104531.6,104586.9,104500,104568.1
1762257960,104568.1,104590,104526,104559.7
1762258020,104559.7,104579.4,104414.4,104423.7
1762258080,104423.7,104479.3,104400,104465.6
1762258140,104465.6,104482.6,104404.6,104428.8
1762258200,104428.8,104478.8,104400.5,104421.5
1762258260,104421.5,104438.4,104332.4,104348.5
1762258320,104348.5,104360,104259.8,104274.3
1762258380,104274.3,104283.4,104235.8,104278.5
1762258440,104278.5,104299.5,104241.9,104298
1762258500,104298,104300,104221,104227
1762258560,104227,104227,104150,104180.4
1762258620,104180.4,104180.5,104140,104180.5
1762258680,104180.5,104200,104144,104144.1
1762258740,104144.1,104168.1,104036.3,104168.1
1762258800,104168.1,104271.5,104162.5,104220.1
1762258860,104220.1,104266.8,104182.7,104249
1762258920,104249,104271.2,104145.7,104168.5
1762258980,104168.5,104173.9,104098.1,104099.3
1762259040,104099.3,104112.5,103885.8,103893.6
1762259100,103893.6,103913.8,103823,103850.1
1762259160,103850.1,104028.3,103839.7,103990.8
1762259220,103990.8,104102.6,103990.8,104087.1
1762259280,104087.1,104130,104050.6,104081.5
1762259340,104081.5,104105,104053.3,104058.3
1762259400,104058.3,104073.9,104027,104036
1762259460,104036,104036.1,103965.4,103991.2
1762259520,103991.2,104000,103900,103900
1762259580,103900,103961.6,103900,103951.6
1762259640,103951.6,103992.5,103900,103900.1
1762259700,103900.1,103932.6,103863.7,103864
1762259760,103864,103864,103786.8,103801.5
1762259820,103801.5,103890,103780.9,103882.4
1762259880,103882.4,103890,103836,103857.3
1762259940,103857.3,103944.6,103820.9,103881.7
1762260000,103881.7,103956.9,103877,103877
1762260060,103877,104028.4,103875,104028
1762260120,104028,104033.7,103959.6,103959.6
1762260180,103959.6,104006.3,103958.4,103987.1
1762260240,103987.1,104001.2,103948.8,103984.2
1762260300,103984.2,104019.9,103883.9,103919.4
1762260360,103919.4,103921.8,103850,103903.7
1762260420,103903.7,103965.7,103903.6,103939.6
1762260480,103939.6,104023.6,103939.6,103985.6
1762260540,103985.6,104026.3,103938.6,104026.2
1762260600,104026.2,104026.2,103954.3,103971.8
1762260660,103971.8,104023.8,103933.6,103977
1762260720,103977,103977.6,103888.8,103935.7
1762260780,103935.7,103977.4,103911.6,103937.8
1762260840,103937.8,104012.3,103930.1,103942.4
1762260900,103942.4,103946.2,103910,103946.1
1762260960,103946.1,103947.5,103910,103917.1
1762261020,103917.1,103957.6,103884.2,103884.2
1762261080,103884.2,103933.8,103884.2,103928.5
1762261140,103928.5,103928.8,103894.5,103904.6
1762261200,103904.6,103978.7,103853.5,103978.6
1762261260,103978.6,104047.4,103924.2,103935.3
1762261320,103935.3,103935.3,103831,103831
1762261380,103831,103933.3,103831,103874.3
1762261440,103874.3,103875.1,103833.4,103833.4
1762261500,103833.4,103842.7,103760.4,103771.8
1762261560,103771.8,103840.3,103736.3,103798.9
1762261620,103798.9,103820.4,103752.1,103818
1762261680,103818,103818.1,103742.3,103761.5
1762261740,103761.5,103768.4,103642.5,103755
1762261800,103755,103804.2,103749.5,103783.2
1762261860,103783.2,103845,103776.7,103841.3
1762261920,103841.3,103920,103841.2,103879.6
1762261980,103879.6,103879.6,103800,103818.6
1762262040,103818.6,103830.9,103787.8,103787.8
1762262100,103787.8,103813,103765.8,103802.9
1762262160,103802.9,103811.8,103760.2,103779.4
1762262220,103779.4,103887.9,103770,103843.3
1762262280,103843.3,103918.7,103843.3,103892.9
1762262340,103892.9,103941.5,103887.3,103887.4
1762262400,103887.4,103913,103822,103851.7
1762262460,103851.7,103851.8,103765.7,103769.2
1762262520,103769.2,103848,103767.2,103848
1762262580,103848,103855.2,103810.3,103839.5
1762262640,103839.5,103893.5,103745.4,103768.1
1762262700,103768.1,103768.1,103567.8,103631.9
1762262760,103631.9,103632,103554.3,103603.3
1762262820,103603.3,103608.3,103536,103564.2
1762262880,103564.2,103605,103510.5,103604.7
1762262940,103604.7,103677,103604.7,103635.6
1762263000,103635.6,103740,103614.5,103709.4
1762263060,103709.4,103739.9,103605.5,103618.3
1762263120,103618.3,103744.9,103618.3,103741
1762263180,103741,103907.5,103741,103806.6
1762263240,103806.6,103925.8,103806.6,103924.8
1762263300,103924.8,104054.7,103924.8,103957.8
1762263360,103957.8,104031.2,103933.6,103973.9
1762263420,103973.9,104035,103952.6,104024.1
1762263480,104024.1,104128,104014.4,104030
1762263540,104030,104078.7,103978.2,104065.8
1762263600,104065.8,104153.2,104023.4,104100
1762263660,104100,104158.6,104030.1,104101.6
1762263720,104101.6,104158.7,104054.5,104132.5
1762263780,104132.5,104200,104063.4,104158.2
1762263840,104158.2,104192.2,104139.2,104139.3
1762263900,104139.3,104139.3,103987.6,104010
1762263960,104010,104036.3,103946,103971.7
1762264020,103971.7,104058.4,103941.5,104058.3
1762264080,104058.3,104093.7,104007.3,104020.9
1762264140,104020.9,104028.4,103866.7,103866.7
1762264200,103866.7,103902.7,103838.4,103899.9
1762264260,103899.9,103961.6,103898.6,103958.3
1762264320,103958.3,104011.1,103934.5,103934.8
1762264380,103934.8,104004,103906.5,103972.8
1762264440,103972.8,104007.6,103967,103986.8
1762264500,103986.8,103990,103957.1,103984.5
1762264560,103984.5,103992.1,103939.6,103953.6
1762264620,103953.6,103953.6,103878.5,103878.5
1762264680,103878.5,103913.2,103855,103855
1762264740,103855,103890,103843,103864.8
1762264800,103864.8,103874.3,103818.5,103855.9
1762264860,103855.9,103855.9,103710.8,103721
1762264920,103721,103721,103658.1,103698
1762264980,103698,103727.8,103656.9,103693.2
1762265040,103693.2,103839.1,103681.4,103790
1762265100,103790,103878,103788.8,103832.1
1762265160,103832.1,103929.9,103770,103919.7
1762265220,103919.7,103987.9,103862.4,103974
1762265280,103974,103974.8,103909,103966.6
1762265340,103966.6,103966.6,103869,103890.2
1762265400,103890.2,103960,103881.7,103937.9
1762265460,103937.9,103995,103866.1,103988.2
1762265520,103988.2,103988.2,103916.6,103939.2
1762265580,103939.2,103947.6,103874.4,103924.8
1762265640,103924.8,103939.9,103850,103850
1762265700,103850,103874.5,103776.5,103864.4
1762265760,103864.4,103869.3,103810,103844.2
1762265820,103844.2,103874.5,103811.9,103843.2
1762265880,103843.2,103866.1,103824.1,103864.2
1762265940,103864.2,103940,103850.8,103863.3
1762266000,103863.3,103863.4,103728.5,103813.6
1762266060,103813.6,103814.3,103752.5,103779.6
1762266120,103779.6,103854.6,103779.6,103854.6
1762266180,103854.6,103917.7,103854.5,103868.3
1762266240,103868.3,103868.3,103769.7,103786.6
1762266300,103786.6,103809.6,103720,103720.8
1762266360,103720.8,103778.5,103700,103739.6
1762266420,103739.6,103752.3,103665.2,103678.9
1762266480,103678.9,103730,103678.9,103700.1
1762266540,103700.1,103737.6,103693.3,103737.6
1762266600,103737.6,103766.4,103518.5,103693.3
1762266660,103693.3,103781.2,103579.3,103579.4
1762266720,103579.4,103640,103306.1,103489.2
1762266780,103489.2,103489.2,103187.9,103324.2
1762266840,103324.2,103510.3,103230,103421.1
1762266900,103421.1,103493.4,103350,103404.7
1762266960,103404.7,103406.7,102950,103277.5
1762267020,103277.5,103295.9,102905,102950
1762267080,102950,103003.5,102858.9,102954.9
1762267140,102954.9,103081,102942,103035.2
1762267200,103035.2,103267.6,102941.9,103220
1762267260,103220,103647.3,103220,103591.5
1762267320,103591.5,103901.3,103539.1,103862
1762267380,103862,103926,103725.3,103795
1762267440,103795,103900,103757.2,103890.8
1762267500,103890.8,103986.1,103782.9,103965.2
1762267560,103965.2,104166,103942.9,104061.6
1762267620,104061.6,104185,103880,103958.6
1762267680,103958.6,104310.2,103924.1,104285.6
1762267740,104285.6,104285.6,104029.8,104076.2
1762267800,104076.2,104103.7,103980,104025.8
1762267860,104025.8,104417.7,104025.7,104374.7
1762267920,104374.7,104443.6,104215,104269
1762267980,104269,104466,104263.5,104435.1
1762268040,104435.1,104592.7,104424.7,104512.2
1762268100,104512.2,104645,104417.9,104628.5
1762268160,104628.5,104646.5,104501.2,104534.4
1762268220,104534.4,104534.5,104367,104432.9
1762268280,104432.9,104448.9,104350.7,104416.2
1762268340,104416.2,104498.2,104385.9,104458.1
1762268400,104458.1,104586,104423.1,104453.9
1762268460,104453.9,104596.1,104450.1,104563.2
1762268520,104563.2,104769.3,104486,104684.5
1762268580,104684.5,104740.8,104454,104472.1
1762268640,104472.1,104664.4,104472.1,104633.3
1762268700,104633.3,104694,104530.1,104568
1762268760,104568,104577.4,104300.1,104307.1
1762268820,104307.1,104363.9,104294.2,104302.3
1762268880,104302.3,104380,104201.2,104225.3
1762268940,104225.3,104311.8,104180.4,104241.9
1762269000,104241.9,104248.2,104086.9,104248.2
1762269060,104248.2,104440,104234.7,104393.9
1762269120,104393.9,104459.6,104314.2,104328.5
1762269180,104328.5,104482.5,104316.6,104350.8
1762269240,104350.8,104350.8,104008.3,104043.5
1762269300,104043.5,104187.6,104036.8,104152.5
1762269360,104152.5,104270,104123.6,104246.1
1762269420,104246.1,104326.5,104182.3,104196.9
1762269480,104196.9,104374.4,104172.5,104374.4
1762269540,104374.4,104669.1,104373.6,104611.4
1762269600,104611.4,104750,104565.5,104639.8
1762269660,104639.8,104657,104456.4,104566.1
1762269720,104566.1,104686.6,104563,104663.9
1762269780,104663.9,104700,104568.5,104660
1762269840,104660,104694,104585,104626.5
1762269900,104626.5,104734.7,104626.4,104670
1762269960,104670,104813.5,104632.2,104725.1
1762270020,104725.1,104725.1,104431.4,104465.2
1762270080,104465.2,104482.9,104352.8,104470
1762270140,104470,104522.1,104410,104422
1762270200,104422,104422.1,104313.5,104325.3
1762270260,104325.3,104382.3,104270.3,104292.6
1762270320,104292.6,104292.6,104178.3,104188.1
1762270380,104188.1,104265.3,104155,104155.6
1762270440,104155.6,104331.4,104105.2,104306.3
1762270500,104306.3,104310.3,104250.1,104286
1762270560,104286,104365.7,104184.8,104201.8
1762270620,104201.8,104217.5,104115.6,104137.9
1762270680,104137.9,104207.6,104093,104207.6
1762270740,104207.6,104306.8,104177.2,104223.6
1762270800,104223.6,104286.2,104190,104210.8
1762270860,104210.8,104210.8,104068.5,104080.9
1762270920,104080.9,104136.5,103989.4,104025.7
1762270980,104025.7,104051.2,103928,104000.4
1762271040,104000.4,104074.3,103989.3,104074.3
1762271100,104074.3,104074.3,103857.2,103867.2
1762271160,103867.2,103941,103724.1,103886.1
1762271220,103886.1,103886.1,103688.4,103692.3
1762271280,103692.3,103757.5,103668.7,103678.7
1762271340,103678.7,103739.9,103675.5,103691.6
1762271400,103691.6,103714,103606,103617.1
1762271460,103617.1,103685,103603,103620.8
1762271520,103620.8,103620.8,103458.8,103536
1762271580,103536,103555.2,103219.3,103374.5
1762271640,103374.5,103539.1,103356,103532
1762271700,103532,103565,103469.4,103518.2
1762271760,103518.2,103518.3,103303.7,103345.7
1762271820,103345.7,103353.5,103257.2,103310
1762271880,103310,103425,103273.6,103308.1
1762271940,103308.1,103321.8,103126.2,103152.6
1762272000,103152.6,103423.5,103140.2,103394.5
1762272060,103394.5,103457.8,103325.6,103442.8
1762272120,103442.8,103465.1,103182.5,103236.8
1762272180,103236.8,103350,103126.6,103145.3
1762272240,103145.3,103317.6,103145.3,103269.8
1762272300,103269.8,103269.8,103110.6,103111.1
1762272360,103111.1,103139,103000.1,103073.5
1762272420,103073.5,103320,103065.5,103296.1
1762272480,103296.1,103325,103179.4,103179.4
1762272540,103179.4,103244.3,103140,103156.1
1762272600,103156.1,103217,103100.1,103172.5
1762272660,103172.5,103191.3,102965,103027.7
1762272720,103027.7,103114.9,102919.9,103090.3
1762272780,103090.3,103275.5,103084.4,103171.9
1762272840,103171.9,103172,103000.2,103032.8
1762272900,103032.8,103141.8,103000,103073.3
1762272960,103073.3,103073.3,102920,102963.7
1762273020,102963.7,103144.1,102948.7,102984.8
1762273080,102984.8,102984.8,102718.3,102786.8
1762273140,102786.8,102932.4,102774,102844.5
1762273200,102844.5,102844.5,102511,102579.4
1762273260,102579.4,102688.7,102500,102500.1
1762273320,102500.1,102628,102426.4,102628
1762273380,102628,102675,102493.3,102600.1
1762273440,102600.1,102600.1,102450,102538.4
1762273500,102538.4,102880.9,102517.8,102773
1762273560,102773,102773,102555.1,102600
1762273620,102600,102774.1,102594.5,102648
1762273680,102648,102820,102648,102809.7
1762273740,102809.7,102819.9,102679.5,102685.8
1762273800,102685.8,102834.5,102606.7,102814.3
1762273860,102814.3,102997,102753,102924.5
1762273920,102924.5,102924.5,102742,102744.4
1762273980,102744.4,102763.9,102632.1,102679.2
1762274040,102679.2,102697.9,102500.8,102569
1762274100,102569,102678.7,102531.9,102640.1
1762274160,102640.1,102723.5,102555,102658.4
1762274220,102658.4,102796.8,102658.4,102720.1
1762274280,102720.1,102741.8,102540.6,102600
1762274340,102600,102741.8,102535.9,102741.8
1762274400,102741.8,102849.9,102653.1,102702.8
1762274460,102702.8,102887.4,102700.2,102860
1762274520,102860,102861.9,102647.9,102648.1
1762274580,102648.1,102796.7,102632.2,102781.3
1762274640,102781.3,102786.4,102590,102613.5
1762274700,102613.5,102744.7,102593.6,102635.4
1762274760,102635.4,102672,102487.6,102497.3
1762274820,102497.3,102680,102415.1,102661
1762274880,102661,102690.6,102440.1,102451.1
1762274940,102451.1,102544.2,102450,102465.3
1762275000,102465.3,102514.4,102367.5,102497.9
1762275060,102497.9,102497.9,102222,102250
1762275120,102250,102427.9,102136.9,102424.3
1762275180,102424.3,102433.8,102300,102433.7
1762275240,102433.7,102497.8,102390.5,102497.8
1762275300,102497.8,102535.6,102414.7,102459.6
1762275360,102459.6,102512,102234.3,102274.2
1762275420,102274.2,102295,102225,102241.9
1762275480,102241.9,102247.1,102157.3,102247.1
1762275540,102247.1,102263.1,102109.5,102215.3
1762275600,102215.3,102215.4,102030.5,102045
1762275660,102045,102084.9,101932,102007.3
1762275720,102007.3,102027.3,101820.9,101858.3
1762275780,101858.3,101927.6,101800,101827.4
1762275840,101827.4,101885.4,101701.7,101764
1762275900,101764,101789.6,101580,101739
1762275960,101739,101960,101676.6,101866.8
1762276020,101866.8,101909.1,101567.3,101591
1762276080,101591,101800,101500,101502.5
1762276140,101502.5,101571.6,101320.8,101440.2
1762276200,101440.2,101498.3,101222,101254.2
1762276260,101254.2,101500,101222.2,101470.4
1762276320,101470.4,101510.4,101318.5,101388.1
1762276380,101388.1,101388.1,101200.6,101284.4
1762276440,101284.4,101400,101234.3,101302.5
1762276500,101302.5,101400,101178.8,101393.6
1762276560,101393.6,101394.3,100959.2,101001.2
1762276620,101001.2,101083.3,100729.9,101004.7
1762276680,101004.7,101482.7,100938.6,101313.9
1762276740,101313.9,101322.9,100864.5,100880.1
1762276800,100880.1,101106.2,100860.7,101093.5
1762276860,101093.5,101319.4,101000,101271.9
1762276920,101271.9,101510.8,101267,101485
1762276980,101485,101543.5,101419.7,101476.4
1762277040,101476.4,101476.4,101018.4,101141.7
1762277100,101141.7,101304.6,101100,101256.4
1762277160,101256.4,101500,101186.8,101467.4
1762277220,101467.4,101467.5,101280.1,101368.6
1762277280,101368.6,101438,101276.5,101308.6
1762277340,101308.6,101388.3,101256,101304.9
1762277400,101304.9,101500,101285.4,101480.8
1762277460,101480.8,101726.5,101434.3,101667.8
1762277520,101667.8,101680.8,101335,101348.3
1762277580,101348.3,101514.8,101346,101447.9
1762277640,101447.9,101572,101435,101547.5
1762277700,101547.5,101833.1,101487.6,101809.4
1762277760,101809.4,101890,101699.2,101880.6
1762277820,101880.6,101928.3,101740,101768.7
1762277880,101768.7,101788,101613.5,101720
1762277940,101720,101779.2,101528,101595.1
1762278000,101595.1,101605,101401.8,101450
1762278060,101450,101528.2,101358,101361.2
1762278120,101361.2,101362.3,101225.7,101315.7
1762278180,101315.7,101363.9,101280.8,101355.2
1762278240,101355.2,101443.9,101303.8,101316.6
1762278300,101316.6,101463.8,101316.6,101438.4
1762278360,101438.4,101451.5,101327.7,101404.4
1762278420,101404.4,101444.4,101336.4,101393.9
1762278480,101393.9,101394.8,101121.1,101145
1762278540,101145,101265.1,101082.7,101217.2
1762278600,101217.2,101395.2,101195.1,101336.6
1762278660,101336.6,101344.2,101204.1,101210.7
1762278720,101210.7,101246.4,101110.2,101178.7
1762278780,101178.7,101247.7,101095,101117.1
1762278840,101117.1,101155.2,101037.7,101144.9
1762278900,101144.9,101175.5,101053,101110.1
1762278960,101110.1,101153.2,101025.2,101153.2
1762279020,101153.2,101159.9,101097.1,101108.1
1762279080,101108.1,101135.5,101025.2,101083.9
1762279140,101083.9,101179.9,101064.1,101064.2
1762279200,101064.2,101068.2,100812.7,100882.3
1762279260,100882.3,101039.4,100882.3,100999.8
1762279320,100999.8,101001.5,100835.4,100854.8
1762279380,100854.8,100878.6,100770,100800.4
1762279440,100800.4,100810.2,100587.4,100605.9
1762279500,100605.9,101001.8,100580,100933.8
1762279560,100933.8,101085.6,100861.6,100889.3
1762279620,100889.3,100930.2,100712,100761.3
1762279680,100761.3,101000,100730.1,100960.1
1762279740,100960.1,101082,100868.3,101010.2
1762279800,101010.2,101120,100975.3,101038.4
1762279860,101038.4,101084.6,100859,100886.1
1762279920,100886.1,101000,100859.4,100933.8
1762279980,100933.8,100969.2,100825,100880.2
1762280040,100880.2,100892.9,100708,100776.8
1762280100,100776.8,100867.2,100725.8,100790.1
1762280160,100790.1,100819.3,100555,100581.5
1762280220,100581.5,100617,100529.4,100553.9
1762280280,100553.9,100640,100521.7,100539.4
1762280340,100539.4,100545.6,100305.8,100332.6
1762280400,100332.6,100492,100311,100471.8
1762280460,100471.8,100471.8,100300,100391.4
1762280520,100391.4,100470.6,100227.9,100470.6
1762280580,100470.6,100666.9,100380.1,100661.2
1762280640,100661.2,100780,100545.4,100661.4
1762280700,100661.4,100695,100500,100555.2
1762280760,100555.2,100677.4,100537.1,100674.8
1762280820,100674.8,100775,100591.9,100600
1762280880,100600,100600.5,100458.6,100561.2
1762280940,100561.2,100668.6,100561.2,100661.3
1762281000,100661.3,100746,100528.7,100723.7
1762281060,100723.7,100732.5,100423.4,100448.4
1762281120,100448.4,100527,100208.5,100211.6
1762281180,100211.6,100267.6,100001.9,100087.5
1762281240,100087.5,100367.1,100062.4,100350.1
1762281300,100350.1,100350.1,99900.1,100086.9
1762281360,100086.9,100762.7,100086.9,100580
1762281420,100580,100718.2,100451.8,100589.1
1762281480,100589.1,100627.6,100358.2,100358.2
1762281540,100358.2,100445.7,100272,100295.3
1762281600,100295.3,100413.5,100217.9,100413.5
1762281660,100413.5,100833.6,100373.9,100830
1762281720,100830,100962.5,100816.5,100924.4
1762281780,100924.4,101100,100830,101061.5
1762281840,101061.5,101217.4,100951.3,101212.5
1762281900,101212.5,101212.5,100931.8,100943.1
1762281960,100943.1,101080,100908.4,100931.8
1762282020,100931.8,101006.1,100809,100820
1762282080,100820,100917.2,100778.8,100833.3
1762282140,100833.3,100833.3,100470.5,100496.2
1762282200,100496.2,100805.1,100483.2,100770
1762282260,100770,100956.7,100741.3,100867
1762282320,100867,101059.6,100848.8,100940
1762282380,100940,101049.6,100766.5,100989.5
1762282440,100989.5,101327.6,100944.7,101221.2
1762282500,101221.2,101263,101132.1,101145.3
1762282560,101145.3,101167,101022.5,101033.4
1762282620,101033.4,101267.6,101029.5,101255.9
1762282680,101255.9,101462,101246.1,101355.7
1762282740,101355.7,101389.3,101290,101318.3
1762282800,101318.3,101350,101200.9,101340
1762282860,101340,101400,101268.2,101334.2
1762282920,101334.2,101539,101259.8,101391.9
1762282980,101391.9,101420,101265.6,101290.9
1762283040,101290.9,101441.3,101282.1,101441.2
1762283100,101441.2,101441.2,101111.1,101151.6
1762283160,101151.6,101300,101142.8,101224.3
1762283220,101224.3,101256.4,101066,101093.8
1762283280,101093.8,101100,101001.8,101001.8
1762283340,101001.8,101103.7,100865.8,101017.9
1762283400,101017.9,101104.8,100950.2,101092.6
1762283460,101092.6,101175.9,101024.2,101060
1762283520,101060,101189.3,101015.2,101117.5
1762283580,101117.5,101326.9,101117.5,101275.3
1762283640,101275.3,101417,101258.3,101355.5
1762283700,101355.5,101440.9,101225.6,101430.4
1762283760,101430.4,101500,101388,101388
1762283820,101388,101388,101188.6,101228.5
1762283880,101228.5,101360,101220.1,101320
1762283940,101320,101333.9,101210.1,101261.5
1762284000,101261.5,101331.8,101188.4,101315.9
1762284060,101315.9,101362.9,101128.9,101221.6
1762284120,101221.6,101374.6,101215.9,101327.4
1762284180,101327.4,101577.1,101327.4,101500.8
1762284240,101500.8,101527.3,101460.1,101524.9
1762284300,101524.9,101673.2,101488.2,101536.6
1762284360,101536.6,101545.4,101426.2,101435.7
1762284420,101435.7,101486.8,101348.1,101348.1
1762284480,101348.1,101373.6,101293,101316.8
1762284540,101316.8,101322.1,101186.5,101252.9
1762284600,101252.9,101400,101154,101173.1
1762284660,101173.1,101183.6,101000.1,101017.5
1762284720,101017.5,101077.5,101008,101051.1
1762284780,101051.1,101059,100912.3,101011.5
1762284840,101011.5,101105.7,100933,101072.4
1762284900,101072.4,101072.4,100954.5,100989.1
1762284960,100989.1,100992.2,100825,100863.8
1762285020,100863.8,100929.1,100825.8,100851.5
1762285080,100851.5,100911.5,100804.5,100905.5
1762285140,100905.5,100930,100850.9,100850.9
1762285200,100850.9,101013.2,100832.4,100917.8
1762285260,100917.8,100972.8,100810.6,100815
1762285320,100815,100831.9,100739.4,100760.4
1762285380,100760.4,100765.8,100600,100650
1762285440,100650,100790.1,100650,100787.7
1762285500,100787.7,100792.8,100708.4,100760
1762285560,100760,100803.7,100690.6,100764.2
1762285620,100764.2,100907.3,100764.2,100907.3
1762285680,100907.3,100952.7,100800.1,100820
1762285740,100820,100824.3,100585.7,100630
1762285800,100630,100673.3,100567,100656.2
1762285860,100656.2,100741.1,100489.6,100561
1762285920,100561,100845.4,100542.6,100806.2
1762285980,100806.2,100806.2,100641.7,100666.8
1762286040,100666.8,100695.4,100600,100630.4
1762286100,100630.4,100740.6,100616.4,100663.2
1762286160,100663.2,100676.5,100545.5,100595
1762286220,100595,100612.5,100434.6,100453.9
1762286280,100453.9,100500,100347.9,100475.2
1762286340,100475.2,100529.2,100424.5,100490.3
1762286400,100490.3,100618.3,100482.4,100608.8
1762286460,100608.8,100714.1,100560.6,100572.1
1762286520,100572.1,100618.8,100385.7,100400.6
1762286580,100400.6,100435.1,100349.7,100388.3
1762286640,100388.3,100420,100250,100280
1762286700,100280,100560.2,100212.8,100551.1
1762286760,100551.1,100579.9,100400,100417.5
1762286820,100417.5,100632.9,100417.4,100452.2
1762286880,100452.2,100453,100332.9,100383.6
1762286940,100383.6,100393.7,100283.7,100283.7
1762287000,100283.7,100500,100227.1,100476.4
1762287060,100476.4,100540,100385.7,100430.4
1762287120,100430.4,100449.5,100290.5,100362.7
1762287180,100362.7,100430.4,100297.4,100367
1762287240,100367,100483.7,100367,100462.7
1762287300,100462.7,100465.9,100189.7,100329.9
1762287360,100329.9,100365.8,99950,99960.4
1762287420,99960.4,100168.9,99650,99802.8
1762287480,99802.8,99930,99430,99674.9
1762287540,99674.9,100195.6,99650.4,100138.3
1762287600,100138.3,100270.6,99731.5,99817.4
1762287660,99817.4,99995.9,99664.4,99894.9
1762287720,99894.9,99952.7,99720.7,99823.5
1762287780,99823.5,100071.2,99792.2,99987.9
1762287840,99987.9,100081.9,99920.4,100065.8
1762287900,100065.8,100395.3,100038.1,100377.6
1762287960,100377.6,100395.4,100130.7,100139.9
1762288020,100139.9,100374.9,100135.4,100334.1
1762288080,100334.1,100590.3,100334.1,100515.8
1762288140,100515.8,100600,100415.3,100499.4
1762288200,100499.4,100700,100471.1,100550
1762288260,100550,100610.5,100277.9,100290
1762288320,100290,100360,100210,100213
1762288380,100213,100313.7,100127.4,100166.5
1762288440,100166.5,100169.9,99964,100087.7
1762288500,100087.7,100320.7,100050,100316.4
1762288560,100316.4,100388,100254.5,100359.1
1762288620,100359.1,100439.9,100229.9,100279.9
1762288680,100279.9,100538.7,100229.9,100489.1
1762288740,100489.1,100600,100459.2,100512.5
1762288800,100512.5,100743.5,100448.3,100736.5
1762288860,100736.5,100971.2,100730.8,100916.9
1762288920,100916.9,100949.3,100829.6,100872.9
1762288980,100872.9,101078.9,100852.8,101000.1
1762289040,101000.1,101055.8,100867.9,100867.9
1762289100,100867.9,101018.9,100844.1,100849.4
1762289160,100849.4,100862.2,100724,100819.1
1762289220,100819.1,100870.5,100727.5,100865.8
1762289280,100865.8,100941.2,100797.2,100829.8
1762289340,100829.8,100857.6,100667.2,100682.3
1762289400,100682.3,100804.6,100582.5,100657.8
1762289460,100657.8,100678.4,100505.8,100509.7
1762289520,100509.7,100649.9,100474.3,100594.2
1762289580,100594.2,100760.6,100553.2,100644.3
1762289640,100644.3,100754.8,100608,100664.1
1762289700,100664.1,100674.7,100563.8,100596
1762289760,100596,100654.1,100522.2,100569.8
1762289820,100569.8,100694,100553.6,100661.7
1762289880,100661.7,100799.9,100605.4,100753
1762289940,100753,100872.5,100633.1,100715.9
1762290000,100715.9,100761.9,100650.4,100713.6
1762290060,100713.6,100798.9,100490,100529.7
1762290120,100529.7,100554.5,100410,100460.6
1762290180,100460.6,100693.9,100449.9,100668.8
1762290240,100668.8,100800,100557,100748.8
1762290300,100748.8,100748.8,100375.9,100375.9
1762290360,100375.9,100463.3,100351.8,100386.3
1762290420,100386.3,100482.3,100354.2,100482.2
1762290480,100482.2,100556,100423.4,100431.5
1762290540,100431.5,100608.9,100415.5,100497.8
1762290600,100497.8,100588,100452.5,100588
1762290660,100588,100600,100441,100462.2
1762290720,100462.2,100576.2,100436.7,100486.5
1762290780,100486.5,100593.6,100430.4,100581.7
1762290840,100581.7,100595.1,100203.4,100257.6
1762290900,100257.6,100278.2,100062.8,100090.1
1762290960,100090.1,100218.9,100044.8,100108
1762291020,100108,100243.1,100090.8,100113.6
1762291080,100113.6,100266.6,100084.3,100213.3
1762291140,100213.3,100347.9,100150,100172.5
1762291200,100172.5,100226.1,99950.7,100031.6
1762291260,100031.6,100034.1,99884.7,99912.9
1762291320,99912.9,100219.9,99902.2,100137.7
1762291380,100137.7,100147.4,99978.2,99994.9
1762291440,99994.9,100049.9,99925.7,99968.7
1762291500,99968.7,99994.8,99908.2,99918.4
1762291560,99918.4,99969.1,99880,99908.7
1762291620,99908.7,99940.8,99689.9,99771.4
1762291680,99771.4,100032,99763.8,99896.8
1762291740,99896.8,99910.4,99763.2,99878.6
1762291800,99878.6,99905,99580.4,99600
1762291860,99600,99729.4,99205,99225.9
1762291920,99225.9,99530.6,99174.4,99221
1762291980,99221,99418.3,99206.4,99363
1762292040,99363,99411,99060,99073.5
1762292100,99073.5,99165.4,98888.1,98895
1762292160,98895,99350,98895,99287.5
1762292220,99287.5,99287.6,99018.8,99151.2
1762292280,99151.2,99160,98930,98971.3
1762292340,98971.3,99242.6,98908.8,99237.6
1762292400,99237.6,99436.2,99187.8,99342
1762292460,99342,99448.5,99173,99193.5
1762292520,99193.5,99193.5,98960.4,99054.2
1762292580,99054.2,99234,99054.2,99200
1762292640,99200,99276.7,99151.3,99259.3
1762292700,99259.3,99707.4,99240.5,99669.1
1762292760,99669.1,99758.6,99550.1,99588.7
1762292820,99588.7,99588.7,99420,99479
1762292880,99479,99618.8,99433.1,99576.8
1762292940,99576.8,99617,99446.3,99499
1762293000,99499,99591.8,99448,99531.8
1762293060,99531.8,99569.8,99300,99300
1762293120,99300,99448,99214.6,99326.5
1762293180,99326.5,99326.5,99085.2,99231
1762293240,99231,99509.2,99226.9,99503
1762293300,99503,99931.4,99503,99900
1762293360,99900,100194.2,99838.8,100122.6
1762293420,100122.6,100159.9,99924.9,99937.2
1762293480,99937.2,100210.1,99890.2,100206.8
1762293540,100206.8,100319.9,100172.2,100264.9
1762293600,100264.9,100333.3,100025.5,100274.7
1762293660,100274.7,100491.5,100216.1,100226
1762293720,100226,100395.1,100225.9,100330.6
1762293780,100330.6,100652,100330.5,100595.2
1762293840,100595.2,100670,100518,100576.2
1762293900,100576.2,100624.9,100326,100333.2
1762293960,100333.2,100680,100330.7,100679.7
1762294020,100679.7,100750,100571.8,100742.7
1762294080,100742.7,100926.2,100689.4,100895.3
1762294140,100895.3,100979.4,100828.1,100952.7
1762294200,100952.7,101013.5,100856.8,100912.1
1762294260,100912.1,100920,100800,100844.3
1762294320,100844.3,100960.8,100810.1,100820.7
1762294380,100820.7,100837.5,100756.7,100828.8
1762294440,100828.8,100910.1,100798.4,100878.7
1762294500,100878.7,101036.2,100810.3,100968.8
1762294560,100968.8,101073.5,100860.5,101051.5
1762294620,101051.5,101256.4,100966.9,101229.2
1762294680,101229.2,101278.5,101127.7,101250.9
1762294740,101250.9,101269.9,101172.8,101246.1
1762294800,101246.1,101246.1,101062.8,101126.4
1762294860,101126.4,101262.8,101080.3,101227.4
1762294920,101227.4,101236.5,101105.1,101105.2
1762294980,101105.2,101105.2,100933,100940
1762295040,100940,101079.7,100940,101079.7
1762295100,101079.7,101098.5,100911.2,100921.8
1762295160,100921.8,101024,100872.4,100999
1762295220,100999,101086.4,100998.9,101056.7
1762295280,101056.7,101073.2,100990.3,101027.5
1762295340,101027.5,101104.9,101007.9,101104.9
1762295400,101104.9,101246.3,101053.2,101203.9
1762295460,101203.9,101237,101104,101237
1762295520,101237,101290.9,101200,101289
1762295580,101289,101349.9,101289,101341.2
1762295640,101341.2,101632.2,101341.2,101544.5
1762295700,101544.5,101689.7,101544.4,101679.9
1762295760,101679.9,101867,101584.4,101584.5
1762295820,101584.5,101584.6,101358.9,101377.1
1762295880,101377.1,101527.1,101302.4,101527.1
1762295940,101527.1,101550,101450,101490.1
1762296000,101490.1,101490.1,101310.2,101324.7
1762296060,101324.7,101421.8,101223.7,101417.9
1762296120,101417.9,101507.6,101360.8,101402.3
1762296180,101402.3,101416.5,101115.2,101133.8
1762296240,101133.8,101149.4,100986.4,101139.5
1762296300,101139.5,101309.9,101139.5,101270.3
1762296360,101270.3,101367.2,101260.5,101260.6
1762296420,101260.6,101270.3,101145.3,101270.2
1762296480,101270.2,101335.4,101190.6,101335.4
1762296540,101335.4,101335.4,101110,101134.9
1762296600,101134.9,101136,100942,100954.7
1762296660,100954.7,101060.1,100836.5,100999.1
1762296720,100999.1,101102.3,100987.5,100987.6
1762296780,100987.6,101100,100980.1,100980.2
1762296840,100980.2,100992,100950.8,100990.4
1762296900,100990.4,101107.9,100985.3,101107.9
1762296960,101107.9,101139.2,100954.4,100978
1762297020,100978,101055.1,100977.9,101026.2
1762297080,101026.2,101108,100970.1,101108
1762297140,101108,101265.6,101032.6,101265.6
1762297200,101265.6,101265.8,101059.9,101059.9
1762297260,101059.9,101258.9,101013.5,101258.9
1762297320,101258.9,101284.8,101096.1,101206.7
1762297380,101206.7,101296.4,101115.2,101286.9
1762297440,101286.9,101325,101254.6,101298.1
1762297500,101298.1,101541.1,101273.4,101406.4
1762297560,101406.4,101406.4,101109,101109
1762297620,101109,101155.1,101050,101057.8
1762297680,101057.8,101161.5,101057.6,101057.6
1762297740,101057.6,101076.7,101000.8,101055
1762297800,101055,101073.6,101000.1,101007.3
1762297860,101007.3,101104,101002.2,101004.8
1762297920,101004.8,101004.8,100842.1,100938.5
1762297980,100938.5,101049.5,100924.7,101041.5
1762298040,101041.5,101222.9,101029.3,101222.9
1762298100,101222.9,101300,101105.8,101162.4
1762298160,101162.4,101162.7,101080,101135.2
1762298220,101135.2,101146,101047.3,101082
1762298280,101082,101154.6,101026.4,101131.5
1762298340,101131.5,101145.5,101059.2,101087.8
1762298400,101087.8,101108.3,100992.7,101017.8
1762298460,101017.8,101078.8,100988.1,101045
1762298520,101045,101120,101044.9,101120
1762298580,101120,101160,101048.6,101102.1
1762298640,101102.1,101148.1,101065.8,101065.8
1762298700,101065.8,101077,100950,101027.3
1762298760,101027.3,101076.3,101003.7,101076.3
1762298820,101076.3,101127.4,101051.6,101117.3
1762298880,101117.3,101134.8,101095,101134.7
1762298940,101134.7,101248.4,101021.4,101179.8
1762299000,101179.8,101199.3,101063,101063
1762299060,101063,101165.9,101041.1,101121.6
1762299120,101121.6,101169.9,101120,101129.5
1762299180,101129.5,101135,101055.7,101062
1762299240,101062,101113.2,101046,101072.6
1762299300,101072.6,101199.7,101070.8,101170.6
1762299360,101170.6,101190.4,101126.4,101166.9
1762299420,101166.9,101266.2,101126.4,101243.7
1762299480,101243.7,101270,101150,101190.8
1762299540,101190.8,101190.8,101125.3,101169.4
1762299600,101169.4,101175,101125.3,101143.6
1762299660,101143.6,101220.7,101134.1,101220.6
1762299720,101220.6,101356.9,101215.6,101319.1
1762299780,101319.1,101348.9,101265.8,101300
1762299840,101300,101357.4,101241.7,101348.4
1762299900,101348.4,101367.7,101265.3,101322
1762299960,101322,101498,101310.1,101498
1762300020,101498,101555,101428.8,101507.5
1762300080,101507.5,101507.5,101429.9,101447.1
1762300140,101447.1,101510,101430.1,101500.1
1762300200,101500.1,101582.4,101462.2,101570.9
1762300260,101570.9,101594.9,101519.1,101581.9
1762300320,101581.9,101604.2,101519.5,101564.9
1762300380,101564.9,101679.8,101559.6,101628
1762300440,101628,101645.6,101568.9,101572.7
1762300500,101572.7,101649.3,101563.3,101599.2
1762300560,101599.2,101661.6,101581.8,101610.7
1762300620,101610.7,101610.7,101512,101580.9
1762300680,101580.9,101581,101500,101500.1
1762300740,101500.1,101500.1,101416.8,101441.9
1763683200,86583,86709.8,86537.6,86652.6
1763683260,86652.6,86759.9,86635.1,86733.1
1763683320,86733.1,86869.9,86728.2,86850
1763683380,86850,86873,86800,86833.7
1763683440,86833.7,86844.6,86654.6,86654.7
1763683500,86654.7,86987.9,86614.2,86954.7
1763683560,86954.7,86987.9,86890.4,86913.8
1763683620,86913.8,86986.2,86913.8,86975.4
1763683680,86975.4,87053.8,86938.9,86991.6
1763683740,86991.6,87036.6,86943.9,87009
1763683800,87009,87118.5,86992.4,87092.2
1763683860,87092.2,87174.6,87030.9,87090.7
1763683920,87090.7,87125.6,87028.2,87064.2
1763683980,87064.2,87117.9,87040.5,87081.5
1763684040,87081.5,87254.9,87080.9,87238.6
1763684100,87238.6,87301.8,87179.1,87214.8
1763684160,87214.8,87259.9,87173.7,87210.6
1763684220,87210.6,87350,87200,87332.7
1763684280,87332.7,87369,87300.3,87344.2
1763684340,87344.2,87344.3,87150,87150
1763684400,87150,87219.3,87138.9,87219.3
1763684460,87219.3,87219.3,87020.5,87039
1763684520,87039,87150,87019,87136.4
1763684580,87136.4,87167.9,87040,87062.6
1763684640,87062.6,87128,87034.4,87122.8
1763684700,87122.8,87224.3,87122.8,87220.8
1763684760,87220.8,87324.3,87210,87210
1763684820,87210,87227.5,87146.7,87146.7
1763684880,87146.7,87314.1,87146.7,87231
1763684940,87231,87255.9,87175,87232
1763685000,87232,87254.1,87150,87190.8
1763685060,87190.8,87313.3,87190.8,87205.3
1763685120,87205.3,87220.3,87045.9,87045.9
1763685180,87045.9,87111.3,87015.4,87111
1763685240,87111,87188.7,87084.8,87111.6
1763685300,87111.6,87165.9,86973.7,87165
1763685360,87165,87264.7,87146.2,87260.5
1763685420,87260.5,87366.6,87246.3,87353.9
1763685480,87353.9,87451,87353.9,87442.1
1763685540,87442.1,87460,87285.6,87301.9
1763685600,87301.9,87363.2,87301.9,87332.4
1763685660,87332.4,87438.4,87315,87398.3
1763685720,87398.3,87405.3,87321.7,87368.7
1763685780,87368.7,87381,87252.3,87252.4
1763685840,87252.4,87252.4,87150.1,87179.3
1763685900,87179.3,87235.9,87150,87230.9
1763685960,87230.9,87309.2,87221,87299.9
1763686020,87299.9,87348.1,87267.1,87302.8
1763686080,87302.8,87320.3,87250,87320.3
1763686140,87320.3,87320.3,87253.7,87285.5
1763686200,87285.5,87375.9,87257.6,87344.1
1763686260,87344.1,87387.9,87322,87332.2
1763686320,87332.2,87394.6,87321.9,87393.8
1763686380,87393.8,87397.4,87280,87310.2
1763686440,87310.2,87358.5,87277.9,87340.1
1763686500,87340.1,87391.6,87313.5,87367.9
1763686560,87367.9,87367.9,87236.2,87284.9
1763686620,87284.9,87302.9,87217.2,87217.4
1763686680,87217.4,87217.4,87151.1,87181.5
1763686740,87181.5,87243.4,87181.5,87240.9
1763686800,87240.9,87288.7,87238.9,87280.1
1763686860,87280.1,87316.6,87248.5,87316.6
1763686920,87316.6,87395,87214,87221.3
1763686980,87221.3,87246.6,87102.2,87191.4
1763687040,87191.4,87308.1,87180,87277.5
1763687100,87277.5,87359.1,87264.3,87346.3
1763687160,87346.3,87429.6,87319.5,87421.3
1763687220,87421.3,87432,87259.4,87315.4
1763687280,87315.4,87340.1,87250,87302.3
1763687340,87302.3,87309.3,87162.2,87162.2
1763687400,87162.2,87245.5,87129.5,87205.4
1763687460,87205.4,87226.4,87132.8,87207.8
1763687520,87207.8,87220.8,87141.7,87161.8
1763687580,87161.8,87196.5,87140,87147
1763687640,87147,87147.1,87042.9,87108.1
1763687700,87108.1,87199.4,87106.3,87187.8
1763687760,87187.8,87235.3,87100.3,87120.1
1763687820,87120.1,87160.1,86954.9,86980
1763687880,86980,87044.3,86968.7,87031.5
1763687940,87031.5,87031.6,86832,86893.7
1763688000,86893.7,86898.5,86781,86885.8
1763688060,86885.8,87019.1,86880,87010.3
1763688120,87010.3,87216,87007.3,87189
1763688180,87189,87302.3,87189,87273.7
1763688240,87273.7,87273.7,87061.4,87117
1763688300,87117,87161.1,87095.1,87141.9
1763688360,87141.9,87350,87141.9,87333.8
1763688420,87333.8,87359.9,87194.5,87230.1
1763688480,87230.1,87230.1,87133.3,87165
1763688540,87165,87285.4,87164.1,87236
1763688600,87236,87286.7,87219.3,87278.4
1763688660,87278.4,87289.4,87157.4,87160.2
1763688720,87160.2,87165.9,87029.5,87061.1
1763688780,87061.1,87115.5,87037.1,87078.1
1763688840,87078.1,87090,87028.6,87028.7
1763688900,87028.7,87028.7,86881.6,86901.8
1763688960,86901.8,86993.8,86851.4,86983.7
1763689020,86983.7,87017.7,86923.4,86963.4
1763689080,86963.4,87111.1,86961.7,87051.5
1763689140,87051.5,87108,87022.8,87054.3
1763689200,87054.3,87086.8,87036.6,87036.7
1763689260,87036.7,87103.9,87023.3,87102.1
1763689320,87102.1,87188.7,87095.1,87182.7
1763689380,87182.7,87219.9,87171,87212.4
1763689440,87212.4,87212.5,87156,87201.4
1763689500,87201.4,87294.4,87188.7,87294.4
1763689560,87294.4,87294.4,87124.8,87167.6
1763689620,87167.6,87230.5,87167.6,87230.5
1763689680,87230.5,87243.2,87192.8,87194.1
1763689740,87194.1,87228,87089.3,87103.8
1763689800,87103.8,87184.7,87102.1,87181.6
1763689860,87181.6,87225.7,87128.7,87180.6
1763689920,87180.6,87194.1,87025.8,87030.6
1763689980,87030.6,87054.5,86956.6,86956.6
1763690040,86956.6,87012.9,86956.6,87010.4
1763690100,87010.4,87035.4,86980.4,87025.3
1763690160,87025.3,87071,86998,87006.9
1763690220,87006.9,87085.9,87006.9,87085.9
1763690280,87085.9,87134.8,87051.8,87061.7
1763690340,87061.7,87061.7,86992.6,87010.9
1763690400,87010.9,87034.2,86988.9,86997.8
1763690460,86997.8,87007.8,86956.1,86963
1763690520,86963,86963,86855.5,86855.5
1763690580,86855.5,86959.2,86849.3,86940.3
1763690640,86940.3,86950,86888.1,86894.2
1763690700,86894.2,86894.3,86684.9,86686.5
1763690760,86686.5,86779.6,86541.3,86657.3
1763690820,86657.3,86794.9,86657.3,86788.6
1763690880,86788.6,86871.6,86788.5,86801.3
1763690940,86801.3,86806.6,86600,86629
1763691000,86629,86674.3,86611.9,86674.3
1763691060,86674.3,86683.4,86567.3,86604.1
1763691120,86604.1,86619.2,86369.1,86467.8
1763691180,86467.8,86548.5,86364.9,86415.2
1763691240,86415.2,86460.2,86363.4,86400
1763691300,86400,86515.2,86362.5,86494.5
1763691360,86494.5,86570.5,86451.2,86495.2
1763691420,86495.2,86499,86356.9,86372.9
1763691480,86372.9,86391,86125.8,86142
1763691540,86142,86372,86142,86366.6
1763691600,86366.6,86483.8,86268.6,86483.8
1763691660,86483.8,86773,86483.8,86696
1763691720,86696,86696,86526.6,86577.3
1763691780,86577.3,86746.7,86551.5,86706.2
1763691840,86706.2,86760,86622.7,86667.3
1763691900,86667.3,86761.6,86623.8,86681.9
1763691960,86681.9,86681.9,86595,86640
1763692020,86640,86658.6,86511.7,86528.9
1763692080,86528.9,86557.8,86511.4,86535
1763692140,86535,86623.2,86435.6,86454.6
1763692200,86454.6,86467.3,86211.4,86348.8
1763692260,86348.8,86498.9,86348.8,86494.8
1763692320,86494.8,86527.4,86301.6,86324
1763692380,86324,86417.1,86272.8,86390.1
1763692440,86390.1,86498.9,86337.6,86492.6
1763692500,86492.6,86641.3,86475,86542.1
1763692560,86542.1,86598,86486,86514.3
1763692620,86514.3,86574.8,86337.8,86367.2
1763692680,86367.2,86441.1,86333.5,86441.1
1763692740,86441.1,86447.5,86270.1,86317.7
1763692800,86317.7,86455.6,86317.7,86445.9
1763692860,86445.9,86450,86373,86401
1763692920,86401,86449.9,86330,86398.2
1763692980,86398.2,86398.3,86224.7,86293.2
1763693040,86293.2,86309.1,85802.4,85857
1763693100,85857,86081.8,85802.4,85967.2
1763693160,85967.2,86162.6,85966.7,86156.6
1763693220,86156.6,86216.2,86003.4,86115.5
1763693280,86115.5,86223.7,86098.1,86172.8
1763693340,86172.8,86193,86100.1,86128.2
1763693400,86128.2,86221.3,86093.9,86126.3
1763693460,86126.3,86133.2,85936.3,85999
1763693520,85999,86003.4,85622,85667.3
1763693580,85667.3,85816.7,85666.3,85725.2
1763693640,85725.2,85816.7,85700,85799.4
1763693700,85799.4,85799.4,85564.8,85671.8
1763693760,85671.8,85776.3,85555,85595.8
1763693820,85595.8,85655,85528.6,85540.1
1763693880,85540.1,85598.1,85437,85489.2
1763693940,85489.2,85560.6,85308,85404.3
1763694000,85404.3,85631.7,85400,85600
1763694060,85600,85650,85480.5,85650
1763694120,85650,85652,85532.2,85589.9
1763694180,85589.9,85669,85507.5,85563.4
1763694240,85563.4,85703.2,85542.3,85656.6
1763694300,85656.6,85974.5,85656.6,85896.9
1763694360,85896.9,86025.3,85889.4,85966.3
1763694420,85966.3,86021.9,85865.2,85913.9
1763694480,85913.9,86001.9,85895.1,85996.1
1763694540,85996.1,85996.1,85776.2,85801.8
1763694600,85801.8,85910.5,85801.8,85899.9
1763694660,85899.9,85900,85800,85865
1763694720,85865,85897.9,85800,85876.5
1763694780,85876.5,85883.1,85775.5,85792.3
1763694840,85792.3,85792.3,85689.8,85748.5
1763694900,85748.5,85920,85748.5,85904.4
1763694960,85904.4,85939.8,85670.3,85680
1763695020,85680,85685.7,85501,85534.6
1763695080,85534.6,85620.7,85509.3,85594.2
1763695140,85594.2,85610.9,85430.9,85479.2
1763695200,85479.2,85612.8,85440,85594.5
1763695260,85594.5,85736.1,85586.7,85705.5
1763695320,85705.5,85759.4,85677.9,85749.3
1763695380,85749.3,85771,85613.4,85629.1
1763695440,85629.1,85629.1,85452.5,85498.6
1763695500,85498.6,85549.2,85400,85432.3
1763695560,85432.3,85533.9,85420,85501.3
1763695620,85501.3,85546.4,85450.6,85450.6
1763695680,85450.6,85596,85433.8,85573.6
1763695740,85573.6,85689.5,85567.6,85640
1763695800,85640,85785.6,85572.7,85777
1763695860,85777,85835.2,85648,85677.2
1763695920,85677.2,85770.9,85633.7,85718.4
1763695980,85718.4,85735,85620,85629.6
1763696040,85629.6,85629.6,85537.1,85589.6
1763696100,85589.6,85616.7,85542.7,85608.6
1763696160,85608.6,85900,85608.6,85899.9
1763696220,85899.9,85950.8,85746.6,85759.9
1763696280,85759.9,85857.9,85740,85819.3
1763696340,85819.3,85881.8,85766.8,85831.3
1763696400,85831.3,85983,85814.5,85950.1
1763696460,85950.1,86068.8,85928.1,86011.5
1763696520,86011.5,86046.1,85961.5,86011.2
1763696580,86011.2,86098.7,85999.8,86024.1
1763696640,86024.1,86076.5,85995.6,86013
1763696700,86013,86090.9,86007.6,86027.7
1763696760,86027.7,86027.7,85952.2,85952.2
1763696820,85952.2,86023.2,85948.3,86008
1763696880,86008,86013,85879.2,85908.1
1763696940,85908.1,85951.3,85895.2,85921
1763697000,85921,85956.3,85883.8,85951.9
1763697060,85951.9,85963.4,85894.2,85924
1763697120,85924,85983.1,85923.9,85934.5
1763697180,85934.5,85972.6,85894.1,85920.5
1763697240,85920.5,85944.8,85846,85886
1763697300,85886,85949.5,85875.7,85926.5
1763697360,85926.5,85947.3,85900,85921.1
1763697420,85921.1,85990,85917.6,85982.3
1763697480,85982.3,85988.4,85921,85925.4
1763697540,85925.4,85925.8,85776.5,85780
1763697600,85780,85829,85761.5,85829
1763697660,85829,85829,85761,85766.4
1763697720,85766.4,85829.5,85728.1,85773.6
1763697780,85773.6,85826.9,85773.6,85786.8
1763697840,85786.8,85832.4,85776.7,85789.6
1763697900,85789.6,85858.7,85644.9,85645
1763697960,85645,85734.1,85615.3,85734
1763698020,85734,85817.5,85624.8,85668
1763698080,85668,85687.3,85574,85589.9
1763698140,85589.9,85620.1,85580.1,85600.2
1763698200,85600.2,85635.9,85592,85592
1763698260,85592,85673.8,85592,85670
1763698320,85670,85743.2,85670,85676.1
1763698380,85676.1,85736.3,85645.9,85711.3
1763698440,85711.3,85779.8,85666.7,85666.7
1763698500,85666.7,85673.9,85580.2,85593.4
1763698560,85593.4,85712,85586.5,85711.2
1763698620,85711.2,85780.8,85650,85688.9
1763698680,85688.9,85698.7,85592.4,85623.7
1763698740,85623.7,85654.7,85603.5,85621.3
1763698800,85621.3,85744.5,85621.3,85744.5
1763698860,85744.5,85790,85617.2,85617.3
1763698920,85617.3,85680,85582.2,85677.9
1763698980,85677.9,85709.2,85612.1,85632.8
1763699040,85632.8,85656.2,85555.5,85640
1763699100,85640,85763.1,85625.2,85717.9
1763699160,85717.9,85824.4,85707.3,85824.3
1763699220,85824.3,85873,85789.1,85789.1
1763699280,85789.1,85848.8,85789.1,85848.8
1763699340,85848.8,85860.5,85779.5,85810.7
1763699400,85810.7,85885.8,85801.5,85823.7
1763699460,85823.7,85823.7,85643,85646.3
1763699520,85646.3,85646.3,85420.6,85420.6
1763699580,85420.6,85478.4,85380,85444.1
1763699640,85444.1,85550,85440.6,85532.4
1763699700,85532.4,85532.4,85400.9,85455.6
1763699760,85455.6,85543.1,85433.5,85508.8
1763699820,85508.8,85508.8,85401.3,85440.7
1763699880,85440.7,85487.9,85422,85424.2
1763699940,85424.2,85483.3,85383.2,85395.9
1763700000,85395.9,85532,85395.9,85465
1763700060,85465,85517,85346.3,85508.1
1763700120,85508.1,85692,85485.8,85610.8
1763700180,85610.8,85876.8,85610.8,85876.7
1763700240,85876.7,85963.7,85822.3,85835.2
1763700300,85835.2,85965.8,85835.2,85913.5
1763700360,85913.5,85937.8,85825.5,85825.5
1763700420,85825.5,85825.5,85674.9,85695
1763700480,85695,85796.3,85695,85728.3
1763700540,85728.3,85769.9,85712,85737.5
1763700600,85737.5,85779.1,85720,85772.2
1763700660,85772.2,85849.7,85754.2,85823.6
1763700720,85823.6,85875.6,85806.2,85835.2
1763700780,85835.2,85923.2,85810.5,85922.6
1763700840,85922.6,85999.7,85908.6,85987.9
1763700900,85987.9,86043.6,85955.5,86005.9
1763700960,86005.9,86088.8,86005.9,86023.4
1763701020,86023.4,86073.3,86000.1,86009.8
1763701080,86009.8,86009.8,85941.7,85977.6
1763701140,85977.6,86020,85969.8,86013.5
1763701200,86013.5,86050,85977.5,86037
1763701260,86037,86122,85952.8,85956.4
1763701320,85956.4,86037,85913.9,86013.5
1763701380,86013.5,86036.1,85973.5,86026.8
1763701440,86026.8,86068.3,85967.1,85989.8
1763701500,85989.8,86002.4,85909.3,85930.3
1763701560,85930.3,86122,85917.3,86090.4
1763701620,86090.4,86217.8,85977.1,86015.5
1763701680,86015.5,86030.7,85956.7,85974
1763701740,85974,86080,85966.8,86072.3
1763701800,86072.3,86095.6,86030,86044.6
1763701860,86044.6,86086,86013,86030
1763701920,86030,86040.8,86001.6,86005.8
1763701980,86005.8,86080,86000,86080
1763702040,86080,86177,86070.4,86156.1
1763702100,86156.1,86271.5,86130.1,86143.1
1763702160,86143.1,86143.1,86089,86130.3
1763702220,86130.3,86292.4,86130.3,86252.3
1763702280,86252.3,86297.3,86240,86240.1
1763702340,86240.1,86267,86180.1,86207.1
1763702400,86207.1,86297.3,86200,86255.1
1763702460,86255.1,86265.9,86202,86261.9
1763702520,86261.9,86297.3,86232.1,86289
1763702580,86289,86289.1,86203.8,86247.4
1763702640,86247.4,86269,86203,86269
1763702700,86269,86300,86243.6,86299.7
1763702760,86299.7,86300,86233,86289.2
1763702820,86289.2,86300,86206.6,86217.9
1763702880,86217.9,86245.8,86180,86214.8
1763702940,86214.8,86214.8,86150,86160.3
1763703000,86160.3,86219.8,86160.2,86219.8
1763703060,86219.8,86266.2,86167.2,86195.9
1763703120,86195.9,86259.8,86161.5,86164
1763703180,86164,86204.9,86105,86187.1
1763703240,86187.1,86198,86150,86150
1763703300,86150,86150,86010,86010
1763703360,86010,86023.4,85976,85996.1
1763703420,85996.1,85996.1,85833.4,85883.7
1763703480,85883.7,85904.8,85853.4,85859.7
1763703540,85859.7,85871.1,85803,85817.6
1763703600,85817.6,85852,85773.3,85814.3
1763703660,85814.3,85908,85814.3,85880.6
1763703720,85880.6,85894.4,85851,85887
1763703780,85887,86047.5,85850.7,86040.1
1763703840,86040.1,86166.7,85986.5,86013
1763703900,86013,86016.2,85921,85931.6
1763703960,85931.6,86020.6,85931.6,86020.6
1763704020,86020.6,86092.3,85980.6,86072.5
1763704080,86072.5,86099.9,86006.5,86028.8
1763704140,86028.8,86060.3,86003.3,86035.9
1763704200,86035.9,86128.9,86032.2,86128.8
1763704260,86128.8,86155.8,86089.6,86103
1763704320,86103,86129.9,86062.5,86091.9
1763704380,86091.9,86118.7,86052.7,86068.8
1763704440,86068.8,86068.8,86013.8,86032.5
1763704500,86032.5,86111,86032,86106.5
1763704560,86106.5,86174.1,86077.5,86086
1763704620,86086,86174.3,86086,86174.3
1763704680,86174.3,86186,86100,86100
1763704740,86100,86194.8,86100,86160
1763704800,86160,86205.3,86122.1,86169.6
1763704860,86169.6,86220.1,86081,86093.5
1763704920,86093.5,86093.6,85944.1,85994.8
1763704980,85994.8,86059.5,85950,85960.6
1763705040,85960.6,86047.5,85960.6,86024.4
1763705100,86024.4,86049.5,85955.5,85974.1
1763705160,85974.1,86093.3,85952.9,85961.5
1763705220,85961.5,85970.1,85912.3,85914.7
1763705280,85914.7,85914.7,85773.6,85821.1
1763705340,85821.1,85923,85821.1,85912.6
1763705400,85912.6,85987.7,85898.4,85898.4
1763705460,85898.4,85898.4,85800.4,85856.4
1763705520,85856.4,86045.9,85856.4,85956.9
1763705580,85956.9,85991.2,85918.8,85927.8
1763705640,85927.8,85960.8,85893.8,85923.7
1763705700,85923.7,85934.2,85839.7,85842.8
1763705760,85842.8,85849.9,85807.3,85828.1
1763705820,85828.1,85838.8,85755.2,85815.9
1763705880,85815.9,85831.1,85714.8,85730.1
1763705940,85730.1,85730.1,85651,85703.3
1763706000,85703.3,85703.3,85604.7,85661.8
1763706060,85661.8,85737.9,85655.8,85732.8
1763706120,85732.8,85798.5,85711.7,85788.6
1763706180,85788.6,85811.3,85723.4,85734.9
1763706240,85734.9,85748.1,85682.6,85682.6
1763706300,85682.6,85733,85643.8,85657
1763706360,85657,85780.8,85615.3,85746.5
1763706420,85746.5,85787.8,85647.6,85647.6
1763706480,85647.6,85670.1,85609.9,85625
1763706540,85625,85625,85555,85593.9
1763706600,85593.9,85621.8,85558.4,85567.8
1763706660,85567.8,85642.5,85557.6,85606.6
1763706720,85606.6,85606.6,85555.1,85558.9
1763706780,85558.9,85677.4,85551.4,85644.3
1763706840,85644.3,85708.5,85637,85680.1
1763706900,85680.1,85812.1,85680,85717.6
1763706960,85717.6,85759.4,85675.1,85689.1
1763707020,85689.1,85689.1,85600,85653.9
1763707080,85653.9,85654.8,85510.4,85573.9
1763707140,85573.9,85637.1,85501,85637.1
1763707200,85637.1,85742.8,85582.7,85593.5
1763707260,85593.5,85602.1,85543,85602.1
1763707320,85602.1,85666.9,85587.1,85607.2
1763707380,85607.2,85634.8,85573.4,85634.7
1763707440,85634.7,85698.9,85615.4,85629.8
1763707500,85629.8,85671.7,85569,85569
1763707560,85569,85611.2,85536,85584.4
1763707620,85584.4,85669.9,85579.3,85638.6
1763707680,85638.6,85676.2,85627.6,85676.1
1763707740,85676.1,85700,85629.8,85629.9
1763707800,85629.9,85672.8,85607.2,85643.1
1763707860,85643.1,85709.3,85617.1,85660.1
1763707920,85660.1,85675.7,85582.7,85582.7
1763707980,85582.7,85616.8,85512.9,85528.2
1763708040,85528.2,85626.9,85528.2,85575
1763708100,85575,85638.1,85560,85616.4
1763708160,85616.4,85616.4,85500.1,85550
1763708220,85550,85550,85516.5,85529.9
1763708280,85529.9,85591.8,85507.9,85582.9
1763708340,85582.9,85582.9,85527.1,85530.9
1763708400,85530.9,85600,85522.8,85577.8
1763708460,85577.8,85615.3,85539.2,85563.7
1763708520,85563.7,85583.6,85522,85554.1
1763708580,85554.1,85621.5,85464.6,85589.4
1763708640,85589.4,85644.9,85565.1,85643.9
1763708700,85643.9,85729.6,85580.2,85588.6
1763708760,85588.6,85588.6,85515.4,85564.3
1763708820,85564.3,85586,85450,85488.3
1763708880,85488.3,85495.7,85410,85436.9
1763708940,85436.9,85486.9,85410.1,85467.7
1763709000,85467.7,85514.5,85432.7,85461.5
1763709060,85461.5,85475.5,85431.1,85457.4
1763709120,85457.4,85496.5,85446.5,85474.9
1763709180,85474.9,85503.4,85468.5,85476.6
1763709240,85476.6,85494.1,85401.1,85476.1
1763709300,85476.1,85494.2,85444.8,85466.5
1763709360,85466.5,85466.5,85330,85414.4
1763709420,85414.4,85461.5,85367.9,85386.6
1763709480,85386.6,85457.9,85361.2,85441.3
1763709540,85441.3,85480,85373.3,85373.3
1763709600,85373.3,85373.3,85100,85117.7
1763709660,85117.7,85298.1,85117.7,85126
1763709720,85126,85231.2,85126,85196.3
1763709780,85196.3,85291.1,85158,85260.5
1763709840,85260.5,85300,85235.1,85284
1763709900,85284,85330.2,85251.1,85294.9
1763709960,85294.9,85298,85241.2,85241.2
1763710020,85241.2,85295.3,85210.1,85282.7
1763710080,85282.7,85317,85250,85260.8
1763710140,85260.8,85260.9,85162.8,85175.9
1763710200,85175.9,85278.1,85144.6,85201.9
1763710260,85201.9,85207.9,85059.3,85123.7
1763710320,85123.7,85130.6,84517,84790.1
1763710380,84790.1,84829.5,83099,83146.8
1763710440,83146.8,83681.8,81300.8,83344.8
1763710500,83344.8,83918.2,83150.1,83753.4
1763710560,83753.4,83775.7,83126.5,83475.1
1763710620,83475.1,84030,83430.6,83940.5
1763710680,83940.5,84017.5,83648.3,83972.3
1763710740,83972.3,84125.9,83914.5,84029.6
1763710800,84029.6,84473.1,83913.6,84241.6
1763710860,84241.6,84456.4,84238.2,84345.6
1763710920,84345.6,84424,84041.6,84208.9
1763710980,84208.9,84415.2,84100,84382.4
1763711040,84382.4,84444.9,84293.7,84310.8
1763711100,84310.8,84342.1,83975.1,84071
1763711160,84071,84088.1,83886.2,83955.6
1763711220,83955.6,84110.3,83800,83978.9
1763711280,83978.9,84052.3,83743,83923.6
1763711340,83923.6,83943,83764.4,83899.2
1763711400,83899.2,84342.1,83867.7,84243.3
1763711460,84243.3,84243.4,84078.2,84092.7
1763711520,84092.7,84200,84079.5,84177
1763711580,84177,84194.8,83917.1,83986.6
1763711640,83986.6,84014.4,83846.2,83857.2
1763711700,83857.2,83910,83732,83899.3
1763711760,83899.3,84075.1,83880.6,84060.5
1763711820,84060.5,84089.8,83850.1,83857.2
1763711880,83857.2,83980.7,83803.1,83968.5
1763711940,83968.5,84082.3,83925,84000.1
1763712000,84000.1,84035.1,83903.6,83926.9
1763712060,83926.9,84085.8,83926.9,84040
1763712120,84040,84081.9,83868.5,83911.8
1763712180,83911.8,83949.4,83751,83796.4
1763712240,83796.4,83810.8,83645.3,83725
1763712300,83725,84149,83705.2,84140
1763712360,84140,84380,84120.2,84201
1763712420,84201,84245.8,84049.7,84210.9
1763712480,84210.9,84291.9,84170.6,84200.1
1763712540,84200.1,84271,84100,84260.4
1763712600,84260.4,84274.3,84109.2,84174.3
1763712660,84174.3,84479.7,84174.3,84386.8
1763712720,84386.8,84591.9,84362.3,84499.6
1763712780,84499.6,84652,84493.9,84592.8
1763712840,84592.8,84606.9,84417.1,84450.6
1763712900,84450.6,84638.2,84445.7,84636.1
1763712960,84636.1,84669.7,84494.3,84516.5
1763713020,84516.5,84617,84494.5,84546
1763713080,84546,84558.9,84403.3,84409.2
1763713140,84409.2,84471.1,84300,84315.3
1763713200,84315.3,84516,84283.4,84483
1763713260,84483,84554.3,84346,84430.4
1763713320,84430.4,84531.4,84385.9,84445.5
1763713380,84445.5,84546,84375.5,84529.8
1763713440,84529.8,84598.6,84456,84470.3
1763713500,84470.3,84470.4,84331.9,84350.8
1763713560,84350.8,84350.9,84221.4,84242
1763713620,84242,84373.6,84228.5,84299.9
1763713680,84299.9,84345.1,84220.3,84257.9
1763713740,84257.9,84277,84154.2,84191.9
1763713800,84191.9,84258,84156,84224.7
1763713860,84224.7,84375.8,84224.7,84334.2
1763713920,84334.2,84400,84317.9,84390
1763713980,84390,84399.9,84188.9,84208
1763714040,84208,84231.3,83985.7,84061.4
1763714100,84061.4,84089.7,83939.4,84051
1763714160,84051,84051,83888,83927.2
1763714220,83927.2,83988,83900,83960
1763714280,83960,84072.1,83920,84012.6
1763714340,84012.6,84064.6,83950,83970.8
1763714400,83970.8,83970.9,83833,83833
1763714460,83833,83948.7,83788.2,83900
1763714520,83900,83922.6,83736.7,83746.1
1763714580,83746.1,83854,83729.2,83750.1
1763714640,83750.1,83850,83729.7,83771.3
1763714700,83771.3,83851.4,83689.4,83704.4
1763714760,83704.4,83797,83700,83745
1763714820,83745,83960.4,83730,83927
1763714880,83927,83957,83809.6,83828
1763714940,83828,83869.1,83700,83700
1763715000,83700,83731.3,83605.6,83646
1763715060,83646,83743.8,83605.2,83649.9
1763715120,83649.9,83671.1,83540.8,83666.3
1763715180,83666.3,83811.1,83666.3,83742.5
1763715240,83742.5,83798,83600,83655.6
1763715300,83655.6,83758,83650,83758
1763715360,83758,83833.2,83742.2,83786
1763715420,83786,83832.1,83750,83766
1763715480,83766,83793.8,83669.5,83684.1
1763715540,83684.1,83708.2,83600.2,83600.2
1763715600,83600.2,83770.1,83600.2,83752.4
1763715660,83752.4,83873.8,83720,83842.9
1763715720,83842.9,83893.5,83782.1,83860.5
1763715780,83860.5,83900,83850,83900
1763715840,83900,83975.6,83832.1,83890.9
1763715900,83890.9,83938.2,83792.1,83803.2
1763715960,83803.2,83843.2,83697,83829.7
1763716020,83829.7,83838.2,83659,83672.1
1763716080,83672.1,83741.9,83643.3,83690.8
1763716140,83690.8,83704.9,83613.5,83622.7
1763716200,83622.7,83702.9,83558.1,83702.9
1763716260,83702.9,83873.7,83702.9,83811.2
1763716320,83811.2,83837.9,83707.9,83747.9
1763716380,83747.9,83756.4,83611,83656.1
1763716440,83656.1,83685,83650,83672.4
1763716500,83672.4,83734.3,83665,83700.9
1763716560,83700.9,83734.3,83556.8,83589.9
1763716620,83589.9,83681.9,83555.6,83676.6
1763716680,83676.6,83676.6,83562,83592.6
1763716740,83592.6,83652.4,83574.1,83611.6
1763716800,83611.6,83652.3,83327.6,83480.4
1763716860,83480.4,83563.1,83328.7,83337.2
1763716920,83337.2,83462.4,83265.1,83398
1763716980,83398,83467.6,83313.6,83330.9
1763717040,83330.9,83374.2,83262.9,83288.5
1763717100,83288.5,83329.8,83255,83310.1
1763717160,83310.1,83310.1,83111,83148.7
1763717220,83148.7,83294.9,83118.1,83186
1763717280,83186,83217.2,83007.1,83019.8
1763717340,83019.8,83175.5,83013.5,83034.3
1763717400,83034.3,83204.7,83011.5,83019.7
1763717460,83019.7,83066.7,82810.7,83000.9
1763717520,83000.9,83024.1,82612.7,82759.5
1763717580,82759.5,82914,82713.1,82836
1763717640,82836,82948.8,82825.1,82841.6
1763717700,82841.6,82962.5,82800.4,82946.9
1763717760,82946.9,82954.4,82800,82802
1763717820,82802,82936.9,82762.4,82917
1763717880,82917,82926.3,82707,82707
1763717940,82707,82758,82573.2,82657.4
1763718000,82657.4,82700,82566.2,82654
1763718060,82654,82684.6,82450.2,82508.6
1763718120,82508.6,82582.4,82450,82546.7
1763718180,82546.7,82570,82440.1,82469.6
1763718240,82469.6,82657.5,82469.5,82624.8
1763718300,82624.8,82664.1,82550,82598.2
1763718360,82598.2,82643.2,82550,82621.3
1763718420,82621.3,82700,82568.9,82698.8
1763718480,82698.8,82725.8,82552.5,82561.5
1763718540,82561.5,82579.9,82427.2,82512.5
1763718600,82512.5,82571.3,82447,82482.8
1763718660,82482.8,82565,82465.6,82470.5
1763718720,82470.5,82470.9,82221.9,82239.5
1763718780,82239.5,82315.5,82208.3,82214.9
1763718840,82214.9,82248.1,82101.4,82103.6
1763718900,82103.6,82237.8,82078,82174.1
1763718960,82174.1,82495.5,82174.1,82453.7
1763719020,82453.7,82485.4,82357.7,82428.6
1763719080,82428.6,82439.5,82302.3,82350
1763719140,82350,82350,82159.3,82180.7
1763719200,82180.7,82201.5,82069.3,82146.3
1763719260,82146.3,82170,82076.9,82137.2
1763719320,82137.2,82220.3,81976.4,82025.7
1763719380,82025.7,82049.2,81682.7,81913.5
1763719440,81913.5,81945.8,81770,81906.9
1763719500,81906.9,82373.2,81894.5,82010
1763719560,82010,82050,81863.1,82027.5
1763719620,82027.5,82027.5,81765.9,81839.9
1763719680,81839.9,82121.5,81820.5,81980
1763719740,81980,82115,81968.9,82042.4
1763719800,82042.4,82412,82035.3,82380.6
1763719860,82380.6,82392.9,82290.9,82340
1763719920,82340,82476.6,82275.2,82275.2
1763719980,82275.2,82285.8,82064.7,82132.5
1763720040,82132.5,82214.8,82044,82068.5
1763720100,82068.5,82100,81900,81900.1
1763720160,81900.1,82055.1,81602.3,82055.1
1763720220,82055.1,82197.4,81926.1,81944.5
1763720280,81944.5,81994,81744.3,81839.6
1763720340,81839.6,82040,81824,82040
1763720400,82040,82049.9,81823.7,81919
1763720460,81919,82194.7,81909.4,82163.6
1763720520,82163.6,82167,81903.2,81935.8
1763720580,81935.8,81990.3,81900,81960.1
1763720640,81960.1,82179,81938,82179
1763720700,82179,82338.1,82109,82280.5
1763720760,82280.5,82453.3,82202.7,82262.1
1763720820,82262.1,82270.8,82080,82087.3
1763720880,82087.3,82093.3,81920.5,81991
1763720940,81991,82050,81964.7,82027.1
1763721000,82027.1,82250,82020,82209.2
1763721060,82209.2,82340,82188,82278
1763721120,82278,82456,82257.8,82412.2
1763721180,82412.2,82574.2,82347.9,82521.6
1763721240,82521.6,82678.1,82400.9,82417.1
1763721300,82417.1,82528.5,82351.1,82504.9
1763721360,82504.9,82571.4,82420.4,82515.8
1763721420,82515.8,82677.3,82507.1,82655
1763721480,82655,82837.8,82548.1,82807.8
1763721540,82807.8,82807.8,82653.1,82706.3
1763721600,82706.3,82907.1,82665.2,82806.8
1763721660,82806.8,82815.7,82559.9,82612.8
1763721720,82612.8,82612.9,82520.2,82560
1763721780,82560,82575.8,82492,82547.8
1763721840,82547.8,82547.9,82458.6,82531.9
1763721900,82531.9,82547.1,82500.7,82536.7
1763721960,82536.7,82580,82405.2,82426.2
1763722020,82426.2,82492.2,82413.8,82492.2
1763722080,82492.2,82540,82445.8,82504.8
1763722140,82504.8,82539.3,82414.4,82420.8
1763722200,82420.8,82420.8,82314.3,82411
1763722260,82411,82531,82378,82517.7
1763722320,82517.7,82709.1,82466.1,82686.3
1763722380,82686.3,82724,82627.4,82713.5
1763722440,82713.5,82736,82651.4,82677.4
1763722500,82677.4,82771,82603.4,82701.5
1763722560,82701.5,82731.9,82609.1,82618.8
1763722620,82618.8,82710.3,82600.6,82691.9
1763722680,82691.9,82749,82686.8,82719.1
1763722740,82719.1,82787.2,82671.2,82671.2
1763722800,82671.2,82677.1,82585,82650.8
1763722860,82650.8,82900,82650.8,82878
1763722920,82878,82924.6,82803,82849.9
1763722980,82849.9,82918.8,82800.1,82859
1763723040,82859,82947.1,82839.9,82918.6
1763723100,82918.6,82959,82850.1,82873.4
1763723160,82873.4,82930,82778.7,82800
1763723220,82800,83025.3,82782,83017.6
1763723280,83017.6,83319,83017.5,83256.3
1763723340,83256.3,83313.9,83113.3,83196
1763723400,83196,83288.4,83196,83200.2
1763723460,83200.2,83200.2,83007.8,83091.4
1763723520,83091.4,83091.4,82918,82918
1763723580,82918,83004.7,82900.4,82969.2
1763723640,82969.2,83076.9,82958.3,83055
1763723700,83055,83087.6,82997.2,83009.6
1763723760,83009.6,83049.9,82975.2,82992.7
1763723820,82992.7,83149.5,82992.6,83009.2
1763723880,83009.2,83017.5,82917.5,82952.9
1763723940,82952.9,82952.9,82812.3,82853.9
1763724000,82853.9,83026.4,82853.9,83011.3
1763724060,83011.3,83136.6,83004.6,83109.5
1763724120,83109.5,83128.5,82954,82980.4
1763724180,82980.4,83206,82966,83127.4
1763724240,83127.4,83138.7,83032,83046.2
1763724300,83046.2,83132.1,83035.6,83092.6
1763724360,83092.6,83092.6,83005.6,83005.6
1763724420,83005.6,83044.6,82942.1,82962.4
1763724480,82962.4,83010,82935.3,82937.7
1763724540,82937.7,82937.8,82881.1,82893.1
1763724600,82893.1,82922.1,82872.1,82872.1
1763724660,82872.1,82910.9,82864.1,82894.3
1763724720,82894.3,83050,82894.2,83050
1763724780,83050,83075,82921.1,82921.1
1763724840,82921.1,82921.2,82762.6,82763.2
1763724900,82763.2,82799.7,82684.8,82740.5
1763724960,82740.5,82773.6,82709.3,82744.2
1763725020,82744.2,82748.7,82615.1,82645.6
1763725080,82645.6,82678.9,82590,82617.8
1763725140,82617.8,82684.7,82592.4,82592.4
1763725200,82592.4,82679,82473.3,82475.1
1763725260,82475.1,82492.8,82356.3,82445.9
1763725320,82445.9,82467,82359.1,82412.2
1763725380,82412.2,82500,82401.7,82478.4
1763725440,82478.4,82525.8,82454.9,82490.4
1763725500,82490.4,82499,82405.3,82419.3
1763725560,82419.3,82454.9,82344.4,82391.9
1763725620,82391.9,82430.9,82259.8,82294.5
1763725680,82294.5,82355,82232,82239.9
1763725740,82239.9,82380,82206.2,82266.4
1763725800,82266.4,82356.1,82193.1,82327.1
1763725860,82327.1,82352.8,82238.1,82238.2
1763725920,82238.2,82371.5,82228.2,82324.7
1763725980,82324.7,82339.2,82155.8,82253.9
1763726040,82253.9,82282.8,82184.7,82236
1763726100,82236,82331.3,82236,82284
1763726160,82284,82284.5,82183.1,82190.6
1763726220,82190.6,82333.4,82190.5,82333.4
1763726280,82333.4,82380,82279,82281.6
1763726340,82281.6,82321.6,82241.7,82284.7
1763726400,82284.7,82345.3,82257.1,82277.2
1763726460,82277.2,82417.3,82237.5,82237.5
1763726520,82237.5,82364.4,82220.6,82282.9
1763726580,82282.9,82375,82183.3,82324.1
1763726640,82324.1,82324.1,82049,82189.8
1763726700,82189.8,82206.5,82066,82078.5
1763726760,82078.5,82149.9,82009.1,82071.5
1763726820,82071.5,82177.5,82026.3,82166.2
1763726880,82166.2,82166.3,81903.8,81981
1763726940,81981,82069,81964,82034.6
1763727000,82034.6,82055.7,81959.3,81991.5
1763727060,81991.5,82117,81983.3,82101.5
1763727120,82101.5,82112.7,82008.7,82014.2
1763727180,82014.2,82230.3,82008.7,82230.3
1763727240,82230.3,82353.1,82129.8,82277.4
1763727300,82277.4,82277.4,82042.1,82089.7
1763727360,82089.7,82152,81933.9,81978
1763727420,81978,82032.3,81916.4,82000.6
1763727480,82000.6,82032.4,81872.5,81905.5
1763727540,81905.5,82000,81905.4,81941.7
1763727600,81941.7,81969.6,81811.3,81828
1763727660,81828,81831.4,81361,81408.6
1763727720,81408.6,81591.8,81306,81513.3
1763727780,81513.3,81550,80800.4,81118.8
1763727840,81118.8,81121.6,80889.9,81070.1
1763727900,81070.1,81421.5,81052.8,81288.8
1763727960,81288.8,81288.8,81100.2,81101.4
1763728020,81101.4,81134.2,80927.3,80991.1
1763728080,80991.1,81034.2,80680,80702.9
1763728140,80702.9,80959.5,80607.9,80938
1763728200,80938,81641,80938,81435
1763728260,81435,81883.3,81250.1,81680
1763728320,81680,81895.2,81476.4,81568.2
1763728380,81568.2,81695.6,81405.9,81571.5
1763728440,81571.5,81776.9,81561,81678.7
1763728500,81678.7,81815.8,81483.6,81794.4
1763728560,81794.4,82256.8,81685.3,82070.9
1763728620,82070.9,82570.9,82002.1,82489.5
1763728680,82489.5,82856.8,82458.2,82736.1
1763728740,82736.1,82953.2,82594.7,82947.2
1763728800,82947.2,82947.2,82616.4,82710
1763728860,82710,82955.4,82656.2,82857.6
1763728920,82857.6,82887.9,82637,82712.8
1763728980,82712.8,82854.8,82518.7,82839.9
1763729040,82839.9,83001.4,82772.2,82970.9
1763729100,82970.9,83404,82952.7,83285.8
1763729160,83285.8,83405,83102.2,83139.1
1763729220,83139.1,83281.8,83067,83232
1763729280,83232,83299.5,82966,83048.3
1763729340,83048.3,83176.2,82947.1,83160.4
1763729400,83160.4,83495.8,83094.8,83459.4
1763729460,83459.4,83480.3,83352.7,83466.8
1763729520,83466.8,83538.1,83319.1,83354
1763729580,83354,83544.3,83324.4,83529.9
1763729640,83529.9,83573.8,83454.6,83526.8
1763729700,83526.8,83539.9,83292.9,83294.2
1763729760,83294.2,83319.1,83120.5,83154.9
1763729820,83154.9,83285,83006,83276.8
1763729880,83276.8,83276.9,83106.1,83196
1763729940,83196,83242.5,83121.2,83242.4
1763730000,83242.4,83380,83150,83375.8
1763730060,83375.8,83403.6,83123.7,83129.6
1763730120,83129.6,83424.7,83113.3,83339.9
1763730180,83339.9,83466.7,83200,83245.9
1763730240,83245.9,83271.8,83072.5,83206.8
1763730300,83206.8,83398.6,83167.7,83369
1763730360,83369,83600.4,83320.1,83528.8
1763730420,83528.8,83546.7,83398.6,83423.6
1763730480,83423.6,83657.5,83403.1,83624
1763730540,83624,83844.3,83624,83776.8
1763730600,83776.8,83834.4,83469.7,83469.7
1763730660,83469.7,83664.8,83460.7,83611
1763730720,83611,83667.3,83560.1,83607
1763730780,83607,83773.3,83570.8,83714.5
1763730840,83714.5,83806.4,83696.9,83774.5
1763730900,83774.5,83880.9,83755.2,83869.4
1763730960,83869.4,83971.3,83840.4,83950.8
1763731020,83950.8,84334,83933.9,84180.1
1763731080,84180.1,84180.1,84008.1,84050.9
1763731140,84050.9,84149.1,83958.1,84115
1763731200,84115,84149.1,83913.8,83987.1
1763731260,83987.1,84120,83943,83981.9
1763731320,83981.9,84008,83778.1,83807.4
1763731380,83807.4,83823.6,83676.7,83721.3
1763731440,83721.3,83749.6,83591,83591
1763731500,83591,83677,83533,83633.5
1763731560,83633.5,83697.8,83568,83666.5
1763731620,83666.5,83685.2,83506,83519.8
1763731680,83519.8,83544.2,83292.3,83371
1763731740,83371,83459.9,83354.2,83392.5
1763731800,83392.5,83550,83392.5,83534.4
1763731860,83534.4,83560.8,83445.6,83531.2
1763731920,83531.2,83567.4,83374.6,83408
1763731980,83408,83426.6,83235.4,83413.8
1763732040,83413.8,83490.8,83405,83477.9
1763732100,83477.9,83771.9,83471.6,83727.7
1763732160,83727.7,83866,83716.3,83831.6
1763732220,83831.6,83905.7,83789.8,83896.3
1763732280,83896.3,83960.1,83821.3,83900
1763732340,83900,83905.1,83800,83821.6
1763732400,83821.6,83957.3,83800,83903.8
1763732460,83903.8,84077.9,83900.1,84061.3
1763732520,84061.3,84151.8,84045.5,84074.3
1763732580,84074.3,84162.3,84074.3,84092.6
1763732640,84092.6,84121.3,84050,84111.3
1763732700,84111.3,84261.6,84044.6,84207.8
1763732760,84207.8,84327,84065,84086
1763732820,84086,84208.8,84072.4,84143.5
1763732880,84143.5,84366,84141.4,84322.5
1763732940,84322.5,84322.5,84000,84042
1763733000,84042,84126.6,84003.7,84115.2
1763733060,84115.2,84350,84102.6,84346.6
1763733120,84346.6,84392.9,84111.6,84177
1763733180,84177,84267.9,84100,84193.2
1763733240,84193.2,84235.8,84151.3,84227
1763733300,84227,84250,84142,84171.2
1763733360,84171.2,84179.8,84061.7,84129.2
1763733420,84129.2,84210.3,84087.6,84162
1763733480,84162,84179,84100,84145.1
1763733540,84145.1,84212,84061.7,84073.7
1763733600,84073.7,84112.6,83966.1,83993.8
1763733660,83993.8,83998.4,83787,83845.7
1763733720,83845.7,83981.9,83831.7,83922.8
1763733780,83922.8,83955,83862.5,83880
1763733840,83880,83900,83814,83814
1763733900,83814,83825,83706.9,83727.1
1763733960,83727.1,83955.7,83711.8,83945.3
1763734020,83945.3,84000,83866.8,83952.8
1763734080,83952.8,84137.2,83942,84043.4
1763734140,84043.4,84174.9,84043.3,84174.9
1763734200,84174.9,84184.9,83989.9,83998.7
1763734260,83998.7,83998.7,83892.4,83942.6
1763734320,83942.6,83961.7,83895.2,83952.2
1763734380,83952.2,83952.2,83813.7,83815
1763734440,83815,83891.3,83778.3,83778.9
1763734500,83778.9,83786.6,83629.3,83650.3
1763734560,83650.3,83722.5,83562,83699.9
1763734620,83699.9,83700,83501,83591.9
1763734680,83591.9,83676,83574.9,83576.5
1763734740,83576.5,83606.7,83555.6,83580.3
1763734800,83580.3,83739.8,83564.3,83680.3
1763734860,83680.3,83799.2,83642,83749.9
1763734920,83749.9,83780,83659.1,83717.6
1763734980,83717.6,83800,83662.3,83791.6
1763735040,83791.6,83800,83689.2,83719.9
1763735100,83719.9,83749.4,83600,83632.6
1763735160,83632.6,83661.2,83577.5,83588.2
1763735220,83588.2,83610.3,83525,83552.2
1763735280,83552.2,83597.2,83525,83531
1763735340,83531,83680,83531,83651.1
1763735400,83651.1,84274.7,83550.8,84063.4
1763735460,84063.4,84222,83802.5,83860.1
1763735520,83860.1,84276.8,83762.1,84232.7
1763735580,84232.7,84256,83965.1,84243.5
1763735640,84243.5,84799.9,84235.7,84712
1763735700,84712,84866.9,84427.8,84858
1763735760,84858,85012.3,84781.1,84935.8
1763735820,84935.8,85135.7,84812.7,84827.7
1763735880,84827.7,84951,84674,84763
1763735940,84763,85000,84756,84823.3
1763736000,84823.3,85000,84657.3,84970.1
1763736060,84970.1,85237.8,84970.1,85136.4
1763736120,85136.4,85246.5,84879,84993.2
1763736180,84993.2,84997.5,84742,84780.1
1763736240,84780.1,84950,84736,84882.2
1763736300,84882.2,84953.6,84599.2,84614.4
1763736360,84614.4,84678.2,84376.5,84405.5
1763736420,84405.5,84505.8,84172.5,84231
1763736480,84231,84620.5,84215,84609.9
1763736540,84609.9,84644.6,84340,84506.2
1763736600,84506.2,84650.7,84452.9,84612.2
1763736660,84612.2,84953.9,84536.9,84864
1763736720,84864,85139.1,84740,85109.4
1763736780,85109.4,85187.1,85028.5,85139.9
1763736840,85139.9,85412.3,85128.8,85371.3
1763736900,85371.3,85469.2,85272.5,85380.4
1763736960,85380.4,85391.1,84969,85030.7
1763737020,85030.7,85162.9,85007.6,85022.4
1763737080,85022.4,85114.3,84951.8,85095.3
1763737140,85095.3,85095.3,84800,84800.1
1763737200,84800.1,85060.9,84760,84776.5
1763737260,84776.5,84793.9,84545,84545.1
1763737320,84545.1,84599.8,84425,84436
1763737380,84436,84525.9,84286,84525.9
1763737440,84525.9,84567.1,84373.6,84507
1763737500,84507,84675,84454,84588.6
1763737560,84588.6,84750,84478.8,84630.5
1763737620,84630.5,84640,84470.7,84486.9
1763737680,84486.9,84520.7,84267.7,84402.2
1763737740,84402.2,84476.1,84301.6,84424.2
1763737800,84424.2,84426.5,84275.1,84389.7
1763737860,84389.7,84427.4,84286.5,84396.3
1763737920,84396.3,84441.6,84260,84286.8
1763737980,84286.8,84313.9,83995.3,84134.9
1763738040,84134.9,84223.3,84031.6,84138.6
1763738100,84138.6,84268.9,84130.9,84150.1
1763738160,84150.1,84205,84093.9,84094.2
1763738220,84094.2,84094.2,83790,83923.7
1763738280,83923.7,84049.3,83910,84038.6
1763738340,84038.6,84174.9,83999.2,84150.1
1763738400,84150.1,84158.9,83750,83823.1
1763738460,83823.1,83878.8,83712,83778.4
1763738520,83778.4,83970.2,83648.3,83896
1763738580,83896,84088.8,83869.4,84034.3
1763738640,84034.3,84042,83851.1,84022.4
1763738700,84022.4,84299.1,83965.6,84111.5
1763738760,84111.5,84111.5,83756.5,83872.3
1763738820,83872.3,83875.2,83697.2,83730.3
1763738880,83730.3,83809.2,83600.2,83652.2
1763738940,83652.2,83652.2,83561.9,83587.4
1763739000,83587.4,83686.7,83472.5,83606
1763739060,83606,83808.7,83479.8,83803.8
1763739120,83803.8,83838,83675.4,83760.6
1763739180,83760.6,83771.9,83500.4,83510.2
1763739240,83510.2,83589.8,83300.7,83338
1763739300,83338,83390.9,83280,83306.5
1763739360,83306.5,83389.4,83173.6,83197.6
1763739420,83197.6,83272.2,83012.5,83219.2
1763739480,83219.2,83257.2,83092.5,83149
1763739540,83149,83164.6,82845.3,82907.7
1763739600,82907.7,82940,82824,82857.7
1763739660,82857.7,83000,82848.6,82948.5
1763739720,82948.5,83018,82745.7,82849.6
1763739780,82849.6,83054,82833.8,83006.7
1763739840,83006.7,83288.5,83006.6,83200.2
1763739900,83200.2,83347,83093.4,83331.1
1763739960,83331.1,83343.7,83200.1,83313
1763740020,83313,83363.8,83208,83293.6
1763740080,83293.6,83334.9,83037.6,83159.3
1763740140,83159.3,83298.7,83109.2,83224.4
1763740200,83224.4,83230.6,83063.7,83176.1
1763740260,83176.1,83194.4,82925.2,82992.1
1763740320,82992.1,82997.2,82769.4,82815.9
1763740380,82815.9,82853.3,82701.2,82845.6
1763740440,82845.6,83112.6,82845.6,83053
1763740500,83053,83143.8,82944.1,83058.1
1763740560,83058.1,83176.8,82942.9,83130.4
1763740620,83130.4,83133,82890,82894.1
1763740680,82894.1,82956.1,82750,82935
1763740740,82935,82946,82836.9,82896.8
1763740800,82896.8,83009.9,82861.1,82925.2
1763740860,82925.2,83080.3,82874.9,82966.8
1763740920,82966.8,82987.8,82728,82807.2
1763740980,82807.2,82849,82672.2,82731.9
1763741040,82731.9,82736.8,82401,82420
1763741100,82420,82583.3,82280,82435.8
1763741160,82435.8,82499.9,82319.6,82464.9
1763741220,82464.9,82700,82383.1,82643.7
1763741280,82643.7,83083.3,82640.4,82806.5
1763741340,82806.5,82902.3,82661.4,82867.6
1763741400,82867.6,82980.5,82797.1,82855.7
1763741460,82855.7,82939,82704.4,82789
1763741520,82789,82792.8,82604.5,82677.9
1763741580,82677.9,82971.6,82677.9,82927.3
1763741640,82927.3,82942.8,82753.1,82895.1
1763741700,82895.1,82895.1,82787.6,82876.6
1763741760,82876.6,82923.2,82711.9,82899.9
1763741820,82899.9,83112,82768.1,82858.6
1763741880,82858.6,82882.9,82546.4,82562
1763741940,82562,82727,82524,82708.4
1763742000,82708.4,82959.1,82686.5,82902.4
1763742060,82902.4,83173,82802.9,83144.4
1763742120,83144.4,83247.4,82934.6,82949.7
1763742180,82949.7,83010.3,82825.9,82934.9
1763742240,82934.9,83111.8,82934.9,83052
1763742300,83052,83166.7,82970.3,83153.4
1763742360,83153.4,83200,83094,83094
1763742420,83094,83197.7,83075.6,83143.6
1763742480,83143.6,83299.7,83022.5,83160.5
1763742540,83160.5,83261.4,83061.3,83246
1763742600,83246,83334,83131.2,83131.2
1763742660,83131.2,83149.6,83016.6,83021.8
1763742720,83021.8,83125,82903,83070.5
1763742780,83070.5,83227.1,83059.2,83138.3
1763742840,83138.3,83232.8,83087,83087
1763742900,83087,83190.5,83077.5,83118.1
1763742960,83118.1,83422.8,83096,83369.3
1763743020,83369.3,83617.6,83356.9,83578.3
1763743080,83578.3,83769.8,83533.8,83721.5
1763743140,83721.5,83742.6,83492.2,83516.5
1763743200,83516.5,83674.7,83512.5,83628.7
1763743260,83628.7,83662.3,83520,83537.6
1763743320,83537.6,83574.6,83444.5,83465.7
1763743380,83465.7,83490.5,83389.1,83389.1
1763743440,83389.1,83389.1,83209.9,83331.7
1763743500,83331.7,83331.7,83097.2,83213.1
1763743560,83213.1,83440,83190,83342.7
1763743620,83342.7,83571.5,83341.5,83563.3
1763743680,83563.3,83778.2,83561,83743.2
1763743740,83743.2,83859.7,83743.2,83820.3
1763743800,83820.3,83887.2,83701.8,83880
1763743860,83880,84083.2,83878.2,84054.6
1763743920,84054.6,84431.6,84018,84425.7
1763743980,84425.7,84500,84300,84432.1
1763744040,84432.1,84500,84323.2,84363.8
1763744100,84363.8,84569.5,84362.7,84502.1
1763744160,84502.1,84754.3,84502.1,84700
1763744220,84700,84704.1,84525,84627.1
1763744280,84627.1,84829.6,84627.1,84772.7
1763744340,84772.7,84897,84763.6,84895.2
1763744400,84895.2,84939.9,84676.1,84794.4
1763744460,84794.4,84804.8,84547.8,84619.4
1763744520,84619.4,84829,84597.5,84683.8
1763744580,84683.8,84912.3,84683.8,84893.3
1763744640,84893.3,84967.8,84845.4,84954.4
1763744700,84954.4,85000,84835.4,84962.2
1763744760,84962.2,85148.8,84955.4,85100.1
1763744820,85100.1,85458,85052.9,85380
1763744880,85380,85380,85158.8,85279
1763744940,85279,85445.2,85279,85350
1763745000,85350,85350,85073.2,85195.2
1763745060,85195.2,85306.7,85117.1,85212.1
1763745120,85212.1,85279.4,85026.5,85130
1763745180,85130,85212,85000,85128.5
1763745240,85128.5,85210,85073.8,85099.9
1763745300,85099.9,85282.9,85085.2,85169.7
1763745360,85169.7,85250,85050.2,85132.7
1763745420,85132.7,85272.8,84942.1,85115.5
1763745480,85115.5,85382.2,85103.2,85342.9
1763745540,85342.9,85426,85094.2,85100.3
1763745600,85100.3,85104.7,84909.5,85010.3
1763745660,85010.3,85223.2,84989.5,85038.5
1763745720,85038.5,85265.5,85038.5,85158.1
1763745780,85158.1,85333,85083.4,85326.8
1763745840,85326.8,85420.6,85295.6,85358.6
1763745900,85358.6,85535.7,85284.1,85390.7
1763745960,85390.7,85394.2,85260.2,85264.5
1763746020,85264.5,85264.5,85055,85127.6
1763746080,85127.6,85137.8,85017.6,85061.1
1763746140,85061.1,85200,85060.7,85165.9
1763746200,85165.9,85310.7,85165.9,85293.3
1763746260,85293.3,85400,85253.4,85253.5
1763746320,85253.5,85319.1,85174.1,85319.1
1763746380,85319.1,85389.6,85303.2,85383.2
1763746440,85383.2,85448.6,85364.5,85392.7
1763746500,85392.7,85447.3,85289.5,85363
1763746560,85363,85441.9,85320.1,85441.8
1763746620,85441.8,85441.9,85213.1,85219.8
1763746680,85219.8,85256.7,85039.1,85107.3
1763746740,85107.3,85240,85088.4,85146.2
1763746800,85146.2,85176.8,85047.1,85058.1
1763746860,85058.1,85178.9,84966,85178.9
1763746920,85178.9,85241.1,85159.9,85216
1763746980,85216,85246.5,85150.9,85166.7
1763747040,85166.7,85172.6,85103.9,85150.7
1763747100,85150.7,85364.4,85150.7,85307.4
1763747160,85307.4,85318.3,85078.6,85158
1763747220,85158,85214.8,85101.3,85200.1
1763747280,85200.1,85266.3,85137.1,85266
1763747340,85266,85325.6,85250.7,85289.4
1763747400,85289.4,85289.4,85151.3,85160
1763747460,85160,85241.6,85136.3,85201
1763747520,85201,85201,84984.1,84984.2
1763747580,84984.2,85025.2,84868.7,84885.1
1763747640,84885.1,84937.5,84708.8,84840.9
1763747700,84840.9,85055.3,84840.9,84967.2
1763747760,84967.2,84967.2,84860.4,84894.2
1763747820,84894.2,84965.1,84840.8,84941.4
1763747880,84941.4,85004.9,84871,84883.3
1763747940,84883.3,84923.5,84810.8,84848.4
1763748000,84848.4,84923.1,84762.4,84769.4
1763748060,84769.4,84784.6,84675,84735
1763748120,84735,84735,84532.1,84586.7
1763748180,84586.7,84614.6,84351.5,84396
1763748240,84396,84396,84189.2,84210.2
1763748300,84210.2,84280,83972.7,83995.3
1763748360,83995.3,84243.6,83885.8,84125.9
1763748420,84125.9,84149.3,83873.7,83983.4
1763748480,83983.4,83996.1,83722.1,83881.6
1763748540,83881.6,84151.3,83839.5,84088.5
1763748600,84088.5,84093,83889.5,83924.4
1763748660,83924.4,84023.3,83754.8,83899
1763748720,83899,83900,83739.6,83763.6
1763748780,83763.6,83833.3,83537.2,83596.2
1763748840,83596.2,83649.9,83513.7,83636.3
1763748900,83636.3,83671.7,83512.1,83646.1
1763748960,83646.1,83750,83573.4,83694.1
1763749020,83694.1,83694.1,83383.6,83411
1763749080,83411,83467.6,83357.2,83450
1763749140,83450,83487.8,83414.9,83430
1763749200,83430,83430.1,83255.9,83306.1
1763749260,83306.1,83569.9,83297.1,83548.4
1763749320,83548.4,83556,83377.1,83456
1763749380,83456,83566.1,83404.5,83486.1
1763749440,83486.1,83625,83435,83596.2
1763749500,83596.2,83979.1,83531.6,83844.8
1763749560,83844.8,83874.2,83710,83751.6
1763749620,83751.6,83894.3,83749.3,83835
1763749680,83835,84135,83834.9,84027.3
1763749740,84027.3,84070,83934.3,84021.8
1763749800,84021.8,84134.6,83920.3,84089.6
1763749860,84089.6,84233.2,84084.3,84213.3
1763749920,84213.3,84360,84179.9,84360
1763749980,84360,84396.7,84130,84157.1
1763750040,84157.1,84259.4,84157.1,84257.2
1763750100,84257.2,84300,84227,84300
1763750160,84300,84532.3,84299.9,84438.8
1763750220,84438.8,84509.3,84434.4,84478.7
1763750280,84478.7,84550,84445.9,84479.9
1763750340,84479.9,84522.8,84437.9,84479.1
1763750400,84479.1,84500,84308.3,84358.5
1763750460,84358.5,84375.4,84130,84329.7
1763750520,84329.7,84346.5,84230.5,84314.1
1763750580,84314.1,84441.1,84314.1,84437.7
1763750640,84437.7,84495.1,84389.5,84495.1
1763750700,84495.1,84550,84361.4,84409.1
1763750760,84409.1,84467.1,84392,84402
1763750820,84402,84525.8,84361.6,84520
1763750880,84520,85030.2,84512.4,84890.4
1763750940,84890.4,85048,84735,84766.7
1763751000,84766.7,84977.9,84766.6,84833.7
1763751060,84833.7,84940,84740.9,84816
1763751120,84816,84820.4,84642.1,84694.6
1763751180,84694.6,84833.3,84694.5,84742.5
1763751240,84742.5,84742.5,84524.1,84646.6
1763751300,84646.6,84687.9,84574.2,84677.2
1763751360,84677.2,84717.8,84578,84613
1763751420,84613,84626.9,84465.6,84567.6
1763751480,84567.6,84611.8,84520,84583.5
1763751540,84583.5,84603.9,84532.7,84540.1
1763751600,84540.1,84630,84531.8,84568.7
1763751660,84568.7,84624.7,84412.1,84419.8
1763751720,84419.8,84550,84419.8,84517.4
1763751780,84517.4,84675.7,84491.9,84652.6
1763751840,84652.6,84740.2,84591,84708.3
1763751900,84708.3,84772.7,84630.6,84632.8
1763751960,84632.8,84632.8,84531,84569.4
1763752020,84569.4,84617.4,84536.8,84550
1763752080,84550,84590.9,84514.7,84586.6
1763752140,84586.6,84823.4,84586.6,84785.1
1763752200,84785.1,84856.1,84681.1,84724.9
1763752260,84724.9,84758,84621.2,84708
1763752320,84708,84718.8,84572.4,84579.9
1763752380,84579.9,84579.9,84469.7,84481.2
1763752440,84481.2,84569.3,84457.1,84530.3
1763752500,84530.3,84530.3,84432.6,84528.4
1763752560,84528.4,84664,84528.3,84664
1763752620,84664,84690.6,84610.1,84676.9
1763752680,84676.9,84678.5,84510.5,84541.5
1763752740,84541.5,84732.4,84533.7,84729.5
1763752800,84729.5,84890.9,84672.1,84870
1763752860,84870,84944.2,84866.2,84928.9
1763752920,84928.9,84997.4,84808.3,84825
1763752980,84825,84854.4,84728.6,84852.2
1763753040,84852.2,84916.7,84778.6,84869.2
1763753100,84869.2,84995.6,84869,84939.2
1763753160,84939.2,84975.6,84915.3,84933.8
1763753220,84933.8,84933.8,84900,84902.1
1763753280,84902.1,84902.2,84794.3,84850.2
1763753340,84850.2,84899.4,84831.2,84862.1
1763753400,84862.1,84960,84829.5,84844.7
1763753460,84844.7,84863.7,84666.8,84691.9
1763753520,84691.9,84759.7,84638.4,84706.5
1763753580,84706.5,84729.9,84611.8,84611.8
1763753640,84611.8,84641.8,84583.4,84608.9
1763753700,84608.9,84697.9,84608.9,84697.9
1763753760,84697.9,84804,84697.8,84715.3
1763753820,84715.3,84790.1,84672,84790.1
1763753880,84790.1,84832.7,84776.9,84812
1763753940,84812,84821.7,84708.5,84708.5
1763754000,84708.5,84748.5,84632,84642.3
1763754060,84642.3,84661.8,84565,84633.6
1763754120,84633.6,84657.6,84595.5,84627.1
1763754180,84627.1,84627.1,84398.4,84410.3
1763754240,84410.3,84441.7,84308.7,84409.8
1763754300,84409.8,84420.7,84300.1,84342.1
1763754360,84342.1,84376,84179.4,84236.7
1763754420,84236.7,84328.1,84182.6,84328
1763754480,84328,84399.9,84253.1,84350.8
1763754540,84350.8,84411.7,84288.3,84332
1763754600,84332,84373.9,84268.8,84288.1
1763754660,84288.1,84288.1,84206.4,84212.4
1763754720,84212.4,84270,84150,84214.2
1763754780,84214.2,84214.2,84075.2,84087
1763754840,84087,84160.2,84030,84143.4
1763754900,84143.4,84319.9,84143.3,84309.9
1763754960,84309.9,84324.3,84211.7,84223.8
1763755020,84223.8,84230.8,84131.6,84189.7
1763755080,84189.7,84231.8,84152.8,84152.8
1763755140,84152.8,84190,84139.3,84164.6
1763755200,84164.6,84232.1,84135.9,84189
1763755260,84189,84333.4,84155.2,84303
1763755320,84303,84306,84166.7,84207.7
1763755380,84207.7,84303.8,84189.4,84287.6
1763755440,84287.6,84287.6,84140,84153.8
1763755500,84153.8,84159,84000,84027.3
1763755560,84027.3,84067.7,83968.7,83968.7
1763755620,83968.7,84039,83842.9,83873.1
1763755680,83873.1,83893.9,83814.4,83893.8
1763755740,83893.8,83899.4,83845.6,83891.8
1763755800,83891.8,83979.3,83888.2,83979
1763755860,83979,84053.1,83979,84051.1
1763755920,84051.1,84313.6,84051,84172.7
1763755980,84172.7,84172.7,84049.7,84072.4
1763756040,84072.4,84168.3,84072,84168.2
1763756100,84168.2,84175.8,83958.1,83958.1
1763756160,83958.1,83958.1,83893.1,83921.4
1763756220,83921.4,83939.4,83842.9,83888.1
1763756280,83888.1,83900,83800,83814.1
1763756340,83814.1,83863.7,83734.3,83785
1763756400,83785,83807.3,83702.9,83783.7
1763756460,83783.7,83819.4,83736.1,83781.7
1763756520,83781.7,83852.6,83740.9,83813.1
1763756580,83813.1,83838.9,83672.7,83678.7
1763756640,83678.7,83678.7,83603.7,83670.1
1763756700,83670.1,83827.3,83662.6,83827.3
1763756760,83827.3,83870.9,83797,83837
1763756820,83837,83839.9,83608.8,83609.9
1763756880,83609.9,83620,83555.7,83610.7
1763756940,83610.7,83610.8,83466.4,83500
1763757000,83500,83544.8,83428.8,83465.5
1763757060,83465.5,83537.5,83445.5,83515.1
1763757120,83515.1,83536.6,83412.2,83432.8
1763757180,83432.8,83661.3,83418.3,83661.2
1763757240,83661.2,83679.3,83515,83533.8
1763757300,83533.8,83832.2,83528.3,83715.4
1763757360,83715.4,83762,83659.4,83694.5
1763757420,83694.5,83869.7,83653.2,83849.5
1763757480,83849.5,84143.6,83849.5,84143.6
1763757540,84143.6,84169.9,83952.4,83952.4
1763757600,83952.4,84045,83886.3,84045
1763757660,84045,84144.8,84000.1,84061.5
1763757720,84061.5,84149.4,84028.3,84028.3
1763757780,84028.3,84232.2,83960.7,84143.4
1763757840,84143.4,84231.6,84112.5,84201
1763757900,84201,84297.9,84180.1,84247.5
1763757960,84247.5,84441.4,84238.1,84426.4
1763758020,84426.4,84542,84313,84447
1763758080,84447,84562.8,84397.4,84548.8
1763758140,84548.8,84604.2,84495.3,84508.5
1763758200,84508.5,84600,84323.2,84323.2
1763758260,84323.2,84506.9,84320.1,84461
1763758320,84461,84498.3,84386.6,84386.6
1763758380,84386.6,84450.8,84343.8,84343.8
1763758440,84343.8,84456.8,84297,84456.8
1763758500,84456.8,84478.3,84214.1,84324.4
1763758560,84324.4,84545.6,84324.4,84528.1
1763758620,84528.1,84621.2,84460.2,84600.3
1763758680,84600.3,84602.4,84460.9,84506.3
1763758740,84506.3,84617.2,84345.3,84526.7
1763758800,84526.7,84580,84469,84579.9
1763758860,84579.9,84729.8,84579.9,84608.1
1763758920,84608.1,84645,84559,84579.6
1763758980,84579.6,84579.6,84415.6,84440.7
1763759040,84440.7,84473.6,84285.6,84473.6
1763759100,84473.6,84500,84391.1,84437
1763759160,84437,84584,84436.9,84531
1763759220,84531,84549.9,84464,84541.9
1763759280,84541.9,84541.9,84462,84523.1
1763759340,84523.1,84546.8,84429,84447.2
1763759400,84447.2,84558,84416.7,84557.9
1763759460,84557.9,84608.4,84484,84484
1763759520,84484,84508.5,84398.6,84492
1763759580,84492,84598.2,84492,84564.3
1763759640,84564.3,84600,84540.1,84570
1763759700,84570,84604.4,84452.7,84452.7
1763759760,84452.7,84489.1,84385.2,84404.2
1763759820,84404.2,84555.7,84404.2,84554.5
1763759880,84554.5,84596.9,84400.6,84403.2
1763759940,84403.2,84527.6,84403.2,84473.9
1763760000,84473.9,84676.4,84463.6,84657.8
1763760060,84657.8,84733.6,84632.9,84699
1763760120,84699,84794.7,84697.9,84773.9
1763760180,84773.9,84840.4,84766.2,84839.9
1763760240,84839.9,84850,84688,84705.1
1763760300,84705.1,84920,84687,84890
1763760360,84890,84918.6,84880,84886.3
1763760420,84886.3,84944,84886.3,84911.2
1763760480,84911.2,84915.6,84883.2,84902
1763760540,84902,84951.1,84901.9,84912.9
1763760600,84912.9,84950,84896.6,84950
1763760660,84950,84991.7,84938.6,84988.5
1763760720,84988.5,85058.7,84951,85020.8
1763760780,85020.8,85035.5,84946.2,84957.3
1763760840,84957.3,84957.4,84900,84949.9
1763760900,84949.9,85087.4,84949.9,85045.8
1763760960,85045.8,85250,85045.8,85171.9
1763761020,85171.9,85171.9,85043.8,85080.8
1763761080,85080.8,85164.2,85071.2,85164.1
1763761140,85164.1,85228.5,85133.1,85228.5
1763761200,85228.5,85290,85178.1,85275.8
1763761260,85275.8,85290,85208.9,85249.2
1763761320,85249.2,85350,85249.1,85312.2
1763761380,85312.2,85314.5,85281.5,85292.8
1763761440,85292.8,85292.8,85182.9,85211.2
1763761500,85211.2,85224.1,85131.6,85166.9
1763761560,85166.9,85206.1,85104,85104
1763761620,85104,85199.9,85104,85198.8
1763761680,85198.8,85300,85193.6,85275.7
1763761740,85275.7,85303.3,85221.1,85241.5
1763761800,85241.5,85270.9,85214.9,85239.4
1763761860,85239.4,85371.5,85233.4,85365
1763761920,85365,85373,85317,85344
1763761980,85344,85346.4,85301.2,85308
1763762040,85308,85308,85177.1,85204.1
1763762100,85204.1,85240.9,85101.8,85126.6
1763762160,85126.6,85243.2,85107.6,85200
1763762220,85200,85217.8,85160.6,85161.4
1763762280,85161.4,85199.4,85100.3,85126.9
1763762340,85126.9,85149.9,85104,85149.8
1763762400,85149.8,85175.6,85118.4,85145.7
1763762460,85145.7,85281.2,85145.7,85250.5
1763762520,85250.5,85322.1,85250.5,85304.6
1763762580,85304.6,85373,85289.1,85339.3
1763762640,85339.3,85341.6,85277,85282.7
1763762700,85282.7,85282.7,85153.4,85153.4
1763762760,85153.4,85293.5,85135.4,85293.5
1763762820,85293.5,85298.6,85200,85254.9
1763762880,85254.9,85275.7,85218.1,85259.8
1763762940,85259.8,85269,85235.4,85251.4
1763763000,85251.4,85251.4,85231,85233.2
1763763060,85233.2,85233.3,85107.9,85107.9
1763763120,85107.9,85113.8,85065.2,85080.2
1763763180,85080.2,85140.7,85026.1,85107.9
1763763240,85107.9,85140.6,85104,85121.3
1763763300,85121.3,85142.8,85061.9,85089.4
1763763360,85089.4,85149.9,85074.3,85131.4
1763763420,85131.4,85172.8,85097,85164.5
1763763480,85164.5,85164.5,85063.9,85082.5
1763763540,85082.5,85159.9,85077.4,85099
1763763600,85099,85099,85036.1,85055.1
1763763660,85055.1,85093.7,85031.8,85060.6
1763763720,85060.6,85060.6,84979.3,84979.3
1763763780,84979.3,84979.3,84740,84764.7
1763763840,84764.7,84874.8,84745.1,84749
1763763900,84749,84795.1,84680.1,84771.6
1763763960,84771.6,84873.9,84771.6,84873.9
1763764020,84873.9,84987.1,84848.7,84916.1
1763764080,84916.1,84920,84809.9,84858.7
1763764140,84858.7,84898.5,84795,84795
1763764200,84795,84795.1,84546.6,84555.4
1763764260,84555.4,84586.6,84491.6,84513
1763764320,84513,84550,84456.1,84529.4
1763764380,84529.4,84529.4,84400,84414.3
1763764440,84414.3,84419.5,84400,84413.9
1763764500,84413.9,84414,84304.6,84310.4
1763764560,84310.4,84552.4,84310.4,84520.8
1763764620,84520.8,84653,84464.9,84535.3
1763764680,84535.3,84562.5,84376,84394.2
1763764740,84394.2,84554,84394.2,84462.7
1763764800,84462.7,84564.3,84462.7,84462.8
1763764860,84462.8,84481.6,84374.5,84444.8
1763764920,84444.8,84579.9,84443.6,84511
1763764980,84511,84567.8,84511,84538.3
1763765040,84538.3,84635.3,84526.5,84635.3
1763765100,84635.3,84937.5,84630.9,84839.5
1763765160,84839.5,84839.5,84673.6,84673.6
1763765220,84673.6,84673.6,84457.9,84461
1763765280,84461,84541.9,84412.1,84541.9
1763765340,84541.9,84578.9,84489.8,84545.6
1763765400,84545.6,84648,84525.1,84562.8
1763765460,84562.8,84562.8,84412.1,84472.6
1763765520,84472.6,84472.6,84335,84365.6
1763765580,84365.6,84438.7,84279.2,84438.6
1763765640,84438.6,84451,84354.9,84415.1
1763765700,84415.1,84415.7,84336.4,84415.7
1763765760,84415.7,84451,84399.9,84440.3
1763765820,84440.3,84489.7,84366.4,84371.1
1763765880,84371.1,84400.8,84285.8,84302.9
1763765940,84302.9,84354.8,84213.7,84239.3
1763766000,84239.3,84357.6,84215,84243.8
1763766060,84243.8,84277.8,84150,84165.4
1763766120,84165.4,84182.2,84100.7,84147.7
1763766180,84147.7,84208.5,84138.8,84180.2
1763766240,84180.2,84270.4,84180.2,84267.1
1763766300,84267.1,84320,84155.1,84176.7
1763766360,84176.7,84191.2,84125.1,84142.8
1763766420,84142.8,84142.9,84075.3,84085.1
1763766480,84085.1,84199.9,84085,84168.3
1763766540,84168.3,84241.6,84155.3,84229.1
1763766600,84229.1,84243.8,84162.4,84188.1
1763766660,84188.1,84307.3,84180,84300.9
1763766720,84300.9,84369.6,84300.9,84347.3
1763766780,84347.3,84420,84322.1,84388.1
1763766840,84388.1,84420,84360.6,84399.2
1763766900,84399.2,84498.3,84399.2,84483.1
1763766960,84483.1,84530,84483,84521.6
1763767020,84521.6,84598.1,84519.6,84578.7
1763767080,84578.7,84595.6,84561,84569.7
1763767140,84569.7,84644.9,84569.6,84644.8
1763767200,84644.8,84710,84626.2,84710
1763767260,84710,84833.4,84700,84833.3
1763767320,84833.3,84833.3,84720.3,84720.4
1763767380,84720.4,84846,84720.3,84838
1763767440,84838,84863.4,84755.8,84755.9
1763767500,84755.9,84780.2,84700,84780.2
1763767560,84780.2,84824.5,84744.4,84753.2
1763767620,84753.2,84847.1,84723.8,84824.2
1763767680,84824.2,84948.4,84824.1,84937.8
1763767740,84937.8,84997.4,84910,84990.8
1763767800,84990.8,84990.8,84905.4,84951
1763767860,84951,85065.2,84951,85061.3
1763767920,85061.3,85061.3,84950,84962.1
1763767980,84962.1,85000.1,84947.1,85000.1
1763768040,85000.1,85065.2,85000.1,85030.3
1763768100,85030.3,85030.4,84956.6,84956.6
1763768160,84956.6,84971.6,84851.7,84883.2
1763768220,84883.2,84900,84823.2,84886.6
1763768280,84886.6,84947.3,84859.8,84946.3
1763768340,84946.3,85002.2,84929,84962.6
1763768400,84962.6,85060,84962.5,85047.5
1763768460,85047.5,85165.3,85033,85165.3
1763768520,85165.3,85223.5,85151.7,85211.7
1763768580,85211.7,85217.8,85154.6,85154.6
1763768640,85154.6,85206.5,85142.1,85206.5
1763768700,85206.5,85318.2,85206.4,85281.9
1763768760,85281.9,85281.9,85208.7,85236.3
1763768820,85236.3,85236.4,85091.4,85107.4
1763768880,85107.4,85123,85094.2,85104.9
1763768940,85104.9,85149.9,85100.8,85149.7
1763769000,85149.7,85150,85001.7,85001.7
1763769060,85001.7,85073.1,84997.4,85066.8
1763769120,85066.8,85103.5,85058.2,85103.5
1763769180,85103.5,85129.7,85058.3,85129.7
1763769240,85129.7,85166.7,85056.9,85070.9
1763769300,85070.9,85071,85015.3,85025.2
1763769360,85025.2,85061.6,85011.2,85061.5
1763769420,85061.5,85135.2,85061.5,85120.4
1763769480,85120.4,85140.4,85078.6,85127.5
1763769540,85127.5,85136.9,85089.6,85097.1
1764547200,90308.6,90374.4,90224,90364.8
1764547260,90364.8,90364.8,90254.5,90254.6
1764547320,90254.6,90299.5,90226.5,90253.5
1764547380,90253.5,90253.5,90135.1,90144
1764547440,90144,90144.1,89356.5,89769.2
1764547500,89769.2,89782,89469,89542.5
1764547560,89542.5,89596.6,89366.3,89422.5
1764547620,89422.5,89501.2,89124.8,89151.1
1764547680,89151.1,89343.1,88900.1,89066.4
1764547740,89066.4,89240,88897.9,89092
1764547800,89092,89226.7,88836.7,89013.4
1764547860,89013.4,89281.1,88911,89217
1764547920,89217,89240.6,88916.7,88927.9
1764547980,88927.9,89019.2,88820.3,88940.6
1764548040,88940.6,89081.6,88868,88887
1764548100,88887,89017.3,88816.3,88929.2
1764548160,88929.2,89056.7,88861.5,88941.3
1764548220,88941.3,88941.3,88731.2,88750.9
1764548280,88750.9,88874.3,88608.4,88765.8
1764548340,88765.8,88765.8,88590,88673.1
1764548400,88673.1,88813.1,88661,88670
1764548460,88670,88670,88400.1,88515.7
1764548520,88515.7,88573.3,88450,88541.9
1764548580,88541.9,88542,88376,88379.7
1764548640,88379.7,88531.3,88358,88496.4
1764548700,88496.4,88652.6,88487.5,88570.2
1764548760,88570.2,88598.8,88425.7,88438
1764548820,88438,88438,88326.5,88348.6
1764548880,88348.6,88403.8,88315.7,88325.5
1764548940,88325.5,88365.4,88310,88330.3
1764549000,88330.3,88330.3,88168.4,88243.3
1764549060,88243.3,88414.9,88160.7,88281.6
1764549120,88281.6,88281.7,87992.5,88046.3
1764549180,88046.3,88046.3,87733.4,87900.8
1764549240,87900.8,87995.9,87784.1,87909
1764549300,87909,87930.2,87581.9,87760.2
1764549360,87760.2,87975.2,87740.4,87890.1
1764549420,87890.1,88059.9,87815.3,87896.4
1764549480,87896.4,88001.9,87656.8,87664.8
1764549540,87664.8,87835.7,87632.6,87820
1764549600,87820,87870.8,87700,87809.9
1764549660,87809.9,88142.1,87770.6,88100.3
1764549720,88100.3,88150.6,87925.2,87941.5
1764549780,87941.5,87946.8,87709.8,87749
1764549840,87749,87765.7,87660,87700.1
1764549900,87700.1,87749.8,87559.6,87609.7
1764549960,87609.7,87651.6,87500.3,87535
1764550020,87535,87584.3,87376.3,87536.7
1764550080,87536.7,87536.8,87386.4,87411.8
1764550140,87411.8,87567.1,87380.5,87394.4
1764550200,87394.4,87450,87374.4,87425.7
1764550260,87425.7,87425.7,87208.5,87300.1
1764550320,87300.1,87449,87261.4,87352.9
1764550380,87352.9,87359.7,87133.5,87175.5
1764550440,87175.5,87175.6,87103,87107.9
1764550500,87107.9,87107.9,87000.1,87021.4
1764550560,87021.4,87056,86919.8,87028.8
1764550620,87028.8,87269.8,87018.4,87057.3
1764550680,87057.3,87137.2,86977.1,87046.4
1764550740,87046.4,87078.9,86950,86957
1764550800,86957,87090.4,86888,86988.3
1764550860,86988.3,87179.2,86988.3,87153.4
1764550920,87153.4,87402.1,87153.4,87370.8
1764550980,87370.8,87535.4,87300.2,87329.6
1764551040,87329.6,87436.6,87322.4,87390.1
1764551100,87390.1,87450,87320.7,87357.6
1764551160,87357.6,87357.6,87220.2,87263.9
1764551220,87263.9,87528.8,87240,87503.5
1764551280,87503.5,87600.5,87500,87600.5
1764551340,87600.5,87655.6,87335.7,87335.8
1764551400,87335.8,87335.8,87145.1,87260.7
1764551460,87260.7,87316.6,87203.4,87312.3
1764551520,87312.3,87430,87256.4,87424.3
1764551580,87424.3,87520.3,87400.9,87436.8
1764551640,87436.8,87447.9,87326.9,87371
1764551700,87371,87559.2,87349.4,87530.4
1764551760,87530.4,87640,87489.6,87612.4
1764551820,87612.4,87681.6,87544.9,87607.6
1764551880,87607.6,87695.2,87558.8,87683.8
1764551940,87683.8,87711.9,87451,87488.9
1764552000,87488.9,87488.9,87325,87381.2
1764552060,87381.2,87500,87340.4,87399
1764552120,87399,87510.3,87397.1,87476.9
1764552180,87476.9,87512.4,87437.6,87447.4
1764552240,87447.4,87499.9,87271.1,87287.6
1764552300,87287.6,87324.6,87184.8,87266.3
1764552360,87266.3,87308.9,87194.1,87304
1764552420,87304,87370,87278.4,87278.5
1764552480,87278.5,87352.2,87241.6,87293
1764552540,87293,87318.2,87204,87220.4
1764552600,87220.4,87231.6,87120,87157.4
1764552660,87157.4,87341.3,87156.3,87267.9
1764552720,87267.9,87333.4,87217.7,87298.7
1764552780,87298.7,87433.5,87298.7,87348.4
1764552840,87348.4,87429.3,87277,87323.5
1764552900,87323.5,87425,87297.3,87424.9
1764552960,87424.9,87512.7,87412.6,87512.7
1764553020,87512.7,87529.3,87470.3,87511.7
1764553080,87511.7,87569.8,87391.7,87407.3
1764553140,87407.3,87466.5,87353.9,87381.7
1764553200,87381.7,87381.7,87272.8,87345.1
1764553260,87345.1,87464,87345,87464
1764553320,87464,87510,87441,87452.5
1764553380,87452.5,87507,87410.1,87436
1764553440,87436,87470.7,87366.3,87380.1
1764553500,87380.1,87420.7,87365.7,87366
1764553560,87366,87428.8,87297.2,87307.8
1764553620,87307.8,87413,87272.9,87413
1764553680,87413,87416.1,87363,87388.4
1764553740,87388.4,87388.5,87300,87300.1
1764553800,87300.1,87321.2,87251.1,87295.4
1764553860,87295.4,87316,87240,87261.5
1764553920,87261.5,87276.2,87205.3,87212.7
1764553980,87212.7,87230.5,87191.1,87203.9
1764554040,87203.9,87208,87143.3,87152
1764554100,87152,87269.8,87151.9,87210.1
1764554160,87210.1,87302.5,87200,87267
1764554220,87267,87287,87217.6,87271.2
1764554280,87271.2,87319,87203.8,87213.1
1764554340,87213.1,87213.1,87093,87122.6
1764554400,87122.6,87150,87105.9,87134.3
1764554460,87134.3,87134.4,87020,87047.6
1764554520,87047.6,87121.7,87030.1,87121.7
1764554580,87121.7,87259.9,87121.7,87233.6
1764554640,87233.6,87329.3,87222.3,87316
1764554700,87316,87392.8,87309,87334.8
1764554760,87334.8,87358.4,87200,87234.7
1764554820,87234.7,87235.5,87155.6,87167.3
1764554880,87167.3,87279.1,87163,87229.7
1764554940,87229.7,87293,87215.2,87236.3
1764555000,87236.3,87240.1,87155.1,87221.1
1764555060,87221.1,87300,87217.8,87300
1764555120,87300,87462.7,87300,87429.3
1764555180,87429.3,87459.4,87412.4,87421.8
1764555240,87421.8,87421.8,87348,87352.9
1764555300,87352.9,87425.5,87335.4,87368.5
1764555360,87368.5,87368.5,87252.2,87252.3
1764555420,87252.3,87299.2,87252.3,87253.1
1764555480,87253.1,87291.9,87222.8,87242.4
1764555540,87242.4,87268.9,87199.4,87205.2
1764555600,87205.2,87226.4,87155.2,87155.2
1764555660,87155.2,87239.5,87139.9,87203.4
1764555720,87203.4,87230.7,87182.4,87182.4
1764555780,87182.4,87195.7,87129.9,87150.9
1764555840,87150.9,87162.4,87085.6,87095.4
1764555900,87095.4,87155.2,87084.9,87104.7
1764555960,87104.7,87149.6,87058.9,87080.7
1764556020,87080.7,87143.1,87080.7,87126.1
1764556080,87126.1,87141,87100,87117.6
1764556140,87117.6,87125.7,87041.6,87044.2
1764556200,87044.2,87090.1,87025.6,87030
1764556260,87030,87080.3,87010.6,87042
1764556320,87042,87079.1,87014.1,87048
1764556380,87048,87106,87030,87030.1
1764556440,87030.1,87074.2,86931.9,87053.6
1764556500,87053.6,87112,87028,87028
1764556560,87028,87062,86944.8,86944.8
1764556620,86944.8,86944.8,86662.5,86674.9
1764556680,86674.9,86722,86507,86587.7
1764556740,86587.7,86669,86538.7,86644
1764556800,86644,86900.2,86644,86853.7
1764556860,86853.7,86888,86757.6,86859
1764556920,86859,86913.9,86844.4,86894.9
1764556980,86894.9,86909.2,86792.6,86815.9
1764557040,86815.9,86833.8,86761.7,86766.1
1764557100,86766.1,86807.5,86675.9,86685.2
1764557160,86685.2,86703.1,86584.3,86599.6
1764557220,86599.6,86637.9,86544.6,86568.2
1764557280,86568.2,86606.9,86536.3,86539.9
1764557340,86539.9,86563.8,86450,86457.7
1764557400,86457.7,86540,86410.6,86534.5
1764557460,86534.5,86572.1,86461,86461.1
1764557520,86461.1,86518.9,86460.8,86486.1
1764557580,86486.1,86617.5,86486,86581.3
1764557640,86581.3,86735.5,86550,86732.8
1764557700,86732.8,86795.5,86715.7,86773.7
1764557760,86773.7,86792.4,86680.8,86701.9
1764557820,86701.9,86744.5,86685,86712.6
1764557880,86712.6,86730.2,86681,86730.1
1764557940,86730.1,86760,86670,86675
1764558000,86675,86739.4,86654,86739.4
1764558060,86739.4,86755.9,86583.1,86586.6
1764558120,86586.6,86639.4,86564.5,86588.6
1764558180,86588.6,86743.7,86588.6,86702.8
1764558240,86702.8,86766.2,86688.6,86722.3
1764558300,86722.3,86778.1,86722.1,86742.1
1764558360,86742.1,86742.1,86532.4,86568.1
1764558420,86568.1,86568.2,86500.1,86515.8
1764558480,86515.8,86522.5,86436.6,86460.9
1764558540,86460.9,86469.8,86400,86429.9
1764558600,86429.9,86463.4,86350,86415.4
1764558660,86415.4,86479.6,86400.7,86461.6
1764558720,86461.6,86498,86457.4,86488.4
1764558780,86488.4,86498,86387,86424.3
1764558840,86424.3,86441.3,86359.5,86367
1764558900,86367,86440,86367,86409.3
1764558960,86409.3,86409.3,86290,86309.9
1764559020,86309.9,86373.2,86272,86341.5
1764559080,86341.5,86590,86330.4,86524.5
1764559140,86524.5,86524.6,86339.4,86384.2
1764559200,86384.2,86457.2,86384.2,86402.9
1764559260,86402.9,86524.2,86391.5,86477.4
1764559320,86477.4,86541.9,86428,86429.9
1764559380,86429.9,86475.4,86416.7,86446.2
1764559440,86446.2,86456.5,86356,86455.2
1764559500,86455.2,86505.9,86438.6,86505.9
1764559560,86505.9,86512.3,86382.8,86382.9
1764559620,86382.9,86457.4,86370,86370
1764559680,86370,86448.5,86343.4,86422.3
1764559740,86422.3,86422.3,86344.1,86359.2
1764559800,86359.2,86381.9,86302,86304.9
1764559860,86304.9,86337.8,86184.9,86220.6
1764559920,86220.6,86299.6,86213.7,86292.8
1764559980,86292.8,86343.5,86250.1,86301.5
1764560040,86301.5,86343.5,86217.7,86234.9
1764560100,86234.9,86260.8,86216.4,86235.2
1764560160,86235.2,86260.5,86166.5,86232.5
1764560220,86232.5,86318,86232.4,86257.4
1764560280,86257.4,86287.5,86217.3,86217.4
1764560340,86217.4,86217.4,86127.4,86183.2
1764560400,86183.2,86278.8,86183.2,86278.8
1764560460,86278.8,86394.9,86250.4,86394.8
1764560520,86394.8,86395.5,86325,86395.5
1764560580,86395.5,86412.8,86369.6,86386.7
1764560640,86386.7,86422,86376.6,86419.8
1764560700,86419.8,86447.2,86388.8,86405.9
1764560760,86405.9,86405.9,86340.1,86360.4
1764560820,86360.4,86360.4,86283.1,86330.5
1764560880,86330.5,86348.1,86259.2,86278.2
1764560940,86278.2,86283.9,86215,86219.2
1764561000,86219.2,86268.3,86215,86254.3
1764561060,86254.3,86316,86225.1,86285.5
1764561120,86285.5,86368.5,86277,86290.4
1764561180,86290.4,86331.7,86273.6,86273.6
1764561240,86273.6,86273.6,86259.5,86259.5
1764561300,86259.5,86284.4,86255,86278.3
1764561360,86278.3,86358.8,86278.1,86340.1
1764561420,86340.1,86381.3,86327.3,86381.3
1764561480,86381.3,86399.5,86360.8,86365.6
1764561540,86365.6,86393.4,86294.1,86322.2
1764561600,86322.2,86322.2,86218.7,86225
1764561660,86225,86244,86190.5,86216.6
1764561720,86216.6,86294.5,86205.3,86205.3
1764561780,86205.3,86245.9,86155,86195.1
1764561840,86195.1,86268.5,86176.4,86182.5
1764561900,86182.5,86220.4,86155,86177.5
1764561960,86177.5,86232.1,86177.5,86221.8
1764562020,86221.8,86322,86221.8,86322
1764562080,86322,86331.4,86231.5,86240.8
1764562140,86240.8,86256.8,86155,86155
1764562200,86155,86175,86050.3,86159.1
1764562260,86159.1,86250,86102.5,86113.8
1764562320,86113.8,86153.3,86102.5,86116.7
1764562380,86116.7,86119.8,85926.9,85984.1
1764562440,85984.1,86062,85969.9,86011.7
1764562500,86011.7,86041.5,85983.8,86010.9
1764562560,86010.9,86010.9,85836.2,85877.3
1764562620,85877.3,85992.8,85870,85934.8
1764562680,85934.8,85986,85934.8,85986
1764562740,85986,86031.2,85980,85998.2
1764562800,85998.2,86003,85917.2,85928
1764562860,85928,85988,85900,85941.9
1764562920,85941.9,85949.8,85843.2,85843.2
1764562980,85843.2,85890.1,85800.3,85819.9
1764563040,85819.9,85842.2,85751,85805.2
1764563100,85805.2,85806.7,85722,85722.8
1764563160,85722.8,85762.3,85667.2,85682.1
1764563220,85682.1,85749.7,85670.9,85723.8
1764563280,85723.8,85739.6,85702.5,85722.2
1764563340,85722.2,85731.3,85672.8,85712.4
1764563400,85712.4,85780.5,85650,85778.7
1764563460,85778.7,85800.4,85707.1,85773.3
1764563520,85773.3,85823.8,85761.6,85823
1764563580,85823,85823,85770,85811
1764563640,85811,85906,85810.9,85873.8
1764563700,85873.8,85915.5,85850,85915.5
1764563760,85915.5,85915.5,85830,85830.1
1764563820,85830.1,85860,85764.6,85815
1764563880,85815,85900.6,85787.9,85883.4
1764563940,85883.4,85919.9,85880.1,85908.8
1764564000,85908.8,85933,85892,85903.1
1764564060,85903.1,85954.8,85878.7,85954.8
1764564120,85954.8,85983,85915.7,85934.7
1764564180,85934.7,85962.5,85931,85931
1764564240,85931,85931,85856.8,85865.6
1764564300,85865.6,85883.8,85823.5,85883.8
1764564360,85883.8,85883.8,85828.3,85860
1764564420,85860,85878.3,85830.1,85861.1
1764564480,85861.1,85880.9,85829.2,85868.4
1764564540,85868.4,85868.4,85830,85830.1
1764564600,85830.1,85863,85820,85820.1
1764564660,85820.1,85849.7,85817.1,85837.7
1764564720,85837.7,85884.4,85837.7,85864.8
1764564780,85864.8,85864.8,85737.7,85744.3
1764564840,85744.3,85776.7,85712.1,85720.9
1764564900,85720.9,85773.8,85720.8,85763.3
1764564960,85763.3,85796.4,85711.8,85796.4
1764565020,85796.4,85835.9,85781.6,85781.6
1764565080,85781.6,85800,85740.6,85740.6
1764565140,85740.6,85780.8,85723.5,85760.1
1764565200,85760.1,85777.6,85709.2,85760.1
1764565260,85760.1,85882.8,85760.1,85876.9
1764565320,85876.9,85896.4,85800.1,85810.3
1764565380,85810.3,85841.8,85800.4,85804
1764565440,85804,85814.2,85769.5,85799.2
1764565500,85799.2,85808.6,85737.2,85808.6
1764565560,85808.6,85860.4,85672.9,85673.9
1764565620,85673.9,85729.3,85666,85678.3
1764565680,85678.3,85678.3,85560.2,85632.6
1764565740,85632.6,85717.3,85622.5,85717.2
1764565800,85717.2,85854.8,85711.9,85832.2
1764565860,85832.2,85898.6,85801,85804.1
1764565920,85804.1,85806.7,85730.1,85806.7
1764565980,85806.7,85846,85756.5,85756.6
1764566040,85756.6,85756.6,85720,85724.3
1764566100,85724.3,85764.9,85706.7,85750.1
1764566160,85750.1,85800,85730,85731.1
1764566220,85731.1,85799.8,85731,85768.8
1764566280,85768.8,85768.8,85690.5,85707.8
1764566340,85707.8,85715,85664.2,85664.2
1764566400,85664.2,85712.1,85660,85700.1
1764566460,85700.1,85750,85700,85727.8
1764566520,85727.8,85793.1,85727.1,85776.2
1764566580,85776.2,85793.1,85741.9,85755
1764566640,85755,85815.2,85740,85809.7
1764566700,85809.7,85904,85791.7,85888.1
1764566760,85888.1,85898,85852.3,85898
1764566820,85898,85914.6,85865.2,85892.3
1764566880,85892.3,85923.2,85885.1,85923.2
1764566940,85923.2,85983.7,85923.1,85978.8
1764567000,85978.8,85978.8,85840.6,85842.1
1764567060,85842.1,85842.1,85817.6,85817.6
1764567120,85817.6,85862.2,85817.2,85852.7
1764567180,85852.7,85893.5,85848.6,85850.1
1764567240,85850.1,85850.1,85831.3,85839.9
1764567300,85839.9,85839.9,85750,85808
1764567360,85808,85822.8,85761,85761
1764567420,85761,85765.3,85722,85722
1764567480,85722,85744,85663.6,85680.9
1764567540,85680.9,85711.1,85617.9,85626
1764567600,85626,85708.8,85608,85687.5
1764567660,85687.5,85739.8,85687.4,85723.2
1764567720,85723.2,85754.2,85723.2,85732.2
1764567780,85732.2,85769.5,85732.1,85760.4
1764567840,85760.4,85760.4,85709.7,85709.8
1764567900,85709.8,85857.1,85709.7,85839
1764567960,85839,85900,85832,85852.8
1764568020,85852.8,85893.2,85817.2,85891.9
1764568080,85891.9,85897,85865.8,85896.9
1764568140,85896.9,85937.7,85890.7,85926.6
1764568200,85926.6,85926.9,85862.1,85888.5
1764568260,85888.5,85947.7,85888.5,85944.4
1764568320,85944.4,85948,85905.5,85938.9
1764568380,85938.9,85960,85917.9,85956
1764568440,85956,85956.1,85894.2,85894.3
1764568500,85894.3,85920.1,85881,85908.7
1764568560,85908.7,85937.9,85900,85911.4
1764568620,85911.4,85922.5,85898.8,85915.4
1764568680,85915.4,85940.6,85911,85940.6
1764568740,85940.6,85974.2,85940.5,85964.2
1764568800,85964.2,86039.5,85938.8,86034.9
1764568860,86034.9,86163.3,86034.8,86154.4
1764568920,86154.4,86193.7,86135.1,86145.1
1764568980,86145.1,86168.8,86064,86086.3
1764569040,86086.3,86130,86085.6,86115
1764569100,86115,86125,85953,85957.4
1764569160,85957.4,86001.5,85957.3,86001.5
1764569220,86001.5,86082.4,86001.4,86048.9
1764569280,86048.9,86114.6,86048.8,86102
1764569340,86102,86102,86069.7,86078.5
1764569400,86078.5,86117.9,86063.3,86087.3
1764569460,86087.3,86166,86075.2,86151.3
1764569520,86151.3,86175,86111,86111.1
1764569580,86111.1,86181.9,86111.1,86181.9
1764569640,86181.9,86246.2,86168.7,86232.5
1764569700,86232.5,86232.5,86178,86216.4
1764569760,86216.4,86216.4,86085,86090
1764569820,86090,86135,86080,86080
1764569880,86080,86135.9,86072.1,86129
1764569940,86129,86129,86020.1,86020.1
1764570000,86020.1,86038.6,85990,86038.5
1764570060,86038.5,86052.4,85970.1,85981.2
1764570120,85981.2,86011.5,85978.8,86011.4
1764570180,86011.4,86068.8,85991.2,85991.3
1764570240,85991.3,86032.5,85990.8,85991
1764570300,85991,86061.9,85987.1,86050.1
1764570360,86050.1,86058.4,86000,86004
1764570420,86004,86018,86000,86008.7
1764570480,86008.7,86008.7,85978.6,85978.6
1764570540,85978.6,86035.7,85976.3,86035.7
1764570600,86035.7,86035.7,85987.1,85995.5
1764570660,85995.5,86028,85970.7,85970.7
1764570720,85970.7,86028,85926.9,86021
1764570780,86021,86044,85988,85993.8
1764570840,85993.8,86046.6,85993.8,86027.8
1764570900,86027.8,86068.3,85992.7,86068.3
1764570960,86068.3,86075.5,86045.5,86049.6
1764571020,86049.6,86149.9,86049.6,86148.1
1764571080,86148.1,86203.3,86148.1,86174.2
1764571140,86174.2,86215.4,86174.2,86192.3
1764571200,86192.3,86192.3,86137.4,86182.3
1764571260,86182.3,86194.4,86138.4,86166.2
1764571320,86166.2,86200,86150.6,86150.7
1764571380,86150.7,86175.1,86136,86175.1
1764571440,86175.1,86250,86175.1,86244
1764571500,86244,86260,86214.9,86241.3
1764571560,86241.3,86254.5,86202.8,86254.5
1764571620,86254.5,86271.8,86222.5,86269.4
1764571680,86269.4,86314,86228.1,86228.2
1764571740,86228.2,86244.6,86198,86243.1
1764571800,86243.1,86243.1,86141.8,86142
1764571860,86142,86195.1,86084.4,86092.6
1764571920,86092.6,86140,86056.4,86139.2
1764571980,86139.2,86171.2,86118.7,86164.1
1764572040,86164.1,86174,86111.6,86151.8
1764572100,86151.8,86237.4,86128.1,86237.4
1764572160,86237.4,86263.2,86237.3,86253.2
1764572220,86253.2,86294.7,86247.7,86280.1
1764572280,86280.1,86289.9,86200,86200
1764572340,86200,86220.3,86178.5,86185.8
1764572400,86185.8,86222.1,86183.4,86183.4
1764572460,86183.4,86187.2,86130.5,86146.8
1764572520,86146.8,86228.1,86146.5,86228.1
1764572580,86228.1,86228.1,86151.9,86197.9
1764572640,86197.9,86238,86157,86162.7
1764572700,86162.7,86162.7,86071.2,86085.5
1764572760,86085.5,86141.7,86063,86095.4
1764572820,86095.4,86095.5,86050,86069.7
1764572880,86069.7,86088.5,86033.1,86033.1
1764572940,86033.1,86081.8,86033,86081.7
1764573000,86081.7,86126.5,86040.9,86040.9
1764573060,86040.9,86105.6,86040.9,86065
1764573120,86065,86073.8,86064,86064.2
1764573180,86064.2,86139.4,86048.1,86139.4
1764573240,86139.4,86173.8,86114.6,86114.6
1764573300,86114.6,86114.7,86070.6,86070.6
1764573360,86070.6,86135,86056,86081.2
1764573420,86081.2,86148,86081.2,86116.5
1764573480,86116.5,86130.9,86100.4,86128.1
1764573540,86128.1,86143.2,86094.4,86103.3
1764573600,86103.3,86103.3,86025.3,86065
1764573660,86065,86090.1,86029.5,86050
1764573720,86050,86062.4,86000.6,86006.7
1764573780,86006.7,86054.5,86004,86049.9
1764573840,86049.9,86112.5,86049.9,86105.4
1764573900,86105.4,86194,86105.3,86165.7
1764573960,86165.7,86193.9,86153,86166.5
1764574020,86166.5,86245.5,86158.2,86228.2
1764574080,86228.2,86247.5,86217.3,86243.5
1764574140,86243.5,86253.5,86196,86203.9
1764574200,86203.9,86225.4,86143.6,86143.6
1764574260,86143.6,86167.8,86100,86150.7
1764574320,86150.7,86190,86134,86178.3
1764574380,86178.3,86254,86178.2,86245.6
1764574440,86245.6,86272.2,86225.1,86251.7
1764574500,86251.7,86277.2,86232.1,86232.2
1764574560,86232.2,86283.4,86232.1,86283.3
1764574620,86283.3,86283.4,86264,86283.4
1764574680,86283.4,86425,86283.3,86395.8
1764574740,86395.8,86395.9,86336.3,86336.4
1764574800,86336.4,86344.8,86272.1,86275.1
1764574860,86275.1,86400,86275,86383.9
1764574920,86383.9,86430,86373.6,86404.7
1764574980,86404.7,86430,86404.7,86420.4
1764575040,86420.4,86455.8,86393,86410.9
1764575100,86410.9,86481.8,86392.6,86470.2
1764575160,86470.2,86517.8,86460,86507.1
1764575220,86507.1,86511.1,86442.2,86442.3
1764575280,86442.3,86483,86440.2,86448.3
1764575340,86448.3,86488.2,86425.7,86488.2
1764575400,86488.2,86507.6,86400,86400
1764575460,86400,86477,86395.1,86472
1764575520,86472,86516.2,86471.3,86488.8
1764575580,86488.8,86517.5,86462,86462
1764575640,86462,86462,86402.2,86441.6
1764575700,86441.6,86494.9,86438.4,86494.9
1764575760,86494.9,86516.7,86472.3,86501.9
1764575820,86501.9,86502,86443.3,86473
1764575880,86473,86499,86465.5,86478.6
1764575940,86478.6,86511.4,86461.8,86491.9
1764576000,86491.9,86491.9,86440.1,86463
1764576060,86463,86463,86438.5,86451.5
1764576120,86451.5,86511.3,86450.2,86463
1764576180,86463,86469,86394,86396.2
1764576240,86396.2,86396.2,86347.7,86355.5
1764576300,86355.5,86396.1,86347.5,86382.3
1764576360,86382.3,86530,86377.6,86507.4
1764576420,86507.4,86629.6,86507.3,86580.9
1764576480,86580.9,86585,86531.5,86582.3
1764576540,86582.3,86582.4,86540.8,86541.4
1764576600,86541.4,86541.5,86464.6,86489.1
1764576660,86489.1,86489.1,86385,86389
1764576720,86389,86408.5,86351.9,86388.9
1764576780,86388.9,86436.3,86388.9,86435.4
1764576840,86435.4,86452.2,86417.5,86420
1764576900,86420,86490.3,86400,86464.4
1764576960,86464.4,86492.8,86436.4,86492.7
1764577020,86492.7,86539,86469,86513.2
1764577080,86513.2,86513.3,86463.8,86494.7
1764577140,86494.7,86528.1,86494.7,86502.3
1764577200,86502.3,86531.5,86502.3,86511.9
1764577260,86511.9,86531.3,86511.8,86527.9
1764577320,86527.9,86530.5,86491,86491
1764577380,86491,86491,86440,86471
1764577440,86471,86477.4,86440.7,86448.8
1764577500,86448.8,86475.5,86448.8,86466.3
1764577560,86466.3,86499.4,86466.3,86493.9
1764577620,86493.9,86541.3,86493.9,86507.1
1764577680,86507.1,86541.3,86500,86541.3
1764577740,86541.3,86600,86541.3,86600
1764577800,86600,86616.2,86525.9,86540.9
1764577860,86540.9,86540.9,86500,86526.8
1764577920,86526.8,86535.3,86470.9,86470.9
1764577980,86470.9,86476.4,86451.2,86451.2
1764578040,86451.2,86528.4,86451.2,86520
1764578100,86520,86614.3,86519.9,86614.3
1764578160,86614.3,86684,86614.2,86652
1764578220,86652,86652,86586.4,86598
1764578280,86598,86664.3,86598,86646.3
1764578340,86646.3,86656.3,86609.6,86656.2
1764578400,86656.2,86699.9,86641.3,86699.6
1764578460,86699.6,86699.6,86655.5,86673
1764578520,86673,86720,86662.2,86716.4
1764578580,86716.4,86735.8,86674,86735.8
1764578640,86735.8,86751,86735.7,86744.9
1764578700,86744.9,86748.8,86715,86726.9
1764578760,86726.9,86727,86686.9,86720
1764578820,86720,86727,86697.7,86699.8
1764578880,86699.8,86745.9,86699.8,86745.9
1764578940,86745.9,86805.1,86719.1,86758.6
1764579000,86758.6,86758.7,86725,86744.3
1764579060,86744.3,86791.6,86736.4,86791.5
1764579120,86791.5,86791.6,86750,86759.3
1764579180,86759.3,86807.7,86759.2,86806
1764579240,86806,86807.8,86738.9,86739
1764579300,86739,86809.4,86735.5,86800
1764579360,86800,86814.1,86793.8,86797.7
1764579420,86797.7,86808.7,86763.1,86764.1
1764579480,86764.1,86798.4,86751.8,86798.4
1764579540,86798.4,86841,86794.5,86811.5
1764579600,86811.5,86811.5,86715.9,86761.2
1764579660,86761.2,86862,86761.2,86862
1764579720,86862,86888,86823.1,86823.1
1764579780,86823.1,86873.3,86823.1,86863
1764579840,86863,86874.8,86747.9,86748.5
1764579900,86748.5,86850,86721.1,86822.7
1764579960,86822.7,86822.7,86719.9,86751.7
1764580020,86751.7,86763.3,86743.1,86753.7
1764580080,86753.7,86760,86720.6,86737.5
1764580140,86737.5,86745.4,86679.7,86690.7
1764580200,86690.7,86690.7,86593.4,86646.6
1764580260,86646.6,86685,86607,86617.4
1764580320,86617.4,86653.9,86603,86608.1
1764580380,86608.1,86608.1,86553.8,86573.4
1764580440,86573.4,86605.7,86550,86605.6
1764580500,86605.6,86650,86573.1,86634.1
1764580560,86634.1,86680.9,86600,86678.9
1764580620,86678.9,86700,86616.1,86646.2
1764580680,86646.2,86672.3,86628.2,86672.3
1764580740,86672.3,86683.4,86649.2,86676.8
1764580800,86676.8,86689.4,86664.1,86677
1764580860,86677,86723.6,86677,86708.8
1764580920,86708.8,86741,86695.5,86726.4
1764580980,86726.4,86726.4,86654.2,86722.1
1764581040,86722.1,86722.1,86654.7,86664.7
1764581100,86664.7,86664.8,86596.7,86620.5
1764581160,86620.5,86620.5,86484.1,86486.3
1764581220,86486.3,86552.4,86463.6,86552.3
1764581280,86552.3,86598.9,86552.3,86574.9
1764581340,86574.9,86591,86545.8,86562
1764581400,86562,86572,86532.5,86563.4
1764581460,86563.4,86592,86543.9,86544.8
1764581520,86544.8,86597.9,86544.8,86597.9
1764581580,86597.9,86626.5,86569.3,86616.2
1764581640,86616.2,86638.2,86616.1,86626.9
1764581700,86626.9,86627.8,86592.7,86624.1
1764581760,86624.1,86678.4,86624.1,86678.4
1764581820,86678.4,86678.4,86630,86670
1764581880,86670,86700,86613.2,86613.2
1764581940,86613.2,86637.9,86582.2,86637.9
1764582000,86637.9,86700,86623.5,86683.9
1764582060,86683.9,86716,86680,86716
1764582120,86716,86722.8,86700,86719.8
1764582180,86719.8,86765.4,86719.8,86765.4
1764582240,86765.4,86800,86762.1,86800
1764582300,86800,86852,86790.1,86840.1
1764582360,86840.1,86840.1,86730.8,86730.9
1764582420,86730.9,86773.2,86700,86740.7
1764582480,86740.7,86742,86680,86691.4
1764582540,86691.4,86691.4,86660,86660
1764582600,86660,86712.5,86653,86708.3
1764582660,86708.3,86759.3,86703.4,86752.1
1764582720,86752.1,86760,86683.6,86711
1764582780,86711,86713.3,86666.5,86666.6
1764582840,86666.6,86686.6,86652.9,86662.2
1764582900,86662.2,86662.3,86642.2,86644.6
1764582960,86644.6,86700,86644.5,86699.9
1764583020,86699.9,86702.4,86666.9,86694.9
1764583080,86694.9,86695,86663.3,86669.1
1764583140,86669.1,86689,86657.9,86657.9
1764583200,86657.9,86728.2,86657.9,86728.2
1764583260,86728.2,86761.3,86723,86728.2
1764583320,86728.2,86745.2,86698.8,86725.2
1764583380,86725.2,86746,86693.1,86714.9
1764583440,86714.9,86716.2,86666.8,86667.7
1764583500,86667.7,86744.2,86663.2,86744.2
1764583560,86744.2,86760,86722.8,86722.8
1764583620,86722.8,86787.8,86721.9,86768.7
1764583680,86768.7,86777.6,86748.9,86765.3
1764583740,86765.3,86765.3,86700,86719.8
1764583800,86719.8,86724.4,86683,86711
1764583860,86711,86718,86681.7,86681.8
1764583920,86681.8,86727.9,86678.3,86701
1764583980,86701,86701,86677.7,86688.1
1764584040,86688.1,86700.1,86622,86629.9
1764584100,86629.9,86650.1,86565.8,86615.7
1764584160,86615.7,86615.7,86580,86580.1
1764584220,86580.1,86598.9,86565.1,86592.4
1764584280,86592.4,86598.9,86565.8,86595.2
1764584340,86595.2,86633.6,86562.4,86633.6
1764584400,86633.6,86633.8,86576.1,86596.1
1764584460,86596.1,86605.4,86577.5,86577.5
1764584520,86577.5,86601.5,86571,86601.3
1764584580,86601.3,86623.7,86591.2,86600
1764584640,86600,86613.6,86598.4,86613.6
1764584700,86613.6,86613.6,86550,86566.6
1764584760,86566.6,86590.4,86540.7,86546.7
1764584820,86546.7,86546.7,86520,86520.1
1764584880,86520.1,86544.3,86500,86544
1764584940,86544,86563.1,86543.9,86544.9
1764585000,86544.9,86588,86544.9,86588
1764585060,86588,86627.7,86587.9,86605.6
1764585120,86605.6,86623.5,86605.5,86610.9
1764585180,86610.9,86610.9,86547.1,86547.1
1764585240,86547.1,86562.3,86516.7,86562.2
1764585300,86562.2,86594.7,86541.8,86594.7
1764585360,86594.7,86612.8,86574.7,86586
1764585420,86586,86600,86558.3,86599.9
1764585480,86599.9,86602.2,86573.4,86602.1
1764585540,86602.1,86602.1,86553.6,86595.6
1764585600,86595.6,86595.6,86555,86555.1
1764585660,86555.1,86577.2,86526.4,86577.2
1764585720,86577.2,86598.1,86573.2,86589.3
1764585780,86589.3,86589.3,86552.7,86564.3
1764585840,86564.3,86590.9,86564.3,86590.8
1764585900,86590.8,86628.1,86585.6,86585.7
1764585960,86585.7,86650,86585.7,86627.1
1764586020,86627.1,86650,86625.8,86641.7
1764586080,86641.7,86664.3,86603.2,86603.3
1764586140,86603.3,86625.1,86595.7,86611.8
1764586200,86611.8,86626.1,86611.7,86621.7
1764586260,86621.7,86623.4,86590,86590
1764586320,86590,86593.7,86561,86571.4
1764586380,86571.4,86610,86556.8,86609.9
1764586440,86609.9,86609.9,86599.1,86608.8
1764586500,86608.8,86647.5,86589,86589
1764586560,86589,86616.4,86582.6,86585.4
1764586620,86585.4,86617.7,86584.5,86610.2
1764586680,86610.2,86614.3,86598.2,86602.6
1764586740,86602.6,86618,86597.1,86601
1764586800,86601,86614.7,86601,86601.1
1764586860,86601.1,86660,86601,86660
1764586920,86660,86660,86599.6,86599.6
1764586980,86599.6,86601,86561,86577
1764587040,86577,86577.1,86524.5,86524.5
1764587100,86524.5,86524.5,86463.8,86482.5
1764587160,86482.5,86484,86428,86452.9
1764587220,86452.9,86494.4,86452.9,86484.7
1764587280,86484.7,86494.6,86444.1,86460.2
1764587340,86460.2,86464.8,86435.4,86446.3
1764587400,86446.3,86500,86446.3,86495.3
1764587460,86495.3,86495.4,86440.5,86444.3
1764587520,86444.3,86461.1,86438.6,86454.9
1764587580,86454.9,86459.3,86440,86440
1764587640,86440,86465.6,86438.3,86442.6
1764587700,86442.6,86460.6,86414.2,86427.9
1764587760,86427.9,86494.5,86427.9,86476.8
1764587820,86476.8,86494.2,86395.7,86403.6
1764587880,86403.6,86423,86392.8,86409
1764587940,86409,86428.3,86392.5,86410.5
1764588000,86410.5,86433.2,86391.5,86391.5
1764588060,86391.5,86479.5,86369.7,86437
1764588120,86437,86446,86373.2,86405.6
1764588180,86405.6,86419.3,86378.5,86391.2
1764588240,86391.2,86439.3,86387.3,86413.3
1764588300,86413.3,86483.3,86413.2,86442.8
1764588360,86442.8,86444.4,86391.7,86393.5
1764588420,86393.5,86397.2,86373.3,86380.6
1764588480,86380.6,86412.8,86380.6,86412.8
1764588540,86412.8,86448.2,86406.1,86421.3
1764588600,86421.3,86430,86376.3,86393.7
1764588660,86393.7,86393.8,86358.6,86379.7
1764588720,86379.7,86379.8,86259,86320.1
1764588780,86320.1,86344.4,86310.6,86318
1764588840,86318,86341.6,86293.6,86341.5
1764588900,86341.5,86371.9,86318.2,86371.8
1764588960,86371.8,86416.8,86352.8,86416.8
1764589020,86416.8,86447,86401.6,86401.7
1764589080,86401.7,86401.7,86335.2,86368.4
1764589140,86368.4,86378,86325.8,86350.6
1764589200,86350.6,86365,86328,86353.5
1764589260,86353.5,86355.1,86310,86310.2
1764589320,86310.2,86330,86293.1,86330
1764589380,86330,86330,86283.8,86311.1
1764589440,86311.1,86311.1,86193.4,86233.6
1764589500,86233.6,86266.7,86196.1,86251.8
1764589560,86251.8,86284.3,86251.7,86276.4
1764589620,86276.4,86276.4,86219.3,86238.7
1764589680,86238.7,86283.6,86238.7,86283.5
1764589740,86283.5,86309,86226.2,86254.6
1764589800,86254.6,86308.3,86250.1,86304.2
1764589860,86304.2,86323.1,86264.1,86272
1764589920,86272,86298.4,86255.9,86255.9
1764589980,86255.9,86298.1,86255.9,86272.9
1764590040,86272.9,86272.9,86242,86257.8
1764590100,86257.8,86257.8,86201.4,86211
1764590160,86211,86244.3,86210,86244.3
1764590220,86244.3,86244.3,86188,86188.5
1764590280,86188.5,86237.5,86120.1,86120.2
1764590340,86120.2,86146.2,86076.2,86087.8
1764590400,86087.8,86108.6,86058.9,86065.8
1764590460,86065.8,86152.5,86050,86151
1764590520,86151,86188.2,86093.9,86105.2
1764590580,86105.2,86124.7,86060.7,86107.1
1764590640,86107.1,86157.6,86079.2,86087.8
1764590700,86087.8,86087.8,85965,85984.8
1764590760,85984.8,85985,85908.7,85946.3
1764590820,85946.3,86003.1,85922.4,85922.4
1764590880,85922.4,85991.5,85874.1,85970.3
1764590940,85970.3,86018.8,85932.4,85941.1
1764591000,85941.1,86014.6,85932.1,85983
1764591060,85983,85983,85849,85870
1764591120,85870,85870,85732.3,85786.6
1764591180,85786.6,85850,85778.1,85781.5
1764591240,85781.5,85841.6,85770.1,85822.6
1764591300,85822.6,85904.3,85822.5,85881
1764591360,85881,85913.5,85826.8,85913
1764591420,85913,85913,85825.9,85851
1764591480,85851,85858,85785.5,85807.8
1764591540,85807.8,85855,85807.8,85852.3
1764591600,85852.3,85854.8,85806,85819.9
1764591660,85819.9,85952.5,85819.9,85907.4
1764591720,85907.4,85950,85893.7,85949.9
1764591780,85949.9,86014,85949.9,85958.4
1764591840,85958.4,85964.8,85936.3,85957.4
1764591900,85957.4,85957.4,85914.7,85921
1764591960,85921,85924.8,85874.8,85881.1
1764592020,85881.1,85881.1,85795,85795
1764592080,85795,85800,85766,85778.1
1764592140,85778.1,85794,85750,85793.9
1764592200,85793.9,85812.8,85773.2,85787.7
1764592260,85787.7,85789.3,85702.4,85723.7
1764592320,85723.7,85782.8,85686.1,85744.1
1764592380,85744.1,85752.5,85650,85650
1764592440,85650,85674.1,85616.2,85658.2
1764592500,85658.2,85738.3,85658.2,85738.3
1764592560,85738.3,85833.4,85733.6,85821.5
1764592620,85821.5,85821.5,85725.1,85727.6
1764592680,85727.6,85793.9,85727.5,85772.1
1764592740,85772.1,85772.1,85687.1,85692.6
1764592800,85692.6,85696.6,85549.2,85572.6
1764592860,85572.6,85630.9,85522.9,85592.9
1764592920,85592.9,85627.1,85375.8,85417.3
1764592980,85417.3,85417.3,85352.3,85398
1764593040,85398,85445.4,85379.5,85431.1
1764593100,85431.1,85476.1,85427.5,85438.2
1764593160,85438.2,85438.2,85214.8,85256.1
1764593220,85256.1,85345.2,85229.6,85271.6
1764593280,85271.6,85300.1,84888,84903.8
1764593340,84903.8,84933,84711.2,84786
1764593400,84786,85136,84709,85129.8
1764593460,85129.8,85394,85110,85280
1764593520,85280,85387.4,85280,85340.4
1764593580,85340.4,85421.2,85320,85370.5
1764593640,85370.5,85450,85320,85368.2
1764593700,85368.2,85394.1,85200,85218.9
1764593760,85218.9,85347,85218.8,85224.7
1764593820,85224.7,85432.9,85224.4,85415.1
1764593880,85415.1,85500,85395,85465.9
1764593940,85465.9,85500,85375.9,85392.7
1764594000,85392.7,85427.2,85325,85369.3
1764594060,85369.3,85629.5,85308.1,85602.9
1764594120,85602.9,85947.5,85582.8,85860
1764594180,85860,86087,85796.6,86000.1
1764594240,86000.1,86127.3,85888,85895.9
1764594300,85895.9,85984.4,85794.7,85801.2
1764594360,85801.2,85858.3,85735,85782.5
1764594420,85782.5,85940.2,85782.5,85940.2
1764594480,85940.2,86060.9,85940.1,85990.7
1764594540,85990.7,86087.4,85977.5,86035.1
1764594600,86035.1,86035.1,85876.2,85891.4
1764594660,85891.4,85970.7,85858.9,85863.6
1764594720,85863.6,85979.4,85863.6,85941.8
1764594780,85941.8,85990,85900.5,85950
1764594840,85950,86049.6,85949.8,86049.6
1764594900,86049.6,86108.8,86030,86094.8
1764594960,86094.8,86099.2,86015.2,86091
1764595020,86091,86095.4,85908.5,86020
1764595080,86020,86038.9,85940.3,85940.3
1764595140,85940.3,85941.2,85889.3,85905.2
1764595200,85905.2,86019.8,85905.2,86011.7
1764595260,86011.7,86034.9,85894.9,85899.9
1764595320,85899.9,85983.4,85899.9,85973.2
1764595380,85973.2,86010.9,85935,86010.5
1764595440,86010.5,86014.3,85900,85903.6
1764595500,85903.6,85952,85894.9,85896.1
1764595560,85896.1,86007.7,85887.9,86007.7
1764595620,86007.7,86015,85931.9,85931.9
1764595680,85931.9,85964.9,85922,85956.1
1764595740,85956.1,85976.8,85946.2,85955.4
1764595800,85955.4,85984.8,85900.2,85968.8
1764595860,85968.8,85980,85823.1,85823.1
1764595920,85823.1,85842.8,85740.3,85754.9
1764595980,85754.9,85827,85694.3,85819.6
1764596040,85819.6,85879.8,85728.5,85747.3
1764596100,85747.3,85807,85707.8,85800
1764596160,85800,85901.2,85799.2,85892.9
1764596220,85892.9,85899.5,85807.6,85817.3
1764596280,85817.3,85850,85790,85798.3
1764596340,85798.3,85798.3,85681.1,85703.2
1764596400,85703.2,85710,85628,85677.8
1764596460,85677.8,85789.1,85677.8,85778.8
1764596520,85778.8,85789.2,85701,85751.9
1764596580,85751.9,85773.1,85730,85754.7
1764596640,85754.7,85837.3,85743.7,85750
1764596700,85750,85776.4,85731.1,85758.4
1764596760,85758.4,85794.1,85710,85779.8
1764596820,85779.8,85790.9,85708.9,85767.4
1764596880,85767.4,85781.2,85706.7,85747.2
1764596940,85747.2,85789.6,85746.2,85756
1764597000,85756,85775,85702.5,85770
1764597060,85770,85944.7,85716.9,85921
1764597120,85921,85973.8,85902.7,85930.4
1764597180,85930.4,86077.4,85930.4,86070.3
1764597240,86070.3,86076,85977.3,85983.8
1764597300,85983.8,85983.8,85857.7,85895.8
1764597360,85895.8,85942.2,85890,85906.8
1764597420,85906.8,85948.2,85906.8,85933.2
1764597480,85933.2,86008.1,85933.2,85969.1
1764597540,85969.1,85976.6,85945,85950
1764597600,85950,85994.2,85935.4,85977.1
1764597660,85977.1,86019,85970.1,86007.5
1764597720,86007.5,86028.6,85921,86015.2
1764597780,86015.2,86089.9,86004.6,86049.2
1764597840,86049.2,86273,86049.2,86233.2
1764597900,86233.2,86233.5,86012.4,86012.4
1764597960,86012.4,86115.1,86012.4,86061.3
1764598020,86061.3,86078.2,85963.8,85979.4
1764598080,85979.4,86060.2,85961.1,86035.3
1764598140,86035.3,86243.1,86035.3,86223.4
1764598200,86223.4,86231.3,86173.6,86209.4
1764598260,86209.4,86209.4,86096.3,86152.3
1764598320,86152.3,86301.8,86152.3,86280.2
1764598380,86280.2,86291.3,86208.9,86216.8
1764598440,86216.8,86235.2,86158,86191.6
1764598500,86191.6,86219.3,86088.8,86112.6
1764598560,86112.6,86131.4,86016.5,86027
1764598620,86027,86032.5,85917.1,85917.9
1764598680,85917.9,86025,85917.8,86025
1764598740,86025,86081.1,85989.7,86081.1
1764598800,86081.1,86097,86036.8,86036.9
1764598860,86036.9,86062.1,86009.4,86043.7
1764598920,86043.7,86130.3,86043,86128.1
1764598980,86128.1,86128.1,86031.2,86031.2
1764599040,86031.2,86052.3,86020,86042.2
1764599100,86042.2,86120.4,86000,86120.3
1764599160,86120.3,86135,86081.3,86135
1764599220,86135,86181.9,86107.6,86177.6
1764599280,86177.6,86243.8,86177.6,86222.2
1764599340,86222.2,86233.2,86194.3,86194.3
1764599400,86194.3,86289,86122.4,86264.6
1764599460,86264.6,86282.4,85888.1,85893.3
1764599520,85893.3,86112.5,85862.9,86084.8
1764599580,86084.8,86337.8,86024.7,86300.3
1764599640,86300.3,86334.5,86190.7,86284.2
1764599700,86284.2,86450,86284.1,86381.9
1764599760,86381.9,86564.1,86369.6,86502.4
1764599820,86502.4,86639.6,86470.2,86549.7
1764599880,86549.7,86550,86370,86374.6
1764599940,86374.6,86425.5,86330.6,86350
1764600000,86350,86408.9,86216.5,86221.6
1764600060,86221.6,86225.2,86062.7,86159.6
1764600120,86159.6,86159.6,86018.2,86100
1764600180,86100,86146.8,85933.4,85943.4
1764600240,85943.4,86050.9,85923.3,86003
1764600300,86003,86084,85901,86084
1764600360,86084,86250.3,86084,86216.2
1764600420,86216.2,86264.2,86174.8,86174.8
1764600480,86174.8,86185.5,85904.6,85913.9
1764600540,85913.9,86007.9,85887.7,85940.2
1764600600,85940.2,85948.7,85807.9,85922
1764600660,85922,86000.8,85921.3,86000
1764600720,86000,86068.7,85949,86031.9
1764600780,86031.9,86069,85916.8,85916.8
1764600840,85916.8,86037.2,85916.8,85987.2
1764600900,85987.2,86174.9,85975.6,86164.7
1764600960,86164.7,86285.3,86164.7,86221.9
1764601020,86221.9,86241.7,86130,86148.6
1764601080,86148.6,86176.5,86070.4,86099.2
1764601140,86099.2,86099.3,85968.9,86010.3
1764601200,86010.3,86071.8,85920,86037.7
1764601260,86037.7,86089.2,85968.7,86004.2
1764601320,86004.2,86050,85941.6,85999.2
1764601380,85999.2,86009.9,85802,85802.1
1764601440,85802.1,85832.9,85671.2,85714.3
1764601500,85714.3,85744.8,85565.5,85705.4
1764601560,85705.4,85824.6,85680.5,85815.9
1764601620,85815.9,85902.5,85799.7,85807.4
1764601680,85807.4,85890.8,85796.5,85832.4
1764601740,85832.4,85849.9,85756.4,85827.3
1764601800,85827.3,85875.4,85750,85836.1
1764601860,85836.1,85884.5,85753.6,85783.2
1764601920,85783.2,85803,85737.4,85803
1764601980,85803,85859.4,85769.6,85785.1
1764602040,85785.1,85785.1,85542.3,85542.7
1764602100,85542.7,85624.1,85424.5,85424.5
1764602160,85424.5,85697,85388.7,85670.7
1764602220,85670.7,85700,85574.2,85655.9
1764602280,85655.9,85666.2,85521.4,85586.9
1764602340,85586.9,85586.9,85501.3,85509.1
1764602400,85509.1,85538,85408.1,85470.1
1764602460,85470.1,85475.8,85313.6,85383.1
1764602520,85383.1,85451.7,85288.2,85324.3
1764602580,85324.3,85362.7,85244,85264.2
1764602640,85264.2,85407,85264.2,85270.5
1764602700,85270.5,85301.1,85040,85109.3
1764602760,85109.3,85125.9,85001,85026.9
1764602820,85026.9,85081,84918,84965.5
1764602880,84965.5,85045.4,84931,84940
1764602940,84940,84956.8,84890,84910.9
1764603000,84910.9,84933.6,84807.4,84814.1
1764603060,84814.1,84929.3,84774.5,84777.6
1764603120,84777.6,84826.4,84558.4,84750.2
1764603180,84750.2,84788.5,84550,84571.7
1764603240,84571.7,84598.8,84200,84388
1764603300,84388,84562.9,84327.9,84434.1
1764603360,84434.1,84717.4,84416.8,84584.4
1764603420,84584.4,84635,84414.9,84442.4
1764603480,84442.4,84563.7,84418.7,84418.7
1764603540,84418.7,84485.1,84333.4,84358.9
1764603600,84358.9,84400.7,84232.9,84293.8
1764603660,84293.8,84295.1,84150.9,84177.6
1764603720,84177.6,84229.9,83877.1,83943.7
1764603780,83943.7,84081.6,83908.8,83964.3
1764603840,83964.3,83985.2,83824.5,83910.8
1764603900,83910.8,84067.8,83755.3,84021
1764603960,84021,84130.2,83946.9,84045.8
1764604020,84045.8,84054.2,83882.3,84018.8
1764604080,84018.8,84333.4,84017.9,84331.5
1764604140,84331.5,84378.5,84226.6,84264.4
1764604200,84264.4,84589.7,84264.4,84546.2
1764604260,84546.2,84640,84529.7,84580.9
1764604320,84580.9,84865.2,84580.9,84844.5
1764604380,84844.5,84860.2,84700.1,84743
1764604440,84743,84843.7,84691,84692.2
1764604500,84692.2,84692.2,84590,84626.2
1764604560,84626.2,84685.5,84550.1,84570
1764604620,84570,84575.8,84460,84559.9
1764604680,84559.9,84693.9,84559.9,84595.8
1764604740,84595.8,84646,84515.9,84641.3
1764604800,84641.3,84705.3,84595.5,84696.6
1764604860,84696.6,84833.2,84603.1,84649.9
1764604920,84649.9,84650,84490.5,84492
1764604980,84492,84569.5,84479,84484.3
1764605040,84484.3,84523.3,84437.6,84473.9
1764605100,84473.9,84553.7,84457.6,84493
1764605160,84493,84517.5,84259,84280
1764605220,84280,84324.6,84226.2,84277
1764605280,84277,84285.5,84178.6,84214
1764605340,84214,84221.3,84117.1,84140
1764605400,84140,84284,84106.1,84238.2
1764605460,84238.2,84315,84207.8,84248.5
1764605520,84248.5,84350,84194.5,84331.9
1764605580,84331.9,84389,84230.8,84243.1
1764605640,84243.1,84259.9,84080,84091.5
1764605700,84091.5,84150,84034.3,84084
1764605760,84084,84150,84016.8,84049.8
1764605820,84049.8,84096.1,83989.1,84094.8
1764605880,84094.8,84138.6,84023.2,84137.1
1764605940,84137.1,84150,84066,84071.7
1764606000,84071.7,84120,84031.2,84059.9
1764606060,84059.9,84339.2,84059.9,84300.1
1764606120,84300.1,84337.9,84223.1,84230.2
1764606180,84230.2,84333.4,84170,84281.5
1764606240,84281.5,84295.3,84176.4,84286
1764606300,84286,84519.9,84282.3,84488.4
1764606360,84488.4,84495.4,84362.2,84440
1764606420,84440,84643.1,84425.5,84614.4
1764606480,84614.4,84614.4,84511.3,84523.9
1764606540,84523.9,84540.3,84491.6,84506.7
1764606600,84506.7,84589.2,84487.3,84554
1764606660,84554,84738.5,84554,84659.3
1764606720,84659.3,84740,84659.3,84719.1
1764606780,84719.1,84772.6,84675.3,84731.8
1764606840,84731.8,84755,84646.7,84750.8
1764606900,84750.8,84750.8,84675.2,84732.8
1764606960,84732.8,84776.8,84639.1,84701.6
1764607020,84701.6,85224.5,84701.6,85178.7
1764607080,85178.7,85248,85034.1,85107.1
1764607140,85107.1,85350,85100,85349.9
1764607200,85349.9,85439.7,85240.9,85311.1
1764607260,85311.1,85319.8,85179.8,85206.4
1764607320,85206.4,85306.6,85137,85279.1
1764607380,85279.1,85372.1,85214,85217
1764607440,85217,85225.1,85085.2,85094.4
1764607500,85094.4,85142.4,84990,85013.8
1764607560,85013.8,85055.1,84966.3,85012.2
1764607620,85012.2,85083.4,85000.4,85047.3
1764607680,85047.3,85047.3,84880,84884.6
1764607740,84884.6,84884.7,84740.3,84788.6
1764607800,84788.6,84827.1,84701.3,84787.6
1764607860,84787.6,84829.2,84615.2,84644.6
1764607920,84644.6,84684.6,84561.3,84598.6
1764607980,84598.6,84633.6,84500,84508.1
1764608040,84508.1,84550,84466.9,84494.3
1764608100,84494.3,84566.8,84481.8,84539.2
1764608160,84539.2,84554,84466.9,84529.3
1764608220,84529.3,84559.3,84464,84492.5
1764608280,84492.5,84513.9,84436.8,84454.5
1764608340,84454.5,84530,84449.4,84530
1764608400,84530,84627.5,84513,84571.8
1764608460,84571.8,84746.6,84571.8,84716.5
1764608520,84716.5,84722.5,84545.7,84574.8
1764608580,84574.8,84600,84502.2,84590.4
1764608640,84590.4,84775,84573.5,84775
1764608700,84775,84800,84718.2,84744.7
1764608760,84744.7,84807.8,84736.9,84807
1764608820,84807,84950,84807,84921.4
1764608880,84921.4,84929.1,84834,84917
1764608940,84917,84917,84743.4,84769.2
1764609000,84769.2,84796.3,84630,84630.8
1764609060,84630.8,84726.7,84630.8,84726.6
1764609120,84726.6,84799.9,84713.8,84774.1
1764609180,84774.1,84774.6,84595.7,84622.6
1764609240,84622.6,84627,84524.8,84529.2
1764609300,84529.2,84529.2,84385.2,84427.2
1764609360,84427.2,84606.2,84412.9,84606.2
1764609420,84606.2,84660,84573,84628.8
1764609480,84628.8,84710.4,84584.3,84584.3
1764609540,84584.3,84648,84561.3,84647.6
1764609600,84647.6,84705.4,84623.7,84690.5
1764609660,84690.5,84795.6,84690.4,84795.6
1764609720,84795.6,84873.7,84780.2,84857.2
1764609780,84857.2,84866.5,84733.4,84736.4
1764609840,84736.4,84852.3,84736.3,84852.3
1764609900,84852.3,84863.4,84810,84830.8
1764609960,84830.8,84877.9,84810,84860.4
1764610020,84860.4,84933,84860.4,84899.2
1764610080,84899.2,84958,84894.4,84940.5
1764610140,84940.5,85016.9,84935.1,84940
1764610200,84940,84957.1,84811,84814.6
1764610260,84814.6,84814.6,84748.2,84751.8
1764610320,84751.8,84766.4,84642.3,84660.4
1764610380,84660.4,84722,84620,84708.8
1764610440,84708.8,84718.5,84643.7,84650.8
1764610500,84650.8,84840,84632.8,84832.5
1764610560,84832.5,84853,84797.6,84852.6
1764610620,84852.6,84991.3,84844.8,84969
1764610680,84969,84970.3,84887.2,84889.6
1764610740,84889.6,84983.8,84881.4,84983.8
1764610800,84983.8,85053.6,84965.4,84965.5
1764610860,84965.5,85028.3,84952.4,84952.4
1764610920,84952.4,85016.3,84883.6,84996.7
1764610980,84996.7,85077.6,84970.2,85077.5
1764611040,85077.5,85163,85077.5,85148.1
1764611100,85148.1,85220.8,85143.9,85214.8
1764611160,85214.8,85221,85120.7,85183.5
1764611220,85183.5,85183.5,85036.9,85060.4
1764611280,85060.4,85114.1,85048.4,85111.1
1764611340,85111.1,85189.1,85108.5,85110.3
1764611400,85110.3,85118.8,85023.3,85045.8
1764611460,85045.8,85077.9,85001.4,85031.7
1764611520,85031.7,85079.9,85003.7,85011.8
1764611580,85011.8,85067.9,84980.8,85050
1764611640,85050,85126.4,85001.4,85126.3
1764611700,85126.3,85148.6,84934.2,84949
1764611760,84949,85005.1,84919.5,84934.2
1764611820,84934.2,84988,84907.1,84932.9
1764611880,84932.9,84974.5,84900,84907
1764611940,84907,84932.1,84859.4,84894.9
1764612000,84894.9,85015.5,84888.1,85006.8
1764612060,85006.8,85114.2,85000.6,85093.4
1764612120,85093.4,85124.1,85068.1,85081.4
1764612180,85081.4,85081.5,85002.1,85027.7
1764612240,85027.7,85035.6,84960,85004.8
1764612300,85004.8,85038.8,84929,84929
1764612360,84929,85010.9,84910.1,84984.9
1764612420,84984.9,85076.2,84956.2,85076.2
1764612480,85076.2,85090.5,84965.9,84984.6
1764612540,84984.6,84991.8,84912,84940
1764612600,84940,85069.5,84940,85021.9
1764612660,85021.9,85140,85021.8,85138.6
1764612720,85138.6,85417,85138.6,85417
1764612780,85417,85434,85273.3,85364.8
1764612840,85364.8,85488.2,85317.4,85386
1764612900,85386,85457.7,85350,85418.9
1764612960,85418.9,85425.4,85308.1,85308.1
1764613020,85308.1,85398,85284.1,85353.3
1764613080,85353.3,85390.4,85283.7,85381.9
1764613140,85381.9,85483,85332,85449.8
1764613200,85449.8,85540.5,85350,85350
1764613260,85350,85367.9,85225.1,85266.6
1764613320,85266.6,85335.8,85258.7,85302
1764613380,85302,85335.8,85257.8,85335.8
1764613440,85335.8,85419.8,85335.5,85419.8
1764613500,85419.8,85449.6,85352.1,85352.1
1764613560,85352.1,85352.1,85280,85280
1764613620,85280,85280.1,85200,85277.3
1764613680,85277.3,85333.3,85277.3,85285.4
1764613740,85285.4,85287,85210,85261.6
1764613800,85261.6,85293.3,85126.6,85148
1764613860,85148,85148,85023,85075
1764613920,85075,85162.2,85074.9,85146.2
1764613980,85146.2,85171.6,85104.2,85149
1764614040,85149,85172.9,85114.9,85116.6
1764614100,85116.6,85116.6,85022,85022
1764614160,85022,85023.4,84934.1,84975
1764614220,84975,84991.8,84927.7,84944.1
1764614280,84944.1,84974.2,84892.7,84974.2
1764614340,84974.2,84988.8,84863.4,84870.2
1764614400,84870.2,84876.4,84780.9,84788.8
1764614460,84788.8,84799.7,84726,84774.4
1764614520,84774.4,84786.4,84686.3,84710.5
1764614580,84710.5,84763.3,84680.1,84680.1
1764614640,84680.1,84772.3,84660,84749.9
1764614700,84749.9,84752.4,84709,84723.2
1764614760,84723.2,84785.3,84700.1,84765.1
1764614820,84765.1,84883,84765.1,84872.3
1764614880,84872.3,84924.3,84805.5,84805.5
1764614940,84805.5,84844.5,84750,84760
1764615000,84760,84839.7,84760,84818.4
1764615060,84818.4,84886.4,84818.3,84870.8
1764615120,84870.8,84872.8,84806.2,84821.2
1764615180,84821.2,84862.1,84737.8,84793.4
1764615240,84793.4,84916.7,84764.2,84916.7
1764615300,84916.7,84973.6,84887.6,84942
1764615360,84942,84986.9,84873.3,84984.8
1764615420,84984.8,85240.1,84984.8,85240.1
1764615480,85240.1,85266.7,85115.5,85133.4
1764615540,85133.4,85221,85133.4,85156.4
1764615600,85156.4,85207,85135.5,85207
1764615660,85207,85256.5,85151.4,85151.4
1764615720,85151.4,85151.4,85041.4,85085.3
1764615780,85085.3,85196,85085.3,85176
1764615840,85176,85183.8,85064.1,85083.1
1764615900,85083.1,85083.1,84990.4,84990.4
1764615960,84990.4,84995.4,84925.8,84959.8
1764616020,84959.8,84960,84803.4,84815.4
1764616080,84815.4,84856.1,84767,84767
1764616140,84767,84853.8,84704.4,84845.6
1764616200,84845.6,84964.2,84845.6,84952.3
1764616260,84952.3,85039.3,84937.2,85014.1
1764616320,85014.1,85014.8,84939.7,85006.2
1764616380,85006.2,85027.5,84975.1,85022.9
1764616440,85022.9,85022.9,84940.3,84990.1
1764616500,84990.1,85027,84956.6,84979.2
1764616560,84979.2,84986.3,84878,84975.6
1764616620,84975.6,84997.5,84923.9,84977.3
1764616680,84977.3,85038.5,84916.7,84916.7
1764616740,84916.7,84923.8,84820,84843.1
1764616800,84843.1,84856.1,84804.6,84804.6
1764616860,84804.6,84804.7,84733.4,84801.4
1764616920,84801.4,84831.4,84755.9,84774.4
1764616980,84774.4,84897,84740.4,84880
1764617040,84880,84958.9,84861.5,84938.2
1764617100,84938.2,84938.2,84803.6,84803.6
1764617160,84803.6,84818.7,84725,84725
1764617220,84725,84789.7,84713.1,84770.4
1764617280,84770.4,84785.4,84728.1,84754.2
1764617340,84754.2,84767,84661.1,84691.7
1764617400,84691.7,84696.4,84568.6,84588.8
1764617460,84588.8,84709.8,84588.8,84679
1764617520,84679,84679,84614.4,84614.4
1764617580,84614.4,84649.3,84545.4,84649.3
1764617640,84649.3,84692.4,84625.3,84685
1764617700,84685,84827.3,84663.5,84801.5
1764617760,84801.5,84991.3,84793.6,84985.4
1764617820,84985.4,85035.6,84923.4,84926.1
1764617880,84926.1,84926.1,84780.8,84780.8
1764617940,84780.8,84848.2,84704.9,84848.2
1764618000,84848.2,84900,84832.5,84832.5
1764618060,84832.5,84870.9,84781.4,84781.4
1764618120,84781.4,84831.4,84726.2,84731.3
1764618180,84731.3,84735,84675.2,84706.8
1764618240,84706.8,84706.8,84676,84700.8
1764618300,84700.8,84750.9,84700.8,84730.1
1764618360,84730.1,84748.6,84638.9,84711.4
1764618420,84711.4,84777.6,84682.4,84738.9
1764618480,84738.9,84763.2,84711,84713.2
1764618540,84713.2,84845,84713.1,84845
1764618600,84845,84934.1,84845,84934.1
1764618660,84934.1,84947.9,84869.2,84873.3
1764618720,84873.3,84945.3,84851.1,84876.6
1764618780,84876.6,84959.5,84876.6,84958
1764618840,84958,85008.4,84918.8,84977
1764618900,84977,85006.4,84877.2,84933.2
1764618960,84933.2,84990.9,84933.2,84972
1764619020,84972,84973.1,84928.1,84928.1
1764619080,84928.1,85014.7,84924.2,85005.6
1764619140,85005.6,85060,84926,84975.9
1764619200,84975.9,85173.5,84961.5,85156.1
1764619260,85156.1,85325.3,85156.1,85318.3
1764619320,85318.3,85370.2,85230,85332.9
1764619380,85332.9,85400,85303.3,85379.9
1764619440,85379.9,85433.2,85356.7,85418.9
1764619500,85418.9,85740,85395.2,85674
1764619560,85674,85782,85608,85624.5
1764619620,85624.5,85723.5,85577.1,85649.9
1764619680,85649.9,85760.9,85632.6,85731.9
1764619740,85731.9,85763.3,85604.6,85614.3
1764619800,85614.3,85792.8,85600,85786.7
1764619860,85786.7,85786.7,85684.5,85702.5
1764619920,85702.5,85750,85635.9,85636
1764619980,85636,85636,85494.2,85506
1764620040,85506,85548.5,85456,85493.5
1764620100,85493.5,85493.5,85360.8,85411.8
1764620160,85411.8,85426.9,85341,85384.4
1764620220,85384.4,85427.6,85340.7,85385.9
1764620280,85385.9,85426.8,85352.2,85407.5
1764620340,85407.5,85537.1,85387.9,85529.6
1764620400,85529.6,85531.3,85410.5,85469.9
1764620460,85469.9,85482.1,85408.6,85480
1764620520,85480,85487.5,85390,85402.6
1764620580,85402.6,85402.6,85352.1,85380.1
1764620640,85380.1,85452.5,85380,85414.5
1764620700,85414.5,85414.5,85277.1,85280.1
1764620760,85280.1,85345.6,85254.5,85254.6
1764620820,85254.6,85254.6,85185.7,85212
1764620880,85212,85301.7,85192.1,85254.6
1764620940,85254.6,85254.6,85189.6,85208
1764621000,85208,85314.5,85154.2,85300.6
1764621060,85300.6,85320.1,85266.8,85293.1
1764621120,85293.1,85312.5,85226,85261.1
1764621180,85261.1,85300,85143.8,85160
1764621240,85160,85222.1,85126.2,85191.4
1764621300,85191.4,85258.4,85191.4,85214.9
1764621360,85214.9,85260,85152.7,85224.7
1764621420,85224.7,85312.7,85203.5,85277.5
1764621480,85277.5,85397,85266.9,85350.1
1764621540,85350.1,85350.1,85278.5,85326.6
1764621600,85326.6,85356,85267.5,85339.7
1764621660,85339.7,85357.1,85265.4,85308.7
1764621720,85308.7,85310,85242.4,85266.1
1764621780,85266.1,85378.7,85266.1,85341.8
1764621840,85341.8,85431,85341.8,85431
1764621900,85431,85453.4,85354,85398.8
1764621960,85398.8,85409.8,85307.5,85318.5
1764622020,85318.5,85414.4,85318.5,85414.3
1764622080,85414.3,85449,85381.8,85436.5
1764622140,85436.5,85452.3,85352.4,85352.4
1764622200,85352.4,85426.5,85352.4,85414.7
1764622260,85414.7,85448,85329.1,85347
1764622320,85347,85355.4,85285.2,85303.3
1764622380,85303.3,85345.7,85265.7,85343.4
1764622440,85343.4,85374.9,85301,85304.7
1764622500,85304.7,85366.1,85260,85366.1
1764622560,85366.1,85416.4,85356,85390.5
1764622620,85390.5,85500,85381.3,85499.9
1764622680,85499.9,85518.2,85375,85375
1764622740,85375,85497.3,85298.8,85464.8
1764622800,85464.8,85586.1,85446.6,85559.1
1764622860,85559.1,85730.5,85541,85667.5
1764622920,85667.5,85746.7,85527.6,85538.7
1764622980,85538.7,85612.4,85525.7,85594.5
1764623040,85594.5,85612.4,85560.8,85612.4
1764623100,85612.4,85640.7,85569.9,85628.3
1764623160,85628.3,85734,85628.2,85732.8
1764623220,85732.8,85766.7,85703.4,85766.7
1764623280,85766.7,85865,85765.9,85775.5
1764623340,85775.5,85851.8,85775.5,85836.8
1764623400,85836.8,85850.3,85783,85824
1764623460,85824,85849.6,85768,85785.7
1764623520,85785.7,85785.7,85681,85689.6
1764623580,85689.6,85689.7,85593.5,85628.1
1764623640,85628.1,85669.1,85600.5,85605.9
1764623700,85605.9,85643.7,85566.1,85643.7
1764623760,85643.7,85715.4,85643.6,85715
1764623820,85715,85800,85712.4,85767.9
1764623880,85767.9,85848.5,85767.9,85842.7
1764623940,85842.7,85852.4,85726.9,85737.5
1764624000,85737.5,85928.4,85737.5,85915.9
1764624060,85915.9,86065,85908.6,86051.4
1764624120,86051.4,86094.5,86005.8,86092.4
1764624180,86092.4,86099.9,85950,86038
1764624240,86038,86196.9,86038,86142.5
1764624300,86142.5,86236,86140.3,86204.6
1764624360,86204.6,86320.6,86158.8,86258.9
1764624420,86258.9,86339.1,86258.9,86301
1764624480,86301,86322.1,86143,86166.3
1764624540,86166.3,86183.8,86108.7,86108.7
1764624600,86108.7,86205,86108.7,86187.5
1764624660,86187.5,86365.1,86175.8,86342.7
1764624720,86342.7,86342.7,86236.5,86307
1764624780,86307,86400,86307,86363.7
1764624840,86363.7,86416.7,86358.3,86400.1
1764624900,86400.1,86431.6,86319.1,86418.7
1764624960,86418.7,86446.8,86339.5,86369.8
1764625020,86369.8,86369.8,86210,86228.9
1764625080,86228.9,86313.7,86202.5,86313.6
1764625140,86313.6,86353,86293.6,86322.2
1764625200,86322.2,86409,86288.4,86409
1764625260,86409,86449.8,86267.6,86329.8
1764625320,86329.8,86415.8,86329.7,86415.7
1764625380,86415.7,86441.2,86359.6,86359.7
1764625440,86359.7,86388.6,86341.6,86388.2
1764625500,86388.2,86418,86334.1,86384.9
1764625560,86384.9,86385,86250,86283
1764625620,86283,86340.7,86262.3,86273.6
1764625680,86273.6,86287.4,86176.1,86202
1764625740,86202,86309.9,86190.9,86287.4
1764625800,86287.4,86299.9,86240.7,86299.8
1764625860,86299.8,86348.4,86286.7,86348.4
1764625920,86348.4,86422.3,86348.3,86422.2
1764625980,86422.2,86422.3,86374.4,86385
1764626040,86385,86401.7,86357.9,86365.6
1764626100,86365.6,86388.9,86365.5,86366.6
1764626160,86366.6,86374.4,86343,86359.9
1764626220,86359.9,86422.3,86359.9,86387.1
1764626280,86387.1,86390.4,86351.5,86362.4
1764626340,86362.4,86396.7,86351.2,86384.3
1764626400,86384.3,86520,86384.3,86495.5
1764626460,86495.5,86580,86456.7,86517
1764626520,86517,86536.7,86473,86536.7
1764626580,86536.7,86552,86474.5,86551.2
1764626640,86551.2,86598.8,86539.1,86591.8
1764626700,86591.8,86735.8,86591.8,86691.2
1764626760,86691.2,86727.2,86659.7,86727.1
1764626820,86727.1,86774.3,86680.3,86719.8
1764626880,86719.8,86726.1,86676.3,86724
1764626940,86724,86762.1,86723.9,86740.6
1764627000,86740.6,86777,86681.6,86681.6
1764627060,86681.6,86700,86550.4,86551.2
1764627120,86551.2,86551.2,86507,86507
1764627180,86507,86507,86391.2,86396.5
1764627240,86396.5,86455.4,86378.3,86455.4
1764627300,86455.4,86615.3,86455.3,86544
1764627360,86544,86544,86385.5,86391.7
1764627420,86391.7,86499.9,86391.7,86491.6
1764627480,86491.6,86491.7,86391.3,86396.4
1764627540,86396.4,86404.8,86363,86388
1764627600,86388,86450.4,86388,86450.4
1764627660,86450.4,86464.4,86450,86450.1
1764627720,86450.1,86450.1,86409,86409
1764627780,86409,86430,86360,86389.8
1764627840,86389.8,86436.1,86389.8,86436.1
1764627900,86436.1,86436.1,86364.3,86380
1764627960,86380,86380,86355,86368.7
1764628020,86368.7,86490.1,86368.7,86467.7
1764628080,86467.7,86467.7,86382.7,86382.8
1764628140,86382.8,86424.8,86374.4,86374.4
1764628200,86374.4,86441.8,86367.1,86404
1764628260,86404,86483.4,86392.4,86481.1
1764628320,86481.1,86489.6,86408.3,86417.1
1764628380,86417.1,86440.8,86355,86355.1
1764628440,86355.1,86370.4,86257.3,86257.4
1764628500,86257.4,86345.2,86231.1,86317.1
1764628560,86317.1,86363.3,86317,86363.3
1764628620,86363.3,86446.5,86363.3,86446.4
1764628680,86446.4,86510.9,86434.3,86473.9
1764628740,86473.9,86534.4,86473.9,86524
1764628800,86524,86524,86400,86493.9
1764628860,86493.9,86674.5,86490.4,86622
1764628920,86622,86630.9,86600,86625.3
1764628980,86625.3,86646.6,86625.2,86637
1764629040,86637,86637,86566.1,86599.3
1764629100,86599.3,86761.1,86599.3,86755.8
1764629160,86755.8,86800,86688.5,86798
1764629220,86798,86814,86703.1,86730.1
1764629280,86730.1,86778.1,86700,86717
1764629340,86717,86816.1,86690.5,86815.3
1764629400,86815.3,86834.2,86750,86778
1764629460,86778,86778,86712.7,86739.9
1764629520,86739.9,86740,86696.4,86716.4
1764629580,86716.4,86716.6,86685.4,86694.8
1764629640,86694.8,86694.8,86630,86657.8
1764629700,86657.8,86715.5,86656,86679.9
1764629760,86679.9,86680,86605.8,86605.8
1764629820,86605.8,86621.7,86589.4,86589.5
1764629880,86589.5,86595.9,86580.8,86580.8
1764629940,86580.8,86580.9,86533.5,86542.4
1764630000,86542.4,86672.7,86537.1,86640.5
1764630060,86640.5,86733.9,86638.1,86703.5
1764630120,86703.5,86707.4,86665.9,86686.3
1764630180,86686.3,86716.6,86656.5,86705.9
1764630240,86705.9,86716,86679,86709.1
1764630300,86709.1,86709.4,86623.6,86627.5
1764630360,86627.5,86633.7,86561,86578.6
1764630420,86578.6,86582.7,86466.7,86476.7
1764630480,86476.7,86530,86476.7,86493.5
1764630540,86493.5,86495.2,86442.8,86473.4
1764630600,86473.4,86515.2,86440,86515.2
1764630660,86515.2,86531.7,86494.5,86494.5
1764630720,86494.5,86515.2,86487.2,86487.2
1764630780,86487.2,86493.4,86433.2,86433.2
1764630840,86433.2,86443.5,86395.6,86417.9
1764630900,86417.9,86460.4,86417.8,86460.3
1764630960,86460.3,86487,86448.8,86448.9
1764631020,86448.9,86527.7,86448.8,86516.8
1764631080,86516.8,86577.3,86516.8,86571.2
1764631140,86571.2,86622.9,86567.1,86620.4
1764631200,86620.4,86632.2,86620.4,86629.2
1764631260,86629.2,86679,86629.2,86678.1
1764631320,86678.1,86700,86655.6,86662.9
1764631380,86662.9,86690.8,86632.7,86632.7
1764631440,86632.7,86679.3,86632.7,86647
1764631500,86647,86663.9,86646.8,86654.1
1764631560,86654.1,86686.1,86624.6,86650.1
1764631620,86650.1,86700,86630.8,86687.1
1764631680,86687.1,86687.2,86653,86653.1
1764631740,86653.1,86707.2,86653.1,86707.1
1764631800,86707.1,86792.5,86702.8,86783
1764631860,86783,86785.6,86747.8,86747.8
1764631920,86747.8,86752.3,86702.5,86733
1764631980,86733,86733,86676,86686.6
1764632040,86686.6,86686.7,86550.1,86590.1
1764632100,86590.1,86647.3,86561.8,86609.5
1764632160,86609.5,86609.6,86520.3,86520.4
1764632220,86520.4,86554.4,86500,86554.4
1764632280,86554.4,86554.4,86505,86531.5
1764632340,86531.5,86582.8,86525,86571.4
1764632400,86571.4,86579,86531.2,86531.2
1764632460,86531.2,86544.1,86490,86490
1764632520,86490,86493.4,86477.1,86485.7
1764632580,86485.7,86505.3,86450,86450
1764632640,86450,86478.6,86438.4,86478.5
1764632700,86478.5,86478.5,86432.1,86442.2
1764632760,86442.2,86477.3,86425.1,86435.9
1764632820,86435.9,86435.9,86365,86365
1764632880,86365,86406.1,86357.5,86357.5
1764632940,86357.5,86395,86352.3,86369.1
1764633000,86369.1,86369.2,86320.1,86342.7
1764633060,86342.7,86342.8,86283,86314.2
1764633120,86314.2,86347.9,86314.2,86326.4
1764633180,86326.4,86360,86280,86280
1764633240,86280,86290.7,86208.8,86226.8
1764633300,86226.8,86290.4,86226,86253.5
1764633360,86253.5,86300,86253.5,86300
1764633420,86300,86300,86244.1,86288.7
1764633480,86288.7,86296.8,86271.4,86296.7
1764633540,86296.7,86296.8,86244.1,86244.1
1769817600,84222.5,84230,84195.1,84201
1769817660,84201,84208.9,84096,84096
1769817720,84096,84166.2,84095.9,84105
1769817780,84105,84125.8,84070.2,84090.8
1769817840,84090.8,84116.8,84073.1,84112
1769817900,84112,84155.6,84110,84147.6
1769817960,84147.6,84168,84139.1,84144.6
1769818020,84144.6,84174,84143.2,84143.2
1769818080,84143.2,84143.3,84109.5,84118.2
1769818140,84118.2,84128.1,84111.3,84111.4
1769818200,84111.4,84152.3,84093.2,84123.2
1769818260,84123.2,84123.2,84079.2,84087.8
1769818320,84087.8,84097.7,84078.7,84078.7
1769818380,84078.7,84129.1,84069.7,84121.1
1769818440,84121.1,84140.7,84114.9,84140.6
1769818500,84140.6,84140.7,84112,84133.8
1769818560,84133.8,84177.8,84115.1,84160.9
1769818620,84160.9,84174.8,84151,84156.3
1769818680,84156.3,84182.6,84156.2,84168.1
1769818740,84168.1,84182,84162.1,84182
1769818800,84182,84208.3,84080.7,84103.2
1769818860,84103.2,84117.4,84073.2,84117.4
1769818920,84117.4,84117.4,84073.1,84096.8
1769818980,84096.8,84148.1,84096.8,84133.4
1769819040,84133.4,84133.5,84076.6,84096.2
1769819100,84096.2,84126.2,84096.2,84119.9
1769819160,84119.9,84138.5,84114.4,84138.5
1769819220,84138.5,84138.5,84103.3,84134.5
1769819280,84134.5,84163.5,84134.5,84155.1
1769819340,84155.1,84155.2,84123.7,84128.1
1769819400,84128.1,84144.3,84108.9,84139.1
1769819460,84139.1,84139.1,84121.7,84121.8
1769819520,84121.8,84144.8,84097.2,84110.1
1769819580,84110.1,84126.8,84084.7,84108.1
1769819640,84108.1,84140.7,84086.2,84140.7
1769819700,84140.7,84167.1,84140.7,84140.7
1769819760,84140.7,84193.5,84134.6,84193.5
1769819820,84193.5,84218.3,84181.2,84216.8
1769819880,84216.8,84216.9,84186.9,84187
1769819940,84187,84216.4,84181,84200.1
1769820000,84200.1,84237.7,84200,84220.8
1769820060,84220.8,84254.3,84208.1,84221.7
1769820120,84221.7,84221.7,84202.9,84202.9
1769820180,84202.9,84222.1,84186.2,84222.1
1769820240,84222.1,84222.1,84190.4,84213.9
1769820300,84213.9,84214,84156,84156
1769820360,84156,84165.5,84142.5,84142.5
1769820420,84142.5,84142.5,84074.5,84097.8
1769820480,84097.8,84103.5,84073.2,84073.7
1769820540,84073.7,84130.8,84073.7,84112.1
1769820600,84112.1,84124.7,84090.6,84090.6
1769820660,84090.6,84104.3,84016.5,84051.5
1769820720,84051.5,84051.5,83980.6,83984.4
1769820780,83984.4,84001.6,83981.9,83983.6
1769820840,83983.6,84016.9,83982.6,84016.8
1769820900,84016.8,84016.9,83973,83988
1769820960,83988,84044.5,83988,84023.1
1769821020,84023.1,84045.2,84023.1,84036.7
1769821080,84036.7,84063.1,84018.2,84018.6
1769821140,84018.6,84035.3,84005.8,84034.2
1769821200,84034.2,84050,84026.3,84043.9
1769821260,84043.9,84063,84043.8,84056.2
1769821320,84056.2,84117.1,84056.1,84114.2
1769821380,84114.2,84114.2,84094,84106.1
1769821440,84106.1,84142.5,84100.1,84130.4
1769821500,84130.4,84224.3,84130.3,84209.2
1769821560,84209.2,84211.4,84173.3,84173.3
1769821620,84173.3,84173.3,84142.1,84147.7
1769821680,84147.7,84203.6,84147.7,84171.5
1769821740,84171.5,84196.6,84167.3,84167.3
1769821800,84167.3,84167.3,84143.7,84161.4
1769821860,84161.4,84186.5,84152.3,84179.1
1769821920,84179.1,84196.2,84174.1,84182.2
1769821980,84182.2,84183.8,84173.1,84183.7
1769822040,84183.7,84183.8,84173.1,84176.4
1769822100,84176.4,84204.2,84173.1,84196.5
1769822160,84196.5,84196.5,84150,84150.1
1769822220,84150.1,84150.1,84088.1,84090.8
1769822280,84090.8,84116.9,84090.8,84116.9
1769822340,84116.9,84152.7,84116.8,84152.6
1769822400,84152.6,84202.8,84152.6,84202.7
1769822460,84202.7,84202.7,84152.1,84155.7
1769822520,84155.7,84180,84137.4,84137.4
1769822580,84137.4,84156.9,84136.9,84146.9
1769822640,84146.9,84157.8,84142.6,84154.3
1769822700,84154.3,84161.8,84144.1,84161.8
1769822760,84161.8,84169,84096.7,84129.7
1769822820,84129.7,84136.1,84125.5,84136.1
1769822880,84136.1,84145.6,84108.4,84123.5
1769822940,84123.5,84129,84088,84088
1769823000,84088,84088.1,83992.6,84006
1769823060,84006,84044.7,83986.4,83986.4
1769823120,83986.4,84015.6,83980.1,83980.2
1769823180,83980.2,84023.2,83950,83950
1769823240,83950,83988.5,83943.8,83973.1
1769823300,83973.1,83979.4,83936.8,83949.8
1769823360,83949.8,83976.8,83900.3,83902.4
1769823420,83902.4,83923.4,83861.1,83868.1
1769823480,83868.1,83914.8,83860.7,83914.7
1769823540,83914.7,83956.2,83914.7,83956.2
1769823600,83956.2,83961,83914.7,83951
1769823660,83951,83976.3,83942.4,83959.4
1769823720,83959.4,84022.4,83954.9,84022.4
1769823780,84022.4,84057.4,84022.4,84044.9
1769823840,84044.9,84046.6,84001,84016
1769823900,84016,84016,83990.8,83997.3
1769823960,83997.3,83999.4,83898.3,83924.9
1769824020,83924.9,83951.8,83908.7,83911.8
1769824080,83911.8,83938.6,83905.8,83935.1
1769824140,83935.1,83935.1,83900.3,83918.7
1769824200,83918.7,83955,83918.7,83955
1769824260,83955,83995,83949.8,83995
1769824320,83995,83995,83968.4,83980.5
1769824380,83980.5,84000,83968.6,84000
1769824440,84000,84011.6,83989.2,84001.1
1769824500,84001.1,84001.2,83985.8,83985.9
1769824560,83985.9,84011.7,83985.8,84011.7
1769824620,84011.7,84011.7,83972.2,83985.1
1769824680,83985.1,83985.1,83953.1,83953.1
1769824740,83953.1,83973,83951.8,83972.9
1769824800,83972.9,83975,83954.2,83957
1769824860,83957,83980,83957,83980
1769824920,83980,83989,83959.1,83959.8
1769824980,83959.8,83994.6,83950.1,83994.5
1769825040,83994.5,83994.6,83950.3,83955.4
1769825100,83955.4,84011.5,83947.9,84011.5
1769825160,84011.5,84013,83954.2,83954.2
1769825220,83954.2,83963.3,83890,83918.6
1769825280,83918.6,83927.9,83902.5,83927.9
1769825340,83927.9,83950.2,83893.4,83905.8
1769825400,83905.8,83921.6,83902,83912.8
1769825460,83912.8,83950.9,83902.6,83923
1769825520,83923,83938.8,83919.2,83938.8
1769825580,83938.8,83965.9,83938.8,83965.8
1769825640,83965.8,83989.4,83956,83977.3
1769825700,83977.3,83995.2,83965.9,83982
1769825760,83982,83982,83922,83933.6
1769825820,83933.6,83939.9,83840,83840
1769825880,83840,83902.8,83840,83894.5
1769825940,83894.5,83906,83885.3,83885.3
1769826000,83885.3,83915.9,83883,83901.4
1769826060,83901.4,83923.1,83901.4,83910.7
1769826120,83910.7,83914.8,83894.3,83899.9
1769826180,83899.9,83911.3,83862.1,83869.5
1769826240,83869.5,83870.8,83826.8,83826.8
1769826300,83826.8,83845.7,83800,83825.7
1769826360,83825.7,83883.4,83821.4,83851.4
1769826420,83851.4,83851.4,83827.1,83840.7
1769826480,83840.7,83872,83826.7,83872
1769826540,83872,83872,83846.3,83853.6
1769826600,83853.6,83853.7,83812.6,83819.6
1769826660,83819.6,83819.8,83800,83818.4
1769826720,83818.4,83818.4,83778.4,83793.8
1769826780,83793.8,83828.8,83793.6,83820.6
1769826840,83820.6,83911.6,83820.6,83903.1
1769826900,83903.1,84006.4,83903.1,84006.4
1769826960,84006.4,84014.9,84002.4,84006.7
1769827020,84006.7,84012.8,84004.3,84012.7
1769827080,84012.7,84016.7,84004.4,84004.4
1769827140,84004.4,84029.3,83978.3,83984.6
1769827200,83984.6,84126.5,83984.6,84121.6
1769827260,84121.6,84127.3,84071.2,84087.1
1769827320,84087.1,84092,84046.2,84087.6
1769827380,84087.6,84130.4,84083.6,84107.4
1769827440,84107.4,84125,84083,84107.7
1769827500,84107.7,84107.8,84081.4,84091.1
1769827560,84091.1,84144.4,84091.1,84123
1769827620,84123,84155.1,84121.5,84121.6
1769827680,84121.6,84121.6,84068.5,84070.9
1769827740,84070.9,84091,84067.8,84091
1769827800,84091,84099.9,84082.5,84090.8
1769827860,84090.8,84090.9,84071.2,84089
1769827920,84089,84104.8,84081.5,84095.4
1769827980,84095.4,84112.4,84088.2,84090.5
1769828040,84090.5,84122.2,84089.4,84122.1
1769828100,84122.1,84138.7,84116.4,84138.7
1769828160,84138.7,84144.5,84113.3,84113.4
1769828220,84113.4,84113.4,84085.1,84094.8
1769828280,84094.8,84094.8,84085,84085
1769828340,84085,84091.4,84085,84091.4
1769828400,84091.4,84130.8,84091.3,84130.8
1769828460,84130.8,84148,84130.7,84143.3
1769828520,84143.3,84143.5,84109.1,84109.1
1769828580,84109.1,84122.8,84109,84122.7
1769828640,84122.7,84122.8,84092.3,84097
1769828700,84097,84136.7,84093.2,84103.8
1769828760,84103.8,84118.1,84100.3,84101.8
1769828820,84101.8,84112.3,84094.3,84110.9
1769828880,84110.9,84122.5,84092.3,84109.9
1769828940,84109.9,84124.3,84098.9,84116.9
1769829000,84116.9,84116.9,84098.1,84103.6
1769829060,84103.6,84103.6,84068.5,84078.7
1769829120,84078.7,84127.1,84078.7,84099.1
1769829180,84099.1,84206.6,84099.1,84193.1
1769829240,84193.1,84204.8,84132.5,84151.8
1769829300,84151.8,84151.9,84115.8,84115.9
1769829360,84115.9,84153.1,84111.3,84153.1
1769829420,84153.1,84165,84138.1,84147.9
1769829480,84147.9,84156.8,84147.9,84156.8
1769829540,84156.8,84193.2,84156.7,84182.2
1769829600,84182.2,84193.6,84177,84188.6
1769829660,84188.6,84188.7,84172.4,84172.5
1769829720,84172.5,84191.6,84172.4,84191.6
1769829780,84191.6,84191.6,84168.7,84170.1
1769829840,84170.1,84190.2,84170.1,84174.3
1769829900,84174.3,84174.4,84164.2,84164.2
1769829960,84164.2,84169.5,84142.9,84156.7
1769830020,84156.7,84156.8,84111.2,84111.2
1769830080,84111.2,84116.5,84102,84113.7
1769830140,84113.7,84119.4,84113.7,84119.3
1769830200,84119.3,84139.1,84116.1,84135.5
1769830260,84135.5,84155.9,84130,84145.6
1769830320,84145.6,84145.7,84100,84108.3
1769830380,84108.3,84108.3,84080.5,84088.9
1769830440,84088.9,84096.3,84086.8,84096.1
1769830500,84096.1,84101.6,84096.1,84097.6
1769830560,84097.6,84097.7,84077.6,84077.6
1769830620,84077.6,84077.6,84047.4,84047.5
1769830680,84047.5,84047.6,84022.1,84022.1
1769830740,84022.1,84050.7,84022.1,84050.6
1769830800,84050.6,84097.6,84050.6,84097.6
1769830860,84097.6,84097.6,84084.9,84085
1769830920,84085,84085,84058.3,84083.8
1769830980,84083.8,84083.9,84055,84061.6
1769831040,84061.6,84061.6,84038.2,84038.2
1769831100,84038.2,84054.4,84033,84054.3
1769831160,84054.3,84054.3,84025.5,84025.6
1769831220,84025.6,84041.9,84025.5,84025.6
1769831280,84025.6,84025.6,84001.3,84012.1
1769831340,84012.1,84030.5,84012.1,84030.4
1769831400,84030.4,84050.4,84030.4,84050.3
1769831460,84050.3,84050.4,84023.6,84023.6
1769831520,84023.6,84023.6,84000,84006.1
1769831580,84006.1,84016.3,84006.1,84009
1769831640,84009,84013,84002.8,84002.8
1769831700,84002.8,84011.3,84002.8,84011.3
1769831760,84011.3,84022.5,84011.2,84022.5
1769831820,84022.5,84022.5,84022.4,84022.5
1769831880,84022.5,84022.5,83987,83990.6
1769831940,83990.6,83990.7,83990.6,83990.6
1769832000,83990.6,84004.8,83986.2,84002.6
1769832060,84002.6,84035.2,84002.6,84035.2
1769832120,84035.2,84055,84035.1,84039
1769832180,84039,84052.8,84038.9,84045
1769832240,84045,84045,84041,84045
1769832300,84045,84045,84017.3,84017.3
1769832360,84017.3,84028.3,84017.3,84026.2
1769832420,84026.2,84030.3,84007.8,84007.8
1769832480,84007.8,84044,84007.8,84025.7
1769832540,84025.7,84045,84025.6,84045
1769832600,84045,84059.1,84044.9,84059.1
1769832660,84059.1,84059.1,84053.5,84053.6
1769832720,84053.6,84055.4,84027.5,84049.8
1769832780,84049.8,84049.8,84030.2,84046.7
1769832840,84046.7,84057.3,84046.6,84057.3
1769832900,84057.3,84058.4,84048.8,84058.4
1769832960,84058.4,84068.3,84056.1,84056.1
1769833020,84056.1,84068.9,84056,84068.9
1769833080,84068.9,84068.9,84050.5,84051.5
1769833140,84051.5,84051.5,83997,83997.1
1769833200,83997.1,83997.1,83953.3,83979.6
1769833260,83979.6,84047.8,83972.8,84015.8
1769833320,84015.8,84065.4,84015.8,84058.8
1769833380,84058.8,84058.9,84046,84058.9
1769833440,84058.9,84083.2,84058.8,84075.8
1769833500,84075.8,84101.9,84074.2,84101.9
1769833560,84101.9,84101.9,84076.9,84076.9
1769833620,84076.9,84092,84076.9,84092
1769833680,84092,84105.6,84091.9,84105.5
1769833740,84105.5,84105.6,84104.3,84104.3
1769833800,84104.3,84106.5,84094.1,84095
1769833860,84095,84095.1,84080.1,84080.2
1769833920,84080.2,84116.4,84080.2,84082.8
1769833980,84082.8,84082.9,84058.3,84058.3
1769834040,84058.3,84082.8,84053.8,84082.7
1769834100,84082.7,84082.8,84069.5,84075.8
1769834160,84075.8,84075.9,84049.5,84053.6
1769834220,84053.6,84075.5,84053.6,84075.5
1769834280,84075.5,84076,84068.3,84068.3
1769834340,84068.3,84075.1,84068.3,84070.2
1769834400,84070.2,84070.2,84060.8,84060.8
1769834460,84060.8,84065.9,84050,84050
1769834520,84050,84078.9,84050,84078.8
1769834580,84078.8,84078.9,84078.8,84078.8
1769834640,84078.8,84078.9,84037.8,84037.8
1769834700,84037.8,84037.8,84013.8,84027.1
1769834760,84027.1,84037.9,84022.7,84022.7
1769834820,84022.7,84022.7,84007.7,84011.5
1769834880,84011.5,84012,84006.6,84011.9
1769834940,84011.9,84012,83969.3,83969.3
1769835000,83969.3,83969.4,83951.2,83960.4
1769835060,83960.4,83982.5,83954.8,83959.3
1769835120,83959.3,83959.4,83939.4,83939.4
1769835180,83939.4,83939.4,83915.5,83928.3
1769835240,83928.3,83928.3,83900,83917.7
1769835300,83917.7,83964.9,83917.6,83964.8
1769835360,83964.8,83991.9,83956.9,83957
1769835420,83957,83957,83952,83952
1769835480,83952,83952.1,83941.5,83942.9
1769835540,83942.9,83960.5,83942.9,83960.4
1769835600,83960.4,83973.6,83960.4,83973.6
1769835660,83973.6,83973.7,83918.8,83918.9
1769835720,83918.9,83935.4,83910,83910
1769835780,83910,83941.8,83892.9,83939.8
1769835840,83939.8,83940,83929.6,83929.7
1769835900,83929.7,83929.7,83890.4,83897
1769835960,83897,83912.4,83885.1,83912.4
1769836020,83912.4,83912.4,83910,83910
1769836080,83910,83910.1,83860,83902
1769836140,83902,83902.9,83874.2,83878.5
1769836200,83878.5,83922.8,83878.5,83911.1
1769836260,83911.1,83932.8,83911,83923.9
1769836320,83923.9,83945.4,83921.5,83940
1769836380,83940,83986.2,83940,83984.2
1769836440,83984.2,84001.1,83977.3,83999.7
1769836500,83999.7,83999.8,83969.1,83969.7
1769836560,83969.7,83975.1,83944.9,83957.4
1769836620,83957.4,83959.8,83953.4,83959.8
1769836680,83959.8,83987.8,83959.7,83984.1
1769836740,83984.1,83984.3,83976.6,83984.2
1769836800,83984.2,83984.2,83956.5,83956.5
1769836860,83956.5,83956.6,83947.2,83954.5
1769836920,83954.5,83982.3,83925.5,83925.5
1769836980,83925.5,83942.3,83851.3,83886.4
1769837040,83886.4,83966.9,83886.4,83929.2
1769837100,83929.2,83930.6,83912.9,83928.4
1769837160,83928.4,83928.4,83901.5,83919.5
1769837220,83919.5,83954.4,83919.5,83954.4
1769837280,83954.4,83960.5,83920.6,83920.6
1769837340,83920.6,83947.6,83908.2,83947.6
1769837400,83947.6,83956.9,83947.5,83956.9
1769837460,83956.9,83994,83956.9,83994
1769837520,83994,84016.9,83993.9,84016.8
1769837580,84016.8,84016.8,83975.1,83980.7
1769837640,83980.7,84007.8,83980.7,84000.9
1769837700,84000.9,84000.9,83965.5,83965.5
1769837760,83965.5,83990.3,83965.5,83984.8
1769837820,83984.8,83997,83972.6,83997
1769837880,83997,84038.8,83996.9,84038.7
1769837940,84038.7,84054.7,84038.2,84038.2
1769838000,84038.2,84038.2,84017.7,84017.7
1769838060,84017.7,84042.2,84017.7,84035.7
1769838120,84035.7,84035.7,84006.6,84011.2
1769838180,84011.2,84011.3,83974.9,83981.3
1769838240,83981.3,83981.4,83965.9,83965.9
1769838300,83965.9,83966,83941.2,83951.9
1769838360,83951.9,83957.3,83951.9,83957.2
1769838420,83957.2,83968.6,83957.2,83968.6
1769838480,83968.6,83980.4,83956.7,83956.7
1769838540,83956.7,83964.5,83955.5,83956.8
1769838600,83956.8,83971.7,83956.8,83971.6
1769838660,83971.6,83973.8,83963.8,83973.8
1769838720,83973.8,83981.4,83973.7,83975.8
1769838780,83975.8,83979.9,83975.7,83975.8
1769838840,83975.8,84000,83975.7,83999.9
1769838900,83999.9,84016.3,83999.9,84014.4
1769838960,84014.4,84014.5,83972.3,83972.3
1769839020,83972.3,83972.3,83954.6,83954.6
1769839080,83954.6,83958.5,83953.4,83957.3
1769839140,83957.3,83962.6,83957.2,83962.6
1769839200,83962.6,83968.5,83954.8,83958.3
1769839260,83958.3,83969.9,83950,83966.6
1769839320,83966.6,83993.6,83966.5,83993.5
1769839380,83993.5,84006.1,83951.7,83956.1
1769839440,83956.1,83956.2,83927.1,83927.1
1769839500,83927.1,83927.1,83867.3,83874.8
1769839560,83874.8,83932.4,83874.8,83932.3
1769839620,83932.3,83941.1,83932.3,83938.2
1769839680,83938.2,83961.6,83938.2,83961.5
1769839740,83961.5,83961.6,83961.5,83961.5
1769839800,83961.5,83961.6,83929.7,83929.8
1769839860,83929.8,83964.3,83923.5,83954.2
1769839920,83954.2,83954.3,83953.6,83953.6
1769839980,83953.6,83953.7,83935.8,83945.6
1769840040,83945.6,83959.7,83945.6,83946.9
1769840100,83946.9,83947,83945.8,83945.9
1769840160,83945.9,83972.6,83945.8,83948
1769840220,83948,83948.1,83945.8,83945.8
1769840280,83945.8,83964.2,83942.6,83948.1
1769840340,83948.1,83948.1,83932.9,83933.1
1769840400,83933.1,83936.3,83923,83934.8
1769840460,83934.8,83934.8,83907.3,83919
1769840520,83919,83925,83882,83883.4
1769840580,83883.4,83899.9,83872.8,83898.5
1769840640,83898.5,83898.5,83864,83864.1
1769840700,83864.1,83864.1,83722.1,83752
1769840760,83752,83752,83634.5,83685.4
1769840820,83685.4,83686,83595,83621.8
1769840880,83621.8,83657.7,83612.6,83633.1
1769840940,83633.1,83633.1,83600.2,83624.9
1769841000,83624.9,83742.6,83624.9,83700.2
1769841060,83700.2,83700.3,83655.7,83656
1769841120,83656,83683.5,83641.5,83667.3
1769841180,83667.3,83700.3,83667.2,83700.3
1769841240,83700.3,83708.1,83671.6,83671.6
1769841300,83671.6,83692.7,83671.6,83692.7
1769841360,83692.7,83721.6,83679.7,83717.2
1769841420,83717.2,83733.4,83714.5,83714.6
1769841480,83714.6,83714.6,83676.6,83681.1
1769841540,83681.1,83694.6,83677,83677.1
1769841600,83677.1,83686,83633.7,83646.5
1769841660,83646.5,83707.1,83646.3,83696.4
1769841720,83696.4,83720.1,83691.7,83704.2
1769841780,83704.2,83704.3,83685.1,83693.5
1769841840,83693.5,83730,83693.5,83730
1769841900,83730,83776.4,83730,83776.4
1769841960,83776.4,83789.4,83750,83775.7
1769842020,83775.7,83800,83762.9,83772.1
1769842080,83772.1,83772.2,83715,83715.1
1769842140,83715.1,83715.1,83632.1,83651.3
1769842200,83651.3,83699.6,83651.3,83699.6
1769842260,83699.6,83744,83699.6,83733.1
1769842320,83733.1,83733.1,83717.3,83732.7
1769842380,83732.7,83742,83724.4,83741
1769842440,83741,83751.6,83741,83751.6
1769842500,83751.6,83771.5,83742.4,83742.4
1769842560,83742.4,83742.4,83711.5,83711.5
1769842620,83711.5,83730.5,83711.5,83713.9
1769842680,83713.9,83742.1,83713.9,83742.1
1769842740,83742.1,83750,83735.6,83736.2
1769842800,83736.2,83755.7,83736.1,83755.6
1769842860,83755.6,83768.6,83743.3,83743.3
1769842920,83743.3,83743.4,83720.8,83720.9
1769842980,83720.9,83732.5,83698.5,83699.3
1769843040,83699.3,83727.6,83699.2,83727.5
1769843100,83727.5,83749.1,83727.5,83749
1769843160,83749,83749.1,83647.5,83647.5
1769843220,83647.5,83675.8,83647.5,83665.7
1769843280,83665.7,83683.8,83664.6,83664.6
1769843340,83664.6,83666.1,83650.1,83666
1769843400,83666,83697.3,83665.9,83697.2
1769843460,83697.2,83710.1,83695,83695
1769843520,83695,83695.1,83686.9,83695.1
1769843580,83695.1,83720.5,83695,83720.5
1769843640,83720.5,83720.5,83705.2,83705.2
1769843700,83705.2,83705.3,83682,83693.2
1769843760,83693.2,83693.2,83675.6,83675.6
1769843820,83675.6,83675.6,83674.9,83674.9
1769843880,83674.9,83675,83660.2,83660.2
1769843940,83660.2,83660.3,83633,83633.1
1769844000,83633.1,83673.6,83633,83656.3
1769844060,83656.3,83675.9,83653.2,83653.2
1769844120,83653.2,83677.4,83652.2,83677.3
1769844180,83677.3,83697.3,83677.3,83690
1769844240,83690,83711,83677,83710.9
1769844300,83710.9,83732.7,83696.6,83715.2
1769844360,83715.2,83730.7,83705,83730.7
1769844420,83730.7,83740.6,83694.7,83694.7
1769844480,83694.7,83698.5,83659.8,83659.8
1769844540,83659.8,83662.4,83647.1,83647.2
1769844600,83647.2,83674.2,83522.8,83538
1769844660,83538,83579.7,83508.6,83557.5
1769844720,83557.5,83576,83513.3,83527.3
1769844780,83527.3,83545.6,83436.2,83545.6
1769844840,83545.6,83568.9,83489.3,83500
1769844900,83500,83534.4,83479.5,83509.7
1769844960,83509.7,83509.8,83493.3,83507.8
1769845020,83507.8,83508,83444,83451.6
1769845080,83451.6,83462.4,83401.2,83418.1
1769845140,83418.1,83434.4,83370.1,83418.8
1769845200,83418.8,83427,83362.2,83379.6
1769845260,83379.6,83395.8,83360.3,83360.3
1769845320,83360.3,83429.5,83360.3,83417.7
1769845380,83417.7,83446.4,83412.1,83415.1
1769845440,83415.1,83473.3,83415,83435.1
1769845500,83435.1,83499.4,83435,83491
1769845560,83491,83497,83435.2,83451.9
1769845620,83451.9,83523.9,83451.8,83512.5
1769845680,83512.5,83525.3,83497,83514.4
1769845740,83514.4,83518.9,83470.8,83476.8
1769845800,83476.8,83518.5,83464.7,83464.7
1769845860,83464.7,83501.6,83464.7,83494.1
1769845920,83494.1,83533.6,83494.1,83502.2
1769845980,83502.2,83516.4,83489.4,83500.1
1769846040,83500.1,83509.3,83500,83509.3
1769846100,83509.3,83519.3,83509.2,83519.3
1769846160,83519.3,83519.3,83480.3,83480.3
1769846220,83480.3,83517.9,83467.7,83517.9
1769846280,83517.9,83517.9,83500.3,83506.5
1769846340,83506.5,83506.6,83492.6,83506.1
1769846400,83506.1,83523.3,83496.3,83514.4
1769846460,83514.4,83561.8,83514.3,83561.8
1769846520,83561.8,83599.1,83522.8,83541.9
1769846580,83541.9,83542,83510,83510
1769846640,83510,83510,83450,83450
1769846700,83450,83495.6,83450,83490.7
1769846760,83490.7,83522.8,83490.7,83519.8
1769846820,83519.8,83519.9,83441.4,83441.5
1769846880,83441.5,83460.8,83428.9,83428.9
1769846940,83428.9,83438.6,83415.7,83420.1
1769847000,83420.1,83420.1,83371.1,83391.3
1769847060,83391.3,83391.4,83259.6,83298.6
1769847120,83298.6,83350,83135,83175.7
1769847180,83175.7,83295.9,83164.8,83165.4
1769847240,83165.4,83317.3,83165.4,83317.3
1769847300,83317.3,83324.2,83134.5,83172.5
1769847360,83172.5,83216.8,83134,83142.1
1769847420,83142.1,83164.2,83000,83146.9
1769847480,83146.9,83216,83143.8,83199.9
1769847540,83199.9,83245.7,83199.9,83214.7
1769847600,83214.7,83235.9,83196.5,83218.8
1769847660,83218.8,83262.4,83215.9,83235.8
1769847720,83235.8,83242.1,83173.5,83193.3
1769847780,83193.3,83195.4,83167.6,83195.4
1769847840,83195.4,83195.4,83160.7,83184.2
1769847900,83184.2,83208.2,83156.2,83156.2
1769847960,83156.2,83181,83111.4,83138
1769848020,83138,83138,83080,83080
1769848080,83080,83080,83018.7,83035.2
1769848140,83035.2,83085,83035.2,83063.8
1769848200,83063.8,83071.8,83018,83023.1
1769848260,83023.1,83034.7,82957.9,82962.8
1769848320,82962.8,83025,82958,82988.8
1769848380,82988.8,82988.9,82888.3,82920
1769848440,82920,82940.5,82850,82931.6
1769848500,82931.6,82931.6,82810.6,82833
1769848560,82833,82833.1,82751.9,82791.1
1769848620,82791.1,82979.3,82686.3,82937.4
1769848680,82937.4,82999.6,82937.4,82978.2
1769848740,82978.2,82978.2,82870,82870
1769848800,82870,82900,82666,82674
1769848860,82674,82835.6,82659.2,82756.8
1769848920,82756.8,82789.4,82623.3,82625
1769848980,82625,82695.2,82530,82686.7
1769849040,82686.7,82756.6,82656.7,82752.5
1769849100,82752.5,82815.5,82669.6,82756.6
1769849160,82756.6,82836,82756.6,82796.9
1769849220,82796.9,82828.8,82671.6,82732.9
1769849280,82732.9,82775.5,82703.3,82770.3
1769849340,82770.3,82840,82749.8,82787.1
1769849400,82787.1,82839.9,82785.1,82817.9
1769849460,82817.9,82954.5,82817.9,82948.8
1769849520,82948.8,82949.8,82900,82920
1769849580,82920,83027.5,82920,83013.3
1769849640,83013.3,83079.6,82978.6,83002.9
1769849700,83002.9,83094.2,83002.9,83088.2
1769849760,83088.2,83142.5,83070.3,83142.5
1769849820,83142.5,83183.3,83106,83135.2
1769849880,83135.2,83150,83045.4,83063.3
1769849940,83063.3,83097.8,83019.5,83020.7
1769850000,83020.7,83105.5,83020.7,83101.2
1769850060,83101.2,83101.2,83034.7,83062.9
1769850120,83062.9,83123,83062.9,83123
1769850180,83123,83203.4,83122.9,83172
1769850240,83172,83248.1,83124.7,83124.7
1769850300,83124.7,83261,83124.7,83218.6
1769850360,83218.6,83231.4,83034.8,83041.4
1769850420,83041.4,83100,83031.1,83088
1769850480,83088,83140.1,83074.3,83114.4
1769850540,83114.4,83149.9,83087,83106
1769850600,83106,83173.4,83105.9,83155.4
1769850660,83155.4,83190,83118.7,83124
1769850720,83124,83148.9,83124,83138.8
1769850780,83138.8,83159.6,83136.5,83155
1769850840,83155,83159.8,83097.3,83100.1
1769850900,83100.1,83132,83066.3,83106.3
1769850960,83106.3,83128.4,83026.7,83100
1769851020,83100,83143.7,83100,83129.7
1769851080,83129.7,83152.8,83106,83115.2
1769851140,83115.2,83115.2,83041.9,83041.9
1769851200,83041.9,83079.4,83021,83021
1769851260,83021,83029,82963.3,83000.8
1769851320,83000.8,83000.8,82950.1,82968.5
1769851380,82968.5,82981.6,82906.3,82930
1769851440,82930,82930.1,82867.8,82868
1769851500,82868,82900,82860.6,82899.9
1769851560,82899.9,82899.9,82840.3,82899
1769851620,82899,82929.2,82898.9,82916.2
1769851680,82916.2,82940,82915.4,82940
1769851740,82940,83000,82940,82989.6
1769851800,82989.6,83043.5,82989.6,83043.2
1769851860,83043.2,83155,83043.1,83103.8
1769851920,83103.8,83181.2,83103.8,83175
1769851980,83175,83198.4,83144.9,83184.8
1769852040,83184.8,83281,83184.6,83205.4
1769852100,83205.4,83268,83196,83268
1769852160,83268,83268.3,83205.5,83218.3
1769852220,83218.3,83218.4,83130.5,83154.8
1769852280,83154.8,83203,83135.5,83153.2
1769852340,83153.2,83196,83153.1,83167.2
1769852400,83167.2,83202.8,83167.2,83197.6
1769852460,83197.6,83203,83191.1,83202.8
1769852520,83202.8,83218.7,83175,83204.7
1769852580,83204.7,83230.1,83186.2,83186.3
1769852640,83186.3,83198.3,83164.3,83176.5
1769852700,83176.5,83198.8,83137.5,83146.1
1769852760,83146.1,83173.8,83146.1,83165.2
1769852820,83165.2,83165.6,83082.1,83102.5
1769852880,83102.5,83130.8,83086.9,83095.6
1769852940,83095.6,83095.7,83058.2,83082.5
1769853000,83082.5,83173.7,83072.5,83095.2
1769853060,83095.2,83108.3,83071,83088.4
1769853120,83088.4,83088.5,83054.5,83074.1
1769853180,83074.1,83109.3,83059.8,83059.9
1769853240,83059.9,83110.6,83046.2,83110.6
1769853300,83110.6,83144,83110.5,83144
1769853360,83144,83148.9,83125.7,83125.8
1769853420,83125.8,83146.2,83113.5,83130
1769853480,83130,83132.1,83088,83088
1769853540,83088,83088.1,83047.7,83075.9
1769853600,83075.9,83102.3,83063.5,83102.3
1769853660,83102.3,83135.7,83085.1,83085.1
1769853720,83085.1,83100,83070.4,83093.3
1769853780,83093.3,83093.4,83060.1,83061.4
1769853840,83061.4,83061.5,83003.9,83041.2
1769853900,83041.2,83081.6,83041.2,83061
1769853960,83061,83070,83031,83060.2
1769854020,83060.2,83060.2,83000.1,83000.9
1769854080,83000.9,83001,82933.5,82950.3
1769854140,82950.3,82957.8,82911.7,82944.2
1769854200,82944.2,82992,82944.2,82988.4
1769854260,82988.4,83023.5,82979.1,83023.5
1769854320,83023.5,83029.9,82959.6,82987.1
1769854380,82987.1,82997.2,82962,82962
1769854440,82962,82972,82951.1,82951.2
1769854500,82951.2,82973.8,82950.3,82973.7
1769854560,82973.7,82973.9,82955.3,82955.4
1769854620,82955.4,82971.7,82889,82971.7
1769854680,82971.7,82975.5,82874.8,82886.5
1769854740,82886.5,82942.5,82877.1,82911.4
1769854800,82911.4,82963.2,82911.4,82941.5
1769854860,82941.5,83000,82941.5,82977.4
1769854920,82977.4,82977.4,82962,82964.1
1769854980,82964.1,83031,82964.1,82987.9
1769855040,82987.9,82987.9,82948,82948.1
1769855100,82948.1,83034,82948.1,83033.9
1769855160,83033.9,83040.8,83008.6,83008.7
1769855220,83008.7,83026.4,83000.2,83010.1
1769855280,83010.1,83024.1,83007.1,83007.2
1769855340,83007.2,83037.3,83007.2,83014.8
1769855400,83014.8,83066.5,82999,83037.8
1769855460,83037.8,83118.1,83027.5,83118.1
1769855520,83118.1,83171.8,83107.9,83160.1
1769855580,83160.1,83161.2,83123,83123
1769855640,83123,83123,83063.3,83063.3
1769855700,83063.3,83084.9,83014.4,83017.8
1769855760,83017.8,83085.3,83017.8,83085.2
1769855820,83085.2,83093.7,83047.8,83093.7
1769855880,83093.7,83093.7,83035,83035.1
1769855940,83035.1,83073.8,83034.2,83068
1769856000,83068,83076.8,83060,83060.1
1769856060,83060.1,83105.2,83060,83105.2
1769856120,83105.2,83134.2,83105.2,83107.8
1769856180,83107.8,83125.8,83093.2,83117.7
1769856240,83117.7,83135.6,83117.6,83135.5
1769856300,83135.5,83135.6,83093,83093.1
1769856360,83093.1,83100,83083.1,83100
1769856420,83100,83126.6,83085,83085
1769856480,83085,83085.1,83057.1,83070
1769856540,83070,83085.1,83070,83076.3
1769856600,83076.3,83103.3,83071.4,83103.3
1769856660,83103.3,83103.3,83021.9,83025.9
1769856720,83025.9,83067.6,83024.9,83067.6
1769856780,83067.6,83082.4,83055.4,83080.4
1769856840,83080.4,83134,83075.3,83133.9
1769856900,83133.9,83150,83133.9,83139.5
1769856960,83139.5,83147.3,83104.4,83121.4
1769857020,83121.4,83136.6,83121.3,83129
1769857080,83129,83131.9,83088,83088.1
1769857140,83088.1,83120.2,83069.2,83120.1
1769857200,83120.1,83120.2,83032.6,83042
1769857260,83042,83081.6,83041.6,83063.4
1769857320,83063.4,83076.1,83000,83014.9
1769857380,83014.9,83040,82999.1,83022.9
1769857440,83022.9,83035.3,83000,83001.3
1769857500,83001.3,83022.5,82970.7,82999.3
1769857560,82999.3,83035.5,82990.8,83035.3
1769857620,83035.3,83035.3,83012.8,83028.6
1769857680,83028.6,83033,82996.7,83010.5
1769857740,83010.5,83042.7,82990.3,83042.6
1769857800,83042.6,83042.7,82981.7,83006
1769857860,83006,83014.8,82986.7,83014.8
1769857920,83014.8,83034.8,83000,83000
1769857980,83000,83000.1,82963,82966.5
1769858040,82966.5,82983.6,82937.5,82979.9
1769858100,82979.9,82998.9,82966.6,82997.2
1769858160,82997.2,83043,82997.2,83010.1
1769858220,83010.1,83010.1,82956.4,82956.4
1769858280,82956.4,83005,82956.4,82978.4
1769858340,82978.4,83029.8,82972.3,83008.5
1769858400,83008.5,83036.8,82993.3,83007.9
1769858460,83007.9,83013.4,82977.5,82999.5
1769858520,82999.5,83011.4,82990.7,83000.2
1769858580,83000.2,83024.2,83000.1,83016.4
1769858640,83016.4,83034,83007.2,83031.9
1769858700,83031.9,83031.9,82992.1,83014.7
1769858760,83014.7,83049.4,83014.7,83033.2
1769858820,83033.2,83033.3,83000,83018.6
1769858880,83018.6,83022.9,82960.6,82963.5
1769858940,82963.5,82986.8,82956.6,82959.1
1769859000,82959.1,82987.9,82959.1,82987.8
1769859060,82987.8,83031,82986.8,83031
1769859120,83031,83037.1,82971.4,83006.3
1769859180,83006.3,83010.9,82996,83000
1769859240,83000,83007,82981.1,82996
1769859300,82996,83019.5,82995.9,83019.5
1769859360,83019.5,83019.6,82992,83001.2
1769859420,83001.2,83001.2,82977.2,82982.9
1769859480,82982.9,83026.7,82970.5,82999.1
1769859540,82999.1,83008.2,82973.8,82974.3
1769859600,82974.3,82991.5,82957.5,82974
1769859660,82974,82989,82948.1,82979.3
1769859720,82979.3,83000,82976.5,82981.2
1769859780,82981.2,82981.2,82956.2,82977.5
1769859840,82977.5,82977.6,82919.9,82938.1
1769859900,82938.1,82962.1,82931.4,82956.9
1769859960,82956.9,82964.7,82917.1,82917.1
1769860020,82917.1,82952.3,82913,82939.9
1769860080,82939.9,82976.1,82923.9,82923.9
1769860140,82923.9,82973,82923.9,82962.6
1769860200,82962.6,82982.2,82950,82982.2
1769860260,82982.2,82982.2,82895,82910.2
1769860320,82910.2,82910.2,82773.8,82841.3
1769860380,82841.3,82904,82830.5,82890.1
1769860440,82890.1,82950,82885.6,82922.3
1769860500,82922.3,82950,82914.3,82931.4
1769860560,82931.4,82981,82931.4,82950.1
1769860620,82950.1,82983.1,82938.8,82955.3
1769860680,82955.3,82955.3,82902.7,82908.9
1769860740,82908.9,82978.6,82908.8,82978.6
1769860800,82978.6,82980.2,82952.6,82973.9
1769860860,82973.9,82995.7,82953.5,82955.1
1769860920,82955.1,82984.8,82952.2,82963.4
1769860980,82963.4,82975,82952.2,82963.1
1769861040,82963.1,82977.6,82950.4,82967.8
1769861100,82967.8,82984.3,82947.6,82984.3
1769861160,82984.3,83015,82984.2,83015
1769861220,83015,83035.2,83005,83024.1
1769861280,83024.1,83109.2,83008.4,83078.3
1769861340,83078.3,83113.3,83071.8,83071.9
1769861400,83071.9,83076.3,82918,82942.9
1769861460,82942.9,82954.3,82848.6,82858.3
1769861520,82858.3,82889.4,82848.5,82869.8
1769861580,82869.8,82869.8,82752.3,82767.2
1769861640,82767.2,82828.8,82767.2,82800
1769861700,82800,82838.1,82795.2,82822.1
1769861760,82822.1,82913,82822.1,82913
1769861820,82913,82942.9,82880.4,82930.7
1769861880,82930.7,82931.4,82881.6,82921.9
1769861940,82921.9,82966,82890,82966
1769862000,82966,83048.6,82960.9,82960.9
1769862060,82960.9,82960.9,82905,82908.6
1769862120,82908.6,82929.8,82886.1,82929.8
1769862180,82929.8,82961.5,82929.8,82952.6
1769862240,82952.6,82999,82952.5,82982.8
1769862300,82982.8,82982.8,82949.3,82964.1
1769862360,82964.1,82987.7,82955.1,82964.1
1769862420,82964.1,82971,82945,82963.7
1769862480,82963.7,82975.9,82938.5,82940.5
1769862540,82940.5,82958.3,82935.2,82958.3
1769862600,82958.3,82958.3,82928.7,82929.6
1769862660,82929.6,82932,82875.7,82875.7
1769862720,82875.7,82956.6,82852.3,82930.6
1769862780,82930.6,82954.9,82890,82890
1769862840,82890,82902.9,82863.7,82893.8
1769862900,82893.8,82897.3,82851.9,82891.4
1769862960,82891.4,82919.7,82855.7,82878.7
1769863020,82878.7,82878.7,82771.3,82805.9
1769863080,82805.9,82890.2,82799,82861.8
1769863140,82861.8,82906.8,82859.1,82859.2
1769863200,82859.2,82913.1,82859.2,82911.4
1769863260,82911.4,82928.7,82895.9,82928.7
1769863320,82928.7,82936.3,82885.3,82898
1769863380,82898,82909.6,82882.9,82900
1769863440,82900,82900,82870.5,82884.7
1769863500,82884.7,82916.4,82879,82902.6
1769863560,82902.6,82918.8,82890,82890.4
1769863620,82890.4,82890.4,82836.6,82854
1769863680,82854,82855.9,82754.3,82760.4
1769863740,82760.4,82781.5,82760.3,82777.6
1769863800,82777.6,82777.6,82706.8,82723.3
1769863860,82723.3,82758.3,82720.3,82730.8
1769863920,82730.8,82761.9,82671.4,82702
1769863980,82702,82752.9,82701.8,82752.9
1769864040,82752.9,82775.1,82747,82771.9
1769864100,82771.9,82810.8,82750.3,82759.9
1769864160,82759.9,82833.4,82746.7,82813.3
1769864220,82813.3,82824.6,82742,82742.1
1769864280,82742.1,82756.1,82709.8,82726.2
1769864340,82726.2,82758.5,82684.4,82736
1769864400,82736,82754.7,82677,82677
1769864460,82677,82712.6,82673.4,82673.5
1769864520,82673.5,82840.7,82650,82802.8
1769864580,82802.8,82808.6,82734.7,82766.8
1769864640,82766.8,82779.5,82740.8,82777.2
1769864700,82777.2,82789.9,82756.3,82765.4
1769864760,82765.4,82777.6,82746.7,82769.3
1769864820,82769.3,82782.3,82757.3,82782.2
1769864880,82782.2,82845.2,82782.2,82831.5
1769864940,82831.5,82870,82822.1,82854
1769865000,82854,82854.1,82794.4,82803.2
1769865060,82803.2,82827.4,82803.2,82817.8
1769865120,82817.8,82823.6,82774.6,82791
1769865180,82791,82813.1,82746,82770.4
1769865240,82770.4,82822.9,82755.8,82755.8
1769865300,82755.8,82803.3,82755.7,82802.4
1769865360,82802.4,82847,82775.7,82847
1769865420,82847,82869.6,82822.2,82869.6
1769865480,82869.6,82887.4,82866,82866
1769865540,82866,82866.1,82745,82778.5
1769865600,82778.5,82821,82778.4,82793.5
1769865660,82793.5,82812,82789,82805.9
1769865720,82805.9,82806,82768.2,82793.2
1769865780,82793.2,82820.4,82788.2,82809.1
1769865840,82809.1,82823.9,82790.9,82790.9
1769865900,82790.9,82802.6,82770.2,82775.5
1769865960,82775.5,82788.9,82755.7,82761
1769866020,82761,82765,82734,82757.1
1769866080,82757.1,82779.2,82739.1,82779.2
1769866140,82779.2,82801,82779.1,82792.8
1769866200,82792.8,82814.9,82782.4,82782.4
1769866260,82782.4,82796.7,82725.3,82749.3
1769866320,82749.3,82766.1,82600.1,82616
1769866380,82616,82640.3,82560,82596.2
1769866440,82596.2,82596.2,82454.5,82501.6
1769866500,82501.6,82608.7,82500,82607.8
1769866560,82607.8,82689.5,82472.1,82476
1769866620,82476,82537,82396.8,82513.2
1769866680,82513.2,82540,82440.6,82463.3
1769866740,82463.3,82511.7,82454,82501.8
1769866800,82501.8,82580.6,82501.8,82571.5
1769866860,82571.5,82598.9,82551.1,82581.4
1769866920,82581.4,82606.8,82550,82562.5
1769866980,82562.5,82588.5,82522.7,82558.8
1769867040,82558.8,82627.8,82558.8,82618.8
1769867100,82618.8,82630,82570.3,82593
1769867160,82593,82696.2,82585.5,82599
1769867220,82599,82668.7,82592.6,82601.9
1769867280,82601.9,82632.5,82570,82632.5
1769867340,82632.5,82648.5,82599.4,82639
1769867400,82639,82646.7,82608.2,82640.6
1769867460,82640.6,82660,82588.2,82588.2
1769867520,82588.2,82624.5,82555,82593.4
1769867580,82593.4,82638.3,82591.7,82621.1
1769867640,82621.1,82652.7,82618.8,82647.1
1769867700,82647.1,82696.2,82636.6,82636.6
1769867760,82636.6,82669,82636.6,82650.7
1769867820,82650.7,82692.3,82645.2,82665.4
1769867880,82665.4,82712,82664.6,82712
1769867940,82712,82749.9,82710.3,82733.3
1769868000,82733.3,82804,82733.3,82767.6
1769868060,82767.6,82808.2,82767.6,82777.8
1769868120,82777.8,82777.8,82682.2,82712.6
1769868180,82712.6,82781.2,82712.5,82743
1769868240,82743,82840,82743,82840
1769868300,82840,82875.1,82807.6,82813.4
1769868360,82813.4,82894.3,82811.3,82885.9
1769868420,82885.9,82894.2,82770,82786
1769868480,82786,82786,82592.6,82595
1769868540,82595,82595.1,82537.1,82562.5
1769868600,82562.5,82631.5,82323.8,82414.5
1769868660,82414.5,82550.6,82411.2,82488.4
1769868720,82488.4,82488.5,82376.4,82432.4
1769868780,82432.4,82461.9,82350,82461.9
1769868840,82461.9,82499,82300,82418.1
1769868900,82418.1,82470,82234,82360.5
1769868960,82360.5,82482.7,82338.4,82481
1769869020,82481,82483.1,82329.6,82369.1
1769869080,82369.1,82386.7,82231.9,82248
1769869140,82248,82316.4,82178.1,82233
1769869200,82233,82293.1,82200.1,82220.9
1769869260,82220.9,82329.2,82200.1,82253.9
1769869320,82253.9,82281,82112,82112
1769869380,82112,82188.3,81955.7,82006.4
1769869440,82006.4,82096.1,81910,81936
1769869500,81936,82067,81913.1,81950.1
1769869560,81950.1,82006.1,81222.3,81546.3
1769869620,81546.3,81741.9,81238.2,81506.4
1769869680,81506.4,81725.6,81330.7,81542.5
1769869740,81542.5,81619.4,81351.6,81552.6
1769869800,81552.6,81595,81366.7,81408
1769869860,81408,81454.7,81101,81108
1769869920,81108,81383.2,81101,81373.1
1769869980,81373.1,81500,81299.1,81329.5
1769870040,81329.5,81430.8,81270.1,81421.9
1769870100,81421.9,81528.8,81358.7,81489.9
1769870160,81489.9,81534.9,81130.9,81187
1769870220,81187,81241.2,81060.3,81133.6
1769870280,81133.6,81200,80750,81134.4
1769870340,81134.4,81146.5,80883.9,81012.7
1769870400,81012.7,81066.9,80962.7,80964.7
1769870460,80964.7,81074.5,80933.6,80964
1769870520,80964,81018.7,80850.1,80945.1
1769870580,80945.1,81008.5,80919.8,80976.6
1769870640,80976.6,81017.2,80893.9,80954
1769870700,80954,81039.3,80844.5,81003.3
1769870760,81003.3,81249.2,80961.3,81156.1
1769870820,81156.1,81177.4,81029,81052
1769870880,81052,81208.7,81024.9,81198.4
1769870940,81198.4,81221,81050,81055.7
1769871000,81055.7,81133.1,81040.7,81066.7
1769871060,81066.7,81205.2,81061,81198.9
1769871120,81198.9,81208.7,81169.4,81197.8
1769871180,81197.8,81215.6,81169.5,81215.6
1769871240,81215.6,81442.7,81205.2,81383.2
1769871300,81383.2,81524.3,81356.4,81496.5
1769871360,81496.5,81496.5,81370.1,81402.9
1769871420,81402.9,81500,81399.8,81487.2
1769871480,81487.2,81500,81423.5,81424.3
1769871540,81424.3,81492.5,81424.1,81440.1
1769871600,81440.1,81500,81363.9,81370
1769871660,81370,81372,81194.2,81239.9
1769871720,81239.9,81250,81139.5,81228.5
1769871780,81228.5,81264.6,81190,81218.1
1769871840,81218.1,81303.7,81191.7,81270.8
1769871900,81270.8,81687.2,81270.7,81640.9
1769871960,81640.9,81745.9,81584.7,81601.3
1769872020,81601.3,81620.1,81522,81549
1769872080,81549,81564.1,81400,81423.4
1769872140,81423.4,81448.5,81349.4,81379.3
1769872200,81379.3,81410.8,81315,81410.8
1769872260,81410.8,81417.3,81279.1,81296.1
1769872320,81296.1,81314.8,81200.3,81229.2
1769872380,81229.2,81252,81189.9,81235.4
1769872440,81235.4,81249.6,81170,81221.2
1769872500,81221.2,81221.9,81108.2,81109.1
1769872560,81109.1,81109.1,81045.4,81081.5
1769872620,81081.5,81184.9,81046.1,81180
1769872680,81180,81215,81096.3,81164.3
1769872740,81164.3,81207.1,81083.8,81089.6
1769872800,81089.6,81146,81072.8,81097.5
1769872860,81097.5,81190.5,81082.9,81178.6
1769872920,81178.6,81191,81100,81174.1
1769872980,81174.1,81190.9,81100,81126.2
1769873040,81126.2,81176.3,81101.1,81119.8
1769873100,81119.8,81271.4,81102.5,81160.4
1769873160,81160.4,81302.8,81160.3,81170.8
1769873220,81170.8,81178.7,81150,81150.2
1769873280,81150.2,81205.4,81111.8,81205.4
1769873340,81205.4,81298.9,81205.4,81263.1
1769873400,81263.1,81306.6,81224.6,81246.7
1769873460,81246.7,81310,81189.5,81189.5
1769873520,81189.5,81314.9,81146.7,81296.3
1769873580,81296.3,81333,81289.7,81290
1769873640,81290,81325.2,81278.3,81301.3
1769873700,81301.3,81301.3,81229.2,81238.2
1769873760,81238.2,81238.8,81108.4,81158.6
1769873820,81158.6,81184.3,81111.2,81179.9
1769873880,81179.9,81229.8,81140.1,81203.4
1769873940,81203.4,81245.1,81163.3,81239.5
1769874000,81239.5,81239.5,81162.2,81162.2
1769874060,81162.2,81180.1,81119.7,81170.6
1769874120,81170.6,81220.5,81155.4,81185.5
1769874180,81185.5,81213,81160,81204.1
1769874240,81204.1,81308.7,81204.1,81295.5
1769874300,81295.5,81352.5,81289.3,81315
1769874360,81315,81350,81242.6,81245.1
1769874420,81245.1,81306,81222.9,81264.5
1769874480,81264.5,81445.3,81264.5,81445.3
1769874540,81445.3,81492.5,81396.6,81434.8
1769874600,81434.8,81439,81370,81403.3
1769874660,81403.3,81403.3,81351.3,81373.8
1769874720,81373.8,81396.5,81368,81386.8
1769874780,81386.8,81402,81365.1,81379.9
1769874840,81379.9,81404.3,81340.2,81361.9
1769874900,81361.9,81431.2,81361.9,81431.2
1769874960,81431.2,81431.2,81377.5,81400.5
1769875020,81400.5,81400.6,81201.3,81267.4
1769875080,81267.4,81298.5,81185.9,81221.1
1769875140,81221.1,81303.5,81221.1,81255.2
1769875200,81255.2,81328.1,81240.2,81328.1
1769875260,81328.1,81339,81247.1,81247.2
1769875320,81247.2,81311,81247.2,81310.9
1769875380,81310.9,81400,81288.2,81347.4
1769875440,81347.4,81379.1,81275.5,81297.7
1769875500,81297.7,81340.3,81288.6,81292
1769875560,81292,81298.8,81233.8,81249.5
1769875620,81249.5,81249.5,80927.4,81035
1769875680,81035,81061.6,80917.2,80949.9
1769875740,80949.9,80950,80668.2,80694.7
1769875800,80694.7,80997.1,80694.7,80915.7
1769875860,80915.7,81032.1,80915.7,80988.1
1769875920,80988.1,81110,80960.2,81021.2
1769875980,81021.2,81051.3,80910.2,80970.3
1769876040,80970.3,81000,80911.5,80949.7
1769876100,80949.7,81009.6,80944.4,80963.5
1769876160,80963.5,80963.6,80500,80587.6
1769876220,80587.6,81210,80294.3,81063.1
1769876280,81063.1,81685.6,81023.4,81397
1769876340,81397,81580.2,81328,81399.9
1769876400,81399.9,81750,81315,81729.6
1769876460,81729.6,82264.5,81578.7,81767
1769876520,81767,81767.1,81642.2,81712
1769876580,81712,81879.4,81700,81760.8
1769876640,81760.8,81888,81714.5,81716.5
1769876700,81716.5,81800,81455.2,81500.3
1769876760,81500.3,81513.2,81310.9,81417.7
1769876820,81417.7,81418.3,81170,81226.4
1769876880,81226.4,81246,81015.4,81099.3
1769876940,81099.3,81155,81022.3,81070.2
1769877000,81070.2,81149.6,81004.8,81048.8
1769877060,81048.8,81188.9,80937.1,81188.2
1769877120,81188.2,81246.7,81094,81124.1
1769877180,81124.1,81221.6,81100.1,81197.5
1769877240,81197.5,81227.6,81101.7,81137
1769877300,81137,81181,81058,81066.2
1769877360,81066.2,81102.1,81001.8,81048.9
1769877420,81048.9,81188,81009.7,81079.6
1769877480,81079.6,81099.6,80923.6,80970.3
1769877540,80970.3,81005.3,80904.8,80988.8
1769877600,80988.8,81016,80864,80911.7
1769877660,80911.7,80963.5,80895,80929.5
1769877720,80929.5,81005.1,80928.8,81005.1
1769877780,81005.1,81026.6,80872.3,80916.7
1769877840,80916.7,80999.8,80909.3,80935
1769877900,80935,80995.7,80910.4,80964.9
1769877960,80964.9,80964.9,80668.3,80723.4
1769878020,80723.4,80759.4,80150,80244
1769878080,80244,80631,80201.7,80419.7
1769878140,80419.7,80517.8,80400,80410.1
1769878200,80410.1,80445.6,80300,80350
1769878260,80350,80488.5,80125,80172.1
1769878320,80172.1,80369.6,80171.2,80310.8
1769878380,80310.8,80311.9,80030,80066.9
1769878440,80066.9,80244.4,80060,80103.6
1769878500,80103.6,80280.9,80071.6,80113.9
1769878560,80113.9,80309.2,80111,80202.3
1769878620,80202.3,80244.1,80022,80138.4
1769878680,80138.4,80287.3,80113.5,80231.8
1769878740,80231.8,80392.8,80221.6,80308
1769878800,80308,80479.9,80295.3,80478
1769878860,80478,80488.5,80284.9,80288.3
1769878920,80288.3,80407.3,80288.3,80407.3
1769878980,80407.3,80498.5,80371.7,80471.5
1769879040,80471.5,80490,80283.7,80286.4
1769879100,80286.4,80286.5,80019.4,80050.1
1769879160,80050.1,80317.4,80000.1,80110.2
1769879220,80110.2,80186.3,80080,80117.1
1769879280,80117.1,80153.4,79322.3,79397.3
1769879340,79397.3,79757.2,79370.3,79453.2
1769879400,79453.2,79514.2,78963.2,79381.4
1769879460,79381.4,79500,78703.7,78795
1769879520,78795,79171.3,78080.5,78762.7
1769879580,78762.7,79290.9,78446.9,79264.3
1769879640,79264.3,79436.4,78772.3,78807.4
1769879700,78807.4,79204.8,78783.6,79045.5
1769879760,79045.5,79269.3,78936.7,79058.7
1769879820,79058.7,79392.2,79048.1,79160.1
1769879880,79160.1,79299.9,79122.5,79203.1
1769879940,79203.1,79300,79008,79031.3
1769880000,79031.3,79077.1,78576.8,78870.1
1769880060,78870.1,79072,78770.4,78929.6
1769880120,78929.6,79033,78815.3,79012.5
1769880180,79012.5,79063.8,78833.9,78901.4
1769880240,78901.4,79173.9,78888,78981.9
1769880300,78981.9,79113.3,78931.1,79031.1
1769880360,79031.1,79091.5,78912.9,79013.5
1769880420,79013.5,79160.1,78948.8,79089.7
1769880480,79089.7,79135.9,78981.2,79043.7
1769880540,79043.7,79124,78987.6,79080.4
1769880600,79080.4,79250,78990.8,79009.7
1769880660,79009.7,79084.2,78897.1,78897.3
1769880720,78897.3,78974.8,78897.1,78906.7
1769880780,78906.7,78912.6,78452,78487.2
1769880840,78487.2,78695,78477.2,78545.4
1769880900,78545.4,78808.8,78500.1,78688.8
1769880960,78688.8,79123.6,78688.8,79084
1769881020,79084,79179.8,78959.3,78963.4
1769881080,78963.4,79039.8,78800,78805.4
1769881140,78805.4,78852.3,78756.5,78756.6
1769881200,78756.6,78865.1,78618.4,78625.5
1769881260,78625.5,78715.5,78535.2,78535.8
1769881320,78535.8,78683.1,78517.3,78648.2
1769881380,78648.2,78795,78615.3,78795
1769881440,78795,78979.9,78734.4,78874.5
1769881500,78874.5,79054,78874.5,79019.3
1769881560,79019.3,79039.3,78800,78817.2
1769881620,78817.2,78822.8,78691.1,78721.2
1769881680,78721.2,78798.9,78695,78726.9
1769881740,78726.9,78742.8,78667.1,78717.5
1769881800,78717.5,78761,78605.6,78724.7
1769881860,78724.7,78928.8,78702.7,78886.7
1769881920,78886.7,79018.3,78804.5,78995.6
1769881980,78995.6,79018.2,78961.9,78962
1769882040,78962,78972.6,78891.1,78904.8
1769882100,78904.8,79010,78904,78923
1769882160,78923,78986.3,78900,78941.5
1769882220,78941.5,78951.9,78764.5,78867.2
1769882280,78867.2,78890,78760.3,78785.7
1769882340,78785.7,78870.7,78785.7,78848.1
1769882400,78848.1,79096.8,78835.8,79078.2
1769882460,79078.2,79078.2,78894.1,78923.5
1769882520,78923.5,79000,78886,78915.5
1769882580,78915.5,78915.5,78807.1,78813.2
1769882640,78813.2,78823.3,78735.7,78800
1769882700,78800,78963.9,78799.9,78912.5
1769882760,78912.5,78912.5,78779.4,78784.1
1769882820,78784.1,78795.6,78559.9,78714.8
1769882880,78714.8,78720,78592.8,78641.7
1769882940,78641.7,78820.4,78641.7,78802.4
1769883000,78802.4,78808.6,78704.6,78753.3
1769883060,78753.3,78847.5,78735.2,78756
1769883120,78756,78780,78682.8,78757.1
1769883180,78757.1,78757.1,78656,78681.7
1769883240,78681.7,78704,78539.6,78591.9
1769883300,78591.9,78627.5,78527.6,78552.2
1769883360,78552.2,78622.4,78368,78382.9
1769883420,78382.9,78576,78382.9,78488.4
1769883480,78488.4,78488.4,78310.4,78326.9
1769883540,78326.9,78425.5,78301.3,78326.8
1769883600,78326.8,78363.2,78127.6,78217
1769883660,78217,78294.5,77900.4,78140.2
1769883720,78140.2,78509.4,78124.1,78373.4
1769883780,78373.4,78378.8,78278.5,78357.9
1769883840,78357.9,78420,78250,78250
1769883900,78250,78399.3,78250,78387.9
1769883960,78387.9,78387.9,78223.8,78233.1
1769884020,78233.1,78357.2,78220.2,78317
1769884080,78317,78443,78289.1,78394.8
1769884140,78394.8,78401.3,78336.8,78400.1
1769884200,78400.1,78691.5,78395.9,78650.9
1769884260,78650.9,78699.6,78404.9,78431.4
1769884320,78431.4,78441,78363.1,78387.7
1769884380,78387.7,78401.7,78320.8,78334.3
1769884440,78334.3,78391.4,78308.6,78373
1769884500,78373,78382.2,78149.9,78181.4
1769884560,78181.4,78209.9,78146.8,78152.2
1769884620,78152.2,78174.1,77694.5,77707.9
1769884680,77707.9,77903.5,77376.1,77781.5
1769884740,77781.5,77923.1,77425.4,77511.8
1769884800,77511.8,77593.4,77097.2,77146
1769884860,77146,77553.6,77143.8,77454.7
1769884920,77454.7,77594.7,77309.8,77344
1769884980,77344,77355,75738.3,75738.3
1769885040,75738.3,77619.2,75689.6,77552.5
1769885100,77552.5,77907.2,77054.7,77862.2
1769885160,77862.2,78324.2,77797.5,77842
1769885220,77842,78195,77777,78062.6
1769885280,78062.6,78127.2,77839.4,77974.1
1769885340,77974.1,78028.8,77731,77980.2
1769885400,77980.2,78179.9,77873.2,77969.3
1769885460,77969.3,77969.3,77661.1,77828.2
1769885520,77828.2,78196,77725.2,78049.6
1769885580,78049.6,78121.5,77890.7,78082.4
1769885640,78082.4,78121.9,77862.5,77889.6
1769885700,77889.6,77939.2,77702.4,77704
1769885760,77704,77857.6,77615.5,77786.6
1769885820,77786.6,78020,77786.6,77875.3
1769885880,77875.3,78058,77875.3,77923.9
1769885940,77923.9,78043.6,77923.9,78016.7
1769886000,78016.7,78196,77948,78180.1
1769886060,78180.1,78180.1,77759.1,77867.8
1769886120,77867.8,77975.5,77800,77866
1769886180,77866,78000,77826.9,77870.7
1769886240,77870.7,77951.4,77800,77876.8
1769886300,77876.8,78045.5,77845.7,78039
1769886360,78039,78345.6,78007.2,78009.3
1769886420,78009.3,78155.4,77986.8,78150.3
1769886480,78150.3,78295,78099.3,78204.2
1769886540,78204.2,78333,78091.5,78323.4
1769886600,78323.4,78544.7,78218.4,78226.2
1769886660,78226.2,78244.3,78050.2,78111
1769886720,78111,78203.6,78032.3,78134.1
1769886780,78134.1,78183.3,78064.7,78183.3
1769886840,78183.3,78200,78109.8,78191
1769886900,78191,78217.4,78015.1,78110.8
1769886960,78110.8,78345.1,78110.8,78144.1
1769887020,78144.1,78153.6,78002.8,78003.5
1769887080,78003.5,78146.7,78000,78104.1
1769887140,78104.1,78152.2,78073.2,78144.5
1769887200,78144.5,78164,78075.1,78089.9
1769887260,78089.9,78089.9,77939.3,77939.4
1769887320,77939.4,77941.8,77776.3,77813.6
1769887380,77813.6,77934.1,77813.6,77866.5
1769887440,77866.5,77933,77866.5,77913.9
1769887500,77913.9,77943,77800,77881.1
1769887560,77881.1,78114.3,77881,78050.9
1769887620,78050.9,78115,77944.2,77944.2
1769887680,77944.2,77945,77855.9,77936
1769887740,77936,77950,77900,77931.3
1769887800,77931.3,78026.3,77838,77839.6
1769887860,77839.6,77858.9,77720,77760.1
1769887920,77760.1,77760.1,77502.3,77550
1769887980,77550,77622.5,77400.2,77460.2
1769888040,77460.2,77546.9,77441.1,77505.5
1769888100,77505.5,77568.6,77428.4,77443.8
1769888160,77443.8,77510.4,77316.9,77320.1
1769888220,77320.1,77463,77241.6,77307.1
1769888280,77307.1,77310.2,77240.2,77272.1
1769888340,77272.1,77320,77150,77280
1769888400,77280,77409.2,77222,77230.3
1769888460,77230.3,77276.8,77189.7,77231.1
1769888520,77231.1,77321.9,77205.6,77259.8
1769888580,77259.8,77532,77259.8,77413.4
1769888640,77413.4,77559.8,77402.3,77483.8
1769888700,77483.8,77660.9,77411.4,77644
1769888760,77644,77645.5,77490.8,77619.9
1769888820,77619.9,77845.6,77608,77771.7
1769888880,77771.7,77777,77622.4,77640
1769888940,77640,77745.7,77591.4,77745.7
1769889000,77745.7,77777,77729.4,77774.2
1769889060,77774.2,77900,77729.4,77896
1769889120,77896,77911,77729.4,77832
1769889180,77832,77860,77732.8,77755.9
1769889240,77755.9,77767.8,77729.4,77759.5
1769889300,77759.5,77843,77756.6,77787
1769889360,77787,77962,77781.2,77921.5
1769889420,77921.5,77949.4,77802.7,77806.9
1769889480,77806.9,77953.2,77799,77868.6
1769889540,77868.6,77889.7,77719.1,77719.1
1769889600,77719.1,77777.7,77712,77750
1769889660,77750,77845,77727,77779.4
1769889720,77779.4,77845,77737.3,77787.6
1769889780,77787.6,77802.3,77611.6,77614.1
1769889840,77614.1,77830.6,77606.2,77748.1
1769889900,77748.1,77748.1,77677.3,77735.9
1769889960,77735.9,77913.4,77735.9,77882.3
1769890020,77882.3,77897.9,77801.3,77880.6
1769890080,77880.6,77880.6,77789.3,77821
1769890140,77821,77849.9,77757.3,77789.8
1769890200,77789.8,77802.9,77684.3,77700.4
1769890260,77700.4,77803,77691.2,77802.9
1769890320,77802.9,77803,77610.7,77628.9
1769890380,77628.9,77717.1,77582.8,77595.3
1769890440,77595.3,77643.7,77454.9,77488.9
1769890500,77488.9,77586.6,77435.6,77536.7
1769890560,77536.7,77536.7,77350.9,77462.4
1769890620,77462.4,77500,77445.4,77478.3
1769890680,77478.3,77518.7,77427.3,77433.1
1769890740,77433.1,77562.1,77422.1,77562.1
1769890800,77562.1,77562.1,77463.2,77505.1
1769890860,77505.1,77679.5,77480.6,77655.9
1769890920,77655.9,78114.9,77650,78004.6
1769890980,78004.6,78016.1,77785.8,77785.9
1769891040,77785.9,77794.9,77663,77663
1769891100,77663,77706.2,77630.1,77634
1769891160,77634,77649.2,77465.1,77504.5
1769891220,77504.5,77540.3,77448.6,77448.7
1769891280,77448.7,77471.9,77341.6,77363
1769891340,77363,77404.8,77333.5,77346.3
1769891400,77346.3,77346.3,77208.6,77237.3
1769891460,77237.3,77286.5,77195,77196.9
1769891520,77196.9,77262.5,77038.1,77125.8
1769891580,77125.8,77155.1,77033.2,77128
1769891640,77128,77147,77075.6,77089.6
1769891700,77089.6,77289,77089.6,77182.1
1769891760,77182.1,77344.9,77176.1,77200
1769891820,77200,77204.1,77133,77179.6
1769891880,77179.6,77265,77077,77233
1769891940,77233,77271,77166.6,77206
1769892000,77206,77248.7,77174.3,77241.9
1769892060,77241.9,77374.9,77220,77291
1769892120,77291,77371.7,77286.6,77324
1769892180,77324,77532.2,77323.9,77460.1
1769892240,77460.1,77484.4,77372.6,77480.7
1769892300,77480.7,77500,77360.4,77369.8
1769892360,77369.8,77472.9,77275.2,77430.9
1769892420,77430.9,77492.2,77365.8,77365.8
1769892480,77365.8,77497,77365.8,77492.5
1769892540,77492.5,77492.5,77322,77371.9
1769892600,77371.9,77467.8,77344.4,77450.1
1769892660,77450.1,77495.3,77432.9,77480
1769892720,77480,77602.1,77479.9,77564.6
1769892780,77564.6,77596.7,77524.7,77574.9
1769892840,77574.9,77676.3,77562.1,77676.3
1769892900,77676.3,77771.8,77641.6,77770.8
1769892960,77770.8,77943.1,77748.8,77928.7
1769893020,77928.7,77975,77858.9,77936.7
1769893080,77936.7,78054,77936.6,78036.1
1769893140,78036.1,78058.7,77950.2,77953.8
1769893200,77953.8,78059,77950,78034.2
1769893260,78034.2,78113.9,78014,78055.7
1769893320,78055.7,78055.8,77811.4,77842.7
1769893380,77842.7,77908.8,77559,77642.9
1769893440,77642.9,77716.6,77633.7,77672.9
1769893500,77672.9,77776.9,77650,77651.2
1769893560,77651.2,77774,77650,77765.8
1769893620,77765.8,77926.3,77759.4,77896.7
1769893680,77896.7,77949.1,77856.1,77889.6
1769893740,77889.6,77933.2,77875,77912.9
1769893800,77912.9,77912.9,77854.5,77894
1769893860,77894,77894,77739.8,77754.2
1769893920,77754.2,77805.1,77712.8,77712.9
1769893980,77712.9,77737.1,77645.2,77646
1769894040,77646,77646,77577.5,77629.1
1769894100,77629.1,77725.7,77584,77654
1769894160,77654,77715.1,77563.6,77670.7
1769894220,77670.7,77710.5,77635.7,77691.1
1769894280,77691.1,77743.9,77634.1,77676.6
1769894340,77676.6,77680.1,77574.5,77624.2
1769894400,77624.2,77645.1,77370,77451.6
1769894460,77451.6,77512,77352.8,77352.9
1769894520,77352.9,77480.7,77334.4,77345.4
1769894580,77345.4,77442.9,77325.1,77442.9
1769894640,77442.9,77540.4,77420.9,77436.4
1769894700,77436.4,77542,77435.1,77539.1
1769894760,77539.1,77695,77526.7,77695
1769894820,77695,77896.7,77695,77855.5
1769894880,77855.5,77952.3,77832.7,77852
1769894940,77852,77860,77758.1,77791.1
1769895000,77791.1,77860,77755,77758
1769895060,77758,77791,77683,77780.2
1769895120,77780.2,77920,77712.9,77908.4
1769895180,77908.4,77908.4,77785.8,77818.6
1769895240,77818.6,77940,77812.9,77939.6
1769895300,77939.6,77972.1,77924.9,77971.5
1769895360,77971.5,78000,77967.5,78000
1769895420,78000,78141,77988,78119.1
1769895480,78119.1,78120.3,78000,78055.6
1769895540,78055.6,78176.4,78008.7,78110.2
1769895600,78110.2,78180,78060,78113.2
1769895660,78113.2,78166.8,78050.4,78147.2
1769895720,78147.2,78293.1,78096.8,78100
1769895780,78100,78140.3,78031.5,78127.2
1769895840,78127.2,78138.6,78088.7,78128
1769895900,78128,78180.1,78065.8,78066
1769895960,78066,78135.5,78066,78074.7
1769896020,78074.7,78132.3,78054.1,78132.3
1769896080,78132.3,78175.7,78089.4,78135.2
1769896140,78135.2,78196,78083.8,78124.3
1769896200,78124.3,78182.3,78104.1,78182.3
1769896260,78182.3,78269.6,78146.2,78261.6
1769896320,78261.6,78261.6,78147.1,78158.5
1769896380,78158.5,78246.9,78126.2,78218.7
1769896440,78218.7,78218.7,78189.8,78203.7
1769896500,78203.7,78219.3,78171.6,78192.2
1769896560,78192.2,78230.1,78174.9,78207.9
1769896620,78207.9,78244.9,78166,78178.8
1769896680,78178.8,78336.9,78178.8,78325.6
1769896740,78325.6,78325.7,78111.6,78262.2
1769896800,78262.2,78320.9,78245.7,78266.5
1769896860,78266.5,78350,78217.3,78340.2
1769896920,78340.2,78350,78321.3,78346.1
1769896980,78346.1,78380.6,78282,78362.2
1769897040,78362.2,78479,78352.5,78429.7
1769897100,78429.7,78448.1,78348.5,78377.3
1769897160,78377.3,78377.3,78272.9,78309.7
1769897220,78309.7,78368.4,78291,78316.7
1769897280,78316.7,78337.4,78216.5,78270.8
1769897340,78270.8,78282.6,78230,78235
1769897400,78235,78255.2,78195.6,78201.9
1769897460,78201.9,78201.9,78115.4,78129.9
1769897520,78129.9,78186.8,78112.3,78116.6
1769897580,78116.6,78160,78116.6,78136.5
1769897640,78136.5,78218.5,78136.5,78151.1
1769897700,78151.1,78237.5,78122.3,78200
1769897760,78200,78211.8,78170.1,78176.1
1769897820,78176.1,78237.2,78174.9,78195.9
1769897880,78195.9,78196,78129,78141.6
1769897940,78141.6,78154,78027.9,78066
1769898000,78066,78124.1,78056.5,78072
1769898060,78072,78193.9,78063.9,78193.9
1769898120,78193.9,78198.1,78073.4,78091.7
1769898180,78091.7,78153.8,78091.4,78121.1
1769898240,78121.1,78210,78121,78166
1769898300,78166,78240.9,78160.5,78230.7
1769898360,78230.7,78240.5,78123.2,78129.8
1769898420,78129.8,78175.7,78117.6,78175.5
1769898480,78175.5,78288.8,78175.5,78288.8
1769898540,78288.8,78320.7,78246.8,78305.8
1769898600,78305.8,78393.3,78287.5,78293.9
1769898660,78293.9,78293.9,78200.9,78225.2
1769898720,78225.2,78264,78196.9,78233.6
1769898780,78233.6,78336.1,78232.6,78301.1
1769898840,78301.1,78327.6,78273.6,78273.6
1769898900,78273.6,78273.6,78200,78204.4
1769898960,78204.4,78204.5,78147.8,78147.8
1769899020,78147.8,78195.3,78055.8,78077.1
1769899080,78077.1,78135.7,78044,78122.5
1769899140,78122.5,78158,78085.7,78157.9
1769899200,78157.9,78161.5,78110.2,78141.1
1769899260,78141.1,78141.2,78008.7,78094.6
1769899320,78094.6,78327.2,78059.8,78067.5
1769899380,78067.5,78178.4,78067.4,78133.2
1769899440,78133.2,78137,78026.7,78051.9
1769899500,78051.9,78052,77954.8,77996.7
1769899560,77996.7,77996.7,77954.8,77972.1
1769899620,77972.1,78075,77972.1,78015.8
1769899680,78015.8,78059.6,77980.5,78059.6
1769899740,78059.6,78097.6,77972.9,77972.9
1769899800,77972.9,78087,77972.9,78072.4
1769899860,78072.4,78072.4,78019.5,78019.5
1769899920,78019.5,78040.6,77997,77999.6
1769899980,77999.6,78067.1,77999.6,78025.1
1769900040,78025.1,78082.3,78015.6,78076.7
1769900100,78076.7,78199.8,78076.6,78165.6
1769900160,78165.6,78175.6,78101.7,78162.7
1769900220,78162.7,78222,78160.4,78220
1769900280,78220,78222,78134.2,78138.2
1769900340,78138.2,78163.3,78055.6,78113.7
1769900400,78113.7,78193.6,78084,78114.3
1769900460,78114.3,78150.8,78060.5,78150.8
1769900520,78150.8,78167.9,78112.4,78118.1
1769900580,78118.1,78197.8,78031,78180.9
1769900640,78180.9,78191.8,78100.1,78177.8
1769900700,78177.8,78222,78144.4,78201.4
1769900760,78201.4,78256.5,78188.5,78250
1769900820,78250,78272.5,78202.2,78272.3
1769900880,78272.3,78300,78110.5,78255.7
1769900940,78255.7,78314.4,78252.8,78297.2
1769901000,78297.2,78300,78251.8,78283.8
1769901060,78283.8,78283.9,78201.4,78211.1
1769901120,78211.1,78211.1,78120.9,78175.3
1769901180,78175.3,78232.8,78140.2,78220.9
1769901240,78220.9,78222.1,78181.6,78185.5
1769901300,78185.5,78227.3,78106.8,78227.3
1769901360,78227.3,78269,78191.5,78245.3
1769901420,78245.3,78377.6,78245.3,78364.9
1769901480,78364.9,78390,78296.7,78375.3
1769901540,78375.3,78545,78355.5,78545
1769901600,78545,78630.3,78473.5,78514.2
1769901660,78514.2,78780.9,78474.8,78746.1
1769901720,78746.1,78881.8,78628.8,78742.2
1769901780,78742.2,79175.5,78742.2,79072.5
1769901840,79072.5,79239.7,79031,79175.2
1769901900,79175.2,79175.2,79027.9,79028
1769901960,79028,79052.8,78876.4,78888
1769902020,78888,78981.5,78873.4,78925.9
1769902080,78925.9,78930,78850,78878.2
1769902140,78878.2,78960,78830,78933
1769902200,78933,78949.6,78864,78901.2
1769902260,78901.2,78901.2,78794.9,78822.4
1769902320,78822.4,78896.3,78821.6,78881
1769902380,78881,79022.3,78850,79003.8
1769902440,79003.8,79106.8,78975.9,79106.8
1769902500,79106.8,79145,79089.3,79123.5
1769902560,79123.5,79129.4,79049,79049
1769902620,79049,79057.5,78992.2,79049.3
1769902680,79049.3,79049.3,78829.4,78855.4
1769902740,78855.4,78912,78855.3,78872.4
1769902800,78872.4,78979.1,78868.1,78979.1
1769902860,78979.1,78980.6,78873.3,78873.4
1769902920,78873.4,78873.4,78810,78863.8
1769902980,78863.8,78864.7,78725.5,78737.7
1769903040,78737.7,78808,78737.7,78796.8
1769903100,78796.8,78830.2,78666.8,78668.7
1769903160,78668.7,78767.6,78611,78758.1
1769903220,78758.1,78758.1,78645.4,78645.4
1769903280,78645.4,78705.3,78645.4,78700
1769903340,78700,78750,78678.9,78700.3
1769903400,78700.3,78778.5,78700.3,78778.5
1769903460,78778.5,78842.4,78758,78822.8
1769903520,78822.8,78861.4,78803.6,78856.7
1769903580,78856.7,78907,78837,78867.7
1769903640,78867.7,78867.7,78710.3,78722.9
1769903700,78722.9,78753,78658.4,78669.2
1769903760,78669.2,78758.2,78669.2,78725.6
1769903820,78725.6,78763.1,78703.9,78705.9
1769903880,78705.9,78705.9,78651.3,78669.1
1769903940,78669.1,78749.5,78611,78704.4
1770249600,73130.3,73156.7,73123.1,73123.1
1770249660,73123.1,73174.5,73104,73141.1
1770249720,73141.1,73193.7,73066.1,73187.4
1770249780,73187.4,73187.7,73100.1,73110.2
1770249840,73110.2,73116.3,73026.9,73026.9
1770249900,73026.9,73136.5,73026.9,73136.5
1770249960,73136.5,73184.9,73117.6,73182
1770250020,73182,73182,72999.2,73028.7
1770250080,73028.7,73102.4,73021.2,73102.4
1770250140,73102.4,73111.1,72979.1,72986.6
1770250200,72986.6,73008.9,72961.2,72963.1
1770250260,72963.1,72995.4,72910.1,72933.9
1770250320,72933.9,72941.2,72777.2,72832.5
1770250380,72832.5,72841,72785.1,72785.2
1770250440,72785.2,72799.8,72722.7,72743
1770250500,72743,72785,72712.5,72734.4
1770250560,72734.4,72833,72734.3,72820.4
1770250620,72820.4,72857.4,72795.4,72795.4
1770250680,72795.4,72827.7,72777.8,72812.2
1770250740,72812.2,72901.2,72797.3,72882.2
1770250800,72882.2,73018.5,72882.2,73000
1770250860,73000,73000,72902.1,72958.6
1770250920,72958.6,73086,72936,73069.9
1770250980,73069.9,73143.9,73062.5,73133.4
1770251040,73133.4,73133.4,73037.4,73069.8
1770251100,73069.8,73105.7,72987.1,73059.9
1770251160,73059.9,73161.3,73054.9,73158.7
1770251220,73158.7,73175.4,73144.1,73168.2
1770251280,73168.2,73229.4,73157.8,73214.1
1770251340,73214.1,73294.2,73211.6,73211.6
1770251400,73211.6,73211.6,73105.3,73164.4
1770251460,73164.4,73164.5,73013.6,73038.6
1770251520,73038.6,73047.3,72971.2,72978.2
1770251580,72978.2,72978.3,72860,72895.3
1770251640,72895.3,72908.9,72867.8,72897.6
1770251700,72897.6,73039.5,72897.6,73000.1
1770251760,73000.1,73045.6,72933.9,72959.3
1770251820,72959.3,72968,72861.6,72927.8
1770251880,72927.8,73030,72912.4,73011.8
1770251940,73011.8,73163.1,73011.7,73080.4
1770252000,73080.4,73148.6,73037.7,73098.3
1770252060,73098.3,73155.2,73056.5,73153.5
1770252120,73153.5,73178.2,73126.3,73143
1770252180,73143,73143,73088.1,73088.1
1770252240,73088.1,73088.2,73032,73067.6
1770252300,73067.6,73079.1,72949.1,72967.6
1770252360,72967.6,72986.1,72946.2,72970
1770252420,72970,72994,72934.1,72967.5
1770252480,72967.5,73022.2,72961.4,73022.2
1770252540,73022.2,73058.3,73010.5,73054.1
1770252600,73054.1,73140,73054.1,73082.7
1770252660,73082.7,73115.9,72974.9,72980.2
1770252720,72980.2,72991.7,72889.2,72917.6
1770252780,72917.6,72926.5,72864,72916.9
1770252840,72916.9,72949.2,72905.1,72936.5
1770252900,72936.5,72942.7,72866.5,72888.1
1770252960,72888.1,72919,72857.6,72857.6
1770253020,72857.6,72879.5,72852.9,72875.1
1770253080,72875.1,72875.1,72789.8,72812.3
1770253140,72812.3,72846.6,72775.2,72829.6
1770253200,72829.6,72861.7,72768,72777.3
1770253260,72777.3,72853.7,72777.3,72850.5
1770253320,72850.5,72930,72786.5,72930
1770253380,72930,72991.6,72878.7,72878.7
1770253440,72878.7,73015.7,72877.7,73004.1
1770253500,73004.1,73070,72994.6,73032.9
1770253560,73032.9,73058.7,72982,73025
1770253620,73025,73058.7,72986.9,73026.9
1770253680,73026.9,73088,72980.1,73088
1770253740,73088,73220.4,73064.5,73193.2
1770253800,73193.2,73270.9,73176.7,73266.1
1770253860,73266.1,73312.1,73242.6,73300
1770253920,73300,73300,73180.4,73206.5
1770253980,73206.5,73252.8,73179,73190
1770254040,73190,73229.1,73123.6,73132.5
1770254100,73132.5,73132.5,73003.1,73011.5
1770254160,73011.5,73021.2,72824.8,72828
1770254220,72828,72840.1,72612,72614.2
1770254280,72614.2,72665,72494.6,72514.1
1770254340,72514.1,72546.4,72450.1,72450.1
1770254400,72450.1,72470.1,72330,72360.3
1770254460,72360.3,72384.9,72035.3,72046.1
1770254520,72046.1,72118.7,71940.7,72057.8
1770254580,72057.8,72190.5,71959.9,71960
1770254640,71960,72293.8,71933.1,72254.9
1770254700,72254.9,72414.2,72254.8,72310.4
1770254760,72310.4,72499.8,72287.6,72489
1770254820,72489,72926.3,72467.2,72868
1770254880,72868,73134.4,72835.3,72973.4
1770254940,72973.4,73046.5,72886,72929.4
1770255000,72929.4,73155,72929.4,72956
1770255060,72956,73054.4,72841.7,72883.3
1770255120,72883.3,72920,72751.5,72761.7
1770255180,72761.7,72891.6,72723,72829
1770255240,72829,73000,72829,72945.1
1770255300,72945.1,72947.9,72748.2,72771.6
1770255360,72771.6,72991.9,72771.6,72956.1
1770255420,72956.1,72998.8,72858.8,72963.7
1770255480,72963.7,72998.5,72810.2,72810.2
1770255540,72810.2,72871.2,72773.6,72835.2
1770255600,72835.2,72845,72188.7,72320.1
1770255660,72320.1,72459,72290.8,72387.6
1770255720,72387.6,72451.5,72381.3,72425.4
1770255780,72425.4,72605.1,72408.7,72545.9
1770255840,72545.9,72646.7,72545.9,72589.1
1770255900,72589.1,72626.3,72481.4,72534.7
1770255960,72534.7,72610,72457.4,72478.4
1770256020,72478.4,72547.4,72412.6,72488.1
1770256080,72488.1,72561.7,72443.9,72554.6
1770256140,72554.6,72648,72480.1,72615.9
1770256200,72615.9,72717.6,72592,72715.6
1770256260,72715.6,72762.5,72620.1,72648.1
1770256320,72648.1,72669.1,72498.8,72539
1770256380,72539,72564.5,72438,72486.5
1770256440,72486.5,72531.5,72470.2,72502.8
1770256500,72502.8,72571.8,72487,72549.9
1770256560,72549.9,72588.5,72452.3,72473.7
1770256620,72473.7,72507.6,72447.4,72495.8
1770256680,72495.8,72515.2,72443.5,72456.9
1770256740,72456.9,72476.4,72358,72380.9
1770256800,72380.9,72476,72335.9,72335.9
1770256860,72335.9,72522,72278,72507.8
1770256920,72507.8,72523.1,72229.5,72239.3
1770256980,72239.3,72239.4,72091.9,72091.9
1770257040,72091.9,72182,72006.1,72158.4
1770257100,72158.4,72254.4,72098.8,72116.5
1770257160,72116.5,72131.2,71969.3,72116.1
1770257220,72116.1,72121.4,72007.5,72076.4
1770257280,72076.4,72266.1,72074.3,72227.3
1770257340,72227.3,72281.9,72199,72204.3
1770257400,72204.3,72295.5,72183,72284.7
1770257460,72284.7,72297.9,72125.1,72297.9
1770257520,72297.9,72297.9,72053.8,72110.8
1770257580,72110.8,72128,71996.6,72057.3
1770257640,72057.3,72073.8,71971.1,72002.8
1770257700,72002.8,72063.6,71855.1,71898
1770257760,71898,71950,71726.6,71761.1
1770257820,71761.1,72149.6,71620,71987.6
1770257880,71987.6,72124.8,71786.8,72096.1
1770257940,72096.1,72252.5,72060,72073.6
1770258000,72073.6,72334.6,72060,72181.4
1770258060,72181.4,72297.3,72142.9,72230.5
1770258120,72230.5,72334.8,72203.9,72318.1
1770258180,72318.1,72347.9,72225,72297.7
1770258240,72297.7,72319.5,72231.8,72292.6
1770258300,72292.6,72336.3,72123.8,72146.2
1770258360,72146.2,72159.9,72069.7,72113.9
1770258420,72113.9,72249.9,72079.6,72226.3
1770258480,72226.3,72291.6,72193.9,72240.8
1770258540,72240.8,72300,72236.8,72294.2
1770258600,72294.2,72389,72216.9,72374
1770258660,72374,72398.9,72280.5,72375.6
1770258720,72375.6,72389.1,72255.3,72325.7
1770258780,72325.7,72374.5,72222.7,72270
1770258840,72270,72314.4,72235,72314.4
1770258900,72314.4,72773.3,72314.4,72720.3
1770258960,72720.3,72819.9,72568.2,72624.1
1770259020,72624.1,72649.7,72555.5,72555.5
1770259080,72555.5,72561.1,72459.6,72544
1770259140,72544,72603.9,72515,72568.9
1770259200,72568.9,72568.9,72414.2,72438.3
1770259260,72438.3,72559.9,72422,72487.1
1770259320,72487.1,72635.9,72486.2,72635.9
1770259380,72635.9,72649.9,72547.4,72649.3
1770259440,72649.3,72655.5,72542,72542
1770259500,72542,72577.3,72385.2,72388.5
1770259560,72388.5,72427.5,72340.6,72350
1770259620,72350,72384.1,72168.8,72172.2
1770259680,72172.2,72193.6,71857.3,71861.3
1770259740,71861.3,71945.7,71800,71865.5
1770259800,71865.5,71892.7,71779,71892.7
1770259860,71892.7,71911.1,71670,71797.9
1770259920,71797.9,71960.7,71752.3,71824.9
1770259980,71824.9,71998,71808.1,71935.7
1770260040,71935.7,71946.5,71718.8,71744
1770260100,71744,71791.9,71564.4,71647.5
1770260160,71647.5,71719.5,71610.9,71719.5
1770260220,71719.5,71781.2,71657.7,71731.1
1770260280,71731.1,71770.4,71575,71613.3
1770260340,71613.3,71643.1,71268,71429.5
1770260400,71429.5,71730,71338.9,71627.6
1770260460,71627.6,71696.4,71520.2,71604.8
1770260520,71604.8,71864.8,71600,71635.6
1770260580,71635.6,71665.1,71564.2,71619.8
1770260640,71619.8,71639.3,71531.8,71545.6
1770260700,71545.6,71590,71488.5,71571.5
1770260760,71571.5,71571.5,71296.7,71465.6
1770260820,71465.6,71576,71462.7,71550.5
1770260880,71550.5,71733.9,71523.2,71719.4
1770260940,71719.4,71818.8,71692.5,71796.8
1770261000,71796.8,71849.5,71758.4,71834
1770261060,71834,71834,71712.9,71755.9
1770261120,71755.9,71755.9,71604.8,71642.6
1770261180,71642.6,71657.8,71420.1,71456.1
1770261240,71456.1,71504.8,71445.3,71485.7
1770261300,71485.7,71513.2,71328.1,71351.2
1770261360,71351.2,71379.8,71225.5,71269.6
1770261420,71269.6,71413.7,71269.6,71413.7
1770261480,71413.7,71485,71367.5,71452.3
1770261540,71452.3,71569.9,71439.8,71464
1770261600,71464,71695,71453.9,71667.2
1770261660,71667.2,71740.8,71473.6,71487.2
1770261720,71487.2,71644.5,71486.1,71612.4
1770261780,71612.4,71682.5,71532.8,71557.4
1770261840,71557.4,71565,71493.7,71561.3
1770261900,71561.3,71650,71550.3,71603.6
1770261960,71603.6,71673.5,71550.1,71570.6
1770262020,71570.6,71570.6,71376,71492.5
1770262080,71492.5,71535.2,71396.6,71438.9
1770262140,71438.9,71517.2,71424.9,71492.2
1770262200,71492.2,71550,71382.2,71383.6
1770262260,71383.6,71476.5,71359,71464.2
1770262320,71464.2,71481.3,71400.7,71409.6
1770262380,71409.6,71446.3,71348.2,71382.3
1770262440,71382.3,71445.5,71330,71410.1
1770262500,71410.1,71500,71410.1,71450.6
1770262560,71450.6,71487.5,71249,71271.3
1770262620,71271.3,71379.9,71261.5,71355.6
1770262680,71355.6,71355.6,71262.1,71305.8
1770262740,71305.8,71400,71280,71300
1770262800,71300,71384,71299.9,71359.7
1770262860,71359.7,71554.5,71359.7,71521.3
1770262920,71521.3,71586.5,71406.6,71433.3
1770262980,71433.3,71491.8,71394.5,71425.7
1770263040,71425.7,71464,71348.2,71418.8
1770263100,71418.8,71430.9,71356.1,71382.7
1770263160,71382.7,71498.3,71382.7,71428.3
1770263220,71428.3,71473,71398.9,71423.1
1770263280,71423.1,71463.9,71387.5,71405.1
1770263340,71405.1,71425.8,71280.1,71425.8
1770263400,71425.8,71438,71268.8,71277.9
1770263460,71277.9,71309.4,71245.1,71280.6
1770263520,71280.6,71301.4,71129.3,71202.9
1770263580,71202.9,71245,71148.5,71148.5
1770263640,71148.5,71216.5,71120.2,71136.8
1770263700,71136.8,71248.4,71136.8,71219.8
1770263760,71219.8,71267.9,71199.6,71254.7
1770263820,71254.7,71265.7,71128.6,71196.2
1770263880,71196.2,71212.2,71126.9,71176
1770263940,71176,71242.1,71144.8,71189.1
1770264000,71189.1,71276.4,71189,71221.4
1770264060,71221.4,71240,71157.4,71159.2
1770264120,71159.2,71161.9,71076.9,71097.4
1770264180,71097.4,71247.3,71060,71060
1770264240,71060,71159.8,71035.1,71046.8
1770264300,71046.8,71153.4,71032,71047.9
1770264360,71047.9,71086.9,70777,70851.5
1770264420,70851.5,70976.6,70777,70777
1770264480,70777,70790.1,70673.3,70710.1
1770264540,70710.1,71211.3,70687.2,71118
1770264600,71118,71431.1,71073.5,71082.9
1770264660,71082.9,71160.3,70969.2,71109
1770264720,71109,71120.8,71034.6,71067.6
1770264780,71067.6,71100,70944.9,70956.1
1770264840,70956.1,71026.6,70784.6,70917.4
1770264900,70917.4,70999.4,70898.7,70974.8
1770264960,70974.8,71023.3,70797.4,70824
1770265020,70824,71054.7,70646.2,71037.4
1770265080,71037.4,71151,70928.4,71119.9
1770265140,71119.9,71168,71070.8,71129.6
1770265200,71129.6,71329,71122.7,71249.4
1770265260,71249.4,71292.4,71153,71217.8
1770265320,71217.8,71329,71144.1,71166.3
1770265380,71166.3,71166.3,71050.5,71158.8
1770265440,71158.8,71179.8,71077.1,71179.8
1770265500,71179.8,71290.1,71150,71221.6
1770265560,71221.6,71221.6,71008.4,71022.1
1770265620,71022.1,71039.9,70890.4,70986.8
1770265680,70986.8,71016.4,70898.3,70964
1770265740,70964,70996.1,70928.9,70992.4
1770265800,70992.4,71010.8,70893.4,70906.5
1770265860,70906.5,71005,70846.6,70846.6
1770265920,70846.6,70980,70825.5,70970.4
1770265980,70970.4,71000,70884.1,70893.8
1770266040,70893.8,70969.6,70852.1,70892.9
1770266100,70892.9,70956.9,70837.2,70904.9
1770266160,70904.9,71025.8,70858.2,70893.2
1770266220,70893.2,71023.1,70877.5,71020.7
1770266280,71020.7,71123.4,71005,71067.7
1770266340,71067.7,71089.9,70926.2,70964.1
1770266400,70964.1,71116.4,70955.6,71110
1770266460,71110,71266.9,71071.3,71257.6
1770266520,71257.6,71379.9,71202,71318.2
1770266580,71318.2,71325.9,71226.6,71283.1
1770266640,71283.1,71368.1,71245.2,71323.4
1770266700,71323.4,71330.1,71252.5,71320.8
1770266760,71320.8,71330,71259.2,71288.6
1770266820,71288.6,71327,71259.1,71259.1
1770266880,71259.1,71310.6,71231.9,71296.4
1770266940,71296.4,71308.2,71187.9,71214.7
1770267000,71214.7,71296.8,71180,71237.5
1770267060,71237.5,71300,71232,71272.1
1770267120,71272.1,71272.1,71185,71189.2
1770267180,71189.2,71199.7,71015.1,71020.2
1770267240,71020.2,71029.9,70926.1,70951.4
1770267300,70951.4,70999.1,70887.6,70887.7
1770267360,70887.7,70887.7,70717.5,70754.2
1770267420,70754.2,70789.5,70693.8,70708.7
1770267480,70708.7,70881.6,70695.9,70831.8
1770267540,70831.8,70859.4,70801.8,70844.3
1770267600,70844.3,70899,70840,70864
1770267660,70864,70885.8,70829.1,70866.5
1770267720,70866.5,70889.9,70800.1,70827.8
1770267780,70827.8,70884.3,70792.7,70874.6
1770267840,70874.6,70925.5,70802,70915.1
1770267900,70915.1,70970.3,70894.5,70913.5
1770267960,70913.5,70913.5,70759.7,70765.9
1770268020,70765.9,70838.5,70759.7,70806.9
1770268080,70806.9,70816.6,70652.4,70687.3
1770268140,70687.3,70714.2,70600.3,70689
1770268200,70689,70770,70668.1,70769.9
1770268260,70769.9,70872,70767.3,70840.6
1770268320,70840.6,70976.4,70819,70976.4
1770268380,70976.4,71049.6,70973.5,70979.7
1770268440,70979.7,70981.2,70799.4,70799.4
1770268500,70799.4,70869.8,70762.2,70862.9
1770268560,70862.9,70887.4,70832.8,70887.4
1770268620,70887.4,70945.3,70866.3,70868.6
1770268680,70868.6,70871.7,70648.1,70681.3
1770268740,70681.3,70689.5,70550.3,70598.4
1770268800,70598.4,70644.1,70512.3,70604.6
1770268860,70604.6,70611.1,70350,70366.7
1770268920,70366.7,70404.2,70113.3,70186.1
1770268980,70186.1,70255.1,70085.7,70147.5
1770269040,70147.5,70275.2,70103.7,70275.2
1770269100,70275.2,70313.3,70151.4,70199.5
1770269160,70199.5,70200.7,70106.8,70156.8
1770269220,70156.8,70382.4,70156.7,70330.2
1770269280,70330.2,70497.7,70313.7,70484.8
1770269340,70484.8,70603.1,70378.6,70399.9
1770269400,70399.9,70522.8,70369.6,70471.9
1770269460,70471.9,70518.9,70350,70399.3
1770269520,70399.3,70442,70294.1,70376
1770269580,70376,70452.8,70376,70402.3
1770269640,70402.3,70459,70390.8,70434.9
1770269700,70434.9,70658.1,70434.8,70610.1
1770269760,70610.1,70740.8,70550.2,70684.8
1770269820,70684.8,70886,70684.8,70874
1770269880,70874,70874,70737.9,70755.6
1770269940,70755.6,70766.5,70652.4,70699
1770270000,70699,70817.8,70689.2,70807.9
1770270060,70807.9,71133.9,70798.3,71014.4
1770270120,71014.4,71112.2,70957.8,71074.5
1770270180,71074.5,71100,70985.3,71027
1770270240,71027,71092.6,70971.4,70975.4
1770270300,70975.4,71013.9,70867,70873.4
1770270360,70873.4,70896.3,70710.5,70750.5
1770270420,70750.5,70785.3,70547.6,70562.5
1770270480,70562.5,70710.2,70556.7,70678.4
1770270540,70678.4,70726.1,70603.9,70631.5
1770270600,70631.5,70761.1,70624.2,70750.6
1770270660,70750.6,70838.9,70743.2,70800.7
1770270720,70800.7,70840.7,70635,70654.1
1770270780,70654.1,70705.7,70613.2,70666.2
1770270840,70666.2,70724,70621.5,70676.8
1770270900,70676.8,70688.7,70608.4,70641.3
1770270960,70641.3,70658,70591.6,70597.5
1770271020,70597.5,70732.9,70597.5,70670
1770271080,70670,70681.3,70645.5,70659.2
1770271140,70659.2,70693.9,70605.6,70693.8
1770271200,70693.8,70828.2,70693.8,70771.5
1770271260,70771.5,70887.1,70688.8,70759.5
1770271320,70759.5,70835.5,70738.5,70788.8
1770271380,70788.8,70837.9,70651.1,70651.1
1770271440,70651.1,70708.7,70537,70567.1
1770271500,70567.1,70604.9,70428.8,70485.3
1770271560,70485.3,70589,70455.5,70571.9
1770271620,70571.9,70709.6,70540,70552.2
1770271680,70552.2,70597.5,70508,70580.5
1770271740,70580.5,70647.9,70531.1,70535.4
1770271800,70535.4,70707.4,70459.6,70662.3
1770271860,70662.3,70705.2,70625.5,70642.8
1770271920,70642.8,70692,70628.6,70628.6
1770271980,70628.6,70673.7,70615,70673.7
1770272040,70673.7,70694.2,70608.8,70632.1
1770272100,70632.1,70666.4,70552.2,70599.2
1770272160,70599.2,70730.7,70590,70723.1
1770272220,70723.1,70822.5,70701.6,70733.2
1770272280,70733.2,70748,70573.8,70576.1
1770272340,70576.1,70576.1,70458.2,70476.6
1770272400,70476.6,70512.2,70457.1,70470.4
1770272460,70470.4,70503.9,70412.4,70453.7
1770272520,70453.7,70488,70420,70464.6
1770272580,70464.6,70559.7,70464.6,70512.5
1770272640,70512.5,70540.3,70455.1,70476
1770272700,70476,70499.1,70439,70452.3
1770272760,70452.3,70595.8,70439.8,70534.1
1770272820,70534.1,70534.1,70432.9,70501.5
1770272880,70501.5,70565.9,70394.3,70425
1770272940,70425,70493.9,70425,70490.2
1770273000,70490.2,70617.8,70488,70594.1
1770273060,70594.1,70602,70561.8,70594.7
1770273120,70594.7,70626.6,70582.9,70616.2
1770273180,70616.2,70741,70616.1,70704
1770273240,70704,70877.2,70704,70823
1770273300,70823,70892.3,70786,70840.6
1770273360,70840.6,70928.4,70820.2,70868.9
1770273420,70868.9,70868.9,70699.4,70812.6
1770273480,70812.6,70881.2,70785,70857.5
1770273540,70857.5,70913.6,70838.3,70913.5
1770273600,70913.5,70918.4,70876.9,70910.6
1770273660,70910.6,70928,70834,70928
1770273720,70928,70949.9,70874.9,70874.9
1770273780,70874.9,70944,70860,70915.1
1770273840,70915.1,70949.9,70823.9,70850.4
1770273900,70850.4,70945.3,70850.4,70945.3
1770273960,70945.3,70950,70834.6,70841.2
1770274020,70841.2,70878.9,70564,70617.4
1770274080,70617.4,70669.1,70540.8,70666
1770274140,70666,70827.1,70632.6,70736
1770274200,70736,70818.4,70730.6,70766.7
1770274260,70766.7,70821.6,70707.7,70744.8
1770274320,70744.8,70795.9,70715.5,70779.2
1770274380,70779.2,70792.6,70700,70727.9
1770274440,70727.9,70795,70686.8,70753.5
1770274500,70753.5,70819.5,70741.2,70801.3
1770274560,70801.3,70859.1,70764.8,70859.1
1770274620,70859.1,70934.4,70859.1,70888.1
1770274680,70888.1,70913.8,70876.6,70908.1
1770274740,70908.1,70931.2,70884.4,70916.9
1770274800,70916.9,70987.6,70868.4,70983.1
1770274860,70983.1,71325.4,70983,71312.9
1770274920,71312.9,71600,71312.9,71489
1770274980,71489,71553,71305.1,71461
1770275040,71461,71516.6,71341.9,71497.5
1770275100,71497.5,71497.5,71330.3,71374.8
1770275160,71374.8,71390.5,71292,71329
1770275220,71329,71449.7,71190.1,71198.5
1770275280,71198.5,71200.8,71049,71079.8
1770275340,71079.8,71150.1,71065.4,71100.2
1770275400,71100.2,71110.5,71053.2,71076.2
1770275460,71076.2,71177.5,71072.9,71165.2
1770275520,71165.2,71178.3,71139.1,71170.6
1770275580,71170.6,71185.9,71139,71156.9
1770275640,71156.9,71167,71057,71067.5
1770275700,71067.5,71112.6,70962.4,70971.2
1770275760,70971.2,71185,70962.1,71173.2
1770275820,71173.2,71207,71111.4,71160.1
1770275880,71160.1,71162.5,71095.2,71160
1770275940,71160,71232.9,71159.9,71225.8
1770276000,71225.8,71288.3,71187.8,71273.2
1770276060,71273.2,71331.7,71179.2,71331.7
1770276120,71331.7,71478.1,71306,71330.9
1770276180,71330.9,71330.9,71248.9,71259.6
1770276240,71259.6,71332.6,71252.6,71332.6
1770276300,71332.6,71410.8,71312,71400
1770276360,71400,71414.5,71354.2,71391.4
1770276420,71391.4,71550,71378,71492.2
1770276480,71492.2,71525.3,71434.2,71493.5
1770276540,71493.5,71497.5,71376.3,71378.6
1770276600,71378.6,71402.7,71252.1,71319
1770276660,71319,71349.3,71274.3,71324.4
1770276720,71324.4,71331.6,71242.6,71247.4
1770276780,71247.4,71321.5,71247.4,71291.1
1770276840,71291.1,71312.6,71254.7,71287.4
1770276900,71287.4,71312.6,71211.1,71270.7
1770276960,71270.7,71276.9,71203,71203
1770277020,71203,71248.8,71185.7,71209.2
1770277080,71209.2,71209.2,71105.7,71171.2
1770277140,71171.2,71171.2,71049.8,71074.4
1770277200,71074.4,71140.1,71064.5,71132.9
1770277260,71132.9,71157.9,70943.5,70993.2
1770277320,70993.2,71005.8,70903,71003.2
1770277380,71003.2,71066.7,70980.4,71059.2
1770277440,71059.2,71137.5,71059.2,71113.7
1770277500,71113.7,71153.3,71094.7,71130
1770277560,71130,71158.6,71101.2,71130.7
1770277620,71130.7,71172,71126.3,71142.2
1770277680,71142.2,71173.1,70958.2,70967.3
1770277740,70967.3,71042.9,70967.1,71024.1
1770277800,71024.1,71041.7,70867.4,70931.6
1770277860,70931.6,70954,70885.1,70925.1
1770277920,70925.1,70940,70895.7,70929.4
1770277980,70929.4,70951.3,70900,70925.5
1770278040,70925.5,70973,70898.8,70960
1770278100,70960,70960,70811,70833.4
1770278160,70833.4,70840,70725,70731.1
1770278220,70731.1,70731.1,70591.5,70645.2
1770278280,70645.2,70662.5,70607.8,70622.1
1770278340,70622.1,70718.8,70598,70716.4
1770278400,70716.4,70823.2,70709.7,70727.8
1770278460,70727.8,70830,70694.1,70762.9
1770278520,70762.9,70799.6,70642.9,70642.9
1770278580,70642.9,70850,70642.9,70808.9
1770278640,70808.9,70848.9,70787.9,70804.9
1770278700,70804.9,70829.3,70748,70789.4
1770278760,70789.4,70872.3,70770.4,70865.5
1770278820,70865.5,70974.8,70849.8,70939.7
1770278880,70939.7,70954.3,70804.1,70837.7
1770278940,70837.7,70898.7,70835.6,70884.9
1770279000,70884.9,70884.9,70752.2,70848.2
1770279060,70848.2,70999.2,70825.8,70986.9
1770279120,70986.9,71070,70933.6,71035.9
1770279180,71035.9,71038,70953.8,70986.4
1770279240,70986.4,71055.7,70963.7,71049.5
1770279300,71049.5,71099.4,71004.3,71094.1
1770279360,71094.1,71122.6,71015.4,71028.1
1770279420,71028.1,71066.3,70912.5,71066.3
1770279480,71066.3,71091.1,71040,71084.4
1770279540,71084.4,71147.6,71060.2,71115
1770279600,71115,71221.9,71094.8,71162.5
1770279660,71162.5,71162.5,71109,71132.9
1770279720,71132.9,71189,71108.6,71122.7
1770279780,71122.7,71131.4,71056.1,71131.4
1770279840,71131.4,71251.1,71124,71187.6
1770279900,71187.6,71265,71172.3,71263.8
1770279960,71263.8,71427.8,71236.1,71424.8
1770280020,71424.8,71475,71328,71351.7
1770280080,71351.7,71402.1,71274.5,71274.5
1770280140,71274.5,71329.5,71211.8,71311.8
1770280200,71311.8,71424.7,71297.5,71405.6
1770280260,71405.6,71526.4,71395.9,71427.2
1770280320,71427.2,71470.7,71362.9,71397.3
1770280380,71397.3,71419.5,71338.8,71338.8
1770280440,71338.8,71375.2,71311.8,71315
1770280500,71315,71356,71264.6,71350.8
1770280560,71350.8,71350.9,71205.5,71219.2
1770280620,71219.2,71332.8,71212,71229.3
1770280680,71229.3,71370.3,71229.3,71349.5
1770280740,71349.5,71395.4,71321,71380.5
1770280800,71380.5,71407.2,71315.1,71344.2
1770280860,71344.2,71401.5,71315,71367.3
1770280920,71367.3,71369.5,71280,71323.1
1770280980,71323.1,71348.3,71250,71250.1
1770281040,71250.1,71279,71211.3,71214
1770281100,71214,71214,71107.6,71116.3
1770281160,71116.3,71224.7,71101.2,71195.8
1770281220,71195.8,71308.8,71182.7,71261.3
1770281280,71261.3,71272.9,71133.8,71141.7
1770281340,71141.7,71141.7,71103.5,71136
1770281400,71136,71151.8,71036,71046.1
1770281460,71046.1,71105.8,71031.3,71032.8
1770281520,71032.8,71087.5,71025.1,71053.3
1770281580,71053.3,71166.5,71053.3,71148.6
1770281640,71148.6,71187.3,71133.7,71144.7
1770281700,71144.7,71164.5,71094.6,71107.5
1770281760,71107.5,71185.8,71107.5,71150.2
1770281820,71150.2,71173.3,71114.6,71159.9
1770281880,71159.9,71184.7,71111,71136
1770281940,71136,71136,71002.7,71022.6
1770282000,71022.6,71097.2,71002.2,71092.1
1770282060,71092.1,71170,71078,71139
1770282120,71139,71198.4,71117.4,71198.2
1770282180,71198.2,71238.7,71141.1,71150
1770282240,71150,71299.3,71148.8,71295
1770282300,71295,71394.2,71177.3,71387.9
1770282360,71387.9,71444.5,71292.3,71428.5
1770282420,71428.5,71474,71399.5,71442.1
1770282480,71442.1,71774,71442,71672
1770282540,71672,71761,71615.8,71698.3
1770282600,71698.3,71785.3,71512.7,71546.1
1770282660,71546.1,71627.6,71546.1,71598.8
1770282720,71598.8,71798.9,71571.2,71752.1
1770282780,71752.1,71835.8,71691.8,71763.9
1770282840,71763.9,71836.3,71723.6,71784.9
1770282900,71784.9,71784.9,71665.2,71759.3
1770282960,71759.3,71900,71758.2,71879
1770283020,71879,71879,71802.4,71832.8
1770283080,71832.8,71869.2,71773,71852.9
1770283140,71852.9,71936.3,71767.9,71784.8
1770283200,71784.8,71870.9,71760.8,71861.6
1770283260,71861.6,71861.6,71626.6,71659.9
1770283320,71659.9,71690.6,71600,71623.1
1770283380,71623.1,71675.2,71600,71675
1770283440,71675,71742.3,71634,71685.6
1770283500,71685.6,71724.2,71645.6,71650.1
1770283560,71650.1,71685.2,71607.8,71635
1770283620,71635,71715.7,71634.9,71715.6
1770283680,71715.6,71715.6,71648.2,71699.8
1770283740,71699.8,71743.9,71679.9,71703.6
1770283800,71703.6,71746.6,71686.2,71734
1770283860,71734,71780,71709.7,71726.4
1770283920,71726.4,71738.2,71522,71569.1
1770283980,71569.1,71591,71496,71553.4
1770284040,71553.4,71575.2,71551.9,71570
1770284100,71570,71570.1,71468.8,71523.7
1770284160,71523.7,71550,71490.6,71548.3
1770284220,71548.3,71612.1,71548.3,71562.7
1770284280,71562.7,71568,71440.3,71452.2
1770284340,71452.2,71491.2,71437.4,71464
1770284400,71464,71646.3,71464,71592.3
1770284460,71592.3,71593,71505.1,71505.2
1770284520,71505.2,71517.2,71464.1,71469.3
1770284580,71469.3,71508.9,71454.4,71485.8
1770284640,71485.8,71491.2,71445.8,71448
1770284700,71448,71492,71448,71492
1770284760,71492,71548,71473.6,71541.4
1770284820,71541.4,71541.4,71480.9,71509
1770284880,71509,71519.1,71453.6,71453.7
1770284940,71453.7,71473.1,71410,71462.7
1770285000,71462.7,71593.8,71440.7,71582.6
1770285060,71582.6,71629.2,71560,71572.7
1770285120,71572.7,71597.1,71549.9,71588.4
1770285180,71588.4,71684.3,71588.4,71672
1770285240,71672,71722.2,71646.3,71646.4
1770285300,71646.4,71667.4,71593.1,71629.9
1770285360,71629.9,71637.9,71580.8,71604.7
1770285420,71604.7,71609,71528.8,71532.5
1770285480,71532.5,71537,71494.5,71494.6
1770285540,71494.6,71536.9,71494.5,71529.2
1770285600,71529.2,71569,71526.3,71541.2
1770285660,71541.2,71623.1,71478.4,71495.4
1770285720,71495.4,71502.6,71409.5,71448.4
1770285780,71448.4,71459,71401.6,71412
1770285840,71412,71436.6,71401,71421
1770285900,71421,71421,71310,71321.8
1770285960,71321.8,71323.5,71286.5,71293
1770286020,71293,71333,71274.7,71300.9
1770286080,71300.9,71323.5,71272.5,71279.1
1770286140,71279.1,71316.3,71273.9,71295.9
1770286200,71295.9,71366.6,71290.6,71317.2
1770286260,71317.2,71370.5,71317.2,71346.2
1770286320,71346.2,71383,71333.6,71367.3
1770286380,71367.3,71429,71360,71427.2
1770286440,71427.2,71483,71393.3,71457.5
1770286500,71457.5,71494.9,71447.4,71468.1
1770286560,71468.1,71477.9,71399.8,71399.8
1770286620,71399.8,71467,71390,71445.2
1770286680,71445.2,71525,71431.6,71510.7
1770286740,71510.7,71600,71510.7,71577
1770286800,71577,71631.7,71547.3,71557.4
1770286860,71557.4,71609.5,71553.9,71574.2
1770286920,71574.2,71574.2,71501.1,71506
1770286980,71506,71523.1,71471.2,71517
1770287040,71517,71668.5,71515.3,71651.8
1770287100,71651.8,71659.3,71603.3,71637.2
1770287160,71637.2,71637.3,71608.6,71625.4
1770287220,71625.4,71680,71625.4,71663.7
1770287280,71663.7,71695.8,71621.7,71671.2
1770287340,71671.2,71694,71657.1,71684.5
1770287400,71684.5,71697.9,71650,71658
1770287460,71658,71670.3,71641,71644
1770287520,71644,71683.3,71600,71600
1770287580,71600,71614.6,71541.3,71563.7
1770287640,71563.7,71563.8,71519.6,71528
1770287700,71528,71563.1,71496,71525.6
1770287760,71525.6,71617.4,71517.8,71586.8
1770287820,71586.8,71586.8,71511,71517.4
1770287880,71517.4,71517.4,71474.2,71479.8
1770287940,71479.8,71500.2,71455.1,71459.5
1770288000,71459.5,71506.7,71425.6,71494.3
1770288060,71494.3,71499.3,71395.2,71397.6
1770288120,71397.6,71436.1,71375.1,71411.1
1770288180,71411.1,71437.1,71377.1,71378.2
1770288240,71378.2,71402.9,71322.6,71327.1
1770288300,71327.1,71346.6,71297.5,71313.5
1770288360,71313.5,71323.6,71268.9,71312.5
1770288420,71312.5,71341.4,71262,71269
1770288480,71269,71276.1,71101.1,71136.6
1770288540,71136.6,71164.9,71054.9,71086.7
1770288600,71086.7,71115.1,71031.6,71055.3
1770288660,71055.3,71077.1,71029.1,71037
1770288720,71037,71042.5,70717.1,70817.8
1770288780,70817.8,70822.8,70722.2,70801.2
1770288840,70801.2,70809.5,70700,70749.5
1770288900,70749.5,70777.9,70638.4,70666.8
1770288960,70666.8,70789,70617.6,70766.7
1770289020,70766.7,70795,70700,70713.1
1770289080,70713.1,70825.3,70713.1,70768.1
1770289140,70768.1,70880.4,70768,70818.8
1770289200,70818.8,70884.4,70812.6,70826.1
1770289260,70826.1,70934.7,70826,70900.1
1770289320,70900.1,70924.6,70850,70850
1770289380,70850,70850.1,70735.4,70810.6
1770289440,70810.6,70899.8,70805.6,70814.4
1770289500,70814.4,70900,70814.3,70872.7
1770289560,70872.7,70992.9,70871,70964.7
1770289620,70964.7,70991.7,70930.8,70971.4
1770289680,70971.4,70989.2,70903.6,70944.4
1770289740,70944.4,71014,70944.4,71008.5
1770289800,71008.5,71026.6,70907.5,70969.7
1770289860,70969.7,70995.5,70835.2,70835.9
1770289920,70835.9,70886.6,70784.7,70819.6
1770289980,70819.6,70824.1,70699.6,70699.6
1770290040,70699.6,70755.5,70668.3,70755.5
1770290100,70755.5,70814.1,70755.4,70774
1770290160,70774,70774,70668.6,70682
1770290220,70682,70931.5,70682,70887.9
1770290280,70887.9,70887.9,70750.3,70767.9
1770290340,70767.9,70781.4,70671.9,70683.3
1770290400,70683.3,70700.3,70631,70655.4
1770290460,70655.4,70700,70606.5,70606.5
1770290520,70606.5,70679.2,70088.5,70294
1770290580,70294,70391.2,70183.3,70185.2
1770290640,70185.2,70267.3,70010,70018.4
1770290700,70018.4,70351,69906,70287.4
1770290760,70287.4,70293,70068.2,70130.9
1770290820,70130.9,70228.2,69963.1,69964.2
1770290880,69964.2,70014.3,69930,69955.4
1770290940,69955.4,70098.8,69949,70037.8
1770291000,70037.8,70247.2,69888,69907.9
1770291060,69907.9,70068.1,69865.8,70054.3
1770291120,70054.3,70142,70004,70048
1770291180,70048,70247,70048,70115.3
1770291240,70115.3,70199.1,70115.3,70174.9
1770291300,70174.9,70291.2,70159.6,70203.3
1770291360,70203.3,70247,70027.5,70239.9
1770291420,70239.9,70399.9,70222.3,70371.9
1770291480,70371.9,70509.4,70371.8,70476.7
1770291540,70476.7,70600,70475,70538.8
1770291600,70538.8,70683,70466.5,70672
1770291660,70672,70692.7,70610.1,70660.7
1770291720,70660.7,70708.3,70553,70610
1770291780,70610,70640.1,70511.8,70520.1
1770291840,70520.1,70543,70445.6,70456.5
1770291900,70456.5,70544.5,70444.2,70535.8
1770291960,70535.8,70571.9,70333.3,70341.2
1770292020,70341.2,70485.5,70300.1,70437.3
1770292080,70437.3,70525.7,70437.3,70498.4
1770292140,70498.4,70498.4,70427.1,70477.6
1770292200,70477.6,70565.7,70370.7,70380.1
1770292260,70380.1,70432.2,70354,70381.1
1770292320,70381.1,70408,70311.7,70317.2
1770292380,70317.2,70339.9,70227.6,70297.3
1770292440,70297.3,70322.1,70159,70219.6
1770292500,70219.6,70372.9,70219.6,70362.7
1770292560,70362.7,70363,70173.1,70218.3
1770292620,70218.3,70250,70210.2,70242.5
1770292680,70242.5,70265.8,70218,70253.7
1770292740,70253.7,70300,70230.9,70287.8
1770292800,70287.8,70302.7,70225,70285.7
1770292860,70285.7,70498,70270.1,70475.6
1770292920,70475.6,70506,70432.4,70504
1770292980,70504,70574.4,70483.4,70550.2
1770293040,70550.2,70559.3,70443,70464.3
1770293100,70464.3,70494.1,70424,70431.1
1770293160,70431.1,70507,70386.5,70492.6
1770293220,70492.6,70540.5,70407.9,70434.9
1770293280,70434.9,70434.9,70209,70213.4
1770293340,70213.4,70227.3,70089.6,70185
1770293400,70185,70305.7,70130.1,70144.9
1770293460,70144.9,70183.6,70000,70016.6
1770293520,70016.6,70117.8,70000,70050.1
1770293580,70050.1,70117,70032.6,70096.7
1770293640,70096.7,70096.8,69875,69892.7
1770293700,69892.7,69914.3,69700,69700.1
1770293760,69700.1,69840.3,69621.8,69720.2
1770293820,69720.2,69785,69566,69602.7
1770293880,69602.7,69703.7,69504.3,69672.8
1770293940,69672.8,69676.1,69400.3,69422.1
1770294000,69422.1,69454.9,69284.2,69343.2
1770294060,69343.2,69510.6,69231.5,69442.8
1770294120,69442.8,69532.1,69310.5,69353.3
1770294180,69353.3,69369,69226,69254.5
1770294240,69254.5,69312.8,69151.5,69155.8
1770294300,69155.8,69249.1,69126.2,69216.5
1770294360,69216.5,69661.2,69178.1,69622.5
1770294420,69622.5,69783.8,69608.4,69681.3
1770294480,69681.3,69730,69623.8,69702.2
1770294540,69702.2,69715.3,69605,69612.1
1770294600,69612.1,69822.1,69505,69657.6
1770294660,69657.6,69701.4,69400,69501.5
1770294720,69501.5,69636,69501.5,69567.2
1770294780,69567.2,69582.3,69370,69485
1770294840,69485,69618,69391.7,69585.9
1770294900,69585.9,69688,69507.8,69523
1770294960,69523,69528,69375.8,69528
1770295020,69528,69657,69509.7,69597
1770295080,69597,69624.3,69447.1,69494.3
1770295140,69494.3,69560,69422.1,69469.4
1770295200,69469.4,69492,69370,69431.5
1770295260,69431.5,69526.5,69390,69503.9
1770295320,69503.9,69537.1,69305,69312.6
1770295380,69312.6,69347.2,69171,69268.5
1770295440,69268.5,69363.2,69263.9,69305.7
1770295500,69305.7,69409.5,69210,69220.8
1770295560,69220.8,69316.7,69169,69215.5
1770295620,69215.5,69408,69160.8,69403.2
1770295680,69403.2,69486.8,69344.6,69436.5
1770295740,69436.5,69496.2,69292.8,69446.9
1770295800,69446.9,69564.6,69366.9,69405.7
1770295860,69405.7,69748,69405.6,69680.2
1770295920,69680.2,69698.7,69555.2,69577.9
1770295980,69577.9,69577.9,69454.7,69496.1
1770296040,69496.1,69508.4,69341.3,69346.7
1770296100,69346.7,69365.2,69200,69293.1
1770296160,69293.1,69557.6,69293,69517
1770296220,69517,69650,69515.1,69534.1
1770296280,69534.1,69567,69500,69560.3
1770296340,69560.3,69570.5,69499.4,69541
1770296400,69541,69543.1,69454.9,69468.1
1770296460,69468.1,69510,69384.2,69430.6
1770296520,69430.6,69515.6,69430.6,69508.3
1770296580,69508.3,69548.7,69489,69489
1770296640,69489,69506.9,69404.9,69506.9
1770296700,69506.9,69622,69479.5,69622
1770296760,69622,69748.1,69567.5,69740
1770296820,69740,69809.3,69636.4,69686.4
1770296880,69686.4,69690.9,69628.5,69670
1770296940,69670,69729.1,69644.9,69706
1770297000,69706,69750,69572.2,69583.1
1770297060,69583.1,69650,69568.5,69645.6
1770297120,69645.6,69678,69620.4,69660.7
1770297180,69660.7,69675.6,69574.1,69588.4
1770297240,69588.4,69588.4,69421.9,69456.8
1770297300,69456.8,69515.2,69364.8,69385
1770297360,69385,69502.9,69385,69421.1
1770297420,69421.1,69555.7,69375.8,69499.5
1770297480,69499.5,69537.8,69452.2,69508.9
1770297540,69508.9,69576.3,69409.6,69431
1770297600,69431,69450,69334.9,69404.2
1770297660,69404.2,69438.1,69313.9,69324
1770297720,69324,69404.8,69324,69327.7
1770297780,69327.7,69462.2,69300.1,69335
1770297840,69335,69451.9,69328.8,69444.1
1770297900,69444.1,69478.8,69388,69388.1
1770297960,69388.1,69388.1,69224.7,69256.6
1770298020,69256.6,69311.5,69224.7,69252.7
1770298080,69252.7,69309.2,69224.7,69278
1770298140,69278,69280.2,69227.5,69253.9
1770298200,69253.9,69466.1,69225.8,69288.2
1770298260,69288.2,69486.1,69288.2,69441.2
1770298320,69441.2,69598,69441.2,69520.6
1770298380,69520.6,69596.7,69424.8,69463.1
1770298440,69463.1,69594,69425.7,69589.4
1770298500,69589.4,69600,69420,69579.4
1770298560,69579.4,69612.6,69538,69563.1
1770298620,69563.1,69590.4,69435.4,69502.2
1770298680,69502.2,69585.8,69477.1,69531.1
1770298740,69531.1,69531.1,69364,69367.2
1770298800,69367.2,69436.2,69333.8,69335.8
1770298860,69335.8,69445.2,69312.8,69440.1
1770298920,69440.1,69462.1,69338.6,69403.3
1770298980,69403.3,69435.3,69375,69434.8
1770299040,69434.8,69462.8,69396.3,69400.1
1770299100,69400.1,69471.4,69393.6,69455.9
1770299160,69455.9,69467.1,69365.5,69399.5
1770299220,69399.5,69451.9,69358.7,69393.8
1770299280,69393.8,69471.7,69353.7,69360.6
1770299340,69360.6,69417.7,69360.6,69398.6
1770299400,69398.6,69460.1,69387.5,69402.8
1770299460,69402.8,69473.9,69345.8,69473.8
1770299520,69473.8,69615.2,69471,69602.5
1770299580,69602.5,69681.6,69599.1,69639.4
1770299640,69639.4,69665.7,69610.9,69626
1770299700,69626,69710,69610.1,69710
1770299760,69710,69729.8,69646.4,69700
1770299820,69700,69713,69520,69563.3
1770299880,69563.3,69635,69500.2,69602.7
1770299940,69602.7,69684.9,69600,69658.4
1770300000,69658.4,69893,69658.3,69842.5
1770300060,69842.5,70192.8,69787.3,70170.7
1770300120,70170.7,70259.5,70069.8,70187.3
1770300180,70187.3,70282.9,70090.6,70119.1
1770300240,70119.1,70168,70031.4,70078.9
1770300300,70078.9,70078.9,69855,69868.2
1770300360,69868.2,70000,69844.5,69999.9
1770300420,69999.9,70013.3,69922.5,69952.9
1770300480,69952.9,69990.2,69920,69929.9
1770300540,69929.9,69934.6,69783.3,69856.3
1770300600,69856.3,69874.8,69701,69721
1770300660,69721,69866.4,69716.1,69856.9
1770300720,69856.9,70026.6,69856.9,69975.8
1770300780,69975.8,69984.2,69809.1,69812.6
1770300840,69812.6,69842.9,69672.7,69709.1
1770300900,69709.1,69793.7,69513.1,69526.9
1770300960,69526.9,69617.5,69450.4,69511
1770301020,69511,69575.4,69492.7,69530
1770301080,69530,69613.5,69521.7,69613.5
1770301140,69613.5,69722.1,69587.1,69661.6
1770301200,69661.6,69803.1,69650.1,69784
1770301260,69784,69808.2,69700.4,69712
1770301320,69712,69861.7,69679.8,69860
1770301380,69860,69958.7,69860,69925.6
1770301440,69925.6,69993,69905.9,69957.9
1770301500,69957.9,70080.8,69957.9,70049.2
1770301560,70049.2,70049.2,69965.2,69990.8
1770301620,69990.8,70055.5,69959,69996.1
1770301680,69996.1,70078,69996.1,70062.9
1770301740,70062.9,70120,70043.7,70091.7
1770301800,70091.7,70226.2,69952.4,70099.5
1770301860,70099.5,70413.8,69986,69986
1770301920,69986,70317.5,69894.4,70222.5
1770301980,70222.5,70486.1,70145.4,70164.3
1770302040,70164.3,70422.8,70126.7,70368.2
1770302100,70368.2,70643.7,70341.3,70350
1770302160,70350,70430.9,70283.1,70289.1
1770302220,70289.1,70635,70183.5,70621.2
1770302280,70621.2,70690.9,70509.9,70655
1770302340,70655,70866.3,70609.1,70683
1770302400,70683,70697.7,70466.2,70626.6
1770302460,70626.6,70641.9,70317.7,70333.6
1770302520,70333.6,70554.7,70300,70402.5
1770302580,70402.5,70569.7,70350.1,70498.6
1770302640,70498.6,70512.5,70400,70400
1770302700,70400,70464.7,70261.7,70316.9
1770302760,70316.9,70452.3,70160.7,70444
1770302820,70444,70756.3,70429.8,70506.5
1770302880,70506.5,70584.6,70227.6,70227.7
1770302940,70227.7,70357.6,70212.3,70264.7
1770303000,70264.7,70372.4,70182,70210
1770303060,70210,70313.5,69958.2,69979.3
1770303120,69979.3,70048.2,69868.9,69956.5
1770303180,69956.5,70127.1,69923.5,70007.1
1770303240,70007.1,70082.9,69821,69913.1
1770303300,69913.1,69918.5,69641.2,69678
1770303360,69678,69709.6,69555,69620.7
1770303420,69620.7,69620.7,69311,69375.8
1770303480,69375.8,69466.6,69251.2,69412.9
1770303540,69412.9,69485.7,69289,69368
1770303600,69368,69594.7,69210,69230.6
1770303660,69230.6,69335.1,69020.4,69049.2
1770303720,69049.2,69213.5,69048.1,69082.3
1770303780,69082.3,69143.3,68826.7,68852
1770303840,68852,69063.9,68805,68943.8
1770303900,68943.8,68980.4,68600,68611.1
1770303960,68611.1,68791.9,68600,68691.8
1770304020,68691.8,68740.4,68483.1,68539.4
1770304080,68539.4,68666.8,68512.5,68537.6
1770304140,68537.6,68664.5,68490.2,68597.5
1770304200,68597.5,68789,68273.2,68352.1
1770304260,68352.1,68380,68200,68201.1
1770304320,68201.1,68274.2,68042.5,68089.8
1770304380,68089.8,68251,68025.1,68204.4
1770304440,68204.4,68211.1,67950.3,67951.6
1770304500,67951.6,68445.9,67951.6,68445.9
1770304560,68445.9,68682.8,68316.3,68331.8
1770304620,68331.8,68623.5,68331.8,68623.5
1770304680,68623.5,68646.7,68201.7,68201.7
1770304740,68201.7,68367.2,68159,68264.6
1770304800,68264.6,68278.7,67910,67961.8
1770304860,67961.8,67985.2,67560.3,67628.2
1770304920,67628.2,67770.3,67367.2,67394.6
1770304980,67394.6,67503.4,66929.3,67111.8
1770305040,67111.8,67557.9,67097.3,67555
1770305100,67555,67895,67476.3,67528
1770305160,67528,67535.1,67282.5,67287.5
1770305220,67287.5,67446.2,67204.4,67378.9
1770305280,67378.9,67583.4,67035,67109.5
1770305340,67109.5,67144.8,66700,66802.7
1770305400,66802.7,67438.5,66750,67222.4
1770305460,67222.4,67277.2,67100,67111.9
1770305520,67111.9,67203,66655.2,66781.6
1770305580,66781.6,66977,66761.9,66808.5
1770305640,66808.5,67063,66726.7,66933
1770305700,66933,67273.2,66932.9,67002.5
1770305760,67002.5,67115,66918.8,66979.7
1770305820,66979.7,67102.4,66820.8,67084.9
1770305880,67084.9,67303.3,66977.8,67286.1
1770305940,67286.1,67579.4,67271.7,67499.8
1770306000,67499.8,67540,67206.8,67494.1
1770306060,67494.1,67733,67443.3,67673.1
1770306120,67673.1,67777,67559.6,67605.1
1770306180,67605.1,67646.4,67426.6,67448.8
1770306240,67448.8,67532,67410.5,67475.7
1770306300,67475.7,67591.2,67146.7,67146.7
1770306360,67146.7,67149.4,66981.3,67011.9
1770306420,67011.9,67300,66962,67179.1
1770306480,67179.1,67300,67085,67292.6
1770306540,67292.6,67506.2,67250.1,67506.1
1770306600,67506.1,68061.1,67492,67878.5
1770306660,67878.5,68156.2,67877.6,68089.3
1770306720,68089.3,68225.5,67978,68134.8
1770306780,68134.8,68197.8,67800,67822
1770306840,67822,67911.6,67640,67657.5
1770306900,67657.5,67681.8,67560,67630.3
1770306960,67630.3,67799.6,67326.6,67461.2
1770307020,67461.2,67466.3,67227,67389.6
1770307080,67389.6,67520,67272.6,67402.4
1770307140,67402.4,67470.8,67327.8,67450.8
1770307200,67450.8,67555.8,67321.6,67501
1770307260,67501,67734.2,67469.5,67538.3
1770307320,67538.3,67653,67458.1,67578
1770307380,67578,67578,67259,67274.3
1770307440,67274.3,67289.9,67153.2,67225.2
1770307500,67225.2,67345.5,67196.2,67288.6
1770307560,67288.6,67482,67269.1,67284.5
1770307620,67284.5,67400,67081.1,67105.6
1770307680,67105.6,67163.8,67000,67152.5
1770307740,67152.5,67152.5,66894.9,66906.4
1770307800,66906.4,67438.2,66906.4,67242.3
1770307860,67242.3,67248.9,67071.5,67152.6
1770307920,67152.6,67228.7,67091.2,67108
1770307980,67108,67116.8,66951.6,66982.9
1770308040,66982.9,67108.3,66936.8,67004.6
1770308100,67004.6,67248,66993.3,67225.7
1770308160,67225.7,67544.6,67205.5,67544.6
1770308220,67544.6,67582.1,67338.6,67481.5
1770308280,67481.5,67668.4,67402.6,67450
1770308340,67450,67573,67345.1,67397.6
1770308400,67397.6,67641.3,67375.9,67400
1770308460,67400,67600,67388.6,67580.9
1770308520,67580.9,67818.6,67567.2,67650
1770308580,67650,67740.8,67615.8,67654.6
1770308640,67654.6,68109.9,67628.6,68064.1
1770308700,68064.1,68199.9,67956.4,67968.6
1770308760,67968.6,68172.2,67895.4,67902.3
1770308820,67902.3,68175,67897.8,68168.4
1770308880,68168.4,68228.7,68109.7,68185.5
1770308940,68185.5,68185.5,68046.5,68138.3
1770309000,68138.3,68424.6,68138.3,68293.1
1770309060,68293.1,68361.3,68184.4,68192.4
1770309120,68192.4,68203.7,67850,67858.4
1770309180,67858.4,68085.4,67858.4,68080
1770309240,68080,68266.4,68027.7,68203.7
1770309300,68203.7,68240.3,68057.7,68197.3
1770309360,68197.3,68354.5,68024.9,68047.4
1770309420,68047.4,68187.5,67986.9,67998.9
1770309480,67998.9,68123.1,67905.6,68101.4
1770309540,68101.4,68133.4,67935,67966
1770309600,67966,68077.4,67777,67789.1
1770309660,67789.1,67855.8,67777.5,67851.8
1770309720,67851.8,67966.7,67793.5,67911.6
1770309780,67911.6,67984.4,67833.5,67839.9
1770309840,67839.9,67879.1,67800,67832.4
1770309900,67832.4,67870.7,67640.6,67653.7
1770309960,67653.7,67719.1,67653.6,67708
1770310020,67708,67725.1,67529.4,67638.8
1770310080,67638.8,67833.9,67610.3,67798.5
1770310140,67798.5,67971.8,67750.1,67958.8
1770310200,67958.8,68184,67957.5,68159.5
1770310260,68159.5,68316.9,68144.8,68230.8
1770310320,68230.8,68457.6,68214,68423.8
1770310380,68423.8,68447.7,68292.8,68367.6
1770310440,68367.6,68668.8,68367.6,68496.1
1770310500,68496.1,68630.8,68452.2,68547.9
1770310560,68547.9,68548,68246.9,68300.9
1770310620,68300.9,68402.2,68284.3,68354.1
1770310680,68354.1,68377.1,68192.8,68193.4
1770310740,68193.4,68290.8,68134.4,68268.2
1770310800,68268.2,68350,68048.3,68061
1770310860,68061,68098.5,67965.7,67993.5
1770310920,67993.5,68053.4,67930,67980.4
1770310980,67980.4,68005.7,67755.1,67887.6
1770311040,67887.6,67887.6,67690,67743
1770311100,67743,67937.7,67598.8,67874.3
1770311160,67874.3,68030.6,67751.9,67751.9
1770311220,67751.9,67764.3,67532.1,67718.3
1770311280,67718.3,67762.2,67560,67597.1
1770311340,67597.1,67634.3,67333,67346.6
1770311400,67346.6,67423.8,67310.1,67349.1
1770311460,67349.1,67412.7,67184,67250.6
1770311520,67250.6,67285.2,67105.6,67221
1770311580,67221,67363,67219.5,67265.1
1770311640,67265.1,67434,67215.1,67224.7
1770311700,67224.7,67245.7,67020.1,67117.7
1770311760,67117.7,67213.4,67033,67059.2
1770311820,67059.2,67164,66920,67073.8
1770311880,67073.8,67104.9,66909.6,66979.9
1770311940,66979.9,67012.7,66810.4,66835.9
1770312000,66835.9,66922.5,66354.2,66567.8
1770312060,66567.8,66839.7,66500.1,66746
1770312120,66746,66989.1,66746,66845.7
1770312180,66845.7,67183.8,66840,67149.3
1770312240,67149.3,67626.1,67149.3,67559.9
1770312300,67559.9,67626.3,67379.1,67460.7
1770312360,67460.7,67633.8,67380.1,67380.1
1770312420,67380.1,67400,67268.7,67400
1770312480,67400,67490,67203.4,67228.9
1770312540,67228.9,67419.2,67221.2,67371.6
1770312600,67371.6,67511.8,67152.6,67156.3
1770312660,67156.3,67221.3,66447.7,66540.1
1770312720,66540.1,66832.2,66510,66764.7
1770312780,66764.7,66892.3,66675.4,66863.8
1770312840,66863.8,66945,66708.6,66736.2
1770312900,66736.2,66859.1,66607.3,66789.2
1770312960,66789.2,67115.5,66779.4,66902.8
1770313020,66902.8,66964.5,66753.2,66936.8
1770313080,66936.8,67055.6,66797.2,66962.6
1770313140,66962.6,67073.4,66819.2,66845.7
1770313200,66845.7,67300,66813.5,67156.8
1770313260,67156.8,67224.9,67009.7,67101.6
1770313320,67101.6,67132.1,66892.6,66899.1
1770313380,66899.1,67100,66850,67099.9
1770313440,67099.9,67100,66873.1,67081.6
1770313500,67081.6,67191.3,67010.3,67190.8
1770313560,67190.8,67310.1,67061.5,67222.3
1770313620,67222.3,67279.5,67058.2,67086.2
1770313680,67086.2,67125,66741.9,66741.9
1770313740,66741.9,66853.2,66716.1,66801.8
1770313800,66801.8,66967.1,66742.9,66795
1770313860,66795,66986.6,66757.6,66825.2
1770313920,66825.2,66838.2,66556,66570.1
1770313980,66570.1,66797.8,66570.1,66759.2
1770314040,66759.2,66759.2,66568.3,66581.5
1770314100,66581.5,66600.9,66385.3,66487.4
1770314160,66487.4,66536.1,66300.2,66311
1770314220,66311,66364.9,66150,66225.2
1770314280,66225.2,66299.9,66100.3,66143
1770314340,66143,66210.9,66126.3,66151.9
1770314400,66151.9,66263.1,66135,66152.5
1770314460,66152.5,66436.9,66129.3,66420.1
1770314520,66420.1,66516.7,66319.4,66383.1
1770314580,66383.1,66388,66126,66203.4
1770314640,66203.4,66473.5,66203,66217.5
1770314700,66217.5,66415.5,66169.2,66290.1
1770314760,66290.1,66330.6,66194.8,66270
1770314820,66270,66439,66226.1,66255.1
1770314880,66255.1,66428.1,66241.3,66293.5
1770314940,66293.5,66340.1,66237.8,66250.1
1770315000,66250.1,66358,66188,66267.2
1770315060,66267.2,66360.8,66235.1,66331.9
1770315120,66331.9,66499.3,66300.1,66458.4
1770315180,66458.4,66490.8,66250.5,66270.2
1770315240,66270.2,66448.5,66270.2,66412.4
1770315300,66412.4,66518.4,66391.6,66460.3
1770315360,66460.3,66460.4,66029.2,66101.7
1770315420,66101.7,66166.9,65896.9,65936.8
1770315480,65936.8,65965.7,65725.4,65810
1770315540,65810,65986.9,65760.2,65778.8
1770315600,65778.8,65838.8,65646.6,65653.1
1770315660,65653.1,65676,65555,65556.8
1770315720,65556.8,65647.9,65438.6,65489.1
1770315780,65489.1,65640,65425.9,65540
1770315840,65540,66060,65540,66014.9
1770315900,66014.9,66071.6,65690.6,65699.2
1770315960,65699.2,65852.6,65626.3,65778
1770316020,65778,65813.2,65551.3,65571.1
1770316080,65571.1,65696.1,65505.9,65696
1770316140,65696,65800,65658.8,65800
1770316200,65800,65960,65731.3,65844.4
1770316260,65844.4,66000,65700,65768.2
1770316320,65768.2,65875.3,65470.3,65491
1770316380,65491,65617.2,65450,65538.2
1770316440,65538.2,65624.3,65464.7,65587.1
1770316500,65587.1,65784.8,65587.1,65635.7
1770316560,65635.7,65810.4,65629.4,65668.7
1770316620,65668.7,65712,65587.8,65665.1
1770316680,65665.1,65693.9,65500.1,65500.1
1770316740,65500.1,65722.1,65500.1,65673.3
1770316800,65673.3,65831,65590.5,65764.6
1770316860,65764.6,65910,65665.2,65875
1770316920,65875,65924,65772.8,65836
1770316980,65836,65929.3,65677.6,65709.7
1770317040,65709.7,65828.2,65656.3,65726.6
1770317100,65726.6,65950,65724.9,65729.9
1770317160,65729.9,65891.1,65501.8,65548.4
1770317220,65548.4,65565,65366.8,65400.2
1770317280,65400.2,65450.8,65354.2,65397.5
1770317340,65397.5,65645,65388.1,65523.6
1770317400,65523.6,65636.3,65450,65551.7
1770317460,65551.7,65592.8,65459.8,65574.5
1770317520,65574.5,65599.3,65459.2,65459.2
1770317580,65459.2,65789.7,65456.9,65776.7
1770317640,65776.7,65968.1,65752.3,65780.6
1770317700,65780.6,65932.1,65706.2,65897.8
1770317760,65897.8,66194.6,65883.6,66129.3
1770317820,66129.3,66320.3,66105.1,66207.3
1770317880,66207.3,66387.5,66200,66354.2
1770317940,66354.2,66449.8,66300.6,66313.1
1770318000,66313.1,66331.9,66132.8,66196
1770318060,66196,66196,65980.2,66059.3
1770318120,66059.3,66199,66028.5,66160.8
1770318180,66160.8,66462.3,66158.6,66247.2
1770318240,66247.2,66362.8,66182.6,66223
1770318300,66223,66410,66091.4,66379.2
1770318360,66379.2,66614,66334.3,66378.8
1770318420,66378.8,66424.3,66200.6,66215.7
1770318480,66215.7,66273.8,66129,66164.1
1770318540,66164.1,66255,66110,66110.1
1770318600,66110.1,66184,66037.1,66183.9
1770318660,66183.9,66343.6,66161.2,66332.6
1770318720,66332.6,66433.2,66188.8,66304.2
1770318780,66304.2,66308.9,66188,66227.1
1770318840,66227.1,66349.2,66190.4,66271.8
1770318900,66271.8,66425.1,66144.2,66410.9
1770318960,66410.9,66560.6,66328.9,66454.9
1770319020,66454.9,66528.6,66340,66456.6
1770319080,66456.6,66466.9,66242.8,66242.8
1770319140,66242.8,66417.2,66235.5,66382.1
1770319200,66382.1,66398.7,66150,66150
1770319260,66150,66345,66142.3,66142.3
1770319320,66142.3,66151.6,65970.7,66051.1
1770319380,66051.1,66085.4,65984.3,65996.7
1770319440,65996.7,66022.1,65838,65952.8
1770319500,65952.8,65960.6,65619.1,65660.4
1770319560,65660.4,65827.8,65587.4,65727.5
1770319620,65727.5,65857.4,65709.3,65747.9
1770319680,65747.9,65829.5,65722,65771.1
1770319740,65771.1,65848.9,65653.1,65829.1
1770319800,65829.1,65849.6,65702.1,65733.4
1770319860,65733.4,66007.4,65723,65967.3
1770319920,65967.3,66004.6,65656.2,65656.2
1770319980,65656.2,65933.3,65638.3,65816.1
1770320040,65816.1,65965.1,65796.5,65944.5
1770320100,65944.5,65971.2,65800,65939
1770320160,65939,66031.3,65836.7,65923.5
1770320220,65923.5,66100,65880,66068.6
1770320280,66068.6,66136,65985.5,66026.3
1770320340,66026.3,66121,65945,65945
1770320400,65945,66010.7,65870.7,65902.4
1770320460,65902.4,65916.8,65826.8,65854.8
1770320520,65854.8,65930.6,65762.2,65777.1
1770320580,65777.1,65845,65687.4,65750.3
1770320640,65750.3,65795.1,65716.1,65780
1770320700,65780,65900,65775,65809.9
1770320760,65809.9,65819.1,65675,65675
1770320820,65675,65684.9,65465.4,65510.2
1770320880,65510.2,65576.5,65451.3,65454.7
1770320940,65454.7,65556.9,65454.7,65531.3
1770321000,65531.3,65620.6,65419.1,65510.4
1770321060,65510.4,65510.4,65245.4,65275.2
1770321120,65275.2,65293.5,65148.5,65205.8
1770321180,65205.8,65405.4,65200,65302.2
1770321240,65302.2,65455.6,65233.3,65283.1
1770321300,65283.1,65361.1,65224.1,65278.3
1770321360,65278.3,65413.1,65192.5,65263.8
1770321420,65263.8,65351.7,65256.2,65260.2
1770321480,65260.2,65314,65187.4,65266.3
1770321540,65266.3,65300,65199.5,65232.2
1770321600,65232.2,65300,65120,65235.3
1770321660,65235.3,65481.2,65235.3,65438.4
1770321720,65438.4,65547.6,65254.7,65266.5
1770321780,65266.5,65294.1,65181.1,65258.7
1770321840,65258.7,65295.2,65191.4,65191.8
1770321900,65191.8,65290.7,65082.6,65108.7
1770321960,65108.7,65300,65050,65179.8
1770322020,65179.8,65431.8,65164.2,65425.5
1770322080,65425.5,65584.2,65414.5,65562
1770322140,65562,65675,65499.7,65607.7
1770322200,65607.7,65623.6,65430.1,65450.3
1770322260,65450.3,65462.6,65262.6,65286.4
1770322320,65286.4,65305.7,65174.6,65212
1770322380,65212,65229.4,65080,65107.5
1770322440,65107.5,65120.9,64881.6,65013.8
1770322500,65013.8,65055.2,64400,64510.1
1770322560,64510.1,64534.7,64213.2,64237.6
1770322620,64237.6,64435.1,64000,64432.8
1770322680,64432.8,64512.2,64311.1,64411.8
1770322740,64411.8,64519.7,64156.7,64222.4
1770322800,64222.4,64415.2,64144.6,64212.8
1770322860,64212.8,64324.4,63950.1,64007.7
1770322920,64007.7,64103.3,63500,63637
1770322980,63637,63949.7,63500,63853.8
1770323040,63853.8,64172.3,63700,64020.6
1770323100,64020.6,64060.3,63327.2,63469.3
1770323160,63469.3,64035.7,63464.3,64029.5
1770323220,64029.5,64340.7,64002.8,64086.9
1770323280,64086.9,64269.2,63930.5,64111.3
1770323340,64111.3,64112.9,63782.1,63818
1770323400,63818,63975.9,63657.6,63687.5
1770323460,63687.5,63906.5,63500,63523.1
1770323520,63523.1,63769.6,63367.5,63751.9
1770323580,63751.9,63855,63666,63812.7
1770323640,63812.7,63898.4,63612.7,63721
1770323700,63721,63818.8,63600,63633.1
1770323760,63633.1,63633.5,63066.3,63523.8
1770323820,63523.8,63978.9,63523.8,63668.7
1770323880,63668.7,63680.9,63325.5,63596.3
1770323940,63596.3,63847.4,63422,63650
1770324000,63650,64120.5,63629.2,63961.4
1770324060,63961.4,64015.5,63741.6,63767
1770324120,63767,63912.1,63500,63682.8
1770324180,63682.8,63824.7,63627.6,63680.5
1770324240,63680.5,63729.5,63564.6,63625.9
1770324300,63625.9,63768.3,63456.4,63766.4
1770324360,63766.4,63848.7,63441.7,63488.3
1770324420,63488.3,63503.2,63311.4,63435.5
1770324480,63435.5,63558.3,63203.7,63217.3
1770324540,63217.3,63356.3,63088.8,63248.4
1770324600,63248.4,63404.8,63173.5,63196.2
1770324660,63196.2,63447.5,62930.2,63131.9
1770324720,63131.9,63131.9,62691.7,62695.2
1770324780,62695.2,62812.5,62567.2,62652.2
1770324840,62652.2,62753.7,62501.1,62508.1
1770324900,62508.1,62887.7,62250,62835.2
1770324960,62835.2,63140,62759.1,62947.9
1770325020,62947.9,63277,62927,63211.9
1770325080,63211.9,63688.8,63205.2,63647.8
1770325140,63647.8,63776.7,63516.6,63739.3
1770325200,63739.3,64444,63610.5,64409.7
1770325260,64409.7,64436.4,63714,63901.5
1770325320,63901.5,64228,63864.8,64195.3
1770325380,64195.3,64393.9,64053.5,64169.9
1770325440,64169.9,64625.9,64169.8,64370.6
1770325500,64370.6,64778.7,64326,64373.1
1770325560,64373.1,64410.5,64060.1,64099
1770325620,64099,64300,64017.5,64292.6
1770325680,64292.6,64479.3,64085.9,64092
1770325740,64092,64174.4,63890.2,63895.7
1770325800,63895.7,63982.4,63732,63764.8
1770325860,63764.8,63833.8,63516.3,63574.6
1770325920,63574.6,63715.3,63434.7,63665.5
1770325980,63665.5,63738.6,63471.8,63498.5
1770326040,63498.5,63562,63359.9,63394.4
1770326100,63394.4,63545.7,63242.1,63428.6
1770326160,63428.6,63706.7,63428.6,63477.7
1770326220,63477.7,63485.4,63151.9,63191.5
1770326280,63191.5,63276.2,63108.3,63115
1770326340,63115,63135.4,62890.8,62920.5
1770326400,62920.5,63100,62842.6,63079.2
1770326460,63079.2,63488.6,63045.3,63309.5
1770326520,63309.5,63460,63264.5,63308.1
1770326580,63308.1,64065.4,63308,63922.1
1770326640,63922.1,64187.4,63840,63891.9
1770326700,63891.9,63961.8,63734.1,63743.6
1770326760,63743.6,63747.3,63550,63554.1
1770326820,63554.1,63639.7,63340,63625.2
1770326880,63625.2,63747,63581.1,63693.4
1770326940,63693.4,63971.2,63691.8,63946.8
1770327000,63946.8,64108.4,63850,63918.9
1770327060,63918.9,64107.4,63788.9,64093.5
1770327120,64093.5,64228.3,63773.1,63893.4
1770327180,63893.4,63899.6,63691.4,63788
1770327240,63788,63800,63433.3,63489.7
1770327300,63489.7,63563.1,63413.6,63500.9
1770327360,63500.9,63507.3,63269.5,63369.1
1770327420,63369.1,63555.5,63369.1,63555.5
1770327480,63555.5,63755.3,63525.6,63736.6
1770327540,63736.6,63846.2,63725.1,63805.5
1770327600,63805.5,63863.5,63649,63750.4
1770327660,63750.4,63962.9,63750,63950.3
1770327720,63950.3,64144.8,63878.9,64066.9
1770327780,64066.9,64085,63716.3,63746.7
1770327840,63746.7,63746.7,63500.8,63660.6
1770327900,63660.6,63918.6,63649.2,63786.7
1770327960,63786.7,63929.6,63654.9,63928.2
1770328020,63928.2,63996.7,63800,63807.1
1770328080,63807.1,63925.1,63761.2,63879.9
1770328140,63879.9,63880.4,63624.3,63631.1
1770328200,63631.1,63687.3,63457.3,63581.1
1770328260,63581.1,63600,63333.2,63430.9
1770328320,63430.9,63479.4,63137.3,63149.1
1770328380,63149.1,63280,63134.3,63150.1
1770328440,63150.1,63366,63100.6,63276.1
1770328500,63276.1,63454.6,63262.5,63262.5
1770328560,63262.5,63264.5,63000,63033.6
1770328620,63033.6,63287.8,63027.3,63177
1770328680,63177,63282.9,63134.1,63273.4
1770328740,63273.4,63300,63182.5,63185
1770328800,63185,63328.9,63155.9,63224
1770328860,63224,63319.6,63094.4,63175
1770328920,63175,63293.1,63100,63235.9
1770328980,63235.9,63500,63206.6,63242.8
1770329040,63242.8,63347.2,63140,63321.9
1770329100,63321.9,63447.9,63185.8,63194.2
1770329160,63194.2,63352.2,63184.9,63223.2
1770329220,63223.2,63258.3,63026,63089
1770329280,63089,63371,62666.5,63328.8
1770329340,63328.8,63638.6,63200,63585.3
1770329400,63585.3,63732.3,63395.1,63430.4
1770329460,63430.4,63447.8,63335.3,63405.4
1770329520,63405.4,63517.9,63374.6,63427.7
1770329580,63427.7,63532.9,63413.2,63479.7
1770329640,63479.7,63583.4,63387.7,63501.9
1770329700,63501.9,63582.6,63306.4,63312.6
1770329760,63312.6,63394.1,63167.4,63197.7
1770329820,63197.7,63210.5,62748,62869.8
1770329880,62869.8,63059,62786,62871.8
1770329940,62871.8,62963.1,62639.6,62907.3
1770330000,62907.3,62986.1,62705.3,62788
1770330060,62788,62927.2,62777,62883
1770330120,62883,63062.6,62765.5,62771.1
1770330180,62771.1,62894.3,62754,62870.6
1770330240,62870.6,63055.9,62815.2,63053.1
1770330300,63053.1,63100,62876,62963.9
1770330360,62963.9,63077.7,62940.3,63025.7
1770330420,63025.7,63150,62988.9,63125.5
1770330480,63125.5,63974.9,63123.1,63969.1
1770330540,63969.1,64288.5,63860.1,64082.6
1770330600,64082.6,64584.7,64033.5,64103.8
1770330660,64103.8,64123.3,63755.2,63769.2
1770330720,63769.2,63970.1,63690.6,63965
1770330780,63965,63970.1,63651,63667.1
1770330840,63667.1,63902.5,63656.2,63858.8
1770330900,63858.8,63911.7,63696.7,63911.7
1770330960,63911.7,63911.7,63686.1,63759.4
1770331020,63759.4,63830.1,63600,63647.9
1770331080,63647.9,63762.8,63580.5,63601.4
1770331140,63601.4,63854,63601.4,63812
1770331200,63812,63860,63730.5,63823.4
1770331260,63823.4,64052.3,63748.7,64052.3
1770331320,64052.3,64080.3,63934.7,63954.8
1770331380,63954.8,64049.3,63856.8,64003.1
1770331440,64003.1,64107.8,63950,64002.2
1770331500,64002.2,64050.4,63954.7,64015
1770331560,64015,64040.8,63797,63821.9
1770331620,63821.9,63926.7,63676.5,63890
1770331680,63890,63980,63847.5,63925.9
1770331740,63925.9,64027,63883,64005.2
1770331800,64005.2,64047.9,63986,63986
1770331860,63986,64101.3,63948.6,64076.7
1770331920,64076.7,64425.7,64076.5,64264.6
1770331980,64264.6,64495.2,64231,64344.5
1770332040,64344.5,64500,64303.9,64404.8
1770332100,64404.8,64404.8,63986.5,64115.7
1770332160,64115.7,64213.9,64028,64178.3
1770332220,64178.3,64264.3,64049,64058
1770332280,64058,64080,64000,64011.3
1770332340,64011.3,64053.1,63843.3,63882.5
1770332400,63882.5,64000,63711.2,63931.1
1770332460,63931.1,63969.2,63847.4,63941.3
1770332520,63941.3,64163,63924.1,64163
1770332580,64163,64388.3,64136.5,64339.6
1770332640,64339.6,64762.3,64333.9,64706.2
1770332700,64706.2,64868,64456,64491
1770332760,64491,64532.4,64373.4,64467.1
1770332820,64467.1,64486.6,64350.7,64426.7
1770332880,64426.7,64435.6,64314.2,64392.5
1770332940,64392.5,64683.7,64350,64563.3
1770333000,64563.3,64774.5,64563.1,64725
1770333060,64725,64755.5,64617.2,64715.1
1770333120,64715.1,64768.9,64650,64680.1
1770333180,64680.1,64716,64547,64600.9
1770333240,64600.9,64628.2,64532.3,64536.4
1770333300,64536.4,64691.6,64516.6,64671.4
1770333360,64671.4,64671.4,64501.3,64524.8
1770333420,64524.8,64652.2,64465.3,64628.8
1770333480,64628.8,64651.6,64497.6,64552.1
1770333540,64552.1,64552.1,64313.4,64327.5
1770333600,64327.5,64368.1,64210.2,64257
1770333660,64257,64268.9,64140.1,64222.4
1770333720,64222.4,64257.7,64084.4,64095.5
1770333780,64095.5,64144.9,64063.1,64101.4
1770333840,64101.4,64197.3,63992.2,64022.4
1770333900,64022.4,64210.8,64022.4,64183.1
1770333960,64183.1,64239.5,64078.3,64232.5
1770334020,64232.5,64329.2,64207.1,64278.8
1770334080,64278.8,64341.1,64203.1,64276.6
1770334140,64276.6,64435.3,64265.6,64369.3
1770334200,64369.3,64414,64280,64283.8
1770334260,64283.8,64468.8,64221.2,64452.2
1770334320,64452.2,64470.5,64189.6,64189.7
1770334380,64189.7,64191.6,64041.5,64057.4
1770334440,64057.4,64069.5,63910.2,63923.3
1770334500,63923.3,63942.6,63522.5,63586.3
1770334560,63586.3,63757.2,63423.6,63597.4
1770334620,63597.4,63615.2,63473,63546.9
1770334680,63546.9,63768.9,63546.9,63714
1770334740,63714,63795.1,63624.3,63676.5
1770334800,63676.5,63692.6,63518.5,63614.9
1770334860,63614.9,63703.4,63413,63481.8
1770334920,63481.8,63564.8,63416.7,63560.6
1770334980,63560.6,63585.9,63457.4,63458.4
1770335040,63458.4,63525.5,63418.8,63430.4
1770335100,63430.4,63500,63376.5,63400.6
1770335160,63400.6,63525,63399.6,63498.7
1770335220,63498.7,63566.1,63353.7,63440.4
1770335280,63440.4,63500,63303.7,63483.8
1770335340,63483.8,63576.4,63297.2,63352.8
1770335400,63352.8,63352.8,63122.3,63241.5
1770335460,63241.5,63247.2,63052.4,63087.1
1770335520,63087.1,63119.3,62807.2,62905
1770335580,62905,62905,62802,62895.4
1770335640,62895.4,63018.4,62843.9,62967
1770335700,62967,63116.9,62967,63076.4
1770335760,63076.4,63118.3,62893.2,63059.8
1770335820,63059.8,63092,62925.3,62945.4
1770335880,62945.4,62983,62679.6,62760.3
1770335940,62760.3,62896,62753.7,62872.7
1780617600,63849.1,63849.1,63717.7,63731.7
1780617660,63731.7,63786.5,63697.8,63706.5
1780617720,63706.5,63798.1,63694.8,63781.1
1780617780,63781.1,63822,63747.4,63747.4
1780617840,63747.4,63750.2,63701,63701.1
1780617900,63701.1,63796.2,63701.1,63766.9
1780617960,63766.9,63799.9,63728.1,63799.9
1780618020,63799.9,63800,63718.5,63746.1
1780618080,63746.1,63775,63683.7,63759
1780618140,63759,63793.8,63732.9,63791.6
1780618200,63791.6,63817.9,63757.1,63757.1
1780618260,63757.1,63768.8,63685.5,63709
1780618320,63709,63712.6,63655,63687.5
1780618380,63687.5,63714.9,63650,63650.1
1780618440,63650.1,63653.8,63610.3,63629.7
1780618500,63629.7,63648.3,63606.6,63645.7
1780618560,63645.7,63660.6,63608.9,63618.9
1780618620,63618.9,63639.9,63578.4,63593.3
1780618680,63593.3,63593.3,63553.2,63585.6
1780618740,63585.6,63693.6,63579,63655
1780618800,63655,63860.9,63654.3,63834.2
1780618860,63834.2,63843.1,63749.3,63823.2
1780618920,63823.2,63830.6,63739.4,63802
1780618980,63802,63867.7,63801.9,63862.9
1780619040,63862.9,63876.9,63795.8,63810
1780619100,63810,63810,63670.5,63682
1780619160,63682,63759.2,63663,63759.2
1780619220,63759.2,63799.6,63694.8,63795.5
1780619280,63795.5,63827.4,63790.5,63827.4
1780619340,63827.4,63881.8,63808.8,63874.8
1780619400,63874.8,63918.1,63862.9,63886.2
1780619460,63886.2,63935.7,63876.8,63926.1
1780619520,63926.1,63954.5,63824.3,63825.5
1780619580,63825.5,63893.5,63800.1,63879
1780619640,63879,63880.1,63839.5,63859.1
1780619700,63859.1,63859.1,63744.9,63759.1
1780619760,63759.1,63806.7,63752.6,63757.7
1780619820,63757.7,63776.7,63669.3,63699.9
1780619880,63699.9,63735.6,63643.6,63720.9
1780619940,63720.9,63833.4,63719,63833.4
1780620000,63833.4,63833.4,63771.1,63773
1780620060,63773,63781.4,63700.1,63700.1
1780620120,63700.1,63711.1,63663.9,63667.9
1780620180,63667.9,63684.6,63646.9,63684.1
1780620240,63684.1,63709.8,63656.7,63662.4
1780620300,63662.4,63736,63617.3,63719.5
1780620360,63719.5,63761.3,63690.7,63754.4
1780620420,63754.4,63754.8,63716.2,63727.3
1780620480,63727.3,63771.5,63727.2,63739.9
1780620540,63739.9,63739.9,63702.7,63717
1780620600,63717,63717,63618.2,63630
1780620660,63630,63648.2,63592.5,63600.7
1780620720,63600.7,63604.6,63500,63500.1
1780620780,63500.1,63530.3,63475,63502.2
1780620840,63502.2,63541.5,63461.4,63489.1
1780620900,63489.1,63489.1,63455,63455
1780620960,63455,63465.6,63420.5,63447.4
1780621020,63447.4,63466.5,63405.2,63405.2
1780621080,63405.2,63445.1,63381.6,63381.6
1780621140,63381.6,63413.6,63354,63388
1780621200,63388,63388,63339.3,63365
1780621260,63365,63365,63185.7,63191.1
1780621320,63191.1,63235.1,63179,63179
1780621380,63179,63191.1,63091.2,63109.2
1780621440,63109.2,63148.9,63006.6,63032.5
1780621500,63032.5,63151.8,63032.5,63095.6
1780621560,63095.6,63148.1,63070,63146
1780621620,63146,63252.8,63146,63226.6
1780621680,63226.6,63226.6,63074.6,63091.1
1780621740,63091.1,63184.2,63078.1,63174.9
1780621800,63174.9,63196.8,63087.9,63116.4
1780621860,63116.4,63175.7,63111.9,63140.1
1780621920,63140.1,63261.5,63139.1,63256.6
1780621980,63256.6,63256.7,63184.4,63234.9
1780622040,63234.9,63330.3,63234.9,63322.6
1780622100,63322.6,63329.3,63219.8,63257.2
1780622160,63257.2,63300.1,63200.1,63294.3
1780622220,63294.3,63376.1,63250,63376.1
1780622280,63376.1,63388,63338.1,63379.5
1780622340,63379.5,63387.9,63292.5,63316.9
1780622400,63316.9,63317,63245.8,63259.8
1780622460,63259.8,63314.6,63248.3,63269
1780622520,63269,63269,63123.4,63142.7
1780622580,63142.7,63185.9,63100,63180.1
1780622640,63180.1,63282.2,63180,63282.2
1780622700,63282.2,63318.2,63222.6,63257.1
1780622760,63257.1,63312.5,63226.7,63226.7
1780622820,63226.7,63290.6,63225,63285.2
1780622880,63285.2,63310.9,63249.1,63278
1780622940,63278,63317.9,63267,63317.9
1780623000,63317.9,63538.5,63317.9,63465.9
1780623060,63465.9,63495.2,63414.5,63495.1
1780623120,63495.1,63495.1,63378,63397.3
1780623180,63397.3,63450,63377.1,63418.4
1780623240,63418.4,63418.5,63341.4,63376.8
1780623300,63376.8,63442.3,63353.7,63441.8
1780623360,63441.8,63480,63419.4,63423.9
1780623420,63423.9,63455.9,63400,63426.4
1780623480,63426.4,63426.4,63225.2,63260.3
1780623540,63260.3,63293.1,63250,63270.9
1780623600,63270.9,63316.4,63255.8,63311.8
1780623660,63311.8,63321.9,63286.4,63303.6
1780623720,63303.6,63318.7,63250,63269.6
1780623780,63269.6,63347,63244.5,63347
1780623840,63347,63405.1,63319.6,63405.1
1780623900,63405.1,63409.2,63319.8,63323.3
1780623960,63323.3,63365,63300.9,63316.6
1780624020,63316.6,63345.9,63278.4,63338.4
1780624080,63338.4,63347.1,63268,63286.8
1780624140,63286.8,63306.1,63268.1,63286.8
1780624200,63286.8,63286.8,63213.4,63213.4
1780624260,63213.4,63299.1,63207.6,63270.2
1780624320,63270.2,63312.9,63234.7,63266.2
1780624380,63266.2,63312.1,63263.2,63301.1
1780624440,63301.1,63320.7,63273.3,63303.5
1780624500,63303.5,63336.7,63247.3,63326.8
1780624560,63326.8,63421.9,63316.5,63374
1780624620,63374,63421.2,63345.2,63345.7
1780624680,63345.7,63373,63297.1,63364.7
1780624740,63364.7,63369.3,63339.3,63340.7
1780624800,63340.7,63414.9,63311.5,63332.2
1780624860,63332.2,63395.7,63247.3,63256
1780624920,63256,63300.1,63205.9,63268
1780624980,63268,63363.9,63265.4,63334.3
1780625040,63334.3,63334.3,63268.9,63299.7
1780625100,63299.7,63306.4,63229,63244.1
1780625160,63244.1,63260.5,63208.4,63248.4
1780625220,63248.4,63291.9,63152,63185.2
1780625280,63185.2,63225.8,63160,63160
1780625340,63160,63233.5,63156.8,63199.9
1780625400,63199.9,63249.2,63175.6,63238.7
1780625460,63238.7,63244.9,63200.1,63211
1780625520,63211,63243.6,63193.2,63231.2
1780625580,63231.2,63244.7,63153.2,63175.6
1780625640,63175.6,63175.6,63135.5,63138.1
1780625700,63138.1,63230.7,63136.2,63187.9
1780625760,63187.9,63243.9,63156.8,63156.8
1780625820,63156.8,63229.9,63114,63227.3
1780625880,63227.3,63239.9,63064.6,63064.6
1780625940,63064.6,63072.7,62965.3,62989.6
1780626000,62989.6,63036.3,62850,62856.4
1780626060,62856.4,62942.4,62774.1,62839.4
1780626120,62839.4,62850.5,62724.4,62773.5
1780626180,62773.5,62880.5,62773.5,62858.9
1780626240,62858.9,62892.6,62802,62891.7
1780626300,62891.7,62902.7,62790.5,62806
1780626360,62806,62876.6,62801.5,62817.4
1780626420,62817.4,62847.1,62726,62779.7
1780626480,62779.7,62786,62727.6,62744
1780626540,62744,62761.6,62667.9,62671.4
1780626600,62671.4,62692.5,62576.8,62642.9
1780626660,62642.9,62776.2,62642.9,62761.7
1780626720,62761.7,62794.1,62720,62794
1780626780,62794,62807.5,62708.8,62744.9
1780626840,62744.9,62833.9,62742.5,62789.7
1780626900,62789.7,62886.7,62773.2,62886.5
1780626960,62886.5,62907.7,62786.4,62799.3
1780627020,62799.3,62918.8,62794.8,62917.5
1780627080,62917.5,62933,62855.7,62862
1780627140,62862,62891.7,62855.7,62867.3
1780627200,62867.3,62890.7,62829.3,62883.9
1780627260,62883.9,62921.8,62821.4,62840.8
1780627320,62840.8,62849,62665,62665.2
1780627380,62665.2,62691.6,62558,62690.8
1780627440,62690.8,62784.7,62690.8,62706.4
1780627500,62706.4,62829.1,62698.2,62816
1780627560,62816,62837,62721.4,62721.5
1780627620,62721.5,62748.8,62644.7,62691.4
1780627680,62691.4,62724.3,62671.3,62700.1
1780627740,62700.1,62726.4,62680.9,62708.8
1780627800,62708.8,62782.8,62671.4,62763
1780627860,62763,62782.2,62721.6,62725
1780627920,62725,62735.5,62690.2,62730.7
1780627980,62730.7,62749.7,62714.9,62720.4
1780628040,62720.4,62726.1,62594.5,62598.9
1780628100,62598.9,62667,62598.9,62631.9
1780628160,62631.9,62665.7,62590.8,62641.7
1780628220,62641.7,62686.9,62641.7,62651.6
1780628280,62651.6,62651.6,62562.5,62572.8
1780628340,62572.8,62599.9,62561.2,62586.6
1780628400,62586.6,62624.6,62560,62597.8
1780628460,62597.8,62597.8,62471.1,62475.5
1780628520,62475.5,62492,62437,62471.8
1780628580,62471.8,62588.9,62471.8,62524.4
1780628640,62524.4,62573.1,62500,62562.8
1780628700,62562.8,62562.8,62403.7,62451.8
1780628760,62451.8,62508.6,62302.2,62352.8
1780628820,62352.8,62431.8,62345.4,62353
1780628880,62353,62408.1,62340,62353
1780628940,62353,62394.7,62351.6,62376.6
1780629000,62376.6,62396.9,62347.3,62376.4
1780629060,62376.4,62386.4,62297.6,62336.1
1780629120,62336.1,62376.1,62315.3,62363.9
1780629180,62363.9,62397.6,62322,62359.9
1780629240,62359.9,62365.7,62327.3,62341.4
1780629300,62341.4,62423.4,62341.4,62417.4
1780629360,62417.4,62560.5,62411.1,62517.7
1780629420,62517.7,62669.5,62517.7,62669.5
1780629480,62669.5,62786.2,62669.5,62765.8
1780629540,62765.8,62787.7,62700.1,62734.8
1780629600,62734.8,62749.8,62603.1,62603.1
1780629660,62603.1,62639.7,62547.3,62547.3
1780629720,62547.3,62567.4,62502.1,62553.5
1780629780,62553.5,62665.5,62552.1,62614
1780629840,62614,62625.3,62577.5,62623.6
1780629900,62623.6,62639.6,62576.3,62609.7
1780629960,62609.7,62619.6,62533.3,62541.3
1780630020,62541.3,62589.7,62516,62541.4
1780630080,62541.4,62555.5,62489.3,62516.1
1780630140,62516.1,62568.6,62516.1,62562.2
1780630200,62562.2,62717,62562.2,62682.4
1780630260,62682.4,62820.2,62675.9,62780.3
1780630320,62780.3,62854.4,62780.3,62820.5
1780630380,62820.5,62836,62739,62765.2
1780630440,62765.2,62809.6,62753.9,62783.6
1780630500,62783.6,62789.7,62697.6,62740.8
1780630560,62740.8,62747.5,62675.6,62681.9
1780630620,62681.9,62719.9,62610.3,62628.8
1780630680,62628.8,62644.4,62614.7,62614.7
1780630740,62614.7,62700,62614.7,62700
1780630800,62700,62730,62661.6,62664.3
1780630860,62664.3,62664.3,62587.5,62603
1780630920,62603,62620.2,62565.9,62583
1780630980,62583,62598.2,62541.7,62584.7
1780631040,62584.7,62647.9,62584.6,62630.4
1780631100,62630.4,62709.7,62615.3,62709
1780631160,62709,62770.3,62681.2,62768.2
1780631220,62768.2,62786.8,62716.6,62759.6
1780631280,62759.6,62790.7,62737.9,62749.3
1780631340,62749.3,62780,62746.2,62759
1780631400,62759,62825.5,62728.9,62752.7
1780631460,62752.7,62786.8,62738,62765.9
1780631520,62765.9,62771.1,62727.6,62727.6
1780631580,62727.6,62754.1,62650.7,62658.8
1780631640,62658.8,62731.4,62654.7,62730.3
1780631700,62730.3,62773.7,62694.5,62773.7
1780631760,62773.7,62785.7,62748.4,62751.1
1780631820,62751.1,62773.3,62714.5,62714.5
1780631880,62714.5,62714.5,62664,62683.1
1780631940,62683.1,62699,62650,62695.3
1780632000,62695.3,62723,62650,62650
1780632060,62650,62673.4,62596.2,62602.5
1780632120,62602.5,62630,62554.7,62563
1780632180,62563,62573.4,62519.1,62520.3
1780632240,62520.3,62640,62444.4,62593.3
1780632300,62593.3,62618.4,62558.2,62608
1780632360,62608,62812.5,62608,62787.7
1780632420,62787.7,62916.4,62787.7,62891.7
1780632480,62891.7,62946.3,62841,62844.4
1780632540,62844.4,62898.6,62806.3,62890
1780632600,62890,62899.2,62834.4,62834.4
1780632660,62834.4,62834.5,62724.1,62810.3
1780632720,62810.3,62875.8,62768.1,62778.1
1780632780,62778.1,62815.7,62775.7,62789.2
1780632840,62789.2,62839.8,62772.1,62839.8
1780632900,62839.8,62853,62780.6,62784.5
1780632960,62784.5,62819.4,62720,62723.5
1780633020,62723.5,62778.3,62712.1,62720.3
1780633080,62720.3,62720.3,62616,62683
1780633140,62683,62703.5,62644.2,62662.8
1780633200,62662.8,62678.3,62620.1,62662.3
1780633260,62662.3,62712.2,62662,62703.6
1780633320,62703.6,62776.6,62695.8,62718.6
1780633380,62718.6,62776.8,62713.9,62752.4
1780633440,62752.4,62816.8,62752.3,62793.8
1780633500,62793.8,63054.7,62793.7,63051.4
1780633560,63051.4,63181.7,63026.9,63139.3
1780633620,63139.3,63163.9,63083.8,63113.1
1780633680,63113.1,63181.5,63094.4,63181.5
1780633740,63181.5,63236.4,63155.5,63205
1780633800,63205,63205,63013.5,63027
1780633860,63027,63045.7,62985.9,62995.7
1780633920,62995.7,63075.2,62995.6,63059.4
1780633980,63059.4,63086.4,63026.1,63026.1
1780634040,63026.1,63076.9,63016.7,63076.9
1780634100,63076.9,63137.6,63044.3,63137.6
1780634160,63137.6,63192.2,63069.3,63077.7
1780634220,63077.7,63126.5,63050,63106.3
1780634280,63106.3,63125.7,63066.4,63111
1780634340,63111,63111,63035.8,63080.8
1780634400,63080.8,63082.2,63013.5,63066
1780634460,63066,63077.9,63025.5,63025.5
1780634520,63025.5,63045.6,62989.7,63006.9
1780634580,63006.9,63006.9,62948.6,62961.8
1780634640,62961.8,62989.6,62961.8,62986.9
1780634700,62986.9,63032.3,62969.8,63027
1780634760,63027,63033.8,62863.9,62863.9
1780634820,62863.9,62877.3,62828.9,62855.7
1780634880,62855.7,62877.6,62809.6,62820.9
1780634940,62820.9,62940.6,62820.8,62934.9
1780635000,62934.9,63110.8,62934.2,63098.9
1780635060,63098.9,63133.2,63058.9,63089.7
1780635120,63089.7,63137,63089.7,63136.9
1780635180,63136.9,63152.5,63088.4,63136.9
1780635240,63136.9,63288.6,63136.9,63280.9
1780635300,63280.9,63281.4,63204.4,63211.6
1780635360,63211.6,63248.9,63171.6,63173.8
1780635420,63173.8,63216.5,63173.8,63215.9
1780635480,63215.9,63571.5,63215.9,63540.7
1780635540,63540.7,63615.6,63538.6,63585
1780635600,63585,63684.4,63472.1,63472.1
1780635660,63472.1,63507.9,63410.9,63506.3
1780635720,63506.3,63514.9,63440,63471.5
1780635780,63471.5,63471.5,63370.4,63403.4
1780635840,63403.4,63426.3,63376,63384.8
1780635900,63384.8,63480,63369.1,63473.4
1780635960,63473.4,63515,63421.2,63462.3
1780636020,63462.3,63496.8,63439.4,63439.8
1780636080,63439.8,63462.1,63359.1,63366.2
1780636140,63366.2,63386,63319.6,63363.2
1780636200,63363.2,63433.4,63348.7,63433.4
1780636260,63433.4,63449.9,63406.2,63406.4
1780636320,63406.4,63412.5,63327.4,63327.4
1780636380,63327.4,63343.2,63310.9,63313.5
1780636440,63313.5,63361.4,63300.4,63346.1
1780636500,63346.1,63379.3,63320,63320.1
1780636560,63320.1,63320.1,63251,63279.2
1780636620,63279.2,63315.2,63264.3,63267.5
1780636680,63267.5,63306.3,63234.3,63290
1780636740,63290,63325.8,63278.4,63292.1
1780636800,63292.1,63342.5,63292.1,63339.8
1780636860,63339.8,63491.8,63338.5,63396.3
1780636920,63396.3,63417.3,63318.4,63352.7
1780636980,63352.7,63405.3,63352.7,63375.4
1780637040,63375.4,63383.5,63335.9,63357.1
1780637100,63357.1,63416.9,63338.1,63405.1
1780637160,63405.1,63434.3,63388.3,63434.3
1780637220,63434.3,63536.7,63420.1,63491.4
1780637280,63491.4,63518.5,63453.1,63457.9
1780637340,63457.9,63484.2,63432.2,63477.8
1780637400,63477.8,63528.3,63464.1,63496.2
1780637460,63496.2,63527.2,63457.4,63459
1780637520,63459,63459,63400.3,63424.3
1780637580,63424.3,63477.1,63338.5,63349.4
1780637640,63349.4,63360,63302.1,63312.7
1780637700,63312.7,63325.4,63183.1,63183.1
1780637760,63183.1,63272.8,63160.1,63187.2
1780637820,63187.2,63210.3,63049.5,63097.5
1780637880,63097.5,63149.3,63064.5,63095
1780637940,63095,63169,63095,63135.1
1780638000,63135.1,63193,63104.5,63134.6
1780638060,63134.6,63134.6,62966,62985.7
1780638120,62985.7,63016.8,62943.3,62982.4
1780638180,62982.4,63029.3,62888,62904.2
1780638240,62904.2,62911.5,62850,62860.1
1780638300,62860.1,62912.4,62758.3,62765
1780638360,62765,62803.3,62683.5,62693.6
1780638420,62693.6,62718.6,62579.7,62685.7
1780638480,62685.7,62825.7,62673.8,62768.4
1780638540,62768.4,62805.6,62743.2,62748.5
1780638600,62748.5,62821.2,62721.1,62808.3
1780638660,62808.3,62881.7,62794.8,62881.7
1780638720,62881.7,62942,62850,62850.1
1780638780,62850.1,62852,62667.3,62712
1780638840,62712,62784.4,62650,62677
1780638900,62677,62750,62610.1,62632.5
1780638960,62632.5,62677.8,62570.8,62598.8
1780639020,62598.8,62662.8,62385.7,62401
1780639080,62401,62472.6,62341,62367.5
1780639140,62367.5,62370,62222.2,62293.5
1780639200,62293.5,62312.5,62176.7,62198.5
1780639260,62198.5,62423.1,62138,62360.7
1780639320,62360.7,62437.1,62218.5,62227
1780639380,62227,62238,61950.1,62004.6
1780639440,62004.6,62223.7,62004.5,62137.4
1780639500,62137.4,62398.9,62126.4,62314.2
1780639560,62314.2,62549,62279.7,62510
1780639620,62510,62598.9,62478.7,62557.9
1780639680,62557.9,62605.5,62509.9,62547.6
1780639740,62547.6,62563.8,62400.4,62404.9
1780639800,62404.9,62455.6,62351.9,62435.5
1780639860,62435.5,62508.3,62344.9,62360.4
1780639920,62360.4,62435.2,62257.6,62270.9
1780639980,62270.9,62298.2,62135.3,62135.3
1780640040,62135.3,62173.4,62044,62052.4
1780640100,62052.4,62235.7,61976.8,62011.3
1780640160,62011.3,62062.5,61866.4,61895.4
1780640220,61895.4,61996.8,61855.3,61954
1780640280,61954,62045.7,61814.5,61852.6
1780640340,61852.6,61893.2,61767.9,61793.1
1780640400,61793.1,61935.2,61577.8,61595.7
1780640460,61595.7,61666.1,61464.6,61509.8
1780640520,61509.8,61515.1,61279.3,61298
1780640580,61298,61527.8,61209.9,61338.9
1780640640,61338.9,61463.8,61076.6,61420.5
1780640700,61420.5,61559.5,61300,61362
1780640760,61362,61569.3,61362,61468.6
1780640820,61468.6,61718.8,61432.1,61646.3
1780640880,61646.3,61750.2,61642.8,61675.9
1780640940,61675.9,61682.7,61526.8,61644.4
1780641000,61644.4,61808,61605.8,61655
1780641060,61655,61810.7,61639.4,61791.8
1780641120,61791.8,61919.1,61779.8,61850.1
1780641180,61850.1,61969,61786.4,61921.7
1780641240,61921.7,61950.5,61676.1,61678.1
1780641300,61678.1,61729.4,61619.7,61726.3
1780641360,61726.3,61927.2,61726.3,61892.8
1780641420,61892.8,61892.8,61659.1,61676.1
1780641480,61676.1,61799.7,61667.5,61772.1
1780641540,61772.1,61892.2,61750,61779.5
1780641600,61779.5,61881.5,61760.2,61832.5
1780641660,61832.5,61882.7,61764.7,61813
1780641720,61813,61884.6,61769.6,61769.7
1780641780,61769.7,61899.9,61671.4,61879.2
1780641840,61879.2,62176.2,61879.2,62121.8
1780641900,62121.8,62176.7,61969.4,61995.6
1780641960,61995.6,61995.6,61846.1,61892.6
1780642020,61892.6,62014.9,61875.1,61996.7
1780642080,61996.7,62071.5,61937.1,61943.3
1780642140,61943.3,61944.9,61834.3,61866.4
1780642200,61866.4,61866.4,61747.3,61828.5
1780642260,61828.5,61931.4,61783.7,61800
1780642320,61800,61849.7,61775.4,61831.1
1780642380,61831.1,61945.9,61800.1,61943.3
1780642440,61943.3,61999.9,61923.7,61958.5
1780642500,61958.5,62024.3,61932.5,61950.3
1780642560,61950.3,61984,61886.8,61886.8
1780642620,61886.8,61959.4,61882,61959.3
1780642680,61959.3,61996.6,61847.6,61907
1780642740,61907,61925.4,61847.5,61917.9
1780642800,61917.9,61950.9,61853.4,61874.8
1780642860,61874.8,61892,61681.5,61718.1
1780642920,61718.1,61739.9,61588.1,61623
1780642980,61623,61754.4,61562.8,61737.6
1780643040,61737.6,61737.6,61632.1,61648.6
1780643100,61648.6,61690,61584.4,61602.3
1780643160,61602.3,61625.2,61447.4,61472.2
1780643220,61472.2,61525.7,61373.6,61507.2
1780643280,61507.2,61654,61492.8,61529.1
1780643340,61529.1,61604.4,61500,61509
1780643400,61509,61652,61436.8,61470
1780643460,61470,61503.5,61407.1,61420
1780643520,61420,61541.6,61340.2,61536.3
1780643580,61536.3,61560,61470.5,61505.4
1780643640,61505.4,61527.1,61444.6,61457.9
1780643700,61457.9,61632.4,61454.8,61566.2
1780643760,61566.2,61685.9,61566.2,61685.9
1780643820,61685.9,61695.2,61541.2,61667.3
1780643880,61667.3,61773.1,61625.6,61625.7
1780643940,61625.7,61700,61590.1,61629.1
1780644000,61629.1,61674.3,61563.7,61609.2
1780644060,61609.2,61769,61592.3,61769
1780644120,61769,61784,61714.8,61752.5
1780644180,61752.5,61916.4,61741.9,61893.3
1780644240,61893.3,62009.6,61795.1,61809.5
1780644300,61809.5,61873.6,61747.9,61827
1780644360,61827,62059,61827,62044.6
1780644420,62044.6,62257.6,62044.3,62219.7
1780644480,62219.7,62336,62198.3,62216.6
1780644540,62216.6,62232.5,62146.2,62217.7
1780644600,62217.7,62400,62178.2,62336.6
1780644660,62336.6,62336.6,62154.6,62154.6
1780644720,62154.6,62325.1,62154.6,62289
1780644780,62289,62502.9,62255.7,62475.9
1780644840,62475.9,62476,62395.2,62404.1
1780644900,62404.1,62522.5,62395.2,62522.5
1780644960,62522.5,62666.6,62470.9,62502.3
1780645020,62502.3,62777,62502.3,62767.2
1780645080,62767.2,62799.9,62719.5,62769.7
1780645140,62769.7,62797.1,62656,62736.5
1780645200,62736.5,62764.6,62645.2,62741.6
1780645260,62741.6,62848.2,62741.6,62848.2
1780645320,62848.2,62870.2,62784.3,62814.1
1780645380,62814.1,62860,62772.7,62841.7
1780645440,62841.7,62854.2,62743.8,62854.2
1780645500,62854.2,62881.9,62799,62873.9
1780645560,62873.9,62965,62750,62750
1780645620,62750,62889.5,62715.4,62889.5
1780645680,62889.5,62946.2,62855.5,62921.4
1780645740,62921.4,62921.4,62810,62824.8
1780645800,62824.8,62849.2,62759.6,62794.5
1780645860,62794.5,62919.6,62779.2,62890.7
1780645920,62890.7,62950,62850.2,62892.7
1780645980,62892.7,62901.4,62794.4,62837.5
1780646040,62837.5,62927.9,62837.5,62903.2
1780646100,62903.2,62923.2,62800.5,62826
1780646160,62826,62891.9,62807.3,62831.1
1780646220,62831.1,62923.9,62813.1,62923.8
1780646280,62923.8,62978.2,62897.1,62960.4
1780646340,62960.4,63087.9,62951.9,63080.1
1780646400,63080.1,63091.2,63000.6,63054.1
1780646460,63054.1,63083.4,62994.4,63021.7
1780646520,63021.7,63032.8,62921.7,62934.8
1780646580,62934.8,62960.6,62893.2,62921.7
1780646640,62921.7,62925.5,62829.7,62837
1780646700,62837,62879.9,62780.3,62867
1780646760,62867,62952.9,62844.8,62916.6
1780646820,62916.6,62918.5,62802.3,62841.6
1780646880,62841.6,62855.3,62733.8,62733.8
1780646940,62733.8,62780.3,62693.3,62734.9
1780647000,62734.9,62773.7,62674.6,62677.4
1780647060,62677.4,62765.9,62677.4,62750.9
1780647120,62750.9,62757.9,62715.5,62750
1780647180,62750,62773.2,62733.1,62749.1
1780647240,62749.1,62793.4,62717.5,62780.8
1780647300,62780.8,62789.5,62630,62630
1780647360,62630,62733.7,62589.2,62721.8
1780647420,62721.8,62721.8,62552.8,62552.8
1780647480,62552.8,62624.2,62552.7,62598.7
1780647540,62598.7,62639,62575,62614.7
1780647600,62614.7,62663.1,62589.5,62623.5
1780647660,62623.5,62684,62586.4,62683.9
1780647720,62683.9,62748.8,62641.2,62672.7
1780647780,62672.7,62707.2,62646.1,62675.2
1780647840,62675.2,62699.5,62639.7,62672.3
1780647900,62672.3,62699.5,62650.4,62651.3
1780647960,62651.3,62686.2,62640.8,62686.2
1780648020,62686.2,62844.5,62677.1,62818.3
1780648080,62818.3,62826.6,62739.7,62776.1
1780648140,62776.1,62823.2,62759.5,62782.6
1780648200,62782.6,62812.5,62705.4,62768.9
1780648260,62768.9,62876.7,62758.7,62860.7
1780648320,62860.7,62911.5,62771.2,62771.2
1780648380,62771.2,62771.2,62662.6,62678.8
1780648440,62678.8,62704.6,62649,62662.5
1780648500,62662.5,62725.3,62653,62701.3
1780648560,62701.3,62705.4,62614.5,62614.5
1780648620,62614.5,62619.5,62546.5,62569.5
1780648680,62569.5,62605.4,62500,62500.3
1780648740,62500.3,62550.7,62488.5,62497.3
1780648800,62497.3,62552.1,62484.2,62552.1
1780648860,62552.1,62650,62536.7,62641.7
1780648920,62641.7,62682,62614.3,62624.3
1780648980,62624.3,62624.4,62546.9,62556.6
1780649040,62556.6,62557.7,62500.4,62500.4
1780649100,62500.4,62531.9,62462.4,62491.9
1780649160,62491.9,62502.5,62455.2,62484.5
1780649220,62484.5,62519.6,62469.6,62515.9
1780649280,62515.9,62580,62515.9,62540.9
1780649340,62540.9,62576.7,62538.4,62561.8
1780649400,62561.8,62561.8,62504.2,62512.2
1780649460,62512.2,62518.3,62453.5,62453.5
1780649520,62453.5,62473.6,62404.7,62447.2
1780649580,62447.2,62447.2,62351.5,62362.9
1780649640,62362.9,62441,62340,62361.4
1780649700,62361.4,62361.4,62245.7,62296
1780649760,62296,62435.4,62290,62435.4
1780649820,62435.4,62470.9,62388.4,62408.9
1780649880,62408.9,62442.6,62400.1,62432.5
1780649940,62432.5,62443.1,62409,62432
1780650000,62432,62534.5,62406.2,62455.9
1780650060,62455.9,62494.8,62455.9,62494.8
1780650120,62494.8,62624,62482.1,62588.6
1780650180,62588.6,62635,62524.8,62555
1780650240,62555,62617.5,62457.2,62517.9
1780650300,62517.9,62550,62472.9,62540.5
1780650360,62540.5,62607.9,62533.8,62606.6
1780650420,62606.6,62660.1,62583.2,62624.4
1780650480,62624.4,62624.4,62542.9,62620
1780650540,62620,62758.3,62619.9,62711.8
1780650600,62711.8,62746.2,62694.2,62737.9
1780650660,62737.9,62758.3,62703.5,62709.2
1780650720,62709.2,62714.2,62613.7,62613.7
1780650780,62613.7,63004.7,62591.7,62973.5
1780650840,62973.5,63079,62936,63067.6
1780650900,63067.6,63268.5,63055,63089.2
1780650960,63089.2,63120,62961,63098.6
1780651020,63098.6,63152.6,62959.8,62966.1
1780651080,62966.1,63006.8,62908.7,62979.3
1780651140,62979.3,63060.5,62924.8,62927.4
1780651200,62927.4,62963.5,62870.3,62953.3
1780651260,62953.3,62999,62938.2,62960.1
1780651320,62960.1,63033.1,62895.5,63014.4
1780651380,63014.4,63058.8,63003.1,63031.4
1780651440,63031.4,63039.5,63000,63007.9
1780651500,63007.9,63100,63007.9,63022
1780651560,63022,63037.9,62970.5,63037.9
1780651620,63037.9,63062.7,62970.6,63029.9
1780651680,63029.9,63119.6,63029.9,63094.9
1780651740,63094.9,63111,63058.7,63090.9
1780651800,63090.9,63100,63000,63008
1780651860,63008,63054.3,62905.1,62913
1780651920,62913,63012.2,62901.9,62947.3
1780651980,62947.3,62999.9,62934.4,62964.4
1780652040,62964.4,63012.4,62934.1,62983.5
1780652100,62983.5,63042.7,62959.5,62968
1780652160,62968,62968,62920.9,62920.9
1780652220,62920.9,62936.7,62874.4,62901.6
1780652280,62901.6,62952.5,62849.1,62867.6
1780652340,62867.6,62867.6,62772.8,62780.5
1780652400,62780.5,62787.3,62753,62776.4
1780652460,62776.4,62821.1,62742.1,62742.1
1780652520,62742.1,62816.9,62742.1,62798.2
1780652580,62798.2,62803.1,62748.4,62781
1780652640,62781,62800,62756.1,62787.9
1780652700,62787.9,62873.3,62780.9,62855
1780652760,62855,62898.3,62839.4,62867.2
1780652820,62867.2,62867.2,62816.9,62855
1780652880,62855,62869,62803.8,62852.3
1780652940,62852.3,62857.7,62803.7,62803.7
1780653000,62803.7,62855.9,62770.3,62847.8
1780653060,62847.8,62935.1,62847.6,62920.5
1780653120,62920.5,62975.5,62897.8,62897.8
1780653180,62897.8,62910.8,62813.3,62823.7
1780653240,62823.7,62856.2,62813.4,62834.7
1780653300,62834.7,62881.5,62824.4,62828.4
1780653360,62828.4,62841.3,62803.4,62835.3
1780653420,62835.3,62841.8,62805.6,62819.8
1780653480,62819.8,62822.6,62780,62801.6
1780653540,62801.6,62847.3,62781,62830.5
1780653600,62830.5,62907.7,62808.1,62890.9
1780653660,62890.9,62910.8,62852.3,62869
1780653720,62869,62901.1,62747.8,62777.5
1780653780,62777.5,62862.7,62771.9,62800
1780653840,62800,62821.2,62762.7,62795.2
1780653900,62795.2,62813.1,62700.9,62720.2
1780653960,62720.2,62735.7,62651.8,62655.9
1780654020,62655.9,62685.2,62632.5,62638.9
1780654080,62638.9,62697.8,62634.3,62681.8
1780654140,62681.8,62724.6,62643.3,62643.3
1780654200,62643.3,62686.7,62615,62636
1780654260,62636,62784.3,62618.3,62715.2
1780654320,62715.2,62735,62680.1,62718
1780654380,62718,62771.9,62718,62738.7
1780654440,62738.7,62740.1,62692.9,62722.6
1780654500,62722.6,62722.7,62646.1,62646.1
1780654560,62646.1,62659.1,62587.3,62606.1
1780654620,62606.1,62606.1,62559.3,62575.4
1780654680,62575.4,62592.5,62536.2,62554.1
1780654740,62554.1,62566.9,62514.8,62546.5
1780654800,62546.5,62579,62526.6,62553.6
1780654860,62553.6,62607.6,62553.5,62595.5
1780654920,62595.5,62603.1,62555.4,62567.7
1780654980,62567.7,62587.1,62470.9,62525.3
1780655040,62525.3,62539.2,62509.2,62516.1
1780655100,62516.1,62586,62516.1,62550.7
1780655160,62550.7,62567.2,62515,62538
1780655220,62538,62556.6,62507.3,62540
1780655280,62540,62540.1,62513,62528.6
1780655340,62528.6,62608.3,62528.6,62551.6
1780655400,62551.6,62625.8,62551.5,62605.8
1780655460,62605.8,62616.6,62547.4,62567.8
1780655520,62567.8,62612,62536.4,62605.5
1780655580,62605.5,62629.8,62539,62563.8
1780655640,62563.8,62573.6,62537.3,62537.4
1780655700,62537.4,62559.9,62500,62517.8
1780655760,62517.8,62532.6,62404.2,62431.8
1780655820,62431.8,62449.7,62384.5,62429.3
1780655880,62429.3,62433,62349.7,62376.6
1780655940,62376.6,62414,62350,62359.4
1780656000,62359.4,62412.8,62359.2,62412.8
1780656060,62412.8,62425.7,62372.2,62380.7
1780656120,62380.7,62416.7,62372,62408.9
1780656180,62408.9,62548.5,62408.9,62545.4
1780656240,62545.4,62690.8,62544.2,62653.4
1780656300,62653.4,62653.4,62560,62579.9
1780656360,62579.9,62620.4,62560,62611.8
1780656420,62611.8,62624,62570.6,62578.5
1780656480,62578.5,62589.8,62516.5,62529.2
1780656540,62529.2,62576.1,62524.9,62576
1780656600,62576,62589.7,62557.5,62559.9
1780656660,62559.9,62571.8,62517,62541.4
1780656720,62541.4,62552.3,62418.4,62450
1780656780,62450,62495.3,62418.6,62482.1
1780656840,62482.1,62522.6,62464.9,62522.6
1780656900,62522.6,62526.2,62459.5,62474.6
1780656960,62474.6,62491.5,62465.4,62479.3
1780657020,62479.3,62513,62479.3,62512.1
1780657080,62512.1,62549.2,62491.1,62513.8
1780657140,62513.8,62544.2,62507.4,62512.8
1780657200,62512.8,62519.3,62452.6,62460
1780657260,62460,62460.1,62364.2,62393.9
1780657320,62393.9,62425.3,62361.3,62425.3
1780657380,62425.3,62425.3,62330.3,62334.2
1780657440,62334.2,62380.9,62315.9,62380.8
1780657500,62380.8,62462.4,62370.5,62374
1780657560,62374,62422.7,62360.9,62374.5
1780657620,62374.5,62413.6,62343,62387.1
1780657680,62387.1,62387.1,62317,62326.8
1780657740,62326.8,62337.6,62276.7,62295.4
1780657800,62295.4,62322.3,62229.8,62279.6
1780657860,62279.6,62357,62250.2,62356.9
1780657920,62356.9,62358.3,62304.7,62310.5
1780657980,62310.5,62331.1,62287.6,62287.6
1780658040,62287.6,62315.5,62287.6,62293.5
1780658100,62293.5,62303.2,62210.5,62220.3
1780658160,62220.3,62319.6,62214.6,62308
1780658220,62308,62399.9,62304.7,62379
1780658280,62379,62456.3,62379,62449
1780658340,62449,62476.2,62416,62473
1780658400,62473,62497.1,62409.5,62497.1
1780658460,62497.1,62499.1,62443.9,62459.2
1780658520,62459.2,62584.6,62447.1,62577.9
1780658580,62577.9,62621,62500,62500
1780658640,62500,62503.9,62293.8,62318.6
1780658700,62318.6,62367.6,62304.5,62356.2
1780658760,62356.2,62389,62301,62372
1780658820,62372,62432.5,62370.3,62420.8
1780658880,62420.8,62491,62419.9,62430.1
1780658940,62430.1,62461.7,62419.1,62447
1780659000,62447,62499.5,62425.1,62481.6
1780659060,62481.6,62482,62335.1,62336.3
1780659120,62336.3,62346.5,62250.4,62287.6
1780659180,62287.6,62350.1,62257.4,62335.3
1780659240,62335.3,62365,62309,62329.5
1780659300,62329.5,62350,62312,62343
1780659360,62343,62343,62254.2,62286.5
1780659420,62286.5,62295.1,62226.3,62268.3
1780659480,62268.3,62294.4,62240,62279.5
1780659540,62279.5,62287.6,62215.7,62266.5
1780659600,62266.5,62279,62172.5,62205.4
1780659660,62205.4,62213.2,62165.5,62183.3
1780659720,62183.3,62215,62165.2,62176.9
1780659780,62176.9,62189.6,62148.6,62150.5
1780659840,62150.5,62150.5,62078.4,62083
1780659900,62083,62103,61965,62009.8
1780659960,62009.8,62178.3,62009.8,62160.4
1780660020,62160.4,62178.4,62128,62129.5
1780660080,62129.5,62232.7,62129.4,62207
1780660140,62207,62207,62107.9,62161.3
1780660200,62161.3,62195.8,62147.6,62183.2
1780660260,62183.2,62193.9,62099.3,62164
1780660320,62164,62198,62101.5,62114.9
1780660380,62114.9,62114.9,62062.6,62073.9
1780660440,62073.9,62078.7,61959.7,61966.8
1780660500,61966.8,62035.3,61966.8,62019.6
1780660560,62019.6,62066.1,62019.5,62048.6
1780660620,62048.6,62050,61996.6,62009.3
1780660680,62009.3,62055.8,61999.1,62002.2
1780660740,62002.2,62002.2,61925.2,61925.2
1780660800,61925.2,61953.4,61844,61912.6
1780660860,61912.6,61915,61692.2,61705.5
1780660920,61705.5,61800,61668.5,61790.4
1780660980,61790.4,61838.7,61630.7,61655
1780661040,61655,61672.9,61608.3,61618.2
1780661100,61618.2,61796.3,61618.1,61795.7
1780661160,61795.7,62120,61776.7,62112.6
1780661220,62112.6,62163.4,62068.5,62095.1
1780661280,62095.1,62150,62037.4,62053
1780661340,62053,62073.8,61992.8,62015.6
1780661400,62015.6,62172.1,61996.8,62172
1780661460,62172,62260.8,62091,62091
1780661520,62091,62127,62063.8,62103.1
1780661580,62103.1,62188.3,62089.5,62161.8
1780661640,62161.8,62168.1,62115.7,62123.8
1780661700,62123.8,62234.6,62123.7,62217.4
1780661760,62217.4,62217.4,62125.2,62198.5
1780661820,62198.5,62254.7,62171.7,62243.4
1780661880,62243.4,62331,62200.8,62290.4
1780661940,62290.4,62356.6,62281.3,62302.8
1780662000,62302.8,62337,62183.9,62215
1780662060,62215,62235.3,62175.4,62175.4
1780662120,62175.4,62252.6,62129.6,62251.2
1780662180,62251.2,62335.3,62229.1,62335.3
1780662240,62335.3,62430,62292.6,62350.2
1780662300,62350.2,62350.2,62232.7,62278.1
1780662360,62278.1,62299.9,62239,62265
1780662420,62265,62265,62181.2,62182.6
1780662480,62182.6,62223.5,62136.1,62164.4
1780662540,62164.4,62226.2,62121.7,62190.8
1780662600,62190.8,62384.6,62026.3,62034.2
1780662660,62034.2,62034.2,61769.9,61862.5
1780662720,61862.5,61953.2,61789,61919
1780662780,61919,61952.4,61800,61876
1780662840,61876,61934.9,61715.1,61715.1
1780662900,61715.1,61746.2,61656.6,61661.1
1780662960,61661.1,61758.5,61582,61750.5
1780663020,61750.5,61959.5,61736.9,61959.5
1780663080,61959.5,61972.7,61875.6,61953.2
1780663140,61953.2,62043.6,61878.5,61894.9
1780663200,61894.9,61924,61804.7,61897.7
1780663260,61897.7,62006.2,61897.7,61936.5
1780663320,61936.5,61938.8,61857.7,61890
1780663380,61890,62067.9,61867.6,62031
1780663440,62031,62035.9,61915.2,61943.3
1780663500,61943.3,62061.9,61943.3,61981
1780663560,61981,61981,61845.9,61915.9
1780663620,61915.9,61962.3,61857,61875.5
1780663680,61875.5,61993.4,61867.1,61975.8
1780663740,61975.8,61995.1,61930.4,61940.5
1780663800,61940.5,61965.7,61850,61867.2
1780663860,61867.2,61906,61828.2,61865
1780663920,61865,61986,61865,61959.2
1780663980,61959.2,62032.9,61906.1,61917
1780664040,61917,61929.6,61881.7,61896
1780664100,61896,61967.6,61850,61947
1780664160,61947,61992.6,61902.1,61959.2
1780664220,61959.2,61998.9,61914,61914
1780664280,61914,61977.3,61883.3,61931.8
1780664340,61931.8,61956.5,61900,61933
1780664400,61933,62021.9,61912.7,62005.2
1780664460,62005.2,62046.6,61975.3,62038.1
1780664520,62038.1,62043.2,61893.6,61893.6
1780664580,61893.6,62049,61885.4,62024.9
1780664640,62024.9,62068.3,61964.7,62043
1780664700,62043,62151.5,61996.9,62024
1780664760,62024,62028.7,61925.7,62003.9
1780664820,62003.9,62023.9,61969.1,61984.5
1780664880,61984.5,62021.5,61914,61914
1780664940,61914,61964.8,61900,61940.9
1780665000,61940.9,62015.6,61920.1,61968.1
1780665060,61968.1,61971.3,61888.5,61955.2
1780665120,61955.2,62029.6,61927.6,61935.6
1780665180,61935.6,62038.2,61925,62030.9
1780665240,62030.9,62052.5,61948.3,61956.5
1780665300,61956.5,61971.1,61886.9,61890.9
1780665360,61890.9,61949.4,61853.8,61899.3
1780665420,61899.3,61999.2,61878.1,61961.7
1780665480,61961.7,62067.9,61961.1,62067.9
1780665540,62067.9,62079.8,62021.7,62044.8
1780665600,62044.8,62276.7,62032,62262.9
1780665660,62262.9,62296.3,62167,62200.1
1780665720,62200.1,62200.1,62113.9,62161.3
1780665780,62161.3,62169.9,62053.3,62079.3
1780665840,62079.3,62155,62072.3,62097.9
1780665900,62097.9,62217.5,62072.9,62167.2
1780665960,62167.2,62216.1,62152.2,62156.5
1780666020,62156.5,62200,62114.5,62156.6
1780666080,62156.6,62202.1,62133.3,62139.2
1780666140,62139.2,62140.9,62081.4,62081.4
1780666200,62081.4,62081.4,61888.4,61904.4
1780666260,61904.4,62168.1,61870,62165.4
1780666320,62165.4,62221.3,62075.3,62117.2
1780666380,62117.2,62201.6,62104.8,62191.6
1780666440,62191.6,62313.4,62159.3,62159.4
1780666500,62159.4,62245.2,62103.2,62203.3
1780666560,62203.3,62203.3,62045.2,62077.2
1780666620,62077.2,62077.2,61900,61915.5
1780666680,61915.5,61954.8,61791.3,61791.3
1780666740,61791.3,61863.1,61755,61782.7
1780666800,61782.7,61843.6,61706,61740.2
1780666860,61740.2,61740.3,61646.5,61657.9
1780666920,61657.9,61748,61642.3,61682.5
1780666980,61682.5,61864.4,61681.4,61802.5
1780667040,61802.5,61826.4,61704.6,61809.8
1780667100,61809.8,61857.2,61691.8,61730.3
1780667160,61730.3,61846.7,61723.2,61789.3
1780667220,61789.3,61802.8,61647.7,61647.7
1780667280,61647.7,61647.7,61486,61516
1780667340,61516,61573.9,61200,61226.6
1780667400,61226.6,61358.9,61212.8,61272.8
1780667460,61272.8,61304.5,61084.9,61143.4
1780667520,61143.4,61247.4,61050.1,61121.9
1780667580,61121.9,61140.3,61055,61115.5
1780667640,61115.5,61210.4,61076.6,61200.8
1780667700,61200.8,61230.1,61037.1,61057.4
1780667760,61057.4,61100,60891.2,60907.3
1780667820,60907.3,60913.9,60730.9,60817
1780667880,60817,60848,60749.3,60754.2
1780667940,60754.2,60769.5,60685.6,60695.4
1780668000,60695.4,60915.2,60675.7,60906.8
1780668060,60906.8,60914.9,60642.2,60739.4
1780668120,60739.4,60982.9,60739.3,60825.3
1780668180,60825.3,60825.3,60650.6,60670
1780668240,60670,60680.8,60519.9,60569.1
1780668300,60569.1,60700,60565.3,60595.6
1780668360,60595.6,60642.2,60429.8,60609.7
1780668420,60609.7,60895.2,60557.4,60787.4
1780668480,60787.4,61021.6,60783.4,61015.7
1780668540,61015.7,61192.9,60975.3,61102.8
1780668600,61102.8,61145.8,60868.6,60879.1
1780668660,60879.1,60890,60648.5,60714.4
1780668720,60714.4,60726.6,60617.6,60710.9
1780668780,60710.9,60897.9,60683.3,60815.2
1780668840,60815.2,60843.9,60774.2,60825.8
1780668900,60825.8,60919.9,60786.4,60915.7
1780668960,60915.7,61026,60820.1,60820.1
1780669020,60820.1,60907.3,60755,60834.4
1780669080,60834.4,60834.4,60657.9,60699.7
1780669140,60699.7,60778.4,60672,60747.4
1780669200,60747.4,60876.4,60747,60862.9
1780669260,60862.9,60914.4,60728,60739.7
1780669320,60739.7,60750.6,60631.2,60646.5
1780669380,60646.5,60662.2,60586.4,60586.5
1780669440,60586.5,60596.2,60434,60524
1780669500,60524,60554.8,60424.3,60432.4
1780669560,60432.4,60434,60305.8,60378.1
1780669620,60378.1,60500,60343,60370.2
1780669680,60370.2,60374.8,60316.2,60356.8
1780669740,60356.8,60364.2,60285.7,60354.1
1780669800,60354.1,60457.5,60321.9,60404.5
1780669860,60404.5,60426.6,60291.6,60362.9
1780669920,60362.9,60439.8,60291.9,60342.1
1780669980,60342.1,60500,60339.4,60481.6
1780670040,60481.6,60818.7,60471.8,60806
1780670100,60806,60954.1,60652.4,60933.8
1780670160,60933.8,61081.7,60783.6,61026.5
1780670220,61026.5,61164,60942.5,61117.3
1780670280,61117.3,61135.5,60851.4,60867.5
1780670340,60867.5,60935.1,60828.3,60847.9
1780670400,60847.9,60944.8,60814.4,60917.6
1780670460,60917.6,60956,60850,60940.8
1780670520,60940.8,61020,60878.1,60973.6
1780670580,60973.6,60999.5,60778.2,60844
1780670640,60844,60844.1,60663,60803.3
1780670700,60803.3,61067.1,60803,61049.4
1780670760,61049.4,61099.9,60945,60966.1
1780670820,60966.1,61004,60873.5,60885.7
1780670880,60885.7,61022.6,60876.3,60884.5
1780670940,60884.5,60916.8,60755.6,60763.6
1780671000,60763.6,60905.7,60714.7,60905.7
1780671060,60905.7,61032,60898.4,61007.5
1780671120,61007.5,61007.5,60831.5,60877
1780671180,60877,60900,60771.1,60814
1780671240,60814,60831.5,60716.7,60720.5
1780671300,60720.5,60726.3,60579.3,60655.6
1780671360,60655.6,60800,60641.6,60732.4
1780671420,60732.4,60908,60722.4,60842.9
1780671480,60842.9,60849.3,60733.4,60796.6
1780671540,60796.6,60879.6,60781.7,60828
1780671600,60828,60888,60707.8,60715
1780671660,60715,60815.6,60571.8,60773.6
1780671720,60773.6,60822.2,60634.2,60812.1
1780671780,60812.1,60996.9,60795.9,60920.5
1780671840,60920.5,60982,60852.5,60964.1
1780671900,60964.1,60971.4,60800.2,60806
1780671960,60806,60902.6,60766.7,60863
1780672020,60863,60903.9,60803.1,60885
1780672080,60885,60885,60745,60763.1
1780672140,60763.1,60790.7,60676.3,60722.7
1780672200,60722.7,60763.6,60646.6,60649.9
1780672260,60649.9,60694.4,60574.7,60575.7
1780672320,60575.7,60650,60517.3,60524.9
1780672380,60524.9,60587.4,60469.4,60540.9
1780672440,60540.9,60581.6,60498.8,60568.6
1780672500,60568.6,60593,60449.9,60477.4
1780672560,60477.4,60574.4,60468.2,60517.9
1780672620,60517.9,60761.7,60471.8,60761.7
1780672680,60761.7,60844.5,60732,60794.8
1780672740,60794.8,60830,60706.3,60816
1780672800,60816,60826.8,60622.5,60622.5
1780672860,60622.5,60742.6,60612.1,60733.6
1780672920,60733.6,60772.8,60652.6,60700.3
1780672980,60700.3,60933.4,60700.2,60860.8
1780673040,60860.8,60918.2,60843.1,60880.4
1780673100,60880.4,61030.7,60866.6,61009.5
1780673160,61009.5,61093.4,60962.2,60986
1780673220,60986,61011.2,60834.8,60855.4
1780673280,60855.4,60855.4,60691.5,60719.1
1780673340,60719.1,60783.4,60666,60749.5
1780673400,60749.5,60795,60660,60794.9
1780673460,60794.9,60825.6,60690.6,60747.1
1780673520,60747.1,60753.7,60529.1,60534.7
1780673580,60534.7,60592,60488,60511.5
1780673640,60511.5,60584.6,60511.2,60579.4
1780673700,60579.4,60622.7,60515,60544.4
1780673760,60544.4,60569.7,60380,60396
1780673820,60396,60434.7,60257.4,60319.8
1780673880,60319.8,60370,60157.6,60280.3
1780673940,60280.3,60301.7,60056.3,60163.7
1780674000,60163.7,60187.8,60086.9,60123.9
1780674060,60123.9,60125.2,60013,60095.3
1780674120,60095.3,60346.2,60090.7,60346.2
1780674180,60346.2,60460.5,60343.4,60413.4
1780674240,60413.4,60441.5,60260.6,60346.1
1780674300,60346.1,60363.3,60195.4,60205.3
1780674360,60205.3,60258.4,60169.8,60252
1780674420,60252,60312.1,60186.6,60203.5
1780674480,60203.5,60256.3,60165.5,60252.2
1780674540,60252.2,60613.5,60230.7,60561.8
1780674600,60561.8,60585.1,60369.6,60490.7
1780674660,60490.7,60539.8,60460.2,60473.1
1780674720,60473.1,60539.5,60424.6,60479.5
1780674780,60479.5,60585.6,60479.2,60496.5
1780674840,60496.5,60571.6,60480.9,60517.3
1780674900,60517.3,60580.6,60509.1,60553.3
1780674960,60553.3,60589.8,60495.9,60496.2
1780675020,60496.2,60536.5,60450.1,60528
1780675080,60528,60534.9,60456,60463.1
1780675140,60463.1,60474.3,60379.7,60400.7
1780675200,60400.7,60400.7,60150.7,60177.5
1780675260,60177.5,60215,60150.3,60176.7
1780675320,60176.7,60213.9,60143.8,60190.7
1780675380,60190.7,60250,60147.9,60229.7
1780675440,60229.7,60243.1,60174.8,60219.7
1780675500,60219.7,60220,60136.7,60182.3
1780675560,60182.3,60425.9,60152.3,60417.8
1780675620,60417.8,60487.3,60258.1,60291.8
1780675680,60291.8,60299.7,60125.1,60140
1780675740,60140,60140,59942.6,60022.2
1780675800,60022.2,60134.2,59855.1,59879.3
1780675860,59879.3,59971.5,59780.3,59805.5
1780675920,59805.5,60428.2,59718.5,60355.1
1780675980,60355.1,60802.9,60260,60680.6
1780676040,60680.6,61101.2,60680.6,60875.1
1780676100,60875.1,61153.4,60729.9,60989.1
1780676160,60989.1,60989.1,60716.3,60869.2
1780676220,60869.2,60915.3,60654.8,60905.2
1780676280,60905.2,61127.5,60854.4,61059.5
1780676340,61059.5,61059.5,60931.2,60942.7
1780676400,60942.7,61097.9,60918,60992.4
1780676460,60992.4,61458.2,60974.1,61434.2
1780676520,61434.2,61529.7,61305.4,61421.3
1780676580,61421.3,61463.9,61097.9,61114
1780676640,61114,61243.4,61052.5,61197.5
1780676700,61197.5,61223.9,61071.6,61136.5
1780676760,61136.5,61165.5,61064.2,61102.6
1780676820,61102.6,61242.9,61078.9,61187.1
1780676880,61187.1,61187.2,60934.6,60990.5
1780676940,60990.5,60998.4,60867,60898.9
1780677000,60898.9,60995,60807.1,60979.1
1780677060,60979.1,61040.9,60905.1,60954.7
1780677120,60954.7,60961,60872.3,60883.8
1780677180,60883.8,60946,60730,60740.3
1780677240,60740.3,60814.2,60667.9,60791.5
1780677300,60791.5,60923.1,60777.2,60882.2
1780677360,60882.2,60923.9,60809.9,60876.5
1780677420,60876.5,60944.3,60829.9,60910.4
1780677480,60910.4,60969.7,60873.9,60908.9
1780677540,60908.9,60959.5,60831.6,60941.2
1780677600,60941.2,60954.5,60864.7,60904.6
1780677660,60904.6,60950,60859.2,60885.7
1780677720,60885.7,60892.8,60780,60786.5
1780677780,60786.5,60852.8,60706.5,60805.9
1780677840,60805.9,60854.3,60762.1,60803
1780677900,60803,60924.9,60776.1,60799.7
1780677960,60799.7,60942.6,60799.7,60888.8
1780678020,60888.8,60938.8,60809.7,60932.9
1780678080,60932.9,61094.8,60904.6,61079.3
1780678140,61079.3,61165.1,60974.9,61118.7
1780678200,61118.7,61282.1,61065.6,61226
1780678260,61226,61326.5,61175.2,61266.9
1780678320,61266.9,61352.7,61200.3,61347.4
1780678380,61347.4,61352.6,61271.9,61295.3
1780678440,61295.3,61383.4,61271.1,61363.9
1780678500,61363.9,61458,61264.2,61321.7
1780678560,61321.7,61433.5,61279.7,61340.7
1780678620,61340.7,61444.2,61331.8,61410.7
1780678680,61410.7,61448,61364.2,61448
1780678740,61448,61450,61362.4,61364.6
1780678800,61364.6,61490,61360,61412
1780678860,61412,61427.7,61225.9,61241.3
1780678920,61241.3,61275,61178.6,61180.9
1780678980,61180.9,61333.1,61170.3,61297.8
1780679040,61297.8,61400,61271.8,61355.7
1780679100,61355.7,61355.7,61260.1,61284.6
1780679160,61284.6,61284.6,61182.3,61218.8
1780679220,61218.8,61289.2,61212.8,61285.9
1780679280,61285.9,61391.2,61246.2,61390
1780679340,61390,61412.6,61320,61334.8
1780679400,61334.8,61338,61207.5,61227.8
1780679460,61227.8,61269.5,60932.4,60949.1
1780679520,60949.1,61060.8,60901.8,61017.6
1780679580,61017.6,61081.5,60975.7,61060.7
1780679640,61060.7,61068.8,61012.4,61028.4
1780679700,61028.4,61046.9,60914.7,60927.6
1780679760,60927.6,60927.6,60822.9,60862.8
1780679820,60862.8,60886.8,60777.6,60827.8
1780679880,60827.8,60848.1,60753.7,60774.6
1780679940,60774.6,60840.6,60760.2,60810.9
1780680000,60810.9,60849.8,60775,60783.7
1780680060,60783.7,60890,60783.2,60841.9
1780680120,60841.9,60938.4,60829.5,60900.6
1780680180,60900.6,60939.4,60787.8,60790.1
1780680240,60790.1,60792,60701,60785
1780680300,60785,60821.9,60684,60699.5
1780680360,60699.5,60728.1,60653.4,60698.3
1780680420,60698.3,60712.6,60654.8,60699.9
1780680480,60699.9,60768.3,60696.7,60698.1
1780680540,60698.1,60698.7,60612,60660.8
1780680600,60660.8,60777.1,60655.1,60763.3
1780680660,60763.3,60793.6,60738.8,60779.4
1780680720,60779.4,60779.4,60675.7,60751.1
1780680780,60751.1,60840.2,60729.7,60823.7
1780680840,60823.7,60874.9,60793.3,60851
1780680900,60851,60851,60744,60760.8
1780680960,60760.8,60837.2,60726.2,60737
1780681020,60737,60858.3,60737,60812
1780681080,60812,60855.7,60777.8,60834.7
1780681140,60834.7,60878.8,60793.3,60860.3
1780681200,60860.3,61128,60860.2,61055.5
1780681260,61055.5,61055.5,60873,60903.7
1780681320,60903.7,60960,60868.5,60948.2
1780681380,60948.2,60985.1,60901.3,60932.3
1780681440,60932.3,60945,60714.3,60729.9
1780681500,60729.9,60809.9,60713.9,60761.4
1780681560,60761.4,60772.8,60684,60691.4
1780681620,60691.4,60767.4,60685.2,60761.8
1780681680,60761.8,60762.8,60685.6,60717
1780681740,60717,60729.9,60630,60645.4
1780681800,60645.4,60754.7,60645.4,60754.7
1780681860,60754.7,60768.2,60654.9,60713.9
1780681920,60713.9,60785.6,60694.9,60785.5
1780681980,60785.5,60829.9,60707.8,60800
1780682040,60800,60800,60727,60766.4
1780682100,60766.4,60781.2,60672.1,60679.1
1780682160,60679.1,60778.5,60672.4,60737.6
1780682220,60737.6,60800,60737.6,60773
1780682280,60773,60804.7,60761.5,60787.4
1780682340,60787.4,60787.4,60739.8,60786.2
1780682400,60786.2,60906.2,60764.2,60894.4
1780682460,60894.4,60945.1,60853,60915.6
1780682520,60915.6,60924.2,60788.4,60803.6
1780682580,60803.6,60803.6,60670.4,60695.8
1780682640,60695.8,60740,60683.7,60725.2
1780682700,60725.2,60803.8,60704.7,60740.2
1780682760,60740.2,60868.5,60740.1,60833.2
1780682820,60833.2,60866.2,60796.8,60834.8
1780682880,60834.8,60834.8,60753.9,60760.5
1780682940,60760.5,60802.8,60700.2,60704.1
1780683000,60704.1,60722.9,60644.9,60651.9
1780683060,60651.9,60700,60641.8,60699.9
1780683120,60699.9,60716.1,60638,60676.2
1780683180,60676.2,60765.5,60675,60729.1
1780683240,60729.1,60729.2,60579.3,60597.3
1780683300,60597.3,60618,60550.7,60572.8
1780683360,60572.8,60635.6,60534.9,60595.5
1780683420,60595.5,60611.9,60528.2,60568.2
1780683480,60568.2,60589.5,60470,60482
1780683540,60482,60493,60420,60420
1780683600,60420,60498.9,60356.6,60498.9
1780683660,60498.9,60527.6,60360.9,60409.3
1780683720,60409.3,60440.4,60359.8,60359.8
1780683780,60359.8,60400,60327.2,60331.4
1780683840,60331.4,60344,60277.5,60294.9
1780683900,60294.9,60320,60274.4,60318.1
1780683960,60318.1,60318.1,60168.6,60203.2
1780684020,60203.2,60224.3,60154.6,60202.4
1780684080,60202.4,60249.2,60148.5,60181
1780684140,60181,60182.7,60081.5,60134.9
1780684200,60134.9,60160,60080,60091.8
1780684260,60091.8,60275.9,60071.5,60214.3
1780684320,60214.3,60222.6,60083.6,60132.2
1780684380,60132.2,60256.6,60085.7,60208.4
1780684440,60208.4,60234.1,60157.7,60216.9
1780684500,60216.9,60236.1,60114.5,60152.8
1780684560,60152.8,60152.8,60058.8,60069.4
1780684620,60069.4,60127.6,59902.1,60111.4
1780684680,60111.4,60151.4,60049.2,60064.8
1780684740,60064.8,60300.9,60064.8,60277.9
1780684800,60277.9,60313.2,60251.9,60263.6
1780684860,60263.6,60263.6,60056.3,60062.4
1780684920,60062.4,60070.7,59940.8,59940.8
1780684980,59940.8,59983.3,59762.4,59796.5
1780685040,59796.5,59933.2,59633,59921.5
1780685100,59921.5,59948.3,59769.7,59769.7
1780685160,59769.7,59799.5,59700,59716.4
1780685220,59716.4,59828.3,59636.1,59744.1
1780685280,59744.1,59748.6,59635.1,59646.7
1780685340,59646.7,59798.5,59638.5,59752.6
1780685400,59752.6,59778.9,59709.9,59751.4
1780685460,59751.4,59781.8,59456.7,59572.4
1780685520,59572.4,59590,59237.7,59278.2
1780685580,59278.2,59402.7,59142.9,59210.3
1780685640,59210.3,59253.9,59121.2,59172.5
1780685700,59172.5,59411.4,59101.6,59377.1
1780685760,59377.1,59628.6,59325.1,59595.5
1780685820,59595.5,59610.2,59437.8,59472.8
1780685880,59472.8,59511.7,59276.5,59305.2
1780685940,59305.2,59445.9,59291.3,59369.7
1780686000,59369.7,59411.3,59131.9,59236.4
1780686060,59236.4,59332,59110,59323
1780686120,59323,59506.9,59297.2,59501.3
1780686180,59501.3,59587,59478.4,59526.8
1780686240,59526.8,59533.2,59289,59382.1
1780686300,59382.1,59495.5,59281.4,59423.1
1780686360,59423.1,59457.2,59306,59306
1780686420,59306,59337.6,59235.3,59246.2
1780686480,59246.2,59319.4,59241.4,59256.8
1780686540,59256.8,59400,59244.6,59386.9
1780686600,59386.9,59427.4,59329.5,59420.8
1780686660,59420.8,59520.7,59326.5,59360.2
1780686720,59360.2,59418.2,59263.3,59263.4
1780686780,59263.4,59410.3,59255,59304.2
1780686840,59304.2,59390.3,59271.2,59363.1
1780686900,59363.1,59368.2,59253.2,59267.8
1780686960,59267.8,59333.3,59150,59321.9
1780687020,59321.9,59392.2,59081.4,59120
1780687080,59120,59277.1,59114.9,59230.4
1780687140,59230.4,59288,59148.7,59206.3
1780687200,59206.3,59438.5,59166,59430.1
1780687260,59430.1,59488.2,59345.5,59478.7
1780687320,59478.7,59542.4,59384.5,59454.9
1780687380,59454.9,59537.8,59408.4,59480.7
1780687440,59480.7,59587.5,59445.8,59587.5
1780687500,59587.5,59680,59540.5,59650.6
1780687560,59650.6,59691.2,59622,59657.3
1780687620,59657.3,59815.4,59654.1,59809.2
1780687680,59809.2,59820.4,59772.7,59803.6
1780687740,59803.6,59850.7,59772.9,59821.8
1780687800,59821.8,59835.1,59710.1,59716.4
1780687860,59716.4,59716.5,59547.2,59560.4
1780687920,59560.4,59569.3,59443.1,59495.3
1780687980,59495.3,59666.1,59488.8,59568.8
1780688040,59568.8,59676.5,59539.5,59673.1
1780688100,59673.1,59765.6,59643.1,59737.8
1780688160,59737.8,59746.3,59590.1,59649.2
1780688220,59649.2,59753.1,59592.5,59742.1
1780688280,59742.1,59767.2,59685.5,59743.5
1780688340,59743.5,59800,59710.6,59774.5
1780688400,59774.5,59869.1,59702.8,59714.2
1780688460,59714.2,59719.7,59523.2,59614.2
1780688520,59614.2,59670,59600,59652.3
1780688580,59652.3,59652.3,59563.8,59599.9
1780688640,59599.9,59737,59596.7,59711.2
1780688700,59711.2,59888,59708.2,59884
1780688760,59884,60319.7,59853.4,60194.9
1780688820,60194.9,60316.5,60189.2,60300.4
1780688880,60300.4,60431.4,60205.4,60272.1
1780688940,60272.1,60285.7,60180.6,60183.5
1780689000,60183.5,60297.2,60120.6,60278.7
1780689060,60278.7,60397.9,60238.7,60267
1780689120,60267,60360.7,60235.4,60280.8
1780689180,60280.8,60310.3,60105,60126.4
1780689240,60126.4,60224.6,60126.4,60192.1
1780689300,60192.1,60195.4,60076,60187.3
1780689360,60187.3,60258.3,60185.9,60209
1780689420,60209,60245.2,60160.9,60205.5
1780689480,60205.5,60319.9,60169.8,60305.5
1780689540,60305.5,60431.4,60253.3,60269.6
1780689600,60269.6,60430.4,60268.8,60426.6
1780689660,60426.6,60426.6,60196,60226.7
1780689720,60226.7,60235.3,60121.5,60171.1
1780689780,60171.1,60180.1,59995.3,60025.4
1780689840,60025.4,60081.5,59976.2,60056.4
1780689900,60056.4,60056.4,59902.9,59905.7
1780689960,59905.7,60165.9,59905.4,60153.3
1780690020,60153.3,60262.2,60125.1,60247.7
1780690080,60247.7,60638.2,60234.3,60632.7
1780690140,60632.7,60955.7,60583.1,60851.7
1780690200,60851.7,60927.8,60751.3,60763.8
1780690260,60763.8,60763.9,60667.4,60713.2
1780690320,60713.2,60776.4,60679.3,60726
1780690380,60726,60804.3,60683.6,60707.4
1780690440,60707.4,60835.4,60707.4,60825.2
1780690500,60825.2,61046.4,60818.8,61036.6
1780690560,61036.6,61036.6,60718.1,60718.7
1780690620,60718.7,60790.1,60689.3,60790.1
1780690680,60790.1,60973,60761,60878.6
1780690740,60878.6,60948.6,60839.3,60929.3
1780690800,60929.3,61009.2,60905.7,61002.8
1780690860,61002.8,61043.4,60825.3,60828
1780690920,60828,60865,60774.4,60850.3
1780690980,60850.3,60887.5,60796.8,60830.3
1780691040,60830.3,60865.4,60785.1,60865.4
1780691100,60865.4,61029.9,60838.3,60997.6
1780691160,60997.6,60998.4,60886.5,60886.5
1780691220,60886.5,60965.9,60872.3,60884.2
1780691280,60884.2,61021.1,60876.4,60976.5
1780691340,60976.5,60985.5,60893.8,60917.4
1780691400,60917.4,61112.9,60856.1,61110.8
1780691460,61110.8,61232.5,61015.7,61141.2
1780691520,61141.2,61171.1,61066.8,61147.1
1780691580,61147.1,61147.1,60978.1,61000.2
1780691640,61000.2,61046.7,60931.3,61024.3
1780691700,61024.3,61152.1,61022,61128.8
1780691760,61128.8,61144.4,61077,61143.8
1780691820,61143.8,61216.1,61121.4,61131.9
1780691880,61131.9,61203.3,61089.2,61189.3
1780691940,61189.3,61223.3,61165.4,61195.5
1780692000,61195.5,61202.5,61128,61194
1780692060,61194,61194.2,61128,61157.5
1780692120,61157.5,61221.9,61157.4,61172.1
1780692180,61172.1,61270.9,61172.1,61221.3
1780692240,61221.3,61283.3,61221.3,61243.6
1780692300,61243.6,61310.2,61227,61278.1
1780692360,61278.1,61289.2,61170,61236.4
1780692420,61236.4,61400,61236.4,61303.4
1780692480,61303.4,61365.2,61262.8,61340.1
1780692540,61340.1,61425.9,61299.4,61421.9
1780692600,61421.9,61759.3,61389.4,61668
1780692660,61668,61668,61562,61656
1780692720,61656,61699.9,61510,61538.1
1780692780,61538.1,61619.9,61466.3,61469.1
1780692840,61469.1,61544.3,61455,61484.1
1780692900,61484.1,61600,61481.5,61546.8
1780692960,61546.8,61631.2,61546.8,61631.2
1780693020,61631.2,61690.3,61611.3,61611.3
1780693080,61611.3,61673.4,61572,61631.1
1780693140,61631.1,61640.2,61592.5,61592.5
1780693200,61592.5,61625,61548.8,61572.8
1780693260,61572.8,61631.8,61533,61555.9
1780693320,61555.9,61694.8,61537,61668.5
1780693380,61668.5,61834.3,61654,61798.8
1780693440,61798.8,61992.8,61756.6,61801.6
1780693500,61801.6,61912.6,61776.9,61819.1
1780693560,61819.1,61846.3,61677.2,61722.9
1780693620,61722.9,61802.3,61713.9,61802.2
1780693680,61802.2,61850,61770.9,61811.6
1780693740,61811.6,61851.1,61739.6,61806
1780693800,61806,61806,61739.3,61756.8
1780693860,61756.8,61756.8,61623.9,61735.8
1780693920,61735.8,61807,61668.9,61772.8
1780693980,61772.8,61807.9,61726.2,61799.4
1780694040,61799.4,61842.5,61743.2,61836.3
1780694100,61836.3,61980,61800.4,61918
1780694160,61918,61918,61655,61691.9
1780694220,61691.9,61820.8,61691.9,61779.7
1780694280,61779.7,61839.2,61750,61787.2
1780694340,61787.2,61798.7,61683.4,61716.4
1780694400,61716.4,61739.5,61680,61696.5
1780694460,61696.5,61723.7,61650.3,61653.1
1780694520,61653.1,61664.3,61618.4,61653.9
1780694580,61653.9,61655.2,61584.7,61601.4
1780694640,61601.4,61658.3,61555.8,61559.3
1780694700,61559.3,61670.5,61555,61641.1
1780694760,61641.1,61668.2,61531.6,61581.5
1780694820,61581.5,61609.4,61563.1,61583.9
1780694880,61583.9,61596.4,61542,61553.7
1780694940,61553.7,61580.2,61550.1,61553.1
1780695000,61553.1,61563.1,61420.8,61472.7
1780695060,61472.7,61533.5,61452.1,61463.2
1780695120,61463.2,61576.2,61463.1,61489.3
1780695180,61489.3,61538.5,61479.8,61515.2
1780695240,61515.2,61517.7,61466.7,61485.9
1780695300,61485.9,61609.5,61460,61607.7
1780695360,61607.7,61748.9,61589.3,61747.3
1780695420,61747.3,61780.6,61685.6,61727.4
1780695480,61727.4,61791.3,61727.4,61745.3
1780695540,61745.3,61849.7,61728.4,61808.5
1780695600,61808.5,61808.5,61773.6,61773.6
1780695660,61773.6,61885.4,61761,61872.3
1780695720,61872.3,61898.8,61817.4,61898.8
1780695780,61898.8,61919.9,61867.4,61868.7
1780695840,61868.7,61913.3,61810.2,61852.1
1780695900,61852.1,61858.1,61814.9,61820.1
1780695960,61820.1,61849.6,61756,61757
1780696020,61757,61824.3,61736.2,61799.8
1780696080,61799.8,61894.3,61791.1,61834.4
1780696140,61834.4,61834.4,61762.7,61765.5
1780696200,61765.5,61772.2,61750.1,61755
1780696260,61755,61773.4,61747.7,61756.7
1780696320,61756.7,61799,61756.7,61777
1780696380,61777,61783.2,61680,61680
1780696440,61680,61712.5,61641.4,61712.4
1780696500,61712.4,61734.1,61686.2,61702
1780696560,61702,61702,61656,61656
1780696620,61656,61657.2,61608.3,61611.6
1780696680,61611.6,61651.7,61600.5,61604
1780696740,61604,61665.1,61604,61643.7
1780696800,61643.7,61643.7,61580,61580
1780696860,61580,61580.1,61480.6,61491.6
1780696920,61491.6,61581.6,61491.5,61521.5
1780696980,61521.5,61527.8,61438.2,61447.8
1780697040,61447.8,61467.3,61390.3,61409.7
1780697100,61409.7,61414.8,61337.6,61347.8
1780697160,61347.8,61377.3,61118.1,61239.7
1780697220,61239.7,61335,61219.1,61335
1780697280,61335,61440,61335,61413.9
1780697340,61413.9,61449.1,61361.9,61377.6
1780697400,61377.6,61392,61342.8,61355.6
1780697460,61355.6,61445.8,61277.9,61307.4
1780697520,61307.4,61323.2,61262.4,61322.7
1780697580,61322.7,61329.4,61241.3,61255.7
1780697640,61255.7,61395.4,61255.7,61374.9
1780697700,61374.9,61459.3,61266.3,61438
1780697760,61438,61545.5,61399.1,61527.5
1780697820,61527.5,61596.6,61460.3,61572.9
1780697880,61572.9,61591.4,61466.6,61502.6
1780697940,61502.6,61625,61432.6,61612.4
1780698000,61612.4,61626.7,61462.5,61601.5
1780698060,61601.5,61626.7,61531.7,61548
1780698120,61548,61604.9,61467.5,61552.3
1780698180,61552.3,61592.3,61472.8,61484.2
1780698240,61484.2,61532.9,61389.7,61499.4
1780698300,61499.4,61514,61389.7,61495.7
1780698360,61495.7,61595.9,61435.2,61482.3
1780698420,61482.3,61559.9,61426.5,61531.7
1780698480,61531.7,61597.7,61450.2,61466.8
1780698540,61466.8,61495.9,61437.9,61456.7
1780698600,61456.7,61562.6,61450.9,61468.1
1780698660,61468.1,61587.2,61371,61570.4
1780698720,61570.4,61613.8,61519.1,61569.3
1780698780,61569.3,61626.8,61504.5,61572.9
1780698840,61572.9,61632,61557.7,61598
1780698900,61598,61623.2,61542,61602.1
1780698960,61602.1,61631.3,61563.7,61587.4
1780699020,61587.4,61650.1,61587,61628.8
1780699080,61628.8,61718.1,61618.6,61707.4
1780699140,61707.4,61856.8,61681,61787.7
1780699200,61787.7,61838.6,61685.3,61705.6
1780699260,61705.6,61774.7,61664.9,61676
1780699320,61676,61862.5,61659.1,61839.9
1780699380,61839.9,61840.7,61701.8,61741.4
1780699440,61741.4,61766.6,61721.1,61721.1
1780699500,61721.1,61721.1,61505.9,61637
1780699560,61637,61688.8,61577.9,61629.2
1780699620,61629.2,61649.8,61583.4,61602.9
1780699680,61602.9,61750,61602.9,61750
1780699740,61750,61832.5,61736.7,61807.2
1780699800,61807.2,61823,61700.8,61743.4
1780699860,61743.4,61806.7,61640.8,61746
1780699920,61746,61789.8,61685.8,61771.3
1780699980,61771.3,61915.9,61771.1,61822.5
1780700040,61822.5,61941.2,61822.5,61932.8
1780700100,61932.8,61936.4,61728.6,61728.7
1780700160,61728.7,61811.4,61728.7,61784.5
1780700220,61784.5,61800,61704,61714.3
1780700280,61714.3,61742.4,61629,61683.5
1780700340,61683.5,61684,61524,61559.5
1780700400,61559.5,61634.3,61536.1,61559.1
1780700460,61559.1,61757.2,61552.6,61558.8
1780700520,61558.8,61599.3,61473.4,61475.1
1780700580,61475.1,61657.4,61462.7,61515.6
1780700640,61515.6,61639.9,61469.9,61635.4
1780700700,61635.4,61743.9,61598.8,61699.2
1780700760,61699.2,61722.9,61672.9,61676.1
1780700820,61676.1,61688.2,61552.3,61589.4
1780700880,61589.4,61593.6,61386.2,61422.3
1780700940,61422.3,61435.6,61362.6,61384.4
1780701000,61384.4,61389.3,61315.5,61376.2
1780701060,61376.2,61464.1,61376.2,61464.1
1780701120,61464.1,61464.2,61402.1,61424.2
1780701180,61424.2,61459.5,61395.3,61397.5
1780701240,61397.5,61421.9,61259.7,61277.8
1780701300,61277.8,61277.9,61090.5,61143.7
1780701360,61143.7,61212.2,61059.9,61129.5
1780701420,61129.5,61229.9,61129.4,61164.7
1780701480,61164.7,61205.8,61139,61152.3
1780701540,61152.3,61168.3,61052.4,61125.2
1780701600,61125.2,61134,61055.4,61094.9
1780701660,61094.9,61144.8,61090.7,61144.8
1780701720,61144.8,61156.6,60928.6,60955.4
1780701780,60955.4,61006.5,60865,60983.2
1780701840,60983.2,61012.7,60886.4,60933.6
1780701900,60933.6,60942.3,60832.2,60835.5
1780701960,60835.5,60854.3,60785.5,60835.9
1780702020,60835.9,60926.1,60824,60911.1
1780702080,60911.1,60963.6,60896.2,60958.9
1780702140,60958.9,60997.9,60911.2,60911.6
1780702200,60911.6,60911.8,60784.7,60797.1
1780702260,60797.1,60808,60702.6,60748.5
1780702320,60748.5,60801.7,60667.1,60694.6
1780702380,60694.6,60702,60481.4,60489.5
1780702440,60489.5,60568.1,60489.5,60534.1
1780702500,60534.1,60786.9,60534.1,60766.8
1780702560,60766.8,60773.9,60705.3,60760.7
1780702620,60760.7,60857.9,60760.7,60826.1
1780702680,60826.1,60873.6,60800.6,60823.3
1780702740,60823.3,60823.3,60686.2,60712.1
1780702800,60712.1,60724,60609.6,60709.1
1780702860,60709.1,60778.5,60709.1,60728.7
1780702920,60728.7,60796.4,60705.9,60749.5
1780702980,60749.5,60751.8,60681.7,60736.9
1780703040,60736.9,60788.1,60722,60787.4
1780703100,60787.4,60787.9,60664.2,60699.7
1780703160,60699.7,60758.7,60692.5,60702.4
1780703220,60702.4,60789.6,60679,60789.3
1780703280,60789.3,60812,60750.2,60787.2
1780703340,60787.2,60820.8,60744.3,60787.9
1780703400,60787.9,60920.7,60787.9,60906.7
1780703460,60906.7,60973,60900,60972.9
1780703520,60972.9,60995.8,60956.2,60984.8
1780703580,60984.8,61020.1,60931.1,60941.5
1780703640,60941.5,60980,60931.3,60979.9
1780703700,60979.9,60980,60906,60940
1780703760,60940,60940,60890,60890
1780703820,60890,60925.9,60880.4,60880.4
1780703880,60880.4,60921.3,60873.8,60910.1
1780703940,60910.1,61042.5,60882,61026.6
