ts,open,high,low,close
1760054400,0.24843,0.24857,0.24834,0.24838
1760054460,0.24838,0.24857,0.24824,0.24848
1760054520,0.24848,0.24882,0.24845,0.24875
1760054580,0.24875,0.24886,0.2487,0.24876
1760054640,0.24876,0.24893,0.24856,0.24881
1760054700,0.24881,0.24885,0.24851,0.24851
1760054760,0.24851,0.24857,0.24833,0.24851
1760054820,0.24851,0.24852,0.24819,0.24827
1760054880,0.24827,0.24859,0.24822,0.2485
1760054940,0.2485,0.24866,0.24847,0.24863
1760055000,0.24863,0.24872,0.24849,0.24849
1760055060,0.24849,0.24862,0.24832,0.24832
1760055120,0.24832,0.2484,0.24821,0.24821
1760055180,0.24821,0.24851,0.24821,0.2485
1760055240,0.2485,0.24854,0.2483,0.24853
1760055300,0.24853,0.24886,0.24852,0.24868
1760055360,0.24868,0.24902,0.24863,0.24892
1760055420,0.24892,0.24924,0.2489,0.2491
1760055480,0.2491,0.24924,0.2491,0.24921
1760055540,0.24921,0.24924,0.24902,0.24909
1760055600,0.24909,0.24924,0.24908,0.2491
1760055660,0.2491,0.24926,0.2491,0.24912
1760055720,0.24912,0.24921,0.24903,0.24903
1760055780,0.24903,0.24929,0.24902,0.24929
1760055840,0.24929,0.24949,0.24925,0.24942
1760055900,0.24942,0.24942,0.24917,0.24941
1760055960,0.24941,0.2497,0.24941,0.24958
1760056020,0.24958,0.24973,0.24958,0.24966
1760056080,0.24966,0.24979,0.24961,0.24975
1760056140,0.24975,0.24979,0.24969,0.24976
1760056200,0.24976,0.24983,0.24962,0.24962
1760056260,0.24962,0.24972,0.24938,0.24938
1760056320,0.24938,0.24945,0.24923,0.24929
1760056380,0.24929,0.24948,0.24929,0.24942
1760056440,0.24942,0.24942,0.24916,0.24916
1760056500,0.24916,0.24919,0.24892,0.24893
1760056560,0.24893,0.24912,0.24893,0.24901
1760056620,0.24901,0.24903,0.24883,0.24884
1760056680,0.24884,0.24922,0.24884,0.24918
1760056740,0.24918,0.24955,0.24918,0.24954
1760056800,0.24954,0.24955,0.24924,0.2493
1760056860,0.2493,0.24947,0.24929,0.24937
1760056920,0.24937,0.24937,0.24881,0.24893
1760056980,0.24893,0.24897,0.2488,0.24881
1760057040,0.24881,0.24899,0.24881,0.24893
1760057100,0.24893,0.24893,0.24873,0.24873
1760057160,0.24873,0.24873,0.24839,0.24842
1760057220,0.24842,0.24844,0.24825,0.24829
1760057280,0.24829,0.24829,0.24813,0.24813
1760057340,0.24813,0.24815,0.24775,0.2479
1760057400,0.2479,0.24829,0.24784,0.24829
1760057460,0.24829,0.24838,0.24817,0.24838
1760057520,0.24838,0.24847,0.24829,0.24841
1760057580,0.24841,0.24879,0.24841,0.24879
1760057640,0.24879,0.24888,0.24873,0.24882
1760057700,0.24882,0.2489,0.24877,0.24877
1760057760,0.24877,0.2488,0.24844,0.24844
1760057820,0.24844,0.24855,0.2483,0.24846
1760057880,0.24846,0.24879,0.24846,0.24874
1760057940,0.24874,0.2489,0.2487,0.24889
1760058000,0.24889,0.24906,0.24874,0.24906
1760058060,0.24906,0.24943,0.24906,0.2493
1760058120,0.2493,0.24939,0.24914,0.24931
1760058180,0.24931,0.24969,0.24931,0.24969
1760058240,0.24969,0.2499,0.2496,0.24989
1760058300,0.24989,0.24998,0.24963,0.24977
1760058360,0.24977,0.2499,0.24969,0.24969
1760058420,0.24969,0.24969,0.24921,0.24938
1760058480,0.24938,0.24962,0.24933,0.24934
1760058540,0.24934,0.24946,0.24932,0.24943
1760058600,0.24943,0.2497,0.24942,0.24956
1760058660,0.24956,0.24979,0.24953,0.24957
1760058720,0.24957,0.2498,0.24953,0.24953
1760058780,0.24953,0.24967,0.24947,0.24963
1760058840,0.24963,0.24967,0.24953,0.24954
1760058900,0.24954,0.24957,0.24931,0.24933
1760058960,0.24933,0.24955,0.24933,0.24935
1760059020,0.24935,0.24952,0.24925,0.24927
1760059080,0.24927,0.24935,0.2492,0.2492
1760059140,0.2492,0.24936,0.24905,0.24931
1760059200,0.24931,0.24959,0.24931,0.24955
1760059260,0.24955,0.24963,0.24929,0.24946
1760059320,0.24946,0.2496,0.24931,0.24931
1760059380,0.24931,0.24939,0.24916,0.24917
1760059440,0.24917,0.24948,0.24908,0.24942
1760059500,0.24942,0.2495,0.24935,0.24945
1760059560,0.24945,0.24946,0.24923,0.24923
1760059620,0.24923,0.24927,0.24909,0.24917
1760059680,0.24917,0.24943,0.24917,0.24942
1760059740,0.24942,0.24965,0.24942,0.24965
1760059800,0.24965,0.24968,0.24943,0.24945
1760059860,0.24945,0.24948,0.24924,0.24928
1760059920,0.24928,0.24946,0.24897,0.24902
1760059980,0.24902,0.24936,0.24902,0.24929
1760060040,0.24929,0.24953,0.24923,0.24929
1760060100,0.24929,0.24929,0.24885,0.24885
1760060160,0.24885,0.24901,0.24867,0.24887
1760060220,0.24887,0.24891,0.24866,0.24868
1760060280,0.24868,0.24874,0.24859,0.24859
1760060340,0.24859,0.24877,0.24852,0.24852
1760060400,0.24852,0.24854,0.24821,0.24827
1760060460,0.24827,0.24839,0.24814,0.24839
1760060520,0.24839,0.24861,0.24827,0.24858
1760060580,0.24858,0.24861,0.24846,0.2486
1760060640,0.2486,0.24861,0.24839,0.24851
1760060700,0.24851,0.24851,0.24833,0.2484
1760060760,0.2484,0.24858,0.24834,0.2484
1760060820,0.2484,0.24848,0.24829,0.24841
1760060880,0.24841,0.24842,0.24812,0.24815
1760060940,0.24815,0.24841,0.24815,0.24829
1760061000,0.24829,0.24832,0.2481,0.24814
1760061060,0.24814,0.24853,0.24813,0.24853
1760061120,0.24853,0.24888,0.24853,0.24879
1760061180,0.24879,0.24889,0.24864,0.24864
1760061240,0.24864,0.2487,0.24854,0.24859
1760061300,0.24859,0.24872,0.24849,0.24849
1760061360,0.24849,0.2486,0.24848,0.24859
1760061420,0.24859,0.24859,0.24843,0.24851
1760061480,0.24851,0.24872,0.2485,0.24862
1760061540,0.24862,0.24876,0.24858,0.24863
1760061600,0.24863,0.24871,0.24841,0.24846
1760061660,0.24846,0.24864,0.24841,0.24842
1760061720,0.24842,0.24842,0.24807,0.2481
1760061780,0.2481,0.24837,0.24805,0.24815
1760061840,0.24815,0.24832,0.24799,0.248
1760061900,0.248,0.24809,0.24781,0.24786
1760061960,0.24786,0.24786,0.24763,0.24775
1760062020,0.24775,0.24781,0.24731,0.24734
1760062080,0.24734,0.24751,0.24728,0.24731
1760062140,0.24731,0.24778,0.24725,0.24777
1760062200,0.24777,0.24782,0.2476,0.24774
1760062260,0.24774,0.24794,0.24774,0.24794
1760062320,0.24794,0.24798,0.24782,0.24788
1760062380,0.24788,0.24814,0.24787,0.2481
1760062440,0.2481,0.24815,0.24808,0.24812
1760062500,0.24812,0.24825,0.24801,0.24819
1760062560,0.24819,0.24845,0.24806,0.24841
1760062620,0.24841,0.24848,0.24813,0.24837
1760062680,0.24837,0.24855,0.24837,0.24855
1760062740,0.24855,0.24913,0.24854,0.24906
1760062800,0.24906,0.2495,0.24906,0.24947
1760062860,0.24947,0.24984,0.24945,0.2498
1760062920,0.2498,0.24996,0.24965,0.24972
1760062980,0.24972,0.2498,0.2496,0.2498
1760063040,0.2498,0.2498,0.24936,0.24947
1760063100,0.24947,0.2495,0.24933,0.24939
1760063160,0.24939,0.24939,0.24914,0.24914
1760063220,0.24914,0.24921,0.24895,0.24908
1760063280,0.24908,0.24908,0.24895,0.24903
1760063340,0.24903,0.24905,0.24891,0.24891
1760063400,0.24891,0.2491,0.24888,0.24891
1760063460,0.24891,0.24891,0.24863,0.24866
1760063520,0.24866,0.24873,0.24837,0.24846
1760063580,0.24846,0.2485,0.24833,0.24839
1760063640,0.24839,0.24844,0.24828,0.24829
1760063700,0.24829,0.24843,0.24826,0.24833
1760063760,0.24833,0.2484,0.2483,0.24839
1760063820,0.24839,0.2485,0.24838,0.24846
1760063880,0.24846,0.24855,0.24836,0.24855
1760063940,0.24855,0.24885,0.24854,0.24873
1760064000,0.24873,0.24881,0.24867,0.24881
1760064060,0.24881,0.24896,0.24881,0.24887
1760064120,0.24887,0.24913,0.24887,0.24904
1760064180,0.24904,0.24905,0.24867,0.24869
1760064240,0.24869,0.2491,0.24867,0.24896
1760064300,0.24896,0.24901,0.24871,0.24873
1760064360,0.24873,0.24873,0.24836,0.24841
1760064420,0.24841,0.24862,0.24833,0.24853
1760064480,0.24853,0.24898,0.24849,0.24895
1760064540,0.24895,0.24904,0.24883,0.24897
1760064600,0.24897,0.24915,0.24878,0.24898
1760064660,0.24898,0.24901,0.24854,0.24854
1760064720,0.24854,0.24872,0.24835,0.24835
1760064780,0.24835,0.24846,0.24813,0.24839
1760064840,0.24839,0.24866,0.24822,0.24866
1760064900,0.24866,0.24887,0.24866,0.24879
1760064960,0.24879,0.24884,0.24846,0.24852
1760065020,0.24852,0.24858,0.24849,0.24854
1760065080,0.24854,0.24854,0.2484,0.24849
1760065140,0.24849,0.24852,0.2484,0.24852
1760065200,0.24852,0.24866,0.2485,0.24859
1760065260,0.24859,0.24877,0.24834,0.24835
1760065320,0.24835,0.24835,0.24804,0.24805
1760065380,0.24805,0.24806,0.24784,0.24784
1760065440,0.24784,0.2479,0.24736,0.24746
1760065500,0.24746,0.24767,0.2472,0.24767
1760065560,0.24767,0.24782,0.24759,0.2477
1760065620,0.2477,0.2477,0.24752,0.2476
1760065680,0.2476,0.24761,0.24729,0.24749
1760065740,0.24749,0.24753,0.24741,0.24749
1760065800,0.24749,0.24764,0.24738,0.24755
1760065860,0.24755,0.24774,0.24741,0.24774
1760065920,0.24774,0.24803,0.24768,0.24799
1760065980,0.24799,0.2482,0.24779,0.24807
1760066040,0.24807,0.24836,0.24793,0.24835
1760066100,0.24835,0.24854,0.24826,0.24841
1760066160,0.24841,0.24846,0.24804,0.24818
1760066220,0.24818,0.24839,0.24818,0.24837
1760066280,0.24837,0.24862,0.24836,0.24855
1760066340,0.24855,0.24895,0.24844,0.24893
1760066400,0.24893,0.24963,0.24893,0.24957
1760066460,0.24957,0.24989,0.24951,0.24988
1760066520,0.24988,0.24999,0.24955,0.24956
1760066580,0.24956,0.25004,0.24951,0.25
1760066640,0.25,0.2501,0.24954,0.2501
1760066700,0.2501,0.25048,0.25009,0.25045
1760066760,0.25045,0.25078,0.25025,0.25035
1760066820,0.25035,0.2507,0.25014,0.25067
1760066880,0.25067,0.25135,0.25057,0.25103
1760066940,0.25103,0.25156,0.25103,0.25147
1760067000,0.25147,0.25237,0.25147,0.25206
1760067060,0.25206,0.25228,0.25182,0.25227
1760067120,0.25227,0.25238,0.2515,0.2516
1760067180,0.2516,0.25215,0.25159,0.25177
1760067240,0.25177,0.2523,0.25176,0.2522
1760067300,0.2522,0.25251,0.2522,0.25232
1760067360,0.25232,0.25239,0.25217,0.25223
1760067420,0.25223,0.25269,0.25206,0.25238
1760067480,0.25238,0.2525,0.25221,0.25234
1760067540,0.25234,0.25269,0.25222,0.25262
1760067600,0.25262,0.25262,0.25225,0.25229
1760067660,0.25229,0.25238,0.25208,0.25228
1760067720,0.25228,0.25262,0.25225,0.25251
1760067780,0.25251,0.25263,0.2524,0.25242
1760067840,0.25242,0.25263,0.25238,0.25251
1760067900,0.25251,0.25287,0.25251,0.25282
1760067960,0.25282,0.25295,0.25261,0.25286
1760068020,0.25286,0.2533,0.25286,0.25317
1760068080,0.25317,0.25323,0.25281,0.25308
1760068140,0.25308,0.25308,0.25268,0.25269
1760068200,0.25269,0.25273,0.25224,0.2523
1760068260,0.2523,0.25233,0.25196,0.25203
1760068320,0.25203,0.2522,0.25184,0.25207
1760068380,0.25207,0.25226,0.25179,0.25194
1760068440,0.25194,0.25198,0.25151,0.25154
1760068500,0.25154,0.25156,0.251,0.25118
1760068560,0.25118,0.25139,0.25105,0.2513
1760068620,0.2513,0.25146,0.25108,0.25146
1760068680,0.25146,0.25176,0.25144,0.25162
1760068740,0.25162,0.25162,0.25115,0.25118
1760068800,0.25118,0.25195,0.25112,0.2516
1760068860,0.2516,0.25207,0.2516,0.25199
1760068920,0.25199,0.25199,0.25132,0.25173
1760068980,0.25173,0.25193,0.25156,0.2517
1760069040,0.2517,0.25178,0.25156,0.25156
1760069100,0.25156,0.2522,0.25156,0.25209
1760069160,0.25209,0.25254,0.25201,0.25253
1760069220,0.25253,0.25287,0.25252,0.25262
1760069280,0.25262,0.25286,0.25238,0.25238
1760069340,0.25238,0.25255,0.25199,0.25199
1760069400,0.25199,0.252,0.25164,0.25184
1760069460,0.25184,0.25207,0.25175,0.25199
1760069520,0.25199,0.25218,0.25192,0.252
1760069580,0.252,0.25222,0.25185,0.25205
1760069640,0.25205,0.25219,0.25188,0.2519
1760069700,0.2519,0.25201,0.25185,0.25195
1760069760,0.25195,0.252,0.25163,0.25164
1760069820,0.25164,0.25194,0.25161,0.25178
1760069880,0.25178,0.25178,0.25152,0.25152
1760069940,0.25152,0.25156,0.25106,0.25112
1760070000,0.25112,0.25147,0.25102,0.25145
1760070060,0.25145,0.25148,0.25124,0.25124
1760070120,0.25124,0.25163,0.25124,0.25144
1760070180,0.25144,0.25144,0.2511,0.25115
1760070240,0.25115,0.25135,0.25102,0.25102
1760070300,0.25102,0.25108,0.25084,0.25097
1760070360,0.25097,0.25105,0.25087,0.25095
1760070420,0.25095,0.25112,0.25077,0.25098
1760070480,0.25098,0.25125,0.25098,0.25116
1760070540,0.25116,0.25146,0.25116,0.25134
1760070600,0.25134,0.25146,0.25126,0.25137
1760070660,0.25137,0.25186,0.25126,0.25182
1760070720,0.25182,0.25199,0.2517,0.2518
1760070780,0.2518,0.25185,0.25098,0.25099
1760070840,0.25099,0.25108,0.25077,0.25103
1760070900,0.25103,0.25103,0.2506,0.25068
1760070960,0.25068,0.25069,0.25038,0.25049
1760071020,0.25049,0.25066,0.25039,0.2506
1760071080,0.2506,0.25069,0.25039,0.25039
1760071140,0.25039,0.25066,0.25029,0.25062
1760071200,0.25062,0.2508,0.25048,0.2508
1760071260,0.2508,0.25086,0.25049,0.25049
1760071320,0.25049,0.25053,0.25035,0.25045
1760071380,0.25045,0.25069,0.25045,0.25052
1760071440,0.25052,0.25067,0.25045,0.25067
1760071500,0.25067,0.25068,0.25033,0.25043
1760071560,0.25043,0.25073,0.25039,0.25046
1760071620,0.25046,0.25067,0.25046,0.25048
1760071680,0.25048,0.25052,0.25029,0.25046
1760071740,0.25046,0.25071,0.25044,0.25063
1760071800,0.25063,0.25063,0.25041,0.25051
1760071860,0.25051,0.25068,0.25051,0.2506
1760071920,0.2506,0.25072,0.25057,0.25071
1760071980,0.25071,0.25105,0.25071,0.25097
1760072040,0.25097,0.25106,0.25092,0.25103
1760072100,0.25103,0.25109,0.25077,0.25078
1760072160,0.25078,0.25094,0.25075,0.25084
1760072220,0.25084,0.2512,0.25079,0.2511
1760072280,0.2511,0.25116,0.25095,0.25108
1760072340,0.25108,0.25113,0.25104,0.25112
1760072400,0.25112,0.25124,0.251,0.25102
1760072460,0.25102,0.25114,0.25086,0.2509
1760072520,0.2509,0.2509,0.25058,0.25071
1760072580,0.25071,0.25072,0.25037,0.25037
1760072640,0.25037,0.25037,0.24944,0.24963
1760072700,0.24963,0.24963,0.2488,0.2492
1760072760,0.2492,0.2492,0.2485,0.24918
1760072820,0.24918,0.24939,0.24888,0.24937
1760072880,0.24937,0.2494,0.249,0.24914
1760072940,0.24914,0.24925,0.2489,0.24917
1760073000,0.24917,0.24919,0.24896,0.24904
1760073060,0.24904,0.24918,0.24889,0.24896
1760073120,0.24896,0.24917,0.24894,0.24903
1760073180,0.24903,0.24929,0.24903,0.24917
1760073240,0.24917,0.24922,0.24891,0.24891
1760073300,0.24891,0.2493,0.2488,0.24924
1760073360,0.24924,0.2494,0.24903,0.24903
1760073420,0.24903,0.24944,0.24903,0.24941
1760073480,0.24941,0.24953,0.24935,0.24946
1760073540,0.24946,0.24947,0.24904,0.24917
1760073600,0.24917,0.24948,0.24911,0.24948
1760073660,0.24948,0.24975,0.24946,0.24958
1760073720,0.24958,0.24963,0.24947,0.24958
1760073780,0.24958,0.25006,0.24958,0.25005
1760073840,0.25005,0.25019,0.2497,0.25019
1760073900,0.25019,0.25031,0.25007,0.25019
1760073960,0.25019,0.25047,0.25005,0.25008
1760074020,0.25008,0.2502,0.24987,0.2501
1760074080,0.2501,0.25013,0.24989,0.24994
1760074140,0.24994,0.25013,0.24994,0.25004
1760074200,0.25004,0.25007,0.24975,0.24977
1760074260,0.24977,0.24995,0.24961,0.24982
1760074320,0.24982,0.24987,0.24927,0.24927
1760074380,0.24927,0.24967,0.24917,0.24958
1760074440,0.24958,0.24967,0.24942,0.24942
1760074500,0.24942,0.24954,0.2493,0.24945
1760074560,0.24945,0.24952,0.24925,0.2495
1760074620,0.2495,0.24963,0.24944,0.24958
1760074680,0.24958,0.24969,0.24954,0.24961
1760074740,0.24961,0.24982,0.24959,0.2498
1760074800,0.2498,0.25026,0.24977,0.25025
1760074860,0.25025,0.25056,0.25023,0.25053
1760074920,0.25053,0.25057,0.25042,0.25045
1760074980,0.25045,0.25073,0.25045,0.25069
1760075040,0.25069,0.25093,0.2506,0.25079
1760075100,0.25079,0.25119,0.25078,0.25114
1760075160,0.25114,0.25183,0.25114,0.25155
1760075220,0.25155,0.25179,0.25134,0.25137
1760075280,0.25137,0.25177,0.25132,0.25173
1760075340,0.25173,0.25178,0.25154,0.25161
1760075400,0.25161,0.2519,0.25161,0.25184
1760075460,0.25184,0.25195,0.25161,0.25176
1760075520,0.25176,0.25184,0.25159,0.25182
1760075580,0.25182,0.25198,0.25178,0.25194
1760075640,0.25194,0.25238,0.2519,0.25234
1760075700,0.25234,0.25237,0.25193,0.25193
1760075760,0.25193,0.25205,0.25184,0.25198
1760075820,0.25198,0.25199,0.25183,0.2519
1760075880,0.2519,0.2519,0.25171,0.25177
1760075940,0.25177,0.25199,0.25176,0.25192
1760076000,0.25192,0.25235,0.25185,0.25225
1760076060,0.25225,0.25225,0.25181,0.25183
1760076120,0.25183,0.25239,0.25179,0.25226
1760076180,0.25226,0.25234,0.25201,0.25233
1760076240,0.25233,0.25254,0.25219,0.25246
1760076300,0.25246,0.25278,0.25243,0.25265
1760076360,0.25265,0.25269,0.25227,0.25227
1760076420,0.25227,0.2524,0.25224,0.25227
1760076480,0.25227,0.25227,0.25194,0.2521
1760076540,0.2521,0.25222,0.25172,0.25175
1760076600,0.25175,0.25195,0.25154,0.2516
1760076660,0.2516,0.2516,0.25128,0.25144
1760076720,0.25144,0.25171,0.25133,0.25145
1760076780,0.25145,0.25162,0.2514,0.25142
1760076840,0.25142,0.25158,0.25135,0.25146
1760076900,0.25146,0.25226,0.25146,0.25196
1760076960,0.25196,0.25203,0.25147,0.25158
1760077020,0.25158,0.25179,0.25152,0.25152
1760077080,0.25152,0.25175,0.25148,0.25168
1760077140,0.25168,0.25173,0.25135,0.25146
1760077200,0.25146,0.25146,0.25116,0.25121
1760077260,0.25121,0.25141,0.25118,0.25123
1760077320,0.25123,0.25137,0.25117,0.2513
1760077380,0.2513,0.2513,0.25101,0.25111
1760077440,0.25111,0.25111,0.25092,0.25105
1760077500,0.25105,0.25105,0.25085,0.25094
1760077560,0.25094,0.251,0.25081,0.25087
1760077620,0.25087,0.25107,0.25087,0.25088
1760077680,0.25088,0.2509,0.25054,0.25056
1760077740,0.25056,0.25079,0.25038,0.25076
1760077800,0.25076,0.25112,0.25072,0.25077
1760077860,0.25077,0.25115,0.25077,0.25099
1760077920,0.25099,0.25099,0.25053,0.25062
1760077980,0.25062,0.25092,0.25054,0.25092
1760078040,0.25092,0.25149,0.25092,0.25147
1760078100,0.25147,0.25149,0.25081,0.25085
1760078160,0.25085,0.25091,0.25035,0.25036
1760078220,0.25036,0.2506,0.25002,0.25003
1760078280,0.25003,0.2501,0.24962,0.24991
1760078340,0.24991,0.25022,0.24986,0.25022
1760078400,0.25022,0.25056,0.25013,0.25053
1760078460,0.25053,0.25076,0.25051,0.25074
1760078520,0.25074,0.25077,0.25062,0.25068
1760078580,0.25068,0.25068,0.25037,0.2504
1760078640,0.2504,0.2504,0.25002,0.25031
1760078700,0.25031,0.25068,0.25028,0.25068
1760078760,0.25068,0.25077,0.25035,0.25044
1760078820,0.25044,0.2505,0.25024,0.25026
1760078880,0.25026,0.25026,0.24983,0.24988
1760078940,0.24988,0.24996,0.24955,0.24959
1760079000,0.24959,0.24977,0.24934,0.24941
1760079060,0.24941,0.24941,0.24904,0.24916
1760079120,0.24916,0.24932,0.24899,0.24906
1760079180,0.24906,0.24949,0.24891,0.24944
1760079240,0.24944,0.24951,0.24934,0.24944
1760079300,0.24944,0.24966,0.24939,0.24942
1760079360,0.24942,0.24955,0.2494,0.24949
1760079420,0.24949,0.24969,0.24943,0.24964
1760079480,0.24964,0.24981,0.24963,0.24964
1760079540,0.24964,0.24965,0.24955,0.24955
1760079600,0.24955,0.24967,0.24944,0.24967
1760079660,0.24967,0.24967,0.2487,0.24878
1760079720,0.24878,0.24905,0.24865,0.24869
1760079780,0.24869,0.24878,0.24867,0.24873
1760079840,0.24873,0.24882,0.24837,0.24863
1760079900,0.24863,0.24879,0.24849,0.24857
1760079960,0.24857,0.24857,0.24811,0.24817
1760080020,0.24817,0.24817,0.24787,0.24799
1760080080,0.24799,0.24799,0.24724,0.24764
1760080140,0.24764,0.24801,0.24762,0.24794
1760080200,0.24794,0.24826,0.2479,0.24826
1760080260,0.24826,0.24826,0.24781,0.248
1760080320,0.248,0.24822,0.24778,0.248
1760080380,0.248,0.24815,0.24794,0.24799
1760080440,0.24799,0.24814,0.2479,0.24808
1760080500,0.24808,0.24811,0.24746,0.24746
1760080560,0.24746,0.24765,0.24706,0.24709
1760080620,0.24709,0.24738,0.24707,0.24724
1760080680,0.24724,0.24724,0.24666,0.24715
1760080740,0.24715,0.24754,0.24698,0.24753
1760080800,0.24753,0.24792,0.24741,0.24766
1760080860,0.24766,0.24803,0.24766,0.24777
1760080920,0.24777,0.24777,0.24724,0.24724
1760080980,0.24724,0.2474,0.24716,0.2474
1760081040,0.2474,0.2474,0.2471,0.24733
1760081100,0.24733,0.24733,0.24714,0.24714
1760081160,0.24714,0.24757,0.24707,0.24757
1760081220,0.24757,0.24802,0.24752,0.2478
1760081280,0.2478,0.248,0.24777,0.24781
1760081340,0.24781,0.24801,0.24779,0.24784
1760081400,0.24784,0.24793,0.24771,0.24788
1760081460,0.24788,0.24797,0.2474,0.24747
1760081520,0.24747,0.24764,0.24746,0.2475
1760081580,0.2475,0.24765,0.24742,0.24744
1760081640,0.24744,0.2477,0.24729,0.2476
1760081700,0.2476,0.24778,0.24749,0.24769
1760081760,0.24769,0.24807,0.24767,0.24803
1760081820,0.24803,0.24816,0.2479,0.24805
1760081880,0.24805,0.24815,0.24795,0.24797
1760081940,0.24797,0.24816,0.24782,0.24814
1760082000,0.24814,0.24831,0.2481,0.24825
1760082060,0.24825,0.24838,0.24813,0.24834
1760082120,0.24834,0.24835,0.24818,0.24822
1760082180,0.24822,0.24829,0.24808,0.24822
1760082240,0.24822,0.24834,0.24822,0.24828
1760082300,0.24828,0.24828,0.24793,0.24801
1760082360,0.24801,0.24805,0.24744,0.24747
1760082420,0.24747,0.24789,0.24732,0.2478
1760082480,0.2478,0.24785,0.24763,0.24775
1760082540,0.24775,0.24775,0.24747,0.24761
1760082600,0.24761,0.24782,0.24744,0.24756
1760082660,0.24756,0.24769,0.24729,0.24747
1760082720,0.24747,0.2479,0.24745,0.24771
1760082780,0.24771,0.24784,0.24758,0.24776
1760082840,0.24776,0.2479,0.24761,0.24761
1760082900,0.24761,0.24791,0.24761,0.24785
1760082960,0.24785,0.2479,0.24747,0.24747
1760083020,0.24747,0.24747,0.24716,0.24733
1760083080,0.24733,0.24733,0.24704,0.24705
1760083140,0.24705,0.2472,0.24697,0.2472
1760083200,0.2472,0.24735,0.24716,0.24729
1760083260,0.24729,0.24762,0.24728,0.24761
1760083320,0.24761,0.24801,0.24759,0.248
1760083380,0.248,0.24805,0.24741,0.24744
1760083440,0.24744,0.24746,0.24717,0.2473
1760083500,0.2473,0.2473,0.24644,0.24712
1760083560,0.24712,0.24758,0.24698,0.24754
1760083620,0.24754,0.24754,0.24696,0.24714
1760083680,0.24714,0.24765,0.24704,0.24757
1760083740,0.24757,0.24777,0.24745,0.24777
1760083800,0.24777,0.24796,0.24755,0.24796
1760083860,0.24796,0.24807,0.24773,0.24796
1760083920,0.24796,0.24796,0.24758,0.24779
1760083980,0.24779,0.24811,0.24778,0.24802
1760084040,0.24802,0.24812,0.24789,0.248
1760084100,0.248,0.24856,0.248,0.24851
1760084160,0.24851,0.24883,0.2484,0.2484
1760084220,0.2484,0.24879,0.2484,0.2487
1760084280,0.2487,0.2488,0.24857,0.24868
1760084340,0.24868,0.24873,0.24841,0.24864
1760084400,0.24864,0.24864,0.24839,0.24859
1760084460,0.24859,0.24861,0.24829,0.24835
1760084520,0.24835,0.24845,0.24829,0.24845
1760084580,0.24845,0.24848,0.24826,0.24843
1760084640,0.24843,0.24878,0.24839,0.24873
1760084700,0.24873,0.24891,0.24867,0.24871
1760084760,0.24871,0.24875,0.24844,0.24858
1760084820,0.24858,0.24877,0.24855,0.2486
1760084880,0.2486,0.24885,0.2486,0.24873
1760084940,0.24873,0.24878,0.2486,0.2486
1760085000,0.2486,0.24869,0.24848,0.24864
1760085060,0.24864,0.24893,0.2485,0.24863
1760085120,0.24863,0.24868,0.24818,0.24819
1760085180,0.24819,0.24824,0.24806,0.24817
1760085240,0.24817,0.24823,0.24776,0.24793
1760085300,0.24793,0.24815,0.24783,0.24795
1760085360,0.24795,0.24811,0.24788,0.24807
1760085420,0.24807,0.24807,0.2476,0.24774
1760085480,0.24774,0.24811,0.24764,0.24809
1760085540,0.24809,0.24818,0.24793,0.2481
1760085600,0.2481,0.24828,0.24798,0.24798
1760085660,0.24798,0.24799,0.24768,0.24774
1760085720,0.24774,0.24792,0.2477,0.24781
1760085780,0.24781,0.24795,0.2477,0.24772
1760085840,0.24772,0.24804,0.24768,0.24792
1760085900,0.24792,0.24829,0.24792,0.24816
1760085960,0.24816,0.24827,0.24801,0.24816
1760086020,0.24816,0.24825,0.24805,0.24813
1760086080,0.24813,0.2483,0.24808,0.24809
1760086140,0.24809,0.2482,0.24792,0.24811
1760086200,0.24811,0.24875,0.24811,0.24863
1760086260,0.24863,0.24895,0.24863,0.24888
1760086320,0.24888,0.24888,0.24864,0.24875
1760086380,0.24875,0.24895,0.24869,0.24887
1760086440,0.24887,0.24894,0.24874,0.2489
1760086500,0.2489,0.249,0.24867,0.24891
1760086560,0.24891,0.24918,0.24884,0.24907
1760086620,0.24907,0.24918,0.24894,0.24913
1760086680,0.24913,0.24928,0.24898,0.24904
1760086740,0.24904,0.24926,0.24904,0.24905
1760086800,0.24905,0.24916,0.24888,0.2489
1760086860,0.2489,0.24892,0.24845,0.24872
1760086920,0.24872,0.24872,0.24841,0.24848
1760086980,0.24848,0.24879,0.24848,0.24878
1760087040,0.24878,0.2488,0.2485,0.24856
1760087100,0.24856,0.24874,0.24844,0.24868
1760087160,0.24868,0.24881,0.24836,0.24837
1760087220,0.24837,0.24859,0.24835,0.24843
1760087280,0.24843,0.24844,0.24815,0.24817
1760087340,0.24817,0.24831,0.24816,0.24824
1760087400,0.24824,0.24824,0.24808,0.24818
1760087460,0.24818,0.24861,0.24813,0.24859
1760087520,0.24859,0.2487,0.24841,0.24844
1760087580,0.24844,0.24873,0.24844,0.24846
1760087640,0.24846,0.24846,0.24823,0.24824
1760087700,0.24824,0.24844,0.24823,0.24838
1760087760,0.24838,0.24838,0.24804,0.24815
1760087820,0.24815,0.24836,0.24797,0.24836
1760087880,0.24836,0.24839,0.24812,0.24825
1760087940,0.24825,0.24825,0.24781,0.24787
1760088000,0.24787,0.24804,0.24781,0.24801
1760088060,0.24801,0.24821,0.24796,0.24818
1760088120,0.24818,0.24843,0.24812,0.24839
1760088180,0.24839,0.24848,0.24832,0.24842
1760088240,0.24842,0.24865,0.24834,0.24864
1760088300,0.24864,0.24874,0.24859,0.24874
1760088360,0.24874,0.24917,0.24874,0.24915
1760088420,0.24915,0.25014,0.24915,0.25011
1760088480,0.25011,0.25031,0.25008,0.25024
1760088540,0.25024,0.25067,0.25024,0.2503
1760088600,0.2503,0.25039,0.24996,0.25007
1760088660,0.25007,0.25036,0.2499,0.24997
1760088720,0.24997,0.25028,0.24997,0.25008
1760088780,0.25008,0.25014,0.24985,0.25002
1760088840,0.25002,0.25011,0.24986,0.24994
1760088900,0.24994,0.25002,0.24969,0.24983
1760088960,0.24983,0.24983,0.24971,0.24976
1760089020,0.24976,0.24977,0.24964,0.24971
1760089080,0.24971,0.24973,0.24952,0.24953
1760089140,0.24953,0.24959,0.24946,0.24952
1760089200,0.24952,0.24959,0.24928,0.2494
1760089260,0.2494,0.2494,0.24914,0.24918
1760089320,0.24918,0.2496,0.24918,0.24959
1760089380,0.24959,0.24986,0.24954,0.24959
1760089440,0.24959,0.2496,0.24947,0.2496
1760089500,0.2496,0.25024,0.24955,0.24994
1760089560,0.24994,0.24998,0.2494,0.24954
1760089620,0.24954,0.24984,0.24952,0.24958
1760089680,0.24958,0.24963,0.2492,0.24926
1760089740,0.24926,0.24926,0.24872,0.24875
1760089800,0.24875,0.24875,0.24815,0.24851
1760089860,0.24851,0.24874,0.2483,0.24871
1760089920,0.24871,0.24874,0.24843,0.24847
1760089980,0.24847,0.24858,0.24824,0.24836
1760090040,0.24836,0.24881,0.24834,0.24863
1760090100,0.24863,0.24879,0.24862,0.24862
1760090160,0.24862,0.24864,0.24822,0.24861
1760090220,0.24861,0.24861,0.2484,0.24854
1760090280,0.24854,0.24875,0.24837,0.24838
1760090340,0.24838,0.24857,0.24817,0.24855
1760090400,0.24855,0.24855,0.24829,0.24843
1760090460,0.24843,0.24895,0.24841,0.24874
1760090520,0.24874,0.24909,0.24862,0.24894
1760090580,0.24894,0.24923,0.24884,0.24915
1760090640,0.24915,0.24928,0.24893,0.24893
1760090700,0.24893,0.2494,0.24892,0.24927
1760090760,0.24927,0.2494,0.24926,0.2494
1760090820,0.2494,0.24949,0.24934,0.24941
1760090880,0.24941,0.24958,0.24941,0.24958
1760090940,0.24958,0.24958,0.24928,0.24948
1760091000,0.24948,0.24954,0.24935,0.24936
1760091060,0.24936,0.24962,0.24936,0.24953
1760091120,0.24953,0.24956,0.24936,0.24938
1760091180,0.24938,0.24951,0.2492,0.24924
1760091240,0.24924,0.24932,0.24919,0.24928
1760091300,0.24928,0.24949,0.24928,0.24947
1760091360,0.24947,0.24952,0.24933,0.24952
1760091420,0.24952,0.24967,0.24949,0.24967
1760091480,0.24967,0.24997,0.24967,0.24992
1760091540,0.24992,0.25034,0.24992,0.25027
1760091600,0.25027,0.25027,0.24997,0.25008
1760091660,0.25008,0.25054,0.25008,0.25044
1760091720,0.25044,0.25044,0.25,0.25
1760091780,0.25,0.25015,0.24972,0.25015
1760091840,0.25015,0.25018,0.25002,0.25011
1760091900,0.25011,0.25018,0.24996,0.25003
1760091960,0.25003,0.25009,0.24994,0.24999
1760092020,0.24999,0.25003,0.24988,0.24996
1760092080,0.24996,0.24997,0.24936,0.24944
1760092140,0.24944,0.24949,0.24934,0.24937
1760092200,0.24937,0.24968,0.24916,0.24965
1760092260,0.24965,0.24981,0.24947,0.24954
1760092320,0.24954,0.24959,0.24925,0.24938
1760092380,0.24938,0.24992,0.24938,0.2498
1760092440,0.2498,0.24981,0.24957,0.24959
1760092500,0.24959,0.24965,0.24937,0.24944
1760092560,0.24944,0.24944,0.24924,0.24943
1760092620,0.24943,0.24996,0.24939,0.24988
1760092680,0.24988,0.25027,0.24983,0.25016
1760092740,0.25016,0.25031,0.2498,0.24986
1760092800,0.24986,0.24986,0.24959,0.24962
1760092860,0.24962,0.24977,0.24962,0.24976
1760092920,0.24976,0.25003,0.24974,0.25002
1760092980,0.25002,0.25002,0.24975,0.24995
1760093040,0.24995,0.25003,0.24985,0.24999
1760093100,0.24999,0.25027,0.24998,0.25021
1760093160,0.25021,0.25029,0.25008,0.2502
1760093220,0.2502,0.25029,0.24989,0.24997
1760093280,0.24997,0.25034,0.2498,0.25034
1760093340,0.25034,0.25082,0.25028,0.25062
1760093400,0.25062,0.25091,0.25055,0.25088
1760093460,0.25088,0.25116,0.25072,0.25073
1760093520,0.25073,0.25104,0.25071,0.25082
1760093580,0.25082,0.251,0.25073,0.25073
1760093640,0.25073,0.25073,0.25048,0.25065
1760093700,0.25065,0.25107,0.25049,0.25107
1760093760,0.25107,0.25108,0.25092,0.25092
1760093820,0.25092,0.25099,0.25071,0.25071
1760093880,0.25071,0.25075,0.2505,0.2506
1760093940,0.2506,0.25071,0.25056,0.25056
1760094000,0.25056,0.25088,0.25056,0.25065
1760094060,0.25065,0.25081,0.25048,0.25052
1760094120,0.25052,0.25069,0.2505,0.25061
1760094180,0.25061,0.25101,0.2506,0.25092
1760094240,0.25092,0.25092,0.25067,0.25078
1760094300,0.25078,0.25109,0.25077,0.25083
1760094360,0.25083,0.25089,0.25046,0.25049
1760094420,0.25049,0.25057,0.25037,0.25048
1760094480,0.25048,0.25076,0.25048,0.25061
1760094540,0.25061,0.25098,0.25056,0.25077
1760094600,0.25077,0.2508,0.25039,0.25072
1760094660,0.25072,0.25072,0.2501,0.25016
1760094720,0.25016,0.25022,0.24998,0.25011
1760094780,0.25011,0.25026,0.25009,0.25012
1760094840,0.25012,0.25017,0.25002,0.25006
1760094900,0.25006,0.25023,0.25003,0.2501
1760094960,0.2501,0.25019,0.24998,0.25016
1760095020,0.25016,0.25024,0.25006,0.25021
1760095080,0.25021,0.25029,0.25007,0.25009
1760095140,0.25009,0.25019,0.24993,0.24993
1760095200,0.24993,0.25009,0.24964,0.25007
1760095260,0.25007,0.25007,0.24987,0.2499
1760095320,0.2499,0.2499,0.24958,0.24973
1760095380,0.24973,0.24976,0.24959,0.24959
1760095440,0.24959,0.24987,0.24958,0.2498
1760095500,0.2498,0.24987,0.24971,0.24985
1760095560,0.24985,0.24991,0.2497,0.24983
1760095620,0.24983,0.24996,0.24971,0.24996
1760095680,0.24996,0.24999,0.24975,0.2499
1760095740,0.2499,0.2501,0.24987,0.25008
1760095800,0.25008,0.2503,0.25002,0.25017
1760095860,0.25017,0.25038,0.25008,0.25037
1760095920,0.25037,0.25065,0.25032,0.25065
1760095980,0.25065,0.25067,0.2504,0.25044
1760096040,0.25044,0.25054,0.25036,0.25046
1760096100,0.25046,0.25067,0.25046,0.25064
1760096160,0.25064,0.25076,0.25058,0.25075
1760096220,0.25075,0.25077,0.2506,0.25063
1760096280,0.25063,0.25085,0.25048,0.25058
1760096340,0.25058,0.25069,0.25048,0.2505
1760096400,0.2505,0.25054,0.25038,0.25053
1760096460,0.25053,0.25059,0.25046,0.25058
1760096520,0.25058,0.25058,0.25,0.25004
1760096580,0.25004,0.25024,0.25003,0.25022
1760096640,0.25022,0.25043,0.25022,0.2504
1760096700,0.2504,0.25041,0.25025,0.25025
1760096760,0.25025,0.25031,0.25017,0.25019
1760096820,0.25019,0.25028,0.25006,0.25028
1760096880,0.25028,0.25028,0.25007,0.25024
1760096940,0.25024,0.25026,0.25003,0.25026
1760097000,0.25026,0.25041,0.25018,0.25039
1760097060,0.25039,0.25079,0.25039,0.25074
1760097120,0.25074,0.25094,0.25068,0.25075
1760097180,0.25075,0.25086,0.25071,0.25071
1760097240,0.25071,0.2508,0.25066,0.25073
1760097300,0.25073,0.2508,0.25069,0.25078
1760097360,0.25078,0.2509,0.25075,0.25082
1760097420,0.25082,0.25088,0.25068,0.25075
1760097480,0.25075,0.25075,0.25051,0.25065
1760097540,0.25065,0.2507,0.25061,0.25069
1760097600,0.25069,0.25076,0.25048,0.2505
1760097660,0.2505,0.25082,0.2505,0.25081
1760097720,0.25081,0.25084,0.25062,0.25072
1760097780,0.25072,0.25117,0.25072,0.25105
1760097840,0.25105,0.25109,0.25076,0.25099
1760097900,0.25099,0.25118,0.25091,0.25109
1760097960,0.25109,0.2511,0.25074,0.25077
1760098020,0.25077,0.25102,0.2507,0.25099
1760098080,0.25099,0.25122,0.25098,0.25121
1760098140,0.25121,0.25146,0.25083,0.25083
1760098200,0.25083,0.25087,0.25037,0.25039
1760098260,0.25039,0.25039,0.25008,0.25028
1760098320,0.25028,0.25043,0.25023,0.25036
1760098380,0.25036,0.25036,0.25011,0.25011
1760098440,0.25011,0.25023,0.25006,0.25022
1760098500,0.25022,0.25022,0.24981,0.24991
1760098560,0.24991,0.2501,0.2499,0.25005
1760098620,0.25005,0.25029,0.24999,0.25024
1760098680,0.25024,0.25029,0.2502,0.25021
1760098740,0.25021,0.25046,0.25021,0.25035
1760098800,0.25035,0.25046,0.25034,0.25043
1760098860,0.25043,0.25048,0.25027,0.2504
1760098920,0.2504,0.25059,0.2503,0.2503
1760098980,0.2503,0.25057,0.2503,0.25056
1760099040,0.25056,0.25065,0.25051,0.25057
1760099100,0.25057,0.25077,0.25052,0.25072
1760099160,0.25072,0.25072,0.2505,0.25066
1760099220,0.25066,0.25066,0.25033,0.25049
1760099280,0.25049,0.25049,0.25029,0.25043
1760099340,0.25043,0.25044,0.25024,0.25028
1760099400,0.25028,0.25032,0.25009,0.25009
1760099460,0.25009,0.25026,0.25009,0.25013
1760099520,0.25013,0.25032,0.25013,0.25032
1760099580,0.25032,0.25055,0.25032,0.25051
1760099640,0.25051,0.25065,0.25042,0.25065
1760099700,0.25065,0.25076,0.25054,0.25061
1760099760,0.25061,0.25064,0.25039,0.25042
1760099820,0.25042,0.25044,0.24999,0.25002
1760099880,0.25002,0.25005,0.24959,0.24971
1760099940,0.24971,0.25,0.24971,0.24986
1760100000,0.24986,0.25,0.24977,0.24979
1760100060,0.24979,0.2498,0.24951,0.2498
1760100120,0.2498,0.2498,0.24959,0.24964
1760100180,0.24964,0.2498,0.24956,0.2498
1760100240,0.2498,0.24986,0.24972,0.24985
1760100300,0.24985,0.24996,0.2497,0.24981
1760100360,0.24981,0.24991,0.24973,0.24975
1760100420,0.24975,0.24976,0.24957,0.24965
1760100480,0.24965,0.24988,0.24962,0.24986
1760100540,0.24986,0.25005,0.24982,0.25
1760100600,0.25,0.25018,0.24996,0.25001
1760100660,0.25001,0.25038,0.25,0.25036
1760100720,0.25036,0.25054,0.25024,0.25032
1760100780,0.25032,0.25051,0.25032,0.25042
1760100840,0.25042,0.25052,0.25039,0.25046
1760100900,0.25046,0.25074,0.25046,0.25069
1760100960,0.25069,0.25072,0.2506,0.25066
1760101020,0.25066,0.25077,0.25056,0.25077
1760101080,0.25077,0.25078,0.25067,0.25071
1760101140,0.25071,0.25084,0.25071,0.25078
1760101200,0.25078,0.25113,0.25078,0.25102
1760101260,0.25102,0.2511,0.25089,0.25097
1760101320,0.25097,0.25121,0.25097,0.2512
1760101380,0.2512,0.25175,0.2512,0.25159
1760101440,0.25159,0.25197,0.25159,0.25193
1760101500,0.25193,0.25197,0.25135,0.25156
1760101560,0.25156,0.25213,0.25156,0.25189
1760101620,0.25189,0.25191,0.25148,0.2518
1760101680,0.2518,0.25194,0.25169,0.25185
1760101740,0.25185,0.25191,0.25134,0.25157
1760101800,0.25157,0.25159,0.25123,0.25134
1760101860,0.25134,0.25143,0.25123,0.25135
1760101920,0.25135,0.25144,0.25131,0.25133
1760101980,0.25133,0.2514,0.25115,0.25117
1760102040,0.25117,0.25134,0.25117,0.25125
1760102100,0.25125,0.25144,0.25121,0.25121
1760102160,0.25121,0.25122,0.25082,0.25085
1760102220,0.25085,0.25137,0.25082,0.25116
1760102280,0.25116,0.25156,0.25112,0.25154
1760102340,0.25154,0.25192,0.25147,0.25185
1760102400,0.25185,0.25211,0.25185,0.25198
1760102460,0.25198,0.25213,0.25192,0.25192
1760102520,0.25192,0.25192,0.25166,0.25166
1760102580,0.25166,0.25194,0.25165,0.25193
1760102640,0.25193,0.252,0.25166,0.25196
1760102700,0.25196,0.25231,0.25196,0.25222
1760102760,0.25222,0.25294,0.25222,0.2527
1760102820,0.2527,0.25282,0.25233,0.25238
1760102880,0.25238,0.25243,0.25224,0.2523
1760102940,0.2523,0.25232,0.2521,0.25226
1760103000,0.25226,0.25241,0.25173,0.2518
1760103060,0.2518,0.25245,0.2518,0.25228
1760103120,0.25228,0.25236,0.25156,0.25185
1760103180,0.25185,0.252,0.25157,0.25192
1760103240,0.25192,0.2525,0.25192,0.25247
1760103300,0.25247,0.25275,0.25223,0.2524
1760103360,0.2524,0.25245,0.25178,0.25239
1760103420,0.25239,0.25272,0.25203,0.25271
1760103480,0.25271,0.25344,0.25271,0.2534
1760103540,0.2534,0.25406,0.25339,0.25365
1760103600,0.25365,0.25382,0.25319,0.25336
1760103660,0.25336,0.2538,0.25334,0.25352
1760103720,0.25352,0.25381,0.25324,0.25351
1760103780,0.25351,0.25366,0.25297,0.25323
1760103840,0.25323,0.25323,0.25274,0.25288
1760103900,0.25288,0.253,0.25211,0.25252
1760103960,0.25252,0.25258,0.25208,0.25209
1760104020,0.25209,0.25234,0.25182,0.25232
1760104080,0.25232,0.25232,0.25195,0.25209
1760104140,0.25209,0.2521,0.25126,0.25157
1760104200,0.25157,0.25161,0.25118,0.25145
1760104260,0.25145,0.25148,0.25089,0.25112
1760104320,0.25112,0.25156,0.25104,0.25146
1760104380,0.25146,0.25168,0.25111,0.25134
1760104440,0.25134,0.25134,0.25049,0.25076
1760104500,0.25076,0.25108,0.25072,0.25105
1760104560,0.25105,0.25132,0.25105,0.25125
1760104620,0.25125,0.25157,0.25118,0.25148
1760104680,0.25148,0.25168,0.25136,0.25165
1760104740,0.25165,0.25185,0.25155,0.25181
1760104800,0.25181,0.2526,0.25181,0.25254
1760104860,0.25254,0.25259,0.25091,0.25133
1760104920,0.25133,0.25217,0.25127,0.25217
1760104980,0.25217,0.25241,0.25196,0.25222
1760105040,0.25222,0.25262,0.25215,0.25251
1760105100,0.25251,0.25267,0.2521,0.25216
1760105160,0.25216,0.25249,0.25204,0.25239
1760105220,0.25239,0.25303,0.25239,0.2529
1760105280,0.2529,0.25298,0.2524,0.25258
1760105340,0.25258,0.25266,0.25234,0.25253
1760105400,0.25253,0.25253,0.25215,0.25221
1760105460,0.25221,0.25263,0.25214,0.25254
1760105520,0.25254,0.25256,0.2523,0.25236
1760105580,0.25236,0.25248,0.25173,0.25193
1760105640,0.25193,0.25194,0.25144,0.25166
1760105700,0.25166,0.252,0.25158,0.2517
1760105760,0.2517,0.25182,0.25106,0.25107
1760105820,0.25107,0.2511,0.25008,0.25046
1760105880,0.25046,0.25088,0.25024,0.25083
1760105940,0.25083,0.25083,0.25027,0.25061
1760106000,0.25061,0.25085,0.25019,0.25084
1760106060,0.25084,0.25098,0.25056,0.25088
1760106120,0.25088,0.25104,0.25041,0.25051
1760106180,0.25051,0.25053,0.24949,0.24962
1760106240,0.24962,0.24994,0.24962,0.24984
1760106300,0.24984,0.25015,0.24956,0.25001
1760106360,0.25001,0.25025,0.24976,0.2502
1760106420,0.2502,0.25026,0.24972,0.24976
1760106480,0.24976,0.24995,0.24952,0.24954
1760106540,0.24954,0.24957,0.24913,0.24948
1760106600,0.24948,0.25024,0.24926,0.25002
1760106660,0.25002,0.25037,0.24994,0.25008
1760106720,0.25008,0.25029,0.24972,0.25019
1760106780,0.25019,0.25019,0.24987,0.25002
1760106840,0.25002,0.25053,0.24991,0.2505
1760106900,0.2505,0.25054,0.25001,0.25001
1760106960,0.25001,0.25016,0.24962,0.24989
1760107020,0.24989,0.25032,0.24989,0.25032
1760107080,0.25032,0.25032,0.24985,0.25002
1760107140,0.25002,0.25011,0.24977,0.24982
1760107200,0.24982,0.2501,0.2498,0.24996
1760107260,0.24996,0.24999,0.24963,0.24966
1760107320,0.24966,0.24968,0.24905,0.24915
1760107380,0.24915,0.24974,0.24906,0.24964
1760107440,0.24964,0.24987,0.24962,0.24983
1760107500,0.24983,0.24991,0.24958,0.24972
1760107560,0.24972,0.24975,0.24916,0.24916
1760107620,0.24916,0.2499,0.24913,0.2499
1760107680,0.2499,0.25013,0.24987,0.25002
1760107740,0.25002,0.25037,0.24988,0.25021
1760107800,0.25021,0.2504,0.24999,0.2504
1760107860,0.2504,0.25052,0.25013,0.2502
1760107920,0.2502,0.25027,0.24976,0.24976
1760107980,0.24976,0.25007,0.24976,0.25003
1760108040,0.25003,0.25006,0.24955,0.24962
1760108100,0.24962,0.2499,0.24954,0.2497
1760108160,0.2497,0.24983,0.24965,0.24969
1760108220,0.24969,0.24974,0.24738,0.24738
1760108280,0.24738,0.24887,0.24626,0.24714
1760108340,0.24714,0.24772,0.24662,0.24686
1760108400,0.24686,0.24726,0.24642,0.24649
1760108460,0.24649,0.24669,0.24534,0.24596
1760108520,0.24596,0.24597,0.24439,0.24561
1760108580,0.24561,0.2461,0.24491,0.24506
1760108640,0.24506,0.24518,0.24371,0.24478
1760108700,0.24478,0.24519,0.24408,0.2451
1760108760,0.2451,0.24612,0.24456,0.24537
1760108820,0.24537,0.24582,0.24486,0.24574
1760108880,0.24574,0.24594,0.24488,0.24501
1760108940,0.24501,0.24549,0.24471,0.2451
1760109000,0.2451,0.24601,0.24489,0.24595
1760109060,0.24595,0.24638,0.2458,0.24596
1760109120,0.24596,0.24602,0.24532,0.2456
1760109180,0.2456,0.24601,0.24541,0.24577
1760109240,0.24577,0.24607,0.24543,0.2455
1760109300,0.2455,0.24593,0.24527,0.24574
1760109360,0.24574,0.24585,0.24477,0.24487
1760109420,0.24487,0.24502,0.24377,0.24434
1760109480,0.24434,0.24453,0.2435,0.24398
1760109540,0.24398,0.24411,0.24338,0.24368
1760109600,0.24368,0.24394,0.24309,0.24342
1760109660,0.24342,0.24342,0.24172,0.24204
1760109720,0.24204,0.24289,0.24139,0.2426
1760109780,0.2426,0.24293,0.2414,0.24195
1760109840,0.24195,0.24219,0.24111,0.24162
1760109900,0.24162,0.24166,0.24046,0.24122
1760109960,0.24122,0.24183,0.24061,0.24078
1760110020,0.24078,0.24218,0.24072,0.24199
1760110080,0.24199,0.24207,0.2412,0.24141
1760110140,0.24141,0.24142,0.2401,0.24022
1760110200,0.24022,0.24038,0.23773,0.23852
1760110260,0.23852,0.23931,0.2358,0.23711
1760110320,0.23711,0.2385,0.2371,0.23738
1760110380,0.23738,0.23858,0.23724,0.23788
1760110440,0.23788,0.23797,0.23584,0.23688
1760110500,0.23688,0.23812,0.23673,0.23757
1760110560,0.23757,0.2384,0.23699,0.23837
1760110620,0.23837,0.23884,0.23779,0.23868
1760110680,0.23868,0.23921,0.23814,0.23818
1760110740,0.23818,0.23907,0.23814,0.23845
1760110800,0.23845,0.23864,0.23725,0.23757
1760110860,0.23757,0.2382,0.23706,0.2382
1760110920,0.2382,0.23862,0.23771,0.23862
1760110980,0.23862,0.2392,0.23842,0.23919
1760111040,0.23919,0.24017,0.23915,0.24015
1760111100,0.24015,0.24023,0.23911,0.23914
1760111160,0.23914,0.23978,0.23889,0.23955
1760111220,0.23955,0.23955,0.2389,0.23914
1760111280,0.23914,0.2394,0.23877,0.23932
1760111340,0.23932,0.2395,0.23869,0.23903
1760111400,0.23903,0.23907,0.23856,0.23897
1760111460,0.23897,0.2394,0.23853,0.23856
1760111520,0.23856,0.23866,0.23811,0.23821
1760111580,0.23821,0.23849,0.23806,0.23817
1760111640,0.23817,0.23873,0.23791,0.23855
1760111700,0.23855,0.23855,0.23769,0.23799
1760111760,0.23799,0.23799,0.23722,0.2377
1760111820,0.2377,0.23778,0.23724,0.2375
1760111880,0.2375,0.23828,0.23726,0.23812
1760111940,0.23812,0.23815,0.23735,0.23771
1760112000,0.23771,0.23771,0.23677,0.23702
1760112060,0.23702,0.23734,0.23665,0.23707
1760112120,0.23707,0.23731,0.23633,0.23644
1760112180,0.23644,0.23726,0.23626,0.23701
1760112240,0.23701,0.2372,0.23637,0.23714
1760112300,0.23714,0.23814,0.23707,0.23795
1760112360,0.23795,0.23822,0.23742,0.23781
1760112420,0.23781,0.23782,0.23739,0.23747
1760112480,0.23747,0.23839,0.23742,0.23838
1760112540,0.23838,0.23853,0.23826,0.23831
1760112600,0.23831,0.23831,0.2374,0.23746
1760112660,0.23746,0.23791,0.23727,0.2378
1760112720,0.2378,0.2379,0.23703,0.23704
1760112780,0.23704,0.23759,0.23701,0.2373
1760112840,0.2373,0.23752,0.23715,0.23721
1760112900,0.23721,0.23748,0.23695,0.23718
1760112960,0.23718,0.23747,0.23684,0.23689
1760113020,0.23689,0.23693,0.23637,0.23665
1760113080,0.23665,0.23695,0.23655,0.23686
1760113140,0.23686,0.23723,0.23653,0.23683
1760113200,0.23683,0.2372,0.23663,0.23688
1760113260,0.23688,0.23748,0.23664,0.23735
1760113320,0.23735,0.23762,0.23728,0.23752
1760113380,0.23752,0.23856,0.23752,0.23844
1760113440,0.23844,0.23875,0.23829,0.23849
1760113500,0.23849,0.23849,0.2381,0.2382
1760113560,0.2382,0.23865,0.23817,0.23843
1760113620,0.23843,0.23871,0.23824,0.23831
1760113680,0.23831,0.23839,0.23816,0.23816
1760113740,0.23816,0.23822,0.23767,0.2377
1760113800,0.2377,0.23829,0.23755,0.23793
1760113860,0.23793,0.23828,0.23767,0.23824
1760113920,0.23824,0.23895,0.23819,0.23885
1760113980,0.23885,0.23923,0.23876,0.23891
1760114040,0.23891,0.23896,0.23864,0.23885
1760114100,0.23885,0.239,0.23847,0.23876
1760114160,0.23876,0.23938,0.23869,0.2393
1760114220,0.2393,0.23956,0.23918,0.23953
1760114280,0.23953,0.23953,0.23926,0.23936
1760114340,0.23936,0.23952,0.23925,0.23944
1760114400,0.23944,0.23953,0.239,0.23901
1760114460,0.23901,0.23908,0.23819,0.23849
1760114520,0.23849,0.23861,0.23828,0.23836
1760114580,0.23836,0.2384,0.23797,0.23804
1760114640,0.23804,0.23804,0.2377,0.23779
1760114700,0.23779,0.2378,0.23743,0.23757
1760114760,0.23757,0.23772,0.23725,0.23772
1760114820,0.23772,0.23807,0.23756,0.2376
1760114880,0.2376,0.23766,0.237,0.2371
1760114940,0.2371,0.23726,0.23679,0.23685
1760115000,0.23685,0.23707,0.23669,0.23688
1760115060,0.23688,0.2372,0.23675,0.23701
1760115120,0.23701,0.23737,0.23692,0.23706
1760115180,0.23706,0.23709,0.23645,0.23651
1760115240,0.23651,0.23687,0.23643,0.23679
1760115300,0.23679,0.23704,0.23654,0.23688
1760115360,0.23688,0.2371,0.23667,0.23685
1760115420,0.23685,0.23701,0.23657,0.23663
1760115480,0.23663,0.23676,0.23647,0.23656
1760115540,0.23656,0.23666,0.23616,0.23641
1760115600,0.23641,0.23691,0.23617,0.23653
1760115660,0.23653,0.2367,0.23632,0.23661
1760115720,0.23661,0.23663,0.2359,0.23597
1760115780,0.23597,0.23637,0.23588,0.23608
1760115840,0.23608,0.23625,0.23531,0.23549
1760115900,0.23549,0.2357,0.23522,0.23549
1760115960,0.23549,0.23617,0.23542,0.23607
1760116020,0.23607,0.23613,0.23533,0.23542
1760116080,0.23542,0.2359,0.23538,0.23585
1760116140,0.23585,0.23585,0.23557,0.23576
1760116200,0.23576,0.23589,0.23537,0.2356
1760116260,0.2356,0.23612,0.23525,0.23607
1760116320,0.23607,0.23661,0.23606,0.23629
1760116380,0.23629,0.23633,0.23557,0.23559
1760116440,0.23559,0.23575,0.23543,0.23568
1760116500,0.23568,0.23618,0.23553,0.23596
1760116560,0.23596,0.23637,0.23592,0.23637
1760116620,0.23637,0.23657,0.2362,0.23631
1760116680,0.23631,0.23661,0.23627,0.23639
1760116740,0.23639,0.23643,0.23613,0.23634
1760116800,0.23634,0.23634,0.23538,0.23542
1760116860,0.23542,0.23609,0.2354,0.23604
1760116920,0.23604,0.23664,0.23604,0.23663
1760116980,0.23663,0.23697,0.23663,0.23689
1760117040,0.23689,0.23696,0.23624,0.23628
1760117100,0.23628,0.23652,0.23618,0.23639
1760117160,0.23639,0.2365,0.23606,0.23629
1760117220,0.23629,0.23665,0.23621,0.23657
1760117280,0.23657,0.23705,0.23655,0.23704
1760117340,0.23704,0.23705,0.23651,0.23694
1760117400,0.23694,0.23704,0.23659,0.23665
1760117460,0.23665,0.23681,0.23657,0.23669
1760117520,0.23669,0.23669,0.23633,0.23647
1760117580,0.23647,0.23668,0.23618,0.2362
1760117640,0.2362,0.2365,0.23616,0.23621
1760117700,0.23621,0.23633,0.23579,0.23586
1760117760,0.23586,0.23586,0.2354,0.23572
1760117820,0.23572,0.23606,0.23532,0.23577
1760117880,0.23577,0.23577,0.23505,0.23511
1760117940,0.23511,0.23528,0.23458,0.23519
1760118000,0.23519,0.23519,0.23464,0.23498
1760118060,0.23498,0.23524,0.23478,0.23507
1760118120,0.23507,0.23546,0.23505,0.23537
1760118180,0.23537,0.23537,0.23494,0.23525
1760118240,0.23525,0.23536,0.23507,0.23523
1760118300,0.23523,0.23543,0.23423,0.23428
1760118360,0.23428,0.23464,0.23389,0.23464
1760118420,0.23464,0.23483,0.23443,0.23483
1760118480,0.23483,0.23541,0.23481,0.23516
1760118540,0.23516,0.2352,0.23465,0.23488
1760118600,0.23488,0.23496,0.23455,0.23467
1760118660,0.23467,0.23478,0.23453,0.2347
1760118720,0.2347,0.23482,0.23456,0.23463
1760118780,0.23463,0.23507,0.23457,0.23507
1760118840,0.23507,0.23507,0.23481,0.23486
1760118900,0.23486,0.23537,0.23473,0.23513
1760118960,0.23513,0.23515,0.23464,0.23468
1760119020,0.23468,0.23468,0.23446,0.23454
1760119080,0.23454,0.23497,0.23451,0.23496
1760119140,0.23496,0.23498,0.23472,0.23482
1760119200,0.23482,0.23489,0.2343,0.23446
1760119260,0.23446,0.2345,0.23418,0.23444
1760119320,0.23444,0.23499,0.23438,0.23488
1760119380,0.23488,0.23489,0.23441,0.23454
1760119440,0.23454,0.23465,0.23436,0.23448
1760119500,0.23448,0.2349,0.23448,0.23458
1760119560,0.23458,0.23515,0.23444,0.23444
1760119620,0.23444,0.23473,0.23403,0.23473
1760119680,0.23473,0.23505,0.23466,0.23476
1760119740,0.23476,0.23478,0.23435,0.2345
1760119800,0.2345,0.23478,0.23442,0.23474
1760119860,0.23474,0.23481,0.23448,0.23473
1760119920,0.23473,0.23481,0.23455,0.23466
1760119980,0.23466,0.23466,0.23424,0.2344
1760120040,0.2344,0.235,0.23428,0.23499
1760120100,0.23499,0.23501,0.23471,0.23493
1760120160,0.23493,0.23524,0.23489,0.23519
1760120220,0.23519,0.23519,0.23477,0.23479
1760120280,0.23479,0.23479,0.23422,0.23433
1760120340,0.23433,0.23446,0.23405,0.23437
1760120400,0.23437,0.23505,0.23436,0.23504
1760120460,0.23504,0.23539,0.23495,0.23495
1760120520,0.23495,0.2356,0.23484,0.23552
1760120580,0.23552,0.23557,0.2353,0.23535
1760120640,0.23535,0.23562,0.23525,0.23561
1760120700,0.23561,0.23589,0.23561,0.2357
1760120760,0.2357,0.23577,0.23559,0.23567
1760120820,0.23567,0.23567,0.23548,0.23549
1760120880,0.23549,0.23549,0.23504,0.23516
1760120940,0.23516,0.23516,0.23489,0.23499
1760121000,0.23499,0.23517,0.23488,0.23503
1760121060,0.23503,0.23509,0.23483,0.23491
1760121120,0.23491,0.23501,0.23469,0.23492
1760121180,0.23492,0.23528,0.2349,0.23504
1760121240,0.23504,0.23507,0.23479,0.23482
1760121300,0.23482,0.23482,0.2346,0.23462
1760121360,0.23462,0.23464,0.23446,0.23455
1760121420,0.23455,0.23455,0.23402,0.23427
1760121480,0.23427,0.23455,0.23413,0.2342
1760121540,0.2342,0.23456,0.23402,0.23406
1760121600,0.23406,0.23444,0.23377,0.23444
1760121660,0.23444,0.23449,0.23422,0.23434
1760121720,0.23434,0.23446,0.23409,0.23446
1760121780,0.23446,0.2346,0.23429,0.23434
1760121840,0.23434,0.2344,0.23404,0.2341
1760121900,0.2341,0.23486,0.23407,0.23448
1760121960,0.23448,0.23459,0.23412,0.23446
1760122020,0.23446,0.23447,0.23403,0.23405
1760122080,0.23405,0.23409,0.23337,0.23353
1760122140,0.23353,0.23441,0.23348,0.2343
1760122200,0.2343,0.23438,0.23397,0.23417
1760122260,0.23417,0.23446,0.234,0.2344
1760122320,0.2344,0.23455,0.23423,0.23425
1760122380,0.23425,0.23442,0.23394,0.23404
1760122440,0.23404,0.23419,0.23394,0.23415
1760122500,0.23415,0.23428,0.23407,0.23428
1760122560,0.23428,0.23457,0.23428,0.2345
1760122620,0.2345,0.23451,0.23431,0.23436
1760122680,0.23436,0.23437,0.23409,0.23415
1760122740,0.23415,0.23415,0.23392,0.23395
1760122800,0.23395,0.2346,0.23389,0.23433
1760122860,0.23433,0.23444,0.23403,0.23444
1760122920,0.23444,0.23456,0.23428,0.23453
1760122980,0.23453,0.23455,0.23429,0.23434
1760123040,0.23434,0.2344,0.23416,0.23429
1760123100,0.23429,0.23433,0.23369,0.2338
1760123160,0.2338,0.23408,0.23346,0.23408
1760123220,0.23408,0.23419,0.23392,0.23395
1760123280,0.23395,0.23395,0.23313,0.23334
1760123340,0.23334,0.23368,0.23303,0.23349
1760123400,0.23349,0.23355,0.2331,0.23355
1760123460,0.23355,0.23377,0.23278,0.23312
1760123520,0.23312,0.23352,0.23287,0.23351
1760123580,0.23351,0.23378,0.23346,0.23353
1760123640,0.23353,0.23364,0.23307,0.2331
1760123700,0.2331,0.23341,0.23261,0.23337
1760123760,0.23337,0.23357,0.23314,0.23331
1760123820,0.23331,0.23373,0.23317,0.23358
1760123880,0.23358,0.23364,0.23306,0.23315
1760123940,0.23315,0.23344,0.23297,0.23344
1760124000,0.23344,0.23352,0.23255,0.23275
1760124060,0.23275,0.23296,0.23221,0.23254
1760124120,0.23254,0.23318,0.23237,0.23314
1760124180,0.23314,0.23314,0.23244,0.23261
1760124240,0.23261,0.23305,0.23261,0.23305
1760124300,0.23305,0.23424,0.23305,0.23375
1760124360,0.23375,0.23415,0.23341,0.23347
1760124420,0.23347,0.23366,0.23288,0.23289
1760124480,0.23289,0.23289,0.23155,0.23198
1760124540,0.23198,0.23219,0.23005,0.23012
1760124600,0.23012,0.23177,0.23006,0.23174
1760124660,0.23174,0.23203,0.23137,0.23146
1760124720,0.23146,0.23196,0.23129,0.23136
1760124780,0.23136,0.23138,0.23025,0.23068
1760124840,0.23068,0.23126,0.2306,0.23121
1760124900,0.23121,0.23137,0.23065,0.23135
1760124960,0.23135,0.2315,0.2309,0.23129
1760125020,0.23129,0.23167,0.23113,0.23143
1760125080,0.23143,0.23199,0.23132,0.23138
1760125140,0.23138,0.23149,0.23108,0.23127
1760125200,0.23127,0.23182,0.23117,0.23128
1760125260,0.23128,0.23245,0.23114,0.2324
1760125320,0.2324,0.23254,0.23192,0.23241
1760125380,0.23241,0.23266,0.2322,0.23235
1760125440,0.23235,0.23299,0.23226,0.23285
1760125500,0.23285,0.23339,0.23284,0.23311
1760125560,0.23311,0.23317,0.23255,0.23261
1760125620,0.23261,0.23322,0.2326,0.23321
1760125680,0.23321,0.23359,0.23308,0.23356
1760125740,0.23356,0.2336,0.23309,0.23337
1760125800,0.23337,0.23342,0.23255,0.23265
1760125860,0.23265,0.23275,0.23235,0.23235
1760125920,0.23235,0.23278,0.23227,0.2323
1760125980,0.2323,0.23272,0.23204,0.23207
1760126040,0.23207,0.23219,0.23162,0.23174
1760126100,0.23174,0.23199,0.23146,0.23194
1760126160,0.23194,0.23218,0.23174,0.23206
1760126220,0.23206,0.2323,0.23197,0.23214
1760126280,0.23214,0.23221,0.23174,0.23198
1760126340,0.23198,0.23198,0.23156,0.23177
1760126400,0.23177,0.23182,0.23154,0.23157
1760126460,0.23157,0.23221,0.23142,0.23189
1760126520,0.23189,0.23225,0.23162,0.23223
1760126580,0.23223,0.23231,0.23188,0.23216
1760126640,0.23216,0.23292,0.23206,0.23287
1760126700,0.23287,0.23287,0.23222,0.23258
1760126760,0.23258,0.23299,0.23248,0.23286
1760126820,0.23286,0.23289,0.23232,0.2325
1760126880,0.2325,0.2325,0.23203,0.23203
1760126940,0.23203,0.23207,0.23187,0.23187
1760127000,0.23187,0.23229,0.2318,0.23229
1760127060,0.23229,0.23254,0.23216,0.23252
1760127120,0.23252,0.2332,0.23242,0.23319
1760127180,0.23319,0.23324,0.23271,0.23301
1760127240,0.23301,0.2332,0.23284,0.23299
1760127300,0.23299,0.23325,0.2328,0.23322
1760127360,0.23322,0.23349,0.23318,0.23347
1760127420,0.23347,0.23355,0.23293,0.23299
1760127480,0.23299,0.23327,0.23289,0.23325
1760127540,0.23325,0.23329,0.23311,0.23315
1760127600,0.23315,0.23354,0.23301,0.23352
1760127660,0.23352,0.23365,0.23344,0.23354
1760127720,0.23354,0.23374,0.2335,0.23365
1760127780,0.23365,0.23399,0.23365,0.23377
1760127840,0.23377,0.23396,0.2337,0.23389
1760127900,0.23389,0.23408,0.23373,0.23405
1760127960,0.23405,0.23412,0.2339,0.23412
1760128020,0.23412,0.23446,0.23408,0.23428
1760128080,0.23428,0.23444,0.2341,0.23419
1760128140,0.23419,0.23439,0.23408,0.23437
1760128200,0.23437,0.23438,0.23397,0.23397
1760128260,0.23397,0.23397,0.23369,0.23383
1760128320,0.23383,0.23404,0.23339,0.23371
1760128380,0.23371,0.23379,0.23346,0.23378
1760128440,0.23378,0.23389,0.23367,0.23386
1760128500,0.23386,0.23398,0.23365,0.23377
1760128560,0.23377,0.23386,0.23363,0.2337
1760128620,0.2337,0.23371,0.23344,0.23356
1760128680,0.23356,0.23375,0.23351,0.23361
1760128740,0.23361,0.23377,0.23352,0.23353
1760128800,0.23353,0.23379,0.23334,0.23352
1760128860,0.23352,0.2336,0.23344,0.23348
1760128920,0.23348,0.2336,0.23346,0.23353
1760128980,0.23353,0.23388,0.23345,0.23385
1760129040,0.23385,0.23401,0.23352,0.23361
1760129100,0.23361,0.23383,0.23361,0.23372
1760129160,0.23372,0.23383,0.23331,0.23332
1760129220,0.23332,0.23384,0.23331,0.23379
1760129280,0.23379,0.2338,0.23346,0.23365
1760129340,0.23365,0.23383,0.23357,0.23379
1760129400,0.23379,0.23379,0.23157,0.23187
1760129460,0.23187,0.23242,0.23087,0.23147
1760129520,0.23147,0.23163,0.22939,0.23001
1760129580,0.23001,0.23095,0.22758,0.22786
1760129640,0.22786,0.22907,0.22555,0.22804
1760129700,0.22804,0.22848,0.22562,0.22574
1760129760,0.22574,0.22613,0.21946,0.22408
1760129820,0.22408,0.22478,0.22273,0.22416
1760129880,0.22416,0.22461,0.22189,0.22204
1760129940,0.22204,0.2232,0.21423,0.21876
1760130000,0.21876,0.2195,0.21517,0.21643
1760130060,0.21643,0.21984,0.21623,0.21947
1760130120,0.21947,0.22059,0.21838,0.21971
1760130180,0.21971,0.22085,0.2193,0.21966
1760130240,0.21966,0.22088,0.21941,0.22083
1760130300,0.22083,0.22099,0.21886,0.21909
1760130360,0.21909,0.21978,0.21804,0.21846
1760130420,0.21846,0.21959,0.21802,0.21837
1760130480,0.21837,0.21863,0.21713,0.21779
1760130540,0.21779,0.21944,0.21778,0.21854
1760130600,0.21854,0.21929,0.21724,0.2175
1760130660,0.2175,0.21792,0.21576,0.21589
1760130720,0.21589,0.21689,0.20949,0.20951
1760130780,0.20951,0.20981,0.19883,0.20486
1760130840,0.20486,0.20634,0.19393,0.2003
1760130900,0.2003,0.20113,0.18824,0.18942
1760130960,0.18942,0.19037,0.17032,0.17069
1760131020,0.17069,0.17459,0.1483,0.16629
1760131080,0.16629,0.16677,0.11893,0.12478
1760131140,0.12478,0.1348,0.10517,0.11062
1760131200,0.11062,0.11097,0.08561,0.08722
1760131260,0.08722,0.11512,0.08722,0.10859
1760131320,0.10859,0.13517,0.1085,0.12852
1760131380,0.12852,0.13578,0.1278,0.1356
1760131440,0.1356,0.13999,0.13152,0.13796
1760131500,0.13796,0.14744,0.13637,0.1423
1760131560,0.1423,0.1515,0.14205,0.14875
1760131620,0.14875,0.15782,0.14737,0.15487
1760131680,0.15487,0.1625,0.15339,0.1596
1760131740,0.1596,0.16793,0.15832,0.16534
1760131800,0.16534,0.16983,0.1622,0.16744
1760131860,0.16744,0.16807,0.14863,0.15011
1760131920,0.15011,0.16282,0.15011,0.16052
1760131980,0.16052,0.16507,0.15077,0.16421
1760132040,0.16421,0.16597,0.1604,0.16442
1760132100,0.16442,0.17236,0.16389,0.16858
1760132160,0.16858,0.1721,0.15633,0.16533
1760132220,0.16533,0.17361,0.162,0.16453
1760132280,0.16453,0.16947,0.16206,0.16277
1760132340,0.16277,0.16466,0.16,0.16041
1760132400,0.16041,0.16784,0.15854,0.16624
1760132460,0.16624,0.1741,0.165,0.1741
1760132520,0.1741,0.18351,0.17215,0.18208
1760132580,0.18208,0.18587,0.17813,0.18397
1760132640,0.18397,0.1871,0.18,0.18295
1760132700,0.18295,0.18671,0.18095,0.18192
1760132760,0.18192,0.18512,0.17933,0.18297
1760132820,0.18297,0.18765,0.182,0.18295
1760132880,0.18295,0.18467,0.17019,0.17484
1760132940,0.17484,0.179,0.17339,0.17673
1760133000,0.17673,0.18542,0.17559,0.17777
1760133060,0.17777,0.18438,0.17735,0.18155
1760133120,0.18155,0.18452,0.17894,0.18243
1760133180,0.18243,0.18459,0.17846,0.18033
1760133240,0.18033,0.18299,0.17823,0.18081
1760133300,0.18081,0.18477,0.18048,0.18414
1760133360,0.18414,0.18633,0.18237,0.18472
1760133420,0.18472,0.18983,0.18363,0.18632
1760133480,0.18632,0.18799,0.18212,0.18412
1760133540,0.18412,0.18511,0.1803,0.1825
1760133600,0.1825,0.18406,0.17706,0.18087
1760133660,0.18087,0.18218,0.17938,0.18115
1760133720,0.18115,0.18285,0.17995,0.18175
1760133780,0.18175,0.18259,0.17577,0.17614
1760133840,0.17614,0.17815,0.17436,0.17687
1760133900,0.17687,0.17751,0.16221,0.165
1760133960,0.165,0.17257,0.1649,0.17052
1760134020,0.17052,0.17797,0.16896,0.17352
1760134080,0.17352,0.17742,0.17294,0.17677
1760134140,0.17677,0.17822,0.17559,0.17798
1760134200,0.17798,0.17909,0.17576,0.17812
1760134260,0.17812,0.17959,0.17554,0.17697
1760134320,0.17697,0.1784,0.1763,0.17736
1760134380,0.17736,0.17972,0.17662,0.1776
1760134440,0.1776,0.1787,0.1763,0.17733
1760134500,0.17733,0.17796,0.17614,0.17701
1760134560,0.17701,0.1794,0.17645,0.17892
1760134620,0.17892,0.18006,0.17556,0.17735
1760134680,0.17735,0.17812,0.175,0.1768
1760134740,0.1768,0.17752,0.17515,0.17622
1760134800,0.17622,0.17714,0.17432,0.17514
1760134860,0.17514,0.17592,0.17283,0.17394
1760134920,0.17394,0.17583,0.17307,0.17485
1760134980,0.17485,0.17574,0.17317,0.17372
1760135040,0.17372,0.17475,0.17212,0.1728
1760135100,0.1728,0.17394,0.17159,0.1726
1760135160,0.1726,0.17336,0.1688,0.16901
1760135220,0.16901,0.17182,0.16804,0.1713
1760135280,0.1713,0.1718,0.17025,0.17087
1760135340,0.17087,0.17242,0.17011,0.17102
1760135400,0.17102,0.17131,0.16907,0.16935
1760135460,0.16935,0.17041,0.16896,0.17
1760135520,0.17,0.1708,0.16926,0.17011
1760135580,0.17011,0.17146,0.16928,0.16967
1760135640,0.16967,0.17767,0.16955,0.17745
1760135700,0.17745,0.1775,0.17477,0.17635
1760135760,0.17635,0.17951,0.17614,0.17905
1760135820,0.17905,0.18216,0.17807,0.18158
1760135880,0.18158,0.18453,0.18045,0.18202
1760135940,0.18202,0.18542,0.18071,0.18541
1760136000,0.18541,0.18679,0.18466,0.18568
1760136060,0.18568,0.18694,0.18444,0.18642
1760136120,0.18642,0.18661,0.1845,0.18584
1760136180,0.18584,0.18685,0.18468,0.18639
1760136240,0.18639,0.18771,0.1858,0.18696
1760136300,0.18696,0.18923,0.1868,0.18825
1760136360,0.18825,0.1887,0.18656,0.18743
1760136420,0.18743,0.1897,0.18701,0.18932
1760136480,0.18932,0.19088,0.18903,0.19066
1760136540,0.19066,0.19085,0.18913,0.18913
1760136600,0.18913,0.19015,0.18761,0.18786
1760136660,0.18786,0.1887,0.1867,0.18846
1760136720,0.18846,0.19045,0.18828,0.1899
1760136780,0.1899,0.19052,0.18833,0.18882
1760136840,0.18882,0.19114,0.18874,0.19027
1760136900,0.19027,0.19027,0.18866,0.18952
1760136960,0.18952,0.19009,0.18804,0.18804
1760137020,0.18804,0.19125,0.18659,0.19038
1760137080,0.19038,0.19197,0.19003,0.19132
1760137140,0.19132,0.19174,0.19067,0.19157
1760137200,0.19157,0.19175,0.18987,0.19087
1760137260,0.19087,0.19165,0.18913,0.18972
1760137320,0.18972,0.19014,0.1886,0.18909
1760137380,0.18909,0.19072,0.18861,0.19034
1760137440,0.19034,0.191,0.19,0.19065
1760137500,0.19065,0.19143,0.19012,0.19074
1760137560,0.19074,0.19148,0.18997,0.19031
1760137620,0.19031,0.19098,0.18895,0.19075
1760137680,0.19075,0.19123,0.19002,0.19046
1760137740,0.19046,0.19066,0.18814,0.18938
1760137800,0.18938,0.18984,0.18864,0.18883
1760137860,0.18883,0.18971,0.1868,0.18796
1760137920,0.18796,0.18815,0.1868,0.18814
1760137980,0.18814,0.1895,0.18771,0.18925
1760138040,0.18925,0.19,0.18902,0.18971
1760138100,0.18971,0.19177,0.18953,0.19173
1760138160,0.19173,0.19242,0.191,0.19154
1760138220,0.19154,0.19201,0.19101,0.19151
1760138280,0.19151,0.19242,0.19129,0.19205
1760138340,0.19205,0.19412,0.19205,0.1938
1760138400,0.1938,0.19429,0.19312,0.19334
1760138460,0.19334,0.19366,0.19266,0.19309
1760138520,0.19309,0.19374,0.19257,0.19321
1760138580,0.19321,0.19421,0.19293,0.1941
1760138640,0.1941,0.19503,0.19395,0.19461
1760138700,0.19461,0.1962,0.19461,0.19583
1760138760,0.19583,0.19618,0.19517,0.19589
1760138820,0.19589,0.19708,0.19571,0.19651
1760138880,0.19651,0.19708,0.19624,0.19697
1760138940,0.19697,0.19723,0.19626,0.19696
1760139000,0.19696,0.1974,0.19561,0.19611
1760139060,0.19611,0.19653,0.19501,0.19615
1760139120,0.19615,0.19624,0.19464,0.19495
1760139180,0.19495,0.19544,0.19462,0.19532
1760139240,0.19532,0.19719,0.19522,0.19653
1760139300,0.19653,0.19712,0.19583,0.19683
1760139360,0.19683,0.19776,0.19662,0.197
1760139420,0.197,0.19794,0.19679,0.19711
1760139480,0.19711,0.19746,0.19655,0.19712
1760139540,0.19712,0.19797,0.19661,0.19698
1760139600,0.19698,0.1975,0.19635,0.19681
1760139660,0.19681,0.19739,0.19627,0.19704
1760139720,0.19704,0.19872,0.19669,0.1982
1760139780,0.1982,0.1986,0.1973,0.19842
1760139840,0.19842,0.19899,0.19808,0.19853
1760139900,0.19853,0.1992,0.19821,0.19882
1760139960,0.19882,0.19884,0.1973,0.19774
1760140020,0.19774,0.19797,0.19551,0.19564
1760140080,0.19564,0.19646,0.19509,0.19614
1760140140,0.19614,0.19673,0.19503,0.19518
1760140200,0.19518,0.19625,0.19506,0.19516
1760140260,0.19516,0.19568,0.19237,0.19398
1760140320,0.19398,0.1944,0.19319,0.1937
1760140380,0.1937,0.19422,0.19301,0.19356
1760140440,0.19356,0.19387,0.19147,0.19334
1760140500,0.19334,0.19369,0.19153,0.19246
1760140560,0.19246,0.19292,0.1917,0.1926
1760140620,0.1926,0.19342,0.19188,0.19331
1760140680,0.19331,0.194,0.19289,0.19363
1760140740,0.19363,0.19414,0.19319,0.1938
1762128000,0.18628,0.1864,0.18614,0.18616
1762128060,0.18616,0.18625,0.18608,0.1862
1762128120,0.1862,0.1862,0.18606,0.18609
1762128180,0.18609,0.18609,0.18598,0.18604
1762128240,0.18604,0.18617,0.18598,0.18615
1762128300,0.18615,0.18634,0.18615,0.18627
1762128360,0.18627,0.18638,0.18626,0.18628
1762128420,0.18628,0.18634,0.18625,0.18629
1762128480,0.18629,0.18633,0.18622,0.18625
1762128540,0.18625,0.1865,0.18624,0.18648
1762128600,0.18648,0.18657,0.18635,0.18638
1762128660,0.18638,0.18638,0.1862,0.18625
1762128720,0.18625,0.1863,0.1861,0.18611
1762128780,0.18611,0.18616,0.18604,0.18612
1762128840,0.18612,0.18625,0.18611,0.18624
1762128900,0.18624,0.1863,0.1862,0.18628
1762128960,0.18628,0.18638,0.18616,0.18635
1762129020,0.18635,0.18635,0.18614,0.18618
1762129080,0.18618,0.18623,0.18616,0.18618
1762129140,0.18618,0.18621,0.18612,0.18614
1762129200,0.18614,0.18614,0.186,0.18601
1762129260,0.18601,0.18601,0.18574,0.18577
1762129320,0.18577,0.18597,0.18577,0.1859
1762129380,0.1859,0.18594,0.18574,0.18575
1762129440,0.18575,0.18587,0.18575,0.18578
1762129500,0.18578,0.18583,0.18574,0.18575
1762129560,0.18575,0.18575,0.18555,0.18555
1762129620,0.18555,0.18565,0.18555,0.18556
1762129680,0.18556,0.18561,0.18552,0.18558
1762129740,0.18558,0.18569,0.18557,0.18561
1762129800,0.18561,0.18572,0.18555,0.18555
1762129860,0.18555,0.1856,0.1855,0.18553
1762129920,0.18553,0.18564,0.1855,0.18552
1762129980,0.18552,0.18552,0.18531,0.18534
1762130040,0.18534,0.18534,0.18525,0.18525
1762130100,0.18525,0.18537,0.18525,0.18527
1762130160,0.18527,0.18527,0.18515,0.18519
1762130220,0.18519,0.18519,0.18512,0.18517
1762130280,0.18517,0.18528,0.18515,0.18522
1762130340,0.18522,0.18526,0.18515,0.18519
1762130400,0.18519,0.18522,0.1851,0.1851
1762130460,0.1851,0.18516,0.18504,0.18506
1762130520,0.18506,0.18511,0.18504,0.18507
1762130580,0.18507,0.18513,0.18496,0.18504
1762130640,0.18504,0.18512,0.18503,0.18509
1762130700,0.18509,0.18535,0.18509,0.18521
1762130760,0.18521,0.18521,0.18504,0.18505
1762130820,0.18505,0.18505,0.18483,0.18493
1762130880,0.18493,0.18493,0.18453,0.18478
1762130940,0.18478,0.18482,0.18467,0.18468
1762131000,0.18468,0.18488,0.18467,0.18481
1762131060,0.18481,0.18481,0.18468,0.18469
1762131120,0.18469,0.18469,0.18441,0.18441
1762131180,0.18441,0.18441,0.18413,0.18423
1762131240,0.18423,0.18428,0.18407,0.1842
1762131300,0.1842,0.1842,0.18364,0.18386
1762131360,0.18386,0.18391,0.18356,0.18371
1762131420,0.18371,0.18374,0.18361,0.18371
1762131480,0.18371,0.18375,0.18341,0.18375
1762131540,0.18375,0.1839,0.18363,0.18363
1762131600,0.18363,0.18363,0.18312,0.18344
1762131660,0.18344,0.18377,0.18329,0.1837
1762131720,0.1837,0.18385,0.18343,0.18349
1762131780,0.18349,0.18372,0.18342,0.18372
1762131840,0.18372,0.18381,0.1836,0.18367
1762131900,0.18367,0.18381,0.18364,0.18381
1762131960,0.18381,0.18406,0.1838,0.18382
1762132020,0.18382,0.18382,0.18344,0.18347
1762132080,0.18347,0.18391,0.18343,0.1839
1762132140,0.1839,0.18395,0.1837,0.18394
1762132200,0.18394,0.18418,0.18389,0.18418
1762132260,0.18418,0.18418,0.18397,0.18401
1762132320,0.18401,0.18403,0.18386,0.18393
1762132380,0.18393,0.18415,0.18392,0.18414
1762132440,0.18414,0.18418,0.18404,0.18418
1762132500,0.18418,0.18433,0.184,0.18404
1762132560,0.18404,0.18423,0.18386,0.18417
1762132620,0.18417,0.18425,0.1841,0.18412
1762132680,0.18412,0.18428,0.18407,0.18418
1762132740,0.18418,0.18418,0.1838,0.184
1762132800,0.184,0.18401,0.18387,0.18391
1762132860,0.18391,0.18406,0.18385,0.18386
1762132920,0.18386,0.18386,0.18352,0.18359
1762132980,0.18359,0.18359,0.18336,0.18351
1762133040,0.18351,0.18356,0.18341,0.18341
1762133100,0.18341,0.18341,0.18313,0.1832
1762133160,0.1832,0.18322,0.18305,0.18306
1762133220,0.18306,0.18342,0.18305,0.18334
1762133280,0.18334,0.18347,0.18332,0.18341
1762133340,0.18341,0.18346,0.1833,0.1833
1762133400,0.1833,0.18345,0.18315,0.18342
1762133460,0.18342,0.1835,0.18323,0.1834
1762133520,0.1834,0.18352,0.1834,0.1835
1762133580,0.1835,0.18355,0.18341,0.18341
1762133640,0.18341,0.18341,0.1831,0.18312
1762133700,0.18312,0.18312,0.1825,0.1827
1762133760,0.1827,0.18276,0.18237,0.18268
1762133820,0.18268,0.18271,0.18247,0.18256
1762133880,0.18256,0.1831,0.18253,0.18302
1762133940,0.18302,0.18302,0.18277,0.18282
1762134000,0.18282,0.18294,0.18273,0.18292
1762134060,0.18292,0.18292,0.18267,0.18273
1762134120,0.18273,0.18285,0.18265,0.18284
1762134180,0.18284,0.18299,0.18284,0.18294
1762134240,0.18294,0.18313,0.18292,0.18296
1762134300,0.18296,0.18329,0.18294,0.18329
1762134360,0.18329,0.1833,0.18313,0.1833
1762134420,0.1833,0.18334,0.18292,0.18292
1762134480,0.18292,0.18308,0.18287,0.18288
1762134540,0.18288,0.18299,0.18282,0.18296
1762134600,0.18296,0.18306,0.18272,0.18273
1762134660,0.18273,0.18285,0.18264,0.18276
1762134720,0.18276,0.18279,0.18251,0.18266
1762134780,0.18266,0.18284,0.18266,0.18284
1762134840,0.18284,0.18284,0.1827,0.18278
1762134900,0.18278,0.18291,0.18278,0.18284
1762134960,0.18284,0.18288,0.18264,0.18275
1762135020,0.18275,0.18279,0.18266,0.18279
1762135080,0.18279,0.18295,0.18276,0.18283
1762135140,0.18283,0.18294,0.18283,0.18283
1762135200,0.18283,0.18299,0.18277,0.18299
1762135260,0.18299,0.18305,0.18287,0.18293
1762135320,0.18293,0.18293,0.18274,0.18278
1762135380,0.18278,0.18278,0.18251,0.18252
1762135440,0.18252,0.18252,0.18216,0.18231
1762135500,0.18231,0.18244,0.18218,0.18234
1762135560,0.18234,0.18235,0.18183,0.18184
1762135620,0.18184,0.18194,0.18163,0.18184
1762135680,0.18184,0.1823,0.18174,0.18226
1762135740,0.18226,0.18226,0.18193,0.182
1762135800,0.182,0.18219,0.18192,0.18205
1762135860,0.18205,0.18211,0.18185,0.18194
1762135920,0.18194,0.18231,0.18192,0.18231
1762135980,0.18231,0.18268,0.18231,0.18261
1762136040,0.18261,0.1827,0.18243,0.18244
1762136100,0.18244,0.18244,0.18213,0.18221
1762136160,0.18221,0.18221,0.18192,0.18199
1762136220,0.18199,0.182,0.1817,0.18184
1762136280,0.18184,0.18204,0.18182,0.18194
1762136340,0.18194,0.18206,0.18189,0.18204
1762136400,0.18204,0.18225,0.18204,0.18224
1762136460,0.18224,0.18226,0.18201,0.18224
1762136520,0.18224,0.18224,0.18201,0.18205
1762136580,0.18205,0.1823,0.18205,0.18211
1762136640,0.18211,0.18221,0.18209,0.18221
1762136700,0.18221,0.1824,0.18211,0.18217
1762136760,0.18217,0.18222,0.18178,0.18181
1762136820,0.18181,0.18183,0.18134,0.18155
1762136880,0.18155,0.18161,0.18131,0.18143
1762136940,0.18143,0.18143,0.18111,0.18117
1762137000,0.18117,0.18117,0.18074,0.18087
1762137060,0.18087,0.18112,0.18059,0.18092
1762137120,0.18092,0.18111,0.18041,0.1811
1762137180,0.1811,0.18113,0.18054,0.18072
1762137240,0.18072,0.181,0.18066,0.18078
1762137300,0.18078,0.18093,0.1805,0.18082
1762137360,0.18082,0.18086,0.18056,0.18074
1762137420,0.18074,0.18079,0.18042,0.18046
1762137480,0.18046,0.18073,0.18011,0.18073
1762137540,0.18073,0.18074,0.18034,0.18034
1762137600,0.18034,0.18057,0.18033,0.18044
1762137660,0.18044,0.18059,0.18042,0.18054
1762137720,0.18054,0.1806,0.18041,0.18052
1762137780,0.18052,0.18072,0.18049,0.18061
1762137840,0.18061,0.18076,0.18051,0.18054
1762137900,0.18054,0.18054,0.18005,0.18025
1762137960,0.18025,0.18028,0.18009,0.18016
1762138020,0.18016,0.18018,0.17987,0.18018
1762138080,0.18018,0.1804,0.18015,0.18024
1762138140,0.18024,0.18025,0.17995,0.18005
1762138200,0.18005,0.18026,0.17993,0.18019
1762138260,0.18019,0.18074,0.18015,0.1807
1762138320,0.1807,0.18085,0.18054,0.18057
1762138380,0.18057,0.18078,0.18056,0.18072
1762138440,0.18072,0.18112,0.18072,0.18112
1762138500,0.18112,0.18133,0.18104,0.18105
1762138560,0.18105,0.18119,0.18071,0.18072
1762138620,0.18072,0.18082,0.18066,0.18073
1762138680,0.18073,0.1809,0.18061,0.18089
1762138740,0.18089,0.18089,0.18074,0.18085
1762138800,0.18085,0.18105,0.18083,0.18099
1762138860,0.18099,0.18103,0.18086,0.18099
1762138920,0.18099,0.18117,0.18098,0.18102
1762138980,0.18102,0.18117,0.18094,0.18097
1762139040,0.18097,0.18097,0.18069,0.18082
1762139100,0.18082,0.18084,0.18057,0.18057
1762139160,0.18057,0.18062,0.18027,0.18042
1762139220,0.18042,0.18052,0.18026,0.18031
1762139280,0.18031,0.18033,0.17975,0.17995
1762139340,0.17995,0.17995,0.17918,0.1795
1762139400,0.1795,0.17962,0.1791,0.17935
1762139460,0.17935,0.17937,0.17843,0.17879
1762139520,0.17879,0.1789,0.17808,0.17886
1762139580,0.17886,0.1789,0.17817,0.17836
1762139640,0.17836,0.17848,0.17792,0.17826
1762139700,0.17826,0.17862,0.1782,0.17833
1762139760,0.17833,0.17872,0.17833,0.17854
1762139820,0.17854,0.17863,0.17832,0.17844
1762139880,0.17844,0.17893,0.17836,0.17883
1762139940,0.17883,0.17895,0.17843,0.17845
1762140000,0.17845,0.17874,0.17838,0.17853
1762140060,0.17853,0.17861,0.17824,0.17824
1762140120,0.17824,0.17824,0.17777,0.17789
1762140180,0.17789,0.1781,0.1777,0.1778
1762140240,0.1778,0.17802,0.17763,0.17795
1762140300,0.17795,0.17799,0.17772,0.17781
1762140360,0.17781,0.17789,0.17765,0.17776
1762140420,0.17776,0.17782,0.17733,0.1777
1762140480,0.1777,0.17788,0.1777,0.17779
1762140540,0.17779,0.17784,0.17752,0.17759
1762140600,0.17759,0.17763,0.17606,0.17667
1762140660,0.17667,0.1767,0.17601,0.17657
1762140720,0.17657,0.1766,0.1745,0.17561
1762140780,0.17561,0.17595,0.17547,0.17586
1762140840,0.17586,0.17597,0.17539,0.17561
1762140900,0.17561,0.17595,0.17561,0.17584
1762140960,0.17584,0.17587,0.17549,0.1756
1762141020,0.1756,0.17585,0.17501,0.17577
1762141080,0.17577,0.17648,0.17575,0.17604
1762141140,0.17604,0.17611,0.17578,0.17584
1762141200,0.17584,0.17614,0.17573,0.17596
1762141260,0.17596,0.17622,0.17596,0.17604
1762141320,0.17604,0.17604,0.17581,0.17585
1762141380,0.17585,0.17622,0.17574,0.17588
1762141440,0.17588,0.17609,0.17578,0.17593
1762141500,0.17593,0.17593,0.17524,0.17544
1762141560,0.17544,0.17562,0.17519,0.17519
1762141620,0.17519,0.17562,0.17514,0.17556
1762141680,0.17556,0.17573,0.17541,0.1755
1762141740,0.1755,0.17553,0.17534,0.17545
1762141800,0.17545,0.17569,0.17537,0.17559
1762141860,0.17559,0.17564,0.1753,0.17551
1762141920,0.17551,0.17553,0.17475,0.17535
1762141980,0.17535,0.17547,0.17504,0.17515
1762142040,0.17515,0.17522,0.17475,0.17511
1762142100,0.17511,0.17535,0.17501,0.17517
1762142160,0.17517,0.17519,0.17436,0.17467
1762142220,0.17467,0.17521,0.17467,0.17505
1762142280,0.17505,0.17508,0.17484,0.17484
1762142340,0.17484,0.17504,0.17479,0.175
1762142400,0.175,0.175,0.17444,0.17452
1762142460,0.17452,0.17455,0.17385,0.17409
1762142520,0.17409,0.17454,0.17405,0.17438
1762142580,0.17438,0.17461,0.17428,0.17436
1762142640,0.17436,0.17439,0.17381,0.17407
1762142700,0.17407,0.1743,0.17361,0.17403
1762142760,0.17403,0.17408,0.17328,0.17328
1762142820,0.17328,0.17387,0.17316,0.17377
1762142880,0.17377,0.17426,0.17369,0.17416
1762142940,0.17416,0.17418,0.17371,0.17416
1762143000,0.17416,0.17478,0.17415,0.1746
1762143060,0.1746,0.17461,0.17413,0.17418
1762143120,0.17418,0.17428,0.17405,0.17408
1762143180,0.17408,0.17426,0.17399,0.17408
1762143240,0.17408,0.17424,0.17403,0.17419
1762143300,0.17419,0.1744,0.17415,0.17433
1762143360,0.17433,0.17433,0.17387,0.17398
1762143420,0.17398,0.17412,0.1737,0.17407
1762143480,0.17407,0.17417,0.17386,0.17409
1762143540,0.17409,0.17409,0.17376,0.17392
1762143600,0.17392,0.17416,0.17382,0.17398
1762143660,0.17398,0.17414,0.17379,0.17406
1762143720,0.17406,0.17442,0.17387,0.17441
1762143780,0.17441,0.17493,0.17441,0.17483
1762143840,0.17483,0.17494,0.1746,0.1746
1762143900,0.1746,0.17471,0.17449,0.17459
1762143960,0.17459,0.17459,0.17428,0.17447
1762144020,0.17447,0.17469,0.17446,0.17463
1762144080,0.17463,0.17523,0.17463,0.17517
1762144140,0.17517,0.1752,0.17473,0.17473
1762144200,0.17473,0.17473,0.17442,0.17446
1762144260,0.17446,0.17455,0.17405,0.17441
1762144320,0.17441,0.17457,0.17428,0.1744
1762144380,0.1744,0.17459,0.1744,0.17453
1762144440,0.17453,0.1748,0.17443,0.17473
1762144500,0.17473,0.17489,0.17464,0.17489
1762144560,0.17489,0.17502,0.17458,0.17459
1762144620,0.17459,0.17468,0.1745,0.17465
1762144680,0.17465,0.17475,0.17447,0.17465
1762144740,0.17465,0.17486,0.17462,0.17486
1762144800,0.17486,0.17488,0.17465,0.17477
1762144860,0.17477,0.1748,0.17452,0.17459
1762144920,0.17459,0.17482,0.17459,0.17464
1762144980,0.17464,0.17468,0.17435,0.17447
1762145040,0.17447,0.17457,0.17438,0.17446
1762145100,0.17446,0.17463,0.17444,0.17458
1762145160,0.17458,0.1748,0.17453,0.17474
1762145220,0.17474,0.17476,0.17459,0.17475
1762145280,0.17475,0.1748,0.17458,0.17478
1762145340,0.17478,0.17504,0.17475,0.17504
1762145400,0.17504,0.1753,0.17499,0.1752
1762145460,0.1752,0.17535,0.17515,0.17528
1762145520,0.17528,0.17549,0.17528,0.17544
1762145580,0.17544,0.17553,0.17529,0.17551
1762145640,0.17551,0.17578,0.17547,0.17559
1762145700,0.17559,0.17568,0.1755,0.1756
1762145760,0.1756,0.17568,0.17555,0.17567
1762145820,0.17567,0.17576,0.17556,0.17566
1762145880,0.17566,0.17575,0.17562,0.17572
1762145940,0.17572,0.17588,0.17568,0.17585
1762146000,0.17585,0.17607,0.17579,0.17606
1762146060,0.17606,0.17625,0.17599,0.17611
1762146120,0.17611,0.17616,0.17596,0.17602
1762146180,0.17602,0.17621,0.17593,0.17593
1762146240,0.17593,0.17609,0.17582,0.17608
1762146300,0.17608,0.17627,0.17601,0.17626
1762146360,0.17626,0.17627,0.17612,0.1762
1762146420,0.1762,0.17642,0.17617,0.17626
1762146480,0.17626,0.17649,0.17625,0.17649
1762146540,0.17649,0.17659,0.17638,0.17657
1762146600,0.17657,0.17658,0.17642,0.17643
1762146660,0.17643,0.17643,0.17617,0.1762
1762146720,0.1762,0.1762,0.17582,0.17587
1762146780,0.17587,0.17622,0.17583,0.17606
1762146840,0.17606,0.17646,0.17606,0.1763
1762146900,0.1763,0.17638,0.17604,0.17629
1762146960,0.17629,0.17635,0.17598,0.17599
1762147020,0.17599,0.176,0.17575,0.17579
1762147080,0.17579,0.17592,0.17574,0.17574
1762147140,0.17574,0.17585,0.17571,0.17579
1762147200,0.17579,0.17592,0.17579,0.17591
1762147260,0.17591,0.17594,0.17577,0.17593
1762147320,0.17593,0.17624,0.17585,0.17607
1762147380,0.17607,0.17608,0.17574,0.17579
1762147440,0.17579,0.17598,0.17579,0.17586
1762147500,0.17586,0.17604,0.17571,0.17583
1762147560,0.17583,0.17594,0.17577,0.1759
1762147620,0.1759,0.17595,0.17583,0.17592
1762147680,0.17592,0.17604,0.17586,0.17601
1762147740,0.17601,0.17602,0.17588,0.17589
1762147800,0.17589,0.17602,0.17584,0.17591
1762147860,0.17591,0.17603,0.1758,0.17595
1762147920,0.17595,0.17595,0.17577,0.17586
1762147980,0.17586,0.1759,0.17567,0.17576
1762148040,0.17576,0.17578,0.17564,0.17564
1762148100,0.17564,0.17566,0.1753,0.17533
1762148160,0.17533,0.17535,0.17489,0.17497
1762148220,0.17497,0.17499,0.17477,0.17492
1762148280,0.17492,0.17495,0.17456,0.17457
1762148340,0.17457,0.17472,0.17457,0.17464
1762148400,0.17464,0.17465,0.17446,0.17462
1762148460,0.17462,0.17464,0.17446,0.17446
1762148520,0.17446,0.17457,0.17439,0.17449
1762148580,0.17449,0.17455,0.17436,0.17451
1762148640,0.17451,0.17451,0.17431,0.17441
1762148700,0.17441,0.17445,0.17411,0.17412
1762148760,0.17412,0.17442,0.1741,0.17435
1762148820,0.17435,0.17439,0.17424,0.17434
1762148880,0.17434,0.17434,0.1741,0.17418
1762148940,0.17418,0.17418,0.17395,0.17403
1762149000,0.17403,0.17418,0.17387,0.1741
1762149060,0.1741,0.17413,0.17393,0.17409
1762149120,0.17409,0.17423,0.17388,0.174
1762149180,0.174,0.17412,0.17378,0.17395
1762149240,0.17395,0.17395,0.17361,0.17368
1762149300,0.17368,0.17384,0.17366,0.17379
1762149360,0.17379,0.174,0.17378,0.17394
1762149420,0.17394,0.17394,0.1738,0.17386
1762149480,0.17386,0.17396,0.17378,0.17384
1762149540,0.17384,0.17388,0.17377,0.17384
1762149600,0.17384,0.17389,0.1735,0.17389
1762149660,0.17389,0.17403,0.17375,0.1738
1762149720,0.1738,0.17403,0.17377,0.17399
1762149780,0.17399,0.17401,0.17383,0.17397
1762149840,0.17397,0.17408,0.17381,0.17392
1762149900,0.17392,0.17424,0.17392,0.17411
1762149960,0.17411,0.17427,0.17403,0.17403
1762150020,0.17403,0.17411,0.17399,0.17406
1762150080,0.17406,0.17423,0.17397,0.17423
1762150140,0.17423,0.17434,0.1739,0.1739
1762150200,0.1739,0.1739,0.17363,0.17365
1762150260,0.17365,0.17365,0.17255,0.17257
1762150320,0.17257,0.17307,0.17256,0.17305
1762150380,0.17305,0.17322,0.17288,0.17305
1762150440,0.17305,0.17319,0.17302,0.17317
1762150500,0.17317,0.17325,0.17299,0.17325
1762150560,0.17325,0.17333,0.17318,0.17329
1762150620,0.17329,0.1737,0.1732,0.17368
1762150680,0.17368,0.17376,0.17341,0.17341
1762150740,0.17341,0.17354,0.17324,0.17342
1762150800,0.17342,0.17376,0.17338,0.17369
1762150860,0.17369,0.17384,0.17356,0.17381
1762150920,0.17381,0.17381,0.17346,0.17356
1762150980,0.17356,0.17375,0.17347,0.1737
1762151040,0.1737,0.17406,0.1737,0.17384
1762151100,0.17384,0.17401,0.17372,0.17379
1762151160,0.17379,0.17379,0.17345,0.1735
1762151220,0.1735,0.17368,0.17349,0.17353
1762151280,0.17353,0.17362,0.17353,0.17358
1762151340,0.17358,0.17366,0.17353,0.17358
1762151400,0.17358,0.17359,0.17343,0.17353
1762151460,0.17353,0.17353,0.17327,0.17332
1762151520,0.17332,0.1734,0.17314,0.17339
1762151580,0.17339,0.17362,0.17335,0.17351
1762151640,0.17351,0.17386,0.17351,0.17357
1762151700,0.17357,0.17384,0.17345,0.17383
1762151760,0.17383,0.17394,0.17376,0.17381
1762151820,0.17381,0.17403,0.17381,0.17394
1762151880,0.17394,0.17404,0.17363,0.1737
1762151940,0.1737,0.1737,0.17338,0.17344
1762152000,0.17344,0.17362,0.17334,0.17336
1762152060,0.17336,0.17336,0.17295,0.17311
1762152120,0.17311,0.17333,0.17311,0.17331
1762152180,0.17331,0.17331,0.17303,0.17317
1762152240,0.17317,0.17319,0.173,0.17303
1762152300,0.17303,0.17303,0.17263,0.17277
1762152360,0.17277,0.17285,0.17225,0.17248
1762152420,0.17248,0.17258,0.17149,0.17193
1762152480,0.17193,0.172,0.17087,0.17165
1762152540,0.17165,0.17227,0.17152,0.17219
1762152600,0.17219,0.17283,0.17215,0.17279
1762152660,0.17279,0.17336,0.17257,0.17314
1762152720,0.17314,0.17333,0.17302,0.17315
1762152780,0.17315,0.17315,0.17258,0.17287
1762152840,0.17287,0.17287,0.17253,0.17253
1762152900,0.17253,0.17273,0.1724,0.1724
1762152960,0.1724,0.17265,0.17232,0.17265
1762153020,0.17265,0.17294,0.17258,0.17292
1762153080,0.17292,0.17298,0.17286,0.17296
1762153140,0.17296,0.17316,0.17288,0.17304
1762153200,0.17304,0.17304,0.17255,0.17255
1762153260,0.17255,0.17285,0.17255,0.17272
1762153320,0.17272,0.1728,0.1724,0.1728
1762153380,0.1728,0.17291,0.17257,0.17265
1762153440,0.17265,0.17278,0.17252,0.17255
1762153500,0.17255,0.17293,0.17255,0.17265
1762153560,0.17265,0.17265,0.1722,0.17249
1762153620,0.17249,0.17266,0.17233,0.17258
1762153680,0.17258,0.17287,0.17253,0.17278
1762153740,0.17278,0.17292,0.17273,0.17285
1762153800,0.17285,0.17303,0.17271,0.173
1762153860,0.173,0.173,0.17268,0.17268
1762153920,0.17268,0.1731,0.17263,0.1729
1762153980,0.1729,0.17311,0.17285,0.17305
1762154040,0.17305,0.1731,0.17296,0.173
1762154100,0.173,0.17306,0.17281,0.17303
1762154160,0.17303,0.17327,0.17293,0.17324
1762154220,0.17324,0.17337,0.17302,0.17328
1762154280,0.17328,0.1734,0.17307,0.17308
1762154340,0.17308,0.17324,0.17294,0.173
1762154400,0.173,0.17313,0.17285,0.17312
1762154460,0.17312,0.17312,0.17291,0.17303
1762154520,0.17303,0.17333,0.173,0.1733
1762154580,0.1733,0.17361,0.1733,0.17357
1762154640,0.17357,0.17419,0.17353,0.17404
1762154700,0.17404,0.17418,0.17393,0.17402
1762154760,0.17402,0.17409,0.17374,0.17383
1762154820,0.17383,0.17386,0.17365,0.17375
1762154880,0.17375,0.1738,0.17364,0.17369
1762154940,0.17369,0.17371,0.17354,0.17366
1762155000,0.17366,0.17366,0.17339,0.17351
1762155060,0.17351,0.17362,0.17346,0.17361
1762155120,0.17361,0.17383,0.17361,0.17382
1762155180,0.17382,0.17401,0.17377,0.17396
1762155240,0.17396,0.1742,0.17378,0.17378
1762155300,0.17378,0.17407,0.17361,0.17399
1762155360,0.17399,0.17415,0.17383,0.17414
1762155420,0.17414,0.17418,0.17389,0.17399
1762155480,0.17399,0.17443,0.17397,0.17401
1762155540,0.17401,0.17414,0.17392,0.17403
1762155600,0.17403,0.17408,0.17379,0.17395
1762155660,0.17395,0.17414,0.17372,0.17374
1762155720,0.17374,0.17374,0.17346,0.17351
1762155780,0.17351,0.17366,0.17349,0.17361
1762155840,0.17361,0.17361,0.17324,0.17327
1762155900,0.17327,0.17345,0.17318,0.1734
1762155960,0.1734,0.17342,0.17329,0.17336
1762156020,0.17336,0.17347,0.17334,0.1734
1762156080,0.1734,0.1736,0.17338,0.17341
1762156140,0.17341,0.17359,0.17341,0.1735
1762156200,0.1735,0.17359,0.17333,0.17339
1762156260,0.17339,0.17359,0.17338,0.17356
1762156320,0.17356,0.17377,0.17356,0.17369
1762156380,0.17369,0.17375,0.17364,0.17375
1762156440,0.17375,0.17388,0.17355,0.17358
1762156500,0.17358,0.17365,0.17348,0.17357
1762156560,0.17357,0.17383,0.17353,0.17383
1762156620,0.17383,0.17385,0.17373,0.17377
1762156680,0.17377,0.17378,0.17353,0.1736
1762156740,0.1736,0.1736,0.17339,0.17342
1762156800,0.17342,0.17342,0.17312,0.17324
1762156860,0.17324,0.17348,0.17323,0.17342
1762156920,0.17342,0.17346,0.17322,0.1734
1762156980,0.1734,0.17345,0.17327,0.17342
1762157040,0.17342,0.17349,0.1733,0.17347
1762157100,0.17347,0.1736,0.17341,0.17355
1762157160,0.17355,0.17372,0.17343,0.17357
1762157220,0.17357,0.1738,0.17352,0.1736
1762157280,0.1736,0.17364,0.17334,0.17342
1762157340,0.17342,0.17352,0.17338,0.17347
1762157400,0.17347,0.17371,0.17346,0.17365
1762157460,0.17365,0.17385,0.17365,0.17376
1762157520,0.17376,0.17382,0.17371,0.17374
1762157580,0.17374,0.17377,0.17366,0.17368
1762157640,0.17368,0.17372,0.17358,0.17364
1762157700,0.17364,0.17364,0.17317,0.17329
1762157760,0.17329,0.1737,0.17328,0.17367
1762157820,0.17367,0.17367,0.17354,0.17359
1762157880,0.17359,0.17359,0.1734,0.1734
1762157940,0.1734,0.17355,0.17336,0.17344
1762158000,0.17344,0.17344,0.17326,0.17339
1762158060,0.17339,0.17339,0.17312,0.17319
1762158120,0.17319,0.1732,0.17301,0.1731
1762158180,0.1731,0.17328,0.17309,0.17316
1762158240,0.17316,0.17327,0.17313,0.17313
1762158300,0.17313,0.17329,0.17313,0.17319
1762158360,0.17319,0.17319,0.17293,0.17313
1762158420,0.17313,0.17313,0.17285,0.17298
1762158480,0.17298,0.1731,0.17296,0.173
1762158540,0.173,0.17308,0.17283,0.17299
1762158600,0.17299,0.1731,0.17293,0.17296
1762158660,0.17296,0.17311,0.17296,0.17311
1762158720,0.17311,0.17313,0.17282,0.17297
1762158780,0.17297,0.17322,0.17296,0.17316
1762158840,0.17316,0.17322,0.17305,0.17306
1762158900,0.17306,0.17309,0.17295,0.17305
1762158960,0.17305,0.17322,0.173,0.17308
1762159020,0.17308,0.17308,0.17266,0.17277
1762159080,0.17277,0.17279,0.17254,0.17263
1762159140,0.17263,0.17269,0.17239,0.17266
1762159200,0.17266,0.17277,0.17255,0.17276
1762159260,0.17276,0.17306,0.17274,0.17298
1762159320,0.17298,0.17309,0.17286,0.17297
1762159380,0.17297,0.173,0.17273,0.17291
1762159440,0.17291,0.173,0.1729,0.17297
1762159500,0.17297,0.17304,0.17268,0.17289
1762159560,0.17289,0.1729,0.17271,0.17279
1762159620,0.17279,0.17286,0.17261,0.17266
1762159680,0.17266,0.17272,0.17223,0.1725
1762159740,0.1725,0.17263,0.17241,0.17258
1762159800,0.17258,0.17324,0.17258,0.17323
1762159860,0.17323,0.17355,0.17316,0.17348
1762159920,0.17348,0.17354,0.17338,0.17347
1762159980,0.17347,0.17403,0.17347,0.17394
1762160040,0.17394,0.17404,0.1738,0.17386
1762160100,0.17386,0.17386,0.17339,0.17339
1762160160,0.17339,0.17352,0.17339,0.17343
1762160220,0.17343,0.17349,0.17329,0.17342
1762160280,0.17342,0.17359,0.17341,0.17356
1762160340,0.17356,0.17367,0.17349,0.17366
1762160400,0.17366,0.17378,0.17359,0.17378
1762160460,0.17378,0.17394,0.17365,0.17371
1762160520,0.17371,0.17405,0.17366,0.17405
1762160580,0.17405,0.17436,0.17402,0.17435
1762160640,0.17435,0.17444,0.17425,0.17442
1762160700,0.17442,0.17457,0.17436,0.17455
1762160760,0.17455,0.17476,0.17447,0.17475
1762160820,0.17475,0.17509,0.17475,0.17506
1762160880,0.17506,0.1752,0.1748,0.17495
1762160940,0.17495,0.17514,0.17481,0.17481
1762161000,0.17481,0.17493,0.17471,0.1748
1762161060,0.1748,0.17486,0.1747,0.17484
1762161120,0.17484,0.175,0.17476,0.17484
1762161180,0.17484,0.17489,0.17472,0.17472
1762161240,0.17472,0.17489,0.17459,0.17487
1762161300,0.17487,0.17487,0.17469,0.17475
1762161360,0.17475,0.17484,0.17458,0.17463
1762161420,0.17463,0.17481,0.17459,0.17472
1762161480,0.17472,0.17475,0.17455,0.17468
1762161540,0.17468,0.17468,0.17432,0.17435
1762161600,0.17435,0.17435,0.17377,0.17393
1762161660,0.17393,0.17408,0.17391,0.17393
1762161720,0.17393,0.17394,0.17377,0.17382
1762161780,0.17382,0.17383,0.17354,0.17359
1762161840,0.17359,0.17375,0.17359,0.17366
1762161900,0.17366,0.17366,0.17326,0.17329
1762161960,0.17329,0.17356,0.17328,0.17356
1762162020,0.17356,0.17368,0.17344,0.17356
1762162080,0.17356,0.17376,0.17355,0.17357
1762162140,0.17357,0.17361,0.17342,0.1736
1762162200,0.1736,0.17383,0.17359,0.17383
1762162260,0.17383,0.17397,0.17375,0.17388
1762162320,0.17388,0.17388,0.17361,0.17367
1762162380,0.17367,0.17367,0.17325,0.17336
1762162440,0.17336,0.17354,0.17328,0.17341
1762162500,0.17341,0.17345,0.17327,0.17339
1762162560,0.17339,0.17364,0.17335,0.17357
1762162620,0.17357,0.17361,0.17347,0.17357
1762162680,0.17357,0.1736,0.17324,0.17339
1762162740,0.17339,0.17339,0.17311,0.17319
1762162800,0.17319,0.17331,0.17308,0.17331
1762162860,0.17331,0.17341,0.17324,0.17338
1762162920,0.17338,0.17341,0.17314,0.17323
1762162980,0.17323,0.1733,0.17307,0.17314
1762163040,0.17314,0.17338,0.17314,0.17338
1762163100,0.17338,0.17338,0.17322,0.17332
1762163160,0.17332,0.17353,0.17325,0.17338
1762163220,0.17338,0.17338,0.17322,0.17322
1762163280,0.17322,0.17324,0.17308,0.17321
1762163340,0.17321,0.17338,0.17319,0.17328
1762163400,0.17328,0.17337,0.17306,0.17306
1762163460,0.17306,0.17306,0.17267,0.17281
1762163520,0.17281,0.17284,0.17261,0.17284
1762163580,0.17284,0.17301,0.1727,0.17278
1762163640,0.17278,0.17291,0.17274,0.17283
1762163700,0.17283,0.17283,0.17256,0.17268
1762163760,0.17268,0.17288,0.17266,0.17275
1762163820,0.17275,0.1728,0.17237,0.1725
1762163880,0.1725,0.17269,0.17249,0.17269
1762163940,0.17269,0.17271,0.17255,0.17256
1762164000,0.17256,0.17292,0.17255,0.1727
1762164060,0.1727,0.17289,0.1727,0.17275
1762164120,0.17275,0.17302,0.17275,0.17297
1762164180,0.17297,0.1733,0.17294,0.17312
1762164240,0.17312,0.17312,0.17263,0.17271
1762164300,0.17271,0.17314,0.17271,0.17314
1762164360,0.17314,0.17319,0.173,0.17312
1762164420,0.17312,0.17323,0.17306,0.1731
1762164480,0.1731,0.17328,0.17306,0.17327
1762164540,0.17327,0.17346,0.17327,0.17337
1762164600,0.17337,0.17349,0.17317,0.17322
1762164660,0.17322,0.1733,0.17311,0.17319
1762164720,0.17319,0.17328,0.17304,0.17308
1762164780,0.17308,0.17309,0.17292,0.17299
1762164840,0.17299,0.17319,0.17298,0.17319
1762164900,0.17319,0.1733,0.17312,0.17329
1762164960,0.17329,0.17329,0.17317,0.17317
1762165020,0.17317,0.17328,0.17307,0.17316
1762165080,0.17316,0.17318,0.17301,0.17308
1762165140,0.17308,0.17327,0.17308,0.17325
1762165200,0.17325,0.17337,0.1732,0.17321
1762165260,0.17321,0.17321,0.17305,0.17314
1762165320,0.17314,0.17336,0.17313,0.17326
1762165380,0.17326,0.17331,0.17313,0.17325
1762165440,0.17325,0.17329,0.1731,0.17324
1762165500,0.17324,0.17345,0.17324,0.17328
1762165560,0.17328,0.17329,0.17308,0.17312
1762165620,0.17312,0.17325,0.17309,0.17316
1762165680,0.17316,0.17352,0.17314,0.17345
1762165740,0.17345,0.17348,0.17336,0.17337
1762165800,0.17337,0.17337,0.17283,0.17283
1762165860,0.17283,0.1729,0.17269,0.17281
1762165920,0.17281,0.17291,0.17279,0.17279
1762165980,0.17279,0.17283,0.1727,0.17275
1762166040,0.17275,0.17275,0.17254,0.17269
1762166100,0.17269,0.1728,0.17251,0.17251
1762166160,0.17251,0.17272,0.17251,0.1726
1762166220,0.1726,0.17277,0.17258,0.17269
1762166280,0.17269,0.17291,0.17268,0.17273
1762166340,0.17273,0.17273,0.17253,0.17263
1762166400,0.17263,0.17279,0.17258,0.17277
1762166460,0.17277,0.17285,0.17259,0.17265
1762166520,0.17265,0.17265,0.17219,0.1722
1762166580,0.1722,0.17235,0.17212,0.17234
1762166640,0.17234,0.17234,0.17219,0.17223
1762166700,0.17223,0.17236,0.17214,0.17233
1762166760,0.17233,0.17235,0.17214,0.17227
1762166820,0.17227,0.17244,0.17227,0.17241
1762166880,0.17241,0.17266,0.17241,0.17266
1762166940,0.17266,0.17266,0.17256,0.17258
1762167000,0.17258,0.17271,0.17247,0.17262
1762167060,0.17262,0.17287,0.17262,0.17279
1762167120,0.17279,0.1728,0.17248,0.17252
1762167180,0.17252,0.17253,0.17235,0.17244
1762167240,0.17244,0.17244,0.17223,0.17224
1762167300,0.17224,0.17252,0.17221,0.17252
1762167360,0.17252,0.17262,0.17245,0.17262
1762167420,0.17262,0.17263,0.1725,0.1725
1762167480,0.1725,0.17252,0.17229,0.1723
1762167540,0.1723,0.17235,0.17126,0.17191
1762167600,0.17191,0.17242,0.17186,0.17223
1762167660,0.17223,0.1727,0.17213,0.17265
1762167720,0.17265,0.17282,0.17252,0.17278
1762167780,0.17278,0.17365,0.17257,0.17348
1762167840,0.17348,0.17348,0.17306,0.17324
1762167900,0.17324,0.17325,0.17283,0.17291
1762167960,0.17291,0.17305,0.17283,0.17291
1762168020,0.17291,0.17324,0.17285,0.17317
1762168080,0.17317,0.17344,0.17317,0.17342
1762168140,0.17342,0.17357,0.17332,0.17335
1762168200,0.17335,0.17341,0.17326,0.17341
1762168260,0.17341,0.17355,0.17316,0.17326
1762168320,0.17326,0.17335,0.17317,0.17331
1762168380,0.17331,0.17348,0.17329,0.17336
1762168440,0.17336,0.17345,0.17323,0.17329
1762168500,0.17329,0.17378,0.17329,0.17374
1762168560,0.17374,0.17448,0.17373,0.17414
1762168620,0.17414,0.17425,0.17384,0.17388
1762168680,0.17388,0.17392,0.17377,0.17383
1762168740,0.17383,0.17396,0.1738,0.17387
1762168800,0.17387,0.17392,0.17375,0.17375
1762168860,0.17375,0.17384,0.17352,0.17357
1762168920,0.17357,0.1736,0.1732,0.17324
1762168980,0.17324,0.17337,0.17322,0.17325
1762169040,0.17325,0.17331,0.17318,0.17324
1762169100,0.17324,0.1733,0.17305,0.17327
1762169160,0.17327,0.17327,0.17313,0.17325
1762169220,0.17325,0.17333,0.17319,0.17333
1762169280,0.17333,0.17367,0.17332,0.1736
1762169340,0.1736,0.17378,0.1736,0.17368
1762169400,0.17368,0.17384,0.1736,0.17376
1762169460,0.17376,0.17397,0.17376,0.17393
1762169520,0.17393,0.17397,0.17384,0.17385
1762169580,0.17385,0.17397,0.1736,0.1736
1762169640,0.1736,0.17373,0.17356,0.17369
1762169700,0.17369,0.17378,0.17357,0.17358
1762169760,0.17358,0.17358,0.17346,0.17346
1762169820,0.17346,0.17362,0.17344,0.17362
1762169880,0.17362,0.17388,0.17361,0.17383
1762169940,0.17383,0.17398,0.17382,0.17383
1762170000,0.17383,0.17405,0.17381,0.17401
1762170060,0.17401,0.17401,0.17379,0.17385
1762170120,0.17385,0.17405,0.17384,0.174
1762170180,0.174,0.17403,0.17391,0.17403
1762170240,0.17403,0.1741,0.17403,0.17409
1762170300,0.17409,0.17442,0.17408,0.17435
1762170360,0.17435,0.17436,0.17414,0.17431
1762170420,0.17431,0.17453,0.17413,0.1745
1762170480,0.1745,0.17473,0.17447,0.1745
1762170540,0.1745,0.17473,0.1745,0.17467
1762170600,0.17467,0.17478,0.17455,0.17456
1762170660,0.17456,0.1746,0.17443,0.17449
1762170720,0.17449,0.17449,0.17421,0.17433
1762170780,0.17433,0.17442,0.17427,0.17439
1762170840,0.17439,0.17454,0.17437,0.1744
1762170900,0.1744,0.1744,0.17414,0.17424
1762170960,0.17424,0.17426,0.17412,0.17424
1762171020,0.17424,0.17425,0.17412,0.17416
1762171080,0.17416,0.1742,0.17409,0.17409
1762171140,0.17409,0.17411,0.17396,0.17409
1762171200,0.17409,0.17422,0.17409,0.1742
1762171260,0.1742,0.17422,0.17407,0.17418
1762171320,0.17418,0.17422,0.17405,0.17413
1762171380,0.17413,0.17445,0.17413,0.17441
1762171440,0.17441,0.17478,0.1744,0.17442
1762171500,0.17442,0.17447,0.17391,0.17411
1762171560,0.17411,0.17449,0.17411,0.17416
1762171620,0.17416,0.17435,0.17415,0.17434
1762171680,0.17434,0.17447,0.17432,0.17439
1762171740,0.17439,0.17446,0.17427,0.17445
1762171800,0.17445,0.17467,0.17442,0.1746
1762171860,0.1746,0.17471,0.17454,0.17454
1762171920,0.17454,0.17507,0.17452,0.17506
1762171980,0.17506,0.17508,0.17499,0.175
1762172040,0.175,0.17505,0.17486,0.175
1762172100,0.175,0.17535,0.175,0.17523
1762172160,0.17523,0.17532,0.17516,0.17521
1762172220,0.17521,0.17521,0.17496,0.1751
1762172280,0.1751,0.17538,0.17509,0.17534
1762172340,0.17534,0.17539,0.17527,0.17535
1762172400,0.17535,0.17541,0.17527,0.17539
1762172460,0.17539,0.17553,0.17528,0.17528
1762172520,0.17528,0.17534,0.17516,0.17516
1762172580,0.17516,0.17533,0.17515,0.17522
1762172640,0.17522,0.17524,0.17502,0.17502
1762172700,0.17502,0.17522,0.17502,0.17516
1762172760,0.17516,0.17525,0.17513,0.17517
1762172820,0.17517,0.17536,0.17507,0.17516
1762172880,0.17516,0.17537,0.17515,0.1753
1762172940,0.1753,0.1753,0.17518,0.17527
1762173000,0.17527,0.17533,0.17497,0.175
1762173060,0.175,0.17506,0.17477,0.17483
1762173120,0.17483,0.17483,0.17471,0.17479
1762173180,0.17479,0.17493,0.17477,0.17488
1762173240,0.17488,0.17496,0.17487,0.17489
1762173300,0.17489,0.17503,0.17479,0.17492
1762173360,0.17492,0.17495,0.17469,0.17469
1762173420,0.17469,0.17476,0.17462,0.17474
1762173480,0.17474,0.17474,0.17453,0.17454
1762173540,0.17454,0.17475,0.17453,0.17473
1762173600,0.17473,0.17474,0.17452,0.1746
1762173660,0.1746,0.17469,0.17455,0.17455
1762173720,0.17455,0.1746,0.17445,0.1746
1762173780,0.1746,0.17472,0.1746,0.17471
1762173840,0.17471,0.17472,0.17448,0.17448
1762173900,0.17448,0.1746,0.17442,0.17459
1762173960,0.17459,0.17472,0.17459,0.17472
1762174020,0.17472,0.1748,0.17465,0.17471
1762174080,0.17471,0.1748,0.17467,0.17478
1762174140,0.17478,0.17478,0.17455,0.17476
1762174200,0.17476,0.17483,0.17473,0.17478
1762174260,0.17478,0.17478,0.17465,0.17475
1762174320,0.17475,0.17477,0.17464,0.17472
1762174380,0.17472,0.17482,0.17468,0.1747
1762174440,0.1747,0.1747,0.17457,0.1746
1762174500,0.1746,0.17466,0.17443,0.17445
1762174560,0.17445,0.17445,0.17418,0.1742
1762174620,0.1742,0.17425,0.17413,0.17413
1762174680,0.17413,0.17425,0.17394,0.17423
1762174740,0.17423,0.17432,0.17417,0.17418
1762174800,0.17418,0.17421,0.17404,0.1742
1762174860,0.1742,0.17421,0.17401,0.17406
1762174920,0.17406,0.17427,0.17406,0.17422
1762174980,0.17422,0.17425,0.17412,0.17419
1762175040,0.17419,0.17424,0.17413,0.17423
1762175100,0.17423,0.17431,0.17408,0.17409
1762175160,0.17409,0.17417,0.17404,0.17404
1762175220,0.17404,0.17424,0.17401,0.17421
1762175280,0.17421,0.17421,0.174,0.17402
1762175340,0.17402,0.17411,0.17395,0.17405
1762175400,0.17405,0.17405,0.17376,0.17397
1762175460,0.17397,0.17397,0.17374,0.17378
1762175520,0.17378,0.174,0.17378,0.174
1762175580,0.174,0.17425,0.17399,0.17425
1762175640,0.17425,0.17425,0.17407,0.17412
1762175700,0.17412,0.17412,0.17382,0.17391
1762175760,0.17391,0.17407,0.1739,0.17404
1762175820,0.17404,0.17406,0.17387,0.1739
1762175880,0.1739,0.17398,0.17384,0.17387
1762175940,0.17387,0.17396,0.17374,0.17375
1762176000,0.17375,0.17385,0.17365,0.17367
1762176060,0.17367,0.17371,0.17346,0.17348
1762176120,0.17348,0.17364,0.17342,0.1736
1762176180,0.1736,0.17369,0.17357,0.17369
1762176240,0.17369,0.17369,0.17356,0.17363
1762176300,0.17363,0.17409,0.17358,0.17386
1762176360,0.17386,0.17389,0.17348,0.17364
1762176420,0.17364,0.17397,0.17362,0.17397
1762176480,0.17397,0.174,0.17382,0.17399
1762176540,0.17399,0.17408,0.17395,0.17395
1762176600,0.17395,0.17442,0.17395,0.17431
1762176660,0.17431,0.17444,0.17425,0.17439
1762176720,0.17439,0.17455,0.17439,0.17454
1762176780,0.17454,0.17467,0.17448,0.17463
1762176840,0.17463,0.17489,0.17458,0.17487
1762176900,0.17487,0.17495,0.17465,0.17466
1762176960,0.17466,0.17491,0.17465,0.17488
1762177020,0.17488,0.17498,0.17464,0.17496
1762177080,0.17496,0.17502,0.17488,0.17495
1762177140,0.17495,0.17509,0.17485,0.17489
1762177200,0.17489,0.17496,0.1747,0.17477
1762177260,0.17477,0.17477,0.17459,0.1747
1762177320,0.1747,0.17472,0.17459,0.17465
1762177380,0.17465,0.17466,0.17455,0.1746
1762177440,0.1746,0.1747,0.1746,0.17468
1762177500,0.17468,0.17473,0.17449,0.17461
1762177560,0.17461,0.17489,0.17456,0.17489
1762177620,0.17489,0.1749,0.17451,0.17451
1762177680,0.17451,0.17458,0.17434,0.17457
1762177740,0.17457,0.1746,0.17442,0.17455
1762177800,0.17455,0.17459,0.17433,0.17438
1762177860,0.17438,0.1744,0.17414,0.17414
1762177920,0.17414,0.17421,0.17392,0.17416
1762177980,0.17416,0.17429,0.17414,0.17422
1762178040,0.17422,0.1747,0.17422,0.17469
1762178100,0.17469,0.17485,0.17464,0.17479
1762178160,0.17479,0.17489,0.17457,0.1746
1762178220,0.1746,0.1746,0.17436,0.17436
1762178280,0.17436,0.17436,0.17423,0.17426
1762178340,0.17426,0.17439,0.17426,0.17432
1762178400,0.17432,0.17485,0.17432,0.17472
1762178460,0.17472,0.17474,0.17449,0.17458
1762178520,0.17458,0.17478,0.17447,0.17467
1762178580,0.17467,0.17468,0.1745,0.17456
1762178640,0.17456,0.17464,0.17447,0.17463
1762178700,0.17463,0.17516,0.17461,0.17502
1762178760,0.17502,0.17532,0.17499,0.17529
1762178820,0.17529,0.17576,0.17529,0.17564
1762178880,0.17564,0.17565,0.17524,0.17528
1762178940,0.17528,0.17534,0.175,0.17506
1762179000,0.17506,0.17521,0.17485,0.17488
1762179060,0.17488,0.17503,0.17483,0.17496
1762179120,0.17496,0.17526,0.17496,0.17508
1762179180,0.17508,0.17508,0.1747,0.17482
1762179240,0.17482,0.17494,0.17466,0.17469
1762179300,0.17469,0.17479,0.17453,0.17478
1762179360,0.17478,0.17483,0.17467,0.17483
1762179420,0.17483,0.17492,0.17478,0.1749
1762179480,0.1749,0.17496,0.17473,0.17482
1762179540,0.17482,0.17501,0.17482,0.17494
1762179600,0.17494,0.17508,0.17474,0.17474
1762179660,0.17474,0.1748,0.17463,0.17475
1762179720,0.17475,0.17477,0.17455,0.17456
1762179780,0.17456,0.1746,0.17443,0.17451
1762179840,0.17451,0.17456,0.17436,0.17442
1762179900,0.17442,0.17448,0.17414,0.17433
1762179960,0.17433,0.17464,0.17426,0.17451
1762180020,0.17451,0.17454,0.1743,0.17444
1762180080,0.17444,0.17457,0.17431,0.17434
1762180140,0.17434,0.17455,0.17432,0.1745
1762180200,0.1745,0.17463,0.17441,0.17461
1762180260,0.17461,0.17472,0.17434,0.17435
1762180320,0.17435,0.17443,0.17402,0.17416
1762180380,0.17416,0.17437,0.17408,0.17415
1762180440,0.17415,0.17426,0.17393,0.17404
1762180500,0.17404,0.17413,0.1737,0.17395
1762180560,0.17395,0.17426,0.17393,0.17406
1762180620,0.17406,0.17441,0.17404,0.17415
1762180680,0.17415,0.17456,0.17404,0.17451
1762180740,0.17451,0.17476,0.17445,0.17447
1762180800,0.17447,0.17452,0.17413,0.17441
1762180860,0.17441,0.17441,0.17382,0.1739
1762180920,0.1739,0.17393,0.17364,0.17383
1762180980,0.17383,0.17406,0.17378,0.17393
1762181040,0.17393,0.17409,0.17387,0.17402
1762181100,0.17402,0.17418,0.17378,0.17401
1762181160,0.17401,0.17439,0.17383,0.1743
1762181220,0.1743,0.17484,0.17423,0.17463
1762181280,0.17463,0.17481,0.17448,0.17453
1762181340,0.17453,0.17466,0.17441,0.17456
1762181400,0.17456,0.1748,0.17429,0.17451
1762181460,0.17451,0.1749,0.17434,0.17487
1762181520,0.17487,0.17494,0.17473,0.17478
1762181580,0.17478,0.17501,0.17476,0.17483
1762181640,0.17483,0.1751,0.17464,0.1747
1762181700,0.1747,0.1749,0.17469,0.17477
1762181760,0.17477,0.17494,0.17466,0.17494
1762181820,0.17494,0.17497,0.1747,0.17484
1762181880,0.17484,0.17496,0.17467,0.17479
1762181940,0.17479,0.17511,0.17479,0.17511
1762182000,0.17511,0.17541,0.1745,0.17471
1762182060,0.17471,0.17477,0.17446,0.17464
1762182120,0.17464,0.17469,0.17421,0.17422
1762182180,0.17422,0.17443,0.17408,0.1742
1762182240,0.1742,0.17424,0.17407,0.17415
1762182300,0.17415,0.17419,0.17393,0.17394
1762182360,0.17394,0.17418,0.17393,0.17408
1762182420,0.17408,0.17408,0.17374,0.17381
1762182480,0.17381,0.17416,0.17368,0.17408
1762182540,0.17408,0.17408,0.17369,0.17369
1762182600,0.17369,0.17386,0.17358,0.17373
1762182660,0.17373,0.17376,0.17346,0.17373
1762182720,0.17373,0.17389,0.17372,0.17387
1762182780,0.17387,0.17404,0.17384,0.17394
1762182840,0.17394,0.17394,0.17372,0.17372
1762182900,0.17372,0.17372,0.17335,0.17347
1762182960,0.17347,0.1735,0.17312,0.17312
1762183020,0.17312,0.17336,0.17312,0.17331
1762183080,0.17331,0.17334,0.1731,0.17328
1762183140,0.17328,0.17355,0.17326,0.17346
1762183200,0.17346,0.17351,0.17296,0.17298
1762183260,0.17298,0.17321,0.17295,0.17308
1762183320,0.17308,0.17308,0.17262,0.17293
1762183380,0.17293,0.17302,0.17282,0.17291
1762183440,0.17291,0.17292,0.17251,0.17262
1762183500,0.17262,0.17275,0.17255,0.17269
1762183560,0.17269,0.1727,0.17093,0.17126
1762183620,0.17126,0.17163,0.16917,0.1692
1762183680,0.1692,0.17004,0.16878,0.1689
1762183740,0.1689,0.16935,0.16666,0.16785
1762183800,0.16785,0.16794,0.15921,0.15942
1762183860,0.15942,0.1643,0.15912,0.16427
1762183920,0.16427,0.16509,0.16358,0.16404
1762183980,0.16404,0.16412,0.16263,0.16331
1762184040,0.16331,0.16474,0.16328,0.16461
1762184100,0.16461,0.16625,0.16443,0.16595
1762184160,0.16595,0.16848,0.16583,0.16803
1762184220,0.16803,0.16874,0.16744,0.16832
1762184280,0.16832,0.16861,0.16768,0.16836
1762184340,0.16836,0.16927,0.16836,0.1689
1762184400,0.1689,0.169,0.16813,0.16847
1762184460,0.16847,0.16907,0.1684,0.16862
1762184520,0.16862,0.16864,0.16778,0.16792
1762184580,0.16792,0.16842,0.16765,0.16799
1762184640,0.16799,0.16847,0.16763,0.16772
1762184700,0.16772,0.16849,0.16724,0.16743
1762184760,0.16743,0.16768,0.16695,0.16702
1762184820,0.16702,0.16719,0.16673,0.16705
1762184880,0.16705,0.16788,0.16692,0.16754
1762184940,0.16754,0.16924,0.16754,0.16895
1762185000,0.16895,0.17006,0.16868,0.16887
1762185060,0.16887,0.16892,0.16811,0.16865
1762185120,0.16865,0.16865,0.16817,0.16842
1762185180,0.16842,0.16924,0.16842,0.16858
1762185240,0.16858,0.16858,0.16763,0.16773
1762185300,0.16773,0.16817,0.16726,0.16794
1762185360,0.16794,0.16827,0.16781,0.16791
1762185420,0.16791,0.16792,0.16675,0.16733
1762185480,0.16733,0.16756,0.16679,0.16692
1762185540,0.16692,0.16707,0.16657,0.16689
1762185600,0.16689,0.16701,0.16579,0.16652
1762185660,0.16652,0.167,0.16605,0.16683
1762185720,0.16683,0.16706,0.16617,0.16638
1762185780,0.16638,0.16699,0.16628,0.16663
1762185840,0.16663,0.16663,0.16538,0.16591
1762185900,0.16591,0.16696,0.16589,0.16674
1762185960,0.16674,0.16692,0.16604,0.16642
1762186020,0.16642,0.16655,0.16593,0.16601
1762186080,0.16601,0.16614,0.16559,0.16583
1762186140,0.16583,0.16637,0.16583,0.16629
1762186200,0.16629,0.1665,0.16581,0.1665
1762186260,0.1665,0.16736,0.1663,0.16706
1762186320,0.16706,0.16725,0.16679,0.16699
1762186380,0.16699,0.16729,0.16659,0.16729
1762186440,0.16729,0.16802,0.16725,0.16772
1762186500,0.16772,0.16799,0.16742,0.16769
1762186560,0.16769,0.16769,0.16712,0.16712
1762186620,0.16712,0.16792,0.16712,0.16782
1762186680,0.16782,0.16833,0.16776,0.16818
1762186740,0.16818,0.16891,0.16808,0.16878
1762186800,0.16878,0.16927,0.16833,0.16855
1762186860,0.16855,0.16862,0.16819,0.16837
1762186920,0.16837,0.16866,0.16828,0.16851
1762186980,0.16851,0.16874,0.16843,0.16855
1762187040,0.16855,0.16855,0.16827,0.16838
1762187100,0.16838,0.16874,0.1682,0.16858
1762187160,0.16858,0.16868,0.16832,0.16859
1762187220,0.16859,0.16859,0.16797,0.168
1762187280,0.168,0.16801,0.16754,0.16798
1762187340,0.16798,0.16799,0.16766,0.1679
1762187400,0.1679,0.16838,0.16788,0.16828
1762187460,0.16828,0.16861,0.16805,0.16855
1762187520,0.16855,0.16878,0.16821,0.16853
1762187580,0.16853,0.16867,0.16834,0.16846
1762187640,0.16846,0.16846,0.16783,0.16798
1762187700,0.16798,0.16798,0.16753,0.16767
1762187760,0.16767,0.16833,0.16767,0.16824
1762187820,0.16824,0.16856,0.16817,0.16841
1762187880,0.16841,0.16864,0.16811,0.16851
1762187940,0.16851,0.1686,0.16822,0.16822
1762188000,0.16822,0.16858,0.16812,0.16846
1762188060,0.16846,0.16869,0.16839,0.1686
1762188120,0.1686,0.16869,0.1682,0.16831
1762188180,0.16831,0.1686,0.16824,0.16847
1762188240,0.16847,0.16847,0.16824,0.16831
1762188300,0.16831,0.16878,0.16831,0.16878
1762188360,0.16878,0.16878,0.16855,0.16862
1762188420,0.16862,0.16882,0.16847,0.16862
1762188480,0.16862,0.16862,0.16827,0.16835
1762188540,0.16835,0.16846,0.16816,0.16829
1762188600,0.16829,0.16847,0.16819,0.16845
1762188660,0.16845,0.16868,0.16845,0.16867
1762188720,0.16867,0.16904,0.16855,0.16869
1762188780,0.16869,0.16876,0.16845,0.16853
1762188840,0.16853,0.16867,0.16852,0.1686
1762188900,0.1686,0.16873,0.16854,0.16863
1762188960,0.16863,0.16889,0.16863,0.16889
1762189020,0.16889,0.16894,0.16874,0.16887
1762189080,0.16887,0.16895,0.1687,0.16881
1762189140,0.16881,0.169,0.16864,0.16868
1762189200,0.16868,0.16872,0.16835,0.16852
1762189260,0.16852,0.16866,0.16843,0.1685
1762189320,0.1685,0.16892,0.16848,0.16863
1762189380,0.16863,0.16897,0.16862,0.16889
1762189440,0.16889,0.16889,0.16854,0.16884
1762189500,0.16884,0.16906,0.1688,0.16894
1762189560,0.16894,0.16931,0.16888,0.16922
1762189620,0.16922,0.16933,0.16906,0.16913
1762189680,0.16913,0.16946,0.16912,0.16939
1762189740,0.16939,0.16973,0.16934,0.16964
1762189800,0.16964,0.16964,0.16924,0.16926
1762189860,0.16926,0.16953,0.16924,0.16945
1762189920,0.16945,0.1696,0.16929,0.16953
1762189980,0.16953,0.16953,0.1692,0.16937
1762190040,0.16937,0.16969,0.16937,0.16953
1762190100,0.16953,0.16954,0.16936,0.16944
1762190160,0.16944,0.16961,0.16917,0.16927
1762190220,0.16927,0.16953,0.16927,0.16943
1762190280,0.16943,0.17015,0.16941,0.17014
1762190340,0.17014,0.17021,0.16998,0.17017
1762190400,0.17017,0.17069,0.17015,0.1706
1762190460,0.1706,0.17146,0.1706,0.171
1762190520,0.171,0.171,0.17066,0.17073
1762190580,0.17073,0.17087,0.17025,0.17041
1762190640,0.17041,0.17042,0.17006,0.17021
1762190700,0.17021,0.17025,0.16979,0.17002
1762190760,0.17002,0.17008,0.16976,0.16991
1762190820,0.16991,0.17011,0.16986,0.16994
1762190880,0.16994,0.17,0.1697,0.1697
1762190940,0.1697,0.16977,0.16956,0.16959
1762191000,0.16959,0.17001,0.16948,0.16988
1762191060,0.16988,0.16998,0.1697,0.16998
1762191120,0.16998,0.17009,0.16983,0.17
1762191180,0.17,0.17018,0.16996,0.17002
1762191240,0.17002,0.17014,0.16996,0.16996
1762191300,0.16996,0.17015,0.1699,0.17
1762191360,0.17,0.17015,0.16983,0.17015
1762191420,0.17015,0.17049,0.17014,0.17033
1762191480,0.17033,0.17064,0.17032,0.1706
1762191540,0.1706,0.17064,0.17033,0.17033
1762191600,0.17033,0.17039,0.17009,0.17012
1762191660,0.17012,0.17012,0.1698,0.16986
1762191720,0.16986,0.1702,0.16985,0.17012
1762191780,0.17012,0.17025,0.17004,0.17014
1762191840,0.17014,0.17016,0.16997,0.17014
1762191900,0.17014,0.17032,0.17011,0.17027
1762191960,0.17027,0.17046,0.17021,0.17039
1762192020,0.17039,0.17098,0.17039,0.1709
1762192080,0.1709,0.17097,0.1707,0.17088
1762192140,0.17088,0.1712,0.17088,0.1709
1762192200,0.1709,0.17099,0.17076,0.17085
1762192260,0.17085,0.17105,0.17064,0.17076
1762192320,0.17076,0.17092,0.17065,0.17065
1762192380,0.17065,0.1708,0.17057,0.17075
1762192440,0.17075,0.17075,0.17048,0.17058
1762192500,0.17058,0.17093,0.17051,0.17077
1762192560,0.17077,0.17099,0.17077,0.17099
1762192620,0.17099,0.17138,0.17099,0.17133
1762192680,0.17133,0.17144,0.17132,0.17142
1762192740,0.17142,0.17144,0.1712,0.17121
1762192800,0.17121,0.17133,0.171,0.17102
1762192860,0.17102,0.17147,0.17102,0.17131
1762192920,0.17131,0.17132,0.17105,0.17124
1762192980,0.17124,0.17155,0.17119,0.17153
1762193040,0.17153,0.1716,0.17109,0.17109
1762193100,0.17109,0.17121,0.17104,0.17107
1762193160,0.17107,0.1712,0.17096,0.17096
1762193220,0.17096,0.17108,0.17068,0.17085
1762193280,0.17085,0.171,0.17085,0.17089
1762193340,0.17089,0.17117,0.17083,0.17117
1762193400,0.17117,0.1715,0.17117,0.17124
1762193460,0.17124,0.17131,0.17064,0.17068
1762193520,0.17068,0.17075,0.17052,0.17059
1762193580,0.17059,0.17076,0.17058,0.17062
1762193640,0.17062,0.17062,0.17036,0.17062
1762193700,0.17062,0.17073,0.17054,0.17064
1762193760,0.17064,0.17064,0.17011,0.17017
1762193820,0.17017,0.17031,0.17013,0.17022
1762193880,0.17022,0.1705,0.17022,0.17039
1762193940,0.17039,0.17055,0.17038,0.17051
1762194000,0.17051,0.17068,0.17039,0.17041
1762194060,0.17041,0.17052,0.17037,0.17046
1762194120,0.17046,0.17076,0.17046,0.1707
1762194180,0.1707,0.1707,0.17032,0.17038
1762194240,0.17038,0.17044,0.17026,0.17028
1762194300,0.17028,0.17042,0.17023,0.17032
1762194360,0.17032,0.17032,0.16982,0.16997
1762194420,0.16997,0.17006,0.16991,0.17005
1762194480,0.17005,0.17011,0.16985,0.16994
1762194540,0.16994,0.16997,0.16976,0.16988
1762194600,0.16988,0.17002,0.16983,0.16991
1762194660,0.16991,0.16993,0.16977,0.16986
1762194720,0.16986,0.1703,0.16986,0.17025
1762194780,0.17025,0.17025,0.1699,0.16994
1762194840,0.16994,0.17005,0.1699,0.1699
1762194900,0.1699,0.16998,0.16986,0.16988
1762194960,0.16988,0.17003,0.16979,0.16993
1762195020,0.16993,0.17013,0.16993,0.17005
1762195080,0.17005,0.17013,0.16985,0.16995
1762195140,0.16995,0.17005,0.16991,0.16993
1762195200,0.16993,0.17006,0.1699,0.16991
1762195260,0.16991,0.16992,0.16954,0.16964
1762195320,0.16964,0.16975,0.16957,0.16966
1762195380,0.16966,0.16971,0.16946,0.16953
1762195440,0.16953,0.16965,0.16951,0.16965
1762195500,0.16965,0.16965,0.16918,0.16939
1762195560,0.16939,0.16942,0.16915,0.16916
1762195620,0.16916,0.16929,0.16909,0.16927
1762195680,0.16927,0.1696,0.16926,0.16951
1762195740,0.16951,0.16954,0.16934,0.16934
1762195800,0.16934,0.1694,0.16922,0.16926
1762195860,0.16926,0.16938,0.16912,0.16912
1762195920,0.16912,0.16928,0.16892,0.16921
1762195980,0.16921,0.16929,0.16915,0.16916
1762196040,0.16916,0.16924,0.16889,0.16913
1762196100,0.16913,0.16919,0.16898,0.16906
1762196160,0.16906,0.16921,0.16883,0.16919
1762196220,0.16919,0.16926,0.16912,0.16918
1762196280,0.16918,0.16918,0.16902,0.16912
1762196340,0.16912,0.16918,0.16909,0.16913
1762196400,0.16913,0.16934,0.16904,0.16911
1762196460,0.16911,0.1692,0.16889,0.16909
1762196520,0.16909,0.16909,0.16864,0.16883
1762196580,0.16883,0.16897,0.16876,0.16892
1762196640,0.16892,0.16895,0.16865,0.16867
1762196700,0.16867,0.16883,0.16844,0.16855
1762196760,0.16855,0.16879,0.16844,0.1687
1762196820,0.1687,0.16892,0.16854,0.16879
1762196880,0.16879,0.16885,0.16854,0.16854
1762196940,0.16854,0.16868,0.16834,0.16868
1762197000,0.16868,0.16886,0.16854,0.16854
1762197060,0.16854,0.16862,0.16843,0.16861
1762197120,0.16861,0.16879,0.16853,0.16874
1762197180,0.16874,0.16901,0.16874,0.16894
1762197240,0.16894,0.16897,0.16884,0.16886
1762197300,0.16886,0.16928,0.16885,0.16921
1762197360,0.16921,0.16956,0.16921,0.1693
1762197420,0.1693,0.16936,0.16887,0.16887
1762197480,0.16887,0.16891,0.16863,0.16869
1762197540,0.16869,0.16887,0.16866,0.1687
1762197600,0.1687,0.16913,0.1687,0.16897
1762197660,0.16897,0.1692,0.16887,0.16887
1762197720,0.16887,0.16889,0.16857,0.16859
1762197780,0.16859,0.16865,0.16835,0.16848
1762197840,0.16848,0.1686,0.16844,0.16845
1762197900,0.16845,0.16875,0.16822,0.16872
1762197960,0.16872,0.16874,0.16855,0.16861
1762198020,0.16861,0.16861,0.16844,0.16848
1762198080,0.16848,0.16848,0.16831,0.16832
1762198140,0.16832,0.16847,0.1683,0.1684
1762198200,0.1684,0.16864,0.16828,0.16854
1762198260,0.16854,0.16871,0.16852,0.16861
1762198320,0.16861,0.16871,0.16841,0.1685
1762198380,0.1685,0.1685,0.1683,0.16844
1762198440,0.16844,0.16865,0.16844,0.16848
1762198500,0.16848,0.16855,0.16835,0.16854
1762198560,0.16854,0.16875,0.16852,0.16856
1762198620,0.16856,0.16856,0.16833,0.16835
1762198680,0.16835,0.16865,0.16833,0.16859
1762198740,0.16859,0.16885,0.16859,0.1688
1762198800,0.1688,0.169,0.1688,0.16887
1762198860,0.16887,0.16888,0.16855,0.16856
1762198920,0.16856,0.16858,0.16837,0.16849
1762198980,0.16849,0.16879,0.16849,0.16877
1762199040,0.16877,0.16896,0.16876,0.16895
1762199100,0.16895,0.16926,0.16895,0.16919
1762199160,0.16919,0.16924,0.16894,0.16902
1762199220,0.16902,0.16922,0.16901,0.16914
1762199280,0.16914,0.1692,0.16887,0.1689
1762199340,0.1689,0.169,0.16889,0.1689
1762199400,0.1689,0.16901,0.16872,0.16876
1762199460,0.16876,0.16876,0.16855,0.1687
1762199520,0.1687,0.16871,0.16834,0.16836
1762199580,0.16836,0.16849,0.16832,0.16848
1762199640,0.16848,0.16853,0.16834,0.16846
1762199700,0.16846,0.16854,0.16836,0.16846
1762199760,0.16846,0.16863,0.16828,0.16851
1762199820,0.16851,0.16852,0.16826,0.16832
1762199880,0.16832,0.16832,0.16797,0.16811
1762199940,0.16811,0.16814,0.1678,0.16795
1762200000,0.16795,0.16833,0.16795,0.16826
1762200060,0.16826,0.16832,0.16799,0.16819
1762200120,0.16819,0.16825,0.16789,0.16806
1762200180,0.16806,0.16809,0.16781,0.16781
1762200240,0.16781,0.16802,0.1678,0.16802
1762200300,0.16802,0.16806,0.16766,0.16767
1762200360,0.16767,0.16771,0.16747,0.16757
1762200420,0.16757,0.16772,0.16743,0.1677
1762200480,0.1677,0.16776,0.16739,0.16741
1762200540,0.16741,0.16775,0.16741,0.16765
1762200600,0.16765,0.16768,0.16746,0.16761
1762200660,0.16761,0.16763,0.16747,0.16754
1762200720,0.16754,0.16757,0.16725,0.16728
1762200780,0.16728,0.16746,0.16722,0.16744
1762200840,0.16744,0.16744,0.16709,0.16733
1762200900,0.16733,0.16758,0.16727,0.16736
1762200960,0.16736,0.16757,0.16733,0.16752
1762201020,0.16752,0.16752,0.16729,0.16731
1762201080,0.16731,0.16731,0.16689,0.16725
1762201140,0.16725,0.16726,0.16704,0.16715
1762201200,0.16715,0.16722,0.167,0.1672
1762201260,0.1672,0.1674,0.16714,0.16719
1762201320,0.16719,0.16733,0.16711,0.16723
1762201380,0.16723,0.16728,0.16709,0.16711
1762201440,0.16711,0.16711,0.16664,0.16675
1762201500,0.16675,0.16693,0.16666,0.16682
1762201560,0.16682,0.16703,0.16682,0.16693
1762201620,0.16693,0.16693,0.16662,0.16687
1762201680,0.16687,0.16721,0.16686,0.16721
1762201740,0.16721,0.16733,0.16715,0.1672
1762201800,0.1672,0.16783,0.16719,0.1677
1762201860,0.1677,0.16773,0.16733,0.16733
1762201920,0.16733,0.16752,0.16708,0.16716
1762201980,0.16716,0.16726,0.16688,0.167
1762202040,0.167,0.16739,0.16696,0.16698
1762202100,0.16698,0.16715,0.16695,0.16695
1762202160,0.16695,0.16709,0.16678,0.16705
1762202220,0.16705,0.1673,0.16702,0.16728
1762202280,0.16728,0.16728,0.16692,0.16702
1762202340,0.16702,0.16732,0.16702,0.16727
1762202400,0.16727,0.16729,0.16704,0.16713
1762202460,0.16713,0.16716,0.16678,0.16689
1762202520,0.16689,0.16689,0.16656,0.1666
1762202580,0.1666,0.16675,0.16639,0.16665
1762202640,0.16665,0.16665,0.16627,0.16657
1762202700,0.16657,0.16676,0.16655,0.16657
1762202760,0.16657,0.16657,0.166,0.16624
1762202820,0.16624,0.16649,0.16621,0.1664
1762202880,0.1664,0.1664,0.16601,0.16606
1762202940,0.16606,0.16617,0.16588,0.16614
1762203000,0.16614,0.16621,0.16561,0.16604
1762203060,0.16604,0.16604,0.16561,0.16579
1762203120,0.16579,0.16598,0.16577,0.16584
1762203180,0.16584,0.16588,0.16526,0.16547
1762203240,0.16547,0.16557,0.16526,0.16537
1762203300,0.16537,0.16572,0.16529,0.16564
1762203360,0.16564,0.16569,0.16521,0.16528
1762203420,0.16528,0.16545,0.16509,0.16539
1762203480,0.16539,0.16551,0.16534,0.16545
1762203540,0.16545,0.16611,0.16543,0.16594
1762203600,0.16594,0.16644,0.1659,0.16641
1762203660,0.16641,0.16725,0.16637,0.16719
1762203720,0.16719,0.16744,0.16715,0.16736
1762203780,0.16736,0.16764,0.16727,0.16747
1762203840,0.16747,0.16748,0.1671,0.16731
1762203900,0.16731,0.16775,0.16716,0.16731
1762203960,0.16731,0.16731,0.16696,0.16722
1762204020,0.16722,0.16722,0.16667,0.16682
1762204080,0.16682,0.16701,0.16674,0.16686
1762204140,0.16686,0.16714,0.16677,0.16677
1762204200,0.16677,0.16683,0.16663,0.16672
1762204260,0.16672,0.16685,0.16666,0.16674
1762204320,0.16674,0.16687,0.16667,0.16671
1762204380,0.16671,0.16675,0.1665,0.1667
1762204440,0.1667,0.1667,0.16625,0.16632
1762204500,0.16632,0.16648,0.16599,0.16604
1762204560,0.16604,0.16607,0.16559,0.16562
1762204620,0.16562,0.16564,0.16435,0.16446
1762204680,0.16446,0.16511,0.16446,0.16493
1762204740,0.16493,0.16514,0.16482,0.16509
1762204800,0.16509,0.16519,0.16502,0.16514
1762204860,0.16514,0.16519,0.1648,0.16518
1762204920,0.16518,0.16607,0.16514,0.16605
1762204980,0.16605,0.16645,0.16593,0.16595
1762205040,0.16595,0.16595,0.16552,0.16554
1762205100,0.16554,0.16566,0.16521,0.16522
1762205160,0.16522,0.16527,0.16492,0.165
1762205220,0.165,0.16517,0.16489,0.16496
1762205280,0.16496,0.16537,0.16485,0.16527
1762205340,0.16527,0.16564,0.16527,0.16559
1762205400,0.16559,0.16589,0.16543,0.16585
1762205460,0.16585,0.16594,0.16534,0.16555
1762205520,0.16555,0.16597,0.1655,0.16586
1762205580,0.16586,0.16619,0.16586,0.16619
1762205640,0.16619,0.16655,0.16614,0.16655
1762205700,0.16655,0.16655,0.16628,0.16635
1762205760,0.16635,0.16681,0.16631,0.16671
1762205820,0.16671,0.16676,0.16638,0.16666
1762205880,0.16666,0.1669,0.16658,0.16677
1762205940,0.16677,0.16677,0.16641,0.16647
1762206000,0.16647,0.16669,0.16634,0.16663
1762206060,0.16663,0.16671,0.16648,0.16671
1762206120,0.16671,0.16686,0.16659,0.16682
1762206180,0.16682,0.16706,0.1667,0.16706
1762206240,0.16706,0.16713,0.16697,0.16706
1762206300,0.16706,0.16732,0.16699,0.16713
1762206360,0.16713,0.16744,0.16707,0.16736
1762206420,0.16736,0.16736,0.16694,0.16696
1762206480,0.16696,0.16734,0.16694,0.1672
1762206540,0.1672,0.1672,0.16697,0.16707
1762206600,0.16707,0.16751,0.167,0.16733
1762206660,0.16733,0.16747,0.16722,0.16738
1762206720,0.16738,0.16738,0.16727,0.16738
1762206780,0.16738,0.16762,0.16737,0.16743
1762206840,0.16743,0.1675,0.16726,0.16749
1762206900,0.16749,0.16756,0.16737,0.1674
1762206960,0.1674,0.16757,0.16736,0.1675
1762207020,0.1675,0.16759,0.16747,0.16752
1762207080,0.16752,0.16752,0.16741,0.16746
1762207140,0.16746,0.1677,0.16733,0.16761
1762207200,0.16761,0.16776,0.16755,0.16762
1762207260,0.16762,0.16773,0.16726,0.16731
1762207320,0.16731,0.16738,0.16705,0.16717
1762207380,0.16717,0.16717,0.16649,0.16662
1762207440,0.16662,0.16689,0.16662,0.16675
1762207500,0.16675,0.1672,0.16674,0.16704
1762207560,0.16704,0.16704,0.16656,0.16663
1762207620,0.16663,0.16663,0.16643,0.16644
1762207680,0.16644,0.1667,0.1664,0.1667
1762207740,0.1667,0.16675,0.16653,0.16675
1762207800,0.16675,0.16678,0.16655,0.16655
1762207860,0.16655,0.16664,0.1664,0.1665
1762207920,0.1665,0.1665,0.16601,0.16603
1762207980,0.16603,0.16644,0.16603,0.16634
1762208040,0.16634,0.16653,0.16605,0.16648
1762208100,0.16648,0.16673,0.16642,0.16647
1762208160,0.16647,0.16679,0.16638,0.16655
1762208220,0.16655,0.16668,0.16643,0.16665
1762208280,0.16665,0.16672,0.16652,0.1666
1762208340,0.1666,0.16662,0.16626,0.16639
1762208400,0.16639,0.16666,0.16638,0.16666
1762208460,0.16666,0.16687,0.16636,0.16639
1762208520,0.16639,0.16641,0.16579,0.16624
1762208580,0.16624,0.16659,0.16624,0.16648
1762208640,0.16648,0.16659,0.16589,0.16617
1762208700,0.16617,0.16619,0.16593,0.16593
1762208760,0.16593,0.16612,0.16568,0.1657
1762208820,0.1657,0.16586,0.16553,0.16559
1762208880,0.16559,0.16566,0.16533,0.16542
1762208940,0.16542,0.16562,0.16535,0.16535
1762209000,0.16535,0.16535,0.16455,0.16492
1762209060,0.16492,0.16509,0.16477,0.16488
1762209120,0.16488,0.16497,0.16447,0.16477
1762209180,0.16477,0.16498,0.16473,0.16479
1762209240,0.16479,0.16538,0.16475,0.16526
1762209300,0.16526,0.1653,0.16478,0.16496
1762209360,0.16496,0.16568,0.16496,0.16548
1762209420,0.16548,0.16591,0.16548,0.16553
1762209480,0.16553,0.16561,0.16533,0.16555
1762209540,0.16555,0.16558,0.16509,0.16519
1762209600,0.16519,0.16559,0.16519,0.16535
1762209660,0.16535,0.16554,0.16535,0.16553
1762209720,0.16553,0.16572,0.16537,0.16541
1762209780,0.16541,0.16559,0.16541,0.16549
1762209840,0.16549,0.16552,0.16543,0.16552
1762209900,0.16552,0.166,0.16552,0.16599
1762209960,0.16599,0.1663,0.16599,0.16616
1762210020,0.16616,0.16636,0.16609,0.16615
1762210080,0.16615,0.16645,0.16615,0.16629
1762210140,0.16629,0.16652,0.16629,0.16652
1762210200,0.16652,0.16665,0.16649,0.16658
1762210260,0.16658,0.16661,0.16636,0.16639
1762210320,0.16639,0.16639,0.16616,0.16636
1762210380,0.16636,0.16637,0.1662,0.1662
1762210440,0.1662,0.16621,0.16608,0.1662
1762210500,0.1662,0.1662,0.16562,0.16562
1762210560,0.16562,0.16572,0.16561,0.16566
1762210620,0.16566,0.16575,0.16555,0.16572
1762210680,0.16572,0.16584,0.16568,0.16568
1762210740,0.16568,0.16586,0.16567,0.16573
1762210800,0.16573,0.16573,0.16511,0.16517
1762210860,0.16517,0.16517,0.16476,0.16478
1762210920,0.16478,0.16478,0.16425,0.16432
1762210980,0.16432,0.16449,0.1642,0.16439
1762211040,0.16439,0.16462,0.16437,0.16448
1762211100,0.16448,0.1647,0.16442,0.16466
1762211160,0.16466,0.16481,0.16459,0.16475
1762211220,0.16475,0.16475,0.16456,0.16474
1762211280,0.16474,0.16496,0.16472,0.16482
1762211340,0.16482,0.16523,0.16482,0.16511
1762211400,0.16511,0.16521,0.16498,0.16499
1762211460,0.16499,0.1653,0.16499,0.16523
1762211520,0.16523,0.1655,0.16521,0.16548
1762211580,0.16548,0.16549,0.1651,0.1651
1762211640,0.1651,0.16527,0.1651,0.16519
1762211700,0.16519,0.16528,0.16514,0.16528
1762211760,0.16528,0.16531,0.16504,0.16512
1762211820,0.16512,0.16556,0.16512,0.16555
1762211880,0.16555,0.16568,0.16555,0.16557
1762211940,0.16557,0.16586,0.16548,0.16584
1762212000,0.16584,0.16605,0.16581,0.16605
1762212060,0.16605,0.16629,0.16605,0.16629
1762212120,0.16629,0.16637,0.16597,0.16597
1762212180,0.16597,0.16605,0.16577,0.16597
1762212240,0.16597,0.16613,0.16586,0.16604
1762212300,0.16604,0.16644,0.166,0.16641
1762212360,0.16641,0.16642,0.16627,0.16627
1762212420,0.16627,0.16642,0.16624,0.16631
1762212480,0.16631,0.16631,0.16624,0.16627
1762212540,0.16627,0.16641,0.16623,0.1663
1762212600,0.1663,0.1663,0.16614,0.16618
1762212660,0.16618,0.16645,0.16614,0.16623
1762212720,0.16623,0.16624,0.16609,0.16615
1762212780,0.16615,0.16641,0.16614,0.1664
1762212840,0.1664,0.16672,0.1664,0.16658
1762212900,0.16658,0.16668,0.16653,0.16654
1762212960,0.16654,0.16654,0.16638,0.16641
1762213020,0.16641,0.1667,0.16638,0.16666
1762213080,0.16666,0.16686,0.16666,0.16678
1762213140,0.16678,0.16706,0.16678,0.16693
1762213200,0.16693,0.16728,0.16693,0.16722
1762213260,0.16722,0.16723,0.16702,0.16703
1762213320,0.16703,0.16719,0.16701,0.16718
1762213380,0.16718,0.16721,0.16707,0.16719
1762213440,0.16719,0.1673,0.16705,0.16716
1762213500,0.16716,0.16728,0.16714,0.16721
1762213560,0.16721,0.16729,0.16713,0.16717
1762213620,0.16717,0.16717,0.16689,0.16693
1762213680,0.16693,0.16709,0.16692,0.16709
1762213740,0.16709,0.16726,0.16695,0.16721
1762213800,0.16721,0.16722,0.16698,0.167
1762213860,0.167,0.167,0.16674,0.16686
1762213920,0.16686,0.16706,0.16685,0.16686
1762213980,0.16686,0.16693,0.16675,0.16683
1762214040,0.16683,0.16712,0.16683,0.167
1762214100,0.167,0.16721,0.167,0.16712
1762214160,0.16712,0.16732,0.16707,0.16726
1762214220,0.16726,0.16736,0.16715,0.16729
1762214280,0.16729,0.16729,0.16712,0.16724
1762214340,0.16724,0.16733,0.16721,0.1673
1762214400,0.1673,0.16741,0.16704,0.16705
1762214460,0.16705,0.16705,0.1669,0.1669
1762214520,0.1669,0.16699,0.16682,0.16686
1762214580,0.16686,0.167,0.16681,0.16684
1762214640,0.16684,0.16692,0.16665,0.16674
1762214700,0.16674,0.16698,0.16662,0.16673
1762214760,0.16673,0.16696,0.16673,0.16693
1762214820,0.16693,0.16727,0.16687,0.16725
1762214880,0.16725,0.16725,0.16691,0.16695
1762214940,0.16695,0.16696,0.16682,0.16696
1762215000,0.16696,0.16703,0.16676,0.1669
1762215060,0.1669,0.16696,0.16676,0.16696
1762215120,0.16696,0.16697,0.16668,0.1668
1762215180,0.1668,0.16696,0.1668,0.16696
1762215240,0.16696,0.16702,0.16676,0.16687
1762215300,0.16687,0.16705,0.16683,0.1669
1762215360,0.1669,0.1669,0.16661,0.16669
1762215420,0.16669,0.16695,0.16655,0.16693
1762215480,0.16693,0.16739,0.1669,0.16709
1762215540,0.16709,0.16709,0.16678,0.16683
1762215600,0.16683,0.16699,0.16673,0.16676
1762215660,0.16676,0.16676,0.16642,0.16642
1762215720,0.16642,0.16643,0.16616,0.16616
1762215780,0.16616,0.16635,0.16608,0.16608
1762215840,0.16608,0.16616,0.16601,0.16608
1762215900,0.16608,0.16611,0.16598,0.16609
1762215960,0.16609,0.16617,0.16591,0.16591
1762216020,0.16591,0.16591,0.16562,0.16564
1762216080,0.16564,0.16586,0.16563,0.16581
1762216140,0.16581,0.16581,0.16551,0.16553
1762216200,0.16553,0.16598,0.16553,0.16593
1762216260,0.16593,0.16628,0.16592,0.16608
1762216320,0.16608,0.16629,0.1659,0.16629
1762216380,0.16629,0.1671,0.16629,0.16702
1762216440,0.16702,0.16734,0.16694,0.16722
1762216500,0.16722,0.16757,0.16721,0.16756
1762216560,0.16756,0.16871,0.16752,0.16842
1762216620,0.16842,0.16842,0.16811,0.16814
1762216680,0.16814,0.16889,0.16805,0.16883
1762216740,0.16883,0.16893,0.16857,0.16881
1762216800,0.16881,0.16927,0.16878,0.16892
1762216860,0.16892,0.16892,0.16864,0.16865
1762216920,0.16865,0.16909,0.16864,0.16906
1762216980,0.16906,0.16935,0.16897,0.16923
1762217040,0.16923,0.16944,0.1692,0.16925
1762217100,0.16925,0.16925,0.16885,0.16901
1762217160,0.16901,0.16917,0.16898,0.16901
1762217220,0.16901,0.16912,0.16893,0.16898
1762217280,0.16898,0.16911,0.16878,0.16882
1762217340,0.16882,0.16902,0.16876,0.16902
1762217400,0.16902,0.16902,0.16852,0.16853
1762217460,0.16853,0.16875,0.16844,0.16859
1762217520,0.16859,0.16871,0.16859,0.16863
1762217580,0.16863,0.16884,0.16863,0.16876
1762217640,0.16876,0.16885,0.16854,0.16854
1762217700,0.16854,0.16855,0.16822,0.16823
1762217760,0.16823,0.16826,0.16803,0.16809
1762217820,0.16809,0.16838,0.16809,0.16838
1762217880,0.16838,0.16843,0.16833,0.1684
1762217940,0.1684,0.16863,0.1684,0.16859
1762218000,0.16859,0.16869,0.16846,0.16848
1762218060,0.16848,0.16874,0.16845,0.16869
1762218120,0.16869,0.16869,0.16841,0.16845
1762218180,0.16845,0.16861,0.16837,0.16837
1762218240,0.16837,0.1684,0.16815,0.16815
1762218300,0.16815,0.16815,0.16786,0.16787
1762218360,0.16787,0.16841,0.16787,0.16838
1762218420,0.16838,0.16885,0.16838,0.16875
1762218480,0.16875,0.16875,0.16833,0.16838
1762218540,0.16838,0.16854,0.16821,0.1685
1762218600,0.1685,0.16869,0.16846,0.16848
1762218660,0.16848,0.16861,0.16846,0.16861
1762218720,0.16861,0.16877,0.16855,0.16855
1762218780,0.16855,0.16855,0.16839,0.16848
1762218840,0.16848,0.16857,0.16841,0.16846
1762218900,0.16846,0.16855,0.16826,0.16845
1762218960,0.16845,0.16868,0.16815,0.16866
1762219020,0.16866,0.16893,0.16854,0.16881
1762219080,0.16881,0.16901,0.16868,0.16893
1762219140,0.16893,0.16911,0.16873,0.16903
1762219200,0.16903,0.16965,0.16903,0.16963
1762219260,0.16963,0.16976,0.16924,0.16965
1762219320,0.16965,0.16974,0.1693,0.16971
1762219380,0.16971,0.16979,0.16939,0.1696
1762219440,0.1696,0.16978,0.16954,0.16971
1762219500,0.16971,0.16991,0.16962,0.16967
1762219560,0.16967,0.16971,0.16929,0.16936
1762219620,0.16936,0.16942,0.16927,0.16928
1762219680,0.16928,0.16928,0.16902,0.16906
1762219740,0.16906,0.1693,0.16905,0.1693
1762219800,0.1693,0.16961,0.16928,0.16944
1762219860,0.16944,0.16944,0.16916,0.16938
1762219920,0.16938,0.1699,0.16938,0.16984
1762219980,0.16984,0.16993,0.16973,0.16988
1762220040,0.16988,0.17007,0.16988,0.17001
1762220100,0.17001,0.17006,0.16974,0.16987
1762220160,0.16987,0.17013,0.16987,0.16991
1762220220,0.16991,0.16993,0.16967,0.16974
1762220280,0.16974,0.17022,0.16973,0.17013
1762220340,0.17013,0.17026,0.16983,0.16999
1762220400,0.16999,0.17008,0.16976,0.16981
1762220460,0.16981,0.16982,0.16962,0.16978
1762220520,0.16978,0.16991,0.16975,0.16979
1762220580,0.16979,0.16983,0.16975,0.16979
1762220640,0.16979,0.16983,0.16969,0.16969
1762220700,0.16969,0.16973,0.16955,0.16958
1762220760,0.16958,0.16977,0.16951,0.16965
1762220820,0.16965,0.16971,0.16951,0.16951
1762220880,0.16951,0.16963,0.16951,0.16956
1762220940,0.16956,0.16967,0.16941,0.16942
1762221000,0.16942,0.16952,0.1693,0.16939
1762221060,0.16939,0.1694,0.16924,0.16926
1762221120,0.16926,0.16926,0.16906,0.16923
1762221180,0.16923,0.1696,0.16921,0.16956
1762221240,0.16956,0.16993,0.16956,0.16988
1762221300,0.16988,0.16999,0.16982,0.16995
1762221360,0.16995,0.17007,0.16995,0.17003
1762221420,0.17003,0.17024,0.16994,0.17022
1762221480,0.17022,0.17022,0.16998,0.17001
1762221540,0.17001,0.17001,0.16992,0.16994
1762221600,0.16994,0.16994,0.16967,0.16969
1762221660,0.16969,0.16978,0.16958,0.16968
1762221720,0.16968,0.16977,0.16957,0.16958
1762221780,0.16958,0.16965,0.16955,0.16959
1762221840,0.16959,0.16968,0.16954,0.16965
1762221900,0.16965,0.16978,0.16955,0.16965
1762221960,0.16965,0.16966,0.16954,0.16954
1762222020,0.16954,0.16982,0.16954,0.1697
1762222080,0.1697,0.16987,0.16967,0.16986
1762222140,0.16986,0.17001,0.16986,0.16998
1762222200,0.16998,0.17001,0.16986,0.16987
1762222260,0.16987,0.17004,0.16985,0.16995
1762222320,0.16995,0.17017,0.16994,0.17011
1762222380,0.17011,0.17011,0.16987,0.16998
1762222440,0.16998,0.17001,0.16993,0.16994
1762222500,0.16994,0.17006,0.16983,0.17004
1762222560,0.17004,0.17004,0.16969,0.16994
1762222620,0.16994,0.17007,0.16988,0.16996
1762222680,0.16996,0.17017,0.16996,0.17007
1762222740,0.17007,0.1702,0.17007,0.17019
1762222800,0.17019,0.17035,0.17017,0.1702
1762222860,0.1702,0.17025,0.1701,0.17014
1762222920,0.17014,0.17034,0.17014,0.17027
1762222980,0.17027,0.1703,0.17008,0.1702
1762223040,0.1702,0.1702,0.16998,0.17013
1762223100,0.17013,0.17023,0.17001,0.17003
1762223160,0.17003,0.17009,0.16988,0.1699
1762223220,0.1699,0.17012,0.1699,0.17002
1762223280,0.17002,0.17005,0.16979,0.16982
1762223340,0.16982,0.16984,0.16964,0.16967
1762223400,0.16967,0.16967,0.16939,0.16945
1762223460,0.16945,0.16961,0.16945,0.16956
1762223520,0.16956,0.16971,0.16956,0.16961
1762223580,0.16961,0.16962,0.16923,0.16931
1762223640,0.16931,0.16957,0.16928,0.16946
1762223700,0.16946,0.16957,0.1694,0.16946
1762223760,0.16946,0.16962,0.16936,0.16936
1762223820,0.16936,0.16936,0.16917,0.16928
1762223880,0.16928,0.16958,0.16928,0.16945
1762223940,0.16945,0.16967,0.16943,0.16946
1762224000,0.16946,0.1697,0.16946,0.16948
1762224060,0.16948,0.16955,0.16928,0.16928
1762224120,0.16928,0.16928,0.16897,0.16908
1762224180,0.16908,0.16922,0.16902,0.16921
1762224240,0.16921,0.16935,0.16919,0.16928
1762224300,0.16928,0.16928,0.16901,0.1691
1762224360,0.1691,0.16931,0.169,0.16928
1762224420,0.16928,0.16932,0.16899,0.16905
1762224480,0.16905,0.16912,0.16887,0.1691
1762224540,0.1691,0.16924,0.16905,0.16905
1762224600,0.16905,0.16931,0.16905,0.1692
1762224660,0.1692,0.1693,0.16911,0.16912
1762224720,0.16912,0.16921,0.16908,0.16919
1762224780,0.16919,0.16944,0.16918,0.16944
1762224840,0.16944,0.16948,0.16936,0.16943
1762224900,0.16943,0.16946,0.16933,0.16936
1762224960,0.16936,0.1695,0.16934,0.16946
1762225020,0.16946,0.16948,0.16933,0.16941
1762225080,0.16941,0.16949,0.16935,0.16949
1762225140,0.16949,0.16949,0.16926,0.16926
1762225200,0.16926,0.1698,0.16926,0.16946
1762225260,0.16946,0.16962,0.16934,0.16948
1762225320,0.16948,0.16957,0.16924,0.16926
1762225380,0.16926,0.1693,0.16853,0.16883
1762225440,0.16883,0.16902,0.16873,0.16889
1762225500,0.16889,0.16889,0.1684,0.16856
1762225560,0.16856,0.16871,0.16835,0.1686
1762225620,0.1686,0.16867,0.16854,0.16854
1762225680,0.16854,0.16891,0.16854,0.16891
1762225740,0.16891,0.16892,0.1688,0.16886
1762225800,0.16886,0.1689,0.16882,0.16887
1762225860,0.16887,0.16919,0.16885,0.16917
1762225920,0.16917,0.1693,0.16915,0.16929
1762225980,0.16929,0.16975,0.16928,0.16973
1762226040,0.16973,0.17011,0.16972,0.16994
1762226100,0.16994,0.17028,0.16994,0.17014
1762226160,0.17014,0.17014,0.16989,0.16989
1762226220,0.16989,0.17006,0.16986,0.16996
1762226280,0.16996,0.17026,0.16995,0.16996
1762226340,0.16996,0.16996,0.1698,0.16986
1762226400,0.16986,0.16993,0.16981,0.16981
1762226460,0.16981,0.16981,0.16968,0.16968
1762226520,0.16968,0.17005,0.16968,0.17001
1762226580,0.17001,0.17012,0.16998,0.17
1762226640,0.17,0.17016,0.16995,0.16995
1762226700,0.16995,0.17032,0.16995,0.17031
1762226760,0.17031,0.17037,0.17005,0.17005
1762226820,0.17005,0.17023,0.17,0.17022
1762226880,0.17022,0.1703,0.17015,0.17023
1762226940,0.17023,0.17026,0.17017,0.17021
1762227000,0.17021,0.17026,0.17005,0.17005
1762227060,0.17005,0.17005,0.16983,0.16983
1762227120,0.16983,0.17003,0.16983,0.16989
1762227180,0.16989,0.17043,0.16989,0.17035
1762227240,0.17035,0.17074,0.17034,0.17069
1762227300,0.17069,0.17089,0.17056,0.17056
1762227360,0.17056,0.17056,0.17022,0.17034
1762227420,0.17034,0.17063,0.17034,0.17059
1762227480,0.17059,0.17065,0.17048,0.17052
1762227540,0.17052,0.17061,0.17049,0.17056
1762227600,0.17056,0.17065,0.17034,0.17037
1762227660,0.17037,0.17052,0.17037,0.17043
1762227720,0.17043,0.17055,0.17043,0.17044
1762227780,0.17044,0.17055,0.1704,0.17053
1762227840,0.17053,0.17054,0.1704,0.1704
1762227900,0.1704,0.17053,0.1702,0.17022
1762227960,0.17022,0.17036,0.17007,0.17036
1762228020,0.17036,0.17039,0.17026,0.17032
1762228080,0.17032,0.17039,0.17012,0.17014
1762228140,0.17014,0.17028,0.17014,0.17021
1762228200,0.17021,0.17033,0.17017,0.17028
1762228260,0.17028,0.17041,0.17022,0.17026
1762228320,0.17026,0.17028,0.17003,0.17011
1762228380,0.17011,0.17041,0.17011,0.17036
1762228440,0.17036,0.17059,0.17035,0.17052
1762228500,0.17052,0.1706,0.17049,0.17052
1762228560,0.17052,0.17052,0.1703,0.1703
1762228620,0.1703,0.17052,0.1703,0.17045
1762228680,0.17045,0.17054,0.17041,0.17041
1762228740,0.17041,0.17041,0.17033,0.17033
1762228800,0.17033,0.17051,0.1703,0.17034
1762228860,0.17034,0.17039,0.17017,0.17039
1762228920,0.17039,0.17051,0.17024,0.17024
1762228980,0.17024,0.17045,0.17021,0.1704
1762229040,0.1704,0.17065,0.1704,0.17062
1762229100,0.17062,0.17086,0.17062,0.17062
1762229160,0.17062,0.17062,0.17023,0.17031
1762229220,0.17031,0.17042,0.17022,0.17035
1762229280,0.17035,0.17053,0.17027,0.17051
1762229340,0.17051,0.17059,0.17035,0.17059
1762229400,0.17059,0.1709,0.17059,0.17083
1762229460,0.17083,0.17099,0.17079,0.17092
1762229520,0.17092,0.17095,0.17063,0.17069
1762229580,0.17069,0.17075,0.1705,0.1705
1762229640,0.1705,0.17096,0.1705,0.1709
1762229700,0.1709,0.17091,0.1706,0.1706
1762229760,0.1706,0.17063,0.17031,0.17031
1762229820,0.17031,0.17046,0.17004,0.17041
1762229880,0.17041,0.1705,0.17026,0.17037
1762229940,0.17037,0.17049,0.17022,0.17044
1762230000,0.17044,0.17054,0.17029,0.1703
1762230060,0.1703,0.17042,0.17027,0.1704
1762230120,0.1704,0.17085,0.17027,0.17078
1762230180,0.17078,0.17078,0.17053,0.17055
1762230240,0.17055,0.17064,0.17031,0.17058
1762230300,0.17058,0.17062,0.17043,0.17051
1762230360,0.17051,0.17071,0.1704,0.17043
1762230420,0.17043,0.17057,0.17036,0.17046
1762230480,0.17046,0.17057,0.17042,0.17054
1762230540,0.17054,0.1706,0.17044,0.17052
1762230600,0.17052,0.17079,0.17052,0.17062
1762230660,0.17062,0.17096,0.17042,0.17096
1762230720,0.17096,0.17102,0.17065,0.17069
1762230780,0.17069,0.17098,0.1706,0.17062
1762230840,0.17062,0.17064,0.17048,0.17054
1762230900,0.17054,0.17056,0.17026,0.17026
1762230960,0.17026,0.17027,0.16994,0.17027
1762231020,0.17027,0.17035,0.1701,0.17029
1762231080,0.17029,0.17057,0.17027,0.17027
1762231140,0.17027,0.17038,0.17002,0.17035
1762231200,0.17035,0.17056,0.17026,0.17028
1762231260,0.17028,0.17033,0.17011,0.17028
1762231320,0.17028,0.17041,0.17016,0.17016
1762231380,0.17016,0.17022,0.17007,0.17009
1762231440,0.17009,0.1702,0.17006,0.17011
1762231500,0.17011,0.17022,0.16994,0.17005
1762231560,0.17005,0.1701,0.16995,0.17006
1762231620,0.17006,0.1702,0.16976,0.16978
1762231680,0.16978,0.16999,0.16971,0.1699
1762231740,0.1699,0.16997,0.16974,0.16981
1762231800,0.16981,0.16983,0.16963,0.1697
1762231860,0.1697,0.16981,0.16958,0.16959
1762231920,0.16959,0.16961,0.16948,0.16958
1762231980,0.16958,0.1698,0.16951,0.16953
1762232040,0.16953,0.16965,0.16949,0.16951
1762232100,0.16951,0.16954,0.16935,0.1694
1762232160,0.1694,0.16954,0.16936,0.16944
1762232220,0.16944,0.16957,0.16943,0.16955
1762232280,0.16955,0.16964,0.16943,0.16953
1762232340,0.16953,0.16953,0.16942,0.16942
1762232400,0.16942,0.16943,0.16916,0.16934
1762232460,0.16934,0.16936,0.16919,0.16919
1762232520,0.16919,0.16937,0.16915,0.16934
1762232580,0.16934,0.16946,0.16933,0.16944
1762232640,0.16944,0.16945,0.1692,0.16923
1762232700,0.16923,0.16939,0.16918,0.16937
1762232760,0.16937,0.16937,0.16922,0.16934
1762232820,0.16934,0.16948,0.16934,0.16937
1762232880,0.16937,0.16942,0.16926,0.16926
1762232940,0.16926,0.16956,0.16924,0.16955
1762233000,0.16955,0.16972,0.16953,0.16966
1762233060,0.16966,0.16976,0.16946,0.16946
1762233120,0.16946,0.16949,0.1692,0.16923
1762233180,0.16923,0.16928,0.16897,0.16926
1762233240,0.16926,0.16926,0.1691,0.16914
1762233300,0.16914,0.16919,0.16862,0.16862
1762233360,0.16862,0.16867,0.1682,0.16838
1762233420,0.16838,0.16838,0.16812,0.16827
1762233480,0.16827,0.16836,0.16807,0.16812
1762233540,0.16812,0.16818,0.1675,0.16785
1762233600,0.16785,0.16785,0.16755,0.16779
1762233660,0.16779,0.16785,0.1666,0.16689
1762233720,0.16689,0.1671,0.1667,0.1671
1762233780,0.1671,0.16731,0.16701,0.16705
1762233840,0.16705,0.16708,0.16635,0.16665
1762233900,0.16665,0.16695,0.16642,0.16655
1762233960,0.16655,0.1666,0.16628,0.16646
1762234020,0.16646,0.16652,0.16606,0.1663
1762234080,0.1663,0.16651,0.16567,0.16583
1762234140,0.16583,0.16617,0.16573,0.16592
1762234200,0.16592,0.16594,0.16494,0.16537
1762234260,0.16537,0.16537,0.16368,0.16396
1762234320,0.16396,0.16464,0.16396,0.16409
1762234380,0.16409,0.16428,0.16325,0.16342
1762234440,0.16342,0.16417,0.1634,0.16385
1762234500,0.16385,0.16414,0.16373,0.16384
1762234560,0.16384,0.16461,0.16378,0.16461
1762234620,0.16461,0.16485,0.16433,0.16477
1762234680,0.16477,0.16483,0.16419,0.16419
1762234740,0.16419,0.1644,0.16394,0.16427
1762234800,0.16427,0.1649,0.16421,0.16426
1762234860,0.16426,0.16433,0.16396,0.16417
1762234920,0.16417,0.16432,0.16412,0.16425
1762234980,0.16425,0.16437,0.16357,0.16379
1762235040,0.16379,0.16396,0.16346,0.16352
1762235100,0.16352,0.16384,0.16331,0.16332
1762235160,0.16332,0.16359,0.16264,0.16353
1762235220,0.16353,0.16357,0.16304,0.16329
1762235280,0.16329,0.16331,0.16208,0.16216
1762235340,0.16216,0.16251,0.16188,0.16217
1762235400,0.16217,0.16286,0.16217,0.16254
1762235460,0.16254,0.16267,0.1621,0.16211
1762235520,0.16211,0.16221,0.16125,0.16154
1762235580,0.16154,0.16167,0.16109,0.16146
1762235640,0.16146,0.1617,0.16113,0.16136
1762235700,0.16136,0.16182,0.16133,0.16137
1762235760,0.16137,0.16179,0.16064,0.16079
1762235820,0.16079,0.16162,0.16075,0.16146
1762235880,0.16146,0.16151,0.16102,0.16137
1762235940,0.16137,0.16151,0.16102,0.16102
1762236000,0.16102,0.16161,0.1608,0.16153
1762236060,0.16153,0.16188,0.16133,0.1617
1762236120,0.1617,0.16217,0.16147,0.16191
1762236180,0.16191,0.1621,0.16179,0.1619
1762236240,0.1619,0.16258,0.16189,0.16252
1762236300,0.16252,0.16288,0.16231,0.16234
1762236360,0.16234,0.1626,0.1621,0.16235
1762236420,0.16235,0.16248,0.16224,0.16241
1762236480,0.16241,0.16241,0.16166,0.16168
1762236540,0.16168,0.16214,0.16162,0.16202
1762236600,0.16202,0.16271,0.16184,0.16268
1762236660,0.16268,0.16294,0.16254,0.16284
1762236720,0.16284,0.16298,0.16251,0.16293
1762236780,0.16293,0.16375,0.16286,0.16374
1762236840,0.16374,0.16461,0.16362,0.16449
1762236900,0.16449,0.16684,0.16445,0.1665
1762236960,0.1665,0.1673,0.1663,0.16663
1762237020,0.16663,0.16687,0.1663,0.16658
1762237080,0.16658,0.16664,0.16609,0.16625
1762237140,0.16625,0.16648,0.1659,0.16607
1762237200,0.16607,0.16635,0.16588,0.16606
1762237260,0.16606,0.16646,0.16592,0.16634
1762237320,0.16634,0.16634,0.16559,0.16573
1762237380,0.16573,0.16576,0.16537,0.1654
1762237440,0.1654,0.1655,0.1651,0.16514
1762237500,0.16514,0.16547,0.16512,0.16541
1762237560,0.16541,0.16552,0.16527,0.16549
1762237620,0.16549,0.1656,0.16538,0.16557
1762237680,0.16557,0.16585,0.16536,0.16549
1762237740,0.16549,0.16569,0.16549,0.16562
1762237800,0.16562,0.16562,0.16505,0.1651
1762237860,0.1651,0.16517,0.16465,0.16486
1762237920,0.16486,0.16556,0.1648,0.16551
1762237980,0.16551,0.16587,0.16547,0.16547
1762238040,0.16547,0.16587,0.16542,0.16586
1762238100,0.16586,0.16596,0.16527,0.1654
1762238160,0.1654,0.16548,0.16527,0.16534
1762238220,0.16534,0.1654,0.16503,0.1651
1762238280,0.1651,0.1651,0.16482,0.16504
1762238340,0.16504,0.16505,0.16466,0.16466
1762238400,0.16466,0.16481,0.16441,0.16461
1762238460,0.16461,0.16478,0.16443,0.16469
1762238520,0.16469,0.16469,0.16441,0.16446
1762238580,0.16446,0.1646,0.16446,0.16455
1762238640,0.16455,0.16466,0.16413,0.16428
1762238700,0.16428,0.16465,0.16426,0.16462
1762238760,0.16462,0.16491,0.16462,0.16478
1762238820,0.16478,0.16509,0.16474,0.16498
1762238880,0.16498,0.16531,0.16488,0.16497
1762238940,0.16497,0.165,0.16468,0.1649
1762239000,0.1649,0.16505,0.1648,0.16481
1762239060,0.16481,0.16491,0.16426,0.16429
1762239120,0.16429,0.16441,0.16392,0.16441
1762239180,0.16441,0.16485,0.16441,0.16469
1762239240,0.16469,0.16477,0.16399,0.16407
1762239300,0.16407,0.16421,0.16404,0.16421
1762239360,0.16421,0.16443,0.1641,0.16437
1762239420,0.16437,0.16442,0.16413,0.16418
1762239480,0.16418,0.16421,0.16404,0.1642
1762239540,0.1642,0.16449,0.16419,0.16436
1762239600,0.16436,0.16441,0.16419,0.16426
1762239660,0.16426,0.16461,0.16412,0.16449
1762239720,0.16449,0.16454,0.16422,0.16423
1762239780,0.16423,0.16424,0.16296,0.16322
1762239840,0.16322,0.16352,0.16306,0.1635
1762239900,0.1635,0.16355,0.16321,0.16354
1762239960,0.16354,0.16403,0.1634,0.16382
1762240020,0.16382,0.16426,0.16379,0.16393
1762240080,0.16393,0.16407,0.16355,0.16355
1762240140,0.16355,0.16358,0.16328,0.16332
1762240200,0.16332,0.16346,0.16312,0.16314
1762240260,0.16314,0.16373,0.16314,0.16353
1762240320,0.16353,0.16365,0.16317,0.16328
1762240380,0.16328,0.16328,0.16292,0.16298
1762240440,0.16298,0.16331,0.16295,0.16321
1762240500,0.16321,0.16321,0.16279,0.16288
1762240560,0.16288,0.16398,0.16282,0.16378
1762240620,0.16378,0.16378,0.16314,0.16314
1762240680,0.16314,0.16346,0.16295,0.16339
1762240740,0.16339,0.16344,0.16301,0.16307
1762240800,0.16307,0.16313,0.16258,0.16266
1762240860,0.16266,0.16304,0.16264,0.1628
1762240920,0.1628,0.16296,0.16259,0.16269
1762240980,0.16269,0.16269,0.16221,0.16224
1762241040,0.16224,0.1624,0.16207,0.16212
1762241100,0.16212,0.16257,0.16207,0.16254
1762241160,0.16254,0.1628,0.16229,0.1623
1762241220,0.1623,0.16235,0.16172,0.16186
1762241280,0.16186,0.16186,0.1611,0.16151
1762241340,0.16151,0.16154,0.16133,0.16147
1762241400,0.16147,0.16187,0.16141,0.16177
1762241460,0.16177,0.16213,0.16168,0.16196
1762241520,0.16196,0.16204,0.16175,0.16196
1762241580,0.16196,0.1621,0.16183,0.16198
1762241640,0.16198,0.16256,0.16198,0.16211
1762241700,0.16211,0.16238,0.16199,0.16224
1762241760,0.16224,0.1623,0.16199,0.16223
1762241820,0.16223,0.16257,0.16223,0.16254
1762241880,0.16254,0.1626,0.16233,0.16249
1762241940,0.16249,0.16312,0.16239,0.16302
1762242000,0.16302,0.16313,0.16268,0.16268
1762242060,0.16268,0.16268,0.16223,0.16235
1762242120,0.16235,0.16238,0.16185,0.16189
1762242180,0.16189,0.16189,0.16116,0.16154
1762242240,0.16154,0.16163,0.16122,0.16163
1762242300,0.16163,0.16175,0.16146,0.16167
1762242360,0.16167,0.16167,0.1613,0.16139
1762242420,0.16139,0.16151,0.16122,0.16127
1762242480,0.16127,0.16127,0.1605,0.16082
1762242540,0.16082,0.16114,0.16077,0.16095
1762242600,0.16095,0.16133,0.16095,0.16123
1762242660,0.16123,0.16176,0.16122,0.16175
1762242720,0.16175,0.16215,0.16174,0.16212
1762242780,0.16212,0.16219,0.16192,0.16217
1762242840,0.16217,0.16219,0.16189,0.16216
1762242900,0.16216,0.16216,0.16174,0.16184
1762242960,0.16184,0.16209,0.16184,0.16208
1762243020,0.16208,0.16208,0.16186,0.16193
1762243080,0.16193,0.16198,0.16174,0.16193
1762243140,0.16193,0.16198,0.16178,0.1619
1762243200,0.1619,0.16214,0.16184,0.16214
1762243260,0.16214,0.16218,0.16166,0.16173
1762243320,0.16173,0.16214,0.1616,0.16212
1762243380,0.16212,0.16235,0.16184,0.16206
1762243440,0.16206,0.16206,0.16178,0.16179
1762243500,0.16179,0.1618,0.16129,0.16149
1762243560,0.16149,0.16209,0.16142,0.16208
1762243620,0.16208,0.16212,0.16155,0.16157
1762243680,0.16157,0.16168,0.16113,0.16125
1762243740,0.16125,0.16154,0.16109,0.16141
1762243800,0.16141,0.16172,0.16135,0.1617
1762243860,0.1617,0.16206,0.16164,0.16192
1762243920,0.16192,0.16233,0.16184,0.16206
1762243980,0.16206,0.16206,0.16123,0.16153
1762244040,0.16153,0.16169,0.16139,0.16143
1762244100,0.16143,0.16166,0.16117,0.1612
1762244160,0.1612,0.16167,0.1612,0.16132
1762244220,0.16132,0.16132,0.16078,0.16121
1762244280,0.16121,0.16132,0.1608,0.16119
1762244340,0.16119,0.16138,0.16085,0.16112
1762244400,0.16112,0.16211,0.16112,0.16203
1762244460,0.16203,0.16291,0.16201,0.16268
1762244520,0.16268,0.16309,0.16245,0.16307
1762244580,0.16307,0.16338,0.16289,0.16337
1762244640,0.16337,0.16349,0.16308,0.16345
1762244700,0.16345,0.16388,0.16325,0.16328
1762244760,0.16328,0.16332,0.16281,0.16293
1762244820,0.16293,0.16331,0.16291,0.1633
1762244880,0.1633,0.16339,0.16308,0.16316
1762244940,0.16316,0.16348,0.1631,0.16337
1762245000,0.16337,0.16424,0.16332,0.16408
1762245060,0.16408,0.16513,0.16403,0.1648
1762245120,0.1648,0.16557,0.1647,0.16547
1762245180,0.16547,0.16585,0.16535,0.16545
1762245240,0.16545,0.16545,0.16499,0.16509
1762245300,0.16509,0.16513,0.16489,0.16504
1762245360,0.16504,0.16547,0.16499,0.16506
1762245420,0.16506,0.16535,0.16493,0.165
1762245480,0.165,0.1654,0.16498,0.16513
1762245540,0.16513,0.16515,0.16468,0.16484
1762245600,0.16484,0.16493,0.16477,0.16489
1762245660,0.16489,0.16504,0.16476,0.16489
1762245720,0.16489,0.1651,0.16476,0.1649
1762245780,0.1649,0.1649,0.16466,0.16481
1762245840,0.16481,0.16495,0.16476,0.16491
1762245900,0.16491,0.16501,0.16438,0.1646
1762245960,0.1646,0.16463,0.16422,0.16425
1762246020,0.16425,0.1647,0.1642,0.16469
1762246080,0.16469,0.16477,0.16438,0.16441
1762246140,0.16441,0.16453,0.16411,0.16453
1762246200,0.16453,0.16456,0.16407,0.16407
1762246260,0.16407,0.16423,0.1639,0.16395
1762246320,0.16395,0.16402,0.16372,0.16378
1762246380,0.16378,0.16417,0.16377,0.16416
1762246440,0.16416,0.16428,0.16396,0.16402
1762246500,0.16402,0.16409,0.16384,0.16391
1762246560,0.16391,0.16425,0.16382,0.1642
1762246620,0.1642,0.16435,0.16414,0.16433
1762246680,0.16433,0.16442,0.1642,0.16421
1762246740,0.16421,0.16445,0.16421,0.16441
1762246800,0.16441,0.16456,0.16423,0.16456
1762246860,0.16456,0.16457,0.16421,0.16435
1762246920,0.16435,0.16465,0.16435,0.16442
1762246980,0.16442,0.16451,0.16411,0.16443
1762247040,0.16443,0.16466,0.16429,0.1646
1762247100,0.1646,0.16477,0.1642,0.16422
1762247160,0.16422,0.16474,0.16419,0.16434
1762247220,0.16434,0.16434,0.16414,0.1642
1762247280,0.1642,0.1642,0.16372,0.16376
1762247340,0.16376,0.16403,0.16356,0.16402
1762247400,0.16402,0.16405,0.16385,0.16396
1762247460,0.16396,0.16422,0.16395,0.16403
1762247520,0.16403,0.16424,0.16397,0.16399
1762247580,0.16399,0.16405,0.1636,0.16393
1762247640,0.16393,0.16404,0.16371,0.16404
1762247700,0.16404,0.16416,0.16366,0.16401
1762247760,0.16401,0.16461,0.16399,0.16461
1762247820,0.16461,0.16509,0.16452,0.16504
1762247880,0.16504,0.16504,0.16447,0.16456
1762247940,0.16456,0.16479,0.16452,0.16468
1762248000,0.16468,0.16493,0.16462,0.16476
1762248060,0.16476,0.16476,0.16398,0.16401
1762248120,0.16401,0.16427,0.16385,0.16427
1762248180,0.16427,0.16442,0.16389,0.16439
1762248240,0.16439,0.16468,0.16434,0.16434
1762248300,0.16434,0.16448,0.16431,0.16443
1762248360,0.16443,0.16474,0.16442,0.1647
1762248420,0.1647,0.1653,0.16468,0.16516
1762248480,0.16516,0.16523,0.16492,0.16516
1762248540,0.16516,0.16516,0.16476,0.16483
1762248600,0.16483,0.1651,0.16476,0.16496
1762248660,0.16496,0.16537,0.16494,0.16523
1762248720,0.16523,0.16552,0.1652,0.16528
1762248780,0.16528,0.16545,0.16509,0.16514
1762248840,0.16514,0.1652,0.1649,0.16497
1762248900,0.16497,0.16497,0.1645,0.16453
1762248960,0.16453,0.16454,0.16418,0.16451
1762249020,0.16451,0.16492,0.16442,0.1649
1762249080,0.1649,0.16539,0.16487,0.16528
1762249140,0.16528,0.1653,0.16504,0.16517
1762249200,0.16517,0.16521,0.16501,0.16519
1762249260,0.16519,0.16541,0.16514,0.16528
1762249320,0.16528,0.16544,0.16513,0.16513
1762249380,0.16513,0.16525,0.16502,0.16512
1762249440,0.16512,0.1653,0.16501,0.16509
1762249500,0.16509,0.16518,0.16498,0.16505
1762249560,0.16505,0.16531,0.16497,0.16526
1762249620,0.16526,0.16538,0.16503,0.16503
1762249680,0.16503,0.16505,0.16486,0.1649
1762249740,0.1649,0.16509,0.1649,0.16504
1762249800,0.16504,0.16525,0.16501,0.16515
1762249860,0.16515,0.16517,0.1647,0.16474
1762249920,0.16474,0.16486,0.1644,0.16445
1762249980,0.16445,0.16475,0.16444,0.16464
1762250040,0.16464,0.16467,0.16448,0.16453
1762250100,0.16453,0.16464,0.16448,0.16449
1762250160,0.16449,0.16472,0.16441,0.16468
1762250220,0.16468,0.16507,0.16461,0.16495
1762250280,0.16495,0.16512,0.16481,0.16508
1762250340,0.16508,0.16538,0.16508,0.16527
1762250400,0.16527,0.16537,0.16509,0.16528
1762250460,0.16528,0.16543,0.16508,0.1651
1762250520,0.1651,0.16558,0.1651,0.16524
1762250580,0.16524,0.16529,0.16501,0.16508
1762250640,0.16508,0.16545,0.16508,0.16515
1762250700,0.16515,0.16528,0.16513,0.16524
1762250760,0.16524,0.1657,0.16524,0.16557
1762250820,0.16557,0.16569,0.16533,0.16547
1762250880,0.16547,0.16571,0.16546,0.16557
1762250940,0.16557,0.16588,0.16553,0.16558
1762251000,0.16558,0.16575,0.16553,0.16556
1762251060,0.16556,0.16585,0.16535,0.16572
1762251120,0.16572,0.16597,0.16564,0.16572
1762251180,0.16572,0.1658,0.16534,0.1654
1762251240,0.1654,0.16548,0.16533,0.1654
1762251300,0.1654,0.16567,0.1654,0.16567
1762251360,0.16567,0.16588,0.16544,0.16561
1762251420,0.16561,0.16565,0.16533,0.16537
1762251480,0.16537,0.16565,0.16529,0.16565
1762251540,0.16565,0.16575,0.16554,0.16555
1762251600,0.16555,0.16567,0.16533,0.16546
1762251660,0.16546,0.1656,0.16534,0.16556
1762251720,0.16556,0.16572,0.16537,0.16538
1762251780,0.16538,0.16541,0.16522,0.16525
1762251840,0.16525,0.16528,0.16496,0.16508
1762251900,0.16508,0.16534,0.16505,0.1651
1762251960,0.1651,0.16548,0.16504,0.1654
1762252020,0.1654,0.16561,0.1654,0.16541
1762252080,0.16541,0.16549,0.16511,0.16515
1762252140,0.16515,0.16523,0.16506,0.16513
1762252200,0.16513,0.16531,0.16502,0.16523
1762252260,0.16523,0.16526,0.16506,0.1652
1762252320,0.1652,0.1652,0.16489,0.16497
1762252380,0.16497,0.16526,0.16497,0.16526
1762252440,0.16526,0.16558,0.16517,0.1653
1762252500,0.1653,0.16535,0.16506,0.1651
1762252560,0.1651,0.1651,0.16475,0.16487
1762252620,0.16487,0.16492,0.16456,0.1649
1762252680,0.1649,0.16521,0.1649,0.1652
1762252740,0.1652,0.16547,0.1652,0.16541
1762252800,0.16541,0.16548,0.16522,0.16543
1762252860,0.16543,0.1657,0.16535,0.16555
1762252920,0.16555,0.16577,0.1654,0.16549
1762252980,0.16549,0.16565,0.1652,0.16524
1762253040,0.16524,0.1653,0.16512,0.16521
1762253100,0.16521,0.16529,0.16498,0.16526
1762253160,0.16526,0.16554,0.16526,0.16535
1762253220,0.16535,0.16535,0.16519,0.16521
1762253280,0.16521,0.16533,0.16498,0.165
1762253340,0.165,0.16512,0.16477,0.16478
1762253400,0.16478,0.16496,0.16478,0.16482
1762253460,0.16482,0.16482,0.16463,0.16471
1762253520,0.16471,0.16501,0.16468,0.16497
1762253580,0.16497,0.16504,0.16466,0.16498
1762253640,0.16498,0.16504,0.1648,0.1648
1762253700,0.1648,0.16493,0.1646,0.16487
1762253760,0.16487,0.16496,0.16477,0.16493
1762253820,0.16493,0.16531,0.16488,0.1653
1762253880,0.1653,0.1654,0.16522,0.16527
1762253940,0.16527,0.16537,0.1651,0.16528
1762254000,0.16528,0.16533,0.16504,0.16522
1762254060,0.16522,0.16522,0.16505,0.16514
1762254120,0.16514,0.16571,0.16513,0.16566
1762254180,0.16566,0.16589,0.1656,0.1658
1762254240,0.1658,0.1658,0.16556,0.16558
1762254300,0.16558,0.16604,0.16552,0.1658
1762254360,0.1658,0.16643,0.16577,0.16631
1762254420,0.16631,0.16658,0.16623,0.1664
1762254480,0.1664,0.1664,0.16602,0.16634
1762254540,0.16634,0.1664,0.16622,0.16627
1762254600,0.16627,0.1666,0.16616,0.16648
1762254660,0.16648,0.16666,0.16638,0.16642
1762254720,0.16642,0.16642,0.16615,0.1662
1762254780,0.1662,0.16629,0.16608,0.16623
1762254840,0.16623,0.16644,0.16621,0.16629
1762254900,0.16629,0.16634,0.16615,0.16632
1762254960,0.16632,0.16633,0.16613,0.16618
1762255020,0.16618,0.16659,0.16617,0.16658
1762255080,0.16658,0.16693,0.16655,0.16691
1762255140,0.16691,0.16696,0.16656,0.16656
1762255200,0.16656,0.16683,0.16653,0.16683
1762255260,0.16683,0.16695,0.1666,0.16668
1762255320,0.16668,0.16683,0.1664,0.16644
1762255380,0.16644,0.16644,0.1661,0.16623
1762255440,0.16623,0.1663,0.16604,0.16604
1762255500,0.16604,0.16619,0.1659,0.16595
1762255560,0.16595,0.16599,0.16582,0.16584
1762255620,0.16584,0.16602,0.16577,0.16593
1762255680,0.16593,0.16604,0.16591,0.16596
1762255740,0.16596,0.16596,0.16577,0.16577
1762255800,0.16577,0.16592,0.16574,0.16575
1762255860,0.16575,0.16575,0.16546,0.16548
1762255920,0.16548,0.16568,0.16538,0.16568
1762255980,0.16568,0.16583,0.1656,0.16575
1762256040,0.16575,0.16586,0.1656,0.16561
1762256100,0.16561,0.16578,0.16554,0.16554
1762256160,0.16554,0.16569,0.16554,0.16564
1762256220,0.16564,0.16588,0.16554,0.16588
1762256280,0.16588,0.16598,0.16571,0.16577
1762256340,0.16577,0.16604,0.16577,0.16596
1762256400,0.16596,0.16604,0.16578,0.16578
1762256460,0.16578,0.16585,0.16569,0.1657
1762256520,0.1657,0.16605,0.16569,0.16599
1762256580,0.16599,0.16603,0.16587,0.16592
1762256640,0.16592,0.16603,0.16579,0.16589
1762256700,0.16589,0.16593,0.16572,0.16593
1762256760,0.16593,0.16603,0.16578,0.1659
1762256820,0.1659,0.16597,0.1658,0.16582
1762256880,0.16582,0.16592,0.16567,0.16567
1762256940,0.16567,0.16572,0.1654,0.16542
1762257000,0.16542,0.16547,0.16536,0.16543
1762257060,0.16543,0.16559,0.16543,0.16553
1762257120,0.16553,0.16568,0.1655,0.16562
1762257180,0.16562,0.16565,0.16549,0.16551
1762257240,0.16551,0.16556,0.1654,0.16549
1762257300,0.16549,0.16553,0.1654,0.16548
1762257360,0.16548,0.16573,0.16547,0.16566
1762257420,0.16566,0.16576,0.16558,0.16567
1762257480,0.16567,0.16638,0.16565,0.16636
1762257540,0.16636,0.16636,0.16602,0.16603
1762257600,0.16603,0.16608,0.1658,0.1658
1762257660,0.1658,0.166,0.16573,0.16587
1762257720,0.16587,0.16611,0.16574,0.16611
1762257780,0.16611,0.16611,0.16585,0.16596
1762257840,0.16596,0.16609,0.16581,0.16601
1762257900,0.16601,0.16624,0.16591,0.16608
1762257960,0.16608,0.16615,0.16593,0.16602
1762258020,0.16602,0.16608,0.16565,0.16569
1762258080,0.16569,0.16588,0.16556,0.1658
1762258140,0.1658,0.16587,0.16567,0.16576
1762258200,0.16576,0.16581,0.16563,0.16564
1762258260,0.16564,0.16571,0.1655,0.16553
1762258320,0.16553,0.1656,0.16543,0.16544
1762258380,0.16544,0.16544,0.16511,0.16526
1762258440,0.16526,0.16533,0.16522,0.16531
1762258500,0.16531,0.16537,0.16507,0.16513
1762258560,0.16513,0.16516,0.16493,0.16511
1762258620,0.16511,0.16513,0.16496,0.16512
1762258680,0.16512,0.16519,0.16506,0.16508
1762258740,0.16508,0.16521,0.16498,0.16521
1762258800,0.16521,0.16538,0.16514,0.16521
1762258860,0.16521,0.16544,0.16517,0.16539
1762258920,0.16539,0.16542,0.1652,0.1652
1762258980,0.1652,0.16531,0.16509,0.16517
1762259040,0.16517,0.1652,0.16483,0.16485
1762259100,0.16485,0.16502,0.1648,0.16497
1762259160,0.16497,0.16517,0.16494,0.16507
1762259220,0.16507,0.16518,0.16502,0.16509
1762259280,0.16509,0.16526,0.16509,0.16526
1762259340,0.16526,0.1653,0.16515,0.16515
1762259400,0.16515,0.16517,0.16504,0.16507
1762259460,0.16507,0.16508,0.16483,0.16483
1762259520,0.16483,0.16487,0.16461,0.16464
1762259580,0.16464,0.16486,0.16464,0.1648
1762259640,0.1648,0.16484,0.16451,0.16454
1762259700,0.16454,0.16461,0.16426,0.16426
1762259760,0.16426,0.16435,0.16417,0.16421
1762259820,0.16421,0.16439,0.16415,0.16434
1762259880,0.16434,0.16439,0.16395,0.16398
1762259940,0.16398,0.16407,0.16381,0.16395
1762260000,0.16395,0.16413,0.16389,0.16389
1762260060,0.16389,0.16407,0.16377,0.16403
1762260120,0.16403,0.16405,0.16385,0.16388
1762260180,0.16388,0.1639,0.16373,0.16387
1762260240,0.16387,0.16395,0.16384,0.16392
1762260300,0.16392,0.16396,0.1636,0.16372
1762260360,0.16372,0.16387,0.16359,0.1638
1762260420,0.1638,0.1639,0.16379,0.16386
1762260480,0.16386,0.1642,0.16386,0.1641
1762260540,0.1641,0.16423,0.16388,0.16423
1762260600,0.16423,0.16423,0.16396,0.16401
1762260660,0.16401,0.16423,0.16397,0.16401
1762260720,0.16401,0.16409,0.16383,0.16401
1762260780,0.16401,0.16403,0.16388,0.164
1762260840,0.164,0.16414,0.16397,0.16398
1762260900,0.16398,0.16398,0.16385,0.16389
1762260960,0.16389,0.16396,0.16386,0.16393
1762261020,0.16393,0.16403,0.16376,0.16376
1762261080,0.16376,0.16406,0.16373,0.16405
1762261140,0.16405,0.16405,0.16393,0.16401
1762261200,0.16401,0.16416,0.1639,0.16416
1762261260,0.16416,0.16433,0.16413,0.16417
1762261320,0.16417,0.16426,0.16402,0.16408
1762261380,0.16408,0.16458,0.16408,0.16438
1762261440,0.16438,0.16441,0.16414,0.16415
1762261500,0.16415,0.16418,0.16389,0.1639
1762261560,0.1639,0.164,0.16367,0.16385
1762261620,0.16385,0.1639,0.16309,0.1631
1762261680,0.1631,0.16321,0.16254,0.16293
1762261740,0.16293,0.16309,0.16278,0.163
1762261800,0.163,0.16325,0.16293,0.16316
1762261860,0.16316,0.16371,0.16316,0.1636
1762261920,0.1636,0.16385,0.1636,0.16374
1762261980,0.16374,0.16378,0.16333,0.16345
1762262040,0.16345,0.16356,0.1634,0.1634
1762262100,0.1634,0.16355,0.16334,0.16354
1762262160,0.16354,0.16355,0.16329,0.16333
1762262220,0.16333,0.16353,0.16317,0.16332
1762262280,0.16332,0.16356,0.16332,0.16352
1762262340,0.16352,0.16361,0.16342,0.16343
1762262400,0.16343,0.16343,0.16309,0.16321
1762262460,0.16321,0.16322,0.16272,0.16276
1762262520,0.16276,0.16301,0.16272,0.16301
1762262580,0.16301,0.16301,0.16279,0.1628
1762262640,0.1628,0.163,0.16249,0.16254
1762262700,0.16254,0.16257,0.16193,0.16219
1762262760,0.16219,0.16228,0.16204,0.16222
1762262820,0.16222,0.16228,0.16201,0.1621
1762262880,0.1621,0.16212,0.16187,0.16201
1762262940,0.16201,0.16218,0.16201,0.16209
1762263000,0.16209,0.16258,0.162,0.16248
1762263060,0.16248,0.16255,0.1621,0.16216
1762263120,0.16216,0.16256,0.16216,0.16254
1762263180,0.16254,0.16311,0.16254,0.16291
1762263240,0.16291,0.16331,0.1629,0.16326
1762263300,0.16326,0.16375,0.16326,0.16346
1762263360,0.16346,0.16377,0.16339,0.16354
1762263420,0.16354,0.16368,0.16344,0.16366
1762263480,0.16366,0.16399,0.16357,0.16359
1762263540,0.16359,0.16369,0.16345,0.16358
1762263600,0.16358,0.16361,0.16342,0.16347
1762263660,0.16347,0.16371,0.16327,0.1634
1762263720,0.1634,0.16345,0.16311,0.16326
1762263780,0.16326,0.16356,0.16317,0.16336
1762263840,0.16336,0.16343,0.16323,0.16323
1762263900,0.16323,0.16323,0.16278,0.16286
1762263960,0.16286,0.16296,0.16261,0.16275
1762264020,0.16275,0.16303,0.16265,0.16297
1762264080,0.16297,0.16304,0.16285,0.16289
1762264140,0.16289,0.16293,0.16266,0.16268
1762264200,0.16268,0.16268,0.16245,0.16254
1762264260,0.16254,0.1628,0.1625,0.16279
1762264320,0.16279,0.16313,0.16279,0.16293
1762264380,0.16293,0.16311,0.16287,0.16301
1762264440,0.16301,0.16306,0.16295,0.16298
1762264500,0.16298,0.16298,0.16281,0.16292
1762264560,0.16292,0.16302,0.16288,0.16288
1762264620,0.16288,0.1629,0.16271,0.16274
1762264680,0.16274,0.16293,0.16273,0.16278
1762264740,0.16278,0.16283,0.1627,0.16276
1762264800,0.16276,0.16276,0.16254,0.16261
1762264860,0.16261,0.16262,0.16214,0.16217
1762264920,0.16217,0.16217,0.16116,0.16134
1762264980,0.16134,0.16137,0.16107,0.16123
1762265040,0.16123,0.16166,0.16118,0.16163
1762265100,0.16163,0.16208,0.16163,0.1619
1762265160,0.1619,0.16226,0.16172,0.16226
1762265220,0.16226,0.16265,0.16218,0.16249
1762265280,0.16249,0.16253,0.1621,0.16233
1762265340,0.16233,0.16235,0.16211,0.16216
1762265400,0.16216,0.16221,0.16189,0.16198
1762265460,0.16198,0.16206,0.16171,0.16205
1762265520,0.16205,0.16205,0.16163,0.16173
1762265580,0.16173,0.16189,0.16165,0.16175
1762265640,0.16175,0.16176,0.16142,0.16145
1762265700,0.16145,0.16159,0.16128,0.16154
1762265760,0.16154,0.16174,0.1614,0.16164
1762265820,0.16164,0.16173,0.16152,0.16152
1762265880,0.16152,0.1618,0.1615,0.16178
1762265940,0.16178,0.16206,0.16165,0.1617
1762266000,0.1617,0.1617,0.1612,0.16142
1762266060,0.16142,0.16144,0.16115,0.16117
1762266120,0.16117,0.16152,0.16116,0.16149
1762266180,0.16149,0.16178,0.16147,0.16165
1762266240,0.16165,0.16165,0.1613,0.16142
1762266300,0.16142,0.16153,0.16118,0.16123
1762266360,0.16123,0.16145,0.16119,0.16137
1762266420,0.16137,0.16151,0.16131,0.16151
1762266480,0.16151,0.16161,0.16147,0.16149
1762266540,0.16149,0.16184,0.16149,0.16183
1762266600,0.16183,0.16269,0.16133,0.16254
1762266660,0.16254,0.16306,0.16224,0.16224
1762266720,0.16224,0.16292,0.16192,0.16256
1762266780,0.16256,0.16256,0.16191,0.16208
1762266840,0.16208,0.16264,0.16187,0.16248
1762266900,0.16248,0.16288,0.16224,0.16243
1762266960,0.16243,0.16256,0.1617,0.16246
1762267020,0.16246,0.16246,0.16178,0.16188
1762267080,0.16188,0.16204,0.16068,0.16126
1762267140,0.16126,0.16206,0.16118,0.16199
1762267200,0.16199,0.16262,0.16151,0.16254
1762267260,0.16254,0.16477,0.16252,0.16449
1762267320,0.16449,0.16524,0.16426,0.16488
1762267380,0.16488,0.16515,0.16439,0.1646
1762267440,0.1646,0.1654,0.16451,0.16538
1762267500,0.16538,0.16544,0.16478,0.165
1762267560,0.165,0.16641,0.16493,0.16593
1762267620,0.16593,0.1662,0.16535,0.16557
1762267680,0.16557,0.16693,0.1655,0.16684
1762267740,0.16684,0.16684,0.16612,0.16612
1762267800,0.16612,0.16625,0.16586,0.16597
1762267860,0.16597,0.16717,0.16597,0.16689
1762267920,0.16689,0.16699,0.16637,0.16647
1762267980,0.16647,0.16692,0.16647,0.16671
1762268040,0.16671,0.16719,0.16664,0.16699
1762268100,0.16699,0.16748,0.16673,0.16745
1762268160,0.16745,0.16771,0.16691,0.16695
1762268220,0.16695,0.16695,0.16644,0.16659
1762268280,0.16659,0.16664,0.16637,0.16655
1762268340,0.16655,0.16698,0.16651,0.16683
1762268400,0.16683,0.16758,0.16683,0.16715
1762268460,0.16715,0.16756,0.16701,0.16732
1762268520,0.16732,0.16803,0.16715,0.16779
1762268580,0.16779,0.16799,0.16714,0.16717
1762268640,0.16717,0.16765,0.16717,0.16765
1762268700,0.16765,0.16787,0.16737,0.16749
1762268760,0.16749,0.16753,0.16662,0.16662
1762268820,0.16662,0.16688,0.1665,0.16672
1762268880,0.16672,0.1669,0.16645,0.1665
1762268940,0.1665,0.16673,0.16625,0.16656
1762269000,0.16656,0.16658,0.16587,0.16636
1762269060,0.16636,0.16666,0.16629,0.16656
1762269120,0.16656,0.16683,0.16642,0.1665
1762269180,0.1665,0.16685,0.16635,0.16636
1762269240,0.16636,0.16641,0.16567,0.16571
1762269300,0.16571,0.16618,0.16571,0.16616
1762269360,0.16616,0.16661,0.16605,0.16651
1762269420,0.16651,0.16686,0.16643,0.16655
1762269480,0.16655,0.16689,0.16647,0.16673
1762269540,0.16673,0.16841,0.16673,0.16811
1762269600,0.16811,0.16844,0.16783,0.16794
1762269660,0.16794,0.16801,0.16747,0.16775
1762269720,0.16775,0.16793,0.16755,0.16772
1762269780,0.16772,0.16775,0.16731,0.16765
1762269840,0.16765,0.16777,0.16744,0.16763
1762269900,0.16763,0.16788,0.16758,0.16765
1762269960,0.16765,0.16809,0.16745,0.16772
1762270020,0.16772,0.16772,0.16701,0.16716
1762270080,0.16716,0.16716,0.16698,0.1671
1762270140,0.1671,0.16716,0.16686,0.16688
1762270200,0.16688,0.16689,0.16663,0.16674
1762270260,0.16674,0.16697,0.16656,0.16659
1762270320,0.16659,0.16661,0.16637,0.16651
1762270380,0.16651,0.16667,0.16634,0.16634
1762270440,0.16634,0.16692,0.16628,0.16689
1762270500,0.16689,0.1669,0.16671,0.16683
1762270560,0.16683,0.16696,0.16659,0.16659
1762270620,0.16659,0.16668,0.1663,0.16639
1762270680,0.16639,0.16651,0.16623,0.16651
1762270740,0.16651,0.16669,0.16641,0.16658
1762270800,0.16658,0.1667,0.16645,0.16649
1762270860,0.16649,0.16651,0.16618,0.1662
1762270920,0.1662,0.16633,0.16585,0.16598
1762270980,0.16598,0.16624,0.16598,0.16619
1762271040,0.16619,0.16628,0.16612,0.16614
1762271100,0.16614,0.16614,0.1655,0.16551
1762271160,0.16551,0.16571,0.16526,0.16554
1762271220,0.16554,0.16554,0.16496,0.16498
1762271280,0.16498,0.16515,0.16489,0.16491
1762271340,0.16491,0.16517,0.16487,0.16501
1762271400,0.16501,0.16515,0.16468,0.16471
1762271460,0.16471,0.16485,0.16437,0.1645
1762271520,0.1645,0.1645,0.16376,0.16408
1762271580,0.16408,0.16423,0.16315,0.1636
1762271640,0.1636,0.16398,0.16356,0.16392
1762271700,0.16392,0.16407,0.16381,0.16386
1762271760,0.16386,0.16386,0.16342,0.16374
1762271820,0.16374,0.16377,0.16348,0.16369
1762271880,0.16369,0.1641,0.16365,0.16391
1762271940,0.16391,0.16396,0.16375,0.16386
1762272000,0.16386,0.16445,0.16383,0.1644
1762272060,0.1644,0.16464,0.16426,0.16458
1762272120,0.16458,0.16462,0.16412,0.16432
1762272180,0.16432,0.16453,0.16422,0.1644
1762272240,0.1644,0.16479,0.1644,0.16469
1762272300,0.16469,0.1647,0.16443,0.16451
1762272360,0.16451,0.16467,0.16437,0.16454
1762272420,0.16454,0.16509,0.16451,0.16503
1762272480,0.16503,0.16507,0.16479,0.16479
1762272540,0.16479,0.16484,0.16444,0.16446
1762272600,0.16446,0.16456,0.16418,0.1643
1762272660,0.1643,0.16432,0.16363,0.16389
1762272720,0.16389,0.16444,0.16359,0.16438
1762272780,0.16438,0.16483,0.16436,0.16452
1762272840,0.16452,0.16452,0.164,0.16408
1762272900,0.16408,0.16432,0.16381,0.16394
1762272960,0.16394,0.164,0.16366,0.16379
1762273020,0.16379,0.16427,0.16377,0.16413
1762273080,0.16413,0.16413,0.16343,0.16354
1762273140,0.16354,0.16377,0.1631,0.16315
1762273200,0.16315,0.16315,0.16192,0.16206
1762273260,0.16206,0.16239,0.16116,0.16146
1762273320,0.16146,0.16219,0.16139,0.16217
1762273380,0.16217,0.16235,0.16183,0.16206
1762273440,0.16206,0.16233,0.1617,0.16228
1762273500,0.16228,0.1629,0.1621,0.16266
1762273560,0.16266,0.16266,0.16242,0.16255
1762273620,0.16255,0.16287,0.1625,0.16257
1762273680,0.16257,0.16318,0.1625,0.16317
1762273740,0.16317,0.16323,0.16292,0.16292
1762273800,0.16292,0.16325,0.16272,0.16321
1762273860,0.16321,0.16347,0.16289,0.16324
1762273920,0.16324,0.16324,0.16241,0.16241
1762273980,0.16241,0.16256,0.16214,0.1624
1762274040,0.1624,0.16262,0.16215,0.16238
1762274100,0.16238,0.16247,0.16218,0.16228
1762274160,0.16228,0.16253,0.16187,0.16217
1762274220,0.16217,0.16265,0.16217,0.1622
1762274280,0.1622,0.16226,0.16169,0.16181
1762274340,0.16181,0.16204,0.16144,0.16199
1762274400,0.16199,0.16202,0.16154,0.16166
1762274460,0.16166,0.16207,0.16165,0.16203
1762274520,0.16203,0.16203,0.16093,0.16113
1762274580,0.16113,0.16175,0.16113,0.16147
1762274640,0.16147,0.16153,0.16093,0.16109
1762274700,0.16109,0.16141,0.16089,0.16091
1762274760,0.16091,0.16108,0.16021,0.16029
1762274820,0.16029,0.16072,0.16003,0.1607
1762274880,0.1607,0.16073,0.16008,0.16023
1762274940,0.16023,0.16058,0.16012,0.16038
1762275000,0.16038,0.16069,0.15997,0.16063
1762275060,0.16063,0.16064,0.16,0.16002
1762275120,0.16002,0.16056,0.1597,0.16048
1762275180,0.16048,0.16054,0.16022,0.16047
1762275240,0.16047,0.16053,0.16024,0.1605
1762275300,0.1605,0.16087,0.16034,0.16057
1762275360,0.16057,0.16077,0.15984,0.1599
1762275420,0.1599,0.16037,0.15981,0.16006
1762275480,0.16006,0.16022,0.1599,0.16022
1762275540,0.16022,0.16026,0.15986,0.16005
1762275600,0.16005,0.16011,0.15952,0.15959
1762275660,0.15959,0.15981,0.15957,0.15971
1762275720,0.15971,0.15983,0.15827,0.15858
1762275780,0.15858,0.15908,0.15858,0.15884
1762275840,0.15884,0.15893,0.15853,0.15886
1762275900,0.15886,0.15891,0.15817,0.15867
1762275960,0.15867,0.15923,0.15841,0.15902
1762276020,0.15902,0.15919,0.15828,0.15829
1762276080,0.15829,0.15906,0.15829,0.15848
1762276140,0.15848,0.15848,0.15778,0.15835
1762276200,0.15835,0.15851,0.15723,0.15758
1762276260,0.15758,0.15785,0.15674,0.15707
1762276320,0.15707,0.15748,0.15685,0.15713
1762276380,0.15713,0.15713,0.15624,0.157
1762276440,0.157,0.15735,0.15687,0.15708
1762276500,0.15708,0.15762,0.15688,0.15728
1762276560,0.15728,0.15728,0.15621,0.15626
1762276620,0.15626,0.15668,0.15602,0.15665
1762276680,0.15665,0.15823,0.15646,0.15804
1762276740,0.15804,0.15817,0.15701,0.15704
1762276800,0.15704,0.15792,0.15696,0.15769
1762276860,0.15769,0.15833,0.15742,0.1582
1762276920,0.1582,0.15921,0.15816,0.15905
1762276980,0.15905,0.15971,0.15886,0.15956
1762277040,0.15956,0.15963,0.15904,0.15917
1762277100,0.15917,0.15926,0.15876,0.15907
1762277160,0.15907,0.15949,0.1589,0.15942
1762277220,0.15942,0.15948,0.15879,0.15905
1762277280,0.15905,0.15923,0.15867,0.1588
1762277340,0.1588,0.15899,0.15848,0.15871
1762277400,0.15871,0.15945,0.15869,0.15926
1762277460,0.15926,0.16041,0.15903,0.16006
1762277520,0.16006,0.1601,0.15922,0.15927
1762277580,0.15927,0.15978,0.15925,0.15962
1762277640,0.15962,0.15987,0.15941,0.1596
1762277700,0.1596,0.16024,0.15934,0.16024
1762277760,0.16024,0.16031,0.15967,0.16031
1762277820,0.16031,0.16111,0.16021,0.16071
1762277880,0.16071,0.16084,0.16017,0.16047
1762277940,0.16047,0.16077,0.15989,0.16006
1762278000,0.16006,0.16012,0.1597,0.15981
1762278060,0.15981,0.16008,0.15969,0.15973
1762278120,0.15973,0.15973,0.1595,0.15968
1762278180,0.15968,0.1598,0.15959,0.15968
1762278240,0.15968,0.15979,0.15945,0.15953
1762278300,0.15953,0.15992,0.15953,0.15983
1762278360,0.15983,0.1599,0.15957,0.15977
1762278420,0.15977,0.15993,0.15957,0.15978
1762278480,0.15978,0.15994,0.1592,0.1593
1762278540,0.1593,0.15981,0.15927,0.15959
1762278600,0.15959,0.16002,0.15949,0.15972
1762278660,0.15972,0.15972,0.15935,0.15935
1762278720,0.15935,0.15973,0.15931,0.15963
1762278780,0.15963,0.1598,0.15926,0.15936
1762278840,0.15936,0.15943,0.15904,0.15926
1762278900,0.15926,0.15936,0.15897,0.15905
1762278960,0.15905,0.1591,0.15873,0.15902
1762279020,0.15902,0.15904,0.15882,0.15884
1762279080,0.15884,0.15917,0.15884,0.15917
1762279140,0.15917,0.15942,0.15912,0.15915
1762279200,0.15915,0.15924,0.15856,0.15867
1762279260,0.15867,0.15884,0.15836,0.15874
1762279320,0.15874,0.15874,0.15796,0.158
1762279380,0.158,0.15815,0.15779,0.15792
1762279440,0.15792,0.15793,0.15707,0.15737
1762279500,0.15737,0.15857,0.15733,0.15823
1762279560,0.15823,0.15887,0.15808,0.1582
1762279620,0.1582,0.15826,0.15764,0.15784
1762279680,0.15784,0.1585,0.15782,0.15843
1762279740,0.15843,0.15876,0.15818,0.15859
1762279800,0.15859,0.15872,0.15827,0.15843
1762279860,0.15843,0.15859,0.15801,0.15804
1762279920,0.15804,0.15819,0.15783,0.15808
1762279980,0.15808,0.15811,0.15768,0.15788
1762280040,0.15788,0.15793,0.15744,0.15766
1762280100,0.15766,0.1578,0.1574,0.15762
1762280160,0.15762,0.15774,0.15724,0.15745
1762280220,0.15745,0.15754,0.15728,0.15743
1762280280,0.15743,0.15743,0.15717,0.1573
1762280340,0.1573,0.15733,0.1568,0.15681
1762280400,0.15681,0.15713,0.15647,0.15705
1762280460,0.15705,0.15705,0.15651,0.1566
1762280520,0.1566,0.15706,0.15625,0.15694
1762280580,0.15694,0.15744,0.15668,0.15741
1762280640,0.15741,0.15758,0.15682,0.157
1762280700,0.157,0.1571,0.15637,0.15655
1762280760,0.15655,0.15671,0.15642,0.15662
1762280820,0.15662,0.15703,0.1564,0.15662
1762280880,0.15662,0.15666,0.15609,0.15642
1762280940,0.15642,0.15671,0.15641,0.15663
1762281000,0.15663,0.15689,0.15627,0.15683
1762281060,0.15683,0.15686,0.15573,0.15581
1762281120,0.15581,0.15607,0.15515,0.15516
1762281180,0.15516,0.15553,0.15469,0.15499
1762281240,0.15499,0.15541,0.15407,0.15536
1762281300,0.15536,0.15543,0.15427,0.15457
1762281360,0.15457,0.15698,0.15455,0.15627
1762281420,0.15627,0.15675,0.15588,0.15613
1762281480,0.15613,0.15622,0.15548,0.15555
1762281540,0.15555,0.15564,0.15492,0.15511
1762281600,0.15511,0.1555,0.15504,0.15543
1762281660,0.15543,0.15615,0.15529,0.15613
1762281720,0.15613,0.15744,0.15609,0.15726
1762281780,0.15726,0.15822,0.15692,0.15815
1762281840,0.15815,0.15907,0.15775,0.15904
1762281900,0.15904,0.15904,0.15803,0.15805
1762281960,0.15805,0.15844,0.15791,0.15821
1762282020,0.15821,0.15835,0.15758,0.15758
1762282080,0.15758,0.15768,0.15721,0.1573
1762282140,0.1573,0.15736,0.15663,0.15679
1762282200,0.15679,0.15749,0.15672,0.15733
1762282260,0.15733,0.15799,0.15715,0.15767
1762282320,0.15767,0.15796,0.15753,0.15787
1762282380,0.15787,0.15798,0.15713,0.15782
1762282440,0.15782,0.15955,0.15764,0.15915
1762282500,0.15915,0.15946,0.1589,0.15898
1762282560,0.15898,0.15921,0.15844,0.15847
1762282620,0.15847,0.15909,0.15847,0.15906
1762282680,0.15906,0.16031,0.159,0.15978
1762282740,0.15978,0.15993,0.15949,0.15977
1762282800,0.15977,0.1602,0.15949,0.15993
1762282860,0.15993,0.16054,0.15968,0.1602
1762282920,0.1602,0.16079,0.16001,0.16028
1762282980,0.16028,0.16042,0.15994,0.16003
1762283040,0.16003,0.16032,0.15996,0.16019
1762283100,0.16019,0.16019,0.15928,0.15933
1762283160,0.15933,0.16002,0.15931,0.15959
1762283220,0.15959,0.1598,0.15929,0.15945
1762283280,0.15945,0.15992,0.15937,0.15975
1762283340,0.15975,0.16004,0.15948,0.15963
1762283400,0.15963,0.15965,0.15916,0.15933
1762283460,0.15933,0.15947,0.15905,0.15916
1762283520,0.15916,0.15961,0.15895,0.15925
1762283580,0.15925,0.15979,0.15925,0.15962
1762283640,0.15962,0.15992,0.15955,0.15977
1762283700,0.15977,0.16031,0.15947,0.16019
1762283760,0.16019,0.16061,0.16005,0.16005
1762283820,0.16005,0.16015,0.1596,0.15969
1762283880,0.15969,0.15999,0.1596,0.15995
1762283940,0.15995,0.15999,0.15954,0.15959
1762284000,0.15959,0.16001,0.1595,0.15992
1762284060,0.15992,0.16016,0.15933,0.1596
1762284120,0.1596,0.16006,0.15959,0.1599
1762284180,0.1599,0.16111,0.1599,0.16067
1762284240,0.16067,0.16074,0.16045,0.1606
1762284300,0.1606,0.16142,0.16049,0.16082
1762284360,0.16082,0.16082,0.16004,0.16011
1762284420,0.16011,0.16036,0.16001,0.16001
1762284480,0.16001,0.16014,0.15979,0.15988
1762284540,0.15988,0.1599,0.15952,0.15966
1762284600,0.15966,0.16003,0.15951,0.15955
1762284660,0.15955,0.15961,0.15909,0.15914
1762284720,0.15914,0.15926,0.15903,0.1591
1762284780,0.1591,0.15922,0.15884,0.15921
1762284840,0.15921,0.15944,0.15901,0.15924
1762284900,0.15924,0.15924,0.1589,0.15905
1762284960,0.15905,0.15912,0.15853,0.15862
1762285020,0.15862,0.15875,0.15837,0.1584
1762285080,0.1584,0.15855,0.15823,0.15853
1762285140,0.15853,0.15872,0.15842,0.15847
1762285200,0.15847,0.15891,0.1584,0.15868
1762285260,0.15868,0.15868,0.15826,0.15827
1762285320,0.15827,0.15839,0.15817,0.15832
1762285380,0.15832,0.15832,0.15811,0.15828
1762285440,0.15828,0.1586,0.15823,0.15858
1762285500,0.15858,0.15858,0.15837,0.15846
1762285560,0.15846,0.1586,0.15825,0.15843
1762285620,0.15843,0.15854,0.1583,0.15849
1762285680,0.15849,0.15861,0.15836,0.15838
1762285740,0.15838,0.15843,0.15793,0.15802
1762285800,0.15802,0.15818,0.15794,0.15806
1762285860,0.15806,0.15833,0.15771,0.15793
1762285920,0.15793,0.1586,0.15791,0.15836
1762285980,0.15836,0.15836,0.15798,0.1581
1762286040,0.1581,0.15817,0.15782,0.15784
1762286100,0.15784,0.15819,0.15783,0.15801
1762286160,0.15801,0.15809,0.15773,0.15807
1762286220,0.15807,0.15813,0.15781,0.15786
1762286280,0.15786,0.15794,0.1576,0.15782
1762286340,0.15782,0.15796,0.15774,0.15791
1762286400,0.15791,0.15821,0.15788,0.15808
1762286460,0.15808,0.15831,0.1578,0.15782
1762286520,0.15782,0.15792,0.15737,0.15744
1762286580,0.15744,0.15747,0.1571,0.15714
1762286640,0.15714,0.15735,0.15666,0.15676
1762286700,0.15676,0.15728,0.15612,0.15728
1762286760,0.15728,0.15735,0.15681,0.15693
1762286820,0.15693,0.15735,0.15677,0.15679
1762286880,0.15679,0.15679,0.15642,0.15664
1762286940,0.15664,0.15664,0.15607,0.15608
1762287000,0.15608,0.15655,0.15605,0.15646
1762287060,0.15646,0.15666,0.15615,0.15627
1762287120,0.15627,0.15637,0.15595,0.1562
1762287180,0.1562,0.15637,0.15595,0.15629
1762287240,0.15629,0.15645,0.15623,0.1563
1762287300,0.1563,0.15631,0.15532,0.1557
1762287360,0.1557,0.1558,0.1539,0.15391
1762287420,0.15391,0.1544,0.15146,0.15225
1762287480,0.15225,0.15274,0.15145,0.15235
1762287540,0.15235,0.15385,0.1522,0.15365
1762287600,0.15365,0.15398,0.15243,0.1528
1762287660,0.1528,0.15345,0.15213,0.15305
1762287720,0.15305,0.15327,0.15162,0.15239
1762287780,0.15239,0.15329,0.15225,0.15314
1762287840,0.15314,0.15342,0.15267,0.1534
1762287900,0.1534,0.15512,0.15328,0.155
1762287960,0.155,0.15527,0.15421,0.15438
1762288020,0.15438,0.15533,0.15438,0.15519
1762288080,0.15519,0.15707,0.15518,0.15672
1762288140,0.15672,0.15717,0.15632,0.15678
1762288200,0.15678,0.15792,0.15678,0.15738
1762288260,0.15738,0.15755,0.15656,0.15675
1762288320,0.15675,0.15734,0.15662,0.15696
1762288380,0.15696,0.15728,0.15651,0.15677
1762288440,0.15677,0.15678,0.15599,0.15614
1762288500,0.15614,0.15694,0.15612,0.15692
1762288560,0.15692,0.15739,0.15667,0.15737
1762288620,0.15737,0.15807,0.15727,0.15773
1762288680,0.15773,0.15939,0.15756,0.159
1762288740,0.159,0.15924,0.15856,0.15858
1762288800,0.15858,0.15927,0.15842,0.15927
1762288860,0.15927,0.1601,0.15902,0.15984
1762288920,0.15984,0.16006,0.15958,0.15981
1762288980,0.15981,0.16056,0.15965,0.1602
1762289040,0.1602,0.16052,0.15983,0.15985
1762289100,0.15985,0.16014,0.1597,0.15989
1762289160,0.15989,0.16015,0.15953,0.15991
1762289220,0.15991,0.16024,0.15989,0.1602
1762289280,0.1602,0.16056,0.15999,0.16016
1762289340,0.16016,0.16022,0.15939,0.15939
1762289400,0.15939,0.15974,0.15905,0.15933
1762289460,0.15933,0.15959,0.15911,0.15912
1762289520,0.15912,0.15944,0.15905,0.15912
1762289580,0.15912,0.15943,0.15887,0.1591
1762289640,0.1591,0.15919,0.15844,0.15866
1762289700,0.15866,0.15872,0.15833,0.15847
1762289760,0.15847,0.15861,0.15814,0.15835
1762289820,0.15835,0.15877,0.15835,0.1586
1762289880,0.1586,0.15869,0.15839,0.15863
1762289940,0.15863,0.15913,0.15857,0.1588
1762290000,0.1588,0.15901,0.1584,0.15899
1762290060,0.15899,0.15924,0.15828,0.15828
1762290120,0.15828,0.15865,0.1582,0.15844
1762290180,0.15844,0.15921,0.15839,0.15905
1762290240,0.15905,0.15963,0.1588,0.15935
1762290300,0.15935,0.15944,0.15808,0.15808
1762290360,0.15808,0.15844,0.158,0.15801
1762290420,0.15801,0.15816,0.15779,0.15806
1762290480,0.15806,0.1584,0.15806,0.15812
1762290540,0.15812,0.15852,0.15805,0.15814
1762290600,0.15814,0.15845,0.15808,0.15845
1762290660,0.15845,0.15858,0.15824,0.15831
1762290720,0.15831,0.15871,0.15824,0.15828
1762290780,0.15828,0.15869,0.15821,0.1586
1762290840,0.1586,0.15867,0.1574,0.15757
1762290900,0.15757,0.15768,0.15702,0.15722
1762290960,0.15722,0.15728,0.15682,0.15684
1762291020,0.15684,0.15741,0.15681,0.15718
1762291080,0.15718,0.15755,0.15703,0.15738
1762291140,0.15738,0.15794,0.15738,0.15758
1762291200,0.15758,0.15767,0.15696,0.15715
1762291260,0.15715,0.15723,0.15677,0.15685
1762291320,0.15685,0.15732,0.15669,0.15721
1762291380,0.15721,0.15722,0.15658,0.1567
1762291440,0.1567,0.1569,0.15651,0.15659
1762291500,0.15659,0.15669,0.15645,0.15654
1762291560,0.15654,0.15686,0.15654,0.15666
1762291620,0.15666,0.15667,0.15586,0.156
1762291680,0.156,0.1568,0.15595,0.15654
1762291740,0.15654,0.15656,0.15625,0.15645
1762291800,0.15645,0.15655,0.15565,0.15596
1762291860,0.15596,0.15632,0.15521,0.15525
1762291920,0.15525,0.15567,0.15414,0.15429
1762291980,0.15429,0.15498,0.15409,0.15481
1762292040,0.15481,0.15501,0.15307,0.15323
1762292100,0.15323,0.15351,0.15144,0.15151
1762292160,0.15151,0.15366,0.15151,0.15364
1762292220,0.15364,0.15364,0.15229,0.15281
1762292280,0.15281,0.15289,0.15202,0.15234
1762292340,0.15234,0.15354,0.15208,0.15351
1762292400,0.15351,0.15418,0.15339,0.15365
1762292460,0.15365,0.15396,0.15273,0.15274
1762292520,0.15274,0.15274,0.15194,0.15207
1762292580,0.15207,0.15292,0.15207,0.15292
1762292640,0.15292,0.15292,0.15255,0.15285
1762292700,0.15285,0.15639,0.15277,0.15638
1762292760,0.15638,0.15671,0.15551,0.15555
1762292820,0.15555,0.15563,0.1548,0.15498
1762292880,0.15498,0.15543,0.15476,0.15519
1762292940,0.15519,0.15527,0.15419,0.15445
1762293000,0.15445,0.15516,0.15435,0.15495
1762293060,0.15495,0.1553,0.1546,0.15462
1762293120,0.15462,0.15552,0.15454,0.15506
1762293180,0.15506,0.15506,0.15409,0.15476
1762293240,0.15476,0.15518,0.1546,0.15518
1762293300,0.15518,0.15833,0.15518,0.15803
1762293360,0.15803,0.15907,0.15737,0.15862
1762293420,0.15862,0.15908,0.15814,0.15819
1762293480,0.15819,0.15905,0.15805,0.15902
1762293540,0.15902,0.15916,0.1585,0.159
1762293600,0.159,0.15939,0.15824,0.15929
1762293660,0.15929,0.15979,0.15869,0.15874
1762293720,0.15874,0.15946,0.15873,0.15934
1762293780,0.15934,0.16071,0.15934,0.16035
1762293840,0.16035,0.16048,0.15992,0.16022
1762293900,0.16022,0.1608,0.15988,0.15993
1762293960,0.15993,0.16057,0.15988,0.16055
1762294020,0.16055,0.16074,0.16001,0.16045
1762294080,0.16045,0.16092,0.16036,0.16089
1762294140,0.16089,0.16156,0.16067,0.16154
1762294200,0.16154,0.16227,0.16131,0.16188
1762294260,0.16188,0.1619,0.1612,0.16142
1762294320,0.16142,0.16175,0.16118,0.1612
1762294380,0.1612,0.16158,0.1609,0.16144
1762294440,0.16144,0.16162,0.16129,0.16155
1762294500,0.16155,0.16184,0.16132,0.16173
1762294560,0.16173,0.16212,0.1614,0.16205
1762294620,0.16205,0.16225,0.16159,0.16216
1762294680,0.16216,0.16218,0.1617,0.16207
1762294740,0.16207,0.16215,0.16172,0.1621
1762294800,0.1621,0.1621,0.16151,0.16193
1762294860,0.16193,0.16218,0.16184,0.16213
1762294920,0.16213,0.16241,0.16207,0.16208
1762294980,0.16208,0.16211,0.16182,0.16192
1762295040,0.16192,0.16242,0.16192,0.16242
1762295100,0.16242,0.16244,0.16194,0.16194
1762295160,0.16194,0.16244,0.16177,0.16229
1762295220,0.16229,0.16277,0.16226,0.16267
1762295280,0.16267,0.16268,0.16234,0.16239
1762295340,0.16239,0.16295,0.16236,0.16292
1762295400,0.16292,0.1635,0.16288,0.16317
1762295460,0.16317,0.16317,0.16278,0.16296
1762295520,0.16296,0.16312,0.16274,0.16306
1762295580,0.16306,0.16336,0.16306,0.16335
1762295640,0.16335,0.16369,0.16326,0.1633
1762295700,0.1633,0.16438,0.16324,0.1637
1762295760,0.1637,0.16427,0.16358,0.16359
1762295820,0.16359,0.1636,0.16287,0.16314
1762295880,0.16314,0.16396,0.16314,0.16395
1762295940,0.16395,0.16397,0.1635,0.16355
1762296000,0.16355,0.1636,0.16325,0.16338
1762296060,0.16338,0.16378,0.16326,0.16373
1762296120,0.16373,0.16393,0.16354,0.16363
1762296180,0.16363,0.16371,0.16312,0.16312
1762296240,0.16312,0.1632,0.16277,0.16304
1762296300,0.16304,0.16351,0.16304,0.16351
1762296360,0.16351,0.16393,0.16351,0.16367
1762296420,0.16367,0.16367,0.16342,0.16358
1762296480,0.16358,0.16378,0.16355,0.16377
1762296540,0.16377,0.16378,0.16307,0.16308
1762296600,0.16308,0.16308,0.16275,0.16284
1762296660,0.16284,0.16292,0.16256,0.16284
1762296720,0.16284,0.16293,0.16268,0.16268
1762296780,0.16268,0.16297,0.16258,0.16258
1762296840,0.16258,0.16259,0.16218,0.1623
1762296900,0.1623,0.16277,0.16219,0.16277
1762296960,0.16277,0.16303,0.16265,0.16267
1762297020,0.16267,0.163,0.16267,0.16299
1762297080,0.16299,0.16328,0.16287,0.16326
1762297140,0.16326,0.16338,0.16302,0.16338
1762297200,0.16338,0.16338,0.16298,0.16302
1762297260,0.16302,0.16377,0.16289,0.16375
1762297320,0.16375,0.16382,0.16304,0.16333
1762297380,0.16333,0.16349,0.16297,0.16347
1762297440,0.16347,0.16359,0.16337,0.16346
1762297500,0.16346,0.16423,0.16341,0.164
1762297560,0.164,0.164,0.16318,0.16325
1762297620,0.16325,0.1634,0.16321,0.16329
1762297680,0.16329,0.16372,0.16329,0.16357
1762297740,0.16357,0.16364,0.16337,0.16344
1762297800,0.16344,0.16348,0.16328,0.16328
1762297860,0.16328,0.16373,0.16324,0.16345
1762297920,0.16345,0.16345,0.16311,0.16319
1762297980,0.16319,0.16325,0.16312,0.16321
1762298040,0.16321,0.16346,0.16315,0.16344
1762298100,0.16344,0.16354,0.16316,0.16321
1762298160,0.16321,0.16321,0.1629,0.16298
1762298220,0.16298,0.16305,0.16282,0.16295
1762298280,0.16295,0.16296,0.16274,0.16289
1762298340,0.16289,0.1629,0.16267,0.16272
1762298400,0.16272,0.16272,0.16234,0.16244
1762298460,0.16244,0.16254,0.16235,0.16249
1762298520,0.16249,0.16272,0.16249,0.16266
1762298580,0.16266,0.1628,0.16258,0.16262
1762298640,0.16262,0.16271,0.16256,0.16256
1762298700,0.16256,0.16261,0.16233,0.1624
1762298760,0.1624,0.1626,0.1624,0.1626
1762298820,0.1626,0.16268,0.16246,0.16261
1762298880,0.16261,0.16265,0.16245,0.1625
1762298940,0.1625,0.16261,0.16239,0.16249
1762299000,0.16249,0.16252,0.1622,0.16224
1762299060,0.16224,0.16269,0.16218,0.16252
1762299120,0.16252,0.16254,0.16242,0.16247
1762299180,0.16247,0.16247,0.16232,0.16233
1762299240,0.16233,0.16238,0.16225,0.16232
1762299300,0.16232,0.16288,0.16232,0.16273
1762299360,0.16273,0.16283,0.16259,0.16274
1762299420,0.16274,0.16282,0.16253,0.16276
1762299480,0.16276,0.16282,0.16237,0.16252
1762299540,0.16252,0.16252,0.16218,0.16222
1762299600,0.16222,0.16227,0.16206,0.16217
1762299660,0.16217,0.16248,0.16216,0.16245
1762299720,0.16245,0.16277,0.16244,0.16258
1762299780,0.16258,0.1626,0.16238,0.16252
1762299840,0.16252,0.16272,0.16244,0.16272
1762299900,0.16272,0.16274,0.16235,0.16256
1762299960,0.16256,0.16285,0.16249,0.16282
1762300020,0.16282,0.16294,0.16264,0.16291
1762300080,0.16291,0.16291,0.16261,0.16268
1762300140,0.16268,0.1627,0.16259,0.16269
1762300200,0.16269,0.16287,0.16255,0.16287
1762300260,0.16287,0.16287,0.16261,0.16273
1762300320,0.16273,0.16287,0.16271,0.16277
1762300380,0.16277,0.16315,0.16277,0.16302
1762300440,0.16302,0.16302,0.16278,0.16282
1762300500,0.16282,0.16308,0.16282,0.16287
1762300560,0.16287,0.16288,0.16245,0.16248
1762300620,0.16248,0.16252,0.16231,0.16236
1762300680,0.16236,0.16247,0.16225,0.16234
1762300740,0.16234,0.16234,0.16217,0.16218
1763683200,0.14885,0.14908,0.14875,0.14899
1763683260,0.14899,0.14936,0.14899,0.14931
1763683320,0.14931,0.14954,0.14923,0.1495
1763683380,0.1495,0.14961,0.14928,0.14928
1763683440,0.14928,0.14928,0.14883,0.14885
1763683500,0.14885,0.14981,0.14866,0.14962
1763683560,0.14962,0.14971,0.14934,0.14958
1763683620,0.14958,0.14976,0.14957,0.14974
1763683680,0.14974,0.14993,0.14967,0.14978
1763683740,0.14978,0.14979,0.14963,0.14979
1763683800,0.14979,0.14988,0.14971,0.14984
1763683860,0.14984,0.15003,0.14978,0.15003
1763683920,0.15003,0.15003,0.14973,0.14983
1763683980,0.14983,0.15001,0.14983,0.14996
1763684040,0.14996,0.15024,0.14996,0.15012
1763684100,0.15012,0.15032,0.15005,0.15006
1763684160,0.15006,0.15021,0.15002,0.15006
1763684220,0.15006,0.15047,0.15002,0.15043
1763684280,0.15043,0.15055,0.15035,0.1504
1763684340,0.1504,0.15044,0.14954,0.1496
1763684400,0.1496,0.15,0.14956,0.14997
1763684460,0.14997,0.15004,0.14957,0.1496
1763684520,0.1496,0.15004,0.14957,0.15004
1763684580,0.15004,0.15015,0.14966,0.14968
1763684640,0.14968,0.14977,0.14962,0.14975
1763684700,0.14975,0.15,0.14975,0.14992
1763684760,0.14992,0.15011,0.14992,0.14995
1763684820,0.14995,0.15001,0.14971,0.14972
1763684880,0.14972,0.14989,0.14972,0.14978
1763684940,0.14978,0.14979,0.14966,0.14971
1763685000,0.14971,0.14989,0.14953,0.1497
1763685060,0.1497,0.14986,0.1495,0.1495
1763685120,0.1495,0.14951,0.14913,0.14923
1763685180,0.14923,0.14944,0.14923,0.14943
1763685240,0.14943,0.14949,0.14911,0.14923
1763685300,0.14923,0.1495,0.14904,0.14948
1763685360,0.14948,0.14965,0.14938,0.14962
1763685420,0.14962,0.14987,0.14961,0.14985
1763685480,0.14985,0.15025,0.14983,0.15017
1763685540,0.15017,0.15027,0.14972,0.14976
1763685600,0.14976,0.15003,0.14976,0.14988
1763685660,0.14988,0.15023,0.14986,0.15015
1763685720,0.15015,0.15016,0.14986,0.14999
1763685780,0.14999,0.15004,0.1498,0.1498
1763685840,0.1498,0.1498,0.14946,0.14962
1763685900,0.14962,0.14977,0.14953,0.14975
1763685960,0.14975,0.14991,0.14972,0.14986
1763686020,0.14986,0.15003,0.14981,0.1499
1763686080,0.1499,0.14991,0.14977,0.1499
1763686140,0.1499,0.14991,0.14974,0.14982
1763686200,0.14982,0.15007,0.14975,0.15
1763686260,0.15,0.15012,0.1499,0.14991
1763686320,0.14991,0.1502,0.14988,0.15018
1763686380,0.15018,0.15019,0.14994,0.15005
1763686440,0.15005,0.15012,0.14998,0.15009
1763686500,0.15009,0.15019,0.15004,0.15016
1763686560,0.15016,0.15016,0.14974,0.14986
1763686620,0.14986,0.14993,0.1498,0.14983
1763686680,0.14983,0.14992,0.14976,0.14989
1763686740,0.14989,0.15006,0.14989,0.15004
1763686800,0.15004,0.15007,0.14996,0.15
1763686860,0.15,0.15,0.14976,0.14999
1763686920,0.14999,0.15018,0.14975,0.14975
1763686980,0.14975,0.14991,0.14971,0.14987
1763687040,0.14987,0.15028,0.14984,0.1502
1763687100,0.1502,0.15047,0.1502,0.15042
1763687160,0.15042,0.15053,0.15035,0.15053
1763687220,0.15053,0.15058,0.15018,0.15026
1763687280,0.15026,0.1504,0.15017,0.15036
1763687340,0.15036,0.15036,0.15004,0.15004
1763687400,0.15004,0.15034,0.14998,0.15026
1763687460,0.15026,0.15026,0.15013,0.15019
1763687520,0.15019,0.15024,0.15004,0.15012
1763687580,0.15012,0.15021,0.15012,0.15013
1763687640,0.15013,0.15023,0.15004,0.15017
1763687700,0.15017,0.15039,0.15015,0.15034
1763687760,0.15034,0.15042,0.15008,0.15014
1763687820,0.15014,0.15023,0.14997,0.14999
1763687880,0.14999,0.15011,0.14997,0.14998
1763687940,0.14998,0.15,0.14938,0.14949
1763688000,0.14949,0.14951,0.14916,0.14927
1763688060,0.14927,0.14967,0.14927,0.14967
1763688120,0.14967,0.15017,0.14967,0.15011
1763688180,0.15011,0.15039,0.15011,0.15036
1763688240,0.15036,0.15039,0.14998,0.15011
1763688300,0.15011,0.1502,0.15,0.15006
1763688360,0.15006,0.15099,0.15006,0.15091
1763688420,0.15091,0.15102,0.1506,0.1506
1763688480,0.1506,0.1506,0.15044,0.15049
1763688540,0.15049,0.15074,0.15049,0.15072
1763688600,0.15072,0.15078,0.15065,0.15068
1763688660,0.15068,0.15069,0.15039,0.1504
1763688720,0.1504,0.1504,0.15,0.15002
1763688780,0.15002,0.15018,0.15,0.1501
1763688840,0.1501,0.15014,0.14992,0.14992
1763688900,0.14992,0.14992,0.1496,0.14969
1763688960,0.14969,0.14997,0.14961,0.14997
1763689020,0.14997,0.15008,0.14986,0.14995
1763689080,0.14995,0.15026,0.14995,0.15011
1763689140,0.15011,0.15026,0.15,0.1502
1763689200,0.1502,0.15029,0.15018,0.15021
1763689260,0.15021,0.15022,0.15009,0.15014
1763689320,0.15014,0.15033,0.15014,0.15032
1763689380,0.15032,0.15037,0.15017,0.1503
1763689440,0.1503,0.1503,0.15008,0.1501
1763689500,0.1501,0.1503,0.15007,0.15027
1763689560,0.15027,0.15027,0.14995,0.15004
1763689620,0.15004,0.15021,0.15004,0.15021
1763689680,0.15021,0.15026,0.15011,0.15011
1763689740,0.15011,0.15025,0.15001,0.15004
1763689800,0.15004,0.15026,0.15004,0.15023
1763689860,0.15023,0.15034,0.15015,0.15019
1763689920,0.15019,0.15022,0.14983,0.14983
1763689980,0.14983,0.14987,0.14964,0.14968
1763690040,0.14968,0.14974,0.14963,0.14974
1763690100,0.14974,0.14981,0.1497,0.14979
1763690160,0.14979,0.14985,0.14967,0.14968
1763690220,0.14968,0.14988,0.14968,0.14988
1763690280,0.14988,0.14996,0.14972,0.14975
1763690340,0.14975,0.14976,0.14962,0.14971
1763690400,0.14971,0.14971,0.1496,0.14961
1763690460,0.14961,0.14966,0.14954,0.14966
1763690520,0.14966,0.14979,0.14959,0.14964
1763690580,0.14964,0.1498,0.14964,0.14969
1763690640,0.14969,0.14984,0.14952,0.14954
1763690700,0.14954,0.14957,0.14926,0.14927
1763690760,0.14927,0.14938,0.14895,0.14918
1763690820,0.14918,0.14946,0.14918,0.14938
1763690880,0.14938,0.14948,0.14926,0.14926
1763690940,0.14926,0.14926,0.14895,0.14901
1763691000,0.14901,0.1491,0.14895,0.14909
1763691060,0.14909,0.14909,0.14881,0.14891
1763691120,0.14891,0.14895,0.1486,0.14877
1763691180,0.14877,0.14892,0.14865,0.14868
1763691240,0.14868,0.14871,0.14845,0.14865
1763691300,0.14865,0.14891,0.14861,0.14888
1763691360,0.14888,0.14914,0.14884,0.14896
1763691420,0.14896,0.14901,0.14874,0.14876
1763691480,0.14876,0.1488,0.14784,0.14794
1763691540,0.14794,0.14844,0.14793,0.14838
1763691600,0.14838,0.1488,0.14821,0.14879
1763691660,0.14879,0.14957,0.14878,0.14942
1763691720,0.14942,0.14942,0.14891,0.14893
1763691780,0.14893,0.14933,0.14886,0.14921
1763691840,0.14921,0.14947,0.14913,0.1492
1763691900,0.1492,0.1493,0.14909,0.14909
1763691960,0.14909,0.14909,0.14878,0.14894
1763692020,0.14894,0.14899,0.14878,0.14883
1763692080,0.14883,0.14895,0.14878,0.14885
1763692140,0.14885,0.14902,0.14877,0.1488
1763692200,0.1488,0.1488,0.1483,0.14854
1763692260,0.14854,0.14895,0.14854,0.14876
1763692320,0.14876,0.14886,0.1483,0.14837
1763692380,0.14837,0.14852,0.14819,0.14848
1763692440,0.14848,0.14876,0.14838,0.14865
1763692500,0.14865,0.14897,0.14861,0.14861
1763692560,0.14861,0.14883,0.14842,0.14865
1763692620,0.14865,0.14884,0.14826,0.14832
1763692680,0.14832,0.14855,0.14823,0.14855
1763692740,0.14855,0.14859,0.14804,0.14822
1763692800,0.14822,0.14859,0.14821,0.14852
1763692860,0.14852,0.14862,0.14836,0.14836
1763692920,0.14836,0.14847,0.14815,0.14837
1763692980,0.14837,0.14838,0.14816,0.14833
1763693040,0.14833,0.14834,0.1474,0.14744
1763693100,0.14744,0.14777,0.14738,0.14745
1763693160,0.14745,0.14787,0.1472,0.14779
1763693220,0.14779,0.14795,0.14744,0.14774
1763693280,0.14774,0.14793,0.14764,0.14783
1763693340,0.14783,0.14799,0.14772,0.14779
1763693400,0.14779,0.1481,0.14767,0.14768
1763693460,0.14768,0.14771,0.14713,0.14722
1763693520,0.14722,0.14726,0.14635,0.14663
1763693580,0.14663,0.14688,0.1465,0.14685
1763693640,0.14685,0.1471,0.14676,0.14697
1763693700,0.14697,0.14697,0.14633,0.14662
1763693760,0.14662,0.14686,0.14632,0.14645
1763693820,0.14645,0.14655,0.14611,0.14619
1763693880,0.14619,0.14632,0.1455,0.14575
1763693940,0.14575,0.14593,0.14491,0.14537
1763694000,0.14537,0.14576,0.14524,0.14565
1763694060,0.14565,0.14612,0.14543,0.1461
1763694120,0.1461,0.14614,0.14581,0.14598
1763694180,0.14598,0.14617,0.14571,0.14589
1763694240,0.14589,0.14628,0.14585,0.14623
1763694300,0.14623,0.14761,0.14623,0.14744
1763694360,0.14744,0.14809,0.14744,0.14776
1763694420,0.14776,0.14797,0.14746,0.14788
1763694480,0.14788,0.14815,0.14788,0.14806
1763694540,0.14806,0.14807,0.14738,0.14758
1763694600,0.14758,0.14768,0.14751,0.14764
1763694660,0.14764,0.14771,0.14723,0.14771
1763694720,0.14771,0.14781,0.14738,0.14757
1763694780,0.14757,0.14759,0.14721,0.1473
1763694840,0.1473,0.1473,0.14701,0.14715
1763694900,0.14715,0.14747,0.14715,0.14731
1763694960,0.14731,0.14737,0.1465,0.14661
1763695020,0.14661,0.14669,0.14633,0.14647
1763695080,0.14647,0.14653,0.14629,0.14647
1763695140,0.14647,0.14653,0.14615,0.14622
1763695200,0.14622,0.14657,0.14618,0.14646
1763695260,0.14646,0.14705,0.14646,0.14692
1763695320,0.14692,0.14719,0.14692,0.14711
1763695380,0.14711,0.14716,0.14684,0.14688
1763695440,0.14688,0.14688,0.14639,0.14655
1763695500,0.14655,0.14659,0.14636,0.14647
1763695560,0.14647,0.14676,0.14647,0.14669
1763695620,0.14669,0.14704,0.14669,0.14679
1763695680,0.14679,0.14717,0.14674,0.14694
1763695740,0.14694,0.14721,0.14694,0.14709
1763695800,0.14709,0.14711,0.14689,0.14707
1763695860,0.14707,0.14716,0.14677,0.14682
1763695920,0.14682,0.14721,0.14681,0.14707
1763695980,0.14707,0.14707,0.14668,0.14668
1763696040,0.14668,0.14668,0.14644,0.14661
1763696100,0.14661,0.14666,0.14641,0.14656
1763696160,0.14656,0.14748,0.14656,0.14741
1763696220,0.14741,0.14757,0.14686,0.14698
1763696280,0.14698,0.14716,0.14686,0.14704
1763696340,0.14704,0.14726,0.14688,0.14717
1763696400,0.14717,0.14775,0.14711,0.14766
1763696460,0.14766,0.14776,0.14752,0.1476
1763696520,0.1476,0.14777,0.14752,0.14766
1763696580,0.14766,0.14795,0.14762,0.14783
1763696640,0.14783,0.14796,0.14777,0.1478
1763696700,0.1478,0.14793,0.1475,0.14755
1763696760,0.14755,0.1477,0.14745,0.1476
1763696820,0.1476,0.14777,0.14757,0.14768
1763696880,0.14768,0.14772,0.1475,0.14762
1763696940,0.14762,0.14763,0.14752,0.1476
1763697000,0.1476,0.14761,0.14741,0.14751
1763697060,0.14751,0.14758,0.14736,0.14742
1763697120,0.14742,0.14765,0.14738,0.1474
1763697180,0.1474,0.14743,0.14727,0.14735
1763697240,0.14735,0.14738,0.14722,0.14729
1763697300,0.14729,0.14734,0.14721,0.14723
1763697360,0.14723,0.14723,0.14711,0.14715
1763697420,0.14715,0.14737,0.14715,0.14734
1763697480,0.14734,0.14734,0.14719,0.14719
1763697540,0.14719,0.14719,0.1468,0.1468
1763697600,0.1468,0.14695,0.14678,0.14693
1763697660,0.14693,0.14695,0.14681,0.14686
1763697720,0.14686,0.14704,0.14677,0.14695
1763697780,0.14695,0.14709,0.14695,0.14704
1763697840,0.14704,0.14716,0.147,0.14708
1763697900,0.14708,0.14731,0.14669,0.14669
1763697960,0.14669,0.14693,0.14657,0.14691
1763698020,0.14691,0.14718,0.14664,0.14669
1763698080,0.14669,0.14678,0.1465,0.1465
1763698140,0.1465,0.14659,0.14629,0.14642
1763698200,0.14642,0.14668,0.14642,0.14646
1763698260,0.14646,0.14673,0.14645,0.14672
1763698320,0.14672,0.14689,0.14671,0.14684
1763698380,0.14684,0.14696,0.1468,0.14689
1763698440,0.14689,0.1471,0.14683,0.14683
1763698500,0.14683,0.14683,0.14648,0.14648
1763698560,0.14648,0.14675,0.14646,0.14672
1763698620,0.14672,0.14698,0.14648,0.14659
1763698680,0.14659,0.14662,0.14622,0.14634
1763698740,0.14634,0.14641,0.14625,0.14632
1763698800,0.14632,0.14662,0.14631,0.14662
1763698860,0.14662,0.14671,0.14624,0.14627
1763698920,0.14627,0.14628,0.14586,0.14622
1763698980,0.14622,0.14635,0.14611,0.14615
1763699040,0.14615,0.14629,0.14597,0.14623
1763699100,0.14623,0.14652,0.14613,0.14638
1763699160,0.14638,0.14662,0.14627,0.14662
1763699220,0.14662,0.14668,0.14641,0.14641
1763699280,0.14641,0.14652,0.14641,0.14651
1763699340,0.14651,0.14655,0.14639,0.14641
1763699400,0.14641,0.14652,0.14636,0.14639
1763699460,0.14639,0.14639,0.14565,0.14571
1763699520,0.14571,0.14571,0.14494,0.14501
1763699580,0.14501,0.1452,0.14481,0.14516
1763699640,0.14516,0.1456,0.14514,0.14553
1763699700,0.14553,0.14553,0.14515,0.14532
1763699760,0.14532,0.14565,0.14525,0.14554
1763699820,0.14554,0.14554,0.1452,0.14543
1763699880,0.14543,0.14552,0.14527,0.14528
1763699940,0.14528,0.14547,0.14515,0.14528
1763700000,0.14528,0.14565,0.14516,0.14537
1763700060,0.14537,0.14558,0.14514,0.14557
1763700120,0.14557,0.14605,0.14554,0.14583
1763700180,0.14583,0.14664,0.14582,0.14663
1763700240,0.14663,0.14711,0.14663,0.14679
1763700300,0.14679,0.14714,0.14674,0.14683
1763700360,0.14683,0.1469,0.14661,0.14661
1763700420,0.14661,0.14661,0.14608,0.14621
1763700480,0.14621,0.14639,0.14621,0.14625
1763700540,0.14625,0.14637,0.14612,0.14617
1763700600,0.14617,0.14632,0.14608,0.14627
1763700660,0.14627,0.14652,0.14627,0.14649
1763700720,0.14649,0.1467,0.14645,0.14662
1763700780,0.14662,0.14684,0.14654,0.14682
1763700840,0.14682,0.14732,0.14682,0.14726
1763700900,0.14726,0.14743,0.14705,0.14719
1763700960,0.14719,0.14757,0.14719,0.1474
1763701020,0.1474,0.14762,0.1473,0.14736
1763701080,0.14736,0.1474,0.1473,0.1474
1763701140,0.1474,0.14753,0.14735,0.14753
1763701200,0.14753,0.14753,0.14733,0.14734
1763701260,0.14734,0.1477,0.14717,0.14717
1763701320,0.14717,0.14744,0.14711,0.14737
1763701380,0.14737,0.14746,0.14728,0.14745
1763701440,0.14745,0.14762,0.14728,0.14737
1763701500,0.14737,0.14744,0.14724,0.1473
1763701560,0.1473,0.14781,0.14728,0.14769
1763701620,0.14769,0.14814,0.14709,0.14738
1763701680,0.14738,0.14748,0.14722,0.14727
1763701740,0.14727,0.14752,0.14726,0.14751
1763701800,0.14751,0.14754,0.14731,0.14736
1763701860,0.14736,0.14743,0.14715,0.14719
1763701920,0.14719,0.14724,0.14709,0.1471
1763701980,0.1471,0.14734,0.14707,0.14734
1763702040,0.14734,0.14755,0.1473,0.14749
1763702100,0.14749,0.14779,0.14736,0.14738
1763702160,0.14738,0.1474,0.14723,0.14734
1763702220,0.14734,0.14775,0.14734,0.14761
1763702280,0.14761,0.14773,0.14755,0.14755
1763702340,0.14755,0.1476,0.1474,0.14748
1763702400,0.14748,0.14763,0.14738,0.14749
1763702460,0.14749,0.14754,0.14741,0.14751
1763702520,0.14751,0.14767,0.14739,0.14756
1763702580,0.14756,0.14758,0.14716,0.14726
1763702640,0.14726,0.14728,0.14714,0.14725
1763702700,0.14725,0.14732,0.14718,0.14732
1763702760,0.14732,0.14745,0.14729,0.14744
1763702820,0.14744,0.14746,0.14729,0.14734
1763702880,0.14734,0.14739,0.14718,0.14727
1763702940,0.14727,0.14727,0.14714,0.14721
1763703000,0.14721,0.14743,0.14721,0.14739
1763703060,0.14739,0.14744,0.14727,0.14737
1763703120,0.14737,0.14759,0.14726,0.14728
1763703180,0.14728,0.14746,0.14716,0.14732
1763703240,0.14732,0.14743,0.14731,0.14736
1763703300,0.14736,0.14736,0.14714,0.14714
1763703360,0.14714,0.14714,0.14683,0.1469
1763703420,0.1469,0.1469,0.14644,0.14659
1763703480,0.14659,0.14669,0.14643,0.14651
1763703540,0.14651,0.14652,0.14629,0.14632
1763703600,0.14632,0.14634,0.14606,0.14617
1763703660,0.14617,0.14644,0.14617,0.14634
1763703720,0.14634,0.1464,0.14626,0.14636
1763703780,0.14636,0.14644,0.14624,0.14644
1763703840,0.14644,0.14661,0.14626,0.14633
1763703900,0.14633,0.14635,0.1461,0.14614
1763703960,0.14614,0.14641,0.14612,0.14641
1763704020,0.14641,0.14665,0.14627,0.14657
1763704080,0.14657,0.14665,0.14621,0.14635
1763704140,0.14635,0.14639,0.14615,0.14623
1763704200,0.14623,0.14645,0.14621,0.14642
1763704260,0.14642,0.14648,0.14631,0.14637
1763704320,0.14637,0.14648,0.14633,0.14639
1763704380,0.14639,0.14647,0.14625,0.14631
1763704440,0.14631,0.14631,0.14604,0.14621
1763704500,0.14621,0.14641,0.14621,0.14641
1763704560,0.14641,0.14657,0.14616,0.1462
1763704620,0.1462,0.14648,0.14617,0.14648
1763704680,0.14648,0.1465,0.14626,0.14626
1763704740,0.14626,0.14653,0.14626,0.14651
1763704800,0.14651,0.14673,0.14648,0.14661
1763704860,0.14661,0.1468,0.14638,0.14647
1763704920,0.14647,0.14654,0.14605,0.14622
1763704980,0.14622,0.14632,0.14599,0.14605
1763705040,0.14605,0.14635,0.14605,0.14615
1763705100,0.14615,0.14624,0.14591,0.14598
1763705160,0.14598,0.14627,0.14597,0.14611
1763705220,0.14611,0.14624,0.14603,0.14607
1763705280,0.14607,0.14607,0.14549,0.14581
1763705340,0.14581,0.14615,0.1458,0.14615
1763705400,0.14615,0.14633,0.14608,0.14618
1763705460,0.14618,0.14618,0.14588,0.14608
1763705520,0.14608,0.14672,0.14608,0.14647
1763705580,0.14647,0.14664,0.14645,0.14659
1763705640,0.14659,0.14666,0.14647,0.14658
1763705700,0.14658,0.14669,0.14654,0.14658
1763705760,0.14658,0.14658,0.14639,0.14647
1763705820,0.14647,0.14655,0.14632,0.14647
1763705880,0.14647,0.14654,0.14628,0.1463
1763705940,0.1463,0.14631,0.14612,0.14622
1763706000,0.14622,0.14622,0.14585,0.14595
1763706060,0.14595,0.14608,0.14589,0.14604
1763706120,0.14604,0.14621,0.14599,0.14621
1763706180,0.14621,0.14636,0.14601,0.14602
1763706240,0.14602,0.14609,0.14588,0.14597
1763706300,0.14597,0.14615,0.14571,0.14573
1763706360,0.14573,0.14592,0.14556,0.14589
1763706420,0.14589,0.14597,0.14548,0.14548
1763706480,0.14548,0.14554,0.14531,0.1454
1763706540,0.1454,0.14544,0.14533,0.14536
1763706600,0.14536,0.14548,0.14526,0.14544
1763706660,0.14544,0.14574,0.14544,0.14565
1763706720,0.14565,0.14569,0.14552,0.14561
1763706780,0.14561,0.14581,0.14556,0.14573
1763706840,0.14573,0.14585,0.14568,0.14576
1763706900,0.14576,0.14605,0.14569,0.14586
1763706960,0.14586,0.14598,0.14579,0.14581
1763707020,0.14581,0.14581,0.14557,0.14562
1763707080,0.14562,0.14563,0.14516,0.14528
1763707140,0.14528,0.14579,0.14512,0.14575
1763707200,0.14575,0.14602,0.14566,0.14572
1763707260,0.14572,0.14576,0.14552,0.1457
1763707320,0.1457,0.14599,0.14568,0.14582
1763707380,0.14582,0.14596,0.14575,0.14593
1763707440,0.14593,0.14617,0.14591,0.14598
1763707500,0.14598,0.1461,0.14581,0.14582
1763707560,0.14582,0.14602,0.14573,0.1459
1763707620,0.1459,0.14607,0.14586,0.14603
1763707680,0.14603,0.14626,0.14603,0.14623
1763707740,0.14623,0.14627,0.14612,0.14618
1763707800,0.14618,0.14633,0.14609,0.14624
1763707860,0.14624,0.14639,0.14616,0.14632
1763707920,0.14632,0.14646,0.14614,0.14623
1763707980,0.14623,0.14631,0.14601,0.14601
1763708040,0.14601,0.14635,0.14599,0.14626
1763708100,0.14626,0.14637,0.1462,0.14632
1763708160,0.14632,0.14632,0.14585,0.14598
1763708220,0.14598,0.14613,0.14594,0.1461
1763708280,0.1461,0.14622,0.146,0.1462
1763708340,0.1462,0.1462,0.14599,0.146
1763708400,0.146,0.14617,0.14595,0.14614
1763708460,0.14614,0.14626,0.14605,0.14605
1763708520,0.14605,0.14612,0.14589,0.14603
1763708580,0.14603,0.14647,0.14573,0.14629
1763708640,0.14629,0.14641,0.14625,0.14631
1763708700,0.14631,0.14658,0.14617,0.14618
1763708760,0.14618,0.14618,0.14599,0.14612
1763708820,0.14612,0.14628,0.146,0.1461
1763708880,0.1461,0.1461,0.1459,0.14605
1763708940,0.14605,0.14626,0.14601,0.14623
1763709000,0.14623,0.14627,0.14596,0.14598
1763709060,0.14598,0.14602,0.14586,0.14602
1763709120,0.14602,0.14602,0.14586,0.14586
1763709180,0.14586,0.14591,0.14567,0.14568
1763709240,0.14568,0.14576,0.14541,0.14571
1763709300,0.14571,0.14578,0.14561,0.14571
1763709360,0.14571,0.14571,0.14509,0.14548
1763709420,0.14548,0.14563,0.14527,0.14538
1763709480,0.14538,0.14565,0.14526,0.14557
1763709540,0.14557,0.14569,0.14533,0.14533
1763709600,0.14533,0.14533,0.14481,0.14483
1763709660,0.14483,0.14522,0.14465,0.14466
1763709720,0.14466,0.14489,0.14459,0.14473
1763709780,0.14473,0.14512,0.1447,0.14504
1763709840,0.14504,0.14531,0.14496,0.14531
1763709900,0.14531,0.1455,0.14516,0.14533
1763709960,0.14533,0.1454,0.14522,0.14522
1763710020,0.14522,0.14528,0.14515,0.14521
1763710080,0.14521,0.1453,0.14505,0.14515
1763710140,0.14515,0.14518,0.14485,0.14493
1763710200,0.14493,0.14503,0.14429,0.14468
1763710260,0.14468,0.14485,0.14441,0.14481
1763710320,0.14481,0.14484,0.14348,0.14388
1763710380,0.14388,0.14396,0.1396,0.14017
1763710440,0.14017,0.14043,0.134,0.13756
1763710500,0.13756,0.13931,0.13731,0.13891
1763710560,0.13891,0.13912,0.13767,0.1386
1763710620,0.1386,0.13974,0.13842,0.13954
1763710680,0.13954,0.13991,0.13878,0.13958
1763710740,0.13958,0.13998,0.13907,0.13922
1763710800,0.13922,0.14017,0.13907,0.13969
1763710860,0.13969,0.1403,0.13964,0.14006
1763710920,0.14006,0.14021,0.13951,0.13974
1763710980,0.13974,0.14022,0.13932,0.14015
1763711040,0.14015,0.14057,0.14008,0.14038
1763711100,0.14038,0.14062,0.14002,0.14022
1763711160,0.14022,0.14074,0.14019,0.14036
1763711220,0.14036,0.14054,0.13994,0.14007
1763711280,0.14007,0.14029,0.13955,0.14
1763711340,0.14,0.14004,0.13946,0.13971
1763711400,0.13971,0.14072,0.13965,0.14045
1763711460,0.14045,0.14051,0.14011,0.14023
1763711520,0.14023,0.14053,0.14021,0.14038
1763711580,0.14038,0.14041,0.13991,0.14009
1763711640,0.14009,0.14021,0.13987,0.13991
1763711700,0.13991,0.13999,0.13961,0.13992
1763711760,0.13992,0.14035,0.13978,0.14023
1763711820,0.14023,0.14029,0.13958,0.13984
1763711880,0.13984,0.14017,0.13973,0.14009
1763711940,0.14009,0.14034,0.13997,0.14028
1763712000,0.14028,0.14032,0.13999,0.14016
1763712060,0.14016,0.14063,0.14013,0.14043
1763712120,0.14043,0.14054,0.13999,0.14016
1763712180,0.14016,0.14023,0.13971,0.13986
1763712240,0.13986,0.13997,0.13961,0.13978
1763712300,0.13978,0.1406,0.1397,0.14052
1763712360,0.14052,0.14146,0.1405,0.14105
1763712420,0.14105,0.14118,0.14071,0.14104
1763712480,0.14104,0.14116,0.14083,0.14105
1763712540,0.14105,0.14136,0.14076,0.14133
1763712600,0.14133,0.14137,0.14101,0.14114
1763712660,0.14114,0.14196,0.14114,0.1416
1763712720,0.1416,0.14212,0.14155,0.14189
1763712780,0.14189,0.14218,0.14187,0.142
1763712840,0.142,0.14202,0.14151,0.14159
1763712900,0.14159,0.14197,0.14152,0.14197
1763712960,0.14197,0.14225,0.14181,0.14193
1763713020,0.14193,0.14217,0.1419,0.14201
1763713080,0.14201,0.14204,0.14171,0.14177
1763713140,0.14177,0.14183,0.14136,0.14137
1763713200,0.14137,0.14164,0.1413,0.14162
1763713260,0.14162,0.14178,0.14118,0.1413
1763713320,0.1413,0.14163,0.14123,0.14138
1763713380,0.14138,0.14189,0.14138,0.14186
1763713440,0.14186,0.14206,0.14166,0.14173
1763713500,0.14173,0.14176,0.14138,0.14141
1763713560,0.14141,0.14145,0.14127,0.14128
1763713620,0.14128,0.14152,0.14128,0.14134
1763713680,0.14134,0.14135,0.14112,0.14118
1763713740,0.14118,0.14126,0.14106,0.1411
1763713800,0.1411,0.14134,0.14104,0.14126
1763713860,0.14126,0.14162,0.14126,0.1415
1763713920,0.1415,0.14179,0.14139,0.14173
1763713980,0.14173,0.1418,0.14138,0.14141
1763714040,0.14141,0.14147,0.14095,0.14097
1763714100,0.14097,0.14116,0.14067,0.1409
1763714160,0.1409,0.1409,0.14052,0.14066
1763714220,0.14066,0.14075,0.14051,0.1407
1763714280,0.1407,0.14091,0.1405,0.14078
1763714340,0.14078,0.14094,0.14068,0.14085
1763714400,0.14085,0.1409,0.14062,0.14062
1763714460,0.14062,0.14101,0.14054,0.14087
1763714520,0.14087,0.14098,0.14058,0.14066
1763714580,0.14066,0.14077,0.14054,0.14064
1763714640,0.14064,0.1408,0.14061,0.14067
1763714700,0.14067,0.14089,0.1405,0.1406
1763714760,0.1406,0.14088,0.1406,0.14088
1763714820,0.14088,0.14111,0.14083,0.14107
1763714880,0.14107,0.14109,0.14066,0.14084
1763714940,0.14084,0.14085,0.14056,0.14056
1763715000,0.14056,0.14062,0.14042,0.14061
1763715060,0.14061,0.14104,0.14061,0.14087
1763715120,0.14087,0.14108,0.14077,0.14106
1763715180,0.14106,0.1415,0.14106,0.14131
1763715240,0.14131,0.14141,0.14081,0.14093
1763715300,0.14093,0.14124,0.14091,0.14122
1763715360,0.14122,0.14152,0.14122,0.14138
1763715420,0.14138,0.14142,0.14116,0.14116
1763715480,0.14116,0.14123,0.14096,0.141
1763715540,0.141,0.14104,0.14082,0.14096
1763715600,0.14096,0.14128,0.14096,0.14128
1763715660,0.14128,0.14148,0.14122,0.14144
1763715720,0.14144,0.14158,0.14131,0.1415
1763715780,0.1415,0.14169,0.14148,0.14164
1763715840,0.14164,0.14177,0.14153,0.1417
1763715900,0.1417,0.14184,0.14144,0.14145
1763715960,0.14145,0.14154,0.14127,0.14142
1763716020,0.14142,0.14146,0.14119,0.14122
1763716080,0.14122,0.1413,0.14112,0.14121
1763716140,0.14121,0.14125,0.1411,0.1412
1763716200,0.1412,0.14137,0.14105,0.14137
1763716260,0.14137,0.14154,0.14127,0.14146
1763716320,0.14146,0.1416,0.14133,0.14133
1763716380,0.14133,0.14135,0.14115,0.14123
1763716440,0.14123,0.14128,0.14117,0.14121
1763716500,0.14121,0.14133,0.14109,0.14117
1763716560,0.14117,0.14125,0.1409,0.14095
1763716620,0.14095,0.14101,0.14083,0.14099
1763716680,0.14099,0.14099,0.14072,0.14084
1763716740,0.14084,0.14087,0.14069,0.14074
1763716800,0.14074,0.14083,0.14057,0.1407
1763716860,0.1407,0.14083,0.14044,0.14044
1763716920,0.14044,0.14078,0.14042,0.14062
1763716980,0.14062,0.14072,0.14049,0.14052
1763717040,0.14052,0.1406,0.14044,0.14055
1763717100,0.14055,0.14055,0.14023,0.14027
1763717160,0.14027,0.14028,0.14003,0.14008
1763717220,0.14008,0.14022,0.13973,0.13996
1763717280,0.13996,0.14008,0.13984,0.13993
1763717340,0.13993,0.14015,0.13988,0.13992
1763717400,0.13992,0.1401,0.13967,0.13975
1763717460,0.13975,0.14005,0.1395,0.1399
1763717520,0.1399,0.13992,0.13946,0.13964
1763717580,0.13964,0.13986,0.13948,0.13956
1763717640,0.13956,0.13978,0.13955,0.13962
1763717700,0.13962,0.13982,0.1395,0.13972
1763717760,0.13972,0.13974,0.13931,0.13936
1763717820,0.13936,0.13973,0.13931,0.1397
1763717880,0.1397,0.1398,0.13928,0.13928
1763717940,0.13928,0.13941,0.13897,0.13919
1763718000,0.13919,0.13924,0.13886,0.13903
1763718060,0.13903,0.13913,0.13872,0.13884
1763718120,0.13884,0.13915,0.13881,0.13904
1763718180,0.13904,0.13926,0.13896,0.13904
1763718240,0.13904,0.13927,0.13902,0.13907
1763718300,0.13907,0.13909,0.13892,0.13902
1763718360,0.13902,0.13918,0.13897,0.13911
1763718420,0.13911,0.13917,0.13879,0.13913
1763718480,0.13913,0.13913,0.13865,0.1387
1763718540,0.1387,0.13877,0.13845,0.13871
1763718600,0.13871,0.13889,0.13861,0.13866
1763718660,0.13866,0.1388,0.13852,0.13852
1763718720,0.13852,0.13853,0.13792,0.13806
1763718780,0.13806,0.13825,0.13797,0.13797
1763718840,0.13797,0.13822,0.13797,0.13801
1763718900,0.13801,0.13833,0.13799,0.13808
1763718960,0.13808,0.13864,0.13806,0.13845
1763719020,0.13845,0.13852,0.13823,0.13835
1763719080,0.13835,0.13838,0.13812,0.1382
1763719140,0.1382,0.13821,0.13794,0.13797
1763719200,0.13797,0.13816,0.13794,0.13812
1763719260,0.13812,0.13812,0.13781,0.13788
1763719320,0.13788,0.13797,0.13744,0.13746
1763719380,0.13746,0.13749,0.13692,0.13735
1763719440,0.13735,0.13763,0.13699,0.13761
1763719500,0.13761,0.1386,0.13752,0.13783
1763719560,0.13783,0.13805,0.13736,0.13794
1763719620,0.13794,0.13794,0.13741,0.13763
1763719680,0.13763,0.1382,0.13762,0.13795
1763719740,0.13795,0.13839,0.13795,0.13827
1763719800,0.13827,0.13907,0.13827,0.13889
1763719860,0.13889,0.13905,0.13855,0.13859
1763719920,0.13859,0.13894,0.1384,0.1384
1763719980,0.1384,0.13843,0.13809,0.13816
1763720040,0.13816,0.1383,0.13804,0.13823
1763720100,0.13823,0.13827,0.13803,0.13803
1763720160,0.13803,0.13847,0.13759,0.13837
1763720220,0.13837,0.13861,0.13821,0.13821
1763720280,0.13821,0.13831,0.13786,0.13799
1763720340,0.13799,0.13832,0.13794,0.13824
1763720400,0.13824,0.13838,0.13801,0.13822
1763720460,0.13822,0.13854,0.13819,0.13848
1763720520,0.13848,0.13851,0.13794,0.13796
1763720580,0.13796,0.13814,0.13787,0.13811
1763720640,0.13811,0.13833,0.13803,0.13831
1763720700,0.13831,0.13862,0.13813,0.13861
1763720760,0.13861,0.13897,0.13847,0.13855
1763720820,0.13855,0.13855,0.13818,0.1382
1763720880,0.1382,0.1382,0.13762,0.1377
1763720940,0.1377,0.13784,0.1376,0.13777
1763721000,0.13777,0.13801,0.13774,0.13795
1763721060,0.13795,0.1385,0.13794,0.13828
1763721120,0.13828,0.13847,0.13827,0.13841
1763721180,0.13841,0.13871,0.13825,0.13869
1763721240,0.13869,0.13887,0.13824,0.13824
1763721300,0.13824,0.13838,0.13815,0.13834
1763721360,0.13834,0.13885,0.13832,0.13872
1763721420,0.13872,0.13893,0.13864,0.13885
1763721480,0.13885,0.13904,0.13868,0.13889
1763721540,0.13889,0.13892,0.13857,0.13872
1763721600,0.13872,0.13903,0.13861,0.13886
1763721660,0.13886,0.13893,0.13849,0.13859
1763721720,0.13859,0.13859,0.13842,0.13848
1763721780,0.13848,0.13855,0.13841,0.13851
1763721840,0.13851,0.13851,0.13835,0.13846
1763721900,0.13846,0.13851,0.13837,0.13842
1763721960,0.13842,0.1385,0.13814,0.13818
1763722020,0.13818,0.13826,0.13809,0.13824
1763722080,0.13824,0.13824,0.138,0.13804
1763722140,0.13804,0.13807,0.13777,0.13782
1763722200,0.13782,0.13789,0.1377,0.13786
1763722260,0.13786,0.13812,0.13783,0.13811
1763722320,0.13811,0.13829,0.13806,0.13818
1763722380,0.13818,0.13822,0.13807,0.13817
1763722440,0.13817,0.13818,0.13799,0.13813
1763722500,0.13813,0.13817,0.13795,0.13802
1763722560,0.13802,0.13802,0.13767,0.13767
1763722620,0.13767,0.13781,0.13764,0.13778
1763722680,0.13778,0.13789,0.13772,0.13781
1763722740,0.13781,0.13793,0.13774,0.13774
1763722800,0.13774,0.13779,0.13749,0.1376
1763722860,0.1376,0.13807,0.1376,0.13802
1763722920,0.13802,0.13809,0.13781,0.13795
1763722980,0.13795,0.1381,0.13772,0.1379
1763723040,0.1379,0.13805,0.13784,0.13797
1763723100,0.13797,0.13815,0.13795,0.138
1763723160,0.138,0.13824,0.13785,0.13793
1763723220,0.13793,0.13838,0.1379,0.13838
1763723280,0.13838,0.139,0.13838,0.13875
1763723340,0.13875,0.13882,0.13853,0.1388
1763723400,0.1388,0.13911,0.13875,0.13893
1763723460,0.13893,0.13893,0.13859,0.13863
1763723520,0.13863,0.13863,0.13839,0.13843
1763723580,0.13843,0.13866,0.13843,0.13862
1763723640,0.13862,0.13892,0.13856,0.13888
1763723700,0.13888,0.13893,0.13863,0.13868
1763723760,0.13868,0.13871,0.13851,0.13865
1763723820,0.13865,0.13905,0.13863,0.13871
1763723880,0.13871,0.13881,0.13854,0.13868
1763723940,0.13868,0.13873,0.1383,0.13835
1763724000,0.13835,0.13864,0.1383,0.13858
1763724060,0.13858,0.13907,0.13856,0.13905
1763724120,0.13905,0.1391,0.13859,0.13862
1763724180,0.13862,0.13905,0.13858,0.13874
1763724240,0.13874,0.13879,0.13854,0.13855
1763724300,0.13855,0.13864,0.13849,0.13858
1763724360,0.13858,0.13858,0.1384,0.13848
1763724420,0.13848,0.13853,0.13835,0.13843
1763724480,0.13843,0.13851,0.13827,0.13827
1763724540,0.13827,0.13827,0.13816,0.1382
1763724600,0.1382,0.13825,0.13811,0.13811
1763724660,0.13811,0.13832,0.1381,0.13832
1763724720,0.13832,0.13852,0.1383,0.13849
1763724780,0.13849,0.13864,0.13827,0.13827
1763724840,0.13827,0.13827,0.13782,0.13782
1763724900,0.13782,0.13787,0.13771,0.13771
1763724960,0.13771,0.13781,0.13759,0.13774
1763725020,0.13774,0.13779,0.13742,0.13749
1763725080,0.13749,0.13758,0.13717,0.1372
1763725140,0.1372,0.13735,0.13717,0.13718
1763725200,0.13718,0.1374,0.13703,0.13703
1763725260,0.13703,0.13729,0.13693,0.13725
1763725320,0.13725,0.13731,0.13713,0.13719
1763725380,0.13719,0.13734,0.13718,0.13732
1763725440,0.13732,0.13746,0.13719,0.13729
1763725500,0.13729,0.13736,0.13709,0.13709
1763725560,0.13709,0.13721,0.13703,0.1372
1763725620,0.1372,0.13732,0.137,0.13705
1763725680,0.13705,0.13721,0.13693,0.13701
1763725740,0.13701,0.13718,0.13656,0.13681
1763725800,0.13681,0.13686,0.13662,0.13673
1763725860,0.13673,0.13677,0.13645,0.13648
1763725920,0.13648,0.13677,0.13644,0.13663
1763725980,0.13663,0.13669,0.13632,0.13654
1763726040,0.13654,0.13676,0.13654,0.13666
1763726100,0.13666,0.1369,0.13664,0.13668
1763726160,0.13668,0.13671,0.13648,0.13653
1763726220,0.13653,0.13692,0.13653,0.13689
1763726280,0.13689,0.13695,0.13665,0.13668
1763726340,0.13668,0.13671,0.13651,0.1367
1763726400,0.1367,0.13677,0.13642,0.13652
1763726460,0.13652,0.13675,0.13631,0.13644
1763726520,0.13644,0.1367,0.13637,0.13658
1763726580,0.13658,0.13692,0.13642,0.13676
1763726640,0.13676,0.13676,0.13637,0.13658
1763726700,0.13658,0.13675,0.13648,0.13648
1763726760,0.13648,0.13672,0.13643,0.13672
1763726820,0.13672,0.13696,0.13655,0.13695
1763726880,0.13695,0.13695,0.13654,0.13663
1763726940,0.13663,0.13683,0.13658,0.13662
1763727000,0.13662,0.13664,0.13631,0.13633
1763727060,0.13633,0.1364,0.13601,0.13624
1763727120,0.13624,0.13632,0.13605,0.13618
1763727180,0.13618,0.13661,0.13616,0.13661
1763727240,0.13661,0.13687,0.13647,0.13667
1763727300,0.13667,0.13667,0.13615,0.13626
1763727360,0.13626,0.13642,0.13604,0.13608
1763727420,0.13608,0.13624,0.13591,0.13608
1763727480,0.13608,0.13611,0.13556,0.13567
1763727540,0.13567,0.1358,0.13552,0.13561
1763727600,0.13561,0.13568,0.13551,0.13554
1763727660,0.13554,0.13554,0.13501,0.13505
1763727720,0.13505,0.13507,0.13409,0.13472
1763727780,0.13472,0.13478,0.13382,0.13427
1763727840,0.13427,0.13428,0.13312,0.13361
1763727900,0.13361,0.13438,0.13355,0.1341
1763727960,0.1341,0.13416,0.1337,0.1338
1763728020,0.1338,0.1339,0.13357,0.13385
1763728080,0.13385,0.13394,0.1336,0.13371
1763728140,0.13371,0.13385,0.13314,0.13374
1763728200,0.13374,0.13569,0.13374,0.13512
1763728260,0.13512,0.13599,0.13464,0.13543
1763728320,0.13543,0.13584,0.13514,0.13574
1763728380,0.13574,0.13597,0.13532,0.13565
1763728440,0.13565,0.13621,0.13563,0.13599
1763728500,0.13599,0.13604,0.13538,0.13599
1763728560,0.13599,0.1369,0.13574,0.13668
1763728620,0.13668,0.13784,0.13654,0.13767
1763728680,0.13767,0.13825,0.13752,0.13794
1763728740,0.13794,0.13851,0.13766,0.13845
1763728800,0.13845,0.13856,0.13804,0.13849
1763728860,0.13849,0.13905,0.13829,0.13873
1763728920,0.13873,0.13879,0.13833,0.13847
1763728980,0.13847,0.13879,0.13815,0.13877
1763729040,0.13877,0.13928,0.13863,0.13899
1763729100,0.13899,0.13976,0.13896,0.13941
1763729160,0.13941,0.13975,0.13917,0.13924
1763729220,0.13924,0.13933,0.13892,0.13913
1763729280,0.13913,0.13933,0.13854,0.13878
1763729340,0.13878,0.13887,0.1385,0.13886
1763729400,0.13886,0.13949,0.13876,0.13933
1763729460,0.13933,0.13938,0.13901,0.13919
1763729520,0.13919,0.13942,0.13905,0.13909
1763729580,0.13909,0.1394,0.13908,0.13936
1763729640,0.13936,0.1395,0.13924,0.13937
1763729700,0.13937,0.13938,0.13893,0.13896
1763729760,0.13896,0.13903,0.13866,0.13875
1763729820,0.13875,0.13888,0.13852,0.13888
1763729880,0.13888,0.13888,0.13854,0.13878
1763729940,0.13878,0.13887,0.13869,0.13885
1763730000,0.13885,0.13902,0.13867,0.139
1763730060,0.139,0.13907,0.1388,0.1388
1763730120,0.1388,0.13931,0.13872,0.13899
1763730180,0.13899,0.1393,0.13871,0.13874
1763730240,0.13874,0.13879,0.13823,0.13853
1763730300,0.13853,0.13863,0.13828,0.13859
1763730360,0.13859,0.13895,0.13843,0.13879
1763730420,0.13879,0.13897,0.1386,0.13862
1763730480,0.13862,0.13913,0.13855,0.13913
1763730540,0.13913,0.13955,0.13913,0.13955
1763730600,0.13955,0.13971,0.13877,0.13877
1763730660,0.13877,0.13903,0.13877,0.13887
1763730720,0.13887,0.13898,0.13875,0.13886
1763730780,0.13886,0.13911,0.13879,0.13904
1763730840,0.13904,0.13915,0.13893,0.13909
1763730900,0.13909,0.13941,0.13895,0.13929
1763730960,0.13929,0.13952,0.13922,0.13946
1763731020,0.13946,0.14032,0.13938,0.14003
1763731080,0.14003,0.14003,0.13957,0.1396
1763731140,0.1396,0.1396,0.13923,0.13946
1763731200,0.13946,0.13953,0.13914,0.13925
1763731260,0.13925,0.1397,0.13924,0.13938
1763731320,0.13938,0.13957,0.13905,0.13913
1763731380,0.13913,0.13915,0.13893,0.13904
1763731440,0.13904,0.13907,0.13887,0.13892
1763731500,0.13892,0.13902,0.13873,0.13894
1763731560,0.13894,0.13927,0.13879,0.13923
1763731620,0.13923,0.1393,0.13912,0.13919
1763731680,0.13919,0.13924,0.13893,0.139
1763731740,0.139,0.13921,0.13896,0.13906
1763731800,0.13906,0.13914,0.13887,0.13897
1763731860,0.13897,0.13923,0.1388,0.1391
1763731920,0.1391,0.13919,0.1389,0.13903
1763731980,0.13903,0.13925,0.13891,0.13922
1763732040,0.13922,0.13928,0.13914,0.13924
1763732100,0.13924,0.13963,0.13923,0.13958
1763732160,0.13958,0.13983,0.13958,0.13981
1763732220,0.13981,0.13991,0.13973,0.13987
1763732280,0.13987,0.14001,0.1398,0.13999
1763732340,0.13999,0.14,0.1397,0.1397
1763732400,0.1397,0.13998,0.1397,0.13991
1763732460,0.13991,0.14018,0.13991,0.14012
1763732520,0.14012,0.14028,0.14009,0.14015
1763732580,0.14015,0.14033,0.14013,0.14026
1763732640,0.14026,0.1403,0.14014,0.14025
1763732700,0.14025,0.14035,0.14009,0.14028
1763732760,0.14028,0.14055,0.14002,0.14007
1763732820,0.14007,0.14045,0.14003,0.14033
1763732880,0.14033,0.14068,0.14032,0.1406
1763732940,0.1406,0.1406,0.14024,0.14038
1763733000,0.14038,0.14053,0.14029,0.14048
1763733060,0.14048,0.14079,0.14046,0.14075
1763733120,0.14075,0.14088,0.14045,0.14048
1763733180,0.14048,0.14057,0.14033,0.14046
1763733240,0.14046,0.14057,0.14043,0.14055
1763733300,0.14055,0.14059,0.1404,0.1404
1763733360,0.1404,0.14046,0.14032,0.1404
1763733420,0.1404,0.1404,0.14024,0.14028
1763733480,0.14028,0.14028,0.14013,0.14017
1763733540,0.14017,0.14027,0.13998,0.14003
1763733600,0.14003,0.14012,0.13996,0.14002
1763733660,0.14002,0.14003,0.13972,0.13997
1763733720,0.13997,0.14021,0.13992,0.14019
1763733780,0.14019,0.14025,0.14011,0.14011
1763733840,0.14011,0.14014,0.14001,0.14001
1763733900,0.14001,0.14003,0.13977,0.13977
1763733960,0.13977,0.14003,0.13975,0.13998
1763734020,0.13998,0.14001,0.13983,0.13995
1763734080,0.13995,0.14017,0.13994,0.14017
1763734140,0.14017,0.14035,0.14017,0.14028
1763734200,0.14028,0.14031,0.13996,0.13996
1763734260,0.13996,0.13996,0.13971,0.13974
1763734320,0.13974,0.13974,0.13961,0.13968
1763734380,0.13968,0.13968,0.13934,0.13936
1763734440,0.13936,0.13948,0.13935,0.13936
1763734500,0.13936,0.13936,0.13898,0.13899
1763734560,0.13899,0.13922,0.13893,0.13921
1763734620,0.13921,0.13921,0.13891,0.13901
1763734680,0.13901,0.13916,0.13894,0.13894
1763734740,0.13894,0.13907,0.13891,0.13905
1763734800,0.13905,0.13919,0.139,0.13908
1763734860,0.13908,0.1392,0.13902,0.13913
1763734920,0.13913,0.13916,0.13886,0.13899
1763734980,0.13899,0.13911,0.13891,0.13911
1763735040,0.13911,0.13913,0.13899,0.13906
1763735100,0.13906,0.13913,0.13893,0.1391
1763735160,0.1391,0.13913,0.13894,0.13895
1763735220,0.13895,0.13904,0.13883,0.13883
1763735280,0.13883,0.13883,0.13873,0.13873
1763735340,0.13873,0.13895,0.13873,0.13886
1763735400,0.13886,0.14035,0.13868,0.13988
1763735460,0.13988,0.14026,0.13936,0.13957
1763735520,0.13957,0.14014,0.13941,0.13997
1763735580,0.13997,0.14003,0.13957,0.13999
1763735640,0.13999,0.14106,0.13999,0.14096
1763735700,0.14096,0.14116,0.14054,0.14113
1763735760,0.14113,0.14151,0.14104,0.14138
1763735820,0.14138,0.14166,0.14097,0.1412
1763735880,0.1412,0.14137,0.14076,0.14083
1763735940,0.14083,0.14123,0.14075,0.14084
1763736000,0.14084,0.14133,0.14056,0.14133
1763736060,0.14133,0.14171,0.14133,0.14156
1763736120,0.14156,0.14177,0.14102,0.1412
1763736180,0.1412,0.14122,0.14086,0.14097
1763736240,0.14097,0.14098,0.14067,0.14079
1763736300,0.14079,0.14097,0.14049,0.1405
1763736360,0.1405,0.14061,0.14026,0.14042
1763736420,0.14042,0.14055,0.14012,0.14022
1763736480,0.14022,0.14063,0.14019,0.14059
1763736540,0.14059,0.14064,0.14035,0.14057
1763736600,0.14057,0.14075,0.14045,0.14059
1763736660,0.14059,0.14118,0.14039,0.14089
1763736720,0.14089,0.14132,0.14076,0.14132
1763736780,0.14132,0.14154,0.14123,0.14146
1763736840,0.14146,0.14199,0.14138,0.14189
1763736900,0.14189,0.14203,0.14173,0.14191
1763736960,0.14191,0.14193,0.14132,0.14142
1763737020,0.14142,0.14157,0.14138,0.14139
1763737080,0.14139,0.14167,0.14135,0.14164
1763737140,0.14164,0.14173,0.14121,0.14124
1763737200,0.14124,0.14159,0.14116,0.14116
1763737260,0.14116,0.14116,0.14066,0.1407
1763737320,0.1407,0.14082,0.14056,0.14065
1763737380,0.14065,0.14066,0.14029,0.14066
1763737440,0.14066,0.14084,0.14056,0.1407
1763737500,0.1407,0.14098,0.1407,0.14077
1763737560,0.14077,0.14114,0.14056,0.14093
1763737620,0.14093,0.14093,0.14061,0.14063
1763737680,0.14063,0.14074,0.14031,0.14049
1763737740,0.14049,0.14053,0.14025,0.14049
1763737800,0.14049,0.14049,0.14011,0.1403
1763737860,0.1403,0.14032,0.14012,0.14029
1763737920,0.14029,0.14036,0.1401,0.14016
1763737980,0.14016,0.1402,0.13987,0.14007
1763738040,0.14007,0.14025,0.13996,0.14006
1763738100,0.14006,0.14026,0.14003,0.14007
1763738160,0.14007,0.14022,0.14,0.14002
1763738220,0.14002,0.14002,0.13953,0.13976
1763738280,0.13976,0.13995,0.13968,0.13984
1763738340,0.13984,0.1399,0.13973,0.13986
1763738400,0.13986,0.13989,0.13927,0.13939
1763738460,0.13939,0.13947,0.13924,0.13934
1763738520,0.13934,0.13975,0.13912,0.13959
1763738580,0.13959,0.13997,0.13959,0.13984
1763738640,0.13984,0.13985,0.13949,0.13982
1763738700,0.13982,0.14041,0.13979,0.14013
1763738760,0.14013,0.14013,0.13951,0.13968
1763738820,0.13968,0.1397,0.13947,0.13949
1763738880,0.13949,0.13969,0.13937,0.13956
1763738940,0.13956,0.13956,0.1393,0.13941
1763739000,0.13941,0.13964,0.1393,0.13946
1763739060,0.13946,0.13961,0.13929,0.13961
1763739120,0.13961,0.13968,0.13943,0.13952
1763739180,0.13952,0.13955,0.13924,0.13928
1763739240,0.13928,0.13936,0.13903,0.13914
1763739300,0.13914,0.13915,0.13886,0.13887
1763739360,0.13887,0.139,0.13871,0.13872
1763739420,0.13872,0.13878,0.13822,0.13858
1763739480,0.13858,0.13863,0.13832,0.13842
1763739540,0.13842,0.13846,0.13813,0.13832
1763739600,0.13832,0.13839,0.13814,0.13822
1763739660,0.13822,0.13838,0.13814,0.13825
1763739720,0.13825,0.1383,0.13793,0.1381
1763739780,0.1381,0.13828,0.13807,0.13825
1763739840,0.13825,0.13865,0.13824,0.13861
1763739900,0.13861,0.139,0.13839,0.13889
1763739960,0.13889,0.13895,0.13862,0.13875
1763740020,0.13875,0.13883,0.13855,0.13864
1763740080,0.13864,0.13878,0.13833,0.13853
1763740140,0.13853,0.13874,0.13842,0.13864
1763740200,0.13864,0.13864,0.13827,0.13849
1763740260,0.13849,0.13849,0.13802,0.1381
1763740320,0.1381,0.13814,0.13784,0.13793
1763740380,0.13793,0.13794,0.13735,0.13755
1763740440,0.13755,0.13797,0.13752,0.13794
1763740500,0.13794,0.13806,0.13776,0.138
1763740560,0.138,0.1383,0.13782,0.1382
1763740620,0.1382,0.1382,0.13781,0.13781
1763740680,0.13781,0.1379,0.13746,0.13786
1763740740,0.13786,0.13788,0.13772,0.13785
1763740800,0.13785,0.13818,0.13771,0.13785
1763740860,0.13785,0.13807,0.1377,0.13793
1763740920,0.13793,0.13798,0.13733,0.1375
1763740980,0.1375,0.13757,0.13726,0.13746
1763741040,0.13746,0.13746,0.13695,0.13702
1763741100,0.13702,0.13713,0.13657,0.13664
1763741160,0.13664,0.13678,0.13608,0.13648
1763741220,0.13648,0.13715,0.13632,0.13708
1763741280,0.13708,0.13786,0.13703,0.13722
1763741340,0.13722,0.13732,0.13693,0.13732
1763741400,0.13732,0.1376,0.13717,0.13721
1763741460,0.13721,0.13737,0.13684,0.13702
1763741520,0.13702,0.13703,0.13658,0.13673
1763741580,0.13673,0.13735,0.13673,0.13716
1763741640,0.13716,0.1372,0.13676,0.13718
1763741700,0.13718,0.13718,0.13679,0.13703
1763741760,0.13703,0.13707,0.13658,0.137
1763741820,0.137,0.13737,0.13642,0.13675
1763741880,0.13675,0.13681,0.13569,0.13577
1763741940,0.13577,0.13614,0.13566,0.13614
1763742000,0.13614,0.13658,0.13596,0.13652
1763742060,0.13652,0.13745,0.13631,0.13729
1763742120,0.13729,0.13778,0.13695,0.13697
1763742180,0.13697,0.13697,0.13643,0.13658
1763742240,0.13658,0.13703,0.13657,0.13692
1763742300,0.13692,0.13697,0.13654,0.13693
1763742360,0.13693,0.1371,0.13673,0.13676
1763742420,0.13676,0.13708,0.13667,0.13699
1763742480,0.13699,0.13737,0.13689,0.13706
1763742540,0.13706,0.13734,0.13674,0.1373
1763742600,0.1373,0.13768,0.13706,0.13711
1763742660,0.13711,0.13723,0.13691,0.13695
1763742720,0.13695,0.13724,0.1367,0.13704
1763742780,0.13704,0.13737,0.13701,0.13714
1763742840,0.13714,0.13732,0.13702,0.13702
1763742900,0.13702,0.13738,0.13702,0.13723
1763742960,0.13723,0.13798,0.1372,0.13784
1763743020,0.13784,0.13839,0.13784,0.13827
1763743080,0.13827,0.13879,0.13825,0.13876
1763743140,0.13876,0.1388,0.13816,0.13824
1763743200,0.13824,0.13847,0.13819,0.13834
1763743260,0.13834,0.13843,0.138,0.13807
1763743320,0.13807,0.13815,0.13788,0.13791
1763743380,0.13791,0.1381,0.13788,0.13795
1763743440,0.13795,0.13795,0.1374,0.13759
1763743500,0.13759,0.13759,0.13697,0.13712
1763743560,0.13712,0.13761,0.13702,0.13736
1763743620,0.13736,0.13788,0.13735,0.13784
1763743680,0.13784,0.13852,0.13784,0.13824
1763743740,0.13824,0.1386,0.13824,0.13848
1763743800,0.13848,0.13882,0.13828,0.13878
1763743860,0.13878,0.13915,0.13877,0.13906
1763743920,0.13906,0.13999,0.13901,0.13982
1763743980,0.13982,0.14049,0.13976,0.14032
1763744040,0.14032,0.14045,0.13995,0.14007
1763744100,0.14007,0.14072,0.14006,0.14036
1763744160,0.14036,0.14162,0.14036,0.14105
1763744220,0.14105,0.14121,0.14075,0.14082
1763744280,0.14082,0.14134,0.14082,0.14119
1763744340,0.14119,0.14139,0.14115,0.14137
1763744400,0.14137,0.14175,0.14109,0.14147
1763744460,0.14147,0.14167,0.14111,0.14123
1763744520,0.14123,0.14168,0.1412,0.14141
1763744580,0.14141,0.14224,0.14141,0.14221
1763744640,0.14221,0.1425,0.14216,0.14237
1763744700,0.14237,0.14253,0.1419,0.14208
1763744760,0.14208,0.14252,0.14205,0.14233
1763744820,0.14233,0.14311,0.14222,0.14306
1763744880,0.14306,0.14319,0.14253,0.14275
1763744940,0.14275,0.14291,0.14271,0.14272
1763745000,0.14272,0.14273,0.14225,0.14251
1763745060,0.14251,0.14263,0.14231,0.14243
1763745120,0.14243,0.14253,0.14219,0.1423
1763745180,0.1423,0.14249,0.14209,0.14237
1763745240,0.14237,0.14263,0.14225,0.14244
1763745300,0.14244,0.14271,0.14244,0.14245
1763745360,0.14245,0.1427,0.14228,0.14244
1763745420,0.14244,0.14293,0.14244,0.14276
1763745480,0.14276,0.14317,0.14272,0.14293
1763745540,0.14293,0.14312,0.1425,0.1425
1763745600,0.1425,0.1425,0.14214,0.14239
1763745660,0.14239,0.14293,0.14239,0.14252
1763745720,0.14252,0.143,0.14252,0.14281
1763745780,0.14281,0.14305,0.14268,0.14305
1763745840,0.14305,0.14329,0.14305,0.14312
1763745900,0.14312,0.14344,0.14302,0.1431
1763745960,0.1431,0.14321,0.14304,0.14305
1763746020,0.14305,0.14305,0.14253,0.14263
1763746080,0.14263,0.1427,0.14252,0.14255
1763746140,0.14255,0.14291,0.14255,0.14283
1763746200,0.14283,0.14311,0.14283,0.14308
1763746260,0.14308,0.14334,0.14305,0.1431
1763746320,0.1431,0.14329,0.14286,0.14315
1763746380,0.14315,0.14326,0.14303,0.14316
1763746440,0.14316,0.14329,0.14307,0.1431
1763746500,0.1431,0.14321,0.14295,0.14308
1763746560,0.14308,0.14332,0.14304,0.1433
1763746620,0.1433,0.1433,0.14278,0.14287
1763746680,0.14287,0.14294,0.14246,0.14259
1763746740,0.14259,0.14282,0.14258,0.14264
1763746800,0.14264,0.14279,0.14249,0.14249
1763746860,0.14249,0.14274,0.14235,0.14274
1763746920,0.14274,0.14286,0.14271,0.14284
1763746980,0.14284,0.14288,0.14274,0.14277
1763747040,0.14277,0.1428,0.14265,0.14272
1763747100,0.14272,0.14304,0.14262,0.14282
1763747160,0.14282,0.14289,0.14231,0.14254
1763747220,0.14254,0.14272,0.14246,0.14269
1763747280,0.14269,0.1428,0.1426,0.14279
1763747340,0.14279,0.14287,0.14272,0.14275
1763747400,0.14275,0.14275,0.14244,0.14244
1763747460,0.14244,0.14258,0.14232,0.14252
1763747520,0.14252,0.14252,0.14201,0.14204
1763747580,0.14204,0.14207,0.14177,0.14181
1763747640,0.14181,0.14184,0.14139,0.14169
1763747700,0.14169,0.14206,0.14169,0.14191
1763747760,0.14191,0.14191,0.1416,0.14166
1763747820,0.14166,0.14171,0.14142,0.14162
1763747880,0.14162,0.1417,0.1415,0.14151
1763747940,0.14151,0.14161,0.14146,0.14158
1763748000,0.14158,0.14171,0.14142,0.14146
1763748060,0.14146,0.14157,0.14131,0.14147
1763748120,0.14147,0.1415,0.14131,0.14133
1763748180,0.14133,0.14138,0.14099,0.14106
1763748240,0.14106,0.14106,0.14053,0.1406
1763748300,0.1406,0.14071,0.14011,0.14015
1763748360,0.14015,0.14055,0.13977,0.14037
1763748420,0.14037,0.14038,0.13988,0.14005
1763748480,0.14005,0.14006,0.1398,0.14001
1763748540,0.14001,0.1403,0.1399,0.14017
1763748600,0.14017,0.14028,0.13981,0.13984
1763748660,0.13984,0.14004,0.13944,0.13961
1763748720,0.13961,0.13961,0.13924,0.13939
1763748780,0.13939,0.13951,0.13894,0.13899
1763748840,0.13899,0.13913,0.13875,0.13907
1763748900,0.13907,0.13908,0.13872,0.13905
1763748960,0.13905,0.13931,0.13897,0.13914
1763749020,0.13914,0.13914,0.13852,0.13852
1763749080,0.13852,0.13862,0.1383,0.13854
1763749140,0.13854,0.13879,0.1385,0.13872
1763749200,0.13872,0.13874,0.13853,0.13856
1763749260,0.13856,0.13888,0.13854,0.13876
1763749320,0.13876,0.1388,0.13832,0.13849
1763749380,0.13849,0.13866,0.13844,0.13858
1763749440,0.13858,0.13871,0.13844,0.13866
1763749500,0.13866,0.1394,0.13854,0.1393
1763749560,0.1393,0.13932,0.1389,0.13906
1763749620,0.13906,0.13922,0.13883,0.13905
1763749680,0.13905,0.13943,0.13905,0.13937
1763749740,0.13937,0.13945,0.13923,0.1394
1763749800,0.1394,0.13969,0.1392,0.13957
1763749860,0.13957,0.13984,0.13957,0.13976
1763749920,0.13976,0.14017,0.13969,0.14015
1763749980,0.14015,0.14024,0.13989,0.13993
1763750040,0.13993,0.14001,0.13982,0.13999
1763750100,0.13999,0.14021,0.13995,0.14021
1763750160,0.14021,0.14071,0.14021,0.14057
1763750220,0.14057,0.14074,0.14046,0.14052
1763750280,0.14052,0.14082,0.1405,0.14064
1763750340,0.14064,0.14078,0.14058,0.14065
1763750400,0.14065,0.14074,0.1404,0.14054
1763750460,0.14054,0.1406,0.1402,0.14059
1763750520,0.14059,0.14062,0.14035,0.14054
1763750580,0.14054,0.1409,0.14054,0.14083
1763750640,0.14083,0.1409,0.14077,0.14084
1763750700,0.14084,0.14108,0.14071,0.14081
1763750760,0.14081,0.14094,0.14065,0.14068
1763750820,0.14068,0.14089,0.14056,0.14088
1763750880,0.14088,0.14234,0.14087,0.14182
1763750940,0.14182,0.1422,0.14158,0.1416
1763751000,0.1416,0.142,0.14153,0.14163
1763751060,0.14163,0.14185,0.14145,0.14166
1763751120,0.14166,0.14166,0.14122,0.14129
1763751180,0.14129,0.14165,0.14129,0.14139
1763751240,0.14139,0.14139,0.14103,0.14118
1763751300,0.14118,0.14128,0.14098,0.14127
1763751360,0.14127,0.14138,0.14119,0.14128
1763751420,0.14128,0.14132,0.14086,0.14107
1763751480,0.14107,0.1411,0.14087,0.141
1763751540,0.141,0.14114,0.14094,0.14102
1763751600,0.14102,0.14127,0.14101,0.14121
1763751660,0.14121,0.1413,0.14093,0.14098
1763751720,0.14098,0.14117,0.14098,0.14113
1763751780,0.14113,0.14127,0.14105,0.14122
1763751840,0.14122,0.14148,0.14116,0.14137
1763751900,0.14137,0.1414,0.14112,0.14113
1763751960,0.14113,0.14114,0.14085,0.14095
1763752020,0.14095,0.14099,0.14079,0.14089
1763752080,0.14089,0.14099,0.14066,0.14078
1763752140,0.14078,0.14117,0.14078,0.1411
1763752200,0.1411,0.14123,0.1409,0.14095
1763752260,0.14095,0.14096,0.14073,0.14085
1763752320,0.14085,0.14094,0.14066,0.14066
1763752380,0.14066,0.14066,0.14027,0.14047
1763752440,0.14047,0.14054,0.14037,0.14045
1763752500,0.14045,0.14045,0.14025,0.14041
1763752560,0.14041,0.14056,0.1404,0.14054
1763752620,0.14054,0.14059,0.14044,0.14055
1763752680,0.14055,0.14055,0.14028,0.1403
1763752740,0.1403,0.1408,0.14027,0.14079
1763752800,0.14079,0.14117,0.14069,0.14116
1763752860,0.14116,0.14146,0.14116,0.14144
1763752920,0.14144,0.14164,0.14127,0.14133
1763752980,0.14133,0.14133,0.14113,0.14126
1763753040,0.14126,0.14152,0.14118,0.14141
1763753100,0.14141,0.14167,0.14141,0.14149
1763753160,0.14149,0.14158,0.14146,0.14153
1763753220,0.14153,0.14153,0.14143,0.14144
1763753280,0.14144,0.14144,0.14128,0.14131
1763753340,0.14131,0.14142,0.14128,0.14133
1763753400,0.14133,0.14144,0.14112,0.14112
1763753460,0.14112,0.14117,0.14075,0.14079
1763753520,0.14079,0.14104,0.14076,0.14088
1763753580,0.14088,0.14093,0.1406,0.1406
1763753640,0.1406,0.14062,0.14046,0.14059
1763753700,0.14059,0.14081,0.14057,0.14081
1763753760,0.14081,0.14096,0.14076,0.14078
1763753820,0.14078,0.14084,0.14063,0.14083
1763753880,0.14083,0.14105,0.14083,0.14099
1763753940,0.14099,0.14102,0.1408,0.14085
1763754000,0.14085,0.14098,0.14079,0.1408
1763754060,0.1408,0.14082,0.14065,0.14081
1763754120,0.14081,0.14087,0.14063,0.14069
1763754180,0.14069,0.1407,0.14013,0.14013
1763754240,0.14013,0.14017,0.13992,0.14004
1763754300,0.14004,0.1401,0.13994,0.14006
1763754360,0.14006,0.14011,0.13976,0.13984
1763754420,0.13984,0.14,0.13976,0.14
1763754480,0.14,0.14012,0.13992,0.14007
1763754540,0.14007,0.14013,0.13997,0.13999
1763754600,0.13999,0.14006,0.13982,0.13985
1763754660,0.13985,0.13985,0.13967,0.1397
1763754720,0.1397,0.13982,0.13956,0.13965
1763754780,0.13965,0.13965,0.13942,0.13945
1763754840,0.13945,0.13952,0.13929,0.1395
1763754900,0.1395,0.13982,0.1395,0.13973
1763754960,0.13973,0.13977,0.13962,0.13966
1763755020,0.13966,0.13967,0.13943,0.13961
1763755080,0.13961,0.13971,0.13959,0.13966
1763755140,0.13966,0.13991,0.13965,0.13989
1763755200,0.13989,0.13995,0.13982,0.13989
1763755260,0.13989,0.14004,0.1398,0.14003
1763755320,0.14003,0.14003,0.13979,0.13986
1763755380,0.13986,0.14006,0.13983,0.13987
1763755440,0.13987,0.13987,0.13961,0.13967
1763755500,0.13967,0.13971,0.13902,0.13913
1763755560,0.13913,0.1392,0.13886,0.13892
1763755620,0.13892,0.13906,0.13871,0.13872
1763755680,0.13872,0.1388,0.13863,0.13874
1763755740,0.13874,0.13888,0.13863,0.13888
1763755800,0.13888,0.13901,0.13879,0.13901
1763755860,0.13901,0.13921,0.13901,0.13916
1763755920,0.13916,0.1398,0.13916,0.13951
1763755980,0.13951,0.13951,0.13917,0.13918
1763756040,0.13918,0.13947,0.13918,0.13947
1763756100,0.13947,0.13952,0.13891,0.13891
1763756160,0.13891,0.13895,0.13877,0.13888
1763756220,0.13888,0.13894,0.13875,0.13877
1763756280,0.13877,0.13881,0.13852,0.13853
1763756340,0.13853,0.13865,0.13833,0.13835
1763756400,0.13835,0.13838,0.13807,0.13832
1763756460,0.13832,0.13833,0.13812,0.13812
1763756520,0.13812,0.13825,0.13798,0.1382
1763756580,0.1382,0.13824,0.13791,0.13801
1763756640,0.13801,0.13814,0.13794,0.13814
1763756700,0.13814,0.1384,0.13814,0.1384
1763756760,0.1384,0.13851,0.13839,0.13841
1763756820,0.13841,0.13844,0.13798,0.13798
1763756880,0.13798,0.13801,0.13787,0.13794
1763756940,0.13794,0.13794,0.13752,0.13766
1763757000,0.13766,0.13781,0.13756,0.13771
1763757060,0.13771,0.13781,0.1376,0.1378
1763757120,0.1378,0.13783,0.1375,0.13759
1763757180,0.13759,0.13804,0.13756,0.13799
1763757240,0.13799,0.13804,0.13759,0.13764
1763757300,0.13764,0.13819,0.13762,0.13783
1763757360,0.13783,0.13784,0.13745,0.13755
1763757420,0.13755,0.13789,0.13749,0.13789
1763757480,0.13789,0.13849,0.13789,0.13848
1763757540,0.13848,0.13853,0.1383,0.13831
1763757600,0.13831,0.13842,0.13812,0.13842
1763757660,0.13842,0.13867,0.13825,0.13836
1763757720,0.13836,0.13854,0.13819,0.13819
1763757780,0.13819,0.13877,0.13798,0.13852
1763757840,0.13852,0.13865,0.1384,0.13857
1763757900,0.13857,0.13866,0.13838,0.13844
1763757960,0.13844,0.13886,0.13842,0.13881
1763758020,0.13881,0.13909,0.13845,0.13869
1763758080,0.13869,0.13916,0.13855,0.13912
1763758140,0.13912,0.13922,0.13895,0.13906
1763758200,0.13906,0.13939,0.13876,0.1388
1763758260,0.1388,0.13927,0.13879,0.1392
1763758320,0.1392,0.13929,0.13901,0.13902
1763758380,0.13902,0.1392,0.13887,0.13887
1763758440,0.13887,0.13915,0.13879,0.13913
1763758500,0.13913,0.13919,0.13843,0.13868
1763758560,0.13868,0.13941,0.13868,0.13939
1763758620,0.13939,0.13942,0.13895,0.13914
1763758680,0.13914,0.13915,0.13885,0.13893
1763758740,0.13893,0.13896,0.13837,0.13887
1763758800,0.13887,0.13898,0.13873,0.13891
1763758860,0.13891,0.13925,0.13891,0.13905
1763758920,0.13905,0.13911,0.13887,0.13889
1763758980,0.13889,0.13889,0.13857,0.13857
1763759040,0.13857,0.13857,0.13804,0.13853
1763759100,0.13853,0.1387,0.13826,0.13843
1763759160,0.13843,0.13888,0.13843,0.13864
1763759220,0.13864,0.13869,0.13837,0.13849
1763759280,0.13849,0.13852,0.13831,0.13852
1763759340,0.13852,0.13853,0.13818,0.13819
1763759400,0.13819,0.13845,0.13797,0.13842
1763759460,0.13842,0.13863,0.13825,0.13826
1763759520,0.13826,0.1384,0.138,0.13835
1763759580,0.13835,0.13874,0.13835,0.13869
1763759640,0.13869,0.13891,0.13869,0.13888
1763759700,0.13888,0.1389,0.13855,0.13855
1763759760,0.13855,0.13863,0.13833,0.13856
1763759820,0.13856,0.13937,0.13856,0.13934
1763759880,0.13934,0.13949,0.1386,0.13862
1763759940,0.13862,0.139,0.13859,0.13893
1763760000,0.13893,0.13934,0.13888,0.13929
1763760060,0.13929,0.1394,0.1392,0.13934
1763760120,0.13934,0.13995,0.13934,0.13988
1763760180,0.13988,0.14009,0.13983,0.14005
1763760240,0.14005,0.14022,0.13988,0.13993
1763760300,0.13993,0.14111,0.13987,0.14075
1763760360,0.14075,0.14075,0.14039,0.14042
1763760420,0.14042,0.14087,0.14042,0.14076
1763760480,0.14076,0.14081,0.14062,0.14078
1763760540,0.14078,0.14099,0.14066,0.14075
1763760600,0.14075,0.1408,0.14052,0.14064
1763760660,0.14064,0.14065,0.14043,0.14058
1763760720,0.14058,0.14072,0.1404,0.14056
1763760780,0.14056,0.14056,0.14032,0.14034
1763760840,0.14034,0.14046,0.14023,0.14044
1763760900,0.14044,0.14068,0.14044,0.14056
1763760960,0.14056,0.14098,0.14055,0.14077
1763761020,0.14077,0.14082,0.14063,0.14076
1763761080,0.14076,0.14097,0.14072,0.14097
1763761140,0.14097,0.14111,0.14089,0.14109
1763761200,0.14109,0.14142,0.14102,0.14134
1763761260,0.14134,0.14136,0.14112,0.14121
1763761320,0.14121,0.14145,0.14121,0.14145
1763761380,0.14145,0.14146,0.14134,0.14136
1763761440,0.14136,0.14137,0.14106,0.14115
1763761500,0.14115,0.14126,0.14104,0.14121
1763761560,0.14121,0.14134,0.14091,0.14094
1763761620,0.14094,0.14103,0.14086,0.14102
1763761680,0.14102,0.14136,0.14098,0.14131
1763761740,0.14131,0.14132,0.14114,0.14123
1763761800,0.14123,0.14133,0.14119,0.14128
1763761860,0.14128,0.14161,0.14123,0.14155
1763761920,0.14155,0.14155,0.14142,0.14149
1763761980,0.14149,0.14157,0.14123,0.14123
1763762040,0.14123,0.14124,0.14106,0.14113
1763762100,0.14113,0.14127,0.14094,0.141
1763762160,0.141,0.14114,0.14089,0.14107
1763762220,0.14107,0.14112,0.14094,0.14094
1763762280,0.14094,0.141,0.14068,0.14075
1763762340,0.14075,0.14091,0.14071,0.14084
1763762400,0.14084,0.14093,0.14081,0.14087
1763762460,0.14087,0.14118,0.14087,0.14111
1763762520,0.14111,0.14129,0.14111,0.14123
1763762580,0.14123,0.14144,0.14121,0.14144
1763762640,0.14144,0.14144,0.14117,0.14118
1763762700,0.14118,0.1412,0.14086,0.14087
1763762760,0.14087,0.14114,0.14084,0.14111
1763762820,0.14111,0.14115,0.1409,0.14102
1763762880,0.14102,0.14125,0.141,0.14113
1763762940,0.14113,0.14123,0.1411,0.14121
1763763000,0.14121,0.14121,0.1411,0.1411
1763763060,0.1411,0.14115,0.14095,0.14095
1763763120,0.14095,0.14103,0.14087,0.14098
1763763180,0.14098,0.14107,0.1408,0.14099
1763763240,0.14099,0.14116,0.14095,0.14109
1763763300,0.14109,0.14129,0.14106,0.14118
1763763360,0.14118,0.14128,0.14102,0.14112
1763763420,0.14112,0.14115,0.14101,0.14107
1763763480,0.14107,0.14107,0.14067,0.14082
1763763540,0.14082,0.14096,0.14082,0.14084
1763763600,0.14084,0.14085,0.1407,0.14075
1763763660,0.14075,0.14079,0.14066,0.14072
1763763720,0.14072,0.14072,0.14059,0.14061
1763763780,0.14061,0.14061,0.13975,0.13993
1763763840,0.13993,0.13994,0.13968,0.13977
1763763900,0.13977,0.13981,0.1395,0.13964
1763763960,0.13964,0.14011,0.13964,0.14002
1763764020,0.14002,0.14021,0.13993,0.13993
1763764080,0.13993,0.13993,0.13969,0.13975
1763764140,0.13975,0.13981,0.13953,0.13954
1763764200,0.13954,0.13956,0.1388,0.13883
1763764260,0.13883,0.13891,0.13854,0.13865
1763764320,0.13865,0.13885,0.13855,0.13879
1763764380,0.13879,0.13888,0.13866,0.13874
1763764440,0.13874,0.13882,0.13872,0.13875
1763764500,0.13875,0.13875,0.13827,0.13827
1763764560,0.13827,0.1389,0.13824,0.13886
1763764620,0.13886,0.13921,0.13865,0.13884
1763764680,0.13884,0.13892,0.13848,0.13852
1763764740,0.13852,0.13876,0.13852,0.13856
1763764800,0.13856,0.13869,0.13854,0.13854
1763764860,0.13854,0.13857,0.13831,0.13851
1763764920,0.13851,0.13879,0.13848,0.13855
1763764980,0.13855,0.13873,0.13855,0.13862
1763765040,0.13862,0.13896,0.13861,0.13895
1763765100,0.13895,0.13936,0.13895,0.13929
1763765160,0.13929,0.13929,0.1388,0.1388
1763765220,0.1388,0.1388,0.13792,0.13792
1763765280,0.13792,0.13797,0.1377,0.13788
1763765340,0.13788,0.13789,0.13766,0.13786
1763765400,0.13786,0.13796,0.13775,0.13775
1763765460,0.13775,0.13775,0.1373,0.13768
1763765520,0.13768,0.13768,0.13677,0.13697
1763765580,0.13697,0.13714,0.13662,0.13714
1763765640,0.13714,0.13715,0.13689,0.13701
1763765700,0.13701,0.13704,0.13679,0.13704
1763765760,0.13704,0.13724,0.13701,0.13708
1763765820,0.13708,0.13717,0.13677,0.13677
1763765880,0.13677,0.137,0.13668,0.13674
1763765940,0.13674,0.13682,0.13643,0.13646
1763766000,0.13646,0.13666,0.13626,0.13639
1763766060,0.13639,0.13661,0.13638,0.13643
1763766120,0.13643,0.13657,0.1362,0.13645
1763766180,0.13645,0.13662,0.13635,0.13637
1763766240,0.13637,0.13678,0.13637,0.13675
1763766300,0.13675,0.13678,0.13624,0.13627
1763766360,0.13627,0.13636,0.136,0.13606
1763766420,0.13606,0.13608,0.13562,0.1357
1763766480,0.1357,0.13621,0.13565,0.13616
1763766540,0.13616,0.13651,0.13608,0.13651
1763766600,0.13651,0.1366,0.13623,0.13623
1763766660,0.13623,0.13659,0.13613,0.13659
1763766720,0.13659,0.13686,0.13658,0.13666
1763766780,0.13666,0.13689,0.13661,0.13684
1763766840,0.13684,0.13701,0.13682,0.13699
1763766900,0.13699,0.13758,0.13699,0.13755
1763766960,0.13755,0.13781,0.13755,0.13781
1763767020,0.13781,0.1379,0.13764,0.13784
1763767080,0.13784,0.13797,0.13783,0.13792
1763767140,0.13792,0.13809,0.1379,0.13805
1763767200,0.13805,0.1385,0.13797,0.13846
1763767260,0.13846,0.13905,0.13844,0.13905
1763767320,0.13905,0.13905,0.13871,0.1389
1763767380,0.1389,0.13931,0.13885,0.13924
1763767440,0.13924,0.13934,0.139,0.13915
1763767500,0.13915,0.13933,0.13906,0.13933
1763767560,0.13933,0.13935,0.13895,0.13901
1763767620,0.13901,0.13925,0.13891,0.13916
1763767680,0.13916,0.13952,0.13916,0.13951
1763767740,0.13951,0.13991,0.13945,0.13991
1763767800,0.13991,0.13992,0.13963,0.13982
1763767860,0.13982,0.14028,0.13982,0.14024
1763767920,0.14024,0.14026,0.13995,0.14002
1763767980,0.14002,0.14015,0.13995,0.14015
1763768040,0.14015,0.14052,0.14015,0.14037
1763768100,0.14037,0.14043,0.14014,0.14019
1763768160,0.14019,0.14026,0.13984,0.13989
1763768220,0.13989,0.13993,0.13978,0.13988
1763768280,0.13988,0.13996,0.13983,0.13996
1763768340,0.13996,0.1401,0.13992,0.13997
1763768400,0.13997,0.14003,0.1399,0.13998
1763768460,0.13998,0.14019,0.13986,0.14019
1763768520,0.14019,0.1405,0.14019,0.14037
1763768580,0.14037,0.14043,0.14027,0.14029
1763768640,0.14029,0.14042,0.14022,0.14041
1763768700,0.14041,0.1408,0.14041,0.14072
1763768760,0.14072,0.14072,0.14041,0.14058
1763768820,0.14058,0.1407,0.14042,0.14047
1763768880,0.14047,0.1405,0.14027,0.14042
1763768940,0.14042,0.14054,0.14038,0.14054
1763769000,0.14054,0.14058,0.14016,0.14016
1763769060,0.14016,0.14039,0.14014,0.14026
1763769120,0.14026,0.14035,0.14019,0.14035
1763769180,0.14035,0.1404,0.14021,0.14037
1763769240,0.14037,0.1404,0.14013,0.14018
1763769300,0.14018,0.14018,0.13996,0.14002
1763769360,0.14002,0.14014,0.14001,0.14014
1763769420,0.14014,0.14031,0.14013,0.14028
1763769480,0.14028,0.14029,0.14018,0.14021
1763769540,0.14021,0.14029,0.14015,0.14019
1764547200,0.14589,0.14624,0.14585,0.14623
1764547260,0.14623,0.14626,0.14589,0.14589
1764547320,0.14589,0.14625,0.14588,0.14608
1764547380,0.14608,0.14608,0.14566,0.14584
1764547440,0.14584,0.146,0.14515,0.14566
1764547500,0.14566,0.14567,0.14502,0.14516
1764547560,0.14516,0.14516,0.1442,0.14432
1764547620,0.14432,0.1445,0.14304,0.14308
1764547680,0.14308,0.14377,0.14191,0.14241
1764547740,0.14241,0.14291,0.14183,0.14256
1764547800,0.14256,0.14324,0.14152,0.14243
1764547860,0.14243,0.14343,0.1422,0.14332
1764547920,0.14332,0.14345,0.14277,0.14284
1764547980,0.14284,0.14314,0.14236,0.14307
1764548040,0.14307,0.14347,0.14273,0.14273
1764548100,0.14273,0.14313,0.14256,0.1429
1764548160,0.1429,0.14321,0.14272,0.1429
1764548220,0.1429,0.1429,0.14235,0.14239
1764548280,0.14239,0.14256,0.14202,0.14223
1764548340,0.14223,0.14223,0.14148,0.14201
1764548400,0.14201,0.14237,0.14188,0.14208
1764548460,0.14208,0.14208,0.14102,0.14151
1764548520,0.14151,0.14161,0.14133,0.14157
1764548580,0.14157,0.14159,0.14113,0.1412
1764548640,0.1412,0.14185,0.14115,0.14173
1764548700,0.14173,0.1422,0.14171,0.14198
1764548760,0.14198,0.142,0.14171,0.14173
1764548820,0.14173,0.14173,0.1414,0.14152
1764548880,0.14152,0.14168,0.14125,0.14134
1764548940,0.14134,0.14136,0.14097,0.14117
1764549000,0.14117,0.14134,0.14099,0.14124
1764549060,0.14124,0.14153,0.14094,0.1412
1764549120,0.1412,0.1412,0.14013,0.14051
1764549180,0.14051,0.14075,0.14017,0.14043
1764549240,0.14043,0.14061,0.1402,0.14061
1764549300,0.14061,0.14061,0.13991,0.14035
1764549360,0.14035,0.14082,0.14025,0.14059
1764549420,0.14059,0.14094,0.14032,0.1404
1764549480,0.1404,0.14055,0.13979,0.13993
1764549540,0.13993,0.1405,0.1399,0.14046
1764549600,0.14046,0.14063,0.14033,0.14058
1764549660,0.14058,0.14108,0.14047,0.14104
1764549720,0.14104,0.14122,0.14085,0.14091
1764549780,0.14091,0.14094,0.14008,0.14022
1764549840,0.14022,0.14029,0.1401,0.1402
1764549900,0.1402,0.14038,0.1401,0.14022
1764549960,0.14022,0.14028,0.13988,0.14004
1764550020,0.14004,0.14005,0.1395,0.14001
1764550080,0.14001,0.14004,0.13974,0.13988
1764550140,0.13988,0.14025,0.13986,0.13996
1764550200,0.13996,0.14005,0.13984,0.13988
1764550260,0.13988,0.13988,0.13933,0.13948
1764550320,0.13948,0.13955,0.13928,0.13933
1764550380,0.13933,0.1394,0.13884,0.13899
1764550440,0.13899,0.139,0.13876,0.13882
1764550500,0.13882,0.13896,0.13873,0.13882
1764550560,0.13882,0.13915,0.13867,0.13909
1764550620,0.13909,0.13966,0.13909,0.13921
1764550680,0.13921,0.13923,0.13884,0.13897
1764550740,0.13897,0.13903,0.13874,0.1388
1764550800,0.1388,0.13915,0.13856,0.13893
1764550860,0.13893,0.1393,0.13891,0.13917
1764550920,0.13917,0.13937,0.13898,0.13923
1764550980,0.13923,0.13985,0.13923,0.1393
1764551040,0.1393,0.13956,0.13925,0.13953
1764551100,0.13953,0.13987,0.13944,0.13985
1764551160,0.13985,0.13987,0.13957,0.13981
1764551220,0.13981,0.1404,0.13973,0.14034
1764551280,0.14034,0.14055,0.14027,0.14045
1764551340,0.14045,0.14053,0.13977,0.13978
1764551400,0.13978,0.13978,0.13937,0.13951
1764551460,0.13951,0.13964,0.13939,0.13956
1764551520,0.13956,0.13983,0.13945,0.13981
1764551580,0.13981,0.13991,0.13965,0.13976
1764551640,0.13976,0.13976,0.13941,0.13953
1764551700,0.13953,0.1401,0.13941,0.14009
1764551760,0.14009,0.14036,0.14007,0.14021
1764551820,0.14021,0.14044,0.13987,0.14009
1764551880,0.14009,0.14024,0.14,0.14017
1764551940,0.14017,0.14024,0.1397,0.1397
1764552000,0.1397,0.13988,0.1396,0.13988
1764552060,0.13988,0.14008,0.13981,0.13981
1764552120,0.13981,0.13999,0.13978,0.13998
1764552180,0.13998,0.14007,0.13979,0.13985
1764552240,0.13985,0.13994,0.13951,0.13952
1764552300,0.13952,0.13961,0.13913,0.13941
1764552360,0.13941,0.13952,0.13928,0.13951
1764552420,0.13951,0.13953,0.13934,0.13942
1764552480,0.13942,0.13952,0.13934,0.13941
1764552540,0.13941,0.13942,0.13914,0.13919
1764552600,0.13919,0.13928,0.13903,0.13921
1764552660,0.13921,0.13961,0.13913,0.13932
1764552720,0.13932,0.13953,0.13926,0.13935
1764552780,0.13935,0.13959,0.13934,0.13946
1764552840,0.13946,0.1397,0.13926,0.13939
1764552900,0.13939,0.13973,0.13935,0.13972
1764552960,0.13972,0.13993,0.13972,0.13993
1764553020,0.13993,0.13996,0.13975,0.13988
1764553080,0.13988,0.14004,0.13953,0.13959
1764553140,0.13959,0.13977,0.13948,0.13955
1764553200,0.13955,0.13958,0.13934,0.13954
1764553260,0.13954,0.13976,0.13954,0.13975
1764553320,0.13975,0.13989,0.1397,0.13973
1764553380,0.13973,0.13981,0.13962,0.13971
1764553440,0.13971,0.13981,0.13958,0.13966
1764553500,0.13966,0.13979,0.13961,0.13965
1764553560,0.13965,0.13978,0.13953,0.13958
1764553620,0.13958,0.13976,0.13942,0.13976
1764553680,0.13976,0.13978,0.13958,0.13962
1764553740,0.13962,0.13963,0.13941,0.13941
1764553800,0.13941,0.1395,0.13934,0.13946
1764553860,0.13946,0.13948,0.13923,0.13936
1764553920,0.13936,0.1395,0.13934,0.1394
1764553980,0.1394,0.13949,0.13935,0.13942
1764554040,0.13942,0.13942,0.13929,0.13932
1764554100,0.13932,0.13944,0.13915,0.13927
1764554160,0.13927,0.13946,0.13924,0.13928
1764554220,0.13928,0.13944,0.13926,0.1394
1764554280,0.1394,0.1395,0.13922,0.13922
1764554340,0.13922,0.13922,0.13903,0.13909
1764554400,0.13909,0.13913,0.13905,0.13911
1764554460,0.13911,0.13911,0.13889,0.13902
1764554520,0.13902,0.13911,0.13887,0.13911
1764554580,0.13911,0.13929,0.13903,0.13929
1764554640,0.13929,0.13961,0.13923,0.13951
1764554700,0.13951,0.13968,0.13942,0.13949
1764554760,0.13949,0.13949,0.13903,0.13909
1764554820,0.13909,0.1391,0.1388,0.13884
1764554880,0.13884,0.13904,0.1388,0.13892
1764554940,0.13892,0.13901,0.13885,0.13885
1764555000,0.13885,0.13903,0.1386,0.13902
1764555060,0.13902,0.13918,0.13893,0.13914
1764555120,0.13914,0.1395,0.13914,0.13942
1764555180,0.13942,0.1395,0.13941,0.13942
1764555240,0.13942,0.13942,0.13906,0.13908
1764555300,0.13908,0.1392,0.13904,0.13916
1764555360,0.13916,0.13916,0.13889,0.13889
1764555420,0.13889,0.1391,0.13889,0.13902
1764555480,0.13902,0.13912,0.13892,0.13892
1764555540,0.13892,0.13903,0.13889,0.1389
1764555600,0.1389,0.13896,0.13886,0.13887
1764555660,0.13887,0.13897,0.13885,0.13891
1764555720,0.13891,0.13911,0.13891,0.13896
1764555780,0.13896,0.13902,0.13892,0.13898
1764555840,0.13898,0.13902,0.13872,0.13875
1764555900,0.13875,0.13887,0.13871,0.13883
1764555960,0.13883,0.13893,0.13882,0.13884
1764556020,0.13884,0.13895,0.13884,0.13892
1764556080,0.13892,0.13893,0.13884,0.13885
1764556140,0.13885,0.13892,0.13869,0.13869
1764556200,0.13869,0.1388,0.13866,0.1387
1764556260,0.1387,0.13878,0.13865,0.13877
1764556320,0.13877,0.13877,0.13861,0.13875
1764556380,0.13875,0.13886,0.13871,0.13871
1764556440,0.13871,0.1388,0.1385,0.13875
1764556500,0.13875,0.1389,0.13873,0.13888
1764556560,0.13888,0.139,0.13881,0.13885
1764556620,0.13885,0.13885,0.13846,0.13856
1764556680,0.13856,0.13863,0.13828,0.13834
1764556740,0.13834,0.13849,0.13811,0.13844
1764556800,0.13844,0.13901,0.13844,0.13879
1764556860,0.13879,0.13884,0.13859,0.13882
1764556920,0.13882,0.139,0.13874,0.13895
1764556980,0.13895,0.13904,0.13889,0.1389
1764557040,0.1389,0.13903,0.13888,0.13891
1764557100,0.13891,0.13897,0.13871,0.13871
1764557160,0.13871,0.13873,0.13852,0.1386
1764557220,0.1386,0.13864,0.13838,0.13838
1764557280,0.13838,0.1385,0.13831,0.13841
1764557340,0.13841,0.13844,0.13833,0.13842
1764557400,0.13842,0.13855,0.13836,0.13845
1764557460,0.13845,0.13845,0.13827,0.13837
1764557520,0.13837,0.13839,0.13829,0.13837
1764557580,0.13837,0.13839,0.13831,0.13834
1764557640,0.13834,0.13851,0.13826,0.13848
1764557700,0.13848,0.1385,0.13836,0.1385
1764557760,0.1385,0.13855,0.13839,0.1384
1764557820,0.1384,0.13843,0.13836,0.1384
1764557880,0.1384,0.13851,0.13839,0.13849
1764557940,0.13849,0.1385,0.13836,0.1384
1764558000,0.1384,0.13844,0.13832,0.1384
1764558060,0.1384,0.13844,0.13821,0.13821
1764558120,0.13821,0.13829,0.13816,0.13823
1764558180,0.13823,0.13855,0.13823,0.13837
1764558240,0.13837,0.13848,0.13831,0.13846
1764558300,0.13846,0.1386,0.13841,0.13847
1764558360,0.13847,0.13847,0.13814,0.13823
1764558420,0.13823,0.13824,0.13771,0.13781
1764558480,0.13781,0.13783,0.13756,0.13772
1764558540,0.13772,0.13772,0.13757,0.13762
1764558600,0.13762,0.13788,0.13755,0.13774
1764558660,0.13774,0.13787,0.13768,0.1378
1764558720,0.1378,0.13794,0.13779,0.13793
1764558780,0.13793,0.13797,0.13778,0.13794
1764558840,0.13794,0.13798,0.13784,0.13791
1764558900,0.13791,0.13795,0.13778,0.13785
1764558960,0.13785,0.13786,0.13761,0.13763
1764559020,0.13763,0.13771,0.13752,0.13752
1764559080,0.13752,0.13806,0.13752,0.13791
1764559140,0.13791,0.13791,0.1374,0.13754
1764559200,0.13754,0.13765,0.13745,0.13762
1764559260,0.13762,0.13785,0.1376,0.13773
1764559320,0.13773,0.13792,0.13767,0.13768
1764559380,0.13768,0.13775,0.13765,0.13772
1764559440,0.13772,0.13772,0.13751,0.13767
1764559500,0.13767,0.13783,0.13766,0.13782
1764559560,0.13782,0.13786,0.13769,0.1377
1764559620,0.1377,0.13779,0.13748,0.13751
1764559680,0.13751,0.13762,0.13743,0.13761
1764559740,0.13761,0.13761,0.1375,0.13755
1764559800,0.13755,0.13759,0.13746,0.13751
1764559860,0.13751,0.13753,0.13739,0.13742
1764559920,0.13742,0.13758,0.13742,0.13754
1764559980,0.13754,0.13766,0.13739,0.13754
1764560040,0.13754,0.13758,0.1372,0.13729
1764560100,0.13729,0.1374,0.13722,0.13729
1764560160,0.13729,0.13743,0.13722,0.13736
1764560220,0.13736,0.13749,0.13723,0.13723
1764560280,0.13723,0.13738,0.13722,0.13724
1764560340,0.13724,0.13724,0.13676,0.13705
1764560400,0.13705,0.1373,0.13704,0.1373
1764560460,0.1373,0.1375,0.13724,0.13745
1764560520,0.13745,0.13751,0.13734,0.13749
1764560580,0.13749,0.13762,0.13748,0.13754
1764560640,0.13754,0.1377,0.13754,0.1377
1764560700,0.1377,0.1378,0.13762,0.13766
1764560760,0.13766,0.13767,0.13742,0.13742
1764560820,0.13742,0.13742,0.1373,0.13739
1764560880,0.13739,0.13742,0.13727,0.13734
1764560940,0.13734,0.13741,0.13726,0.13727
1764561000,0.13727,0.1373,0.1372,0.13726
1764561060,0.13726,0.13733,0.13717,0.13725
1764561120,0.13725,0.13745,0.13719,0.13723
1764561180,0.13723,0.13732,0.13719,0.13725
1764561240,0.13725,0.13725,0.1371,0.1371
1764561300,0.1371,0.13714,0.13698,0.13699
1764561360,0.13699,0.13723,0.13699,0.13717
1764561420,0.13717,0.13719,0.1371,0.13718
1764561480,0.13718,0.13725,0.13717,0.13722
1764561540,0.13722,0.13722,0.13702,0.13708
1764561600,0.13708,0.13708,0.13692,0.13699
1764561660,0.13699,0.13703,0.13693,0.13703
1764561720,0.13703,0.13722,0.13703,0.13705
1764561780,0.13705,0.1372,0.13702,0.13718
1764561840,0.13718,0.13731,0.13707,0.13713
1764561900,0.13713,0.1372,0.13707,0.13711
1764561960,0.13711,0.13724,0.13711,0.13718
1764562020,0.13718,0.13737,0.13717,0.13737
1764562080,0.13737,0.13739,0.13717,0.13728
1764562140,0.13728,0.13732,0.13716,0.13716
1764562200,0.13716,0.13738,0.13702,0.13738
1764562260,0.13738,0.13759,0.13731,0.13734
1764562320,0.13734,0.13752,0.13734,0.13747
1764562380,0.13747,0.13747,0.13717,0.13722
1764562440,0.13722,0.13733,0.13713,0.13713
1764562500,0.13713,0.13715,0.1368,0.13707
1764562560,0.13707,0.13712,0.13691,0.13706
1764562620,0.13706,0.1373,0.13706,0.13721
1764562680,0.13721,0.13756,0.13721,0.13751
1764562740,0.13751,0.13752,0.1373,0.1373
1764562800,0.1373,0.13739,0.13717,0.13718
1764562860,0.13718,0.13727,0.13709,0.13724
1764562920,0.13724,0.13724,0.13708,0.1371
1764562980,0.1371,0.1372,0.1371,0.13718
1764563040,0.13718,0.1373,0.13713,0.13725
1764563100,0.13725,0.13725,0.13699,0.13699
1764563160,0.13699,0.13706,0.13687,0.13695
1764563220,0.13695,0.13707,0.13682,0.13691
1764563280,0.13691,0.13697,0.13683,0.13691
1764563340,0.13691,0.13693,0.13682,0.13691
1764563400,0.13691,0.13693,0.13682,0.13692
1764563460,0.13692,0.13704,0.13684,0.13699
1764563520,0.13699,0.13709,0.13687,0.13705
1764563580,0.13705,0.13709,0.13698,0.13708
1764563640,0.13708,0.13728,0.13708,0.13727
1764563700,0.13727,0.13733,0.13715,0.13729
1764563760,0.13729,0.1373,0.13707,0.13708
1764563820,0.13708,0.13708,0.13672,0.13702
1764563880,0.13702,0.13737,0.13698,0.13735
1764563940,0.13735,0.13738,0.13725,0.13735
1764564000,0.13735,0.13749,0.13734,0.13738
1764564060,0.13738,0.13755,0.13731,0.13755
1764564120,0.13755,0.13767,0.1372,0.13725
1764564180,0.13725,0.13733,0.13725,0.13728
1764564240,0.13728,0.13728,0.13717,0.13725
1764564300,0.13725,0.13729,0.13716,0.13724
1764564360,0.13724,0.13729,0.13713,0.13721
1764564420,0.13721,0.13721,0.13701,0.13713
1764564480,0.13713,0.13717,0.13703,0.13712
1764564540,0.13712,0.13712,0.13701,0.13707
1764564600,0.13707,0.1371,0.13705,0.13705
1764564660,0.13705,0.13717,0.13704,0.13717
1764564720,0.13717,0.13717,0.13704,0.1371
1764564780,0.1371,0.13713,0.13678,0.13683
1764564840,0.13683,0.13688,0.13677,0.13678
1764564900,0.13678,0.1369,0.13678,0.13689
1764564960,0.13689,0.13695,0.13685,0.13695
1764565020,0.13695,0.13699,0.13678,0.13681
1764565080,0.13681,0.13685,0.13653,0.1366
1764565140,0.1366,0.13673,0.1366,0.13673
1764565200,0.13673,0.13679,0.13662,0.13678
1764565260,0.13678,0.13717,0.13676,0.13716
1764565320,0.13716,0.13716,0.13684,0.13686
1764565380,0.13686,0.13693,0.13682,0.13686
1764565440,0.13686,0.13691,0.13684,0.1369
1764565500,0.1369,0.1369,0.13673,0.13688
1764565560,0.13688,0.13697,0.13666,0.13669
1764565620,0.13669,0.1368,0.13668,0.13671
1764565680,0.13671,0.13678,0.13658,0.13678
1764565740,0.13678,0.13697,0.13677,0.13696
1764565800,0.13696,0.13717,0.13693,0.13715
1764565860,0.13715,0.13725,0.13711,0.13714
1764565920,0.13714,0.13714,0.13697,0.13704
1764565980,0.13704,0.13711,0.13696,0.13696
1764566040,0.13696,0.13696,0.13687,0.13695
1764566100,0.13695,0.13695,0.13678,0.13684
1764566160,0.13684,0.13693,0.13679,0.13682
1764566220,0.13682,0.137,0.13682,0.13692
1764566280,0.13692,0.13692,0.13678,0.13679
1764566340,0.13679,0.13679,0.13669,0.13671
1764566400,0.13671,0.13677,0.13659,0.13662
1764566460,0.13662,0.13668,0.13657,0.13662
1764566520,0.13662,0.13685,0.13661,0.13685
1764566580,0.13685,0.13685,0.13675,0.1368
1764566640,0.1368,0.13701,0.1368,0.13695
1764566700,0.13695,0.1371,0.13688,0.13704
1764566760,0.13704,0.13705,0.13694,0.13698
1764566820,0.13698,0.1371,0.13698,0.13709
1764566880,0.13709,0.13719,0.13708,0.13719
1764566940,0.13719,0.13722,0.13717,0.13717
1764567000,0.13717,0.13717,0.13693,0.13696
1764567060,0.13696,0.13696,0.13688,0.13692
1764567120,0.13692,0.13705,0.13691,0.13705
1764567180,0.13705,0.13707,0.13696,0.13701
1764567240,0.13701,0.13709,0.13699,0.13703
1764567300,0.13703,0.13707,0.1369,0.13697
1764567360,0.13697,0.13701,0.13682,0.13682
1764567420,0.13682,0.13684,0.13673,0.13675
1764567480,0.13675,0.1368,0.13662,0.13664
1764567540,0.13664,0.1367,0.13662,0.13668
1764567600,0.13668,0.13678,0.13664,0.13674
1764567660,0.13674,0.13681,0.13672,0.13674
1764567720,0.13674,0.1369,0.13674,0.1369
1764567780,0.1369,0.13699,0.1369,0.13694
1764567840,0.13694,0.13694,0.13678,0.13684
1764567900,0.13684,0.13707,0.13681,0.13704
1764567960,0.13704,0.13716,0.137,0.13712
1764568020,0.13712,0.13718,0.13699,0.13717
1764568080,0.13717,0.1372,0.13701,0.13709
1764568140,0.13709,0.1372,0.13709,0.13715
1764568200,0.13715,0.13716,0.13702,0.13712
1764568260,0.13712,0.13718,0.13707,0.13718
1764568320,0.13718,0.1372,0.13714,0.13714
1764568380,0.13714,0.1372,0.13713,0.1372
1764568440,0.1372,0.1372,0.13699,0.13701
1764568500,0.13701,0.13706,0.13694,0.13697
1764568560,0.13697,0.13701,0.13695,0.13696
1764568620,0.13696,0.13698,0.13693,0.13698
1764568680,0.13698,0.13702,0.13694,0.13699
1764568740,0.13699,0.13705,0.13699,0.13703
1764568800,0.13703,0.13708,0.13697,0.13708
1764568860,0.13708,0.13739,0.13708,0.13734
1764568920,0.13734,0.13742,0.13731,0.13735
1764568980,0.13735,0.13741,0.13709,0.13715
1764569040,0.13715,0.1372,0.1371,0.1371
1764569100,0.1371,0.1371,0.13684,0.1369
1764569160,0.1369,0.137,0.13689,0.137
1764569220,0.137,0.13707,0.13696,0.13698
1764569280,0.13698,0.13705,0.13695,0.13703
1764569340,0.13703,0.13703,0.13697,0.13698
1764569400,0.13698,0.13701,0.13695,0.13698
1764569460,0.13698,0.13709,0.13695,0.13706
1764569520,0.13706,0.13707,0.13695,0.13695
1764569580,0.13695,0.13707,0.13693,0.13704
1764569640,0.13704,0.13711,0.13703,0.1371
1764569700,0.1371,0.13714,0.13699,0.13712
1764569760,0.13712,0.13712,0.13694,0.13699
1764569820,0.13699,0.1371,0.13694,0.13694
1764569880,0.13694,0.13698,0.13692,0.13698
1764569940,0.13698,0.13698,0.13679,0.13683
1764570000,0.13683,0.13683,0.13673,0.13677
1764570060,0.13677,0.13677,0.13667,0.13667
1764570120,0.13667,0.13674,0.13667,0.13674
1764570180,0.13674,0.13689,0.13671,0.13673
1764570240,0.13673,0.13683,0.1367,0.13679
1764570300,0.13679,0.13686,0.13672,0.13685
1764570360,0.13685,0.13685,0.13672,0.13672
1764570420,0.13672,0.13677,0.13667,0.1367
1764570480,0.1367,0.1367,0.13665,0.13667
1764570540,0.13667,0.13673,0.13665,0.13671
1764570600,0.13671,0.13672,0.13665,0.13669
1764570660,0.13669,0.13672,0.13662,0.13662
1764570720,0.13662,0.13676,0.13656,0.13671
1764570780,0.13671,0.1368,0.13663,0.13668
1764570840,0.13668,0.13677,0.13666,0.13674
1764570900,0.13674,0.13674,0.13665,0.13671
1764570960,0.13671,0.13674,0.13669,0.13674
1764571020,0.13674,0.13696,0.13674,0.13692
1764571080,0.13692,0.13714,0.13692,0.13706
1764571140,0.13706,0.13716,0.13706,0.1371
1764571200,0.1371,0.13711,0.13694,0.13706
1764571260,0.13706,0.13709,0.13692,0.13701
1764571320,0.13701,0.13704,0.137,0.137
1764571380,0.137,0.13703,0.13696,0.13703
1764571440,0.13703,0.13712,0.13703,0.13707
1764571500,0.13707,0.13714,0.13703,0.13714
1764571560,0.13714,0.13714,0.13706,0.13712
1764571620,0.13712,0.1372,0.13709,0.13719
1764571680,0.13719,0.13724,0.13704,0.13704
1764571740,0.13704,0.13708,0.13696,0.13708
1764571800,0.13708,0.13709,0.13691,0.13691
1764571860,0.13691,0.13694,0.13678,0.13681
1764571920,0.13681,0.13687,0.13675,0.13687
1764571980,0.13687,0.1369,0.1368,0.13687
1764572040,0.13687,0.1369,0.13681,0.13687
1764572100,0.13687,0.13702,0.13687,0.13702
1764572160,0.13702,0.1371,0.137,0.137
1764572220,0.137,0.13709,0.13699,0.13705
1764572280,0.13705,0.13712,0.13694,0.13696
1764572340,0.13696,0.13696,0.1369,0.13692
1764572400,0.13692,0.13697,0.13692,0.13693
1764572460,0.13693,0.13693,0.13683,0.13684
1764572520,0.13684,0.13697,0.13683,0.13695
1764572580,0.13695,0.13695,0.13681,0.13691
1764572640,0.13691,0.137,0.13683,0.13683
1764572700,0.13683,0.13687,0.13677,0.1368
1764572760,0.1368,0.13681,0.13671,0.13673
1764572820,0.13673,0.1368,0.1367,0.1368
1764572880,0.1368,0.13683,0.1367,0.1367
1764572940,0.1367,0.13685,0.13669,0.13685
1764573000,0.13685,0.13697,0.13681,0.13684
1764573060,0.13684,0.1369,0.13677,0.13679
1764573120,0.13679,0.13679,0.13675,0.13675
1764573180,0.13675,0.13682,0.13671,0.13682
1764573240,0.13682,0.13687,0.13676,0.13676
1764573300,0.13676,0.13676,0.13668,0.13668
1764573360,0.13668,0.13682,0.13667,0.13672
1764573420,0.13672,0.13685,0.13672,0.1368
1764573480,0.1368,0.1368,0.13668,0.13672
1764573540,0.13672,0.13676,0.13667,0.13673
1764573600,0.13673,0.13674,0.13663,0.1367
1764573660,0.1367,0.13678,0.13666,0.13675
1764573720,0.13675,0.13675,0.13656,0.13661
1764573780,0.13661,0.13661,0.13646,0.13656
1764573840,0.13656,0.13673,0.13656,0.13666
1764573900,0.13666,0.13686,0.13666,0.13677
1764573960,0.13677,0.13691,0.13677,0.13688
1764574020,0.13688,0.13709,0.13683,0.13707
1764574080,0.13707,0.13708,0.137,0.13706
1764574140,0.13706,0.13709,0.13701,0.13702
1764574200,0.13702,0.13703,0.1369,0.13691
1764574260,0.13691,0.13698,0.13685,0.13694
1764574320,0.13694,0.13706,0.13688,0.13703
1764574380,0.13703,0.13717,0.13702,0.13717
1764574440,0.13717,0.13725,0.13714,0.1372
1764574500,0.1372,0.13721,0.13713,0.13713
1764574560,0.13713,0.13723,0.13712,0.13723
1764574620,0.13723,0.13731,0.13722,0.13731
1764574680,0.13731,0.13767,0.13728,0.13752
1764574740,0.13752,0.13752,0.1373,0.13732
1764574800,0.13732,0.13732,0.13719,0.13723
1764574860,0.13723,0.13746,0.13722,0.13738
1764574920,0.13738,0.13742,0.13737,0.13739
1764574980,0.13739,0.1375,0.13738,0.13739
1764575040,0.13739,0.13767,0.13738,0.13755
1764575100,0.13755,0.13761,0.13746,0.13756
1764575160,0.13756,0.13762,0.13751,0.13755
1764575220,0.13755,0.13757,0.13747,0.13748
1764575280,0.13748,0.13753,0.13741,0.13743
1764575340,0.13743,0.13752,0.13738,0.13752
1764575400,0.13752,0.13754,0.13737,0.13737
1764575460,0.13737,0.13752,0.13735,0.13749
1764575520,0.13749,0.13757,0.13749,0.13756
1764575580,0.13756,0.13763,0.13745,0.13745
1764575640,0.13745,0.13745,0.13728,0.1374
1764575700,0.1374,0.13755,0.13739,0.13749
1764575760,0.13749,0.13765,0.13746,0.13765
1764575820,0.13765,0.13769,0.13758,0.1376
1764575880,0.1376,0.13766,0.13758,0.13759
1764575940,0.13759,0.13772,0.13754,0.13766
1764576000,0.13766,0.13768,0.13757,0.1376
1764576060,0.1376,0.13762,0.13752,0.13757
1764576120,0.13757,0.1377,0.13754,0.13758
1764576180,0.13758,0.13763,0.13747,0.1375
1764576240,0.1375,0.13754,0.1374,0.13741
1764576300,0.13741,0.13752,0.13738,0.13748
1764576360,0.13748,0.13768,0.13748,0.13763
1764576420,0.13763,0.13795,0.13763,0.13789
1764576480,0.13789,0.13796,0.13781,0.13795
1764576540,0.13795,0.13797,0.1378,0.13784
1764576600,0.13784,0.13784,0.1377,0.13773
1764576660,0.13773,0.13773,0.13752,0.13752
1764576720,0.13752,0.13755,0.13747,0.13755
1764576780,0.13755,0.13762,0.13754,0.13759
1764576840,0.13759,0.13762,0.13752,0.13753
1764576900,0.13753,0.13759,0.13749,0.13751
1764576960,0.13751,0.1376,0.13748,0.13759
1764577020,0.13759,0.13774,0.13754,0.13766
1764577080,0.13766,0.13766,0.13748,0.13756
1764577140,0.13756,0.13764,0.13756,0.13763
1764577200,0.13763,0.13773,0.13763,0.13768
1764577260,0.13768,0.13768,0.13758,0.13765
1764577320,0.13765,0.13772,0.13759,0.1376
1764577380,0.1376,0.1376,0.13748,0.13755
1764577440,0.13755,0.13757,0.13747,0.13747
1764577500,0.13747,0.13751,0.13747,0.1375
1764577560,0.1375,0.13752,0.13749,0.13752
1764577620,0.13752,0.13765,0.13752,0.13756
1764577680,0.13756,0.13759,0.13751,0.13759
1764577740,0.13759,0.13777,0.13759,0.13777
1764577800,0.13777,0.1378,0.13763,0.13765
1764577860,0.13765,0.13766,0.13756,0.13766
1764577920,0.13766,0.13766,0.13751,0.13751
1764577980,0.13751,0.13751,0.13741,0.13744
1764578040,0.13744,0.13763,0.13744,0.13762
1764578100,0.13762,0.13779,0.13762,0.13779
1764578160,0.13779,0.13793,0.13779,0.1378
1764578220,0.1378,0.13782,0.13765,0.13768
1764578280,0.13768,0.13783,0.13768,0.13779
1764578340,0.13779,0.13782,0.1377,0.13776
1764578400,0.13776,0.13786,0.13776,0.13782
1764578460,0.13782,0.13784,0.13775,0.13779
1764578520,0.13779,0.13784,0.13778,0.13783
1764578580,0.13783,0.1379,0.13777,0.1379
1764578640,0.1379,0.13798,0.13789,0.13792
1764578700,0.13792,0.13798,0.13789,0.13798
1764578760,0.13798,0.13802,0.13792,0.13802
1764578820,0.13802,0.1381,0.138,0.13802
1764578880,0.13802,0.1381,0.13797,0.13805
1764578940,0.13805,0.13813,0.13803,0.13809
1764579000,0.13809,0.13809,0.13802,0.13805
1764579060,0.13805,0.13814,0.13804,0.13813
1764579120,0.13813,0.13814,0.13805,0.13806
1764579180,0.13806,0.13813,0.13805,0.13809
1764579240,0.13809,0.13811,0.13801,0.13801
1764579300,0.13801,0.13813,0.138,0.13813
1764579360,0.13813,0.13815,0.1381,0.13812
1764579420,0.13812,0.13815,0.13808,0.13808
1764579480,0.13808,0.13812,0.13793,0.13802
1764579540,0.13802,0.13811,0.13799,0.13805
1764579600,0.13805,0.13805,0.13784,0.13792
1764579660,0.13792,0.13827,0.13792,0.13825
1764579720,0.13825,0.13839,0.13808,0.13809
1764579780,0.13809,0.13819,0.13807,0.13816
1764579840,0.13816,0.1382,0.13778,0.1378
1764579900,0.1378,0.13808,0.13777,0.13797
1764579960,0.13797,0.13798,0.13775,0.13782
1764580020,0.13782,0.13791,0.13779,0.1379
1764580080,0.1379,0.13791,0.13782,0.13786
1764580140,0.13786,0.13786,0.13765,0.13767
1764580200,0.13767,0.13767,0.13751,0.13754
1764580260,0.13754,0.13759,0.13739,0.13741
1764580320,0.13741,0.13747,0.13739,0.13744
1764580380,0.13744,0.13744,0.13719,0.1373
1764580440,0.1373,0.13736,0.13729,0.13736
1764580500,0.13736,0.13739,0.13731,0.13731
1764580560,0.13731,0.13733,0.13714,0.13733
1764580620,0.13733,0.13737,0.1372,0.13725
1764580680,0.13725,0.13727,0.13713,0.13723
1764580740,0.13723,0.13724,0.13703,0.13716
1764580800,0.13716,0.13719,0.13705,0.13708
1764580860,0.13708,0.13718,0.13708,0.13714
1764580920,0.13714,0.13724,0.13714,0.13722
1764580980,0.13722,0.13722,0.1371,0.13719
1764581040,0.13719,0.13719,0.1371,0.1371
1764581100,0.1371,0.1371,0.137,0.13708
1764581160,0.13708,0.13708,0.13693,0.13693
1764581220,0.13693,0.13707,0.13691,0.13706
1764581280,0.13706,0.13717,0.13703,0.13712
1764581340,0.13712,0.13714,0.13704,0.1371
1764581400,0.1371,0.13711,0.13705,0.13708
1764581460,0.13708,0.13712,0.13705,0.13708
1764581520,0.13708,0.13719,0.13708,0.13719
1764581580,0.13719,0.1372,0.13708,0.13713
1764581640,0.13713,0.13717,0.13713,0.13716
1764581700,0.13716,0.13716,0.13709,0.13713
1764581760,0.13713,0.13721,0.13711,0.13718
1764581820,0.13718,0.13718,0.13712,0.13715
1764581880,0.13715,0.13718,0.13706,0.13706
1764581940,0.13706,0.13711,0.13701,0.13707
1764582000,0.13707,0.13719,0.13707,0.13716
1764582060,0.13716,0.13719,0.13714,0.13719
1764582120,0.13719,0.13724,0.13716,0.1372
1764582180,0.1372,0.13723,0.13719,0.13723
1764582240,0.13723,0.13734,0.13723,0.13731
1764582300,0.13731,0.13736,0.13727,0.13733
1764582360,0.13733,0.13734,0.13711,0.13711
1764582420,0.13711,0.13728,0.13707,0.13717
1764582480,0.13717,0.13717,0.13704,0.13705
1764582540,0.13705,0.13705,0.13699,0.13699
1764582600,0.13699,0.13706,0.13698,0.13701
1764582660,0.13701,0.13711,0.137,0.1371
1764582720,0.1371,0.1371,0.13698,0.13703
1764582780,0.13703,0.13705,0.13698,0.137
1764582840,0.137,0.13703,0.13698,0.13698
1764582900,0.13698,0.13699,0.13693,0.13696
1764582960,0.13696,0.13699,0.13693,0.13698
1764583020,0.13698,0.137,0.13694,0.13697
1764583080,0.13697,0.13698,0.13694,0.13697
1764583140,0.13697,0.13705,0.13697,0.13702
1764583200,0.13702,0.13711,0.13702,0.1371
1764583260,0.1371,0.13715,0.1371,0.13714
1764583320,0.13714,0.13725,0.13714,0.13722
1764583380,0.13722,0.13731,0.13718,0.13726
1764583440,0.13726,0.13726,0.13721,0.13724
1764583500,0.13724,0.13732,0.13722,0.13731
1764583560,0.13731,0.13739,0.13731,0.13731
1764583620,0.13731,0.13739,0.1373,0.13739
1764583680,0.13739,0.13749,0.13739,0.13748
1764583740,0.13748,0.13748,0.13732,0.13736
1764583800,0.13736,0.13739,0.13734,0.13737
1764583860,0.13737,0.1374,0.13731,0.13731
1764583920,0.13731,0.13734,0.13731,0.13734
1764583980,0.13734,0.13734,0.13731,0.13732
1764584040,0.13732,0.13735,0.13726,0.13726
1764584100,0.13726,0.13733,0.13726,0.13733
1764584160,0.13733,0.13734,0.13731,0.13731
1764584220,0.13731,0.13739,0.1373,0.13739
1764584280,0.13739,0.13739,0.13729,0.13731
1764584340,0.13731,0.13734,0.1373,0.13733
1764584400,0.13733,0.13733,0.13728,0.13728
1764584460,0.13728,0.13728,0.1372,0.13723
1764584520,0.13723,0.13725,0.13719,0.13723
1764584580,0.13723,0.13726,0.13722,0.13722
1764584640,0.13722,0.13723,0.1372,0.13723
1764584700,0.13723,0.13725,0.13721,0.13723
1764584760,0.13723,0.13724,0.13718,0.13719
1764584820,0.13719,0.1372,0.13717,0.13717
1764584880,0.13717,0.13717,0.13713,0.13716
1764584940,0.13716,0.1372,0.13715,0.13716
1764585000,0.13716,0.13716,0.13709,0.13714
1764585060,0.13714,0.13719,0.13714,0.13718
1764585120,0.13718,0.13725,0.13718,0.13724
1764585180,0.13724,0.13725,0.13711,0.13711
1764585240,0.13711,0.13712,0.13706,0.13712
1764585300,0.13712,0.13715,0.1371,0.13714
1764585360,0.13714,0.13718,0.13714,0.13715
1764585420,0.13715,0.13716,0.13711,0.13716
1764585480,0.13716,0.13717,0.13715,0.13717
1764585540,0.13717,0.13717,0.13709,0.13714
1764585600,0.13714,0.13716,0.13711,0.13714
1764585660,0.13714,0.13714,0.13708,0.13714
1764585720,0.13714,0.13714,0.13711,0.13712
1764585780,0.13712,0.13712,0.13705,0.13705
1764585840,0.13705,0.13707,0.13704,0.13707
1764585900,0.13707,0.13711,0.13701,0.13701
1764585960,0.13701,0.13711,0.13701,0.1371
1764586020,0.1371,0.13714,0.13708,0.13712
1764586080,0.13712,0.13712,0.13703,0.13703
1764586140,0.13703,0.13706,0.137,0.13706
1764586200,0.13706,0.1371,0.13704,0.1371
1764586260,0.1371,0.1371,0.13708,0.13708
1764586320,0.13708,0.13708,0.13704,0.13704
1764586380,0.13704,0.13714,0.13704,0.13714
1764586440,0.13714,0.13719,0.13713,0.13714
1764586500,0.13714,0.13717,0.13709,0.13714
1764586560,0.13714,0.13714,0.13708,0.13708
1764586620,0.13708,0.13711,0.13708,0.1371
1764586680,0.1371,0.13715,0.1371,0.13715
1764586740,0.13715,0.13722,0.13715,0.1372
1764586800,0.1372,0.1372,0.13709,0.13709
1764586860,0.13709,0.13724,0.13709,0.13721
1764586920,0.13721,0.13723,0.13714,0.13714
1764586980,0.13714,0.13714,0.13706,0.13712
1764587040,0.13712,0.13712,0.13686,0.13686
1764587100,0.13686,0.13687,0.13681,0.13681
1764587160,0.13681,0.13687,0.1367,0.13678
1764587220,0.13678,0.1368,0.13677,0.13677
1764587280,0.13677,0.13678,0.13673,0.13677
1764587340,0.13677,0.13677,0.13671,0.13677
1764587400,0.13677,0.1368,0.13674,0.13674
1764587460,0.13674,0.13674,0.1366,0.13661
1764587520,0.13661,0.13667,0.13655,0.13667
1764587580,0.13667,0.13667,0.13661,0.13661
1764587640,0.13661,0.13667,0.13661,0.13665
1764587700,0.13665,0.13671,0.13665,0.1367
1764587760,0.1367,0.13685,0.13667,0.13685
1764587820,0.13685,0.13686,0.13667,0.13669
1764587880,0.13669,0.13672,0.13668,0.13669
1764587940,0.13669,0.13681,0.13668,0.1368
1764588000,0.1368,0.13685,0.13673,0.13675
1764588060,0.13675,0.13688,0.13675,0.13684
1764588120,0.13684,0.13684,0.13676,0.13677
1764588180,0.13677,0.13687,0.13676,0.13686
1764588240,0.13686,0.13688,0.13679,0.13685
1764588300,0.13685,0.13705,0.13685,0.13698
1764588360,0.13698,0.13699,0.13682,0.13686
1764588420,0.13686,0.13686,0.1368,0.13683
1764588480,0.13683,0.13687,0.1368,0.13686
1764588540,0.13686,0.13689,0.13682,0.13683
1764588600,0.13683,0.13687,0.13662,0.13664
1764588660,0.13664,0.13664,0.13656,0.13661
1764588720,0.13661,0.13665,0.13655,0.13656
1764588780,0.13656,0.13659,0.13651,0.13659
1764588840,0.13659,0.13661,0.13654,0.13656
1764588900,0.13656,0.13661,0.13654,0.13661
1764588960,0.13661,0.13669,0.13659,0.13668
1764589020,0.13668,0.13673,0.13665,0.13665
1764589080,0.13665,0.13665,0.13653,0.13664
1764589140,0.13664,0.13665,0.13656,0.13664
1764589200,0.13664,0.13668,0.1366,0.13665
1764589260,0.13665,0.13668,0.13654,0.13657
1764589320,0.13657,0.13685,0.13657,0.13681
1764589380,0.13681,0.13692,0.13676,0.13676
1764589440,0.13676,0.13679,0.13667,0.13676
1764589500,0.13676,0.13681,0.13671,0.13681
1764589560,0.13681,0.13685,0.13679,0.13684
1764589620,0.13684,0.13684,0.13674,0.13677
1764589680,0.13677,0.13685,0.13676,0.13685
1764589740,0.13685,0.13693,0.13684,0.13687
1764589800,0.13687,0.13693,0.13685,0.13693
1764589860,0.13693,0.13695,0.1368,0.13681
1764589920,0.13681,0.13686,0.1368,0.13685
1764589980,0.13685,0.13696,0.13685,0.13691
1764590040,0.13691,0.13693,0.13683,0.13691
1764590100,0.13691,0.13691,0.13683,0.13684
1764590160,0.13684,0.13689,0.13684,0.13686
1764590220,0.13686,0.13689,0.13682,0.13683
1764590280,0.13683,0.1369,0.1368,0.13685
1764590340,0.13685,0.13698,0.13685,0.13698
1764590400,0.13698,0.137,0.13692,0.13699
1764590460,0.13699,0.137,0.13692,0.13692
1764590520,0.13692,0.13695,0.13671,0.13671
1764590580,0.13671,0.13676,0.13667,0.13675
1764590640,0.13675,0.13689,0.13675,0.1368
1764590700,0.1368,0.1368,0.13626,0.13662
1764590760,0.13662,0.13666,0.13654,0.13658
1764590820,0.13658,0.13661,0.13649,0.13651
1764590880,0.13651,0.13662,0.13645,0.13654
1764590940,0.13654,0.13666,0.13654,0.1366
1764591000,0.1366,0.13666,0.13646,0.13654
1764591060,0.13654,0.13654,0.13633,0.13644
1764591120,0.13644,0.13644,0.13634,0.13641
1764591180,0.13641,0.13653,0.13641,0.13646
1764591240,0.13646,0.13651,0.1364,0.1365
1764591300,0.1365,0.13662,0.1365,0.13659
1764591360,0.13659,0.13661,0.13653,0.13659
1764591420,0.13659,0.1366,0.13646,0.13649
1764591480,0.13649,0.13651,0.13637,0.13643
1764591540,0.13643,0.13654,0.13643,0.13651
1764591600,0.13651,0.13651,0.13643,0.13647
1764591660,0.13647,0.13672,0.13647,0.1366
1764591720,0.1366,0.13663,0.13654,0.13661
1764591780,0.13661,0.13672,0.13661,0.13664
1764591840,0.13664,0.13666,0.13659,0.13666
1764591900,0.13666,0.13666,0.1366,0.13663
1764591960,0.13663,0.13664,0.13649,0.13649
1764592020,0.13649,0.13651,0.1364,0.1364
1764592080,0.1364,0.13644,0.13638,0.13641
1764592140,0.13641,0.13641,0.13631,0.13641
1764592200,0.13641,0.13642,0.13636,0.13636
1764592260,0.13636,0.13637,0.1362,0.13622
1764592320,0.13622,0.13633,0.1362,0.13626
1764592380,0.13626,0.13627,0.13608,0.1361
1764592440,0.1361,0.13619,0.1361,0.13611
1764592500,0.13611,0.13621,0.1361,0.13621
1764592560,0.13621,0.13641,0.13621,0.13638
1764592620,0.13638,0.13638,0.13619,0.13619
1764592680,0.13619,0.13626,0.13617,0.13622
1764592740,0.13622,0.13623,0.13602,0.13613
1764592800,0.13613,0.13613,0.13562,0.13574
1764592860,0.13574,0.13586,0.13572,0.13581
1764592920,0.13581,0.13589,0.13553,0.13563
1764592980,0.13563,0.13563,0.13547,0.13563
1764593040,0.13563,0.13574,0.13563,0.13568
1764593100,0.13568,0.13577,0.13567,0.13572
1764593160,0.13572,0.13573,0.13536,0.1354
1764593220,0.1354,0.13548,0.13525,0.13533
1764593280,0.13533,0.13535,0.13472,0.13473
1764593340,0.13473,0.1348,0.13418,0.1345
1764593400,0.1345,0.13512,0.13434,0.13505
1764593460,0.13505,0.13594,0.13504,0.13567
1764593520,0.13567,0.13592,0.13566,0.1358
1764593580,0.1358,0.13612,0.13576,0.13603
1764593640,0.13603,0.13625,0.13584,0.13595
1764593700,0.13595,0.13595,0.13576,0.13576
1764593760,0.13576,0.1359,0.13569,0.13578
1764593820,0.13578,0.13621,0.13578,0.13614
1764593880,0.13614,0.13625,0.13611,0.13622
1764593940,0.13622,0.13629,0.13601,0.13603
1764594000,0.13603,0.13606,0.13587,0.13587
1764594060,0.13587,0.13626,0.13574,0.13597
1764594120,0.13597,0.13647,0.13589,0.13638
1764594180,0.13638,0.13674,0.13622,0.1366
1764594240,0.1366,0.13674,0.13618,0.13621
1764594300,0.13621,0.13634,0.13614,0.13615
1764594360,0.13615,0.13615,0.13577,0.13581
1764594420,0.13581,0.13607,0.13581,0.13605
1764594480,0.13605,0.13618,0.136,0.13605
1764594540,0.13605,0.13624,0.13597,0.13618
1764594600,0.13618,0.13618,0.13592,0.13593
1764594660,0.13593,0.13604,0.13576,0.13576
1764594720,0.13576,0.13595,0.13575,0.13591
1764594780,0.13591,0.13601,0.13578,0.13588
1764594840,0.13588,0.13598,0.13588,0.13598
1764594900,0.13598,0.13604,0.13595,0.13601
1764594960,0.13601,0.13601,0.1358,0.13598
1764595020,0.13598,0.13599,0.13567,0.13589
1764595080,0.13589,0.13591,0.13571,0.13571
1764595140,0.13571,0.13571,0.13552,0.13568
1764595200,0.13568,0.13585,0.13567,0.13585
1764595260,0.13585,0.13588,0.13561,0.13562
1764595320,0.13562,0.13582,0.13562,0.1358
1764595380,0.1358,0.13588,0.13574,0.13584
1764595440,0.13584,0.13587,0.13565,0.13569
1764595500,0.13569,0.13576,0.1356,0.13561
1764595560,0.13561,0.13579,0.13554,0.13579
1764595620,0.13579,0.1358,0.13564,0.13564
1764595680,0.13564,0.13566,0.1356,0.13564
1764595740,0.13564,0.13566,0.13563,0.13563
1764595800,0.13563,0.13565,0.13548,0.13554
1764595860,0.13554,0.13559,0.13539,0.13539
1764595920,0.13539,0.1354,0.1351,0.13514
1764595980,0.13514,0.13525,0.13512,0.13521
1764596040,0.13521,0.13531,0.13506,0.1351
1764596100,0.1351,0.13519,0.13494,0.13519
1764596160,0.13519,0.13535,0.13518,0.13526
1764596220,0.13526,0.13532,0.13517,0.13517
1764596280,0.13517,0.13522,0.1351,0.13517
1764596340,0.13517,0.13521,0.13507,0.13507
1764596400,0.13507,0.13509,0.13496,0.13502
1764596460,0.13502,0.13517,0.13502,0.13517
1764596520,0.13517,0.13522,0.13501,0.13506
1764596580,0.13506,0.13511,0.13503,0.13506
1764596640,0.13506,0.13519,0.13501,0.13505
1764596700,0.13505,0.13511,0.13501,0.13507
1764596760,0.13507,0.13513,0.13495,0.13507
1764596820,0.13507,0.13507,0.1349,0.13496
1764596880,0.13496,0.13497,0.13481,0.13485
1764596940,0.13485,0.13489,0.13475,0.13484
1764597000,0.13484,0.13489,0.13468,0.13488
1764597060,0.13488,0.13517,0.13477,0.13514
1764597120,0.13514,0.13523,0.13506,0.13509
1764597180,0.13509,0.13538,0.13509,0.13533
1764597240,0.13533,0.13537,0.13524,0.13534
1764597300,0.13534,0.13534,0.13502,0.13507
1764597360,0.13507,0.13522,0.13507,0.13514
1764597420,0.13514,0.13519,0.13513,0.13517
1764597480,0.13517,0.13534,0.13517,0.13526
1764597540,0.13526,0.13527,0.13513,0.13516
1764597600,0.13516,0.1352,0.13511,0.13514
1764597660,0.13514,0.13527,0.13514,0.13527
1764597720,0.13527,0.1353,0.13511,0.1353
1764597780,0.1353,0.13544,0.13525,0.13525
1764597840,0.13525,0.13561,0.13525,0.13558
1764597900,0.13558,0.13559,0.13514,0.13514
1764597960,0.13514,0.13534,0.13514,0.1352
1764598020,0.1352,0.13523,0.13491,0.13492
1764598080,0.13492,0.13509,0.13492,0.13505
1764598140,0.13505,0.13534,0.13505,0.13533
1764598200,0.13533,0.13548,0.13527,0.13546
1764598260,0.13546,0.13546,0.13518,0.13523
1764598320,0.13523,0.13547,0.13523,0.13543
1764598380,0.13543,0.13545,0.13529,0.13532
1764598440,0.13532,0.13532,0.13517,0.13524
1764598500,0.13524,0.13527,0.135,0.13507
1764598560,0.13507,0.1351,0.13487,0.13495
1764598620,0.13495,0.13495,0.13482,0.13486
1764598680,0.13486,0.13499,0.13485,0.13497
1764598740,0.13497,0.13512,0.1349,0.13512
1764598800,0.13512,0.13522,0.13509,0.13513
1764598860,0.13513,0.13513,0.13503,0.13506
1764598920,0.13506,0.13528,0.13503,0.13524
1764598980,0.13524,0.13524,0.1351,0.1351
1764599040,0.1351,0.13514,0.13507,0.13511
1764599100,0.13511,0.13518,0.13501,0.13517
1764599160,0.13517,0.13518,0.13505,0.13513
1764599220,0.13513,0.13519,0.13505,0.13519
1764599280,0.13519,0.13533,0.13518,0.1353
1764599340,0.1353,0.13533,0.13522,0.13533
1764599400,0.13533,0.1354,0.13514,0.1354
1764599460,0.1354,0.13542,0.13483,0.13483
1764599520,0.13483,0.13518,0.13472,0.13515
1764599580,0.13515,0.13535,0.13499,0.13531
1764599640,0.13531,0.1355,0.13522,0.13544
1764599700,0.13544,0.13574,0.13544,0.13561
1764599760,0.13561,0.13609,0.13557,0.13606
1764599820,0.13606,0.13625,0.13603,0.13612
1764599880,0.13612,0.13615,0.13591,0.13591
1764599940,0.13591,0.13591,0.13567,0.13571
1764600000,0.13571,0.13576,0.1356,0.1356
1764600060,0.1356,0.1356,0.13515,0.13546
1764600120,0.13546,0.13546,0.13527,0.13541
1764600180,0.13541,0.13549,0.13511,0.13512
1764600240,0.13512,0.13521,0.13508,0.1351
1764600300,0.1351,0.1351,0.13484,0.13509
1764600360,0.13509,0.13548,0.13509,0.13541
1764600420,0.13541,0.1355,0.13531,0.13531
1764600480,0.13531,0.13533,0.13487,0.13487
1764600540,0.13487,0.13501,0.13478,0.13481
1764600600,0.13481,0.13494,0.13465,0.13488
1764600660,0.13488,0.135,0.13485,0.135
1764600720,0.135,0.1351,0.1349,0.13505
1764600780,0.13505,0.13507,0.13478,0.13478
1764600840,0.13478,0.1349,0.13469,0.13481
1764600900,0.13481,0.13512,0.13481,0.13512
1764600960,0.13512,0.13538,0.13512,0.13534
1764601020,0.13534,0.13534,0.13518,0.13519
1764601080,0.13519,0.13524,0.13512,0.13513
1764601140,0.13513,0.13514,0.13494,0.13496
1764601200,0.13496,0.13511,0.13487,0.13505
1764601260,0.13505,0.13514,0.13494,0.13503
1764601320,0.13503,0.13512,0.13491,0.13504
1764601380,0.13504,0.13507,0.13487,0.13487
1764601440,0.13487,0.13489,0.13471,0.13474
1764601500,0.13474,0.13485,0.13465,0.13479
1764601560,0.13479,0.13483,0.13473,0.13478
1764601620,0.13478,0.13487,0.13478,0.13479
1764601680,0.13479,0.13493,0.13477,0.13483
1764601740,0.13483,0.13485,0.13471,0.13477
1764601800,0.13477,0.13486,0.13468,0.13481
1764601860,0.13481,0.13493,0.13475,0.13479
1764601920,0.13479,0.13489,0.13472,0.13489
1764601980,0.13489,0.135,0.13484,0.1349
1764602040,0.1349,0.1349,0.13422,0.13427
1764602100,0.13427,0.13448,0.13369,0.13372
1764602160,0.13372,0.13467,0.1337,0.13455
1764602220,0.13455,0.13464,0.13444,0.13461
1764602280,0.13461,0.13464,0.13451,0.13456
1764602340,0.13456,0.1347,0.13449,0.13457
1764602400,0.13457,0.13467,0.13442,0.13454
1764602460,0.13454,0.13457,0.13434,0.13451
1764602520,0.13451,0.13463,0.13439,0.13443
1764602580,0.13443,0.13451,0.13426,0.13434
1764602640,0.13434,0.1345,0.13418,0.13421
1764602700,0.13421,0.13427,0.13384,0.13396
1764602760,0.13396,0.134,0.13374,0.1339
1764602820,0.1339,0.13396,0.13371,0.13379
1764602880,0.13379,0.13395,0.13362,0.13364
1764602940,0.13364,0.13373,0.13356,0.13365
1764603000,0.13365,0.13368,0.13345,0.13351
1764603060,0.13351,0.13372,0.13346,0.13346
1764603120,0.13346,0.13373,0.13324,0.13363
1764603180,0.13363,0.13372,0.13339,0.1334
1764603240,0.1334,0.13345,0.13166,0.1323
1764603300,0.1323,0.13288,0.1321,0.13274
1764603360,0.13274,0.13325,0.13267,0.133
1764603420,0.133,0.13309,0.13279,0.13283
1764603480,0.13283,0.1332,0.13283,0.13298
1764603540,0.13298,0.13318,0.13287,0.13291
1764603600,0.13291,0.13304,0.13281,0.13294
1764603660,0.13294,0.13312,0.1328,0.13304
1764603720,0.13304,0.1331,0.13281,0.13281
1764603780,0.13281,0.13294,0.13247,0.13267
1764603840,0.13267,0.13273,0.13229,0.13237
1764603900,0.13237,0.1325,0.13186,0.13242
1764603960,0.13242,0.13274,0.13234,0.13253
1764604020,0.13253,0.13275,0.13227,0.13275
1764604080,0.13275,0.13307,0.1327,0.13301
1764604140,0.13301,0.13309,0.13284,0.13303
1764604200,0.13303,0.13374,0.13302,0.13341
1764604260,0.13341,0.13378,0.13341,0.13377
1764604320,0.13377,0.13417,0.13377,0.13412
1764604380,0.13412,0.13427,0.13398,0.13422
1764604440,0.13422,0.13439,0.13392,0.13395
1764604500,0.13395,0.13406,0.13387,0.13393
1764604560,0.13393,0.13407,0.1337,0.13373
1764604620,0.13373,0.1338,0.13359,0.13379
1764604680,0.13379,0.13396,0.13376,0.13376
1764604740,0.13376,0.1338,0.13363,0.13377
1764604800,0.13377,0.13382,0.1336,0.13372
1764604860,0.13372,0.13384,0.13355,0.13368
1764604920,0.13368,0.1337,0.13354,0.13354
1764604980,0.13354,0.13367,0.13353,0.13354
1764605040,0.13354,0.13374,0.1335,0.13359
1764605100,0.13359,0.13369,0.1334,0.13345
1764605160,0.13345,0.13347,0.13312,0.13319
1764605220,0.13319,0.13319,0.13298,0.13314
1764605280,0.13314,0.13318,0.13299,0.13318
1764605340,0.13318,0.13322,0.13296,0.13309
1764605400,0.13309,0.13323,0.13305,0.13318
1764605460,0.13318,0.1333,0.13311,0.13312
1764605520,0.13312,0.13329,0.13307,0.13325
1764605580,0.13325,0.13326,0.13308,0.13316
1764605640,0.13316,0.1332,0.13302,0.13316
1764605700,0.13316,0.13324,0.133,0.13312
1764605760,0.13312,0.13318,0.13293,0.13295
1764605820,0.13295,0.13328,0.13287,0.13318
1764605880,0.13318,0.13327,0.13311,0.13327
1764605940,0.13327,0.13328,0.13298,0.133
1764606000,0.133,0.13303,0.13286,0.13296
1764606060,0.13296,0.13317,0.13289,0.13307
1764606120,0.13307,0.13313,0.13291,0.13296
1764606180,0.13296,0.13305,0.13273,0.13287
1764606240,0.13287,0.13289,0.13249,0.13266
1764606300,0.13266,0.13302,0.13265,0.1329
1764606360,0.1329,0.13291,0.13265,0.13279
1764606420,0.13279,0.13308,0.13276,0.13304
1764606480,0.13304,0.13305,0.13262,0.13275
1764606540,0.13275,0.13281,0.13271,0.13278
1764606600,0.13278,0.13292,0.13276,0.13287
1764606660,0.13287,0.13319,0.13287,0.13297
1764606720,0.13297,0.13309,0.13297,0.133
1764606780,0.133,0.13303,0.1329,0.13295
1764606840,0.13295,0.13295,0.13271,0.13282
1764606900,0.13282,0.13282,0.13267,0.13273
1764606960,0.13273,0.13277,0.13232,0.1325
1764607020,0.1325,0.13336,0.1325,0.13334
1764607080,0.13334,0.13348,0.13307,0.1333
1764607140,0.1333,0.13372,0.13327,0.13357
1764607200,0.13357,0.13375,0.13351,0.13359
1764607260,0.13359,0.1336,0.13323,0.13336
1764607320,0.13336,0.13351,0.13336,0.13347
1764607380,0.13347,0.13363,0.13341,0.13345
1764607440,0.13345,0.13345,0.13309,0.13317
1764607500,0.13317,0.13328,0.13317,0.1332
1764607560,0.1332,0.13328,0.13316,0.13327
1764607620,0.13327,0.13336,0.1332,0.13327
1764607680,0.13327,0.13327,0.13296,0.13301
1764607740,0.13301,0.13301,0.13286,0.13292
1764607800,0.13292,0.13292,0.1327,0.1328
1764607860,0.1328,0.13292,0.1327,0.13273
1764607920,0.13273,0.13281,0.13261,0.13262
1764607980,0.13262,0.13262,0.13246,0.1325
1764608040,0.1325,0.13255,0.13228,0.13237
1764608100,0.13237,0.13247,0.13236,0.13241
1764608160,0.13241,0.13241,0.13214,0.13222
1764608220,0.13222,0.13222,0.13209,0.13214
1764608280,0.13214,0.13223,0.1321,0.13221
1764608340,0.13221,0.13227,0.13217,0.13227
1764608400,0.13227,0.13242,0.1322,0.13238
1764608460,0.13238,0.13284,0.13238,0.13278
1764608520,0.13278,0.13283,0.13251,0.13257
1764608580,0.13257,0.1328,0.13255,0.1328
1764608640,0.1328,0.13306,0.13278,0.13302
1764608700,0.13302,0.13312,0.13295,0.13298
1764608760,0.13298,0.13313,0.13298,0.1331
1764608820,0.1331,0.13325,0.13304,0.13318
1764608880,0.13318,0.1332,0.13297,0.13308
1764608940,0.13308,0.13309,0.13273,0.13275
1764609000,0.13275,0.13284,0.13266,0.13272
1764609060,0.13272,0.13301,0.13272,0.13301
1764609120,0.13301,0.13307,0.13295,0.13299
1764609180,0.13299,0.13299,0.13269,0.13273
1764609240,0.13273,0.13274,0.13265,0.13266
1764609300,0.13266,0.13266,0.13226,0.13233
1764609360,0.13233,0.13266,0.13231,0.13266
1764609420,0.13266,0.13275,0.13261,0.13263
1764609480,0.13263,0.13271,0.13248,0.13248
1764609540,0.13248,0.13251,0.1324,0.13247
1764609600,0.13247,0.13247,0.13233,0.13238
1764609660,0.13238,0.13247,0.13232,0.13246
1764609720,0.13246,0.13262,0.13244,0.13261
1764609780,0.13261,0.13262,0.13238,0.13238
1764609840,0.13238,0.13255,0.13232,0.13254
1764609900,0.13254,0.13261,0.1325,0.13252
1764609960,0.13252,0.1326,0.13252,0.13259
1764610020,0.13259,0.13264,0.13253,0.13259
1764610080,0.13259,0.1328,0.13258,0.13278
1764610140,0.13278,0.13293,0.13276,0.13276
1764610200,0.13276,0.13281,0.13264,0.13269
1764610260,0.13269,0.13269,0.13247,0.13249
1764610320,0.13249,0.13251,0.13238,0.1324
1764610380,0.1324,0.13241,0.13219,0.13236
1764610440,0.13236,0.13237,0.13204,0.13206
1764610500,0.13206,0.13245,0.13202,0.13245
1764610560,0.13245,0.1325,0.13237,0.13241
1764610620,0.13241,0.13265,0.13239,0.13262
1764610680,0.13262,0.13263,0.13243,0.1325
1764610740,0.1325,0.13267,0.1325,0.13267
1764610800,0.13267,0.1328,0.13266,0.13268
1764610860,0.13268,0.13279,0.13266,0.13273
1764610920,0.13273,0.13286,0.13263,0.13286
1764610980,0.13286,0.13294,0.13282,0.13294
1764611040,0.13294,0.13311,0.13294,0.13308
1764611100,0.13308,0.1333,0.13308,0.13328
1764611160,0.13328,0.13337,0.13314,0.13326
1764611220,0.13326,0.13326,0.13293,0.13296
1764611280,0.13296,0.13307,0.13296,0.13306
1764611340,0.13306,0.13324,0.13306,0.13312
1764611400,0.13312,0.13319,0.13298,0.13299
1764611460,0.13299,0.13309,0.13296,0.13302
1764611520,0.13302,0.13316,0.13302,0.13302
1764611580,0.13302,0.13313,0.13297,0.13309
1764611640,0.13309,0.13319,0.13301,0.13319
1764611700,0.13319,0.13321,0.13289,0.13293
1764611760,0.13293,0.13306,0.13287,0.13293
1764611820,0.13293,0.13299,0.1329,0.13291
1764611880,0.13291,0.13297,0.13282,0.13287
1764611940,0.13287,0.13288,0.13279,0.13283
1764612000,0.13283,0.13294,0.13282,0.13294
1764612060,0.13294,0.13303,0.13292,0.13303
1764612120,0.13303,0.13315,0.13302,0.13305
1764612180,0.13305,0.13308,0.13298,0.13302
1764612240,0.13302,0.13304,0.13289,0.13291
1764612300,0.13291,0.13299,0.13262,0.13264
1764612360,0.13264,0.13286,0.1326,0.13274
1764612420,0.13274,0.13291,0.13272,0.13291
1764612480,0.13291,0.13296,0.13271,0.13271
1764612540,0.13271,0.13274,0.13264,0.13267
1764612600,0.13267,0.13294,0.13267,0.13286
1764612660,0.13286,0.13304,0.13285,0.13304
1764612720,0.13304,0.13362,0.13304,0.13361
1764612780,0.13361,0.13368,0.13342,0.13356
1764612840,0.13356,0.13371,0.13344,0.13358
1764612900,0.13358,0.13376,0.13352,0.13369
1764612960,0.13369,0.1337,0.13349,0.1335
1764613020,0.1335,0.13361,0.13339,0.13358
1764613080,0.13358,0.13367,0.13345,0.13366
1764613140,0.13366,0.13371,0.13353,0.1337
1764613200,0.1337,0.13378,0.13348,0.1335
1764613260,0.1335,0.13356,0.13319,0.13329
1764613320,0.13329,0.13351,0.13328,0.13344
1764613380,0.13344,0.13349,0.13329,0.13348
1764613440,0.13348,0.13354,0.1334,0.13354
1764613500,0.13354,0.13358,0.13342,0.13342
1764613560,0.13342,0.13345,0.13332,0.13332
1764613620,0.13332,0.13333,0.13325,0.13332
1764613680,0.13332,0.1334,0.13331,0.13332
1764613740,0.13332,0.13335,0.13322,0.13335
1764613800,0.13335,0.1334,0.1332,0.13324
1764613860,0.13324,0.13324,0.13299,0.13306
1764613920,0.13306,0.13328,0.13306,0.13328
1764613980,0.13328,0.13331,0.13319,0.13324
1764614040,0.13324,0.1333,0.13317,0.13318
1764614100,0.13318,0.13323,0.13311,0.13313
1764614160,0.13313,0.13315,0.13296,0.13307
1764614220,0.13307,0.13311,0.13298,0.13304
1764614280,0.13304,0.13311,0.13299,0.13311
1764614340,0.13311,0.13312,0.13293,0.13295
1764614400,0.13295,0.13302,0.13287,0.13299
1764614460,0.13299,0.13299,0.13286,0.13298
1764614520,0.13298,0.13302,0.13274,0.13274
1764614580,0.13274,0.13288,0.13273,0.13273
1764614640,0.13273,0.13278,0.13264,0.13274
1764614700,0.13274,0.13274,0.13257,0.13267
1764614760,0.13267,0.13275,0.13262,0.13268
1764614820,0.13268,0.13278,0.13268,0.13275
1764614880,0.13275,0.1328,0.13266,0.13266
1764614940,0.13266,0.13268,0.13259,0.13259
1764615000,0.13259,0.13282,0.13258,0.13281
1764615060,0.13281,0.13288,0.13281,0.13288
1764615120,0.13288,0.13288,0.13273,0.13276
1764615180,0.13276,0.13283,0.13266,0.13283
1764615240,0.13283,0.13306,0.13279,0.13306
1764615300,0.13306,0.13319,0.13298,0.13313
1764615360,0.13313,0.13317,0.13302,0.13317
1764615420,0.13317,0.13361,0.13317,0.13359
1764615480,0.13359,0.13363,0.1333,0.13331
1764615540,0.13331,0.13345,0.13331,0.13337
1764615600,0.13337,0.13348,0.13336,0.13343
1764615660,0.13343,0.1335,0.13322,0.13328
1764615720,0.13328,0.13328,0.13312,0.13321
1764615780,0.13321,0.13337,0.13321,0.13327
1764615840,0.13327,0.13329,0.13306,0.13315
1764615900,0.13315,0.13316,0.13306,0.13307
1764615960,0.13307,0.13314,0.13299,0.13311
1764616020,0.13311,0.13312,0.13289,0.13289
1764616080,0.13289,0.13294,0.13276,0.13276
1764616140,0.13276,0.13288,0.13262,0.13288
1764616200,0.13288,0.13314,0.13286,0.1331
1764616260,0.1331,0.13315,0.13299,0.13303
1764616320,0.13303,0.1331,0.13301,0.13307
1764616380,0.13307,0.13311,0.13301,0.13311
1764616440,0.13311,0.13314,0.13305,0.13311
1764616500,0.13311,0.13315,0.13307,0.13314
1764616560,0.13314,0.13316,0.13298,0.13313
1764616620,0.13313,0.13319,0.1331,0.13319
1764616680,0.13319,0.13327,0.13306,0.13307
1764616740,0.13307,0.13309,0.13291,0.13294
1764616800,0.13294,0.133,0.13292,0.13294
1764616860,0.13294,0.13295,0.1328,0.13289
1764616920,0.13289,0.13293,0.1328,0.13281
1764616980,0.13281,0.13297,0.13275,0.13296
1764617040,0.13296,0.133,0.13293,0.13299
1764617100,0.13299,0.13299,0.13266,0.13266
1764617160,0.13266,0.1327,0.13251,0.13254
1764617220,0.13254,0.13281,0.13254,0.13278
1764617280,0.13278,0.13278,0.13261,0.13266
1764617340,0.13266,0.13268,0.13259,0.13264
1764617400,0.13264,0.13264,0.13256,0.13261
1764617460,0.13261,0.13277,0.1326,0.1327
1764617520,0.1327,0.1327,0.13261,0.13263
1764617580,0.13263,0.13263,0.13251,0.13263
1764617640,0.13263,0.13268,0.13259,0.13263
1764617700,0.13263,0.13285,0.13259,0.13283
1764617760,0.13283,0.13316,0.13283,0.13316
1764617820,0.13316,0.13322,0.13309,0.13309
1764617880,0.13309,0.13309,0.13284,0.13284
1764617940,0.13284,0.13297,0.1328,0.13296
1764618000,0.13296,0.13307,0.13296,0.13298
1764618060,0.13298,0.13305,0.13295,0.13296
1764618120,0.13296,0.13298,0.13284,0.13284
1764618180,0.13284,0.13286,0.13278,0.13285
1764618240,0.13285,0.13285,0.13279,0.13279
1764618300,0.13279,0.13285,0.13278,0.13282
1764618360,0.13282,0.13287,0.13273,0.13286
1764618420,0.13286,0.13296,0.13283,0.13291
1764618480,0.13291,0.13295,0.13289,0.13292
1764618540,0.13292,0.13304,0.13288,0.13301
1764618600,0.13301,0.13312,0.13301,0.13309
1764618660,0.13309,0.13312,0.13303,0.13304
1764618720,0.13304,0.13315,0.13299,0.13301
1764618780,0.13301,0.13309,0.133,0.13309
1764618840,0.13309,0.13322,0.13309,0.1332
1764618900,0.1332,0.13325,0.13304,0.13309
1764618960,0.13309,0.13317,0.13309,0.13311
1764619020,0.13311,0.13318,0.1331,0.13312
1764619080,0.13312,0.13325,0.13311,0.13325
1764619140,0.13325,0.13332,0.13308,0.13317
1764619200,0.13317,0.13341,0.13315,0.13339
1764619260,0.13339,0.13375,0.13339,0.13375
1764619320,0.13375,0.13379,0.13355,0.13371
1764619380,0.13371,0.1338,0.13368,0.13377
1764619440,0.13377,0.13391,0.13374,0.13388
1764619500,0.13388,0.13442,0.13386,0.13433
1764619560,0.13433,0.13441,0.1341,0.1341
1764619620,0.1341,0.13444,0.13409,0.13431
1764619680,0.13431,0.13458,0.13431,0.13458
1764619740,0.13458,0.13464,0.13441,0.1345
1764619800,0.1345,0.13483,0.13443,0.13474
1764619860,0.13474,0.13476,0.13446,0.13448
1764619920,0.13448,0.1346,0.13438,0.13438
1764619980,0.13438,0.13438,0.13417,0.13425
1764620040,0.13425,0.13426,0.13416,0.13423
1764620100,0.13423,0.13423,0.13388,0.134
1764620160,0.134,0.13403,0.13388,0.13392
1764620220,0.13392,0.13396,0.13387,0.13391
1764620280,0.13391,0.13392,0.13376,0.1338
1764620340,0.1338,0.13398,0.13374,0.13397
1764620400,0.13397,0.13397,0.13375,0.13379
1764620460,0.13379,0.13396,0.13372,0.13394
1764620520,0.13394,0.13394,0.1338,0.13393
1764620580,0.13393,0.13395,0.13382,0.13385
1764620640,0.13385,0.13393,0.13377,0.13378
1764620700,0.13378,0.13379,0.13356,0.13363
1764620760,0.13363,0.13376,0.13339,0.13359
1764620820,0.13359,0.13369,0.13342,0.13359
1764620880,0.13359,0.13371,0.13354,0.1336
1764620940,0.1336,0.1336,0.13345,0.13356
1764621000,0.13356,0.13367,0.13349,0.13366
1764621060,0.13366,0.13372,0.1336,0.13368
1764621120,0.13368,0.13376,0.13358,0.13366
1764621180,0.13366,0.13373,0.13345,0.1335
1764621240,0.1335,0.13351,0.13342,0.13345
1764621300,0.13345,0.13362,0.13345,0.13348
1764621360,0.13348,0.13357,0.13337,0.13351
1764621420,0.13351,0.13365,0.13346,0.13362
1764621480,0.13362,0.13388,0.13359,0.13371
1764621540,0.13371,0.13371,0.13354,0.13364
1764621600,0.13364,0.13372,0.13356,0.13365
1764621660,0.13365,0.13373,0.13362,0.13369
1764621720,0.13369,0.1337,0.13351,0.13354
1764621780,0.13354,0.13375,0.13354,0.13369
1764621840,0.13369,0.13389,0.13368,0.13389
1764621900,0.13389,0.13394,0.13376,0.13389
1764621960,0.13389,0.13393,0.13372,0.13372
1764622020,0.13372,0.13386,0.13371,0.13381
1764622080,0.13381,0.13392,0.13378,0.13384
1764622140,0.13384,0.13389,0.13373,0.13375
1764622200,0.13375,0.13386,0.13375,0.13383
1764622260,0.13383,0.13393,0.13363,0.1337
1764622320,0.1337,0.13372,0.13355,0.13361
1764622380,0.13361,0.1337,0.13355,0.13362
1764622440,0.13362,0.13375,0.13362,0.13368
1764622500,0.13368,0.13375,0.13355,0.13375
1764622560,0.13375,0.13385,0.13369,0.13376
1764622620,0.13376,0.13395,0.13375,0.13395
1764622680,0.13395,0.13397,0.13384,0.13386
1764622740,0.13386,0.13387,0.13352,0.1337
1764622800,0.1337,0.13388,0.13365,0.13387
1764622860,0.13387,0.13411,0.13384,0.13402
1764622920,0.13402,0.13414,0.13377,0.13377
1764622980,0.13377,0.13387,0.13373,0.13386
1764623040,0.13386,0.1339,0.13377,0.1339
1764623100,0.1339,0.134,0.13384,0.13397
1764623160,0.13397,0.13421,0.13396,0.13421
1764623220,0.13421,0.1343,0.13415,0.13429
1764623280,0.13429,0.13462,0.13429,0.13441
1764623340,0.13441,0.13458,0.13441,0.13455
1764623400,0.13455,0.1346,0.13436,0.13443
1764623460,0.13443,0.13448,0.1342,0.13426
1764623520,0.13426,0.13426,0.13402,0.13402
1764623580,0.13402,0.13406,0.13393,0.13395
1764623640,0.13395,0.13401,0.13395,0.134
1764623700,0.134,0.134,0.1339,0.13395
1764623760,0.13395,0.13412,0.13395,0.13412
1764623820,0.13412,0.13433,0.13412,0.13423
1764623880,0.13423,0.13439,0.13423,0.13439
1764623940,0.13439,0.13444,0.13413,0.13416
1764624000,0.13416,0.1346,0.13416,0.13459
1764624060,0.13459,0.13495,0.13456,0.13493
1764624120,0.13493,0.13496,0.13478,0.13483
1764624180,0.13483,0.13488,0.13467,0.1347
1764624240,0.1347,0.13491,0.1347,0.13486
1764624300,0.13486,0.13506,0.1348,0.13492
1764624360,0.13492,0.13503,0.13485,0.13495
1764624420,0.13495,0.13521,0.13495,0.13514
1764624480,0.13514,0.13516,0.13485,0.13487
1764624540,0.13487,0.13488,0.13479,0.13479
1764624600,0.13479,0.13487,0.13476,0.13487
1764624660,0.13487,0.13498,0.13483,0.13493
1764624720,0.13493,0.13508,0.1348,0.13506
1764624780,0.13506,0.13521,0.13504,0.13517
1764624840,0.13517,0.13532,0.13516,0.13525
1764624900,0.13525,0.13531,0.13513,0.13531
1764624960,0.13531,0.13544,0.13525,0.1353
1764625020,0.1353,0.1353,0.13498,0.13502
1764625080,0.13502,0.13514,0.135,0.13511
1764625140,0.13511,0.1352,0.13505,0.13518
1764625200,0.13518,0.13531,0.13513,0.1353
1764625260,0.1353,0.13535,0.13508,0.13517
1764625320,0.13517,0.13541,0.13517,0.13533
1764625380,0.13533,0.13535,0.13513,0.13513
1764625440,0.13513,0.13521,0.13509,0.13521
1764625500,0.13521,0.13523,0.13506,0.13511
1764625560,0.13511,0.13517,0.13482,0.13484
1764625620,0.13484,0.13497,0.13482,0.13486
1764625680,0.13486,0.13487,0.13471,0.13472
1764625740,0.13472,0.1349,0.13472,0.13488
1764625800,0.13488,0.1349,0.13476,0.13488
1764625860,0.13488,0.13494,0.13483,0.13489
1764625920,0.13489,0.13504,0.13484,0.13493
1764625980,0.13493,0.13493,0.13482,0.13485
1764626040,0.13485,0.13491,0.13484,0.13484
1764626100,0.13484,0.1349,0.13483,0.13486
1764626160,0.13486,0.13486,0.13482,0.13485
1764626220,0.13485,0.13509,0.13485,0.13502
1764626280,0.13502,0.13504,0.13495,0.13495
1764626340,0.13495,0.13499,0.13494,0.13499
1764626400,0.13499,0.13518,0.13498,0.13518
1764626460,0.13518,0.13539,0.13509,0.13529
1764626520,0.13529,0.13536,0.13525,0.13536
1764626580,0.13536,0.13541,0.13526,0.13538
1764626640,0.13538,0.13567,0.13538,0.13562
1764626700,0.13562,0.13573,0.13555,0.13564
1764626760,0.13564,0.13571,0.13551,0.13555
1764626820,0.13555,0.13573,0.13555,0.13563
1764626880,0.13563,0.13566,0.13554,0.13566
1764626940,0.13566,0.13578,0.13563,0.13563
1764627000,0.13563,0.13569,0.13557,0.13557
1764627060,0.13557,0.1356,0.13548,0.13555
1764627120,0.13555,0.1356,0.1355,0.13557
1764627180,0.13557,0.13562,0.13536,0.13542
1764627240,0.13542,0.13542,0.1353,0.13536
1764627300,0.13536,0.13567,0.13536,0.13561
1764627360,0.13561,0.13562,0.13536,0.13536
1764627420,0.13536,0.13559,0.13536,0.13558
1764627480,0.13558,0.13561,0.13535,0.13538
1764627540,0.13538,0.13545,0.13531,0.13541
1764627600,0.13541,0.13558,0.13541,0.13558
1764627660,0.13558,0.13559,0.13554,0.13557
1764627720,0.13557,0.13558,0.13555,0.13557
1764627780,0.13557,0.1356,0.13551,0.13557
1764627840,0.13557,0.13567,0.13556,0.1356
1764627900,0.1356,0.1356,0.13548,0.13549
1764627960,0.13549,0.13549,0.13541,0.13543
1764628020,0.13543,0.13567,0.13543,0.13566
1764628080,0.13566,0.13566,0.13549,0.13553
1764628140,0.13553,0.13558,0.13552,0.13556
1764628200,0.13556,0.13564,0.13547,0.13557
1764628260,0.13557,0.13573,0.13555,0.1357
1764628320,0.1357,0.13572,0.1356,0.1356
1764628380,0.1356,0.13562,0.13549,0.1355
1764628440,0.1355,0.13551,0.13527,0.13527
1764628500,0.13527,0.13536,0.13522,0.13534
1764628560,0.13534,0.13545,0.13533,0.13545
1764628620,0.13545,0.13557,0.13544,0.13557
1764628680,0.13557,0.1356,0.1355,0.1355
1764628740,0.1355,0.13577,0.13549,0.1357
1764628800,0.1357,0.1357,0.13549,0.13554
1764628860,0.13554,0.13586,0.13553,0.13579
1764628920,0.13579,0.13579,0.13566,0.13571
1764628980,0.13571,0.13587,0.13571,0.13582
1764629040,0.13582,0.13587,0.13576,0.13578
1764629100,0.13578,0.1361,0.13578,0.13609
1764629160,0.13609,0.13617,0.13606,0.13616
1764629220,0.13616,0.13617,0.13609,0.13612
1764629280,0.13612,0.13617,0.13606,0.13612
1764629340,0.13612,0.13618,0.13607,0.13618
1764629400,0.13618,0.13623,0.13616,0.13621
1764629460,0.13621,0.13622,0.13613,0.13613
1764629520,0.13613,0.13615,0.13609,0.13614
1764629580,0.13614,0.13619,0.13613,0.13619
1764629640,0.13619,0.13619,0.13612,0.13616
1764629700,0.13616,0.13639,0.13616,0.13621
1764629760,0.13621,0.13621,0.13601,0.13601
1764629820,0.13601,0.13609,0.13601,0.13602
1764629880,0.13602,0.13603,0.13593,0.13593
1764629940,0.13593,0.13593,0.1357,0.13574
1764630000,0.13574,0.13587,0.13574,0.13587
1764630060,0.13587,0.1361,0.13587,0.13609
1764630120,0.13609,0.13627,0.13607,0.13627
1764630180,0.13627,0.1363,0.13613,0.13625
1764630240,0.13625,0.13627,0.13618,0.13626
1764630300,0.13626,0.13629,0.1361,0.13612
1764630360,0.13612,0.13612,0.1359,0.136
1764630420,0.136,0.13603,0.13576,0.13576
1764630480,0.13576,0.13591,0.13576,0.13586
1764630540,0.13586,0.13586,0.1357,0.13584
1764630600,0.13584,0.13585,0.13571,0.13584
1764630660,0.13584,0.13587,0.13578,0.1358
1764630720,0.1358,0.1358,0.13566,0.13569
1764630780,0.13569,0.13574,0.13559,0.13563
1764630840,0.13563,0.13564,0.13556,0.13563
1764630900,0.13563,0.13573,0.13563,0.13572
1764630960,0.13572,0.13585,0.13572,0.13575
1764631020,0.13575,0.136,0.13575,0.136
1764631080,0.136,0.13604,0.13594,0.13599
1764631140,0.13599,0.13608,0.13599,0.13606
1764631200,0.13606,0.13608,0.13598,0.13602
1764631260,0.13602,0.13616,0.13602,0.13614
1764631320,0.13614,0.13618,0.1361,0.13611
1764631380,0.13611,0.13619,0.13607,0.13607
1764631440,0.13607,0.13618,0.13605,0.1361
1764631500,0.1361,0.13617,0.13609,0.13616
1764631560,0.13616,0.13619,0.1361,0.13615
1764631620,0.13615,0.13621,0.13609,0.13617
1764631680,0.13617,0.13622,0.13617,0.13619
1764631740,0.13619,0.13624,0.13618,0.13624
1764631800,0.13624,0.13655,0.13624,0.13648
1764631860,0.13648,0.13649,0.13634,0.13634
1764631920,0.13634,0.13635,0.13627,0.13635
1764631980,0.13635,0.13638,0.13623,0.13623
1764632040,0.13623,0.13624,0.13599,0.13609
1764632100,0.13609,0.1362,0.13609,0.13615
1764632160,0.13615,0.1362,0.13605,0.13605
1764632220,0.13605,0.13615,0.13603,0.13615
1764632280,0.13615,0.13615,0.13607,0.13613
1764632340,0.13613,0.1362,0.13608,0.13618
1764632400,0.13618,0.13618,0.13607,0.13607
1764632460,0.13607,0.13612,0.13601,0.13601
1764632520,0.13601,0.13601,0.13594,0.13595
1764632580,0.13595,0.136,0.13591,0.13594
1764632640,0.13594,0.13596,0.13589,0.13596
1764632700,0.13596,0.13596,0.13591,0.13594
1764632760,0.13594,0.13599,0.13587,0.13592
1764632820,0.13592,0.13592,0.13578,0.13578
1764632880,0.13578,0.13587,0.13574,0.13575
1764632940,0.13575,0.13583,0.13574,0.13581
1764633000,0.13581,0.13581,0.13574,0.13576
1764633060,0.13576,0.13576,0.13566,0.13573
1764633120,0.13573,0.13578,0.13571,0.13573
1764633180,0.13573,0.13576,0.13558,0.13559
1764633240,0.13559,0.1356,0.13543,0.13547
1764633300,0.13547,0.13555,0.13546,0.13546
1764633360,0.13546,0.13546,0.13544,0.13545
1764633420,0.13545,0.13546,0.13535,0.13544
1764633480,0.13544,0.13549,0.13544,0.13546
1764633540,0.13546,0.13547,0.13537,0.13537
1769817600,0.11573,0.11576,0.11569,0.11571
1769817660,0.11571,0.11578,0.11559,0.11559
1769817720,0.11559,0.1157,0.11552,0.11553
1769817780,0.11553,0.11557,0.1155,0.1155
1769817840,0.1155,0.1155,0.11545,0.11549
1769817900,0.11549,0.11562,0.11549,0.1156
1769817960,0.1156,0.11561,0.11555,0.11557
1769818020,0.11557,0.11568,0.11557,0.11562
1769818080,0.11562,0.11565,0.1156,0.11565
1769818140,0.11565,0.11565,0.1156,0.1156
1769818200,0.1156,0.11562,0.11554,0.1156
1769818260,0.1156,0.11561,0.11544,0.11549
1769818320,0.11549,0.1155,0.11544,0.11544
1769818380,0.11544,0.11554,0.11541,0.11554
1769818440,0.11554,0.11554,0.11548,0.11551
1769818500,0.11551,0.11552,0.1154,0.11542
1769818560,0.11542,0.11547,0.11541,0.11547
1769818620,0.11547,0.11548,0.11543,0.11546
1769818680,0.11546,0.11549,0.11544,0.11547
1769818740,0.11547,0.11551,0.11544,0.11551
1769818800,0.11551,0.1156,0.11543,0.11555
1769818860,0.11555,0.11558,0.11546,0.11552
1769818920,0.11552,0.11552,0.11544,0.11552
1769818980,0.11552,0.11562,0.11552,0.11558
1769819040,0.11558,0.11558,0.1155,0.11553
1769819100,0.11553,0.11566,0.11553,0.11563
1769819160,0.11563,0.11566,0.11559,0.11564
1769819220,0.11564,0.11565,0.11559,0.11561
1769819280,0.11561,0.11568,0.11561,0.11567
1769819340,0.11567,0.11567,0.11563,0.11564
1769819400,0.11564,0.11564,0.11558,0.11563
1769819460,0.11563,0.11566,0.11561,0.11561
1769819520,0.11561,0.11561,0.11555,0.11555
1769819580,0.11555,0.11556,0.11551,0.11556
1769819640,0.11556,0.11556,0.1155,0.11555
1769819700,0.11555,0.11562,0.11555,0.11558
1769819760,0.11558,0.11559,0.11554,0.11557
1769819820,0.11557,0.11569,0.11556,0.11569
1769819880,0.11569,0.11574,0.11568,0.11571
1769819940,0.11571,0.11576,0.11568,0.11576
1769820000,0.11576,0.11584,0.11576,0.1158
1769820060,0.1158,0.1158,0.11572,0.11572
1769820120,0.11572,0.11572,0.11558,0.11559
1769820180,0.11559,0.1156,0.11555,0.1156
1769820240,0.1156,0.1156,0.11551,0.11554
1769820300,0.11554,0.11555,0.11543,0.11544
1769820360,0.11544,0.11544,0.11534,0.11535
1769820420,0.11535,0.11535,0.11513,0.11527
1769820480,0.11527,0.11528,0.11524,0.11526
1769820540,0.11526,0.11542,0.11526,0.11541
1769820600,0.11541,0.11546,0.11539,0.11542
1769820660,0.11542,0.11546,0.11529,0.11532
1769820720,0.11532,0.11532,0.11527,0.11532
1769820780,0.11532,0.11539,0.11532,0.11538
1769820840,0.11538,0.11538,0.11528,0.11532
1769820900,0.11532,0.11532,0.11524,0.11525
1769820960,0.11525,0.1153,0.11524,0.11529
1769821020,0.11529,0.11536,0.11528,0.11532
1769821080,0.11532,0.11537,0.11528,0.11528
1769821140,0.11528,0.11535,0.11528,0.11535
1769821200,0.11535,0.11536,0.11529,0.1153
1769821260,0.1153,0.1153,0.11519,0.11519
1769821320,0.11519,0.11533,0.11519,0.11531
1769821380,0.11531,0.11531,0.11528,0.11531
1769821440,0.11531,0.11546,0.11531,0.11546
1769821500,0.11546,0.11563,0.11546,0.11558
1769821560,0.11558,0.1156,0.11558,0.11558
1769821620,0.11558,0.1156,0.11554,0.1156
1769821680,0.1156,0.11577,0.1156,0.11574
1769821740,0.11574,0.11579,0.11573,0.11573
1769821800,0.11573,0.11573,0.11561,0.11563
1769821860,0.11563,0.11573,0.11563,0.11573
1769821920,0.11573,0.11573,0.11562,0.11566
1769821980,0.11566,0.11568,0.11566,0.11568
1769822040,0.11568,0.1157,0.11566,0.11568
1769822100,0.11568,0.11579,0.11567,0.11577
1769822160,0.11577,0.11577,0.11568,0.11568
1769822220,0.11568,0.11568,0.11566,0.11566
1769822280,0.11566,0.11566,0.11562,0.11563
1769822340,0.11563,0.11567,0.11562,0.11567
1769822400,0.11567,0.11584,0.11567,0.11581
1769822460,0.11581,0.11582,0.11576,0.11578
1769822520,0.11578,0.11584,0.11576,0.11576
1769822580,0.11576,0.1158,0.11574,0.11575
1769822640,0.11575,0.11575,0.11568,0.11571
1769822700,0.11571,0.11577,0.1157,0.11577
1769822760,0.11577,0.11578,0.1157,0.11572
1769822820,0.11572,0.11577,0.11571,0.11577
1769822880,0.11577,0.1158,0.11575,0.11578
1769822940,0.11578,0.11578,0.11569,0.11569
1769823000,0.11569,0.11569,0.11542,0.11543
1769823060,0.11543,0.11551,0.11542,0.11543
1769823120,0.11543,0.11548,0.11542,0.11544
1769823180,0.11544,0.11548,0.11531,0.11531
1769823240,0.11531,0.11541,0.11529,0.11541
1769823300,0.11541,0.11541,0.11535,0.11538
1769823360,0.11538,0.11542,0.11532,0.11533
1769823420,0.11533,0.11538,0.11527,0.11529
1769823480,0.11529,0.11536,0.11526,0.11535
1769823540,0.11535,0.11542,0.11534,0.11542
1769823600,0.11542,0.11545,0.11537,0.11543
1769823660,0.11543,0.11546,0.11541,0.11541
1769823720,0.11541,0.11554,0.11541,0.11553
1769823780,0.11553,0.11559,0.1155,0.11559
1769823840,0.11559,0.11559,0.11555,0.11556
1769823900,0.11556,0.11559,0.11555,0.11556
1769823960,0.11556,0.11556,0.11538,0.11541
1769824020,0.11541,0.11543,0.11541,0.11542
1769824080,0.11542,0.11542,0.11538,0.11542
1769824140,0.11542,0.11544,0.11536,0.1154
1769824200,0.1154,0.11558,0.1154,0.11558
1769824260,0.11558,0.11559,0.11554,0.11554
1769824320,0.11554,0.11558,0.11554,0.11556
1769824380,0.11556,0.11559,0.11554,0.11556
1769824440,0.11556,0.11558,0.11556,0.11558
1769824500,0.11558,0.11563,0.11555,0.11557
1769824560,0.11557,0.11567,0.11556,0.11567
1769824620,0.11567,0.11569,0.11557,0.11561
1769824680,0.11561,0.11561,0.11556,0.11556
1769824740,0.11556,0.11558,0.11554,0.11558
1769824800,0.11558,0.11559,0.11546,0.11546
1769824860,0.11546,0.11546,0.11538,0.11538
1769824920,0.11538,0.11539,0.1153,0.11531
1769824980,0.11531,0.11531,0.11526,0.11531
1769825040,0.11531,0.11531,0.11524,0.11528
1769825100,0.11528,0.11531,0.11524,0.11531
1769825160,0.11531,0.11534,0.11518,0.11519
1769825220,0.11519,0.11519,0.11497,0.11513
1769825280,0.11513,0.11519,0.11507,0.11517
1769825340,0.11517,0.11523,0.11509,0.11511
1769825400,0.11511,0.11514,0.11511,0.11511
1769825460,0.11511,0.11516,0.11511,0.11512
1769825520,0.11512,0.11512,0.11506,0.11508
1769825580,0.11508,0.11515,0.11508,0.11515
1769825640,0.11515,0.11517,0.11513,0.11513
1769825700,0.11513,0.11513,0.11507,0.1151
1769825760,0.1151,0.1151,0.11504,0.11507
1769825820,0.11507,0.11507,0.11471,0.1148
1769825880,0.1148,0.11507,0.1148,0.11507
1769825940,0.11507,0.11507,0.11495,0.11495
1769826000,0.11495,0.11507,0.11495,0.11504
1769826060,0.11504,0.1151,0.11503,0.11509
1769826120,0.11509,0.11509,0.115,0.115
1769826180,0.115,0.11506,0.11498,0.11498
1769826240,0.11498,0.11502,0.11489,0.11489
1769826300,0.11489,0.11489,0.1148,0.11483
1769826360,0.11483,0.11506,0.11483,0.11502
1769826420,0.11502,0.11502,0.11492,0.11496
1769826480,0.11496,0.11507,0.11493,0.11503
1769826540,0.11503,0.11503,0.11494,0.11495
1769826600,0.11495,0.11495,0.11485,0.11487
1769826660,0.11487,0.11487,0.11483,0.11484
1769826720,0.11484,0.11485,0.11483,0.11483
1769826780,0.11483,0.11493,0.11482,0.11493
1769826840,0.11493,0.11502,0.11489,0.11498
1769826900,0.11498,0.11527,0.11497,0.11526
1769826960,0.11526,0.11527,0.11524,0.11524
1769827020,0.11524,0.11524,0.11517,0.11517
1769827080,0.11517,0.11521,0.11517,0.1152
1769827140,0.1152,0.11525,0.11519,0.1152
1769827200,0.1152,0.11554,0.1152,0.1155
1769827260,0.1155,0.11553,0.11542,0.11545
1769827320,0.11545,0.11545,0.11537,0.1154
1769827380,0.1154,0.11544,0.1154,0.11544
1769827440,0.11544,0.11544,0.11533,0.11537
1769827500,0.11537,0.11537,0.11533,0.11536
1769827560,0.11536,0.11545,0.11536,0.11545
1769827620,0.11545,0.11549,0.11544,0.11544
1769827680,0.11544,0.11544,0.11529,0.11533
1769827740,0.11533,0.11535,0.1153,0.11534
1769827800,0.11534,0.11539,0.11533,0.11534
1769827860,0.11534,0.11534,0.11526,0.1153
1769827920,0.1153,0.11536,0.1153,0.11536
1769827980,0.11536,0.11538,0.11534,0.11536
1769828040,0.11536,0.11545,0.11536,0.11544
1769828100,0.11544,0.11544,0.11542,0.11543
1769828160,0.11543,0.11546,0.11542,0.11543
1769828220,0.11543,0.11543,0.11534,0.11534
1769828280,0.11534,0.11534,0.11527,0.11527
1769828340,0.11527,0.11527,0.11526,0.11527
1769828400,0.11527,0.11531,0.11527,0.11531
1769828460,0.11531,0.11539,0.1153,0.11539
1769828520,0.11539,0.11542,0.11532,0.11534
1769828580,0.11534,0.11534,0.11533,0.11534
1769828640,0.11534,0.11535,0.1153,0.11535
1769828700,0.11535,0.11545,0.11535,0.11541
1769828760,0.11541,0.11541,0.11537,0.11538
1769828820,0.11538,0.11538,0.11534,0.11537
1769828880,0.11537,0.11539,0.11534,0.11534
1769828940,0.11534,0.11535,0.11533,0.11533
1769829000,0.11533,0.11534,0.11533,0.11533
1769829060,0.11533,0.11533,0.11522,0.11523
1769829120,0.11523,0.11531,0.11523,0.11526
1769829180,0.11526,0.11537,0.11522,0.11537
1769829240,0.11537,0.11538,0.11529,0.1153
1769829300,0.1153,0.11533,0.11528,0.11528
1769829360,0.11528,0.11536,0.11528,0.11536
1769829420,0.11536,0.1154,0.1153,0.11532
1769829480,0.11532,0.11533,0.11528,0.11532
1769829540,0.11532,0.1154,0.11532,0.11539
1769829600,0.11539,0.11539,0.1153,0.11536
1769829660,0.11536,0.11536,0.11531,0.11531
1769829720,0.11531,0.11539,0.11531,0.11539
1769829780,0.11539,0.11543,0.11539,0.11541
1769829840,0.11541,0.11547,0.11541,0.11545
1769829900,0.11545,0.11545,0.11541,0.11542
1769829960,0.11542,0.11545,0.1154,0.11544
1769830020,0.11544,0.11544,0.11531,0.11531
1769830080,0.11531,0.11532,0.1153,0.11532
1769830140,0.11532,0.1154,0.11532,0.11537
1769830200,0.11537,0.11538,0.11532,0.11535
1769830260,0.11535,0.11539,0.11535,0.11536
1769830320,0.11536,0.11537,0.11528,0.11532
1769830380,0.11532,0.11533,0.1153,0.1153
1769830440,0.1153,0.11535,0.1153,0.11532
1769830500,0.11532,0.11537,0.11531,0.11536
1769830560,0.11536,0.1154,0.11534,0.11536
1769830620,0.11536,0.11537,0.11532,0.11532
1769830680,0.11532,0.11533,0.11518,0.1152
1769830740,0.1152,0.11528,0.1152,0.11528
1769830800,0.11528,0.11541,0.11528,0.1154
1769830860,0.1154,0.11541,0.11536,0.11537
1769830920,0.11537,0.11537,0.11529,0.11531
1769830980,0.11531,0.11533,0.11527,0.11533
1769831040,0.11533,0.11535,0.1153,0.11532
1769831100,0.11532,0.11532,0.11527,0.11529
1769831160,0.11529,0.11529,0.1152,0.1152
1769831220,0.1152,0.11521,0.11509,0.11519
1769831280,0.11519,0.11519,0.11509,0.11512
1769831340,0.11512,0.11515,0.11511,0.11513
1769831400,0.11513,0.11516,0.11512,0.11516
1769831460,0.11516,0.11518,0.11511,0.11511
1769831520,0.11511,0.11511,0.11502,0.11502
1769831580,0.11502,0.11504,0.11501,0.11503
1769831640,0.11503,0.11504,0.11499,0.11502
1769831700,0.11502,0.11511,0.11501,0.1151
1769831760,0.1151,0.11513,0.11508,0.11511
1769831820,0.11511,0.11513,0.11511,0.11513
1769831880,0.11513,0.11513,0.1151,0.11511
1769831940,0.11511,0.11511,0.11511,0.11511
1769832000,0.11511,0.11515,0.11503,0.1151
1769832060,0.1151,0.1152,0.1151,0.1152
1769832120,0.1152,0.11528,0.11519,0.11523
1769832180,0.11523,0.11535,0.11523,0.11535
1769832240,0.11535,0.11542,0.11535,0.11542
1769832300,0.11542,0.11542,0.11533,0.11534
1769832360,0.11534,0.11538,0.11534,0.11537
1769832420,0.11537,0.11539,0.1153,0.1153
1769832480,0.1153,0.11537,0.1153,0.11535
1769832540,0.11535,0.11541,0.11535,0.11541
1769832600,0.11541,0.11543,0.11538,0.1154
1769832660,0.1154,0.1154,0.11533,0.11534
1769832720,0.11534,0.11535,0.1153,0.11532
1769832780,0.11532,0.11535,0.11528,0.11535
1769832840,0.11535,0.11535,0.11517,0.11533
1769832900,0.11533,0.11533,0.11526,0.11528
1769832960,0.11528,0.11528,0.11526,0.11526
1769833020,0.11526,0.11532,0.11526,0.11532
1769833080,0.11532,0.11532,0.11526,0.1153
1769833140,0.1153,0.11531,0.11516,0.11516
1769833200,0.11516,0.11518,0.11508,0.11513
1769833260,0.11513,0.11529,0.11512,0.11522
1769833320,0.11522,0.11526,0.11519,0.11526
1769833380,0.11526,0.11532,0.11524,0.11529
1769833440,0.11529,0.11535,0.11529,0.11532
1769833500,0.11532,0.11533,0.11527,0.11527
1769833560,0.11527,0.11528,0.11521,0.11521
1769833620,0.11521,0.11522,0.11518,0.11519
1769833680,0.11519,0.11524,0.11519,0.11524
1769833740,0.11524,0.11524,0.11522,0.11522
1769833800,0.11522,0.11522,0.11512,0.11512
1769833860,0.11512,0.11514,0.1151,0.11511
1769833920,0.11511,0.11514,0.1151,0.1151
1769833980,0.1151,0.1151,0.11499,0.11502
1769834040,0.11502,0.11512,0.115,0.11512
1769834100,0.11512,0.11513,0.11507,0.11509
1769834160,0.11509,0.11509,0.115,0.11502
1769834220,0.11502,0.11507,0.11502,0.11504
1769834280,0.11504,0.11505,0.11502,0.11503
1769834340,0.11503,0.11504,0.115,0.11501
1769834400,0.11501,0.11501,0.11496,0.11496
1769834460,0.11496,0.11496,0.11481,0.11493
1769834520,0.11493,0.11498,0.11493,0.11496
1769834580,0.11496,0.11504,0.11496,0.115
1769834640,0.115,0.115,0.11484,0.11486
1769834700,0.11486,0.11487,0.11481,0.11487
1769834760,0.11487,0.11494,0.11487,0.11492
1769834820,0.11492,0.11497,0.11492,0.11494
1769834880,0.11494,0.11494,0.11489,0.11489
1769834940,0.11489,0.11492,0.11487,0.11487
1769835000,0.11487,0.11487,0.11482,0.11482
1769835060,0.11482,0.11487,0.1148,0.11481
1769835120,0.11481,0.11481,0.11472,0.11472
1769835180,0.11472,0.11472,0.1146,0.1147
1769835240,0.1147,0.11471,0.11467,0.11468
1769835300,0.11468,0.1148,0.11468,0.1148
1769835360,0.1148,0.11484,0.11475,0.11475
1769835420,0.11475,0.11478,0.11475,0.11477
1769835480,0.11477,0.11477,0.11474,0.11475
1769835540,0.11475,0.11476,0.11474,0.11475
1769835600,0.11475,0.11475,0.11457,0.11469
1769835660,0.11469,0.11469,0.11448,0.11449
1769835720,0.11449,0.11456,0.11437,0.11439
1769835780,0.11439,0.11459,0.11435,0.11456
1769835840,0.11456,0.11456,0.11449,0.11449
1769835900,0.11449,0.11449,0.1144,0.11441
1769835960,0.11441,0.11443,0.11438,0.11443
1769836020,0.11443,0.11444,0.11439,0.11439
1769836080,0.11439,0.11441,0.1143,0.11441
1769836140,0.11441,0.11441,0.11436,0.11438
1769836200,0.11438,0.11443,0.11438,0.11441
1769836260,0.11441,0.11449,0.1144,0.11448
1769836320,0.11448,0.11454,0.11448,0.11453
1769836380,0.11453,0.11457,0.11451,0.11456
1769836440,0.11456,0.11461,0.11456,0.1146
1769836500,0.1146,0.1146,0.11457,0.1146
1769836560,0.1146,0.1146,0.11457,0.11459
1769836620,0.11459,0.1146,0.11454,0.11457
1769836680,0.11457,0.11466,0.11457,0.11466
1769836740,0.11466,0.11467,0.11465,0.11466
1769836800,0.11466,0.11466,0.11456,0.11456
1769836860,0.11456,0.11456,0.11451,0.11455
1769836920,0.11455,0.11465,0.11455,0.11458
1769836980,0.11458,0.1146,0.1144,0.11448
1769837040,0.11448,0.11474,0.11448,0.11464
1769837100,0.11464,0.11466,0.11461,0.11463
1769837160,0.11463,0.11466,0.11458,0.11462
1769837220,0.11462,0.11469,0.11462,0.11469
1769837280,0.11469,0.11471,0.11464,0.11464
1769837340,0.11464,0.11464,0.11458,0.11463
1769837400,0.11463,0.11466,0.11463,0.11464
1769837460,0.11464,0.11467,0.11464,0.11465
1769837520,0.11465,0.11466,0.11458,0.11458
1769837580,0.11458,0.11458,0.11452,0.11454
1769837640,0.11454,0.1146,0.11454,0.11459
1769837700,0.11459,0.11459,0.11451,0.11453
1769837760,0.11453,0.11457,0.11452,0.11455
1769837820,0.11455,0.11456,0.11448,0.1145
1769837880,0.1145,0.11469,0.1145,0.11469
1769837940,0.11469,0.11472,0.11466,0.11466
1769838000,0.11466,0.11466,0.11461,0.11462
1769838060,0.11462,0.11467,0.11461,0.11464
1769838120,0.11464,0.11466,0.1146,0.11464
1769838180,0.11464,0.11465,0.11459,0.11459
1769838240,0.11459,0.11459,0.11457,0.11457
1769838300,0.11457,0.11457,0.11449,0.11449
1769838360,0.11449,0.11454,0.11449,0.11454
1769838420,0.11454,0.11468,0.11454,0.11468
1769838480,0.11468,0.11469,0.11456,0.11458
1769838540,0.11458,0.11464,0.11458,0.1146
1769838600,0.1146,0.11468,0.1146,0.11465
1769838660,0.11465,0.11466,0.1146,0.11464
1769838720,0.11464,0.11465,0.11461,0.11462
1769838780,0.11462,0.11464,0.11457,0.11457
1769838840,0.11457,0.11459,0.11457,0.11458
1769838900,0.11458,0.1146,0.11455,0.11456
1769838960,0.11456,0.11457,0.11455,0.11456
1769839020,0.11456,0.11456,0.11448,0.1145
1769839080,0.1145,0.11455,0.11449,0.11455
1769839140,0.11455,0.11463,0.11455,0.11463
1769839200,0.11463,0.11464,0.11457,0.11457
1769839260,0.11457,0.11459,0.11451,0.11459
1769839320,0.11459,0.11465,0.11457,0.11465
1769839380,0.11465,0.11466,0.11455,0.11455
1769839440,0.11455,0.11455,0.11441,0.11441
1769839500,0.11441,0.11442,0.11433,0.11434
1769839560,0.11434,0.11448,0.11434,0.11448
1769839620,0.11448,0.11448,0.11444,0.11444
1769839680,0.11444,0.11449,0.11443,0.11449
1769839740,0.11449,0.11451,0.11449,0.11449
1769839800,0.11449,0.11452,0.11444,0.11444
1769839860,0.11444,0.11453,0.11442,0.11452
1769839920,0.11452,0.11452,0.11444,0.11444
1769839980,0.11444,0.11444,0.1144,0.11442
1769840040,0.11442,0.11445,0.11442,0.11443
1769840100,0.11443,0.11446,0.11437,0.11446
1769840160,0.11446,0.1145,0.11443,0.11443
1769840220,0.11443,0.11443,0.1144,0.11442
1769840280,0.11442,0.11444,0.11442,0.11443
1769840340,0.11443,0.11443,0.1144,0.1144
1769840400,0.1144,0.11443,0.11437,0.11437
1769840460,0.11437,0.11437,0.11427,0.11432
1769840520,0.11432,0.11437,0.1143,0.1143
1769840580,0.1143,0.1143,0.11425,0.1143
1769840640,0.1143,0.1143,0.11424,0.11424
1769840700,0.11424,0.11424,0.1139,0.11395
1769840760,0.11395,0.11398,0.1138,0.11386
1769840820,0.11386,0.11386,0.11376,0.11383
1769840880,0.11383,0.11394,0.11366,0.11374
1769840940,0.11374,0.11374,0.11332,0.11359
1769841000,0.11359,0.11378,0.11359,0.1137
1769841060,0.1137,0.11371,0.11345,0.11346
1769841120,0.11346,0.11353,0.11344,0.11351
1769841180,0.11351,0.11354,0.11348,0.11352
1769841240,0.11352,0.11354,0.11345,0.11347
1769841300,0.11347,0.11351,0.11343,0.11348
1769841360,0.11348,0.11367,0.11346,0.11365
1769841420,0.11365,0.11367,0.1136,0.1136
1769841480,0.1136,0.1136,0.11351,0.11356
1769841540,0.11356,0.1136,0.11351,0.11352
1769841600,0.11352,0.11356,0.11337,0.11339
1769841660,0.11339,0.11349,0.11339,0.11346
1769841720,0.11346,0.11348,0.11345,0.11346
1769841780,0.11346,0.11353,0.11346,0.11353
1769841840,0.11353,0.11361,0.11353,0.11361
1769841900,0.11361,0.1137,0.11359,0.11363
1769841960,0.11363,0.11367,0.11356,0.11364
1769842020,0.11364,0.11377,0.1136,0.11376
1769842080,0.11376,0.11379,0.11362,0.11362
1769842140,0.11362,0.11362,0.11349,0.1135
1769842200,0.1135,0.11362,0.1135,0.11361
1769842260,0.11361,0.11383,0.11361,0.11378
1769842320,0.11378,0.11383,0.11374,0.11381
1769842380,0.11381,0.11385,0.11378,0.11379
1769842440,0.11379,0.11387,0.11379,0.11382
1769842500,0.11382,0.11389,0.11381,0.11386
1769842560,0.11386,0.11388,0.11382,0.11382
1769842620,0.11382,0.11385,0.11378,0.1138
1769842680,0.1138,0.11388,0.1138,0.11388
1769842740,0.11388,0.11388,0.11385,0.11385
1769842800,0.11385,0.11393,0.11385,0.11388
1769842860,0.11388,0.11388,0.11381,0.11385
1769842920,0.11385,0.11385,0.11383,0.11383
1769842980,0.11383,0.11385,0.11381,0.11381
1769843040,0.11381,0.11388,0.1138,0.11386
1769843100,0.11386,0.11398,0.11386,0.11398
1769843160,0.11398,0.11399,0.1138,0.1138
1769843220,0.1138,0.11384,0.11379,0.1138
1769843280,0.1138,0.11384,0.1138,0.11382
1769843340,0.11382,0.11383,0.11354,0.11363
1769843400,0.11363,0.11373,0.11362,0.11371
1769843460,0.11371,0.11373,0.11369,0.11372
1769843520,0.11372,0.11372,0.11363,0.11367
1769843580,0.11367,0.11371,0.11367,0.1137
1769843640,0.1137,0.11371,0.11365,0.11365
1769843700,0.11365,0.11369,0.11364,0.11369
1769843760,0.11369,0.1137,0.11366,0.11367
1769843820,0.11367,0.11367,0.11365,0.11365
1769843880,0.11365,0.11369,0.11361,0.11361
1769843940,0.11361,0.11362,0.11354,0.11356
1769844000,0.11356,0.11364,0.1135,0.11352
1769844060,0.11352,0.11354,0.11347,0.11347
1769844120,0.11347,0.11351,0.11345,0.1135
1769844180,0.1135,0.11359,0.1135,0.11359
1769844240,0.11359,0.11366,0.11355,0.11366
1769844300,0.11366,0.11371,0.1136,0.1136
1769844360,0.1136,0.11367,0.11359,0.11367
1769844420,0.11367,0.11368,0.11358,0.11358
1769844480,0.11358,0.1136,0.11354,0.11355
1769844540,0.11355,0.11355,0.11347,0.1135
1769844600,0.1135,0.1135,0.11328,0.1133
1769844660,0.1133,0.11338,0.11323,0.11338
1769844720,0.11338,0.11341,0.11312,0.11315
1769844780,0.11315,0.11315,0.11262,0.11299
1769844840,0.11299,0.113,0.1128,0.1128
1769844900,0.1128,0.11291,0.11274,0.11283
1769844960,0.11283,0.11285,0.11278,0.11278
1769845020,0.11278,0.11278,0.11249,0.11258
1769845080,0.11258,0.11259,0.11224,0.11233
1769845140,0.11233,0.11238,0.112,0.1123
1769845200,0.1123,0.1124,0.11226,0.11229
1769845260,0.11229,0.11242,0.11229,0.11235
1769845320,0.11235,0.11248,0.11235,0.11245
1769845380,0.11245,0.11248,0.11238,0.11248
1769845440,0.11248,0.11253,0.11244,0.11246
1769845500,0.11246,0.11266,0.11245,0.11265
1769845560,0.11265,0.11272,0.11257,0.11268
1769845620,0.11268,0.11288,0.11267,0.1128
1769845680,0.1128,0.11285,0.11271,0.11275
1769845740,0.11275,0.11279,0.11268,0.11268
1769845800,0.11268,0.11279,0.11263,0.11264
1769845860,0.11264,0.11267,0.11259,0.11266
1769845920,0.11266,0.11276,0.11265,0.11269
1769845980,0.11269,0.11275,0.11265,0.11271
1769846040,0.11271,0.11273,0.11267,0.11273
1769846100,0.11273,0.11276,0.11269,0.11276
1769846160,0.11276,0.11276,0.11264,0.11267
1769846220,0.11267,0.11281,0.11266,0.11279
1769846280,0.11279,0.1128,0.11274,0.11274
1769846340,0.11274,0.11275,0.11267,0.11273
1769846400,0.11273,0.11285,0.11273,0.11285
1769846460,0.11285,0.11293,0.11284,0.11293
1769846520,0.11293,0.11299,0.11286,0.11293
1769846580,0.11293,0.11298,0.1129,0.1129
1769846640,0.1129,0.1129,0.11276,0.11281
1769846700,0.11281,0.11287,0.11281,0.11287
1769846760,0.11287,0.11295,0.11286,0.11293
1769846820,0.11293,0.11295,0.11279,0.11279
1769846880,0.11279,0.11281,0.11276,0.11278
1769846940,0.11278,0.11282,0.11277,0.11279
1769847000,0.11279,0.1128,0.11255,0.11272
1769847060,0.11272,0.11273,0.11258,0.11265
1769847120,0.11265,0.11268,0.11247,0.11254
1769847180,0.11254,0.11268,0.11253,0.11256
1769847240,0.11256,0.11267,0.11254,0.11267
1769847300,0.11267,0.11267,0.11238,0.11245
1769847360,0.11245,0.11251,0.11214,0.11228
1769847420,0.11228,0.1123,0.11168,0.11218
1769847480,0.11218,0.11231,0.11211,0.11226
1769847540,0.11226,0.11241,0.11224,0.11226
1769847600,0.11226,0.11239,0.11225,0.11236
1769847660,0.11236,0.11244,0.11232,0.11234
1769847720,0.11234,0.11237,0.11223,0.11231
1769847780,0.11231,0.11246,0.11225,0.11243
1769847840,0.11243,0.11243,0.11228,0.11229
1769847900,0.11229,0.1124,0.11226,0.11229
1769847960,0.11229,0.11234,0.11225,0.11226
1769848020,0.11226,0.11227,0.11219,0.1122
1769848080,0.1122,0.1122,0.11207,0.11215
1769848140,0.11215,0.11223,0.11212,0.11215
1769848200,0.11215,0.11215,0.11191,0.11197
1769848260,0.11197,0.112,0.11192,0.11192
1769848320,0.11192,0.1121,0.11186,0.11202
1769848380,0.11202,0.11202,0.11158,0.11168
1769848440,0.11168,0.1118,0.11165,0.11175
1769848500,0.11175,0.11175,0.11129,0.11153
1769848560,0.11153,0.11153,0.11121,0.11134
1769848620,0.11134,0.11167,0.11096,0.11158
1769848680,0.11158,0.11162,0.11147,0.11148
1769848740,0.11148,0.11149,0.11133,0.11135
1769848800,0.11135,0.11143,0.11068,0.11093
1769848860,0.11093,0.11136,0.11082,0.11123
1769848920,0.11123,0.11123,0.11078,0.11078
1769848980,0.11078,0.11093,0.11014,0.11084
1769849040,0.11084,0.11103,0.11075,0.11098
1769849100,0.11098,0.11108,0.1107,0.11085
1769849160,0.11085,0.11096,0.11078,0.11087
1769849220,0.11087,0.11095,0.11064,0.11075
1769849280,0.11075,0.11076,0.1106,0.11075
1769849340,0.11075,0.11093,0.11074,0.11074
1769849400,0.11074,0.11094,0.11073,0.11085
1769849460,0.11085,0.11131,0.11084,0.11118
1769849520,0.11118,0.11127,0.11109,0.11116
1769849580,0.11116,0.11139,0.11116,0.11138
1769849640,0.11138,0.11162,0.11131,0.11142
1769849700,0.11142,0.11162,0.11141,0.11161
1769849760,0.11161,0.11161,0.11155,0.11161
1769849820,0.11161,0.11173,0.11155,0.11158
1769849880,0.11158,0.11163,0.11147,0.11149
1769849940,0.11149,0.11155,0.11148,0.11153
1769850000,0.11153,0.11162,0.11152,0.11153
1769850060,0.11153,0.11153,0.11136,0.11141
1769850120,0.11141,0.11159,0.11141,0.11159
1769850180,0.11159,0.11177,0.11159,0.1117
1769850240,0.1117,0.11178,0.11159,0.11159
1769850300,0.11159,0.11184,0.11159,0.11183
1769850360,0.11183,0.11185,0.11153,0.11153
1769850420,0.11153,0.11166,0.11153,0.11166
1769850480,0.11166,0.11171,0.11165,0.11165
1769850540,0.11165,0.11178,0.11165,0.11176
1769850600,0.11176,0.11186,0.11176,0.11185
1769850660,0.11185,0.11189,0.11182,0.11182
1769850720,0.11182,0.11185,0.11182,0.11183
1769850780,0.11183,0.11193,0.11183,0.1119
1769850840,0.1119,0.11196,0.11184,0.11185
1769850900,0.11185,0.1119,0.11182,0.1119
1769850960,0.1119,0.11193,0.11166,0.1118
1769851020,0.1118,0.11192,0.1118,0.11192
1769851080,0.11192,0.11193,0.11189,0.11189
1769851140,0.11189,0.1119,0.11178,0.11182
1769851200,0.11182,0.11184,0.11169,0.11172
1769851260,0.11172,0.11174,0.11156,0.11162
1769851320,0.11162,0.11163,0.11153,0.1116
1769851380,0.1116,0.11168,0.1116,0.11162
1769851440,0.11162,0.11163,0.11142,0.11142
1769851500,0.11142,0.11145,0.11133,0.11137
1769851560,0.11137,0.11146,0.11135,0.11145
1769851620,0.11145,0.11153,0.11145,0.11147
1769851680,0.11147,0.1115,0.11146,0.11148
1769851740,0.11148,0.11158,0.11148,0.11156
1769851800,0.11156,0.11179,0.11156,0.11175
1769851860,0.11175,0.11205,0.11175,0.1119
1769851920,0.1119,0.11228,0.1119,0.11224
1769851980,0.11224,0.11256,0.11224,0.11238
1769852040,0.11238,0.11244,0.11222,0.11224
1769852100,0.11224,0.11236,0.11224,0.11232
1769852160,0.11232,0.11232,0.11214,0.11218
1769852220,0.11218,0.11231,0.11203,0.11211
1769852280,0.11211,0.11225,0.11207,0.11208
1769852340,0.11208,0.11218,0.11203,0.1121
1769852400,0.1121,0.11213,0.11207,0.11207
1769852460,0.11207,0.11208,0.11205,0.11206
1769852520,0.11206,0.1121,0.11195,0.11205
1769852580,0.11205,0.11206,0.11194,0.11194
1769852640,0.11194,0.11197,0.11191,0.11194
1769852700,0.11194,0.11194,0.11187,0.11188
1769852760,0.11188,0.11189,0.11185,0.11186
1769852820,0.11186,0.11189,0.11179,0.11182
1769852880,0.11182,0.11188,0.11182,0.11183
1769852940,0.11183,0.11183,0.11177,0.11181
1769853000,0.11181,0.11205,0.1118,0.11196
1769853060,0.11196,0.11196,0.11192,0.11193
1769853120,0.11193,0.11194,0.11188,0.11193
1769853180,0.11193,0.112,0.11192,0.112
1769853240,0.112,0.11204,0.112,0.11203
1769853300,0.11203,0.11214,0.11203,0.11207
1769853360,0.11207,0.11213,0.11207,0.11211
1769853420,0.11211,0.11211,0.11207,0.1121
1769853480,0.1121,0.1121,0.11206,0.11207
1769853540,0.11207,0.11207,0.11197,0.11197
1769853600,0.11197,0.11202,0.11194,0.11201
1769853660,0.11201,0.11206,0.11193,0.11193
1769853720,0.11193,0.11194,0.11185,0.11189
1769853780,0.11189,0.11197,0.11185,0.11187
1769853840,0.11187,0.11187,0.11165,0.11177
1769853900,0.11177,0.11187,0.11177,0.11184
1769853960,0.11184,0.11186,0.11178,0.11179
1769854020,0.11179,0.1118,0.11164,0.11164
1769854080,0.11164,0.11169,0.11158,0.11162
1769854140,0.11162,0.11166,0.11153,0.11158
1769854200,0.11158,0.1116,0.11154,0.11156
1769854260,0.11156,0.11164,0.11156,0.11162
1769854320,0.11162,0.11162,0.11147,0.1116
1769854380,0.1116,0.11166,0.1116,0.11162
1769854440,0.11162,0.11165,0.11161,0.11165
1769854500,0.11165,0.11177,0.11165,0.11177
1769854560,0.11177,0.11178,0.11166,0.11169
1769854620,0.11169,0.11179,0.11165,0.11179
1769854680,0.11179,0.11182,0.1117,0.11172
1769854740,0.11172,0.11182,0.11171,0.11182
1769854800,0.11182,0.11194,0.11182,0.11185
1769854860,0.11185,0.11196,0.11185,0.11195
1769854920,0.11195,0.11197,0.1119,0.11192
1769854980,0.11192,0.11201,0.11192,0.11194
1769855040,0.11194,0.11194,0.11185,0.11186
1769855100,0.11186,0.11208,0.11186,0.11207
1769855160,0.11207,0.11211,0.11202,0.11202
1769855220,0.11202,0.11203,0.112,0.11203
1769855280,0.11203,0.11203,0.11202,0.11203
1769855340,0.11203,0.11214,0.11203,0.11212
1769855400,0.11212,0.11227,0.11208,0.11227
1769855460,0.11227,0.11235,0.11221,0.11235
1769855520,0.11235,0.11247,0.11235,0.11241
1769855580,0.11241,0.11241,0.11225,0.11225
1769855640,0.11225,0.11225,0.1121,0.11212
1769855700,0.11212,0.11217,0.11208,0.1121
1769855760,0.1121,0.11214,0.11208,0.11214
1769855820,0.11214,0.11215,0.11208,0.11215
1769855880,0.11215,0.11215,0.11209,0.11212
1769855940,0.11212,0.1122,0.11211,0.11217
1769856000,0.11217,0.11219,0.11213,0.11213
1769856060,0.11213,0.11221,0.11213,0.11217
1769856120,0.11217,0.11226,0.11217,0.11223
1769856180,0.11223,0.11224,0.11216,0.11222
1769856240,0.11222,0.11223,0.11217,0.11217
1769856300,0.11217,0.11219,0.11217,0.11217
1769856360,0.11217,0.1122,0.11217,0.1122
1769856420,0.1122,0.11222,0.11211,0.11213
1769856480,0.11213,0.11214,0.11212,0.11212
1769856540,0.11212,0.11215,0.1121,0.1121
1769856600,0.1121,0.11217,0.1121,0.11217
1769856660,0.11217,0.11218,0.11205,0.11205
1769856720,0.11205,0.11214,0.11205,0.11214
1769856780,0.11214,0.11215,0.11214,0.11214
1769856840,0.11214,0.11215,0.11209,0.11211
1769856900,0.11211,0.11214,0.11211,0.11211
1769856960,0.11211,0.11212,0.11203,0.11204
1769857020,0.11204,0.11205,0.11204,0.11204
1769857080,0.11204,0.11204,0.11194,0.11194
1769857140,0.11194,0.11195,0.1119,0.11192
1769857200,0.11192,0.11193,0.11175,0.11176
1769857260,0.11176,0.11176,0.1117,0.11172
1769857320,0.11172,0.11174,0.11158,0.11162
1769857380,0.11162,0.11175,0.11162,0.1117
1769857440,0.1117,0.11171,0.11166,0.11167
1769857500,0.11167,0.11168,0.11162,0.11163
1769857560,0.11163,0.11174,0.11159,0.11172
1769857620,0.11172,0.11172,0.11168,0.11169
1769857680,0.11169,0.11169,0.11163,0.11164
1769857740,0.11164,0.11165,0.11158,0.11161
1769857800,0.11161,0.11162,0.11142,0.11152
1769857860,0.11152,0.11154,0.11147,0.11151
1769857920,0.11151,0.11151,0.11147,0.11148
1769857980,0.11148,0.11149,0.11139,0.11144
1769858040,0.11144,0.11148,0.1114,0.11148
1769858100,0.11148,0.11148,0.11141,0.11147
1769858160,0.11147,0.11157,0.11146,0.11152
1769858220,0.11152,0.11153,0.11147,0.11147
1769858280,0.11147,0.11157,0.11147,0.11151
1769858340,0.11151,0.11156,0.11149,0.11156
1769858400,0.11156,0.11174,0.11156,0.1117
1769858460,0.1117,0.11179,0.1117,0.11179
1769858520,0.11179,0.11183,0.11179,0.11182
1769858580,0.11182,0.11187,0.11182,0.11184
1769858640,0.11184,0.11186,0.11179,0.11186
1769858700,0.11186,0.11191,0.11182,0.11191
1769858760,0.11191,0.11196,0.1119,0.11194
1769858820,0.11194,0.11197,0.11192,0.11193
1769858880,0.11193,0.11198,0.11192,0.11192
1769858940,0.11192,0.11198,0.11191,0.11197
1769859000,0.11197,0.11198,0.11195,0.11195
1769859060,0.11195,0.11203,0.11195,0.11203
1769859120,0.11203,0.11205,0.11195,0.11198
1769859180,0.11198,0.11198,0.11192,0.11192
1769859240,0.11192,0.11192,0.11186,0.11188
1769859300,0.11188,0.11194,0.11186,0.11194
1769859360,0.11194,0.11196,0.11192,0.11192
1769859420,0.11192,0.11192,0.1119,0.11192
1769859480,0.11192,0.11203,0.11192,0.11202
1769859540,0.11202,0.11202,0.11198,0.112
1769859600,0.112,0.11202,0.11198,0.112
1769859660,0.112,0.11205,0.112,0.11204
1769859720,0.11204,0.11204,0.11199,0.112
1769859780,0.112,0.11203,0.112,0.11203
1769859840,0.11203,0.11203,0.11188,0.1119
1769859900,0.1119,0.11193,0.11187,0.11188
1769859960,0.11188,0.11188,0.11168,0.1117
1769860020,0.1117,0.11178,0.11169,0.11177
1769860080,0.11177,0.11177,0.11166,0.11166
1769860140,0.11166,0.11176,0.11164,0.11175
1769860200,0.11175,0.11175,0.11167,0.11172
1769860260,0.11172,0.11175,0.11156,0.11175
1769860320,0.11175,0.11175,0.11161,0.11164
1769860380,0.11164,0.11179,0.11164,0.11175
1769860440,0.11175,0.11184,0.11171,0.11181
1769860500,0.11181,0.11181,0.11177,0.11178
1769860560,0.11178,0.11185,0.11178,0.11181
1769860620,0.11181,0.11181,0.11177,0.11177
1769860680,0.11177,0.1118,0.11172,0.11172
1769860740,0.11172,0.11182,0.11172,0.11181
1769860800,0.11181,0.11181,0.1117,0.1117
1769860860,0.1117,0.11174,0.11161,0.11161
1769860920,0.11161,0.11165,0.1116,0.11161
1769860980,0.11161,0.11168,0.11159,0.1116
1769861040,0.1116,0.11163,0.11157,0.11159
1769861100,0.11159,0.1116,0.11151,0.11154
1769861160,0.11154,0.11156,0.11151,0.11151
1769861220,0.11151,0.11153,0.1115,0.11151
1769861280,0.11151,0.11162,0.11149,0.11157
1769861340,0.11157,0.11166,0.11156,0.1116
1769861400,0.1116,0.11164,0.11134,0.11144
1769861460,0.11144,0.11157,0.1114,0.1114
1769861520,0.1114,0.11147,0.11133,0.1114
1769861580,0.1114,0.1114,0.11118,0.11127
1769861640,0.11127,0.1114,0.11127,0.11132
1769861700,0.11132,0.11133,0.11127,0.11128
1769861760,0.11128,0.11151,0.11128,0.11146
1769861820,0.11146,0.11148,0.11138,0.11142
1769861880,0.11142,0.11142,0.11131,0.11137
1769861940,0.11137,0.11155,0.11135,0.11155
1769862000,0.11155,0.11167,0.11155,0.11164
1769862060,0.11164,0.11165,0.11144,0.11145
1769862120,0.11145,0.11156,0.1114,0.11156
1769862180,0.11156,0.11164,0.11156,0.11163
1769862240,0.11163,0.11168,0.11161,0.11164
1769862300,0.11164,0.11166,0.1116,0.11162
1769862360,0.11162,0.11164,0.11157,0.11163
1769862420,0.11163,0.11165,0.11161,0.11164
1769862480,0.11164,0.11168,0.11163,0.11166
1769862540,0.11166,0.11172,0.11163,0.1117
1769862600,0.1117,0.11171,0.11161,0.11165
1769862660,0.11165,0.11166,0.11148,0.11149
1769862720,0.11149,0.11161,0.11141,0.11159
1769862780,0.11159,0.11163,0.11146,0.11147
1769862840,0.11147,0.11154,0.11142,0.11149
1769862900,0.11149,0.1115,0.1114,0.11145
1769862960,0.11145,0.11152,0.11142,0.11147
1769863020,0.11147,0.11148,0.1112,0.11141
1769863080,0.11141,0.11157,0.1114,0.11151
1769863140,0.11151,0.11152,0.11143,0.11143
1769863200,0.11143,0.11155,0.11143,0.11155
1769863260,0.11155,0.11159,0.11153,0.11159
1769863320,0.11159,0.11159,0.1115,0.11153
1769863380,0.11153,0.11157,0.1115,0.11157
1769863440,0.11157,0.11157,0.11151,0.11153
1769863500,0.11153,0.11164,0.11153,0.11158
1769863560,0.11158,0.11158,0.1115,0.1115
1769863620,0.1115,0.1115,0.11137,0.11142
1769863680,0.11142,0.11142,0.11123,0.11123
1769863740,0.11123,0.11125,0.11111,0.11123
1769863800,0.11123,0.11124,0.11107,0.11109
1769863860,0.11109,0.11116,0.111,0.11106
1769863920,0.11106,0.11118,0.11105,0.11112
1769863980,0.11112,0.1113,0.11112,0.1113
1769864040,0.1113,0.11135,0.11126,0.11135
1769864100,0.11135,0.11143,0.11125,0.11132
1769864160,0.11132,0.11149,0.11132,0.11145
1769864220,0.11145,0.11145,0.11125,0.11125
1769864280,0.11125,0.11129,0.1112,0.11125
1769864340,0.11125,0.11129,0.11113,0.11127
1769864400,0.11127,0.1113,0.11119,0.11126
1769864460,0.11126,0.1113,0.1112,0.1112
1769864520,0.1112,0.11129,0.11115,0.11122
1769864580,0.11122,0.11122,0.11102,0.11113
1769864640,0.11113,0.11114,0.11106,0.11112
1769864700,0.11112,0.11124,0.11112,0.11118
1769864760,0.11118,0.11124,0.11116,0.11122
1769864820,0.11122,0.11125,0.11117,0.11124
1769864880,0.11124,0.11132,0.11123,0.1113
1769864940,0.1113,0.11136,0.11126,0.11133
1769865000,0.11133,0.11133,0.11094,0.11101
1769865060,0.11101,0.11117,0.111,0.11117
1769865120,0.11117,0.11117,0.11108,0.11108
1769865180,0.11108,0.1111,0.1109,0.11093
1769865240,0.11093,0.11113,0.11093,0.111
1769865300,0.111,0.11108,0.111,0.11107
1769865360,0.11107,0.1111,0.11103,0.11109
1769865420,0.11109,0.11113,0.11108,0.11112
1769865480,0.11112,0.11121,0.11112,0.11118
1769865540,0.11118,0.11118,0.11068,0.1109
1769865600,0.1109,0.11098,0.11086,0.11089
1769865660,0.11089,0.11094,0.11088,0.11094
1769865720,0.11094,0.11094,0.1108,0.11085
1769865780,0.11085,0.11089,0.11083,0.11084
1769865840,0.11084,0.11088,0.11078,0.11081
1769865900,0.11081,0.11097,0.11078,0.11086
1769865960,0.11086,0.11095,0.11079,0.11087
1769866020,0.11087,0.11087,0.11073,0.11075
1769866080,0.11075,0.1108,0.11071,0.11075
1769866140,0.11075,0.11086,0.11075,0.11085
1769866200,0.11085,0.11089,0.11077,0.1108
1769866260,0.1108,0.11093,0.11078,0.11081
1769866320,0.11081,0.11085,0.11041,0.11047
1769866380,0.11047,0.11058,0.11033,0.11046
1769866440,0.11046,0.11046,0.11012,0.11021
1769866500,0.11021,0.11058,0.11019,0.11058
1769866560,0.11058,0.11075,0.11036,0.11038
1769866620,0.11038,0.11052,0.11038,0.11046
1769866680,0.11046,0.11052,0.11035,0.11043
1769866740,0.11043,0.11055,0.11043,0.1105
1769866800,0.1105,0.11064,0.1105,0.11055
1769866860,0.11055,0.11066,0.11054,0.11057
1769866920,0.11057,0.1106,0.11048,0.11055
1769866980,0.11055,0.11056,0.11035,0.11048
1769867040,0.11048,0.11067,0.11048,0.1106
1769867100,0.1106,0.11061,0.11048,0.11052
1769867160,0.11052,0.11078,0.11051,0.11066
1769867220,0.11066,0.11079,0.11064,0.11065
1769867280,0.11065,0.11075,0.11065,0.11075
1769867340,0.11075,0.11075,0.11063,0.11075
1769867400,0.11075,0.11075,0.11062,0.11071
1769867460,0.11071,0.11078,0.11064,0.11065
1769867520,0.11065,0.11073,0.11058,0.11068
1769867580,0.11068,0.11081,0.11068,0.11076
1769867640,0.11076,0.11081,0.11068,0.11073
1769867700,0.11073,0.11079,0.11066,0.11068
1769867760,0.11068,0.11075,0.11067,0.11071
1769867820,0.11071,0.11076,0.11069,0.11072
1769867880,0.11072,0.11078,0.11071,0.11078
1769867940,0.11078,0.11082,0.11072,0.11079
1769868000,0.11079,0.11097,0.11079,0.11092
1769868060,0.11092,0.11098,0.11067,0.11067
1769868120,0.11067,0.11067,0.11051,0.11052
1769868180,0.11052,0.11065,0.11052,0.11059
1769868240,0.11059,0.11078,0.11059,0.11078
1769868300,0.11078,0.11116,0.11074,0.11088
1769868360,0.11088,0.11099,0.11086,0.11099
1769868420,0.11099,0.11099,0.11064,0.11064
1769868480,0.11064,0.11064,0.11021,0.11024
1769868540,0.11024,0.11031,0.11016,0.11026
1769868600,0.11026,0.11047,0.10978,0.10993
1769868660,0.10993,0.11035,0.10991,0.11017
1769868720,0.11017,0.11023,0.10997,0.11012
1769868780,0.11012,0.11016,0.11,0.11016
1769868840,0.11016,0.11024,0.1096,0.11015
1769868900,0.11015,0.11023,0.10973,0.1101
1769868960,0.1101,0.11026,0.11006,0.11026
1769869020,0.11026,0.1103,0.10988,0.10999
1769869080,0.10999,0.10999,0.10926,0.10937
1769869140,0.10937,0.10962,0.10924,0.10934
1769869200,0.10934,0.10957,0.10933,0.10945
1769869260,0.10945,0.10967,0.10934,0.10941
1769869320,0.10941,0.10949,0.10904,0.10905
1769869380,0.10905,0.10922,0.10861,0.10891
1769869440,0.10891,0.10901,0.10823,0.10853
1769869500,0.10853,0.10899,0.10838,0.10862
1769869560,0.10862,0.10878,0.10477,0.10652
1769869620,0.10652,0.10724,0.10576,0.10685
1769869680,0.10685,0.10708,0.10618,0.10668
1769869740,0.10668,0.10717,0.10635,0.10685
1769869800,0.10685,0.10743,0.10662,0.10731
1769869860,0.10731,0.10741,0.10645,0.10648
1769869920,0.10648,0.10723,0.10632,0.10722
1769869980,0.10722,0.10736,0.10691,0.10701
1769870040,0.10701,0.10724,0.10681,0.10702
1769870100,0.10702,0.10723,0.1069,0.10715
1769870160,0.10715,0.10724,0.10648,0.10666
1769870220,0.10666,0.10676,0.10619,0.10642
1769870280,0.10642,0.10666,0.10569,0.10637
1769870340,0.10637,0.10672,0.10608,0.10652
1769870400,0.10652,0.10654,0.10625,0.10625
1769870460,0.10625,0.10661,0.10617,0.10623
1769870520,0.10623,0.10643,0.10602,0.10625
1769870580,0.10625,0.10641,0.10612,0.1062
1769870640,0.1062,0.1064,0.10604,0.10629
1769870700,0.10629,0.10663,0.10583,0.10651
1769870760,0.10651,0.10707,0.10642,0.10682
1769870820,0.10682,0.10693,0.10658,0.10658
1769870880,0.10658,0.10699,0.10658,0.10694
1769870940,0.10694,0.10701,0.1066,0.10661
1769871000,0.10661,0.10676,0.10652,0.10654
1769871060,0.10654,0.10672,0.1065,0.10669
1769871120,0.10669,0.10675,0.10661,0.1067
1769871180,0.1067,0.10682,0.10663,0.10672
1769871240,0.10672,0.10725,0.10666,0.10717
1769871300,0.10717,0.10738,0.10704,0.1072
1769871360,0.1072,0.10721,0.10676,0.10689
1769871420,0.10689,0.10705,0.10688,0.10699
1769871480,0.10699,0.10708,0.10692,0.10698
1769871540,0.10698,0.107,0.10688,0.10688
1769871600,0.10688,0.10728,0.10679,0.10705
1769871660,0.10705,0.10705,0.10673,0.1068
1769871720,0.1068,0.10702,0.10679,0.10698
1769871780,0.10698,0.10703,0.10688,0.10696
1769871840,0.10696,0.10698,0.1068,0.10694
1769871900,0.10694,0.10786,0.10694,0.1078
1769871960,0.1078,0.10811,0.10776,0.10791
1769872020,0.10791,0.10798,0.10777,0.10798
1769872080,0.10798,0.10804,0.1076,0.10762
1769872140,0.10762,0.10775,0.10754,0.10763
1769872200,0.10763,0.10764,0.10746,0.10764
1769872260,0.10764,0.10765,0.10752,0.10758
1769872320,0.10758,0.1077,0.10752,0.10758
1769872380,0.10758,0.10764,0.10746,0.10759
1769872440,0.10759,0.10768,0.10748,0.10761
1769872500,0.10761,0.10765,0.10752,0.10755
1769872560,0.10755,0.10755,0.10729,0.10741
1769872620,0.10741,0.10758,0.10729,0.10758
1769872680,0.10758,0.10776,0.10756,0.10776
1769872740,0.10776,0.10783,0.10763,0.10763
1769872800,0.10763,0.10768,0.1074,0.1074
1769872860,0.1074,0.10745,0.1073,0.10734
1769872920,0.10734,0.10734,0.10714,0.10727
1769872980,0.10727,0.10727,0.10701,0.10706
1769873040,0.10706,0.10712,0.10685,0.10694
1769873100,0.10694,0.10717,0.10691,0.107
1769873160,0.107,0.10725,0.10697,0.10703
1769873220,0.10703,0.10709,0.10697,0.10706
1769873280,0.10706,0.10728,0.10706,0.10723
1769873340,0.10723,0.10735,0.10723,0.10731
1769873400,0.10731,0.10751,0.10726,0.10741
1769873460,0.10741,0.10747,0.10722,0.10722
1769873520,0.10722,0.1077,0.10715,0.10768
1769873580,0.10768,0.10776,0.10752,0.10754
1769873640,0.10754,0.10762,0.10748,0.1076
1769873700,0.1076,0.1076,0.10738,0.10738
1769873760,0.10738,0.10738,0.10705,0.10714
1769873820,0.10714,0.10714,0.10697,0.10709
1769873880,0.10709,0.10724,0.10706,0.10712
1769873940,0.10712,0.10745,0.10705,0.10733
1769874000,0.10733,0.10733,0.10722,0.10723
1769874060,0.10723,0.10736,0.10716,0.10733
1769874120,0.10733,0.10733,0.10716,0.10725
1769874180,0.10725,0.10729,0.10718,0.10725
1769874240,0.10725,0.10735,0.10723,0.10734
1769874300,0.10734,0.10745,0.10727,0.10737
1769874360,0.10737,0.10743,0.10716,0.10717
1769874420,0.10717,0.10728,0.1071,0.10712
1769874480,0.10712,0.1074,0.10712,0.1074
1769874540,0.1074,0.10749,0.10728,0.10735
1769874600,0.10735,0.10739,0.1071,0.10722
1769874660,0.10722,0.10722,0.10705,0.10712
1769874720,0.10712,0.10719,0.10705,0.10707
1769874780,0.10707,0.10708,0.10697,0.10698
1769874840,0.10698,0.10713,0.1069,0.107
1769874900,0.107,0.10706,0.10699,0.10704
1769874960,0.10704,0.10708,0.10694,0.10701
1769875020,0.10701,0.10701,0.10651,0.10664
1769875080,0.10664,0.10673,0.1065,0.10664
1769875140,0.10664,0.10684,0.10664,0.1067
1769875200,0.1067,0.10695,0.10668,0.10695
1769875260,0.10695,0.10696,0.10673,0.10674
1769875320,0.10674,0.10688,0.10668,0.10684
1769875380,0.10684,0.10705,0.10676,0.1069
1769875440,0.1069,0.10696,0.10681,0.10686
1769875500,0.10686,0.10686,0.10664,0.10664
1769875560,0.10664,0.10677,0.10663,0.10671
1769875620,0.10671,0.10671,0.10614,0.10649
1769875680,0.10649,0.10659,0.10633,0.10645
1769875740,0.10645,0.10646,0.10608,0.10612
1769875800,0.10612,0.10683,0.10612,0.10682
1769875860,0.10682,0.10692,0.1067,0.10674
1769875920,0.10674,0.10702,0.10674,0.10686
1769875980,0.10686,0.10686,0.10665,0.10667
1769876040,0.10667,0.10671,0.10656,0.10664
1769876100,0.10664,0.10667,0.10653,0.10654
1769876160,0.10654,0.10654,0.10602,0.10607
1769876220,0.10607,0.10696,0.10595,0.10683
1769876280,0.10683,0.10767,0.10677,0.10744
1769876340,0.10744,0.10745,0.10716,0.10717
1769876400,0.10717,0.10754,0.10686,0.10749
1769876460,0.10749,0.10804,0.10736,0.1075
1769876520,0.1075,0.10764,0.10729,0.10759
1769876580,0.10759,0.10797,0.10759,0.10768
1769876640,0.10768,0.10787,0.10763,0.10766
1769876700,0.10766,0.1078,0.10741,0.10744
1769876760,0.10744,0.10749,0.10725,0.10733
1769876820,0.10733,0.10734,0.10694,0.10699
1769876880,0.10699,0.10706,0.10681,0.10697
1769876940,0.10697,0.10705,0.10691,0.107
1769877000,0.107,0.10711,0.1069,0.10706
1769877060,0.10706,0.10715,0.10684,0.10712
1769877120,0.10712,0.10717,0.10686,0.10689
1769877180,0.10689,0.10697,0.10675,0.10682
1769877240,0.10682,0.10688,0.10668,0.10671
1769877300,0.10671,0.1068,0.1066,0.10661
1769877360,0.10661,0.10666,0.10641,0.10647
1769877420,0.10647,0.10667,0.10646,0.10657
1769877480,0.10657,0.10668,0.10642,0.10651
1769877540,0.10651,0.10652,0.10628,0.1063
1769877600,0.1063,0.10637,0.1061,0.10628
1769877660,0.10628,0.10645,0.10628,0.10643
1769877720,0.10643,0.10646,0.1064,0.10644
1769877780,0.10644,0.10652,0.10616,0.1062
1769877840,0.1062,0.10628,0.10616,0.1062
1769877900,0.1062,0.1062,0.1059,0.106
1769877960,0.106,0.10603,0.10579,0.10579
1769878020,0.10579,0.10585,0.10476,0.10512
1769878080,0.10512,0.1059,0.105,0.1056
1769878140,0.1056,0.1058,0.1054,0.10564
1769878200,0.10564,0.10578,0.10562,0.10566
1769878260,0.10566,0.10569,0.10532,0.10535
1769878320,0.10535,0.10575,0.10535,0.10562
1769878380,0.10562,0.10562,0.10513,0.10513
1769878440,0.10513,0.10546,0.10512,0.10518
1769878500,0.10518,0.10532,0.10511,0.10525
1769878560,0.10525,0.10543,0.10515,0.10533
1769878620,0.10533,0.10534,0.1046,0.10495
1769878680,0.10495,0.10535,0.10494,0.10511
1769878740,0.10511,0.10537,0.1051,0.10523
1769878800,0.10523,0.10542,0.10514,0.10542
1769878860,0.10542,0.10556,0.10513,0.10516
1769878920,0.10516,0.10528,0.10512,0.10522
1769878980,0.10522,0.10541,0.10508,0.10538
1769879040,0.10538,0.1054,0.10517,0.10518
1769879100,0.10518,0.10518,0.10475,0.10487
1769879160,0.10487,0.10526,0.10481,0.10505
1769879220,0.10505,0.10513,0.10502,0.10508
1769879280,0.10508,0.10509,0.10407,0.10422
1769879340,0.10422,0.10467,0.10403,0.10406
1769879400,0.10406,0.10419,0.10248,0.10311
1769879460,0.10311,0.1034,0.09947,0.10053
1769879520,0.10053,0.10187,0.09862,0.10094
1769879580,0.10094,0.1026,0.10054,0.10257
1769879640,0.10257,0.10309,0.10145,0.10157
1769879700,0.10157,0.10272,0.10153,0.10237
1769879760,0.10237,0.10275,0.10203,0.10208
1769879820,0.10208,0.10265,0.10207,0.10223
1769879880,0.10223,0.10259,0.10215,0.10246
1769879940,0.10246,0.10268,0.10213,0.10217
1769880000,0.10217,0.10222,0.10147,0.1019
1769880060,0.1019,0.10205,0.10153,0.10193
1769880120,0.10193,0.10214,0.10165,0.10202
1769880180,0.10202,0.10221,0.10175,0.10194
1769880240,0.10194,0.10265,0.10191,0.10216
1769880300,0.10216,0.10234,0.10196,0.10217
1769880360,0.10217,0.10235,0.10173,0.10192
1769880420,0.10192,0.10238,0.10184,0.10212
1769880480,0.10212,0.10222,0.10179,0.10204
1769880540,0.10204,0.10224,0.10199,0.10215
1769880600,0.10215,0.1025,0.10186,0.10201
1769880660,0.10201,0.10223,0.10191,0.10193
1769880720,0.10193,0.10215,0.10188,0.10188
1769880780,0.10188,0.10189,0.1013,0.10142
1769880840,0.10142,0.10179,0.10132,0.10132
1769880900,0.10132,0.10178,0.10114,0.10162
1769880960,0.10162,0.10259,0.10162,0.1024
1769881020,0.1024,0.1026,0.10198,0.10205
1769881080,0.10205,0.1022,0.10181,0.10191
1769881140,0.10191,0.10197,0.10172,0.10177
1769881200,0.10177,0.10188,0.1015,0.10161
1769881260,0.10161,0.10176,0.10158,0.10159
1769881320,0.10159,0.10168,0.10151,0.10151
1769881380,0.10151,0.10176,0.10151,0.10176
1769881440,0.10176,0.10197,0.10167,0.10178
1769881500,0.10178,0.1022,0.10178,0.10212
1769881560,0.10212,0.10215,0.1016,0.10164
1769881620,0.10164,0.10164,0.10129,0.10132
1769881680,0.10132,0.10143,0.10103,0.10116
1769881740,0.10116,0.10123,0.10107,0.10109
1769881800,0.10109,0.10147,0.10109,0.10134
1769881860,0.10134,0.10184,0.10131,0.10164
1769881920,0.10164,0.10178,0.10143,0.1017
1769881980,0.1017,0.10188,0.1017,0.10179
1769882040,0.10179,0.1018,0.1016,0.10173
1769882100,0.10173,0.10216,0.1017,0.10193
1769882160,0.10193,0.10203,0.10185,0.10202
1769882220,0.10202,0.10204,0.10171,0.10191
1769882280,0.10191,0.10199,0.10186,0.10189
1769882340,0.10189,0.10208,0.10188,0.10204
1769882400,0.10204,0.10253,0.10201,0.1025
1769882460,0.1025,0.10252,0.1021,0.10222
1769882520,0.10222,0.10237,0.10214,0.10227
1769882580,0.10227,0.10227,0.10188,0.10189
1769882640,0.10189,0.10198,0.10178,0.10198
1769882700,0.10198,0.10235,0.10198,0.10224
1769882760,0.10224,0.10225,0.10202,0.10209
1769882820,0.10209,0.10218,0.10196,0.10216
1769882880,0.10216,0.10216,0.10187,0.10196
1769882940,0.10196,0.10241,0.10196,0.10235
1769883000,0.10235,0.10245,0.10219,0.10231
1769883060,0.10231,0.10246,0.10226,0.10235
1769883120,0.10235,0.10244,0.10227,0.1024
1769883180,0.1024,0.1024,0.10221,0.10238
1769883240,0.10238,0.10244,0.10215,0.10226
1769883300,0.10226,0.10227,0.10199,0.10205
1769883360,0.10205,0.10223,0.10193,0.10193
1769883420,0.10193,0.10222,0.10191,0.10204
1769883480,0.10204,0.10204,0.10136,0.10151
1769883540,0.10151,0.10181,0.10151,0.10172
1769883600,0.10172,0.10182,0.10137,0.10153
1769883660,0.10153,0.10178,0.10131,0.10166
1769883720,0.10166,0.10253,0.10162,0.10199
1769883780,0.10199,0.10199,0.10178,0.10191
1769883840,0.10191,0.10191,0.10163,0.10165
1769883900,0.10165,0.10193,0.10165,0.10189
1769883960,0.10189,0.10189,0.10164,0.10171
1769884020,0.10171,0.10188,0.10169,0.10183
1769884080,0.10183,0.1022,0.10183,0.10199
1769884140,0.10199,0.10199,0.10181,0.1019
1769884200,0.1019,0.10213,0.10189,0.10205
1769884260,0.10205,0.10211,0.10174,0.10188
1769884320,0.10188,0.1019,0.10178,0.10188
1769884380,0.10188,0.10188,0.10155,0.10159
1769884440,0.10159,0.10161,0.10148,0.10156
1769884500,0.10156,0.10156,0.1011,0.10126
1769884560,0.10126,0.1014,0.1012,0.10123
1769884620,0.10123,0.10127,0.1008,0.10088
1769884680,0.10088,0.10108,0.10009,0.10086
1769884740,0.10086,0.10118,0.10046,0.10057
1769884800,0.10057,0.10071,0.09975,0.0998
1769884860,0.0998,0.10041,0.09979,0.10019
1769884920,0.10019,0.10042,0.09995,0.10002
1769884980,0.10002,0.10005,0.0947,0.09512
1769885040,0.09512,0.10087,0.09446,0.10079
1769885100,0.10079,0.10151,0.09939,0.10099
1769885160,0.10099,0.10194,0.10089,0.1011
1769885220,0.1011,0.10153,0.10063,0.1012
1769885280,0.1012,0.10127,0.10065,0.101
1769885340,0.101,0.10145,0.10065,0.10139
1769885400,0.10139,0.1017,0.10107,0.10123
1769885460,0.10123,0.10166,0.10099,0.10161
1769885520,0.10161,0.10232,0.10143,0.10202
1769885580,0.10202,0.10219,0.10168,0.10219
1769885640,0.10219,0.10228,0.10166,0.10172
1769885700,0.10172,0.10176,0.10087,0.1011
1769885760,0.1011,0.1014,0.10097,0.10109
1769885820,0.10109,0.10144,0.10109,0.10116
1769885880,0.10116,0.10148,0.10116,0.10131
1769885940,0.10131,0.10154,0.10124,0.10146
1769886000,0.10146,0.10206,0.1014,0.10182
1769886060,0.10182,0.10182,0.10126,0.10148
1769886120,0.10148,0.10178,0.10138,0.10155
1769886180,0.10155,0.10186,0.10148,0.10164
1769886240,0.10164,0.10164,0.10144,0.10151
1769886300,0.10151,0.10156,0.10136,0.1015
1769886360,0.1015,0.10196,0.10137,0.10137
1769886420,0.10137,0.10152,0.10123,0.10152
1769886480,0.10152,0.10187,0.10141,0.10162
1769886540,0.10162,0.102,0.1014,0.10197
1769886600,0.10197,0.10261,0.10192,0.10196
1769886660,0.10196,0.10196,0.10149,0.10164
1769886720,0.10164,0.10182,0.10157,0.1017
1769886780,0.1017,0.10185,0.10154,0.10185
1769886840,0.10185,0.10215,0.10178,0.10208
1769886900,0.10208,0.10232,0.10195,0.10231
1769886960,0.10231,0.10289,0.10223,0.10261
1769887020,0.10261,0.10263,0.10228,0.10232
1769887080,0.10232,0.10264,0.10228,0.10242
1769887140,0.10242,0.10259,0.10229,0.10259
1769887200,0.10259,0.10273,0.10236,0.10245
1769887260,0.10245,0.10245,0.10211,0.10214
1769887320,0.10214,0.10215,0.10177,0.10184
1769887380,0.10184,0.10198,0.10181,0.10185
1769887440,0.10185,0.10223,0.10182,0.10211
1769887500,0.10211,0.1023,0.10199,0.10221
1769887560,0.10221,0.10256,0.1022,0.10253
1769887620,0.10253,0.10277,0.10252,0.1026
1769887680,0.1026,0.10278,0.10252,0.10278
1769887740,0.10278,0.10281,0.1026,0.10264
1769887800,0.10264,0.10284,0.10257,0.10261
1769887860,0.10261,0.10263,0.10229,0.10237
1769887920,0.10237,0.10237,0.10172,0.10191
1769887980,0.10191,0.10203,0.10184,0.10193
1769888040,0.10193,0.10198,0.10184,0.10193
1769888100,0.10193,0.10205,0.10184,0.10186
1769888160,0.10186,0.10197,0.10172,0.10177
1769888220,0.10177,0.10195,0.10158,0.10165
1769888280,0.10165,0.10165,0.10143,0.10151
1769888340,0.10151,0.1016,0.10137,0.10147
1769888400,0.10147,0.1017,0.10136,0.1014
1769888460,0.1014,0.10147,0.10132,0.10143
1769888520,0.10143,0.10145,0.10124,0.10126
1769888580,0.10126,0.10187,0.10126,0.10147
1769888640,0.10147,0.10152,0.10131,0.10142
1769888700,0.10142,0.10175,0.1013,0.10167
1769888760,0.10167,0.10171,0.10133,0.10166
1769888820,0.10166,0.10209,0.10165,0.10184
1769888880,0.10184,0.102,0.10172,0.10177
1769888940,0.10177,0.10206,0.1017,0.10206
1769889000,0.10206,0.10216,0.10187,0.10198
1769889060,0.10198,0.10212,0.10187,0.10211
1769889120,0.10211,0.10211,0.10174,0.10185
1769889180,0.10185,0.10185,0.10164,0.10175
1769889240,0.10175,0.10184,0.10173,0.1018
1769889300,0.1018,0.10198,0.10179,0.10188
1769889360,0.10188,0.10213,0.10181,0.10206
1769889420,0.10206,0.10216,0.10189,0.10191
1769889480,0.10191,0.1021,0.10188,0.10193
1769889540,0.10193,0.10197,0.1017,0.10175
1769889600,0.10175,0.102,0.10171,0.10194
1769889660,0.10194,0.10199,0.10184,0.10193
1769889720,0.10193,0.10204,0.10172,0.10182
1769889780,0.10182,0.10186,0.10146,0.10152
1769889840,0.10152,0.10171,0.10146,0.10156
1769889900,0.10156,0.10163,0.10144,0.10162
1769889960,0.10162,0.10197,0.10162,0.10185
1769890020,0.10185,0.10198,0.10178,0.10193
1769890080,0.10193,0.10193,0.10162,0.10165
1769890140,0.10165,0.1018,0.10165,0.1017
1769890200,0.1017,0.10176,0.10151,0.10158
1769890260,0.10158,0.10167,0.10155,0.1016
1769890320,0.1016,0.10162,0.10122,0.1013
1769890380,0.1013,0.10147,0.1013,0.10135
1769890440,0.10135,0.10143,0.10112,0.10127
1769890500,0.10127,0.10139,0.1012,0.10133
1769890560,0.10133,0.10135,0.10116,0.10128
1769890620,0.10128,0.10131,0.10115,0.10119
1769890680,0.10119,0.10136,0.10118,0.10132
1769890740,0.10132,0.10144,0.10126,0.10144
1769890800,0.10144,0.10148,0.10126,0.10137
1769890860,0.10137,0.10161,0.10134,0.10156
1769890920,0.10156,0.10267,0.10155,0.10226
1769890980,0.10226,0.10232,0.10169,0.10169
1769891040,0.10169,0.10173,0.1014,0.10143
1769891100,0.10143,0.10151,0.10124,0.10125
1769891160,0.10125,0.10128,0.10106,0.10113
1769891220,0.10113,0.10123,0.10112,0.10112
1769891280,0.10112,0.10116,0.10086,0.10101
1769891340,0.10101,0.1011,0.10077,0.10082
1769891400,0.10082,0.10092,0.10071,0.10075
1769891460,0.10075,0.10086,0.10069,0.10072
1769891520,0.10072,0.10083,0.10059,0.10075
1769891580,0.10075,0.10087,0.1007,0.10086
1769891640,0.10086,0.10096,0.10076,0.10096
1769891700,0.10096,0.10114,0.10074,0.10076
1769891760,0.10076,0.10096,0.10074,0.10076
1769891820,0.10076,0.1008,0.10061,0.10068
1769891880,0.10068,0.10084,0.10046,0.10078
1769891940,0.10078,0.10089,0.10073,0.10086
1769892000,0.10086,0.10091,0.10071,0.10089
1769892060,0.10089,0.10097,0.1008,0.1009
1769892120,0.1009,0.10112,0.1009,0.10109
1769892180,0.10109,0.10156,0.10108,0.10138
1769892240,0.10138,0.10149,0.10125,0.10148
1769892300,0.10148,0.10148,0.10119,0.10124
1769892360,0.10124,0.10158,0.10114,0.10154
1769892420,0.10154,0.10158,0.10136,0.10137
1769892480,0.10137,0.10143,0.10134,0.10137
1769892540,0.10137,0.10137,0.101,0.1011
1769892600,0.1011,0.10113,0.101,0.10111
1769892660,0.10111,0.10118,0.10103,0.10106
1769892720,0.10106,0.10116,0.10104,0.10112
1769892780,0.10112,0.10121,0.10103,0.10118
1769892840,0.10118,0.10132,0.10115,0.10131
1769892900,0.10131,0.10147,0.10128,0.10144
1769892960,0.10144,0.10184,0.1014,0.10177
1769893020,0.10177,0.10178,0.1016,0.10171
1769893080,0.10171,0.10197,0.10171,0.10183
1769893140,0.10183,0.10185,0.10167,0.10167
1769893200,0.10167,0.10223,0.10165,0.1021
1769893260,0.1021,0.10233,0.10201,0.10218
1769893320,0.10218,0.10218,0.10163,0.10169
1769893380,0.10169,0.10179,0.1014,0.10145
1769893440,0.10145,0.10153,0.10127,0.10132
1769893500,0.10132,0.10151,0.10132,0.10138
1769893560,0.10138,0.10141,0.1013,0.1013
1769893620,0.1013,0.10176,0.1013,0.10171
1769893680,0.10171,0.10184,0.1016,0.10162
1769893740,0.10162,0.10173,0.10161,0.10173
1769893800,0.10173,0.10173,0.10156,0.10165
1769893860,0.10165,0.10165,0.1014,0.10145
1769893920,0.10145,0.10154,0.10144,0.10145
1769893980,0.10145,0.10146,0.10132,0.10136
1769894040,0.10136,0.10137,0.10115,0.10126
1769894100,0.10126,0.10156,0.10123,0.10145
1769894160,0.10145,0.10161,0.10133,0.10152
1769894220,0.10152,0.10176,0.10146,0.10174
1769894280,0.10174,0.10184,0.10164,0.1017
1769894340,0.1017,0.10172,0.10147,0.10164
1769894400,0.10164,0.10164,0.10123,0.10127
1769894460,0.10127,0.10131,0.10102,0.10103
1769894520,0.10103,0.10127,0.10089,0.10089
1769894580,0.10089,0.10123,0.10089,0.10123
1769894640,0.10123,0.10146,0.10122,0.10126
1769894700,0.10126,0.10146,0.10126,0.10146
1769894760,0.10146,0.10174,0.10143,0.10171
1769894820,0.10171,0.10213,0.10171,0.10197
1769894880,0.10197,0.10223,0.10196,0.10214
1769894940,0.10214,0.10224,0.1021,0.10214
1769895000,0.10214,0.10216,0.10192,0.10192
1769895060,0.10192,0.10192,0.10163,0.10182
1769895120,0.10182,0.10197,0.10172,0.10195
1769895180,0.10195,0.10195,0.10159,0.1016
1769895240,0.1016,0.10191,0.10159,0.1019
1769895300,0.1019,0.10208,0.10184,0.10207
1769895360,0.10207,0.10208,0.10197,0.10208
1769895420,0.10208,0.10227,0.10195,0.10223
1769895480,0.10223,0.10235,0.10205,0.10224
1769895540,0.10224,0.1023,0.10215,0.10217
1769895600,0.10217,0.10238,0.1021,0.10229
1769895660,0.10229,0.10248,0.10225,0.10242
1769895720,0.10242,0.10261,0.10228,0.10243
1769895780,0.10243,0.10252,0.10239,0.10247
1769895840,0.10247,0.1026,0.10234,0.10259
1769895900,0.10259,0.10273,0.1025,0.10261
1769895960,0.10261,0.10274,0.10255,0.10257
1769896020,0.10257,0.1027,0.10257,0.10266
1769896080,0.10266,0.10273,0.10256,0.10265
1769896140,0.10265,0.10284,0.1025,0.10271
1769896200,0.10271,0.10279,0.10265,0.10279
1769896260,0.10279,0.10293,0.10257,0.10272
1769896320,0.10272,0.10272,0.10254,0.10261
1769896380,0.10261,0.10285,0.10258,0.10274
1769896440,0.10274,0.10274,0.10267,0.10271
1769896500,0.10271,0.10277,0.10269,0.1027
1769896560,0.1027,0.1027,0.10256,0.1026
1769896620,0.1026,0.10262,0.1025,0.10253
1769896680,0.10253,0.10266,0.10252,0.10261
1769896740,0.10261,0.10266,0.1023,0.10266
1769896800,0.10266,0.10272,0.10257,0.10261
1769896860,0.10261,0.10276,0.1025,0.10271
1769896920,0.10271,0.10272,0.10265,0.10266
1769896980,0.10266,0.10276,0.10254,0.1027
1769897040,0.1027,0.10281,0.10264,0.10269
1769897100,0.10269,0.10272,0.10253,0.1026
1769897160,0.1026,0.1026,0.10242,0.10243
1769897220,0.10243,0.1025,0.1023,0.10237
1769897280,0.10237,0.10238,0.10205,0.10221
1769897340,0.10221,0.10223,0.10212,0.10214
1769897400,0.10214,0.10223,0.10207,0.10208
1769897460,0.10208,0.10208,0.10185,0.10186
1769897520,0.10186,0.10199,0.10179,0.10182
1769897580,0.10182,0.10186,0.10173,0.10182
1769897640,0.10182,0.10196,0.10177,0.10179
1769897700,0.10179,0.10198,0.10174,0.10194
1769897760,0.10194,0.10198,0.10187,0.10192
1769897820,0.10192,0.10206,0.1019,0.10192
1769897880,0.10192,0.10192,0.10172,0.10175
1769897940,0.10175,0.10187,0.10165,0.10178
1769898000,0.10178,0.10184,0.10172,0.10178
1769898060,0.10178,0.102,0.10178,0.10199
1769898120,0.10199,0.10202,0.10176,0.10178
1769898180,0.10178,0.10183,0.10175,0.10177
1769898240,0.10177,0.10209,0.10177,0.10202
1769898300,0.10202,0.10213,0.102,0.10202
1769898360,0.10202,0.10202,0.10187,0.1019
1769898420,0.1019,0.10201,0.10186,0.102
1769898480,0.102,0.1021,0.10199,0.10202
1769898540,0.10202,0.10224,0.10202,0.10222
1769898600,0.10222,0.10231,0.10217,0.10219
1769898660,0.10219,0.1022,0.10194,0.10197
1769898720,0.10197,0.10207,0.10193,0.10199
1769898780,0.10199,0.10222,0.10198,0.10221
1769898840,0.10221,0.10229,0.10213,0.10222
1769898900,0.10222,0.10222,0.10208,0.10208
1769898960,0.10208,0.10208,0.10188,0.10192
1769899020,0.10192,0.10201,0.1018,0.10189
1769899080,0.10189,0.10197,0.10186,0.10194
1769899140,0.10194,0.10202,0.10189,0.10202
1769899200,0.10202,0.10204,0.10192,0.102
1769899260,0.102,0.102,0.10181,0.10189
1769899320,0.10189,0.10207,0.10187,0.10188
1769899380,0.10188,0.10196,0.10186,0.1019
1769899440,0.1019,0.1019,0.10183,0.10186
1769899500,0.10186,0.10186,0.10179,0.10182
1769899560,0.10182,0.10182,0.10173,0.1018
1769899620,0.1018,0.10199,0.10179,0.10198
1769899680,0.10198,0.10198,0.10195,0.10195
1769899740,0.10195,0.10197,0.10187,0.10191
1769899800,0.10191,0.10205,0.1019,0.10199
1769899860,0.10199,0.10199,0.10193,0.10193
1769899920,0.10193,0.10203,0.10193,0.10198
1769899980,0.10198,0.10199,0.10191,0.10199
1769900040,0.10199,0.1021,0.10197,0.1021
1769900100,0.1021,0.1023,0.10209,0.1023
1769900160,0.1023,0.10235,0.10228,0.10235
1769900220,0.10235,0.10249,0.10234,0.10247
1769900280,0.10247,0.10247,0.10233,0.10234
1769900340,0.10234,0.10241,0.10218,0.10236
1769900400,0.10236,0.10261,0.10232,0.10255
1769900460,0.10255,0.10255,0.10238,0.10255
1769900520,0.10255,0.10257,0.10253,0.10254
1769900580,0.10254,0.10256,0.10235,0.10256
1769900640,0.10256,0.10264,0.10246,0.10259
1769900700,0.10259,0.10267,0.10255,0.10264
1769900760,0.10264,0.10287,0.10263,0.10281
1769900820,0.10281,0.10289,0.10269,0.10287
1769900880,0.10287,0.10298,0.10275,0.10293
1769900940,0.10293,0.10301,0.10291,0.10294
1769901000,0.10294,0.10297,0.10275,0.10275
1769901060,0.10275,0.10276,0.10263,0.10263
1769901120,0.10263,0.10263,0.10242,0.10248
1769901180,0.10248,0.10265,0.10241,0.10262
1769901240,0.10262,0.10268,0.10255,0.10265
1769901300,0.10265,0.10274,0.10259,0.10268
1769901360,0.10268,0.10271,0.10262,0.10271
1769901420,0.10271,0.10298,0.1027,0.10298
1769901480,0.10298,0.10303,0.10285,0.10297
1769901540,0.10297,0.10338,0.10296,0.10338
1769901600,0.10338,0.10351,0.10325,0.10332
1769901660,0.10332,0.10377,0.10323,0.10377
1769901720,0.10377,0.1041,0.10377,0.10382
1769901780,0.10382,0.10444,0.10382,0.10437
1769901840,0.10437,0.1047,0.10428,0.10466
1769901900,0.10466,0.10466,0.10438,0.1045
1769901960,0.1045,0.1045,0.10426,0.10428
1769902020,0.10428,0.10448,0.10422,0.10422
1769902080,0.10422,0.10423,0.10392,0.10402
1769902140,0.10402,0.1043,0.10394,0.10417
1769902200,0.10417,0.10422,0.10396,0.10412
1769902260,0.10412,0.10412,0.10383,0.10394
1769902320,0.10394,0.10411,0.10394,0.10406
1769902380,0.10406,0.10428,0.10397,0.1042
1769902440,0.1042,0.10431,0.10408,0.10431
1769902500,0.10431,0.10446,0.10431,0.10445
1769902560,0.10445,0.10448,0.10422,0.10422
1769902620,0.10422,0.10427,0.1041,0.10422
1769902680,0.10422,0.10423,0.10388,0.10392
1769902740,0.10392,0.104,0.1039,0.10398
1769902800,0.10398,0.10405,0.10392,0.10405
1769902860,0.10405,0.10413,0.10402,0.10402
1769902920,0.10402,0.10415,0.10397,0.10404
1769902980,0.10404,0.10408,0.10386,0.10395
1769903040,0.10395,0.10401,0.10395,0.10397
1769903100,0.10397,0.104,0.10374,0.10377
1769903160,0.10377,0.10379,0.10335,0.10372
1769903220,0.10372,0.10372,0.10356,0.10356
1769903280,0.10356,0.10376,0.10356,0.10376
1769903340,0.10376,0.10385,0.10371,0.10374
1769903400,0.10374,0.10385,0.10374,0.10385
1769903460,0.10385,0.10405,0.10383,0.10398
1769903520,0.10398,0.10413,0.10398,0.10411
1769903580,0.10411,0.10422,0.1041,0.10418
1769903640,0.10418,0.1042,0.10405,0.10411
1769903700,0.10411,0.10416,0.10405,0.10405
1769903760,0.10405,0.10418,0.10403,0.10416
1769903820,0.10416,0.10419,0.10411,0.10412
1769903880,0.10412,0.10416,0.10409,0.1041
1769903940,0.1041,0.10426,0.10398,0.10418
1770249600,0.10377,0.10383,0.10369,0.10373
1770249660,0.10373,0.10379,0.10364,0.10364
1770249720,0.10364,0.10373,0.10354,0.10369
1770249780,0.10369,0.10373,0.10354,0.10357
1770249840,0.10357,0.10366,0.10355,0.10359
1770249900,0.10359,0.10374,0.10357,0.10374
1770249960,0.10374,0.10383,0.10365,0.10381
1770250020,0.10381,0.10381,0.10354,0.10358
1770250080,0.10358,0.10368,0.10356,0.10368
1770250140,0.10368,0.10368,0.1035,0.1035
1770250200,0.1035,0.10357,0.10346,0.10352
1770250260,0.10352,0.10358,0.10347,0.10352
1770250320,0.10352,0.10352,0.10339,0.10345
1770250380,0.10345,0.10346,0.10334,0.10337
1770250440,0.10337,0.10344,0.10337,0.1034
1770250500,0.1034,0.10347,0.10337,0.10341
1770250560,0.10341,0.10348,0.10336,0.10336
1770250620,0.10336,0.10342,0.10334,0.10334
1770250680,0.10334,0.10338,0.10331,0.10335
1770250740,0.10335,0.10347,0.10331,0.10347
1770250800,0.10347,0.1037,0.10347,0.10366
1770250860,0.10366,0.10369,0.10351,0.10364
1770250920,0.10364,0.10381,0.1036,0.1038
1770250980,0.1038,0.10388,0.10377,0.10382
1770251040,0.10382,0.10382,0.1036,0.10363
1770251100,0.10363,0.10381,0.1036,0.1038
1770251160,0.1038,0.10395,0.10374,0.10394
1770251220,0.10394,0.10396,0.10389,0.10389
1770251280,0.10389,0.10395,0.10385,0.10393
1770251340,0.10393,0.10401,0.10393,0.10398
1770251400,0.10398,0.10398,0.10382,0.10385
1770251460,0.10385,0.10386,0.10354,0.10364
1770251520,0.10364,0.10364,0.10353,0.10353
1770251580,0.10353,0.10353,0.10321,0.10327
1770251640,0.10327,0.10331,0.10323,0.10329
1770251700,0.10329,0.10349,0.10329,0.10341
1770251760,0.10341,0.10346,0.10328,0.10331
1770251820,0.10331,0.10331,0.10307,0.10319
1770251880,0.10319,0.10324,0.10316,0.10324
1770251940,0.10324,0.10357,0.10324,0.10343
1770252000,0.10343,0.10361,0.10341,0.10356
1770252060,0.10356,0.10381,0.10354,0.10381
1770252120,0.10381,0.10388,0.1037,0.10373
1770252180,0.10373,0.10373,0.10364,0.10364
1770252240,0.10364,0.10367,0.10356,0.10361
1770252300,0.10361,0.10369,0.10349,0.10351
1770252360,0.10351,0.10353,0.10347,0.1035
1770252420,0.1035,0.10366,0.1035,0.10363
1770252480,0.10363,0.1038,0.10363,0.10379
1770252540,0.10379,0.10385,0.10375,0.10381
1770252600,0.10381,0.10401,0.10381,0.10393
1770252660,0.10393,0.10398,0.1038,0.10381
1770252720,0.10381,0.10384,0.1037,0.1038
1770252780,0.1038,0.10381,0.1037,0.10376
1770252840,0.10376,0.10379,0.10374,0.10377
1770252900,0.10377,0.1038,0.10373,0.10376
1770252960,0.10376,0.10378,0.10369,0.10369
1770253020,0.10369,0.1037,0.1036,0.10362
1770253080,0.10362,0.10363,0.10353,0.10355
1770253140,0.10355,0.10355,0.10341,0.1035
1770253200,0.1035,0.10355,0.10342,0.10342
1770253260,0.10342,0.10356,0.10342,0.10356
1770253320,0.10356,0.10363,0.10347,0.10363
1770253380,0.10363,0.10374,0.10355,0.10355
1770253440,0.10355,0.10381,0.10355,0.10376
1770253500,0.10376,0.10394,0.10372,0.10393
1770253560,0.10393,0.10405,0.10393,0.10395
1770253620,0.10395,0.10401,0.10386,0.10396
1770253680,0.10396,0.10408,0.10392,0.10408
1770253740,0.10408,0.10427,0.10401,0.10418
1770253800,0.10418,0.10437,0.10416,0.10435
1770253860,0.10435,0.10437,0.10429,0.10436
1770253920,0.10436,0.10436,0.10413,0.10419
1770253980,0.10419,0.10435,0.10419,0.10428
1770254040,0.10428,0.10434,0.1042,0.1042
1770254100,0.1042,0.1042,0.10391,0.10393
1770254160,0.10393,0.10399,0.10361,0.10361
1770254220,0.10361,0.10363,0.10326,0.10329
1770254280,0.10329,0.10346,0.10325,0.10328
1770254340,0.10328,0.10331,0.10317,0.10318
1770254400,0.10318,0.10323,0.10296,0.10304
1770254460,0.10304,0.10311,0.10276,0.10277
1770254520,0.10277,0.10281,0.10265,0.10277
1770254580,0.10277,0.10292,0.10257,0.10258
1770254640,0.10258,0.10316,0.10254,0.10309
1770254700,0.10309,0.10359,0.10309,0.10338
1770254760,0.10338,0.10353,0.1033,0.10348
1770254820,0.10348,0.10437,0.10348,0.10421
1770254880,0.10421,0.10454,0.10402,0.10428
1770254940,0.10428,0.10437,0.10414,0.10425
1770255000,0.10425,0.10462,0.10422,0.10424
1770255060,0.10424,0.10445,0.10409,0.10422
1770255120,0.10422,0.10436,0.10409,0.10411
1770255180,0.10411,0.10436,0.10404,0.10429
1770255240,0.10429,0.10473,0.10429,0.10463
1770255300,0.10463,0.10463,0.10427,0.10429
1770255360,0.10429,0.10459,0.10427,0.10452
1770255420,0.10452,0.1047,0.10439,0.10466
1770255480,0.10466,0.1047,0.10444,0.10444
1770255540,0.10444,0.10459,0.10441,0.10459
1770255600,0.10459,0.1046,0.10338,0.10349
1770255660,0.10349,0.10369,0.10341,0.10346
1770255720,0.10346,0.10384,0.10346,0.10382
1770255780,0.10382,0.10394,0.10379,0.10381
1770255840,0.10381,0.10403,0.10381,0.10398
1770255900,0.10398,0.10405,0.10389,0.10394
1770255960,0.10394,0.10403,0.10383,0.10386
1770256020,0.10386,0.10398,0.10378,0.10386
1770256080,0.10386,0.10394,0.10376,0.10391
1770256140,0.10391,0.10396,0.10376,0.10391
1770256200,0.10391,0.10393,0.10377,0.10389
1770256260,0.10389,0.10393,0.10375,0.10378
1770256320,0.10378,0.10381,0.10345,0.10352
1770256380,0.10352,0.10353,0.10334,0.10343
1770256440,0.10343,0.10354,0.10343,0.10348
1770256500,0.10348,0.10357,0.10348,0.10357
1770256560,0.10357,0.10368,0.10357,0.10364
1770256620,0.10364,0.10366,0.10358,0.10365
1770256680,0.10365,0.10373,0.10362,0.10365
1770256740,0.10365,0.10369,0.10353,0.10355
1770256800,0.10355,0.10374,0.10353,0.10357
1770256860,0.10357,0.10385,0.1035,0.10385
1770256920,0.10385,0.10387,0.10352,0.10354
1770256980,0.10354,0.10355,0.10341,0.10341
1770257040,0.10341,0.10343,0.10329,0.10339
1770257100,0.10339,0.10357,0.10337,0.10337
1770257160,0.10337,0.10343,0.10319,0.10343
1770257220,0.10343,0.10344,0.1032,0.10335
1770257280,0.10335,0.10372,0.10335,0.1037
1770257340,0.1037,0.10377,0.1035,0.10352
1770257400,0.10352,0.10363,0.10349,0.10363
1770257460,0.10363,0.10366,0.10342,0.10358
1770257520,0.10358,0.10358,0.10327,0.10331
1770257580,0.10331,0.10333,0.10308,0.10327
1770257640,0.10327,0.10332,0.10319,0.10321
1770257700,0.10321,0.10327,0.10305,0.1031
1770257760,0.1031,0.10312,0.10291,0.10292
1770257820,0.10292,0.10343,0.1026,0.10311
1770257880,0.10311,0.10341,0.10294,0.1034
1770257940,0.1034,0.10376,0.1034,0.1035
1770258000,0.1035,0.10372,0.10345,0.10349
1770258060,0.10349,0.10369,0.10344,0.10351
1770258120,0.10351,0.10365,0.10345,0.10362
1770258180,0.10362,0.10362,0.10344,0.10358
1770258240,0.10358,0.10363,0.10345,0.10357
1770258300,0.10357,0.10365,0.10332,0.10337
1770258360,0.10337,0.10341,0.10324,0.10331
1770258420,0.10331,0.10348,0.10323,0.10345
1770258480,0.10345,0.10356,0.10341,0.10349
1770258540,0.10349,0.10355,0.10345,0.10348
1770258600,0.10348,0.10367,0.10341,0.10361
1770258660,0.10361,0.10362,0.10345,0.10361
1770258720,0.10361,0.10363,0.10338,0.10351
1770258780,0.10351,0.10355,0.1033,0.10335
1770258840,0.10335,0.10345,0.10328,0.10344
1770258900,0.10344,0.10424,0.10344,0.10413
1770258960,0.10413,0.10434,0.10391,0.10397
1770259020,0.10397,0.10405,0.10387,0.10391
1770259080,0.10391,0.10395,0.10373,0.10382
1770259140,0.10382,0.1039,0.10379,0.10389
1770259200,0.10389,0.10389,0.10366,0.10368
1770259260,0.10368,0.10392,0.10368,0.10377
1770259320,0.10377,0.10405,0.10376,0.10405
1770259380,0.10405,0.10417,0.10392,0.10415
1770259440,0.10415,0.10419,0.10406,0.10407
1770259500,0.10407,0.10411,0.10382,0.10382
1770259560,0.10382,0.10382,0.10367,0.10367
1770259620,0.10367,0.1037,0.10346,0.10346
1770259680,0.10346,0.10349,0.10313,0.10313
1770259740,0.10313,0.1032,0.10305,0.10314
1770259800,0.10314,0.10318,0.10305,0.10318
1770259860,0.10318,0.10327,0.10292,0.10308
1770259920,0.10308,0.10333,0.10299,0.10303
1770259980,0.10303,0.10333,0.10301,0.10328
1770260040,0.10328,0.10328,0.10311,0.10313
1770260100,0.10313,0.10313,0.10284,0.10291
1770260160,0.10291,0.10305,0.10286,0.10305
1770260220,0.10305,0.10312,0.10302,0.10305
1770260280,0.10305,0.1031,0.10283,0.10287
1770260340,0.10287,0.10289,0.10221,0.10246
1770260400,0.10246,0.10297,0.10234,0.10286
1770260460,0.10286,0.10293,0.1027,0.10285
1770260520,0.10285,0.1031,0.1028,0.10289
1770260580,0.10289,0.10297,0.10282,0.1029
1770260640,0.1029,0.10293,0.10279,0.10282
1770260700,0.10282,0.10287,0.1027,0.10279
1770260760,0.10279,0.10279,0.10214,0.10236
1770260820,0.10236,0.10268,0.10236,0.10267
1770260880,0.10267,0.10304,0.10267,0.10304
1770260940,0.10304,0.10328,0.10301,0.10326
1770261000,0.10326,0.1035,0.10324,0.10336
1770261060,0.10336,0.10336,0.10319,0.10326
1770261120,0.10326,0.10328,0.10303,0.10308
1770261180,0.10308,0.10309,0.10282,0.10289
1770261240,0.10289,0.10293,0.10285,0.10292
1770261300,0.10292,0.10294,0.10243,0.10247
1770261360,0.10247,0.10256,0.10223,0.10232
1770261420,0.10232,0.10249,0.10227,0.10244
1770261480,0.10244,0.10268,0.10244,0.10264
1770261540,0.10264,0.10304,0.10264,0.10289
1770261600,0.10289,0.1033,0.10289,0.10327
1770261660,0.10327,0.1036,0.10307,0.10308
1770261720,0.10308,0.10338,0.10308,0.10333
1770261780,0.10333,0.1034,0.1032,0.10325
1770261840,0.10325,0.10325,0.10315,0.10319
1770261900,0.10319,0.10333,0.10316,0.10323
1770261960,0.10323,0.10331,0.10316,0.10321
1770262020,0.10321,0.10321,0.10283,0.10303
1770262080,0.10303,0.10312,0.10294,0.10298
1770262140,0.10298,0.10306,0.10296,0.10303
1770262200,0.10303,0.10303,0.1028,0.1028
1770262260,0.1028,0.10301,0.1028,0.10301
1770262320,0.10301,0.10301,0.10283,0.10283
1770262380,0.10283,0.10285,0.1027,0.10276
1770262440,0.10276,0.10294,0.10276,0.10286
1770262500,0.10286,0.10297,0.10286,0.10289
1770262560,0.10289,0.10297,0.10262,0.10262
1770262620,0.10262,0.10283,0.10256,0.10279
1770262680,0.10279,0.10279,0.10256,0.1027
1770262740,0.1027,0.10282,0.10267,0.10269
1770262800,0.10269,0.1028,0.10268,0.1027
1770262860,0.1027,0.10297,0.1027,0.10294
1770262920,0.10294,0.10301,0.10274,0.10277
1770262980,0.10277,0.10292,0.10271,0.10285
1770263040,0.10285,0.10288,0.10261,0.10282
1770263100,0.10282,0.10282,0.10269,0.10273
1770263160,0.10273,0.10289,0.10269,0.10274
1770263220,0.10274,0.10278,0.10269,0.10273
1770263280,0.10273,0.10277,0.10269,0.10269
1770263340,0.10269,0.1027,0.10248,0.1027
1770263400,0.1027,0.10273,0.10251,0.10252
1770263460,0.10252,0.10261,0.10247,0.10257
1770263520,0.10257,0.10262,0.10247,0.1026
1770263580,0.1026,0.10273,0.1026,0.1026
1770263640,0.1026,0.10264,0.10254,0.1026
1770263700,0.1026,0.10267,0.10256,0.10261
1770263760,0.10261,0.10269,0.10259,0.10269
1770263820,0.10269,0.1027,0.10247,0.10255
1770263880,0.10255,0.10256,0.10233,0.10244
1770263940,0.10244,0.10256,0.10242,0.10253
1770264000,0.10253,0.10268,0.10253,0.10268
1770264060,0.10268,0.10272,0.1026,0.10265
1770264120,0.10265,0.10268,0.10253,0.10258
1770264180,0.10258,0.10274,0.1025,0.1025
1770264240,0.1025,0.10264,0.10242,0.10242
1770264300,0.10242,0.10266,0.10242,0.10254
1770264360,0.10254,0.10264,0.10212,0.10218
1770264420,0.10218,0.10248,0.10203,0.10205
1770264480,0.10205,0.10208,0.10188,0.10192
1770264540,0.10192,0.10271,0.10191,0.10259
1770264600,0.10259,0.10314,0.10244,0.10244
1770264660,0.10244,0.1026,0.10231,0.10259
1770264720,0.10259,0.10262,0.10245,0.10249
1770264780,0.10249,0.10261,0.10231,0.10232
1770264840,0.10232,0.10241,0.1017,0.10195
1770264900,0.10195,0.10209,0.10188,0.10207
1770264960,0.10207,0.10217,0.10183,0.10186
1770265020,0.10186,0.10213,0.10155,0.10209
1770265080,0.10209,0.10228,0.10186,0.10223
1770265140,0.10223,0.10234,0.10212,0.1022
1770265200,0.1022,0.10263,0.1022,0.10256
1770265260,0.10256,0.10261,0.10237,0.10252
1770265320,0.10252,0.10264,0.10238,0.10243
1770265380,0.10243,0.10243,0.10215,0.10232
1770265440,0.10232,0.10237,0.10223,0.10236
1770265500,0.10236,0.10252,0.10229,0.10245
1770265560,0.10245,0.10245,0.10217,0.10218
1770265620,0.10218,0.10222,0.10177,0.10207
1770265680,0.10207,0.10217,0.10202,0.10212
1770265740,0.10212,0.10219,0.10207,0.10219
1770265800,0.10219,0.10225,0.10194,0.10196
1770265860,0.10196,0.10217,0.10186,0.10186
1770265920,0.10186,0.10208,0.10181,0.10196
1770265980,0.10196,0.10198,0.10175,0.10176
1770266040,0.10176,0.1018,0.10162,0.10173
1770266100,0.10173,0.10181,0.10165,0.10173
1770266160,0.10173,0.10197,0.10173,0.10178
1770266220,0.10178,0.10198,0.10178,0.10198
1770266280,0.10198,0.10219,0.10194,0.1021
1770266340,0.1021,0.10213,0.10187,0.1019
1770266400,0.1019,0.10214,0.10187,0.10211
1770266460,0.10211,0.10263,0.10203,0.10263
1770266520,0.10263,0.10284,0.10261,0.10276
1770266580,0.10276,0.10282,0.10259,0.10275
1770266640,0.10275,0.10289,0.10268,0.10281
1770266700,0.10281,0.10284,0.10268,0.10284
1770266760,0.10284,0.10285,0.10267,0.10274
1770266820,0.10274,0.10274,0.10266,0.10266
1770266880,0.10266,0.10278,0.10258,0.10273
1770266940,0.10273,0.10276,0.10251,0.10258
1770267000,0.10258,0.10262,0.10244,0.10256
1770267060,0.10256,0.10268,0.10252,0.10261
1770267120,0.10261,0.10261,0.10251,0.10252
1770267180,0.10252,0.10254,0.10224,0.10224
1770267240,0.10224,0.10229,0.10222,0.10225
1770267300,0.10225,0.10238,0.1022,0.10222
1770267360,0.10222,0.10222,0.10198,0.10204
1770267420,0.10204,0.10212,0.10203,0.10206
1770267480,0.10206,0.10226,0.10205,0.10219
1770267540,0.10219,0.10223,0.10216,0.1022
1770267600,0.1022,0.10227,0.10212,0.10224
1770267660,0.10224,0.10229,0.10216,0.10219
1770267720,0.10219,0.10221,0.10203,0.10214
1770267780,0.10214,0.10225,0.10209,0.10221
1770267840,0.10221,0.10223,0.102,0.10202
1770267900,0.10202,0.10202,0.10186,0.1019
1770267960,0.1019,0.10195,0.10172,0.10177
1770268020,0.10177,0.1019,0.1017,0.10184
1770268080,0.10184,0.10187,0.10153,0.10159
1770268140,0.10159,0.10166,0.10154,0.10163
1770268200,0.10163,0.10178,0.10163,0.10177
1770268260,0.10177,0.10194,0.10177,0.10192
1770268320,0.10192,0.10204,0.10186,0.10204
1770268380,0.10204,0.10237,0.10204,0.1023
1770268440,0.1023,0.10234,0.10206,0.10208
1770268500,0.10208,0.10218,0.10198,0.10218
1770268560,0.10218,0.10229,0.10217,0.10229
1770268620,0.10229,0.10237,0.10224,0.10225
1770268680,0.10225,0.10228,0.10178,0.10185
1770268740,0.10185,0.10188,0.10154,0.10165
1770268800,0.10165,0.10169,0.1015,0.10164
1770268860,0.10164,0.10164,0.10115,0.10121
1770268920,0.10121,0.10129,0.10089,0.10097
1770268980,0.10097,0.10113,0.10097,0.10102
1770269040,0.10102,0.10122,0.10089,0.1012
1770269100,0.1012,0.10146,0.10119,0.10124
1770269160,0.10124,0.10124,0.10109,0.10112
1770269220,0.10112,0.10125,0.10098,0.10116
1770269280,0.10116,0.10147,0.10114,0.10147
1770269340,0.10147,0.10186,0.10136,0.1014
1770269400,0.1014,0.10156,0.10135,0.10152
1770269460,0.10152,0.10164,0.10139,0.10146
1770269520,0.10146,0.10146,0.10112,0.1013
1770269580,0.1013,0.10158,0.1013,0.10153
1770269640,0.10153,0.10162,0.10152,0.10158
1770269700,0.10158,0.10191,0.10157,0.10183
1770269760,0.10183,0.10203,0.10175,0.10197
1770269820,0.10197,0.10277,0.10197,0.10274
1770269880,0.10274,0.10274,0.10245,0.10252
1770269940,0.10252,0.1026,0.10242,0.10255
1770270000,0.10255,0.10265,0.10247,0.10259
1770270060,0.10259,0.10356,0.10256,0.10319
1770270120,0.10319,0.10336,0.10311,0.10333
1770270180,0.10333,0.10339,0.10321,0.10326
1770270240,0.10326,0.10343,0.10294,0.103
1770270300,0.103,0.10313,0.10271,0.10272
1770270360,0.10272,0.10286,0.10251,0.10257
1770270420,0.10257,0.10266,0.10231,0.10237
1770270480,0.10237,0.10255,0.10237,0.1025
1770270540,0.1025,0.10263,0.10238,0.10246
1770270600,0.10246,0.10267,0.10243,0.10265
1770270660,0.10265,0.10281,0.10265,0.10271
1770270720,0.10271,0.10274,0.10249,0.10255
1770270780,0.10255,0.10255,0.10244,0.10247
1770270840,0.10247,0.10247,0.10232,0.1024
1770270900,0.1024,0.1024,0.10221,0.10229
1770270960,0.10229,0.10234,0.10221,0.10222
1770271020,0.10222,0.10244,0.10222,0.10233
1770271080,0.10233,0.10236,0.10231,0.10232
1770271140,0.10232,0.10232,0.10223,0.1023
1770271200,0.1023,0.10246,0.10224,0.10236
1770271260,0.10236,0.1025,0.10225,0.10228
1770271320,0.10228,0.10238,0.10224,0.1023
1770271380,0.1023,0.10232,0.10185,0.10185
1770271440,0.10185,0.10187,0.10148,0.10169
1770271500,0.10169,0.10169,0.10098,0.10111
1770271560,0.10111,0.10141,0.10111,0.10135
1770271620,0.10135,0.1017,0.1012,0.10121
1770271680,0.10121,0.10135,0.10121,0.10123
1770271740,0.10123,0.10132,0.10114,0.10122
1770271800,0.10122,0.10155,0.10112,0.10147
1770271860,0.10147,0.10158,0.1014,0.10143
1770271920,0.10143,0.10154,0.10142,0.10146
1770271980,0.10146,0.10158,0.10141,0.10158
1770272040,0.10158,0.1016,0.10144,0.1015
1770272100,0.1015,0.10154,0.10137,0.10145
1770272160,0.10145,0.10167,0.10145,0.10166
1770272220,0.10166,0.10176,0.10156,0.10158
1770272280,0.10158,0.10158,0.10125,0.10127
1770272340,0.10127,0.10127,0.10113,0.10119
1770272400,0.10119,0.10123,0.10115,0.10118
1770272460,0.10118,0.10124,0.10083,0.10096
1770272520,0.10096,0.10107,0.10096,0.10106
1770272580,0.10106,0.10125,0.10106,0.10124
1770272640,0.10124,0.10125,0.10115,0.10117
1770272700,0.10117,0.10119,0.10108,0.10111
1770272760,0.10111,0.10119,0.10107,0.10115
1770272820,0.10115,0.10115,0.10094,0.10104
1770272880,0.10104,0.10115,0.10086,0.10094
1770272940,0.10094,0.10108,0.10094,0.10108
1770273000,0.10108,0.10129,0.10107,0.10127
1770273060,0.10127,0.10128,0.10118,0.10121
1770273120,0.10121,0.10129,0.10117,0.10125
1770273180,0.10125,0.10138,0.10124,0.10128
1770273240,0.10128,0.10165,0.10128,0.10151
1770273300,0.10151,0.10168,0.10148,0.10162
1770273360,0.10162,0.10171,0.10157,0.10162
1770273420,0.10162,0.10162,0.10129,0.10152
1770273480,0.10152,0.10168,0.10151,0.10157
1770273540,0.10157,0.10159,0.1015,0.10155
1770273600,0.10155,0.10155,0.10149,0.1015
1770273660,0.1015,0.10158,0.10138,0.10158
1770273720,0.10158,0.10165,0.10149,0.10149
1770273780,0.10149,0.10154,0.10142,0.10149
1770273840,0.10149,0.10155,0.10139,0.10139
1770273900,0.10139,0.10166,0.10137,0.10166
1770273960,0.10166,0.10166,0.10143,0.10144
1770274020,0.10144,0.10153,0.10062,0.10076
1770274080,0.10076,0.1009,0.10067,0.10084
1770274140,0.10084,0.10127,0.10083,0.10105
1770274200,0.10105,0.10116,0.10103,0.1011
1770274260,0.1011,0.10117,0.10098,0.10103
1770274320,0.10103,0.10112,0.10101,0.1011
1770274380,0.1011,0.10113,0.10092,0.10095
1770274440,0.10095,0.10102,0.10085,0.10094
1770274500,0.10094,0.10114,0.10094,0.10114
1770274560,0.10114,0.10123,0.10108,0.10116
1770274620,0.10116,0.10124,0.10114,0.10114
1770274680,0.10114,0.10114,0.10106,0.10111
1770274740,0.10111,0.10113,0.10105,0.10111
1770274800,0.10111,0.10114,0.10101,0.10114
1770274860,0.10114,0.10204,0.10114,0.10192
1770274920,0.10192,0.10277,0.10192,0.1025
1770274980,0.1025,0.10257,0.10219,0.10242
1770275040,0.10242,0.10259,0.10221,0.10246
1770275100,0.10246,0.10246,0.10212,0.10222
1770275160,0.10222,0.10226,0.1021,0.10218
1770275220,0.10218,0.10253,0.10193,0.10194
1770275280,0.10194,0.10194,0.10167,0.10182
1770275340,0.10182,0.10191,0.10182,0.10186
1770275400,0.10186,0.10186,0.10172,0.10181
1770275460,0.10181,0.10189,0.10174,0.10187
1770275520,0.10187,0.10188,0.10181,0.10187
1770275580,0.10187,0.10192,0.10183,0.1019
1770275640,0.1019,0.1019,0.10182,0.10184
1770275700,0.10184,0.10188,0.10162,0.10168
1770275760,0.10168,0.10203,0.10166,0.10201
1770275820,0.10201,0.10206,0.10182,0.10189
1770275880,0.10189,0.10189,0.10178,0.10187
1770275940,0.10187,0.10214,0.10187,0.10211
1770276000,0.10211,0.10222,0.10201,0.10218
1770276060,0.10218,0.10244,0.10203,0.10237
1770276120,0.10237,0.10263,0.10225,0.10227
1770276180,0.10227,0.10228,0.10215,0.10217
1770276240,0.10217,0.10226,0.10212,0.10226
1770276300,0.10226,0.1025,0.10221,0.10245
1770276360,0.10245,0.10252,0.10239,0.10245
1770276420,0.10245,0.10271,0.10237,0.10261
1770276480,0.10261,0.10267,0.10248,0.10259
1770276540,0.10259,0.10261,0.10238,0.10241
1770276600,0.10241,0.10247,0.10225,0.10237
1770276660,0.10237,0.10248,0.10228,0.10244
1770276720,0.10244,0.10247,0.10231,0.10233
1770276780,0.10233,0.10237,0.1023,0.10231
1770276840,0.10231,0.10231,0.10223,0.10225
1770276900,0.10225,0.10231,0.1022,0.10231
1770276960,0.10231,0.10231,0.10214,0.10216
1770277020,0.10216,0.1022,0.10209,0.10216
1770277080,0.10216,0.10217,0.10199,0.10211
1770277140,0.10211,0.10211,0.10188,0.10193
1770277200,0.10193,0.10204,0.10191,0.10202
1770277260,0.10202,0.10207,0.10159,0.10167
1770277320,0.10167,0.1017,0.1016,0.10168
1770277380,0.10168,0.10173,0.10163,0.1017
1770277440,0.1017,0.10183,0.10169,0.10177
1770277500,0.10177,0.10184,0.10177,0.10179
1770277560,0.10179,0.10187,0.10176,0.10182
1770277620,0.10182,0.10187,0.10175,0.1018
1770277680,0.1018,0.10183,0.10157,0.10157
1770277740,0.10157,0.10172,0.10157,0.10171
1770277800,0.10171,0.10171,0.10144,0.10155
1770277860,0.10155,0.1016,0.10151,0.10155
1770277920,0.10155,0.10159,0.10151,0.10158
1770277980,0.10158,0.10166,0.10157,0.10166
1770278040,0.10166,0.10167,0.10161,0.10165
1770278100,0.10165,0.10165,0.10149,0.10151
1770278160,0.10151,0.10154,0.1014,0.10142
1770278220,0.10142,0.10142,0.10092,0.10099
1770278280,0.10099,0.10108,0.10097,0.10106
1770278340,0.10106,0.10112,0.101,0.10111
1770278400,0.10111,0.10137,0.10111,0.10127
1770278460,0.10127,0.10152,0.10124,0.10146
1770278520,0.10146,0.10154,0.10131,0.10136
1770278580,0.10136,0.10165,0.10136,0.10156
1770278640,0.10156,0.10159,0.10145,0.10146
1770278700,0.10146,0.1015,0.10139,0.10149
1770278760,0.10149,0.10165,0.10144,0.10165
1770278820,0.10165,0.10169,0.1015,0.10151
1770278880,0.10151,0.10152,0.10135,0.10141
1770278940,0.10141,0.1015,0.10141,0.10147
1770279000,0.10147,0.10147,0.10133,0.10145
1770279060,0.10145,0.10147,0.10134,0.10144
1770279120,0.10144,0.10144,0.10136,0.10138
1770279180,0.10138,0.10138,0.10118,0.10126
1770279240,0.10126,0.10129,0.10122,0.10129
1770279300,0.10129,0.10133,0.10123,0.10129
1770279360,0.10129,0.1013,0.10117,0.10122
1770279420,0.10122,0.10126,0.10104,0.10126
1770279480,0.10126,0.10138,0.10126,0.10135
1770279540,0.10135,0.10143,0.10129,0.10129
1770279600,0.10129,0.1014,0.10121,0.10127
1770279660,0.10127,0.10127,0.10115,0.10116
1770279720,0.10116,0.10131,0.10116,0.10122
1770279780,0.10122,0.10122,0.10109,0.10113
1770279840,0.10113,0.10127,0.10113,0.10121
1770279900,0.10121,0.10132,0.10119,0.10129
1770279960,0.10129,0.10152,0.10125,0.10152
1770280020,0.10152,0.10177,0.10152,0.10156
1770280080,0.10156,0.10171,0.10151,0.10155
1770280140,0.10155,0.10169,0.10152,0.10168
1770280200,0.10168,0.10193,0.10164,0.10191
1770280260,0.10191,0.10273,0.10189,0.10245
1770280320,0.10245,0.10245,0.1022,0.10228
1770280380,0.10228,0.10233,0.10219,0.10219
1770280440,0.10219,0.10228,0.10217,0.10221
1770280500,0.10221,0.10231,0.1022,0.10231
1770280560,0.10231,0.10231,0.10214,0.10214
1770280620,0.10214,0.10239,0.10214,0.10227
1770280680,0.10227,0.10259,0.10227,0.10253
1770280740,0.10253,0.10253,0.10243,0.10246
1770280800,0.10246,0.10248,0.10235,0.10238
1770280860,0.10238,0.10239,0.10227,0.10229
1770280920,0.10229,0.10232,0.10221,0.10231
1770280980,0.10231,0.10232,0.10221,0.10221
1770281040,0.10221,0.10227,0.1022,0.10222
1770281100,0.10222,0.10223,0.10201,0.10202
1770281160,0.10202,0.10227,0.10201,0.10224
1770281220,0.10224,0.10245,0.10222,0.10226
1770281280,0.10226,0.1023,0.10206,0.10207
1770281340,0.10207,0.10209,0.102,0.102
1770281400,0.102,0.10203,0.10179,0.10182
1770281460,0.10182,0.10195,0.10178,0.1018
1770281520,0.1018,0.10192,0.1018,0.1019
1770281580,0.1019,0.10204,0.1019,0.102
1770281640,0.102,0.10212,0.102,0.10206
1770281700,0.10206,0.10207,0.10195,0.10195
1770281760,0.10195,0.1021,0.10193,0.10206
1770281820,0.10206,0.10206,0.10198,0.10202
1770281880,0.10202,0.10208,0.10198,0.10204
1770281940,0.10204,0.10204,0.10176,0.10177
1770282000,0.10177,0.10188,0.10175,0.10184
1770282060,0.10184,0.10197,0.10181,0.10191
1770282120,0.10191,0.10197,0.10186,0.10196
1770282180,0.10196,0.10203,0.10172,0.10173
1770282240,0.10173,0.10183,0.10173,0.10182
1770282300,0.10182,0.102,0.10167,0.10196
1770282360,0.10196,0.10215,0.1018,0.10205
1770282420,0.10205,0.10209,0.10199,0.102
1770282480,0.102,0.10282,0.102,0.10253
1770282540,0.10253,0.10265,0.10237,0.10249
1770282600,0.10249,0.10275,0.10228,0.10239
1770282660,0.10239,0.10252,0.10237,0.10246
1770282720,0.10246,0.10257,0.10239,0.10255
1770282780,0.10255,0.10268,0.10244,0.1026
1770282840,0.1026,0.1026,0.10242,0.10248
1770282900,0.10248,0.1025,0.10235,0.1025
1770282960,0.1025,0.10293,0.1025,0.10284
1770283020,0.10284,0.10286,0.10272,0.10275
1770283080,0.10275,0.10278,0.10265,0.10272
1770283140,0.10272,0.10274,0.10245,0.10251
1770283200,0.10251,0.1027,0.10251,0.1027
1770283260,0.1027,0.1027,0.10231,0.10233
1770283320,0.10233,0.10238,0.10221,0.10226
1770283380,0.10226,0.10235,0.10224,0.10233
1770283440,0.10233,0.10238,0.10228,0.10229
1770283500,0.10229,0.1023,0.10221,0.10222
1770283560,0.10222,0.10225,0.10217,0.10225
1770283620,0.10225,0.10232,0.10224,0.10231
1770283680,0.10231,0.10231,0.10217,0.10229
1770283740,0.10229,0.10233,0.10228,0.10231
1770283800,0.10231,0.10237,0.1023,0.10236
1770283860,0.10236,0.10242,0.10228,0.10233
1770283920,0.10233,0.10235,0.10202,0.10211
1770283980,0.10211,0.10214,0.10195,0.10203
1770284040,0.10203,0.10207,0.10201,0.10203
1770284100,0.10203,0.10203,0.10184,0.10189
1770284160,0.10189,0.1019,0.10181,0.10189
1770284220,0.10189,0.10195,0.10187,0.10187
1770284280,0.10187,0.10187,0.10168,0.1017
1770284340,0.1017,0.10175,0.10161,0.10169
1770284400,0.10169,0.10198,0.10169,0.1019
1770284460,0.1019,0.102,0.10185,0.10185
1770284520,0.10185,0.10185,0.10173,0.10173
1770284580,0.10173,0.10176,0.1017,0.10173
1770284640,0.10173,0.10174,0.10166,0.10172
1770284700,0.10172,0.10174,0.10168,0.10171
1770284760,0.10171,0.10178,0.10169,0.10178
1770284820,0.10178,0.10178,0.10165,0.1017
1770284880,0.1017,0.10176,0.10168,0.10168
1770284940,0.10168,0.10168,0.10147,0.10158
1770285000,0.10158,0.1017,0.10151,0.10164
1770285060,0.10164,0.10174,0.10161,0.10163
1770285120,0.10163,0.10164,0.10158,0.10158
1770285180,0.10158,0.10167,0.10158,0.10164
1770285240,0.10164,0.10169,0.10164,0.10165
1770285300,0.10165,0.10166,0.1016,0.10163
1770285360,0.10163,0.10171,0.10163,0.10169
1770285420,0.10169,0.10169,0.1016,0.10162
1770285480,0.10162,0.10162,0.10158,0.10158
1770285540,0.10158,0.10162,0.10158,0.10162
1770285600,0.10162,0.10165,0.10158,0.1016
1770285660,0.1016,0.10167,0.10147,0.10153
1770285720,0.10153,0.10153,0.1013,0.1014
1770285780,0.1014,0.10141,0.1012,0.10127
1770285840,0.10127,0.10127,0.1012,0.10122
1770285900,0.10122,0.10123,0.10084,0.10089
1770285960,0.10089,0.1009,0.10065,0.10066
1770286020,0.10066,0.10083,0.10065,0.10078
1770286080,0.10078,0.10081,0.10061,0.10064
1770286140,0.10064,0.10071,0.10054,0.10061
1770286200,0.10061,0.10082,0.10061,0.10073
1770286260,0.10073,0.1008,0.1007,0.10076
1770286320,0.10076,0.1008,0.10073,0.10077
1770286380,0.10077,0.10087,0.10076,0.10087
1770286440,0.10087,0.10103,0.10083,0.10099
1770286500,0.10099,0.10113,0.10098,0.10104
1770286560,0.10104,0.10111,0.10098,0.10102
1770286620,0.10102,0.1011,0.10097,0.10109
1770286680,0.10109,0.1013,0.10109,0.10127
1770286740,0.10127,0.10152,0.10127,0.10142
1770286800,0.10142,0.10155,0.10139,0.1014
1770286860,0.1014,0.10151,0.10139,0.10144
1770286920,0.10144,0.10145,0.10128,0.10129
1770286980,0.10129,0.10132,0.10127,0.10131
1770287040,0.10131,0.10149,0.10129,0.10144
1770287100,0.10144,0.10145,0.10129,0.10133
1770287160,0.10133,0.10134,0.10129,0.10131
1770287220,0.10131,0.10139,0.10131,0.10134
1770287280,0.10134,0.10137,0.10125,0.10136
1770287340,0.10136,0.10138,0.10132,0.10138
1770287400,0.10138,0.10141,0.10131,0.10137
1770287460,0.10137,0.10144,0.10136,0.10139
1770287520,0.10139,0.10143,0.10124,0.10125
1770287580,0.10125,0.10127,0.10104,0.10106
1770287640,0.10106,0.1011,0.10101,0.10103
1770287700,0.10103,0.10107,0.10081,0.10087
1770287760,0.10087,0.10101,0.10087,0.10096
1770287820,0.10096,0.10096,0.10077,0.10077
1770287880,0.10077,0.10077,0.10065,0.10072
1770287940,0.10072,0.10079,0.1007,0.10072
1770288000,0.10072,0.10075,0.10067,0.10074
1770288060,0.10074,0.10076,0.10059,0.10061
1770288120,0.10061,0.10062,0.10035,0.10044
1770288180,0.10044,0.10049,0.10037,0.10038
1770288240,0.10038,0.10048,0.10035,0.10037
1770288300,0.10037,0.10047,0.10025,0.10028
1770288360,0.10028,0.10033,0.10018,0.10025
1770288420,0.10025,0.10033,0.10013,0.10016
1770288480,0.10016,0.10018,0.09975,0.09979
1770288540,0.09979,0.09999,0.09979,0.09987
1770288600,0.09987,0.09998,0.09976,0.09988
1770288660,0.09988,0.09996,0.09974,0.09978
1770288720,0.09978,0.09981,0.09914,0.09958
1770288780,0.09958,0.09965,0.09941,0.09958
1770288840,0.09958,0.09966,0.09943,0.09948
1770288900,0.09948,0.09956,0.09905,0.09916
1770288960,0.09916,0.09943,0.0991,0.0994
1770289020,0.0994,0.09941,0.09912,0.09915
1770289080,0.09915,0.09939,0.09914,0.0993
1770289140,0.0993,0.09953,0.0993,0.09946
1770289200,0.09946,0.09952,0.09937,0.09939
1770289260,0.09939,0.09967,0.09939,0.09955
1770289320,0.09955,0.09965,0.09952,0.09954
1770289380,0.09954,0.09954,0.09933,0.09946
1770289440,0.09946,0.09962,0.09944,0.09946
1770289500,0.09946,0.09953,0.09941,0.09945
1770289560,0.09945,0.09975,0.09945,0.09973
1770289620,0.09973,0.09973,0.09963,0.09967
1770289680,0.09967,0.09971,0.09952,0.09956
1770289740,0.09956,0.09963,0.09953,0.0996
1770289800,0.0996,0.09963,0.09942,0.09943
1770289860,0.09943,0.09949,0.09914,0.09914
1770289920,0.09914,0.09925,0.09888,0.09898
1770289980,0.09898,0.099,0.09876,0.09878
1770290040,0.09878,0.09884,0.09862,0.09872
1770290100,0.09872,0.0989,0.09872,0.09884
1770290160,0.09884,0.09889,0.09866,0.0987
1770290220,0.0987,0.09928,0.0987,0.09915
1770290280,0.09915,0.09915,0.09883,0.09887
1770290340,0.09887,0.09891,0.0986,0.09862
1770290400,0.09862,0.09864,0.09835,0.09852
1770290460,0.09852,0.09852,0.09824,0.09824
1770290520,0.09824,0.09845,0.09785,0.09811
1770290580,0.09811,0.0984,0.09794,0.09794
1770290640,0.09794,0.09807,0.09746,0.09762
1770290700,0.09762,0.09804,0.09757,0.09798
1770290760,0.09798,0.09805,0.0977,0.0978
1770290820,0.0978,0.09797,0.09757,0.09758
1770290880,0.09758,0.09766,0.09738,0.09745
1770290940,0.09745,0.0976,0.0973,0.09754
1770291000,0.09754,0.09792,0.09751,0.09753
1770291060,0.09753,0.09775,0.09746,0.09765
1770291120,0.09765,0.09775,0.09746,0.09758
1770291180,0.09758,0.09793,0.09758,0.09778
1770291240,0.09778,0.09791,0.09775,0.09785
1770291300,0.09785,0.09807,0.09782,0.09793
1770291360,0.09793,0.0982,0.09768,0.09819
1770291420,0.09819,0.09826,0.09806,0.09824
1770291480,0.09824,0.09869,0.09824,0.09868
1770291540,0.09868,0.09915,0.09868,0.09893
1770291600,0.09893,0.09948,0.0989,0.09946
1770291660,0.09946,0.09947,0.09917,0.09939
1770291720,0.09939,0.09957,0.09932,0.0994
1770291780,0.0994,0.09942,0.09922,0.09923
1770291840,0.09923,0.0993,0.09917,0.09922
1770291900,0.09922,0.0993,0.09911,0.09927
1770291960,0.09927,0.09936,0.09877,0.09881
1770292020,0.09881,0.09903,0.09876,0.09897
1770292080,0.09897,0.09918,0.09896,0.09912
1770292140,0.09912,0.09913,0.09884,0.0989
1770292200,0.0989,0.09902,0.09874,0.09878
1770292260,0.09878,0.0989,0.09867,0.09879
1770292320,0.09879,0.09885,0.09872,0.09875
1770292380,0.09875,0.09881,0.09842,0.0986
1770292440,0.0986,0.09865,0.09837,0.09844
1770292500,0.09844,0.09873,0.09838,0.09872
1770292560,0.09872,0.09872,0.09834,0.09845
1770292620,0.09845,0.09851,0.09838,0.09845
1770292680,0.09845,0.09855,0.09845,0.09855
1770292740,0.09855,0.09868,0.09855,0.09867
1770292800,0.09867,0.09881,0.09863,0.09881
1770292860,0.09881,0.099,0.0987,0.09891
1770292920,0.09891,0.09894,0.09877,0.09894
1770292980,0.09894,0.09912,0.09885,0.09896
1770293040,0.09896,0.09908,0.09883,0.09888
1770293100,0.09888,0.09893,0.09878,0.0988
1770293160,0.0988,0.0989,0.09865,0.09889
1770293220,0.09889,0.09891,0.09874,0.0988
1770293280,0.0988,0.0988,0.09856,0.09856
1770293340,0.09856,0.09864,0.09836,0.09843
1770293400,0.09843,0.09879,0.09843,0.09859
1770293460,0.09859,0.09879,0.09859,0.09869
1770293520,0.09869,0.0988,0.09864,0.0987
1770293580,0.0987,0.09884,0.09867,0.09878
1770293640,0.09878,0.09879,0.09855,0.09855
1770293700,0.09855,0.09862,0.09817,0.09818
1770293760,0.09818,0.09843,0.09811,0.09814
1770293820,0.09814,0.0983,0.09784,0.0979
1770293880,0.0979,0.09818,0.09786,0.09808
1770293940,0.09808,0.09809,0.09768,0.09776
1770294000,0.09776,0.09793,0.09766,0.09792
1770294060,0.09792,0.09809,0.09778,0.09804
1770294120,0.09804,0.0982,0.09789,0.09804
1770294180,0.09804,0.09807,0.09777,0.09781
1770294240,0.09781,0.09791,0.09766,0.0977
1770294300,0.0977,0.09787,0.09757,0.09784
1770294360,0.09784,0.09849,0.09778,0.09837
1770294420,0.09837,0.09886,0.09837,0.0987
1770294480,0.0987,0.09891,0.09866,0.09881
1770294540,0.09881,0.09888,0.09847,0.09852
1770294600,0.09852,0.099,0.09837,0.09859
1770294660,0.09859,0.09866,0.09807,0.09829
1770294720,0.09829,0.09859,0.09829,0.09836
1770294780,0.09836,0.09836,0.09819,0.09833
1770294840,0.09833,0.0986,0.0982,0.09855
1770294900,0.09855,0.0988,0.0985,0.09856
1770294960,0.09856,0.09859,0.0983,0.09859
1770295020,0.09859,0.09876,0.09858,0.09863
1770295080,0.09863,0.09863,0.09833,0.09839
1770295140,0.09839,0.09853,0.09823,0.0984
1770295200,0.0984,0.09848,0.09827,0.09843
1770295260,0.09843,0.0986,0.09838,0.09859
1770295320,0.09859,0.09869,0.09832,0.09832
1770295380,0.09832,0.09841,0.09807,0.09816
1770295440,0.09816,0.0983,0.09812,0.09828
1770295500,0.09828,0.09841,0.09812,0.09817
1770295560,0.09817,0.09834,0.09814,0.0982
1770295620,0.0982,0.09833,0.0981,0.09832
1770295680,0.09832,0.09843,0.09819,0.09837
1770295740,0.09837,0.09845,0.0982,0.0984
1770295800,0.0984,0.0987,0.0983,0.09833
1770295860,0.09833,0.09875,0.09833,0.09866
1770295920,0.09866,0.0987,0.0984,0.0985
1770295980,0.0985,0.0985,0.09828,0.09831
1770296040,0.09831,0.09833,0.09811,0.09811
1770296100,0.09811,0.09816,0.09784,0.09808
1770296160,0.09808,0.0986,0.09808,0.09854
1770296220,0.09854,0.0986,0.09846,0.09846
1770296280,0.09846,0.09862,0.09846,0.0986
1770296340,0.0986,0.0986,0.09842,0.09846
1770296400,0.09846,0.09848,0.09839,0.09845
1770296460,0.09845,0.09867,0.09833,0.09848
1770296520,0.09848,0.09856,0.09838,0.09853
1770296580,0.09853,0.09858,0.09847,0.0985
1770296640,0.0985,0.09851,0.09839,0.09844
1770296700,0.09844,0.09885,0.09844,0.09884
1770296760,0.09884,0.099,0.09878,0.099
1770296820,0.099,0.09929,0.09889,0.09905
1770296880,0.09905,0.09905,0.09892,0.09896
1770296940,0.09896,0.09909,0.09891,0.09906
1770297000,0.09906,0.0992,0.09888,0.09888
1770297060,0.09888,0.099,0.09885,0.09893
1770297120,0.09893,0.09897,0.09885,0.09891
1770297180,0.09891,0.09893,0.09867,0.09869
1770297240,0.09869,0.09869,0.09839,0.09841
1770297300,0.09841,0.0985,0.09832,0.0984
1770297360,0.0984,0.0985,0.09825,0.09825
1770297420,0.09825,0.09839,0.09815,0.09833
1770297480,0.09833,0.09836,0.09825,0.09828
1770297540,0.09828,0.09844,0.09824,0.0983
1770297600,0.0983,0.09837,0.09823,0.0983
1770297660,0.0983,0.09842,0.09828,0.0983
1770297720,0.0983,0.09841,0.0983,0.0983
1770297780,0.0983,0.09843,0.09816,0.09817
1770297840,0.09817,0.09835,0.09817,0.09832
1770297900,0.09832,0.09842,0.09819,0.09819
1770297960,0.09819,0.09819,0.09785,0.09793
1770298020,0.09793,0.09816,0.09793,0.09805
1770298080,0.09805,0.09809,0.09793,0.09798
1770298140,0.09798,0.09801,0.09787,0.09799
1770298200,0.09799,0.09849,0.09796,0.09809
1770298260,0.09809,0.09847,0.09809,0.09835
1770298320,0.09835,0.09868,0.09835,0.0986
1770298380,0.0986,0.09868,0.09836,0.09844
1770298440,0.09844,0.09861,0.09827,0.09861
1770298500,0.09861,0.09861,0.09829,0.09857
1770298560,0.09857,0.09858,0.09843,0.09844
1770298620,0.09844,0.09848,0.09827,0.09835
1770298680,0.09835,0.09849,0.09834,0.09845
1770298740,0.09845,0.09845,0.09825,0.09825
1770298800,0.09825,0.0983,0.09815,0.09815
1770298860,0.09815,0.09829,0.09813,0.09826
1770298920,0.09826,0.09831,0.09806,0.0981
1770298980,0.0981,0.09826,0.09809,0.09826
1770299040,0.09826,0.0983,0.09815,0.09816
1770299100,0.09816,0.09818,0.0981,0.09815
1770299160,0.09815,0.09817,0.09795,0.0981
1770299220,0.0981,0.09813,0.098,0.09802
1770299280,0.09802,0.09827,0.09799,0.0981
1770299340,0.0981,0.09819,0.0981,0.09819
1770299400,0.09819,0.09823,0.09808,0.09808
1770299460,0.09808,0.09819,0.09795,0.09809
1770299520,0.09809,0.09835,0.09809,0.09827
1770299580,0.09827,0.09839,0.09822,0.09833
1770299640,0.09833,0.0985,0.09827,0.09845
1770299700,0.09845,0.09853,0.09837,0.09853
1770299760,0.09853,0.09854,0.09837,0.09844
1770299820,0.09844,0.09846,0.09813,0.09819
1770299880,0.09819,0.09825,0.09803,0.09822
1770299940,0.09822,0.09829,0.09818,0.09821
1770300000,0.09821,0.09881,0.0982,0.09868
1770300060,0.09868,0.09939,0.09861,0.09925
1770300120,0.09925,0.09945,0.09906,0.09922
1770300180,0.09922,0.09938,0.09899,0.09904
1770300240,0.09904,0.09917,0.09891,0.09902
1770300300,0.09902,0.09902,0.09856,0.09858
1770300360,0.09858,0.09882,0.09858,0.09882
1770300420,0.09882,0.09882,0.09866,0.09871
1770300480,0.09871,0.09876,0.09864,0.09864
1770300540,0.09864,0.09868,0.09845,0.09868
1770300600,0.09868,0.0987,0.09844,0.09844
1770300660,0.09844,0.09857,0.09841,0.09855
1770300720,0.09855,0.09896,0.09852,0.09894
1770300780,0.09894,0.09896,0.09869,0.09873
1770300840,0.09873,0.09878,0.09862,0.09866
1770300900,0.09866,0.09881,0.0983,0.09833
1770300960,0.09833,0.09845,0.09826,0.0983
1770301020,0.0983,0.09848,0.0983,0.09843
1770301080,0.09843,0.09851,0.09843,0.0985
1770301140,0.0985,0.09877,0.09845,0.09865
1770301200,0.09865,0.09881,0.09865,0.09874
1770301260,0.09874,0.09875,0.09866,0.09866
1770301320,0.09866,0.09883,0.09859,0.09883
1770301380,0.09883,0.09903,0.09883,0.09895
1770301440,0.09895,0.09908,0.09895,0.09902
1770301500,0.09902,0.09923,0.09902,0.09918
1770301560,0.09918,0.09918,0.09906,0.09912
1770301620,0.09912,0.09917,0.09904,0.09911
1770301680,0.09911,0.09925,0.09911,0.09921
1770301740,0.09921,0.09928,0.09915,0.09919
1770301800,0.09919,0.09949,0.09903,0.09926
1770301860,0.09926,0.09984,0.09906,0.09907
1770301920,0.09907,0.09969,0.09899,0.09951
1770301980,0.09951,0.09994,0.09929,0.09931
1770302040,0.09931,0.09972,0.09929,0.09963
1770302100,0.09963,0.10014,0.09963,0.09967
1770302160,0.09967,0.09981,0.09953,0.09954
1770302220,0.09954,0.10019,0.09932,0.10018
1770302280,0.10018,0.10032,0.09989,0.10018
1770302340,0.10018,0.10047,0.09996,0.10009
1770302400,0.10009,0.10013,0.09983,0.10001
1770302460,0.10001,0.10005,0.09952,0.0996
1770302520,0.0996,0.09995,0.09948,0.09971
1770302580,0.09971,0.10001,0.09968,0.09997
1770302640,0.09997,0.09997,0.0998,0.0998
1770302700,0.0998,0.09988,0.09957,0.09973
1770302760,0.09973,0.09984,0.09951,0.09982
1770302820,0.09982,0.10033,0.09982,0.09985
1770302880,0.09985,0.09998,0.09948,0.09949
1770302940,0.09949,0.09959,0.09938,0.09949
1770303000,0.09949,0.09974,0.0994,0.09953
1770303060,0.09953,0.09972,0.09927,0.09932
1770303120,0.09932,0.09939,0.09912,0.09923
1770303180,0.09923,0.09944,0.0992,0.09925
1770303240,0.09925,0.09933,0.09897,0.09913
1770303300,0.09913,0.09914,0.09875,0.09883
1770303360,0.09883,0.09891,0.09868,0.09881
1770303420,0.09881,0.09881,0.09833,0.09842
1770303480,0.09842,0.09856,0.09836,0.09851
1770303540,0.09851,0.09855,0.09815,0.09844
1770303600,0.09844,0.09873,0.09806,0.09806
1770303660,0.09806,0.09839,0.09806,0.09813
1770303720,0.09813,0.09833,0.09798,0.09801
1770303780,0.09801,0.0981,0.09762,0.09767
1770303840,0.09767,0.09799,0.09752,0.09778
1770303900,0.09778,0.09783,0.09686,0.09703
1770303960,0.09703,0.0972,0.09686,0.09714
1770304020,0.09714,0.0972,0.09677,0.09682
1770304080,0.09682,0.097,0.09666,0.09682
1770304140,0.09682,0.09711,0.09662,0.09693
1770304200,0.09693,0.09723,0.09644,0.09656
1770304260,0.09656,0.0966,0.09607,0.09611
1770304320,0.09611,0.09614,0.09552,0.09564
1770304380,0.09564,0.09588,0.09543,0.09587
1770304440,0.09587,0.09588,0.09561,0.09567
1770304500,0.09567,0.09619,0.09565,0.09619
1770304560,0.09619,0.09661,0.09601,0.09604
1770304620,0.09604,0.09663,0.09604,0.09639
1770304680,0.09639,0.09646,0.0955,0.0955
1770304740,0.0955,0.09587,0.09544,0.09562
1770304800,0.09562,0.09572,0.09503,0.09528
1770304860,0.09528,0.0953,0.09437,0.09455
1770304920,0.09455,0.09493,0.09417,0.09455
1770304980,0.09455,0.09469,0.09285,0.09311
1770305040,0.09311,0.09405,0.09303,0.09404
1770305100,0.09404,0.09513,0.09404,0.0946
1770305160,0.0946,0.09462,0.09392,0.09392
1770305220,0.09392,0.09431,0.09381,0.09406
1770305280,0.09406,0.09448,0.09354,0.0937
1770305340,0.0937,0.09378,0.09305,0.09319
1770305400,0.09319,0.09465,0.09309,0.0941
1770305460,0.0941,0.09415,0.09354,0.09357
1770305520,0.09357,0.09369,0.09255,0.09267
1770305580,0.09267,0.09329,0.09267,0.09295
1770305640,0.09295,0.09322,0.09256,0.09303
1770305700,0.09303,0.09386,0.09303,0.0932
1770305760,0.0932,0.09334,0.09282,0.0929
1770305820,0.0929,0.09346,0.09283,0.09343
1770305880,0.09343,0.09366,0.09311,0.09362
1770305940,0.09362,0.09425,0.0936,0.09411
1770306000,0.09411,0.09425,0.09346,0.0941
1770306060,0.0941,0.09476,0.094,0.09465
1770306120,0.09465,0.09502,0.0946,0.09473
1770306180,0.09473,0.09489,0.09456,0.09463
1770306240,0.09463,0.09497,0.09457,0.09482
1770306300,0.09482,0.09516,0.09423,0.09426
1770306360,0.09426,0.09428,0.0938,0.09388
1770306420,0.09388,0.09428,0.09384,0.09409
1770306480,0.09409,0.09433,0.09397,0.0942
1770306540,0.0942,0.09442,0.09403,0.09441
1770306600,0.09441,0.09547,0.09434,0.09523
1770306660,0.09523,0.09545,0.09501,0.09543
1770306720,0.09543,0.0959,0.09533,0.09574
1770306780,0.09574,0.09574,0.09499,0.09506
1770306840,0.09506,0.09517,0.09469,0.09471
1770306900,0.09471,0.09472,0.09444,0.09458
1770306960,0.09458,0.09488,0.09407,0.09426
1770307020,0.09426,0.09426,0.09392,0.0941
1770307080,0.0941,0.09439,0.09388,0.09418
1770307140,0.09418,0.09424,0.09401,0.09413
1770307200,0.09413,0.09429,0.09367,0.09402
1770307260,0.09402,0.09428,0.09378,0.09392
1770307320,0.09392,0.094,0.09372,0.09377
1770307380,0.09377,0.09377,0.09313,0.09335
1770307440,0.09335,0.0936,0.09332,0.09347
1770307500,0.09347,0.09363,0.09329,0.09356
1770307560,0.09356,0.09412,0.09356,0.09379
1770307620,0.09379,0.09395,0.09365,0.09372
1770307680,0.09372,0.09385,0.09335,0.09352
1770307740,0.09352,0.09352,0.09301,0.09302
1770307800,0.09302,0.09416,0.09299,0.09367
1770307860,0.09367,0.09369,0.0933,0.09356
1770307920,0.09356,0.09374,0.09343,0.09346
1770307980,0.09346,0.09346,0.0931,0.09311
1770308040,0.09311,0.09326,0.09294,0.0931
1770308100,0.0931,0.0934,0.09292,0.09336
1770308160,0.09336,0.09399,0.09321,0.09399
1770308220,0.09399,0.09413,0.0937,0.09402
1770308280,0.09402,0.09418,0.09373,0.09381
1770308340,0.09381,0.09406,0.09352,0.09357
1770308400,0.09357,0.0941,0.09353,0.09361
1770308460,0.09361,0.09404,0.09354,0.094
1770308520,0.094,0.09445,0.09395,0.09411
1770308580,0.09411,0.09423,0.09393,0.09394
1770308640,0.09394,0.09509,0.09384,0.09508
1770308700,0.09508,0.09525,0.09468,0.09473
1770308760,0.09473,0.09506,0.09473,0.09477
1770308820,0.09477,0.09503,0.09475,0.09499
1770308880,0.09499,0.09518,0.09483,0.09487
1770308940,0.09487,0.09488,0.09465,0.09481
1770309000,0.09481,0.09539,0.09481,0.09493
1770309060,0.09493,0.09501,0.09469,0.09472
1770309120,0.09472,0.09474,0.09419,0.09423
1770309180,0.09423,0.09468,0.09421,0.09467
1770309240,0.09467,0.09499,0.09457,0.09483
1770309300,0.09483,0.09503,0.09475,0.09497
1770309360,0.09497,0.09521,0.09467,0.0947
1770309420,0.0947,0.09481,0.09443,0.09444
1770309480,0.09444,0.09462,0.09423,0.0946
1770309540,0.0946,0.09464,0.09428,0.09434
1770309600,0.09434,0.09446,0.0939,0.09398
1770309660,0.09398,0.09404,0.0939,0.094
1770309720,0.094,0.09408,0.09383,0.09397
1770309780,0.09397,0.09403,0.09369,0.09369
1770309840,0.09369,0.09379,0.09362,0.09372
1770309900,0.09372,0.09379,0.09333,0.09334
1770309960,0.09334,0.0935,0.09334,0.09343
1770310020,0.09343,0.09347,0.09306,0.09327
1770310080,0.09327,0.09345,0.09314,0.09339
1770310140,0.09339,0.09362,0.0932,0.09361
1770310200,0.09361,0.09407,0.09361,0.09392
1770310260,0.09392,0.09438,0.09389,0.0942
1770310320,0.0942,0.09483,0.09417,0.0948
1770310380,0.0948,0.09486,0.09455,0.0948
1770310440,0.0948,0.09528,0.09476,0.09489
1770310500,0.09489,0.09503,0.09473,0.09482
1770310560,0.09482,0.09482,0.09415,0.0943
1770310620,0.0943,0.09439,0.09421,0.09433
1770310680,0.09433,0.09437,0.09407,0.09408
1770310740,0.09408,0.09422,0.0939,0.09419
1770310800,0.09419,0.09456,0.09389,0.09393
1770310860,0.09393,0.09395,0.09366,0.09376
1770310920,0.09376,0.09376,0.0934,0.09347
1770310980,0.09347,0.09352,0.09305,0.09345
1770311040,0.09345,0.09345,0.09315,0.09328
1770311100,0.09328,0.09341,0.09311,0.09335
1770311160,0.09335,0.09354,0.09303,0.09303
1770311220,0.09303,0.09309,0.09275,0.09301
1770311280,0.09301,0.09307,0.09279,0.09291
1770311340,0.09291,0.09295,0.09219,0.09224
1770311400,0.09224,0.09243,0.0921,0.0923
1770311460,0.0923,0.09245,0.09203,0.09216
1770311520,0.09216,0.09218,0.09184,0.09207
1770311580,0.09207,0.09232,0.09198,0.09226
1770311640,0.09226,0.09256,0.0922,0.09231
1770311700,0.09231,0.09243,0.09198,0.09225
1770311760,0.09225,0.09253,0.09225,0.09248
1770311820,0.09248,0.0925,0.09219,0.09237
1770311880,0.09237,0.09243,0.09208,0.09216
1770311940,0.09216,0.09223,0.09189,0.09198
1770312000,0.09198,0.09205,0.09089,0.09119
1770312060,0.09119,0.09173,0.09114,0.09159
1770312120,0.09159,0.09232,0.09159,0.09189
1770312180,0.09189,0.09258,0.09189,0.09251
1770312240,0.09251,0.09382,0.09251,0.09369
1770312300,0.09369,0.094,0.09347,0.09381
1770312360,0.09381,0.09419,0.09367,0.09367
1770312420,0.09367,0.09384,0.09343,0.09384
1770312480,0.09384,0.09396,0.09335,0.09341
1770312540,0.09341,0.09385,0.0934,0.09379
1770312600,0.09379,0.09403,0.09333,0.09336
1770312660,0.09336,0.09342,0.09216,0.09219
1770312720,0.09219,0.09275,0.09213,0.09268
1770312780,0.09268,0.09299,0.09256,0.09295
1770312840,0.09295,0.09303,0.09255,0.09257
1770312900,0.09257,0.09268,0.09243,0.09266
1770312960,0.09266,0.09324,0.09265,0.09292
1770313020,0.09292,0.09299,0.09265,0.09296
1770313080,0.09296,0.09313,0.09273,0.09293
1770313140,0.09293,0.09316,0.09276,0.09282
1770313200,0.09282,0.09365,0.09276,0.09331
1770313260,0.09331,0.09339,0.09302,0.09319
1770313320,0.09319,0.09328,0.09285,0.09285
1770313380,0.09285,0.09301,0.09273,0.09301
1770313440,0.09301,0.09302,0.09269,0.09296
1770313500,0.09296,0.09319,0.09282,0.09319
1770313560,0.09319,0.09338,0.09291,0.09317
1770313620,0.09317,0.09329,0.09292,0.09301
1770313680,0.09301,0.09308,0.09247,0.09247
1770313740,0.09247,0.09263,0.09232,0.09255
1770313800,0.09255,0.09274,0.09243,0.09258
1770313860,0.09258,0.09289,0.09257,0.09269
1770313920,0.09269,0.09271,0.0922,0.09223
1770313980,0.09223,0.09257,0.09223,0.09248
1770314040,0.09248,0.09248,0.09224,0.09226
1770314100,0.09226,0.09227,0.09185,0.09214
1770314160,0.09214,0.09231,0.09211,0.09219
1770314220,0.09219,0.09226,0.09196,0.09201
1770314280,0.09201,0.09205,0.09181,0.09182
1770314340,0.09182,0.0919,0.09173,0.09188
1770314400,0.09188,0.09212,0.09186,0.09191
1770314460,0.09191,0.09243,0.09191,0.09242
1770314520,0.09242,0.09262,0.09213,0.09218
1770314580,0.09218,0.09218,0.0915,0.09182
1770314640,0.09182,0.09229,0.09179,0.09189
1770314700,0.09189,0.09218,0.09173,0.09196
1770314760,0.09196,0.09207,0.09176,0.09199
1770314820,0.09199,0.09231,0.09184,0.09189
1770314880,0.09189,0.09209,0.09172,0.09176
1770314940,0.09176,0.09193,0.09166,0.09183
1770315000,0.09183,0.09214,0.09177,0.09203
1770315060,0.09203,0.09214,0.09197,0.0921
1770315120,0.0921,0.0923,0.09198,0.09228
1770315180,0.09228,0.09233,0.09189,0.09195
1770315240,0.09195,0.09213,0.09195,0.09207
1770315300,0.09207,0.09223,0.09202,0.0922
1770315360,0.0922,0.0922,0.09116,0.09127
1770315420,0.09127,0.09147,0.09123,0.09129
1770315480,0.09129,0.09136,0.09085,0.0911
1770315540,0.0911,0.0915,0.09105,0.09132
1770315600,0.09132,0.09142,0.09099,0.09111
1770315660,0.09111,0.09112,0.09076,0.09085
1770315720,0.09085,0.09108,0.09051,0.0907
1770315780,0.0907,0.09097,0.09055,0.09078
1770315840,0.09078,0.09182,0.09078,0.09169
1770315900,0.09169,0.09176,0.09112,0.09114
1770315960,0.09114,0.09137,0.09091,0.09117
1770316020,0.09117,0.09131,0.0909,0.09095
1770316080,0.09095,0.09104,0.09082,0.09104
1770316140,0.09104,0.09122,0.09099,0.09122
1770316200,0.09122,0.09139,0.09105,0.09127
1770316260,0.09127,0.09154,0.0909,0.09109
1770316320,0.09109,0.09126,0.0904,0.09045
1770316380,0.09045,0.09089,0.09045,0.09073
1770316440,0.09073,0.09097,0.09062,0.09094
1770316500,0.09094,0.09123,0.09094,0.09107
1770316560,0.09107,0.09137,0.09104,0.0911
1770316620,0.0911,0.0911,0.09085,0.09098
1770316680,0.09098,0.09104,0.09072,0.0908
1770316740,0.0908,0.091,0.09078,0.09092
1770316800,0.09092,0.09122,0.09076,0.09108
1770316860,0.09108,0.09143,0.09094,0.09133
1770316920,0.09133,0.09141,0.09113,0.09117
1770316980,0.09117,0.09132,0.09077,0.0908
1770317040,0.0908,0.09103,0.09076,0.09087
1770317100,0.09087,0.09136,0.09087,0.09099
1770317160,0.09099,0.0914,0.0908,0.09086
1770317220,0.09086,0.09093,0.09052,0.09084
1770317280,0.09084,0.0911,0.09081,0.09102
1770317340,0.09102,0.09154,0.09101,0.09128
1770317400,0.09128,0.09133,0.09105,0.09127
1770317460,0.09127,0.0914,0.09114,0.09134
1770317520,0.09134,0.09139,0.09113,0.09115
1770317580,0.09115,0.09201,0.09114,0.09196
1770317640,0.09196,0.09216,0.09174,0.09184
1770317700,0.09184,0.09213,0.09172,0.09209
1770317760,0.09209,0.09257,0.09205,0.09247
1770317820,0.09247,0.09273,0.09229,0.09242
1770317880,0.09242,0.09259,0.09222,0.09244
1770317940,0.09244,0.09268,0.09237,0.09245
1770318000,0.09245,0.09251,0.09216,0.09225
1770318060,0.09225,0.09225,0.09192,0.09198
1770318120,0.09198,0.09222,0.09197,0.09215
1770318180,0.09215,0.09278,0.09214,0.09226
1770318240,0.09226,0.09231,0.09202,0.09207
1770318300,0.09207,0.09235,0.09189,0.09226
1770318360,0.09226,0.09267,0.0921,0.09213
1770318420,0.09213,0.09219,0.09185,0.0919
1770318480,0.0919,0.09197,0.09169,0.09191
1770318540,0.09191,0.09202,0.09188,0.09191
1770318600,0.09191,0.09199,0.09172,0.09199
1770318660,0.09199,0.09238,0.09195,0.09233
1770318720,0.09233,0.09253,0.09209,0.09235
1770318780,0.09235,0.09235,0.09211,0.09219
1770318840,0.09219,0.09225,0.09202,0.09206
1770318900,0.09206,0.09243,0.09188,0.09243
1770318960,0.09243,0.09259,0.09225,0.09247
1770319020,0.09247,0.0927,0.09224,0.09244
1770319080,0.09244,0.09261,0.09208,0.09219
1770319140,0.09219,0.09241,0.09213,0.09238
1770319200,0.09238,0.0924,0.09197,0.09199
1770319260,0.09199,0.0924,0.09197,0.09203
1770319320,0.09203,0.09209,0.09186,0.09209
1770319380,0.09209,0.09212,0.0919,0.09192
1770319440,0.09192,0.09196,0.0916,0.09182
1770319500,0.09182,0.09184,0.09146,0.09153
1770319560,0.09153,0.09181,0.0914,0.09168
1770319620,0.09168,0.09184,0.09165,0.09175
1770319680,0.09175,0.09184,0.09164,0.09173
1770319740,0.09173,0.09185,0.09164,0.09185
1770319800,0.09185,0.09202,0.09165,0.09196
1770319860,0.09196,0.09238,0.09194,0.09228
1770319920,0.09228,0.09232,0.0918,0.09181
1770319980,0.09181,0.09229,0.09179,0.09206
1770320040,0.09206,0.09225,0.092,0.09224
1770320100,0.09224,0.09234,0.09206,0.09228
1770320160,0.09228,0.09242,0.09201,0.09207
1770320220,0.09207,0.09227,0.09198,0.09223
1770320280,0.09223,0.09237,0.09209,0.09215
1770320340,0.09215,0.09225,0.09199,0.09199
1770320400,0.09199,0.09207,0.09179,0.09185
1770320460,0.09185,0.09185,0.09161,0.09173
1770320520,0.09173,0.09184,0.09165,0.09167
1770320580,0.09167,0.0918,0.09167,0.09175
1770320640,0.09175,0.09182,0.09163,0.09164
1770320700,0.09164,0.09179,0.09158,0.09165
1770320760,0.09165,0.09166,0.09138,0.09145
1770320820,0.09145,0.09147,0.09108,0.09115
1770320880,0.09115,0.09131,0.09114,0.09121
1770320940,0.09121,0.09143,0.09121,0.09136
1770321000,0.09136,0.09154,0.09118,0.09135
1770321060,0.09135,0.09135,0.09106,0.09109
1770321120,0.09109,0.09109,0.09068,0.09088
1770321180,0.09088,0.0911,0.09087,0.09104
1770321240,0.09104,0.0913,0.09096,0.09114
1770321300,0.09114,0.09117,0.09102,0.09104
1770321360,0.09104,0.09121,0.09089,0.09098
1770321420,0.09098,0.09112,0.09096,0.09105
1770321480,0.09105,0.09112,0.09093,0.09102
1770321540,0.09102,0.09116,0.09102,0.09112
1770321600,0.09112,0.09128,0.09104,0.09128
1770321660,0.09128,0.09163,0.09123,0.09163
1770321720,0.09163,0.0918,0.09136,0.09138
1770321780,0.09138,0.09156,0.09125,0.09149
1770321840,0.09149,0.09151,0.09135,0.09138
1770321900,0.09138,0.09144,0.09106,0.09113
1770321960,0.09113,0.09138,0.09103,0.09117
1770322020,0.09117,0.09157,0.0911,0.09156
1770322080,0.09156,0.09179,0.0915,0.09162
1770322140,0.09162,0.09179,0.0915,0.09176
1770322200,0.09176,0.09177,0.09145,0.09148
1770322260,0.09148,0.09148,0.09118,0.09123
1770322320,0.09123,0.09127,0.09097,0.09106
1770322380,0.09106,0.09109,0.09078,0.09081
1770322440,0.09081,0.09088,0.09056,0.09062
1770322500,0.09062,0.09067,0.08995,0.08997
1770322560,0.08997,0.09022,0.08978,0.0898
1770322620,0.0898,0.08998,0.0895,0.08996
1770322680,0.08996,0.09018,0.08978,0.08991
1770322740,0.08991,0.09007,0.08945,0.08955
1770322800,0.08955,0.08998,0.08943,0.08968
1770322860,0.08968,0.08981,0.08899,0.08921
1770322920,0.08921,0.08932,0.08856,0.08867
1770322980,0.08867,0.08927,0.08843,0.08894
1770323040,0.08894,0.08941,0.08857,0.08909
1770323100,0.08909,0.08914,0.08724,0.08761
1770323160,0.08761,0.08851,0.08717,0.08847
1770323220,0.08847,0.08947,0.08847,0.08904
1770323280,0.08904,0.08938,0.08874,0.08897
1770323340,0.08897,0.08915,0.08856,0.08867
1770323400,0.08867,0.08924,0.08839,0.08888
1770323460,0.08888,0.08926,0.08839,0.08851
1770323520,0.08851,0.08912,0.0882,0.08909
1770323580,0.08909,0.08942,0.08903,0.08931
1770323640,0.08931,0.08952,0.08898,0.08926
1770323700,0.08926,0.0895,0.08906,0.08918
1770323760,0.08918,0.08919,0.08832,0.08916
1770323820,0.08916,0.09013,0.08916,0.08966
1770323880,0.08966,0.08966,0.08907,0.08943
1770323940,0.08943,0.08995,0.0894,0.08988
1770324000,0.08988,0.09086,0.08986,0.09056
1770324060,0.09056,0.0907,0.09035,0.0904
1770324120,0.0904,0.09057,0.08996,0.09013
1770324180,0.09013,0.09045,0.08998,0.09021
1770324240,0.09021,0.09023,0.08993,0.09003
1770324300,0.09003,0.09025,0.08966,0.09014
1770324360,0.09014,0.09026,0.08943,0.0895
1770324420,0.0895,0.08954,0.08927,0.08949
1770324480,0.08949,0.08969,0.08917,0.08921
1770324540,0.08921,0.08947,0.08899,0.08925
1770324600,0.08925,0.08952,0.08913,0.08915
1770324660,0.08915,0.08957,0.0887,0.08903
1770324720,0.08903,0.08903,0.08854,0.0886
1770324780,0.0886,0.08865,0.08826,0.0885
1770324840,0.0885,0.08871,0.08834,0.08837
1770324900,0.08837,0.08887,0.08808,0.08868
1770324960,0.08868,0.0891,0.08859,0.08889
1770325020,0.08889,0.08924,0.08878,0.08896
1770325080,0.08896,0.08953,0.08894,0.08947
1770325140,0.08947,0.08947,0.08894,0.08902
1770325200,0.08902,0.09007,0.08884,0.09001
1770325260,0.09001,0.09005,0.08888,0.08917
1770325320,0.08917,0.08991,0.08915,0.08987
1770325380,0.08987,0.09053,0.08978,0.0903
1770325440,0.0903,0.09123,0.0903,0.0907
1770325500,0.0907,0.09109,0.09046,0.09046
1770325560,0.09046,0.09056,0.09005,0.09012
1770325620,0.09012,0.09014,0.08969,0.09001
1770325680,0.09001,0.09032,0.08984,0.08987
1770325740,0.08987,0.08993,0.0896,0.08961
1770325800,0.08961,0.08975,0.08931,0.08938
1770325860,0.08938,0.08949,0.08919,0.0893
1770325920,0.0893,0.08943,0.08911,0.0893
1770325980,0.0893,0.08943,0.08912,0.08914
1770326040,0.08914,0.08918,0.08884,0.08891
1770326100,0.08891,0.08898,0.08807,0.08849
1770326160,0.08849,0.08878,0.0884,0.08846
1770326220,0.08846,0.08852,0.08806,0.08808
1770326280,0.08808,0.08817,0.08778,0.08794
1770326340,0.08794,0.08811,0.08786,0.08793
1770326400,0.08793,0.08808,0.08742,0.08807
1770326460,0.08807,0.08886,0.08801,0.08853
1770326520,0.08853,0.08891,0.08852,0.08874
1770326580,0.08874,0.09049,0.08874,0.09014
1770326640,0.09014,0.09054,0.08977,0.08979
1770326700,0.08979,0.09001,0.08944,0.08946
1770326760,0.08946,0.08952,0.0892,0.08922
1770326820,0.08922,0.0893,0.08874,0.08925
1770326880,0.08925,0.08953,0.08918,0.08947
1770326940,0.08947,0.09013,0.08947,0.09007
1770327000,0.09007,0.09027,0.08977,0.08992
1770327060,0.08992,0.09016,0.08968,0.09016
1770327120,0.09016,0.0903,0.08969,0.08983
1770327180,0.08983,0.08983,0.08941,0.0895
1770327240,0.0895,0.08952,0.08911,0.08914
1770327300,0.08914,0.0892,0.08891,0.089
1770327360,0.089,0.08902,0.08827,0.08847
1770327420,0.08847,0.0888,0.08843,0.08869
1770327480,0.08869,0.08892,0.08867,0.08883
1770327540,0.08883,0.08905,0.08882,0.08902
1770327600,0.08902,0.08929,0.08898,0.08907
1770327660,0.08907,0.08925,0.08892,0.08925
1770327720,0.08925,0.08939,0.08913,0.0893
1770327780,0.0893,0.0893,0.08871,0.08879
1770327840,0.08879,0.08879,0.08811,0.08855
1770327900,0.08855,0.08881,0.0885,0.08857
1770327960,0.08857,0.08884,0.08838,0.08883
1770328020,0.08883,0.08914,0.0888,0.0889
1770328080,0.0889,0.08906,0.08882,0.08885
1770328140,0.08885,0.08886,0.08831,0.08843
1770328200,0.08843,0.08851,0.08811,0.08844
1770328260,0.08844,0.0886,0.08823,0.08837
1770328320,0.08837,0.0885,0.08783,0.08799
1770328380,0.08799,0.08821,0.08793,0.08798
1770328440,0.08798,0.08834,0.08792,0.08822
1770328500,0.08822,0.0886,0.08821,0.08823
1770328560,0.08823,0.08823,0.08769,0.08776
1770328620,0.08776,0.08823,0.08776,0.08809
1770328680,0.08809,0.08835,0.08808,0.08833
1770328740,0.08833,0.08848,0.08828,0.08832
1770328800,0.08832,0.08895,0.08832,0.08885
1770328860,0.08885,0.08904,0.0885,0.08868
1770328920,0.08868,0.08875,0.08844,0.08858
1770328980,0.08858,0.08916,0.08849,0.08852
1770329040,0.08852,0.08872,0.08835,0.08872
1770329100,0.08872,0.08892,0.0884,0.08842
1770329160,0.08842,0.08858,0.08829,0.0883
1770329220,0.0883,0.08834,0.08793,0.08815
1770329280,0.08815,0.08914,0.08774,0.08905
1770329340,0.08905,0.08949,0.08887,0.08938
1770329400,0.08938,0.08978,0.08893,0.08897
1770329460,0.08897,0.08909,0.08883,0.08907
1770329520,0.08907,0.0893,0.08895,0.08916
1770329580,0.08916,0.08926,0.0889,0.08901
1770329640,0.08901,0.08902,0.08879,0.08889
1770329700,0.08889,0.08906,0.0886,0.08861
1770329760,0.08861,0.08871,0.0883,0.08841
1770329820,0.08841,0.08847,0.08667,0.0871
1770329880,0.0871,0.08762,0.0871,0.08751
1770329940,0.08751,0.08814,0.08738,0.08794
1770330000,0.08794,0.08809,0.08748,0.08774
1770330060,0.08774,0.08782,0.08757,0.08776
1770330120,0.08776,0.08793,0.08738,0.08739
1770330180,0.08739,0.08764,0.08736,0.0876
1770330240,0.0876,0.0878,0.08741,0.08779
1770330300,0.08779,0.08794,0.08756,0.08767
1770330360,0.08767,0.08792,0.08766,0.08777
1770330420,0.08777,0.08821,0.08776,0.08819
1770330480,0.08819,0.09042,0.08819,0.09001
1770330540,0.09001,0.09039,0.08962,0.08983
1770330600,0.08983,0.09063,0.08968,0.09
1770330660,0.09,0.09002,0.08928,0.08935
1770330720,0.08935,0.08961,0.08911,0.08959
1770330780,0.08959,0.08959,0.08917,0.08918
1770330840,0.08918,0.08964,0.08918,0.0895
1770330900,0.0895,0.0897,0.08919,0.08968
1770330960,0.08968,0.08968,0.08936,0.08961
1770331020,0.08961,0.08977,0.08949,0.08958
1770331080,0.08958,0.08961,0.0893,0.08934
1770331140,0.08934,0.08963,0.08933,0.08957
1770331200,0.08957,0.08966,0.08927,0.08952
1770331260,0.08952,0.08975,0.08938,0.08975
1770331320,0.08975,0.08983,0.08956,0.08967
1770331380,0.08967,0.08975,0.08951,0.08975
1770331440,0.08975,0.09005,0.08971,0.08985
1770331500,0.08985,0.09003,0.0898,0.09003
1770331560,0.09003,0.0901,0.08955,0.08956
1770331620,0.08956,0.08964,0.08943,0.08954
1770331680,0.08954,0.08965,0.08943,0.08955
1770331740,0.08955,0.08975,0.08949,0.08973
1770331800,0.08973,0.08979,0.08968,0.0897
1770331860,0.0897,0.08994,0.08957,0.08994
1770331920,0.08994,0.09035,0.08979,0.0899
1770331980,0.0899,0.09023,0.08981,0.09
1770332040,0.09,0.09019,0.08992,0.08996
1770332100,0.08996,0.08999,0.08944,0.08974
1770332160,0.08974,0.08992,0.08958,0.08987
1770332220,0.08987,0.09004,0.08985,0.08985
1770332280,0.08985,0.08986,0.08969,0.08973
1770332340,0.08973,0.08982,0.08956,0.08956
1770332400,0.08956,0.08974,0.08947,0.08961
1770332460,0.08961,0.08966,0.08934,0.08957
1770332520,0.08957,0.09016,0.08952,0.09014
1770332580,0.09014,0.09058,0.09008,0.09045
1770332640,0.09045,0.09096,0.09042,0.09088
1770332700,0.09088,0.09124,0.09064,0.09069
1770332760,0.09069,0.09098,0.09062,0.09098
1770332820,0.09098,0.09099,0.09063,0.09068
1770332880,0.09068,0.09068,0.09049,0.0906
1770332940,0.0906,0.09097,0.09048,0.09085
1770333000,0.09085,0.09118,0.09083,0.09108
1770333060,0.09108,0.09115,0.09085,0.09113
1770333120,0.09113,0.09125,0.09102,0.09105
1770333180,0.09105,0.09114,0.09089,0.09098
1770333240,0.09098,0.09106,0.09094,0.09096
1770333300,0.09096,0.09113,0.09092,0.091
1770333360,0.091,0.091,0.09057,0.09058
1770333420,0.09058,0.09087,0.09057,0.09084
1770333480,0.09084,0.09084,0.09059,0.09068
1770333540,0.09068,0.09068,0.09045,0.09048
1770333600,0.09048,0.09048,0.09017,0.0902
1770333660,0.0902,0.09027,0.08994,0.09003
1770333720,0.09003,0.09005,0.08969,0.08971
1770333780,0.08971,0.08984,0.0897,0.08972
1770333840,0.08972,0.08986,0.08958,0.08962
1770333900,0.08962,0.08994,0.08962,0.08991
1770333960,0.08991,0.08995,0.08973,0.08993
1770334020,0.08993,0.09005,0.08989,0.09
1770334080,0.09,0.09013,0.0899,0.09005
1770334140,0.09005,0.0903,0.09005,0.09024
1770334200,0.09024,0.0904,0.09017,0.09021
1770334260,0.09021,0.09055,0.09012,0.09049
1770334320,0.09049,0.09051,0.09006,0.09006
1770334380,0.09006,0.09011,0.08996,0.08997
1770334440,0.08997,0.08998,0.08966,0.08969
1770334500,0.08969,0.08974,0.08924,0.08945
1770334560,0.08945,0.08952,0.0892,0.08944
1770334620,0.08944,0.0895,0.08919,0.08931
1770334680,0.08931,0.08953,0.08922,0.08941
1770334740,0.08941,0.08948,0.0891,0.08913
1770334800,0.08913,0.08914,0.08883,0.089
1770334860,0.089,0.08909,0.08859,0.08876
1770334920,0.08876,0.08892,0.08874,0.0889
1770334980,0.0889,0.08905,0.0888,0.08882
1770335040,0.08882,0.0889,0.08876,0.08884
1770335100,0.08884,0.08893,0.0888,0.08885
1770335160,0.08885,0.0891,0.08885,0.08899
1770335220,0.08899,0.08917,0.08888,0.08898
1770335280,0.08898,0.08904,0.08867,0.08904
1770335340,0.08904,0.08925,0.08902,0.08908
1770335400,0.08908,0.08908,0.08877,0.0889
1770335460,0.0889,0.08891,0.08864,0.08871
1770335520,0.08871,0.08874,0.08799,0.0882
1770335580,0.0882,0.08823,0.08799,0.08814
1770335640,0.08814,0.08828,0.08803,0.08813
1770335700,0.08813,0.08835,0.08813,0.08835
1770335760,0.08835,0.08849,0.08817,0.08848
1770335820,0.08848,0.08862,0.08831,0.08836
1770335880,0.08836,0.08841,0.08816,0.08826
1770335940,0.08826,0.08844,0.08824,0.08843
1780617600,0.0885,0.0885,0.08824,0.08826
1780617660,0.08826,0.08833,0.0882,0.0882
1780617720,0.0882,0.08839,0.08816,0.08836
1780617780,0.08836,0.08846,0.08835,0.08835
1780617840,0.08835,0.08836,0.08824,0.08824
1780617900,0.08824,0.08846,0.08824,0.08842
1780617960,0.08842,0.08852,0.08835,0.08852
1780618020,0.08852,0.08852,0.08832,0.08837
1780618080,0.08837,0.08842,0.08819,0.08832
1780618140,0.08832,0.08837,0.08826,0.08833
1780618200,0.08833,0.08839,0.08825,0.08828
1780618260,0.08828,0.08831,0.08816,0.08821
1780618320,0.08821,0.08823,0.08813,0.0882
1780618380,0.0882,0.08827,0.08807,0.08808
1780618440,0.08808,0.0881,0.08796,0.08799
1780618500,0.08799,0.08805,0.08795,0.08804
1780618560,0.08804,0.08805,0.08796,0.08796
1780618620,0.08796,0.08801,0.08787,0.08794
1780618680,0.08794,0.08794,0.0878,0.08786
1780618740,0.08786,0.08799,0.08783,0.08793
1780618800,0.08793,0.08832,0.08793,0.08827
1780618860,0.08827,0.0883,0.08814,0.08829
1780618920,0.08829,0.08829,0.08814,0.08828
1780618980,0.08828,0.08844,0.08828,0.08842
1780619040,0.08842,0.08843,0.08831,0.08837
1780619100,0.08837,0.08837,0.0882,0.08821
1780619160,0.08821,0.08838,0.08819,0.08837
1780619220,0.08837,0.08842,0.08823,0.08842
1780619280,0.08842,0.08852,0.08838,0.08852
1780619340,0.08852,0.0887,0.08849,0.08868
1780619400,0.08868,0.08872,0.08862,0.08866
1780619460,0.08866,0.08869,0.08858,0.08864
1780619520,0.08864,0.08873,0.08856,0.08857
1780619580,0.08857,0.08869,0.08854,0.08864
1780619640,0.08864,0.08864,0.08849,0.08849
1780619700,0.08849,0.08852,0.08837,0.08838
1780619760,0.08838,0.0885,0.08838,0.08844
1780619820,0.08844,0.08846,0.08827,0.08836
1780619880,0.08836,0.08844,0.08825,0.08844
1780619940,0.08844,0.08861,0.08842,0.08861
1780620000,0.08861,0.08861,0.08847,0.08848
1780620060,0.08848,0.08849,0.0883,0.0883
1780620120,0.0883,0.08833,0.08825,0.08826
1780620180,0.08826,0.08833,0.08821,0.08833
1780620240,0.08833,0.08837,0.08829,0.0883
1780620300,0.0883,0.08842,0.08824,0.0884
1780620360,0.0884,0.08849,0.08835,0.08849
1780620420,0.08849,0.08852,0.08843,0.08846
1780620480,0.08846,0.08852,0.08846,0.08852
1780620540,0.08852,0.08854,0.08843,0.08844
1780620600,0.08844,0.08846,0.08831,0.08833
1780620660,0.08833,0.08838,0.08831,0.08835
1780620720,0.08835,0.08835,0.08809,0.08809
1780620780,0.08809,0.08812,0.088,0.08803
1780620840,0.08803,0.08812,0.08799,0.08803
1780620900,0.08803,0.08803,0.08799,0.08801
1780620960,0.08801,0.08803,0.08798,0.08801
1780621020,0.08801,0.08804,0.08793,0.08793
1780621080,0.08793,0.08793,0.08771,0.08771
1780621140,0.08771,0.08778,0.08767,0.08776
1780621200,0.08776,0.08776,0.08762,0.08767
1780621260,0.08767,0.08767,0.08724,0.08726
1780621320,0.08726,0.08746,0.08726,0.08738
1780621380,0.08738,0.08738,0.0871,0.08712
1780621440,0.08712,0.08717,0.08694,0.08699
1780621500,0.08699,0.08732,0.08699,0.08729
1780621560,0.08729,0.08741,0.08722,0.08735
1780621620,0.08735,0.08766,0.08735,0.08758
1780621680,0.08758,0.08758,0.08732,0.08732
1780621740,0.08732,0.08749,0.08732,0.08748
1780621800,0.08748,0.08751,0.08726,0.08728
1780621860,0.08728,0.08734,0.08722,0.08729
1780621920,0.08729,0.08751,0.08729,0.0875
1780621980,0.0875,0.0875,0.08738,0.08744
1780622040,0.08744,0.08761,0.08744,0.08761
1780622100,0.08761,0.08762,0.08744,0.08746
1780622160,0.08746,0.08761,0.08739,0.08761
1780622220,0.08761,0.08794,0.08756,0.08794
1780622280,0.08794,0.08794,0.08777,0.08785
1780622340,0.08785,0.08789,0.08772,0.08777
1780622400,0.08777,0.08781,0.08767,0.08776
1780622460,0.08776,0.08784,0.08769,0.08769
1780622520,0.08769,0.08769,0.08741,0.08744
1780622580,0.08744,0.0876,0.08739,0.0876
1780622640,0.0876,0.08775,0.08759,0.08775
1780622700,0.08775,0.08783,0.08764,0.08766
1780622760,0.08766,0.08773,0.08753,0.08753
1780622820,0.08753,0.08766,0.08753,0.08765
1780622880,0.08765,0.08774,0.08759,0.08768
1780622940,0.08768,0.08787,0.08768,0.08787
1780623000,0.08787,0.08826,0.08787,0.08808
1780623060,0.08808,0.08821,0.08797,0.08821
1780623120,0.08821,0.08821,0.08802,0.08805
1780623180,0.08805,0.08814,0.08803,0.08811
1780623240,0.08811,0.08811,0.08796,0.08803
1780623300,0.08803,0.08816,0.08799,0.0881
1780623360,0.0881,0.08817,0.08803,0.08803
1780623420,0.08803,0.08803,0.08791,0.08791
1780623480,0.08791,0.08791,0.08759,0.08766
1780623540,0.08766,0.08775,0.08766,0.08773
1780623600,0.08773,0.08779,0.08767,0.08774
1780623660,0.08774,0.08775,0.08766,0.08768
1780623720,0.08768,0.08771,0.0876,0.08764
1780623780,0.08764,0.08779,0.0876,0.08779
1780623840,0.08779,0.08795,0.08776,0.08795
1780623900,0.08795,0.08796,0.08777,0.08777
1780623960,0.08777,0.08783,0.08767,0.08772
1780624020,0.08772,0.08774,0.08757,0.08766
1780624080,0.08766,0.08773,0.08763,0.08766
1780624140,0.08766,0.08776,0.08765,0.08774
1780624200,0.08774,0.08774,0.08765,0.08765
1780624260,0.08765,0.08778,0.08762,0.08773
1780624320,0.08773,0.0878,0.08769,0.08774
1780624380,0.08774,0.08783,0.08774,0.08782
1780624440,0.08782,0.08784,0.08776,0.08779
1780624500,0.08779,0.08786,0.08766,0.08786
1780624560,0.08786,0.08802,0.08784,0.08794
1780624620,0.08794,0.08801,0.08791,0.08792
1780624680,0.08792,0.08798,0.08784,0.08797
1780624740,0.08797,0.08797,0.08789,0.08789
1780624800,0.08789,0.08794,0.08782,0.08783
1780624860,0.08783,0.08788,0.08765,0.08769
1780624920,0.08769,0.08775,0.08757,0.08769
1780624980,0.08769,0.08785,0.08768,0.08781
1780625040,0.08781,0.08781,0.0877,0.08781
1780625100,0.08781,0.08781,0.08765,0.08772
1780625160,0.08772,0.08779,0.08768,0.08778
1780625220,0.08778,0.0878,0.0875,0.08755
1780625280,0.08755,0.08762,0.0874,0.08741
1780625340,0.08741,0.08757,0.08741,0.08749
1780625400,0.08749,0.08759,0.08744,0.08756
1780625460,0.08756,0.08758,0.08747,0.0875
1780625520,0.0875,0.08759,0.08749,0.08754
1780625580,0.08754,0.08756,0.08743,0.08746
1780625640,0.08746,0.08751,0.08743,0.08745
1780625700,0.08745,0.08764,0.08745,0.08756
1780625760,0.08756,0.08767,0.08751,0.08751
1780625820,0.08751,0.08763,0.08744,0.08763
1780625880,0.08763,0.08765,0.08728,0.08731
1780625940,0.08731,0.08737,0.08716,0.0872
1780626000,0.0872,0.08728,0.087,0.08707
1780626060,0.08707,0.08724,0.087,0.08711
1780626120,0.08711,0.08713,0.08702,0.08707
1780626180,0.08707,0.0873,0.08707,0.08728
1780626240,0.08728,0.08736,0.08721,0.08734
1780626300,0.08734,0.08737,0.08722,0.08725
1780626360,0.08725,0.08732,0.08725,0.08728
1780626420,0.08728,0.08734,0.08716,0.0872
1780626480,0.0872,0.0872,0.08705,0.08708
1780626540,0.08708,0.08713,0.0868,0.08682
1780626600,0.08682,0.08696,0.08678,0.08695
1780626660,0.08695,0.08719,0.08695,0.08712
1780626720,0.08712,0.08714,0.08701,0.08713
1780626780,0.08713,0.08715,0.08695,0.08696
1780626840,0.08696,0.08712,0.08693,0.08702
1780626900,0.08702,0.08723,0.08699,0.08723
1780626960,0.08723,0.08723,0.087,0.08704
1780627020,0.08704,0.08722,0.08704,0.08718
1780627080,0.08718,0.08721,0.08702,0.08702
1780627140,0.08702,0.08706,0.08702,0.08705
1780627200,0.08705,0.08709,0.08695,0.08705
1780627260,0.08705,0.08711,0.08695,0.08699
1780627320,0.08699,0.08699,0.08631,0.08657
1780627380,0.08657,0.08657,0.08617,0.08655
1780627440,0.08655,0.08672,0.08652,0.08654
1780627500,0.08654,0.08676,0.08652,0.08674
1780627560,0.08674,0.08684,0.08665,0.08667
1780627620,0.08667,0.08673,0.08647,0.08649
1780627680,0.08649,0.08662,0.08648,0.08656
1780627740,0.08656,0.0866,0.0865,0.08656
1780627800,0.08656,0.08681,0.08655,0.08678
1780627860,0.08678,0.08682,0.0867,0.0867
1780627920,0.0867,0.08672,0.08655,0.08657
1780627980,0.08657,0.08663,0.08656,0.08661
1780628040,0.08661,0.08662,0.08628,0.08631
1780628100,0.08631,0.08642,0.0863,0.08635
1780628160,0.08635,0.08645,0.08628,0.08643
1780628220,0.08643,0.08651,0.0863,0.08631
1780628280,0.08631,0.08631,0.08605,0.0861
1780628340,0.0861,0.08623,0.0861,0.08615
1780628400,0.08615,0.08623,0.08606,0.08619
1780628460,0.08619,0.08621,0.08601,0.08616
1780628520,0.08616,0.08621,0.08605,0.08613
1780628580,0.08613,0.08631,0.08613,0.08619
1780628640,0.08619,0.08633,0.08616,0.08628
1780628700,0.08628,0.08628,0.0861,0.08612
1780628760,0.08612,0.08626,0.0859,0.08596
1780628820,0.08596,0.08618,0.08596,0.08599
1780628880,0.08599,0.08611,0.08591,0.086
1780628940,0.086,0.08619,0.086,0.08611
1780629000,0.08611,0.08624,0.08606,0.08613
1780629060,0.08613,0.08615,0.08594,0.08603
1780629120,0.08603,0.08608,0.08599,0.08607
1780629180,0.08607,0.0861,0.08596,0.08605
1780629240,0.08605,0.0861,0.08597,0.08604
1780629300,0.08604,0.08626,0.08597,0.08621
1780629360,0.08621,0.08649,0.0862,0.0864
1780629420,0.0864,0.08671,0.0864,0.08671
1780629480,0.08671,0.08688,0.08671,0.08678
1780629540,0.08678,0.0868,0.08669,0.08669
1780629600,0.08669,0.08669,0.08646,0.08646
1780629660,0.08646,0.08654,0.08637,0.08637
1780629720,0.08637,0.08638,0.08623,0.08638
1780629780,0.08638,0.08647,0.08634,0.08634
1780629840,0.08634,0.08638,0.08627,0.08638
1780629900,0.08638,0.08639,0.0862,0.08627
1780629960,0.08627,0.0863,0.08609,0.08609
1780630020,0.08609,0.08619,0.08605,0.08605
1780630080,0.08605,0.08609,0.08594,0.08603
1780630140,0.08603,0.08622,0.08603,0.08622
1780630200,0.08622,0.08646,0.08622,0.08644
1780630260,0.08644,0.08662,0.08642,0.08655
1780630320,0.08655,0.08665,0.08653,0.08658
1780630380,0.08658,0.08661,0.08649,0.0865
1780630440,0.0865,0.08658,0.08648,0.08653
1780630500,0.08653,0.08653,0.08638,0.08651
1780630560,0.08651,0.08653,0.08642,0.08642
1780630620,0.08642,0.08647,0.08627,0.0863
1780630680,0.0863,0.08638,0.08619,0.08619
1780630740,0.08619,0.08637,0.08619,0.08637
1780630800,0.08637,0.08645,0.0863,0.0863
1780630860,0.0863,0.0863,0.08613,0.08619
1780630920,0.08619,0.08623,0.08604,0.08607
1780630980,0.08607,0.08614,0.086,0.08612
1780631040,0.08612,0.08624,0.08611,0.0862
1780631100,0.0862,0.08631,0.08617,0.08628
1780631160,0.08628,0.08639,0.08621,0.08633
1780631220,0.08633,0.08636,0.08621,0.08632
1780631280,0.08632,0.08633,0.08624,0.08626
1780631340,0.08626,0.0863,0.08614,0.08618
1780631400,0.08618,0.08634,0.08618,0.08624
1780631460,0.08624,0.08632,0.08611,0.08618
1780631520,0.08618,0.08618,0.08603,0.08603
1780631580,0.08603,0.0861,0.08597,0.086
1780631640,0.086,0.08609,0.08599,0.08607
1780631700,0.08607,0.08614,0.08601,0.08614
1780631760,0.08614,0.08617,0.0861,0.08612
1780631820,0.08612,0.08615,0.08606,0.08606
1780631880,0.08606,0.08606,0.08583,0.0859
1780631940,0.0859,0.08592,0.08582,0.08587
1780632000,0.08587,0.08594,0.08581,0.08582
1780632060,0.08582,0.08589,0.08575,0.08579
1780632120,0.08579,0.08591,0.08573,0.08584
1780632180,0.08584,0.08595,0.08584,0.08588
1780632240,0.08588,0.0861,0.08564,0.08602
1780632300,0.08602,0.0861,0.08597,0.0861
1780632360,0.0861,0.08643,0.0861,0.08635
1780632420,0.08635,0.08668,0.08635,0.08667
1780632480,0.08667,0.08678,0.08653,0.08657
1780632540,0.08657,0.08671,0.08653,0.08669
1780632600,0.08669,0.08674,0.08658,0.08661
1780632660,0.08661,0.08661,0.0864,0.08651
1780632720,0.08651,0.08663,0.08646,0.08651
1780632780,0.08651,0.08658,0.0865,0.08652
1780632840,0.08652,0.08661,0.08649,0.0866
1780632900,0.0866,0.08665,0.08652,0.08653
1780632960,0.08653,0.0866,0.08645,0.08646
1780633020,0.08646,0.08654,0.08644,0.08644
1780633080,0.08644,0.08644,0.08628,0.08642
1780633140,0.08642,0.08647,0.08639,0.08642
1780633200,0.08642,0.08645,0.0863,0.0864
1780633260,0.0864,0.08651,0.0864,0.0865
1780633320,0.0865,0.0866,0.08648,0.0865
1780633380,0.0865,0.08658,0.08644,0.08655
1780633440,0.08655,0.08665,0.08655,0.08663
1780633500,0.08663,0.08701,0.08663,0.08699
1780633560,0.08699,0.08713,0.08694,0.08705
1780633620,0.08705,0.08712,0.08688,0.0869
1780633680,0.0869,0.087,0.08687,0.087
1780633740,0.087,0.087,0.08692,0.08697
1780633800,0.08697,0.08697,0.08666,0.08666
1780633860,0.08666,0.08673,0.08658,0.08658
1780633920,0.08658,0.08668,0.0865,0.08651
1780633980,0.08651,0.08654,0.08646,0.08647
1780634040,0.08647,0.08653,0.08646,0.08653
1780634100,0.08653,0.08658,0.08645,0.08658
1780634160,0.08658,0.08662,0.08653,0.08655
1780634220,0.08655,0.08658,0.08642,0.08647
1780634280,0.08647,0.08649,0.0864,0.08649
1780634340,0.08649,0.0865,0.08632,0.08639
1780634400,0.08639,0.0864,0.08625,0.08635
1780634460,0.08635,0.08638,0.08631,0.08631
1780634520,0.08631,0.08633,0.08614,0.08616
1780634580,0.08616,0.08617,0.08606,0.08608
1780634640,0.08608,0.08616,0.08608,0.08616
1780634700,0.08616,0.08626,0.08615,0.08626
1780634760,0.08626,0.08628,0.08601,0.08601
1780634820,0.08601,0.08609,0.08597,0.08607
1780634880,0.08607,0.08611,0.08594,0.08595
1780634940,0.08595,0.08606,0.08594,0.08604
1780635000,0.08604,0.08631,0.08604,0.08628
1780635060,0.08628,0.08636,0.0862,0.08629
1780635120,0.08629,0.0865,0.08629,0.08646
1780635180,0.08646,0.08651,0.0864,0.08651
1780635240,0.08651,0.08672,0.0865,0.08669
1780635300,0.08669,0.08669,0.08649,0.08651
1780635360,0.08651,0.08651,0.08625,0.08625
1780635420,0.08625,0.08639,0.08623,0.08638
1780635480,0.08638,0.08683,0.08638,0.0868
1780635540,0.0868,0.0869,0.08674,0.08681
1780635600,0.08681,0.08704,0.08678,0.08679
1780635660,0.08679,0.08684,0.08668,0.08684
1780635720,0.08684,0.08686,0.08671,0.0868
1780635780,0.0868,0.0868,0.08655,0.08655
1780635840,0.08655,0.08662,0.08651,0.08651
1780635900,0.08651,0.08672,0.08651,0.08672
1780635960,0.08672,0.08675,0.08661,0.08666
1780636020,0.08666,0.08668,0.08659,0.08659
1780636080,0.08659,0.08662,0.08647,0.08647
1780636140,0.08647,0.0865,0.08636,0.08638
1780636200,0.08638,0.08643,0.08637,0.08642
1780636260,0.08642,0.08647,0.08642,0.08642
1780636320,0.08642,0.08642,0.08621,0.08621
1780636380,0.08621,0.08627,0.08621,0.08626
1780636440,0.08626,0.08631,0.08626,0.0863
1780636500,0.0863,0.08638,0.08628,0.08628
1780636560,0.08628,0.08633,0.08623,0.0863
1780636620,0.0863,0.0864,0.08629,0.08629
1780636680,0.08629,0.08637,0.08621,0.08635
1780636740,0.08635,0.08639,0.08634,0.08639
1780636800,0.08639,0.0865,0.08637,0.0865
1780636860,0.0865,0.08668,0.0865,0.08655
1780636920,0.08655,0.08656,0.08645,0.08649
1780636980,0.08649,0.08657,0.08648,0.08652
1780637040,0.08652,0.08654,0.08644,0.08645
1780637100,0.08645,0.08661,0.08644,0.08651
1780637160,0.08651,0.08656,0.08647,0.08656
1780637220,0.08656,0.08674,0.08654,0.08669
1780637280,0.08669,0.08675,0.08666,0.08672
1780637340,0.08672,0.08673,0.08665,0.0867
1780637400,0.0867,0.08679,0.08668,0.08671
1780637460,0.08671,0.08682,0.08669,0.08669
1780637520,0.08669,0.08673,0.0866,0.08662
1780637580,0.08662,0.08668,0.0865,0.0865
1780637640,0.0865,0.08653,0.08645,0.08649
1780637700,0.08649,0.08651,0.08631,0.08633
1780637760,0.08633,0.08642,0.08623,0.0863
1780637820,0.0863,0.08633,0.08592,0.08596
1780637880,0.08596,0.08607,0.08595,0.086
1780637940,0.086,0.08607,0.08595,0.086
1780638000,0.086,0.08607,0.08594,0.08594
1780638060,0.08594,0.08594,0.08557,0.0857
1780638120,0.0857,0.08576,0.08552,0.0856
1780638180,0.0856,0.08564,0.08537,0.08538
1780638240,0.08538,0.08541,0.08522,0.08529
1780638300,0.08529,0.08544,0.08518,0.08529
1780638360,0.08529,0.08532,0.0851,0.0852
1780638420,0.0852,0.0852,0.0848,0.08507
1780638480,0.08507,0.08533,0.08507,0.08525
1780638540,0.08525,0.08534,0.08524,0.08528
1780638600,0.08528,0.0855,0.08522,0.08546
1780638660,0.08546,0.08557,0.08542,0.08557
1780638720,0.08557,0.0857,0.08555,0.08558
1780638780,0.08558,0.08558,0.08525,0.08534
1780638840,0.08534,0.08549,0.08524,0.08526
1780638900,0.08526,0.08542,0.0852,0.08521
1780638960,0.08521,0.08529,0.08499,0.0851
1780639020,0.0851,0.08525,0.08491,0.08495
1780639080,0.08495,0.08514,0.08495,0.08506
1780639140,0.08506,0.08507,0.08487,0.08502
1780639200,0.08502,0.08507,0.08475,0.08482
1780639260,0.08482,0.08516,0.08471,0.085
1780639320,0.085,0.08509,0.08483,0.08484
1780639380,0.08484,0.08487,0.08443,0.08444
1780639440,0.08444,0.08479,0.08444,0.08461
1780639500,0.08461,0.08502,0.08459,0.08487
1780639560,0.08487,0.08508,0.08481,0.08499
1780639620,0.08499,0.0852,0.08498,0.08516
1780639680,0.08516,0.08523,0.0851,0.08517
1780639740,0.08517,0.08522,0.08496,0.08498
1780639800,0.08498,0.08498,0.08473,0.08483
1780639860,0.08483,0.08494,0.0847,0.08474
1780639920,0.08474,0.08489,0.08466,0.08468
1780639980,0.08468,0.08471,0.08447,0.08453
1780640040,0.08453,0.08466,0.08435,0.0844
1780640100,0.0844,0.08464,0.08436,0.08437
1780640160,0.08437,0.08445,0.08417,0.08422
1780640220,0.08422,0.0844,0.08407,0.08423
1780640280,0.08423,0.08437,0.08379,0.08386
1780640340,0.08386,0.08394,0.08365,0.0837
1780640400,0.0837,0.08397,0.0834,0.08342
1780640460,0.08342,0.08359,0.08333,0.08344
1780640520,0.08344,0.08348,0.08302,0.08302
1780640580,0.08302,0.08313,0.08265,0.08265
1780640640,0.08265,0.08298,0.08193,0.08262
1780640700,0.08262,0.08295,0.08243,0.08279
1780640760,0.08279,0.08322,0.08279,0.08304
1780640820,0.08304,0.08355,0.08296,0.08334
1780640880,0.08334,0.08353,0.08333,0.08339
1780640940,0.08339,0.08348,0.08321,0.08338
1780641000,0.08338,0.08357,0.08314,0.08316
1780641060,0.08316,0.08355,0.08311,0.08346
1780641120,0.08346,0.08368,0.08344,0.08351
1780641180,0.08351,0.08372,0.08339,0.08362
1780641240,0.08362,0.08373,0.08327,0.08327
1780641300,0.08327,0.08328,0.08304,0.08322
1780641360,0.08322,0.08377,0.08322,0.08377
1780641420,0.08377,0.08377,0.08334,0.08335
1780641480,0.08335,0.08361,0.08335,0.08358
1780641540,0.08358,0.08384,0.08354,0.08367
1780641600,0.08367,0.08386,0.08362,0.08366
1780641660,0.08366,0.08376,0.0836,0.08375
1780641720,0.08375,0.08393,0.08375,0.08375
1780641780,0.08375,0.08401,0.0836,0.08398
1780641840,0.08398,0.0845,0.08398,0.08432
1780641900,0.08432,0.0844,0.08396,0.08401
1780641960,0.08401,0.08401,0.08367,0.08371
1780642020,0.08371,0.08395,0.08368,0.08394
1780642080,0.08394,0.08408,0.08384,0.08384
1780642140,0.08384,0.08384,0.08361,0.08366
1780642200,0.08366,0.08367,0.08345,0.08363
1780642260,0.08363,0.08381,0.08351,0.08354
1780642320,0.08354,0.08362,0.08348,0.08355
1780642380,0.08355,0.08382,0.08349,0.08382
1780642440,0.08382,0.0839,0.08369,0.08376
1780642500,0.08376,0.0839,0.08371,0.08379
1780642560,0.08379,0.08384,0.08368,0.08368
1780642620,0.08368,0.08382,0.08368,0.08381
1780642680,0.08381,0.0839,0.08365,0.08368
1780642740,0.08368,0.08373,0.08358,0.0837
1780642800,0.0837,0.08377,0.08362,0.08367
1780642860,0.08367,0.0837,0.08325,0.08327
1780642920,0.08327,0.08333,0.08296,0.08313
1780642980,0.08313,0.08329,0.083,0.08326
1780643040,0.08326,0.08326,0.08298,0.08304
1780643100,0.08304,0.08313,0.08284,0.08287
1780643160,0.08287,0.08295,0.08264,0.08268
1780643220,0.08268,0.08283,0.08251,0.08279
1780643280,0.08279,0.08308,0.08273,0.08276
1780643340,0.08276,0.08285,0.08263,0.08263
1780643400,0.08263,0.08301,0.08248,0.08257
1780643460,0.08257,0.08261,0.08239,0.08242
1780643520,0.08242,0.08274,0.08224,0.08272
1780643580,0.08272,0.08276,0.08253,0.08257
1780643640,0.08257,0.08259,0.08233,0.08233
1780643700,0.08233,0.08266,0.08233,0.08249
1780643760,0.08249,0.08289,0.08249,0.08285
1780643820,0.08285,0.08286,0.08258,0.08277
1780643880,0.08277,0.08296,0.0827,0.08275
1780643940,0.08275,0.08292,0.08269,0.08282
1780644000,0.08282,0.08291,0.08268,0.08278
1780644060,0.08278,0.08305,0.08272,0.08305
1780644120,0.08305,0.08315,0.08296,0.08307
1780644180,0.08307,0.08333,0.08305,0.0833
1780644240,0.0833,0.08347,0.08314,0.08317
1780644300,0.08317,0.08327,0.08299,0.08322
1780644360,0.08322,0.08357,0.08322,0.08352
1780644420,0.08352,0.08388,0.0835,0.08386
1780644480,0.08386,0.08395,0.08375,0.08379
1780644540,0.08379,0.08381,0.08365,0.08379
1780644600,0.08379,0.08399,0.08366,0.0839
1780644660,0.0839,0.0839,0.0836,0.08366
1780644720,0.08366,0.08399,0.08365,0.0839
1780644780,0.0839,0.08419,0.08385,0.08414
1780644840,0.08414,0.0842,0.08405,0.08415
1780644900,0.08415,0.08437,0.08411,0.08437
1780644960,0.08437,0.08448,0.0842,0.08424
1780645020,0.08424,0.08463,0.08422,0.08457
1780645080,0.08457,0.08462,0.08447,0.08461
1780645140,0.08461,0.08469,0.08442,0.08461
1780645200,0.08461,0.08466,0.08438,0.08449
1780645260,0.08449,0.08468,0.08448,0.08467
1780645320,0.08467,0.08472,0.08459,0.08463
1780645380,0.08463,0.08472,0.08459,0.08469
1780645440,0.08469,0.08478,0.08454,0.08477
1780645500,0.08477,0.08482,0.08473,0.08477
1780645560,0.08477,0.08491,0.08452,0.08453
1780645620,0.08453,0.08481,0.08447,0.08481
1780645680,0.08481,0.08505,0.0848,0.08502
1780645740,0.08502,0.08503,0.08483,0.08484
1780645800,0.08484,0.0849,0.08469,0.08469
1780645860,0.08469,0.08494,0.08467,0.08487
1780645920,0.08487,0.08494,0.08481,0.08485
1780645980,0.08485,0.08488,0.08467,0.08477
1780646040,0.08477,0.08482,0.08471,0.08477
1780646100,0.08477,0.08481,0.08462,0.08463
1780646160,0.08463,0.08468,0.08459,0.08459
1780646220,0.08459,0.08477,0.08457,0.08476
1780646280,0.08476,0.08487,0.08469,0.08482
1780646340,0.08482,0.08498,0.08479,0.08495
1780646400,0.08495,0.08496,0.08479,0.0849
1780646460,0.0849,0.08492,0.08475,0.08482
1780646520,0.08482,0.08487,0.08475,0.08477
1780646580,0.08477,0.0848,0.08462,0.08465
1780646640,0.08465,0.0847,0.08456,0.0846
1780646700,0.0846,0.0846,0.08442,0.08455
1780646760,0.08455,0.08472,0.08452,0.08468
1780646820,0.08468,0.08468,0.08446,0.08452
1780646880,0.08452,0.08455,0.08431,0.08431
1780646940,0.08431,0.08443,0.08425,0.08435
1780647000,0.08435,0.08436,0.08419,0.08419
1780647060,0.08419,0.0844,0.08419,0.08436
1780647120,0.08436,0.08439,0.08431,0.08439
1780647180,0.08439,0.08442,0.0843,0.08436
1780647240,0.08436,0.08437,0.08423,0.08433
1780647300,0.08433,0.08436,0.08399,0.08399
1780647360,0.08399,0.08421,0.08394,0.08421
1780647420,0.08421,0.08421,0.0839,0.08391
1780647480,0.08391,0.08404,0.08388,0.08401
1780647540,0.08401,0.08401,0.0839,0.08395
1780647600,0.08395,0.08403,0.0839,0.08402
1780647660,0.08402,0.08404,0.08385,0.08404
1780647720,0.08404,0.08416,0.08394,0.08399
1780647780,0.08399,0.084,0.08389,0.08389
1780647840,0.08389,0.08392,0.08381,0.08385
1780647900,0.08385,0.08395,0.08383,0.08386
1780647960,0.08386,0.08396,0.08386,0.08396
1780648020,0.08396,0.08428,0.08395,0.08425
1780648080,0.08425,0.08425,0.0841,0.08419
1780648140,0.08419,0.08424,0.08413,0.08417
1780648200,0.08417,0.08423,0.08399,0.08412
1780648260,0.08412,0.08422,0.08407,0.0842
1780648320,0.0842,0.0843,0.08404,0.08404
1780648380,0.08404,0.08404,0.08387,0.08394
1780648440,0.08394,0.08401,0.0839,0.08393
1780648500,0.08393,0.08408,0.08392,0.08404
1780648560,0.08404,0.08404,0.08393,0.08393
1780648620,0.08393,0.08393,0.08378,0.08386
1780648680,0.08386,0.08391,0.08368,0.08374
1780648740,0.08374,0.0838,0.08373,0.08373
1780648800,0.08373,0.08378,0.08365,0.08378
1780648860,0.08378,0.08391,0.08378,0.0839
1780648920,0.0839,0.08392,0.08378,0.08378
1780648980,0.08378,0.08378,0.08362,0.08365
1780649040,0.08365,0.0837,0.08356,0.08358
1780649100,0.08358,0.08363,0.08345,0.08355
1780649160,0.08355,0.08359,0.08343,0.08359
1780649220,0.08359,0.08367,0.08357,0.08366
1780649280,0.08366,0.08381,0.08365,0.08372
1780649340,0.08372,0.0838,0.08371,0.08378
1780649400,0.08378,0.08379,0.08362,0.08362
1780649460,0.08362,0.08365,0.08345,0.08345
1780649520,0.08345,0.08355,0.08338,0.08355
1780649580,0.08355,0.08355,0.08334,0.08335
1780649640,0.08335,0.08349,0.08334,0.08341
1780649700,0.08341,0.08341,0.08327,0.08334
1780649760,0.08334,0.08354,0.08334,0.08353
1780649820,0.08353,0.08359,0.08347,0.08348
1780649880,0.08348,0.08356,0.08346,0.0835
1780649940,0.0835,0.08355,0.08344,0.08355
1780650000,0.08355,0.08381,0.08354,0.08362
1780650060,0.08362,0.08378,0.08362,0.08378
1780650120,0.08378,0.08403,0.08377,0.08399
1780650180,0.08399,0.08407,0.08388,0.08396
1780650240,0.08396,0.08405,0.08374,0.0838
1780650300,0.0838,0.08382,0.08373,0.08374
1780650360,0.08374,0.08387,0.08374,0.08381
1780650420,0.08381,0.08391,0.08378,0.08387
1780650480,0.08387,0.08392,0.08375,0.08392
1780650540,0.08392,0.08412,0.08392,0.08405
1780650600,0.08405,0.08411,0.08397,0.08411
1780650660,0.08411,0.08413,0.084,0.084
1780650720,0.084,0.08401,0.08381,0.08381
1780650780,0.08381,0.08461,0.08378,0.08456
1780650840,0.08456,0.08466,0.08442,0.08462
1780650900,0.08462,0.08483,0.08445,0.08449
1780650960,0.08449,0.08459,0.08438,0.08455
1780651020,0.08455,0.08465,0.08427,0.0843
1780651080,0.0843,0.08445,0.08427,0.08439
1780651140,0.08439,0.0845,0.08431,0.08431
1780651200,0.08431,0.08436,0.08422,0.08436
1780651260,0.08436,0.08441,0.08428,0.0843
1780651320,0.0843,0.08444,0.08423,0.08444
1780651380,0.08444,0.08457,0.08443,0.08453
1780651440,0.08453,0.08453,0.08443,0.08447
1780651500,0.08447,0.08463,0.08446,0.08448
1780651560,0.08448,0.08451,0.08441,0.08447
1780651620,0.08447,0.08452,0.08436,0.08446
1780651680,0.08446,0.08464,0.08446,0.08458
1780651740,0.08458,0.08469,0.08458,0.08466
1780651800,0.08466,0.08471,0.08447,0.08451
1780651860,0.08451,0.08458,0.0843,0.08431
1780651920,0.08431,0.08449,0.0843,0.08441
1780651980,0.08441,0.08453,0.08439,0.08447
1780652040,0.08447,0.08463,0.08445,0.08451
1780652100,0.08451,0.08461,0.0845,0.08452
1780652160,0.08452,0.08454,0.08447,0.08447
1780652220,0.08447,0.08447,0.08434,0.08439
1780652280,0.08439,0.08445,0.08431,0.08432
1780652340,0.08432,0.08432,0.08415,0.0842
1780652400,0.0842,0.08423,0.08418,0.08423
1780652460,0.08423,0.08433,0.0842,0.0842
1780652520,0.0842,0.08433,0.0842,0.08429
1780652580,0.08429,0.08434,0.08424,0.08434
1780652640,0.08434,0.08434,0.08426,0.08432
1780652700,0.08432,0.08442,0.08429,0.08441
1780652760,0.08441,0.0845,0.08439,0.08448
1780652820,0.08448,0.08448,0.0844,0.08445
1780652880,0.08445,0.08451,0.08438,0.08451
1780652940,0.08451,0.08451,0.08443,0.08443
1780653000,0.08443,0.08453,0.08437,0.08453
1780653060,0.08453,0.08471,0.08453,0.08471
1780653120,0.08471,0.08478,0.08467,0.08469
1780653180,0.08469,0.08472,0.08459,0.08462
1780653240,0.08462,0.08472,0.08458,0.08469
1780653300,0.08469,0.08482,0.08469,0.08476
1780653360,0.08476,0.08483,0.08471,0.08482
1780653420,0.08482,0.0849,0.08479,0.08484
1780653480,0.08484,0.08486,0.0848,0.08484
1780653540,0.08484,0.08497,0.08481,0.08493
1780653600,0.08493,0.08525,0.08489,0.0852
1780653660,0.0852,0.0854,0.08512,0.08519
1780653720,0.08519,0.08528,0.08502,0.08506
1780653780,0.08506,0.08515,0.085,0.085
1780653840,0.085,0.08507,0.08494,0.08502
1780653900,0.08502,0.08505,0.08484,0.08492
1780653960,0.08492,0.08492,0.08475,0.08478
1780654020,0.08478,0.08484,0.08471,0.08474
1780654080,0.08474,0.08482,0.08472,0.08479
1780654140,0.08479,0.0848,0.08464,0.08465
1780654200,0.08465,0.08471,0.08454,0.08457
1780654260,0.08457,0.08477,0.08455,0.08469
1780654320,0.08469,0.0847,0.08461,0.08468
1780654380,0.08468,0.08482,0.08468,0.08475
1780654440,0.08475,0.0848,0.0847,0.0848
1780654500,0.0848,0.0848,0.08463,0.08466
1780654560,0.08466,0.08473,0.08457,0.08458
1780654620,0.08458,0.08463,0.08454,0.08455
1780654680,0.08455,0.08457,0.08449,0.08449
1780654740,0.08449,0.08457,0.08449,0.08457
1780654800,0.08457,0.08459,0.08453,0.08456
1780654860,0.08456,0.08473,0.08456,0.08471
1780654920,0.08471,0.08471,0.08466,0.08468
1780654980,0.08468,0.08471,0.08456,0.08468
1780655040,0.08468,0.08473,0.08467,0.08471
1780655100,0.08471,0.08484,0.08471,0.08477
1780655160,0.08477,0.08477,0.0846,0.08463
1780655220,0.08463,0.08468,0.08462,0.08468
1780655280,0.08468,0.0847,0.08464,0.08467
1780655340,0.08467,0.08479,0.08467,0.08474
1780655400,0.08474,0.08486,0.08474,0.08485
1780655460,0.08485,0.08488,0.08475,0.08478
1780655520,0.08478,0.08496,0.08476,0.08496
1780655580,0.08496,0.08502,0.08492,0.08495
1780655640,0.08495,0.08497,0.0849,0.08497
1780655700,0.08497,0.085,0.08488,0.0849
1780655760,0.0849,0.08493,0.08468,0.08471
1780655820,0.08471,0.08472,0.08461,0.0847
1780655880,0.0847,0.08471,0.08457,0.08463
1780655940,0.08463,0.08471,0.08461,0.08462
1780656000,0.08462,0.08465,0.08461,0.08464
1780656060,0.08464,0.08467,0.08451,0.08452
1780656120,0.08452,0.0846,0.0845,0.08458
1780656180,0.08458,0.08475,0.08458,0.08475
1780656240,0.08475,0.08497,0.08475,0.08491
1780656300,0.08491,0.08491,0.08479,0.08479
1780656360,0.08479,0.08484,0.08475,0.08482
1780656420,0.08482,0.08483,0.08468,0.08468
1780656480,0.08468,0.08472,0.08454,0.08456
1780656540,0.08456,0.08465,0.08456,0.08465
1780656600,0.08465,0.08468,0.08462,0.08466
1780656660,0.08466,0.08468,0.08455,0.08457
1780656720,0.08457,0.08457,0.08441,0.08446
1780656780,0.08446,0.08455,0.08445,0.08455
1780656840,0.08455,0.08464,0.08455,0.08464
1780656900,0.08464,0.08465,0.08449,0.08451
1780656960,0.08451,0.08452,0.08441,0.08442
1780657020,0.08442,0.08457,0.08442,0.08457
1780657080,0.08457,0.08463,0.08455,0.08456
1780657140,0.08456,0.08468,0.08456,0.08468
1780657200,0.08468,0.08469,0.08454,0.08454
1780657260,0.08454,0.08457,0.08443,0.08452
1780657320,0.08452,0.08463,0.08445,0.08463
1780657380,0.08463,0.08463,0.08448,0.08449
1780657440,0.08449,0.0845,0.08437,0.08448
1780657500,0.08448,0.08455,0.08433,0.08436
1780657560,0.08436,0.08443,0.08429,0.08438
1780657620,0.08438,0.08442,0.08433,0.08438
1780657680,0.08438,0.08439,0.08424,0.08426
1780657740,0.08426,0.08432,0.08416,0.08419
1780657800,0.08419,0.08429,0.0841,0.08427
1780657860,0.08427,0.08438,0.08422,0.08438
1780657920,0.08438,0.08438,0.0843,0.08431
1780657980,0.08431,0.08434,0.08427,0.08428
1780658040,0.08428,0.08434,0.08426,0.08427
1780658100,0.08427,0.08428,0.08417,0.08421
1780658160,0.08421,0.08454,0.08421,0.08452
1780658220,0.08452,0.08466,0.08449,0.08462
1780658280,0.08462,0.0848,0.08462,0.0848
1780658340,0.0848,0.08487,0.08476,0.08483
1780658400,0.08483,0.08484,0.08471,0.08481
1780658460,0.08481,0.08485,0.08475,0.08475
1780658520,0.08475,0.08491,0.08472,0.08485
1780658580,0.08485,0.08494,0.08479,0.0848
1780658640,0.0848,0.0848,0.08437,0.08443
1780658700,0.08443,0.08448,0.0844,0.08445
1780658760,0.08445,0.08453,0.0844,0.08452
1780658820,0.08452,0.08464,0.08451,0.08462
1780658880,0.08462,0.08473,0.0846,0.08469
1780658940,0.08469,0.08476,0.08465,0.08466
1780659000,0.08466,0.0847,0.08461,0.08469
1780659060,0.08469,0.08472,0.0845,0.0845
1780659120,0.0845,0.08451,0.08434,0.08444
1780659180,0.08444,0.08449,0.08438,0.08449
1780659240,0.08449,0.08452,0.08442,0.08442
1780659300,0.08442,0.08457,0.08442,0.08453
1780659360,0.08453,0.08454,0.08439,0.08441
1780659420,0.08441,0.08445,0.08435,0.08445
1780659480,0.08445,0.0845,0.0844,0.08447
1780659540,0.08447,0.08451,0.08438,0.08443
1780659600,0.08443,0.08446,0.08437,0.08441
1780659660,0.08441,0.08447,0.08438,0.0844
1780659720,0.0844,0.08445,0.08438,0.08442
1780659780,0.08442,0.08442,0.08431,0.08431
1780659840,0.08431,0.08433,0.0842,0.0842
1780659900,0.0842,0.08425,0.08402,0.08411
1780659960,0.08411,0.08429,0.08411,0.08429
1780660020,0.08429,0.08429,0.08418,0.08421
1780660080,0.08421,0.08439,0.08421,0.08435
1780660140,0.08435,0.08435,0.08421,0.08422
1780660200,0.08422,0.08436,0.08421,0.08435
1780660260,0.08435,0.08436,0.08425,0.08431
1780660320,0.08431,0.08436,0.08422,0.08426
1780660380,0.08426,0.08432,0.08419,0.0843
1780660440,0.0843,0.08431,0.08412,0.08413
1780660500,0.08413,0.08417,0.08407,0.08417
1780660560,0.08417,0.08422,0.08416,0.08418
1780660620,0.08418,0.08418,0.08407,0.08412
1780660680,0.08412,0.08416,0.08408,0.08408
1780660740,0.08408,0.08408,0.08397,0.08397
1780660800,0.08397,0.08397,0.08377,0.08381
1780660860,0.08381,0.08383,0.08352,0.08354
1780660920,0.08354,0.08371,0.08346,0.0837
1780660980,0.0837,0.08377,0.08339,0.08343
1780661040,0.08343,0.08345,0.08329,0.08332
1780661100,0.08332,0.08347,0.08332,0.08347
1780661160,0.08347,0.0841,0.08346,0.08408
1780661220,0.08408,0.08418,0.08399,0.08414
1780661280,0.08414,0.08415,0.08386,0.08388
1780661340,0.08388,0.08388,0.08369,0.08373
1780661400,0.08373,0.08387,0.08362,0.08387
1780661460,0.08387,0.08403,0.0838,0.0838
1780661520,0.0838,0.08384,0.08373,0.08373
1780661580,0.08373,0.08381,0.08371,0.08377
1780661640,0.08377,0.08377,0.08368,0.08371
1780661700,0.08371,0.08394,0.08371,0.0839
1780661760,0.0839,0.0839,0.08373,0.08384
1780661820,0.08384,0.08396,0.08383,0.08389
1780661880,0.08389,0.08407,0.08385,0.08405
1780661940,0.08405,0.08413,0.08401,0.08406
1780662000,0.08406,0.08408,0.08379,0.08381
1780662060,0.08381,0.08388,0.08379,0.08383
1780662120,0.08383,0.08397,0.08375,0.08397
1780662180,0.08397,0.08405,0.08392,0.08405
1780662240,0.08405,0.08422,0.08401,0.08417
1780662300,0.08417,0.08417,0.08395,0.084
1780662360,0.084,0.08401,0.08393,0.08395
1780662420,0.08395,0.08396,0.08386,0.08386
1780662480,0.08386,0.08389,0.08366,0.08367
1780662540,0.08367,0.0837,0.08351,0.08367
1780662600,0.08367,0.08421,0.08354,0.08355
1780662660,0.08355,0.08356,0.08308,0.08322
1780662720,0.08322,0.08342,0.08314,0.08332
1780662780,0.08332,0.08338,0.0831,0.08318
1780662840,0.08318,0.08329,0.08303,0.08304
1780662900,0.08304,0.08313,0.08292,0.08295
1780662960,0.08295,0.0831,0.08281,0.0831
1780663020,0.0831,0.08343,0.0831,0.08343
1780663080,0.08343,0.08347,0.08334,0.08347
1780663140,0.08347,0.08365,0.08343,0.08343
1780663200,0.08343,0.08349,0.08326,0.08334
1780663260,0.08334,0.0835,0.08334,0.08342
1780663320,0.08342,0.08342,0.08334,0.08339
1780663380,0.08339,0.08372,0.08337,0.08367
1780663440,0.08367,0.08368,0.08349,0.08354
1780663500,0.08354,0.0837,0.08354,0.08357
1780663560,0.08357,0.08357,0.08338,0.08349
1780663620,0.08349,0.08356,0.08341,0.08342
1780663680,0.08342,0.08358,0.0834,0.08354
1780663740,0.08354,0.08356,0.08337,0.08338
1780663800,0.08338,0.08342,0.08317,0.08319
1780663860,0.08319,0.08325,0.08308,0.08311
1780663920,0.08311,0.08331,0.08307,0.08326
1780663980,0.08326,0.08338,0.08318,0.08319
1780664040,0.08319,0.08322,0.08313,0.08314
1780664100,0.08314,0.08324,0.08308,0.08322
1780664160,0.08322,0.08332,0.08315,0.08327
1780664220,0.08327,0.08337,0.08326,0.08329
1780664280,0.08329,0.08353,0.08325,0.0835
1780664340,0.0835,0.08356,0.08345,0.08355
1780664400,0.08355,0.08382,0.08355,0.08375
1780664460,0.08375,0.0839,0.08372,0.0839
1780664520,0.0839,0.0839,0.08373,0.08378
1780664580,0.08378,0.08405,0.08373,0.08397
1780664640,0.08397,0.08411,0.08385,0.08408
1780664700,0.08408,0.08426,0.08399,0.08402
1780664760,0.08402,0.08404,0.08382,0.08403
1780664820,0.08403,0.08411,0.08399,0.08406
1780664880,0.08406,0.08415,0.08397,0.08397
1780664940,0.08397,0.08405,0.08395,0.08404
1780665000,0.08404,0.08419,0.08402,0.08404
1780665060,0.08404,0.08404,0.08389,0.08394
1780665120,0.08394,0.0841,0.08392,0.084
1780665180,0.084,0.08421,0.08398,0.08421
1780665240,0.08421,0.08425,0.08413,0.08413
1780665300,0.08413,0.08414,0.08403,0.08404
1780665360,0.08404,0.08413,0.084,0.0841
1780665420,0.0841,0.08432,0.08409,0.08428
1780665480,0.08428,0.08443,0.08428,0.08441
1780665540,0.08441,0.08442,0.08433,0.08435
1780665600,0.08435,0.08476,0.08431,0.08471
1780665660,0.08471,0.08478,0.0846,0.08469
1780665720,0.08469,0.08469,0.08449,0.08461
1780665780,0.08461,0.08461,0.08431,0.08435
1780665840,0.08435,0.08445,0.08434,0.08443
1780665900,0.08443,0.0847,0.08441,0.08463
1780665960,0.08463,0.08468,0.08456,0.08456
1780666020,0.08456,0.08465,0.08445,0.0845
1780666080,0.0845,0.08463,0.08448,0.08448
1780666140,0.08448,0.08448,0.08435,0.08436
1780666200,0.08436,0.08436,0.08415,0.08418
1780666260,0.08418,0.0847,0.08418,0.0847
1780666320,0.0847,0.08483,0.08454,0.08457
1780666380,0.08457,0.08468,0.08453,0.08463
1780666440,0.08463,0.08488,0.08457,0.08464
1780666500,0.08464,0.08485,0.08453,0.08475
1780666560,0.08475,0.08475,0.08455,0.08457
1780666620,0.08457,0.08457,0.08424,0.08424
1780666680,0.08424,0.08435,0.08417,0.08418
1780666740,0.08418,0.08421,0.08396,0.084
1780666800,0.084,0.0841,0.08387,0.08398
1780666860,0.08398,0.08398,0.08374,0.08376
1780666920,0.08376,0.08387,0.0837,0.08371
1780666980,0.08371,0.08394,0.0837,0.08382
1780667040,0.08382,0.08385,0.08363,0.08376
1780667100,0.08376,0.08384,0.08349,0.08352
1780667160,0.08352,0.08365,0.08346,0.08354
1780667220,0.08354,0.08361,0.08335,0.08337
1780667280,0.08337,0.08339,0.08319,0.08319
1780667340,0.08319,0.08327,0.08279,0.08288
1780667400,0.08288,0.08323,0.08287,0.08322
1780667460,0.08322,0.0833,0.08304,0.08304
1780667520,0.08304,0.08327,0.08295,0.08301
1780667580,0.08301,0.08301,0.08277,0.08282
1780667640,0.08282,0.08291,0.08276,0.08286
1780667700,0.08286,0.08291,0.08246,0.08248
1780667760,0.08248,0.08254,0.08217,0.08225
1780667820,0.08225,0.08225,0.0819,0.08205
1780667880,0.08205,0.08219,0.08201,0.08208
1780667940,0.08208,0.08214,0.08193,0.08195
1780668000,0.08195,0.08236,0.08189,0.08232
1780668060,0.08232,0.08234,0.08169,0.08203
1780668120,0.08203,0.08255,0.08203,0.08227
1780668180,0.08227,0.0823,0.082,0.08208
1780668240,0.08208,0.08209,0.08169,0.08176
1780668300,0.08176,0.08214,0.08176,0.08188
1780668360,0.08188,0.08194,0.08128,0.08188
1780668420,0.08188,0.08235,0.08182,0.08223
1780668480,0.08223,0.08283,0.08222,0.08282
1780668540,0.08282,0.08311,0.08274,0.08305
1780668600,0.08305,0.08316,0.08274,0.08274
1780668660,0.08274,0.08274,0.08235,0.08251
1780668720,0.08251,0.08262,0.0824,0.08259
1780668780,0.08259,0.08295,0.08259,0.08276
1780668840,0.08276,0.08286,0.08268,0.08286
1780668900,0.08286,0.08315,0.0828,0.08311
1780668960,0.08311,0.08328,0.08298,0.08299
1780669020,0.08299,0.0832,0.08295,0.0832
1780669080,0.0832,0.08321,0.08291,0.08304
1780669140,0.08304,0.0832,0.08303,0.08314
1780669200,0.08314,0.08327,0.08312,0.08325
1780669260,0.08325,0.08331,0.08303,0.08307
1780669320,0.08307,0.08312,0.08284,0.08291
1780669380,0.08291,0.08305,0.08291,0.083
1780669440,0.083,0.08304,0.08278,0.08293
1780669500,0.08293,0.08299,0.08278,0.08279
1780669560,0.08279,0.08279,0.08258,0.08272
1780669620,0.08272,0.08287,0.08264,0.0827
1780669680,0.0827,0.08272,0.08259,0.08269
1780669740,0.08269,0.08289,0.08261,0.08288
1780669800,0.08288,0.08303,0.08281,0.08296
1780669860,0.08296,0.08298,0.08277,0.08285
1780669920,0.08285,0.08285,0.08255,0.08255
1780669980,0.08255,0.0828,0.08252,0.08274
1780670040,0.08274,0.08321,0.08271,0.08321
1780670100,0.08321,0.08344,0.08292,0.08338
1780670160,0.08338,0.08355,0.08313,0.08337
1780670220,0.08337,0.08355,0.0832,0.08347
1780670280,0.08347,0.08351,0.08306,0.08308
1780670340,0.08308,0.08318,0.08299,0.08302
1780670400,0.08302,0.08309,0.08292,0.08305
1780670460,0.08305,0.08309,0.08292,0.08309
1780670520,0.08309,0.08321,0.08298,0.08317
1780670580,0.08317,0.08318,0.0829,0.08297
1780670640,0.08297,0.08298,0.08275,0.08295
1780670700,0.08295,0.08329,0.08295,0.08329
1780670760,0.08329,0.08339,0.08309,0.08312
1780670820,0.08312,0.08312,0.08291,0.08292
1780670880,0.08292,0.08307,0.08282,0.08285
1780670940,0.08285,0.08285,0.08264,0.08265
1780671000,0.08265,0.08284,0.08256,0.08282
1780671060,0.08282,0.08299,0.08276,0.08289
1780671120,0.08289,0.08289,0.0826,0.08264
1780671180,0.08264,0.08266,0.0824,0.08245
1780671240,0.08245,0.08249,0.08236,0.08237
1780671300,0.08237,0.08241,0.0822,0.08236
1780671360,0.08236,0.08261,0.08231,0.08259
1780671420,0.08259,0.0829,0.08258,0.08276
1780671480,0.08276,0.08276,0.08257,0.0826
1780671540,0.0826,0.08276,0.08259,0.08269
1780671600,0.08269,0.08281,0.08251,0.08251
1780671660,0.08251,0.08263,0.08211,0.08256
1780671720,0.08256,0.08256,0.08224,0.08254
1780671780,0.08254,0.08274,0.08253,0.08269
1780671840,0.08269,0.08279,0.0825,0.08264
1780671900,0.08264,0.08264,0.08231,0.08231
1780671960,0.08231,0.08255,0.08225,0.08252
1780672020,0.08252,0.08258,0.08244,0.08255
1780672080,0.08255,0.08255,0.08225,0.08229
1780672140,0.08229,0.08233,0.08211,0.08225
1780672200,0.08225,0.08233,0.08201,0.08203
1780672260,0.08203,0.08209,0.08169,0.0817
1780672320,0.0817,0.08181,0.08154,0.08157
1780672380,0.08157,0.08176,0.08152,0.08158
1780672440,0.08158,0.08163,0.08152,0.08161
1780672500,0.08161,0.08165,0.08138,0.08142
1780672560,0.08142,0.08165,0.08142,0.08155
1780672620,0.08155,0.08185,0.08146,0.08184
1780672680,0.08184,0.082,0.08181,0.08189
1780672740,0.08189,0.08197,0.08175,0.08194
1780672800,0.08194,0.08199,0.08145,0.08146
1780672860,0.08146,0.08163,0.08138,0.08163
1780672920,0.08163,0.08163,0.08144,0.08153
1780672980,0.08153,0.082,0.08153,0.08179
1780673040,0.08179,0.08186,0.08174,0.0818
1780673100,0.0818,0.08209,0.08178,0.08202
1780673160,0.08202,0.08218,0.08192,0.082
1780673220,0.082,0.08213,0.08179,0.08182
1780673280,0.08182,0.08182,0.0815,0.0815
1780673340,0.0815,0.08173,0.08141,0.08169
1780673400,0.08169,0.08179,0.0816,0.08179
1780673460,0.08179,0.08195,0.08161,0.08172
1780673520,0.08172,0.08176,0.08133,0.08136
1780673580,0.08136,0.08151,0.08135,0.08135
1780673640,0.08135,0.08154,0.08135,0.0815
1780673700,0.0815,0.08166,0.08136,0.08139
1780673760,0.08139,0.08144,0.08106,0.08115
1780673820,0.08115,0.08119,0.08089,0.08113
1780673880,0.08113,0.08124,0.08104,0.08119
1780673940,0.08119,0.08127,0.08097,0.08104
1780674000,0.08104,0.08115,0.08095,0.08111
1780674060,0.08111,0.08116,0.08096,0.08116
1780674120,0.08116,0.08159,0.08116,0.08159
1780674180,0.08159,0.08169,0.08147,0.08161
1780674240,0.08161,0.08165,0.08138,0.08153
1780674300,0.08153,0.08156,0.08117,0.08117
1780674360,0.08117,0.0813,0.0811,0.08127
1780674420,0.08127,0.08128,0.08095,0.08097
1780674480,0.08097,0.08112,0.08092,0.08108
1780674540,0.08108,0.08167,0.08101,0.08159
1780674600,0.08159,0.0816,0.08132,0.08152
1780674660,0.08152,0.0816,0.08144,0.08151
1780674720,0.08151,0.08161,0.08142,0.08148
1780674780,0.08148,0.08162,0.08143,0.08149
1780674840,0.08149,0.0816,0.08144,0.08154
1780674900,0.08154,0.08168,0.08149,0.08161
1780674960,0.08161,0.08172,0.08153,0.08154
1780675020,0.08154,0.0817,0.0815,0.08167
1780675080,0.08167,0.08168,0.08152,0.08154
1780675140,0.08154,0.08157,0.08141,0.08149
1780675200,0.08149,0.08149,0.08113,0.08119
1780675260,0.08119,0.08134,0.08111,0.08116
1780675320,0.08116,0.08118,0.08091,0.08104
1780675380,0.08104,0.08112,0.08094,0.08105
1780675440,0.08105,0.08109,0.08078,0.08095
1780675500,0.08095,0.08106,0.08079,0.08099
1780675560,0.08099,0.08135,0.08089,0.08135
1780675620,0.08135,0.08145,0.08106,0.08113
1780675680,0.08113,0.08119,0.08071,0.08077
1780675740,0.08077,0.08109,0.08062,0.08096
1780675800,0.08096,0.081,0.08061,0.08068
1780675860,0.08068,0.08086,0.08048,0.08051
1780675920,0.08051,0.08099,0.08017,0.08087
1780675980,0.08087,0.08157,0.08077,0.08147
1780676040,0.08147,0.08198,0.08147,0.08176
1780676100,0.08176,0.08239,0.08152,0.08221
1780676160,0.08221,0.08228,0.08193,0.08221
1780676220,0.08221,0.08221,0.08194,0.08217
1780676280,0.08217,0.08251,0.08198,0.0823
1780676340,0.0823,0.08232,0.08204,0.0821
1780676400,0.0821,0.08234,0.082,0.0821
1780676460,0.0821,0.08276,0.08205,0.08275
1780676520,0.08275,0.08292,0.0826,0.08279
1780676580,0.08279,0.08285,0.08251,0.08255
1780676640,0.08255,0.08275,0.08241,0.08265
1780676700,0.08265,0.08268,0.0824,0.08259
1780676760,0.08259,0.08263,0.08247,0.08256
1780676820,0.08256,0.08278,0.08254,0.08267
1780676880,0.08267,0.08267,0.08226,0.08231
1780676940,0.08231,0.08234,0.08211,0.08213
1780677000,0.08213,0.08228,0.08198,0.08226
1780677060,0.08226,0.08232,0.08212,0.08215
1780677120,0.08215,0.08217,0.08193,0.08194
1780677180,0.08194,0.08204,0.08164,0.08165
1780677240,0.08165,0.08172,0.08148,0.08163
1780677300,0.08163,0.08181,0.08159,0.08179
1780677360,0.08179,0.0818,0.08164,0.08164
1780677420,0.08164,0.08169,0.08151,0.0816
1780677480,0.0816,0.08183,0.08159,0.08171
1780677540,0.08171,0.08171,0.08143,0.08163
1780677600,0.08163,0.08171,0.08149,0.08162
1780677660,0.08162,0.08167,0.08154,0.08164
1780677720,0.08164,0.08164,0.08144,0.08149
1780677780,0.08149,0.08165,0.08132,0.08162
1780677840,0.08162,0.08169,0.08156,0.0816
1780677900,0.0816,0.08182,0.08159,0.08164
1780677960,0.08164,0.08195,0.08164,0.08184
1780678020,0.08184,0.08199,0.08162,0.08195
1780678080,0.08195,0.08228,0.08187,0.08227
1780678140,0.08227,0.08245,0.08207,0.08237
1780678200,0.08237,0.0827,0.08228,0.08264
1780678260,0.08264,0.08285,0.08255,0.08273
1780678320,0.08273,0.08281,0.08258,0.08281
1780678380,0.08281,0.08286,0.0827,0.08277
1780678440,0.08277,0.08293,0.08273,0.08292
1780678500,0.08292,0.08306,0.08278,0.08285
1780678560,0.08285,0.08318,0.08279,0.08304
1780678620,0.08304,0.08335,0.08299,0.08325
1780678680,0.08325,0.08339,0.08315,0.08335
1780678740,0.08335,0.08339,0.08316,0.08317
1780678800,0.08317,0.08342,0.08317,0.08323
1780678860,0.08323,0.08332,0.08304,0.08305
1780678920,0.08305,0.0831,0.08284,0.08285
1780678980,0.08285,0.08316,0.08279,0.08312
1780679040,0.08312,0.08332,0.08303,0.08328
1780679100,0.08328,0.08328,0.08303,0.08308
1780679160,0.08308,0.08308,0.0828,0.08298
1780679220,0.08298,0.08314,0.08297,0.08314
1780679280,0.08314,0.08325,0.08298,0.08325
1780679340,0.08325,0.0833,0.08314,0.0832
1780679400,0.0832,0.0832,0.08301,0.08304
1780679460,0.08304,0.08308,0.08266,0.08266
1780679520,0.08266,0.08281,0.08262,0.08278
1780679580,0.08278,0.08289,0.08272,0.08288
1780679640,0.08288,0.08302,0.08282,0.08296
1780679700,0.08296,0.08299,0.08272,0.08277
1780679760,0.08277,0.08277,0.08259,0.08262
1780679820,0.08262,0.08264,0.08245,0.08255
1780679880,0.08255,0.08259,0.08231,0.08231
1780679940,0.08231,0.0824,0.08226,0.08232
1780680000,0.08232,0.0824,0.08225,0.08231
1780680060,0.08231,0.08248,0.0823,0.08245
1780680120,0.08245,0.08273,0.08242,0.08266
1780680180,0.08266,0.08272,0.08247,0.08249
1780680240,0.08249,0.08256,0.08239,0.08256
1780680300,0.08256,0.0826,0.08233,0.08234
1780680360,0.08234,0.08238,0.08225,0.08237
1780680420,0.08237,0.08239,0.08232,0.08236
1780680480,0.08236,0.08248,0.08231,0.08231
1780680540,0.08231,0.08231,0.08212,0.08219
1780680600,0.08219,0.08239,0.08215,0.08235
1780680660,0.08235,0.08243,0.08226,0.0823
1780680720,0.0823,0.08235,0.08215,0.08235
1780680780,0.08235,0.08252,0.08232,0.08251
1780680840,0.08251,0.08264,0.08244,0.08263
1780680900,0.08263,0.08264,0.08241,0.08242
1780680960,0.08242,0.08257,0.08236,0.08238
1780681020,0.08238,0.08266,0.08238,0.0825
1780681080,0.0825,0.08256,0.08244,0.0825
1780681140,0.0825,0.08261,0.08243,0.08259
1780681200,0.08259,0.08299,0.08258,0.08286
1780681260,0.08286,0.08286,0.08261,0.08261
1780681320,0.08261,0.08274,0.08257,0.08269
1780681380,0.08269,0.08275,0.08265,0.08272
1780681440,0.08272,0.08275,0.08241,0.08241
1780681500,0.08241,0.08259,0.08241,0.0825
1780681560,0.0825,0.0825,0.0823,0.08231
1780681620,0.08231,0.08244,0.08231,0.08242
1780681680,0.08242,0.08243,0.08231,0.08238
1780681740,0.08238,0.08245,0.08227,0.08234
1780681800,0.08234,0.08245,0.08234,0.08243
1780681860,0.08243,0.08248,0.08228,0.08234
1780681920,0.08234,0.08248,0.08232,0.08247
1780681980,0.08247,0.08256,0.08238,0.08253
1780682040,0.08253,0.08253,0.08242,0.08247
1780682100,0.08247,0.08248,0.08225,0.08227
1780682160,0.08227,0.08246,0.08227,0.08239
1780682220,0.08239,0.0825,0.08239,0.08249
1780682280,0.08249,0.08261,0.08249,0.08259
1780682340,0.08259,0.08259,0.08249,0.08257
1780682400,0.08257,0.0828,0.08253,0.08278
1780682460,0.08278,0.0828,0.08269,0.08279
1780682520,0.08279,0.0828,0.08263,0.08265
1780682580,0.08265,0.08265,0.08239,0.08257
1780682640,0.08257,0.08265,0.08255,0.08261
1780682700,0.08261,0.08276,0.08257,0.08266
1780682760,0.08266,0.08289,0.08266,0.08289
1780682820,0.08289,0.08294,0.0828,0.08293
1780682880,0.08293,0.08293,0.08275,0.08276
1780682940,0.08276,0.08281,0.08268,0.08268
1780683000,0.08268,0.08271,0.08253,0.08254
1780683060,0.08254,0.0826,0.08245,0.0826
1780683120,0.0826,0.0826,0.08242,0.08256
1780683180,0.08256,0.08274,0.08256,0.08268
1780683240,0.08268,0.08268,0.08238,0.08243
1780683300,0.08243,0.08244,0.08221,0.08222
1780683360,0.08222,0.08238,0.08222,0.0823
1780683420,0.0823,0.08235,0.08222,0.08229
1780683480,0.08229,0.08234,0.08206,0.08211
1780683540,0.08211,0.08211,0.08192,0.08195
1780683600,0.08195,0.08203,0.08166,0.08203
1780683660,0.08203,0.08207,0.08167,0.08177
1780683720,0.08177,0.08183,0.08168,0.08168
1780683780,0.08168,0.08183,0.08158,0.08167
1780683840,0.08167,0.08174,0.08153,0.08161
1780683900,0.08161,0.08168,0.08156,0.08163
1780683960,0.08163,0.08163,0.08133,0.08138
1780684020,0.08138,0.08154,0.08138,0.08147
1780684080,0.08147,0.08156,0.08137,0.0814
1780684140,0.0814,0.08141,0.08122,0.08129
1780684200,0.08129,0.08135,0.08117,0.08124
1780684260,0.08124,0.08145,0.08123,0.08127
1780684320,0.08127,0.08131,0.08101,0.08111
1780684380,0.08111,0.08136,0.08111,0.08129
1780684440,0.08129,0.08136,0.0812,0.08125
1780684500,0.08125,0.08127,0.08114,0.08115
1780684560,0.08115,0.08115,0.08095,0.08107
1780684620,0.08107,0.08109,0.08068,0.08106
1780684680,0.08106,0.08113,0.08094,0.08099
1780684740,0.08099,0.08148,0.08098,0.08145
1780684800,0.08145,0.08158,0.08145,0.08153
1780684860,0.08153,0.08153,0.0812,0.0812
1780684920,0.0812,0.08123,0.08097,0.08098
1780684980,0.08098,0.08109,0.08077,0.08081
1780685040,0.08081,0.08111,0.08053,0.08109
1780685100,0.08109,0.08115,0.08076,0.08076
1780685160,0.08076,0.08081,0.08059,0.08068
1780685220,0.08068,0.08073,0.0805,0.08067
1780685280,0.08067,0.08067,0.08049,0.08063
1780685340,0.08063,0.08089,0.08062,0.08076
1780685400,0.08076,0.08082,0.08061,0.08071
1780685460,0.08071,0.0808,0.08009,0.08019
1780685520,0.08019,0.08023,0.07962,0.07972
1780685580,0.07972,0.08028,0.07968,0.07999
1780685640,0.07999,0.08012,0.07981,0.07991
1780685700,0.07991,0.08024,0.07982,0.08018
1780685760,0.08018,0.08062,0.08009,0.08054
1780685820,0.08054,0.08055,0.08027,0.08029
1780685880,0.08029,0.08034,0.0799,0.07992
1780685940,0.07992,0.08013,0.07992,0.07996
1780686000,0.07996,0.08003,0.07929,0.07955
1780686060,0.07955,0.07972,0.07932,0.07969
1780686120,0.07969,0.07998,0.07962,0.07994
1780686180,0.07994,0.08008,0.07985,0.07988
1780686240,0.07988,0.07991,0.07936,0.07944
1780686300,0.07944,0.07981,0.07924,0.07962
1780686360,0.07962,0.07968,0.07932,0.07932
1780686420,0.07932,0.0794,0.07912,0.07927
1780686480,0.07927,0.07939,0.07923,0.07929
1780686540,0.07929,0.07961,0.07929,0.07957
1780686600,0.07957,0.07979,0.07956,0.07978
1780686660,0.07978,0.07987,0.07957,0.07963
1780686720,0.07963,0.07969,0.07937,0.07939
1780686780,0.07939,0.07961,0.07937,0.07942
1780686840,0.07942,0.07955,0.07933,0.07947
1780686900,0.07947,0.0795,0.07929,0.07933
1780686960,0.07933,0.0794,0.07889,0.07934
1780687020,0.07934,0.07945,0.07894,0.07898
1780687080,0.07898,0.07932,0.07894,0.07927
1780687140,0.07927,0.07944,0.07911,0.07924
1780687200,0.07924,0.07964,0.07912,0.07964
1780687260,0.07964,0.07964,0.07935,0.07959
1780687320,0.07959,0.07973,0.07938,0.07953
1780687380,0.07953,0.07966,0.07944,0.0796
1780687440,0.0796,0.07986,0.07956,0.07985
1780687500,0.07985,0.08,0.07964,0.07986
1780687560,0.07986,0.07996,0.07986,0.0799
1780687620,0.0799,0.08011,0.0799,0.08008
1780687680,0.08008,0.0801,0.07996,0.08008
1780687740,0.08008,0.08016,0.07998,0.08015
1780687800,0.08015,0.08028,0.08005,0.08009
1780687860,0.08009,0.08009,0.0797,0.07971
1780687920,0.07971,0.07977,0.07952,0.07959
1780687980,0.07959,0.07996,0.07958,0.07976
1780688040,0.07976,0.07994,0.0797,0.07992
1780688100,0.07992,0.0801,0.07986,0.08002
1780688160,0.08002,0.08002,0.07979,0.07989
1780688220,0.07989,0.08003,0.07977,0.08003
1780688280,0.08003,0.08005,0.07987,0.07996
1780688340,0.07996,0.08004,0.0799,0.08001
1780688400,0.08001,0.08031,0.08001,0.0801
1780688460,0.0801,0.08011,0.07978,0.07994
1780688520,0.07994,0.08009,0.07993,0.08008
1780688580,0.08008,0.08008,0.07991,0.07997
1780688640,0.07997,0.08021,0.07993,0.08015
1780688700,0.08015,0.08056,0.08012,0.08054
1780688760,0.08054,0.08111,0.08039,0.08093
1780688820,0.08093,0.08129,0.0809,0.08128
1780688880,0.08128,0.08167,0.08122,0.08147
1780688940,0.08147,0.0815,0.08137,0.08138
1780689000,0.08138,0.08161,0.08124,0.08157
1780689060,0.08157,0.0818,0.08139,0.08143
1780689120,0.08143,0.08157,0.0813,0.08134
1780689180,0.08134,0.08137,0.08103,0.08107
1780689240,0.08107,0.08131,0.08107,0.08126
1780689300,0.08126,0.08126,0.0811,0.08124
1780689360,0.08124,0.08129,0.08115,0.08116
1780689420,0.08116,0.0812,0.08107,0.08111
1780689480,0.08111,0.08122,0.08106,0.08116
1780689540,0.08116,0.08134,0.08092,0.08098
1780689600,0.08098,0.08132,0.08098,0.08132
1780689660,0.08132,0.08133,0.08091,0.08095
1780689720,0.08095,0.08096,0.0806,0.08061
1780689780,0.08061,0.08061,0.08031,0.08037
1780689840,0.08037,0.08048,0.08027,0.08038
1780689900,0.08038,0.08038,0.08004,0.08004
1780689960,0.08004,0.08045,0.08004,0.08036
1780690020,0.08036,0.08049,0.0803,0.08046
1780690080,0.08046,0.0811,0.08045,0.081
1780690140,0.081,0.08176,0.08093,0.08154
1780690200,0.08154,0.08168,0.08141,0.08142
1780690260,0.08142,0.08142,0.08115,0.08125
1780690320,0.08125,0.08125,0.08107,0.08112
1780690380,0.08112,0.08134,0.08112,0.08121
1780690440,0.08121,0.08143,0.08121,0.08143
1780690500,0.08143,0.08178,0.08143,0.08177
1780690560,0.08177,0.08178,0.08131,0.08131
1780690620,0.08131,0.0814,0.08124,0.0814
1780690680,0.0814,0.08163,0.08135,0.08151
1780690740,0.08151,0.08174,0.08146,0.08171
1780690800,0.08171,0.08189,0.08167,0.08186
1780690860,0.08186,0.08191,0.08156,0.08156
1780690920,0.08156,0.08169,0.08151,0.08169
1780690980,0.08169,0.0818,0.08168,0.08177
1780691040,0.08177,0.08197,0.08175,0.08195
1780691100,0.08195,0.08216,0.08189,0.08213
1780691160,0.08213,0.08214,0.08197,0.08197
1780691220,0.08197,0.0821,0.08191,0.08191
1780691280,0.08191,0.08203,0.08186,0.08195
1780691340,0.08195,0.08198,0.0818,0.08185
1780691400,0.08185,0.08201,0.08171,0.08201
1780691460,0.08201,0.08221,0.08195,0.08211
1780691520,0.08211,0.0822,0.08204,0.08207
1780691580,0.08207,0.08207,0.08175,0.08179
1780691640,0.08179,0.08186,0.08167,0.08176
1780691700,0.08176,0.08197,0.08174,0.08195
1780691760,0.08195,0.082,0.08187,0.08192
1780691820,0.08192,0.08207,0.08192,0.08197
1780691880,0.08197,0.082,0.08186,0.082
1780691940,0.082,0.08211,0.08196,0.08209
1780692000,0.08209,0.08209,0.08195,0.08204
1780692060,0.08204,0.08204,0.0819,0.08198
1780692120,0.08198,0.08212,0.08198,0.08204
1780692180,0.08204,0.08216,0.08199,0.08209
1780692240,0.08209,0.08217,0.08209,0.0821
1780692300,0.0821,0.08221,0.08207,0.08215
1780692360,0.08215,0.08216,0.08194,0.08205
1780692420,0.08205,0.08245,0.08205,0.08224
1780692480,0.08224,0.08227,0.08212,0.08224
1780692540,0.08224,0.08236,0.08221,0.08235
1780692600,0.08235,0.08279,0.08233,0.08261
1780692660,0.08261,0.08265,0.08245,0.08258
1780692720,0.08258,0.0827,0.08235,0.08235
1780692780,0.08235,0.08247,0.08227,0.08227
1780692840,0.08227,0.08235,0.08224,0.08228
1780692900,0.08228,0.0825,0.08228,0.08241
1780692960,0.08241,0.08249,0.0824,0.08245
1780693020,0.08245,0.0825,0.08236,0.08236
1780693080,0.08236,0.08258,0.08236,0.08249
1780693140,0.08249,0.08253,0.08243,0.08248
1780693200,0.08248,0.08254,0.08236,0.08243
1780693260,0.08243,0.08253,0.0824,0.08244
1780693320,0.08244,0.08269,0.08243,0.08265
1780693380,0.08265,0.08294,0.08263,0.08285
1780693440,0.08285,0.08301,0.08276,0.08278
1780693500,0.08278,0.08301,0.08277,0.08283
1780693560,0.08283,0.08285,0.08249,0.08264
1780693620,0.08264,0.08292,0.08264,0.08292
1780693680,0.08292,0.08296,0.08281,0.08281
1780693740,0.08281,0.08287,0.08276,0.08285
1780693800,0.08285,0.08288,0.08279,0.08281
1780693860,0.08281,0.08282,0.08264,0.08279
1780693920,0.08279,0.08294,0.08278,0.08289
1780693980,0.08289,0.08297,0.08281,0.08297
1780694040,0.08297,0.08297,0.08286,0.08292
1780694100,0.08292,0.08316,0.08285,0.08302
1780694160,0.08302,0.08302,0.08277,0.0828
1780694220,0.0828,0.08311,0.0828,0.08306
1780694280,0.08306,0.08317,0.08301,0.08311
1780694340,0.08311,0.08311,0.08289,0.08292
1780694400,0.08292,0.08306,0.08292,0.083
1780694460,0.083,0.08305,0.0829,0.0829
1780694520,0.0829,0.08299,0.08288,0.08299
1780694580,0.08299,0.08302,0.08293,0.08296
1780694640,0.08296,0.0831,0.08294,0.08296
1780694700,0.08296,0.08306,0.08294,0.08304
1780694760,0.08304,0.08308,0.08293,0.08304
1780694820,0.08304,0.08316,0.08302,0.08316
1780694880,0.08316,0.08316,0.08305,0.08308
1780694940,0.08308,0.0831,0.08307,0.08308
1780695000,0.08308,0.08308,0.08286,0.08294
1780695060,0.08294,0.08297,0.08286,0.08287
1780695120,0.08287,0.08307,0.08287,0.08298
1780695180,0.08298,0.08303,0.08292,0.08301
1780695240,0.08301,0.08301,0.08293,0.08299
1780695300,0.08299,0.08313,0.08297,0.08313
1780695360,0.08313,0.08341,0.08313,0.08341
1780695420,0.08341,0.08341,0.08323,0.08334
1780695480,0.08334,0.08339,0.08322,0.08325
1780695540,0.08325,0.08335,0.08319,0.08331
1780695600,0.08331,0.08332,0.0832,0.08324
1780695660,0.08324,0.08341,0.0832,0.08341
1780695720,0.08341,0.08358,0.0834,0.08357
1780695780,0.08357,0.0836,0.08341,0.08343
1780695840,0.08343,0.08356,0.08331,0.08337
1780695900,0.08337,0.08338,0.08328,0.08328
1780695960,0.08328,0.08334,0.08322,0.08322
1780696020,0.08322,0.08335,0.08322,0.08333
1780696080,0.08333,0.08345,0.08333,0.08334
1780696140,0.08334,0.08335,0.08329,0.0833
1780696200,0.0833,0.08345,0.0833,0.08343
1780696260,0.08343,0.08348,0.08341,0.08342
1780696320,0.08342,0.08347,0.08342,0.08345
1780696380,0.08345,0.08345,0.08329,0.08329
1780696440,0.08329,0.08333,0.0832,0.08332
1780696500,0.08332,0.08332,0.0832,0.08321
1780696560,0.08321,0.08323,0.08315,0.08318
1780696620,0.08318,0.08318,0.08309,0.0831
1780696680,0.0831,0.08312,0.08308,0.0831
1780696740,0.0831,0.08313,0.08309,0.08311
1780696800,0.08311,0.08311,0.08308,0.08309
1780696860,0.08309,0.08309,0.08277,0.08277
1780696920,0.08277,0.08292,0.0827,0.08274
1780696980,0.08274,0.08274,0.08256,0.08257
1780697040,0.08257,0.08264,0.08242,0.08243
1780697100,0.08243,0.08244,0.08216,0.08218
1780697160,0.08218,0.08224,0.082,0.08214
1780697220,0.08214,0.08234,0.08214,0.08227
1780697280,0.08227,0.08242,0.08221,0.08239
1780697340,0.08239,0.08254,0.08239,0.08249
1780697400,0.08249,0.08258,0.08244,0.08246
1780697460,0.08246,0.08259,0.08237,0.08241
1780697520,0.08241,0.0825,0.0824,0.0825
1780697580,0.0825,0.08251,0.08237,0.08238
1780697640,0.08238,0.08264,0.08238,0.08252
1780697700,0.08252,0.08262,0.08231,0.08262
1780697760,0.08262,0.08279,0.08257,0.08275
1780697820,0.08275,0.08279,0.08266,0.08274
1780697880,0.08274,0.08278,0.08258,0.08263
1780697940,0.08263,0.08296,0.08253,0.08295
1780698000,0.08295,0.08296,0.08275,0.08295
1780698060,0.08295,0.08302,0.08288,0.08292
1780698120,0.08292,0.08309,0.08287,0.08295
1780698180,0.08295,0.08303,0.08282,0.08286
1780698240,0.08286,0.08296,0.08279,0.08292
1780698300,0.08292,0.08292,0.08273,0.08285
1780698360,0.08285,0.08294,0.0827,0.08277
1780698420,0.08277,0.08283,0.08266,0.08281
1780698480,0.08281,0.08288,0.0827,0.08273
1780698540,0.08273,0.08278,0.08266,0.08268
1780698600,0.08268,0.08276,0.08261,0.08265
1780698660,0.08265,0.08276,0.0825,0.08271
1780698720,0.08271,0.08276,0.08262,0.08267
1780698780,0.08267,0.0828,0.08261,0.08267
1780698840,0.08267,0.08277,0.08265,0.08274
1780698900,0.08274,0.08284,0.0827,0.08284
1780698960,0.08284,0.08286,0.08273,0.08275
1780699020,0.08275,0.08283,0.08275,0.08282
1780699080,0.08282,0.08294,0.08278,0.0829
1780699140,0.0829,0.08312,0.08289,0.08304
1780699200,0.08304,0.08304,0.0828,0.08284
1780699260,0.08284,0.08289,0.08272,0.08276
1780699320,0.08276,0.08296,0.08276,0.08296
1780699380,0.08296,0.08296,0.08277,0.08281
1780699440,0.08281,0.08287,0.0828,0.0828
1780699500,0.0828,0.0828,0.08256,0.0827
1780699560,0.0827,0.08278,0.08266,0.0827
1780699620,0.0827,0.08276,0.08269,0.0827
1780699680,0.0827,0.08285,0.0827,0.08283
1780699740,0.08283,0.08296,0.08283,0.08291
1780699800,0.08291,0.08295,0.08277,0.08278
1780699860,0.08278,0.08287,0.08267,0.08284
1780699920,0.08284,0.08292,0.08277,0.08289
1780699980,0.08289,0.08306,0.08289,0.08293
1780700040,0.08293,0.08305,0.08293,0.08304
1780700100,0.08304,0.08304,0.0828,0.08282
1780700160,0.08282,0.08292,0.08282,0.08289
1780700220,0.08289,0.08295,0.08283,0.08284
1780700280,0.08284,0.08292,0.08278,0.08289
1780700340,0.08289,0.0829,0.08275,0.08276
1780700400,0.08276,0.08292,0.08276,0.08288
1780700460,0.08288,0.08312,0.08288,0.08292
1780700520,0.08292,0.08296,0.08279,0.08279
1780700580,0.08279,0.08297,0.08276,0.08277
1780700640,0.08277,0.08283,0.08268,0.08282
1780700700,0.08282,0.08283,0.08276,0.0828
1780700760,0.0828,0.08292,0.0828,0.08286
1780700820,0.08286,0.08286,0.08272,0.08276
1780700880,0.08276,0.08278,0.0825,0.08257
1780700940,0.08257,0.08259,0.08246,0.0825
1780701000,0.0825,0.0825,0.08238,0.08239
1780701060,0.08239,0.08252,0.08239,0.08252
1780701120,0.08252,0.08252,0.08231,0.08235
1780701180,0.08235,0.08244,0.0823,0.08231
1780701240,0.08231,0.08232,0.08211,0.08213
1780701300,0.08213,0.08214,0.08191,0.08194
1780701360,0.08194,0.08199,0.08178,0.08187
1780701420,0.08187,0.082,0.08183,0.08189
1780701480,0.08189,0.08197,0.08189,0.08195
1780701540,0.08195,0.082,0.08174,0.08182
1780701600,0.08182,0.08185,0.08172,0.08184
1780701660,0.08184,0.08194,0.08184,0.08194
1780701720,0.08194,0.08201,0.08158,0.08163
1780701780,0.08163,0.08169,0.08159,0.08159
1780701840,0.08159,0.08164,0.08137,0.08142
1780701900,0.08142,0.08144,0.08126,0.08126
1780701960,0.08126,0.08132,0.08118,0.08126
1780702020,0.08126,0.0814,0.08125,0.08136
1780702080,0.08136,0.08143,0.08131,0.08136
1780702140,0.08136,0.08144,0.08131,0.08131
1780702200,0.08131,0.08131,0.08099,0.08106
1780702260,0.08106,0.08106,0.08087,0.08096
1780702320,0.08096,0.08104,0.08076,0.0808
1780702380,0.0808,0.08081,0.08046,0.08049
1780702440,0.08049,0.08061,0.08049,0.08057
1780702500,0.08057,0.08101,0.08057,0.08096
1780702560,0.08096,0.08104,0.08088,0.08104
1780702620,0.08104,0.08111,0.08102,0.08107
1780702680,0.08107,0.08114,0.08102,0.08107
1780702740,0.08107,0.08107,0.08085,0.08087
1780702800,0.08087,0.08087,0.08066,0.08076
1780702860,0.08076,0.08086,0.08074,0.08074
1780702920,0.08074,0.08086,0.0807,0.08079
1780702980,0.08079,0.08079,0.08068,0.08073
1780703040,0.08073,0.08086,0.0807,0.08083
1780703100,0.08083,0.08084,0.08059,0.08064
1780703160,0.08064,0.08075,0.08064,0.08066
1780703220,0.08066,0.08081,0.08062,0.08079
1780703280,0.08079,0.08094,0.08079,0.08092
1780703340,0.08092,0.08095,0.08083,0.08094
1780703400,0.08094,0.08123,0.08094,0.08121
1780703460,0.08121,0.08138,0.08119,0.08138
1780703520,0.08138,0.08142,0.08134,0.08139
1780703580,0.08139,0.08146,0.0813,0.0813
1780703640,0.0813,0.08138,0.08129,0.08136
1780703700,0.08136,0.08136,0.08127,0.08132
1780703760,0.08132,0.08133,0.08127,0.08127
1780703820,0.08127,0.08134,0.08125,0.08125
1780703880,0.08125,0.08135,0.08125,0.08134
1780703940,0.08134,0.08149,0.08131,0.08143
