ts,open,high,low,close
1760054400,4367.14,4368.85,4364.57,4365.83
1760054460,4365.83,4368,4364.3,4367.61
1760054520,4367.61,4371.31,4367.61,4370.88
1760054580,4370.88,4371.74,4369.81,4370.54
1760054640,4370.54,4372.1,4367.8,4369.17
1760054700,4369.17,4369.86,4366.99,4367.24
1760054760,4367.24,4368.63,4365.46,4366.98
1760054820,4366.98,4366.98,4361.46,4361.78
1760054880,4361.78,4366.14,4361.78,4366.14
1760054940,4366.14,4369.52,4365.81,4369.06
1760055000,4369.06,4369.53,4366.45,4366.45
1760055060,4366.45,4367.59,4364.66,4364.66
1760055120,4364.66,4365.29,4363.26,4363.26
1760055180,4363.26,4366.6,4363.25,4366.1
1760055240,4366.1,4366.1,4363.84,4365.86
1760055300,4365.86,4369.52,4365.86,4367.3
1760055360,4367.3,4368.83,4366.7,4368.82
1760055420,4368.82,4375.92,4368.82,4373.99
1760055480,4373.99,4376.92,4373.22,4376.32
1760055540,4376.32,4376.32,4372.92,4374.56
1760055600,4374.56,4374.56,4372.97,4373.14
1760055660,4373.14,4375.58,4372.77,4374.09
1760055720,4374.09,4374.39,4371.29,4371.73
1760055780,4371.73,4372.84,4370.81,4372.84
1760055840,4372.84,4374.57,4372.66,4374.48
1760055900,4374.48,4375.53,4372.59,4375.53
1760055960,4375.53,4379.54,4375.53,4378.12
1760056020,4378.12,4380.72,4378.1,4380.44
1760056080,4380.44,4381.48,4379.42,4381.47
1760056140,4381.47,4384,4379.52,4382.01
1760056200,4382.01,4382.86,4379,4379.05
1760056260,4379.05,4380.49,4377.34,4377.34
1760056320,4377.34,4378.4,4375.6,4376.61
1760056380,4376.61,4379.6,4376.6,4379.59
1760056440,4379.59,4379.59,4376.94,4377.2
1760056500,4377.2,4378.55,4376.33,4376.34
1760056560,4376.34,4378.18,4376.05,4376.05
1760056620,4376.05,4377.63,4375.21,4375.41
1760056680,4375.41,4380,4375.01,4380
1760056740,4380,4383,4380,4382.35
1760056800,4382.35,4382.35,4378.32,4378.4
1760056860,4378.4,4381.1,4378.29,4379.94
1760056920,4379.94,4379.94,4374.22,4375.25
1760056980,4375.25,4376.6,4374.23,4375.58
1760057040,4375.58,4376.97,4374.8,4376.63
1760057100,4376.63,4376.63,4374.57,4374.59
1760057160,4374.59,4374.59,4371.93,4372.15
1760057220,4372.15,4372.98,4371.76,4372.4
1760057280,4372.4,4373.5,4371.45,4372.7
1760057340,4372.7,4373,4371.1,4371.62
1760057400,4371.62,4375.2,4371.62,4375.19
1760057460,4375.19,4375.49,4374.05,4375.37
1760057520,4375.37,4376.1,4375.36,4375.94
1760057580,4375.94,4379.86,4375.94,4379.8
1760057640,4379.8,4380.97,4379.42,4380.8
1760057700,4380.8,4381.21,4379.48,4379.7
1760057760,4379.7,4379.71,4378.38,4378.67
1760057820,4378.67,4379,4377.52,4377.64
1760057880,4377.64,4380.31,4377.64,4379.6
1760057940,4379.6,4380.33,4379.44,4380.04
1760058000,4380.04,4380.68,4376,4378.8
1760058060,4378.8,4383.25,4378.8,4383.25
1760058120,4383.25,4385.63,4382.86,4384.94
1760058180,4384.94,4388.73,4384.94,4388.7
1760058240,4388.7,4388.94,4386.08,4388.94
1760058300,4388.94,4389.06,4384.59,4388.06
1760058360,4388.06,4389.05,4387.16,4387.16
1760058420,4387.16,4387.16,4382.84,4384.06
1760058480,4384.06,4385.92,4383.2,4383.28
1760058540,4383.28,4384.26,4383.2,4383.91
1760058600,4383.91,4385.92,4383.91,4384.25
1760058660,4384.25,4385.77,4383.68,4383.89
1760058720,4383.89,4387.11,4383.56,4384.1
1760058780,4384.1,4386.34,4384.1,4386.34
1760058840,4386.34,4386.72,4386,4386.1
1760058900,4386.1,4386.1,4383.43,4384.51
1760058960,4384.51,4385.89,4384.24,4384.61
1760059020,4384.61,4385.87,4384.06,4384.06
1760059080,4384.06,4385.58,4383.82,4383.88
1760059140,4383.88,4386.45,4383.5,4386.39
1760059200,4386.39,4390.54,4386.39,4389.22
1760059260,4389.22,4389.22,4386.15,4386.56
1760059320,4386.56,4387.9,4385.75,4386.15
1760059380,4386.15,4386.9,4385.75,4385.77
1760059440,4385.77,4388.05,4385.35,4387.69
1760059500,4387.69,4392,4387.68,4391.41
1760059560,4391.41,4391.47,4389.17,4389.18
1760059620,4389.18,4389.75,4388.33,4389.75
1760059680,4389.75,4392.57,4389.75,4391.84
1760059740,4391.84,4392.9,4390.53,4391.92
1760059800,4391.92,4392.25,4389.6,4389.6
1760059860,4389.6,4389.65,4387.2,4387.38
1760059920,4387.38,4387.38,4385.55,4386.21
1760059980,4386.21,4387.37,4385.83,4386.97
1760060040,4386.97,4388.58,4386.97,4387.04
1760060100,4387.04,4387.04,4384.01,4384.05
1760060160,4384.05,4384.69,4381.46,4382.03
1760060220,4382.03,4382.92,4381.44,4381.44
1760060280,4381.44,4381.44,4379.54,4379.54
1760060340,4379.54,4380.93,4378.16,4378.16
1760060400,4378.16,4378.4,4372.49,4373.66
1760060460,4373.66,4374.35,4369.53,4371.78
1760060520,4371.78,4374,4370.34,4373.88
1760060580,4373.88,4374,4373.44,4374
1760060640,4374,4374,4371.93,4372.81
1760060700,4372.81,4373.47,4370.01,4370.96
1760060760,4370.96,4373.01,4370.56,4373.01
1760060820,4373.01,4375.48,4372.49,4374.13
1760060880,4374.13,4374.13,4372.62,4373
1760060940,4373,4375.4,4372.99,4375.04
1760061000,4375.04,4375.09,4372.58,4372.93
1760061060,4372.93,4375.12,4371.5,4375.12
1760061120,4375.12,4381.07,4375.12,4378.68
1760061180,4378.68,4379.37,4373.13,4373.76
1760061240,4373.76,4375.4,4373.16,4374.9
1760061300,4374.9,4376.62,4371.92,4372.68
1760061360,4372.68,4373.88,4372.07,4373.87
1760061420,4373.87,4373.88,4372.06,4372.06
1760061480,4372.06,4374.26,4372.06,4372.72
1760061540,4372.72,4373.96,4372.11,4372.11
1760061600,4372.11,4373.9,4369.03,4369.81
1760061660,4369.81,4370.78,4366.12,4368.23
1760061720,4368.23,4368.24,4365.3,4366.12
1760061780,4366.12,4369.42,4364.29,4365.78
1760061840,4365.78,4368.04,4362.24,4363.25
1760061900,4363.25,4365.09,4360.97,4362.82
1760061960,4362.82,4362.82,4360.13,4361.99
1760062020,4361.99,4362.61,4357.77,4359.03
1760062080,4359.03,4361.81,4359.03,4359.39
1760062140,4359.39,4364.37,4359.39,4363.32
1760062200,4363.32,4366.85,4362.13,4364.86
1760062260,4364.86,4367,4364.86,4366.71
1760062320,4366.71,4367.22,4362.56,4362.7
1760062380,4362.7,4366.69,4362.65,4365.63
1760062440,4365.63,4366.6,4365.24,4366.14
1760062500,4366.14,4368.96,4365.33,4366.8
1760062560,4366.8,4372,4366.8,4371.08
1760062620,4371.08,4371.94,4367.35,4370.63
1760062680,4370.63,4372.28,4370.62,4372.13
1760062740,4372.13,4377.97,4372.09,4377.22
1760062800,4377.22,4379.91,4375.79,4377.6
1760062860,4377.6,4379.96,4377.38,4378.23
1760062920,4378.23,4379.2,4377.2,4377.41
1760062980,4377.41,4379.58,4377.4,4379.58
1760063040,4379.58,4380.51,4376.48,4377.25
1760063100,4377.25,4377.75,4377.24,4377.24
1760063160,4377.24,4377.24,4374.35,4375.51
1760063220,4375.51,4377.7,4373.61,4377.7
1760063280,4377.7,4377.7,4376.65,4376.65
1760063340,4376.65,4376.88,4375.7,4376.07
1760063400,4376.07,4378.96,4374.22,4374.22
1760063460,4374.22,4374.23,4369.31,4370.43
1760063520,4370.43,4371.06,4365.01,4365.88
1760063580,4365.88,4366.6,4364.4,4365.16
1760063640,4365.16,4365.16,4362.59,4363.89
1760063700,4363.89,4366.09,4363.15,4364.63
1760063760,4364.63,4365.35,4363.15,4365
1760063820,4365,4366.1,4364.96,4365.54
1760063880,4365.54,4366.1,4363.87,4366.1
1760063940,4366.1,4370.08,4366.09,4368.99
1760064000,4368.99,4369.96,4367.71,4369.96
1760064060,4369.96,4370.48,4369.55,4370.48
1760064120,4370.48,4374.03,4370.48,4371.18
1760064180,4371.18,4371.18,4367.23,4367.87
1760064240,4367.87,4368.93,4367,4367.44
1760064300,4367.44,4367.93,4366.12,4366.98
1760064360,4366.98,4366.99,4361.7,4362.45
1760064420,4362.45,4363.99,4360.99,4362.54
1760064480,4362.54,4366.12,4362.54,4365.97
1760064540,4365.97,4365.97,4361.58,4362.27
1760064600,4362.27,4364.3,4360.35,4362.48
1760064660,4362.48,4363.09,4359.46,4359.67
1760064720,4359.67,4360.83,4355.34,4355.34
1760064780,4355.34,4356.65,4348.51,4355.28
1760064840,4355.28,4355.77,4349.59,4355.6
1760064900,4355.6,4359.6,4354.99,4358.91
1760064960,4358.91,4359.27,4356.74,4357.76
1760065020,4357.76,4359.11,4356.05,4358.81
1760065080,4358.81,4359.11,4356.8,4358.25
1760065140,4358.25,4358.51,4357.65,4358.5
1760065200,4358.5,4360.85,4357.78,4358.07
1760065260,4358.07,4359.67,4355.29,4355.29
1760065320,4355.29,4355.3,4352.2,4352.59
1760065380,4352.59,4352.66,4348.81,4349.28
1760065440,4349.28,4350.92,4346,4347.62
1760065500,4347.62,4353.13,4346.12,4353.13
1760065560,4353.13,4354.75,4351.6,4352.52
1760065620,4352.52,4352.52,4349.61,4351.15
1760065680,4351.15,4351.15,4347.11,4347.99
1760065740,4347.99,4349.18,4347.99,4349.01
1760065800,4349.01,4350.45,4347,4349.15
1760065860,4349.15,4351.56,4346.86,4351
1760065920,4351,4352.93,4350.48,4352.93
1760065980,4352.93,4353.21,4350.6,4350.6
1760066040,4350.6,4353.99,4349.01,4353.82
1760066100,4353.82,4356.82,4353.82,4354.55
1760066160,4354.55,4354.97,4349.25,4351.68
1760066220,4351.68,4353.64,4351.68,4352.79
1760066280,4352.79,4354.96,4352.67,4354.96
1760066340,4354.96,4358,4354,4358
1760066400,4358,4363.85,4358,4363.04
1760066460,4363.04,4366.78,4363,4366.48
1760066520,4366.48,4366.48,4362.37,4362.41
1760066580,4362.41,4363.4,4361.4,4361.6
1760066640,4361.6,4365.45,4359.76,4365.45
1760066700,4365.45,4366.72,4364.71,4365.16
1760066760,4365.16,4368.2,4363.85,4365
1760066820,4365,4369.33,4363.31,4368.65
1760066880,4368.65,4374.28,4366.97,4371.27
1760066940,4371.27,4376.69,4371.27,4376.65
1760067000,4376.65,4385,4376.64,4382.48
1760067060,4382.48,4389,4381.55,4388.4
1760067120,4388.4,4392,4383.13,4383.34
1760067180,4383.34,4387.88,4382.49,4383.06
1760067240,4383.06,4387.38,4382.23,4384.04
1760067300,4384.04,4389.56,4384.01,4386.94
1760067360,4386.94,4388.03,4385.05,4386.65
1760067420,4386.65,4390.44,4384.82,4387.22
1760067480,4387.22,4387.97,4383.18,4383.48
1760067540,4383.48,4383.99,4381.43,4382.38
1760067600,4382.38,4382.38,4379.15,4380.74
1760067660,4380.74,4381.6,4378.82,4381.33
1760067720,4381.33,4385.67,4380.85,4381.94
1760067780,4381.94,4383.6,4381.67,4382.45
1760067840,4382.45,4385.2,4381.9,4385.16
1760067900,4385.16,4389.1,4384.24,4386.86
1760067960,4386.86,4389.09,4384.23,4386.91
1760068020,4386.91,4388.35,4386.4,4387.61
1760068080,4387.61,4387.93,4384.25,4387.21
1760068140,4387.21,4387.29,4382.31,4382.68
1760068200,4382.68,4383.5,4378.35,4379.25
1760068260,4379.25,4379.3,4370.63,4371.84
1760068320,4371.84,4371.84,4360.13,4361.02
1760068380,4361.02,4362.59,4354.77,4357.96
1760068440,4357.96,4358.54,4353,4353.31
1760068500,4353.31,4354.33,4341.51,4346.95
1760068560,4346.95,4350.33,4342.57,4348.58
1760068620,4348.58,4352.17,4345,4351.22
1760068680,4351.22,4353.76,4348.92,4351.5
1760068740,4351.5,4353.26,4345.77,4346
1760068800,4346,4352.19,4344.21,4347.52
1760068860,4347.52,4351.41,4346.65,4349.04
1760068920,4349.04,4349.04,4343.24,4347.91
1760068980,4347.91,4350.39,4346.23,4348.07
1760069040,4348.07,4350.39,4347.61,4348.58
1760069100,4348.58,4353.62,4348.58,4353.28
1760069160,4353.28,4355.86,4352.22,4355.35
1760069220,4355.35,4357.96,4354.68,4357.05
1760069280,4357.05,4362.35,4356.23,4356.23
1760069340,4356.23,4360.01,4354.9,4354.9
1760069400,4354.9,4355.75,4352.3,4355.75
1760069460,4355.75,4356.62,4352.63,4353.92
1760069520,4353.92,4356.23,4352.71,4355.35
1760069580,4355.35,4358.75,4354.05,4356.83
1760069640,4356.83,4358.72,4355.02,4355.88
1760069700,4355.88,4357.19,4353.79,4355.41
1760069760,4355.41,4356.09,4352.42,4352.47
1760069820,4352.47,4354.08,4349.01,4349.67
1760069880,4349.67,4350.69,4346.97,4348.41
1760069940,4348.41,4349,4344.34,4346.76
1760070000,4346.76,4353.39,4346.16,4352.23
1760070060,4352.23,4352.99,4350,4350
1760070120,4350,4355,4350,4353.68
1760070180,4353.68,4355.56,4351.63,4352.69
1760070240,4352.69,4353.9,4348.8,4348.81
1760070300,4348.81,4349.94,4345.84,4347.82
1760070360,4347.82,4349.48,4346.86,4348.26
1760070420,4348.26,4348.26,4346,4347.15
1760070480,4347.15,4349.09,4345.24,4346.89
1760070540,4346.89,4348.69,4346.89,4348.02
1760070600,4348.02,4350.81,4348.01,4349.38
1760070660,4349.38,4353.4,4348,4353.39
1760070720,4353.39,4354.39,4351.19,4351.85
1760070780,4351.85,4352.4,4344.43,4344.43
1760070840,4344.43,4346.2,4343,4346.19
1760070900,4346.19,4347,4341.16,4342.41
1760070960,4342.41,4342.41,4336.22,4339.19
1760071020,4339.19,4340.51,4336.16,4339.94
1760071080,4339.94,4340.5,4336.63,4336.65
1760071140,4336.65,4338.14,4331.8,4337.49
1760071200,4337.49,4340.61,4335.71,4340.61
1760071260,4340.61,4341.47,4337.39,4337.5
1760071320,4337.5,4339.61,4336.11,4339.6
1760071380,4339.6,4341.67,4339.29,4339.62
1760071440,4339.62,4341.32,4338.84,4341.32
1760071500,4341.32,4341.33,4337.85,4340.13
1760071560,4340.13,4343,4338.93,4339.17
1760071620,4339.17,4341.89,4339.17,4340.46
1760071680,4340.46,4341.4,4338.11,4340.8
1760071740,4340.8,4343.32,4340.8,4343.23
1760071800,4343.23,4343.33,4340.19,4341.91
1760071860,4341.91,4343.65,4341.91,4342.3
1760071920,4342.3,4343.76,4341.67,4343.75
1760071980,4343.75,4345.46,4343.29,4344.49
1760072040,4344.49,4344.95,4343.82,4344.57
1760072100,4344.57,4345.08,4339.52,4340.85
1760072160,4340.85,4341.66,4339.71,4340.97
1760072220,4340.97,4343.85,4340.79,4343.52
1760072280,4343.52,4343.91,4341.33,4342.45
1760072340,4342.45,4343.83,4341.88,4343.15
1760072400,4343.15,4344.15,4340.76,4341.9
1760072460,4341.9,4343.9,4340.88,4341.39
1760072520,4341.39,4342.18,4338.38,4340.17
1760072580,4340.17,4340.24,4337.06,4337.19
1760072640,4337.19,4337.19,4329.1,4332.49
1760072700,4332.49,4333.12,4326.74,4331.13
1760072760,4331.13,4332,4326.08,4332
1760072820,4332,4337.12,4329.61,4337.12
1760072880,4337.12,4337.12,4334.53,4336.05
1760072940,4336.05,4336.05,4333.2,4334.25
1760073000,4334.25,4335.18,4332.84,4333.09
1760073060,4333.09,4335.19,4331.87,4332.68
1760073120,4332.68,4333.6,4332.22,4332.92
1760073180,4332.92,4336.53,4332.92,4335.86
1760073240,4335.86,4336.31,4332.98,4333
1760073300,4333,4338.41,4332.57,4336.64
1760073360,4336.64,4338.26,4334.05,4334.05
1760073420,4334.05,4338.6,4334.05,4337.95
1760073480,4337.95,4338.84,4336.95,4338.13
1760073540,4338.13,4338.94,4336.67,4337.2
1760073600,4337.2,4341.36,4336.81,4341.36
1760073660,4341.36,4344,4341,4343.62
1760073720,4343.62,4344.72,4343.01,4344.39
1760073780,4344.39,4353.7,4344.26,4352.52
1760073840,4352.52,4358.29,4350.66,4358.29
1760073900,4358.29,4360,4356.54,4358.4
1760073960,4358.4,4363.19,4356.24,4356.57
1760074020,4356.57,4360.37,4352.86,4359.01
1760074080,4359.01,4359.01,4353.95,4355.65
1760074140,4355.65,4356.7,4353.36,4354.19
1760074200,4354.19,4354.8,4351.23,4351.4
1760074260,4351.4,4353.01,4348.3,4351.36
1760074320,4351.36,4351.44,4344.63,4344.63
1760074380,4344.63,4348.21,4343.59,4346.44
1760074440,4346.44,4346.79,4343.9,4345.03
1760074500,4345.03,4346.52,4344.1,4345.3
1760074560,4345.3,4346.51,4343.02,4346.41
1760074620,4346.41,4346.58,4344.01,4345.65
1760074680,4345.65,4347.77,4345.6,4346.78
1760074740,4346.78,4348.56,4346.56,4347.97
1760074800,4347.97,4352.74,4347.97,4352.74
1760074860,4352.74,4356.72,4352.59,4356.26
1760074920,4356.26,4357.05,4355.85,4356.32
1760074980,4356.32,4357.4,4356.27,4356.93
1760075040,4356.93,4358.63,4355.78,4356.63
1760075100,4356.63,4359.79,4356.1,4359.26
1760075160,4359.26,4364.15,4358.92,4361.44
1760075220,4361.44,4362.12,4359.27,4360.01
1760075280,4360.01,4363.61,4358.59,4363.21
1760075340,4363.21,4364.29,4360.55,4361.61
1760075400,4361.61,4365.61,4361.61,4364.34
1760075460,4364.34,4364.64,4361.06,4362.06
1760075520,4362.06,4363.81,4360.39,4363.64
1760075580,4363.64,4365.27,4363.21,4364.38
1760075640,4364.38,4369.26,4363.87,4368.81
1760075700,4368.81,4369.38,4365.76,4366.08
1760075760,4366.08,4367.89,4365.01,4366.4
1760075820,4366.4,4367.31,4365.7,4366.38
1760075880,4366.38,4367.2,4364.97,4365.88
1760075940,4365.88,4367.68,4365.44,4366.96
1760076000,4366.96,4370.89,4365.51,4368.86
1760076060,4368.86,4369.21,4366.82,4366.82
1760076120,4366.82,4372.9,4366.42,4372.07
1760076180,4372.07,4373.92,4369.29,4373.27
1760076240,4373.27,4375.32,4372.5,4374.1
1760076300,4374.1,4377,4373.67,4374.75
1760076360,4374.75,4375.34,4371.61,4372.36
1760076420,4372.36,4374.28,4371.59,4371.72
1760076480,4371.72,4372.02,4368.1,4372
1760076540,4372,4373.32,4368.26,4368.38
1760076600,4368.38,4369.49,4364.28,4364.48
1760076660,4364.48,4364.48,4362.58,4363.38
1760076720,4363.38,4365.49,4362.75,4363.62
1760076780,4363.62,4365.92,4363.62,4364.99
1760076840,4364.99,4367.32,4362.16,4366
1760076900,4366,4371.44,4365.95,4369.78
1760076960,4369.78,4371.01,4366.56,4367.72
1760077020,4367.72,4368.88,4365.59,4365.79
1760077080,4365.79,4368.75,4365.21,4367.73
1760077140,4367.73,4368.8,4361.44,4362.24
1760077200,4362.24,4362.54,4357.18,4357.59
1760077260,4357.59,4358.98,4354.21,4355.35
1760077320,4355.35,4357.24,4353.67,4356.23
1760077380,4356.23,4356.89,4354.55,4356.02
1760077440,4356.02,4357.33,4353.98,4355.77
1760077500,4355.77,4355.92,4354.06,4355.22
1760077560,4355.22,4355.23,4353.91,4354.34
1760077620,4354.34,4356.84,4354.34,4355.3
1760077680,4355.3,4355.37,4349.47,4350.63
1760077740,4350.63,4350.87,4349.28,4350.4
1760077800,4350.4,4354.47,4348.77,4349.2
1760077860,4349.2,4351.99,4348.05,4348.74
1760077920,4348.74,4348.74,4346.43,4346.88
1760077980,4346.88,4350,4346.56,4349.63
1760078040,4349.63,4355.92,4349.62,4355.56
1760078100,4355.56,4356.22,4349.54,4350.95
1760078160,4350.95,4350.96,4344,4344.18
1760078220,4344.18,4347.64,4341.11,4341.25
1760078280,4341.25,4343.28,4335.5,4340.12
1760078340,4340.12,4343.6,4338.06,4343.6
1760078400,4343.6,4345.22,4342.02,4344.81
1760078460,4344.81,4349.92,4344.81,4349.76
1760078520,4349.76,4350.5,4348.52,4350.27
1760078580,4350.27,4350.83,4348.03,4348.74
1760078640,4348.74,4348.75,4344.7,4347.23
1760078700,4347.23,4351,4346.45,4350.55
1760078760,4350.55,4352.94,4347.01,4347.11
1760078820,4347.11,4347.98,4343.96,4344.25
1760078880,4344.25,4344.72,4335.44,4335.64
1760078940,4335.64,4336.8,4325.2,4326.56
1760079000,4326.56,4332.74,4323.1,4326.22
1760079060,4326.22,4326.34,4320.86,4324.59
1760079120,4324.59,4324.59,4318.76,4320.49
1760079180,4320.49,4324.64,4318.14,4323.51
1760079240,4323.51,4324.9,4322.6,4323.3
1760079300,4323.3,4327.5,4322.57,4322.99
1760079360,4322.99,4324.49,4322.18,4322.54
1760079420,4322.54,4327.12,4322.17,4326.23
1760079480,4326.23,4329.79,4326,4327.25
1760079540,4327.25,4327.25,4326,4326.06
1760079600,4326.06,4328.94,4324.4,4328.62
1760079660,4328.62,4328.94,4316.4,4317.87
1760079720,4317.87,4321.59,4317.86,4319.46
1760079780,4319.46,4320.68,4319.15,4319.47
1760079840,4319.47,4321.49,4317.28,4318.9
1760079900,4318.9,4321.58,4317.92,4319.39
1760079960,4319.39,4319.53,4315.78,4317.22
1760080020,4317.22,4317.22,4314.41,4315.06
1760080080,4315.06,4315.07,4313.3,4314.22
1760080140,4314.22,4321.64,4314.22,4321.22
1760080200,4321.22,4324,4320.68,4323.99
1760080260,4323.99,4324.73,4321.93,4323.5
1760080320,4323.5,4325.7,4322.42,4325.69
1760080380,4325.69,4327,4324.83,4326.28
1760080440,4326.28,4327.93,4324.62,4325.07
1760080500,4325.07,4325.35,4320.28,4320.99
1760080560,4320.99,4323.21,4317.39,4317.85
1760080620,4317.85,4320.77,4317.36,4319.78
1760080680,4319.78,4320.34,4316.5,4319.57
1760080740,4319.57,4324.08,4318.66,4324.06
1760080800,4324.06,4329.1,4323.36,4325.95
1760080860,4325.95,4329.42,4325.94,4326.5
1760080920,4326.5,4326.51,4320.4,4320.4
1760080980,4320.4,4322.56,4318.95,4322.5
1760081040,4322.5,4322.5,4317.85,4320.7
1760081100,4320.7,4321.99,4318.56,4319.09
1760081160,4319.09,4324.93,4318.06,4324.46
1760081220,4324.46,4328.73,4324.26,4326.9
1760081280,4326.9,4329.57,4326.9,4327.96
1760081340,4327.96,4331.32,4325.64,4325.65
1760081400,4325.65,4326.96,4323.85,4326.51
1760081460,4326.51,4327.25,4320.67,4321.12
1760081520,4321.12,4324.02,4321.05,4322.39
1760081580,4322.39,4324.26,4321.19,4321.29
1760081640,4321.29,4324.81,4320.1,4323.44
1760081700,4323.44,4325.29,4322.13,4322.5
1760081760,4322.5,4327.69,4322.5,4327.16
1760081820,4327.16,4328.75,4326.14,4327
1760081880,4327,4329,4326.75,4327.13
1760081940,4327.13,4329,4325.87,4328.8
1760082000,4328.8,4332.47,4328.8,4332.01
1760082060,4332.01,4332.54,4329.71,4330.79
1760082120,4330.79,4332,4329.02,4329.14
1760082180,4329.14,4331.24,4329,4330.33
1760082240,4330.33,4331.78,4329.55,4330.44
1760082300,4330.44,4330.63,4329,4329.62
1760082360,4329.62,4329.63,4317.7,4319.33
1760082420,4319.33,4322.87,4316.2,4321.15
1760082480,4321.15,4322.18,4320,4320.64
1760082540,4320.64,4320.71,4319,4319.97
1760082600,4319.97,4322.69,4319,4320.2
1760082660,4320.2,4320.98,4318,4318.88
1760082720,4318.88,4323.66,4318.88,4320.27
1760082780,4320.27,4321.98,4319,4321.19
1760082840,4321.19,4324.55,4321.19,4324.55
1760082900,4324.55,4327.85,4324.55,4327.2
1760082960,4327.2,4328,4322.56,4323.49
1760083020,4323.49,4324.32,4322,4324.15
1760083080,4324.15,4324.15,4319.59,4319.77
1760083140,4319.77,4321.21,4318.21,4321.18
1760083200,4321.18,4322.89,4320.56,4322.13
1760083260,4322.13,4325.57,4321.61,4325.52
1760083320,4325.52,4331.64,4325.51,4331.23
1760083380,4331.23,4331.23,4323.48,4323.48
1760083440,4323.48,4323.99,4319.55,4321.29
1760083500,4321.29,4321.79,4311.26,4318.21
1760083560,4318.21,4323.22,4318.13,4322.42
1760083620,4322.42,4323.32,4316.61,4319.63
1760083680,4319.63,4322.71,4318.33,4319.28
1760083740,4319.28,4321.99,4318.52,4321.73
1760083800,4321.73,4322.37,4318.04,4322.06
1760083860,4322.06,4324.01,4320.02,4324.01
1760083920,4324.01,4324.01,4319.66,4321.84
1760083980,4321.84,4324.3,4321.14,4323.1
1760084040,4323.1,4324.19,4321.18,4322.99
1760084100,4322.99,4327.77,4322.15,4327.77
1760084160,4327.77,4331.18,4326,4326
1760084220,4326,4330.21,4326,4329.54
1760084280,4329.54,4332.07,4328.43,4330.8
1760084340,4330.8,4331.09,4326.39,4329.01
1760084400,4329.01,4330.51,4328,4330.51
1760084460,4330.51,4330.53,4326.91,4327.84
1760084520,4327.84,4329.24,4327.18,4329.23
1760084580,4329.23,4330.16,4328.01,4329.9
1760084640,4329.9,4331.58,4329.84,4331.33
1760084700,4331.33,4333.45,4330.94,4331.8
1760084760,4331.8,4332.96,4330.63,4332.2
1760084820,4332.2,4335.89,4331.75,4333.76
1760084880,4333.76,4335.19,4333.76,4334.81
1760084940,4334.81,4335.56,4332.95,4332.96
1760085000,4332.96,4335.69,4332.53,4335.58
1760085060,4335.58,4338.61,4334.29,4336
1760085120,4336,4336.26,4331.75,4331.76
1760085180,4331.76,4332.12,4329.02,4329.46
1760085240,4329.46,4330,4326.84,4327.99
1760085300,4327.99,4329.43,4326.32,4327.12
1760085360,4327.12,4329.72,4326.32,4329.72
1760085420,4329.72,4329.72,4327.66,4328.77
1760085480,4328.77,4331.64,4327.63,4331.64
1760085540,4331.64,4332.46,4328.01,4329.62
1760085600,4329.62,4330.64,4327.33,4327.33
1760085660,4327.33,4327.99,4324.29,4324.29
1760085720,4324.29,4325.87,4324,4324.8
1760085780,4324.8,4326.66,4324.14,4324.22
1760085840,4324.22,4330.05,4323.8,4329.9
1760085900,4329.9,4334.67,4329.9,4334.01
1760085960,4334.01,4334.73,4331.61,4332.2
1760086020,4332.2,4335.07,4331.34,4333.23
1760086080,4333.23,4334.18,4331.86,4332.4
1760086140,4332.4,4333.26,4330.19,4332.93
1760086200,4332.93,4339.59,4332.93,4338.58
1760086260,4338.58,4341.74,4338.57,4340.56
1760086320,4340.56,4341.42,4339.61,4340.39
1760086380,4340.39,4341.84,4340,4341
1760086440,4341,4342,4340.47,4340.75
1760086500,4340.75,4342.5,4340.51,4342.49
1760086560,4342.49,4343.99,4340.71,4343.12
1760086620,4343.12,4345.35,4342.26,4344.95
1760086680,4344.95,4348.24,4341.89,4343.72
1760086740,4343.72,4346.59,4343.49,4344.4
1760086800,4344.4,4344.64,4340,4340.84
1760086860,4340.84,4342.48,4337,4338.99
1760086920,4338.99,4339.26,4334.42,4335.51
1760086980,4335.51,4338.76,4335.4,4338.12
1760087040,4338.12,4339,4335.3,4335.6
1760087100,4335.6,4338.68,4333.82,4338.06
1760087160,4338.06,4340.49,4335.06,4335.39
1760087220,4335.39,4338.39,4334.75,4336.64
1760087280,4336.64,4336.65,4333.59,4333.59
1760087340,4333.59,4335.12,4333.5,4333.91
1760087400,4333.91,4334.64,4332.32,4334.09
1760087460,4334.09,4340.73,4333.57,4339.92
1760087520,4339.92,4340.58,4337.23,4337.48
1760087580,4337.48,4340.39,4337.48,4337.69
1760087640,4337.69,4338.14,4337.05,4337.37
1760087700,4337.37,4339.5,4337.21,4338.65
1760087760,4338.65,4338.88,4335.69,4336.53
1760087820,4336.53,4340,4335.67,4339.99
1760087880,4339.99,4340.42,4336.33,4336.33
1760087940,4336.33,4336.33,4329.17,4331.62
1760088000,4331.62,4332.41,4330.55,4332.33
1760088060,4332.33,4334.03,4330.92,4333.77
1760088120,4333.77,4337.32,4333.35,4336.89
1760088180,4336.89,4338.14,4336.4,4337.51
1760088240,4337.51,4338.39,4335.47,4338.39
1760088300,4338.39,4339.59,4338.02,4338.56
1760088360,4338.56,4343.2,4338.56,4343.2
1760088420,4343.2,4346.85,4343.2,4346.85
1760088480,4346.85,4349.86,4345.86,4347.51
1760088540,4347.51,4348.88,4346.24,4346.4
1760088600,4346.4,4346.54,4341.66,4342.69
1760088660,4342.69,4347.68,4342.69,4344.46
1760088720,4344.46,4348,4344.46,4346.58
1760088780,4346.58,4350,4344.56,4348.7
1760088840,4348.7,4349.09,4347,4348.35
1760088900,4348.35,4348.8,4345.91,4346.65
1760088960,4346.65,4347.53,4345,4346.05
1760089020,4346.05,4346.91,4345.22,4346.51
1760089080,4346.51,4346.52,4344.24,4344.24
1760089140,4344.24,4345.21,4343.22,4343.6
1760089200,4343.6,4343.6,4341.74,4342.47
1760089260,4342.47,4342.47,4339.22,4339.59
1760089320,4339.59,4342.05,4339.58,4340.95
1760089380,4340.95,4342.78,4340.5,4340.51
1760089440,4340.51,4340.94,4339.73,4340.94
1760089500,4340.94,4343.82,4340.31,4342.51
1760089560,4342.51,4342.51,4337.67,4337.91
1760089620,4337.91,4341.92,4337.91,4338.98
1760089680,4338.98,4339.4,4330.6,4331.69
1760089740,4331.69,4331.7,4326.01,4326.13
1760089800,4326.13,4326.14,4316.36,4322.15
1760089860,4322.15,4324.44,4318.47,4324.09
1760089920,4324.09,4324.96,4321.1,4323.19
1760089980,4323.19,4324.26,4319.49,4322.42
1760090040,4322.42,4327.16,4321.54,4324
1760090100,4324,4325.9,4324,4324.7
1760090160,4324.7,4324.7,4320.59,4320.91
1760090220,4320.91,4320.91,4318.08,4318.99
1760090280,4318.99,4321.19,4317.12,4317.44
1760090340,4317.44,4320.74,4317.18,4319.75
1760090400,4319.75,4320.89,4318.34,4319.91
1760090460,4319.91,4326.41,4319.9,4323.59
1760090520,4323.59,4324.75,4320.77,4322.56
1760090580,4322.56,4324.69,4321.52,4323.44
1760090640,4323.44,4324.24,4320.6,4321.01
1760090700,4321.01,4325.43,4321.01,4325.31
1760090760,4325.31,4327.1,4324.87,4326.82
1760090820,4326.82,4326.97,4323.99,4326.14
1760090880,4326.14,4327,4325.4,4327
1760090940,4327,4327.67,4326,4327
1760091000,4327,4327.6,4325.62,4325.93
1760091060,4325.93,4327.74,4325.92,4327.74
1760091120,4327.74,4327.75,4326.14,4326.6
1760091180,4326.6,4327.61,4322.1,4322.15
1760091240,4322.15,4323.41,4321.29,4323.19
1760091300,4323.19,4324.79,4323.01,4324.48
1760091360,4324.48,4325.99,4323,4325.99
1760091420,4325.99,4327.9,4325.37,4327.89
1760091480,4327.89,4332.7,4327.89,4331.75
1760091540,4331.75,4333.9,4330.26,4331.19
1760091600,4331.19,4331.19,4328.13,4329
1760091660,4329,4332.24,4329,4332.01
1760091720,4332.01,4332.01,4328.01,4328.01
1760091780,4328.01,4328.01,4322.77,4325.43
1760091840,4325.43,4326.82,4324.71,4326.24
1760091900,4326.24,4327.2,4322.46,4323.88
1760091960,4323.88,4324.98,4322.33,4324.4
1760092020,4324.4,4325.06,4323.32,4324
1760092080,4324,4324,4322.03,4322.48
1760092140,4322.48,4324.04,4322.16,4323.3
1760092200,4323.3,4327.11,4322,4326.89
1760092260,4326.89,4327.58,4324.87,4325.06
1760092320,4325.06,4325.6,4322.79,4323.38
1760092380,4323.38,4328.65,4323.38,4327.78
1760092440,4327.78,4327.78,4324,4324.01
1760092500,4324.01,4324.46,4322,4322.23
1760092560,4322.23,4322.56,4320.1,4322.31
1760092620,4322.31,4327.23,4322.1,4327.03
1760092680,4327.03,4327.86,4325.23,4326.6
1760092740,4326.6,4328.36,4324.15,4324.64
1760092800,4324.64,4324.9,4323.54,4324.06
1760092860,4324.06,4325.64,4324.02,4324.87
1760092920,4324.87,4329.58,4324.86,4329.36
1760092980,4329.36,4329.75,4328,4329.75
1760093040,4329.75,4331.12,4329.44,4331.05
1760093100,4331.05,4332.47,4330.31,4330.31
1760093160,4330.31,4331.01,4329.18,4331.01
1760093220,4331.01,4331.01,4328,4330.33
1760093280,4330.33,4331,4329.2,4331
1760093340,4331,4339.47,4331,4339.47
1760093400,4339.47,4344.6,4339.47,4341.92
1760093460,4341.92,4342.79,4340.19,4340.19
1760093520,4340.19,4344.54,4340.19,4341.43
1760093580,4341.43,4342.43,4339.54,4339.64
1760093640,4339.64,4339.64,4336.16,4338.15
1760093700,4338.15,4342.27,4336.47,4342.27
1760093760,4342.27,4343.03,4341.68,4341.85
1760093820,4341.85,4342.58,4340.4,4340.81
1760093880,4340.81,4341.8,4338.85,4340.03
1760093940,4340.03,4342.75,4340.03,4341.3
1760094000,4341.3,4344,4341.3,4342.21
1760094060,4342.21,4345.58,4342.21,4342.8
1760094120,4342.8,4344,4342.34,4343.57
1760094180,4343.57,4346.67,4343.2,4345.25
1760094240,4345.25,4345.25,4342.52,4342.8
1760094300,4342.8,4346.56,4342.8,4343.96
1760094360,4343.96,4344.48,4339.13,4339.34
1760094420,4339.34,4341.36,4337.96,4340.19
1760094480,4340.19,4342.65,4340,4342.36
1760094540,4342.36,4345.52,4342.15,4343.2
1760094600,4343.2,4343.78,4338.74,4343.6
1760094660,4343.6,4343.6,4338.06,4338.07
1760094720,4338.07,4338.13,4334.65,4335.81
1760094780,4335.81,4337.24,4335.5,4336.95
1760094840,4336.95,4336.95,4333.4,4333.69
1760094900,4333.69,4335.37,4333.44,4334.13
1760094960,4334.13,4335,4332.38,4335
1760095020,4335,4337.19,4334.76,4336.69
1760095080,4336.69,4337.4,4335.12,4335.41
1760095140,4335.41,4336.8,4333.21,4333.62
1760095200,4333.62,4334.77,4330.61,4333.77
1760095260,4333.77,4333.99,4329.99,4330
1760095320,4330,4330,4326.21,4328.52
1760095380,4328.52,4328.69,4326.4,4326.55
1760095440,4326.55,4328.71,4326.29,4328.34
1760095500,4328.34,4330.5,4327.98,4330.19
1760095560,4330.19,4330.6,4328.56,4329.81
1760095620,4329.81,4332.53,4329.75,4332.34
1760095680,4332.34,4332.69,4330.39,4332.16
1760095740,4332.16,4333.43,4331.61,4333.04
1760095800,4333.04,4335.23,4332.51,4334.24
1760095860,4334.24,4336.62,4333.38,4335.6
1760095920,4335.6,4338.28,4335.21,4337.7
1760095980,4337.7,4337.99,4334.4,4334.99
1760096040,4334.99,4335.67,4332.93,4334.06
1760096100,4334.06,4336,4333.78,4335.99
1760096160,4335.99,4338.01,4334.67,4338.01
1760096220,4338.01,4338.7,4336.56,4337.4
1760096280,4337.4,4338.99,4335.81,4337.13
1760096340,4337.13,4338.2,4336.07,4336.08
1760096400,4336.08,4337.66,4335.46,4337.66
1760096460,4337.66,4338.65,4337,4337.88
1760096520,4337.88,4337.88,4333.2,4334
1760096580,4334,4335.82,4334,4335.81
1760096640,4335.81,4336.73,4335.81,4336.7
1760096700,4336.7,4337.76,4335.58,4337.47
1760096760,4337.47,4338.45,4337.05,4337.76
1760096820,4337.76,4338,4336.46,4338
1760096880,4338,4338.25,4336.02,4338.24
1760096940,4338.24,4338.25,4335.62,4338.19
1760097000,4338.19,4338.38,4337.2,4337.72
1760097060,4337.72,4341.43,4337.72,4341.42
1760097120,4341.42,4345.89,4341.42,4344.56
1760097180,4344.56,4345.17,4342.74,4343.24
1760097240,4343.24,4343.47,4342.43,4343.13
1760097300,4343.13,4343.94,4342.63,4343.82
1760097360,4343.82,4346.38,4343,4344.77
1760097420,4344.77,4346.05,4342.83,4343.68
1760097480,4343.68,4344.04,4341.5,4342.4
1760097540,4342.4,4342.59,4340.77,4341.59
1760097600,4341.59,4342.72,4341.15,4341.29
1760097660,4341.29,4344.39,4341.29,4343.1
1760097720,4343.1,4343.39,4340.68,4341.89
1760097780,4341.89,4346.45,4341.89,4345.74
1760097840,4345.74,4347.43,4343.23,4345.96
1760097900,4345.96,4346,4343.85,4344.64
1760097960,4344.64,4344.64,4340.01,4340.2
1760098020,4340.2,4345.38,4340,4345.37
1760098080,4345.37,4348.34,4345.37,4347.51
1760098140,4347.51,4351.37,4343.64,4343.85
1760098200,4343.85,4344.36,4339.27,4340.97
1760098260,4340.97,4340.97,4335.73,4337.6
1760098320,4337.6,4340.3,4337,4337.49
1760098380,4337.49,4337.49,4334.33,4334.98
1760098440,4334.98,4336.54,4334.86,4336.49
1760098500,4336.49,4336.49,4332.51,4333
1760098560,4333,4335.49,4333,4334.56
1760098620,4334.56,4336.73,4334.55,4336.69
1760098680,4336.69,4338.23,4336.03,4337.68
1760098740,4337.68,4339.8,4337.61,4339.8
1760098800,4339.8,4340.81,4339.53,4340.46
1760098860,4340.46,4341.07,4339.27,4340.33
1760098920,4340.33,4343.88,4340.33,4341
1760098980,4341,4343.69,4341,4343.3
1760099040,4343.3,4343.99,4342.84,4343.68
1760099100,4343.68,4345.88,4343.68,4344.38
1760099160,4344.38,4346.15,4343.81,4345.62
1760099220,4345.62,4345.62,4341.3,4343.6
1760099280,4343.6,4343.87,4342.52,4343.62
1760099340,4343.62,4344.12,4342,4343.24
1760099400,4343.24,4343.77,4340.64,4340.8
1760099460,4340.8,4341.37,4339.36,4339.41
1760099520,4339.41,4343.42,4339.4,4343.41
1760099580,4343.41,4345.65,4342.42,4344.73
1760099640,4344.73,4346.1,4343.36,4345.6
1760099700,4345.6,4346.71,4344.12,4345.05
1760099760,4345.05,4347.37,4344.85,4345.02
1760099820,4345.02,4345.6,4341.57,4341.57
1760099880,4341.57,4341.57,4337.61,4338.82
1760099940,4338.82,4341.31,4338.82,4340.57
1760100000,4340.57,4344.03,4340.57,4341.59
1760100060,4341.59,4341.59,4337.89,4341.16
1760100120,4341.16,4341.16,4339.01,4339.26
1760100180,4339.26,4339.47,4337.89,4338.49
1760100240,4338.49,4340.32,4336.9,4337.11
1760100300,4337.11,4338.89,4336.85,4337.44
1760100360,4337.44,4338.81,4337.13,4337.87
1760100420,4337.87,4337.96,4335.9,4336.54
1760100480,4336.54,4338.89,4336.18,4338.56
1760100540,4338.56,4339.93,4338.04,4339.02
1760100600,4339.02,4341.77,4338.62,4339.8
1760100660,4339.8,4343.47,4339.8,4343.47
1760100720,4343.47,4344.94,4343.01,4343.62
1760100780,4343.62,4345.25,4343.62,4344.28
1760100840,4344.28,4344.4,4343.12,4344.28
1760100900,4344.28,4346.29,4344.28,4346.02
1760100960,4346.02,4346.8,4345.41,4346.61
1760101020,4346.61,4346.62,4344.42,4346.46
1760101080,4346.46,4346.73,4345.62,4345.68
1760101140,4345.68,4346.83,4345.68,4346.83
1760101200,4346.83,4355.2,4346.83,4351.53
1760101260,4351.53,4353.6,4350.3,4350.61
1760101320,4350.61,4353.76,4350.6,4353.41
1760101380,4353.41,4358.99,4353.41,4355.63
1760101440,4355.63,4359,4355.63,4359
1760101500,4359,4359,4352.11,4353.83
1760101560,4353.83,4357.01,4353.81,4356.06
1760101620,4356.06,4358.54,4354.01,4356.4
1760101680,4356.4,4357.25,4355,4355.38
1760101740,4355.38,4355.63,4349.89,4352.61
1760101800,4352.61,4352.72,4349.6,4350.48
1760101860,4350.48,4352.46,4348.52,4350.83
1760101920,4350.83,4352.18,4350.8,4351.2
1760101980,4351.2,4352.56,4350.8,4351.85
1760102040,4351.85,4353.21,4351.72,4353.2
1760102100,4353.2,4355.63,4353.2,4353.51
1760102160,4353.51,4353.51,4346.51,4347.18
1760102220,4347.18,4354.3,4346.81,4350.9
1760102280,4350.9,4355.57,4350.16,4355.39
1760102340,4355.39,4366.24,4355.08,4363.28
1760102400,4363.28,4367.92,4361.64,4362.84
1760102460,4362.84,4363.78,4359.8,4360
1760102520,4360,4361.59,4358.7,4359.2
1760102580,4359.2,4360.67,4358.79,4360.28
1760102640,4360.28,4361.72,4358.69,4361.72
1760102700,4361.72,4364.33,4360.87,4361.72
1760102760,4361.72,4365.35,4361.72,4363.15
1760102820,4363.15,4365.02,4360.18,4362.41
1760102880,4362.41,4363.7,4360.4,4361.84
1760102940,4361.84,4363.51,4361,4363.51
1760103000,4363.51,4365.77,4357.66,4358
1760103060,4358,4369.7,4358,4367.19
1760103120,4367.19,4368.17,4357.6,4361.83
1760103180,4361.83,4365.92,4359.4,4365.38
1760103240,4365.38,4374.32,4365.38,4371.72
1760103300,4371.72,4375.67,4369.65,4372.66
1760103360,4372.66,4374.31,4364.77,4374.28
1760103420,4374.28,4376.57,4368.42,4376.04
1760103480,4376.04,4383.87,4376.03,4381.46
1760103540,4381.46,4389.64,4380.87,4384.82
1760103600,4384.82,4386.98,4378.56,4381.3
1760103660,4381.3,4385.87,4377.47,4377.62
1760103720,4377.62,4382.29,4374.64,4377.75
1760103780,4377.75,4379.8,4372.29,4374.73
1760103840,4374.73,4377.11,4369.8,4374.6
1760103900,4374.6,4376,4364.12,4372.9
1760103960,4372.9,4375.62,4370,4370.4
1760104020,4370.4,4375.67,4363.17,4374.84
1760104080,4374.84,4374.84,4367.37,4369.71
1760104140,4369.71,4369.8,4357.18,4359.8
1760104200,4359.8,4359.81,4354.24,4358.27
1760104260,4358.27,4358.72,4347.69,4351.53
1760104320,4351.53,4357.46,4351.05,4355.93
1760104380,4355.93,4357.48,4347.82,4350.56
1760104440,4350.56,4350.72,4341.55,4345.18
1760104500,4345.18,4348.67,4343.69,4348.16
1760104560,4348.16,4350.03,4346.98,4349.71
1760104620,4349.71,4353.44,4348.4,4351.44
1760104680,4351.44,4355.17,4349.92,4354.81
1760104740,4354.81,4356.57,4353.4,4353.4
1760104800,4353.4,4360.77,4353.34,4360.13
1760104860,4360.13,4360.8,4343.12,4348.93
1760104920,4348.93,4362.99,4348.29,4362.99
1760104980,4362.99,4368.31,4360.93,4364.25
1760105040,4364.25,4368.81,4364.25,4366.58
1760105100,4366.58,4367.73,4361.26,4361.8
1760105160,4361.8,4366.37,4360.17,4365.19
1760105220,4365.19,4373.99,4365.19,4371.96
1760105280,4371.96,4372.99,4365.77,4366.36
1760105340,4366.36,4367.18,4362.41,4364.05
1760105400,4364.05,4364.05,4357.22,4359.99
1760105460,4359.99,4361.92,4356.7,4361.08
1760105520,4361.08,4361.32,4357.37,4358.63
1760105580,4358.63,4360.06,4347.5,4350.78
1760105640,4350.78,4350.78,4345.29,4349.44
1760105700,4349.44,4353.92,4347.41,4349.25
1760105760,4349.25,4350.63,4340.6,4340.63
1760105820,4340.63,4340.63,4327,4330.4
1760105880,4330.4,4334.66,4326.39,4334.04
1760105940,4334.04,4335.19,4327.08,4331.11
1760106000,4331.11,4334.04,4326,4334
1760106060,4334,4336.15,4330.05,4334.28
1760106120,4334.28,4335.79,4327,4329.27
1760106180,4329.27,4330.16,4320.33,4320.89
1760106240,4320.89,4324.6,4318.78,4323.47
1760106300,4323.47,4327.47,4318.78,4325.51
1760106360,4325.51,4329.57,4322.25,4329.22
1760106420,4329.22,4330.86,4325.33,4325.89
1760106480,4325.89,4328.65,4323.31,4323.31
1760106540,4323.31,4324.99,4320.36,4324.4
1760106600,4324.4,4333.84,4321.51,4331.02
1760106660,4331.02,4335,4329.1,4332.57
1760106720,4332.57,4333.94,4328.71,4332.8
1760106780,4332.8,4333.96,4329.45,4333.46
1760106840,4333.46,4340,4332,4338.48
1760106900,4338.48,4338.48,4331,4331.2
1760106960,4331.2,4332,4326.68,4329.64
1760107020,4329.64,4336.42,4329.64,4336.42
1760107080,4336.42,4336.42,4330.02,4332.36
1760107140,4332.36,4334.79,4331,4332.89
1760107200,4332.89,4334.79,4330.48,4330.99
1760107260,4330.99,4331.52,4326.67,4328
1760107320,4328,4328.4,4322.12,4322.15
1760107380,4322.15,4329.56,4321.41,4327.06
1760107440,4327.06,4328.96,4326.41,4328.15
1760107500,4328.15,4329.2,4324.3,4326.72
1760107560,4326.72,4326.99,4318.01,4318.01
1760107620,4318.01,4325.46,4318,4325.46
1760107680,4325.46,4328.57,4325.33,4326.78
1760107740,4326.78,4329.97,4324.77,4328.12
1760107800,4328.12,4329.99,4323.68,4329.98
1760107860,4329.98,4330.96,4327.31,4329.21
1760107920,4329.21,4330,4322.69,4323.16
1760107980,4323.16,4327.6,4323.15,4327.32
1760108040,4327.32,4327.49,4322.57,4323.96
1760108100,4323.96,4327.16,4322.12,4323.51
1760108160,4323.51,4323.87,4320.91,4323.23
1760108220,4323.23,4323.51,4294,4295.33
1760108280,4295.33,4308.82,4274,4281.13
1760108340,4281.13,4287.44,4275.89,4277.25
1760108400,4277.25,4282.13,4271.16,4272.2
1760108460,4272.2,4274.69,4257.45,4264.69
1760108520,4264.69,4265.67,4247.95,4265
1760108580,4265,4269.1,4256.87,4260.5
1760108640,4260.5,4260.89,4243.77,4251.87
1760108700,4251.87,4257.28,4245,4256.61
1760108760,4256.61,4273,4250.4,4265.85
1760108820,4265.85,4270.68,4259.5,4269.83
1760108880,4269.83,4272.2,4256.82,4258.33
1760108940,4258.33,4263.59,4254,4257.04
1760109000,4257.04,4270,4255.61,4269.33
1760109060,4269.33,4274.25,4267.11,4268.19
1760109120,4268.19,4269.4,4261.16,4264.39
1760109180,4264.39,4269.3,4260.29,4265.09
1760109240,4265.09,4267.42,4255,4255.61
1760109300,4255.61,4265.07,4253.33,4262.26
1760109360,4262.26,4263.2,4247.56,4249.9
1760109420,4249.9,4252.21,4228.55,4240.02
1760109480,4240.02,4242.94,4225,4231.05
1760109540,4231.05,4231.71,4221.22,4225.03
1760109600,4225.03,4227.39,4213.26,4216.24
1760109660,4216.24,4216.35,4190.07,4197.39
1760109720,4197.39,4208.34,4180.01,4202.87
1760109780,4202.87,4205.67,4182.07,4190.12
1760109840,4190.12,4192.78,4176.12,4181.54
1760109900,4181.54,4181.97,4163.27,4175.61
1760109960,4175.61,4185.94,4167.05,4169.6
1760110020,4169.6,4196.49,4168.09,4192.59
1760110080,4192.59,4194.29,4170.92,4172.8
1760110140,4172.8,4173.28,4158,4158.77
1760110200,4158.77,4158.8,4108.55,4126.52
1760110260,4126.52,4134.27,4067.98,4095.75
1760110320,4095.75,4128.87,4095.75,4102.17
1760110380,4102.17,4122.33,4100,4113.1
1760110440,4113.1,4115.02,4071.06,4093.23
1760110500,4093.23,4114.36,4090.57,4105.33
1760110560,4105.33,4109.25,4093.49,4106.41
1760110620,4106.41,4113.96,4097.42,4112.48
1760110680,4112.48,4124.93,4107.73,4108.23
1760110740,4108.23,4120.89,4106.84,4108.41
1760110800,4108.41,4112.43,4083.14,4088.93
1760110860,4088.93,4114.96,4079.03,4114.22
1760110920,4114.22,4117.52,4102.41,4115.83
1760110980,4115.83,4124.65,4114.85,4124.31
1760111040,4124.31,4138.05,4122.7,4136.58
1760111100,4136.58,4140.11,4119.15,4120.69
1760111160,4120.69,4130.64,4114.74,4123.21
1760111220,4123.21,4123.21,4112.36,4116.29
1760111280,4116.29,4123.19,4110.4,4122.28
1760111340,4122.28,4123.6,4111.01,4117.07
1760111400,4117.07,4117.64,4106.33,4115.45
1760111460,4115.45,4120,4109.51,4109.8
1760111520,4109.8,4112.7,4101.25,4105.88
1760111580,4105.88,4107.39,4100.1,4104.49
1760111640,4104.49,4110.33,4100.15,4107.6
1760111700,4107.6,4107.64,4095.57,4101.5
1760111760,4101.5,4102.12,4091,4099.48
1760111820,4099.48,4102.52,4091.6,4095.68
1760111880,4095.68,4108.97,4090.32,4107.92
1760111940,4107.92,4108.95,4093.36,4100.91
1760112000,4100.91,4100.91,4088.52,4092.6
1760112060,4092.6,4099.88,4089.51,4095.06
1760112120,4095.06,4099.6,4090.38,4091.01
1760112180,4091.01,4098.09,4083.17,4094
1760112240,4094,4097.97,4087.23,4097
1760112300,4097,4112.9,4096.29,4112.58
1760112360,4112.58,4122.24,4106.97,4117.65
1760112420,4117.65,4121.49,4114,4119.5
1760112480,4119.5,4126.5,4117.07,4125.8
1760112540,4125.8,4128,4122.18,4123.11
1760112600,4123.11,4123.2,4112.99,4114.05
1760112660,4114.05,4121.26,4111.44,4120.4
1760112720,4120.4,4120.62,4108.95,4109
1760112780,4109,4116.39,4108.27,4111.14
1760112840,4111.14,4112.59,4108,4110.4
1760112900,4110.4,4114.16,4104.32,4106.35
1760112960,4106.35,4111.12,4102.36,4103.6
1760113020,4103.6,4104.66,4096.99,4098.51
1760113080,4098.51,4101.98,4095.6,4100.74
1760113140,4100.74,4107,4093.95,4101.88
1760113200,4101.88,4104.82,4098.51,4100.31
1760113260,4100.31,4110,4097,4108.04
1760113320,4108.04,4113,4105.92,4111.47
1760113380,4111.47,4123.61,4111.2,4120.72
1760113440,4120.72,4122.84,4116.89,4120.43
1760113500,4120.43,4122.37,4115.8,4118.46
1760113560,4118.46,4123.56,4118.46,4120.41
1760113620,4120.41,4124,4119.41,4122.43
1760113680,4122.43,4126.93,4122.42,4123.35
1760113740,4123.35,4123.41,4112.92,4114.8
1760113800,4114.8,4117.49,4111.13,4111.13
1760113860,4111.13,4117.06,4108.53,4115.88
1760113920,4115.88,4124.63,4115.78,4123.64
1760113980,4123.64,4134.12,4122.23,4128.38
1760114040,4128.38,4130.25,4123.41,4128.67
1760114100,4128.67,4129.95,4123.25,4126.89
1760114160,4126.89,4136.03,4125.68,4134.41
1760114220,4134.41,4135,4132.52,4133.6
1760114280,4133.6,4133.6,4127.07,4129.72
1760114340,4129.72,4131.24,4129.1,4131.2
1760114400,4131.2,4131.24,4121.98,4121.98
1760114460,4121.98,4122.45,4115.02,4119.53
1760114520,4119.53,4122.16,4117.78,4118.8
1760114580,4118.8,4118.8,4109.26,4110.86
1760114640,4110.86,4111.09,4106.97,4110.25
1760114700,4110.25,4111.98,4106.39,4109.82
1760114760,4109.82,4111.32,4104.18,4111.11
1760114820,4111.11,4116.72,4109.15,4111.9
1760114880,4111.9,4112.57,4103.09,4105.77
1760114940,4105.77,4107.42,4101.71,4101.9
1760115000,4101.9,4104.59,4097.5,4103
1760115060,4103,4107.74,4102.25,4105.27
1760115120,4105.27,4112.02,4104.32,4106.99
1760115180,4106.99,4107.68,4101,4101
1760115240,4101,4107.69,4095.01,4102.92
1760115300,4102.92,4108,4101.97,4106.16
1760115360,4106.16,4112.28,4106.16,4109.86
1760115420,4109.86,4111.85,4105.02,4107.19
1760115480,4107.19,4109.75,4103.96,4106.94
1760115540,4106.94,4108.74,4102.4,4106.21
1760115600,4106.21,4110.3,4100.96,4105.63
1760115660,4105.63,4109.64,4104.21,4109.44
1760115720,4109.44,4109.47,4106.6,4106.6
1760115780,4106.6,4107.72,4102.65,4103.37
1760115840,4103.37,4106.51,4096.63,4097.16
1760115900,4097.16,4099.05,4092,4097.79
1760115960,4097.79,4106.54,4097.27,4105.35
1760116020,4105.35,4105.59,4094.62,4097.46
1760116080,4097.46,4104.86,4096.62,4104
1760116140,4104,4104.47,4097.26,4100.4
1760116200,4100.4,4102.24,4095.45,4098.16
1760116260,4098.16,4104,4093.1,4102.63
1760116320,4102.63,4109.99,4102.61,4103.64
1760116380,4103.64,4104.67,4092.98,4093.61
1760116440,4093.61,4094.79,4083.51,4090.32
1760116500,4090.32,4099.87,4088.84,4097.61
1760116560,4097.61,4104.14,4097.22,4104.14
1760116620,4104.14,4107.85,4100.95,4103.52
1760116680,4103.52,4108.43,4103.52,4105.67
1760116740,4105.67,4106.15,4100.01,4100.85
1760116800,4100.85,4101.03,4087.49,4088.13
1760116860,4088.13,4094.88,4085.4,4093.76
1760116920,4093.76,4101.35,4093.71,4101.31
1760116980,4101.31,4106.67,4101.21,4106.61
1760117040,4106.61,4107.01,4095.18,4097.86
1760117100,4097.86,4101.66,4096.69,4099.62
1760117160,4099.62,4101,4095.33,4097.8
1760117220,4097.8,4102.3,4096.67,4100.33
1760117280,4100.33,4105.89,4099.08,4102.78
1760117340,4102.78,4103.24,4096.12,4102.55
1760117400,4102.55,4104,4097.95,4099.46
1760117460,4099.46,4104.66,4097.51,4103.3
1760117520,4103.3,4104.32,4098.87,4103.04
1760117580,4103.04,4105.05,4099.73,4100.8
1760117640,4100.8,4104.57,4099.19,4103.01
1760117700,4103.01,4105.32,4099.05,4100.62
1760117760,4100.62,4100.62,4096,4100
1760117820,4100,4102.45,4093.63,4098.78
1760117880,4098.78,4099.05,4091.14,4093.18
1760117940,4093.18,4094.79,4088.78,4093.51
1760118000,4093.51,4094.51,4088.19,4093.84
1760118060,4093.84,4097.88,4091.42,4095.14
1760118120,4095.14,4098.83,4093.22,4096.82
1760118180,4096.82,4096.82,4090,4093.44
1760118240,4093.44,4096.81,4091.76,4092.91
1760118300,4092.91,4096.6,4091.84,4092.13
1760118360,4092.13,4092.14,4074.06,4087.62
1760118420,4087.62,4090.72,4083.31,4090.4
1760118480,4090.4,4102.59,4089.85,4101.4
1760118540,4101.4,4102.39,4095.32,4097.35
1760118600,4097.35,4099.12,4090.72,4092.99
1760118660,4092.99,4097.52,4090.99,4096.04
1760118720,4096.04,4096.04,4087.43,4088.96
1760118780,4088.96,4094.16,4088.79,4093.8
1760118840,4093.8,4094.38,4089.21,4090.75
1760118900,4090.75,4099.34,4089.94,4094.83
1760118960,4094.83,4095.43,4088.29,4089.01
1760119020,4089.01,4092.09,4085.71,4088.31
1760119080,4088.31,4092,4087.4,4092
1760119140,4092,4092,4090.54,4091.19
1760119200,4091.19,4091.99,4084,4086.74
1760119260,4086.74,4086.82,4078.58,4083.95
1760119320,4083.95,4092.93,4083.03,4091.35
1760119380,4091.35,4091.35,4085,4088.42
1760119440,4088.42,4091.38,4088.42,4090
1760119500,4090,4093.6,4089.02,4090.59
1760119560,4090.59,4098.1,4087.82,4088.09
1760119620,4088.09,4090.54,4080.78,4089.79
1760119680,4089.79,4091.92,4084.78,4085.65
1760119740,4085.65,4086.24,4080.07,4084.01
1760119800,4084.01,4086,4079.25,4085.39
1760119860,4085.39,4085.9,4077.14,4083
1760119920,4083,4084.47,4080.55,4082.38
1760119980,4082.38,4082.8,4070.59,4074.44
1760120040,4074.44,4084.07,4072.98,4082.56
1760120100,4082.56,4084.5,4079.4,4082.64
1760120160,4082.64,4091.85,4082.64,4090.98
1760120220,4090.98,4090.98,4085.64,4086.02
1760120280,4086.02,4086.4,4072.27,4078.88
1760120340,4078.88,4081.59,4076.08,4079.45
1760120400,4079.45,4088.7,4079.45,4088.66
1760120460,4088.66,4092.17,4085.26,4085.31
1760120520,4085.31,4092.21,4082.87,4092.04
1760120580,4092.04,4093.73,4088.28,4089.58
1760120640,4089.58,4093.97,4087.05,4093.78
1760120700,4093.78,4098.25,4093.75,4095.49
1760120760,4095.49,4097.97,4093.61,4095.81
1760120820,4095.81,4096.02,4092.46,4093.15
1760120880,4093.15,4093.57,4086.56,4088.89
1760120940,4088.89,4088.89,4084.02,4085.68
1760121000,4085.68,4089,4084.81,4086.4
1760121060,4086.4,4088.59,4083.6,4083.72
1760121120,4083.72,4086.6,4080.4,4085.01
1760121180,4085.01,4092.81,4084.43,4088.54
1760121240,4088.54,4088.54,4081.46,4082.55
1760121300,4082.55,4083,4080.08,4080.08
1760121360,4080.08,4080.8,4078.06,4078.67
1760121420,4078.67,4078.67,4075.29,4076.45
1760121480,4076.45,4081.46,4073.76,4076.55
1760121540,4076.55,4082.06,4072.37,4074.59
1760121600,4074.59,4076.79,4056,4073.77
1760121660,4073.77,4077.51,4069.37,4071.48
1760121720,4071.48,4076.21,4071.13,4075.2
1760121780,4075.2,4078.4,4074.48,4075.01
1760121840,4075.01,4076.45,4071.06,4071.96
1760121900,4071.96,4082.4,4071.96,4076.01
1760121960,4076.01,4078.64,4071.79,4077.78
1760122020,4077.78,4077.98,4071.2,4071.41
1760122080,4071.41,4071.81,4052.19,4053.33
1760122140,4053.33,4066.9,4052.04,4064.61
1760122200,4064.61,4067.17,4058.21,4061.8
1760122260,4061.8,4063.76,4058.48,4063.07
1760122320,4063.07,4066.94,4058.48,4059
1760122380,4059,4061.99,4052.82,4056.1
1760122440,4056.1,4060.77,4055.04,4060.7
1760122500,4060.7,4061.91,4059,4060.6
1760122560,4060.6,4064.05,4060.6,4061.6
1760122620,4061.6,4062.8,4058.57,4061.07
1760122680,4061.07,4061.14,4056.37,4057.65
1760122740,4057.65,4057.65,4050.13,4051.03
1760122800,4051.03,4061.89,4050.12,4058.39
1760122860,4058.39,4058.71,4050.55,4057.65
1760122920,4057.65,4060.59,4055.75,4060.26
1760122980,4060.26,4061.43,4056.13,4057.48
1760123040,4057.48,4057.81,4054.24,4057
1760123100,4057,4057.2,4042.15,4047.51
1760123160,4047.51,4051.74,4037.78,4051.74
1760123220,4051.74,4053.73,4046.28,4047.78
1760123280,4047.78,4048.04,4031.03,4033.11
1760123340,4033.11,4040.44,4027.96,4031.29
1760123400,4031.29,4033,4018.72,4033
1760123460,4033,4038.36,4022.43,4024.86
1760123520,4024.86,4034.65,4020.1,4034.26
1760123580,4034.26,4038.36,4033.03,4034.06
1760123640,4034.06,4036.8,4023.96,4028.68
1760123700,4028.68,4028.68,4015.22,4024.81
1760123760,4024.81,4029.28,4019.69,4023.98
1760123820,4023.98,4029.85,4022.33,4028.25
1760123880,4028.25,4029.36,4022.03,4025.39
1760123940,4025.39,4027.54,4022.49,4026.25
1760124000,4026.25,4027,4007.37,4010.94
1760124060,4010.94,4014.87,3993.6,4002.03
1760124120,4002.03,4009.02,3990.82,4007.94
1760124180,4007.94,4007.94,3993.86,4000.59
1760124240,4000.59,4009.37,4000.59,4009.35
1760124300,4009.35,4027.08,4009.34,4020
1760124360,4020,4028,4014.85,4017.06
1760124420,4017.06,4019.5,4007.62,4008.25
1760124480,4008.25,4009.21,3975.37,3983.7
1760124540,3983.7,3988.47,3947.54,3947.54
1760124600,3947.54,3988.85,3946.77,3988.85
1760124660,3988.85,3991.86,3975.32,3975.32
1760124720,3975.32,3981.41,3968.35,3974.8
1760124780,3974.8,3974.81,3948.48,3962.69
1760124840,3962.69,3972,3958.26,3971.45
1760124900,3971.45,3983.4,3963.68,3981.1
1760124960,3981.1,3984.97,3975,3983.21
1760125020,3983.21,3989.27,3979.52,3984.98
1760125080,3984.98,3998.47,3984.98,3988.56
1760125140,3988.56,3991.35,3981.55,3986.82
1760125200,3986.82,3994.67,3983.92,3986.92
1760125260,3986.92,4008.8,3984.71,4007.98
1760125320,4007.98,4012.87,4002.83,4010.11
1760125380,4010.11,4017.21,4007.92,4013.1
1760125440,4013.1,4026.45,4011.82,4023.63
1760125500,4023.63,4032.62,4022.34,4025.01
1760125560,4025.01,4026.2,4013.35,4017
1760125620,4017,4029.41,4017,4028.16
1760125680,4028.16,4034.3,4025.74,4033.89
1760125740,4033.89,4035.72,4028.28,4034.16
1760125800,4034.16,4035,4016.9,4019.1
1760125860,4019.1,4022.3,4015.5,4016.15
1760125920,4016.15,4023.8,4015.02,4015.84
1760125980,4015.84,4020.75,4006.7,4009.6
1760126040,4009.6,4012.17,4003.1,4005.09
1760126100,4005.09,4008.65,4000.85,4008.24
1760126160,4008.24,4008.4,4002.19,4004.21
1760126220,4004.21,4008.2,4002.51,4007.1
1760126280,4007.1,4007.1,3996.46,4000.35
1760126340,4000.35,4001.16,3990.43,3994.7
1760126400,3994.7,4001.67,3993.25,3999.69
1760126460,3999.69,4010.11,3995.68,4005.29
1760126520,4005.29,4006.6,3998.8,4004.25
1760126580,4004.25,4008.6,4000.22,4008.6
1760126640,4008.6,4017.5,4007.66,4016.09
1760126700,4016.09,4016.09,4005.6,4011.15
1760126760,4011.15,4017.84,4010,4014.19
1760126820,4014.19,4015.12,4007.07,4010.61
1760126880,4010.61,4011.08,3999.17,3999.98
1760126940,3999.98,4000.64,3996.74,3997.55
1760127000,3997.55,4002.59,3996,4002.04
1760127060,4002.04,4004.59,3999.12,4004.11
1760127120,4004.11,4010.39,4002.75,4010.39
1760127180,4010.39,4010.71,3998.34,4004.62
1760127240,4004.62,4004.65,4000.31,4000.31
1760127300,4000.31,4005.32,3996.41,4005.3
1760127360,4005.3,4010,4004.48,4009.6
1760127420,4009.6,4010.24,3999,4000.49
1760127480,4000.49,4002,3993.6,3998.05
1760127540,3998.05,3999.66,3996.98,3999.6
1760127600,3999.6,4003.56,3995.49,4003.56
1760127660,4003.56,4007.44,4002.88,4003.55
1760127720,4003.55,4008.64,4003.38,4008.01
1760127780,4008.01,4015.72,4007.87,4015.09
1760127840,4015.09,4017.3,4011.18,4012.61
1760127900,4012.61,4013.56,4008.63,4013.56
1760127960,4013.56,4018.59,4012.4,4018.22
1760128020,4018.22,4020.62,4016.17,4018.43
1760128080,4018.43,4021.61,4015.6,4017.8
1760128140,4017.8,4022.1,4016.6,4021.18
1760128200,4021.18,4022.24,4016.15,4016.55
1760128260,4016.55,4016.55,4009.15,4010.71
1760128320,4010.71,4012.74,4007,4010.24
1760128380,4010.24,4011.72,4004.45,4011.56
1760128440,4011.56,4014.77,4010.25,4012.61
1760128500,4012.61,4013.26,4008.98,4011.76
1760128560,4011.76,4012.63,4009.09,4010.81
1760128620,4010.81,4012,4009,4009.65
1760128680,4009.65,4014.03,4008.32,4009.57
1760128740,4009.57,4012.78,4008.51,4009.2
1760128800,4009.2,4014.49,4008.55,4010.41
1760128860,4010.41,4011.44,4009.25,4009.54
1760128920,4009.54,4010.67,4007.83,4008.02
1760128980,4008.02,4016.21,4007.97,4014.69
1760129040,4014.69,4017.39,4012.01,4014.08
1760129100,4014.08,4017.55,4011.39,4011.72
1760129160,4011.72,4011.72,4001.63,4002.01
1760129220,4002.01,4013.56,4001.6,4012.13
1760129280,4012.13,4013.67,4006.05,4009.84
1760129340,4009.84,4011.03,4007.31,4010.59
1760129400,4010.59,4010.59,3966.18,3979.09
1760129460,3979.09,3989.59,3965.16,3977.71
1760129520,3977.71,3978.19,3885.6,3904.21
1760129580,3904.21,3934.82,3878,3882.1
1760129640,3882.1,3923.58,3875.87,3922.9
1760129700,3922.9,3931.68,3905.5,3907.05
1760129760,3907.05,3920,3868.14,3909
1760129820,3909,3915.16,3887.19,3911.95
1760129880,3911.95,3919.07,3885.93,3887.21
1760129940,3887.21,3900.93,3841,3865.21
1760130000,3865.21,3888.12,3850.45,3859.82
1760130060,3859.82,3899.91,3857.83,3892.8
1760130120,3892.8,3905.11,3874.87,3891.48
1760130180,3891.48,3904.78,3888.27,3891.12
1760130240,3891.12,3909.75,3887,3908
1760130300,3908,3912.05,3896.57,3902.34
1760130360,3902.34,3908.56,3891.75,3896.4
1760130420,3896.4,3907.91,3892.35,3893.63
1760130480,3893.63,3897.23,3883.45,3889.25
1760130540,3889.25,3907.01,3888.85,3894.89
1760130600,3894.89,3901.76,3872.33,3881.2
1760130660,3881.2,3881.2,3849.5,3850.11
1760130720,3850.11,3861.9,3775.26,3777.23
1760130780,3777.23,3777.74,3657.42,3741.75
1760130840,3741.75,3748,3607.53,3723.74
1760130900,3723.74,3785.67,3702.27,3725.06
1760130960,3725.06,3730.09,3547.28,3550
1760131020,3550,3654.41,3503.44,3609
1760131080,3609,3630.54,3503.44,3528.54
1760131140,3528.54,3531.43,3410.34,3470.87
1760131200,3470.87,3543.83,3311.76,3438.69
1760131260,3438.69,3700,3425.99,3671.76
1760131320,3671.76,3700,3498.17,3636.51
1760131380,3636.51,3672,3511.88,3600
1760131440,3600,3650.47,3562.42,3636.01
1760131500,3636.01,3665.35,3551.16,3598.91
1760131560,3598.91,3600,3520,3532.36
1760131620,3532.36,3584.47,3507.42,3528.91
1760131680,3528.91,3600,3514.61,3590.18
1760131740,3590.18,3600,3566.13,3575.44
1760131800,3575.44,3650,3557.82,3638.69
1760131860,3638.69,3657.6,3589.08,3642.29
1760131920,3642.29,3729.41,3635.26,3706.49
1760131980,3706.49,3733.06,3673.94,3723.15
1760132040,3723.15,3780,3707.32,3719.1
1760132100,3719.1,3770.07,3715.84,3742.61
1760132160,3742.61,3752.86,3696.89,3708.71
1760132220,3708.71,3716.42,3664.32,3689.54
1760132280,3689.54,3708.1,3656.8,3666.2
1760132340,3666.2,3698.7,3656.77,3677.1
1760132400,3677.1,3691.76,3667.41,3679.48
1760132460,3679.48,3715.04,3676.29,3705.01
1760132520,3705.01,3717.08,3678.51,3698.71
1760132580,3698.71,3738.9,3656.49,3734.61
1760132640,3734.61,3789.81,3706.43,3775.74
1760132700,3775.74,3795.18,3765,3795.17
1760132760,3795.17,3859,3779.81,3809.14
1760132820,3809.14,3815.27,3728.45,3742.87
1760132880,3742.87,3811,3735.61,3754.11
1760132940,3754.11,3860.75,3749.2,3800.73
1760133000,3800.73,3830,3780.49,3827.19
1760133060,3827.19,3894.34,3815.2,3876.6
1760133120,3876.6,3910,3850.43,3871.92
1760133180,3871.92,3899.08,3852.23,3859.22
1760133240,3859.22,3869.83,3829.51,3844.07
1760133300,3844.07,3874,3826.32,3857.87
1760133360,3857.87,3970.76,3846.43,3930.72
1760133420,3930.72,3934,3885.81,3904
1760133480,3904,3911.9,3876.47,3905.43
1760133540,3905.43,3921.89,3893.89,3911.03
1760133600,3911.03,3917.68,3883.66,3892.5
1760133660,3892.5,3900.49,3852.49,3881
1760133720,3881,3890,3809.09,3849.59
1760133780,3849.59,3862.45,3833.84,3838.6
1760133840,3838.6,3856.1,3817.86,3824.27
1760133900,3824.27,3829.64,3777.35,3793.56
1760133960,3793.56,3858,3793.06,3825.19
1760134020,3825.19,3851.99,3814.46,3836.77
1760134080,3836.77,3886.81,3824.82,3865.7
1760134140,3865.7,3876.89,3850,3870.41
1760134200,3870.41,3876.18,3850,3864.95
1760134260,3864.95,3890.34,3858.29,3878.55
1760134320,3878.55,3894.99,3876.62,3879.19
1760134380,3879.19,3890.11,3868,3871.72
1760134440,3871.72,3886.57,3863.51,3884.32
1760134500,3884.32,3896.52,3881.18,3892.61
1760134560,3892.61,3902.03,3885.41,3888.55
1760134620,3888.55,3900.8,3870.7,3884.3
1760134680,3884.3,3892.61,3866,3871.01
1760134740,3871.01,3877.38,3854.48,3871.79
1760134800,3871.79,3893.51,3864.8,3874.63
1760134860,3874.63,3885.34,3870,3878.44
1760134920,3878.44,3884.79,3854.25,3862.04
1760134980,3862.04,3864.56,3821.83,3836.48
1760135040,3836.48,3856.88,3825.88,3845.83
1760135100,3845.83,3855.85,3831.08,3847.13
1760135160,3847.13,3863.14,3840.44,3848.34
1760135220,3848.34,3866,3841.84,3849.03
1760135280,3849.03,3859.98,3842.4,3856.84
1760135340,3856.84,3871.47,3850.13,3861.49
1760135400,3861.49,3863.55,3848.74,3855.42
1760135460,3855.42,3880.99,3853.92,3871.1
1760135520,3871.1,3877.65,3856,3874.64
1760135580,3874.64,3881.82,3852.14,3852.14
1760135640,3852.14,3879.66,3850,3875.87
1760135700,3875.87,3882.45,3866.73,3879.84
1760135760,3879.84,3882.58,3867.48,3868.88
1760135820,3868.88,3879.73,3856.57,3857.24
1760135880,3857.24,3866.28,3852.7,3861.83
1760135940,3861.83,3873.02,3849.59,3861
1760136000,3861,3869.37,3854.08,3856.01
1760136060,3856.01,3862.22,3837.17,3849.31
1760136120,3849.31,3856.93,3844.4,3852.79
1760136180,3852.79,3864.04,3849.51,3863.01
1760136240,3863.01,3866.08,3858.11,3862.06
1760136300,3862.06,3874.54,3859.71,3873.76
1760136360,3873.76,3880.33,3867.3,3871.19
1760136420,3871.19,3879.34,3864.75,3879.34
1760136480,3879.34,3889.99,3876.52,3885.45
1760136540,3885.45,3889.73,3870.13,3878.83
1760136600,3878.83,3885.58,3861.59,3862.15
1760136660,3862.15,3864.88,3851.21,3854.91
1760136720,3854.91,3864.24,3851.08,3856.57
1760136780,3856.57,3859.19,3851.2,3854.67
1760136840,3854.67,3861.99,3851.66,3854.92
1760136900,3854.92,3854.92,3837.93,3842.29
1760136960,3842.29,3850,3841,3841.7
1760137020,3841.7,3849.39,3837.19,3842.97
1760137080,3842.97,3846.12,3833.2,3838.8
1760137140,3838.8,3856.5,3837.02,3851.3
1760137200,3851.3,3856.86,3846.83,3854.27
1760137260,3854.27,3866.42,3853.4,3857.76
1760137320,3857.76,3864,3849.82,3855.15
1760137380,3855.15,3871.43,3854.14,3863.04
1760137440,3863.04,3869.6,3851.91,3852.5
1760137500,3852.5,3856.32,3825,3834.23
1760137560,3834.23,3842.99,3825.01,3838.47
1760137620,3838.47,3850.99,3834.16,3845.48
1760137680,3845.48,3853.34,3843.8,3845
1760137740,3845,3846.56,3834.3,3836.4
1760137800,3836.4,3840.22,3796.73,3809.88
1760137860,3809.88,3811.06,3782.4,3793.97
1760137920,3793.97,3816.89,3790.9,3816.89
1760137980,3816.89,3818.46,3810,3816
1760138040,3816,3824,3813.86,3822.23
1760138100,3822.23,3825.45,3811.79,3825.27
1760138160,3825.27,3844.78,3818.2,3837.26
1760138220,3837.26,3843.54,3824.32,3832.7
1760138280,3832.7,3846,3832.7,3842.02
1760138340,3842.02,3844.68,3830.03,3837.44
1760138400,3837.44,3844.46,3826.59,3838.4
1760138460,3838.4,3839.66,3826.77,3834.32
1760138520,3834.32,3839.19,3828.17,3839.19
1760138580,3839.19,3849.12,3836.74,3842.2
1760138640,3842.2,3849,3831.91,3832.77
1760138700,3832.77,3849.87,3832.77,3847.37
1760138760,3847.37,3858.91,3845.16,3852.71
1760138820,3852.71,3879.36,3851.61,3863.51
1760138880,3863.51,3872.79,3862.63,3869.46
1760138940,3869.46,3871.48,3860.3,3863.49
1760139000,3863.49,3874.22,3858.05,3869.02
1760139060,3869.02,3872.55,3865.59,3871.99
1760139120,3871.99,3878.34,3865.73,3865.93
1760139180,3865.93,3872.79,3865,3870
1760139240,3870,3884.55,3869.99,3876.93
1760139300,3876.93,3887.99,3870.48,3883.81
1760139360,3883.81,3885.39,3873.7,3883.52
1760139420,3883.52,3894.74,3882.16,3889.51
1760139480,3889.51,3893.98,3884.19,3892.73
1760139540,3892.73,3909.12,3888.9,3902.4
1760139600,3902.4,3914.96,3895.61,3907.6
1760139660,3907.6,3911.93,3897.06,3907.8
1760139720,3907.8,3910.06,3898.48,3899.6
1760139780,3899.6,3907.21,3886.83,3904
1760139840,3904,3904.8,3895.2,3896.4
1760139900,3896.4,3897.76,3889.52,3893.6
1760139960,3893.6,3894.29,3880.48,3882
1760140020,3882,3884.76,3862.89,3869.99
1760140080,3869.99,3874.09,3850.01,3858.18
1760140140,3858.18,3860.49,3842.58,3842.93
1760140200,3842.93,3853.73,3842.93,3846
1760140260,3846,3854.54,3833.92,3845.99
1760140320,3845.99,3846.65,3828.24,3838.07
1760140380,3838.07,3843.39,3832.4,3835.19
1760140440,3835.19,3837.5,3823.17,3834.17
1760140500,3834.17,3835.71,3800,3819.46
1760140560,3819.46,3831.58,3818.61,3828.51
1760140620,3828.51,3833.76,3816.77,3830.81
1760140680,3830.81,3833.91,3825,3825.5
1760140740,3825.5,3830.05,3820.17,3823.77
1762128000,3905.15,3907.84,3901.32,3901.32
1762128060,3901.32,3904.57,3901.32,3903.68
1762128120,3903.68,3903.91,3900.93,3901.63
1762128180,3901.63,3902.67,3898.49,3900.79
1762128240,3900.79,3903.89,3898.13,3903.62
1762128300,3903.62,3907.91,3903.61,3906.52
1762128360,3906.52,3909.37,3906.52,3909.37
1762128420,3909.37,3909.66,3908.96,3908.97
1762128480,3908.97,3908.97,3905.66,3907.15
1762128540,3907.15,3912.21,3907.15,3912.21
1762128600,3912.21,3912.9,3908.53,3908.53
1762128660,3908.53,3908.53,3905.89,3907.6
1762128720,3907.6,3909.38,3903.21,3903.81
1762128780,3903.81,3906.47,3903.3,3905.31
1762128840,3905.31,3907.98,3905.31,3907.34
1762128900,3907.34,3910.4,3905.64,3909.59
1762128960,3909.59,3912.88,3906.45,3912.37
1762129020,3912.37,3914.02,3907.94,3908.4
1762129080,3908.4,3912.04,3908.4,3910.45
1762129140,3910.45,3911.49,3909.15,3909.95
1762129200,3909.95,3911.3,3909.11,3909.37
1762129260,3909.37,3909.37,3901.83,3902
1762129320,3902,3907,3902,3905.42
1762129380,3905.42,3905.66,3901,3901.22
1762129440,3901.22,3903.1,3898.6,3898.6
1762129500,3898.6,3900.8,3898.6,3899.2
1762129560,3899.2,3899.83,3892.7,3893.56
1762129620,3893.56,3895.55,3892.54,3892.99
1762129680,3892.99,3894.39,3892.34,3893.34
1762129740,3893.34,3894.35,3891.78,3892.34
1762129800,3892.34,3896.24,3892.34,3893.2
1762129860,3893.2,3894.28,3892,3892.72
1762129920,3892.72,3894.57,3888.72,3889.92
1762129980,3889.92,3889.95,3886.35,3887
1762130040,3887,3887.15,3885.4,3886.24
1762130100,3886.24,3888.16,3885.87,3886.34
1762130160,3886.34,3886.93,3884.54,3885.5
1762130220,3885.5,3885.86,3883.98,3884.03
1762130280,3884.03,3887.18,3884.03,3886.19
1762130340,3886.19,3886.77,3884.43,3885.18
1762130400,3885.18,3885.97,3883.4,3884.21
1762130460,3884.21,3886.25,3884.21,3885.7
1762130520,3885.7,3886.44,3884.81,3886.04
1762130580,3886.04,3886.65,3883.37,3884.4
1762130640,3884.4,3886.5,3884.15,3886.18
1762130700,3886.18,3890.7,3885.96,3887.68
1762130760,3887.68,3888.95,3887.06,3887.3
1762130820,3887.3,3887.7,3883.68,3883.68
1762130880,3883.68,3884.51,3882,3883.41
1762130940,3883.41,3883.5,3880.66,3882.29
1762131000,3882.29,3883.58,3882.12,3882.12
1762131060,3882.12,3882.12,3875.94,3878.85
1762131120,3878.85,3878.85,3873.2,3873.84
1762131180,3873.84,3873.84,3870,3872.56
1762131240,3872.56,3872.56,3870.76,3872.06
1762131300,3872.06,3872.06,3859.18,3866.69
1762131360,3866.69,3867.84,3862.1,3864.33
1762131420,3864.33,3864.93,3861.87,3864.34
1762131480,3864.34,3866.26,3861.95,3866.11
1762131540,3866.11,3867.71,3862.49,3862.5
1762131600,3862.5,3862.5,3855.01,3859.09
1762131660,3859.09,3863.05,3855.55,3861.17
1762131720,3861.17,3861.92,3852,3853.4
1762131780,3853.4,3858.65,3852,3858.63
1762131840,3858.63,3858.85,3854.33,3854.84
1762131900,3854.84,3856.28,3852,3853.7
1762131960,3853.7,3856.09,3851.14,3852.38
1762132020,3852.38,3852.38,3848,3849.05
1762132080,3849.05,3857.56,3849.05,3856.39
1762132140,3856.39,3856.66,3852.12,3856.61
1762132200,3856.61,3861.02,3853.55,3860.47
1762132260,3860.47,3860.47,3856.8,3857.4
1762132320,3857.4,3857.79,3855.05,3855.15
1762132380,3855.15,3857.7,3855.15,3855.85
1762132440,3855.85,3858.18,3854.33,3856.97
1762132500,3856.97,3859.11,3853.79,3854.72
1762132560,3854.72,3858.17,3850.87,3857
1762132620,3857,3858.57,3856.06,3856.61
1762132680,3856.61,3859.85,3855.11,3857.78
1762132740,3857.78,3857.78,3852.58,3854.72
1762132800,3854.72,3855.11,3851.59,3853.01
1762132860,3853.01,3855.47,3852.43,3853.04
1762132920,3853.04,3853.04,3848.71,3850.2
1762132980,3850.2,3850.21,3848,3848.92
1762133040,3848.92,3849.78,3848.04,3848.34
1762133100,3848.34,3848.34,3843.32,3846.01
1762133160,3846.01,3846.01,3838,3839.5
1762133220,3839.5,3848.5,3838.89,3847.5
1762133280,3847.5,3849.79,3846.4,3849.24
1762133340,3849.24,3850.45,3846.16,3846.16
1762133400,3846.16,3849.4,3844.51,3847.9
1762133460,3847.9,3850.31,3845.64,3848.72
1762133520,3848.72,3850.61,3848.72,3849.39
1762133580,3849.39,3850.66,3847.75,3847.75
1762133640,3847.75,3848.16,3844.36,3844.36
1762133700,3844.36,3844.44,3830,3834.38
1762133760,3834.38,3834.94,3826.03,3832.94
1762133820,3832.94,3834.04,3830.47,3833.08
1762133880,3833.08,3842.96,3833.08,3841.91
1762133940,3841.91,3841.91,3837.82,3839
1762134000,3839,3840,3836.77,3839.74
1762134060,3839.74,3839.74,3835.15,3836.29
1762134120,3836.29,3839,3834.64,3838.52
1762134180,3838.52,3841.15,3838.51,3840.41
1762134240,3840.41,3843.45,3839.75,3840.2
1762134300,3840.2,3843.56,3839.58,3843.32
1762134360,3843.32,3843.32,3839.59,3842.73
1762134420,3842.73,3843.77,3836.68,3836.69
1762134480,3836.69,3840,3836.23,3836.64
1762134540,3836.64,3840.21,3835.61,3838.85
1762134600,3838.85,3840.66,3834,3834.14
1762134660,3834.14,3838.47,3833.4,3836.92
1762134720,3836.92,3837.36,3834.89,3836.2
1762134780,3836.2,3838.08,3836.2,3838.08
1762134840,3838.08,3838.08,3834.01,3835.5
1762134900,3835.5,3836.87,3835.49,3835.57
1762134960,3835.57,3836.23,3833,3836
1762135020,3836,3836,3833.79,3835.25
1762135080,3835.25,3837.46,3834.6,3834.75
1762135140,3834.75,3837.15,3834.75,3834.9
1762135200,3834.9,3837.35,3833.87,3837.35
1762135260,3837.35,3839.84,3836.28,3837.79
1762135320,3837.79,3837.79,3835.08,3835.08
1762135380,3835.08,3835.09,3831.54,3832.45
1762135440,3832.45,3832.45,3828,3830.73
1762135500,3830.73,3833.76,3828.14,3830.97
1762135560,3830.97,3830.97,3826.8,3826.89
1762135620,3826.89,3826.89,3820.89,3823.76
1762135680,3823.76,3831.82,3822.65,3830.74
1762135740,3830.74,3830.74,3825.21,3827.1
1762135800,3827.1,3827.93,3825.13,3825.93
1762135860,3825.93,3827.37,3822.43,3824.99
1762135920,3824.99,3830,3824.46,3830
1762135980,3830,3835.62,3829.99,3833.96
1762136040,3833.96,3835.68,3832.06,3832.14
1762136100,3832.14,3832.66,3828.88,3830.4
1762136160,3830.4,3830.4,3823.93,3825.34
1762136220,3825.34,3825.34,3816.07,3821.68
1762136280,3821.68,3824.09,3821.41,3822.36
1762136340,3822.36,3823.9,3821.02,3823.26
1762136400,3823.26,3828.01,3823.26,3827.58
1762136460,3827.58,3830.28,3825.1,3830.28
1762136520,3830.28,3830.29,3826.85,3827.2
1762136580,3827.2,3830.94,3827.2,3828.23
1762136640,3828.23,3830.04,3827.74,3829.86
1762136700,3829.86,3831.66,3827.77,3828.72
1762136760,3828.72,3829.76,3824.05,3824.05
1762136820,3824.05,3825.07,3815,3817.8
1762136880,3817.8,3818,3810,3814.26
1762136940,3814.26,3814.26,3811,3811.4
1762137000,3811.4,3811.4,3805,3805.24
1762137060,3805.24,3807.96,3800.44,3802.37
1762137120,3802.37,3804.51,3782.61,3803.16
1762137180,3803.16,3803.35,3790.17,3793.64
1762137240,3793.64,3801.33,3793.2,3796.88
1762137300,3796.88,3801.37,3792.39,3797.6
1762137360,3797.6,3797.9,3792.75,3795.44
1762137420,3795.44,3796.55,3790.51,3792.34
1762137480,3792.34,3796.21,3787,3796.21
1762137540,3796.21,3796.41,3791.25,3791.25
1762137600,3791.25,3793.97,3787.67,3788.59
1762137660,3788.59,3791.59,3787.61,3790.4
1762137720,3790.4,3793.29,3788.91,3792.67
1762137780,3792.67,3794.9,3790.14,3791.61
1762137840,3791.61,3795.15,3791,3792.78
1762137900,3792.78,3792.79,3788,3789.75
1762137960,3789.75,3791.18,3786.33,3788.83
1762138020,3788.83,3789.66,3785.33,3789.66
1762138080,3789.66,3794.61,3788.93,3791.55
1762138140,3791.55,3792.12,3786.78,3788.59
1762138200,3788.59,3793.29,3787.33,3793.04
1762138260,3793.04,3800.76,3792.07,3799.74
1762138320,3799.74,3802,3797.23,3797.33
1762138380,3797.33,3800.79,3797.33,3800.29
1762138440,3800.29,3809,3800.28,3808.99
1762138500,3808.99,3809.89,3801.79,3802
1762138560,3802,3803.09,3796,3796
1762138620,3796,3797.33,3794.45,3795.8
1762138680,3795.8,3798.31,3794.41,3796.58
1762138740,3796.58,3797.18,3794.65,3797
1762138800,3797,3802.39,3794.92,3801.49
1762138860,3801.49,3801.49,3797.87,3800.01
1762138920,3800.01,3804.75,3800,3801.4
1762138980,3801.4,3803.22,3800.55,3801.74
1762139040,3801.74,3803.81,3799.36,3803.15
1762139100,3803.15,3805,3799.86,3799.86
1762139160,3799.86,3804.01,3796.6,3800.5
1762139220,3800.5,3803.04,3799.44,3801.6
1762139280,3801.6,3801.9,3795,3797.28
1762139340,3797.28,3797.29,3792,3792.3
1762139400,3792.3,3792.3,3786.95,3788
1762139460,3788,3788.6,3767.97,3776.24
1762139520,3776.24,3776.49,3748.25,3766.35
1762139580,3766.35,3767.11,3741.85,3753.49
1762139640,3753.49,3757.33,3745.04,3753.27
1762139700,3753.27,3758.06,3747.96,3756.43
1762139760,3756.43,3761.76,3755.54,3758.79
1762139820,3758.79,3762.23,3756.84,3758.01
1762139880,3758.01,3768.82,3757.46,3766.43
1762139940,3766.43,3768.5,3760.21,3760.38
1762140000,3760.38,3762.4,3756.99,3759.75
1762140060,3759.75,3760.53,3748.32,3748.36
1762140120,3748.36,3752.6,3747.07,3751.31
1762140180,3751.31,3753.97,3744.7,3747
1762140240,3747,3749.32,3744.29,3748.92
1762140300,3748.92,3749,3743.54,3745.51
1762140360,3745.51,3746.74,3743,3744.01
1762140420,3744.01,3747.6,3737,3747.38
1762140480,3747.38,3751.82,3746.39,3750.51
1762140540,3750.51,3751.4,3747.1,3749.35
1762140600,3749.35,3749.35,3730.72,3739
1762140660,3739,3744.4,3734.66,3743.68
1762140720,3743.68,3744.11,3732.6,3740.83
1762140780,3740.83,3749.13,3739.17,3747.92
1762140840,3747.92,3756.07,3747.66,3751.51
1762140900,3751.51,3754.85,3750.97,3753.31
1762140960,3753.31,3753.77,3749.07,3751.53
1762141020,3751.53,3752.22,3748.22,3752
1762141080,3752,3758.7,3751.87,3752.62
1762141140,3752.62,3753.71,3750.83,3751.79
1762141200,3751.79,3755.61,3750.29,3754.19
1762141260,3754.19,3758.09,3754.19,3755.01
1762141320,3755.01,3755.38,3753.21,3753.26
1762141380,3753.26,3755.66,3748.91,3750.66
1762141440,3750.66,3752.69,3748.95,3750.26
1762141500,3750.26,3750.26,3735.53,3737.86
1762141560,3737.86,3740.87,3733.78,3734.33
1762141620,3734.33,3742,3734.11,3741.26
1762141680,3741.26,3743.94,3737.59,3739.95
1762141740,3739.95,3739.95,3736.53,3737.85
1762141800,3737.85,3741.01,3736.62,3740
1762141860,3740,3740.79,3736.76,3738.06
1762141920,3738.06,3738.06,3726.64,3735.71
1762141980,3735.71,3737,3727,3728.75
1762142040,3728.75,3732.74,3723.88,3731.75
1762142100,3731.75,3733.91,3730.49,3732.77
1762142160,3732.77,3732.77,3725.99,3729.37
1762142220,3729.37,3737.65,3729.37,3734.78
1762142280,3734.78,3735.48,3732.06,3733.21
1762142340,3733.21,3735.67,3732.4,3733.87
1762142400,3733.87,3733.87,3726.42,3729.91
1762142460,3729.91,3730.53,3722.96,3727.69
1762142520,3727.69,3732.3,3727.49,3729.57
1762142580,3729.57,3733.01,3725.25,3725.77
1762142640,3725.77,3726.41,3720.24,3721.88
1762142700,3721.88,3725.7,3720,3724.53
1762142760,3724.53,3724.53,3713.55,3713.93
1762142820,3713.93,3720.96,3712.17,3719.28
1762142880,3719.28,3725.7,3717.57,3720.86
1762142940,3720.86,3720.87,3716.3,3720.4
1762143000,3720.4,3727.23,3720.4,3725.25
1762143060,3725.25,3725.25,3719.27,3719.44
1762143120,3719.44,3720.53,3717.15,3718.71
1762143180,3718.71,3724.67,3718,3723.75
1762143240,3723.75,3727.41,3723.26,3726.92
1762143300,3726.92,3728.95,3725.83,3727.16
1762143360,3727.16,3727.16,3721.61,3724.27
1762143420,3724.27,3727.99,3722.09,3726.51
1762143480,3726.51,3728.75,3723.25,3727.15
1762143540,3727.15,3727.52,3722.42,3726.48
1762143600,3726.48,3728.76,3725.1,3726.92
1762143660,3726.92,3730.65,3724.8,3728.83
1762143720,3728.83,3734.8,3726.5,3733.53
1762143780,3733.53,3737,3733.53,3736.8
1762143840,3736.8,3738.46,3735,3735.01
1762143900,3735.01,3737.89,3734.18,3737.75
1762143960,3737.75,3737.75,3731.55,3733.86
1762144020,3733.86,3736.26,3733.01,3735.2
1762144080,3735.2,3741.82,3735.16,3741.54
1762144140,3741.54,3742.62,3734.74,3735.42
1762144200,3735.42,3735.43,3730.73,3732.03
1762144260,3732.03,3734.26,3730.08,3733.39
1762144320,3733.39,3736.92,3731.3,3733.8
1762144380,3733.8,3736.05,3733.77,3735.49
1762144440,3735.49,3738.12,3734.75,3737.8
1762144500,3737.8,3739.58,3735.5,3739.17
1762144560,3739.17,3740.64,3736.01,3736.01
1762144620,3736.01,3737.04,3734.95,3735.95
1762144680,3735.95,3737.1,3732.9,3736.35
1762144740,3736.35,3738.83,3735.69,3738.09
1762144800,3738.09,3738.38,3735.6,3735.95
1762144860,3735.95,3735.95,3732.38,3732.99
1762144920,3732.99,3736.6,3732.98,3733.37
1762144980,3733.37,3733.8,3727.25,3727.96
1762145040,3727.96,3729.62,3726.21,3726.73
1762145100,3726.73,3728.89,3726.56,3727.73
1762145160,3727.73,3731.58,3726.77,3731.12
1762145220,3731.12,3731.15,3728.75,3730.07
1762145280,3730.07,3731.54,3728.38,3731.54
1762145340,3731.54,3734.83,3731.29,3734.42
1762145400,3734.42,3738,3733.72,3737.4
1762145460,3737.4,3739.2,3737.15,3739
1762145520,3739,3740.77,3738.03,3739.58
1762145580,3739.58,3742,3737.66,3741.75
1762145640,3741.75,3747,3741.38,3745
1762145700,3745,3745,3740.53,3740.81
1762145760,3740.81,3742.71,3740.18,3741.31
1762145820,3741.31,3742.8,3739.74,3742.58
1762145880,3742.58,3743,3742.12,3742.56
1762145940,3742.56,3744.29,3742.04,3744.08
1762146000,3744.08,3744.08,3742.37,3744.05
1762146060,3744.05,3747.47,3742.18,3745.71
1762146120,3745.71,3746.48,3744.36,3745.61
1762146180,3745.61,3748.9,3745.26,3747.3
1762146240,3747.3,3749.93,3745.41,3749.45
1762146300,3749.45,3750.88,3748.83,3750.11
1762146360,3750.11,3751.15,3749.27,3751.15
1762146420,3751.15,3755.16,3750.49,3752.25
1762146480,3752.25,3756.61,3752.2,3756.06
1762146540,3756.06,3757.99,3755,3757.12
1762146600,3757.12,3757.53,3753.3,3754.21
1762146660,3754.21,3754.21,3748.51,3748.69
1762146720,3748.69,3748.69,3744.94,3745.69
1762146780,3745.69,3755,3745.68,3753.07
1762146840,3753.07,3763.67,3752.8,3759.05
1762146900,3759.05,3761.94,3757.24,3760.86
1762146960,3760.86,3761,3755.22,3755.22
1762147020,3755.22,3755.23,3750,3750.26
1762147080,3750.26,3752.35,3748.81,3748.81
1762147140,3748.81,3750,3747.76,3748.12
1762147200,3748.12,3751.74,3748.09,3750.99
1762147260,3750.99,3751.59,3748.2,3750.6
1762147320,3750.6,3755.96,3749.13,3753.4
1762147380,3753.4,3753.4,3748.46,3749.52
1762147440,3749.52,3752.99,3749.52,3752.05
1762147500,3752.05,3754.93,3748.51,3751.15
1762147560,3751.15,3754.98,3749.67,3754.39
1762147620,3754.39,3754.61,3752.79,3754.38
1762147680,3754.38,3757.45,3753.8,3755.75
1762147740,3755.75,3757.44,3754.47,3754.83
1762147800,3754.83,3757.13,3754.6,3755.21
1762147860,3755.21,3757.47,3753.19,3756.79
1762147920,3756.79,3756.79,3752.77,3754.28
1762147980,3754.28,3754.56,3750.28,3751.68
1762148040,3751.68,3751.68,3749.61,3750.59
1762148100,3750.59,3751.53,3747,3748.07
1762148160,3748.07,3748.17,3741.1,3743.23
1762148220,3743.23,3744.95,3741.85,3743.52
1762148280,3743.52,3743.93,3737.75,3738.37
1762148340,3738.37,3739.22,3735.45,3738.4
1762148400,3738.4,3738.4,3733.92,3738.2
1762148460,3738.2,3738.35,3735.25,3735.4
1762148520,3735.4,3736.89,3733.53,3736.12
1762148580,3736.12,3736.13,3731.92,3735.78
1762148640,3735.78,3735.87,3730.79,3734.13
1762148700,3734.13,3734.85,3729.32,3729.58
1762148760,3729.58,3732.69,3729.58,3731.81
1762148820,3731.81,3732.12,3728.34,3729.77
1762148880,3729.77,3729.79,3724.14,3726.4
1762148940,3726.4,3729.01,3725.18,3728.7
1762149000,3728.7,3733.24,3726.99,3731.55
1762149060,3731.55,3732.52,3729.02,3732.23
1762149120,3732.23,3735.03,3726.31,3728.59
1762149180,3728.59,3731.3,3728.11,3729.34
1762149240,3729.34,3730.15,3727.43,3728.97
1762149300,3728.97,3731.25,3728.74,3730.06
1762149360,3730.06,3730.49,3728.48,3729.3
1762149420,3729.3,3729.35,3726.85,3727.04
1762149480,3727.04,3729.28,3726.69,3727.83
1762149540,3727.83,3729.61,3727.37,3729.36
1762149600,3729.36,3732.71,3725.13,3732.64
1762149660,3732.64,3734.16,3730.21,3732.14
1762149720,3732.14,3735,3731.34,3733.21
1762149780,3733.21,3733.45,3730.88,3733.41
1762149840,3733.41,3734.89,3730.85,3732.82
1762149900,3732.82,3737.28,3732.47,3734.67
1762149960,3734.67,3736.35,3732.24,3732.25
1762150020,3732.25,3734.85,3731.83,3733.12
1762150080,3733.12,3736.19,3732.44,3735.79
1762150140,3735.79,3738.86,3730.56,3730.56
1762150200,3730.56,3730.57,3724.64,3724.65
1762150260,3724.65,3724.65,3713.64,3715.59
1762150320,3715.59,3718.68,3715.26,3718.39
1762150380,3718.39,3718.95,3714.32,3714.92
1762150440,3714.92,3717.57,3714.1,3717.18
1762150500,3717.18,3720.16,3713.63,3720
1762150560,3720,3722.64,3718.88,3721
1762150620,3721,3727.78,3720.29,3727.04
1762150680,3727.04,3729.12,3721.54,3721.54
1762150740,3721.54,3721.89,3718.46,3718.69
1762150800,3718.69,3724.86,3718,3722.91
1762150860,3722.91,3725.08,3721.96,3724.54
1762150920,3724.54,3724.54,3718.84,3718.97
1762150980,3718.97,3723.7,3718.96,3722.98
1762151040,3722.98,3727.14,3722.35,3724.45
1762151100,3724.45,3727.62,3724.14,3724.25
1762151160,3724.25,3724.25,3718.6,3719.22
1762151220,3719.22,3722.55,3718.91,3720.68
1762151280,3720.68,3722.85,3720,3722
1762151340,3722,3722.75,3720.74,3721.13
1762151400,3721.13,3721.48,3718.18,3719.43
1762151460,3719.43,3719.47,3715.18,3718.68
1762151520,3718.68,3721.63,3716.04,3719.6
1762151580,3719.6,3721.35,3718.61,3718.61
1762151640,3718.61,3723.99,3718.61,3719.86
1762151700,3719.86,3726,3718.38,3725.62
1762151760,3725.62,3726,3723.8,3725.16
1762151820,3725.16,3729.46,3725.01,3727.31
1762151880,3727.31,3729.25,3724.51,3725.43
1762151940,3725.43,3725.43,3720,3720.21
1762152000,3720.21,3721.14,3715.25,3715.25
1762152060,3715.25,3715.25,3701.01,3708.11
1762152120,3708.11,3711.2,3706.67,3709
1762152180,3709,3711.17,3701.81,3709.08
1762152240,3709.08,3709.82,3706.68,3707.22
1762152300,3707.22,3707.54,3692.32,3696.65
1762152360,3696.65,3700.53,3693.57,3696.57
1762152420,3696.57,3698.42,3688.14,3691.44
1762152480,3691.44,3692.8,3680,3685.5
1762152540,3685.5,3701.83,3683.41,3699.8
1762152600,3699.8,3709.83,3699.03,3707.62
1762152660,3707.62,3718,3706.71,3713.81
1762152720,3713.81,3716.27,3710.89,3715.23
1762152780,3715.23,3716.99,3710.03,3715.11
1762152840,3715.11,3715.12,3709.31,3709.77
1762152900,3709.77,3713,3705.86,3705.86
1762152960,3705.86,3708.25,3702.82,3707.29
1762153020,3707.29,3715.89,3706.56,3714.84
1762153080,3714.84,3715.53,3712.65,3714.17
1762153140,3714.17,3716.87,3712.7,3715.86
1762153200,3715.86,3716.21,3710.13,3710.13
1762153260,3710.13,3715.51,3710.06,3713.54
1762153320,3713.54,3713.99,3706.53,3712.02
1762153380,3712.02,3714.35,3709.42,3709.85
1762153440,3709.85,3711.81,3705.51,3705.51
1762153500,3705.51,3712.26,3705.47,3708.99
1762153560,3708.99,3709,3695.17,3699.47
1762153620,3699.47,3704.11,3698.06,3703.86
1762153680,3703.86,3708.31,3703.03,3705.6
1762153740,3705.6,3709.42,3704.32,3708.88
1762153800,3708.88,3712.66,3708.87,3712.21
1762153860,3712.21,3712.21,3707.1,3707.1
1762153920,3707.1,3714.88,3706.47,3710.8
1762153980,3710.8,3717.71,3710.62,3716.16
1762154040,3716.16,3717,3713.37,3714.81
1762154100,3714.81,3715.61,3712.06,3715.18
1762154160,3715.18,3718,3713.21,3717.53
1762154220,3717.53,3717.77,3713.37,3716.62
1762154280,3716.62,3717.92,3713.81,3714.49
1762154340,3714.49,3716.48,3711.62,3712.19
1762154400,3712.19,3714.32,3710,3713.45
1762154460,3713.45,3713.45,3709.32,3710.69
1762154520,3710.69,3717.68,3709.85,3717.03
1762154580,3717.03,3723.14,3716.73,3721.34
1762154640,3721.34,3732.16,3720.9,3729.4
1762154700,3729.4,3732.02,3728.21,3729.66
1762154760,3729.66,3730.47,3722.29,3724.31
1762154820,3724.31,3726.9,3720.79,3726.04
1762154880,3726.04,3726.16,3723.48,3723.48
1762154940,3723.48,3725.75,3721.61,3724.94
1762155000,3724.94,3724.94,3721.27,3722.01
1762155060,3722.01,3722.86,3720.22,3722.85
1762155120,3722.85,3728.91,3722.85,3728.9
1762155180,3728.9,3731,3727.33,3728.81
1762155240,3728.81,3732.96,3726.22,3726.45
1762155300,3726.45,3727.59,3723.9,3727.01
1762155360,3727.01,3729.83,3725.39,3729.07
1762155420,3729.07,3729.37,3725.44,3726.03
1762155480,3726.03,3734.54,3726.03,3729.86
1762155540,3729.86,3731.78,3728.36,3730.36
1762155600,3730.36,3731.05,3727.28,3729.82
1762155660,3729.82,3732.29,3723.75,3723.76
1762155720,3723.76,3723.76,3715,3715.32
1762155780,3715.32,3717.48,3715.3,3716.01
1762155840,3716.01,3716.46,3708.15,3709.51
1762155900,3709.51,3713.03,3706.24,3710.64
1762155960,3710.64,3711.1,3707.94,3708.64
1762156020,3708.64,3709.52,3707.55,3708.01
1762156080,3708.01,3711.24,3707.02,3708.02
1762156140,3708.02,3713.2,3708.02,3713.19
1762156200,3713.19,3716,3711.93,3713.65
1762156260,3713.65,3717.17,3713.64,3714.94
1762156320,3714.94,3718.87,3714.94,3717.25
1762156380,3717.25,3718.3,3716.79,3717.64
1762156440,3717.64,3720.3,3715.73,3715.73
1762156500,3715.73,3716.88,3713.63,3713.88
1762156560,3713.88,3718.14,3712.89,3718
1762156620,3718,3718.49,3716.42,3717.86
1762156680,3717.86,3717.95,3713.62,3714.29
1762156740,3714.29,3714.3,3710.73,3712.17
1762156800,3712.17,3712.41,3707.76,3711.08
1762156860,3711.08,3713.54,3710.31,3712.45
1762156920,3712.45,3714.4,3710.85,3713.35
1762156980,3713.35,3714.4,3710.87,3713.54
1762157040,3713.54,3713.95,3711.83,3713.81
1762157100,3713.81,3713.84,3710.81,3712.38
1762157160,3712.38,3713.93,3710,3711.75
1762157220,3711.75,3714.99,3710.46,3712.23
1762157280,3712.23,3712.95,3708.01,3709.81
1762157340,3709.81,3712.05,3709.14,3711.22
1762157400,3711.22,3715.49,3710.87,3714.8
1762157460,3714.8,3716.16,3713.7,3714.7
1762157520,3714.7,3715.64,3713.64,3714.09
1762157580,3714.09,3715.07,3712.54,3713.56
1762157640,3713.56,3714.17,3710.59,3711.87
1762157700,3711.87,3712.09,3704.01,3707.31
1762157760,3707.31,3713.99,3706.58,3713.39
1762157820,3713.39,3713.4,3710.52,3712.46
1762157880,3712.46,3712.62,3708.59,3709.24
1762157940,3709.24,3712,3708.48,3709.76
1762158000,3709.76,3710.16,3705.74,3709.27
1762158060,3709.27,3709.62,3703,3703.92
1762158120,3703.92,3704.95,3699.51,3702
1762158180,3702,3705.76,3701.22,3703.77
1762158240,3703.77,3705.19,3700.63,3701.13
1762158300,3701.13,3703,3700.1,3700.54
1762158360,3700.54,3701.88,3695.64,3699.75
1762158420,3699.75,3699.76,3692.03,3697.2
1762158480,3697.2,3700,3697.19,3698.56
1762158540,3698.56,3701.26,3697.25,3699.8
1762158600,3699.8,3702.11,3699,3701.04
1762158660,3701.04,3703.48,3700.74,3702.78
1762158720,3702.78,3703.65,3696.82,3699.27
1762158780,3699.27,3702.47,3698.75,3701.45
1762158840,3701.45,3703.38,3700.54,3700.55
1762158900,3700.55,3700.64,3697.64,3700.5
1762158960,3700.5,3703.49,3699.1,3699.73
1762159020,3699.73,3699.97,3694.53,3695.8
1762159080,3695.8,3696.74,3692.47,3694.11
1762159140,3694.11,3694.4,3686.22,3690.26
1762159200,3690.26,3693.6,3688.61,3692.98
1762159260,3692.98,3697.23,3691.91,3696.16
1762159320,3696.16,3698,3694.23,3695.4
1762159380,3695.4,3697.6,3693.5,3696.56
1762159440,3696.56,3698.48,3695.43,3696.98
1762159500,3696.98,3698.17,3690.97,3693.78
1762159560,3693.78,3694.05,3690.96,3691.24
1762159620,3691.24,3693.06,3687.55,3690.91
1762159680,3690.91,3691.61,3685,3688.8
1762159740,3688.8,3690.72,3686.14,3688.73
1762159800,3688.73,3704,3687.91,3704
1762159860,3704,3714.45,3703.48,3710.81
1762159920,3710.81,3714.48,3709.2,3712.59
1762159980,3712.59,3719.84,3712.41,3717.79
1762160040,3717.79,3718.28,3716,3716.74
1762160100,3716.74,3717.22,3708.36,3708.55
1762160160,3708.55,3711.29,3708.2,3710.23
1762160220,3710.23,3715.74,3707.42,3712.71
1762160280,3712.71,3718.16,3712.7,3714.37
1762160340,3714.37,3716,3713.87,3714.73
1762160400,3714.73,3715.15,3711.41,3714.48
1762160460,3714.48,3717.21,3712.54,3712.85
1762160520,3712.85,3719.16,3712.79,3718.64
1762160580,3718.64,3723.45,3718.64,3722.55
1762160640,3722.55,3723.1,3720.86,3723.1
1762160700,3723.1,3726.54,3721.94,3725.59
1762160760,3725.59,3728.62,3723.81,3727.81
1762160820,3727.81,3739.29,3727.8,3738.4
1762160880,3738.4,3739.53,3731.85,3734.8
1762160940,3734.8,3737.1,3729.27,3730.12
1762161000,3730.12,3734.91,3728.37,3732.07
1762161060,3732.07,3733.78,3731.26,3733.78
1762161120,3733.78,3737.65,3733.78,3735.46
1762161180,3735.46,3736.24,3732.25,3732.25
1762161240,3732.25,3734.22,3730.69,3733.42
1762161300,3733.42,3733.42,3729.25,3730.87
1762161360,3730.87,3730.88,3727.59,3728.15
1762161420,3728.15,3730.3,3727.54,3729.74
1762161480,3729.74,3729.95,3725.9,3728.45
1762161540,3728.45,3728.45,3722.52,3723.96
1762161600,3723.96,3723.96,3715.81,3718.52
1762161660,3718.52,3719.94,3715.08,3715.69
1762161720,3715.69,3716.61,3712.73,3716.49
1762161780,3716.49,3716.55,3712.2,3713.54
1762161840,3713.54,3714.47,3710.1,3710.2
1762161900,3710.2,3710.76,3704.09,3704.73
1762161960,3704.73,3710.35,3704.72,3710.25
1762162020,3710.25,3713.83,3708.17,3711.78
1762162080,3711.78,3716.81,3711.78,3712.18
1762162140,3712.18,3712.89,3710.03,3711.65
1762162200,3711.65,3714.75,3710.92,3714.66
1762162260,3714.66,3719.85,3714.2,3717.03
1762162320,3717.03,3717.03,3712.81,3713.23
1762162380,3713.23,3713.23,3706,3707.79
1762162440,3707.79,3709.79,3706.51,3707.29
1762162500,3707.29,3708.28,3705.83,3706.93
1762162560,3706.93,3712.26,3706.93,3711.28
1762162620,3711.28,3711.71,3708.73,3710.7
1762162680,3710.7,3711.21,3705.8,3708
1762162740,3708,3708,3703.48,3704.49
1762162800,3704.49,3706.43,3700.43,3706.43
1762162860,3706.43,3707.2,3705.23,3705.72
1762162920,3705.72,3705.84,3702.98,3703.46
1762162980,3703.46,3705.25,3702.15,3703.88
1762163040,3703.88,3707.33,3703.88,3707.2
1762163100,3707.2,3707.21,3704.43,3705.88
1762163160,3705.88,3709,3704.53,3705.72
1762163220,3705.72,3705.72,3703.2,3703.32
1762163280,3703.32,3703.99,3700.99,3703.6
1762163340,3703.6,3706.8,3703.48,3705.92
1762163400,3705.92,3706.52,3702.43,3702.5
1762163460,3702.5,3702.52,3696.6,3700.16
1762163520,3700.16,3700.17,3697.48,3699.6
1762163580,3699.6,3700.56,3696.69,3697.17
1762163640,3697.17,3699,3696.35,3698.01
1762163700,3698.01,3698.01,3693.63,3695.88
1762163760,3695.88,3703.55,3695.88,3700.36
1762163820,3700.36,3701.66,3697.09,3697.67
1762163880,3697.67,3702.99,3697.67,3702.93
1762163940,3702.93,3704.72,3701.19,3701.28
1762164000,3701.28,3705.54,3701.12,3702.81
1762164060,3702.81,3705.69,3702.75,3704.15
1762164120,3704.15,3707.9,3704.15,3707.35
1762164180,3707.35,3711.09,3706.71,3708.79
1762164240,3708.79,3708.79,3701.14,3702.35
1762164300,3702.35,3708.09,3702.35,3708.08
1762164360,3708.08,3709.87,3705.82,3708.74
1762164420,3708.74,3710.9,3707.45,3708.12
1762164480,3708.12,3711.04,3707.6,3711
1762164540,3711,3712.99,3710.41,3711.12
1762164600,3711.12,3713.04,3709.24,3710.86
1762164660,3710.86,3711.88,3708.23,3709.62
1762164720,3709.62,3711.04,3705.74,3706.63
1762164780,3706.63,3707.85,3705.58,3707.27
1762164840,3707.27,3711.19,3707.27,3710.75
1762164900,3710.75,3712.95,3710.27,3712.01
1762164960,3712.01,3712.01,3710.78,3710.81
1762165020,3710.81,3712.21,3710,3710.56
1762165080,3710.56,3710.81,3710,3710.8
1762165140,3710.8,3712.39,3710.8,3712.28
1762165200,3712.28,3714.2,3710.63,3710.63
1762165260,3710.63,3711.87,3710,3711.21
1762165320,3711.21,3713.51,3710.94,3712.06
1762165380,3712.06,3712.77,3711.05,3712.77
1762165440,3712.77,3712.77,3711.5,3712.77
1762165500,3712.77,3715.74,3712.11,3712.11
1762165560,3712.11,3712.11,3710,3710
1762165620,3710,3711.23,3710,3710
1762165680,3710,3718.9,3710,3716.87
1762165740,3716.87,3717.59,3716,3716
1762165800,3716,3716,3706.9,3706.99
1762165860,3706.99,3706.99,3704.21,3706.19
1762165920,3706.19,3707.84,3705.71,3705.78
1762165980,3705.78,3705.9,3704.02,3705.13
1762166040,3705.13,3705.7,3702.74,3705.3
1762166100,3705.3,3707.31,3704,3704
1762166160,3704,3706.86,3704,3704.41
1762166220,3704.41,3707.53,3704.23,3705.89
1762166280,3705.89,3708.78,3705.09,3705.8
1762166340,3705.8,3706.23,3703.39,3705.02
1762166400,3705.02,3708.92,3704.63,3708.92
1762166460,3708.92,3709.9,3706.03,3706.74
1762166520,3706.74,3706.74,3701.47,3702.76
1762166580,3702.76,3704.56,3700.04,3704.55
1762166640,3704.55,3704.56,3701.55,3701.59
1762166700,3701.59,3702.87,3698.05,3700.37
1762166760,3700.37,3700.63,3691.89,3699.16
1762166820,3699.16,3702.07,3699.16,3701.41
1762166880,3701.41,3704.7,3701.41,3704.57
1762166940,3704.57,3704.57,3702.24,3702.45
1762167000,3702.45,3702.45,3700.76,3700.77
1762167060,3700.77,3703.99,3700.77,3702.77
1762167120,3702.77,3702.77,3697.82,3698.2
1762167180,3698.2,3698.21,3695.04,3697
1762167240,3697,3697.4,3694.24,3695.4
1762167300,3695.4,3697.65,3694.34,3697.58
1762167360,3697.58,3700,3696.37,3700
1762167420,3700,3700,3697.82,3697.82
1762167480,3697.82,3697.93,3688.4,3689.28
1762167540,3689.28,3690.11,3658,3674
1762167600,3674,3679.59,3671.01,3678.1
1762167660,3678.1,3691.4,3676.09,3688.73
1762167720,3688.73,3691.7,3679.98,3687.51
1762167780,3687.51,3704.93,3684.36,3703.32
1762167840,3703.32,3703.32,3694.45,3697.31
1762167900,3697.31,3697.97,3691.07,3692.52
1762167960,3692.52,3696.87,3691.86,3694.97
1762168020,3694.97,3700.44,3694.01,3699.27
1762168080,3699.27,3703.29,3699.23,3702.91
1762168140,3702.91,3704,3698.6,3699.43
1762168200,3699.43,3702,3698,3702
1762168260,3702,3703.78,3697.1,3700.69
1762168320,3700.69,3701.7,3696.77,3699.58
1762168380,3699.58,3701.97,3699.09,3699.27
1762168440,3699.27,3699.93,3694.04,3694.04
1762168500,3694.04,3703.72,3694.04,3703.72
1762168560,3703.72,3721.93,3703.71,3711.1
1762168620,3711.1,3711.96,3705.63,3707.04
1762168680,3707.04,3708.09,3704.54,3706.47
1762168740,3706.47,3708.04,3705.66,3707.73
1762168800,3707.73,3708.19,3705.31,3707.13
1762168860,3707.13,3708.72,3704.47,3704.73
1762168920,3704.73,3705.01,3696.01,3696.13
1762168980,3696.13,3698.35,3695.21,3696.3
1762169040,3696.3,3698.24,3695.71,3697
1762169100,3697,3698.11,3694.15,3697.45
1762169160,3697.45,3697.48,3694.6,3696.57
1762169220,3696.57,3698.45,3695.6,3697.58
1762169280,3697.58,3708.16,3697.58,3702.96
1762169340,3702.96,3707.2,3702.96,3704.86
1762169400,3704.86,3707.12,3703.55,3704.4
1762169460,3704.4,3707.55,3704.4,3706.97
1762169520,3706.97,3707.26,3705,3705.01
1762169580,3705.01,3706.24,3698.63,3699.45
1762169640,3699.45,3701.92,3698.23,3700.29
1762169700,3700.29,3701.99,3697.77,3698.86
1762169760,3698.86,3698.87,3694.68,3694.68
1762169820,3694.68,3699.88,3693.46,3699.87
1762169880,3699.87,3704.46,3699.43,3702.72
1762169940,3702.72,3704.97,3702.62,3703.23
1762170000,3703.23,3706.98,3702.76,3706.49
1762170060,3706.49,3706.49,3703.44,3705
1762170120,3705,3708,3705,3707.52
1762170180,3707.52,3708.44,3705.6,3707.48
1762170240,3707.48,3710.21,3706.73,3708.57
1762170300,3708.57,3716.78,3708.57,3713.15
1762170360,3713.15,3713.15,3705.2,3711.39
1762170420,3711.39,3713.17,3707.81,3712.42
1762170480,3712.42,3717.42,3711.52,3714.41
1762170540,3714.41,3717.17,3714.13,3716.64
1762170600,3716.64,3717.59,3712.57,3714.34
1762170660,3714.34,3714.88,3712.75,3713
1762170720,3713,3713,3707.62,3709.42
1762170780,3709.42,3711.91,3709.04,3711.33
1762170840,3711.33,3715.84,3711.32,3713.38
1762170900,3713.38,3713.38,3710.16,3710.73
1762170960,3710.73,3710.73,3708,3709.35
1762171020,3709.35,3710.15,3706.36,3707.63
1762171080,3707.63,3709.56,3707.45,3709.2
1762171140,3709.2,3710.32,3708.3,3709.31
1762171200,3709.31,3711.28,3709.21,3710.54
1762171260,3710.54,3711.15,3708.54,3709.8
1762171320,3709.8,3709.8,3705.73,3708.29
1762171380,3708.29,3712.74,3708.28,3711.74
1762171440,3711.74,3716.89,3710.68,3711.6
1762171500,3711.6,3711.6,3701.73,3706.28
1762171560,3706.28,3713.13,3706.01,3707.62
1762171620,3707.62,3711.82,3707.62,3710.99
1762171680,3710.99,3713.3,3710.07,3713.29
1762171740,3713.29,3713.43,3710.3,3712.56
1762171800,3712.56,3715.89,3711.64,3714.13
1762171860,3714.13,3719.02,3712.98,3716.65
1762171920,3716.65,3725.33,3715.92,3724.46
1762171980,3724.46,3725.77,3720.96,3721.04
1762172040,3721.04,3721.9,3719.09,3721.05
1762172100,3721.05,3726.83,3721.05,3725.01
1762172160,3725.01,3727.11,3722.99,3724.6
1762172220,3724.6,3724.6,3720.73,3723.3
1762172280,3723.3,3726.67,3722.78,3725.74
1762172340,3725.74,3726.86,3723.1,3724
1762172400,3724,3725.8,3723.01,3725.21
1762172460,3725.21,3726.53,3722,3722.38
1762172520,3722.38,3722.97,3720.1,3720.11
1762172580,3720.11,3722.6,3720.11,3721.46
1762172640,3721.46,3721.68,3718.91,3719.34
1762172700,3719.34,3723.15,3719.34,3721.9
1762172760,3721.9,3723.18,3721.55,3722.72
1762172820,3722.72,3725.02,3716.46,3719.42
1762172880,3719.42,3724.06,3719.41,3722.98
1762172940,3722.98,3724.43,3722,3723.97
1762173000,3723.97,3724.55,3718.3,3719.39
1762173060,3719.39,3720.8,3716.66,3717.68
1762173120,3717.68,3718.22,3715.72,3717.46
1762173180,3717.46,3718.26,3715.36,3716.78
1762173240,3716.78,3717.81,3715.62,3716.11
1762173300,3716.11,3718.89,3715.22,3717.79
1762173360,3717.79,3717.79,3712,3712.89
1762173420,3712.89,3713.94,3712,3713.94
1762173480,3713.94,3714.09,3709.85,3710.61
1762173540,3710.61,3714.42,3710.61,3714
1762173600,3714,3714.27,3710.41,3713.59
1762173660,3713.59,3714.27,3712.01,3712.01
1762173720,3712.01,3715.4,3711,3715.21
1762173780,3715.21,3717,3714.95,3715.26
1762173840,3715.26,3715.5,3711.23,3711.28
1762173900,3711.28,3714.12,3711.28,3712.96
1762173960,3712.96,3716.79,3712.96,3716.42
1762174020,3716.42,3717.86,3715.91,3716.16
1762174080,3716.16,3717.21,3716.15,3717.01
1762174140,3717.01,3717.01,3712.5,3716.4
1762174200,3716.4,3717.21,3715.24,3715.42
1762174260,3715.42,3715.42,3713.52,3714.23
1762174320,3714.23,3714.82,3712.93,3714.11
1762174380,3714.11,3715.67,3713.54,3713.79
1762174440,3713.79,3713.79,3711,3711.59
1762174500,3711.59,3713.34,3710.01,3710.53
1762174560,3710.53,3710.53,3706.75,3707.22
1762174620,3707.22,3707.77,3705.79,3706.63
1762174680,3706.63,3708.17,3705,3707.87
1762174740,3707.87,3708.41,3707.2,3707.34
1762174800,3707.34,3707.34,3705.14,3706.98
1762174860,3706.98,3706.98,3700.62,3701.88
1762174920,3701.88,3707,3701.88,3706.72
1762174980,3706.72,3707.62,3705.11,3706.32
1762175040,3706.32,3706.32,3704.69,3706.16
1762175100,3706.16,3708.81,3704.57,3704.8
1762175160,3704.8,3705.38,3701.72,3702.24
1762175220,3702.24,3705.1,3702.23,3704.18
1762175280,3704.18,3704.18,3697,3697.22
1762175340,3697.22,3699.51,3697,3697.6
1762175400,3697.6,3697.6,3690,3695.38
1762175460,3695.38,3695.66,3692.34,3693.09
1762175520,3693.09,3697.75,3693.09,3697.46
1762175580,3697.46,3702.78,3696.81,3702.21
1762175640,3702.21,3702.21,3699.32,3699.75
1762175700,3699.75,3699.89,3697,3698.31
1762175760,3698.31,3700.07,3698.28,3699.98
1762175820,3699.98,3700.17,3696.47,3696.76
1762175880,3696.76,3698.83,3696.17,3696.93
1762175940,3696.93,3698.79,3693.44,3694.49
1762176000,3694.49,3696.45,3694,3694.71
1762176060,3694.71,3695.97,3693.88,3694.05
1762176120,3694.05,3697.16,3694.05,3696.45
1762176180,3696.45,3699.69,3696.45,3698.87
1762176240,3698.87,3699.07,3697.4,3698.15
1762176300,3698.15,3715.55,3696.84,3708.27
1762176360,3708.27,3708.59,3698.75,3700.25
1762176420,3700.25,3704.15,3699.98,3703.83
1762176480,3703.83,3704.83,3702.91,3704.68
1762176540,3704.68,3706.24,3703.44,3703.49
1762176600,3703.49,3713.18,3703.49,3710
1762176660,3710,3712.24,3709.47,3710.4
1762176720,3710.4,3713.93,3710.4,3713.18
1762176780,3713.18,3716.42,3712.68,3715.86
1762176840,3715.86,3720,3714.5,3718.8
1762176900,3718.8,3719.99,3714.61,3715.32
1762176960,3715.32,3719.91,3715.32,3719.73
1762177020,3719.73,3721.73,3716.73,3720.56
1762177080,3720.56,3722.6,3718.79,3720.79
1762177140,3720.79,3721.99,3717.8,3718.2
1762177200,3718.2,3719.27,3713.27,3715.23
1762177260,3715.23,3715.66,3712.52,3715.66
1762177320,3715.66,3715.92,3713.37,3715.08
1762177380,3715.08,3715.08,3712.51,3713.04
1762177440,3713.04,3714,3712.73,3714
1762177500,3714,3715.18,3711.73,3713.91
1762177560,3713.91,3723.07,3713.91,3722.19
1762177620,3722.19,3722.19,3715.22,3715.22
1762177680,3715.22,3719.09,3712.76,3718.46
1762177740,3718.46,3719.73,3717.52,3719.28
1762177800,3719.28,3719.29,3717.62,3718.11
1762177860,3718.11,3718.8,3716.59,3716.66
1762177920,3716.66,3719.4,3710.7,3718.92
1762177980,3718.92,3719.99,3718.75,3719
1762178040,3719,3725.32,3719,3723.2
1762178100,3723.2,3727.99,3722.8,3725.81
1762178160,3725.81,3726.81,3722.88,3722.88
1762178220,3722.88,3722.88,3717.87,3717.87
1762178280,3717.87,3717.87,3717.12,3717.12
1762178340,3717.12,3718,3717.12,3717.81
1762178400,3717.81,3726.39,3717.81,3724
1762178460,3724,3724,3720.01,3722.17
1762178520,3722.17,3725.42,3721.23,3724.19
1762178580,3724.19,3724.22,3722.01,3722.94
1762178640,3722.94,3724.49,3722.01,3724.49
1762178700,3724.49,3736.63,3723.75,3732.99
1762178760,3732.99,3738.61,3731.6,3738.11
1762178820,3738.11,3747.76,3737.82,3743.6
1762178880,3743.6,3743.6,3737,3737.66
1762178940,3737.66,3737.85,3730.45,3732.32
1762179000,3732.32,3733.78,3730,3730.59
1762179060,3730.59,3733.39,3730.36,3731.28
1762179120,3731.28,3736.55,3731.27,3734.65
1762179180,3734.65,3734.65,3722.49,3726.77
1762179240,3726.77,3728.23,3722.16,3724.04
1762179300,3724.04,3724.79,3720.22,3723.23
1762179360,3723.23,3724.65,3720.65,3724.65
1762179420,3724.65,3724.78,3721.82,3722.21
1762179480,3722.21,3723.01,3718.89,3720.32
1762179540,3720.32,3723.38,3720.32,3722.74
1762179600,3722.74,3726.83,3720.99,3721
1762179660,3721,3721.56,3719.61,3721.35
1762179720,3721.35,3721.37,3719,3720.59
1762179780,3720.59,3720.95,3719.11,3720.23
1762179840,3720.23,3721.16,3717.81,3718.86
1762179900,3718.86,3719.96,3715.63,3718.69
1762179960,3718.69,3723.44,3717.57,3720.91
1762180020,3720.91,3720.92,3717.39,3719.4
1762180080,3719.4,3721.2,3717,3717.14
1762180140,3717.14,3720.19,3717.01,3719.93
1762180200,3719.93,3721.83,3716.83,3721.17
1762180260,3721.17,3723.52,3715.99,3716.73
1762180320,3716.73,3718.56,3711.04,3713.98
1762180380,3713.98,3717.74,3711.79,3715.11
1762180440,3715.11,3716.56,3710.09,3712.52
1762180500,3712.52,3713.37,3703,3708.13
1762180560,3708.13,3713.89,3708.05,3712.17
1762180620,3712.17,3720.2,3711.7,3714.27
1762180680,3714.27,3723.72,3711.98,3722.73
1762180740,3722.73,3726,3720.95,3721.14
1762180800,3721.14,3721.14,3715.43,3719.96
1762180860,3719.96,3719.96,3709.59,3711.07
1762180920,3711.07,3711.66,3707.07,3708.98
1762180980,3708.98,3713.05,3708.28,3711.62
1762181040,3711.62,3714.83,3710.01,3713.09
1762181100,3713.09,3717.15,3708.63,3712.2
1762181160,3712.2,3721.38,3710.47,3720.33
1762181220,3720.33,3726.45,3718.41,3722.28
1762181280,3722.28,3724.59,3720,3720.66
1762181340,3720.66,3723.71,3718.74,3722.11
1762181400,3722.11,3726,3717.29,3720.89
1762181460,3720.89,3728.97,3717.9,3728.67
1762181520,3728.67,3729.78,3726.15,3726.9
1762181580,3726.9,3729.58,3726.33,3727.36
1762181640,3727.36,3731.22,3723.31,3724.79
1762181700,3724.79,3728.53,3724.46,3725.69
1762181760,3725.69,3731,3724.1,3730.85
1762181820,3730.85,3731,3727.44,3730.92
1762181880,3730.92,3733.88,3727.44,3729.25
1762181940,3729.25,3734.71,3728.57,3733.13
1762182000,3733.13,3738.52,3722,3724.95
1762182060,3724.95,3727.08,3720.18,3724.04
1762182120,3724.04,3725.34,3714.64,3716.71
1762182180,3716.71,3719.88,3711.84,3713.75
1762182240,3713.75,3713.75,3710,3711.76
1762182300,3711.76,3712.25,3708.42,3710.44
1762182360,3710.44,3713,3709.83,3711.77
1762182420,3711.77,3711.77,3704.15,3709.02
1762182480,3709.02,3715.68,3706.64,3714.69
1762182540,3714.69,3714.69,3710.01,3710.17
1762182600,3710.17,3712.72,3709.05,3709.05
1762182660,3709.05,3709.05,3704,3707.85
1762182720,3707.85,3709.43,3706,3708.8
1762182780,3708.8,3711.8,3707.77,3709.44
1762182840,3709.44,3710.86,3707.09,3707.86
1762182900,3707.86,3707.86,3700.16,3702
1762182960,3702,3702.96,3695.47,3695.84
1762183020,3695.84,3697.98,3695.11,3697
1762183080,3697,3699.37,3695.14,3699.12
1762183140,3699.12,3704,3698.81,3703.09
1762183200,3703.09,3703.73,3694.99,3695.19
1762183260,3695.19,3698.74,3694.34,3696.68
1762183320,3696.68,3697.1,3681.95,3689.99
1762183380,3689.99,3694.22,3686.43,3688.45
1762183440,3688.45,3688.46,3678.53,3683.82
1762183500,3683.82,3692.71,3683.44,3691.41
1762183560,3691.41,3691.41,3662.31,3665.28
1762183620,3665.28,3670.96,3641,3643.43
1762183680,3643.43,3656.71,3638.3,3640.15
1762183740,3640.15,3647.65,3621.56,3633.06
1762183800,3633.06,3637.99,3591.92,3597.6
1762183860,3597.6,3624.96,3596.96,3619.08
1762183920,3619.08,3627.2,3602.11,3604.89
1762183980,3604.89,3607.96,3578.57,3589.38
1762184040,3589.38,3609.99,3589.2,3605.83
1762184100,3605.83,3621.82,3603.44,3619.77
1762184160,3619.77,3628.25,3616.07,3618.71
1762184220,3618.71,3623.72,3611.53,3619.44
1762184280,3619.44,3625,3617.36,3624.48
1762184340,3624.48,3633,3624,3629.14
1762184400,3629.14,3629.67,3616.91,3618.93
1762184460,3618.93,3624.99,3607.49,3609.02
1762184520,3609.02,3610,3586.4,3591.79
1762184580,3591.79,3603.18,3587.76,3599.61
1762184640,3599.61,3612.04,3597,3600.77
1762184700,3600.77,3614.53,3597.86,3598.71
1762184760,3598.71,3601.12,3588,3592.41
1762184820,3592.41,3594.79,3590.22,3592.6
1762184880,3592.6,3593.99,3580.32,3581
1762184940,3581,3589.66,3580,3581.88
1762185000,3581.88,3595,3581.13,3592.67
1762185060,3592.67,3599.06,3586.05,3597.27
1762185120,3597.27,3597.27,3590.29,3591.2
1762185180,3591.2,3604,3591.18,3595.6
1762185240,3595.6,3595.6,3588.54,3589.35
1762185300,3589.35,3599.77,3589.35,3595.7
1762185360,3595.7,3600,3594.61,3597.64
1762185420,3597.64,3598.35,3588.01,3593.31
1762185480,3593.31,3598.77,3590.45,3593.5
1762185540,3593.5,3593.93,3585.92,3586.82
1762185600,3586.82,3589.41,3580.26,3585.18
1762185660,3585.18,3591.4,3582.23,3589.5
1762185720,3589.5,3590.95,3580.35,3581.88
1762185780,3581.88,3589.2,3581.1,3585.3
1762185840,3585.3,3585.3,3561,3565.45
1762185900,3565.45,3584.98,3565.45,3584.84
1762185960,3584.84,3587.75,3572,3578.64
1762186020,3578.64,3581.68,3568.78,3570.01
1762186080,3570.01,3571.93,3562,3569.99
1762186140,3569.99,3579.81,3569.27,3578.31
1762186200,3578.31,3583.33,3574.7,3582.74
1762186260,3582.74,3597.9,3578,3593.14
1762186320,3593.14,3599.26,3591.3,3595.51
1762186380,3595.51,3609.54,3591.64,3602.04
1762186440,3602.04,3610,3600.8,3605.82
1762186500,3605.82,3608.86,3599.86,3601
1762186560,3601,3601.44,3593.51,3595.9
1762186620,3595.9,3604.89,3595.7,3603.56
1762186680,3603.56,3611.47,3602.04,3609.48
1762186740,3609.48,3621.3,3608.16,3619.6
1762186800,3619.6,3625.94,3608.28,3610.73
1762186860,3610.73,3614.86,3609.2,3612.96
1762186920,3612.96,3619.94,3612,3617.6
1762186980,3617.6,3623.4,3616.41,3619.71
1762187040,3619.71,3620.52,3615,3618.14
1762187100,3618.14,3623.48,3617.51,3620.66
1762187160,3620.66,3624.54,3616.36,3622.06
1762187220,3622.06,3622.06,3608.58,3611.06
1762187280,3611.06,3611.06,3603.73,3609.42
1762187340,3609.42,3612.26,3604.7,3611.68
1762187400,3611.68,3616.24,3609.74,3612.08
1762187460,3612.08,3616,3609.36,3615.83
1762187520,3615.83,3616.41,3608.81,3612.39
1762187580,3612.39,3614.35,3609.1,3610.31
1762187640,3610.31,3612.14,3602.5,3603.39
1762187700,3603.39,3606.4,3596.37,3601.41
1762187760,3601.41,3611.24,3601.41,3608.58
1762187820,3608.58,3613.13,3605.41,3610.04
1762187880,3610.04,3611.85,3604.42,3608
1762187940,3608,3609.23,3602.6,3602.6
1762188000,3602.6,3609.54,3600.52,3607.97
1762188060,3607.97,3612.27,3606.15,3610.23
1762188120,3610.23,3611.72,3602.6,3604.96
1762188180,3604.96,3609.54,3603.23,3607.95
1762188240,3607.95,3608.51,3604.09,3605.82
1762188300,3605.82,3617.23,3605.8,3616.25
1762188360,3616.25,3617.29,3611.35,3613.36
1762188420,3613.36,3615.65,3609.18,3610.15
1762188480,3610.15,3610.15,3606.24,3607
1762188540,3607,3609.54,3603.03,3607.6
1762188600,3607.6,3612.75,3606.41,3611.52
1762188660,3611.52,3615.62,3611.51,3615.01
1762188720,3615.01,3618.92,3612.52,3614.08
1762188780,3614.08,3614.88,3609.05,3610.23
1762188840,3610.23,3612.73,3610.22,3611.01
1762188900,3611.01,3613.44,3610.2,3611.91
1762188960,3611.91,3617.9,3611.8,3617.88
1762189020,3617.88,3619,3614.39,3617.72
1762189080,3617.72,3624.5,3617.19,3620.87
1762189140,3620.87,3623.53,3616.28,3617.05
1762189200,3617.05,3617.33,3610.24,3612.66
1762189260,3612.66,3616,3611.7,3614.04
1762189320,3614.04,3620,3610,3610.76
1762189380,3610.76,3617.49,3610.76,3616.32
1762189440,3616.32,3618.36,3610.67,3618.36
1762189500,3618.36,3622.9,3618.36,3620.91
1762189560,3620.91,3625.97,3620.58,3623.92
1762189620,3623.92,3625.17,3622.01,3622.07
1762189680,3622.07,3631.48,3622.07,3626.34
1762189740,3626.34,3632.96,3626.34,3630.41
1762189800,3630.41,3630.69,3625.38,3626.99
1762189860,3626.99,3632.32,3626.28,3631.01
1762189920,3631.01,3633,3626.94,3632.27
1762189980,3632.27,3632.28,3629.9,3630.8
1762190040,3630.8,3634.58,3630.1,3630.4
1762190100,3630.4,3632.33,3628.4,3630.55
1762190160,3630.55,3631.88,3625.31,3626.68
1762190220,3626.68,3631.69,3626.68,3630.52
1762190280,3630.52,3639.8,3630.12,3639.26
1762190340,3639.26,3641.11,3638.15,3641.11
1762190400,3641.11,3646.45,3640.26,3646.44
1762190460,3646.44,3668,3646.44,3659.48
1762190520,3659.48,3660.69,3654,3656.92
1762190580,3656.92,3658.49,3645.39,3648.99
1762190640,3648.99,3649,3644.05,3645.9
1762190700,3645.9,3646.68,3636.82,3641.1
1762190760,3641.1,3641.94,3635.06,3639.6
1762190820,3639.6,3642.99,3638.78,3641.04
1762190880,3641.04,3642,3635.35,3635.35
1762190940,3635.35,3638.98,3634.68,3637.83
1762191000,3637.83,3646.98,3635.93,3644.05
1762191060,3644.05,3644.68,3640,3644.68
1762191120,3644.68,3646.78,3641.04,3644.28
1762191180,3644.28,3651.06,3643.98,3648.07
1762191240,3648.07,3651.31,3647.67,3648.8
1762191300,3648.8,3652.63,3647.61,3649.33
1762191360,3649.33,3653.57,3648.97,3653.52
1762191420,3653.52,3659.82,3653.52,3656.46
1762191480,3656.46,3662.02,3656.46,3661.86
1762191540,3661.86,3662.81,3656.76,3658.17
1762191600,3658.17,3662.82,3653.42,3660
1762191660,3660,3660,3653.75,3655.2
1762191720,3655.2,3663.87,3655.19,3662.51
1762191780,3662.51,3664.59,3660.28,3663.07
1762191840,3663.07,3663.58,3659,3660.63
1762191900,3660.63,3664.82,3660.62,3662.22
1762191960,3662.22,3667.41,3661.31,3666.95
1762192020,3666.95,3681.79,3666.95,3679.17
1762192080,3679.17,3679.72,3670.92,3673.29
1762192140,3673.29,3678.56,3673.18,3673.99
1762192200,3673.99,3674.54,3668.12,3669.46
1762192260,3669.46,3672,3660.31,3665.4
1762192320,3665.4,3666.65,3659.7,3659.85
1762192380,3659.85,3664.15,3658.04,3663.26
1762192440,3663.26,3663.26,3656.37,3657.14
1762192500,3657.14,3663.33,3655.26,3660.02
1762192560,3660.02,3662.8,3658.9,3659.45
1762192620,3659.45,3665,3659.45,3664.2
1762192680,3664.2,3666.5,3664.01,3666.02
1762192740,3666.02,3666.02,3664.27,3664.45
1762192800,3664.45,3665.48,3657.09,3657.6
1762192860,3657.6,3666.97,3657.56,3665.94
1762192920,3665.94,3666.31,3662.53,3666.22
1762192980,3666.22,3671.24,3665.01,3670.05
1762193040,3670.05,3670.05,3662.85,3662.87
1762193100,3662.87,3664.39,3660.93,3662.25
1762193160,3662.25,3664.99,3660.25,3660.63
1762193220,3660.63,3662,3655,3658.95
1762193280,3658.95,3661.04,3658.26,3658.83
1762193340,3658.83,3663.35,3657.65,3663.35
1762193400,3663.35,3668.81,3663.32,3664.29
1762193460,3664.29,3665.52,3653.63,3655.08
1762193520,3655.08,3658.16,3654.07,3656.7
1762193580,3656.7,3657.84,3653.22,3653.22
1762193640,3653.22,3657,3651.51,3656.99
1762193700,3656.99,3661.99,3654.36,3660.45
1762193760,3660.45,3660.82,3654.18,3655.24
1762193820,3655.24,3656.99,3653.3,3654.42
1762193880,3654.42,3659.22,3654.32,3658.18
1762193940,3658.18,3660.96,3658.05,3660.32
1762194000,3660.32,3662.85,3658.08,3658.09
1762194060,3658.09,3660.67,3657.1,3659.25
1762194120,3659.25,3664.92,3659.24,3663.88
1762194180,3663.88,3663.88,3658.96,3659.97
1762194240,3659.97,3660.17,3658.48,3658.79
1762194300,3658.79,3661.79,3658,3658.6
1762194360,3658.6,3658.72,3652.58,3654.2
1762194420,3654.2,3654.87,3652.57,3653.77
1762194480,3653.77,3655.49,3651.35,3652.2
1762194540,3652.2,3652.2,3646.23,3649.69
1762194600,3649.69,3654.06,3649.48,3651.18
1762194660,3651.18,3651.2,3647.76,3647.79
1762194720,3647.79,3655.85,3647.79,3655.2
1762194780,3655.2,3655.88,3649.84,3650.33
1762194840,3650.33,3652.18,3649,3649.39
1762194900,3649.39,3649.99,3647.33,3647.94
1762194960,3647.94,3651,3646.46,3649.75
1762195020,3649.75,3653.53,3649.27,3651.25
1762195080,3651.25,3653.03,3646.08,3646.73
1762195140,3646.73,3649.16,3646.4,3647.37
1762195200,3647.37,3648.55,3646.09,3646.78
1762195260,3646.78,3646.79,3638.69,3642.07
1762195320,3642.07,3643.99,3640.01,3641.99
1762195380,3641.99,3643.65,3636.15,3636.89
1762195440,3636.89,3639.02,3634.03,3638.88
1762195500,3638.88,3638.88,3631.53,3638.67
1762195560,3638.67,3638.68,3633.38,3634.4
1762195620,3634.4,3637.26,3632.41,3636.43
1762195680,3636.43,3644.05,3636.43,3643.53
1762195740,3643.53,3643.53,3637.32,3637.32
1762195800,3637.32,3643.21,3637.32,3642.25
1762195860,3642.25,3646.35,3640,3641.69
1762195920,3641.69,3641.69,3637.23,3638.54
1762195980,3638.54,3640.12,3636.68,3636.68
1762196040,3636.68,3638,3634,3635.89
1762196100,3635.89,3637.1,3632.16,3632.42
1762196160,3632.42,3634.35,3628,3633.84
1762196220,3633.84,3634.23,3631.91,3633.82
1762196280,3633.82,3633.83,3631,3631.68
1762196340,3631.68,3631.68,3630,3630
1762196400,3630,3634.17,3625.53,3626.51
1762196460,3626.51,3629.61,3623.93,3628.45
1762196520,3628.45,3628.78,3620.04,3620.93
1762196580,3620.93,3624.65,3619.66,3624.3
1762196640,3624.3,3626.64,3620.72,3622.14
1762196700,3622.14,3625.01,3618.42,3620.65
1762196760,3620.65,3626.3,3619.39,3624.07
1762196820,3624.07,3629.37,3622.32,3626.55
1762196880,3626.55,3628.44,3620.33,3620.89
1762196940,3620.89,3624.16,3617.51,3623.81
1762197000,3623.81,3628.89,3622.67,3622.67
1762197060,3622.67,3624.93,3621.64,3624.65
1762197120,3624.65,3628.14,3623.42,3627.09
1762197180,3627.09,3631.26,3626.47,3630.21
1762197240,3630.21,3631.76,3629.72,3630.35
1762197300,3630.35,3642.8,3630,3640.01
1762197360,3640.01,3646.12,3638.69,3638.88
1762197420,3638.88,3640.53,3632.58,3632.8
1762197480,3632.8,3632.8,3628.11,3628.64
1762197540,3628.64,3631.68,3628.52,3631.08
1762197600,3631.08,3639.98,3630.64,3638.24
1762197660,3638.24,3642.31,3634.03,3634.34
1762197720,3634.34,3635.02,3629.41,3630.01
1762197780,3630.01,3631.07,3622.79,3625.1
1762197840,3625.1,3626.91,3625.1,3625.41
1762197900,3625.41,3629.6,3622.31,3629.39
1762197960,3629.39,3630.79,3627.29,3628.06
1762198020,3628.06,3628.06,3622.64,3622.81
1762198080,3622.81,3623.07,3620.76,3621
1762198140,3621,3622.53,3620.29,3621.86
1762198200,3621.86,3629.89,3621.45,3627.79
1762198260,3627.79,3631.41,3626.61,3627.92
1762198320,3627.92,3629.38,3624.54,3625.81
1762198380,3625.81,3626.09,3622.28,3626.09
1762198440,3626.09,3628.8,3625.24,3625.24
1762198500,3625.24,3627.12,3623,3626.54
1762198560,3626.54,3630.41,3625.98,3626.18
1762198620,3626.18,3626.18,3623,3624.44
1762198680,3624.44,3630.51,3623.91,3629.9
1762198740,3629.9,3633.51,3629.51,3633.51
1762198800,3633.51,3636.85,3633.08,3633.37
1762198860,3633.37,3634.04,3627.86,3628.2
1762198920,3628.2,3630.31,3624.11,3628.62
1762198980,3628.62,3635.29,3628.62,3634.98
1762199040,3634.98,3637.98,3634.68,3636.85
1762199100,3636.85,3644.47,3636.85,3643.28
1762199160,3643.28,3644.99,3640.42,3642.3
1762199220,3642.3,3646.58,3642.3,3645.71
1762199280,3645.71,3647.84,3640.29,3641.46
1762199340,3641.46,3643.38,3640.39,3640.94
1762199400,3640.94,3642,3634.38,3635.84
1762199460,3635.84,3635.84,3632.22,3635
1762199520,3635,3635,3629.78,3629.88
1762199580,3629.88,3635.61,3629.73,3635.61
1762199640,3635.61,3637.41,3633,3634.34
1762199700,3634.34,3635.83,3631.77,3635.48
1762199760,3635.48,3641.23,3633.06,3638.97
1762199820,3638.97,3638.97,3634.48,3635
1762199880,3635,3635,3630,3630.52
1762199940,3630.52,3631.09,3627.51,3629.46
1762200000,3629.46,3635,3629.46,3633.91
1762200060,3633.91,3634.93,3629.68,3633.36
1762200120,3633.36,3635,3630,3632.5
1762200180,3632.5,3632.81,3627.5,3628.28
1762200240,3628.28,3634.16,3627.55,3633.96
1762200300,3633.96,3634.8,3626.47,3626.73
1762200360,3626.73,3627.29,3621.2,3621.87
1762200420,3621.87,3622.73,3616.02,3618.47
1762200480,3618.47,3620.61,3610.94,3612.27
1762200540,3612.27,3618.02,3610.21,3615.7
1762200600,3615.7,3618.5,3612.78,3617.67
1762200660,3617.67,3619.54,3615.74,3617.33
1762200720,3617.33,3617.69,3612.34,3613.11
1762200780,3613.11,3614.7,3611.64,3614.46
1762200840,3614.46,3614.97,3605.01,3606.74
1762200900,3606.74,3609.65,3600.14,3602.68
1762200960,3602.68,3611.64,3602.35,3610.58
1762201020,3610.58,3611.44,3605.19,3605.29
1762201080,3605.29,3609.2,3601.91,3608.54
1762201140,3608.54,3609.5,3604.28,3607.52
1762201200,3607.52,3610.23,3603.82,3609.43
1762201260,3609.43,3613.15,3607.33,3608.33
1762201320,3608.33,3609.07,3607,3607.33
1762201380,3607.33,3608.99,3603.85,3604.05
1762201440,3604.05,3604.05,3592,3595.6
1762201500,3595.6,3598,3594.05,3595.76
1762201560,3595.76,3599.99,3595.76,3597.09
1762201620,3597.09,3597.23,3593.71,3597.23
1762201680,3597.23,3602.39,3596.65,3602.39
1762201740,3602.39,3603.96,3600.51,3600.73
1762201800,3600.73,3615.3,3600.5,3612.22
1762201860,3612.22,3612.22,3605.13,3605.14
1762201920,3605.14,3608.88,3600.82,3603.37
1762201980,3603.37,3607.58,3602.04,3603.89
1762202040,3603.89,3609.61,3601.67,3601.86
1762202100,3601.86,3602.77,3597.75,3597.76
1762202160,3597.76,3602.76,3597.07,3602.34
1762202220,3602.34,3605.23,3601.6,3604.5
1762202280,3604.5,3604.5,3596.54,3597.6
1762202340,3597.6,3602.44,3597.6,3601.84
1762202400,3601.84,3602.6,3597.28,3599.99
1762202460,3599.99,3600.18,3592.03,3592.94
1762202520,3592.94,3593.47,3588.36,3590.73
1762202580,3590.73,3595.35,3590.43,3593.54
1762202640,3593.54,3593.54,3588.66,3591.66
1762202700,3591.66,3594.65,3590.93,3591.43
1762202760,3591.43,3591.43,3583,3586.09
1762202820,3586.09,3595.73,3586.09,3593.35
1762202880,3593.35,3593.49,3587.86,3588.8
1762202940,3588.8,3592.98,3587.76,3592.98
1762203000,3592.98,3593.93,3584.61,3590.01
1762203060,3590.01,3590.01,3583.75,3586.5
1762203120,3586.5,3589.04,3585,3585.62
1762203180,3585.62,3586.5,3572.12,3576.62
1762203240,3576.62,3580.62,3574.84,3576.05
1762203300,3576.05,3580.38,3573.76,3576.68
1762203360,3576.68,3577.21,3564,3564.86
1762203420,3564.86,3571.96,3557.82,3571.43
1762203480,3571.43,3572.92,3567.97,3570.19
1762203540,3570.19,3588.86,3569.69,3586.5
1762203600,3586.5,3596.9,3582.55,3594.49
1762203660,3594.49,3603.73,3593.34,3603.19
1762203720,3603.19,3610.54,3602.16,3607.81
1762203780,3607.81,3611.87,3606.15,3608.66
1762203840,3608.66,3608.66,3603.27,3605.72
1762203900,3605.72,3613.83,3604.17,3606.17
1762203960,3606.17,3606.8,3602.39,3605.42
1762204020,3605.42,3605.45,3591.36,3595.6
1762204080,3595.6,3600.28,3594.52,3596.46
1762204140,3596.46,3599.99,3591.77,3591.77
1762204200,3591.77,3595.28,3589.31,3593
1762204260,3593,3597.43,3592.68,3596.16
1762204320,3596.16,3598,3593.48,3594.27
1762204380,3594.27,3598.3,3593.29,3597.27
1762204440,3597.27,3598.12,3590.94,3591.5
1762204500,3591.5,3595,3587.59,3589.6
1762204560,3589.6,3589.6,3578.52,3579.3
1762204620,3579.3,3579.6,3554.05,3559.43
1762204680,3559.43,3575.82,3558.95,3573.45
1762204740,3573.45,3582.49,3572.25,3580.56
1762204800,3580.56,3581.13,3577.51,3578.19
1762204860,3578.19,3578.78,3570.85,3578.13
1762204920,3578.13,3595,3577.45,3595
1762204980,3595,3602.92,3592.9,3592.92
1762205040,3592.92,3593.14,3584.84,3586.44
1762205100,3586.44,3587.95,3576.93,3579.4
1762205160,3579.4,3579.91,3573.27,3576.6
1762205220,3576.6,3578.7,3573.23,3575.56
1762205280,3575.56,3582.7,3573.26,3581.14
1762205340,3581.14,3586.47,3580.79,3585.62
1762205400,3585.62,3588.12,3582.27,3587.85
1762205460,3587.85,3588.59,3575.62,3578.61
1762205520,3578.61,3586.52,3577.62,3585.39
1762205580,3585.39,3590.64,3584.5,3589.21
1762205640,3589.21,3598.92,3588.48,3596.57
1762205700,3596.57,3596.57,3591.73,3593.89
1762205760,3593.89,3601.66,3593.38,3599.29
1762205820,3599.29,3600.59,3595.41,3599.18
1762205880,3599.18,3604.55,3597.55,3600.08
1762205940,3600.08,3601.17,3593.14,3594.77
1762206000,3594.77,3595.6,3591.21,3593.79
1762206060,3593.79,3595.49,3591.43,3595.49
1762206120,3595.49,3597.75,3592.06,3597.37
1762206180,3597.37,3600.4,3594.33,3600.06
1762206240,3600.06,3600.06,3598.34,3598.99
1762206300,3598.99,3600,3597,3598.7
1762206360,3598.7,3602.13,3596.51,3599.84
1762206420,3599.84,3599.84,3591.82,3591.82
1762206480,3591.82,3597.16,3591.81,3595
1762206540,3595,3595.67,3589.13,3591.36
1762206600,3591.36,3597.73,3589.85,3595.5
1762206660,3595.5,3597.52,3593.52,3596.51
1762206720,3596.51,3597.12,3594.87,3596.41
1762206780,3596.41,3600.37,3595,3595
1762206840,3595,3598.19,3592.71,3597.89
1762206900,3597.89,3599.51,3594.8,3595.49
1762206960,3595.49,3597.2,3593.87,3595.84
1762207020,3595.84,3597.21,3594.09,3594.25
1762207080,3594.25,3594.88,3593.39,3594.22
1762207140,3594.22,3600.71,3593.27,3600.12
1762207200,3600.12,3600.7,3598,3598.01
1762207260,3598.01,3601.83,3594.52,3595.46
1762207320,3595.46,3597.96,3592.95,3596.51
1762207380,3596.51,3596.51,3586,3587.98
1762207440,3587.98,3593.05,3587.2,3589.85
1762207500,3589.85,3598.04,3589.84,3595.22
1762207560,3595.22,3595.22,3588.88,3591.28
1762207620,3591.28,3591.89,3589.37,3589.51
1762207680,3589.51,3596.71,3589.39,3595.8
1762207740,3595.8,3597.27,3594.07,3596.94
1762207800,3596.94,3596.94,3591.88,3592.15
1762207860,3592.15,3593.24,3587.97,3589.79
1762207920,3589.79,3589.79,3579.97,3580.43
1762207980,3580.43,3590.05,3580.43,3588.13
1762208040,3588.13,3589.92,3583.91,3589.92
1762208100,3589.92,3593.13,3589.21,3589.93
1762208160,3589.93,3594.73,3588.07,3592.17
1762208220,3592.17,3594.69,3590.46,3594.33
1762208280,3594.33,3597.58,3593.34,3596.05
1762208340,3596.05,3596.4,3592.85,3594.42
1762208400,3594.42,3598.22,3593.61,3598.22
1762208460,3598.22,3599.45,3589.37,3590.27
1762208520,3590.27,3590.57,3583.89,3589.9
1762208580,3589.9,3594.46,3589.63,3593.22
1762208640,3593.22,3594.78,3589.9,3591.23
1762208700,3591.23,3591.3,3586.24,3586.24
1762208760,3586.24,3588.14,3582.06,3582.25
1762208820,3582.25,3586,3581.9,3582.66
1762208880,3582.66,3583.96,3578.53,3579.33
1762208940,3579.33,3582.51,3576.81,3576.82
1762209000,3576.82,3576.82,3562.24,3565.35
1762209060,3565.35,3569.98,3564.06,3565.66
1762209120,3565.66,3567.04,3557.43,3563.5
1762209180,3563.5,3568.26,3563,3566.01
1762209240,3566.01,3577.6,3565.38,3574.78
1762209300,3574.78,3578.16,3571,3572.45
1762209360,3572.45,3587.19,3572.45,3583.26
1762209420,3583.26,3591.67,3582.67,3586.32
1762209480,3586.32,3588.8,3583.18,3586.41
1762209540,3586.41,3587.81,3578.75,3581.05
1762209600,3581.05,3592.51,3581.05,3584.78
1762209660,3584.78,3587.58,3584.78,3585.31
1762209720,3585.31,3586.69,3580.99,3581.68
1762209780,3581.68,3581.68,3580.89,3581.68
1762209840,3581.68,3584.53,3581.27,3584.53
1762209900,3584.53,3588.57,3583.33,3588.52
1762209960,3588.52,3592.13,3588.52,3592.12
1762210020,3592.12,3597.12,3591.18,3595.94
1762210080,3595.94,3600.36,3595.75,3597.44
1762210140,3597.44,3601.35,3597.44,3599.62
1762210200,3599.62,3599.97,3596.27,3599.53
1762210260,3599.53,3599.82,3596.37,3597.94
1762210320,3597.94,3598.07,3588.19,3592.89
1762210380,3592.89,3593.61,3592.47,3592.48
1762210440,3592.48,3592.75,3591.39,3591.5
1762210500,3591.5,3591.51,3582.38,3583.58
1762210560,3583.58,3586.8,3583.58,3585
1762210620,3585,3586.41,3583.45,3586.41
1762210680,3586.41,3591.02,3586.41,3587.88
1762210740,3587.88,3589.97,3587.72,3587.94
1762210800,3587.94,3588.08,3575.21,3575.5
1762210860,3575.5,3578.03,3572.27,3572.27
1762210920,3572.27,3572.27,3562.5,3565.67
1762210980,3565.67,3569.32,3564.88,3567.49
1762211040,3567.49,3571,3563.58,3566.09
1762211100,3566.09,3572.89,3566.08,3571.96
1762211160,3571.96,3577.15,3570.73,3574.7
1762211220,3574.7,3575.47,3571.61,3572.79
1762211280,3572.79,3577.85,3572.78,3575.63
1762211340,3575.63,3580.17,3575.23,3576.94
1762211400,3576.94,3580.99,3574.27,3574.27
1762211460,3574.27,3578.74,3573.73,3578.73
1762211520,3578.73,3582.43,3578.73,3582.43
1762211580,3582.43,3583.06,3576.01,3576.75
1762211640,3576.75,3579.8,3575,3575
1762211700,3575,3577.66,3574.32,3577.62
1762211760,3577.62,3577.62,3573.69,3575
1762211820,3575,3580.46,3574.99,3580.38
1762211880,3580.38,3582.25,3576.15,3576.15
1762211940,3576.15,3579.51,3576.15,3579.5
1762212000,3579.5,3581.19,3579.44,3581.19
1762212060,3581.19,3585.78,3581.18,3585.78
1762212120,3585.78,3587.75,3580.94,3581.31
1762212180,3581.31,3583.95,3578.53,3582.33
1762212240,3582.33,3587.01,3582.33,3586.68
1762212300,3586.68,3590.98,3586.31,3590.05
1762212360,3590.05,3590.73,3587.91,3589.09
1762212420,3589.09,3591.71,3588.52,3591.28
1762212480,3591.28,3591.28,3589.99,3590.54
1762212540,3590.54,3591.58,3589.86,3589.91
1762212600,3589.91,3591.09,3589.2,3589.82
1762212660,3589.82,3597.15,3589.48,3594.52
1762212720,3594.52,3594.52,3591.99,3591.99
1762212780,3591.99,3596,3591.99,3596
1762212840,3596,3598.92,3596,3598.26
1762212900,3598.26,3599.64,3596.61,3597.32
1762212960,3597.32,3597.99,3596.35,3596.36
1762213020,3596.36,3600.73,3596,3600.17
1762213080,3600.17,3603.45,3600.17,3601.93
1762213140,3601.93,3603.48,3600.9,3600.9
1762213200,3600.9,3604.75,3600.9,3604.01
1762213260,3604.01,3604.01,3596,3598.45
1762213320,3598.45,3599.91,3597.27,3599.4
1762213380,3599.4,3599.45,3597.27,3598.99
1762213440,3598.99,3601.37,3596.65,3599.5
1762213500,3599.5,3602.16,3599.47,3601.98
1762213560,3601.98,3602.88,3598.95,3599.04
1762213620,3599.04,3599.2,3593.2,3594.83
1762213680,3594.83,3595.69,3593.3,3594.78
1762213740,3594.78,3598.23,3593.21,3596.89
1762213800,3596.89,3597.39,3594.23,3596.12
1762213860,3596.12,3596.95,3593.18,3596.71
1762213920,3596.71,3600.66,3596.53,3597.67
1762213980,3597.67,3599.35,3596.23,3598.01
1762214040,3598.01,3600.78,3598,3599.67
1762214100,3599.67,3603.03,3599.58,3601.36
1762214160,3601.36,3604.28,3601.01,3603.13
1762214220,3603.13,3605.55,3601.26,3603.32
1762214280,3603.32,3603.32,3600.65,3600.65
1762214340,3600.65,3602.56,3600.05,3601.83
1762214400,3601.83,3602.88,3597.84,3597.93
1762214460,3597.93,3598.37,3596.01,3596.51
1762214520,3596.51,3597.69,3594.46,3595.18
1762214580,3595.18,3597.63,3595.18,3595.92
1762214640,3595.92,3598.75,3595.27,3595.63
1762214700,3595.63,3598.8,3591.18,3593.85
1762214760,3593.85,3597.1,3593.85,3596.33
1762214820,3596.33,3603.24,3595.85,3602.18
1762214880,3602.18,3602.18,3598.54,3598.54
1762214940,3598.54,3598.83,3596.76,3598.17
1762215000,3598.17,3600.02,3594.44,3596.51
1762215060,3596.51,3599.25,3596.47,3599.25
1762215120,3599.25,3599.28,3592,3596.8
1762215180,3596.8,3598.66,3596.42,3598.66
1762215240,3598.66,3599,3594.34,3595.13
1762215300,3595.13,3598.79,3594.01,3596.36
1762215360,3596.36,3596.71,3591.7,3593.46
1762215420,3593.46,3596.23,3591.6,3596.23
1762215480,3596.23,3601.69,3596.13,3597.49
1762215540,3597.49,3597.57,3593.01,3593.73
1762215600,3593.73,3595.41,3592.01,3592.91
1762215660,3592.91,3592.91,3584.83,3586.41
1762215720,3586.41,3586.41,3582.45,3582.54
1762215780,3582.54,3585.09,3578.09,3578.31
1762215840,3578.31,3579.67,3577.02,3577.89
1762215900,3577.89,3578.33,3576.08,3577.72
1762215960,3577.72,3578.7,3573.87,3574.04
1762216020,3574.04,3574.04,3567.76,3567.84
1762216080,3567.84,3572.51,3567.43,3571.02
1762216140,3571.02,3571.19,3564.08,3565.48
1762216200,3565.48,3576.79,3565.46,3574.69
1762216260,3574.69,3583.45,3574.51,3578.1
1762216320,3578.1,3580.19,3575.41,3580
1762216380,3580,3593.51,3580,3592
1762216440,3592,3597.79,3591.03,3592.75
1762216500,3592.75,3596,3592.75,3595.57
1762216560,3595.57,3622.35,3595.57,3617.05
1762216620,3617.05,3617.06,3610.12,3610.18
1762216680,3610.18,3625.72,3609.42,3623.81
1762216740,3623.81,3629.86,3619.26,3626.07
1762216800,3626.07,3636.41,3625.74,3627.83
1762216860,3627.83,3627.83,3623.01,3623.6
1762216920,3623.6,3629.29,3623.36,3628.16
1762216980,3628.16,3630.66,3626.06,3627.84
1762217040,3627.84,3630.14,3626.9,3627.03
1762217100,3627.03,3627.4,3620.78,3625.12
1762217160,3625.12,3629.46,3624.85,3626.48
1762217220,3626.48,3628.37,3625.57,3626.43
1762217280,3626.43,3629.17,3624.88,3625.27
1762217340,3625.27,3629.36,3624.28,3628.48
1762217400,3628.48,3628.49,3617.16,3618.02
1762217460,3618.02,3623,3616.27,3620.05
1762217520,3620.05,3622.55,3619.91,3620.33
1762217580,3620.33,3623.06,3619.48,3621.99
1762217640,3621.99,3624.48,3617.57,3617.73
1762217700,3617.73,3617.73,3608.28,3609.32
1762217760,3609.32,3609.67,3606.86,3609.3
1762217820,3609.3,3614.91,3609.27,3614.54
1762217880,3614.54,3614.55,3612.19,3612.65
1762217940,3612.65,3617.28,3612.65,3616
1762218000,3616,3617.99,3615.51,3615.68
1762218060,3615.68,3620,3615.36,3619.1
1762218120,3619.1,3619.11,3615.33,3616
1762218180,3616,3618.72,3613.57,3613.57
1762218240,3613.57,3613.95,3608.4,3608.94
1762218300,3608.94,3608.94,3604.75,3607.4
1762218360,3607.4,3618.05,3607.39,3617.39
1762218420,3617.39,3623.49,3617.39,3619.93
1762218480,3619.93,3619.99,3613.73,3614.6
1762218540,3614.6,3619.27,3611.92,3618.6
1762218600,3618.6,3620.79,3616.76,3617.38
1762218660,3617.38,3620.64,3616.75,3620.02
1762218720,3620.02,3623.32,3619.8,3619.8
1762218780,3619.8,3619.99,3617,3619.12
1762218840,3619.12,3620.51,3618.01,3619.75
1762218900,3619.75,3621.97,3618.27,3621.97
1762218960,3621.97,3622.41,3617.09,3620.41
1762219020,3620.41,3620.7,3618.01,3618.38
1762219080,3618.38,3623.83,3617.23,3623.55
1762219140,3623.55,3626.2,3620.64,3624.37
1762219200,3624.37,3635.82,3624.37,3635.82
1762219260,3635.82,3643.78,3632.84,3641.64
1762219320,3641.64,3642.11,3633.03,3641.01
1762219380,3641.01,3641.59,3633.88,3636.81
1762219440,3636.81,3637.09,3632.73,3633.27
1762219500,3633.27,3636.25,3632.34,3633.54
1762219560,3633.54,3633.85,3628.1,3629.18
1762219620,3629.18,3630.37,3628.14,3628.41
1762219680,3628.41,3628.41,3624.01,3624.45
1762219740,3624.45,3627.75,3624.44,3627.75
1762219800,3627.75,3632.68,3626.84,3629.65
1762219860,3629.65,3629.65,3624.89,3627.6
1762219920,3627.6,3633.08,3627.6,3632.01
1762219980,3632.01,3635.71,3630.97,3634.08
1762220040,3634.08,3639.1,3634.08,3638.5
1762220100,3638.5,3639.07,3633.62,3635.82
1762220160,3635.82,3640.74,3635.79,3638.79
1762220220,3638.79,3638.79,3636,3636.62
1762220280,3636.62,3653.68,3636.44,3647.45
1762220340,3647.45,3653.35,3644.28,3646.39
1762220400,3646.39,3647.88,3643.79,3645.15
1762220460,3645.15,3645.37,3642,3643.54
1762220520,3643.54,3645,3643.03,3643.33
1762220580,3643.33,3644.99,3642.71,3643.32
1762220640,3643.32,3643.68,3641.41,3641.41
1762220700,3641.41,3642.75,3640.23,3640.32
1762220760,3640.32,3642.66,3639.42,3640.43
1762220820,3640.43,3641.41,3637.66,3637.66
1762220880,3637.66,3639.98,3635.43,3636.59
1762220940,3636.59,3638,3633.06,3633.06
1762221000,3633.06,3633.94,3630.68,3632.04
1762221060,3632.04,3632.41,3630,3631.8
1762221120,3631.8,3631.81,3628.19,3631.1
1762221180,3631.1,3637.44,3631.02,3636.8
1762221240,3636.8,3641.05,3636.26,3640.84
1762221300,3640.84,3643.76,3640.03,3643.3
1762221360,3643.3,3648.01,3643.29,3646.13
1762221420,3646.13,3646.93,3644.72,3646.59
1762221480,3646.59,3646.93,3642.26,3642.87
1762221540,3642.87,3643.19,3640.96,3642.27
1762221600,3642.27,3642.33,3636,3636.71
1762221660,3636.71,3636.99,3635.23,3635.49
1762221720,3635.49,3636,3632.72,3632.99
1762221780,3632.99,3634.6,3631.75,3633.21
1762221840,3633.21,3634.02,3631.57,3632.27
1762221900,3632.27,3633.38,3630.23,3631.32
1762221960,3631.32,3632.29,3629.86,3629.86
1762222020,3629.86,3636,3629.85,3635.16
1762222080,3635.16,3639.86,3634.82,3639.06
1762222140,3639.06,3641.61,3639.06,3641.02
1762222200,3641.02,3641.42,3638.4,3638.71
1762222260,3638.71,3640.81,3638.54,3640.74
1762222320,3640.74,3646.28,3640.64,3644.46
1762222380,3644.46,3645,3641.83,3644.46
1762222440,3644.46,3644.69,3641.59,3642.46
1762222500,3642.46,3643.35,3640.41,3642.99
1762222560,3642.99,3642.99,3636.65,3640.25
1762222620,3640.25,3642.81,3640.01,3641.82
1762222680,3641.82,3644.54,3641.33,3643.37
1762222740,3643.37,3644.54,3643.14,3644.54
1762222800,3644.54,3647.87,3644.54,3645.2
1762222860,3645.2,3645.66,3643.61,3644.49
1762222920,3644.49,3647.36,3644.49,3644.65
1762222980,3644.65,3647.26,3639.89,3642.87
1762223040,3642.87,3642.87,3639.65,3641.38
1762223100,3641.38,3642.92,3639.9,3641.03
1762223160,3641.03,3641.76,3638.11,3638.63
1762223220,3638.63,3641.58,3638.63,3639.3
1762223280,3639.3,3639.31,3633.08,3633.6
1762223340,3633.6,3634.17,3631.14,3632.94
1762223400,3632.94,3632.94,3630.12,3630.41
1762223460,3630.41,3633.22,3630.41,3632.76
1762223520,3632.76,3635.78,3632.76,3634.39
1762223580,3634.39,3634.59,3624.56,3628.02
1762223640,3628.02,3632.36,3626.83,3630.82
1762223700,3630.82,3633.73,3630.82,3632.37
1762223760,3632.37,3637.26,3631.68,3631.68
1762223820,3631.68,3634.56,3628.63,3633.6
1762223880,3633.6,3638.73,3633.6,3635
1762223940,3635,3638.8,3635,3635.93
1762224000,3635.93,3638.68,3633.87,3634.81
1762224060,3634.81,3635.81,3631.61,3631.92
1762224120,3631.92,3631.92,3625.02,3626.45
1762224180,3626.45,3627.78,3623.07,3626
1762224240,3626,3628.44,3626,3627.98
1762224300,3627.98,3627.99,3624.06,3624.97
1762224360,3624.97,3627.01,3622.8,3626.34
1762224420,3626.34,3626.64,3620.27,3621.78
1762224480,3621.78,3622.59,3616.18,3621.35
1762224540,3621.35,3624.78,3620.97,3621.23
1762224600,3621.23,3628.27,3621.23,3625.36
1762224660,3625.36,3626.48,3623.32,3623.49
1762224720,3623.49,3624.48,3622.12,3624.17
1762224780,3624.17,3628.28,3623.68,3628.13
1762224840,3628.13,3629.8,3626.16,3629.1
1762224900,3629.1,3629.98,3628,3629.23
1762224960,3629.23,3631.4,3628.91,3630.3
1762225020,3630.3,3630.3,3626.64,3628.62
1762225080,3628.62,3629.25,3626.8,3628.71
1762225140,3628.71,3628.86,3623.94,3623.94
1762225200,3623.94,3642.89,3623.72,3635.45
1762225260,3635.45,3638,3632.83,3635.04
1762225320,3635.04,3638.21,3631,3632.05
1762225380,3632.05,3633.94,3630.02,3630.26
1762225440,3630.26,3633.4,3629.85,3632.61
1762225500,3632.61,3632.61,3624.1,3624.32
1762225560,3624.32,3624.36,3618.43,3620.95
1762225620,3620.95,3623.3,3619.34,3621.08
1762225680,3621.08,3630.94,3621.08,3630.35
1762225740,3630.35,3631.03,3628.26,3630.05
1762225800,3630.05,3631.14,3628.14,3629.19
1762225860,3629.19,3633.88,3628.52,3633.3
1762225920,3633.3,3636.53,3633.24,3635.11
1762225980,3635.11,3642.54,3635.11,3642
1762226040,3642,3645.97,3640.43,3645.15
1762226100,3645.15,3649.41,3645.15,3647.13
1762226160,3647.13,3647.13,3640.94,3640.94
1762226220,3640.94,3645.46,3640.48,3643.53
1762226280,3643.53,3647.19,3641.53,3641.53
1762226340,3641.53,3641.53,3635.99,3640.44
1762226400,3640.44,3641.49,3638.12,3638.5
1762226460,3638.5,3638.58,3635.18,3635.46
1762226520,3635.46,3639.36,3635.34,3638.77
1762226580,3638.77,3642.51,3638.77,3640.51
1762226640,3640.51,3643.64,3638.98,3639.16
1762226700,3639.16,3645.42,3639.16,3644.5
1762226760,3644.5,3645.53,3640.96,3640.97
1762226820,3640.97,3646.75,3640.32,3646.48
1762226880,3646.48,3646.87,3643.88,3645.31
1762226940,3645.31,3645.47,3643.5,3644.01
1762227000,3644.01,3644.86,3641.44,3641.5
1762227060,3641.5,3641.88,3636.51,3636.8
1762227120,3636.8,3639.74,3636.31,3638.16
1762227180,3638.16,3643.51,3636.85,3642.25
1762227240,3642.25,3646.71,3642.25,3646.57
1762227300,3646.57,3649.48,3644.6,3645.36
1762227360,3645.36,3645.95,3641.68,3644.58
1762227420,3644.58,3649.99,3644.44,3649.2
1762227480,3649.2,3649.67,3645.89,3647.2
1762227540,3647.2,3648.6,3646.13,3647.27
1762227600,3647.27,3648.47,3643.92,3645.07
1762227660,3645.07,3648.32,3645.07,3647.15
1762227720,3647.15,3648.88,3646.87,3647.75
1762227780,3647.75,3649.98,3646.61,3649
1762227840,3649,3649.97,3647.82,3647.82
1762227900,3647.82,3648.92,3641.97,3642.51
1762227960,3642.51,3646.48,3640.4,3645.81
1762228020,3645.81,3646.38,3643.93,3644.44
1762228080,3644.44,3645.67,3641.26,3642.22
1762228140,3642.22,3643.06,3639.95,3640.56
1762228200,3640.56,3641.52,3639,3641.07
1762228260,3641.07,3643.7,3640.35,3641.59
1762228320,3641.59,3641.59,3637.66,3638.6
1762228380,3638.6,3642.81,3637.91,3642.13
1762228440,3642.13,3645,3642.12,3644.26
1762228500,3644.26,3645,3643.72,3643.83
1762228560,3643.83,3643.9,3641.59,3641.59
1762228620,3641.59,3645.15,3641.59,3644.01
1762228680,3644.01,3647.52,3643.81,3644.35
1762228740,3644.35,3644.35,3640.35,3640.41
1762228800,3640.41,3643.92,3640,3640.52
1762228860,3640.52,3643.59,3638.23,3642.47
1762228920,3642.47,3644.67,3638.7,3638.7
1762228980,3638.7,3642.99,3638.7,3641.73
1762229040,3641.73,3645.22,3641.73,3644.52
1762229100,3644.52,3646.22,3643.21,3643.24
1762229160,3643.24,3643.43,3638,3639.59
1762229220,3639.59,3640.45,3637.91,3639.45
1762229280,3639.45,3643.77,3638.06,3642.83
1762229340,3642.83,3642.97,3640.68,3642.4
1762229400,3642.4,3645.64,3642.4,3645.26
1762229460,3645.26,3646.73,3644.82,3645.28
1762229520,3645.28,3645.89,3643.97,3644.04
1762229580,3644.04,3645.9,3641.8,3642.21
1762229640,3642.21,3644.98,3642.21,3644.92
1762229700,3644.92,3644.92,3639.41,3639.44
1762229760,3639.44,3640.81,3637.95,3638.31
1762229820,3638.31,3640.37,3633.64,3639.3
1762229880,3639.3,3640.7,3637.35,3638.59
1762229940,3638.59,3639.2,3633.37,3638.71
1762230000,3638.71,3640.14,3635.96,3636.53
1762230060,3636.53,3637.99,3635.45,3637.74
1762230120,3637.74,3641.96,3635.61,3641.33
1762230180,3641.33,3641.35,3639.13,3640.21
1762230240,3640.21,3640.21,3636.64,3637.87
1762230300,3637.87,3637.87,3634.4,3635.35
1762230360,3635.35,3637.43,3633.05,3633.52
1762230420,3633.52,3636.88,3632.17,3636.27
1762230480,3636.27,3637.53,3635.31,3636.94
1762230540,3636.94,3637.41,3634.35,3635.64
1762230600,3635.64,3639.06,3635.64,3638.14
1762230660,3638.14,3641.8,3635.27,3641.69
1762230720,3641.69,3641.69,3637.62,3639.44
1762230780,3639.44,3642.84,3636.36,3637.07
1762230840,3637.07,3637.08,3634.23,3635.07
1762230900,3635.07,3635.33,3630.7,3631.19
1762230960,3631.19,3631.19,3624.53,3629.3
1762231020,3629.3,3630.31,3626.63,3629.62
1762231080,3629.62,3633.3,3629.62,3630.51
1762231140,3630.51,3630.94,3626.4,3630.49
1762231200,3630.49,3632.3,3627.35,3628.09
1762231260,3628.09,3629,3625.25,3628.69
1762231320,3628.69,3630.62,3626.53,3626.71
1762231380,3626.71,3627.87,3625.19,3625.55
1762231440,3625.55,3627.46,3625.37,3626.8
1762231500,3626.8,3627.95,3625,3626.14
1762231560,3626.14,3628.47,3624.64,3628.44
1762231620,3628.44,3629.88,3623.53,3623.94
1762231680,3623.94,3626.55,3622.16,3623.2
1762231740,3623.2,3624.2,3619.77,3621.61
1762231800,3621.61,3622.4,3619.6,3622.39
1762231860,3622.39,3624.39,3622.39,3622.51
1762231920,3622.51,3622.51,3621,3622.51
1762231980,3622.51,3627,3622.23,3622.72
1762232040,3622.72,3624.13,3620.21,3621.03
1762232100,3621.03,3622.7,3619.68,3619.78
1762232160,3619.78,3621.6,3619.16,3621.07
1762232220,3621.07,3623.96,3620.75,3623.94
1762232280,3623.94,3624.97,3622.83,3624.23
1762232340,3624.23,3624.23,3623.14,3623.49
1762232400,3623.49,3623.57,3621,3622.84
1762232460,3622.84,3624,3621.78,3622.67
1762232520,3622.67,3623.88,3621.21,3623.88
1762232580,3623.88,3624.42,3623,3623.89
1762232640,3623.89,3623.89,3618.33,3619.16
1762232700,3619.16,3621.01,3618.61,3619.81
1762232760,3619.81,3620.61,3618,3620.21
1762232820,3620.21,3623.51,3620.21,3621.68
1762232880,3621.68,3622.46,3620.52,3621.34
1762232940,3621.34,3626.82,3620.35,3626.52
1762233000,3626.52,3630.71,3626.01,3627.8
1762233060,3627.8,3629.16,3625.43,3625.44
1762233120,3625.44,3626.78,3623.58,3625.71
1762233180,3625.71,3628.43,3623.2,3627.7
1762233240,3627.7,3627.73,3625.11,3625.11
1762233300,3625.11,3626.25,3617.53,3617.6
1762233360,3617.6,3617.6,3608.59,3611.66
1762233420,3611.66,3611.66,3606.5,3609.98
1762233480,3609.98,3612.04,3608.1,3609.44
1762233540,3609.44,3610.39,3597.29,3603.67
1762233600,3603.67,3603.67,3597.58,3602.06
1762233660,3602.06,3604.53,3589.4,3592.99
1762233720,3592.99,3595.47,3589,3594.79
1762233780,3594.79,3597.06,3589.06,3590.03
1762233840,3590.03,3590.96,3560.17,3570.47
1762233900,3570.47,3581.45,3567.06,3568.84
1762233960,3568.84,3570,3562.73,3567.38
1762234020,3567.38,3569.69,3558.66,3562.65
1762234080,3562.65,3566.92,3555.12,3558.71
1762234140,3558.71,3565.29,3555.71,3560.24
1762234200,3560.24,3560.24,3533.07,3539.73
1762234260,3539.73,3539.73,3510.46,3515.76
1762234320,3515.76,3531.45,3511.91,3525.3
1762234380,3525.3,3529.3,3516,3517.78
1762234440,3517.78,3528.92,3517.77,3524.81
1762234500,3524.81,3529.06,3520.21,3521.8
1762234560,3521.8,3531.78,3521.04,3531.15
1762234620,3531.15,3547.92,3526.63,3545.05
1762234680,3545.05,3545.89,3531.75,3534.08
1762234740,3534.08,3537.34,3530.23,3535.45
1762234800,3535.45,3544.58,3529.44,3530.4
1762234860,3530.4,3532.85,3524.67,3530.12
1762234920,3530.12,3532.86,3527.68,3530.4
1762234980,3530.4,3531.42,3517.77,3521.47
1762235040,3521.47,3524.51,3517.04,3517.95
1762235100,3517.95,3525.46,3517.47,3518.2
1762235160,3518.2,3525.02,3513.34,3524.05
1762235220,3524.05,3524.61,3516.33,3520.07
1762235280,3520.07,3521.12,3502,3502.39
1762235340,3502.39,3510,3502.02,3509.16
1762235400,3509.16,3520.18,3506.58,3514.66
1762235460,3514.66,3516.96,3510,3510.46
1762235520,3510.46,3511.2,3504.13,3507.18
1762235580,3507.18,3511.52,3503.8,3508.09
1762235640,3508.09,3511.36,3504.37,3505.2
1762235700,3505.2,3510.95,3503.35,3503.54
1762235760,3503.54,3508.15,3480.71,3483.94
1762235820,3483.94,3499,3483.24,3497.12
1762235880,3497.12,3497.82,3490,3495.42
1762235940,3495.42,3497.16,3490.02,3490.02
1762236000,3490.02,3496.77,3485,3496.09
1762236060,3496.09,3502.5,3493.39,3500.37
1762236120,3500.37,3510.5,3497.5,3501.37
1762236180,3501.37,3506.31,3499.56,3502.46
1762236240,3502.46,3509.79,3502.46,3506.65
1762236300,3506.65,3509.47,3496.34,3497.32
1762236360,3497.32,3499.86,3491.45,3495
1762236420,3495,3498.2,3494.18,3495.64
1762236480,3495.64,3495.76,3477.01,3477.59
1762236540,3477.59,3488.48,3476.12,3481.68
1762236600,3481.68,3491.44,3478.5,3489.88
1762236660,3489.88,3491.93,3485.56,3488.71
1762236720,3488.71,3495.02,3482.66,3494.35
1762236780,3494.35,3501.92,3492.63,3500.89
1762236840,3500.89,3520,3499.04,3517.25
1762236900,3517.25,3543.78,3516,3536.09
1762236960,3536.09,3554.5,3534.24,3543
1762237020,3543,3558.96,3540.05,3553.47
1762237080,3553.47,3555.18,3541.86,3544.94
1762237140,3544.94,3548.5,3539.43,3540.32
1762237200,3540.32,3545.73,3538.33,3540.71
1762237260,3540.71,3548.29,3539.35,3545.16
1762237320,3545.16,3545.17,3536.8,3537.98
1762237380,3537.98,3539.47,3533.28,3534.87
1762237440,3534.87,3536.63,3525.28,3526.32
1762237500,3526.32,3530.7,3524.82,3529.67
1762237560,3529.67,3531.11,3524.82,3528.2
1762237620,3528.2,3530.45,3524.82,3529.19
1762237680,3529.19,3533.57,3526,3529.33
1762237740,3529.33,3532.49,3528.44,3531.49
1762237800,3531.49,3531.5,3522.14,3523.78
1762237860,3523.78,3524.75,3515.54,3519.62
1762237920,3519.62,3529.45,3518.68,3528.4
1762237980,3528.4,3531.41,3517.91,3519.36
1762238040,3519.36,3527.66,3519.2,3527
1762238100,3527,3528.38,3520.28,3522.22
1762238160,3522.22,3523.57,3520.44,3520.81
1762238220,3520.81,3523.5,3518.43,3518.68
1762238280,3518.68,3518.68,3508.46,3513.01
1762238340,3513.01,3513.58,3503.3,3503.44
1762238400,3503.44,3507.5,3501.92,3506.06
1762238460,3506.06,3506.35,3503.26,3506
1762238520,3506,3506,3502.3,3502.75
1762238580,3502.75,3505.58,3502.41,3504.2
1762238640,3504.2,3505.87,3500.16,3501.08
1762238700,3501.08,3507.19,3500.48,3506.36
1762238760,3506.36,3510.18,3503.2,3506.07
1762238820,3506.07,3507.79,3504.73,3506.33
1762238880,3506.33,3510,3501.42,3504.72
1762238940,3504.72,3505.19,3500.22,3503.85
1762239000,3503.85,3507,3503.82,3505.37
1762239060,3505.37,3507,3501.21,3501.33
1762239120,3501.33,3506.46,3497.88,3505.96
1762239180,3505.96,3513.81,3505.96,3510.01
1762239240,3510.01,3510.91,3502.09,3502.66
1762239300,3502.66,3504.99,3501.84,3504.72
1762239360,3504.72,3507.55,3504.21,3506.67
1762239420,3506.67,3507.16,3502.52,3503.45
1762239480,3503.45,3504.93,3501.92,3504.06
1762239540,3504.06,3513.1,3504.05,3510.3
1762239600,3510.3,3511.52,3507.48,3507.49
1762239660,3507.49,3512.17,3504.61,3509.44
1762239720,3509.44,3509.44,3504.5,3504.63
1762239780,3504.63,3504.63,3478.49,3483.84
1762239840,3483.84,3490.46,3478.8,3489.59
1762239900,3489.59,3489.59,3480.3,3487.07
1762239960,3487.07,3497.81,3484.79,3496.07
1762240020,3496.07,3503.71,3494.84,3497.99
1762240080,3497.99,3501.8,3493.2,3493.2
1762240140,3493.2,3496.64,3490,3493.27
1762240200,3493.27,3496.57,3489.45,3489.45
1762240260,3489.45,3496.14,3489.38,3493.98
1762240320,3493.98,3498.9,3487.87,3490.26
1762240380,3490.26,3490.26,3483.37,3483.69
1762240440,3483.69,3492.88,3483.56,3491.35
1762240500,3491.35,3491.35,3486.9,3488.78
1762240560,3488.78,3521.33,3488.42,3509.24
1762240620,3509.24,3509.64,3498.81,3501.65
1762240680,3501.65,3501.97,3498.01,3500.76
1762240740,3500.76,3502.75,3497.27,3499.71
1762240800,3499.71,3500.16,3495.19,3498.11
1762240860,3498.11,3501.76,3495.84,3497.52
1762240920,3497.52,3499.83,3493.95,3495.81
1762240980,3495.81,3495.81,3491.71,3494.1
1762241040,3494.1,3496.41,3491.29,3491.82
1762241100,3491.82,3499.92,3491.28,3499.92
1762241160,3499.92,3507.21,3494.96,3495.19
1762241220,3495.19,3495.86,3489.38,3490.57
1762241280,3490.57,3491.37,3479.57,3484.09
1762241340,3484.09,3485.35,3480.91,3481.52
1762241400,3481.52,3488.34,3480.2,3486.61
1762241460,3486.61,3490.99,3485.97,3488.79
1762241520,3488.79,3491.68,3487.69,3490.11
1762241580,3490.11,3490.11,3487.89,3489.01
1762241640,3489.01,3493.28,3487.79,3488.24
1762241700,3488.24,3492.48,3487.77,3490.8
1762241760,3490.8,3492,3487.42,3490.74
1762241820,3490.74,3500.22,3490.74,3497.36
1762241880,3497.36,3498.62,3494.32,3496.15
1762241940,3496.15,3504.08,3494.95,3502.64
1762242000,3502.64,3503.52,3497.61,3497.61
1762242060,3497.61,3497.61,3489.44,3491.8
1762242120,3491.8,3492.82,3484.08,3484.09
1762242180,3484.09,3484.09,3470.08,3476.23
1762242240,3476.23,3482.69,3473.28,3478.97
1762242300,3478.97,3483.68,3477.21,3482.88
1762242360,3482.88,3482.88,3479.64,3481.83
1762242420,3481.83,3484.39,3481,3481.44
1762242480,3481.44,3481.44,3473.01,3474.34
1762242540,3474.34,3478.41,3474.34,3475.68
1762242600,3475.68,3481.76,3475.68,3481.38
1762242660,3481.38,3486,3480.38,3485.55
1762242720,3485.55,3489.33,3485.5,3488.97
1762242780,3488.97,3490.78,3487.04,3490.77
1762242840,3490.77,3492.59,3487.32,3491.59
1762242900,3491.59,3491.6,3488.2,3489.78
1762242960,3489.78,3493.3,3489.78,3492.79
1762243020,3492.79,3493.04,3490.76,3491.44
1762243080,3491.44,3492.31,3489.27,3492
1762243140,3492,3493.31,3490.21,3492.61
1762243200,3492.61,3494.85,3489.66,3493.75
1762243260,3493.75,3493.79,3480.99,3481.53
1762243320,3481.53,3487.5,3479.24,3487.49
1762243380,3487.49,3490.15,3483.13,3486.22
1762243440,3486.22,3486.27,3482.6,3482.6
1762243500,3482.6,3483.97,3478.1,3479.2
1762243560,3479.2,3485.56,3478.51,3485.41
1762243620,3485.41,3485.7,3478.01,3478.9
1762243680,3478.9,3481.61,3474.54,3475.6
1762243740,3475.6,3477.71,3472.04,3474.4
1762243800,3474.4,3479.05,3473.56,3478.73
1762243860,3478.73,3483.26,3477.43,3478.8
1762243920,3478.8,3483.5,3477.63,3479.81
1762243980,3479.81,3479.82,3465.58,3470.86
1762244040,3470.86,3474.04,3466.46,3468.06
1762244100,3468.06,3469.99,3460.06,3461.56
1762244160,3461.56,3471.73,3461.56,3464.88
1762244220,3464.88,3464.88,3458.01,3462.09
1762244280,3462.09,3466.67,3459.17,3465.36
1762244340,3465.36,3467.88,3461.4,3464.09
1762244400,3464.09,3484.82,3463.93,3480.25
1762244460,3480.25,3488.6,3479.52,3485.69
1762244520,3485.69,3493.44,3483.51,3493.35
1762244580,3493.35,3497.08,3490.46,3495
1762244640,3495,3495.59,3489.9,3492.96
1762244700,3492.96,3496.21,3487.53,3487.53
1762244760,3487.53,3488,3482.13,3483.15
1762244820,3483.15,3487.27,3483.08,3487.17
1762244880,3487.17,3488.27,3485,3485.78
1762244940,3485.78,3490.13,3485,3489.08
1762245000,3489.08,3497,3487.14,3494.53
1762245060,3494.53,3509,3494.39,3502.89
1762245120,3502.89,3511.56,3501.96,3507.51
1762245180,3507.51,3511.2,3505.48,3507.12
1762245240,3507.12,3507.71,3504.61,3506.39
1762245300,3506.39,3506.5,3502.97,3503.6
1762245360,3503.6,3510.5,3503.6,3506.87
1762245420,3506.87,3509.27,3505,3507.31
1762245480,3507.31,3509.62,3506.01,3506.01
1762245540,3506.01,3506.88,3501.33,3502.45
1762245600,3502.45,3503,3500,3501.9
1762245660,3501.9,3506,3500.39,3505.29
1762245720,3505.29,3507.81,3503.13,3504.73
1762245780,3504.73,3505.58,3503.13,3504.77
1762245840,3504.77,3505.82,3503.6,3505.49
1762245900,3505.49,3507.68,3498.95,3500.12
1762245960,3500.12,3500.12,3488.04,3489.89
1762246020,3489.89,3500.63,3488.4,3498.85
1762246080,3498.85,3499.6,3495.24,3495.5
1762246140,3495.5,3497.56,3492.87,3497.56
1762246200,3497.56,3498.53,3492.5,3492.5
1762246260,3492.5,3494.42,3490.94,3491.36
1762246320,3491.36,3491.45,3484.47,3486.24
1762246380,3486.24,3494.1,3486,3493.72
1762246440,3493.72,3493.72,3488.45,3489.27
1762246500,3489.27,3490.45,3487.12,3490.44
1762246560,3490.44,3494.79,3488.78,3493.25
1762246620,3493.25,3494.66,3492.18,3494.1
1762246680,3494.1,3495,3491.6,3491.61
1762246740,3491.61,3494.97,3491.6,3494.31
1762246800,3494.31,3499.3,3492,3498.15
1762246860,3498.15,3498.46,3494.21,3494.31
1762246920,3494.31,3498.73,3494.31,3495.11
1762246980,3495.11,3495.35,3490.74,3494.35
1762247040,3494.35,3497.6,3492.97,3496.5
1762247100,3496.5,3499.32,3494.12,3494.36
1762247160,3494.36,3501.35,3494.01,3495.2
1762247220,3495.2,3495.37,3490.38,3490.99
1762247280,3490.99,3491.16,3486.17,3486.5
1762247340,3486.5,3491.52,3483.28,3491.37
1762247400,3491.37,3491.37,3487.71,3489.04
1762247460,3489.04,3491.99,3486.62,3487.17
1762247520,3487.17,3490.5,3486.99,3486.99
1762247580,3486.99,3487.92,3476.16,3481.55
1762247640,3481.55,3484.97,3479.71,3484.56
1762247700,3484.56,3484.97,3473.42,3480.59
1762247760,3480.59,3486.86,3480.16,3485.69
1762247820,3485.69,3493.25,3484.46,3492.21
1762247880,3492.21,3492.39,3483.84,3484.96
1762247940,3484.96,3488.11,3484.26,3487.04
1762248000,3487.04,3491.57,3485.79,3489
1762248060,3489,3489.01,3476.88,3478.38
1762248120,3478.38,3480.97,3476.36,3480.97
1762248180,3480.97,3483.99,3476.23,3483.37
1762248240,3483.37,3487.08,3480.63,3481.14
1762248300,3481.14,3483.89,3480.49,3483.2
1762248360,3483.2,3487.11,3481.71,3486.03
1762248420,3486.03,3493,3485.71,3491.61
1762248480,3491.61,3492.93,3488.74,3491.19
1762248540,3491.19,3491.19,3487.14,3489.19
1762248600,3489.19,3491.81,3487.8,3491.17
1762248660,3491.17,3497.07,3490.54,3495.6
1762248720,3495.6,3499.6,3493,3493.75
1762248780,3493.75,3495.61,3492.95,3493.99
1762248840,3493.99,3495.19,3491.25,3494.07
1762248900,3494.07,3494.07,3487.9,3487.9
1762248960,3487.9,3487.91,3481.44,3485.77
1762249020,3485.77,3492.72,3484.69,3492.09
1762249080,3492.09,3499.02,3491.93,3496.05
1762249140,3496.05,3496.09,3491.75,3492.29
1762249200,3492.29,3492.78,3490,3491.82
1762249260,3491.82,3496.97,3491.82,3494.67
1762249320,3494.67,3496.82,3493.26,3493.35
1762249380,3493.35,3494.97,3492,3493.32
1762249440,3493.32,3494.66,3491.25,3492.54
1762249500,3492.54,3494.79,3490.95,3493.24
1762249560,3493.24,3495.53,3490.95,3495.52
1762249620,3495.52,3499.3,3493,3493
1762249680,3493,3493,3488.23,3488.77
1762249740,3488.77,3491.77,3488.77,3491.03
1762249800,3491.03,3494.99,3491.03,3493.8
1762249860,3493.8,3493.8,3486.88,3487.32
1762249920,3487.32,3489.29,3483.32,3483.56
1762249980,3483.56,3487.96,3483.34,3485.81
1762250040,3485.81,3485.96,3481.85,3482.64
1762250100,3482.64,3485.12,3481.76,3481.78
1762250160,3481.78,3486.2,3480.6,3486
1762250220,3486,3491.4,3485,3490.65
1762250280,3490.65,3491.99,3487.76,3491.33
1762250340,3491.33,3493.78,3489.53,3490.7
1762250400,3490.7,3492,3487.92,3491.32
1762250460,3491.32,3492,3485.92,3486.07
1762250520,3486.07,3491.61,3486.07,3488.8
1762250580,3488.8,3489.71,3485.78,3486.35
1762250640,3486.35,3491.04,3484.76,3485.36
1762250700,3485.36,3488.24,3485,3487.6
1762250760,3487.6,3492.5,3487.6,3490.69
1762250820,3490.69,3492.99,3487.89,3489.54
1762250880,3489.54,3492.71,3489.43,3490.41
1762250940,3490.41,3494.08,3488.72,3489.76
1762251000,3489.76,3492.59,3489.25,3490.93
1762251060,3490.93,3493.87,3487.66,3493.87
1762251120,3493.87,3497.58,3493.01,3493.6
1762251180,3493.6,3494.57,3489.05,3489.57
1762251240,3489.57,3491.33,3489.21,3490.32
1762251300,3490.32,3494.85,3489.84,3494.85
1762251360,3494.85,3501.66,3493.35,3495.29
1762251420,3495.29,3496.45,3492.55,3493.86
1762251480,3493.86,3495.99,3492.37,3495.61
1762251540,3495.61,3498,3495,3495
1762251600,3495,3496.68,3492,3493.21
1762251660,3493.21,3496,3492,3495.24
1762251720,3495.24,3498.88,3492.81,3493.23
1762251780,3493.23,3493.8,3490.61,3490.65
1762251840,3490.65,3490.65,3486,3488.25
1762251900,3488.25,3491.59,3488.12,3488.97
1762251960,3488.97,3493.84,3488.03,3492.72
1762252020,3492.72,3496.05,3492.41,3493.87
1762252080,3493.87,3494.39,3483.59,3485.09
1762252140,3485.09,3487.2,3480.1,3483.75
1762252200,3483.75,3486.68,3483.33,3484.93
1762252260,3484.93,3484.95,3480.11,3480.84
1762252320,3480.84,3481.58,3479,3480.68
1762252380,3480.68,3485,3480.52,3485
1762252440,3485,3491.88,3484.21,3485.33
1762252500,3485.33,3486.66,3480.79,3482.4
1762252560,3482.4,3482.4,3477.16,3478.26
1762252620,3478.26,3480.44,3470.97,3479.88
1762252680,3479.88,3485.31,3479.85,3484.79
1762252740,3484.79,3488,3484.79,3486.8
1762252800,3486.8,3487.61,3483.56,3487.14
1762252860,3487.14,3491.57,3485.32,3488.44
1762252920,3488.44,3492.43,3484.15,3484.85
1762252980,3484.85,3487.69,3480.2,3480.54
1762253040,3480.54,3481.74,3479.3,3480.43
1762253100,3480.43,3483.01,3478.14,3481.88
1762253160,3481.88,3484.69,3480.33,3480.53
1762253220,3480.53,3481.18,3478.44,3480.3
1762253280,3480.3,3482.53,3477.29,3477.59
1762253340,3477.59,3478.91,3474.07,3475.34
1762253400,3475.34,3478.2,3475.14,3475.48
1762253460,3475.48,3475.82,3471.73,3474.21
1762253520,3474.21,3479.78,3474,3479.36
1762253580,3479.36,3479.94,3473.54,3477.89
1762253640,3477.89,3478.96,3475.41,3475.65
1762253700,3475.65,3476.52,3472.31,3475.26
1762253760,3475.26,3477.25,3474.29,3476.76
1762253820,3476.76,3482.77,3476.26,3481.55
1762253880,3481.55,3483.5,3479.84,3481.56
1762253940,3481.56,3484.33,3479.91,3483.86
1762254000,3483.86,3486.03,3481.75,3484.62
1762254060,3484.62,3484.99,3482.28,3484.99
1762254120,3484.99,3498.7,3484.68,3494.68
1762254180,3494.68,3499.8,3494.51,3496.78
1762254240,3496.78,3496.78,3492.76,3494.1
1762254300,3494.1,3500.73,3493.75,3497.84
1762254360,3497.84,3509.5,3497.51,3506.95
1762254420,3506.95,3511.05,3506.52,3508.73
1762254480,3508.73,3510.84,3505.82,3510.57
1762254540,3510.57,3510.93,3508.87,3510.4
1762254600,3510.4,3513.96,3507.6,3510.44
1762254660,3510.44,3511.64,3508.24,3510.2
1762254720,3510.2,3510.5,3506.7,3510
1762254780,3510,3510.5,3506.61,3509.66
1762254840,3509.66,3510.5,3508.25,3510.19
1762254900,3510.19,3510.54,3507.72,3509.78
1762254960,3509.78,3511.94,3505.12,3505.49
1762255020,3505.49,3511.8,3505.48,3511.28
1762255080,3511.28,3520.9,3510.7,3518.63
1762255140,3518.63,3527.84,3514.11,3514.11
1762255200,3514.11,3520.48,3514,3520.48
1762255260,3520.48,3525.2,3519.45,3520.41
1762255320,3520.41,3522.26,3515.47,3516.31
1762255380,3516.31,3516.66,3511.09,3514.99
1762255440,3514.99,3517.65,3513.42,3515.61
1762255500,3515.61,3516.76,3509.45,3509.56
1762255560,3509.56,3509.71,3505.41,3506.83
1762255620,3506.83,3509.91,3506,3507.07
1762255680,3507.07,3509.76,3507.06,3508.56
1762255740,3508.56,3509.17,3507.62,3507.62
1762255800,3507.62,3510,3507.03,3508.4
1762255860,3508.4,3509.2,3505.45,3506.51
1762255920,3506.51,3509.06,3504.39,3508.66
1762255980,3508.66,3512,3507.69,3510.53
1762256040,3510.53,3512.84,3508.02,3508.61
1762256100,3508.61,3511.67,3508.01,3508.64
1762256160,3508.64,3513.35,3508.64,3510.73
1762256220,3510.73,3517.44,3509.72,3516.98
1762256280,3516.98,3519.64,3514.82,3515.87
1762256340,3515.87,3522.02,3515.87,3518.88
1762256400,3518.88,3519.97,3513.01,3513.14
1762256460,3513.14,3516.55,3512.74,3515.89
1762256520,3515.89,3520.42,3515.89,3520.37
1762256580,3520.37,3520.37,3517.47,3518.46
1762256640,3518.46,3520.05,3517.52,3520.05
1762256700,3520.05,3521.51,3518,3521.51
1762256760,3521.51,3522.56,3518.82,3522.16
1762256820,3522.16,3522.66,3519.96,3521.4
1762256880,3521.4,3522.54,3518.27,3518.27
1762256940,3518.27,3519.12,3514.37,3515.58
1762257000,3515.58,3517.4,3515.42,3516.18
1762257060,3516.18,3518.85,3516.04,3517.81
1762257120,3517.81,3521.51,3517.47,3520.92
1762257180,3520.92,3521.46,3519.1,3519.75
1762257240,3519.75,3521.32,3518.4,3519.01
1762257300,3519.01,3519.36,3516.84,3518.31
1762257360,3518.31,3524.97,3518.31,3520.77
1762257420,3520.77,3521.13,3518.46,3520.58
1762257480,3520.58,3534.72,3520.58,3531.2
1762257540,3531.2,3531.62,3527.2,3527.21
1762257600,3527.21,3528.62,3520.85,3521.13
1762257660,3521.13,3524.21,3520.04,3522.34
1762257720,3522.34,3527.06,3520.61,3526.99
1762257780,3526.99,3526.99,3523.51,3524.43
1762257840,3524.43,3526,3521.68,3523.73
1762257900,3523.73,3530.75,3522.42,3529.21
1762257960,3529.21,3530.15,3526.59,3528
1762258020,3528,3528.82,3519.17,3520.07
1762258080,3520.07,3524.93,3517.38,3523.15
1762258140,3523.15,3524.25,3520.37,3522
1762258200,3522,3522.2,3517.6,3518.63
1762258260,3518.63,3519.09,3515.08,3516.2
1762258320,3516.2,3517,3513.94,3514.45
1762258380,3514.45,3514.91,3510.93,3513.71
1762258440,3513.71,3515.9,3512.78,3515.51
1762258500,3515.51,3515.81,3511.61,3513.57
1762258560,3513.57,3514.59,3509.73,3511.08
1762258620,3511.08,3511.09,3507.37,3510.72
1762258680,3510.72,3512.28,3508.91,3509.76
1762258740,3509.76,3511.26,3499.81,3511.12
1762258800,3511.12,3514.83,3510.18,3512.71
1762258860,3512.71,3515.9,3512,3515.4
1762258920,3515.4,3515.9,3510.7,3510.81
1762258980,3510.81,3511.69,3507.37,3508.71
1762259040,3508.71,3508.85,3502,3502.2
1762259100,3502.2,3505.16,3501.51,3504.36
1762259160,3504.36,3510.18,3504.06,3507.98
1762259220,3507.98,3510.17,3507.77,3508.54
1762259280,3508.54,3510.8,3508.35,3510.15
1762259340,3510.15,3510.18,3506.4,3507.03
1762259400,3507.03,3508.98,3505.48,3507
1762259460,3507,3507.01,3503.2,3503.8
1762259520,3503.8,3504.8,3500.8,3500.81
1762259580,3500.81,3504.78,3500.64,3504.36
1762259640,3504.36,3505.64,3502.22,3502.22
1762259700,3502.22,3503.75,3493.24,3495.81
1762259760,3495.81,3498.95,3493.39,3496.4
1762259820,3496.4,3500.11,3494.52,3499.38
1762259880,3499.38,3499.74,3496.14,3497.31
1762259940,3497.31,3498.54,3493.84,3496.6
1762260000,3496.6,3500.69,3496.51,3496.51
1762260060,3496.51,3501.8,3496.17,3501.5
1762260120,3501.5,3501.84,3499.28,3499.64
1762260180,3499.64,3500.99,3498.07,3499.28
1762260240,3499.28,3502.57,3499.27,3502.25
1762260300,3502.25,3503.87,3498.28,3501.19
1762260360,3501.19,3504.76,3498.96,3503.93
1762260420,3503.93,3505.98,3503.54,3504.74
1762260480,3504.74,3509.37,3504.39,3506.8
1762260540,3506.8,3508.8,3503.85,3508.8
1762260600,3508.8,3508.8,3505.42,3506.38
1762260660,3506.38,3510.19,3506.38,3508
1762260720,3508,3509.28,3506,3507.84
1762260780,3507.84,3508.79,3506.65,3507.6
1762260840,3507.6,3511.99,3507.6,3509.81
1762260900,3509.81,3509.81,3507.64,3508.51
1762260960,3508.51,3510,3507.85,3509.97
1762261020,3509.97,3511.42,3506.48,3506.81
1762261080,3506.81,3509.88,3506.51,3509.79
1762261140,3509.79,3509.89,3508.09,3509.47
1762261200,3509.47,3511.61,3507.67,3511.37
1762261260,3511.37,3513.53,3507.21,3508.08
1762261320,3508.08,3510.07,3503.04,3504.77
1762261380,3504.77,3513.16,3504.77,3510.18
1762261440,3510.18,3510.28,3506.85,3507.1
1762261500,3507.1,3507.51,3504.11,3505.08
1762261560,3505.08,3509.28,3503.69,3507.61
1762261620,3507.61,3510.59,3505.68,3509.75
1762261680,3509.75,3510.14,3504.35,3506.1
1762261740,3506.1,3508.18,3504.06,3507.63
1762261800,3507.63,3512.05,3506.22,3510.36
1762261860,3510.36,3514.54,3510.19,3513.88
1762261920,3513.88,3517.95,3513.88,3516.49
1762261980,3516.49,3516.78,3513.67,3515.35
1762262040,3515.35,3515.36,3513.25,3513.25
1762262100,3513.25,3515.18,3512.24,3514.61
1762262160,3514.61,3514.72,3511.44,3513.48
1762262220,3513.48,3517.99,3512.11,3515.61
1762262280,3515.61,3518.31,3515.61,3517.22
1762262340,3517.22,3518.86,3516.56,3516.8
1762262400,3516.8,3517.38,3512.58,3514.88
1762262460,3514.88,3514.89,3509.82,3510.01
1762262520,3510.01,3512.99,3509.19,3512.97
1762262580,3512.97,3513,3509.85,3510.15
1762262640,3510.15,3512.94,3505.13,3506.2
1762262700,3506.2,3506.48,3496.71,3499.11
1762262760,3499.11,3499.96,3495.23,3498.21
1762262820,3498.21,3499.01,3491.33,3495.27
1762262880,3495.27,3496.43,3491.45,3496.21
1762262940,3496.21,3498.79,3496,3497.01
1762263000,3497.01,3501.94,3495.47,3501.32
1762263060,3501.32,3501.6,3496.03,3496.09
1762263120,3496.09,3501.51,3496.09,3501.51
1762263180,3501.51,3512.05,3501.51,3507.12
1762263240,3507.12,3511.62,3507.11,3510.36
1762263300,3510.36,3518.5,3510.36,3515.59
1762263360,3515.59,3520.44,3514.6,3516.84
1762263420,3516.84,3520,3515.87,3519.5
1762263480,3519.5,3522.59,3516.02,3516.48
1762263540,3516.48,3518.96,3513.5,3517.61
1762263600,3517.61,3519.58,3515.72,3517.09
1762263660,3517.09,3520.5,3514.01,3516.4
1762263720,3516.4,3516.71,3510.77,3512.81
1762263780,3512.81,3516.7,3510.81,3514.17
1762263840,3514.17,3515,3512.44,3513.14
1762263900,3513.14,3513.15,3509.3,3510.35
1762263960,3510.35,3513.2,3508.36,3510.67
1762264020,3510.67,3515,3508.59,3514.94
1762264080,3514.94,3517.61,3513.17,3513.87
1762264140,3513.87,3513.87,3505.43,3506.18
1762264200,3506.18,3506.57,3504.05,3506.36
1762264260,3506.36,3510.67,3506.36,3510.57
1762264320,3510.57,3513.2,3510.57,3510.58
1762264380,3510.58,3513.41,3509.17,3511.91
1762264440,3511.91,3512.72,3510.8,3511.76
1762264500,3511.76,3512.3,3510.58,3512.12
1762264560,3512.12,3513.18,3510.69,3510.72
1762264620,3510.72,3510.73,3507.8,3507.8
1762264680,3507.8,3510.72,3507.2,3507.2
1762264740,3507.2,3507.33,3504.76,3505.36
1762264800,3505.36,3505.81,3503.12,3503.87
1762264860,3503.87,3504.3,3494.04,3497.02
1762264920,3497.02,3497.02,3492.88,3494.56
1762264980,3494.56,3496.09,3493,3494.51
1762265040,3494.51,3500.93,3494.02,3500
1762265100,3500,3505.68,3500,3503.55
1762265160,3503.55,3510.8,3502.13,3509.82
1762265220,3509.82,3511.34,3506.53,3509.33
1762265280,3509.33,3509.77,3505.87,3509.67
1762265340,3509.67,3509.79,3506.55,3508.66
1762265400,3508.66,3509.48,3506.59,3507.17
1762265460,3507.17,3509.07,3501.78,3508.53
1762265520,3508.53,3508.53,3502.8,3504.25
1762265580,3504.25,3505.88,3502.64,3505.09
1762265640,3505.09,3505.63,3500.62,3500.64
1762265700,3500.64,3504.42,3496.06,3502.83
1762265760,3502.83,3503.21,3500.69,3502.58
1762265820,3502.58,3503.95,3500.83,3502
1762265880,3502,3504.25,3500.82,3504.01
1762265940,3504.01,3509.1,3503.22,3503.79
1762266000,3503.79,3503.88,3495.33,3498.77
1762266060,3498.77,3498.94,3494.01,3494.69
1762266120,3494.69,3499.47,3494.65,3498.95
1762266180,3498.95,3502.82,3498.72,3499.41
1762266240,3499.41,3499.41,3492.72,3494.58
1762266300,3494.58,3495.99,3490.92,3493.09
1762266360,3493.09,3496.07,3492.51,3494.9
1762266420,3494.9,3495.7,3490.71,3492.62
1762266480,3492.62,3496.59,3492.62,3495.32
1762266540,3495.32,3497.93,3495.17,3497.45
1762266600,3497.45,3504.53,3487.35,3501.81
1762266660,3501.81,3506.84,3495,3495.29
1762266720,3495.29,3504.37,3490.46,3500.31
1762266780,3500.31,3500.31,3489.04,3490.46
1762266840,3490.46,3496.99,3483.88,3492.36
1762266900,3492.36,3500.54,3488.98,3491.82
1762266960,3491.82,3494.96,3479.74,3493.53
1762267020,3493.53,3493.53,3474.54,3476.73
1762267080,3476.73,3478.61,3471.1,3474.02
1762267140,3474.02,3482.11,3472.54,3479.76
1762267200,3479.76,3492.53,3475.02,3490.02
1762267260,3490.02,3514.75,3489.34,3512.58
1762267320,3512.58,3525.81,3511,3520.09
1762267380,3520.09,3522.39,3511.64,3518
1762267440,3518,3526.66,3516.65,3524.6
1762267500,3524.6,3526,3520.2,3522.8
1762267560,3522.8,3536.09,3521.82,3529.2
1762267620,3529.2,3534.64,3522.15,3527
1762267680,3527,3543.67,3525.84,3541.86
1762267740,3541.86,3541.86,3534.85,3535.07
1762267800,3535.07,3540,3532.7,3537.2
1762267860,3537.2,3554.22,3537.02,3551.13
1762267920,3551.13,3552.7,3542.4,3544.5
1762267980,3544.5,3554.53,3544.41,3549.95
1762268040,3549.95,3564.72,3549.18,3553.94
1762268100,3553.94,3562.73,3552.41,3560.76
1762268160,3560.76,3562.76,3554.5,3554.97
1762268220,3554.97,3554.97,3548,3551.66
1762268280,3551.66,3552.56,3547.64,3550.36
1762268340,3550.36,3556.99,3549,3554.8
1762268400,3554.8,3564.99,3554.46,3558.44
1762268460,3558.44,3567.17,3558.25,3565.36
1762268520,3565.36,3575.66,3562.34,3573.01
1762268580,3573.01,3579.93,3565.96,3566.59
1762268640,3566.59,3575.59,3566.59,3572.82
1762268700,3572.82,3577,3566.87,3569
1762268760,3569,3569.53,3549.52,3550.87
1762268820,3550.87,3558.49,3550.49,3554.16
1762268880,3554.16,3560.42,3550.2,3554.2
1762268940,3554.2,3559.52,3551.04,3557.14
1762269000,3557.14,3557.14,3545.07,3554.37
1762269060,3554.37,3559.32,3552.98,3556.75
1762269120,3556.75,3559.54,3552.46,3553.72
1762269180,3553.72,3561.13,3552.76,3553
1762269240,3553,3553.45,3541.27,3542.18
1762269300,3542.18,3550.51,3541.72,3549.93
1762269360,3549.93,3558.41,3548.7,3556.82
1762269420,3556.82,3562.72,3556.03,3557.48
1762269480,3557.48,3563.94,3556.67,3561.69
1762269540,3561.69,3586.41,3561.69,3581.45
1762269600,3581.45,3586.48,3571.4,3573.13
1762269660,3573.13,3575.55,3568.41,3573.89
1762269720,3573.89,3577.05,3566.4,3569.4
1762269780,3569.4,3573.63,3564.52,3571.16
1762269840,3571.16,3573.3,3570,3572.01
1762269900,3572.01,3576.65,3570.58,3572.38
1762269960,3572.38,3580.66,3568.67,3576.03
1762270020,3576.03,3576.34,3558.55,3564.88
1762270080,3564.88,3567.06,3563.1,3566.58
1762270140,3566.58,3569.03,3561.98,3562.59
1762270200,3562.59,3562.59,3556.75,3557.76
1762270260,3557.76,3560.8,3555,3555.3
1762270320,3555.3,3555.3,3548.37,3552.47
1762270380,3552.47,3555.76,3550.1,3550.1
1762270440,3550.1,3560.33,3548.66,3559.21
1762270500,3559.21,3560.84,3557.3,3558.2
1762270560,3558.2,3560.84,3551.91,3552.01
1762270620,3552.01,3552.35,3545.81,3547.12
1762270680,3547.12,3550.87,3546.26,3550.87
1762270740,3550.87,3554.16,3549.29,3550.8
1762270800,3550.8,3553.41,3549.01,3550.19
1762270860,3550.19,3550.49,3545.15,3546.55
1762270920,3546.55,3551.47,3541.92,3544.48
1762270980,3544.48,3548.5,3544.47,3547.45
1762271040,3547.45,3549.34,3545.53,3548.65
1762271100,3548.65,3548.65,3535.55,3537.45
1762271160,3537.45,3539.5,3532,3536.88
1762271220,3536.88,3536.88,3525.5,3526.15
1762271280,3526.15,3529.57,3523.35,3526.7
1762271340,3526.7,3528.5,3524.67,3525.1
1762271400,3525.1,3526.09,3515.61,3516.66
1762271460,3516.66,3520,3514.45,3516.37
1762271520,3516.37,3516.38,3504.55,3508.53
1762271580,3508.53,3509.99,3493.83,3499.42
1762271640,3499.42,3511.73,3499.19,3511.73
1762271700,3511.73,3514.4,3507.15,3507.78
1762271760,3507.78,3507.78,3493.5,3501.62
1762271820,3501.62,3503.98,3497.09,3502.36
1762271880,3502.36,3510.87,3500.93,3508.44
1762271940,3508.44,3509.3,3503.3,3505.76
1762272000,3505.76,3514,3504.54,3513.27
1762272060,3513.27,3519,3511.05,3517.2
1762272120,3517.2,3517.87,3506.66,3509.31
1762272180,3509.31,3514.39,3505.3,3508
1762272240,3508,3512.88,3507.99,3509.94
1762272300,3509.94,3510.29,3501.16,3501.52
1762272360,3501.52,3505.03,3498,3500.38
1762272420,3500.38,3510.55,3500.37,3509.78
1762272480,3509.78,3510.91,3502.31,3502.31
1762272540,3502.31,3505.58,3499.52,3499.8
1762272600,3499.8,3500.68,3495.42,3497.09
1762272660,3497.09,3497.86,3480,3488.23
1762272720,3488.23,3499.56,3483.44,3497.86
1762272780,3497.86,3503.7,3496.69,3499.3
1762272840,3499.3,3499.3,3491.38,3493.68
1762272900,3493.68,3496.88,3490.01,3492.53
1762272960,3492.53,3492.53,3485.49,3488.65
1762273020,3488.65,3499.43,3488.41,3495.28
1762273080,3495.28,3495.41,3483.61,3485.32
1762273140,3485.32,3491.18,3482.96,3483.66
1762273200,3483.66,3484.35,3468,3469.66
1762273260,3469.66,3475.17,3464.81,3464.93
1762273320,3464.93,3471.33,3462.24,3471.05
1762273380,3471.05,3472.51,3459,3461.41
1762273440,3461.41,3466.97,3455.94,3464.85
1762273500,3464.85,3477.69,3462.76,3476
1762273560,3476,3476.01,3468.01,3472.92
1762273620,3472.92,3477.25,3469.9,3469.9
1762273680,3469.9,3479.75,3469.11,3479.4
1762273740,3479.4,3480.61,3475,3475.46
1762273800,3475.46,3483.18,3471.76,3482.24
1762273860,3482.24,3488,3476.92,3484.96
1762273920,3484.96,3484.96,3476.2,3476.2
1762273980,3476.2,3478.38,3470.93,3476.56
1762274040,3476.56,3478.55,3470.24,3473.11
1762274100,3473.11,3475.22,3469.31,3471.48
1762274160,3471.48,3475.2,3464.37,3469.04
1762274220,3469.04,3477.18,3469.04,3471.17
1762274280,3471.17,3472.51,3461.43,3464.18
1762274340,3464.18,3468.64,3457.41,3468.3
1762274400,3468.3,3469.06,3457.65,3458.68
1762274460,3458.68,3468.38,3458.33,3467.51
1762274520,3467.51,3467.81,3457.69,3458.91
1762274580,3458.91,3467.03,3458.49,3463.81
1762274640,3463.81,3464.17,3453.54,3456.89
1762274700,3456.89,3464.26,3455,3455.18
1762274760,3455.18,3458.04,3450.54,3451.27
1762274820,3451.27,3456.36,3442.22,3455.85
1762274880,3455.85,3457.16,3445.07,3446.67
1762274940,3446.67,3449.12,3443.39,3445.27
1762275000,3445.27,3445.27,3435.49,3442.16
1762275060,3442.16,3442.17,3428.5,3429.3
1762275120,3429.3,3441.69,3426.32,3439.96
1762275180,3439.96,3442.55,3436.02,3442
1762275240,3442,3447.31,3438.65,3447.31
1762275300,3447.31,3449.82,3442.41,3444.48
1762275360,3444.48,3445.46,3426.96,3430
1762275420,3430,3433.2,3429.26,3430.71
1762275480,3430.71,3431.77,3423.47,3431.33
1762275540,3431.33,3431.39,3423,3427.85
1762275600,3427.85,3427.85,3416.15,3417.73
1762275660,3417.73,3423.16,3417.6,3421.38
1762275720,3421.38,3424.31,3412,3417.76
1762275780,3417.76,3419.57,3408.27,3410.71
1762275840,3410.71,3410.73,3404.03,3407.89
1762275900,3407.89,3409.36,3398.28,3406.6
1762275960,3406.6,3413.33,3402.93,3411.39
1762276020,3411.39,3413.58,3393.17,3394.34
1762276080,3394.34,3410.4,3393.9,3396.23
1762276140,3396.23,3399.2,3389,3397.62
1762276200,3397.62,3400.75,3383.2,3386.82
1762276260,3386.82,3395.02,3385.4,3390.12
1762276320,3390.12,3392.27,3384.34,3388.99
1762276380,3388.99,3388.99,3381.63,3386.52
1762276440,3386.52,3389.88,3382.66,3384.36
1762276500,3384.36,3389.41,3381.03,3386.84
1762276560,3386.84,3386.84,3367.94,3369.31
1762276620,3369.31,3372.84,3361,3369.5
1762276680,3369.5,3397.07,3368.46,3392.3
1762276740,3392.3,3393.44,3375.05,3377.06
1762276800,3377.06,3396.13,3375.63,3392.99
1762276860,3392.99,3397.41,3386.74,3395.13
1762276920,3395.13,3409.04,3394.16,3403.93
1762276980,3403.93,3409.39,3400.79,3406.79
1762277040,3406.79,3407.29,3391.97,3393.14
1762277100,3393.14,3393.14,3383.4,3390.12
1762277160,3390.12,3399.7,3387.4,3397.96
1762277220,3397.96,3398.36,3385.73,3391.61
1762277280,3391.61,3394.33,3385.41,3386.75
1762277340,3386.75,3387.36,3380,3384.11
1762277400,3384.11,3399.81,3383.22,3397.48
1762277460,3397.48,3414.49,3394.69,3410.06
1762277520,3410.06,3410.58,3394.52,3396.25
1762277580,3396.25,3403.85,3396.25,3403.76
1762277640,3403.76,3409,3400.27,3404.99
1762277700,3404.99,3417.68,3400.16,3416.01
1762277760,3416.01,3417.49,3406,3417.48
1762277820,3417.48,3419.07,3411.38,3413.85
1762277880,3413.85,3415.71,3406.11,3410.43
1762277940,3410.43,3412.87,3398.01,3400.88
1762278000,3400.88,3402.17,3395.38,3397.4
1762278060,3397.4,3400.26,3391.84,3391.99
1762278120,3391.99,3392.22,3387.01,3390.64
1762278180,3390.64,3390.64,3387.08,3387.78
1762278240,3387.78,3393.8,3385.88,3388.65
1762278300,3388.65,3391.9,3386.08,3390.4
1762278360,3390.4,3391.04,3386,3388.65
1762278420,3388.65,3393.51,3386.59,3390.54
1762278480,3390.54,3391.6,3376.2,3376.84
1762278540,3376.84,3388.35,3376.29,3385.54
1762278600,3385.54,3392.74,3383.98,3387.4
1762278660,3387.4,3387.41,3379.28,3380.7
1762278720,3380.7,3383.81,3377.4,3380.54
1762278780,3380.54,3384,3371.13,3374.8
1762278840,3374.8,3375.23,3365,3370.56
1762278900,3370.56,3373.37,3366.63,3369.6
1762278960,3369.6,3371.71,3362.94,3371.71
1762279020,3371.71,3371.83,3365.2,3366.28
1762279080,3366.28,3375.02,3366.27,3374.36
1762279140,3374.36,3379.58,3371.56,3371.83
1762279200,3371.83,3373.17,3362.76,3364.35
1762279260,3364.35,3371.1,3364.35,3370.41
1762279320,3370.41,3370.58,3357.5,3357.75
1762279380,3357.75,3360.76,3351.59,3353.58
1762279440,3353.58,3353.58,3333.01,3339.19
1762279500,3339.19,3362.96,3337.52,3358.6
1762279560,3358.6,3369,3353.55,3358.16
1762279620,3358.16,3358.97,3346.04,3349.1
1762279680,3349.1,3364.68,3348.34,3362.41
1762279740,3362.41,3369.02,3358.28,3364.95
1762279800,3364.95,3368.41,3360.22,3363.37
1762279860,3363.37,3365.5,3351.92,3353.4
1762279920,3353.4,3361.21,3352.87,3357.73
1762279980,3357.73,3358.64,3352.49,3356.2
1762280040,3356.2,3356.63,3344.46,3350.92
1762280100,3350.92,3353.45,3346.93,3349.87
1762280160,3349.87,3351.5,3338.32,3342.73
1762280220,3342.73,3343.69,3335.66,3339.51
1762280280,3339.51,3341.1,3335.02,3336
1762280340,3336,3336.16,3322.88,3323.11
1762280400,3323.11,3332.16,3321.01,3331.19
1762280460,3331.19,3331.19,3318,3320.07
1762280520,3320.07,3327.1,3311.76,3325.5
1762280580,3325.5,3332.3,3316.25,3331.91
1762280640,3331.91,3335,3321.68,3326.14
1762280700,3326.14,3327.79,3315.54,3317.19
1762280760,3317.19,3322.19,3315.76,3321.49
1762280820,3321.49,3328.56,3317.66,3320
1762280880,3320,3320.76,3312.04,3316.92
1762280940,3316.92,3321.83,3316.58,3319.34
1762281000,3319.34,3325.7,3314.48,3322.56
1762281060,3322.56,3323.4,3297.11,3300.32
1762281120,3300.32,3305.11,3285.03,3286.18
1762281180,3286.18,3291.06,3265,3273.4
1762281240,3273.4,3286.09,3259,3284.42
1762281300,3284.42,3284.89,3254.75,3259.24
1762281360,3259.24,3297.53,3259,3288
1762281420,3288,3296.85,3280.21,3287.51
1762281480,3287.51,3291.3,3281,3281.12
1762281540,3281.12,3284.27,3266.54,3269.12
1762281600,3269.12,3275.99,3265.37,3271.23
1762281660,3271.23,3288.22,3267.74,3287.19
1762281720,3287.19,3303.35,3286.75,3300.49
1762281780,3300.49,3316.67,3296.06,3312.23
1762281840,3312.23,3316.56,3299.6,3316.15
1762281900,3316.15,3316.16,3298.05,3299.8
1762281960,3299.8,3304.39,3294.15,3297.06
1762282020,3297.06,3302.02,3290.44,3291.11
1762282080,3291.11,3292.19,3287.11,3287.79
1762282140,3287.79,3288.64,3268.96,3271.21
1762282200,3271.21,3287.62,3269.72,3282.4
1762282260,3282.4,3296.54,3280.03,3290.96
1762282320,3290.96,3294.83,3287.03,3291.81
1762282380,3291.81,3299.58,3282.08,3296.91
1762282440,3296.91,3315.8,3294.2,3309.42
1762282500,3309.42,3312.41,3302.07,3303.04
1762282560,3303.04,3303.79,3291.5,3291.91
1762282620,3291.91,3299.68,3291.9,3298.78
1762282680,3298.78,3314.25,3298.46,3308.88
1762282740,3308.88,3309.48,3301.49,3302.56
1762282800,3302.56,3305.49,3295.68,3304.83
1762282860,3304.83,3309.06,3300.36,3306.28
1762282920,3306.28,3316.62,3301.9,3307.15
1762282980,3307.15,3311.72,3301.52,3302.98
1762283040,3302.98,3307.4,3302.4,3307.4
1762283100,3307.4,3307.5,3288.46,3290.82
1762283160,3290.82,3299.78,3290.16,3293.76
1762283220,3293.76,3297.67,3290.33,3291.25
1762283280,3291.25,3291.25,3285.01,3286.62
1762283340,3286.62,3295.15,3283.21,3288.69
1762283400,3288.69,3294.59,3285.8,3292.67
1762283460,3292.67,3295.41,3288.01,3290
1762283520,3290,3298.61,3288.33,3293.91
1762283580,3293.91,3303.68,3293.91,3301.37
1762283640,3301.37,3306.4,3301.02,3304.46
1762283700,3304.46,3314.56,3297.81,3311.81
1762283760,3311.81,3314.63,3305.7,3305.7
1762283820,3305.7,3306.59,3297.11,3299.86
1762283880,3299.86,3302.4,3296.48,3300.54
1762283940,3300.54,3302.4,3294.37,3294.88
1762284000,3294.88,3298.7,3290.6,3297.6
1762284060,3297.6,3302.24,3287.86,3294.39
1762284120,3294.39,3301.48,3294.25,3299.63
1762284180,3299.63,3312.83,3299.63,3306.8
1762284240,3306.8,3307.25,3301.83,3304.48
1762284300,3304.48,3314.74,3303.6,3308.32
1762284360,3308.32,3308.32,3296.2,3297.01
1762284420,3297.01,3300.23,3293.99,3294.67
1762284480,3294.67,3296.16,3290.14,3293.09
1762284540,3293.09,3294.74,3288,3291.67
1762284600,3291.67,3297.65,3290.01,3291.84
1762284660,3291.84,3292.31,3283.49,3285.74
1762284720,3285.74,3288.52,3283.89,3285.01
1762284780,3285.01,3289.35,3281.16,3288.71
1762284840,3288.71,3293.38,3286.06,3290.05
1762284900,3290.05,3292.44,3284.13,3286.48
1762284960,3286.48,3287.36,3273.16,3274.96
1762285020,3274.96,3276.04,3270.66,3271.18
1762285080,3271.18,3275.49,3269,3274.98
1762285140,3274.98,3277.17,3271.51,3271.6
1762285200,3271.6,3281.52,3270.55,3276.35
1762285260,3276.35,3278.27,3268.04,3268.42
1762285320,3268.42,3271.21,3267.01,3268.4
1762285380,3268.4,3268.6,3261.03,3264.69
1762285440,3264.69,3272.54,3264.69,3271.51
1762285500,3271.51,3272,3267.12,3268.5
1762285560,3268.5,3273.63,3265.2,3270.54
1762285620,3270.54,3271.91,3265.12,3268.15
1762285680,3268.15,3270.4,3263.45,3263.85
1762285740,3263.85,3264.34,3252.07,3252.53
1762285800,3252.53,3257.99,3250.96,3255.41
1762285860,3255.41,3258,3239.99,3246.19
1762285920,3246.19,3263.84,3245.72,3260.62
1762285980,3260.62,3260.62,3252.3,3253.4
1762286040,3253.4,3254.96,3248.22,3248.7
1762286100,3248.7,3255.61,3248.45,3248.45
1762286160,3248.45,3249.17,3241,3247.6
1762286220,3247.6,3248,3235.39,3237
1762286280,3237,3238.08,3227.79,3228.95
1762286340,3228.95,3231.66,3224.84,3229.47
1762286400,3229.47,3241.72,3229.46,3239.87
1762286460,3239.87,3243.68,3236.87,3237.75
1762286520,3237.75,3240.78,3227.11,3228.39
1762286580,3228.39,3230.81,3223.88,3225.26
1762286640,3225.26,3229.62,3216.56,3218.56
1762286700,3218.56,3241.46,3215.82,3241.17
1762286760,3241.17,3243,3232.74,3237.99
1762286820,3237.99,3251.37,3236.3,3237.3
1762286880,3237.3,3237.47,3233.06,3236.25
1762286940,3236.25,3236.25,3224,3224.21
1762287000,3224.21,3239.91,3222.7,3238.8
1762287060,3238.8,3241.31,3229.29,3231.26
1762287120,3231.26,3232.79,3224.34,3230.92
1762287180,3230.92,3232.78,3222.84,3227.68
1762287240,3227.68,3232.38,3226.47,3227.91
1762287300,3227.91,3228.18,3212.7,3219.86
1762287360,3219.86,3221.17,3189.54,3192.52
1762287420,3192.52,3198.92,3138.06,3149.01
1762287480,3149.01,3160.9,3122.17,3135.6
1762287540,3135.6,3172,3131.44,3167.87
1762287600,3167.87,3175.59,3142.09,3151.11
1762287660,3151.11,3160,3133.82,3158.62
1762287720,3158.62,3162.95,3144.59,3159.49
1762287780,3159.49,3177.11,3154.06,3173
1762287840,3173,3176.97,3165.27,3175.83
1762287900,3175.83,3192.08,3172.63,3188.16
1762287960,3188.16,3189.1,3171.16,3173.43
1762288020,3173.43,3187.5,3173.43,3183.68
1762288080,3183.68,3195.25,3183.68,3188.18
1762288140,3188.18,3191.59,3180.8,3183.86
1762288200,3183.86,3195.46,3183.7,3189.5
1762288260,3189.5,3192.62,3167,3168.02
1762288320,3168.02,3173.56,3161,3167.62
1762288380,3167.62,3174.84,3163.18,3166.99
1762288440,3166.99,3167.35,3148.53,3156.4
1762288500,3156.4,3169.76,3155.06,3169.22
1762288560,3169.22,3172.5,3165.51,3171
1762288620,3171,3179.67,3166.39,3170.75
1762288680,3170.75,3189.54,3168.14,3187.08
1762288740,3187.08,3191.79,3184.62,3185.37
1762288800,3185.37,3208.81,3181.37,3207.2
1762288860,3207.2,3219.16,3203.65,3211.92
1762288920,3211.92,3212.93,3205.81,3207.69
1762288980,3207.69,3224.07,3206.65,3219.39
1762289040,3219.39,3226.38,3214.7,3214.99
1762289100,3214.99,3220.42,3213.47,3214.59
1762289160,3214.59,3217.05,3204.1,3206.12
1762289220,3206.12,3208.85,3198.73,3204.18
1762289280,3204.18,3209.96,3202.54,3204.73
1762289340,3204.73,3206.29,3196.46,3196.65
1762289400,3196.65,3201.7,3189.24,3193.98
1762289460,3193.98,3195.25,3183.15,3184.06
1762289520,3184.06,3189.76,3181,3186.23
1762289580,3186.23,3190.63,3181.01,3181.07
1762289640,3181.07,3187.04,3180.28,3183.75
1762289700,3183.75,3184.67,3176.16,3180.98
1762289760,3180.98,3190.9,3180.13,3186.87
1762289820,3186.87,3195.66,3185.69,3191.94
1762289880,3191.94,3204.52,3189.38,3203.2
1762289940,3203.2,3221.1,3202.54,3212.71
1762290000,3212.71,3214.62,3205.42,3210.67
1762290060,3210.67,3214.85,3200.63,3201.12
1762290120,3201.12,3201.99,3195.56,3201.17
1762290180,3201.17,3215.24,3200.7,3213.84
1762290240,3213.84,3218.13,3208.14,3212.19
1762290300,3212.19,3212.79,3194.58,3194.59
1762290360,3194.59,3204.76,3192.94,3193.19
1762290420,3193.19,3196.04,3188.61,3192.99
1762290480,3192.99,3197.9,3190.7,3191.43
1762290540,3191.43,3198.04,3189.47,3190.94
1762290600,3190.94,3196.8,3189.22,3196.8
1762290660,3196.8,3198.41,3191.04,3193.13
1762290720,3193.13,3198.25,3189.75,3191.71
1762290780,3191.71,3201.13,3189.13,3199.5
1762290840,3199.5,3200.33,3181.66,3184.55
1762290900,3184.55,3187.84,3180.55,3182.66
1762290960,3182.66,3184.91,3175.85,3176.35
1762291020,3176.35,3180.84,3174.78,3178.77
1762291080,3178.77,3188.54,3176.22,3185.93
1762291140,3185.93,3193.8,3184.35,3186.7
1762291200,3186.7,3189.05,3172.28,3176.14
1762291260,3176.14,3178.97,3171.3,3171.52
1762291320,3171.52,3180.79,3166.23,3178.33
1762291380,3178.33,3178.33,3168.61,3169.99
1762291440,3169.99,3172.64,3167.81,3170
1762291500,3170,3170,3161.83,3165.65
1762291560,3165.65,3173.66,3165.28,3169.58
1762291620,3169.58,3169.62,3158,3159.2
1762291680,3159.2,3173.51,3158.18,3167.18
1762291740,3167.18,3167.6,3162.53,3163.05
1762291800,3163.05,3165.13,3146.89,3152.15
1762291860,3152.15,3156.19,3132.84,3134
1762291920,3134,3140.26,3108,3110.37
1762291980,3110.37,3127.59,3106.84,3124.97
1762292040,3124.97,3129.52,3093.07,3095.47
1762292100,3095.47,3100.26,3051.42,3055.89
1762292160,3055.89,3107,3054.29,3106.03
1762292220,3106.03,3106.3,3082.69,3096.74
1762292280,3096.74,3097.33,3072,3077.28
1762292340,3077.28,3101.98,3070.7,3101.57
1762292400,3101.57,3118.99,3097.79,3114.15
1762292460,3114.15,3119.98,3096.95,3100.94
1762292520,3100.94,3100.94,3084.4,3090.96
1762292580,3090.96,3109.62,3090.96,3108.85
1762292640,3108.85,3108.96,3102.73,3105.97
1762292700,3105.97,3146.64,3104.49,3146.36
1762292760,3146.36,3158.87,3140.48,3141.9
1762292820,3141.9,3141.9,3130.38,3136.02
1762292880,3136.02,3145.43,3133,3143.49
1762292940,3143.49,3145.23,3131.17,3137.22
1762293000,3137.22,3144.75,3134.62,3141.84
1762293060,3141.84,3145.61,3131.42,3131.79
1762293120,3131.79,3141.77,3127.85,3132.72
1762293180,3132.72,3132.72,3113.11,3130.8
1762293240,3130.8,3146.41,3129.6,3146.38
1762293300,3146.38,3190.25,3146.21,3186.86
1762293360,3186.86,3213.87,3177.77,3205.15
1762293420,3205.15,3210.75,3190.08,3190.34
1762293480,3190.34,3205.7,3188.3,3205
1762293540,3205,3214.99,3202.49,3213.09
1762293600,3213.09,3214.13,3196.45,3207.5
1762293660,3207.5,3223.91,3205.22,3207.6
1762293720,3207.6,3217.49,3205.91,3215.52
1762293780,3215.52,3239.39,3215.52,3233.6
1762293840,3233.6,3234.5,3224.41,3230
1762293900,3230,3238.65,3221.28,3221.66
1762293960,3221.66,3248.65,3221.07,3247.01
1762294020,3247.01,3253.16,3235.84,3239.65
1762294080,3239.65,3252.18,3238.57,3248.7
1762294140,3248.7,3259.23,3245.71,3258.81
1762294200,3258.81,3270.78,3253.87,3265.92
1762294260,3265.92,3266.4,3251,3254.17
1762294320,3254.17,3267.06,3249.56,3257.48
1762294380,3257.48,3266.66,3250.58,3264.8
1762294440,3264.8,3267.66,3260.16,3266.1
1762294500,3266.1,3268.01,3259,3260.44
1762294560,3260.44,3263.5,3254.57,3262.75
1762294620,3262.75,3263.58,3255.35,3260.42
1762294680,3260.42,3260.42,3254.29,3258.06
1762294740,3258.06,3263.06,3254.72,3262.1
1762294800,3262.1,3262.1,3249.52,3260.04
1762294860,3260.04,3264.61,3257.65,3262.86
1762294920,3262.86,3266.41,3258.89,3258.89
1762294980,3258.89,3259.19,3252.21,3254.38
1762295040,3254.38,3260,3254.38,3259.38
1762295100,3259.38,3259.62,3242.97,3243.6
1762295160,3243.6,3252.04,3237.63,3249.57
1762295220,3249.57,3257.12,3249.36,3256.09
1762295280,3256.09,3256.56,3250.02,3254.76
1762295340,3254.76,3258.57,3252.01,3258.22
1762295400,3258.22,3262.64,3256.2,3259.45
1762295460,3259.45,3261.78,3251.42,3260.41
1762295520,3260.41,3260.42,3256.41,3259.7
1762295580,3259.7,3268.77,3259.7,3267.65
1762295640,3267.65,3277.98,3265,3270.66
1762295700,3270.66,3287.99,3269.53,3277.6
1762295760,3277.6,3283.99,3271.36,3271.36
1762295820,3271.36,3271.53,3257.73,3259.21
1762295880,3259.21,3265.4,3253.4,3265.4
1762295940,3265.4,3267.68,3259.1,3260.99
1762296000,3260.99,3260.99,3254.44,3255.01
1762296060,3255.01,3257.16,3250.49,3256.07
1762296120,3256.07,3260.67,3253.39,3254.2
1762296180,3254.2,3256.11,3246.12,3247.51
1762296240,3247.51,3251.87,3240.84,3250.1
1762296300,3250.1,3254.68,3250.09,3254.59
1762296360,3254.59,3258.29,3254.06,3254.24
1762296420,3254.24,3254.24,3249.74,3250.8
1762296480,3250.8,3250.8,3244.82,3249.11
1762296540,3249.11,3249.11,3241.31,3242.1
1762296600,3242.1,3242.11,3230.29,3233.18
1762296660,3233.18,3233.91,3230.3,3233.73
1762296720,3233.73,3234.93,3232.23,3232.3
1762296780,3232.3,3237.99,3228.93,3229.38
1762296840,3229.38,3229.56,3225.63,3227.91
1762296900,3227.91,3235.58,3226,3235.58
1762296960,3235.58,3238.99,3230.85,3232.79
1762297020,3232.79,3236.4,3228.65,3231.66
1762297080,3231.66,3232.4,3226.78,3232.4
1762297140,3232.4,3246.33,3231.45,3245.9
1762297200,3245.9,3246.24,3240.61,3242.97
1762297260,3242.97,3269.11,3240.78,3267.43
1762297320,3267.43,3272.76,3256.23,3266.99
1762297380,3266.99,3278.25,3262.24,3277.68
1762297440,3277.68,3283.54,3274.05,3279
1762297500,3279,3303.42,3277.56,3296.17
1762297560,3296.17,3296.17,3277.89,3278.99
1762297620,3278.99,3280.4,3271.1,3272.05
1762297680,3272.05,3277.5,3272.04,3272.81
1762297740,3272.81,3274.33,3265,3267.3
1762297800,3267.3,3267.3,3262.39,3263.5
1762297860,3263.5,3283.36,3262.49,3269.22
1762297920,3269.22,3269.22,3262,3263.99
1762297980,3263.99,3265.21,3260.4,3262.7
1762298040,3262.7,3271.93,3260.95,3270.5
1762298100,3270.5,3275.69,3267.61,3268.71
1762298160,3268.71,3268.71,3263.99,3266.83
1762298220,3266.83,3267.89,3262.96,3265.36
1762298280,3265.36,3266.8,3260.99,3265.33
1762298340,3265.33,3266.61,3262.23,3262.86
1762298400,3262.86,3263.32,3258.4,3259.59
1762298460,3259.59,3263.73,3257.24,3262.13
1762298520,3262.13,3266.73,3262.13,3266.73
1762298580,3266.73,3270.84,3266.73,3268.32
1762298640,3268.32,3270,3267.19,3269.75
1762298700,3269.75,3271.36,3265.92,3269.89
1762298760,3269.89,3273.1,3268.78,3272.91
1762298820,3272.91,3275.19,3268.47,3273.56
1762298880,3273.56,3274.88,3272.76,3274.88
1762298940,3274.88,3274.99,3269.6,3269.6
1762299000,3269.6,3271.62,3266.08,3268.07
1762299060,3268.07,3275.99,3266.68,3273.34
1762299120,3273.34,3275.76,3272.64,3274.45
1762299180,3274.45,3274.71,3268.91,3269.11
1762299240,3269.11,3270.35,3267.19,3269.92
1762299300,3269.92,3279.87,3269.91,3278
1762299360,3278,3280.64,3275.51,3278.28
1762299420,3278.28,3282.48,3274.41,3281.27
1762299480,3281.27,3283.13,3277.05,3279.45
1762299540,3279.45,3279.6,3271.99,3274.2
1762299600,3274.2,3275.24,3271.99,3272.28
1762299660,3272.28,3281.42,3271.43,3280.5
1762299720,3280.5,3289.61,3280.01,3285.78
1762299780,3285.78,3287.99,3282.44,3286.05
1762299840,3286.05,3290,3283.2,3288.53
1762299900,3288.53,3289.58,3284.23,3287.62
1762299960,3287.62,3294.23,3285.98,3293.2
1762300020,3293.2,3295.33,3290.63,3291.4
1762300080,3291.4,3291.98,3285.26,3286.51
1762300140,3286.51,3286.51,3282.41,3284.26
1762300200,3284.26,3293.6,3282.09,3293.39
1762300260,3293.39,3293.96,3288.8,3292.76
1762300320,3292.76,3295,3291.04,3292.69
1762300380,3292.69,3297.36,3291.88,3295.43
1762300440,3295.43,3298.72,3290.86,3293.33
1762300500,3293.33,3299.03,3293.33,3294.4
1762300560,3294.4,3298.56,3289.43,3290.62
1762300620,3290.62,3290.63,3285.53,3288.79
1762300680,3288.79,3292.68,3285.92,3289.86
1762300740,3289.86,3290.03,3283.28,3284.8
1763683200,2832.85,2838.43,2831.11,2836.3
1763683260,2836.3,2842.28,2836.21,2841.39
1763683320,2841.39,2854,2840.89,2852.05
1763683380,2852.05,2854.74,2844.17,2844.98
1763683440,2844.98,2844.98,2835.31,2836.13
1763683500,2836.13,2848.2,2833.38,2846.49
1763683560,2846.49,2846.67,2841.3,2841.62
1763683620,2841.62,2847.06,2841.62,2845.08
1763683680,2845.08,2848.21,2842.98,2845.29
1763683740,2845.29,2847,2843.56,2846.6
1763683800,2846.6,2849.81,2846.37,2849.18
1763683860,2849.18,2851.37,2848.22,2850.75
1763683920,2850.75,2850.85,2845.36,2847
1763683980,2847,2850,2846.57,2848.53
1763684040,2848.53,2857.68,2848.53,2856.6
1763684100,2856.6,2857.84,2852.68,2853.24
1763684160,2853.24,2854.98,2851.78,2852.87
1763684220,2852.87,2860.84,2852.15,2858.47
1763684280,2858.47,2864.29,2857.37,2860.75
1763684340,2860.75,2860.76,2850.08,2850.08
1763684400,2850.08,2854.78,2849.77,2854.42
1763684460,2854.42,2854.53,2846.49,2846.92
1763684520,2846.92,2855.39,2846.92,2855.26
1763684580,2855.26,2856.29,2845.7,2846.95
1763684640,2846.95,2849.84,2845.79,2849.56
1763684700,2849.56,2854.1,2849.56,2854.1
1763684760,2854.1,2858.44,2854.1,2856
1763684820,2856,2857.27,2853.35,2853.6
1763684880,2853.6,2858.42,2853.42,2856.09
1763684940,2856.09,2856.67,2853.91,2855.16
1763685000,2855.16,2858.09,2852.92,2856
1763685060,2856,2860.53,2855.12,2855.2
1763685120,2855.2,2855.32,2848.85,2849.36
1763685180,2849.36,2851.79,2848.75,2851.32
1763685240,2851.32,2852.99,2847.72,2849.23
1763685300,2849.23,2854.53,2846.62,2853.54
1763685360,2853.54,2856.08,2851.41,2855.93
1763685420,2855.93,2861.05,2854.69,2859.94
1763685480,2859.94,2866.36,2859.6,2865.39
1763685540,2865.39,2867.19,2860,2860.73
1763685600,2860.73,2863.54,2860.27,2861.86
1763685660,2861.86,2869.44,2861.44,2866.28
1763685720,2866.28,2867.37,2861.89,2865.27
1763685780,2865.27,2865.86,2861.46,2861.46
1763685840,2861.46,2861.46,2856.26,2859.92
1763685900,2859.92,2862.16,2857.97,2862.01
1763685960,2862.01,2864.17,2861,2863.56
1763686020,2863.56,2866.34,2861.3,2863.99
1763686080,2863.99,2864.89,2861.97,2864.84
1763686140,2864.84,2864.85,2860.73,2862.51
1763686200,2862.51,2866.48,2860.29,2864.7
1763686260,2864.7,2867.36,2864.25,2864.95
1763686320,2864.95,2869.11,2863.93,2868.78
1763686380,2868.78,2868.89,2862.31,2864.12
1763686440,2864.12,2865.36,2862.45,2864.46
1763686500,2864.46,2866.21,2862.02,2864.73
1763686560,2864.73,2864.73,2858.16,2859.6
1763686620,2859.6,2860.34,2857.96,2858.19
1763686680,2858.19,2858.91,2856.88,2858.22
1763686740,2858.22,2860.47,2857.86,2860.26
1763686800,2860.26,2862.45,2859.84,2862.44
1763686860,2862.44,2865.82,2860.58,2865.82
1763686920,2865.82,2870,2857.97,2857.97
1763686980,2857.97,2858.77,2855.2,2857.82
1763687040,2857.82,2865.99,2857.06,2864.68
1763687100,2864.68,2868.95,2864.65,2867.84
1763687160,2867.84,2868.95,2865.68,2868.48
1763687220,2868.48,2869.13,2863.17,2867.7
1763687280,2867.7,2868.51,2863.92,2866.34
1763687340,2866.34,2867.01,2862.15,2862.25
1763687400,2862.25,2866.92,2861.33,2865.82
1763687460,2865.82,2866.56,2862.76,2865.72
1763687520,2865.72,2866.11,2862.18,2863.97
1763687580,2863.97,2865.31,2862.99,2863.14
1763687640,2863.14,2864.89,2860.64,2862.75
1763687700,2862.75,2866.85,2862.53,2865.15
1763687760,2865.15,2867.54,2861.21,2862.38
1763687820,2862.38,2864.46,2858.2,2858.34
1763687880,2858.34,2861.2,2858.34,2860
1763687940,2860,2860.21,2851.96,2854.57
1763688000,2854.57,2854.8,2850,2851.82
1763688060,2851.82,2856.86,2849.63,2856.83
1763688120,2856.83,2867.49,2856.83,2866.77
1763688180,2866.77,2877.06,2866.77,2876.29
1763688240,2876.29,2876.67,2867.58,2872.11
1763688300,2872.11,2872.5,2868.92,2870.12
1763688360,2870.12,2885.71,2870.12,2884.61
1763688420,2884.61,2885.64,2876.98,2877.44
1763688480,2877.44,2877.44,2875,2875.84
1763688540,2875.84,2883.24,2875.84,2880.86
1763688600,2880.86,2881.95,2879.98,2880.26
1763688660,2880.26,2880.91,2874.54,2874.89
1763688720,2874.89,2875,2869.19,2869.83
1763688780,2869.83,2872.59,2869.83,2871.2
1763688840,2871.2,2871.81,2869,2869.01
1763688900,2869.01,2869.01,2859.34,2861.7
1763688960,2861.7,2864.12,2858.99,2864.08
1763689020,2864.08,2867.45,2861.72,2864.82
1763689080,2864.82,2873.34,2864.82,2870.17
1763689140,2870.17,2872.81,2868.6,2870.59
1763689200,2870.59,2872.24,2868.16,2868.52
1763689260,2868.52,2869.23,2866.94,2868.8
1763689320,2868.8,2870.9,2868.61,2870.57
1763689380,2870.57,2871.14,2867.9,2869.33
1763689440,2869.33,2869.5,2866.44,2867.93
1763689500,2867.93,2871.38,2867.27,2870.74
1763689560,2870.74,2870.74,2864.13,2866.2
1763689620,2866.2,2869.74,2866.2,2869.56
1763689680,2869.56,2870.16,2866.64,2867.19
1763689740,2867.19,2869.25,2864.27,2864.97
1763689800,2864.97,2869.35,2864.69,2868.86
1763689860,2868.86,2871.82,2867.9,2869.23
1763689920,2869.23,2869.74,2862.01,2862.01
1763689980,2862.01,2862.49,2858.01,2858.22
1763690040,2858.22,2859.99,2857.91,2859.66
1763690100,2859.66,2862.28,2859.15,2861.92
1763690160,2861.92,2862.71,2859.14,2859.92
1763690220,2859.92,2863.98,2859.92,2863.98
1763690280,2863.98,2865.52,2860.71,2861.65
1763690340,2861.65,2861.66,2859,2860.74
1763690400,2860.74,2861.16,2858.1,2859.01
1763690460,2859.01,2859.99,2857.67,2859.1
1763690520,2859.1,2859.58,2852.84,2854.33
1763690580,2854.33,2858.05,2854.05,2856.69
1763690640,2856.69,2858,2854.32,2854.68
1763690700,2854.68,2855.17,2848,2848.36
1763690760,2848.36,2850.74,2840.98,2847.13
1763690820,2847.13,2851.96,2847.13,2851.88
1763690880,2851.88,2855.28,2851.62,2851.82
1763690940,2851.82,2851.82,2845.01,2845.99
1763691000,2845.99,2847.4,2841.12,2846.24
1763691060,2846.24,2846.25,2836.44,2841
1763691120,2841,2842,2835.19,2838.59
1763691180,2838.59,2841.3,2834,2835.89
1763691240,2835.89,2837.18,2833.03,2834.82
1763691300,2834.82,2840.84,2834.45,2839.34
1763691360,2839.34,2844.47,2838.78,2839.81
1763691420,2839.81,2839.81,2834.16,2834.37
1763691480,2834.37,2835.76,2819.29,2821.56
1763691540,2821.56,2831.81,2820.84,2830.94
1763691600,2830.94,2839.76,2828.17,2839.1
1763691660,2839.1,2855.4,2839.1,2849.7
1763691720,2849.7,2849.79,2842.69,2843.16
1763691780,2843.16,2851.39,2842.31,2848.81
1763691840,2848.81,2850.93,2845.08,2846.48
1763691900,2846.48,2847.87,2844.24,2844.24
1763691960,2844.24,2844.24,2838.27,2841.29
1763692020,2841.29,2842.1,2837.21,2838.77
1763692080,2838.77,2840.56,2837.7,2838.65
1763692140,2838.65,2841.75,2836.63,2836.63
1763692200,2836.63,2837.07,2824.97,2830.95
1763692260,2830.95,2837.72,2830.95,2836.34
1763692320,2836.34,2837.99,2828.84,2829.82
1763692380,2829.82,2834.43,2826.7,2833.13
1763692440,2833.13,2839.28,2830.73,2838.25
1763692500,2838.25,2846.7,2837.01,2839.74
1763692560,2839.74,2842.39,2837.12,2839.4
1763692620,2839.4,2841.84,2829.82,2831.62
1763692680,2831.62,2835.84,2830.53,2835.84
1763692740,2835.84,2836.14,2821.58,2825.18
1763692800,2825.18,2832.02,2825.06,2831.19
1763692860,2831.19,2831.72,2825,2826.17
1763692920,2826.17,2828.87,2820.28,2827.61
1763692980,2827.61,2828.18,2817.07,2822.88
1763693040,2822.88,2823.45,2807.22,2810.31
1763693100,2810.31,2818.38,2809.49,2814.84
1763693160,2814.84,2821.75,2813.98,2820.43
1763693220,2820.43,2823.92,2816.59,2820.99
1763693280,2820.99,2827.15,2819.89,2825.76
1763693340,2825.76,2828.24,2823.91,2826.6
1763693400,2826.6,2832.49,2821.46,2822.82
1763693460,2822.82,2823.59,2816.3,2818.77
1763693520,2818.77,2819.17,2803.46,2805.84
1763693580,2805.84,2811.91,2804.31,2808.41
1763693640,2808.41,2815.88,2808.14,2814.48
1763693700,2814.48,2814.91,2801.1,2804.6
1763693760,2804.6,2808.77,2789.35,2796.97
1763693820,2796.97,2800.75,2790.19,2791.56
1763693880,2791.56,2793.74,2779.11,2783.84
1763693940,2783.84,2787.67,2769.35,2781.35
1763694000,2781.35,2790.91,2780.7,2789.62
1763694060,2789.62,2794.84,2783.21,2794.41
1763694120,2794.41,2795.3,2789.67,2793.4
1763694180,2793.4,2797.73,2789.82,2793.08
1763694240,2793.08,2799.59,2791.8,2798.03
1763694300,2798.03,2815.7,2798.03,2811.88
1763694360,2811.88,2819.6,2811.53,2816.66
1763694420,2816.66,2819.02,2811.91,2817.49
1763694480,2817.49,2822.14,2817.49,2820
1763694540,2820,2820,2811.4,2812.86
1763694600,2812.86,2816.6,2812.43,2816.35
1763694660,2816.35,2816.62,2808.89,2813.7
1763694720,2813.7,2815.94,2809.52,2814.56
1763694780,2814.56,2814.56,2810.01,2811.19
1763694840,2811.19,2811.19,2805.52,2809.46
1763694900,2809.46,2815.81,2809.46,2814.29
1763694960,2814.29,2815.95,2801.4,2802.92
1763695020,2802.92,2803.38,2795.1,2799.06
1763695080,2799.06,2801.93,2797.59,2800.26
1763695140,2800.26,2800.98,2787.62,2791.1
1763695200,2791.1,2798.33,2788.24,2796.17
1763695260,2796.17,2803.81,2796.16,2802.59
1763695320,2802.59,2807.45,2802.59,2806.26
1763695380,2806.26,2807.56,2802.3,2802.76
1763695440,2802.76,2802.76,2794.41,2796.37
1763695500,2796.37,2798.42,2793.22,2795.84
1763695560,2795.84,2801.35,2795.78,2800.52
1763695620,2800.52,2803.7,2798.54,2798.54
1763695680,2798.54,2806,2798.18,2803.68
1763695740,2803.68,2808.07,2803.68,2806.6
1763695800,2806.6,2809.66,2804.11,2809.66
1763695860,2809.66,2811.78,2803.23,2805.13
1763695920,2805.13,2809.91,2803.25,2807.42
1763695980,2807.42,2807.65,2801.91,2802.82
1763696040,2802.82,2802.82,2797.36,2800.19
1763696100,2800.19,2800.3,2795.12,2798.96
1763696160,2798.96,2814.69,2798.95,2812.8
1763696220,2812.8,2815.92,2807.01,2809.12
1763696280,2809.12,2813.71,2807.65,2811.6
1763696340,2811.6,2815.78,2809.35,2812.38
1763696400,2812.38,2823.36,2811.36,2820.01
1763696460,2820.01,2821.03,2816.75,2820.6
1763696520,2820.6,2821.67,2817.31,2819.17
1763696580,2819.17,2824,2818.97,2820.1
1763696640,2820.1,2826.05,2819.9,2820.98
1763696700,2820.98,2823.26,2818.39,2819.04
1763696760,2819.04,2820.16,2817.47,2818.4
1763696820,2818.4,2820.56,2818.09,2819.6
1763696880,2819.6,2819.96,2813.07,2814.68
1763696940,2814.68,2814.78,2812.59,2812.96
1763697000,2812.96,2813.42,2810.73,2813.1
1763697060,2813.1,2813.78,2810.11,2811.02
1763697120,2811.02,2814.7,2811.02,2813.12
1763697180,2813.12,2814,2811.39,2813.7
1763697240,2813.7,2814.35,2810.88,2813.2
1763697300,2813.2,2814.03,2811.55,2812.88
1763697360,2812.88,2813.9,2811.44,2813.09
1763697420,2813.09,2817.93,2813.02,2817.02
1763697480,2817.02,2817.28,2814.47,2814.66
1763697540,2814.66,2814.67,2806.92,2807.07
1763697600,2807.07,2809.36,2806.17,2809.1
1763697660,2809.1,2809.11,2806.04,2806.14
1763697720,2806.14,2807.96,2803.84,2806.1
1763697780,2806.1,2809.74,2806.1,2808.76
1763697840,2808.76,2810.44,2807.52,2808.88
1763697900,2808.88,2811.61,2801.08,2801.2
1763697960,2801.2,2804.24,2799.41,2803.51
1763698020,2803.51,2807.99,2800.57,2801.7
1763698080,2801.7,2803.16,2797.33,2797.83
1763698140,2797.83,2800.39,2797.48,2799.35
1763698200,2799.35,2802.81,2799.07,2800.79
1763698260,2800.79,2804.62,2800.78,2804.26
1763698320,2804.26,2808.94,2804.26,2805.72
1763698380,2805.72,2809.52,2804.43,2808.2
1763698440,2808.2,2811.65,2807,2807.01
1763698500,2807.01,2807.01,2801.22,2801.79
1763698560,2801.79,2806.27,2800.57,2805.48
1763698620,2805.48,2809.53,2801.01,2803.08
1763698680,2803.08,2803.54,2797.76,2799.8
1763698740,2799.8,2801.54,2798.91,2800.92
1763698800,2800.92,2806.11,2800.76,2806.11
1763698860,2806.11,2808.09,2800.15,2800.87
1763698920,2800.87,2803.8,2798.19,2803.25
1763698980,2803.25,2805.82,2801.36,2802.01
1763699040,2802.01,2803.36,2799,2802.52
1763699100,2802.52,2806.83,2801.97,2804.41
1763699160,2804.41,2808.61,2803.8,2808.61
1763699220,2808.61,2810.5,2806.47,2806.95
1763699280,2806.95,2810.26,2806.95,2809.81
1763699340,2809.81,2810.12,2807.5,2808.45
1763699400,2808.45,2810.49,2807.28,2807.59
1763699460,2807.59,2807.59,2798.9,2799.34
1763699520,2799.34,2799.34,2783.06,2784.18
1763699580,2784.18,2788.11,2782.72,2788.11
1763699640,2788.11,2790.74,2785.22,2788.77
1763699700,2788.77,2788.77,2783.2,2785.2
1763699760,2785.2,2790.64,2784.19,2787.59
1763699820,2787.59,2787.59,2780.41,2784.49
1763699880,2784.49,2786.5,2783.01,2783.01
1763699940,2783.01,2787.31,2781.38,2783.17
1763700000,2783.17,2789.42,2783.17,2786.7
1763700060,2786.7,2790,2781.26,2789.42
1763700120,2789.42,2797.02,2787.69,2794.2
1763700180,2794.2,2807.04,2794.18,2806.53
1763700240,2806.53,2811.53,2806.01,2808.75
1763700300,2808.75,2816.35,2808.75,2811.78
1763700360,2811.78,2812.2,2809.15,2809.58
1763700420,2809.58,2809.58,2801.38,2803.2
1763700480,2803.2,2807.36,2802.49,2802.49
1763700540,2802.49,2804.87,2800.25,2802.62
1763700600,2802.62,2804,2801.31,2803.47
1763700660,2803.47,2806.99,2802.33,2805.3
1763700720,2805.3,2808.46,2804.5,2806.3
1763700780,2806.3,2810,2805.31,2809.67
1763700840,2809.67,2814.95,2809.44,2814.66
1763700900,2814.66,2819.05,2814.22,2816.28
1763700960,2816.28,2821.25,2816.28,2818.16
1763701020,2818.16,2820.71,2816.38,2817.24
1763701080,2817.24,2817.64,2814.36,2815.64
1763701140,2815.64,2819.04,2815.04,2817.74
1763701200,2817.74,2820.09,2816.01,2817.32
1763701260,2817.32,2823.66,2814.75,2814.75
1763701320,2814.75,2819.6,2814.09,2818.94
1763701380,2818.94,2820.29,2816.98,2819.82
1763701440,2819.82,2821.55,2815.53,2816.75
1763701500,2816.75,2817.21,2813.17,2814.41
1763701560,2814.41,2822.66,2813.76,2820.61
1763701620,2820.61,2828.65,2814,2816.75
1763701680,2816.75,2817.74,2814.71,2815.49
1763701740,2815.49,2820,2815.2,2818.81
1763701800,2818.81,2819.02,2815.19,2815.8
1763701860,2815.8,2818.65,2813.59,2814.56
1763701920,2814.56,2815,2813.45,2813.58
1763701980,2813.58,2819.46,2813.38,2818.99
1763702040,2818.99,2824,2817.86,2823.12
1763702100,2823.12,2828.68,2821.08,2821.67
1763702160,2821.67,2822.91,2819.39,2822.68
1763702220,2822.68,2832.76,2822.61,2829.54
1763702280,2829.54,2831.1,2828.11,2828.11
1763702340,2828.11,2828.51,2824.34,2826.14
1763702400,2826.14,2829.09,2824.83,2827.56
1763702460,2827.56,2827.9,2825,2826.95
1763702520,2826.95,2828.54,2824.61,2827.27
1763702580,2827.27,2827.8,2821.2,2822.9
1763702640,2822.9,2823.87,2820.67,2822.7
1763702700,2822.7,2823.99,2821.7,2823.99
1763702760,2823.99,2825.75,2822.81,2825.57
1763702820,2825.57,2826.05,2822.03,2823.59
1763702880,2823.59,2823.95,2820.68,2822.25
1763702940,2822.25,2822.25,2819.22,2820.59
1763703000,2820.59,2826.88,2820.31,2825.12
1763703060,2825.12,2827,2822.41,2824.48
1763703120,2824.48,2827.05,2821.99,2821.99
1763703180,2821.99,2824.95,2820,2822.83
1763703240,2822.83,2824.32,2822.42,2822.57
1763703300,2822.57,2822.95,2819.05,2819.05
1763703360,2819.05,2819.05,2813.24,2814.9
1763703420,2814.9,2815.04,2807.03,2808.85
1763703480,2808.85,2809.79,2806.92,2807.56
1763703540,2807.56,2808.12,2803.5,2803.92
1763703600,2803.92,2804.07,2800,2801.51
1763703660,2801.51,2805.39,2801.1,2803.8
1763703720,2803.8,2805.77,2801.87,2805.26
1763703780,2805.26,2808.16,2802.11,2807.96
1763703840,2807.96,2811.26,2804.17,2804.55
1763703900,2804.55,2805.08,2800.05,2800.84
1763703960,2800.84,2803.84,2799.97,2803.84
1763704020,2803.84,2806.93,2801.44,2805.57
1763704080,2805.57,2807,2800.96,2802.24
1763704140,2802.24,2804.17,2800.01,2801.93
1763704200,2801.93,2805.26,2801.56,2804.61
1763704260,2804.61,2805.44,2801.73,2802.21
1763704320,2802.21,2804.94,2801.11,2802.81
1763704380,2802.81,2804.82,2800.54,2801.76
1763704440,2801.76,2801.79,2798.3,2801.36
1763704500,2801.36,2805.48,2801.33,2805.3
1763704560,2805.3,2808.7,2802.63,2803.54
1763704620,2803.54,2807.77,2803.14,2807.77
1763704680,2807.77,2808.67,2803.77,2804.05
1763704740,2804.05,2809.67,2804.05,2808.54
1763704800,2808.54,2812.25,2807.11,2810.41
1763704860,2810.41,2813.75,2807.46,2809.24
1763704920,2809.24,2809.57,2799.24,2801.8
1763704980,2801.8,2804.59,2798.43,2799.78
1763705040,2799.78,2802.43,2798.41,2798.57
1763705100,2798.57,2800.75,2797.7,2798.47
1763705160,2798.47,2802.93,2798.36,2799.49
1763705220,2799.49,2801.1,2798.45,2798.59
1763705280,2798.59,2798.59,2787.25,2792.25
1763705340,2792.25,2797.66,2792.01,2797.22
1763705400,2797.22,2802.81,2796.33,2799.72
1763705460,2799.72,2800.49,2795.66,2800.28
1763705520,2800.28,2810.65,2800.28,2805.9
1763705580,2805.9,2809.89,2805.57,2807.61
1763705640,2807.61,2808.82,2806.3,2807.23
1763705700,2807.23,2809.32,2806.79,2807.3
1763705760,2807.3,2807.78,2804.2,2804.84
1763705820,2804.84,2805.53,2801.26,2803.92
1763705880,2803.92,2804.96,2800.42,2802.14
1763705940,2802.14,2802.3,2797.89,2799.16
1763706000,2799.16,2799.16,2793.65,2795.6
1763706060,2795.6,2798.5,2794.96,2797.89
1763706120,2797.89,2802,2797.47,2800.99
1763706180,2800.99,2804.34,2798.55,2798.81
1763706240,2798.81,2799.26,2796.57,2797.95
1763706300,2797.95,2800.32,2794.26,2794.26
1763706360,2794.26,2799.91,2791.98,2798.94
1763706420,2798.94,2799.83,2792.55,2792.55
1763706480,2792.55,2792.94,2789.55,2791.28
1763706540,2791.28,2791.99,2790,2790.84
1763706600,2790.84,2791.46,2788.22,2789.01
1763706660,2789.01,2792.35,2788.35,2790.9
1763706720,2790.9,2790.9,2788.22,2789.1
1763706780,2789.1,2793.02,2789.1,2791.32
1763706840,2791.32,2795,2790.71,2793.07
1763706900,2793.07,2798.73,2792.95,2795.4
1763706960,2795.4,2796.41,2792.01,2792.53
1763707020,2792.53,2792.85,2788.75,2789.59
1763707080,2789.59,2789.59,2778.04,2784.07
1763707140,2784.07,2792.66,2780.47,2792.65
1763707200,2792.65,2797.92,2791.05,2791.43
1763707260,2791.43,2793.28,2789.72,2793.28
1763707320,2793.28,2797.32,2792.38,2793.42
1763707380,2793.42,2797,2792.29,2796.79
1763707440,2796.79,2798.85,2795.07,2795.07
1763707500,2795.07,2798.02,2793.84,2794.1
1763707560,2794.1,2795.65,2791.5,2794.32
1763707620,2794.32,2797.41,2793.69,2795.53
1763707680,2795.53,2799.43,2795.51,2797.84
1763707740,2797.84,2799.3,2795.9,2796.14
1763707800,2796.14,2799.09,2794.54,2796.8
1763707860,2796.8,2799.86,2795.78,2797.49
1763707920,2797.49,2799,2794.89,2794.92
1763707980,2794.92,2796.6,2791.35,2791.75
1763708040,2791.75,2796.05,2791.47,2793.27
1763708100,2793.27,2796.27,2791.62,2795.74
1763708160,2795.74,2795.75,2787.66,2790.96
1763708220,2790.96,2791.87,2789.8,2790.84
1763708280,2790.84,2792.3,2788.54,2791.71
1763708340,2791.71,2791.87,2788.25,2788.88
1763708400,2788.88,2793.97,2788.45,2793.24
1763708460,2793.24,2794.67,2791.27,2791.42
1763708520,2791.42,2792.13,2786.32,2788.72
1763708580,2788.72,2795,2780.66,2793.01
1763708640,2793.01,2796.8,2792.34,2796.19
1763708700,2796.19,2800.19,2792.9,2792.91
1763708760,2792.91,2792.91,2789.12,2792.16
1763708820,2792.16,2793.43,2786.04,2788.2
1763708880,2788.2,2788.75,2785.09,2787.2
1763708940,2787.2,2789.83,2786.47,2789.31
1763709000,2789.31,2789.93,2783.74,2785.14
1763709060,2785.14,2786.04,2783.62,2785.79
1763709120,2785.79,2786.33,2784.8,2784.8
1763709180,2784.8,2785.52,2782.26,2782.57
1763709240,2782.57,2782.57,2770,2778.45
1763709300,2778.45,2780.49,2776.2,2776.95
1763709360,2776.95,2776.95,2758.77,2770.21
1763709420,2770.21,2773.35,2765.44,2768.06
1763709480,2768.06,2774.65,2766.15,2773.5
1763709540,2773.5,2775.87,2768.79,2768.8
1763709600,2768.8,2769.54,2757,2758.59
1763709660,2758.59,2766.97,2757.14,2757.14
1763709720,2757.14,2762,2755.69,2760.41
1763709780,2760.41,2764.28,2758.09,2762.86
1763709840,2762.86,2764.59,2758.9,2761.95
1763709900,2761.95,2765,2759.57,2762.06
1763709960,2762.06,2764.85,2760.44,2763.3
1763710020,2763.3,2765.6,2762.39,2765.59
1763710080,2765.59,2767.88,2764.69,2766.18
1763710140,2766.18,2767.15,2753.77,2755.12
1763710200,2755.12,2761.43,2746.06,2753.1
1763710260,2753.1,2756.75,2742.98,2749.75
1763710320,2749.75,2750.05,2722.7,2731.8
1763710380,2731.8,2736.65,2684.71,2692.45
1763710440,2692.45,2698.4,2646.3,2681.73
1763710500,2681.73,2710.63,2681.02,2704.68
1763710560,2704.68,2706.75,2687.79,2697.44
1763710620,2697.44,2718.2,2695.17,2713.89
1763710680,2713.89,2717.42,2701.59,2713.83
1763710740,2713.83,2724.67,2712.95,2719.92
1763710800,2719.92,2734.85,2717.48,2727.59
1763710860,2727.59,2737.18,2726.25,2735
1763710920,2735,2739.61,2723.93,2728.2
1763710980,2728.2,2731.73,2721.24,2731.21
1763711040,2731.21,2735.85,2728.76,2731.46
1763711100,2731.46,2733.5,2723.4,2726.11
1763711160,2726.11,2726.31,2718.58,2721.93
1763711220,2721.93,2725.31,2711,2716.43
1763711280,2716.43,2717.99,2702,2713.21
1763711340,2713.21,2714.05,2706.34,2711.51
1763711400,2711.51,2732.16,2710.3,2727.78
1763711460,2727.78,2727.9,2720.46,2721.05
1763711520,2721.05,2727.63,2720.8,2724
1763711580,2724,2724.45,2712.62,2718.29
1763711640,2718.29,2719.64,2710.83,2712.6
1763711700,2712.6,2715.76,2708.18,2714.51
1763711760,2714.51,2722.73,2713.54,2719.92
1763711820,2719.92,2721.82,2712.15,2712.7
1763711880,2712.7,2718.99,2711.55,2718.1
1763711940,2718.1,2723.92,2716.29,2719.23
1763712000,2719.23,2720.45,2712.41,2713.13
1763712060,2713.13,2718.63,2712.41,2717.11
1763712120,2717.11,2720.01,2714,2716.34
1763712180,2716.34,2717.99,2707.8,2710
1763712240,2710,2713.39,2705.01,2709.97
1763712300,2709.97,2726.58,2708.9,2724.68
1763712360,2724.68,2740.22,2724.08,2730.42
1763712420,2730.42,2732.59,2726.12,2732.16
1763712480,2732.16,2734.42,2729.32,2732.04
1763712540,2732.04,2735.74,2727.89,2735.74
1763712600,2735.74,2736.02,2729.09,2730.84
1763712660,2730.84,2745,2730.84,2739.51
1763712720,2739.51,2751.45,2738.82,2745.97
1763712780,2745.97,2750.77,2745.61,2748.3
1763712840,2748.3,2748.85,2739.9,2742.27
1763712900,2742.27,2751.85,2739.09,2751.11
1763712960,2751.11,2754.63,2744.39,2746.06
1763713020,2746.06,2751.76,2744.76,2748.17
1763713080,2748.17,2748.98,2743.16,2744.05
1763713140,2744.05,2746.33,2738.57,2739.28
1763713200,2739.28,2745.63,2737.23,2744.8
1763713260,2744.8,2748.05,2737.02,2741.76
1763713320,2741.76,2748,2740.39,2744.73
1763713380,2744.73,2751.68,2743.66,2751.63
1763713440,2751.63,2753.19,2745.3,2746.43
1763713500,2746.43,2747.11,2742.17,2742.71
1763713560,2742.71,2743,2738.4,2738.76
1763713620,2738.76,2745.32,2738.56,2741.2
1763713680,2741.2,2741.34,2735.2,2737.2
1763713740,2737.2,2738.48,2733.84,2735.2
1763713800,2735.2,2742.11,2734.34,2740.84
1763713860,2740.84,2746.47,2740.84,2744.85
1763713920,2744.85,2748.24,2742.61,2747.47
1763713980,2747.47,2748.2,2737.44,2738.4
1763714040,2738.4,2739.66,2730.67,2732.27
1763714100,2732.27,2733.58,2725.24,2729.91
1763714160,2729.91,2729.91,2722.7,2725.78
1763714220,2725.78,2729.77,2723.94,2728.14
1763714280,2728.14,2731.7,2724.27,2729.63
1763714340,2729.63,2732.27,2727.08,2730.21
1763714400,2730.21,2730.41,2724.02,2724.02
1763714460,2724.02,2728.98,2722.7,2726.62
1763714520,2726.62,2727.89,2720.83,2722.5
1763714580,2722.5,2728.35,2722.1,2725.69
1763714640,2725.69,2729.99,2725.05,2728.03
1763714700,2728.03,2733,2725.25,2727.87
1763714760,2727.87,2731.94,2727.87,2731.09
1763714820,2731.09,2738.35,2730.77,2737.03
1763714880,2737.03,2737.91,2731.91,2734.78
1763714940,2734.78,2735.95,2730.46,2730.47
1763715000,2730.47,2731.41,2726.5,2729.02
1763715060,2729.02,2733.42,2728.26,2730.33
1763715120,2730.33,2735,2727.68,2734.59
1763715180,2734.59,2742.91,2734.59,2739.43
1763715240,2739.43,2740.87,2733.43,2735.74
1763715300,2735.74,2742.19,2735.46,2741.99
1763715360,2741.99,2745.85,2741.06,2743.16
1763715420,2743.16,2745.24,2741.45,2743.06
1763715480,2743.06,2743.2,2738.76,2739.56
1763715540,2739.56,2740.47,2736.29,2737.06
1763715600,2737.06,2743.22,2737.06,2742.65
1763715660,2742.65,2745.52,2740.66,2744.36
1763715720,2744.36,2746.17,2742.21,2744.17
1763715780,2744.17,2746.48,2743.78,2745.42
1763715840,2745.42,2746.79,2743.16,2745.46
1763715900,2745.46,2747.89,2741.71,2742.18
1763715960,2742.18,2743.37,2739.5,2742.44
1763716020,2742.44,2742.96,2735.31,2735.94
1763716080,2735.94,2737.82,2734.76,2735.7
1763716140,2735.7,2735.81,2732.55,2733.43
1763716200,2733.43,2737.85,2730.15,2737.85
1763716260,2737.85,2742.91,2737.85,2741.26
1763716320,2741.26,2742.67,2736.77,2737.15
1763716380,2737.15,2737.69,2733.18,2735.11
1763716440,2735.11,2737.16,2734.77,2735.88
1763716500,2735.88,2738.68,2734.52,2735.94
1763716560,2735.94,2737.77,2730.75,2732.16
1763716620,2732.16,2734.25,2730.86,2734.25
1763716680,2734.25,2734.3,2729.16,2732.74
1763716740,2732.74,2733.8,2730.84,2731.87
1763716800,2731.87,2733.1,2723.8,2726.82
1763716860,2726.82,2730.39,2722.85,2723.22
1763716920,2723.22,2727.2,2721.45,2725.23
1763716980,2725.23,2727.9,2723.62,2724.26
1763717040,2724.26,2724.69,2719.21,2719.75
1763717100,2719.75,2721.25,2717.95,2720
1763717160,2720,2720,2710.59,2712.48
1763717220,2712.48,2717.25,2706.23,2711.57
1763717280,2711.57,2715,2707.36,2709.49
1763717340,2709.49,2714.8,2708,2708.95
1763717400,2708.95,2713.69,2704.56,2705.13
1763717460,2705.13,2707.71,2696.06,2704.59
1763717520,2704.59,2705.41,2692.02,2696.73
1763717580,2696.73,2703.28,2693.78,2698.4
1763717640,2698.4,2702.64,2697.75,2697.8
1763717700,2697.8,2700.57,2692.74,2699.79
1763717760,2699.79,2700.15,2692.87,2694.34
1763717820,2694.34,2702.23,2693.82,2701.97
1763717880,2701.97,2702.26,2689.19,2690.27
1763717940,2690.27,2693.45,2683.28,2687.46
1763718000,2687.46,2690,2683.8,2688.14
1763718060,2688.14,2690.4,2682.46,2684.59
1763718120,2684.59,2690.63,2683.8,2689
1763718180,2689,2693.2,2686.93,2688
1763718240,2688,2691.65,2687.65,2688.6
1763718300,2688.6,2688.6,2684,2686.05
1763718360,2686.05,2688.07,2682.03,2685.15
1763718420,2685.15,2691.34,2683.13,2690.59
1763718480,2690.59,2691.33,2682.66,2684.48
1763718540,2684.48,2687,2682.08,2686.18
1763718600,2686.18,2689.05,2684.81,2685.14
1763718660,2685.14,2688.53,2684.73,2685.37
1763718720,2685.37,2685.81,2679.23,2680.01
1763718780,2680.01,2683.59,2679.21,2680.04
1763718840,2680.04,2682.59,2679.44,2680.53
1763718900,2680.53,2685.75,2679.57,2680.5
1763718960,2680.5,2689.29,2680.02,2688.84
1763719020,2688.84,2690,2684.7,2687.8
1763719080,2687.8,2688.46,2683.4,2684.86
1763719140,2684.86,2685,2677.29,2680.66
1763719200,2680.66,2681.9,2678.49,2680.92
1763719260,2680.92,2681.62,2675.03,2679.8
1763719320,2679.8,2683.55,2671.42,2673.24
1763719380,2673.24,2674.33,2662.23,2669.94
1763719440,2669.94,2674.01,2663.26,2674
1763719500,2674,2691.89,2671.74,2679.54
1763719560,2679.54,2684.99,2673.14,2683.25
1763719620,2683.25,2683.6,2671.5,2678.55
1763719680,2678.55,2689.75,2677.43,2685.31
1763719740,2685.31,2694.18,2685.13,2690.17
1763719800,2690.17,2708.42,2689.9,2703.96
1763719860,2703.96,2705.56,2698.24,2699.63
1763719920,2699.63,2706.33,2696.15,2696.15
1763719980,2696.15,2697.31,2690.06,2693.31
1763720040,2693.31,2696.24,2689.25,2692.2
1763720100,2692.2,2693.73,2686,2686
1763720160,2686,2698.28,2677.36,2697.12
1763720220,2697.12,2702.44,2692.01,2692.62
1763720280,2692.62,2694.1,2683.58,2686.33
1763720340,2686.33,2694.5,2685.51,2692.79
1763720400,2692.79,2694.58,2686.59,2690.69
1763720460,2690.69,2699.09,2689.85,2697.35
1763720520,2697.35,2698.13,2685.52,2686.19
1763720580,2686.19,2689.26,2684,2688.53
1763720640,2688.53,2694.16,2687.44,2693.4
1763720700,2693.4,2699.19,2691.29,2697.16
1763720760,2697.16,2704.51,2694.24,2696.43
1763720820,2696.43,2696.88,2690.52,2690.52
1763720880,2690.52,2690.52,2681.93,2683.52
1763720940,2683.52,2687.11,2683.01,2685.08
1763721000,2685.08,2693.27,2684.79,2691.3
1763721060,2691.3,2700.47,2690.97,2696.11
1763721120,2696.11,2701.09,2695.56,2699.47
1763721180,2699.47,2704.45,2696.55,2702.73
1763721240,2702.73,2706.42,2697.46,2697.46
1763721300,2697.46,2699.69,2695.13,2699.34
1763721360,2699.34,2706.25,2698.71,2704.22
1763721420,2704.22,2707.17,2701.67,2706.25
1763721480,2706.25,2715.53,2703.01,2712.6
1763721540,2712.6,2714.1,2707.36,2709.74
1763721600,2709.74,2716.45,2708.49,2715.88
1763721660,2715.88,2715.99,2707.04,2709.69
1763721720,2709.69,2709.69,2704.8,2706.77
1763721780,2706.77,2707.45,2705.08,2707.38
1763721840,2707.38,2707.38,2703.8,2706.48
1763721900,2706.48,2706.67,2703.64,2704.6
1763721960,2704.6,2706.33,2700.97,2701.98
1763722020,2701.98,2703.65,2701.21,2703.52
1763722080,2703.52,2704.09,2700,2701.01
1763722140,2701.01,2701.29,2697.1,2697.6
1763722200,2697.6,2697.93,2693.8,2696.98
1763722260,2696.98,2703,2695.86,2702.69
1763722320,2702.69,2707.9,2700.88,2706.3
1763722380,2706.3,2706.6,2701.04,2703.3
1763722440,2703.3,2703.3,2699.11,2700.44
1763722500,2700.44,2702.39,2697.62,2699.82
1763722560,2699.82,2700.3,2695.25,2695.32
1763722620,2695.32,2696.95,2694.31,2696.21
1763722680,2696.21,2698.5,2695.87,2696.64
1763722740,2696.64,2699.09,2695.56,2695.67
1763722800,2695.67,2697.38,2694.01,2696.28
1763722860,2696.28,2707.06,2696.28,2706.23
1763722920,2706.23,2707.88,2700.76,2702.4
1763722980,2702.4,2705.22,2698.17,2699.92
1763723040,2699.92,2703.47,2698.93,2702.82
1763723100,2702.82,2704.66,2701.73,2702.88
1763723160,2702.88,2706.92,2701.36,2702.86
1763723220,2702.86,2711.38,2701.8,2710.85
1763723280,2710.85,2721.76,2710.85,2718.09
1763723340,2718.09,2719.61,2713.86,2718.72
1763723400,2718.72,2721.43,2716.17,2716.17
1763723460,2716.17,2716.17,2712.49,2714.56
1763723520,2714.56,2714.68,2710.28,2712.76
1763723580,2712.76,2716.46,2712.39,2714.56
1763723640,2714.56,2720.2,2713.76,2719.51
1763723700,2719.51,2719.95,2715.44,2716.81
1763723760,2716.81,2717.07,2714.31,2715.29
1763723820,2715.29,2721,2715.06,2715.46
1763723880,2715.46,2715.74,2711.53,2714.24
1763723940,2714.24,2714.42,2708.79,2709.63
1763724000,2709.63,2715.58,2709.08,2714.6
1763724060,2714.6,2720.01,2714.18,2718.61
1763724120,2718.61,2719.34,2712.01,2713.15
1763724180,2713.15,2720.4,2712.39,2717.11
1763724240,2717.11,2717.11,2712.63,2713.45
1763724300,2713.45,2717.39,2713.45,2715.34
1763724360,2715.34,2715.34,2712.82,2714
1763724420,2714,2714.57,2710.38,2711.73
1763724480,2711.73,2713.4,2710.88,2711.08
1763724540,2711.08,2711.08,2708.64,2709.12
1763724600,2709.12,2710.81,2708.74,2708.83
1763724660,2708.83,2711.49,2708.37,2711.47
1763724720,2711.47,2715.75,2711.24,2715.75
1763724780,2715.75,2717.64,2710.05,2710.05
1763724840,2710.05,2710.05,2703.81,2704.13
1763724900,2704.13,2706.26,2703.69,2704.26
1763724960,2704.26,2705.46,2703.23,2704.95
1763725020,2704.95,2705.6,2698.61,2700.32
1763725080,2700.32,2701.25,2694.84,2695.89
1763725140,2695.89,2698.62,2694,2694
1763725200,2694,2698.01,2688.69,2689.6
1763725260,2689.6,2689.93,2685.38,2689.25
1763725320,2689.25,2689.95,2686.56,2688.16
1763725380,2688.16,2691.81,2687.93,2691.27
1763725440,2691.27,2694.11,2690.67,2692.64
1763725500,2692.64,2694,2690,2690.62
1763725560,2690.62,2691.71,2687.6,2689.34
1763725620,2689.34,2690.91,2683,2684
1763725680,2684,2687.65,2681.45,2682.26
1763725740,2682.26,2687.36,2679.26,2682.96
1763725800,2682.96,2684.89,2679.58,2682.66
1763725860,2682.66,2683.33,2675.03,2675.63
1763725920,2675.63,2680.72,2674.08,2679.22
1763725980,2679.22,2680.5,2672.5,2679.4
1763726040,2679.4,2683.17,2678.8,2681.1
1763726100,2681.1,2686.23,2681.1,2683.2
1763726160,2683.2,2683.75,2679.93,2680.45
1763726220,2680.45,2689.61,2680.45,2688.6
1763726280,2688.6,2690.09,2685.76,2686.15
1763726340,2686.15,2687.91,2684.96,2687.49
1763726400,2687.49,2689.33,2686.26,2687.16
1763726460,2687.16,2692.81,2683.84,2684.44
1763726520,2684.44,2689.34,2682.8,2686.56
1763726580,2686.56,2690.95,2683.15,2688.98
1763726640,2688.98,2689.01,2681,2686.73
1763726700,2686.73,2688.99,2683.91,2684.35
1763726760,2684.35,2688.93,2683.16,2686.75
1763726820,2686.75,2688.45,2684.49,2688.03
1763726880,2688.03,2688.03,2678.21,2682.45
1763726940,2682.45,2686,2680.77,2683.66
1763727000,2683.66,2684.01,2670.01,2671.09
1763727060,2671.09,2674.39,2668.36,2673.02
1763727120,2673.02,2675.57,2670.4,2672.92
1763727180,2672.92,2682.91,2672.7,2682.88
1763727240,2682.88,2687.23,2680,2684.75
1763727300,2684.75,2684.75,2674.15,2676.43
1763727360,2676.43,2678.94,2669.1,2670.01
1763727420,2670.01,2672.93,2667.41,2669.52
1763727480,2669.52,2670.52,2657.57,2661.59
1763727540,2661.59,2667.41,2661.59,2665.83
1763727600,2665.83,2668.27,2663.89,2664.27
1763727660,2664.27,2665.29,2651.39,2652.92
1763727720,2652.92,2656.31,2638.41,2654.4
1763727780,2654.4,2655.62,2635.41,2641.76
1763727840,2641.76,2642.3,2620.76,2631.72
1763727900,2631.72,2647.99,2630.76,2643.56
1763727960,2643.56,2644.23,2634.03,2634.81
1763728020,2634.81,2636.18,2627.16,2630.51
1763728080,2630.51,2632.73,2625.19,2629.91
1763728140,2629.91,2639.1,2623.9,2637.6
1763728200,2637.6,2664.6,2637.6,2657.2
1763728260,2657.2,2675.43,2648.3,2665.17
1763728320,2665.17,2670.69,2659.19,2667.05
1763728380,2667.05,2673.04,2659.87,2665.95
1763728440,2665.95,2673.66,2665.16,2666.95
1763728500,2666.95,2670.17,2658.46,2670.17
1763728560,2670.17,2691.4,2665.65,2685.27
1763728620,2685.27,2704.8,2682.79,2702.01
1763728680,2702.01,2715,2700.69,2711.25
1763728740,2711.25,2719.98,2704.63,2719.15
1763728800,2719.15,2719.86,2707.18,2716.98
1763728860,2716.98,2728.37,2711.42,2722.86
1763728920,2722.86,2724.71,2715.5,2719.15
1763728980,2719.15,2723.48,2709.02,2722.97
1763729040,2722.97,2731.57,2718.98,2728.17
1763729100,2728.17,2740.89,2727.41,2737.8
1763729160,2737.8,2742.7,2727.71,2729.23
1763729220,2729.23,2735.72,2725.88,2732.7
1763729280,2732.7,2735.16,2719.4,2722.95
1763729340,2722.95,2730,2720.6,2729.18
1763729400,2729.18,2739.1,2726,2735.71
1763729460,2735.71,2736.69,2731.51,2735.11
1763729520,2735.11,2739.22,2730,2730.99
1763729580,2730.99,2737.19,2730.21,2736.7
1763729640,2736.7,2738.2,2732.95,2735.52
1763729700,2735.52,2735.6,2725.26,2725.73
1763729760,2725.73,2730.36,2723.2,2724.72
1763729820,2724.72,2730.7,2721.24,2729.85
1763729880,2729.85,2729.85,2724.97,2725.69
1763729940,2725.69,2726.72,2722.59,2726.33
1763730000,2726.33,2730.6,2723,2729.7
1763730060,2729.7,2730.77,2723.94,2725.39
1763730120,2725.39,2735.51,2723.73,2729.47
1763730180,2729.47,2734.93,2721.53,2722.56
1763730240,2722.56,2723.67,2709.84,2716.35
1763730300,2716.35,2720.7,2712.97,2719.37
1763730360,2719.37,2728.91,2717.25,2726.22
1763730420,2726.22,2729.5,2723.41,2723.53
1763730480,2723.53,2734.11,2722.72,2734.11
1763730540,2734.11,2746.95,2734.11,2746.69
1763730600,2746.69,2748.88,2727.1,2727.11
1763730660,2727.11,2737.95,2726.68,2734.87
1763730720,2734.87,2736.96,2730.83,2733.03
1763730780,2733.03,2739.1,2731.53,2737.6
1763730840,2737.6,2740.77,2735.82,2738.07
1763730900,2738.07,2743.82,2735.9,2740.12
1763730960,2740.12,2745.46,2739.13,2744.4
1763731020,2744.4,2761.05,2743.73,2754.32
1763731080,2754.32,2754.96,2748.79,2750.26
1763731140,2750.26,2750.86,2743.11,2749.65
1763731200,2749.65,2750.81,2742.46,2744.15
1763731260,2744.15,2755.57,2743.87,2747.82
1763731320,2747.82,2750.19,2738.45,2740.47
1763731380,2740.47,2741.5,2735.17,2737.14
1763731440,2737.14,2738.09,2732.49,2733.91
1763731500,2733.91,2738.11,2730.45,2737.5
1763731560,2737.5,2744.57,2735.32,2743.13
1763731620,2743.13,2744.2,2737.17,2738.09
1763731680,2738.09,2739.13,2733.08,2734
1763731740,2734,2737.45,2733.21,2735.37
1763731800,2735.37,2739.59,2735.37,2737.99
1763731860,2737.99,2739.19,2733.86,2736.79
1763731920,2736.79,2737.99,2730.71,2733.3
1763731980,2733.3,2736.35,2728.15,2735.58
1763732040,2735.58,2738,2734.88,2736.27
1763732100,2736.27,2745.36,2735.49,2743.4
1763732160,2743.4,2748.74,2743.4,2747.89
1763732220,2747.89,2751.09,2747.25,2749.99
1763732280,2749.99,2752.72,2749.01,2751.41
1763732340,2751.41,2752.15,2743.47,2744.91
1763732400,2744.91,2749.81,2744.52,2748.02
1763732460,2748.02,2753.9,2747.86,2752.58
1763732520,2752.58,2759.31,2752.58,2754.34
1763732580,2754.34,2758.68,2753.86,2756.75
1763732640,2756.75,2758.82,2754.96,2757.81
1763732700,2757.81,2760.74,2755.01,2758.34
1763732760,2758.34,2766.82,2751.71,2752.1
1763732820,2752.1,2759.39,2751.57,2757.46
1763732880,2757.46,2762.87,2756.17,2760.89
1763732940,2760.89,2761.17,2753.8,2756.8
1763733000,2756.8,2760.18,2754.27,2759.42
1763733060,2759.42,2768.56,2759.09,2766.4
1763733120,2766.4,2767.58,2755.2,2756.4
1763733180,2756.4,2756.83,2752.25,2754.58
1763733240,2754.58,2755.96,2752.1,2755.87
1763733300,2755.87,2757,2751.08,2751.29
1763733360,2751.29,2754.16,2748.85,2751.91
1763733420,2751.91,2751.91,2745.81,2748.77
1763733480,2748.77,2748.77,2745.62,2747.17
1763733540,2747.17,2748.58,2738.44,2740.6
1763733600,2740.6,2742.85,2736.96,2739
1763733660,2739,2739,2733.57,2738.03
1763733720,2738.03,2742.6,2736.59,2741.85
1763733780,2741.85,2744.96,2737.95,2737.95
1763733840,2737.95,2738.83,2733.78,2733.79
1763733900,2733.79,2735.31,2730.36,2731.2
1763733960,2731.2,2738.4,2729,2737.65
1763734020,2737.65,2740,2735,2738.5
1763734080,2738.5,2743.89,2737.43,2742.96
1763734140,2742.96,2747.12,2742.75,2745.12
1763734200,2745.12,2745.12,2736.99,2737.65
1763734260,2737.65,2738.27,2733.61,2735.63
1763734320,2735.63,2736.56,2734,2735.7
1763734380,2735.7,2735.7,2731.15,2731.15
1763734440,2731.15,2733.29,2729.56,2729.56
1763734500,2729.56,2729.56,2722.31,2722.7
1763734560,2722.7,2725.49,2716.19,2725.2
1763734620,2725.2,2725.2,2716.96,2721.89
1763734680,2721.89,2725.04,2719.77,2720.18
1763734740,2720.18,2722.8,2719.32,2721.35
1763734800,2721.35,2727.08,2721.34,2726.6
1763734860,2726.6,2729.83,2725.31,2728.77
1763734920,2728.77,2730,2725,2726.88
1763734980,2726.88,2729.58,2725,2729.25
1763735040,2729.25,2729.57,2725.91,2728.14
1763735100,2728.14,2729.21,2724.43,2726.94
1763735160,2726.94,2728.4,2723.76,2724.35
1763735220,2724.35,2726.3,2721.16,2722.45
1763735280,2722.45,2724.61,2721.29,2723.66
1763735340,2723.66,2728.21,2723.34,2726.58
1763735400,2726.58,2755.43,2722.45,2743.24
1763735460,2743.24,2749.64,2733,2737.85
1763735520,2737.85,2750.61,2735.14,2748.73
1763735580,2748.73,2751.33,2739.65,2750.88
1763735640,2750.88,2769.78,2750.44,2768.42
1763735700,2768.42,2771.63,2758.12,2771.07
1763735760,2771.07,2776.98,2762.89,2768.58
1763735820,2768.58,2774.82,2755.66,2761.38
1763735880,2761.38,2764.8,2752.88,2756.4
1763735940,2756.4,2761.8,2753.65,2755.8
1763736000,2755.8,2764.78,2747.69,2763.94
1763736060,2763.94,2771.6,2759.84,2765.84
1763736120,2765.84,2770,2755.04,2759.03
1763736180,2759.03,2761.08,2751.25,2756.66
1763736240,2756.66,2761,2754.79,2758.93
1763736300,2758.93,2762.47,2751.41,2751.72
1763736360,2751.72,2753.66,2744.17,2746.39
1763736420,2746.39,2751.52,2740.5,2742.64
1763736480,2742.64,2754.5,2742.64,2753.6
1763736540,2753.6,2755,2745.89,2751.6
1763736600,2751.6,2755,2749.61,2753.45
1763736660,2753.45,2767.66,2749.65,2762.87
1763736720,2762.87,2769.89,2757.41,2769.53
1763736780,2769.53,2772.42,2767.05,2768.78
1763736840,2768.78,2778.95,2767.15,2778.39
1763736900,2778.39,2779.85,2774.31,2777.17
1763736960,2777.17,2777.38,2765.18,2766.9
1763737020,2766.9,2772.51,2766.01,2767.03
1763737080,2767.03,2775.45,2765.28,2775.13
1763737140,2775.13,2780.23,2768.01,2769.13
1763737200,2769.13,2778.21,2763.54,2763.87
1763737260,2763.87,2764.73,2754.75,2755.05
1763737320,2755.05,2757.08,2749.82,2750.22
1763737380,2750.22,2751.6,2743,2751
1763737440,2751,2754.5,2745.72,2751.6
1763737500,2751.6,2760.23,2751.27,2757.27
1763737560,2757.27,2764.48,2753.61,2759.22
1763737620,2759.22,2759.89,2753.72,2754.4
1763737680,2754.4,2759.48,2747.01,2752.51
1763737740,2752.51,2753.38,2747,2750.71
1763737800,2750.71,2750.71,2740.15,2745.32
1763737860,2745.32,2746.73,2741.03,2745.8
1763737920,2745.8,2747.92,2740.9,2742.61
1763737980,2742.61,2743.5,2732.3,2738.38
1763738040,2738.38,2746.39,2734.8,2741.04
1763738100,2741.04,2746.63,2740.24,2742.36
1763738160,2742.36,2745.97,2740.33,2742.42
1763738220,2742.42,2742.43,2728.56,2732.19
1763738280,2732.19,2737.45,2731.4,2737.01
1763738340,2737.01,2742.14,2736.54,2741.8
1763738400,2741.8,2742.13,2723.39,2728.74
1763738460,2728.74,2732.32,2723.58,2729.09
1763738520,2729.09,2737.69,2723,2732.99
1763738580,2732.99,2742.86,2732.99,2740.25
1763738640,2740.25,2741.43,2732.93,2741.1
1763738700,2741.1,2753.94,2739.4,2750.55
1763738760,2750.55,2750.55,2732.3,2736.66
1763738820,2736.66,2737.24,2730,2731.62
1763738880,2731.62,2734.88,2727.48,2730.28
1763738940,2730.28,2730.28,2724.91,2728.02
1763739000,2728.02,2732.55,2721.31,2728.53
1763739060,2728.53,2733.65,2723.48,2733.33
1763739120,2733.33,2734.8,2728.34,2729.81
1763739180,2729.81,2731.66,2723.23,2724.07
1763739240,2724.07,2727.66,2715.71,2717.66
1763739300,2717.66,2718.88,2710.6,2713.2
1763739360,2713.2,2714.84,2706.14,2707.2
1763739420,2707.2,2709.9,2692.28,2703.85
1763739480,2703.85,2704.88,2696.88,2699.7
1763739540,2699.7,2700.6,2689.11,2694.92
1763739600,2694.92,2698,2691.52,2695.99
1763739660,2695.99,2703.34,2695.99,2703.11
1763739720,2703.11,2705.59,2690.46,2695.34
1763739780,2695.34,2700.99,2694,2700.33
1763739840,2700.33,2713,2700.32,2711.1
1763739900,2711.1,2722.05,2705.74,2719.63
1763739960,2719.63,2720.53,2712.21,2716.62
1763740020,2716.62,2718.18,2710,2714.11
1763740080,2714.11,2716.55,2704.75,2711.63
1763740140,2711.63,2719.06,2709.6,2715.33
1763740200,2715.33,2715.4,2707.59,2713.4
1763740260,2713.4,2714.14,2702.24,2704.46
1763740320,2704.46,2706.21,2693.93,2694.23
1763740380,2694.23,2694.64,2685.52,2690.92
1763740440,2690.92,2704.26,2690.92,2702.81
1763740500,2702.81,2705.65,2697.71,2703.62
1763740560,2703.62,2709.65,2699.08,2707.88
1763740620,2707.88,2708.16,2698.38,2698.55
1763740680,2698.55,2705.65,2692.51,2704.37
1763740740,2704.37,2706.13,2700.63,2703.89
1763740800,2703.89,2708.8,2700.74,2702.9
1763740860,2702.9,2708.96,2700.8,2704.24
1763740920,2704.24,2705.92,2694.35,2696.99
1763740980,2696.99,2701.6,2691.08,2696.4
1763741040,2696.4,2696.46,2678.06,2682.96
1763741100,2682.96,2684.98,2675.95,2678.4
1763741160,2678.4,2686.06,2673.49,2684.44
1763741220,2684.44,2695.81,2682.45,2694.43
1763741280,2694.43,2709.53,2693.47,2701.41
1763741340,2701.41,2703.7,2692.22,2700.3
1763741400,2700.3,2704.92,2695.81,2697.92
1763741460,2697.92,2702.58,2693.83,2697.17
1763741520,2697.17,2697.17,2688.17,2691.81
1763741580,2691.81,2702.07,2691.81,2699.8
1763741640,2699.8,2700.2,2692.04,2697.9
1763741700,2697.9,2697.9,2689.43,2693.14
1763741760,2693.14,2696.99,2686.89,2696.67
1763741820,2696.67,2700.95,2686.96,2692.46
1763741880,2692.46,2693.48,2677.25,2678.45
1763741940,2678.45,2685.35,2676.14,2684.7
1763742000,2684.7,2694.47,2683.2,2693.72
1763742060,2693.72,2707.75,2688.93,2706.48
1763742120,2706.48,2718.34,2702.14,2703.59
1763742180,2703.59,2705.07,2693.7,2696.53
1763742240,2696.53,2704.1,2695.87,2700.53
1763742300,2700.53,2705.99,2697.01,2705.65
1763742360,2705.65,2709.33,2704.42,2704.59
1763742420,2704.59,2711.18,2703.41,2709.82
1763742480,2709.82,2718.18,2708.98,2714.33
1763742540,2714.33,2717.99,2710.12,2717.28
1763742600,2717.28,2724.37,2710.46,2711.4
1763742660,2711.4,2715.21,2710.22,2711.65
1763742720,2711.65,2713.61,2706.24,2708.94
1763742780,2708.94,2715.37,2708.55,2709.83
1763742840,2709.83,2713.63,2707.57,2707.58
1763742900,2707.58,2712.22,2707.39,2710.68
1763742960,2710.68,2721.75,2709.98,2718.86
1763743020,2718.86,2732.04,2718.6,2730.65
1763743080,2730.65,2738.65,2730.22,2736.16
1763743140,2736.16,2736.85,2725.14,2727.15
1763743200,2727.15,2731.22,2726.13,2728.74
1763743260,2728.74,2730.2,2721.59,2724.3
1763743320,2724.3,2726.82,2720.68,2721.4
1763743380,2721.4,2722.43,2719,2719.78
1763743440,2719.78,2719.78,2708,2713.4
1763743500,2713.4,2713.4,2701.87,2705.73
1763743560,2705.73,2713.61,2704.81,2708.74
1763743620,2708.74,2714.82,2707.96,2714.57
1763743680,2714.57,2729.01,2714.57,2724.4
1763743740,2724.4,2728.86,2723.59,2726.9
1763743800,2726.9,2731.67,2722.99,2730.25
1763743860,2730.25,2738,2730.25,2737.57
1763743920,2737.57,2749.63,2736.04,2748.9
1763743980,2748.9,2757.96,2746.67,2755.62
1763744040,2755.62,2757.21,2744.51,2746.89
1763744100,2746.89,2753.24,2746.55,2748.65
1763744160,2748.65,2758.42,2748.65,2755.8
1763744220,2755.8,2758.74,2750.72,2753.17
1763744280,2753.17,2763.81,2753.17,2760.82
1763744340,2760.82,2763.88,2759.53,2761.99
1763744400,2761.99,2764.23,2755.19,2759.6
1763744460,2759.6,2761.92,2753.67,2755.88
1763744520,2755.88,2762.18,2754.92,2757.77
1763744580,2757.77,2772.02,2757.16,2771.14
1763744640,2771.14,2775.93,2769.16,2773.06
1763744700,2773.06,2775.89,2768.57,2772.03
1763744760,2772.03,2781.72,2770.7,2778
1763744820,2778,2791.57,2775.55,2790.22
1763744880,2790.22,2790.29,2782.35,2787.67
1763744940,2787.67,2793.46,2787.08,2788.55
1763745000,2788.55,2788.81,2779.42,2784.32
1763745060,2784.32,2789.08,2782.08,2787.07
1763745120,2787.07,2789.21,2780.21,2781.8
1763745180,2781.8,2785,2777.11,2781.48
1763745240,2781.48,2787.38,2779.38,2783.67
1763745300,2783.67,2788.01,2782.4,2783.71
1763745360,2783.71,2787.19,2777.61,2782.61
1763745420,2782.61,2789.2,2781.8,2787.8
1763745480,2787.8,2800.34,2787.24,2795.5
1763745540,2795.5,2797.5,2783.86,2783.89
1763745600,2783.89,2784.63,2778.19,2782.79
1763745660,2782.79,2790.74,2781.08,2782.65
1763745720,2782.65,2792.79,2782.65,2787.34
1763745780,2787.34,2794.56,2785,2794.32
1763745840,2794.32,2799.68,2794.32,2798.41
1763745900,2798.41,2806.99,2795.41,2798.03
1763745960,2798.03,2799.31,2794.06,2795.72
1763746020,2795.72,2795.93,2784.2,2790.58
1763746080,2790.58,2791.09,2787.57,2789.53
1763746140,2789.53,2795.85,2789.53,2793.7
1763746200,2793.7,2800,2793.01,2798.98
1763746260,2798.98,2805.47,2797.86,2798.57
1763746320,2798.57,2801.85,2795.7,2800.23
1763746380,2800.23,2803.14,2799.02,2802.16
1763746440,2802.16,2803.54,2799.29,2799.7
1763746500,2799.7,2803.02,2797.48,2801.39
1763746560,2801.39,2802.79,2798.01,2802.38
1763746620,2802.38,2802.39,2791.23,2792.71
1763746680,2792.71,2794.61,2784.74,2788.26
1763746740,2788.26,2793.07,2787.81,2789.87
1763746800,2789.87,2790.79,2787.39,2787.68
1763746860,2787.68,2792.97,2785,2792.96
1763746920,2792.96,2795.59,2792.19,2795.17
1763746980,2795.17,2796.19,2793.26,2793.45
1763747040,2793.45,2794.07,2791.89,2793.06
1763747100,2793.06,2802,2792.58,2800.87
1763747160,2800.87,2801.17,2790.44,2795.82
1763747220,2795.82,2800.23,2794.94,2799.9
1763747280,2799.9,2801.93,2797.89,2801.41
1763747340,2801.41,2802.31,2800,2801.36
1763747400,2801.36,2801.4,2795.47,2796.46
1763747460,2796.46,2799.98,2795.25,2798.35
1763747520,2798.35,2798.53,2789.22,2789.48
1763747580,2789.48,2790.76,2783.49,2785.71
1763747640,2785.71,2785.89,2777.57,2782.98
1763747700,2782.98,2791.17,2782.98,2787.95
1763747760,2787.95,2787.95,2780.06,2782.94
1763747820,2782.94,2784.72,2780,2783.49
1763747880,2783.49,2786.79,2780.2,2781.4
1763747940,2781.4,2783.07,2778.43,2779.7
1763748000,2779.7,2782.29,2774.54,2775.22
1763748060,2775.22,2776.82,2773.26,2774.44
1763748120,2774.44,2776.61,2772.39,2774.41
1763748180,2774.41,2775.48,2764.42,2768
1763748240,2768,2768,2756.52,2756.84
1763748300,2756.84,2759.48,2750.01,2750.93
1763748360,2750.93,2758.25,2745.38,2752.98
1763748420,2752.98,2753.73,2745.63,2750.35
1763748480,2750.35,2750.54,2745.13,2748.41
1763748540,2748.41,2755.2,2745.54,2752.5
1763748600,2752.5,2753.35,2746.65,2748.03
1763748660,2748.03,2751.94,2739.52,2743.8
1763748720,2743.8,2743.8,2735.86,2738.38
1763748780,2738.38,2741.45,2729.49,2731.19
1763748840,2731.19,2733.47,2723.64,2728.81
1763748900,2728.81,2730.27,2723.01,2729.87
1763748960,2729.87,2733.8,2725,2729.61
1763749020,2729.61,2729.61,2713.38,2715.55
1763749080,2715.55,2721.25,2714.51,2721.25
1763749140,2721.25,2724.53,2720.16,2722.88
1763749200,2722.88,2726.11,2719.05,2722.21
1763749260,2722.21,2733.08,2722.05,2730.29
1763749320,2730.29,2730.82,2724.74,2727.77
1763749380,2727.77,2733.58,2726.09,2728.81
1763749440,2728.81,2733.68,2726.41,2732.1
1763749500,2732.1,2745.12,2730.22,2741.2
1763749560,2741.2,2741.96,2735.08,2736.9
1763749620,2736.9,2741.02,2734.48,2739.47
1763749680,2739.47,2748.11,2739.47,2744.5
1763749740,2744.5,2747.31,2741.71,2746.66
1763749800,2746.66,2752.2,2743.34,2749.84
1763749860,2749.84,2756.59,2749.83,2754.36
1763749920,2754.36,2763.18,2753.16,2762.69
1763749980,2762.69,2764.43,2755.82,2757.26
1763750040,2757.26,2761.56,2756.4,2761.56
1763750100,2761.56,2766.5,2760.9,2766.49
1763750160,2766.49,2777.43,2766.49,2771.31
1763750220,2771.31,2774.56,2769.82,2771.73
1763750280,2771.73,2775.1,2769.47,2772.48
1763750340,2772.48,2775.49,2769.55,2772.41
1763750400,2772.41,2773.34,2765.66,2768.59
1763750460,2768.59,2768.92,2759.16,2767.34
1763750520,2767.34,2767.8,2763.92,2766.41
1763750580,2766.41,2773.52,2766.41,2772.8
1763750640,2772.8,2773.25,2770.31,2772.29
1763750700,2772.29,2774.89,2767.12,2769.92
1763750760,2769.92,2772.39,2768,2768.36
1763750820,2768.36,2771.85,2765.81,2771.53
1763750880,2771.53,2791.19,2770.38,2785.44
1763750940,2785.44,2792.89,2780.58,2780.88
1763751000,2780.88,2789.59,2780.72,2784.04
1763751060,2784.04,2794.04,2784.01,2791.34
1763751120,2791.34,2791.34,2782.88,2783.85
1763751180,2783.85,2791.3,2783.85,2785.81
1763751240,2785.81,2785.99,2777.6,2780.51
1763751300,2780.51,2784.62,2778.44,2783.57
1763751360,2783.57,2784.95,2777.89,2780.43
1763751420,2780.43,2781.08,2772.82,2776.1
1763751480,2776.1,2778.38,2774.08,2777.94
1763751540,2777.94,2781.6,2775.73,2777.88
1763751600,2777.88,2784.36,2777.14,2784
1763751660,2784,2786.48,2775.09,2775.69
1763751720,2775.69,2780.95,2775.69,2779.56
1763751780,2779.56,2782.77,2778.23,2781.4
1763751840,2781.4,2786.27,2779.15,2784.7
1763751900,2784.7,2785.33,2779.28,2780.74
1763751960,2780.74,2780.74,2775.61,2776.98
1763752020,2776.98,2779.28,2775.72,2776.21
1763752080,2776.21,2778.2,2772.52,2774.94
1763752140,2774.94,2783.16,2774.9,2781.04
1763752200,2781.04,2784.52,2775.93,2777.23
1763752260,2777.23,2778.27,2773.41,2775.8
1763752320,2775.8,2776.76,2767.25,2768.61
1763752380,2768.61,2769.9,2762.62,2766.17
1763752440,2766.17,2768.98,2765.1,2767.6
1763752500,2767.6,2767.8,2764.29,2767.8
1763752560,2767.8,2770.79,2766.81,2770.62
1763752620,2770.62,2770.86,2767.82,2769.6
1763752680,2769.6,2769.72,2762.3,2763.53
1763752740,2763.53,2772.64,2763.4,2771.44
1763752800,2771.44,2779.72,2769.01,2777.88
1763752860,2777.88,2782.2,2777.88,2781.9
1763752920,2781.9,2786.88,2778.8,2780.03
1763752980,2780.03,2780.03,2775.71,2777.83
1763753040,2777.83,2781.67,2774.36,2778.38
1763753100,2778.38,2783.53,2778.38,2779.58
1763753160,2779.58,2781.73,2779.21,2781
1763753220,2781,2781,2778.09,2778.36
1763753280,2778.36,2778.52,2774.73,2776.62
1763753340,2776.62,2778.51,2775.51,2776.67
1763753400,2776.67,2781.06,2773.37,2774.54
1763753460,2774.54,2775.73,2762.29,2765.24
1763753520,2765.24,2772.45,2765.24,2770.03
1763753580,2770.03,2770.92,2764.41,2764.86
1763753640,2764.86,2767.18,2762.61,2766.25
1763753700,2766.25,2769.98,2766.02,2769.9
1763753760,2769.9,2774.29,2769.27,2769.9
1763753820,2769.9,2773.12,2767.24,2771.2
1763753880,2771.2,2774.24,2770.66,2772.51
1763753940,2772.51,2773.47,2768.85,2768.9
1763754000,2768.9,2771.47,2766.41,2767.44
1763754060,2767.44,2767.91,2762.34,2766.13
1763754120,2766.13,2767.81,2762.5,2763.78
1763754180,2763.78,2763.88,2753.78,2754.2
1763754240,2754.2,2755.26,2750.01,2754.49
1763754300,2754.49,2754.67,2748.89,2751.72
1763754360,2751.72,2753.19,2746.22,2747.55
1763754420,2747.55,2751.16,2745.86,2750.93
1763754480,2750.93,2756.07,2748.7,2754.01
1763754540,2754.01,2755.5,2751.58,2752.54
1763754600,2752.54,2754.35,2749.38,2750.53
1763754660,2750.53,2750.53,2745.87,2746.39
1763754720,2746.39,2749.31,2743.16,2745.99
1763754780,2745.99,2746,2740.3,2740.53
1763754840,2740.53,2743.76,2738.47,2742.48
1763754900,2742.48,2751.01,2742.43,2749.6
1763754960,2749.6,2750.83,2747.17,2749.19
1763755020,2749.19,2750.02,2745.26,2749.58
1763755080,2749.58,2751.08,2748.36,2749.17
1763755140,2749.17,2751.93,2748.63,2750.81
1763755200,2750.81,2753.79,2749.37,2752.5
1763755260,2752.5,2755,2750.55,2753.22
1763755320,2753.22,2753.67,2744.27,2747.49
1763755380,2747.49,2751.67,2746.75,2748.6
1763755440,2748.6,2748.61,2742.13,2743.62
1763755500,2743.62,2743.85,2731.17,2732.7
1763755560,2732.7,2735,2730.8,2731.53
1763755620,2731.53,2734.2,2728.01,2728.51
1763755680,2728.51,2731.59,2726.3,2731.51
1763755740,2731.51,2732.07,2728.95,2730.72
1763755800,2730.72,2734.25,2728.75,2733.86
1763755860,2733.86,2738.1,2733.86,2737.18
1763755920,2737.18,2751.73,2737.18,2745.48
1763755980,2745.48,2745.48,2738.38,2740.37
1763756040,2740.37,2744.93,2739.92,2744.93
1763756100,2744.93,2745.38,2733.51,2733.91
1763756160,2733.91,2735.44,2731.52,2734.41
1763756220,2734.41,2735.29,2731.01,2732.08
1763756280,2732.08,2733.33,2727.42,2727.42
1763756340,2727.42,2729.89,2722.68,2726.12
1763756400,2726.12,2726.77,2722,2726.17
1763756460,2726.17,2726.86,2722.78,2723.63
1763756520,2723.63,2726.92,2722,2724.61
1763756580,2724.61,2726.15,2718.22,2719.01
1763756640,2719.01,2722.58,2717.62,2720.76
1763756700,2720.76,2728.84,2720.76,2727.2
1763756760,2727.2,2729.6,2724.4,2724.76
1763756820,2724.76,2724.84,2715.77,2715.78
1763756880,2715.78,2716.74,2713.2,2716
1763756940,2716,2716.01,2707.6,2709.76
1763757000,2709.76,2713.91,2706.11,2710.1
1763757060,2710.1,2714.39,2708.83,2713.27
1763757120,2713.27,2714.8,2708.42,2710.32
1763757180,2710.32,2719.3,2709.56,2719.16
1763757240,2719.16,2720.29,2713.77,2715.08
1763757300,2715.08,2729.16,2714.58,2720.76
1763757360,2720.76,2721.7,2717.91,2718.21
1763757420,2718.21,2723.8,2717.11,2723.8
1763757480,2723.8,2733.38,2723.8,2733.15
1763757540,2733.15,2733.99,2728.22,2728.22
1763757600,2728.22,2730,2725.1,2730
1763757660,2730,2735.96,2728.5,2731.29
1763757720,2731.29,2735.88,2727.06,2728.11
1763757780,2728.11,2738.41,2725.13,2735.04
1763757840,2735.04,2738.41,2733.78,2736.53
1763757900,2736.53,2739.81,2734.95,2736.95
1763757960,2736.95,2743.63,2735.68,2743.19
1763758020,2743.19,2748.82,2738.28,2741.76
1763758080,2741.76,2747.23,2740.2,2747
1763758140,2747,2748.79,2744.29,2746.44
1763758200,2746.44,2750.82,2740.72,2740.94
1763758260,2740.94,2747.35,2740.75,2744.95
1763758320,2744.95,2746.68,2740.18,2740.18
1763758380,2740.18,2743.54,2737.01,2737.47
1763758440,2737.47,2740.97,2735.43,2739.45
1763758500,2739.45,2740.78,2727.04,2731.99
1763758560,2731.99,2743.59,2731.99,2743.26
1763758620,2743.26,2744.08,2737.5,2740.54
1763758680,2740.54,2740.98,2735.25,2737.37
1763758740,2737.37,2737.99,2729.02,2736.25
1763758800,2736.25,2739.87,2734.44,2739.85
1763758860,2739.85,2746.23,2739.73,2742.18
1763758920,2742.18,2744.09,2739.07,2740.12
1763758980,2740.12,2740.12,2734.44,2735.18
1763759040,2735.18,2736.8,2729.42,2736.8
1763759100,2736.8,2738.06,2732.88,2736.22
1763759160,2736.22,2743.32,2736.22,2740.14
1763759220,2740.14,2740.98,2736.05,2738.82
1763759280,2738.82,2740.72,2736.03,2740.46
1763759340,2740.46,2741.09,2735,2735.74
1763759400,2735.74,2740.99,2733.39,2740.69
1763759460,2740.69,2742,2736.15,2736.9
1763759520,2736.9,2738.95,2733.6,2737.73
1763759580,2737.73,2742.2,2737.73,2740.91
1763759640,2740.91,2744.4,2740.91,2743.83
1763759700,2743.83,2745.53,2739.96,2739.96
1763759760,2739.96,2741.28,2738.85,2740.52
1763759820,2740.52,2751.43,2740.52,2751
1763759880,2751,2755,2742.21,2742.33
1763759940,2742.33,2748.63,2742.32,2746.78
1763760000,2746.78,2756.57,2745.97,2755.51
1763760060,2755.51,2756.6,2753.55,2754.28
1763760120,2754.28,2762.89,2754.28,2760.73
1763760180,2760.73,2764.34,2760.03,2763.95
1763760240,2763.95,2764.76,2760.46,2762.1
1763760300,2762.1,2767.7,2761.37,2765.19
1763760360,2765.19,2766.22,2763.42,2763.42
1763760420,2763.42,2768.96,2763.4,2766.3
1763760480,2766.3,2766.4,2763.26,2763.95
1763760540,2763.95,2765.97,2763.09,2763.6
1763760600,2763.6,2764.34,2760.46,2761.65
1763760660,2761.65,2763.16,2759.03,2763.16
1763760720,2763.16,2764.92,2761.72,2764.02
1763760780,2764.02,2764.4,2761.27,2761.84
1763760840,2761.84,2761.84,2758.18,2761.66
1763760900,2761.66,2765.69,2761.59,2763.8
1763760960,2763.8,2769.76,2763.33,2766.83
1763761020,2766.83,2767.81,2763.58,2764.03
1763761080,2764.03,2768.22,2763.72,2767.8
1763761140,2767.8,2770.92,2766.09,2769.9
1763761200,2769.9,2772.92,2767.63,2771.94
1763761260,2771.94,2772.25,2768.62,2771.28
1763761320,2771.28,2775.43,2771.1,2774.83
1763761380,2774.83,2774.83,2772.54,2772.7
1763761440,2772.7,2772.71,2768.74,2769.76
1763761500,2769.76,2770,2766.7,2768.81
1763761560,2768.81,2770.73,2765.18,2765.5
1763761620,2765.5,2767.81,2765.03,2767.35
1763761680,2767.35,2770.27,2767.25,2768.77
1763761740,2768.77,2770,2767.52,2768.92
1763761800,2768.92,2769.99,2767.96,2769.48
1763761860,2769.48,2773.25,2768.87,2773.2
1763761920,2773.2,2773.2,2771.11,2773.02
1763761980,2773.02,2773.79,2770.94,2771.1
1763762040,2771.1,2771.13,2766.61,2767.62
1763762100,2767.62,2770.46,2763.86,2764.75
1763762160,2764.75,2767,2762.54,2765
1763762220,2765,2766.53,2764.21,2764.94
1763762280,2764.94,2766.53,2762.79,2763.67
1763762340,2763.67,2766.53,2763.67,2765.68
1763762400,2765.68,2767.61,2764.36,2766.01
1763762460,2766.01,2769.77,2766.01,2768.62
1763762520,2768.62,2771.51,2768.62,2771.08
1763762580,2771.08,2772.97,2770,2772.16
1763762640,2772.16,2772.16,2769.9,2770.32
1763762700,2770.32,2770.88,2765.1,2765.23
1763762760,2765.23,2770.38,2764.65,2769.84
1763762820,2769.84,2770.25,2765.49,2767.49
1763762880,2767.49,2769.03,2766.01,2768.08
1763762940,2768.08,2768.8,2767.64,2767.91
1763763000,2767.91,2767.91,2766.92,2766.92
1763763060,2766.92,2767.09,2763.55,2763.86
1763763120,2763.86,2764,2761.09,2762.78
1763763180,2762.78,2764.38,2760.32,2763.68
1763763240,2763.68,2765,2763.67,2765
1763763300,2765,2767.7,2764.18,2765.7
1763763360,2765.7,2768.72,2765.1,2766.64
1763763420,2766.64,2766.96,2764.11,2766.27
1763763480,2766.27,2766.39,2761.61,2762.5
1763763540,2762.5,2765.51,2762.5,2763.18
1763763600,2763.18,2763.18,2760.79,2762.18
1763763660,2762.18,2764.11,2762.18,2763.25
1763763720,2763.25,2763.26,2759.98,2760.66
1763763780,2760.66,2760.97,2748.04,2748.35
1763763840,2748.35,2752.37,2746.98,2750.43
1763763900,2750.43,2751.64,2747.14,2750.54
1763763960,2750.54,2756.32,2748.96,2754.23
1763764020,2754.23,2760.6,2753.52,2755.27
1763764080,2755.27,2756.26,2752.77,2755.5
1763764140,2755.5,2756.25,2750.31,2750.31
1763764200,2750.31,2751.32,2738.12,2739
1763764260,2739,2740.77,2736.2,2738.97
1763764320,2738.97,2741.46,2736.48,2739.2
1763764380,2739.2,2741.25,2736.23,2737.13
1763764440,2737.13,2738.66,2736.31,2738.25
1763764500,2738.25,2738.25,2730.91,2731.61
1763764560,2731.61,2741.95,2731.04,2741.08
1763764620,2741.08,2747.13,2736.68,2740
1763764680,2740,2742.27,2735.87,2737.02
1763764740,2737.02,2741.17,2736.98,2738.36
1763764800,2738.36,2742.07,2738.01,2738.01
1763764860,2738.01,2739.55,2735.01,2737.98
1763764920,2737.98,2741.84,2737.54,2738.24
1763764980,2738.24,2742.73,2738.24,2740.96
1763765040,2740.96,2743.97,2740.87,2743.96
1763765100,2743.96,2753.44,2743.81,2749.44
1763765160,2749.44,2749.51,2742.51,2742.51
1763765220,2742.51,2743.16,2735,2735
1763765280,2735,2735.03,2730.44,2732.05
1763765340,2732.05,2733.81,2730.64,2733.16
1763765400,2733.16,2736.39,2731.63,2733.29
1763765460,2733.29,2733.29,2726.52,2728.75
1763765520,2728.75,2729.03,2721.75,2724.18
1763765580,2724.18,2727.33,2718.53,2726.89
1763765640,2726.89,2727.8,2723.1,2726
1763765700,2726,2729.56,2723.71,2729.56
1763765760,2729.56,2731.13,2728.21,2729.48
1763765820,2729.48,2731.54,2724.04,2725.23
1763765880,2725.23,2726.22,2722.77,2722.9
1763765940,2722.9,2724.4,2719.56,2719.98
1763766000,2719.98,2724.01,2719.23,2720.2
1763766060,2720.2,2721.45,2716.21,2716.9
1763766120,2716.9,2718.91,2713.28,2715.9
1763766180,2715.9,2719.31,2715.88,2717.7
1763766240,2717.7,2722.39,2717.45,2722.22
1763766300,2722.22,2724.75,2716.58,2717.28
1763766360,2717.28,2718.7,2713.59,2715.05
1763766420,2715.05,2715.06,2711.23,2712.57
1763766480,2712.57,2718.78,2712.56,2717.6
1763766540,2717.6,2720.77,2716.19,2720.61
1763766600,2720.61,2723.83,2719.28,2720.1
1763766660,2720.1,2725.81,2718.61,2725.45
1763766720,2725.45,2728.46,2725.13,2726.2
1763766780,2726.2,2728.34,2725.24,2727.15
1763766840,2727.15,2729.58,2726.65,2728.5
1763766900,2728.5,2732.55,2728.39,2731.28
1763766960,2731.28,2733.78,2731.11,2733.48
1763767020,2733.48,2734.15,2731.18,2732.99
1763767080,2732.99,2733.78,2731.81,2733.05
1763767140,2733.05,2738.7,2733.04,2737.41
1763767200,2737.41,2742.09,2736.32,2740.79
1763767260,2740.79,2746.65,2740.79,2746.51
1763767320,2746.51,2746.54,2742.24,2742.24
1763767380,2742.24,2747.84,2742.13,2746.51
1763767440,2746.51,2748.05,2743.34,2745.05
1763767500,2745.05,2746.26,2742.67,2746.26
1763767560,2746.26,2747,2743.61,2744.33
1763767620,2744.33,2751.02,2742.86,2749.39
1763767680,2749.39,2754.73,2749.39,2754.47
1763767740,2754.47,2760,2752.83,2759.99
1763767800,2759.99,2760.03,2756.24,2758.21
1763767860,2758.21,2763.61,2758.21,2763.09
1763767920,2763.09,2763.09,2757.8,2758.61
1763767980,2758.61,2761.23,2757.32,2761.23
1763768040,2761.23,2765,2761.23,2761.31
1763768100,2761.31,2762.33,2758.85,2760.12
1763768160,2760.12,2760.59,2755.34,2756.32
1763768220,2756.32,2756.68,2751.55,2754.99
1763768280,2754.99,2756.33,2754.09,2755.62
1763768340,2755.62,2756.4,2754.09,2755.24
1763768400,2755.24,2758.28,2755.24,2757.33
1763768460,2757.33,2761.59,2756.48,2761.59
1763768520,2761.59,2767.33,2761.09,2764.82
1763768580,2764.82,2766.14,2762.93,2762.93
1763768640,2762.93,2763.99,2762.11,2763.6
1763768700,2763.6,2767.83,2763.6,2766.14
1763768760,2766.14,2767.52,2763.8,2766.89
1763768820,2766.89,2767.78,2763.67,2765.44
1763768880,2765.44,2766.76,2765.01,2765.91
1763768940,2765.91,2767.72,2765.12,2767.48
1763769000,2767.48,2768.33,2762.44,2762.86
1763769060,2762.86,2767.96,2762.84,2765.95
1763769120,2765.95,2766.88,2765.27,2766.76
1763769180,2766.76,2767.27,2765.41,2767.04
1763769240,2767.04,2768.75,2764.25,2764.6
1763769300,2764.6,2764.6,2761.3,2762.09
1763769360,2762.09,2763.71,2761.67,2763.23
1763769420,2763.23,2767.94,2762.53,2767.34
1763769480,2767.34,2767.39,2765.3,2766.25
1763769540,2766.25,2766.28,2764.32,2764.85
1764547200,2989.61,2997.41,2987.81,2995.78
1764547260,2995.78,2996.08,2991,2991.23
1764547320,2991.23,2994.92,2990.9,2993.68
1764547380,2993.68,2993.69,2987.5,2988.54
1764547440,2988.54,2989.77,2978,2985.73
1764547500,2985.73,2986.32,2975.38,2975.51
1764547560,2975.51,2976,2968.2,2971.11
1764547620,2971.11,2971.11,2951,2951
1764547680,2951,2959.92,2918.54,2930.86
1764547740,2930.86,2941.67,2921.38,2934.9
1764547800,2934.9,2940.45,2902.62,2920.42
1764547860,2920.42,2933.88,2914.89,2926.44
1764547920,2926.44,2928.39,2916.37,2917.21
1764547980,2917.21,2921.28,2907.25,2917.66
1764548040,2917.66,2925,2912.75,2915.28
1764548100,2915.28,2921.33,2910,2915.7
1764548160,2915.7,2923.46,2913.24,2918.99
1764548220,2918.99,2919,2907.17,2907.6
1764548280,2907.6,2911.45,2897.96,2906.65
1764548340,2906.65,2906.65,2893.88,2902.3
1764548400,2902.3,2910.53,2901.18,2903.73
1764548460,2903.73,2903.73,2883.67,2891.88
1764548520,2891.88,2898.84,2890.59,2898.84
1764548580,2898.84,2899,2889.31,2889.31
1764548640,2889.31,2902.16,2888.24,2899.16
1764548700,2899.16,2907.78,2898.84,2899.7
1764548760,2899.7,2901.22,2895.58,2896.91
1764548820,2896.91,2896.91,2892.75,2894.55
1764548880,2894.55,2898.49,2893.15,2894.04
1764548940,2894.04,2895.11,2888.82,2892.12
1764549000,2892.12,2892.13,2882.14,2886.5
1764549060,2886.5,2895.49,2881.05,2889.31
1764549120,2889.31,2889.34,2865.01,2875.47
1764549180,2875.47,2881.3,2869.06,2875.69
1764549240,2875.69,2878.39,2870.23,2874.31
1764549300,2874.31,2874.38,2860.61,2871.07
1764549360,2871.07,2880.33,2869.82,2875.74
1764549420,2875.74,2882.49,2871.71,2872.2
1764549480,2872.2,2876.61,2863.7,2865.85
1764549540,2865.85,2870.61,2864.5,2869.03
1764549600,2869.03,2872.27,2865,2869.79
1764549660,2869.79,2881.87,2867.06,2880.15
1764549720,2880.15,2881.65,2873.31,2875.05
1764549780,2875.05,2875.88,2861.78,2863.78
1764549840,2863.78,2867.06,2861.4,2863.55
1764549900,2863.55,2864.91,2856.53,2858.31
1764549960,2858.31,2858.93,2852.45,2855.69
1764550020,2855.69,2858.18,2848.74,2855.15
1764550080,2855.15,2857.64,2850.25,2853.98
1764550140,2853.98,2859.6,2853.41,2854.9
1764550200,2854.9,2856.18,2852.29,2853.15
1764550260,2853.15,2853.15,2837.91,2845.6
1764550320,2845.6,2848.92,2844.28,2845.29
1764550380,2845.29,2847.58,2835.75,2838.21
1764550440,2838.21,2840,2835.69,2835.97
1764550500,2835.97,2836.55,2831.22,2833.83
1764550560,2833.83,2837.76,2828.75,2834.56
1764550620,2834.56,2849.53,2834.56,2842.14
1764550680,2842.14,2844.05,2836,2838.9
1764550740,2838.9,2840.42,2834.18,2834.91
1764550800,2834.91,2844.19,2832.02,2838.01
1764550860,2838.01,2845.14,2836.23,2840.29
1764550920,2840.29,2850.27,2839.96,2847.86
1764550980,2847.86,2856.96,2847.58,2851.13
1764551040,2851.13,2855.51,2849.92,2854.92
1764551100,2854.92,2857.7,2853.3,2854.56
1764551160,2854.56,2854.56,2848.25,2851.91
1764551220,2851.91,2858.73,2850.01,2857.39
1764551280,2857.39,2859.76,2856.33,2858.55
1764551340,2858.55,2859.62,2850,2850.02
1764551400,2850.02,2850.39,2843.8,2848.1
1764551460,2848.1,2849.88,2844.54,2848.4
1764551520,2848.4,2852.67,2844.3,2852.5
1764551580,2852.5,2853.59,2848.92,2851.35
1764551640,2851.35,2851.94,2846.42,2847.1
1764551700,2847.1,2853.11,2845.68,2852.1
1764551760,2852.1,2855.95,2850.91,2853.5
1764551820,2853.5,2857.83,2851.34,2854.49
1764551880,2854.49,2857,2853.47,2856.04
1764551940,2856.04,2856.95,2848.27,2849.21
1764552000,2849.21,2850,2843.91,2849.83
1764552060,2849.83,2853.29,2849.15,2850.05
1764552120,2850.05,2853.91,2850,2853.07
1764552180,2853.07,2854.87,2851.73,2851.8
1764552240,2851.8,2852.66,2843.52,2844.84
1764552300,2844.84,2845.98,2840.26,2844.01
1764552360,2844.01,2846.99,2841.54,2846.99
1764552420,2846.99,2850.26,2846.26,2848.21
1764552480,2848.21,2849.78,2845.2,2846.82
1764552540,2846.82,2847.69,2844.81,2845.19
1764552600,2845.19,2845.56,2841.45,2841.58
1764552660,2841.58,2848.91,2841.15,2846.26
1764552720,2846.26,2848.93,2844.23,2847.23
1764552780,2847.23,2851.6,2847.23,2847.94
1764552840,2847.94,2851.6,2844.91,2847.13
1764552900,2847.13,2852.39,2846.26,2852.06
1764552960,2852.06,2856.14,2851.66,2855.64
1764553020,2855.64,2855.64,2853.66,2854.67
1764553080,2854.67,2858.24,2849.4,2850.39
1764553140,2850.39,2852.94,2848.37,2849.38
1764553200,2849.38,2849.38,2845.6,2849.08
1764553260,2849.08,2852.92,2848.92,2852.61
1764553320,2852.61,2854.28,2850.27,2850.4
1764553380,2850.4,2852.65,2850.01,2850.57
1764553440,2850.57,2851.6,2849.08,2849.57
1764553500,2849.57,2851.2,2848.93,2849.85
1764553560,2849.85,2851.87,2847.09,2847.91
1764553620,2847.91,2852.61,2846.58,2852.61
1764553680,2852.61,2852.61,2850.4,2850.5
1764553740,2850.5,2850.51,2846.96,2847.12
1764553800,2847.12,2848.8,2845,2847.9
1764553860,2847.9,2848.91,2845.3,2846.36
1764553920,2846.36,2848.19,2845.83,2846.69
1764553980,2846.69,2848.55,2845.68,2848.01
1764554040,2848.01,2849.94,2847.89,2849.04
1764554100,2849.04,2851.78,2846.68,2849.2
1764554160,2849.2,2852.94,2847.97,2850.11
1764554220,2850.11,2852.4,2848.64,2851.62
1764554280,2851.62,2855.37,2851.62,2851.84
1764554340,2851.84,2851.84,2848,2849.46
1764554400,2849.46,2850.81,2848.25,2849.19
1764554460,2849.19,2849.36,2845.67,2848.8
1764554520,2848.8,2850.49,2846.9,2850.49
1764554580,2850.49,2859.58,2850.26,2859.11
1764554640,2859.11,2869.87,2858.58,2867.95
1764554700,2867.95,2873.04,2867.21,2870.34
1764554760,2870.34,2870.34,2860.56,2861.81
1764554820,2861.81,2861.81,2857.77,2859.62
1764554880,2859.62,2864.81,2859.03,2861.92
1764554940,2861.92,2865.7,2861.2,2861.41
1764555000,2861.41,2862.13,2859,2861.09
1764555060,2861.09,2861.28,2859.1,2861.24
1764555120,2861.24,2871.51,2861.23,2869.77
1764555180,2869.77,2872.39,2868.97,2870.65
1764555240,2870.65,2870.65,2864.72,2865.6
1764555300,2865.6,2867.57,2864.82,2866.03
1764555360,2866.03,2866.04,2861.4,2861.7
1764555420,2861.7,2864.59,2861.58,2862.28
1764555480,2862.28,2863.66,2860.8,2860.81
1764555540,2860.81,2861.74,2859.42,2859.42
1764555600,2859.42,2860.33,2856.96,2857.34
1764555660,2857.34,2859.7,2857.11,2858.07
1764555720,2858.07,2859.64,2857.84,2858.25
1764555780,2858.25,2858.55,2856,2856.96
1764555840,2856.96,2857.84,2854.47,2854.74
1764555900,2854.74,2856.95,2854.28,2855.79
1764555960,2855.79,2856.95,2852.54,2854.37
1764556020,2854.37,2856.8,2854.37,2855.56
1764556080,2855.56,2856.37,2854.33,2855.24
1764556140,2855.24,2855.86,2852.11,2852.22
1764556200,2852.22,2854.26,2851.73,2852.4
1764556260,2852.4,2855.61,2852.16,2854.81
1764556320,2854.81,2856.69,2854.73,2855.9
1764556380,2855.9,2860.62,2855.89,2857.95
1764556440,2857.95,2859.13,2855.62,2858
1764556500,2858,2860.45,2857.81,2858.52
1764556560,2858.52,2859.27,2855.34,2855.61
1764556620,2855.61,2855.61,2847.14,2847.62
1764556680,2847.62,2849.4,2835.28,2838.2
1764556740,2838.2,2844.98,2825.4,2843.88
1764556800,2843.88,2858.09,2843.53,2853.2
1764556860,2853.2,2857.51,2850.96,2854.16
1764556920,2854.16,2856.33,2852.95,2855.07
1764556980,2855.07,2856.42,2851.64,2851.76
1764557040,2851.76,2853,2850.49,2850.56
1764557100,2850.56,2851.28,2845.33,2846.41
1764557160,2846.41,2846.99,2841.7,2843.62
1764557220,2843.62,2844.7,2836.48,2837.2
1764557280,2837.2,2839.54,2836.86,2836.86
1764557340,2836.86,2837.92,2833.66,2835.27
1764557400,2835.27,2838.92,2834.73,2837.53
1764557460,2837.53,2838.17,2836,2836.2
1764557520,2836.2,2837.65,2834.6,2836.75
1764557580,2836.75,2839.24,2836.57,2837.14
1764557640,2837.14,2842.8,2836.44,2841.07
1764557700,2841.07,2842.85,2838.66,2842.06
1764557760,2842.06,2842.7,2839.68,2839.74
1764557820,2839.74,2840.96,2839,2839.83
1764557880,2839.83,2839.83,2838.37,2839.6
1764557940,2839.6,2840.58,2835.63,2836.51
1764558000,2836.51,2837.62,2835.21,2837.52
1764558060,2837.52,2837.88,2832.86,2833.48
1764558120,2833.48,2835.15,2832.29,2833.69
1764558180,2833.69,2839.65,2833.69,2835.14
1764558240,2835.14,2838.39,2833.53,2836.69
1764558300,2836.69,2841.27,2835.81,2838.5
1764558360,2838.5,2838.5,2830.1,2832.39
1764558420,2832.39,2833.67,2828.73,2829.48
1764558480,2829.48,2829.82,2821,2826.71
1764558540,2826.71,2826.71,2821.35,2822.6
1764558600,2822.6,2824.8,2814.01,2822.34
1764558660,2822.34,2826.34,2821.16,2823.68
1764558720,2823.68,2826.53,2823,2825.51
1764558780,2825.51,2826.9,2822,2826.73
1764558840,2826.73,2827.41,2823.1,2824.01
1764558900,2824.01,2828.13,2823.51,2825.83
1764558960,2825.83,2825.84,2820.76,2821.14
1764559020,2821.14,2822.53,2817.39,2820.01
1764559080,2820.01,2832.84,2819.83,2830.84
1764559140,2830.84,2830.84,2822.71,2824.95
1764559200,2824.95,2827.24,2824.24,2824.85
1764559260,2824.85,2830.16,2824.21,2827.88
1764559320,2827.88,2831.49,2827.48,2828.13
1764559380,2828.13,2829.78,2827.66,2828.89
1764559440,2828.89,2829.29,2825.68,2829.01
1764559500,2829.01,2830.89,2827.97,2829.78
1764559560,2829.78,2830.54,2826.18,2826.18
1764559620,2826.18,2827.98,2824.01,2824.01
1764559680,2824.01,2828.14,2822.5,2827.54
1764559740,2827.54,2827.54,2825.21,2826.23
1764559800,2826.23,2827.48,2823.66,2823.81
1764559860,2823.81,2825.46,2821.62,2822.27
1764559920,2822.27,2824.64,2820.85,2823.66
1764559980,2823.66,2828.32,2821.81,2826.74
1764560040,2826.74,2827.49,2821.58,2823.25
1764560100,2823.25,2824,2821.56,2822.46
1764560160,2822.46,2825.27,2819.28,2823.46
1764560220,2823.46,2827.8,2822.72,2823.66
1764560280,2823.66,2824.8,2819.45,2819.45
1764560340,2819.45,2819.65,2812.02,2818.44
1764560400,2818.44,2824.36,2818,2823.3
1764560460,2823.3,2829.4,2822.02,2828.29
1764560520,2828.29,2829.08,2825.35,2828.8
1764560580,2828.8,2830.73,2828.41,2829.4
1764560640,2829.4,2830.38,2829.2,2830.38
1764560700,2830.38,2830.96,2828.4,2829.3
1764560760,2829.3,2829.3,2825.1,2825.81
1764560820,2825.81,2827.12,2824.5,2826.13
1764560880,2826.13,2826.9,2823.38,2824.08
1764560940,2824.08,2824.75,2821.16,2821.95
1764561000,2821.95,2822.94,2821.06,2822.1
1764561060,2822.1,2822.56,2818.17,2822.56
1764561120,2822.56,2828.02,2822.33,2823.42
1764561180,2823.42,2824.77,2822.67,2823.1
1764561240,2823.1,2823.46,2822.41,2822.88
1764561300,2822.88,2824.08,2822.25,2823.33
1764561360,2823.33,2827.1,2823.23,2825.76
1764561420,2825.76,2827.37,2824.85,2827.37
1764561480,2827.37,2827.48,2825.61,2826.29
1764561540,2826.29,2827.12,2823.39,2824.49
1764561600,2824.49,2824.49,2821.88,2822.56
1764561660,2822.56,2823.13,2820.97,2822.77
1764561720,2822.77,2825.05,2821.81,2821.87
1764561780,2821.87,2824.64,2821.5,2824.08
1764561840,2824.08,2826.87,2821.21,2821.61
1764561900,2821.61,2821.86,2819.08,2819.57
1764561960,2819.57,2822.12,2819.57,2820.63
1764562020,2820.63,2823.46,2820.17,2823.45
1764562080,2823.45,2823.78,2819.4,2820.69
1764562140,2820.69,2821.82,2816,2816
1764562200,2816,2823.26,2813.15,2822.46
1764562260,2822.46,2824.8,2820.48,2821.05
1764562320,2821.05,2822.68,2820.87,2821.27
1764562380,2821.27,2821.28,2815.63,2816.7
1764562440,2816.7,2819.99,2816.21,2818.06
1764562500,2818.06,2818.52,2814.12,2816.8
1764562560,2816.8,2817.03,2812.26,2813.52
1764562620,2813.52,2818.42,2805.66,2811.8
1764562680,2811.8,2821.14,2811.68,2818.21
1764562740,2818.21,2818.21,2816.28,2816.28
1764562800,2816.28,2817.53,2813.85,2813.91
1764562860,2813.91,2816.5,2812.74,2814.88
1764562920,2814.88,2814.89,2811.96,2812.01
1764562980,2812.01,2814.96,2810.26,2812.28
1764563040,2812.28,2813.08,2811.01,2811.86
1764563100,2811.86,2812.28,2806.71,2807.11
1764563160,2807.11,2812.28,2805,2809.88
1764563220,2809.88,2813.86,2809.56,2810.82
1764563280,2810.82,2810.98,2806.68,2808.59
1764563340,2808.59,2808.84,2806.16,2806.81
1764563400,2806.81,2808.69,2804.65,2808.69
1764563460,2808.69,2811.55,2805.78,2810.59
1764563520,2810.59,2812.14,2808.91,2811.32
1764563580,2811.32,2812.09,2808.42,2810.7
1764563640,2810.7,2815,2810.7,2814.01
1764563700,2814.01,2814.78,2812.36,2814.24
1764563760,2814.24,2814.24,2810.71,2810.71
1764563820,2810.71,2811.07,2806.67,2810.34
1764563880,2810.34,2814.71,2809.52,2813.56
1764563940,2813.56,2815.42,2813.42,2814.75
1764564000,2814.75,2816.75,2814.16,2814.67
1764564060,2814.67,2814.84,2813.1,2814.83
1764564120,2814.83,2815.84,2812.51,2813.36
1764564180,2813.36,2816,2813.34,2814.8
1764564240,2814.8,2814.8,2812.47,2813.33
1764564300,2813.33,2814.75,2812.77,2814.56
1764564360,2814.56,2814.56,2812.27,2813.51
1764564420,2813.51,2814.08,2811.27,2813.72
1764564480,2813.72,2815.01,2813.3,2814.84
1764564540,2814.84,2814.84,2813.7,2813.93
1764564600,2813.93,2814.75,2812.12,2812.15
1764564660,2812.15,2815.37,2811.75,2814.75
1764564720,2814.75,2817.5,2814.73,2817.5
1764564780,2817.5,2817.9,2815.03,2815.65
1764564840,2815.65,2816.76,2812.33,2814.77
1764564900,2814.77,2819.43,2814.76,2819
1764564960,2819,2821.62,2817.57,2821.3
1764565020,2821.3,2823.46,2819.66,2819.67
1764565080,2819.67,2821.13,2818.5,2818.75
1764565140,2818.75,2821.69,2818.1,2820.51
1764565200,2820.51,2821.31,2819.15,2821.28
1764565260,2821.28,2824.26,2820.87,2823.88
1764565320,2823.88,2824.64,2821.02,2821.61
1764565380,2821.61,2823.47,2821.52,2822.46
1764565440,2822.46,2823.75,2821.51,2822.98
1764565500,2822.98,2823.64,2821.23,2823.41
1764565560,2823.41,2824.89,2815.94,2816.08
1764565620,2816.08,2818.68,2815.11,2815.67
1764565680,2815.67,2816.13,2812.03,2815.41
1764565740,2815.41,2819.01,2814.98,2818.56
1764565800,2818.56,2822,2817.36,2821.5
1764565860,2821.5,2823.2,2821.15,2821.15
1764565920,2821.15,2821.15,2818.62,2819.94
1764565980,2819.94,2820.78,2818,2818.07
1764566040,2818.07,2818.08,2815.17,2815.18
1764566100,2815.18,2816.47,2813.85,2814.62
1764566160,2814.62,2816.52,2813.25,2813.87
1764566220,2813.87,2815.42,2813.87,2814
1764566280,2814,2814.69,2811.58,2812.13
1764566340,2812.13,2812.4,2808.1,2809.3
1764566400,2809.3,2811.66,2809.3,2810.87
1764566460,2810.87,2813.66,2810.87,2812.93
1764566520,2812.93,2815.42,2812.81,2815.08
1764566580,2815.08,2815.27,2812.41,2812.72
1764566640,2812.72,2819,2812.51,2817.92
1764566700,2817.92,2823.76,2817.6,2821.44
1764566760,2821.44,2821.44,2820.14,2821.4
1764566820,2821.4,2821.4,2818.57,2820.4
1764566880,2820.4,2821.2,2819.87,2820.59
1764566940,2820.59,2821.21,2820.46,2821.12
1764567000,2821.12,2821.12,2817.79,2818.14
1764567060,2818.14,2818.5,2817.08,2817.15
1764567120,2817.15,2819.27,2817.1,2818.82
1764567180,2818.82,2820.15,2818.24,2819.29
1764567240,2819.29,2820.97,2819.1,2820.14
1764567300,2820.14,2820.85,2817.71,2819.22
1764567360,2819.22,2820.16,2817.39,2817.39
1764567420,2817.39,2817.59,2815.77,2815.77
1764567480,2815.77,2816.76,2812.37,2812.76
1764567540,2812.76,2813.44,2810.98,2812.32
1764567600,2812.32,2814.8,2811.22,2813.25
1764567660,2813.25,2814.45,2813.21,2814.07
1764567720,2814.07,2815.47,2813.84,2813.98
1764567780,2813.98,2814.62,2813.7,2813.86
1764567840,2813.86,2814.46,2812.56,2813.39
1764567900,2813.39,2826.28,2813.38,2823.04
1764567960,2823.04,2830,2821.87,2824.74
1764568020,2824.74,2827.6,2822.72,2827.36
1764568080,2827.36,2829.13,2826.7,2828.56
1764568140,2828.56,2830,2826.94,2826.94
1764568200,2826.94,2826.95,2825.05,2825.45
1764568260,2825.45,2827,2825.45,2826.99
1764568320,2826.99,2828.99,2825.95,2827.43
1764568380,2827.43,2829.7,2827.06,2828.47
1764568440,2828.47,2828.47,2825.94,2825.94
1764568500,2825.94,2827.44,2825.57,2826.04
1764568560,2826.04,2826.47,2824.68,2825.48
1764568620,2825.48,2825.92,2825.04,2825.69
1764568680,2825.69,2827,2825.4,2826.77
1764568740,2826.77,2828.28,2826.45,2826.81
1764568800,2826.81,2829.96,2825.73,2829.55
1764568860,2829.55,2833.33,2829.54,2833.17
1764568920,2833.17,2834.68,2831.08,2831.42
1764568980,2831.42,2832.48,2826.48,2827.19
1764569040,2827.19,2827.91,2826.17,2826.82
1764569100,2826.82,2827.16,2823.16,2823.92
1764569160,2823.92,2825.85,2823.38,2825.84
1764569220,2825.84,2826.38,2823.63,2823.96
1764569280,2823.96,2825.62,2823.91,2825.55
1764569340,2825.55,2825.55,2823.87,2823.91
1764569400,2823.91,2825.85,2823.69,2824.31
1764569460,2824.31,2826.88,2823.75,2826.1
1764569520,2826.1,2826.88,2824.81,2824.87
1764569580,2824.87,2828.12,2824.86,2827.17
1764569640,2827.17,2828.46,2826.91,2828.31
1764569700,2828.31,2831.31,2827,2830.25
1764569760,2830.25,2830.56,2827.48,2827.48
1764569820,2827.48,2831.72,2827.25,2828.8
1764569880,2828.8,2831,2828.63,2830.68
1764569940,2830.68,2830.68,2826.37,2826.37
1764570000,2826.37,2827.48,2825.15,2827.25
1764570060,2827.25,2827.25,2826.01,2826.39
1764570120,2826.39,2827.61,2826.01,2827.06
1764570180,2827.06,2828.85,2825,2825.1
1764570240,2825.1,2827.13,2825.04,2826.31
1764570300,2826.31,2828.44,2826.31,2828
1764570360,2828,2828.37,2825.63,2825.63
1764570420,2825.63,2825.92,2824.81,2825.45
1764570480,2825.45,2825.46,2823.21,2824.2
1764570540,2824.2,2825.14,2823.88,2825
1764570600,2825,2825.75,2823.87,2823.87
1764570660,2823.87,2825.16,2822.22,2822.22
1764570720,2822.22,2824.8,2820.78,2824.5
1764570780,2824.5,2826.14,2822.96,2823.2
1764570840,2823.2,2824.79,2822.73,2823.14
1764570900,2823.14,2823.45,2821.68,2823.41
1764570960,2823.41,2823.77,2822.8,2823.47
1764571020,2823.47,2827.37,2823.47,2827.12
1764571080,2827.12,2828.88,2826.99,2828.01
1764571140,2828.01,2829.24,2827.32,2827.5
1764571200,2827.5,2827.99,2826,2827.71
1764571260,2827.71,2828.08,2824.46,2825.46
1764571320,2825.46,2826.86,2825.2,2825.65
1764571380,2825.65,2825.84,2824.41,2825.83
1764571440,2825.83,2827.98,2825.54,2827.61
1764571500,2827.61,2828.96,2826.59,2828.6
1764571560,2828.6,2829.2,2827.49,2829.2
1764571620,2829.2,2829.26,2828.28,2828.74
1764571680,2828.74,2829.54,2825.72,2825.77
1764571740,2825.77,2826.48,2824.06,2826.41
1764571800,2826.41,2826.6,2823.82,2823.99
1764571860,2823.99,2825.88,2823.11,2823.13
1764571920,2823.13,2824,2821.68,2823.42
1764571980,2823.42,2824.43,2823.15,2823.64
1764572040,2823.64,2823.72,2822.25,2822.98
1764572100,2822.98,2825.04,2821.7,2824.68
1764572160,2824.68,2826.47,2824.63,2824.65
1764572220,2824.65,2825.44,2824.64,2825.05
1764572280,2825.05,2825.9,2822.85,2823.28
1764572340,2823.28,2823.65,2822.39,2823.15
1764572400,2823.15,2824.43,2823.03,2823.48
1764572460,2823.48,2823.48,2821.82,2821.85
1764572520,2821.85,2825.39,2821.85,2825.16
1764572580,2825.16,2825.16,2822.12,2823.75
1764572640,2823.75,2825.5,2822.8,2822.97
1764572700,2822.97,2823.46,2821.61,2822.54
1764572760,2822.54,2822.81,2821.07,2821.08
1764572820,2821.08,2821.08,2818.2,2819.61
1764572880,2819.61,2820.75,2818.49,2818.62
1764572940,2818.62,2822.12,2818.62,2822.11
1764573000,2822.11,2824.8,2821.93,2821.93
1764573060,2821.93,2823.6,2821.86,2821.86
1764573120,2821.86,2822.11,2821.46,2821.56
1764573180,2821.56,2823.37,2821.43,2823.37
1764573240,2823.37,2825.01,2823.14,2823.33
1764573300,2823.33,2823.34,2821.28,2821.28
1764573360,2821.28,2824.8,2821.18,2823.34
1764573420,2823.34,2825.39,2821.88,2823.65
1764573480,2823.65,2824.64,2822.73,2823.34
1764573540,2823.34,2824.39,2823.09,2824.09
1764573600,2824.09,2825.03,2822.27,2824.64
1764573660,2824.64,2824.89,2823.36,2824.44
1764573720,2824.44,2824.93,2822.12,2822.68
1764573780,2822.68,2824.11,2822.13,2824.11
1764573840,2824.11,2828.15,2824.11,2826.85
1764573900,2826.85,2829.34,2826.85,2828.01
1764573960,2828.01,2828.6,2827.27,2828
1764574020,2828,2832.49,2827.29,2830.94
1764574080,2830.94,2831.23,2829.53,2831.1
1764574140,2831.1,2831.1,2827.33,2827.33
1764574200,2827.33,2831.21,2827.3,2828.44
1764574260,2828.44,2830.69,2827.65,2830.24
1764574320,2830.24,2831.5,2829.47,2831.11
1764574380,2831.11,2834.03,2831.09,2833.25
1764574440,2833.25,2833.7,2832.35,2833.38
1764574500,2833.38,2833.45,2831.69,2831.7
1764574560,2831.7,2834.85,2831.7,2834.85
1764574620,2834.85,2835,2832.98,2834.02
1764574680,2834.02,2839.19,2834.02,2837.52
1764574740,2837.52,2837.53,2835,2835.2
1764574800,2835.2,2835.47,2832.94,2832.94
1764574860,2832.94,2836.86,2832.63,2836.13
1764574920,2836.13,2837.52,2836,2836.55
1764574980,2836.55,2838.15,2836.33,2836.68
1764575040,2836.68,2837.65,2836.18,2837.12
1764575100,2837.12,2842.17,2836.04,2840.59
1764575160,2840.59,2841.43,2840.02,2841.05
1764575220,2841.05,2841.52,2838.86,2839.21
1764575280,2839.21,2840.27,2837.33,2838.18
1764575340,2838.18,2839.88,2837.3,2839.88
1764575400,2839.88,2840.28,2836.86,2836.86
1764575460,2836.86,2840.41,2836.59,2839.81
1764575520,2839.81,2840.89,2839.75,2840.88
1764575580,2840.88,2842,2837.37,2838.14
1764575640,2838.14,2838.14,2835.52,2837.76
1764575700,2837.76,2839.9,2837.61,2839.48
1764575760,2839.48,2840.33,2838.37,2840.01
1764575820,2840.01,2840.42,2838.09,2838.36
1764575880,2838.36,2839.37,2837.85,2838.01
1764575940,2838.01,2842,2837.35,2838.27
1764576000,2838.27,2838.27,2836.4,2837.01
1764576060,2837.01,2837.85,2836.24,2837.49
1764576120,2837.49,2840.21,2837.38,2838
1764576180,2838,2838.55,2835.52,2835.9
1764576240,2835.9,2835.91,2834.18,2834.51
1764576300,2834.51,2835.96,2834.18,2835.49
1764576360,2835.49,2839.98,2835.34,2838.38
1764576420,2838.38,2844.71,2838.38,2843.04
1764576480,2843.04,2843.04,2841.11,2842.17
1764576540,2842.17,2843.17,2839.08,2839.82
1764576600,2839.82,2839.88,2836,2836.24
1764576660,2836.24,2836.8,2833,2833.01
1764576720,2833.01,2835,2832.84,2834.32
1764576780,2834.32,2834.81,2833.6,2834.24
1764576840,2834.24,2834.69,2833,2833
1764576900,2833,2834.99,2831.75,2833.09
1764576960,2833.09,2835.69,2832.54,2835.07
1764577020,2835.07,2836.3,2833.75,2835.01
1764577080,2835.01,2835.17,2833.36,2834.87
1764577140,2834.87,2835.95,2834.7,2835.45
1764577200,2835.45,2836.49,2834.5,2834.72
1764577260,2834.72,2835.68,2834.51,2834.82
1764577320,2834.82,2834.99,2831.78,2831.78
1764577380,2831.78,2832.23,2830.75,2831.72
1764577440,2831.72,2832.5,2831.11,2831.53
1764577500,2831.53,2832.57,2831.02,2832.03
1764577560,2832.03,2832.31,2830.94,2832.28
1764577620,2832.28,2834.14,2832.01,2832.36
1764577680,2832.36,2834.34,2831.75,2834.34
1764577740,2834.34,2836,2834.33,2836
1764577800,2836,2837.02,2834.1,2834.87
1764577860,2834.87,2835.05,2833.21,2835.02
1764577920,2835.02,2835.52,2833.46,2833.46
1764577980,2833.46,2833.46,2832,2832.48
1764578040,2832.48,2836.75,2832.48,2836.49
1764578100,2836.49,2839.17,2836.49,2838.76
1764578160,2838.76,2841.3,2838.76,2839.96
1764578220,2839.96,2839.96,2837,2837.4
1764578280,2837.4,2841.03,2837.4,2840.53
1764578340,2840.53,2840.53,2838.3,2839.63
1764578400,2839.63,2841.38,2839.55,2840.98
1764578460,2840.98,2841.17,2839.54,2839.78
1764578520,2839.78,2841.19,2839.54,2840.11
1764578580,2840.11,2841.2,2839.54,2841.09
1764578640,2841.09,2841.88,2839.33,2840.59
1764578700,2840.59,2841.49,2839.77,2841.49
1764578760,2841.49,2841.49,2839,2839.85
1764578820,2839.85,2840.67,2839,2839.43
1764578880,2839.43,2840.19,2839.01,2840.19
1764578940,2840.19,2841.29,2838.6,2839.26
1764579000,2839.26,2839.68,2838.55,2838.61
1764579060,2838.61,2840.36,2838.6,2839.56
1764579120,2839.56,2839.87,2838.51,2838.86
1764579180,2838.86,2839.97,2838.85,2839.77
1764579240,2839.77,2839.78,2836.34,2836.35
1764579300,2836.35,2837.82,2835.79,2837.46
1764579360,2837.46,2837.64,2836.59,2837.41
1764579420,2837.41,2838,2836.53,2836.86
1764579480,2836.86,2836.97,2832.32,2835.25
1764579540,2835.25,2840,2834.4,2838.96
1764579600,2838.96,2838.96,2834.21,2834.52
1764579660,2834.52,2846.97,2834.51,2845.78
1764579720,2845.78,2853.12,2843.56,2844.11
1764579780,2844.11,2845.37,2842.53,2844.9
1764579840,2844.9,2845.34,2839.21,2839.71
1764579900,2839.71,2846.18,2838.67,2844.85
1764579960,2844.85,2845.77,2837.95,2839.22
1764580020,2839.22,2841.82,2838.97,2840.46
1764580080,2840.46,2841.72,2838.6,2839.6
1764580140,2839.6,2839.9,2835.46,2835.6
1764580200,2835.6,2835.6,2831.12,2832.25
1764580260,2832.25,2834.58,2829.01,2830.62
1764580320,2830.62,2832.83,2830.13,2832.31
1764580380,2832.31,2832.67,2831.91,2832.29
1764580440,2832.29,2833.06,2832,2833.05
1764580500,2833.05,2834.53,2832.18,2833.57
1764580560,2833.57,2834.13,2831.91,2834.07
1764580620,2834.07,2835.57,2832.06,2832.88
1764580680,2832.88,2833.38,2831.5,2832.12
1764580740,2832.12,2832.26,2829.93,2830.19
1764580800,2830.19,2831.5,2826.62,2828.82
1764580860,2828.82,2833.64,2828.82,2833
1764580920,2833,2834.78,2832.82,2834.11
1764580980,2834.11,2835.77,2832.2,2835.43
1764581040,2835.43,2835.43,2832.66,2832.66
1764581100,2832.66,2832.85,2830.53,2831.7
1764581160,2831.7,2831.7,2828.29,2828.29
1764581220,2828.29,2834.87,2828.06,2834.31
1764581280,2834.31,2836.97,2834.15,2835.29
1764581340,2835.29,2836.71,2834.73,2836.63
1764581400,2836.63,2837.11,2835.54,2836.53
1764581460,2836.53,2836.96,2834.97,2835.67
1764581520,2835.67,2837.52,2835.67,2837.21
1764581580,2837.21,2837.7,2835.11,2837.23
1764581640,2837.23,2837.99,2837.23,2837.98
1764581700,2837.98,2837.98,2837.2,2837.7
1764581760,2837.7,2839.54,2837.51,2838.99
1764581820,2838.99,2839.79,2837.8,2838.14
1764581880,2838.14,2839.48,2836,2836
1764581940,2836,2837.6,2835.13,2836.08
1764582000,2836.08,2838.2,2835.14,2837.7
1764582060,2837.7,2838.87,2837.52,2838.87
1764582120,2838.87,2839.11,2837.4,2838.74
1764582180,2838.74,2839.47,2838.47,2839.01
1764582240,2839.01,2841.25,2839.01,2840.74
1764582300,2840.74,2843.44,2840.48,2842.38
1764582360,2842.38,2842.38,2837.4,2838.22
1764582420,2838.22,2843.56,2836.87,2841.89
1764582480,2841.89,2841.89,2838.92,2839.4
1764582540,2839.4,2839.71,2836.77,2837.03
1764582600,2837.03,2837.95,2836.87,2837.69
1764582660,2837.69,2839.11,2837.12,2838.77
1764582720,2838.77,2839,2835.5,2836.56
1764582780,2836.56,2837.15,2835.7,2835.7
1764582840,2835.7,2836.44,2835.64,2836
1764582900,2836,2836.01,2834.3,2835.42
1764582960,2835.42,2836.69,2835.42,2836.69
1764583020,2836.69,2836.82,2835.52,2835.7
1764583080,2835.7,2835.71,2835.7,2835.71
1764583140,2835.71,2838.96,2835.7,2837.96
1764583200,2837.96,2841.38,2837.95,2841.37
1764583260,2841.37,2842.99,2841.3,2842.41
1764583320,2842.41,2843.43,2842.4,2842.86
1764583380,2842.86,2844.44,2841.93,2843.09
1764583440,2843.09,2843.21,2842.13,2842.29
1764583500,2842.29,2844.41,2841.64,2844.4
1764583560,2844.4,2845,2843.03,2843.04
1764583620,2843.04,2844.21,2842.22,2844.2
1764583680,2844.2,2844.65,2842.7,2843.14
1764583740,2843.14,2843.15,2839.93,2841.13
1764583800,2841.13,2841.4,2839.54,2841.1
1764583860,2841.1,2841.44,2839.27,2839.89
1764583920,2839.89,2840.15,2839.34,2839.99
1764583980,2839.99,2840.43,2839.6,2839.99
1764584040,2839.99,2840,2836.96,2837.64
1764584100,2837.64,2838.8,2836.63,2837.71
1764584160,2837.71,2838.05,2836.8,2836.8
1764584220,2836.8,2838.3,2836.71,2837.96
1764584280,2837.96,2837.96,2836.56,2837.92
1764584340,2837.92,2838.35,2837.6,2837.85
1764584400,2837.85,2837.85,2836.21,2836.24
1764584460,2836.24,2837.22,2836,2836.67
1764584520,2836.67,2837.69,2835.84,2837.66
1764584580,2837.66,2838.2,2837.09,2837.22
1764584640,2837.22,2837.89,2836.69,2837.89
1764584700,2837.89,2837.89,2835.84,2837.8
1764584760,2837.8,2838.2,2836.91,2837.17
1764584820,2837.17,2837.25,2836.82,2837.08
1764584880,2837.08,2837.08,2835.7,2836.79
1764584940,2836.79,2837.2,2836.22,2836.72
1764585000,2836.72,2837.94,2836.08,2837.61
1764585060,2837.61,2838.62,2837.18,2837.77
1764585120,2837.77,2838.71,2837.77,2838.7
1764585180,2838.7,2838.71,2836.69,2836.69
1764585240,2836.69,2837.94,2835.98,2837.87
1764585300,2837.87,2839.65,2837.39,2839.16
1764585360,2839.16,2840.85,2838.88,2838.89
1764585420,2838.89,2839.06,2838.2,2839.05
1764585480,2839.05,2839.06,2838.6,2839.03
1764585540,2839.03,2839.63,2838.21,2839.2
1764585600,2839.2,2840.08,2838.53,2838.79
1764585660,2838.79,2840.88,2838.24,2840.88
1764585720,2840.88,2841.69,2840.47,2840.47
1764585780,2840.47,2841.58,2839.99,2840.48
1764585840,2840.48,2840.84,2839.82,2840.83
1764585900,2840.83,2842.33,2840.56,2840.88
1764585960,2840.88,2842.85,2840.6,2842.47
1764586020,2842.47,2842.91,2841.77,2841.78
1764586080,2841.78,2842.37,2841.57,2842.08
1764586140,2842.08,2842.31,2841.37,2841.9
1764586200,2841.9,2842.41,2841.89,2842.4
1764586260,2842.4,2842.41,2841.3,2841.3
1764586320,2841.3,2841.83,2841.3,2841.75
1764586380,2841.75,2842.71,2841.75,2842.71
1764586440,2842.71,2842.71,2842.7,2842.71
1764586500,2842.71,2843,2842.23,2842.23
1764586560,2842.23,2842.95,2842.23,2842.6
1764586620,2842.6,2843.97,2842.3,2842.3
1764586680,2842.3,2843.23,2841.31,2842.1
1764586740,2842.1,2843.05,2841.3,2841.9
1764586800,2841.9,2842.17,2840.1,2840.25
1764586860,2840.25,2843.43,2840.25,2843.4
1764586920,2843.4,2843.4,2838.39,2838.92
1764586980,2838.92,2839.91,2837.37,2839.21
1764587040,2839.21,2839.61,2837.1,2837.1
1764587100,2837.1,2837.1,2835.09,2835.61
1764587160,2835.61,2836.73,2834.55,2835.44
1764587220,2835.44,2836.55,2835.4,2835.67
1764587280,2835.67,2836,2834.24,2835
1764587340,2835,2835.51,2833.45,2835.3
1764587400,2835.3,2836.85,2835.29,2836.44
1764587460,2836.44,2836.45,2833.85,2835.6
1764587520,2835.6,2835.93,2835,2835.73
1764587580,2835.73,2836.29,2835.07,2835.07
1764587640,2835.07,2836.2,2835.07,2836.19
1764587700,2836.19,2836.4,2835.7,2836.2
1764587760,2836.2,2843.89,2836.2,2842.71
1764587820,2842.71,2843.34,2839.7,2841.15
1764587880,2841.15,2841.23,2840.41,2841.1
1764587940,2841.1,2842.59,2840.7,2841.62
1764588000,2841.62,2842,2838.87,2840.6
1764588060,2840.6,2843.71,2840.59,2842.84
1764588120,2842.84,2843.1,2841.41,2842.75
1764588180,2842.75,2843.25,2842.34,2843
1764588240,2843,2844.49,2842.99,2844.48
1764588300,2844.48,2849.24,2844.47,2846.51
1764588360,2846.51,2847.35,2842.42,2843.36
1764588420,2843.36,2843.36,2841.44,2842.28
1764588480,2842.28,2842.98,2842.11,2842.92
1764588540,2842.92,2844.9,2842.35,2842.75
1764588600,2842.75,2843.07,2841.17,2842.14
1764588660,2842.14,2842.92,2842.13,2842.91
1764588720,2842.91,2843.33,2840.63,2841.59
1764588780,2841.59,2842.32,2841,2841.6
1764588840,2841.6,2841.6,2840.01,2841.19
1764588900,2841.19,2841.94,2841.16,2841.93
1764588960,2841.93,2842.5,2840.72,2842.5
1764589020,2842.5,2843.3,2841.26,2842.19
1764589080,2842.19,2842.98,2840.88,2842.98
1764589140,2842.98,2843.72,2841.56,2842.47
1764589200,2842.47,2843.11,2841.9,2842.2
1764589260,2842.2,2842.43,2839.31,2839.5
1764589320,2839.5,2840.88,2839.15,2840.88
1764589380,2840.88,2840.88,2837.6,2838.04
1764589440,2838.04,2838.16,2834.31,2835.86
1764589500,2835.86,2837.66,2835.57,2837.63
1764589560,2837.63,2838.5,2837.35,2837.43
1764589620,2837.43,2837.44,2833.71,2835.82
1764589680,2835.82,2839.04,2835.82,2838.81
1764589740,2838.81,2840.33,2838.8,2840.11
1764589800,2840.11,2840.85,2840.04,2840.83
1764589860,2840.83,2841.21,2837.34,2837.34
1764589920,2837.34,2838.49,2837.09,2837.52
1764589980,2837.52,2839.19,2837.52,2837.7
1764590040,2837.7,2838.16,2836.86,2837.95
1764590100,2837.95,2837.95,2836.63,2837.08
1764590160,2837.08,2837.96,2836.95,2837.76
1764590220,2837.76,2837.77,2836.1,2836.1
1764590280,2836.1,2837.35,2835.6,2835.61
1764590340,2835.61,2837.7,2835.61,2836.23
1764590400,2836.23,2838.05,2836.23,2837.5
1764590460,2837.5,2838,2837,2837.37
1764590520,2837.37,2837.64,2829.01,2829.6
1764590580,2829.6,2831.19,2826.64,2830.88
1764590640,2830.88,2833.31,2830.84,2830.85
1764590700,2830.85,2830.85,2820,2824.91
1764590760,2824.91,2826.53,2824,2826.38
1764590820,2826.38,2827.13,2824.29,2824.29
1764590880,2824.29,2825.68,2822.35,2823.86
1764590940,2823.86,2825.88,2821,2823.03
1764591000,2823.03,2824.5,2822.11,2823.31
1764591060,2823.31,2823.31,2818.67,2820.79
1764591120,2820.79,2820.79,2815.45,2817.83
1764591180,2817.83,2819.13,2816.76,2816.76
1764591240,2816.76,2818.55,2815.61,2818.55
1764591300,2818.55,2821.92,2818.55,2821.92
1764591360,2821.92,2822.87,2819.82,2822.87
1764591420,2822.87,2823.45,2819.31,2821.97
1764591480,2821.97,2822.98,2820.13,2820.48
1764591540,2820.48,2821.91,2820.48,2821.81
1764591600,2821.81,2821.82,2819.67,2820.73
1764591660,2820.73,2826,2820.73,2822.88
1764591720,2822.88,2824.07,2821.72,2823.96
1764591780,2823.96,2826.9,2823.29,2823.95
1764591840,2823.95,2823.97,2823.16,2823.74
1764591900,2823.74,2824.55,2821.48,2822.51
1764591960,2822.51,2822.51,2818.65,2819.47
1764592020,2819.47,2819.47,2817.32,2818.14
1764592080,2818.14,2818.8,2817.58,2818.28
1764592140,2818.28,2820.1,2817.8,2819.69
1764592200,2819.69,2819.69,2817.81,2818.07
1764592260,2818.07,2818.26,2814.27,2815.31
1764592320,2815.31,2817.11,2814.06,2815.51
1764592380,2815.51,2815.88,2811.35,2812.15
1764592440,2812.15,2814.89,2812.15,2813.71
1764592500,2813.71,2818.85,2813.71,2818.84
1764592560,2818.84,2823.77,2818.68,2821.35
1764592620,2821.35,2821.35,2817.16,2817.23
1764592680,2817.23,2819.58,2817.16,2818.25
1764592740,2818.25,2818.26,2814.08,2814.57
1764592800,2814.57,2814.57,2810.01,2811.56
1764592860,2811.56,2813.81,2810.73,2812.88
1764592920,2812.88,2814.53,2810,2810.94
1764592980,2810.94,2813.95,2809.48,2813.92
1764593040,2813.92,2817.1,2813.73,2816.91
1764593100,2816.91,2818.09,2816.55,2816.6
1764593160,2816.6,2816.6,2808.09,2809.92
1764593220,2809.92,2813.09,2808.54,2812.13
1764593280,2812.13,2813.68,2802.36,2803.66
1764593340,2803.66,2805.61,2793.43,2799.27
1764593400,2799.27,2816,2796.62,2814.46
1764593460,2814.46,2826.9,2814.42,2822.82
1764593520,2822.82,2826.14,2820.12,2820.82
1764593580,2820.82,2826.08,2818.81,2823.89
1764593640,2823.89,2828.17,2819.28,2820.78
1764593700,2820.78,2820.98,2815.36,2815.51
1764593760,2815.51,2820.78,2815.51,2818.39
1764593820,2818.39,2824.93,2818.3,2823.77
1764593880,2823.77,2826.17,2823.04,2823.04
1764593940,2823.04,2823.92,2819.31,2819.5
1764594000,2819.5,2821.56,2818,2820.01
1764594060,2820.01,2826.52,2819.61,2822.25
1764594120,2822.25,2835.57,2820.91,2832.59
1764594180,2832.59,2838.78,2830.51,2835.96
1764594240,2835.96,2838.55,2828.52,2829.63
1764594300,2829.63,2832.8,2826.66,2827.15
1764594360,2827.15,2829.82,2825,2825.65
1764594420,2825.65,2832.92,2825.65,2832
1764594480,2832,2835.16,2831.5,2832.84
1764594540,2832.84,2835.25,2830.97,2832.56
1764594600,2832.56,2832.6,2824.22,2825.08
1764594660,2825.08,2828.14,2820.67,2822.63
1764594720,2822.63,2827.22,2821.63,2825.34
1764594780,2825.34,2828.15,2822.08,2824.75
1764594840,2824.75,2826.73,2824.37,2826.73
1764594900,2826.73,2829.41,2826.19,2827.41
1764594960,2827.41,2827.56,2823.72,2826.68
1764595020,2826.68,2827.72,2821.2,2826.27
1764595080,2826.27,2827.2,2821.82,2822.05
1764595140,2822.05,2824.05,2821.31,2823.11
1764595200,2823.11,2825.93,2822.86,2825.09
1764595260,2825.09,2825.62,2822.28,2822.81
1764595320,2822.81,2826.77,2822.81,2826.18
1764595380,2826.18,2827.91,2824.28,2827.91
1764595440,2827.91,2827.91,2823.71,2824.01
1764595500,2824.01,2825.42,2820.91,2821.25
1764595560,2821.25,2825.22,2820.23,2825.22
1764595620,2825.22,2825.28,2821.2,2821.2
1764595680,2821.2,2822.29,2820.84,2822.29
1764595740,2822.29,2822.92,2821.85,2821.97
1764595800,2821.97,2822.57,2818.8,2820.86
1764595860,2820.86,2821.62,2815.1,2816.42
1764595920,2816.42,2817,2813.01,2815.21
1764595980,2815.21,2816.43,2813.24,2816.15
1764596040,2816.15,2817.78,2812.03,2812.99
1764596100,2812.99,2813.16,2805.3,2812.46
1764596160,2812.46,2815.16,2812.04,2814.2
1764596220,2814.2,2814.2,2810.08,2811
1764596280,2811,2812.74,2809.65,2810.14
1764596340,2810.14,2810.98,2808.5,2808.86
1764596400,2808.86,2809.25,2806.35,2808.78
1764596460,2808.78,2812.45,2808.78,2810.57
1764596520,2810.57,2811.62,2807.7,2809.22
1764596580,2809.22,2811.22,2809.22,2810.73
1764596640,2810.73,2814.51,2807.51,2808.67
1764596700,2808.67,2812.28,2808.67,2810.48
1764596760,2810.48,2811.39,2808.1,2809.67
1764596820,2809.67,2810.37,2808.01,2809.91
1764596880,2809.91,2810.2,2807,2808.15
1764596940,2808.15,2809.78,2807.35,2808.43
1764597000,2808.43,2809.7,2803.37,2809.46
1764597060,2809.46,2813.41,2805.51,2812.56
1764597120,2812.56,2814.08,2811.56,2812.15
1764597180,2812.15,2815.83,2811.68,2813.76
1764597240,2813.76,2814.56,2811.35,2812.04
1764597300,2812.04,2812.05,2806.71,2808.89
1764597360,2808.89,2811.27,2808.17,2809.68
1764597420,2809.68,2811.61,2808.93,2810.34
1764597480,2810.34,2813.28,2810.34,2811.61
1764597540,2811.61,2812.42,2811.44,2811.65
1764597600,2811.65,2813.26,2810.86,2811.43
1764597660,2811.43,2813.69,2811.42,2813.07
1764597720,2813.07,2813.57,2809.1,2812.4
1764597780,2812.4,2815.32,2812.33,2813.35
1764597840,2813.35,2821.4,2813.35,2820.08
1764597900,2820.08,2820.08,2811.62,2811.62
1764597960,2811.62,2814.7,2810.94,2811.48
1764598020,2811.48,2811.6,2807.62,2808.08
1764598080,2808.08,2812.77,2807.89,2812.11
1764598140,2812.11,2819.42,2812.11,2819.42
1764598200,2819.42,2821.96,2818.47,2820.4
1764598260,2820.4,2820.4,2816.42,2818.47
1764598320,2818.47,2825.27,2818.2,2822.54
1764598380,2822.54,2824.79,2820.61,2820.61
1764598440,2820.61,2820.95,2818.43,2819.39
1764598500,2819.39,2820.23,2814.78,2816.86
1764598560,2816.86,2817.1,2813.57,2813.95
1764598620,2813.95,2814.34,2812.57,2813.1
1764598680,2813.1,2815.83,2813.05,2814.31
1764598740,2814.31,2817.71,2813.69,2816.6
1764598800,2816.6,2817.74,2814.44,2814.8
1764598860,2814.8,2815.42,2813.58,2814.3
1764598920,2814.3,2817,2814.29,2816.32
1764598980,2816.32,2816.37,2813.82,2814.02
1764599040,2814.02,2814.68,2813.78,2813.79
1764599100,2813.79,2816.4,2812.32,2816.4
1764599160,2816.4,2816.45,2813.85,2815
1764599220,2815,2816.76,2814.17,2816.74
1764599280,2816.74,2819.17,2816.74,2818.6
1764599340,2818.6,2819.49,2818.39,2818.5
1764599400,2818.5,2820.05,2814.08,2819.02
1764599460,2819.02,2819.44,2804.07,2805.6
1764599520,2805.6,2812.18,2803.92,2810.9
1764599580,2810.9,2816.33,2808.51,2815.44
1764599640,2815.44,2818.36,2812.59,2816.56
1764599700,2816.56,2822.94,2816.56,2819.71
1764599760,2819.71,2828.57,2819.27,2827.44
1764599820,2827.44,2831.28,2825.47,2827.74
1764599880,2827.74,2828.82,2820.78,2821.01
1764599940,2821.01,2822.12,2817.77,2819.96
1764600000,2819.96,2821.94,2818.74,2819.33
1764600060,2819.33,2820.05,2812.84,2817.98
1764600120,2817.98,2817.98,2814.29,2817.01
1764600180,2817.01,2818.1,2811.34,2811.34
1764600240,2811.34,2814.71,2810.18,2811.14
1764600300,2811.14,2814.2,2806.75,2814.01
1764600360,2814.01,2821.42,2814.01,2820.3
1764600420,2820.3,2822.45,2816.62,2816.63
1764600480,2816.63,2817.97,2810.5,2810.97
1764600540,2810.97,2815.54,2808.3,2809.84
1764600600,2809.84,2812.53,2807.56,2811.37
1764600660,2811.37,2813.39,2810.31,2812.6
1764600720,2812.6,2815.73,2811.33,2814.76
1764600780,2814.76,2815.51,2809.07,2809.23
1764600840,2809.23,2813.04,2804.47,2808.06
1764600900,2808.06,2815.9,2807.33,2815.9
1764600960,2815.9,2822.08,2815.89,2820.91
1764601020,2820.91,2822.46,2816.77,2819.03
1764601080,2819.03,2821.8,2815.99,2819.13
1764601140,2819.13,2819.4,2815.42,2816.84
1764601200,2816.84,2817.99,2814.08,2817.55
1764601260,2817.55,2819.66,2815.08,2816.2
1764601320,2816.2,2818.04,2812.79,2815.86
1764601380,2815.86,2816.09,2812.13,2812.13
1764601440,2812.13,2812.62,2808.15,2808.91
1764601500,2808.91,2810.56,2807.11,2809.38
1764601560,2809.38,2811.9,2808.78,2811.74
1764601620,2811.74,2814,2811.51,2811.65
1764601680,2811.65,2814,2810.72,2811.68
1764601740,2811.68,2812.55,2808.85,2810.56
1764601800,2810.56,2813.5,2808.79,2812.92
1764601860,2812.92,2814.5,2810.06,2810.51
1764601920,2810.51,2811.88,2809.01,2811.88
1764601980,2811.88,2814.03,2810.51,2811.62
1764602040,2811.62,2811.62,2797,2799.31
1764602100,2799.31,2804,2777,2780.14
1764602160,2780.14,2802.94,2776.37,2801.12
1764602220,2801.12,2803.99,2797.75,2800.8
1764602280,2800.8,2801.96,2798.15,2800.03
1764602340,2800.03,2802.66,2796.46,2798.37
1764602400,2798.37,2799.52,2790.5,2793.29
1764602460,2793.29,2793.3,2783.65,2788.57
1764602520,2788.57,2791.87,2783.64,2785.31
1764602580,2785.31,2786.99,2776.6,2781.71
1764602640,2781.71,2787.4,2779.32,2780.41
1764602700,2780.41,2781.99,2769.47,2773.92
1764602760,2773.92,2776,2770.33,2774.4
1764602820,2774.4,2775.29,2768.67,2769.43
1764602880,2769.43,2772.84,2766.38,2767.68
1764602940,2767.68,2771.56,2765.08,2768.67
1764603000,2768.67,2770.05,2763.85,2766.07
1764603060,2766.07,2770.46,2762.59,2764.03
1764603120,2764.03,2767.94,2758.4,2763.54
1764603180,2763.54,2765.32,2755,2756.17
1764603240,2756.17,2757.27,2726.89,2742.19
1764603300,2742.19,2749.5,2739.08,2745.9
1764603360,2745.9,2756.66,2744.79,2749.85
1764603420,2749.85,2752.59,2744.94,2745.38
1764603480,2745.38,2750.66,2741.97,2743.56
1764603540,2743.56,2750.17,2740.61,2742
1764603600,2742,2743.18,2734.22,2735.51
1764603660,2735.51,2735.51,2724.01,2732.18
1764603720,2732.18,2734.59,2720.01,2721.23
1764603780,2721.23,2730.8,2718.01,2724.88
1764603840,2724.88,2727.64,2721.52,2725.68
1764603900,2725.68,2729.26,2719.06,2727.34
1764603960,2727.34,2730.7,2724.57,2726.17
1764604020,2726.17,2728.57,2720.12,2728.57
1764604080,2728.57,2733.07,2728.33,2732.85
1764604140,2732.85,2737,2730.24,2736.47
1764604200,2736.47,2749,2736.22,2740.89
1764604260,2740.89,2748.34,2740.89,2747.08
1764604320,2747.08,2756.67,2747.08,2752.68
1764604380,2752.68,2754.5,2748.46,2750.67
1764604440,2750.67,2754.85,2750.09,2750.7
1764604500,2750.7,2750.7,2745.8,2749.7
1764604560,2749.7,2752.63,2744.28,2745.54
1764604620,2745.54,2745.59,2739.61,2743.25
1764604680,2743.25,2746.52,2742.97,2743
1764604740,2743,2744.84,2741.19,2744.66
1764604800,2744.66,2747.68,2742.06,2746.84
1764604860,2746.84,2748.76,2742.85,2745.06
1764604920,2745.06,2745.24,2740.01,2740.01
1764604980,2740.01,2741.64,2737.34,2738
1764605040,2738,2740.19,2735.95,2737.69
1764605100,2737.69,2740.53,2736.36,2738.7
1764605160,2738.7,2740.08,2728.45,2729.48
1764605220,2729.48,2733.67,2727.37,2730.19
1764605280,2730.19,2730.26,2725.9,2729.52
1764605340,2729.52,2729.6,2724.69,2725.76
1764605400,2725.76,2728.77,2724,2726.89
1764605460,2726.89,2729.09,2723.35,2724.18
1764605520,2724.18,2729.72,2722.34,2728.18
1764605580,2728.18,2729.36,2724.46,2725.93
1764605640,2725.93,2728.77,2722.11,2724.67
1764605700,2724.67,2725.84,2721.09,2723.35
1764605760,2723.35,2725.22,2719.35,2720.01
1764605820,2720.01,2726.46,2716.65,2726.15
1764605880,2726.15,2728.64,2722.95,2728.24
1764605940,2728.24,2728.45,2723.26,2723.82
1764606000,2723.82,2728.64,2723.12,2726.62
1764606060,2726.62,2735,2726.47,2733.61
1764606120,2733.61,2734.91,2728,2728.55
1764606180,2728.55,2730.32,2723.12,2726.46
1764606240,2726.46,2727.78,2721.6,2725.38
1764606300,2725.38,2733.08,2724.88,2730.95
1764606360,2730.95,2731.47,2726.32,2730.62
1764606420,2730.62,2739.69,2729.86,2737
1764606480,2737,2737.8,2731.8,2732.74
1764606540,2732.74,2734.91,2732.58,2733.63
1764606600,2733.63,2736.8,2733.14,2736.01
1764606660,2736.01,2744.29,2736,2737.78
1764606720,2737.78,2740.52,2737.61,2738.84
1764606780,2738.84,2743.14,2738.32,2739.04
1764606840,2739.04,2739.54,2734.62,2739.06
1764606900,2739.06,2739.06,2733.91,2735.54
1764606960,2735.54,2737.37,2728.74,2731.58
1764607020,2731.58,2747.65,2731.57,2747.41
1764607080,2747.41,2752.32,2743.73,2748.3
1764607140,2748.3,2753.89,2745.92,2750.96
1764607200,2750.96,2755.23,2750.25,2751.84
1764607260,2751.84,2752.41,2746.8,2748.3
1764607320,2748.3,2753.1,2746.67,2751.11
1764607380,2751.11,2754.12,2749.5,2749.5
1764607440,2749.5,2749.59,2744.28,2744.7
1764607500,2744.7,2746.47,2744.28,2744.51
1764607560,2744.51,2744.86,2740.79,2744.59
1764607620,2744.59,2747.45,2741.83,2743.34
1764607680,2743.34,2743.38,2737.32,2739
1764607740,2739,2739,2732.53,2735.16
1764607800,2735.16,2736.1,2731.03,2735.36
1764607860,2735.36,2735.69,2731.56,2732.31
1764607920,2732.31,2734.28,2731.56,2731.92
1764607980,2731.92,2731.94,2726.44,2727.65
1764608040,2727.65,2729.43,2725.4,2727.34
1764608100,2727.34,2729.79,2726.74,2729.41
1764608160,2729.41,2729.43,2725.6,2727.77
1764608220,2727.77,2728.25,2724.5,2726.4
1764608280,2726.4,2727.1,2724.69,2725.67
1764608340,2725.67,2731.63,2725.37,2730.56
1764608400,2730.56,2735.3,2729.26,2733.89
1764608460,2733.89,2740.08,2733.89,2738.54
1764608520,2738.54,2739.2,2730.59,2731.14
1764608580,2731.14,2733.53,2730.78,2733.53
1764608640,2733.53,2739.56,2733.15,2738.95
1764608700,2738.95,2739.66,2736.64,2738.06
1764608760,2738.06,2739.66,2737.73,2739.53
1764608820,2739.53,2744,2739.46,2741.96
1764608880,2741.96,2741.96,2736.8,2739.46
1764608940,2739.46,2739.46,2732.55,2732.72
1764609000,2732.72,2734.93,2732.44,2733.05
1764609060,2733.05,2737.37,2733.05,2737.09
1764609120,2737.09,2740.23,2736.84,2738.26
1764609180,2738.26,2738.59,2730.76,2731.83
1764609240,2731.83,2733.14,2731,2731
1764609300,2731,2731.01,2726.6,2727.9
1764609360,2727.9,2732.29,2727.27,2732.29
1764609420,2732.29,2737.76,2731.86,2734.65
1764609480,2734.65,2738.81,2734.09,2734.5
1764609540,2734.5,2736.72,2733.28,2736.3
1764609600,2736.3,2739.39,2735.6,2738.26
1764609660,2738.26,2739.25,2737.29,2739
1764609720,2739,2741.2,2738.62,2741.07
1764609780,2741.07,2741.28,2735.21,2735.21
1764609840,2735.21,2737.54,2735.03,2737.54
1764609900,2737.54,2738.66,2736.37,2738.45
1764609960,2738.45,2739.4,2737.05,2738.48
1764610020,2738.48,2739.98,2738.11,2739.5
1764610080,2739.5,2744,2739.5,2743.94
1764610140,2743.94,2746.41,2743,2743
1764610200,2743,2744.09,2740.39,2740.39
1764610260,2740.39,2740.64,2738,2738.71
1764610320,2738.71,2739.47,2734.2,2736.19
1764610380,2736.19,2737.4,2732.62,2736.5
1764610440,2736.5,2737.13,2734.32,2734.78
1764610500,2734.78,2741.8,2733.75,2741.55
1764610560,2741.55,2742.43,2738.25,2739.17
1764610620,2739.17,2741.98,2738.96,2741.55
1764610680,2741.55,2741.69,2738.61,2738.7
1764610740,2738.7,2741.21,2737.74,2740.45
1764610800,2740.45,2742.83,2740.04,2740.04
1764610860,2740.04,2742.55,2738.74,2739.24
1764610920,2739.24,2742.35,2736.05,2741.99
1764610980,2741.99,2743.81,2741.44,2743.81
1764611040,2743.81,2747.92,2743.81,2746.44
1764611100,2746.44,2750.83,2746.08,2750.83
1764611160,2750.83,2751.5,2747.16,2748.88
1764611220,2748.88,2748.88,2744.87,2745.45
1764611280,2745.45,2748.74,2745.25,2748.45
1764611340,2748.45,2750.69,2748.16,2748.16
1764611400,2748.16,2749.32,2744.45,2745.41
1764611460,2745.41,2746.76,2744.2,2745.75
1764611520,2745.75,2746.83,2743.52,2743.6
1764611580,2743.6,2746.01,2742.98,2745.55
1764611640,2745.55,2747.46,2744.1,2747.46
1764611700,2747.46,2748.19,2741.68,2742.46
1764611760,2742.46,2744.17,2740,2741.18
1764611820,2741.18,2742.02,2740,2740.28
1764611880,2740.28,2742.2,2737.64,2738.4
1764611940,2738.4,2740.26,2737.44,2738.3
1764612000,2738.3,2743.47,2737.81,2742.15
1764612060,2742.15,2743.52,2740.78,2742.15
1764612120,2742.15,2743.9,2740.59,2741.7
1764612180,2741.7,2742.08,2740.42,2741.04
1764612240,2741.04,2741.31,2738.75,2740.13
1764612300,2740.13,2741.41,2737.27,2737.27
1764612360,2737.27,2742.69,2736.81,2741.24
1764612420,2741.24,2743.65,2739.42,2743.64
1764612480,2743.64,2744.35,2738.99,2739.77
1764612540,2739.77,2741.17,2738.46,2739.19
1764612600,2739.19,2744.44,2739.19,2742.1
1764612660,2742.1,2745.8,2742,2745.45
1764612720,2745.45,2758.15,2745.19,2755.8
1764612780,2755.8,2756.3,2750.79,2752.76
1764612840,2752.76,2756.11,2752.25,2753.01
1764612900,2753.01,2756.09,2751.41,2754.79
1764612960,2754.79,2755.89,2750.9,2750.91
1764613020,2750.91,2753.09,2750.42,2752.1
1764613080,2752.1,2752.1,2748.47,2752.09
1764613140,2752.09,2754.01,2749.79,2752.8
1764613200,2752.8,2754.43,2749.47,2751.01
1764613260,2751.01,2751.25,2744.84,2748.72
1764613320,2748.72,2753.92,2748.36,2751.3
1764613380,2751.3,2753.97,2748.14,2753.53
1764613440,2753.53,2754,2750.8,2752.88
1764613500,2752.88,2753.71,2749.63,2749.63
1764613560,2749.63,2750.21,2747.44,2747.44
1764613620,2747.44,2747.75,2745.41,2747.48
1764613680,2747.48,2751.02,2747.48,2748.92
1764613740,2748.92,2750.26,2748.35,2750.04
1764613800,2750.04,2750.66,2744.91,2746.05
1764613860,2746.05,2746.07,2740.82,2741.83
1764613920,2741.83,2743.37,2741.62,2742.61
1764613980,2742.61,2743.15,2740.22,2742.25
1764614040,2742.25,2743.02,2740.84,2740.85
1764614100,2740.85,2741.95,2738.37,2738.91
1764614160,2738.91,2739.71,2734.49,2736.23
1764614220,2736.23,2737.22,2734.48,2735.49
1764614280,2735.49,2736.85,2733.44,2736.84
1764614340,2736.84,2737.9,2731.7,2731.8
1764614400,2731.8,2732.95,2730.28,2731.04
1764614460,2731.04,2732.02,2730.11,2730.27
1764614520,2730.27,2731.15,2725.35,2726.74
1764614580,2726.74,2728.41,2725.85,2726.31
1764614640,2726.31,2726.95,2722.6,2726.09
1764614700,2726.09,2726.77,2724.17,2725.47
1764614760,2725.47,2728.82,2724.12,2728.5
1764614820,2728.5,2734.53,2728.5,2733.37
1764614880,2733.37,2733.92,2729.38,2730.26
1764614940,2730.26,2731.1,2729.16,2730.12
1764615000,2730.12,2732.72,2729.71,2732.21
1764615060,2732.21,2733.97,2731.24,2733.01
1764615120,2733.01,2733.01,2730.54,2730.95
1764615180,2730.95,2731.74,2726.51,2729.28
1764615240,2729.28,2734.17,2728.8,2734.17
1764615300,2734.17,2738.35,2733.31,2737.21
1764615360,2737.21,2738.88,2735.1,2738.49
1764615420,2738.49,2754.37,2738.49,2753.27
1764615480,2753.27,2755.56,2746.52,2747.59
1764615540,2747.59,2749.98,2747.59,2748.15
1764615600,2748.15,2751.84,2746.57,2747.85
1764615660,2747.85,2749.43,2745,2746.13
1764615720,2746.13,2746.5,2743.19,2745.81
1764615780,2745.81,2749.95,2745.8,2748.68
1764615840,2748.68,2748.69,2745.32,2747.04
1764615900,2747.04,2747.04,2745.09,2745.58
1764615960,2745.58,2750.87,2744.12,2750.54
1764616020,2750.54,2750.55,2742.76,2743.04
1764616080,2743.04,2744.45,2741.07,2741.11
1764616140,2741.11,2744.42,2737.09,2744.29
1764616200,2744.29,2747.09,2743.87,2745.61
1764616260,2745.61,2747.94,2744.57,2746.17
1764616320,2746.17,2746.65,2744.31,2746.5
1764616380,2746.5,2747.27,2745.59,2746.67
1764616440,2746.67,2746.72,2744,2744.44
1764616500,2744.44,2745.77,2742.05,2744.14
1764616560,2744.14,2745.65,2740.62,2744.96
1764616620,2744.96,2746.03,2743.79,2745.92
1764616680,2745.92,2748.38,2742.61,2742.61
1764616740,2742.61,2742.88,2738.81,2739.37
1764616800,2739.37,2740.13,2736.37,2737.87
1764616860,2737.87,2737.95,2733.12,2736.89
1764616920,2736.89,2738.08,2734.84,2735.91
1764616980,2735.91,2742.18,2734.65,2740.94
1764617040,2740.94,2745.4,2740.65,2743.69
1764617100,2743.69,2743.69,2740.26,2740.26
1764617160,2740.26,2740.83,2736.92,2736.92
1764617220,2736.92,2739.67,2736.81,2739.49
1764617280,2739.49,2740.45,2738.45,2739.67
1764617340,2739.67,2740,2736.56,2737.3
1764617400,2737.3,2737.41,2734.61,2736.06
1764617460,2736.06,2739.26,2734.18,2734.81
1764617520,2734.81,2734.82,2733.44,2733.56
1764617580,2733.56,2733.56,2730.2,2732.23
1764617640,2732.23,2732.91,2731.12,2732.1
1764617700,2732.1,2738.22,2731.45,2737.21
1764617760,2737.21,2745.9,2737.2,2745.89
1764617820,2745.89,2748.47,2744.39,2744.39
1764617880,2744.39,2744.39,2738.02,2738.02
1764617940,2738.02,2740.43,2736.65,2740.35
1764618000,2740.35,2742.48,2739.29,2739.29
1764618060,2739.29,2741.58,2738.41,2738.91
1764618120,2738.91,2739.91,2735.53,2735.67
1764618180,2735.67,2736.07,2732.35,2734.07
1764618240,2734.07,2734.43,2733.01,2734.13
1764618300,2734.13,2735.85,2734.13,2734.6
1764618360,2734.6,2734.6,2728.56,2731.69
1764618420,2731.69,2734.45,2730.85,2732.74
1764618480,2732.74,2733.37,2731.33,2731.7
1764618540,2731.7,2735.12,2731.36,2734.6
1764618600,2734.6,2737.78,2734.59,2737.56
1764618660,2737.56,2737.84,2734.31,2734.31
1764618720,2734.31,2736.37,2733.44,2733.65
1764618780,2733.65,2736.6,2733.65,2736.6
1764618840,2736.6,2741.42,2736.38,2739.75
1764618900,2739.75,2741.12,2736.46,2738.58
1764618960,2738.58,2740.58,2738.27,2739.73
1764619020,2739.73,2741.16,2738.72,2738.74
1764619080,2738.74,2741.89,2738.72,2741.2
1764619140,2741.2,2742.94,2737.28,2739.1
1764619200,2739.1,2745.79,2738.42,2745.11
1764619260,2745.11,2750.94,2745.11,2750.94
1764619320,2750.94,2751.99,2747.44,2750.24
1764619380,2750.24,2751.68,2749.15,2751.21
1764619440,2751.21,2754.08,2749.24,2753.17
1764619500,2753.17,2765.26,2753.16,2763.54
1764619560,2763.54,2767.75,2759.6,2759.82
1764619620,2759.82,2762.72,2758.05,2760.48
1764619680,2760.48,2766.03,2760.4,2765.82
1764619740,2765.82,2768,2760.31,2760.38
1764619800,2760.38,2768.32,2760.38,2767.38
1764619860,2767.38,2768.19,2762.06,2762.55
1764619920,2762.55,2765.59,2760.51,2760.65
1764619980,2760.65,2760.65,2756.89,2759.18
1764620040,2759.18,2759.88,2756.83,2759.05
1764620100,2759.05,2759.05,2751.48,2754.13
1764620160,2754.13,2754.14,2750.01,2751.84
1764620220,2751.84,2753.76,2749.94,2752.2
1764620280,2752.2,2753.16,2750.53,2752.21
1764620340,2752.21,2757.86,2751.41,2757.3
1764620400,2757.3,2757.3,2751.97,2753.72
1764620460,2753.72,2757.63,2752.22,2757.23
1764620520,2757.23,2757.23,2755,2755.22
1764620580,2755.22,2756.16,2753.75,2754.92
1764620640,2754.92,2759.3,2754.9,2758.14
1764620700,2758.14,2758.14,2752.88,2752.88
1764620760,2752.88,2754.58,2751.05,2751.05
1764620820,2751.05,2751.06,2746.66,2749.07
1764620880,2749.07,2751.29,2748.4,2749.61
1764620940,2749.61,2749.94,2746.26,2747.55
1764621000,2747.55,2751.68,2746.21,2751.3
1764621060,2751.3,2751.3,2747.74,2748.72
1764621120,2748.72,2751.04,2746.53,2749.96
1764621180,2749.96,2750.93,2743.7,2744.53
1764621240,2744.53,2745.15,2742.74,2744.03
1764621300,2744.03,2746.48,2742.92,2743.56
1764621360,2743.56,2745.43,2740.4,2743.53
1764621420,2743.53,2747.99,2743.49,2746.8
1764621480,2746.8,2751.84,2746.34,2749.42
1764621540,2749.42,2749.6,2745.99,2748.7
1764621600,2748.7,2751.93,2746.52,2751.31
1764621660,2751.31,2753.83,2751.06,2753.4
1764621720,2753.4,2753.4,2747.87,2748.27
1764621780,2748.27,2753.77,2748.27,2752.45
1764621840,2752.45,2757.75,2752.45,2757.75
1764621900,2757.75,2758.22,2753.54,2756.69
1764621960,2756.69,2758.39,2753.46,2753.66
1764622020,2753.66,2756.18,2750.37,2752.98
1764622080,2752.98,2755.41,2752.76,2754.6
1764622140,2754.6,2755.6,2750.6,2750.86
1764622200,2750.86,2754.46,2750.8,2754.45
1764622260,2754.45,2755.62,2750.12,2752.49
1764622320,2752.49,2752.99,2749.8,2751.52
1764622380,2751.52,2752.1,2749.34,2751.01
1764622440,2751.01,2753.91,2750.81,2752.02
1764622500,2752.02,2755.12,2749.45,2755.12
1764622560,2755.12,2757.11,2753.36,2754.6
1764622620,2754.6,2759.4,2753.99,2758.2
1764622680,2758.2,2760,2756.38,2757.73
1764622740,2757.73,2757.73,2753.87,2756.35
1764622800,2756.35,2760.72,2754.37,2760.58
1764622860,2760.58,2765.61,2759.03,2763.24
1764622920,2763.24,2765.81,2759.1,2759.25
1764622980,2759.25,2760.42,2758.14,2759.7
1764623040,2759.7,2759.85,2757.15,2758.8
1764623100,2758.8,2760.92,2757.48,2759.7
1764623160,2759.7,2764.58,2759.7,2763.72
1764623220,2763.72,2765.81,2762.56,2765.16
1764623280,2765.16,2776.89,2765.16,2769.78
1764623340,2769.78,2772.86,2769.67,2772.43
1764623400,2772.43,2774.38,2769.33,2770.55
1764623460,2770.55,2772,2767.33,2768.12
1764623520,2768.12,2768.17,2762.21,2764.27
1764623580,2764.27,2764.69,2761.38,2761.98
1764623640,2761.98,2763.4,2761.98,2762.9
1764623700,2762.9,2763.8,2762.06,2763.8
1764623760,2763.8,2770.3,2763.8,2769.94
1764623820,2769.94,2774.52,2769.32,2772.65
1764623880,2772.65,2776.33,2772.65,2775.15
1764623940,2775.15,2775.72,2767.06,2767.93
1764624000,2767.93,2780.96,2767.7,2779.13
1764624060,2779.13,2786.5,2778.54,2784.51
1764624120,2784.51,2786.1,2779.43,2783.17
1764624180,2783.17,2784.88,2777.37,2778.63
1764624240,2778.63,2786.28,2778.63,2785.53
1764624300,2785.53,2788.44,2784.91,2787
1764624360,2787,2791.49,2785.42,2787.78
1764624420,2787.78,2791.39,2787.78,2790.72
1764624480,2790.72,2792.77,2783.54,2783.89
1764624540,2783.89,2784.85,2781.1,2782.55
1764624600,2782.55,2785.89,2782.33,2784.91
1764624660,2784.91,2790.25,2784.68,2787.68
1764624720,2787.68,2790.34,2785.48,2789.7
1764624780,2789.7,2791.87,2789.7,2791.54
1764624840,2791.54,2796.2,2791.25,2793.97
1764624900,2793.97,2794,2791.22,2793.59
1764624960,2793.59,2795.1,2792.44,2793.24
1764625020,2793.24,2793.24,2786.68,2788.16
1764625080,2788.16,2790.31,2786.8,2789.8
1764625140,2789.8,2794.22,2789.11,2791.05
1764625200,2791.05,2797.5,2790.6,2796.3
1764625260,2796.3,2796.9,2790.99,2793.99
1764625320,2793.99,2795.48,2793.14,2795.39
1764625380,2795.39,2795.72,2791.3,2791.3
1764625440,2791.3,2795.07,2790.58,2794.68
1764625500,2794.68,2795.15,2790.71,2793.13
1764625560,2793.13,2793.13,2786.42,2787.01
1764625620,2787.01,2788.2,2783.62,2785.83
1764625680,2785.83,2786.46,2783.05,2783.88
1764625740,2783.88,2788.35,2783.58,2787.58
1764625800,2787.58,2787.59,2784.39,2786.98
1764625860,2786.98,2787.91,2784.47,2786.27
1764625920,2786.27,2791.43,2786.27,2789.46
1764625980,2789.46,2789.47,2786.91,2786.91
1764626040,2786.91,2788.02,2786.13,2786.76
1764626100,2786.76,2789.1,2786.76,2788.82
1764626160,2788.82,2788.83,2787.86,2788.54
1764626220,2788.54,2793,2788.54,2791.37
1764626280,2791.37,2791.39,2788.55,2789.28
1764626340,2789.28,2790.92,2789.11,2790.33
1764626400,2790.33,2792.95,2789.21,2792.95
1764626460,2792.95,2800.88,2792.43,2799.2
1764626520,2799.2,2802.28,2798.46,2802.25
1764626580,2802.25,2802.54,2798.54,2800.69
1764626640,2800.69,2807.48,2800.68,2807.1
1764626700,2807.1,2809.34,2803.81,2805.71
1764626760,2805.71,2806.75,2803.42,2805.33
1764626820,2805.33,2808.34,2805.33,2807.77
1764626880,2807.77,2808.3,2806.01,2808.24
1764626940,2808.24,2813.52,2808.24,2809.68
1764627000,2809.68,2810.25,2804.68,2804.68
1764627060,2804.68,2804.87,2800.19,2801.61
1764627120,2801.61,2801.61,2798.53,2799.48
1764627180,2799.48,2799.48,2791.56,2792.49
1764627240,2792.49,2792.5,2791.4,2791.81
1764627300,2791.81,2801.02,2791.8,2799.93
1764627360,2799.93,2799.93,2792.26,2792.54
1764627420,2792.54,2796.76,2792.54,2796.18
1764627480,2796.18,2796.18,2792.38,2793.31
1764627540,2793.31,2794.8,2791.58,2794.16
1764627600,2794.16,2796.6,2793.9,2796.44
1764627660,2796.44,2797.01,2796.31,2796.6
1764627720,2796.6,2796.61,2795.73,2796.15
1764627780,2796.15,2796.52,2794.62,2795.94
1764627840,2795.94,2797.92,2795.74,2796.36
1764627900,2796.36,2796.36,2794,2795.92
1764627960,2795.92,2795.93,2793.56,2793.57
1764628020,2793.57,2800.21,2793.57,2799.31
1764628080,2799.31,2799.86,2795.78,2798.66
1764628140,2798.66,2799.51,2798.08,2798.08
1764628200,2798.08,2800.66,2794.79,2797.85
1764628260,2797.85,2802.62,2797.43,2800.54
1764628320,2800.54,2801.05,2799.11,2799.37
1764628380,2799.37,2800.13,2796.47,2797.32
1764628440,2797.32,2797.32,2791.3,2791.99
1764628500,2791.99,2794.92,2791.11,2794.6
1764628560,2794.6,2796.62,2794.6,2796.62
1764628620,2796.62,2798.72,2796.62,2798.72
1764628680,2798.72,2798.72,2795.96,2795.97
1764628740,2795.97,2799.49,2795.97,2799.29
1764628800,2799.29,2799.29,2797.13,2797.97
1764628860,2797.97,2804.04,2797.96,2803.59
1764628920,2803.59,2803.59,2802.26,2802.33
1764628980,2802.33,2804.6,2801.12,2803.6
1764629040,2803.6,2804.59,2800.08,2800.12
1764629100,2800.12,2807.83,2800.12,2807.83
1764629160,2807.83,2809.48,2806.98,2809.12
1764629220,2809.12,2809.12,2805.59,2805.79
1764629280,2805.79,2807.85,2804.71,2804.71
1764629340,2804.71,2808.63,2804.65,2808.26
1764629400,2808.26,2808.82,2806.55,2806.55
1764629460,2806.55,2807.67,2805.2,2805.2
1764629520,2805.2,2806.12,2805.2,2805.57
1764629580,2805.57,2806.75,2805.09,2805.66
1764629640,2805.66,2805.67,2804.04,2805.38
1764629700,2805.38,2806.68,2804.98,2805.79
1764629760,2805.79,2805.79,2801.12,2801.42
1764629820,2801.42,2803.35,2801.29,2803.07
1764629880,2803.07,2803.07,2801.21,2801.36
1764629940,2801.36,2801.5,2794.33,2795.43
1764630000,2795.43,2800.68,2795.14,2800.36
1764630060,2800.36,2802.23,2800.27,2801.82
1764630120,2801.82,2804.44,2801.82,2804.44
1764630180,2804.44,2805.03,2803.36,2804.39
1764630240,2804.39,2805,2803.9,2804.48
1764630300,2804.48,2804.53,2802.1,2802.4
1764630360,2802.4,2803.02,2800,2801.52
1764630420,2801.52,2801.52,2798.24,2798.24
1764630480,2798.24,2802.68,2798.24,2800.13
1764630540,2800.13,2800.33,2798.9,2800.33
1764630600,2800.33,2800.57,2798.67,2800.32
1764630660,2800.32,2800.57,2798.59,2799.34
1764630720,2799.34,2799.59,2798.05,2798.89
1764630780,2798.89,2799.2,2795.57,2796.36
1764630840,2796.36,2796.51,2794.72,2796.5
1764630900,2796.5,2798.69,2796.49,2798.11
1764630960,2798.11,2800,2798.1,2798.83
1764631020,2798.83,2802.38,2798.37,2802.38
1764631080,2802.38,2803.18,2801.08,2803.13
1764631140,2803.13,2805.96,2803.12,2805.56
1764631200,2805.56,2805.89,2803.38,2805.14
1764631260,2805.14,2807.95,2804.9,2807.93
1764631320,2807.93,2809,2805.88,2806.98
1764631380,2806.98,2808.43,2806.29,2806.29
1764631440,2806.29,2807.58,2805.06,2805.72
1764631500,2805.72,2807.58,2805.72,2807.01
1764631560,2807.01,2808.4,2805.88,2807.21
1764631620,2807.21,2808.99,2806.57,2808.02
1764631680,2808.02,2808.69,2807.03,2807.69
1764631740,2807.69,2811.49,2807.64,2811.49
1764631800,2811.49,2817.94,2811.31,2815.27
1764631860,2815.27,2815.57,2811.5,2811.72
1764631920,2811.72,2814.35,2810.48,2813.18
1764631980,2813.18,2813.7,2811.24,2812.06
1764632040,2812.06,2812.31,2805.48,2807.57
1764632100,2807.57,2810.22,2807.57,2808.8
1764632160,2808.8,2809.55,2806,2806
1764632220,2806,2807.98,2805.6,2807.7
1764632280,2807.7,2808.82,2806.05,2808.06
1764632340,2808.06,2810.78,2806.87,2809.94
1764632400,2809.94,2810.63,2806.81,2807.41
1764632460,2807.41,2808.77,2806.27,2806.27
1764632520,2806.27,2806.5,2805,2805.17
1764632580,2805.17,2805.94,2803.55,2804.84
1764632640,2804.84,2806,2804.62,2805.75
1764632700,2805.75,2805.75,2803.92,2804.45
1764632760,2804.45,2805.83,2803,2803.51
1764632820,2803.51,2803.64,2799.45,2799.95
1764632880,2799.95,2801.92,2799.44,2799.44
1764632940,2799.44,2800.83,2798.07,2800.04
1764633000,2800.04,2800.69,2799.44,2800.16
1764633060,2800.16,2800.31,2797.57,2799.49
1764633120,2799.49,2800.87,2799.3,2800.08
1764633180,2800.08,2801.65,2798.42,2799.28
1764633240,2799.28,2799.28,2795.82,2796.04
1764633300,2796.04,2798.7,2796.04,2797.6
1764633360,2797.6,2799.83,2796.9,2799.83
1764633420,2799.83,2800.19,2796.76,2798.66
1764633480,2798.66,2799.29,2798.33,2799.29
1764633540,2799.29,2799.56,2797.2,2797.2
1769817600,2705.65,2705.65,2704,2704.59
1769817660,2704.59,2705.93,2702.51,2702.61
1769817720,2702.61,2705.15,2701.27,2701.27
1769817780,2701.27,2703.54,2701.27,2701.56
1769817840,2701.56,2703.31,2701.37,2703.31
1769817900,2703.31,2705.4,2702.58,2705.4
1769817960,2705.4,2706.36,2704.86,2705.21
1769818020,2705.21,2707.74,2705.21,2706.61
1769818080,2706.61,2706.99,2705.46,2706.8
1769818140,2706.8,2706.8,2705.11,2705.15
1769818200,2705.15,2707.09,2704.51,2706.24
1769818260,2706.24,2706.24,2703.87,2704.75
1769818320,2704.75,2705.52,2704.57,2704.67
1769818380,2704.67,2707.42,2704.08,2707.18
1769818440,2707.18,2707.63,2706.3,2707.63
1769818500,2707.63,2707.68,2705.88,2706.5
1769818560,2706.5,2707.45,2705.56,2706.82
1769818620,2706.82,2707.49,2705.72,2706.49
1769818680,2706.49,2708.02,2706.37,2707.22
1769818740,2707.22,2708.31,2707.22,2708.31
1769818800,2708.31,2708.89,2705.2,2706.21
1769818860,2706.21,2706.65,2704.53,2706.09
1769818920,2706.09,2706.49,2704.53,2706.49
1769818980,2706.49,2708.86,2706.49,2708.17
1769819040,2708.17,2708.2,2706.42,2707.14
1769819100,2707.14,2709.29,2707.13,2708.96
1769819160,2708.96,2709.07,2707.22,2708.3
1769819220,2708.3,2708.39,2706.55,2707.77
1769819280,2707.77,2708.75,2707.5,2708.52
1769819340,2708.52,2708.89,2707.9,2708.53
1769819400,2708.53,2708.53,2707.16,2708.05
1769819460,2708.05,2708.83,2708.03,2708.03
1769819520,2708.03,2708.03,2706.46,2706.53
1769819580,2706.53,2707.19,2705.57,2706.49
1769819640,2706.49,2706.88,2705.13,2706.88
1769819700,2706.88,2707.99,2706.59,2706.84
1769819760,2706.84,2707.57,2705.9,2707.08
1769819820,2707.08,2709.96,2706.96,2709.96
1769819880,2709.96,2709.96,2708.81,2708.96
1769819940,2708.96,2712,2708.35,2711.57
1769820000,2711.57,2712.98,2711.1,2712.03
1769820060,2712.03,2713,2711.48,2711.89
1769820120,2711.89,2711.89,2710.57,2711.4
1769820180,2711.4,2712.16,2710.82,2712.15
1769820240,2712.15,2712.16,2710.92,2712.16
1769820300,2712.16,2712.34,2709.46,2709.46
1769820360,2709.46,2710.19,2709.15,2709.39
1769820420,2709.39,2709.39,2704.54,2706.38
1769820480,2706.38,2707.17,2705.83,2706.72
1769820540,2706.72,2708.72,2706.72,2708.35
1769820600,2708.35,2708.6,2706.69,2707.06
1769820660,2707.06,2708.19,2703.07,2705.04
1769820720,2705.04,2705.1,2703.25,2704.62
1769820780,2704.62,2705.65,2704.61,2705.33
1769820840,2705.33,2706.39,2705,2706.38
1769820900,2706.38,2706.38,2704.33,2705.56
1769820960,2705.56,2707.59,2705.56,2706.31
1769821020,2706.31,2706.86,2705.32,2705.51
1769821080,2705.51,2706.88,2704,2704
1769821140,2704,2705.07,2703.79,2704.87
1769821200,2704.87,2705.08,2703.78,2705.07
1769821260,2705.07,2705.08,2703.72,2703.72
1769821320,2703.72,2706.28,2703.72,2706.11
1769821380,2706.11,2706.11,2705,2705
1769821440,2705,2707.96,2705,2707.44
1769821500,2707.44,2710.97,2707.44,2710.05
1769821560,2710.05,2710.24,2709.05,2709.17
1769821620,2709.17,2709.69,2708.7,2709.15
1769821680,2709.15,2711.79,2709.15,2711.09
1769821740,2711.09,2711.52,2709.98,2710.15
1769821800,2710.15,2710.15,2708.62,2709.55
1769821860,2709.55,2711.86,2709.36,2711.63
1769821920,2711.63,2712.14,2710.2,2710.6
1769821980,2710.6,2711.15,2709.69,2711.15
1769822040,2711.15,2711.53,2710.92,2710.93
1769822100,2710.93,2711.98,2710.92,2711.01
1769822160,2711.01,2711.01,2710,2710.23
1769822220,2710.23,2710.29,2708.67,2708.73
1769822280,2708.73,2709.7,2708.73,2708.98
1769822340,2708.98,2710.12,2708.97,2710.12
1769822400,2710.12,2713.35,2710.11,2713.32
1769822460,2713.32,2713.32,2711.29,2711.7
1769822520,2711.7,2712.88,2710.28,2710.29
1769822580,2710.29,2710.91,2709.28,2710.32
1769822640,2710.32,2710.81,2709.48,2709.74
1769822700,2709.74,2710.83,2709.6,2710.5
1769822760,2710.5,2710.65,2708.73,2710.1
1769822820,2710.1,2711.11,2709.81,2711.11
1769822880,2711.11,2711.11,2710.05,2710.66
1769822940,2710.66,2710.66,2708.05,2708.64
1769823000,2708.64,2708.85,2702.72,2703.87
1769823060,2703.87,2705.5,2703.12,2703.12
1769823120,2703.12,2704.85,2703,2703.66
1769823180,2703.66,2705.24,2699.43,2700.03
1769823240,2700.03,2703.54,2699.63,2702.99
1769823300,2702.99,2703.44,2701.63,2702.48
1769823360,2702.48,2703.24,2699.76,2700.56
1769823420,2700.56,2702.35,2698.92,2699.6
1769823480,2699.6,2700.91,2699.01,2700.25
1769823540,2700.25,2701.9,2700.25,2701.9
1769823600,2701.9,2701.9,2698.93,2701.39
1769823660,2701.39,2702,2700.65,2700.93
1769823720,2700.93,2702.96,2700.9,2702.49
1769823780,2702.49,2704.3,2702.21,2704.12
1769823840,2704.12,2704.12,2702.28,2703.72
1769823900,2703.72,2703.72,2702.97,2703.65
1769823960,2703.65,2703.65,2699.84,2700.52
1769824020,2700.52,2701.69,2699.72,2700.09
1769824080,2700.09,2701.17,2699.63,2700.84
1769824140,2700.84,2702.61,2699.13,2701.76
1769824200,2701.76,2702.46,2701.01,2702.25
1769824260,2702.25,2702.34,2701.43,2701.89
1769824320,2701.89,2701.89,2701.08,2701.33
1769824380,2701.33,2701.33,2699.09,2700.08
1769824440,2700.08,2700.76,2699.76,2700.03
1769824500,2700.03,2700.19,2698.9,2699.08
1769824560,2699.08,2700.6,2699.08,2700.51
1769824620,2700.51,2700.51,2698.24,2698.36
1769824680,2698.36,2698.9,2697.44,2697.63
1769824740,2697.63,2698.68,2697.6,2698.67
1769824800,2698.67,2698.68,2697.33,2697.94
1769824860,2697.94,2697.94,2696.65,2696.65
1769824920,2696.65,2696.65,2694.38,2694.56
1769824980,2694.56,2696.97,2694,2696.97
1769825040,2696.97,2697.21,2694,2695.03
1769825100,2695.03,2695.73,2692.56,2695.38
1769825160,2695.38,2695.93,2693.66,2693.71
1769825220,2693.71,2693.71,2689.4,2692.73
1769825280,2692.73,2693.64,2691.27,2693.29
1769825340,2693.29,2694.56,2690.81,2691.05
1769825400,2691.05,2692.83,2690.56,2691.67
1769825460,2691.67,2694.25,2691.67,2692.96
1769825520,2692.96,2693.55,2691.95,2693.53
1769825580,2693.53,2695.55,2693.53,2695.36
1769825640,2695.36,2695.6,2694.06,2694.88
1769825700,2694.88,2695.44,2693.57,2694.24
1769825760,2694.24,2694.24,2692.22,2692.54
1769825820,2692.54,2692.58,2684.5,2685.93
1769825880,2685.93,2689.75,2685.15,2689.61
1769825940,2689.61,2690.24,2687.66,2687.88
1769826000,2687.88,2689.89,2687.38,2689.46
1769826060,2689.46,2690.39,2688.7,2689.83
1769826120,2689.83,2689.83,2687.74,2688.1
1769826180,2688.1,2689.2,2687.38,2687.39
1769826240,2687.39,2687.63,2684.17,2684.62
1769826300,2684.62,2685.23,2682.65,2684.52
1769826360,2684.52,2691.06,2684.52,2690.94
1769826420,2690.94,2690.94,2688.6,2689.98
1769826480,2689.98,2692.36,2689.24,2692.36
1769826540,2692.36,2692.36,2689.92,2689.96
1769826600,2689.96,2690.69,2688.99,2690
1769826660,2690,2690,2688.6,2689.94
1769826720,2689.94,2690.11,2688.58,2689.13
1769826780,2689.13,2691.99,2688.45,2691.75
1769826840,2691.75,2695.67,2690.96,2694.5
1769826900,2694.5,2698.63,2693.65,2698.55
1769826960,2698.55,2699.83,2697.75,2698.3
1769827020,2698.3,2699.07,2697.88,2698.76
1769827080,2698.76,2699.9,2698.75,2699.44
1769827140,2699.44,2700.89,2698.87,2699.76
1769827200,2699.76,2706.23,2699.76,2705.58
1769827260,2705.58,2706.76,2703.56,2704.58
1769827320,2704.58,2704.58,2702.78,2704.25
1769827380,2704.25,2705.6,2703.78,2704.37
1769827440,2704.37,2705.11,2703.37,2703.9
1769827500,2703.9,2704.13,2702,2702.6
1769827560,2702.6,2705.67,2702.6,2705.1
1769827620,2705.1,2707.02,2704.58,2704.83
1769827680,2704.83,2704.83,2702.11,2702.9
1769827740,2702.9,2703.95,2702.42,2703.84
1769827800,2703.84,2704.28,2702.17,2703.09
1769827860,2703.09,2703.09,2701,2701.82
1769827920,2701.82,2702.98,2701.78,2702.84
1769827980,2702.84,2703.92,2702.83,2703.3
1769828040,2703.3,2703.97,2703.29,2703.89
1769828100,2703.89,2704.76,2703.11,2704.49
1769828160,2704.49,2704.92,2703.34,2703.56
1769828220,2703.56,2703.74,2701.7,2701.7
1769828280,2701.7,2701.7,2700,2700.4
1769828340,2700.4,2700.53,2700.06,2700.45
1769828400,2700.45,2701.97,2700.45,2701.97
1769828460,2701.97,2702.96,2701.86,2702.44
1769828520,2702.44,2702.61,2700.41,2700.91
1769828580,2700.91,2700.91,2700.35,2700.54
1769828640,2700.54,2701.18,2699.81,2700.99
1769828700,2700.99,2703.52,2700.92,2701.17
1769828760,2701.17,2701.39,2700.3,2700.45
1769828820,2700.45,2700.56,2699.27,2700.07
1769828880,2700.07,2700.7,2699.32,2700
1769828940,2700,2700.43,2699.15,2700.19
1769829000,2700.19,2700.72,2699.77,2700.01
1769829060,2700.01,2700.01,2696.12,2696.88
1769829120,2696.88,2699.22,2696.88,2698.73
1769829180,2698.73,2702.41,2698.36,2702.41
1769829240,2702.41,2703.93,2700.99,2701.89
1769829300,2701.89,2702.28,2700.34,2700.58
1769829360,2700.58,2702.04,2700.27,2702.04
1769829420,2702.04,2702.08,2700.28,2700.74
1769829480,2700.74,2700.81,2699.62,2700.3
1769829540,2700.3,2702.55,2700.29,2701.76
1769829600,2701.76,2701.97,2700.01,2701.77
1769829660,2701.77,2701.9,2701.3,2701.47
1769829720,2701.47,2703.29,2701.39,2703.18
1769829780,2703.18,2704,2702.75,2703.24
1769829840,2703.24,2704.75,2703.24,2704.46
1769829900,2704.46,2705.35,2704.29,2704.81
1769829960,2704.81,2705.09,2702.86,2702.87
1769830020,2702.87,2703.12,2700.6,2700.77
1769830080,2700.77,2701.02,2699.74,2701.02
1769830140,2701.02,2701.89,2700.95,2700.96
1769830200,2700.96,2701.55,2700.17,2700.19
1769830260,2700.19,2701.12,2699.68,2699.85
1769830320,2699.85,2700.56,2697.73,2699
1769830380,2699,2699.21,2698.01,2698.18
1769830440,2698.18,2698.88,2698.08,2698.36
1769830500,2698.36,2700.6,2698.35,2700.59
1769830560,2700.59,2701.7,2699.09,2700.13
1769830620,2700.13,2700.14,2697.91,2697.92
1769830680,2697.92,2697.92,2695,2695.73
1769830740,2695.73,2697.77,2695.73,2697.29
1769830800,2697.29,2699.39,2697,2698.81
1769830860,2698.81,2698.81,2697.4,2697.4
1769830920,2697.4,2698.19,2695.88,2697.72
1769830980,2697.72,2697.77,2696.67,2697.77
1769831040,2697.77,2698.37,2697,2697
1769831100,2697,2697.04,2695.73,2696.3
1769831160,2696.3,2696.31,2695,2695
1769831220,2695,2695.83,2694.25,2694.25
1769831280,2694.25,2694.25,2693.16,2694
1769831340,2694,2695.24,2693.99,2694.43
1769831400,2694.43,2694.99,2694.2,2694.99
1769831460,2694.99,2695,2693.6,2693.64
1769831520,2693.64,2693.64,2692.56,2693.28
1769831580,2693.28,2694.36,2692.81,2693.6
1769831640,2693.6,2693.87,2692.95,2693.09
1769831700,2693.09,2695.42,2693.09,2695.11
1769831760,2695.11,2696.17,2694.68,2695.83
1769831820,2695.83,2696,2695.43,2695.43
1769831880,2695.43,2695.43,2694.08,2694.17
1769831940,2694.17,2694.59,2693.61,2694.17
1769832000,2694.17,2695.24,2693.01,2695.24
1769832060,2695.24,2697,2695.24,2696.96
1769832120,2696.96,2698,2696.27,2696.27
1769832180,2696.27,2698.73,2696.24,2697.99
1769832240,2697.99,2698.22,2697.41,2697.84
1769832300,2697.84,2697.84,2697.08,2697.09
1769832360,2697.09,2697.61,2696.85,2697.59
1769832420,2697.59,2697.6,2696.45,2696.7
1769832480,2696.7,2698.92,2696.46,2697.26
1769832540,2697.26,2697.42,2696.81,2697.42
1769832600,2697.42,2698.78,2697.41,2698.32
1769832660,2698.32,2698.37,2697.8,2697.81
1769832720,2697.81,2699.22,2696.66,2698.84
1769832780,2698.84,2698.86,2697.53,2698.69
1769832840,2698.69,2699.97,2698.02,2699.76
1769832900,2699.76,2699.76,2698.26,2699.02
1769832960,2699.02,2700,2699.02,2699.7
1769833020,2699.7,2701.26,2699.7,2700.32
1769833080,2700.32,2700.33,2699.59,2699.9
1769833140,2699.9,2699.9,2697.16,2697.17
1769833200,2697.17,2697.83,2695.55,2697.44
1769833260,2697.44,2700.35,2697.13,2698.86
1769833320,2698.86,2701.07,2698.45,2700.68
1769833380,2700.68,2701.68,2700.57,2701.67
1769833440,2701.67,2703.61,2701.67,2702.76
1769833500,2702.76,2703.54,2702,2702.52
1769833560,2702.52,2703.34,2700.53,2700.53
1769833620,2700.53,2702.23,2700.34,2701.33
1769833680,2701.33,2702.8,2701.33,2702.65
1769833740,2702.65,2703.75,2702.2,2703.22
1769833800,2703.22,2703.22,2701.75,2701.75
1769833860,2701.75,2702.14,2701.02,2701.9
1769833920,2701.9,2702.75,2701.41,2701.41
1769833980,2701.41,2701.41,2699.52,2699.68
1769834040,2699.68,2701.38,2699.27,2701.37
1769834100,2701.37,2701.37,2700.37,2701.2
1769834160,2701.2,2701.42,2699.26,2699.81
1769834220,2699.81,2700.86,2699.81,2700.33
1769834280,2700.33,2700.9,2700.12,2700.13
1769834340,2700.13,2700.7,2699.44,2699.66
1769834400,2699.66,2699.72,2699.21,2699.72
1769834460,2699.72,2700.36,2698.17,2698.92
1769834520,2698.92,2700.73,2698.92,2700.19
1769834580,2700.19,2700.66,2699.82,2699.82
1769834640,2699.82,2699.82,2696.57,2696.58
1769834700,2696.58,2697.47,2695.53,2695.99
1769834760,2695.99,2696.96,2695.46,2695.66
1769834820,2695.66,2696.65,2695.24,2696.05
1769834880,2696.05,2696.18,2695.01,2695.39
1769834940,2695.39,2696.07,2694.72,2694.72
1769835000,2694.72,2694.73,2693.34,2694.19
1769835060,2694.19,2695.44,2694.07,2694.15
1769835120,2694.15,2694.16,2693.08,2693.16
1769835180,2693.16,2693.17,2691.45,2692.64
1769835240,2692.64,2692.81,2691.42,2692.45
1769835300,2692.45,2694.38,2692.29,2694.15
1769835360,2694.15,2694.94,2693.01,2693.94
1769835420,2693.94,2694.19,2692.89,2692.89
1769835480,2692.89,2694.03,2692.82,2693.6
1769835540,2693.6,2694.21,2693.45,2694.21
1769835600,2694.21,2694.98,2693.28,2694.31
1769835660,2694.31,2694.31,2691.06,2691.07
1769835720,2691.07,2692.11,2689.84,2689.93
1769835780,2689.93,2692.87,2689.38,2692.87
1769835840,2692.87,2694,2692.33,2693.09
1769835900,2693.09,2693.15,2691.11,2691.2
1769835960,2691.2,2692.26,2690.53,2692.02
1769836020,2692.02,2692.47,2691.61,2692.47
1769836080,2692.47,2692.84,2690.88,2692.84
1769836140,2692.84,2692.91,2691.99,2692.58
1769836200,2692.58,2693.98,2692.5,2693.51
1769836260,2693.51,2694.5,2693.5,2694.21
1769836320,2694.21,2694.79,2693.82,2694.63
1769836380,2694.63,2696.39,2694.62,2695.15
1769836440,2695.15,2695.83,2694.75,2695.83
1769836500,2695.83,2695.83,2694.7,2694.91
1769836560,2694.91,2694.91,2693.98,2694.3
1769836620,2694.3,2694.44,2693.13,2694.19
1769836680,2694.19,2696.2,2694.19,2695.33
1769836740,2695.33,2695.79,2695.33,2695.33
1769836800,2695.33,2695.33,2693.29,2693.3
1769836860,2693.3,2693.59,2692.74,2693.13
1769836920,2693.13,2695.28,2693.13,2693.41
1769836980,2693.41,2693.74,2690.5,2693.1
1769837040,2693.1,2701.01,2693.1,2698.52
1769837100,2698.52,2698.56,2697.39,2698.17
1769837160,2698.17,2699,2696.95,2698.69
1769837220,2698.69,2699.99,2698.5,2699.44
1769837280,2699.44,2700,2697.91,2697.93
1769837340,2697.93,2699.47,2697.25,2699.47
1769837400,2699.47,2700.32,2699.25,2700.01
1769837460,2700.01,2702.12,2700.01,2701.83
1769837520,2701.83,2702.14,2700.78,2700.78
1769837580,2700.78,2700.78,2698.93,2699.6
1769837640,2699.6,2700.51,2699.36,2699.8
1769837700,2699.8,2699.81,2698,2698.01
1769837760,2698.01,2699.18,2697.85,2699.12
1769837820,2699.12,2700.2,2698.18,2699.65
1769837880,2699.65,2701.93,2699.65,2701.93
1769837940,2701.93,2702.54,2700.49,2700.49
1769838000,2700.49,2701.07,2699.52,2700.22
1769838060,2700.22,2701.06,2700.12,2700.49
1769838120,2700.49,2700.49,2699.48,2699.59
1769838180,2699.59,2700.6,2698.01,2698.01
1769838240,2698.01,2698.09,2697.36,2697.37
1769838300,2697.37,2697.66,2695.55,2696
1769838360,2696,2697.36,2695.98,2697.35
1769838420,2697.35,2698.97,2697.1,2698.97
1769838480,2698.97,2699.44,2697.61,2698.2
1769838540,2698.2,2698.94,2697.58,2698.51
1769838600,2698.51,2698.94,2696.53,2697.57
1769838660,2697.57,2698.29,2696.9,2698.08
1769838720,2698.08,2698.51,2697.86,2697.86
1769838780,2697.86,2698.28,2696.88,2696.93
1769838840,2696.93,2697.82,2696.69,2697.77
1769838900,2697.77,2698.17,2697.46,2697.96
1769838960,2697.96,2697.96,2695.94,2696.15
1769839020,2696.15,2696.19,2695.47,2695.98
1769839080,2695.98,2696.88,2695.6,2696.59
1769839140,2696.59,2696.99,2695.97,2696.99
1769839200,2696.99,2697.86,2696.38,2697.16
1769839260,2697.16,2698.5,2696.87,2698.5
1769839320,2698.5,2700.03,2698.5,2699.81
1769839380,2699.81,2700.09,2697.36,2697.37
1769839440,2697.37,2697.37,2694.46,2694.5
1769839500,2694.5,2694.51,2692.3,2693.35
1769839560,2693.35,2696.28,2693.35,2696.28
1769839620,2696.28,2696.28,2695.09,2695.34
1769839680,2695.34,2697.1,2695.34,2697.1
1769839740,2697.1,2697.11,2696.87,2697.01
1769839800,2697.01,2697.01,2695.17,2695.17
1769839860,2695.17,2697.05,2694.87,2697.05
1769839920,2697.05,2697.1,2695.74,2695.8
1769839980,2695.8,2696.58,2695.55,2696.58
1769840040,2696.58,2697.88,2696.33,2696.33
1769840100,2696.33,2696.8,2696,2696.8
1769840160,2696.8,2698,2696.39,2696.39
1769840220,2696.39,2696.94,2696.26,2696.64
1769840280,2696.64,2697.71,2696.64,2697.06
1769840340,2697.06,2697.06,2696.46,2696.99
1769840400,2696.99,2697.52,2696.51,2696.99
1769840460,2696.99,2697.03,2696,2697.03
1769840520,2697.03,2697.61,2696.28,2696.28
1769840580,2696.28,2697.3,2695.59,2697.3
1769840640,2697.3,2697.72,2696.8,2697.07
1769840700,2697.07,2697.07,2686.96,2687.72
1769840760,2687.72,2687.9,2682.73,2684.75
1769840820,2684.75,2687.5,2683.57,2687
1769840880,2687,2688.48,2684.64,2685.24
1769840940,2685.24,2686.14,2683.87,2686.09
1769841000,2686.09,2690.23,2683.33,2689.18
1769841060,2689.18,2689.18,2686.45,2686.45
1769841120,2686.45,2688.35,2686.44,2688.35
1769841180,2688.35,2690.52,2687.85,2690.01
1769841240,2690.01,2690.49,2687.92,2688.55
1769841300,2688.55,2689.3,2688.54,2688.92
1769841360,2688.92,2689.68,2688.32,2689.5
1769841420,2689.5,2690.07,2689.04,2689.05
1769841480,2689.05,2689.05,2687.52,2687.52
1769841540,2687.52,2688.24,2685.7,2685.7
1769841600,2685.7,2687.1,2684.07,2684.82
1769841660,2684.82,2687.89,2684.82,2687.89
1769841720,2687.89,2688.18,2686.95,2687.86
1769841780,2687.86,2688.18,2687.22,2688.12
1769841840,2688.12,2689.94,2688.12,2689.94
1769841900,2689.94,2691.65,2689.94,2691
1769841960,2691,2691,2689.3,2690.74
1769842020,2690.74,2692.3,2690.47,2691.3
1769842080,2691.3,2691.68,2689.05,2689.49
1769842140,2689.49,2690.13,2687.61,2687.61
1769842200,2687.61,2690.27,2687.61,2690.27
1769842260,2690.27,2692.82,2690.27,2692.41
1769842320,2692.41,2692.69,2691.51,2692.08
1769842380,2692.08,2692.78,2691.58,2691.73
1769842440,2691.73,2692.38,2691.72,2692.03
1769842500,2692.03,2692.69,2691.54,2692.2
1769842560,2692.2,2692.2,2690.97,2690.98
1769842620,2690.98,2691.47,2690.44,2690.75
1769842680,2690.75,2692.15,2690.75,2692.02
1769842740,2692.02,2692.15,2691.37,2691.76
1769842800,2691.76,2691.76,2691.02,2691.02
1769842860,2691.02,2691.95,2690.2,2691.07
1769842920,2691.07,2691.29,2690.08,2690.28
1769842980,2690.28,2690.85,2689.62,2689.88
1769843040,2689.88,2691.11,2689.87,2691.11
1769843100,2691.11,2692.8,2691.11,2692.8
1769843160,2692.8,2692.81,2688.74,2689.46
1769843220,2689.46,2690.51,2688.89,2690.17
1769843280,2690.17,2690.87,2689.64,2690.7
1769843340,2690.7,2690.91,2688.84,2689.9
1769843400,2689.9,2691.32,2689.89,2690.6
1769843460,2690.6,2691.15,2690.6,2691.15
1769843520,2691.15,2691.27,2690.06,2691.26
1769843580,2691.26,2692.44,2691.17,2692.43
1769843640,2692.43,2692.43,2691.8,2691.8
1769843700,2691.8,2691.8,2691.02,2691.18
1769843760,2691.18,2691.26,2690.64,2690.8
1769843820,2690.8,2691.58,2690.48,2690.71
1769843880,2690.71,2691.26,2690.44,2690.44
1769843940,2690.44,2690.44,2689.17,2689.53
1769844000,2689.53,2691,2688.63,2689.54
1769844060,2689.54,2689.55,2688.52,2688.54
1769844120,2688.54,2688.8,2687.57,2688.51
1769844180,2688.51,2689.67,2688.5,2689.65
1769844240,2689.65,2690.88,2689.11,2690.84
1769844300,2690.84,2691.66,2690.19,2690.41
1769844360,2690.41,2692.18,2690.12,2692.18
1769844420,2692.18,2692.19,2690.42,2690.43
1769844480,2690.43,2690.9,2689.78,2689.98
1769844540,2689.98,2689.98,2688.9,2688.9
1769844600,2688.9,2689.53,2686.33,2686.33
1769844660,2686.33,2687.31,2684.89,2686.61
1769844720,2686.61,2687.4,2683.75,2684.26
1769844780,2684.26,2684.28,2677.25,2682.97
1769844840,2682.97,2683.45,2678.95,2679.6
1769844900,2679.6,2681.4,2679.6,2680.78
1769844960,2680.78,2681.4,2680.14,2681.4
1769845020,2681.4,2681.4,2675.92,2677.05
1769845080,2677.05,2677.73,2672.16,2673.03
1769845140,2673.03,2673.32,2664.51,2670.56
1769845200,2670.56,2672.09,2667.28,2668.32
1769845260,2668.32,2670.4,2668.31,2669.23
1769845320,2669.23,2671.89,2668.96,2671.55
1769845380,2671.55,2673.55,2671.19,2673.55
1769845440,2673.55,2674.71,2673.16,2673.56
1769845500,2673.56,2675.57,2673.48,2675.57
1769845560,2675.57,2676.91,2673.82,2674.23
1769845620,2674.23,2676.69,2674.22,2676.5
1769845680,2676.5,2677.5,2675.76,2676.78
1769845740,2676.78,2677.47,2675.02,2675.66
1769845800,2675.66,2678.27,2675.64,2676.18
1769845860,2676.18,2677.48,2675.3,2677.29
1769845920,2677.29,2678.54,2677.18,2677.19
1769845980,2677.19,2678.29,2676.25,2677.21
1769846040,2677.21,2677.66,2676.74,2677.65
1769846100,2677.65,2678.12,2677.5,2678.11
1769846160,2678.11,2678.16,2676.35,2676.35
1769846220,2676.35,2679.69,2675.57,2678.54
1769846280,2678.54,2678.54,2677.78,2678.05
1769846340,2678.05,2679.04,2677.72,2679.02
1769846400,2679.02,2679.72,2678.45,2679.72
1769846460,2679.72,2680.94,2679.71,2680.93
1769846520,2680.93,2682.03,2680.07,2680.93
1769846580,2680.93,2681.36,2679.31,2679.31
1769846640,2679.31,2679.7,2676.16,2676.94
1769846700,2676.94,2678.57,2675.68,2675.68
1769846760,2675.68,2678.1,2675.42,2678.04
1769846820,2678.04,2678.89,2674,2674.01
1769846880,2674.01,2674.63,2672.07,2673.66
1769846940,2673.66,2674.59,2673.38,2673.83
1769847000,2673.83,2673.84,2667.51,2669.99
1769847060,2669.99,2671.17,2667.35,2669.4
1769847120,2669.4,2671.5,2665.03,2666.27
1769847180,2666.27,2670.59,2665.77,2666
1769847240,2666,2671.53,2665.24,2671.44
1769847300,2671.44,2671.49,2660.97,2663.57
1769847360,2663.57,2666.95,2660.32,2661.93
1769847420,2661.93,2662.67,2651.28,2661.99
1769847480,2661.99,2666.25,2661.1,2666.16
1769847540,2666.16,2668.49,2666.16,2667.41
1769847600,2667.41,2669.05,2667.03,2668.61
1769847660,2668.61,2670,2668.18,2669.99
1769847720,2669.99,2670.01,2664.61,2667.12
1769847780,2667.12,2668.41,2666.04,2668.41
1769847840,2668.41,2668.57,2666.81,2667.43
1769847900,2667.43,2668.34,2665.75,2665.9
1769847960,2665.9,2666.57,2663.4,2664.36
1769848020,2664.36,2665,2663.28,2663.29
1769848080,2663.29,2663.29,2658.08,2661.88
1769848140,2661.88,2664.53,2661.48,2662.57
1769848200,2662.57,2662.57,2658.73,2658.73
1769848260,2658.73,2659.6,2656.16,2656.43
1769848320,2656.43,2661.85,2655,2659.01
1769848380,2659.01,2659.01,2646.93,2650.33
1769848440,2650.33,2653.41,2648.7,2651.1
1769848500,2651.1,2651.1,2640,2643.01
1769848560,2643.01,2643.37,2635.38,2635.53
1769848620,2635.53,2644.92,2627.49,2642.47
1769848680,2642.47,2644.99,2641.76,2642.56
1769848740,2642.56,2642.89,2638.2,2639
1769848800,2639,2640.28,2608,2620.34
1769848860,2620.34,2631.82,2617.9,2628.77
1769848920,2628.77,2631.39,2620.65,2620.65
1769848980,2620.65,2630.79,2607.12,2627.59
1769849040,2627.59,2632,2624.4,2630.7
1769849100,2630.7,2633.76,2624.28,2629.47
1769849160,2629.47,2631.44,2628.02,2628.46
1769849220,2628.46,2632.24,2625.24,2629.47
1769849280,2629.47,2630.09,2626.39,2628.77
1769849340,2628.77,2634.09,2628.66,2628.84
1769849400,2628.84,2632.39,2628.65,2632.39
1769849460,2632.39,2640.82,2632.39,2640.31
1769849520,2640.31,2642.51,2636.96,2639.91
1769849580,2639.91,2645.65,2639.91,2644.31
1769849640,2644.31,2650.61,2641.18,2644.19
1769849700,2644.19,2646.94,2643.12,2646.71
1769849760,2646.71,2646.83,2644.2,2645.97
1769849820,2645.97,2647.04,2642.54,2643.27
1769849880,2643.27,2644.3,2642.14,2642.39
1769849940,2642.39,2644.7,2642.03,2642.48
1769850000,2642.48,2645.36,2642.48,2645.07
1769850060,2645.07,2645.09,2641.83,2643.34
1769850120,2643.34,2645,2643.29,2644.53
1769850180,2644.53,2649.96,2644.53,2647.19
1769850240,2647.19,2649.59,2645.52,2645.52
1769850300,2645.52,2650,2645.52,2649.11
1769850360,2649.11,2649.54,2640.35,2641.92
1769850420,2641.92,2645.18,2641.64,2644.61
1769850480,2644.61,2645.73,2642.6,2643.38
1769850540,2643.38,2645.5,2643.13,2644.32
1769850600,2644.32,2646.3,2644.01,2646.29
1769850660,2646.29,2648.6,2645.4,2646.06
1769850720,2646.06,2647.71,2646.05,2647.1
1769850780,2647.1,2647.71,2646.18,2647.32
1769850840,2647.32,2647.32,2644.02,2644.1
1769850900,2644.1,2645.25,2643.34,2644.22
1769850960,2644.22,2645.15,2639,2643.22
1769851020,2643.22,2645.46,2643.22,2645.33
1769851080,2645.33,2645.77,2644.36,2644.67
1769851140,2644.67,2644.68,2642,2642.99
1769851200,2642.99,2645.2,2639.45,2640.2
1769851260,2640.2,2640.57,2633.69,2637.51
1769851320,2637.51,2638.02,2633.18,2637.14
1769851380,2637.14,2638.95,2636.99,2637.97
1769851440,2637.97,2638.33,2633,2633.21
1769851500,2633.21,2635.02,2631.36,2634.01
1769851560,2634.01,2636.03,2633.49,2635.63
1769851620,2635.63,2636.32,2635.01,2635.04
1769851680,2635.04,2637.4,2635.03,2635.94
1769851740,2635.94,2639.05,2635.94,2638.32
1769851800,2638.32,2642.93,2638.32,2642.06
1769851860,2642.06,2652.73,2641.93,2650.79
1769851920,2650.79,2656,2650.32,2654.53
1769851980,2654.53,2656.08,2652.52,2655.25
1769852040,2655.25,2658.57,2653.4,2654.01
1769852100,2654.01,2656.34,2652.45,2655.75
1769852160,2655.75,2655.75,2653.79,2653.79
1769852220,2653.79,2653.79,2648.45,2649.98
1769852280,2649.98,2652.85,2647.16,2648.1
1769852340,2648.1,2651.58,2648.1,2648.89
1769852400,2648.89,2651,2648.89,2651
1769852460,2651,2651.92,2650.9,2651.92
1769852520,2651.92,2652.61,2649.17,2651.09
1769852580,2651.09,2652.34,2649.77,2649.77
1769852640,2649.77,2650.3,2649.05,2649.19
1769852700,2649.19,2649.73,2647.78,2648.2
1769852760,2648.2,2649.18,2647.8,2649.18
1769852820,2649.18,2649.18,2644.5,2645.52
1769852880,2645.52,2647,2644.8,2646.38
1769852940,2646.38,2646.38,2644.04,2645.16
1769853000,2645.16,2649.45,2645.15,2647.08
1769853060,2647.08,2647.09,2645.75,2646.51
1769853120,2646.51,2646.97,2645.05,2646.97
1769853180,2646.97,2649,2646.97,2648.72
1769853240,2648.72,2649.78,2647.85,2649.78
1769853300,2649.78,2650.96,2649.12,2649.99
1769853360,2649.99,2650.31,2649.88,2650.22
1769853420,2650.22,2651.89,2649.88,2650.7
1769853480,2650.7,2651.12,2648.72,2648.88
1769853540,2648.88,2649,2646.6,2647.26
1769853600,2647.26,2648.81,2646.89,2648.8
1769853660,2648.8,2650.31,2646.97,2646.98
1769853720,2646.98,2646.98,2645.24,2646.07
1769853780,2646.07,2646.42,2643.31,2644.83
1769853840,2644.83,2644.83,2640,2642.7
1769853900,2642.7,2645.18,2642.7,2644.6
1769853960,2644.6,2644.85,2643.14,2644.26
1769854020,2644.26,2644.68,2640.75,2641.22
1769854080,2641.22,2641.23,2637.51,2638.48
1769854140,2638.48,2639.51,2634.56,2637.13
1769854200,2637.13,2639.76,2636.6,2639.67
1769854260,2639.67,2641.39,2639.34,2641.06
1769854320,2641.06,2642,2639.09,2640.83
1769854380,2640.83,2643.34,2640.83,2642.27
1769854440,2642.27,2643.42,2642.02,2642.02
1769854500,2642.02,2643.5,2642.02,2643.24
1769854560,2643.24,2643.39,2641.54,2641.54
1769854620,2641.54,2643.46,2639.28,2643.46
1769854680,2643.46,2643.7,2640.16,2640.78
1769854740,2640.78,2641.5,2640,2640.31
1769854800,2640.31,2643.57,2640.31,2642.25
1769854860,2642.25,2644.98,2642.24,2644.2
1769854920,2644.2,2644.58,2644,2644.38
1769854980,2644.38,2646.64,2644.38,2644.69
1769855040,2644.69,2644.69,2641.02,2641.68
1769855100,2641.68,2646.69,2641.68,2646.57
1769855160,2646.57,2647.06,2644.46,2644.76
1769855220,2644.76,2645.6,2644.09,2644.75
1769855280,2644.75,2644.8,2644.32,2644.55
1769855340,2644.55,2646.65,2644.54,2645.48
1769855400,2645.48,2648.34,2644.91,2647.81
1769855460,2647.81,2651.44,2647.2,2650.84
1769855520,2650.84,2653,2650.84,2652.61
1769855580,2652.61,2652.69,2650.23,2650.47
1769855640,2650.47,2650.48,2648.36,2649
1769855700,2649,2651,2648.68,2648.89
1769855760,2648.89,2651.63,2648.89,2651.63
1769855820,2651.63,2651.63,2649.78,2650.87
1769855880,2650.87,2650.87,2649.6,2649.62
1769855940,2649.62,2651.02,2649.59,2650.81
1769856000,2650.81,2650.81,2649.6,2650.04
1769856060,2650.04,2652.47,2650.04,2652.36
1769856120,2652.36,2654.2,2652.35,2653.01
1769856180,2653.01,2653.43,2652,2653.19
1769856240,2653.19,2654.6,2652.64,2653.69
1769856300,2653.69,2654.02,2651.75,2651.97
1769856360,2651.97,2652.56,2651.97,2652.45
1769856420,2652.45,2654.48,2651.19,2651.88
1769856480,2651.88,2651.91,2651.01,2651.02
1769856540,2651.02,2651.41,2650.47,2650.8
1769856600,2650.8,2651.4,2650.77,2651.17
1769856660,2651.17,2651.17,2649.34,2649.78
1769856720,2649.78,2651.78,2649.77,2651.49
1769856780,2651.49,2652.63,2651.39,2652.12
1769856840,2652.12,2652.3,2651.39,2652.3
1769856900,2652.3,2654.36,2652.3,2653.44
1769856960,2653.44,2653.99,2652.29,2652.81
1769857020,2652.81,2653.88,2652.8,2653.67
1769857080,2653.67,2653.68,2650.73,2650.74
1769857140,2650.74,2650.75,2649.74,2650.35
1769857200,2650.35,2650.35,2645.16,2645.61
1769857260,2645.61,2647.08,2645.47,2646.98
1769857320,2646.98,2647.32,2643.68,2644.53
1769857380,2644.53,2645.48,2644.08,2644.4
1769857440,2644.4,2644.71,2643.67,2644.4
1769857500,2644.4,2645.27,2643.31,2644.06
1769857560,2644.06,2645.57,2643.19,2645.16
1769857620,2645.16,2645.51,2644.61,2645.01
1769857680,2645.01,2645.4,2644.15,2645.1
1769857740,2645.1,2645.25,2643.49,2645.25
1769857800,2645.25,2645.26,2643.35,2644.65
1769857860,2644.65,2644.69,2643.15,2644.38
1769857920,2644.38,2645.14,2643.67,2643.67
1769857980,2643.67,2643.89,2641.09,2641.49
1769858040,2641.49,2642.27,2640.13,2641.99
1769858100,2641.99,2644.32,2641.9,2644.24
1769858160,2644.24,2647.06,2644.24,2646.91
1769858220,2646.91,2646.99,2644.4,2644.47
1769858280,2644.47,2647.14,2644.47,2646.41
1769858340,2646.41,2647.23,2645.41,2646.33
1769858400,2646.33,2649.46,2646.32,2648.22
1769858460,2648.22,2648.72,2646.69,2648.23
1769858520,2648.23,2648.47,2647.15,2647.61
1769858580,2647.61,2649.02,2647.61,2648.42
1769858640,2648.42,2648.68,2647.47,2648.68
1769858700,2648.68,2648.71,2647.08,2647.84
1769858760,2647.84,2648.99,2647.82,2648.33
1769858820,2648.33,2648.34,2647.11,2648.01
1769858880,2648.01,2648.47,2645.64,2646.68
1769858940,2646.68,2647.53,2646.31,2647.01
1769859000,2647.01,2647.45,2647.01,2647.45
1769859060,2647.45,2648.32,2647,2648.32
1769859120,2648.32,2648.55,2644.7,2645.44
1769859180,2645.44,2646,2644.41,2644.41
1769859240,2644.41,2644.48,2643.38,2643.77
1769859300,2643.77,2645.07,2643.77,2644.72
1769859360,2644.72,2645.2,2643.48,2643.48
1769859420,2643.48,2643.57,2642,2642.99
1769859480,2642.99,2644.92,2642.84,2643.54
1769859540,2643.54,2643.95,2642.25,2642.98
1769859600,2642.98,2643.77,2642.73,2643.47
1769859660,2643.47,2644.99,2642.5,2643.29
1769859720,2643.29,2643.65,2642.82,2643.09
1769859780,2643.09,2643.09,2642,2642
1769859840,2642,2642.01,2636.68,2638.56
1769859900,2638.56,2640.56,2638.56,2640.21
1769859960,2640.21,2640.65,2636.39,2636.79
1769860020,2636.79,2640.06,2636.76,2639.54
1769860080,2639.54,2640.88,2639.04,2639.04
1769860140,2639.04,2641.02,2639.01,2640.62
1769860200,2640.62,2641.68,2640.01,2640.76
1769860260,2640.76,2640.85,2635,2638.78
1769860320,2638.78,2638.79,2632.43,2634.83
1769860380,2634.83,2638.09,2634.83,2636.03
1769860440,2636.03,2638.99,2635.58,2638.36
1769860500,2638.36,2638.77,2637.6,2637.84
1769860560,2637.84,2640,2637.83,2638.97
1769860620,2638.97,2640.69,2638.57,2640.16
1769860680,2640.16,2640.28,2637.83,2638.27
1769860740,2638.27,2639.94,2638.05,2639.1
1769860800,2639.1,2639.1,2638,2638.96
1769860860,2638.96,2640.17,2637.3,2637.3
1769860920,2637.3,2640.56,2637.3,2639.47
1769860980,2639.47,2640.42,2639,2640
1769861040,2640,2640.82,2639.61,2640.15
1769861100,2640.15,2640.83,2639.17,2640.63
1769861160,2640.63,2640.93,2640.5,2640.65
1769861220,2640.65,2641,2640.01,2640.15
1769861280,2640.15,2642.82,2639.71,2642.04
1769861340,2642.04,2643.15,2640.71,2641.19
1769861400,2641.19,2641.37,2633.82,2636.4
1769861460,2636.4,2637.94,2633.54,2634.03
1769861520,2634.03,2635,2633.53,2634.72
1769861580,2634.72,2634.76,2625,2627.28
1769861640,2627.28,2631.35,2627.26,2629.95
1769861700,2629.95,2632,2629.1,2629.16
1769861760,2629.16,2634,2629.16,2633.99
1769861820,2633.99,2634,2632.26,2634
1769861880,2634,2634,2632.5,2633.89
1769861940,2633.89,2638.62,2632.8,2638.37
1769862000,2638.37,2641.88,2638.37,2638.51
1769862060,2638.51,2639.14,2634.71,2636.02
1769862120,2636.02,2638.86,2634.75,2638.54
1769862180,2638.54,2640.72,2637.05,2637.64
1769862240,2637.64,2639.38,2636.78,2637.67
1769862300,2637.67,2638.08,2637,2637.72
1769862360,2637.72,2638.68,2637,2637.59
1769862420,2637.59,2638.01,2637,2638.01
1769862480,2638.01,2638.28,2637.47,2637.52
1769862540,2637.52,2639.62,2637.52,2638.7
1769862600,2638.7,2638.7,2637.06,2637.58
1769862660,2637.58,2637.58,2635.07,2635.3
1769862720,2635.3,2640.72,2633.35,2638.17
1769862780,2638.17,2640.43,2635.51,2635.81
1769862840,2635.81,2636.87,2635.05,2635.85
1769862900,2635.85,2637.7,2634.21,2637.61
1769862960,2637.61,2638.99,2635.21,2636.52
1769863020,2636.52,2636.72,2629.16,2635.99
1769863080,2635.99,2640.43,2635.7,2639.12
1769863140,2639.12,2640.21,2638.01,2638.55
1769863200,2638.55,2641.01,2638.55,2640.59
1769863260,2640.59,2641.34,2639.13,2641.2
1769863320,2641.2,2641.8,2639.26,2640.16
1769863380,2640.16,2641.59,2639.51,2641.59
1769863440,2641.59,2641.59,2638.58,2640.49
1769863500,2640.49,2641.95,2640.49,2641.91
1769863560,2641.91,2642.92,2640.84,2641.06
1769863620,2641.06,2641.06,2638.35,2639.5
1769863680,2639.5,2639.5,2633.98,2634.59
1769863740,2634.59,2636.52,2633.59,2635.99
1769863800,2635.99,2636,2631.75,2633.41
1769863860,2633.41,2633.87,2628.31,2630.63
1769863920,2630.63,2633.18,2630.58,2632.15
1769863980,2632.15,2634.23,2632.08,2634.11
1769864040,2634.11,2635.52,2633.26,2635.2
1769864100,2635.2,2636.27,2631.28,2634.51
1769864160,2634.51,2639.08,2634.51,2637.52
1769864220,2637.52,2637.9,2632.33,2632.86
1769864280,2632.86,2633.82,2631.72,2633.05
1769864340,2633.05,2634.26,2628.17,2631.72
1769864400,2631.72,2632.47,2628.72,2630.59
1769864460,2630.59,2631.13,2629.02,2629.19
1769864520,2629.19,2633.72,2628.45,2631.49
1769864580,2631.49,2631.66,2627.43,2629.76
1769864640,2629.76,2631.22,2628.96,2631.22
1769864700,2631.22,2631.9,2630.66,2630.81
1769864760,2630.81,2633.88,2630.71,2632.8
1769864820,2632.8,2634.4,2632.01,2634.04
1769864880,2634.04,2635.26,2633.45,2634.31
1769864940,2634.31,2636.19,2632.92,2634.31
1769865000,2634.31,2634.31,2630.4,2631.12
1769865060,2631.12,2632.77,2631.12,2632.76
1769865120,2632.76,2633.15,2631.13,2631.85
1769865180,2631.85,2632.26,2628.37,2629.71
1769865240,2629.71,2633.64,2629.71,2630.81
1769865300,2630.81,2632.52,2630.46,2632.41
1769865360,2632.41,2632.8,2630.92,2632.8
1769865420,2632.8,2633.94,2632.01,2633.94
1769865480,2633.94,2635.53,2633.88,2634.9
1769865540,2634.9,2634.9,2629.39,2631.29
1769865600,2631.29,2633.08,2631.29,2632.37
1769865660,2632.37,2633.05,2631.5,2632.5
1769865720,2632.5,2632.5,2630.1,2632.24
1769865780,2632.24,2632.71,2631.15,2631.16
1769865840,2631.16,2632.08,2629.48,2629.72
1769865900,2629.72,2630.87,2628.24,2629.66
1769865960,2629.66,2631.98,2629.66,2630.16
1769866020,2630.16,2630.16,2626.59,2627.22
1769866080,2627.22,2629.39,2625.37,2629.14
1769866140,2629.14,2629.61,2628.21,2629.25
1769866200,2629.25,2630.28,2629.24,2629.57
1769866260,2629.57,2630.76,2626.71,2627.8
1769866320,2627.8,2628.2,2617,2620.24
1769866380,2620.24,2622.24,2617.2,2620.8
1769866440,2620.8,2620.96,2615.88,2618.05
1769866500,2618.05,2623.8,2618.05,2622.89
1769866560,2622.89,2625.99,2617.44,2617.45
1769866620,2617.45,2621.18,2617.44,2620.5
1769866680,2620.5,2622.24,2616.05,2618.22
1769866740,2618.22,2621.46,2618.22,2620.43
1769866800,2620.43,2624.63,2620.42,2623.15
1769866860,2623.15,2624.63,2621.45,2622.95
1769866920,2622.95,2624.95,2621.77,2623.19
1769866980,2623.19,2624.93,2620.41,2623.57
1769867040,2623.57,2626.56,2623.56,2625.92
1769867100,2625.92,2626,2622.53,2623.44
1769867160,2623.44,2627.44,2622.62,2623.5
1769867220,2623.5,2625.61,2621.23,2622.93
1769867280,2622.93,2624.68,2622,2624.35
1769867340,2624.35,2624.57,2622.55,2624.22
1769867400,2624.22,2624.22,2622.08,2623.84
1769867460,2623.84,2625.95,2622.2,2622.2
1769867520,2622.2,2625.29,2621.02,2623.68
1769867580,2623.68,2625.41,2623.68,2625.21
1769867640,2625.21,2625.59,2624.13,2625.18
1769867700,2625.18,2627.25,2622.86,2623.29
1769867760,2623.29,2624.48,2623.29,2624.24
1769867820,2624.24,2625.1,2623.66,2624.3
1769867880,2624.3,2627.1,2624.3,2626.72
1769867940,2626.72,2628.09,2626.1,2627.68
1769868000,2627.68,2630.38,2627.17,2629.88
1769868060,2629.88,2630.57,2627.3,2628.26
1769868120,2628.26,2628.26,2624.44,2626.28
1769868180,2626.28,2629.25,2626.28,2628.38
1769868240,2628.38,2632.5,2628.34,2632.5
1769868300,2632.5,2635.65,2631.89,2632.5
1769868360,2632.5,2635.33,2632.5,2635.13
1769868420,2635.13,2635.13,2629.25,2630.04
1769868480,2630.04,2630.04,2621.65,2622.08
1769868540,2622.08,2622.71,2617.55,2620.32
1769868600,2620.32,2623.64,2609,2609.02
1769868660,2609.02,2617.1,2609.02,2613.77
1769868720,2613.77,2614.96,2609,2614.13
1769868780,2614.13,2615,2610.5,2614.96
1769868840,2614.96,2617.02,2595.88,2609.09
1769868900,2609.09,2611.27,2592.48,2603.55
1769868960,2603.55,2610.26,2602.4,2609.85
1769869020,2609.85,2611,2601.04,2604.96
1769869080,2604.96,2605.7,2597.28,2599.2
1769869140,2599.2,2604.04,2596.1,2599.28
1769869200,2599.28,2603,2596.78,2598.31
1769869260,2598.31,2604.83,2598.01,2601.44
1769869320,2601.44,2601.92,2586.26,2587.65
1769869380,2587.65,2594.5,2578.29,2583.3
1769869440,2583.3,2587.1,2574,2577.15
1769869500,2577.15,2588.45,2565.94,2575.01
1769869560,2575.01,2579.49,2496.11,2540.12
1769869620,2540.12,2549.05,2522.2,2535.07
1769869680,2535.07,2541.11,2516,2530.88
1769869740,2530.88,2538.55,2523.82,2532.27
1769869800,2532.27,2540.95,2520,2532.95
1769869860,2532.95,2536.05,2511.17,2512.63
1769869920,2512.63,2528.6,2508,2527.73
1769869980,2527.73,2532.32,2519.22,2524.56
1769870040,2524.56,2530.22,2520.33,2529.55
1769870100,2529.55,2536.19,2524.86,2533.69
1769870160,2533.69,2538.43,2525.84,2530.57
1769870220,2530.57,2533.74,2524.08,2528.7
1769870280,2528.7,2529.01,2510,2524.48
1769870340,2524.48,2530.51,2521.4,2527.33
1769870400,2527.33,2528.16,2522.16,2522.16
1769870460,2522.16,2526.83,2519.43,2520.66
1769870520,2520.66,2524.95,2517.02,2519.91
1769870580,2519.91,2523.28,2518.68,2520.73
1769870640,2520.73,2524.44,2517.71,2520.82
1769870700,2520.82,2525.86,2510.91,2524.85
1769870760,2524.85,2535.6,2521.76,2529.47
1769870820,2529.47,2531.8,2522.72,2523.9
1769870880,2523.9,2531.53,2523.4,2530.78
1769870940,2530.78,2530.95,2520.77,2520.89
1769871000,2520.89,2525.03,2516.48,2517.48
1769871060,2517.48,2525.65,2516.51,2525.65
1769871120,2525.65,2528.05,2524.81,2527.24
1769871180,2527.24,2529.79,2526.49,2529.24
1769871240,2529.24,2538.58,2528.83,2537.59
1769871300,2537.59,2542.74,2535.64,2539.16
1769871360,2539.16,2539.16,2531.35,2534.66
1769871420,2534.66,2539.3,2534.63,2537.52
1769871480,2537.52,2540,2536.05,2538.2
1769871540,2538.2,2539.53,2536.75,2536.91
1769871600,2536.91,2540,2533.24,2533.28
1769871660,2533.28,2533.4,2528.12,2529.33
1769871720,2529.33,2530.51,2523.76,2528.88
1769871780,2528.88,2530,2525.77,2528.52
1769871840,2528.52,2531.39,2526.56,2530.27
1769871900,2530.27,2547.5,2530.11,2546.63
1769871960,2546.63,2553.54,2545.56,2546.29
1769872020,2546.29,2546.79,2540.61,2545.42
1769872080,2545.42,2546.33,2536.08,2536.95
1769872140,2536.95,2541.8,2534.29,2539.54
1769872200,2539.54,2540.27,2535.68,2540
1769872260,2540,2541.3,2537.35,2538.12
1769872320,2538.12,2541.01,2536.29,2540.94
1769872380,2540.94,2544,2539.18,2543.42
1769872440,2543.42,2546.59,2540.11,2544.97
1769872500,2544.97,2545.01,2539.29,2539.88
1769872560,2539.88,2541.04,2535.99,2539.75
1769872620,2539.75,2544.63,2537.24,2544.58
1769872680,2544.58,2547.06,2543.58,2547.06
1769872740,2547.06,2548.87,2540.62,2540.93
1769872800,2540.93,2542.62,2538.05,2539.42
1769872860,2539.42,2541.96,2539,2541.04
1769872920,2541.04,2541.36,2536.55,2540.74
1769872980,2540.74,2540.83,2537.17,2538.23
1769873040,2538.23,2540.15,2535.51,2536.81
1769873100,2536.81,2545.58,2536.43,2542.17
1769873160,2542.17,2548,2542.17,2543.38
1769873220,2543.38,2543.39,2541,2541
1769873280,2541,2543.6,2540,2543.06
1769873340,2543.06,2545.9,2542.81,2545.01
1769873400,2545.01,2548,2542.9,2543.89
1769873460,2543.89,2546.3,2539.75,2540.02
1769873520,2540.02,2548.29,2539,2546.56
1769873580,2546.56,2547.81,2544.18,2545.21
1769873640,2545.21,2545.79,2543.51,2544.01
1769873700,2544.01,2544.02,2541.74,2541.79
1769873760,2541.79,2541.79,2534.08,2537.79
1769873820,2537.79,2538.08,2534.51,2537.07
1769873880,2537.07,2540.21,2535.72,2538.44
1769873940,2538.44,2540.46,2536.58,2539.59
1769874000,2539.59,2540.1,2538.34,2539.41
1769874060,2539.41,2541.07,2538.61,2540.6
1769874120,2540.6,2541.4,2538.45,2539.11
1769874180,2539.11,2540.34,2538.14,2539.26
1769874240,2539.26,2541.8,2539.26,2541.8
1769874300,2541.8,2543.5,2541.12,2542.68
1769874360,2542.68,2543.5,2540,2540.61
1769874420,2540.61,2542.25,2538.62,2539.01
1769874480,2539.01,2544.03,2539.01,2544.03
1769874540,2544.03,2545.91,2542.07,2543.87
1769874600,2543.87,2544.22,2540.84,2542.68
1769874660,2542.68,2542.68,2538.87,2540.85
1769874720,2540.85,2542.44,2540.32,2540.47
1769874780,2540.47,2541.08,2539.1,2539.35
1769874840,2539.35,2541.12,2537.2,2539.06
1769874900,2539.06,2540.96,2539.06,2540.51
1769874960,2540.51,2541,2538.74,2539.66
1769875020,2539.66,2539.8,2527.33,2530.08
1769875080,2530.08,2531.7,2525.19,2528.79
1769875140,2528.79,2534.46,2528.67,2532.31
1769875200,2532.31,2533.98,2530.84,2533.54
1769875260,2533.54,2533.55,2528.15,2528.15
1769875320,2528.15,2531.64,2527.23,2529.09
1769875380,2529.09,2533.1,2526.81,2530.28
1769875440,2530.28,2532.8,2528.41,2530.71
1769875500,2530.71,2531.86,2527.51,2528.02
1769875560,2528.02,2529.6,2527.52,2528.21
1769875620,2528.21,2528.21,2513.74,2521.72
1769875680,2521.72,2525,2516.49,2520.21
1769875740,2520.21,2520.35,2513,2513.47
1769875800,2513.47,2522.79,2513.46,2519.79
1769875860,2519.79,2523.61,2519.44,2522.37
1769875920,2522.37,2527.73,2520,2522.64
1769875980,2522.64,2524.04,2520.24,2521.79
1769876040,2521.79,2521.84,2517.86,2520.87
1769876100,2520.87,2521.47,2518.85,2518.85
1769876160,2518.85,2518.85,2503.49,2506.17
1769876220,2506.17,2527.65,2502.51,2525.25
1769876280,2525.25,2543.48,2523.55,2538.32
1769876340,2538.32,2540.49,2532.61,2533.76
1769876400,2533.76,2542.3,2527.64,2542.29
1769876460,2542.29,2549.26,2539.44,2542.09
1769876520,2542.09,2542.09,2538.44,2540.16
1769876580,2540.16,2545.62,2539.02,2539.37
1769876640,2539.37,2543.74,2538.49,2539.38
1769876700,2539.38,2542.25,2531.47,2532.37
1769876760,2532.37,2534.36,2528.72,2533.45
1769876820,2533.45,2533.46,2524,2527.32
1769876880,2527.32,2528.19,2522.89,2525.57
1769876940,2525.57,2530.5,2525.57,2527.8
1769877000,2527.8,2529.53,2523.2,2526.06
1769877060,2526.06,2529.68,2523.04,2529.68
1769877120,2529.68,2531,2525.11,2526.37
1769877180,2526.37,2528,2524.21,2527.37
1769877240,2527.37,2528.58,2522.01,2523.16
1769877300,2523.16,2524.87,2519.57,2521.12
1769877360,2521.12,2521.65,2515.24,2517.82
1769877420,2517.82,2527.01,2516.05,2524.08
1769877480,2524.08,2525.29,2519.88,2523.69
1769877540,2523.69,2524.49,2521.18,2522.04
1769877600,2522.04,2523.24,2518.41,2520.31
1769877660,2520.31,2523.98,2520.23,2522.65
1769877720,2522.65,2525.14,2522.11,2525.14
1769877780,2525.14,2526.61,2520.04,2520.94
1769877840,2520.94,2523.04,2519.53,2520
1769877900,2520,2521.75,2518.72,2518.78
1769877960,2518.78,2519,2511.75,2511.89
1769878020,2511.89,2513.56,2477.11,2487.03
1769878080,2487.03,2511.54,2481.72,2502.56
1769878140,2502.56,2508.73,2500.17,2503.91
1769878200,2503.91,2505.99,2500.56,2503.71
1769878260,2503.71,2505.99,2494.17,2495.21
1769878320,2495.21,2504.07,2495.21,2499.38
1769878380,2499.38,2499.42,2480.81,2480.81
1769878440,2480.81,2491.9,2480.24,2484.8
1769878500,2484.8,2490.41,2478.62,2481.36
1769878560,2481.36,2488.73,2479.49,2485.4
1769878620,2485.4,2487,2465,2476.55
1769878680,2476.55,2484.8,2474.68,2480.17
1769878740,2480.17,2486.53,2479.7,2481.21
1769878800,2481.21,2488.89,2480.7,2488.66
1769878860,2488.66,2489.7,2480.5,2481.51
1769878920,2481.51,2487.34,2481.51,2487.21
1769878980,2487.21,2493.9,2484.83,2490.74
1769879040,2490.74,2491.11,2481.56,2481.87
1769879100,2481.87,2483.09,2468.71,2469.42
1769879160,2469.42,2480.45,2462.94,2477.88
1769879220,2477.88,2480.36,2475.6,2478.35
1769879280,2478.35,2479.76,2451.94,2453.97
1769879340,2453.97,2467.91,2451,2453.86
1769879400,2453.86,2459.11,2433.27,2446.43
1769879460,2446.43,2451.5,2390,2393.4
1769879520,2393.4,2424.44,2351.74,2415.55
1769879580,2415.55,2433.97,2406.6,2430.71
1769879640,2430.71,2438.39,2402.71,2405.9
1769879700,2405.9,2428.26,2404.33,2422.98
1769879760,2422.98,2430,2418.29,2421.6
1769879820,2421.6,2430.37,2418.33,2423.31
1769879880,2423.31,2430.42,2422.73,2425.45
1769879940,2425.45,2431.32,2421.19,2422.37
1769880000,2422.37,2423.36,2408.53,2417.38
1769880060,2417.38,2420.58,2412.38,2413.01
1769880120,2413.01,2419.41,2412.07,2419.19
1769880180,2419.19,2422.85,2412.87,2414.16
1769880240,2414.16,2425.36,2413.02,2416.23
1769880300,2416.23,2419.74,2412.78,2418.08
1769880360,2418.08,2420.85,2410.08,2413.91
1769880420,2413.91,2419.76,2410.51,2417.81
1769880480,2417.81,2418.89,2413.48,2415.87
1769880540,2415.87,2420.68,2415.31,2419.3
1769880600,2419.3,2429.68,2415.22,2416.2
1769880660,2416.2,2419.36,2411.13,2411.89
1769880720,2411.89,2416.25,2410.1,2410.3
1769880780,2410.3,2411.4,2382,2388.01
1769880840,2388.01,2399.98,2386.68,2386.68
1769880900,2386.68,2399.88,2380.8,2395.9
1769880960,2395.9,2421.47,2395.56,2417.03
1769881020,2417.03,2422.16,2410.19,2410.66
1769881080,2410.66,2415.67,2404.51,2405.88
1769881140,2405.88,2407.3,2403.14,2403.48
1769881200,2403.48,2407.33,2395.14,2396.48
1769881260,2396.48,2402.14,2394.01,2394.47
1769881320,2394.47,2400,2393.7,2397.13
1769881380,2397.13,2405.97,2396.91,2405.97
1769881440,2405.97,2410.96,2403.7,2409.51
1769881500,2409.51,2416.98,2409.46,2415.6
1769881560,2415.6,2415.92,2402.9,2405.19
1769881620,2405.19,2405.39,2397.77,2400.45
1769881680,2400.45,2403.86,2397.82,2398.99
1769881740,2398.99,2400.34,2397.48,2398.49
1769881800,2398.49,2401.31,2392.44,2398.41
1769881860,2398.41,2407.06,2397.74,2403.08
1769881920,2403.08,2409.09,2399.93,2407.67
1769881980,2407.67,2409.42,2406.25,2406.25
1769882040,2406.25,2406.7,2402.58,2404.51
1769882100,2404.51,2408.6,2404.02,2404.49
1769882160,2404.49,2405.04,2401.19,2402.47
1769882220,2402.47,2403.2,2395.11,2400
1769882280,2400,2401.08,2396.6,2397.74
1769882340,2397.74,2402,2397.74,2401.55
1769882400,2401.55,2415.56,2400.3,2414.7
1769882460,2414.7,2415.45,2405.88,2407.76
1769882520,2407.76,2411.22,2405.36,2407.03
1769882580,2407.03,2407.07,2400.18,2401.52
1769882640,2401.52,2403,2398.79,2402.34
1769882700,2402.34,2409.29,2402.34,2406.87
1769882760,2406.87,2407.07,2401.04,2401.65
1769882820,2401.65,2404.56,2398.44,2403.47
1769882880,2403.47,2404.12,2397.26,2399.56
1769882940,2399.56,2410.89,2399.56,2408.29
1769883000,2408.29,2413.04,2404.47,2409.62
1769883060,2409.62,2411.17,2406.99,2407.62
1769883120,2407.62,2409.36,2404.95,2408.24
1769883180,2408.24,2408.24,2403.41,2406.05
1769883240,2406.05,2406.95,2398.97,2400.91
1769883300,2400.91,2403.31,2398.21,2401.5
1769883360,2401.5,2404.22,2395.35,2395.66
1769883420,2395.66,2401.9,2393.49,2394.98
1769883480,2394.98,2394.98,2380.38,2385.37
1769883540,2385.37,2391.08,2384.11,2386.94
1769883600,2386.94,2390.28,2374.21,2379.97
1769883660,2379.97,2384.88,2374.28,2381.81
1769883720,2381.81,2398.69,2380.98,2390.77
1769883780,2390.77,2393.08,2389.65,2392.51
1769883840,2392.51,2395.98,2389.75,2391.69
1769883900,2391.69,2399.1,2391.69,2396.99
1769883960,2396.99,2396.99,2391.33,2392.27
1769884020,2392.27,2394.84,2390.73,2393.82
1769884080,2393.82,2402.89,2393.82,2396.43
1769884140,2396.43,2397.46,2393.86,2396.64
1769884200,2396.64,2405.64,2396.24,2402.8
1769884260,2402.8,2404.55,2393.16,2396.65
1769884320,2396.65,2396.65,2392.55,2393.2
1769884380,2393.2,2393.2,2387.6,2389.39
1769884440,2389.39,2391.8,2388.1,2390.17
1769884500,2390.17,2391.05,2379.52,2382.83
1769884560,2382.83,2385.46,2382.24,2383.34
1769884620,2383.34,2384.16,2360.03,2364
1769884680,2364,2371.58,2345.67,2363.1
1769884740,2363.1,2369.48,2349.33,2353.19
1769884800,2353.19,2359.31,2323.15,2325.22
1769884860,2325.22,2342.88,2324.5,2341.53
1769884920,2341.53,2347.22,2334.05,2336.18
1769884980,2336.18,2337.12,2241.8,2241.85
1769885040,2241.85,2355.44,2237.52,2351.27
1769885100,2351.27,2380.46,2323.45,2365.17
1769885160,2365.17,2384.85,2362.06,2364.83
1769885220,2364.83,2370.73,2351.04,2366.31
1769885280,2366.31,2374.72,2354.26,2364.2
1769885340,2364.2,2369.61,2356.02,2367.23
1769885400,2367.23,2374.98,2358.8,2362.57
1769885460,2362.57,2366.28,2357.42,2365.6
1769885520,2365.6,2394.54,2362.68,2384.19
1769885580,2384.19,2389.41,2377.21,2388.55
1769885640,2388.55,2392.55,2378.17,2378.58
1769885700,2378.58,2379.96,2368.25,2369.73
1769885760,2369.73,2379.88,2366.02,2377.34
1769885820,2377.34,2385.58,2376.03,2376.91
1769885880,2376.91,2383.39,2373.06,2377.12
1769885940,2377.12,2380.74,2376.42,2379.17
1769886000,2379.17,2389.68,2376.07,2386.7
1769886060,2386.7,2387.34,2370.34,2374.64
1769886120,2374.64,2381.36,2371.01,2374.28
1769886180,2374.28,2381.44,2372.41,2375.52
1769886240,2375.52,2380.38,2374.2,2378.4
1769886300,2378.4,2383.91,2376.45,2383.54
1769886360,2383.54,2399.23,2382.42,2384
1769886420,2384,2391,2381.49,2390.08
1769886480,2390.08,2399.01,2385.13,2392.75
1769886540,2392.75,2414,2388.03,2410.55
1769886600,2410.55,2426.05,2408.86,2414.18
1769886660,2414.18,2414.75,2405.51,2408.91
1769886720,2408.91,2411.86,2401.91,2405.78
1769886780,2405.78,2408.49,2402.42,2408.32
1769886840,2408.32,2416.72,2405.01,2414.22
1769886900,2414.22,2419,2409.57,2418.31
1769886960,2418.31,2432.94,2417.92,2422.51
1769887020,2422.51,2423.45,2413.27,2415.47
1769887080,2415.47,2420.18,2414.45,2417.28
1769887140,2417.28,2420.35,2415.28,2420.35
1769887200,2420.35,2421.39,2417,2417.01
1769887260,2417.01,2417.01,2409.18,2410.67
1769887320,2410.67,2411.11,2401.09,2402.96
1769887380,2402.96,2407.98,2402.96,2405.93
1769887440,2405.93,2407.82,2401.9,2404.98
1769887500,2404.98,2408.17,2401.55,2405.4
1769887560,2405.4,2416.92,2405.14,2413.68
1769887620,2413.68,2418.42,2408.39,2409.12
1769887680,2409.12,2410,2406.53,2409.84
1769887740,2409.84,2411.31,2408.04,2409.15
1769887800,2409.15,2413.21,2405.01,2405.12
1769887860,2405.12,2406.16,2396.9,2397.6
1769887920,2397.6,2398.16,2377.68,2385.93
1769887980,2385.93,2388.39,2381.1,2383.47
1769888040,2383.47,2388.33,2382.48,2387.97
1769888100,2387.97,2390.81,2386.47,2387.32
1769888160,2387.32,2390,2382.84,2382.84
1769888220,2382.84,2389.25,2376.95,2379.87
1769888280,2379.87,2380.98,2374.62,2379.44
1769888340,2379.44,2380,2371.27,2374.24
1769888400,2374.24,2380.05,2372.93,2375.68
1769888460,2375.68,2376.72,2372.4,2375.83
1769888520,2375.83,2379.96,2375.02,2376.85
1769888580,2376.85,2395.91,2376.85,2386.06
1769888640,2386.06,2388.17,2383.87,2386.8
1769888700,2386.8,2391.47,2382.36,2390.03
1769888760,2390.03,2392.04,2383.25,2389.84
1769888820,2389.84,2400.67,2388.57,2394.14
1769888880,2394.14,2395.93,2390,2390.16
1769888940,2390.16,2392.68,2384.41,2392.65
1769889000,2392.65,2396.15,2389.44,2391.91
1769889060,2391.91,2394.81,2388.49,2394.53
1769889120,2394.53,2394.92,2386.06,2390.1
1769889180,2390.1,2392.63,2387.01,2388.3
1769889240,2388.3,2388.86,2385.28,2385.71
1769889300,2385.71,2389.83,2385.44,2387.51
1769889360,2387.51,2396.54,2386.68,2393.73
1769889420,2393.73,2395.43,2387.11,2387.28
1769889480,2387.28,2389.63,2385.01,2386.04
1769889540,2386.04,2386.4,2381,2381.41
1769889600,2381.41,2385,2380.47,2382.4
1769889660,2382.4,2383.86,2380,2381.01
1769889720,2381.01,2383.68,2375.53,2378.11
1769889780,2378.11,2378.64,2371.81,2371.86
1769889840,2371.86,2382.47,2371.3,2379.71
1769889900,2379.71,2381.77,2378.14,2381.23
1769889960,2381.23,2388.42,2381.03,2386.52
1769890020,2386.52,2387.33,2382.6,2383.89
1769890080,2383.89,2383.89,2377.9,2378.32
1769890140,2378.32,2380.19,2375,2376.9
1769890200,2376.9,2378.41,2372.46,2373.23
1769890260,2373.23,2376.29,2372.17,2375.26
1769890320,2375.26,2376.33,2366.67,2368.24
1769890380,2368.24,2372.93,2368.24,2370.07
1769890440,2370.07,2371.49,2363.76,2365.59
1769890500,2365.59,2370.84,2364.83,2369.12
1769890560,2369.12,2369.81,2365.2,2369.76
1769890620,2369.76,2370.16,2367.1,2368.33
1769890680,2368.33,2369.93,2368.3,2369.73
1769890740,2369.73,2375.71,2369.01,2375.44
1769890800,2375.44,2377,2371.91,2373.09
1769890860,2373.09,2379.82,2372.82,2378.94
1769890920,2378.94,2406.47,2378.37,2399.73
1769890980,2399.73,2400.43,2384.79,2385.15
1769891040,2385.15,2387.05,2376.23,2377.17
1769891100,2377.17,2380.39,2373.6,2373.98
1769891160,2373.98,2375.36,2369.81,2371.13
1769891220,2371.13,2372.4,2369.82,2370.19
1769891280,2370.19,2372.99,2368.21,2368.66
1769891340,2368.66,2371.09,2365.13,2366.7
1769891400,2366.7,2368.27,2361.42,2365
1769891460,2365,2366.63,2360.76,2361.72
1769891520,2361.72,2364.77,2356.63,2361.92
1769891580,2361.92,2365.94,2360.4,2365.13
1769891640,2365.13,2367.67,2363.29,2367.34
1769891700,2367.34,2373.65,2364.01,2364.57
1769891760,2364.57,2369.46,2361.46,2362.24
1769891820,2362.24,2363.72,2359.14,2359.8
1769891880,2359.8,2364.59,2352.65,2362.67
1769891940,2362.67,2363.69,2360,2360.1
1769892000,2360.1,2361.22,2357.76,2359.8
1769892060,2359.8,2364.56,2358.97,2362.15
1769892120,2362.15,2367.41,2362.15,2364.94
1769892180,2364.94,2377.65,2364.94,2371.18
1769892240,2371.18,2375.48,2368.02,2375.43
1769892300,2375.43,2377,2369.81,2370.48
1769892360,2370.48,2378.3,2368.53,2375.75
1769892420,2375.75,2377.82,2371.39,2371.63
1769892480,2371.63,2374.61,2371.26,2371.26
1769892540,2371.26,2371.26,2365,2365.01
1769892600,2365.01,2368.95,2362.48,2367.99
1769892660,2367.99,2367.99,2363.46,2364.13
1769892720,2364.13,2366.41,2363.16,2365.09
1769892780,2365.09,2370.7,2364.07,2369.19
1769892840,2369.19,2373.03,2368.57,2373.03
1769892900,2373.03,2376.65,2372.21,2375.7
1769892960,2375.7,2384.83,2373.96,2383.82
1769893020,2383.82,2384.13,2377.53,2378.64
1769893080,2378.64,2385.11,2378.64,2384.18
1769893140,2384.18,2384.35,2380.13,2381.16
1769893200,2381.16,2389.81,2380.44,2386.83
1769893260,2386.83,2394.69,2385.89,2391.36
1769893320,2391.36,2391.36,2379.5,2380.05
1769893380,2380.05,2381.93,2372.46,2374.04
1769893440,2374.04,2377.61,2370.81,2373.24
1769893500,2373.24,2379.47,2373.23,2375.11
1769893560,2375.11,2378.52,2375.11,2376.84
1769893620,2376.84,2384.87,2376.84,2384.32
1769893680,2384.32,2388.72,2383.12,2384.55
1769893740,2384.55,2387.28,2383.57,2386.98
1769893800,2386.98,2386.98,2383.5,2386.53
1769893860,2386.53,2386.55,2382.06,2383.49
1769893920,2383.49,2388.5,2383.49,2386.71
1769893980,2386.71,2387.8,2383.03,2385
1769894040,2385,2387.15,2383.97,2386.66
1769894100,2386.66,2396.99,2385.38,2393.51
1769894160,2393.51,2397.29,2389.58,2396.3
1769894220,2396.3,2399.76,2393.5,2398.7
1769894280,2398.7,2402.17,2397.63,2397.99
1769894340,2397.99,2398,2392.14,2395.5
1769894400,2395.5,2395.5,2387.99,2389.79
1769894460,2389.79,2392.43,2386.15,2386.64
1769894520,2386.64,2390.86,2381.33,2381.34
1769894580,2381.34,2388.85,2380.09,2388
1769894640,2388,2395.96,2387.88,2390.66
1769894700,2390.66,2394.8,2390.65,2394.8
1769894760,2394.8,2400.48,2394.12,2399.4
1769894820,2399.4,2410.48,2399.04,2407.49
1769894880,2407.49,2413.28,2407.46,2409.21
1769894940,2409.21,2409.21,2406.2,2406.85
1769895000,2406.85,2410.9,2406.08,2406.27
1769895060,2406.27,2407.48,2400.23,2405.85
1769895120,2405.85,2406.88,2402.38,2405.76
1769895180,2405.76,2405.76,2396.09,2397.14
1769895240,2397.14,2404.54,2395.51,2404.54
1769895300,2404.54,2408.48,2402.2,2408.48
1769895360,2408.48,2409.87,2406.67,2409.7
1769895420,2409.7,2415.81,2407.88,2414.11
1769895480,2414.11,2418.18,2410.75,2414.75
1769895540,2414.75,2417.95,2413.61,2414.21
1769895600,2414.21,2416.74,2412.14,2414.79
1769895660,2414.79,2420.67,2412.63,2415.85
1769895720,2415.85,2416.36,2410,2410.01
1769895780,2410.01,2410.97,2407.76,2408.6
1769895840,2408.6,2408.85,2406,2408.49
1769895900,2408.49,2410.55,2405,2405
1769895960,2405,2408.48,2405,2407.17
1769896020,2407.17,2410.68,2406.93,2409.51
1769896080,2409.51,2412.67,2408.53,2412.01
1769896140,2412.01,2415.85,2407.34,2412.3
1769896200,2412.3,2417.09,2410.8,2417.09
1769896260,2417.09,2423.42,2414.23,2417.95
1769896320,2417.95,2418.14,2413.09,2414.53
1769896380,2414.53,2420.03,2413.91,2417.57
1769896440,2417.57,2417.81,2415.14,2416.29
1769896500,2416.29,2416.96,2413.91,2414.2
1769896560,2414.2,2418.64,2412.4,2416.04
1769896620,2416.04,2416.73,2414.03,2414.66
1769896680,2414.66,2419.39,2414.45,2419.2
1769896740,2419.2,2419.23,2411.41,2418
1769896800,2418,2420.57,2414.96,2415.64
1769896860,2415.64,2419.93,2412.89,2419.58
1769896920,2419.58,2419.6,2417.28,2417.51
1769896980,2417.51,2420.33,2414.93,2419.18
1769897040,2419.18,2424.59,2418.42,2422.18
1769897100,2422.18,2423.5,2418,2419.15
1769897160,2419.15,2419.15,2415.42,2417.31
1769897220,2417.31,2419.71,2415.01,2415.68
1769897280,2415.68,2417.89,2413.62,2416.87
1769897340,2416.87,2416.87,2415.03,2415.77
1769897400,2415.77,2416.83,2413.39,2414.17
1769897460,2414.17,2414.17,2407.87,2408.86
1769897520,2408.86,2413.09,2408.78,2411.7
1769897580,2411.7,2412.59,2410.72,2412.21
1769897640,2412.21,2413.92,2411.04,2412
1769897700,2412,2415.94,2410.19,2414.62
1769897760,2414.62,2415.3,2412.62,2413.21
1769897820,2413.21,2414.69,2411.29,2412.43
1769897880,2412.43,2412.44,2409.8,2409.84
1769897940,2409.84,2410.53,2404.62,2407.85
1769898000,2407.85,2410.3,2407.47,2408.64
1769898060,2408.64,2413.16,2408.64,2413.16
1769898120,2413.16,2413.43,2408.03,2409.12
1769898180,2409.12,2411.67,2408.81,2409.92
1769898240,2409.92,2414.06,2409.52,2413.03
1769898300,2413.03,2414.29,2412.5,2413.26
1769898360,2413.26,2413.75,2410.39,2411.06
1769898420,2411.06,2412.82,2410.23,2412.81
1769898480,2412.81,2414.83,2412.39,2414.51
1769898540,2414.51,2418.36,2413.73,2417.96
1769898600,2417.96,2420.38,2416.63,2417.69
1769898660,2417.69,2417.88,2413.92,2414.33
1769898720,2414.33,2416.87,2412.61,2416.81
1769898780,2416.81,2420.76,2416.81,2420.36
1769898840,2420.36,2420.8,2420,2420
1769898900,2420,2420.06,2416.32,2416.32
1769898960,2416.32,2416.32,2412.38,2413.11
1769899020,2413.11,2416.81,2410.36,2411.91
1769899080,2411.91,2414.64,2410.93,2412.88
1769899140,2412.88,2417.15,2411.91,2416.77
1769899200,2416.77,2417.77,2414.99,2415.7
1769899260,2415.7,2415.7,2410.21,2412.77
1769899320,2412.77,2415.8,2412.49,2413.26
1769899380,2413.26,2414.37,2412.22,2413.12
1769899440,2413.12,2413.25,2411.92,2411.92
1769899500,2411.92,2411.92,2409.58,2409.86
1769899560,2409.86,2410.21,2409.11,2409.42
1769899620,2409.42,2413.93,2409.38,2412
1769899680,2412,2412,2410.95,2411.99
1769899740,2411.99,2412.72,2409.76,2410.02
1769899800,2410.02,2414.72,2409.66,2412.24
1769899860,2412.24,2413.5,2412.08,2413.44
1769899920,2413.44,2414.56,2411.1,2411.1
1769899980,2411.1,2412.59,2409.93,2410.5
1769900040,2410.5,2414.2,2410.5,2414.09
1769900100,2414.09,2417.75,2414.09,2417.23
1769900160,2417.23,2418.54,2416.7,2418.07
1769900220,2418.07,2422.65,2418.06,2420.99
1769900280,2420.99,2421.46,2417.29,2418.22
1769900340,2418.22,2418.86,2415,2418.12
1769900400,2418.12,2422.21,2416.79,2420.94
1769900460,2420.94,2421.08,2417.11,2420.4
1769900520,2420.4,2420.85,2419.02,2419.74
1769900580,2419.74,2420.39,2415.41,2420.14
1769900640,2420.14,2421.4,2418.03,2420.23
1769900700,2420.23,2421.31,2418.77,2419.4
1769900760,2419.4,2425.39,2419.4,2423.84
1769900820,2423.84,2429.28,2422.34,2428.41
1769900880,2428.41,2429.4,2425.01,2428.09
1769900940,2428.09,2430.98,2428.08,2429.42
1769901000,2429.42,2430.22,2424.39,2424.84
1769901060,2424.84,2425.4,2421.67,2421.67
1769901120,2421.67,2421.67,2417.3,2419.93
1769901180,2419.93,2421.79,2417.89,2421.78
1769901240,2421.78,2421.81,2419.26,2420.65
1769901300,2420.65,2421.83,2417.76,2421
1769901360,2421,2421.89,2418.61,2421.2
1769901420,2421.2,2426.14,2420.34,2425.48
1769901480,2425.48,2428.19,2423.33,2426.9
1769901540,2426.9,2441.99,2426.31,2441.99
1769901600,2441.99,2443.25,2433.43,2435.92
1769901660,2435.92,2447.57,2434.01,2447.3
1769901720,2447.3,2457.77,2446.82,2448.88
1769901780,2448.88,2470.82,2448.46,2467.87
1769901840,2467.87,2473,2463.17,2470.35
1769901900,2470.35,2472.44,2461.61,2463.46
1769901960,2463.46,2463.95,2455.01,2455.27
1769902020,2455.27,2460.23,2453.85,2453.86
1769902080,2453.86,2454.55,2448.95,2452.29
1769902140,2452.29,2455.43,2449.2,2453.27
1769902200,2453.27,2453.52,2447.06,2449.87
1769902260,2449.87,2449.89,2444.47,2447.91
1769902320,2447.91,2450.54,2447.9,2449.14
1769902380,2449.14,2458.4,2446.63,2456.15
1769902440,2456.15,2458.49,2452.99,2458.02
1769902500,2458.02,2460.81,2458.02,2460.62
1769902560,2460.62,2461,2456.26,2457
1769902620,2457,2457.74,2453.27,2456.89
1769902680,2456.89,2457,2448.03,2449.29
1769902740,2449.29,2452.44,2449.28,2450.72
1769902800,2450.72,2453.4,2450.71,2453.25
1769902860,2453.25,2454.02,2450.61,2450.61
1769902920,2450.61,2450.8,2448.01,2448.73
1769902980,2448.73,2449.21,2442.23,2443.62
1769903040,2443.62,2446.5,2443.5,2445.89
1769903100,2445.89,2447.07,2438,2438.82
1769903160,2438.82,2441.74,2434.08,2441.1
1769903220,2441.1,2441.1,2433.03,2433.31
1769903280,2433.31,2441.34,2433.3,2440.8
1769903340,2440.8,2442.75,2439.23,2439.35
1769903400,2439.35,2442.1,2439.35,2442.03
1769903460,2442.03,2444.39,2440.57,2443.75
1769903520,2443.75,2447.69,2443.18,2446.1
1769903580,2446.1,2448.87,2445.22,2447.64
1769903640,2447.64,2447.79,2444.02,2444.88
1769903700,2444.88,2446.08,2442.5,2443.18
1769903760,2443.18,2446.56,2442.82,2445.37
1769903820,2445.37,2447.49,2444.34,2445.73
1769903880,2445.73,2447.22,2444.35,2446.26
1769903940,2446.26,2453.43,2442.88,2450.64
1770249600,2146.9,2147.58,2144.8,2145.45
1770249660,2145.45,2146.18,2143.37,2144
1770249720,2144,2146.8,2141.25,2146.25
1770249780,2146.25,2146.76,2142.06,2142.91
1770249840,2142.91,2143.99,2141.4,2141.8
1770249900,2141.8,2145.99,2141.52,2145.45
1770249960,2145.45,2147.64,2143.06,2147.43
1770250020,2147.43,2147.43,2140.39,2143.03
1770250080,2143.03,2145.84,2142.7,2145.84
1770250140,2145.84,2146.85,2141.13,2141.92
1770250200,2141.92,2145.35,2141.92,2142.54
1770250260,2142.54,2144.28,2140.43,2141.7
1770250320,2141.7,2141.8,2136.67,2138.17
1770250380,2138.17,2138.88,2136.48,2136.71
1770250440,2136.71,2137.3,2135.27,2136.63
1770250500,2136.63,2138.18,2135.66,2136.73
1770250560,2136.73,2140,2136.72,2139.02
1770250620,2139.02,2141.63,2138.76,2139.98
1770250680,2139.98,2142.51,2138.97,2142.08
1770250740,2142.08,2147.21,2140.91,2146.7
1770250800,2146.7,2153.03,2146.43,2151.76
1770250860,2151.76,2152.23,2148.29,2150.44
1770250920,2150.44,2156.42,2149.64,2155.25
1770250980,2155.25,2158.37,2154.6,2156.4
1770251040,2156.4,2156.4,2152.6,2154.31
1770251100,2154.31,2156.89,2152.33,2155.89
1770251160,2155.89,2159.3,2155.15,2158.95
1770251220,2158.95,2159.72,2157.99,2158.03
1770251280,2158.03,2162.22,2157.55,2161.33
1770251340,2161.33,2163.67,2160.85,2161.03
1770251400,2161.03,2161.46,2158.52,2160.16
1770251460,2160.16,2160.4,2152.72,2154.24
1770251520,2154.24,2154.97,2152.87,2153.23
1770251580,2153.23,2153.57,2148.24,2148.95
1770251640,2148.95,2149.75,2147.67,2149.48
1770251700,2149.48,2153.72,2149.32,2151.69
1770251760,2151.69,2154.23,2148.3,2149.05
1770251820,2149.05,2149.18,2144.16,2146.92
1770251880,2146.92,2149.09,2146.09,2148.08
1770251940,2148.08,2156.77,2148.07,2152.79
1770252000,2152.79,2157.24,2152.26,2155.61
1770252060,2155.61,2160.29,2154.48,2159.84
1770252120,2159.84,2161.26,2156.87,2157.32
1770252180,2157.32,2158.31,2155.68,2156.52
1770252240,2156.52,2156.61,2154.29,2154.96
1770252300,2154.96,2156.12,2150.59,2151.3
1770252360,2151.3,2152,2150.08,2151.98
1770252420,2151.98,2153.35,2151,2152.05
1770252480,2152.05,2154.63,2152,2154.63
1770252540,2154.63,2155.34,2152.53,2153.56
1770252600,2153.56,2156.42,2153.17,2154.89
1770252660,2154.89,2155.51,2149.67,2150.03
1770252720,2150.03,2151.04,2146.3,2148.35
1770252780,2148.35,2151.18,2147.02,2150.2
1770252840,2150.2,2150.64,2149.22,2150.32
1770252900,2150.32,2150.9,2148.91,2149.64
1770252960,2149.64,2151,2148.72,2148.72
1770253020,2148.72,2149.99,2148.52,2149.56
1770253080,2149.56,2149.57,2147.79,2148.41
1770253140,2148.41,2150.01,2146,2148.98
1770253200,2148.98,2150.17,2147.43,2148.13
1770253260,2148.13,2152.48,2148.08,2150.9
1770253320,2150.9,2151.99,2147.15,2151.64
1770253380,2151.64,2153.8,2148.49,2148.51
1770253440,2148.51,2155.9,2148.46,2154.1
1770253500,2154.1,2158.73,2153.31,2158.73
1770253560,2158.73,2160.73,2156.81,2158.5
1770253620,2158.5,2158.79,2156.16,2157.76
1770253680,2157.76,2160.53,2155.56,2160.48
1770253740,2160.48,2167.59,2158.72,2164.99
1770253800,2164.99,2169.39,2164.5,2167.8
1770253860,2167.8,2169.03,2165.62,2168.32
1770253920,2168.32,2168.32,2162.34,2164.6
1770253980,2164.6,2168.73,2164.6,2166.32
1770254040,2166.32,2168.97,2165,2165.1
1770254100,2165.1,2165.1,2158.6,2159.85
1770254160,2159.85,2160.34,2152.24,2153.1
1770254220,2153.1,2153.59,2143.34,2143.59
1770254280,2143.59,2147.15,2140.57,2141.5
1770254340,2141.5,2143.14,2139.12,2139.85
1770254400,2139.85,2141,2134.43,2135.67
1770254460,2135.67,2137.91,2123.61,2124.89
1770254520,2124.89,2128.79,2122.79,2126.66
1770254580,2126.66,2131.09,2122.75,2122.75
1770254640,2122.75,2135.75,2121.72,2134.5
1770254700,2134.5,2143.36,2134.44,2138.65
1770254760,2138.65,2143.35,2137.26,2142.14
1770254820,2142.14,2159.95,2141.68,2157.9
1770254880,2157.9,2168.66,2155.47,2161.94
1770254940,2161.94,2164.14,2159.18,2162.66
1770255000,2162.66,2174.98,2161.85,2163.54
1770255060,2163.54,2168.46,2159.64,2161.97
1770255120,2161.97,2164.11,2158.23,2158.43
1770255180,2158.43,2164,2157.06,2162.4
1770255240,2162.4,2168.61,2162.4,2166.11
1770255300,2166.11,2166.3,2158.61,2159.52
1770255360,2159.52,2166.52,2158.92,2164.8
1770255420,2164.8,2167.39,2162.14,2165.7
1770255480,2165.7,2166.99,2161.23,2161.23
1770255540,2161.23,2162.55,2159.71,2161.62
1770255600,2161.62,2162.26,2140.73,2145.38
1770255660,2145.38,2149.59,2142.21,2145.83
1770255720,2145.83,2150.05,2145.83,2147.48
1770255780,2147.48,2154.29,2146.95,2151.62
1770255840,2151.62,2156.67,2151.62,2155.91
1770255900,2155.91,2157.59,2152.91,2154.5
1770255960,2154.5,2157.03,2152.13,2153.86
1770256020,2153.86,2156.18,2151.2,2153.36
1770256080,2153.36,2156.68,2151.3,2155.67
1770256140,2155.67,2157.74,2152.81,2156.46
1770256200,2156.46,2158.81,2154.8,2158.25
1770256260,2158.25,2159.96,2154.3,2155.47
1770256320,2155.47,2156.33,2148.4,2149.2
1770256380,2149.2,2149.85,2145.01,2146.64
1770256440,2146.64,2149.84,2146.11,2148.09
1770256500,2148.09,2150.75,2147.7,2150.31
1770256560,2150.31,2151.99,2147.94,2149.06
1770256620,2149.06,2150.38,2147.65,2150.05
1770256680,2150.05,2151.53,2148.89,2149.83
1770256740,2149.83,2150.84,2146.96,2147.78
1770256800,2147.78,2152,2145.61,2146.33
1770256860,2146.33,2152.57,2144.11,2151.95
1770256920,2151.95,2152.74,2142.35,2142.86
1770256980,2142.86,2143.01,2136.33,2136.72
1770257040,2136.72,2137.52,2132.97,2134.36
1770257100,2134.36,2137.76,2132.71,2133.39
1770257160,2133.39,2134.06,2127.04,2130.67
1770257220,2130.67,2130.8,2125.06,2127.91
1770257280,2127.91,2138.07,2127.91,2137.24
1770257340,2137.24,2139.02,2134.4,2134.69
1770257400,2134.69,2137.37,2133.4,2137.32
1770257460,2137.32,2137.87,2131.51,2137.87
1770257520,2137.87,2137.87,2129.14,2130.15
1770257580,2130.15,2130.69,2124.54,2128.04
1770257640,2128.04,2129.27,2123.95,2125.29
1770257700,2125.29,2127.23,2116.19,2118.41
1770257760,2118.41,2121.33,2114.33,2114.94
1770257820,2114.94,2132.09,2111.12,2122.98
1770257880,2122.98,2128.78,2117.09,2127.68
1770257940,2127.68,2135.74,2127.41,2128.6
1770258000,2128.6,2137,2127.84,2132.39
1770258060,2132.39,2137.77,2130.78,2134.39
1770258120,2134.39,2138.83,2132.35,2138.1
1770258180,2138.1,2138.79,2133.83,2134.94
1770258240,2134.94,2136.41,2131.75,2133.45
1770258300,2133.45,2134.93,2127.61,2128.85
1770258360,2128.85,2129.7,2124.24,2126.65
1770258420,2126.65,2134.24,2125.54,2133.12
1770258480,2133.12,2135.97,2132.15,2134.25
1770258540,2134.25,2137.4,2134.1,2136.97
1770258600,2136.97,2143.28,2135.15,2141.84
1770258660,2141.84,2143.19,2138.2,2142.8
1770258720,2142.8,2143.29,2137.04,2140.72
1770258780,2140.72,2144.24,2137.78,2139.17
1770258840,2139.17,2141.07,2137.5,2141.07
1770258900,2141.07,2161.44,2141,2157.41
1770258960,2157.41,2163.04,2153.41,2156.06
1770259020,2156.06,2156.75,2152.7,2152.96
1770259080,2152.96,2156.09,2150.03,2153.3
1770259140,2153.3,2154.99,2151.68,2153.37
1770259200,2153.37,2153.63,2147.15,2148.95
1770259260,2148.95,2156.8,2148.11,2154.25
1770259320,2154.25,2158.76,2154,2158.66
1770259380,2158.66,2162.09,2155.15,2161.37
1770259440,2161.37,2161.72,2157.16,2157.18
1770259500,2157.18,2159,2151.09,2151.09
1770259560,2151.09,2152.87,2148.82,2149.7
1770259620,2149.7,2150.89,2142.53,2142.6
1770259680,2142.6,2143.43,2133.96,2134.01
1770259740,2134.01,2137.24,2133.44,2135.86
1770259800,2135.86,2137,2134.01,2137
1770259860,2137,2139.22,2129.53,2133.9
1770259920,2133.9,2140.61,2130.81,2133.32
1770259980,2133.32,2140.96,2132.85,2138.4
1770260040,2138.4,2138.81,2133.72,2134.27
1770260100,2134.27,2134.87,2127.72,2130.15
1770260160,2130.15,2134.88,2128.9,2134.87
1770260220,2134.87,2135.99,2131.96,2133.46
1770260280,2133.46,2135.14,2128.65,2129.79
1770260340,2129.79,2130.81,2115.9,2122.98
1770260400,2122.98,2132.84,2120.72,2130.09
1770260460,2130.09,2133.7,2126.27,2128.62
1770260520,2128.62,2134.55,2128.32,2129.83
1770260580,2129.83,2130.69,2127.3,2128.84
1770260640,2128.84,2130.48,2125.47,2125.47
1770260700,2125.47,2127.82,2123,2126.78
1770260760,2126.78,2126.8,2111.85,2115.6
1770260820,2115.6,2121.08,2115.59,2120.89
1770260880,2120.89,2126.98,2119.91,2126.5
1770260940,2126.5,2132.85,2125.37,2132.51
1770261000,2132.51,2135.8,2131.29,2133.65
1770261060,2133.65,2133.65,2127.78,2129.5
1770261120,2129.5,2129.5,2122.7,2123.88
1770261180,2123.88,2124.31,2112.56,2115.62
1770261240,2115.62,2117.53,2115.15,2116.62
1770261300,2116.62,2117.76,2106.88,2108
1770261360,2108,2109.14,2096.96,2101.63
1770261420,2101.63,2105.34,2097.34,2104.76
1770261480,2104.76,2110.8,2104.16,2109
1770261540,2109,2115.99,2108.25,2112.77
1770261600,2112.77,2121.94,2112.22,2121.94
1770261660,2121.94,2126.38,2118.16,2118.48
1770261720,2118.48,2124.13,2118.21,2122.24
1770261780,2122.24,2124.85,2118.72,2119.47
1770261840,2119.47,2119.49,2116.27,2119.48
1770261900,2119.48,2123.35,2118.25,2120.46
1770261960,2120.46,2122.04,2117.21,2118.44
1770262020,2118.44,2118.45,2108.09,2112.43
1770262080,2112.43,2114.38,2109.05,2109.66
1770262140,2109.66,2112.56,2109.01,2111.98
1770262200,2111.98,2113.78,2107.66,2107.98
1770262260,2107.98,2112.85,2107.5,2112.83
1770262320,2112.83,2113.85,2109.44,2110.75
1770262380,2110.75,2111.86,2108.35,2110
1770262440,2110,2116.51,2109.7,2113.86
1770262500,2113.86,2116.19,2112.45,2113.28
1770262560,2113.28,2114.54,2105.34,2105.57
1770262620,2105.57,2110.61,2103.17,2109.74
1770262680,2109.74,2110,2102.52,2106.24
1770262740,2106.24,2110.18,2105.8,2107.75
1770262800,2107.75,2110.39,2107.61,2109.5
1770262860,2109.5,2116.64,2109.36,2114.94
1770262920,2114.94,2117.76,2111.74,2113.02
1770262980,2113.02,2117.5,2110.76,2115.45
1770263040,2115.45,2116.17,2110.69,2114.03
1770263100,2114.03,2115.47,2111.27,2112.96
1770263160,2112.96,2117.32,2112.94,2115.01
1770263220,2115.01,2116.89,2113.21,2115.9
1770263280,2115.9,2117.38,2114.46,2115.71
1770263340,2115.71,2116.8,2111.24,2116.8
1770263400,2116.8,2117.38,2110.34,2110.42
1770263460,2110.42,2111.45,2108.39,2110.1
1770263520,2110.1,2110.85,2105.06,2109.3
1770263580,2109.3,2112.79,2107.89,2107.89
1770263640,2107.89,2110.51,2106.43,2107.72
1770263700,2107.72,2111.33,2107.68,2109.53
1770263760,2109.53,2111.35,2108.88,2111.33
1770263820,2111.33,2111.89,2105.38,2108.38
1770263880,2108.38,2108.53,2105.47,2106.88
1770263940,2106.88,2110.02,2105.85,2108.85
1770264000,2108.85,2111.42,2108.7,2110.34
1770264060,2110.34,2111,2108.65,2108.89
1770264120,2108.89,2109.57,2102.73,2104.37
1770264180,2104.37,2109.51,2101.16,2101.16
1770264240,2101.16,2105.44,2098,2099.23
1770264300,2099.23,2104.41,2099.22,2100.19
1770264360,2100.19,2102.93,2088.67,2091
1770264420,2091,2099.13,2088.24,2089.07
1770264480,2089.07,2090,2085.91,2087.5
1770264540,2087.5,2106.39,2087.23,2103.3
1770264600,2103.3,2115.4,2101.11,2101.59
1770264660,2101.59,2103.76,2096.11,2103.31
1770264720,2103.31,2104.07,2099.66,2102.6
1770264780,2102.6,2105.15,2097.61,2097.88
1770264840,2097.88,2100.06,2082.65,2091.4
1770264900,2091.4,2094.84,2087.45,2093.64
1770264960,2093.64,2096.2,2086.12,2086.21
1770265020,2086.21,2094.17,2077.09,2092.2
1770265080,2092.2,2098.33,2088.24,2097.22
1770265140,2097.22,2098.92,2095.2,2097.33
1770265200,2097.33,2106.32,2097.31,2103.77
1770265260,2103.77,2105.59,2100.7,2103.81
1770265320,2103.81,2106.37,2100.42,2101.45
1770265380,2101.45,2101.45,2095.56,2099.19
1770265440,2099.19,2101.88,2096.28,2101.88
1770265500,2101.88,2106.16,2100.44,2104.52
1770265560,2104.52,2105,2096.13,2096.7
1770265620,2096.7,2098.19,2086.77,2094.46
1770265680,2094.46,2095.54,2090.19,2093.55
1770265740,2093.55,2097.02,2092.3,2096.79
1770265800,2096.79,2097.72,2092,2093.5
1770265860,2093.5,2100.4,2091.34,2095.19
1770265920,2095.19,2102.8,2094.01,2101.06
1770265980,2101.06,2101.99,2097.91,2098.45
1770266040,2098.45,2100.29,2095.41,2097.91
1770266100,2097.91,2099.28,2095.85,2098.41
1770266160,2098.41,2102.8,2097.59,2098.2
1770266220,2098.2,2102.99,2097.63,2102.61
1770266280,2102.61,2107.49,2101.95,2105.16
1770266340,2105.16,2106.45,2101.44,2102.45
1770266400,2102.45,2108.99,2101.92,2108.05
1770266460,2108.05,2120,2106.46,2117.5
1770266520,2117.5,2125.53,2115.78,2121.56
1770266580,2121.56,2122.25,2117.08,2120.27
1770266640,2120.27,2126.87,2118.43,2121.9
1770266700,2121.9,2122.83,2118.94,2121.31
1770266760,2121.31,2121.44,2118.66,2119.47
1770266820,2119.47,2120.22,2116.78,2116.92
1770266880,2116.92,2118.71,2115.61,2118.34
1770266940,2118.34,2118.72,2113.18,2114.86
1770267000,2114.86,2117.63,2112.63,2114.97
1770267060,2114.97,2118.64,2114.7,2116.55
1770267120,2116.55,2116.57,2113.18,2113.83
1770267180,2113.83,2113.98,2105.64,2106.89
1770267240,2106.89,2107.82,2102.29,2102.75
1770267300,2102.75,2104.98,2099.33,2099.39
1770267360,2099.39,2100.92,2095.31,2098.11
1770267420,2098.11,2099.64,2096.56,2098.81
1770267480,2098.81,2104.54,2098.24,2102.87
1770267540,2102.87,2103.86,2101.66,2103.03
1770267600,2103.03,2106.44,2102.67,2105.51
1770267660,2105.51,2107.68,2104.07,2104.36
1770267720,2104.36,2105.93,2102.05,2105.04
1770267780,2105.04,2108.45,2103.64,2107.6
1770267840,2107.6,2110.18,2103.51,2109.24
1770267900,2109.24,2111.83,2106.91,2109.32
1770267960,2109.32,2109.49,2104.63,2105.12
1770268020,2105.12,2106.07,2102.64,2103.39
1770268080,2103.39,2104.12,2095,2096.23
1770268140,2096.23,2100.09,2095.03,2099.17
1770268200,2099.17,2102.99,2098.67,2101.25
1770268260,2101.25,2106.66,2101.24,2104.99
1770268320,2104.99,2109.78,2104.15,2109.68
1770268380,2109.68,2115.3,2109.68,2113.04
1770268440,2113.04,2113.49,2106.44,2107.53
1770268500,2107.53,2108.84,2104.33,2108.84
1770268560,2108.84,2110.68,2107.8,2110.61
1770268620,2110.61,2112.3,2108.93,2109.56
1770268680,2109.56,2109.88,2095.1,2096.94
1770268740,2096.94,2097.87,2088.46,2092.39
1770268800,2092.39,2093.4,2087.54,2091.54
1770268860,2091.54,2092.28,2079.75,2081.25
1770268920,2081.25,2084.09,2075.46,2078.96
1770268980,2078.96,2084.37,2078.8,2081.29
1770269040,2081.29,2085.45,2077.13,2085.31
1770269100,2085.31,2089.36,2083.25,2086.09
1770269160,2086.09,2086.13,2082.08,2084.23
1770269220,2084.23,2089.69,2082.71,2087.77
1770269280,2087.77,2093.91,2086.52,2093.62
1770269340,2093.62,2103.01,2092.89,2093.65
1770269400,2093.65,2097.78,2093,2096.32
1770269460,2096.32,2097.86,2090.39,2091.59
1770269520,2091.59,2092.89,2083.85,2088.25
1770269580,2088.25,2092,2087.45,2090.84
1770269640,2090.84,2092.02,2088.87,2091.2
1770269700,2091.2,2100.43,2091.2,2097.82
1770269760,2097.82,2102.36,2096,2100.2
1770269820,2100.2,2111.52,2100.16,2110.2
1770269880,2110.2,2110.59,2103.67,2106
1770269940,2106,2107.51,2101.89,2104.25
1770270000,2104.25,2107.81,2103.41,2106.9
1770270060,2106.9,2123.93,2106.46,2117.38
1770270120,2117.38,2120.31,2115.07,2119.3
1770270180,2119.3,2120.8,2116.47,2119.07
1770270240,2119.07,2122.33,2115.94,2118.08
1770270300,2118.08,2119.76,2105.37,2107.42
1770270360,2107.42,2110.47,2100.8,2102.43
1770270420,2102.43,2104.83,2091.11,2092.7
1770270480,2092.7,2099.63,2092.34,2097.6
1770270540,2097.6,2100.67,2094.21,2096.23
1770270600,2096.23,2101.42,2094.36,2100.94
1770270660,2100.94,2104.49,2100.93,2103.43
1770270720,2103.43,2105.05,2098.61,2099.79
1770270780,2099.79,2101.06,2097.25,2099.3
1770270840,2099.3,2100.67,2096.36,2098.87
1770270900,2098.87,2099.4,2095.2,2097.54
1770270960,2097.54,2098.87,2096.52,2097.18
1770271020,2097.18,2102.24,2097.18,2100.9
1770271080,2100.9,2101.72,2100,2100.03
1770271140,2100.03,2101.16,2097.81,2100.68
1770271200,2100.68,2106.04,2100.31,2102.2
1770271260,2102.2,2106.93,2099.42,2101.76
1770271320,2101.76,2104.75,2099.51,2103.28
1770271380,2103.28,2103.83,2086.36,2088.55
1770271440,2088.55,2094.71,2083.15,2091.91
1770271500,2091.91,2091.91,2077.71,2080.58
1770271560,2080.58,2085.58,2078.05,2084.39
1770271620,2084.39,2091.76,2084.39,2086.35
1770271680,2086.35,2089.17,2086.21,2087.15
1770271740,2087.15,2089.79,2084.72,2085.98
1770271800,2085.98,2093.69,2081.66,2091.94
1770271860,2091.94,2093.7,2090.36,2091.21
1770271920,2091.21,2093.91,2090.14,2090.14
1770271980,2090.14,2093.02,2090.1,2092.86
1770272040,2092.86,2093.41,2090.35,2092.32
1770272100,2092.32,2093.18,2088.76,2090.09
1770272160,2090.09,2096.5,2090.06,2095.59
1770272220,2095.59,2098,2093.75,2094.64
1770272280,2094.64,2094.79,2087.46,2087.6
1770272340,2087.6,2088.05,2083.37,2085
1770272400,2085,2085.75,2082.87,2083.89
1770272460,2083.89,2086.24,2079.78,2080.63
1770272520,2080.63,2082.49,2080.51,2082.1
1770272580,2082.1,2086.06,2082.1,2085.2
1770272640,2085.2,2086.74,2082,2084.17
1770272700,2084.17,2085.23,2081.95,2082.31
1770272760,2082.31,2083.99,2080.5,2083.15
1770272820,2083.15,2083.36,2079.44,2082.48
1770272880,2082.48,2085.26,2075.89,2079.79
1770272940,2079.79,2082.23,2076.13,2079.52
1770273000,2079.52,2085.32,2079.02,2083.86
1770273060,2083.86,2084.59,2082.08,2084.09
1770273120,2084.09,2086.93,2083.74,2085.5
1770273180,2085.5,2090.22,2085,2085.93
1770273240,2085.93,2093.82,2085.93,2090.61
1770273300,2090.61,2094.4,2088.27,2090.56
1770273360,2090.56,2092.71,2089.54,2090.03
1770273420,2090.03,2090.03,2083.11,2087.36
1770273480,2087.36,2092.26,2087.3,2091.01
1770273540,2091.01,2091.87,2088.96,2090.13
1770273600,2090.13,2090.2,2087.92,2089.23
1770273660,2089.23,2092.87,2086.58,2092.81
1770273720,2092.81,2094.06,2090.34,2090.7
1770273780,2090.7,2092.71,2090,2091.33
1770273840,2091.33,2092.9,2087.96,2088.47
1770273900,2088.47,2096.79,2087,2096.37
1770273960,2096.37,2097.59,2092.19,2093.23
1770274020,2093.23,2094.5,2064.1,2073.81
1770274080,2073.81,2076.7,2070.98,2076.49
1770274140,2076.49,2086,2075.18,2081.86
1770274200,2081.86,2084.71,2080.65,2083.42
1770274260,2083.42,2085.63,2081.14,2082.35
1770274320,2082.35,2084.05,2081.08,2083.59
1770274380,2083.59,2084.28,2078.83,2080.12
1770274440,2080.12,2083,2077.99,2080.99
1770274500,2080.99,2085.83,2080.16,2084.62
1770274560,2084.62,2087.57,2083,2086.05
1770274620,2086.05,2088.11,2085.6,2086.49
1770274680,2086.49,2086.9,2084.7,2086
1770274740,2086,2087.21,2085.1,2086.7
1770274800,2086.7,2089.14,2084.57,2089.14
1770274860,2089.14,2105.82,2089.13,2104.3
1770274920,2104.3,2118,2104.3,2111.97
1770274980,2111.97,2115.89,2110.23,2115
1770275040,2115,2118.82,2111.16,2116.22
1770275100,2116.22,2116.22,2109,2111.2
1770275160,2111.2,2112.68,2109.05,2109.43
1770275220,2109.43,2122.8,2107.56,2107.56
1770275280,2107.56,2107.95,2101.42,2101.73
1770275340,2101.73,2104.95,2101.73,2103
1770275400,2103,2105.34,2102,2104.37
1770275460,2104.37,2107.02,2103.72,2106.35
1770275520,2106.35,2106.88,2104.75,2106.41
1770275580,2106.41,2108.13,2106.36,2107.69
1770275640,2107.69,2107.69,2104.55,2104.93
1770275700,2104.93,2106.61,2099.18,2100.49
1770275760,2100.49,2110,2100.07,2109.54
1770275820,2109.54,2111.98,2106.4,2108.92
1770275880,2108.92,2109.64,2106.46,2109.64
1770275940,2109.64,2112.79,2108.92,2112.36
1770276000,2112.36,2115.18,2110.01,2114.04
1770276060,2114.04,2117.74,2109.27,2116.58
1770276120,2116.58,2121.58,2113.3,2113.52
1770276180,2113.52,2114.04,2111.28,2111.95
1770276240,2111.95,2114.3,2111.14,2114.1
1770276300,2114.1,2119.01,2113.26,2117.63
1770276360,2117.63,2119.54,2115.22,2116.4
1770276420,2116.4,2122.9,2115.51,2122.11
1770276480,2122.11,2124.1,2118.48,2120.55
1770276540,2120.55,2120.81,2114.2,2114.99
1770276600,2114.99,2117.36,2110.2,2114.16
1770276660,2114.16,2115.78,2112.08,2114.87
1770276720,2114.87,2115.84,2111.44,2112.78
1770276780,2112.78,2114.02,2111.43,2113.05
1770276840,2113.05,2113.65,2111.79,2112.58
1770276900,2112.58,2115.37,2110.61,2113.43
1770276960,2113.43,2113.86,2110,2110.14
1770277020,2110.14,2112.21,2109.27,2110.79
1770277080,2110.79,2110.85,2108,2109.89
1770277140,2109.89,2109.9,2105.29,2106.99
1770277200,2106.99,2109.99,2106.57,2109.64
1770277260,2109.64,2110.21,2095.11,2097.5
1770277320,2097.5,2098.93,2095.89,2098.59
1770277380,2098.59,2100.94,2097.35,2100.37
1770277440,2100.37,2103,2100.37,2102.03
1770277500,2102.03,2103.76,2101.37,2102.4
1770277560,2102.4,2104.13,2101.01,2102.7
1770277620,2102.7,2104.61,2102.44,2102.95
1770277680,2102.95,2104.43,2098.12,2098.49
1770277740,2098.49,2101.72,2098.49,2101.02
1770277800,2101.02,2101.56,2096.09,2099.58
1770277860,2099.58,2100.9,2098.28,2100.67
1770277920,2100.67,2101.34,2099.3,2101.25
1770277980,2101.25,2102.4,2099.54,2102.24
1770278040,2102.24,2102.85,2101.22,2101.73
1770278100,2101.73,2101.83,2096.27,2097.45
1770278160,2097.45,2098.17,2094.4,2094.52
1770278220,2094.52,2095.04,2085.15,2088.71
1770278280,2088.71,2090.2,2086.88,2088.46
1770278340,2088.46,2091.14,2087.1,2090.4
1770278400,2090.4,2095.45,2090.4,2091.76
1770278460,2091.76,2097.5,2090.39,2095.62
1770278520,2095.62,2097.11,2090.7,2091.65
1770278580,2091.65,2098.86,2091.65,2095.41
1770278640,2095.41,2097.36,2094.48,2095.86
1770278700,2095.86,2097.53,2094,2096.96
1770278760,2096.96,2101.07,2096.29,2100.74
1770278820,2100.74,2104.56,2099.61,2103.15
1770278880,2103.15,2103.66,2098.7,2100.49
1770278940,2100.49,2102.91,2100.14,2101.61
1770279000,2101.61,2101.98,2098.11,2100.31
1770279060,2100.31,2103.7,2098.02,2102.91
1770279120,2102.91,2104.74,2100.95,2103.01
1770279180,2103.01,2103.01,2099.2,2100.74
1770279240,2100.74,2102.73,2099.75,2102.4
1770279300,2102.4,2103.6,2100.28,2103.5
1770279360,2103.5,2104.63,2101.57,2101.91
1770279420,2101.91,2102.13,2096.68,2102.13
1770279480,2102.13,2103.53,2101.33,2102.82
1770279540,2102.82,2105.74,2101.47,2104.43
1770279600,2104.43,2110.27,2103.51,2108.07
1770279660,2108.07,2108.07,2104.36,2105.89
1770279720,2105.89,2108.6,2104.49,2105.42
1770279780,2105.42,2106.03,2103.09,2105.84
1770279840,2105.84,2109.85,2104.64,2107.6
1770279900,2107.6,2109.35,2107.15,2108.57
1770279960,2108.57,2116.31,2107.87,2115.13
1770280020,2115.13,2120,2111.5,2112.08
1770280080,2112.08,2114.98,2110.52,2110.8
1770280140,2110.8,2113.15,2108.03,2111.46
1770280200,2111.46,2115.31,2110.82,2114.55
1770280260,2114.55,2120.46,2114.17,2117.97
1770280320,2117.97,2119,2114.92,2117
1770280380,2117,2117.59,2114.51,2114.75
1770280440,2114.75,2115.64,2113.43,2113.87
1770280500,2113.87,2115.52,2112.64,2115.52
1770280560,2115.52,2115.52,2107.59,2108.35
1770280620,2108.35,2113.39,2108.35,2110.8
1770280680,2110.8,2116,2110.8,2115.71
1770280740,2115.71,2117,2114.74,2116.61
1770280800,2116.61,2116.72,2113.32,2114.47
1770280860,2114.47,2115.37,2113,2114.5
1770280920,2114.5,2115.2,2111.04,2114.9
1770280980,2114.9,2115.92,2112.44,2113.72
1770281040,2113.72,2115.11,2113.27,2113.91
1770281100,2113.91,2113.97,2110.41,2110.66
1770281160,2110.66,2116.61,2110.66,2115.9
1770281220,2115.9,2120,2115.74,2117.47
1770281280,2117.47,2118.05,2112.57,2112.96
1770281340,2112.96,2113.49,2111.62,2112.88
1770281400,2112.88,2113.96,2108.7,2108.86
1770281460,2108.86,2112.35,2107.71,2109.02
1770281520,2109.02,2111.47,2108.29,2109.47
1770281580,2109.47,2114.38,2109.47,2112.55
1770281640,2112.55,2115,2111.97,2114.1
1770281700,2114.1,2114.57,2111.04,2111.66
1770281760,2111.66,2115.86,2111.64,2115.28
1770281820,2115.28,2116.28,2113.66,2115.68
1770281880,2115.68,2116.93,2113.87,2115.25
1770281940,2115.25,2115.34,2110.09,2110.9
1770282000,2110.9,2114.97,2110.01,2112.96
1770282060,2112.96,2115.99,2112.18,2113.97
1770282120,2113.97,2116.22,2113.28,2116.04
1770282180,2116.04,2117.42,2112.74,2113.36
1770282240,2113.36,2115.99,2113.36,2115.86
1770282300,2115.86,2118.8,2112.6,2118.11
1770282360,2118.11,2122.77,2116.63,2122
1770282420,2122,2123.16,2120.08,2121.71
1770282480,2121.71,2142.18,2121.71,2138.3
1770282540,2138.3,2140.49,2134.67,2138.91
1770282600,2138.91,2148.37,2133.85,2135.44
1770282660,2135.44,2138.32,2134.51,2135.88
1770282720,2135.88,2141.48,2135,2139.5
1770282780,2139.5,2142.58,2136.24,2139.77
1770282840,2139.77,2140.9,2137.09,2138.45
1770282900,2138.45,2138.84,2134.19,2137.11
1770282960,2137.11,2149.99,2137.01,2146.49
1770283020,2146.49,2146.7,2141.9,2142.09
1770283080,2142.09,2144.64,2139.94,2142.55
1770283140,2142.55,2142.69,2136.22,2137.53
1770283200,2137.53,2143.12,2137.53,2143.12
1770283260,2143.12,2143.12,2135.93,2136.29
1770283320,2136.29,2138.13,2134.53,2135.85
1770283380,2135.85,2137.6,2133.52,2137.52
1770283440,2137.52,2137.95,2134.57,2136.44
1770283500,2136.44,2137.58,2134.81,2135.53
1770283560,2135.53,2136.54,2133.62,2134.55
1770283620,2134.55,2137.96,2134.54,2137.79
1770283680,2137.79,2137.8,2133.69,2136.19
1770283740,2136.19,2138,2135.84,2137.09
1770283800,2137.09,2138.39,2136.09,2137.49
1770283860,2137.49,2142.38,2137.13,2140.9
1770283920,2140.9,2142.18,2132.95,2135.59
1770283980,2135.59,2136.47,2130.17,2133.71
1770284040,2133.71,2134.62,2132.54,2133.8
1770284100,2133.8,2134.08,2130.04,2132.53
1770284160,2132.53,2133.16,2130.77,2133.03
1770284220,2133.03,2134.65,2132.35,2133.18
1770284280,2133.18,2133.65,2129.79,2130.01
1770284340,2130.01,2132.37,2127.33,2129.92
1770284400,2129.92,2135.91,2129.92,2134.44
1770284460,2134.44,2135.82,2131.39,2131.56
1770284520,2131.56,2133.67,2130.38,2131.4
1770284580,2131.4,2131.86,2130,2130.45
1770284640,2130.45,2131.58,2128.07,2129.4
1770284700,2129.4,2130.97,2128.5,2130.79
1770284760,2130.79,2133.14,2130.32,2132.98
1770284820,2132.98,2132.98,2130.58,2131.5
1770284880,2131.5,2132.76,2128.6,2128.65
1770284940,2128.65,2129.56,2126.33,2128.76
1770285000,2128.76,2133.59,2127.85,2132.4
1770285060,2132.4,2134.67,2132.35,2132.82
1770285120,2132.82,2133.71,2132.24,2132.87
1770285180,2132.87,2135,2132.64,2134.49
1770285240,2134.49,2136.24,2134.49,2135.11
1770285300,2135.11,2136.09,2133.75,2134.71
1770285360,2134.71,2135,2132.79,2134.05
1770285420,2134.05,2134.05,2131.45,2132.23
1770285480,2132.23,2133.33,2131.8,2131.93
1770285540,2131.93,2133.12,2131.93,2132.63
1770285600,2132.63,2133.67,2132.21,2133.07
1770285660,2133.07,2136.39,2129.97,2131.5
1770285720,2131.5,2131.73,2128.54,2130.69
1770285780,2130.69,2130.99,2126.88,2127.35
1770285840,2127.35,2127.89,2125.15,2125.59
1770285900,2125.59,2126.29,2122.07,2123.21
1770285960,2123.21,2123.77,2120.77,2121.6
1770286020,2121.6,2124.43,2120.3,2122.51
1770286080,2122.51,2123.8,2121.02,2121.38
1770286140,2121.38,2123.93,2121.31,2121.75
1770286200,2121.75,2126.48,2121.75,2124.55
1770286260,2124.55,2126.98,2124.55,2125.9
1770286320,2125.9,2127.2,2125.01,2125.93
1770286380,2125.93,2128.53,2125.09,2128.38
1770286440,2128.38,2132.32,2127.2,2130.84
1770286500,2130.84,2132.48,2130.21,2131.54
1770286560,2131.54,2132.91,2129.14,2129.69
1770286620,2129.69,2132.82,2128.74,2131.55
1770286680,2131.55,2135,2131.32,2134.01
1770286740,2134.01,2139.36,2134.01,2136.89
1770286800,2136.89,2139.93,2135.6,2136.06
1770286860,2136.06,2138.18,2135.6,2137.05
1770286920,2137.05,2137.07,2134,2135.38
1770286980,2135.38,2135.87,2132.92,2134.34
1770287040,2134.34,2139.61,2134.23,2138.43
1770287100,2138.43,2139.04,2135.59,2138.15
1770287160,2138.15,2138.7,2136.47,2138
1770287220,2138,2140.28,2138,2138.64
1770287280,2138.64,2139,2136.47,2138.15
1770287340,2138.15,2138.82,2136.99,2138.23
1770287400,2138.23,2139.23,2136.14,2136.92
1770287460,2136.92,2138.57,2135.56,2135.56
1770287520,2135.56,2137.22,2133.45,2133.62
1770287580,2133.62,2134.71,2131.75,2132.72
1770287640,2132.72,2133.6,2131.47,2132.34
1770287700,2132.34,2133.72,2129.54,2130.66
1770287760,2130.66,2132.67,2130.14,2131.26
1770287820,2131.26,2131.27,2127.41,2128.36
1770287880,2128.36,2128.57,2127.09,2127.6
1770287940,2127.6,2128.49,2127.18,2127.5
1770288000,2127.5,2128.73,2126.06,2128.28
1770288060,2128.28,2128.55,2124.1,2124.5
1770288120,2124.5,2125.79,2124,2124.9
1770288180,2124.9,2125.92,2121.35,2123.12
1770288240,2123.12,2124.39,2121.89,2122.34
1770288300,2122.34,2123.83,2121.37,2122.78
1770288360,2122.78,2123.37,2121.21,2122.4
1770288420,2122.4,2122.77,2119,2119.74
1770288480,2119.74,2120.58,2111.85,2113.56
1770288540,2113.56,2115.89,2111,2112.08
1770288600,2112.08,2113.54,2111.1,2111.45
1770288660,2111.45,2113.06,2109.55,2109.65
1770288720,2109.65,2110.06,2092.56,2099.9
1770288780,2099.9,2100.36,2095.5,2098.64
1770288840,2098.64,2099.44,2094.61,2096.68
1770288900,2096.68,2097.82,2086.19,2087.97
1770288960,2087.97,2095.17,2085.13,2093.7
1770289020,2093.7,2095,2089.26,2091.16
1770289080,2091.16,2096.03,2091.16,2094.4
1770289140,2094.4,2097.73,2094.05,2096.67
1770289200,2096.67,2098.93,2094.48,2095.4
1770289260,2095.4,2101.64,2094.4,2099.55
1770289320,2099.55,2101.05,2098.42,2098.42
1770289380,2098.42,2100.5,2093.87,2098.59
1770289440,2098.59,2103.6,2098.41,2100.23
1770289500,2100.23,2101.96,2098.5,2099.27
1770289560,2099.27,2103.9,2099.27,2102.26
1770289620,2102.26,2103.61,2101.64,2102.13
1770289680,2102.13,2102.95,2099,2100.6
1770289740,2100.6,2104.21,2100.48,2103.77
1770289800,2103.77,2104.03,2099,2100.56
1770289860,2100.56,2102.41,2094.57,2094.83
1770289920,2094.83,2096.34,2091.46,2092.22
1770289980,2092.22,2092.63,2086.47,2086.48
1770290040,2086.48,2088.13,2082.87,2086.48
1770290100,2086.48,2089.75,2085.71,2086.25
1770290160,2086.25,2087.16,2081.55,2082.68
1770290220,2082.68,2096.83,2082.68,2093.42
1770290280,2093.42,2094.07,2088.28,2090.37
1770290340,2090.37,2091.27,2085.62,2086.58
1770290400,2086.58,2087.76,2082.88,2085.39
1770290460,2085.39,2085.95,2080.16,2080.82
1770290520,2080.82,2083.83,2067.64,2073.62
1770290580,2073.62,2078.04,2067.67,2067.68
1770290640,2067.68,2072.19,2058.8,2063.08
1770290700,2063.08,2074.46,2061.24,2072.7
1770290760,2072.7,2075.77,2069,2070.34
1770290820,2070.34,2073.48,2065.1,2065.47
1770290880,2065.47,2068.43,2063.76,2066.07
1770290940,2066.07,2071.21,2064,2067.76
1770291000,2067.76,2077.35,2066,2066.93
1770291060,2066.93,2070.48,2064.52,2068.93
1770291120,2068.93,2071.43,2065.05,2066.86
1770291180,2066.86,2073.29,2066.86,2069.75
1770291240,2069.75,2072.17,2068.54,2071.13
1770291300,2071.13,2074.85,2069.23,2070.44
1770291360,2070.44,2074.27,2065.46,2073.89
1770291420,2073.89,2077.27,2072.08,2076.74
1770291480,2076.74,2083.81,2076.57,2083.54
1770291540,2083.54,2090.9,2083.28,2085.51
1770291600,2085.51,2096.02,2084.03,2095.48
1770291660,2095.48,2096.42,2091.79,2094.68
1770291720,2094.68,2097.61,2091.72,2093.6
1770291780,2093.6,2094.41,2090.42,2090.85
1770291840,2090.85,2091.08,2087.28,2087.74
1770291900,2087.74,2091.63,2086.12,2091.05
1770291960,2091.05,2092.26,2077.89,2079.22
1770292020,2079.22,2083.45,2077.56,2081.96
1770292080,2081.96,2088.43,2081.96,2086.97
1770292140,2086.97,2086.97,2083.5,2085.01
1770292200,2085.01,2088.14,2080.04,2080.63
1770292260,2080.63,2082.57,2078.3,2079.77
1770292320,2079.77,2080.98,2077.35,2077.68
1770292380,2077.68,2078.88,2073.72,2077.91
1770292440,2077.91,2079.58,2072.09,2075.7
1770292500,2075.7,2081.4,2075.15,2081.04
1770292560,2081.04,2081.47,2074.89,2076.69
1770292620,2076.69,2077.53,2074.65,2076.85
1770292680,2076.85,2078.57,2076.1,2078.57
1770292740,2078.57,2078.95,2076.73,2078.86
1770292800,2078.86,2080.48,2077.05,2080.48
1770292860,2080.48,2090.17,2078.74,2087.86
1770292920,2087.86,2087.96,2084.91,2087.23
1770292980,2087.23,2092.84,2085.2,2089.24
1770293040,2089.24,2091.62,2085.61,2087.37
1770293100,2087.37,2089.25,2085.16,2085.56
1770293160,2085.56,2087.5,2082.65,2087
1770293220,2087,2088.88,2083.13,2084.58
1770293280,2084.58,2084.58,2074.44,2075.23
1770293340,2075.23,2077.27,2072.11,2075.81
1770293400,2075.81,2080.31,2073.2,2074.66
1770293460,2074.66,2076.77,2070.64,2072.22
1770293520,2072.22,2075.93,2070.87,2074.09
1770293580,2074.09,2077.66,2073.56,2076.36
1770293640,2076.36,2076.64,2070.11,2070.6
1770293700,2070.6,2072,2057,2059.32
1770293760,2059.32,2067.6,2059.32,2061.19
1770293820,2061.19,2064.94,2056.4,2058.64
1770293880,2058.64,2063.06,2054.19,2060.31
1770293940,2060.31,2060.56,2050,2052.53
1770294000,2052.53,2054.26,2050,2052.22
1770294060,2052.22,2058.64,2050.3,2057.08
1770294120,2057.08,2062.08,2055.2,2058.83
1770294180,2058.83,2059.63,2052.7,2054.8
1770294240,2054.8,2056.92,2050.6,2052.06
1770294300,2052.06,2059.67,2050.69,2058.6
1770294360,2058.6,2071.32,2056.56,2068.65
1770294420,2068.65,2080,2068.65,2074.86
1770294480,2074.86,2079.1,2073,2075.39
1770294540,2075.39,2076.98,2067.97,2068.94
1770294600,2068.94,2077.55,2066,2070.19
1770294660,2070.19,2072.17,2057.35,2061.68
1770294720,2061.68,2068.1,2061,2061.5
1770294780,2061.5,2062.81,2058,2061.04
1770294840,2061.04,2066.13,2058.47,2064.31
1770294900,2064.31,2067.7,2059.61,2061.25
1770294960,2061.25,2061.99,2056.15,2061.99
1770295020,2061.99,2066.5,2061.57,2064.3
1770295080,2064.3,2065.29,2059.24,2060.68
1770295140,2060.68,2064.99,2057.07,2061.12
1770295200,2061.12,2063.23,2057.55,2061.78
1770295260,2061.78,2065.2,2060.47,2064.77
1770295320,2064.77,2066.42,2057.84,2058.83
1770295380,2058.83,2060.61,2051.01,2053.5
1770295440,2053.5,2058.75,2052.98,2056.81
1770295500,2056.81,2061.12,2053.51,2054.93
1770295560,2054.93,2057.93,2053.35,2055.03
1770295620,2055.03,2059.36,2053.01,2058.83
1770295680,2058.83,2063.86,2056.36,2062
1770295740,2062,2064.16,2058,2061.66
1770295800,2061.66,2067.68,2059.79,2061.32
1770295860,2061.32,2069.37,2061.3,2067.51
1770295920,2067.51,2068.51,2062.8,2064.88
1770295980,2064.88,2064.88,2058.96,2058.96
1770296040,2058.96,2059.53,2050,2050.43
1770296100,2050.43,2051.38,2041,2048.55
1770296160,2048.55,2064.06,2048.55,2062.01
1770296220,2062.01,2065,2060.7,2060.86
1770296280,2060.86,2064.28,2060.4,2063.13
1770296340,2063.13,2064.44,2061.24,2063.12
1770296400,2063.12,2063.81,2059.81,2060.18
1770296460,2060.18,2064.8,2056.2,2059.41
1770296520,2059.41,2061.49,2056.65,2061.1
1770296580,2061.1,2064,2060.17,2061.02
1770296640,2061.02,2061.57,2058.41,2061.54
1770296700,2061.54,2067.5,2060.51,2066.73
1770296760,2066.73,2074.67,2064.23,2074.36
1770296820,2074.36,2082.33,2072.19,2073.41
1770296880,2073.41,2073.89,2069.42,2070.37
1770296940,2070.37,2071.64,2068.36,2070.61
1770297000,2070.61,2072.06,2065.21,2065.21
1770297060,2065.21,2068.24,2064.56,2066.98
1770297120,2066.98,2068.26,2064.87,2067.51
1770297180,2067.51,2068.34,2064.44,2064.72
1770297240,2064.72,2064.73,2056.62,2057.88
1770297300,2057.88,2060.76,2053.6,2056.79
1770297360,2056.79,2059.49,2055.72,2055.8
1770297420,2055.8,2062,2054.73,2060
1770297480,2060,2061.84,2058.31,2060.28
1770297540,2060.28,2062.8,2055.82,2056.91
1770297600,2056.91,2059.11,2054.78,2057.47
1770297660,2057.47,2059.44,2054.2,2054.4
1770297720,2054.4,2057.19,2053.06,2055.57
1770297780,2055.57,2059.09,2052.12,2053.51
1770297840,2053.51,2059.33,2053.49,2059.12
1770297900,2059.12,2061.17,2056.35,2056.63
1770297960,2056.63,2056.67,2048.2,2049.98
1770298020,2049.98,2054.3,2049.76,2051.5
1770298080,2051.5,2054.43,2050.02,2051.3
1770298140,2051.3,2052.89,2050.73,2052.64
1770298200,2052.64,2062.74,2047.35,2050.1
1770298260,2050.1,2060.51,2050.1,2058.15
1770298320,2058.15,2065.33,2058.15,2061.84
1770298380,2061.84,2064.8,2056.81,2059
1770298440,2059,2063.83,2056.05,2063.45
1770298500,2063.45,2065,2057.05,2063.47
1770298560,2063.47,2066,2061.4,2062.64
1770298620,2062.64,2063.69,2057.34,2058.75
1770298680,2058.75,2063,2057.15,2059.34
1770298740,2059.34,2059.61,2053.01,2053.19
1770298800,2053.19,2056.42,2050.82,2051.89
1770298860,2051.89,2057.05,2051.59,2056.25
1770298920,2056.25,2057.5,2052.19,2053.86
1770298980,2053.86,2056.89,2053.21,2056.51
1770299040,2056.51,2057.21,2055.32,2055.58
1770299100,2055.58,2056.74,2054.48,2055.61
1770299160,2055.61,2056.21,2052.39,2053.46
1770299220,2053.46,2055.63,2051.53,2053.25
1770299280,2053.25,2057.54,2051.65,2053.3
1770299340,2053.3,2056.03,2053.25,2055.15
1770299400,2055.15,2057.08,2053.23,2053.23
1770299460,2053.23,2056.94,2051.19,2056.57
1770299520,2056.57,2061.14,2056.12,2060.74
1770299580,2060.74,2063,2060.42,2061.54
1770299640,2061.54,2062,2059.54,2060.52
1770299700,2060.52,2062.12,2059.28,2061.84
1770299760,2061.84,2062.29,2057.9,2060.38
1770299820,2060.38,2060.4,2053.21,2055.39
1770299880,2055.39,2057.2,2052.47,2056.47
1770299940,2056.47,2058.66,2056.38,2057.87
1770300000,2057.87,2067.7,2057.7,2065.43
1770300060,2065.43,2079.99,2063.55,2079.53
1770300120,2079.53,2085,2074.72,2080
1770300180,2080,2083.45,2075.03,2076.08
1770300240,2076.08,2077.91,2072.58,2073.05
1770300300,2073.05,2073.05,2066,2066.54
1770300360,2066.54,2070.3,2066.22,2070.3
1770300420,2070.3,2070.3,2066,2068.5
1770300480,2068.5,2071.25,2067.08,2068.9
1770300540,2068.9,2069.31,2062.53,2066.77
1770300600,2066.77,2067.53,2061.34,2061.88
1770300660,2061.88,2067.06,2061.35,2066.47
1770300720,2066.47,2071.97,2066.04,2070.11
1770300780,2070.11,2070.51,2065.68,2066.63
1770300840,2066.63,2068.1,2063.4,2064.72
1770300900,2064.72,2068.03,2054.3,2054.5
1770300960,2054.5,2058.59,2053.9,2055.44
1770301020,2055.44,2058.53,2055.01,2057.08
1770301080,2057.08,2058.41,2055.9,2057.83
1770301140,2057.83,2063.6,2056.87,2060.29
1770301200,2060.29,2065,2059.89,2063.6
1770301260,2063.6,2065.03,2061.09,2061.77
1770301320,2061.77,2064.83,2060.17,2064.83
1770301380,2064.83,2070.08,2064.7,2067.64
1770301440,2067.64,2070.83,2067.06,2069.47
1770301500,2069.47,2075,2069.47,2073.2
1770301560,2073.2,2073.45,2070.75,2072.05
1770301620,2072.05,2074.27,2070.74,2071.99
1770301680,2071.99,2076.86,2071.99,2075.32
1770301740,2075.32,2078.79,2074.88,2076.35
1770301800,2076.35,2078.74,2070.75,2073.79
1770301860,2073.79,2088.62,2068.39,2069.53
1770301920,2069.53,2082.55,2067,2078.52
1770301980,2078.52,2090.91,2075.16,2076.14
1770302040,2076.14,2085.54,2072.79,2083
1770302100,2083,2096.93,2082.75,2084.94
1770302160,2084.94,2088.92,2080.96,2082.1
1770302220,2082.1,2095.34,2075.6,2094.7
1770302280,2094.7,2096.82,2089.98,2096.82
1770302340,2096.82,2107.7,2094.48,2097.31
1770302400,2097.31,2097.79,2089.54,2094.9
1770302460,2094.9,2095.58,2081.78,2083.14
1770302520,2083.14,2090.67,2080.09,2085.9
1770302580,2085.9,2092.17,2085,2088.92
1770302640,2088.92,2089.36,2085.29,2085.37
1770302700,2085.37,2087.42,2078.84,2083.68
1770302760,2083.68,2086.19,2077.9,2084.7
1770302820,2084.7,2096.47,2083.94,2086.05
1770302880,2086.05,2087.76,2074.11,2074.96
1770302940,2074.96,2077.95,2071.95,2075.75
1770303000,2075.75,2081.74,2073.4,2076.58
1770303060,2076.58,2079.97,2068.72,2069.36
1770303120,2069.36,2073.47,2067.74,2069.31
1770303180,2069.31,2074.61,2068.63,2069.86
1770303240,2069.86,2072.22,2062.3,2066.35
1770303300,2066.35,2067.3,2057,2059.19
1770303360,2059.19,2059.84,2053.9,2056.38
1770303420,2056.38,2056.38,2041.82,2046.28
1770303480,2046.28,2049.72,2043.26,2047.01
1770303540,2047.01,2048.84,2040.03,2045.41
1770303600,2045.41,2054.06,2033,2034.2
1770303660,2034.2,2041.3,2030.4,2032.96
1770303720,2032.96,2038.8,2031.71,2032.98
1770303780,2032.98,2035.41,2023.89,2024.44
1770303840,2024.44,2032,2018.19,2026.67
1770303900,2026.67,2028.26,2014.53,2016.08
1770303960,2016.08,2020.35,2012.85,2018.76
1770304020,2018.76,2020.57,2007.45,2011.1
1770304080,2011.1,2020.66,2010.03,2017.6
1770304140,2017.6,2023.5,2015.22,2017.33
1770304200,2017.33,2021.65,2005.61,2008.59
1770304260,2008.59,2010.03,2003.11,2003.67
1770304320,2003.67,2005.77,1995.59,1999.87
1770304380,1999.87,2003,1992.45,2002.15
1770304440,2002.15,2002.3,1994.88,1995.58
1770304500,1995.58,2008.63,1995.58,2006.89
1770304560,2006.89,2014.4,2000.37,2001.24
1770304620,2001.24,2010.88,2001.24,2009.07
1770304680,2009.07,2010.6,1993.6,1993.6
1770304740,1993.6,2001.77,1992.34,1996.88
1770304800,1996.88,1997.82,1983.17,1985.18
1770304860,1985.18,1986.42,1971.29,1975.73
1770304920,1975.73,1980.34,1967.89,1970
1770304980,1970,1973.83,1945.99,1957.47
1770305040,1957.47,1967.13,1955,1963.61
1770305100,1963.61,1982.32,1963.6,1967.97
1770305160,1967.97,1968.28,1957.2,1957.92
1770305220,1957.92,1962.16,1953.66,1955.53
1770305280,1955.53,1963.34,1940.57,1944.63
1770305340,1944.63,1945.51,1929.25,1932.28
1770305400,1932.28,1959.97,1930,1946.87
1770305460,1946.87,1950.66,1936.36,1938.01
1770305520,1938.01,1944,1924.89,1930.21
1770305580,1930.21,1940.91,1930.21,1932.98
1770305640,1932.98,1939.62,1928,1936.43
1770305700,1936.43,1951.42,1936.4,1940.55
1770305760,1940.55,1944.55,1936.44,1939.82
1770305820,1939.82,1945.46,1937.22,1945.16
1770305880,1945.16,1948.59,1939.6,1945.92
1770305940,1945.92,1960.4,1945.51,1959.76
1770306000,1959.76,1963.33,1950.25,1960.35
1770306060,1960.35,1966.38,1958.11,1964.36
1770306120,1964.36,1973.31,1961.74,1965.76
1770306180,1965.76,1969.23,1961.48,1962.61
1770306240,1962.61,1966.14,1960.62,1963.51
1770306300,1963.51,1967.98,1952.14,1953.09
1770306360,1953.09,1954.06,1939.45,1942.54
1770306420,1942.54,1953.22,1942.03,1946.66
1770306480,1946.66,1953.04,1944.14,1950.31
1770306540,1950.31,1958.51,1948.21,1957.83
1770306600,1957.83,1980,1956.34,1974.15
1770306660,1974.15,1980.31,1971.55,1978.63
1770306720,1978.63,1984.87,1973.97,1980.96
1770306780,1980.96,1983.78,1971.27,1972.35
1770306840,1972.35,1976.69,1965.69,1966.69
1770306900,1966.69,1968.48,1963.04,1966.44
1770306960,1966.44,1972,1953.34,1958.82
1770307020,1958.82,1959.49,1951.4,1956.35
1770307080,1956.35,1962.96,1951.28,1957.85
1770307140,1957.85,1960.54,1954.1,1959.55
1770307200,1959.55,1962.79,1953.95,1961.86
1770307260,1961.86,1966.56,1958.26,1959.2
1770307320,1959.2,1964.29,1956.31,1960.2
1770307380,1960.2,1960.56,1950,1952.45
1770307440,1952.45,1954.3,1949.27,1949.98
1770307500,1949.98,1953.64,1947.3,1951.44
1770307560,1951.44,1962.82,1951.06,1955.76
1770307620,1955.76,1958.1,1948.27,1949.56
1770307680,1949.56,1951.4,1944.35,1948.48
1770307740,1948.48,1948.88,1942.5,1943.07
1770307800,1943.07,1964.4,1942.75,1954.23
1770307860,1954.23,1954.67,1948.1,1952.27
1770307920,1952.27,1955.51,1949.29,1950.42
1770307980,1950.42,1953.11,1946.38,1950.33
1770308040,1950.33,1954.82,1948.06,1951
1770308100,1951,1960.71,1949.27,1960
1770308160,1960,1969.79,1956.05,1969.36
1770308220,1969.36,1972.53,1963.97,1969.77
1770308280,1969.77,1975,1965.93,1967.2
1770308340,1967.2,1970.46,1961.65,1962.39
1770308400,1962.39,1972.14,1961.71,1963.16
1770308460,1963.16,1971.98,1962.06,1970.98
1770308520,1970.98,1979.4,1970.19,1975.29
1770308580,1975.29,1978.27,1971.58,1972.86
1770308640,1972.86,1991.55,1970.3,1991.55
1770308700,1991.55,1995,1982.16,1982.6
1770308760,1982.6,1989.48,1982.39,1983.38
1770308820,1983.38,1990.3,1982.57,1989.39
1770308880,1989.39,1993.64,1987.09,1988.38
1770308940,1988.38,1988.39,1983,1986.04
1770309000,1986.04,1999.88,1986.04,1990.02
1770309060,1990.02,1993.49,1986.46,1986.6
1770309120,1986.6,1987.14,1977.53,1978.24
1770309180,1978.24,1986.07,1977.85,1986.01
1770309240,1986.01,1991.57,1983.43,1989.12
1770309300,1989.12,1991.58,1985.6,1990.26
1770309360,1990.26,1994.28,1984.01,1984.64
1770309420,1984.64,1989.84,1983.24,1984.03
1770309480,1984.03,1989.6,1980.19,1988.34
1770309540,1988.34,1989.35,1981.15,1982.13
1770309600,1982.13,1985.88,1976.79,1978.22
1770309660,1978.22,1979.01,1976.76,1978.2
1770309720,1978.2,1980.87,1975.61,1978.24
1770309780,1978.24,1979.99,1972.74,1973
1770309840,1973,1974.86,1970.2,1973.68
1770309900,1973.68,1974.37,1964.92,1965.13
1770309960,1965.13,1968.18,1964.9,1967.87
1770310020,1967.87,1968.4,1960.29,1964.06
1770310080,1964.06,1973.98,1963,1972.24
1770310140,1972.24,1978.06,1970.19,1977.36
1770310200,1977.36,1987.2,1977.36,1984.29
1770310260,1984.29,1993.4,1983.6,1988.71
1770310320,1988.71,2005.9,1988.22,2004.7
1770310380,2004.7,2006.55,1998.96,2005.12
1770310440,2005.12,2017.34,2003.58,2007.2
1770310500,2007.2,2011.42,2004.25,2008.03
1770310560,2008.03,2008.03,1997.5,1999.6
1770310620,1999.6,2003.82,1998.4,2000.93
1770310680,2000.93,2001.46,1995.44,1995.64
1770310740,1995.64,1998.41,1991.4,1997.6
1770310800,1997.6,2000.89,1988.4,1989.3
1770310860,1989.3,1991.9,1987.07,1988.24
1770310920,1988.24,1989.26,1983.81,1984.88
1770310980,1984.88,1991.33,1978.77,1990.29
1770311040,1990.29,1990.29,1980.33,1982.72
1770311100,1982.72,1987.92,1980.09,1986.54
1770311160,1986.54,1991.79,1981.41,1981.41
1770311220,1981.41,1987.7,1977.67,1986.6
1770311280,1986.6,1987.66,1982,1983.52
1770311340,1983.52,1984.63,1974.1,1975.69
1770311400,1975.69,1977.64,1971.88,1972.55
1770311460,1972.55,1976.21,1967.75,1970.14
1770311520,1970.14,1972.94,1966.19,1971.44
1770311580,1971.44,1977.38,1970.66,1975.4
1770311640,1975.4,1981.21,1973.16,1974.38
1770311700,1974.38,1975.76,1963.74,1968.25
1770311760,1968.25,1970.96,1965.7,1966.2
1770311820,1966.2,1968.81,1962.54,1966.71
1770311880,1966.71,1969.34,1962.64,1964.6
1770311940,1964.6,1965.97,1954.66,1956.43
1770312000,1956.43,1960,1939.43,1947.99
1770312060,1947.99,1959.6,1946.62,1956.35
1770312120,1956.35,1969,1956.35,1961.31
1770312180,1961.31,1972.63,1961.12,1971.61
1770312240,1971.61,1987.97,1971.61,1985.8
1770312300,1985.8,1989.9,1980.5,1986.13
1770312360,1986.13,1992.98,1981.99,1982.01
1770312420,1982.01,1984.5,1976.89,1984.5
1770312480,1984.5,1987.94,1973.17,1974.25
1770312540,1974.25,1981.24,1974,1980
1770312600,1980,1985,1970.47,1970.72
1770312660,1970.72,1971.41,1951.79,1953.47
1770312720,1953.47,1959.82,1952.26,1956.57
1770312780,1956.57,1961.41,1953.27,1959.95
1770312840,1959.95,1962.56,1953.86,1955
1770312900,1955,1959.19,1952.79,1955
1770312960,1955,1968.34,1954.89,1962.38
1770313020,1962.38,1964.76,1957.48,1964.76
1770313080,1964.76,1970.48,1960.05,1966.08
1770313140,1966.08,1970.61,1961.11,1963.18
1770313200,1963.18,1981.88,1961.91,1976.04
1770313260,1976.04,1977.31,1970.32,1973.52
1770313320,1973.52,1974.71,1965.81,1965.82
1770313380,1965.82,1973.26,1963.97,1973.26
1770313440,1973.26,1973.28,1965.12,1972
1770313500,1972,1976.76,1968.8,1976.76
1770313560,1976.76,1979.41,1970.82,1976.2
1770313620,1976.2,1977.77,1970.64,1973.01
1770313680,1973.01,1974.1,1962.35,1962.59
1770313740,1962.59,1965.59,1960.62,1963.98
1770313800,1963.98,1967.77,1961.06,1963.46
1770313860,1963.46,1971.51,1962.91,1965.55
1770313920,1965.55,1966.22,1956.58,1957.04
1770313980,1957.04,1965.16,1957.04,1962.47
1770314040,1962.47,1962.59,1957.21,1958.5
1770314100,1958.5,1959.6,1953.84,1958.19
1770314160,1958.19,1960.12,1954.7,1956.42
1770314220,1956.42,1957.76,1952.27,1955.28
1770314280,1955.28,1958.43,1952.5,1954.02
1770314340,1954.02,1955.91,1952.39,1953.35
1770314400,1953.35,1957.78,1953,1954.54
1770314460,1954.54,1964.78,1954.54,1964.11
1770314520,1964.11,1967.62,1958.74,1960.03
1770314580,1960.03,1960.28,1947.66,1951.84
1770314640,1951.84,1964.55,1951.62,1957.1
1770314700,1957.1,1962.99,1952.92,1958.76
1770314760,1958.76,1961.65,1955.41,1960.54
1770314820,1960.54,1966.64,1956.89,1958.22
1770314880,1958.22,1962.79,1956.06,1957.6
1770314940,1957.6,1959.8,1955.27,1956.27
1770315000,1956.27,1961.11,1954.53,1958.98
1770315060,1958.98,1962.07,1957.59,1962.07
1770315120,1962.07,1965.34,1958.63,1964.08
1770315180,1964.08,1964.83,1955.93,1957.04
1770315240,1957.04,1961.61,1957.04,1960.41
1770315300,1960.41,1966.8,1959.05,1966.64
1770315360,1966.64,1966.65,1952.22,1953.59
1770315420,1953.59,1957.14,1951.4,1952.48
1770315480,1952.48,1953.2,1945.25,1948.6
1770315540,1948.6,1954.78,1947.47,1949.6
1770315600,1949.6,1950.5,1936.71,1940.49
1770315660,1940.49,1941.8,1935.3,1938
1770315720,1938,1943.63,1928.35,1934.02
1770315780,1934.02,1935.94,1926.75,1928.66
1770315840,1928.66,1956.77,1928.66,1950.94
1770315900,1950.94,1953.3,1938.54,1939.29
1770315960,1939.29,1944.83,1934.93,1939.5
1770316020,1939.5,1942.72,1933.15,1935
1770316080,1935,1936.38,1930.25,1935.67
1770316140,1935.67,1936.77,1932,1935.53
1770316200,1935.53,1940.87,1933.48,1936.93
1770316260,1936.93,1942.38,1930,1933.54
1770316320,1933.54,1937.63,1920.21,1921.86
1770316380,1921.86,1928.84,1921.46,1925.66
1770316440,1925.66,1931.56,1923.1,1930.88
1770316500,1930.88,1935.97,1930.64,1931.46
1770316560,1931.46,1937.7,1930.98,1931.84
1770316620,1931.84,1933.05,1928.69,1931.65
1770316680,1931.65,1933.1,1926.17,1926.8
1770316740,1926.8,1934.2,1926.3,1933.57
1770316800,1933.57,1939.11,1930.07,1935.28
1770316860,1935.28,1940.82,1930.85,1936.14
1770316920,1936.14,1936.32,1930.23,1931.63
1770316980,1931.63,1935.02,1921,1921.89
1770317040,1921.89,1926.63,1920,1922.64
1770317100,1922.64,1932.24,1922.41,1924.38
1770317160,1924.38,1931.65,1920,1921.79
1770317220,1921.79,1922.24,1911.55,1918.18
1770317280,1918.18,1922.54,1915.48,1919.74
1770317340,1919.74,1929.42,1919.4,1923.27
1770317400,1923.27,1924.34,1919.96,1921.91
1770317460,1921.91,1925.33,1919.51,1924.34
1770317520,1924.34,1929.16,1921.5,1921.5
1770317580,1921.5,1935.45,1921.5,1934.64
1770317640,1934.64,1943.06,1934.09,1935.73
1770317700,1935.73,1941.71,1933.47,1940.42
1770317760,1940.42,1951.3,1939.23,1949.2
1770317820,1949.2,1956,1946.93,1949
1770317880,1949,1953.01,1945.03,1950.44
1770317940,1950.44,1954.7,1947.85,1948.89
1770318000,1948.89,1950.33,1943.05,1945.92
1770318060,1945.92,1946.01,1935.94,1937.06
1770318120,1937.06,1942.09,1934.46,1937.99
1770318180,1937.99,1952.32,1937.99,1942.11
1770318240,1942.11,1944.58,1938.11,1938.82
1770318300,1938.82,1944.92,1934.41,1943.04
1770318360,1943.04,1950.87,1940.07,1940.95
1770318420,1940.95,1942.71,1933.6,1934.43
1770318480,1934.43,1935.75,1930.58,1933.08
1770318540,1933.08,1936.31,1931.1,1931.6
1770318600,1931.6,1935.56,1929.03,1935.56
1770318660,1935.56,1943.61,1934.45,1942.29
1770318720,1942.29,1946.76,1937.34,1941.49
1770318780,1941.49,1941.79,1936.79,1938.69
1770318840,1938.69,1940.75,1934.92,1935.78
1770318900,1935.78,1941.43,1932.83,1941.28
1770318960,1941.28,1946.34,1939.21,1943.75
1770319020,1943.75,1947.2,1939.2,1943.43
1770319080,1943.43,1943.87,1935.65,1936.27
1770319140,1936.27,1941.01,1934,1939.97
1770319200,1939.97,1941.06,1931.3,1932.12
1770319260,1932.12,1942.42,1931.3,1934.28
1770319320,1934.28,1936.23,1931.41,1936.23
1770319380,1936.23,1937.97,1933.17,1934.72
1770319440,1934.72,1935.6,1930.5,1934.56
1770319500,1934.56,1934.72,1926.12,1927.29
1770319560,1927.29,1934.27,1924.57,1931.9
1770319620,1931.9,1937.09,1931.41,1934.45
1770319680,1934.45,1936.49,1931.71,1934.08
1770319740,1934.08,1936.24,1931.61,1936.11
1770319800,1936.11,1938.05,1931.72,1935.2
1770319860,1935.2,1945,1934.25,1943.4
1770319920,1943.4,1944.16,1931.12,1931.26
1770319980,1931.26,1940.89,1931.2,1935.39
1770320040,1935.39,1939.95,1934.66,1938.84
1770320100,1938.84,1940.76,1934.88,1939.41
1770320160,1939.41,1942.46,1934.32,1936.65
1770320220,1936.65,1942.42,1935.23,1941.25
1770320280,1941.25,1944.63,1939.55,1941.03
1770320340,1941.03,1942.82,1936.71,1937.21
1770320400,1937.21,1938.8,1933.77,1935
1770320460,1935,1935.8,1932.02,1934
1770320520,1934,1936.32,1931.23,1932.3
1770320580,1932.3,1935.11,1931.77,1933.46
1770320640,1933.46,1935.22,1931.61,1932.31
1770320700,1932.31,1934.92,1931.21,1931.84
1770320760,1931.84,1932.53,1926.77,1927.31
1770320820,1927.31,1928.15,1925.29,1926.14
1770320880,1926.14,1928.76,1926.14,1926.77
1770320940,1926.77,1930.72,1926.77,1929.47
1770321000,1929.47,1932.06,1925.45,1927.89
1770321060,1927.89,1927.96,1921.47,1922.33
1770321120,1922.33,1922.86,1915.91,1918.72
1770321180,1918.72,1923.23,1918.72,1921.22
1770321240,1921.22,1929.04,1919.8,1923.51
1770321300,1923.51,1924.59,1919.43,1922.2
1770321360,1922.2,1926.19,1921.35,1923.55
1770321420,1923.55,1926.74,1923.2,1924.03
1770321480,1924.03,1925.95,1922.81,1925.76
1770321540,1925.76,1928.23,1925.32,1927.49
1770321600,1927.49,1929.5,1924.35,1927.93
1770321660,1927.93,1934.72,1927.88,1934.41
1770321720,1934.41,1937.6,1927.44,1928.03
1770321780,1928.03,1931.32,1925.66,1929.53
1770321840,1929.53,1929.76,1925.41,1925.6
1770321900,1925.6,1927.39,1918.2,1919.41
1770321960,1919.41,1925.6,1918.32,1922.4
1770322020,1922.4,1935.64,1922.18,1934.9
1770322080,1934.9,1941.75,1934.1,1938.56
1770322140,1938.56,1941.71,1935.81,1939.41
1770322200,1939.41,1939.92,1933.16,1934.36
1770322260,1934.36,1934.86,1928.05,1929.71
1770322320,1929.71,1930.8,1926.36,1929
1770322380,1929,1929.85,1923.85,1924.57
1770322440,1924.57,1924.57,1920.7,1921.2
1770322500,1921.2,1921.97,1901.6,1902.04
1770322560,1902.04,1904.72,1889.69,1891.53
1770322620,1891.53,1899.39,1888.33,1896.45
1770322680,1896.45,1901.48,1892.22,1893.96
1770322740,1893.96,1899.34,1888,1889.69
1770322800,1889.69,1897.99,1887.4,1890.36
1770322860,1890.36,1894.27,1880.01,1882.96
1770322920,1882.96,1887.58,1866.16,1870.81
1770322980,1870.81,1879.42,1865,1873.7
1770323040,1873.7,1883.35,1867.71,1877.33
1770323100,1877.33,1878.31,1853.01,1855.79
1770323160,1855.79,1872.35,1853,1872.2
1770323220,1872.2,1890,1872.03,1875.75
1770323280,1875.75,1883.95,1872.26,1877.19
1770323340,1877.19,1880.79,1872.02,1873.58
1770323400,1873.58,1879.15,1866.86,1870.62
1770323460,1870.62,1875.55,1858.32,1860.39
1770323520,1860.39,1869.02,1850,1867.87
1770323580,1867.87,1872.22,1862.37,1868.8
1770323640,1868.8,1873.6,1863.6,1867.8
1770323700,1867.8,1872.54,1858.94,1859.51
1770323760,1859.51,1860.6,1840.63,1855.19
1770323820,1855.19,1873.64,1855.19,1862.09
1770323880,1862.09,1862.09,1850.24,1859.34
1770323940,1859.34,1868,1855.29,1859.84
1770324000,1859.84,1879.42,1859.28,1872.2
1770324060,1872.2,1873.6,1864.59,1865.01
1770324120,1865.01,1871.8,1859.25,1863.28
1770324180,1863.28,1868.22,1860.58,1864
1770324240,1864,1870.43,1861.77,1866.57
1770324300,1866.57,1871.2,1859.39,1868.83
1770324360,1868.83,1872.09,1859.53,1860.2
1770324420,1860.2,1860.73,1852.57,1857
1770324480,1857,1863.39,1851.39,1852.15
1770324540,1852.15,1852.98,1847.07,1849.26
1770324600,1849.26,1855.57,1844.79,1847.44
1770324660,1847.44,1855.33,1837.22,1845.4
1770324720,1845.4,1845.4,1834.12,1834.68
1770324780,1834.68,1838.09,1827.53,1834.03
1770324840,1834.03,1838.21,1830.45,1830.8
1770324900,1830.8,1840.03,1823.68,1840.03
1770324960,1840.03,1854.96,1839.04,1853.04
1770325020,1853.04,1865.49,1852.61,1858.89
1770325080,1858.89,1869.99,1857.52,1868
1770325140,1868,1869.31,1865,1869.19
1770325200,1869.19,1893,1866.14,1891.68
1770325260,1891.68,1892.62,1868.69,1874.96
1770325320,1874.96,1889.29,1872.29,1888.03
1770325380,1888.03,1897.38,1883.81,1889.81
1770325440,1889.81,1911.76,1889.79,1899.77
1770325500,1899.77,1911.8,1897.62,1899.84
1770325560,1899.84,1902.5,1891.01,1892.21
1770325620,1892.21,1897,1884.1,1896.28
1770325680,1896.28,1902.58,1890,1890
1770325740,1890,1893.19,1885.5,1885.82
1770325800,1885.82,1890.23,1880.89,1881.45
1770325860,1881.45,1883.46,1874.89,1876.13
1770325920,1876.13,1880.27,1873.8,1878.19
1770325980,1878.19,1882,1875.72,1876.68
1770326040,1876.68,1880.84,1872.38,1874.9
1770326100,1874.9,1878.34,1865.65,1872.8
1770326160,1872.8,1882.84,1872.31,1873.94
1770326220,1873.94,1874.57,1864.1,1865.42
1770326280,1865.42,1869.13,1861.01,1861.65
1770326340,1861.65,1862.67,1856.06,1858.34
1770326400,1858.34,1865.87,1854.71,1864.49
1770326460,1864.49,1879.4,1863.21,1870.38
1770326520,1870.38,1876.63,1869.48,1870.79
1770326580,1870.79,1894.86,1870.79,1890.16
1770326640,1890.16,1899.72,1884.7,1886.14
1770326700,1886.14,1888.28,1878.23,1879.04
1770326760,1879.04,1879.04,1867.85,1868.17
1770326820,1868.17,1870.8,1860.34,1870.19
1770326880,1870.19,1875.2,1868.45,1871.65
1770326940,1871.65,1879.4,1871.54,1879.25
1770327000,1879.25,1886,1875.11,1880.2
1770327060,1880.2,1884.99,1875.41,1884.32
1770327120,1884.32,1890.33,1875.23,1877.83
1770327180,1877.83,1879.71,1870.44,1872.74
1770327240,1872.74,1873.27,1863.1,1863.67
1770327300,1863.67,1869.89,1862.78,1865.28
1770327360,1865.28,1865.6,1855.45,1858.52
1770327420,1858.52,1863.19,1857.21,1861.02
1770327480,1861.02,1866.12,1860.41,1862.7
1770327540,1862.7,1867.61,1862.53,1866.53
1770327600,1866.53,1871.61,1863.52,1865.08
1770327660,1865.08,1868.04,1861.62,1867.71
1770327720,1867.71,1872.1,1865.6,1869.74
1770327780,1869.74,1869.74,1858.98,1859.72
1770327840,1859.72,1860.6,1850.28,1857.59
1770327900,1857.59,1863.33,1856.4,1858.57
1770327960,1858.57,1863.6,1854.31,1863.4
1770328020,1863.4,1866.59,1861.48,1862.09
1770328080,1862.09,1865.25,1857.49,1858.8
1770328140,1858.8,1858.93,1847.96,1849.43
1770328200,1849.43,1854.8,1844.2,1853.53
1770328260,1853.53,1854.8,1848.16,1851.94
1770328320,1851.94,1854.2,1845.39,1847.55
1770328380,1847.55,1851.7,1843.21,1843.92
1770328440,1843.92,1850.61,1843.09,1848.43
1770328500,1848.43,1853.73,1847.52,1847.59
1770328560,1847.59,1848.23,1838.22,1839.49
1770328620,1839.49,1848.17,1839.48,1844.59
1770328680,1844.59,1848.13,1842.08,1848.12
1770328740,1848.12,1852.1,1847.01,1849.07
1770328800,1849.07,1855.9,1849.06,1853.06
1770328860,1853.06,1856.8,1846.74,1850.33
1770328920,1850.33,1851.99,1845.63,1849.07
1770328980,1849.07,1858.98,1847.81,1848.32
1770329040,1848.32,1852.68,1845.96,1852.43
1770329100,1852.43,1855.94,1847.3,1847.37
1770329160,1847.37,1848.68,1841.92,1842.03
1770329220,1842.03,1843.93,1837.95,1841.03
1770329280,1841.03,1852.62,1826.61,1851.88
1770329340,1851.88,1865.31,1850.02,1863.75
1770329400,1863.75,1869.64,1854.35,1855.76
1770329460,1855.76,1858.22,1852.94,1858.22
1770329520,1858.22,1860,1856,1857.7
1770329580,1857.7,1860.98,1853.2,1855.35
1770329640,1855.35,1855.47,1851.51,1852.8
1770329700,1852.8,1855.87,1845.3,1845.39
1770329760,1845.39,1849.62,1841.9,1843.57
1770329820,1843.57,1844.4,1814.22,1821
1770329880,1821,1827.64,1816.87,1825.07
1770329940,1825.07,1834.79,1818.4,1831.8
1770330000,1831.8,1834.94,1822.6,1827.6
1770330060,1827.6,1833.11,1825.9,1828.29
1770330120,1828.29,1836,1824.5,1826.32
1770330180,1826.32,1831.89,1825.78,1831.57
1770330240,1831.57,1833.79,1827.51,1833.22
1770330300,1833.22,1838.28,1828.87,1833.7
1770330360,1833.7,1838.3,1833.37,1835.4
1770330420,1835.4,1841.82,1834.95,1841.6
1770330480,1841.6,1869.07,1841.51,1866.59
1770330540,1866.59,1880.83,1866.05,1875.15
1770330600,1875.15,1889.27,1874.13,1874.4
1770330660,1874.4,1877.01,1863.06,1866.76
1770330720,1866.76,1871.8,1864.01,1871.07
1770330780,1871.07,1871.62,1858.95,1859.34
1770330840,1859.34,1869.81,1859.13,1865.26
1770330900,1865.26,1867.19,1858.8,1866.24
1770330960,1866.24,1867.84,1862.13,1863.95
1770331020,1863.95,1866.54,1860.48,1863.53
1770331080,1863.53,1866.24,1859.56,1861.5
1770331140,1861.5,1869.68,1861.46,1867.07
1770331200,1867.07,1869.57,1859.77,1866.12
1770331260,1866.12,1874.85,1864.38,1874.85
1770331320,1874.85,1876.59,1870.63,1870.8
1770331380,1870.8,1874.21,1868.03,1874.2
1770331440,1874.2,1875.72,1872.45,1874.16
1770331500,1874.16,1877.83,1873.61,1876.98
1770331560,1876.98,1878.7,1865.59,1866.15
1770331620,1866.15,1866.25,1861.66,1863.99
1770331680,1863.99,1866.15,1861.78,1863.31
1770331740,1863.31,1868.87,1861.35,1868.87
1770331800,1868.87,1870.41,1865.79,1865.8
1770331860,1865.8,1871.1,1864.87,1871.1
1770331920,1871.1,1880,1870.75,1874.83
1770331980,1874.83,1881.22,1872.55,1876.89
1770332040,1876.89,1883.69,1876.24,1877.51
1770332100,1877.51,1877.7,1866.78,1871.94
1770332160,1871.94,1876.26,1870,1875.8
1770332220,1875.8,1879.98,1875.51,1876.54
1770332280,1876.54,1876.54,1873.76,1874.88
1770332340,1874.88,1875.32,1868.71,1869.49
1770332400,1869.49,1871.35,1866.02,1867.6
1770332460,1867.6,1868.61,1861.03,1865.95
1770332520,1865.95,1876.57,1863.75,1876.18
1770332580,1876.18,1894.4,1875.41,1889.1
1770332640,1889.1,1901.59,1886.98,1896.73
1770332700,1896.73,1905.37,1890.04,1890.37
1770332760,1890.37,1895.06,1888.15,1895
1770332820,1895,1895,1889.12,1891.77
1770332880,1891.77,1892.86,1887.39,1891.2
1770332940,1891.2,1902.07,1889.78,1896.76
1770333000,1896.76,1906.97,1896.36,1903.93
1770333060,1903.93,1904.7,1899.1,1903.96
1770333120,1903.96,1905.64,1900.12,1900.84
1770333180,1900.84,1903.1,1897.53,1899.36
1770333240,1899.36,1901.19,1898.08,1898.92
1770333300,1898.92,1903.14,1897.33,1901.12
1770333360,1901.12,1901.25,1891.45,1892.82
1770333420,1892.82,1897.71,1891,1895.98
1770333480,1895.98,1896.45,1891,1892.52
1770333540,1892.52,1892.52,1885.52,1885.87
1770333600,1885.87,1886.78,1880.25,1881.15
1770333660,1881.15,1881.95,1876.77,1879.8
1770333720,1879.8,1879.8,1872.95,1873.9
1770333780,1873.9,1876.24,1871.64,1872.41
1770333840,1872.41,1876.24,1868.81,1870.09
1770333900,1870.09,1878.86,1870.03,1876.13
1770333960,1876.13,1877.8,1871.45,1877.33
1770334020,1877.33,1880.2,1875.91,1878.74
1770334080,1878.74,1882.16,1877.06,1878.02
1770334140,1878.02,1882.17,1877.62,1880.72
1770334200,1880.72,1884.14,1879.2,1879.33
1770334260,1879.33,1887.21,1877.61,1886.51
1770334320,1886.51,1887.71,1877.59,1877.76
1770334380,1877.76,1878.43,1873.71,1873.71
1770334440,1873.71,1874.22,1868.09,1869.51
1770334500,1869.51,1870.16,1854.73,1857.06
1770334560,1857.06,1858.2,1849.49,1853.36
1770334620,1853.36,1854.77,1848,1851.29
1770334680,1851.29,1857.7,1849.71,1853.77
1770334740,1853.77,1857.36,1849.17,1850.11
1770334800,1850.11,1850.76,1844.27,1849.91
1770334860,1849.91,1853.98,1838.43,1842.83
1770334920,1842.83,1846.34,1839.97,1845.95
1770334980,1845.95,1848.94,1842.9,1843.43
1770335040,1843.43,1846.6,1842.9,1843.77
1770335100,1843.77,1846.3,1841.25,1841.91
1770335160,1841.91,1848.52,1841.36,1846.58
1770335220,1846.58,1849.31,1842.32,1845.49
1770335280,1845.49,1845.99,1837.26,1845.02
1770335340,1845.02,1851.54,1844.79,1848.2
1770335400,1848.2,1849.05,1843.2,1848.82
1770335460,1848.82,1848.99,1839.53,1840.11
1770335520,1840.11,1841.35,1819.82,1825.09
1770335580,1825.09,1827.69,1819.44,1822.49
1770335640,1822.49,1825.54,1819.4,1822.83
1770335700,1822.83,1828.29,1822.38,1826.88
1770335760,1826.88,1829.35,1818.54,1826.84
1770335820,1826.84,1829.1,1822.56,1824.31
1770335880,1824.31,1825.74,1819.15,1823.07
1770335940,1823.07,1826.44,1822.14,1825.47
1780617600,1769.77,1769.77,1765.56,1765.74
1780617660,1765.74,1766.99,1764.15,1764.16
1780617720,1764.16,1767.23,1763.71,1766.53
1780617780,1766.53,1768.18,1765.47,1765.47
1780617840,1765.47,1765.47,1763.92,1764.28
1780617900,1764.28,1767.1,1764.24,1765.7
1780617960,1765.7,1767.96,1764.55,1767.86
1780618020,1767.86,1767.86,1764.83,1766.08
1780618080,1766.08,1767.13,1764.02,1766.11
1780618140,1766.11,1767.54,1765.41,1767.24
1780618200,1767.24,1767.78,1765.93,1765.93
1780618260,1765.93,1767.18,1764.82,1765.3
1780618320,1765.3,1765.6,1763.91,1765.18
1780618380,1765.18,1766.67,1763.53,1763.65
1780618440,1763.65,1763.99,1762.2,1762.92
1780618500,1762.92,1763.82,1762.06,1763.41
1780618560,1763.41,1763.97,1761.61,1762.49
1780618620,1762.49,1763.14,1759.5,1760.96
1780618680,1760.96,1760.98,1759.36,1760.84
1780618740,1760.84,1763.37,1760.64,1762.39
1780618800,1762.39,1768.77,1762.39,1766.93
1780618860,1766.93,1767.81,1764.75,1767.46
1780618920,1767.46,1768.11,1765.37,1767.98
1780618980,1767.98,1770,1767.98,1769.56
1780619040,1769.56,1770.08,1767.88,1768.89
1780619100,1768.89,1768.89,1764.62,1764.73
1780619160,1764.73,1766.78,1763.75,1766.68
1780619220,1766.68,1767.8,1764.76,1767.8
1780619280,1767.8,1769.59,1767.55,1769.59
1780619340,1769.59,1772.46,1769.28,1771.88
1780619400,1771.88,1772.43,1770.98,1771.84
1780619460,1771.84,1773.11,1771.39,1772.81
1780619520,1772.81,1774.04,1770.49,1770.61
1780619580,1770.61,1772.81,1769.89,1772.31
1780619640,1772.31,1772.32,1770.11,1770.67
1780619700,1770.67,1770.84,1768.34,1769.15
1780619760,1769.15,1770.32,1768.81,1768.87
1780619820,1768.87,1769.37,1766.9,1768.46
1780619880,1768.46,1769.52,1766.36,1769.22
1780619940,1769.22,1772.76,1768.98,1772.76
1780620000,1772.76,1772.77,1770.89,1771.06
1780620060,1771.06,1771.49,1769.01,1769.05
1780620120,1769.05,1769.3,1767.54,1768.03
1780620180,1768.03,1769.18,1767.37,1769.18
1780620240,1769.18,1769.85,1767.57,1767.78
1780620300,1767.78,1769.57,1766.45,1768.77
1780620360,1768.77,1770.12,1767.7,1770.12
1780620420,1770.12,1770.45,1769.13,1769.58
1780620480,1769.58,1771.39,1769.58,1770.58
1780620540,1770.58,1770.58,1768.94,1769.41
1780620600,1769.41,1769.41,1765.84,1766.34
1780620660,1766.34,1767.08,1765.85,1766.35
1780620720,1766.35,1766.35,1762.1,1762.3
1780620780,1762.3,1763.21,1761.12,1761.39
1780620840,1761.39,1763.57,1761.12,1761.91
1780620900,1761.91,1762.1,1761.01,1761.75
1780620960,1761.75,1762.42,1760.66,1761.84
1780621020,1761.84,1762.4,1760.46,1760.54
1780621080,1760.54,1761,1758.28,1758.28
1780621140,1758.28,1759.12,1757.31,1758.37
1780621200,1758.37,1758.59,1756.2,1756.82
1780621260,1756.82,1756.82,1750.15,1750.98
1780621320,1750.98,1753.05,1750.97,1751.15
1780621380,1751.15,1751.49,1745.5,1748.56
1780621440,1748.56,1750.16,1745.03,1747.26
1780621500,1747.26,1750.95,1747.21,1749.3
1780621560,1749.3,1751.6,1748.12,1750.69
1780621620,1750.69,1754.81,1750.69,1753.34
1780621680,1753.34,1753.34,1749.1,1749.58
1780621740,1749.58,1752.35,1749,1752.16
1780621800,1752.16,1753.19,1749.85,1750.4
1780621860,1750.4,1752.5,1750.07,1751.32
1780621920,1751.32,1754.14,1751.15,1754.12
1780621980,1754.12,1754.44,1750.54,1752.8
1780622040,1752.8,1755.29,1752.8,1755.14
1780622100,1755.14,1755.14,1750.9,1751.83
1780622160,1751.83,1753.39,1750.27,1753.18
1780622220,1753.18,1756.37,1752.22,1756.36
1780622280,1756.36,1757.51,1754.93,1757.22
1780622340,1757.22,1758.46,1755.82,1756.78
1780622400,1756.78,1757.02,1754.65,1755.02
1780622460,1755.02,1756.99,1754.09,1754.3
1780622520,1754.3,1754.34,1748.77,1748.87
1780622580,1748.87,1750,1746.88,1749.69
1780622640,1749.69,1753.63,1749.69,1753.63
1780622700,1753.63,1755.34,1751.96,1752.23
1780622760,1752.23,1753.85,1750.61,1751
1780622820,1751,1753.35,1750.62,1752.92
1780622880,1752.92,1753.6,1751.36,1752.44
1780622940,1752.44,1754.56,1752,1754.56
1780623000,1754.56,1763.61,1754.56,1759.58
1780623060,1759.58,1761.58,1757.88,1761.56
1780623120,1761.56,1761.56,1757,1757.65
1780623180,1757.65,1759.63,1757.54,1759.02
1780623240,1759.02,1759.02,1756.36,1757.49
1780623300,1757.49,1759.04,1756.75,1758.89
1780623360,1758.89,1760.18,1757.98,1758.15
1780623420,1758.15,1758.49,1756.9,1757.45
1780623480,1757.45,1757.45,1751.02,1752.54
1780623540,1752.54,1754.22,1752.54,1753.2
1780623600,1753.2,1754.36,1752.11,1754
1780623660,1754,1754.22,1752.8,1753.75
1780623720,1753.75,1754.28,1751.5,1752
1780623780,1752,1754.58,1751.2,1754.57
1780623840,1754.57,1756.79,1753.12,1756.79
1780623900,1756.79,1756.92,1754.01,1754.32
1780623960,1754.32,1755.6,1753.42,1754.61
1780624020,1754.61,1755.27,1752.9,1755.19
1780624080,1755.19,1755.49,1753.69,1754.72
1780624140,1754.72,1755.81,1753.99,1755.3
1780624200,1755.3,1755.3,1752.28,1752.3
1780624260,1752.3,1754.29,1751.43,1753.14
1780624320,1753.14,1754.22,1751.41,1752.08
1780624380,1752.08,1753.56,1752.03,1753.23
1780624440,1753.23,1753.23,1751.92,1752.5
1780624500,1752.5,1753.76,1750.63,1753.76
1780624560,1753.76,1756.49,1752.8,1755.09
1780624620,1755.09,1756.33,1753.7,1754.03
1780624680,1754.03,1754.31,1751.99,1753.99
1780624740,1753.99,1753.99,1752.15,1752.15
1780624800,1752.15,1753.79,1750.15,1750.42
1780624860,1750.42,1752.3,1747.37,1748.37
1780624920,1748.37,1749.97,1746,1749.5
1780624980,1749.5,1753.33,1749.15,1751.55
1780625040,1751.55,1751.68,1749.59,1750.9
1780625100,1750.9,1750.96,1747.93,1748.16
1780625160,1748.16,1749.14,1746.67,1748.24
1780625220,1748.24,1749.39,1741.23,1744.19
1780625280,1744.19,1745.07,1742.71,1742.73
1780625340,1742.73,1745.99,1742.44,1744.56
1780625400,1744.56,1747.07,1743.6,1746.59
1780625460,1746.59,1746.85,1744.95,1746.17
1780625520,1746.17,1748,1745.77,1747.47
1780625580,1747.47,1748.44,1746.24,1747.33
1780625640,1747.33,1747.46,1746.01,1746.01
1780625700,1746.01,1749.69,1746.01,1748.12
1780625760,1748.12,1749.74,1745.85,1745.86
1780625820,1745.86,1748.3,1744.37,1748.28
1780625880,1748.28,1748.84,1742.69,1743.5
1780625940,1743.5,1744.17,1740.87,1741.94
1780626000,1741.94,1743.09,1736.84,1738.3
1780626060,1738.3,1741.52,1735.94,1738.66
1780626120,1738.66,1739.24,1736.03,1737.68
1780626180,1737.68,1740.59,1737.67,1740.01
1780626240,1740.01,1741.74,1738.51,1741.47
1780626300,1741.47,1742.15,1739.4,1740.04
1780626360,1740.04,1741.73,1739.73,1740.39
1780626420,1740.39,1741.2,1737.4,1738.61
1780626480,1738.61,1738.79,1737,1737.94
1780626540,1737.94,1738.49,1735.15,1735.31
1780626600,1735.31,1736.39,1732.75,1734.69
1780626660,1734.69,1739.75,1734.69,1738.6
1780626720,1738.6,1738.98,1736.66,1738.86
1780626780,1738.86,1739.15,1735.26,1736.24
1780626840,1736.24,1738.72,1735.59,1736.79
1780626900,1736.79,1740.48,1736.42,1740.43
1780626960,1740.43,1740.93,1736.54,1737.25
1780627020,1737.25,1741.2,1736.98,1740.76
1780627080,1740.76,1741.17,1739.17,1739.23
1780627140,1739.23,1740.28,1739.01,1739.54
1780627200,1739.54,1740.12,1737.95,1739.21
1780627260,1739.21,1740.4,1737.79,1738.34
1780627320,1738.34,1738.54,1732,1732
1780627380,1732,1733.3,1726.2,1733.3
1780627440,1733.3,1736.97,1733.3,1734.62
1780627500,1734.62,1739,1734.32,1738.45
1780627560,1738.45,1739.35,1736.8,1736.8
1780627620,1736.8,1738,1735.31,1737.09
1780627680,1737.09,1737.91,1735.81,1736.85
1780627740,1736.85,1737.78,1735.26,1735.94
1780627800,1735.94,1738.87,1734.72,1738.11
1780627860,1738.11,1739.18,1736.37,1736.45
1780627920,1736.45,1736.7,1734.46,1735.83
1780627980,1735.83,1736.7,1735.25,1735.83
1780628040,1735.83,1735.97,1731.41,1731.63
1780628100,1731.63,1733.95,1731.29,1731.78
1780628160,1731.78,1733.32,1730.34,1732.97
1780628220,1732.97,1734.53,1732.24,1732.29
1780628280,1732.29,1732.29,1728.57,1729.38
1780628340,1729.38,1730.24,1728.75,1729.11
1780628400,1729.11,1730.57,1726.56,1727.66
1780628460,1727.66,1727.66,1722.47,1725.34
1780628520,1725.34,1726.22,1723.42,1724.41
1780628580,1724.41,1728.77,1724.4,1726.61
1780628640,1726.61,1728.63,1725.85,1728.07
1780628700,1728.07,1728.07,1723.11,1724.68
1780628760,1724.68,1726.85,1722,1722.59
1780628820,1722.59,1725.05,1722.05,1722.97
1780628880,1722.97,1724.87,1722.1,1723.22
1780628940,1723.22,1725.85,1723.16,1724.75
1780629000,1724.75,1726.32,1723.41,1724.87
1780629060,1724.87,1725,1720.62,1722.43
1780629120,1722.43,1724.68,1722.02,1724.22
1780629180,1724.22,1724.64,1722.48,1723.88
1780629240,1723.88,1724.95,1722.87,1723.22
1780629300,1723.22,1727.74,1723.22,1726.83
1780629360,1726.83,1733.75,1726.69,1731.37
1780629420,1731.37,1736.27,1731.37,1735.83
1780629480,1735.83,1738.51,1735.61,1736.87
1780629540,1736.87,1737.89,1734.81,1736.24
1780629600,1736.24,1736.4,1732.29,1732.72
1780629660,1732.72,1733.8,1730.19,1730.19
1780629720,1730.19,1731.37,1728.77,1731.3
1780629780,1731.3,1733.82,1730.53,1730.53
1780629840,1730.53,1731.39,1729.27,1731.17
1780629900,1731.17,1731.67,1729.28,1730.37
1780629960,1730.37,1730.6,1727.44,1728.07
1780630020,1728.07,1730.2,1727.78,1728
1780630080,1728,1728.65,1725.18,1727
1780630140,1727,1729.4,1727,1729.32
1780630200,1729.32,1734.27,1729.32,1733.58
1780630260,1733.58,1737.49,1733.3,1736.22
1780630320,1736.22,1738.79,1736.15,1736.79
1780630380,1736.79,1737.17,1734.73,1735.54
1780630440,1735.54,1736.64,1735.02,1735.36
1780630500,1735.36,1735.55,1733.57,1735.16
1780630560,1735.16,1735.41,1732.77,1732.94
1780630620,1732.94,1733.76,1730.2,1731.04
1780630680,1731.04,1731.44,1730.26,1730.26
1780630740,1730.26,1733.08,1730.26,1733.08
1780630800,1733.08,1734.21,1731.32,1731.32
1780630860,1731.32,1731.32,1728.75,1729.71
1780630920,1729.71,1730.18,1728.01,1728.89
1780630980,1728.89,1729.94,1727.54,1729.21
1780631040,1729.21,1730.81,1729.21,1730.51
1780631100,1730.51,1732.89,1730.21,1732.68
1780631160,1732.68,1734.96,1730.81,1733.13
1780631220,1733.13,1733.69,1731.01,1733.26
1780631280,1733.26,1733.84,1731.92,1732.29
1780631340,1732.29,1733.15,1731.66,1732.59
1780631400,1732.59,1734.82,1732.4,1733.21
1780631460,1733.21,1733.91,1732.51,1733.7
1780631520,1733.7,1733.8,1731.24,1731.24
1780631580,1731.24,1732.4,1728.69,1729.09
1780631640,1729.09,1731.8,1728.68,1731.57
1780631700,1731.57,1733.39,1730.26,1733.11
1780631760,1733.11,1733.17,1731.81,1731.97
1780631820,1731.97,1732.24,1729.91,1729.91
1780631880,1729.91,1729.91,1727.6,1727.97
1780631940,1727.97,1728.74,1726.45,1728.74
1780632000,1728.74,1729.57,1726.7,1726.7
1780632060,1726.7,1727.89,1725.18,1725.82
1780632120,1725.82,1726.45,1723,1723.3
1780632180,1723.3,1724.28,1722.69,1722.74
1780632240,1722.74,1725.15,1716.53,1722.66
1780632300,1722.66,1723.65,1720.92,1722.28
1780632360,1722.28,1728.53,1722.26,1726.65
1780632420,1726.65,1733.77,1726.65,1732.29
1780632480,1732.29,1734.25,1729.59,1729.83
1780632540,1729.83,1731.99,1728.54,1731.33
1780632600,1731.33,1731.8,1728,1728.53
1780632660,1728.53,1728.72,1725.42,1727.38
1780632720,1727.38,1729.1,1725.37,1725.43
1780632780,1725.43,1726.68,1724.66,1725.28
1780632840,1725.28,1726.1,1724.44,1726.06
1780632900,1726.06,1726.84,1723.44,1723.71
1780632960,1723.71,1725.38,1722.07,1722.35
1780633020,1722.35,1724.19,1721.51,1722.42
1780633080,1722.42,1722.44,1717.53,1720.32
1780633140,1720.32,1721.24,1719.75,1719.99
1780633200,1719.99,1720.49,1718.08,1719.44
1780633260,1719.44,1721.09,1719,1720.42
1780633320,1720.42,1723.96,1720.32,1720.96
1780633380,1720.96,1722.14,1720.49,1721.28
1780633440,1721.28,1723.22,1721.01,1722.74
1780633500,1722.74,1730.76,1722.74,1730.65
1780633560,1730.65,1734.24,1729.16,1732.87
1780633620,1732.87,1734,1731.62,1732.97
1780633680,1732.97,1735.44,1732.58,1735.05
1780633740,1735.05,1735.8,1734.02,1735.71
1780633800,1735.71,1735.8,1728.58,1728.99
1780633860,1728.99,1729.7,1727.01,1728.16
1780633920,1728.16,1730.38,1728.15,1729.9
1780633980,1729.9,1730.66,1728.24,1728.84
1780634040,1728.84,1731.51,1728.36,1731.51
1780634100,1731.51,1733.82,1730.41,1733.82
1780634160,1733.82,1735,1732.5,1732.82
1780634220,1732.82,1734.03,1731.9,1733.24
1780634280,1733.24,1733.26,1731.32,1732.69
1780634340,1732.69,1732.69,1730.17,1731.65
1780634400,1731.65,1732.48,1729.84,1732.48
1780634460,1732.48,1733.18,1731.76,1731.76
1780634520,1731.76,1732.24,1729.22,1730.21
1780634580,1730.21,1730.21,1727.87,1728.52
1780634640,1728.52,1729.59,1728.1,1729.34
1780634700,1729.34,1730.48,1728.73,1730.31
1780634760,1730.31,1730.31,1725.44,1725.6
1780634820,1725.6,1726.08,1724.48,1725.83
1780634880,1725.83,1726.37,1724.2,1724.35
1780634940,1724.35,1726.69,1724.34,1726.36
1780635000,1726.36,1731.66,1726.36,1731.43
1780635060,1731.43,1733.28,1730.41,1732.15
1780635120,1732.15,1733.61,1731.57,1733.6
1780635180,1733.6,1734.15,1732.31,1733.96
1780635240,1733.96,1737.13,1733.96,1736.55
1780635300,1736.55,1736.56,1734.38,1734.7
1780635360,1734.7,1735.75,1733.19,1733.42
1780635420,1733.42,1734.74,1733.35,1734.74
1780635480,1734.74,1742.98,1734.74,1741.87
1780635540,1741.87,1745.38,1741.64,1743.71
1780635600,1743.71,1747.18,1741.26,1741.37
1780635660,1741.37,1742.7,1739.81,1742.26
1780635720,1742.26,1743.46,1740.8,1742.17
1780635780,1742.17,1742.17,1737.53,1738.27
1780635840,1738.27,1739.03,1737.02,1737.4
1780635900,1737.4,1738.8,1736.55,1738.23
1780635960,1738.23,1738.79,1735.25,1736
1780636020,1736,1736.72,1734.67,1735.12
1780636080,1735.12,1735.9,1732.55,1732.79
1780636140,1732.79,1733.3,1731,1731.74
1780636200,1731.74,1732.87,1731.2,1732.86
1780636260,1732.86,1733.56,1732.48,1732.71
1780636320,1732.71,1733.05,1731.01,1731.01
1780636380,1731.01,1732.3,1731,1731.7
1780636440,1731.7,1732.53,1731.58,1731.71
1780636500,1731.71,1732.45,1729.31,1729.62
1780636560,1729.62,1729.62,1727.45,1728.51
1780636620,1728.51,1729.44,1727,1727.36
1780636680,1727.36,1728.34,1725.21,1728.17
1780636740,1728.17,1729.32,1727.89,1728.85
1780636800,1728.85,1731.76,1728.41,1730.54
1780636860,1730.54,1734.58,1730.54,1731.13
1780636920,1731.13,1731.33,1728.17,1729.3
1780636980,1729.3,1731.37,1729.3,1730.2
1780637040,1730.2,1730.47,1729.23,1730.11
1780637100,1730.11,1732.62,1729.28,1731.72
1780637160,1731.72,1734.73,1731.67,1734.41
1780637220,1734.41,1737.6,1733.03,1734.48
1780637280,1734.48,1735.23,1733.76,1734.12
1780637340,1734.12,1735.09,1733.53,1734.28
1780637400,1734.28,1734.98,1733.23,1733.62
1780637460,1733.62,1735,1732.32,1732.33
1780637520,1732.33,1732.37,1729.49,1729.9
1780637580,1729.9,1730.58,1726.8,1727.43
1780637640,1727.43,1728.91,1726.53,1727.16
1780637700,1727.16,1727.17,1720.55,1720.56
1780637760,1720.56,1723.34,1719.07,1720.5
1780637820,1720.5,1721.33,1706.41,1709.64
1780637880,1709.64,1712.92,1709.23,1709.48
1780637940,1709.48,1712.74,1709.47,1711.91
1780638000,1711.91,1713.83,1711.01,1712.04
1780638060,1712.04,1712.05,1702.5,1704.13
1780638120,1704.13,1704.89,1700.89,1703.89
1780638180,1703.89,1705.38,1696.58,1700.03
1780638240,1700.03,1700.9,1696.66,1698.31
1780638300,1698.31,1700.91,1692,1695.73
1780638360,1695.73,1696.95,1691.03,1691.97
1780638420,1691.97,1694.24,1687.17,1693.48
1780638480,1693.48,1698.72,1692.91,1696.52
1780638540,1696.52,1698.88,1696.51,1697.92
1780638600,1697.92,1701.81,1696.38,1699.66
1780638660,1699.66,1701.1,1698.62,1701.05
1780638720,1701.05,1702.97,1698.73,1698.73
1780638780,1698.73,1698.73,1689.93,1692.51
1780638840,1692.51,1694.99,1688.03,1689.36
1780638900,1689.36,1693.88,1688.24,1689.1
1780638960,1689.1,1690.99,1682,1686.38
1780639020,1686.38,1689.3,1679.6,1682.17
1780639080,1682.17,1685.71,1681.55,1684.59
1780639140,1684.59,1684.6,1680.3,1683.21
1780639200,1683.21,1684.26,1676.06,1677.32
1780639260,1677.32,1684.2,1673.68,1678.53
1780639320,1678.53,1681.93,1675.92,1677.19
1780639380,1677.19,1677.36,1665.8,1666.56
1780639440,1666.56,1676.55,1666.56,1675.53
1780639500,1675.53,1683.23,1675.01,1680.11
1780639560,1680.11,1686.28,1679.25,1685.13
1780639620,1685.13,1688.9,1683.37,1686.08
1780639680,1686.08,1687.99,1684.97,1686.22
1780639740,1686.22,1687.85,1680.15,1680.57
1780639800,1680.57,1681.54,1676.21,1678.96
1780639860,1678.96,1683.01,1678,1679.65
1780639920,1679.65,1682.17,1676.84,1677.09
1780639980,1677.09,1677.39,1672.08,1672.2
1780640040,1672.2,1674.04,1669.44,1670.53
1780640100,1670.53,1675.8,1668.66,1669.64
1780640160,1669.64,1671.31,1663.65,1664.22
1780640220,1664.22,1669.26,1663.77,1667.89
1780640280,1667.89,1670.19,1657.61,1658.18
1780640340,1658.18,1663.04,1656.81,1660.91
1780640400,1660.91,1664.96,1654.52,1655.36
1780640460,1655.36,1659.1,1653.51,1656.08
1780640520,1656.08,1656.11,1643.04,1644.5
1780640580,1644.5,1652.18,1640.42,1644.56
1780640640,1644.56,1648.81,1622.06,1639.18
1780640700,1639.18,1642.76,1632,1636.28
1780640760,1636.28,1644.47,1636.28,1642.32
1780640820,1642.32,1651.29,1640.58,1647.77
1780640880,1647.77,1651.55,1646.52,1646.54
1780640940,1646.54,1647.06,1639.15,1643.81
1780641000,1643.81,1648.79,1641.93,1646
1780641060,1646,1649.89,1645.35,1648.93
1780641120,1648.93,1655.8,1648.56,1651.79
1780641180,1651.79,1655.56,1649.37,1653.8
1780641240,1653.8,1654.97,1645.57,1645.71
1780641300,1645.71,1646.28,1642.7,1646.28
1780641360,1646.28,1654,1646.28,1653.89
1780641420,1653.89,1653.89,1646.3,1646.71
1780641480,1646.71,1650.48,1646.71,1649.34
1780641540,1649.34,1654.56,1648.91,1651.35
1780641600,1651.35,1655.35,1650.82,1653.87
1780641660,1653.87,1654.74,1651.15,1653.43
1780641720,1653.43,1655.8,1651.36,1651.86
1780641780,1651.86,1657.74,1649.21,1656.63
1780641840,1656.63,1668.48,1656.63,1663.95
1780641900,1663.95,1665.45,1657.18,1658.09
1780641960,1658.09,1658.14,1654.04,1655.24
1780642020,1655.24,1659.24,1654.91,1659.04
1780642080,1659.04,1663.26,1658.53,1658.75
1780642140,1658.75,1658.95,1654.93,1656.88
1780642200,1656.88,1656.88,1651.67,1656.27
1780642260,1656.27,1658.6,1653.48,1654.52
1780642320,1654.52,1655.87,1652.47,1653.58
1780642380,1653.58,1657.68,1652.56,1657.09
1780642440,1657.09,1659.18,1656.43,1658.25
1780642500,1658.25,1659.61,1656.59,1656.59
1780642560,1656.59,1657.92,1654.75,1654.81
1780642620,1654.81,1657.97,1654.74,1657.97
1780642680,1657.97,1659.14,1654,1655.91
1780642740,1655.91,1656.36,1653.39,1655.46
1780642800,1655.46,1657.26,1653.02,1653.71
1780642860,1653.71,1654.75,1646.2,1647.96
1780642920,1647.96,1649.2,1642.34,1644.3
1780642980,1644.3,1648.57,1642.93,1647.49
1780643040,1647.49,1647.49,1643.68,1644.08
1780643100,1644.08,1646.57,1641.95,1642.14
1780643160,1642.14,1643.69,1636.21,1637.85
1780643220,1637.85,1640.79,1635.1,1639.77
1780643280,1639.77,1645.41,1639.01,1640.47
1780643340,1640.47,1643.19,1639.5,1639.95
1780643400,1639.95,1645.91,1637.23,1638.33
1780643460,1638.33,1640.26,1635.76,1636.07
1780643520,1636.07,1641.22,1632.26,1640.89
1780643580,1640.89,1641.67,1637.78,1638.88
1780643640,1638.88,1639.3,1636.2,1636.97
1780643700,1636.97,1643.21,1636.97,1640.5
1780643760,1640.5,1644.9,1640.5,1644.71
1780643820,1644.71,1645.61,1640.82,1644.66
1780643880,1644.66,1649.32,1644.04,1644.6
1780643940,1644.6,1647.94,1643.61,1644.17
1780644000,1644.17,1645.63,1641.87,1643.21
1780644060,1643.21,1647.78,1642.56,1647.56
1780644120,1647.56,1648.53,1645.81,1647.66
1780644180,1647.66,1652.52,1647.21,1652.07
1780644240,1652.07,1654.92,1647.89,1648.15
1780644300,1648.15,1651.35,1645.75,1650.64
1780644360,1650.64,1656.36,1650.62,1654.64
1780644420,1654.64,1661.24,1654.64,1660.07
1780644480,1660.07,1662.74,1658.09,1658.62
1780644540,1658.62,1658.62,1655.59,1656.75
1780644600,1656.75,1660.49,1655.01,1658.26
1780644660,1658.26,1658.27,1652.27,1653.74
1780644720,1653.74,1660.87,1653.7,1659.45
1780644780,1659.45,1663.63,1658.34,1661.87
1780644840,1661.87,1661.87,1657.78,1658.72
1780644900,1658.72,1662.28,1658.1,1662.28
1780644960,1662.28,1665.7,1659.5,1660.85
1780645020,1660.85,1666.48,1660.85,1666.19
1780645080,1666.19,1669.38,1664.52,1668.09
1780645140,1668.09,1669.13,1665,1667.59
1780645200,1667.59,1668.39,1662.56,1665.51
1780645260,1665.51,1671.27,1665.38,1670.95
1780645320,1670.95,1671.46,1668.82,1669.51
1780645380,1669.51,1671.84,1668.52,1671.27
1780645440,1671.27,1673.6,1668.93,1673.29
1780645500,1673.29,1675.92,1671.63,1675.75
1780645560,1675.75,1678.48,1671,1671.05
1780645620,1671.05,1676.96,1670.04,1676.84
1780645680,1676.84,1679.08,1675.53,1677.57
1780645740,1677.57,1677.74,1673.03,1674.03
1780645800,1674.03,1675.55,1671.68,1671.88
1780645860,1671.88,1677.11,1671.44,1675.74
1780645920,1675.74,1678.19,1674.54,1675.1
1780645980,1675.1,1676.14,1671.31,1673.71
1780646040,1673.71,1675.2,1672.9,1674.12
1780646100,1674.12,1674.81,1670.64,1672
1780646160,1672,1672.96,1671,1671.36
1780646220,1671.36,1674.96,1670.75,1674.57
1780646280,1674.57,1677.04,1673.8,1675.95
1780646340,1675.95,1678.85,1674.74,1677.98
1780646400,1677.98,1678.75,1675.01,1676.24
1780646460,1676.24,1677,1673.71,1675.4
1780646520,1675.4,1675.82,1673.02,1673.23
1780646580,1673.23,1674.58,1671.5,1673.51
1780646640,1673.51,1674.37,1671.99,1672.16
1780646700,1672.16,1672.93,1669.42,1672.05
1780646760,1672.05,1674.77,1671.51,1673.51
1780646820,1673.51,1673.76,1670.47,1671.82
1780646880,1671.82,1671.99,1667.26,1667.47
1780646940,1667.47,1670.45,1666.38,1668.66
1780647000,1668.66,1669.98,1666.09,1666.18
1780647060,1666.18,1668.98,1666.04,1668.38
1780647120,1668.38,1669.04,1667.5,1668.8
1780647180,1668.8,1669.53,1667.66,1668.38
1780647240,1668.38,1668.61,1666.76,1668.55
1780647300,1668.55,1669,1663.33,1663.6
1780647360,1663.6,1667.66,1661.93,1667.22
1780647420,1667.22,1667.22,1662.17,1662.18
1780647480,1662.18,1664.76,1662.17,1663.98
1780647540,1663.98,1664.8,1663.04,1664.61
1780647600,1664.61,1666.9,1664.01,1665.49
1780647660,1665.49,1666.72,1663.64,1666.72
1780647720,1666.72,1668.79,1664.79,1665.71
1780647780,1665.71,1666.49,1664.87,1665.19
1780647840,1665.19,1666.05,1663,1664.45
1780647900,1664.45,1665.3,1663.81,1663.99
1780647960,1663.99,1666.08,1663.79,1666
1780648020,1666,1671.88,1665.53,1671.07
1780648080,1671.07,1671.75,1669.55,1671.5
1780648140,1671.5,1672.93,1670.45,1672.24
1780648200,1672.24,1673.31,1669.58,1671.96
1780648260,1671.96,1674.72,1671.51,1674.24
1780648320,1674.24,1675.61,1671.33,1671.41
1780648380,1671.41,1671.41,1668.63,1669.6
1780648440,1669.6,1670.99,1669.4,1670.04
1780648500,1670.04,1672.51,1669.48,1671.72
1780648560,1671.72,1672.18,1670.25,1670.37
1780648620,1670.37,1670.37,1668.64,1669.87
1780648680,1669.87,1670.99,1667.52,1667.67
1780648740,1667.67,1669.14,1667.56,1668.26
1780648800,1668.26,1669.63,1667.4,1669.63
1780648860,1669.63,1671.46,1669.04,1670.99
1780648920,1670.99,1671.7,1669.36,1669.49
1780648980,1669.49,1669.5,1666.76,1667.43
1780649040,1667.43,1667.68,1665.83,1665.96
1780649100,1665.96,1667.59,1664.65,1665.96
1780649160,1665.96,1666.27,1663.72,1665.46
1780649220,1665.46,1666.41,1664.65,1666.33
1780649280,1666.33,1668.4,1666.19,1666.74
1780649340,1666.74,1668.51,1666.61,1668
1780649400,1668,1668,1665.61,1665.8
1780649460,1665.8,1665.8,1662.64,1662.64
1780649520,1662.64,1664.67,1661.25,1664.22
1780649580,1664.22,1664.22,1660.05,1661.11
1780649640,1661.11,1663.04,1659.2,1661.45
1780649700,1661.45,1661.61,1658.11,1659.7
1780649760,1659.7,1663.2,1659.37,1663.06
1780649820,1663.06,1663.96,1661.93,1662.77
1780649880,1662.77,1664.07,1662.53,1663.7
1780649940,1663.7,1663.94,1662.09,1662.85
1780650000,1662.85,1665.76,1661.67,1663.62
1780650060,1663.62,1665.65,1663.61,1665.65
1780650120,1665.65,1669.72,1665.03,1669.08
1780650180,1669.08,1670.49,1667.48,1668.57
1780650240,1668.57,1670.6,1665.3,1667.4
1780650300,1667.4,1668.7,1666.25,1668.09
1780650360,1668.09,1670.31,1667.8,1670.15
1780650420,1670.15,1670.99,1668.94,1668.94
1780650480,1668.94,1669.39,1666.71,1669.34
1780650540,1669.34,1672.88,1669.3,1671.93
1780650600,1671.93,1672.7,1671.18,1672.47
1780650660,1672.47,1673.26,1671.48,1672.3
1780650720,1672.3,1672.7,1669.67,1669.67
1780650780,1669.67,1685.59,1669.34,1684.87
1780650840,1684.87,1686.85,1681.71,1686.34
1780650900,1686.34,1689.27,1682,1683.36
1780650960,1683.36,1683.89,1679.89,1683.05
1780651020,1683.05,1684.82,1678.94,1679.27
1780651080,1679.27,1680.98,1677.76,1680.38
1780651140,1680.38,1682.99,1679.21,1679.26
1780651200,1679.26,1679.99,1677.25,1679.73
1780651260,1679.73,1680.79,1677.41,1677.93
1780651320,1677.93,1681.67,1675.64,1681.5
1780651380,1681.5,1683.79,1681.24,1683.22
1780651440,1683.22,1683.44,1681.52,1681.96
1780651500,1681.96,1685.25,1681.86,1682.07
1780651560,1682.07,1682.54,1680.65,1682.03
1780651620,1682.03,1682.44,1679.57,1681.73
1780651680,1681.73,1684.8,1681.73,1684.43
1780651740,1684.43,1685,1683.26,1684.1
1780651800,1684.1,1684.61,1681.46,1682.19
1780651860,1682.19,1683.55,1679.12,1679.51
1780651920,1679.51,1684,1679.31,1682.28
1780651980,1682.28,1684.47,1682.02,1682.66
1780652040,1682.66,1684.84,1682.25,1682.92
1780652100,1682.92,1684.53,1682.6,1682.93
1780652160,1682.93,1683.24,1681.9,1681.9
1780652220,1681.9,1683.22,1680.53,1682.3
1780652280,1682.3,1683.86,1680.8,1681.41
1780652340,1681.41,1681.41,1677.12,1677.94
1780652400,1677.94,1678.43,1676.26,1677.79
1780652460,1677.79,1678.69,1676.28,1676.28
1780652520,1676.28,1678.4,1676.27,1677.7
1780652580,1677.7,1677.8,1676.09,1677.1
1780652640,1677.1,1677.62,1676.08,1677.54
1780652700,1677.54,1680,1677.27,1679.71
1780652760,1679.71,1681.4,1679.2,1680.11
1780652820,1680.11,1681.26,1678.25,1680.96
1780652880,1680.96,1681.15,1678.25,1680.72
1780652940,1680.72,1680.86,1678.24,1678.24
1780653000,1678.24,1680.36,1677.08,1680.16
1780653060,1680.16,1683.08,1680.16,1682.9
1780653120,1682.9,1684.81,1682.24,1682.52
1780653180,1682.52,1682.77,1679.28,1679.97
1780653240,1679.97,1680.99,1679.49,1680.25
1780653300,1680.25,1682.64,1680.25,1681.04
1780653360,1681.04,1682.3,1680.53,1682
1780653420,1682,1682.15,1680.78,1681.19
1780653480,1681.19,1681.36,1679.87,1680.52
1780653540,1680.52,1682.28,1679.66,1681.84
1780653600,1681.84,1684.36,1681.3,1683.32
1780653660,1683.32,1683.82,1681.4,1682.32
1780653720,1682.32,1683.51,1679.11,1679.9
1780653780,1679.9,1682.13,1679.8,1679.8
1780653840,1679.8,1680.49,1678.28,1679.92
1780653900,1679.92,1680.24,1676.14,1676.59
1780653960,1676.59,1676.82,1674.39,1675.36
1780654020,1675.36,1676.34,1674.6,1674.98
1780654080,1674.98,1676.23,1674,1675.5
1780654140,1675.5,1676.35,1672.8,1672.8
1780654200,1672.8,1674.13,1671.22,1672.89
1780654260,1672.89,1676.81,1672.24,1675.16
1780654320,1675.16,1676.32,1674.64,1675.94
1780654380,1675.94,1677.9,1675.93,1676.31
1780654440,1676.31,1676.76,1675.2,1676.72
1780654500,1676.72,1676.73,1674.52,1674.52
1780654560,1674.52,1675.7,1672.94,1673.28
1780654620,1673.28,1673.54,1671.91,1672.14
1780654680,1672.14,1672.65,1671.11,1671.61
1780654740,1671.61,1672.3,1671.07,1671.85
1780654800,1671.85,1672.36,1671.35,1671.91
1780654860,1671.91,1675,1671.9,1674.61
1780654920,1674.61,1675.27,1674.04,1674.76
1780654980,1674.76,1675.18,1672.09,1673.91
1780655040,1673.91,1674.81,1673.59,1674
1780655100,1674,1676.62,1674,1675.57
1780655160,1675.57,1675.99,1674.16,1674.81
1780655220,1674.81,1675.09,1674,1674.78
1780655280,1674.78,1674.98,1674.02,1674.62
1780655340,1674.62,1677.45,1674.62,1675.94
1780655400,1675.94,1679.54,1675.93,1678.57
1780655460,1678.57,1679.96,1678.11,1678.93
1780655520,1678.93,1680.73,1678,1680.44
1780655580,1680.44,1681.24,1679.31,1679.92
1780655640,1679.92,1679.98,1678.25,1678.52
1780655700,1678.52,1679.42,1677.36,1677.92
1780655760,1677.92,1678.48,1673.92,1674.92
1780655820,1674.92,1675.2,1673.52,1675.05
1780655880,1675.05,1675.24,1671.51,1672.71
1780655940,1672.71,1674.36,1672.22,1672.62
1780656000,1672.62,1674.51,1672.32,1674.51
1780656060,1674.51,1675.16,1672.51,1672.86
1780656120,1672.86,1673.86,1672.43,1673.63
1780656180,1673.63,1677.31,1673.63,1677.3
1780656240,1677.3,1680.49,1677.03,1679.14
1780656300,1679.14,1679.15,1676.51,1676.79
1780656360,1676.79,1677.91,1675.97,1677.62
1780656420,1677.62,1677.89,1675.42,1676.09
1780656480,1676.09,1677.51,1673.49,1673.65
1780656540,1673.65,1676.09,1673.65,1676.07
1780656600,1676.07,1676.24,1675.43,1675.71
1780656660,1675.71,1676.09,1674.71,1675.29
1780656720,1675.29,1675.62,1671.28,1672.77
1780656780,1672.77,1673.42,1671.62,1673.35
1780656840,1673.35,1674.9,1673.19,1674.9
1780656900,1674.9,1675.02,1673.1,1673.23
1780656960,1673.23,1674.27,1673.22,1674.15
1780657020,1674.15,1675.21,1674.09,1675.09
1780657080,1675.09,1675.48,1673.83,1674.25
1780657140,1674.25,1675.94,1674.13,1675.8
1780657200,1675.8,1676.55,1674.49,1674.49
1780657260,1674.49,1674.49,1671.44,1672.46
1780657320,1672.46,1673.3,1671.57,1673.11
1780657380,1673.11,1673.11,1670.42,1670.91
1780657440,1670.91,1672.09,1668.05,1672.09
1780657500,1672.09,1674.73,1670.93,1671.18
1780657560,1671.18,1672.8,1670.66,1671.46
1780657620,1671.46,1672.39,1669.93,1671.16
1780657680,1671.16,1671.16,1668.91,1669.67
1780657740,1669.67,1670.45,1667.4,1668.79
1780657800,1668.79,1669.29,1666.75,1668.53
1780657860,1668.53,1670.07,1667.61,1670.07
1780657920,1670.07,1670.08,1668.54,1669.13
1780657980,1669.13,1669.48,1668.53,1668.54
1780658040,1668.54,1670,1668.4,1669.15
1780658100,1669.15,1669.45,1667.16,1667.48
1780658160,1667.48,1671.72,1667.3,1671.36
1780658220,1671.36,1674.26,1670.77,1673.37
1780658280,1673.37,1676,1673.26,1675.86
1780658340,1675.86,1676.53,1674.36,1675.77
1780658400,1675.77,1677.87,1674.45,1677.87
1780658460,1677.87,1678.3,1676.14,1676.91
1780658520,1676.91,1680.72,1676.52,1679.8
1780658580,1679.8,1680.8,1678.08,1678.28
1780658640,1678.28,1678.64,1671.25,1672.54
1780658700,1672.54,1673.98,1672.17,1673.21
1780658760,1673.21,1674.72,1671.5,1674.31
1780658820,1674.31,1676.24,1674.1,1675.84
1780658880,1675.84,1678.48,1675.84,1676.8
1780658940,1676.8,1677.41,1675.99,1676.91
1780659000,1676.91,1678.03,1676.22,1677.51
1780659060,1677.51,1677.51,1673,1673.29
1780659120,1673.29,1673.63,1670.09,1671.42
1780659180,1671.42,1673.57,1670.67,1673.24
1780659240,1673.24,1673.83,1672.27,1672.73
1780659300,1672.73,1674.66,1672.73,1674.34
1780659360,1674.34,1674.34,1672.31,1672.88
1780659420,1672.88,1673.21,1671.36,1672.72
1780659480,1672.72,1673.5,1671.49,1673.24
1780659540,1673.24,1673.29,1670.74,1672.02
1780659600,1672.02,1672.55,1669.81,1670.76
1780659660,1670.76,1671.41,1669.98,1670.74
1780659720,1670.74,1671.65,1670,1670.3
1780659780,1670.3,1670.3,1668.46,1668.47
1780659840,1668.47,1668.6,1666.32,1666.56
1780659900,1666.56,1667.55,1662.32,1664.4
1780659960,1664.4,1668.78,1664.39,1668.16
1780660020,1668.16,1668.38,1666.75,1666.75
1780660080,1666.75,1670.46,1666.53,1669.46
1780660140,1669.46,1669.46,1666.73,1667.33
1780660200,1667.33,1669.53,1667.32,1668.96
1780660260,1668.96,1669.48,1667.35,1669.02
1780660320,1669.02,1669.76,1667.34,1667.45
1780660380,1667.45,1668.78,1666.24,1667.31
1780660440,1667.31,1667.52,1663.34,1663.34
1780660500,1663.34,1665.11,1663.02,1664.8
1780660560,1664.8,1666.13,1664.24,1665.48
1780660620,1665.48,1665.49,1664.27,1664.9
1780660680,1664.9,1666.32,1664.64,1665.36
1780660740,1665.36,1665.5,1661.75,1662.16
1780660800,1662.16,1663.63,1660.88,1662.91
1780660860,1662.91,1662.93,1656.6,1657.6
1780660920,1657.6,1660.53,1656.22,1658.57
1780660980,1658.57,1659.87,1651.66,1653.9
1780661040,1653.9,1653.94,1650.77,1651.13
1780661100,1651.13,1655.05,1651.12,1654.54
1780661160,1654.54,1665.89,1654.17,1665.45
1780661220,1665.45,1668.15,1663.77,1665.67
1780661280,1665.67,1666.93,1661.56,1662.06
1780661340,1662.06,1662.39,1659.01,1659.69
1780661400,1659.69,1662.95,1658.17,1662.95
1780661460,1662.95,1665.51,1659.69,1659.83
1780661520,1659.83,1661.18,1659.38,1659.96
1780661580,1659.96,1661.85,1659.45,1661.3
1780661640,1661.3,1661.3,1659.09,1659.45
1780661700,1659.45,1662.93,1659.44,1662.21
1780661760,1662.21,1662.22,1659.25,1661.77
1780661820,1661.77,1663.74,1661.59,1663.02
1780661880,1663.02,1665.78,1661.45,1665.12
1780661940,1665.12,1666.54,1664.27,1665.49
1780662000,1665.49,1666.11,1660.51,1661.37
1780662060,1661.37,1662.58,1660.64,1661.22
1780662120,1661.22,1663.51,1659.21,1663.3
1780662180,1663.3,1666.52,1662.91,1666.52
1780662240,1666.52,1671,1665.4,1667.56
1780662300,1667.56,1667.56,1664,1665.49
1780662360,1665.49,1665.98,1664.19,1665.47
1780662420,1665.47,1665.47,1663.12,1663.12
1780662480,1663.12,1664.1,1660.84,1662.18
1780662540,1662.18,1663.52,1660,1663.27
1780662600,1663.27,1670.34,1657.52,1659.81
1780662660,1659.81,1659.85,1648.88,1655.16
1780662720,1655.16,1658.26,1652.48,1656.7
1780662780,1656.7,1658.02,1653.23,1654.6
1780662840,1654.6,1655.59,1649.71,1650.03
1780662900,1650.03,1651.28,1646.39,1646.89
1780662960,1646.89,1650.72,1644.7,1650.22
1780663020,1650.22,1656.21,1650.22,1656.21
1780663080,1656.21,1656.48,1653.28,1655.64
1780663140,1655.64,1658.33,1652.58,1652.85
1780663200,1652.85,1653.96,1650.53,1652.86
1780663260,1652.86,1655.63,1652.86,1653.42
1780663320,1653.42,1653.84,1651.96,1653.81
1780663380,1653.81,1659.39,1653.25,1658.66
1780663440,1658.66,1658.74,1654.8,1655.26
1780663500,1655.26,1658.4,1655.26,1656.1
1780663560,1656.1,1656.1,1652.6,1654.33
1780663620,1654.33,1655.74,1652.89,1653.41
1780663680,1653.41,1656.56,1653.17,1656.08
1780663740,1656.08,1656.7,1654.17,1654.47
1780663800,1654.47,1655.33,1651.19,1652.14
1780663860,1652.14,1652.99,1650.71,1651.46
1780663920,1651.46,1655.49,1651.45,1654.72
1780663980,1654.72,1657.42,1653.74,1653.77
1780664040,1653.77,1654.48,1652.74,1653.66
1780664100,1653.66,1655.99,1651.85,1655.73
1780664160,1655.73,1656.96,1654.4,1655.75
1780664220,1655.75,1657.06,1655.47,1655.64
1780664280,1655.64,1658.06,1654.39,1656.55
1780664340,1656.55,1657.34,1654.91,1655.92
1780664400,1655.92,1660.16,1655.59,1659.69
1780664460,1659.69,1662.56,1658.95,1662.03
1780664520,1662.03,1663.32,1659.84,1659.89
1780664580,1659.89,1665.16,1659.88,1664.2
1780664640,1664.2,1666.96,1663.1,1666.16
1780664700,1666.16,1671.76,1665.14,1667.42
1780664760,1667.42,1667.65,1664.12,1666.85
1780664820,1666.85,1668.4,1665.92,1667.15
1780664880,1667.15,1668.85,1664.73,1664.82
1780664940,1664.82,1666.55,1664.51,1665.73
1780665000,1665.73,1667.87,1665.03,1666.04
1780665060,1666.04,1666.14,1663.2,1665
1780665120,1665,1666.97,1664.16,1664.55
1780665180,1664.55,1667.17,1664.21,1666.79
1780665240,1666.79,1667.3,1665.34,1665.77
1780665300,1665.77,1666.6,1663.37,1663.67
1780665360,1663.67,1665.46,1663.1,1664.32
1780665420,1664.32,1667.11,1663.1,1666.07
1780665480,1666.07,1668.21,1665.72,1667.34
1780665540,1667.34,1667.37,1665.48,1666
1780665600,1666,1673.58,1665.78,1672.48
1780665660,1672.48,1673.35,1670.58,1671.06
1780665720,1671.06,1671.06,1667.64,1668.62
1780665780,1668.62,1668.76,1665.94,1666.58
1780665840,1666.58,1668.19,1666.17,1666.73
1780665900,1666.73,1670.61,1666.04,1668.64
1780665960,1668.64,1669.99,1667.98,1667.98
1780666020,1667.98,1669.94,1666.56,1667.72
1780666080,1667.72,1669.5,1666.09,1666.39
1780666140,1666.39,1666.48,1664.4,1664.4
1780666200,1664.4,1664.4,1660.8,1661.19
1780666260,1661.19,1669.78,1660.57,1669.47
1780666320,1669.47,1671.36,1667.73,1669.01
1780666380,1669.01,1671.79,1668.29,1671.16
1780666440,1671.16,1677.23,1670.42,1671.99
1780666500,1671.99,1675.93,1670.42,1674.51
1780666560,1674.51,1674.67,1669.45,1670.16
1780666620,1670.16,1670.23,1664.61,1665.16
1780666680,1665.16,1665.92,1661.27,1661.35
1780666740,1661.35,1663.24,1658.48,1659.93
1780666800,1659.93,1661.96,1657.46,1658.39
1780666860,1658.39,1658.57,1653.69,1654.13
1780666920,1654.13,1656.1,1652.93,1653.24
1780666980,1653.24,1657.7,1653.24,1655.77
1780667040,1655.77,1656.23,1651.14,1654.18
1780667100,1654.18,1655.94,1648.06,1650.02
1780667160,1650.02,1653.37,1649.7,1651.07
1780667220,1651.07,1651.55,1646.68,1646.69
1780667280,1646.69,1647.36,1642.5,1642.66
1780667340,1642.66,1644.48,1636.78,1638.15
1780667400,1638.15,1640.89,1636.8,1640.67
1780667460,1640.67,1642.66,1634.39,1634.57
1780667520,1634.57,1638.59,1631.15,1634.25
1780667580,1634.25,1634.45,1627.17,1631.1
1780667640,1631.1,1632.18,1628.56,1631.77
1780667700,1631.77,1633.75,1625.91,1626.58
1780667760,1626.58,1627.77,1620.24,1622.83
1780667820,1622.83,1623.09,1612,1615.83
1780667880,1615.83,1620.55,1615.21,1617.85
1780667940,1617.85,1618.73,1613.59,1613.64
1780668000,1613.64,1623.2,1613.35,1623.04
1780668060,1623.04,1623.45,1608.32,1614.18
1780668120,1614.18,1622.68,1614.06,1617.44
1780668180,1617.44,1618.22,1610.59,1612.35
1780668240,1612.35,1612.47,1605,1605.67
1780668300,1605.67,1612.17,1605.55,1605.55
1780668360,1605.55,1609.06,1589.98,1600.19
1780668420,1600.19,1609.93,1598.37,1603.79
1780668480,1603.79,1613.79,1603.45,1613.68
1780668540,1613.68,1619.28,1611.53,1618.75
1780668600,1618.75,1619.92,1611.76,1612.02
1780668660,1612.02,1612.81,1600.6,1604.15
1780668720,1604.15,1607.25,1602,1606.99
1780668780,1606.99,1613.26,1606.31,1610.46
1780668840,1610.46,1614.67,1609.39,1614.66
1780668900,1614.66,1618.89,1613.21,1618.8
1780668960,1618.8,1621.77,1614.7,1614.71
1780669020,1614.71,1617.26,1612.22,1615
1780669080,1615,1615.24,1608.11,1609.33
1780669140,1609.33,1614.47,1609.25,1613.2
1780669200,1613.2,1616.08,1611.62,1613.76
1780669260,1613.76,1616.22,1610.62,1611.48
1780669320,1611.48,1612.05,1605.38,1606.72
1780669380,1606.72,1607.48,1605.68,1605.69
1780669440,1605.69,1607.51,1600.89,1603.27
1780669500,1603.27,1604.75,1601.45,1601.72
1780669560,1601.72,1601.97,1595.19,1597.85
1780669620,1597.85,1604.69,1596.65,1600.78
1780669680,1600.78,1601.03,1598.31,1600.08
1780669740,1600.08,1602.8,1597.73,1602.3
1780669800,1602.3,1606.73,1599.07,1601.36
1780669860,1601.36,1603.22,1598.34,1599.97
1780669920,1599.97,1600.15,1595.13,1595.2
1780669980,1595.2,1600.49,1595.2,1598.87
1780670040,1598.87,1612.71,1598.52,1612.58
1780670100,1612.58,1617.6,1605.85,1617.36
1780670160,1617.36,1620.81,1611.36,1618.31
1780670220,1618.31,1622.97,1616.17,1620.6
1780670280,1620.6,1622,1612.77,1613.36
1780670340,1613.36,1615.88,1611.59,1611.84
1780670400,1611.84,1614.2,1609.59,1614.2
1780670460,1614.2,1615.9,1611.54,1615.9
1780670520,1615.9,1617.91,1612.92,1616.04
1780670580,1616.04,1617.3,1611,1611.43
1780670640,1611.43,1611.43,1605,1608.63
1780670700,1608.63,1615.37,1608.61,1614.89
1780670760,1614.89,1617.39,1609.04,1609.54
1780670820,1609.54,1609.97,1605.44,1605.97
1780670880,1605.97,1609.36,1604.37,1605.52
1780670940,1605.52,1605.56,1601.31,1601.31
1780671000,1601.31,1605.56,1598.48,1605.56
1780671060,1605.56,1608.97,1604.89,1608.42
1780671120,1608.42,1608.42,1601.19,1603.47
1780671180,1603.47,1603.94,1598.94,1600.19
1780671240,1600.19,1601.19,1598.49,1598.49
1780671300,1598.49,1599.65,1594.3,1598.24
1780671360,1598.24,1601.68,1596.93,1599.77
1780671420,1599.77,1605.47,1599.06,1602.45
1780671480,1602.45,1602.45,1597.92,1598.56
1780671540,1598.56,1601.6,1598.45,1599.81
1780671600,1599.81,1601.97,1593.1,1593.44
1780671660,1593.44,1598.91,1585,1596.93
1780671720,1596.93,1596.93,1590.5,1594.98
1780671780,1594.98,1599.74,1594.46,1598.43
1780671840,1598.43,1601.99,1596.24,1599.12
1780671900,1599.12,1599.45,1591.98,1592.21
1780671960,1592.21,1595.09,1591,1594.07
1780672020,1594.07,1594.53,1591.46,1593.82
1780672080,1593.82,1594,1587.36,1587.95
1780672140,1587.95,1589.64,1582.99,1589.38
1780672200,1589.38,1590.88,1586.99,1587.56
1780672260,1587.56,1589.36,1583.68,1583.68
1780672320,1583.68,1585.82,1579.27,1580.21
1780672380,1580.21,1584.85,1578.12,1583.11
1780672440,1583.11,1584.18,1580.08,1583.14
1780672500,1583.14,1583.67,1578.76,1579.83
1780672560,1579.83,1587.33,1579.83,1585.08
1780672620,1585.08,1590.61,1583.21,1589.69
1780672680,1589.69,1592.67,1587.37,1590.76
1780672740,1590.76,1592.75,1588.87,1591.74
1780672800,1591.74,1593.59,1585.47,1585.59
1780672860,1585.59,1590.53,1584.8,1590.17
1780672920,1590.17,1590.2,1586.8,1588.61
1780672980,1588.61,1596,1588.61,1593.88
1780673040,1593.88,1596.25,1593.28,1594.19
1780673100,1594.19,1601.29,1593.85,1599.37
1780673160,1599.37,1603.56,1598.05,1601.01
1780673220,1601.01,1602.81,1596.32,1596.95
1780673280,1596.95,1596.95,1591.19,1592.4
1780673340,1592.4,1595.37,1590.42,1593.58
1780673400,1593.58,1596.33,1591.47,1596.1
1780673460,1596.1,1597.8,1592.62,1594.74
1780673520,1594.74,1595.91,1585.96,1586.44
1780673580,1586.44,1588.61,1585.08,1585.93
1780673640,1585.93,1589.21,1585.93,1588.89
1780673700,1588.89,1592.1,1587.34,1588.18
1780673760,1588.18,1589.1,1581.05,1582.13
1780673820,1582.13,1583.74,1578.96,1583.19
1780673880,1583.19,1584.96,1580.28,1583.27
1780673940,1583.27,1584.29,1573.73,1575.8
1780674000,1575.8,1577.71,1573.4,1575.25
1780674060,1575.25,1575.45,1570.82,1575.45
1780674120,1575.45,1585.29,1575.18,1585.29
1780674180,1585.29,1587.12,1584.48,1586.27
1780674240,1586.27,1587.03,1581.38,1584.04
1780674300,1584.04,1584.8,1577.58,1579.16
1780674360,1579.16,1579.71,1576.77,1579.52
1780674420,1579.52,1581.58,1575.51,1576.01
1780674480,1576.01,1578.33,1574.58,1578.18
1780674540,1578.18,1588.46,1577.54,1586.95
1780674600,1586.95,1586.96,1582.2,1584.51
1780674660,1584.51,1586.67,1583.5,1584
1780674720,1584,1584.57,1581.76,1582.96
1780674780,1582.96,1585.81,1582.29,1582.72
1780674840,1582.72,1584.96,1580.86,1581.81
1780674900,1581.81,1585.21,1581.46,1584.59
1780674960,1584.59,1587.19,1582.97,1583.68
1780675020,1583.68,1585.55,1581.71,1585.37
1780675080,1585.37,1585.55,1582.15,1583.15
1780675140,1583.15,1584.53,1581.24,1582.27
1780675200,1582.27,1582.27,1572.6,1573.24
1780675260,1573.24,1574.84,1570.56,1572.86
1780675320,1572.86,1575.83,1566.6,1574.58
1780675380,1574.58,1575.81,1572.25,1575
1780675440,1575,1575.55,1571.35,1574.73
1780675500,1574.73,1574.97,1569.86,1572.51
1780675560,1572.51,1579.6,1571.05,1579.05
1780675620,1579.05,1579.79,1571.65,1572.96
1780675680,1572.96,1573.76,1562.71,1563.31
1780675740,1563.31,1565.44,1555.92,1560.45
1780675800,1560.45,1561.81,1552.87,1553.44
1780675860,1553.44,1556.93,1548.16,1549.6
1780675920,1549.6,1564.96,1546.16,1564.31
1780675980,1564.31,1580.33,1561.28,1579.61
1780676040,1579.61,1592.71,1579.5,1586.49
1780676100,1586.49,1598.73,1580.47,1594.86
1780676160,1594.86,1594.93,1584.24,1588.28
1780676220,1588.28,1588.28,1581,1584.51
1780676280,1584.51,1603.25,1582.98,1595.62
1780676340,1595.62,1595.72,1590,1591.42
1780676400,1591.42,1596.47,1589.89,1592.97
1780676460,1592.97,1607.63,1592.37,1605.35
1780676520,1605.35,1608.32,1601.26,1604.68
1780676580,1604.68,1606.25,1596.41,1597.54
1780676640,1597.54,1601.61,1594.02,1599.39
1780676700,1599.39,1600.34,1595.38,1598.61
1780676760,1598.61,1599.92,1595.02,1598.08
1780676820,1598.08,1602.86,1597.56,1600.63
1780676880,1600.63,1600.63,1594.17,1595.44
1780676940,1595.44,1595.99,1590.91,1593.15
1780677000,1593.15,1595.96,1591.54,1595.18
1780677060,1595.18,1596.38,1591.95,1593.71
1780677120,1593.71,1593.84,1587.62,1588.27
1780677180,1588.27,1590.95,1583.45,1584.57
1780677240,1584.57,1585.43,1581.44,1583.68
1780677300,1583.68,1588.79,1582.99,1587.96
1780677360,1587.96,1588.32,1584.35,1585.5
1780677420,1585.5,1588.25,1583.88,1587.04
1780677480,1587.04,1590.84,1586.27,1588.84
1780677540,1588.84,1588.85,1583.9,1587.88
1780677600,1587.88,1588.23,1584.75,1586.93
1780677660,1586.93,1587.54,1585.01,1586.27
1780677720,1586.27,1586.29,1581.87,1582.47
1780677780,1582.47,1583.21,1578.11,1582.59
1780677840,1582.59,1583.83,1580.72,1582.27
1780677900,1582.27,1587.84,1581.93,1583.67
1780677960,1583.67,1588.94,1583.67,1587.38
1780678020,1587.38,1588.42,1584.16,1588.42
1780678080,1588.42,1593.2,1586.47,1592.97
1780678140,1592.97,1599.66,1590.12,1597.43
1780678200,1597.43,1601.43,1595.3,1599.52
1780678260,1599.52,1603.41,1597.28,1602
1780678320,1602,1604.85,1599.23,1604.28
1780678380,1604.28,1604.28,1600.6,1602.16
1780678440,1602.16,1604.86,1601.81,1604.47
1780678500,1604.47,1607.31,1601.59,1603.89
1780678560,1603.89,1608.16,1602.3,1604.89
1780678620,1604.89,1611.27,1603.91,1609.1
1780678680,1609.1,1611.72,1606.29,1611.65
1780678740,1611.65,1611.65,1607.22,1607.76
1780678800,1607.76,1612.16,1607.49,1609.37
1780678860,1609.37,1610.31,1603.03,1603.23
1780678920,1603.23,1604.63,1601.52,1601.74
1780678980,1601.74,1608.2,1600.65,1607.41
1780679040,1607.41,1611,1605.62,1609.8
1780679100,1609.8,1609.8,1605.92,1606.79
1780679160,1606.79,1606.84,1602.25,1603.51
1780679220,1603.51,1606.24,1603.13,1605.17
1780679280,1605.17,1609.41,1603.78,1609.41
1780679340,1609.41,1610.69,1607.47,1607.92
1780679400,1607.92,1608.07,1605.29,1605.5
1780679460,1605.5,1606.13,1595.99,1596.06
1780679520,1596.06,1599.7,1594.07,1597.39
1780679580,1597.39,1599.65,1595.93,1598.23
1780679640,1598.23,1600.49,1597.03,1598.8
1780679700,1598.8,1599.49,1594.35,1595.1
1780679760,1595.1,1595.1,1591.02,1591.87
1780679820,1591.87,1593.39,1587.72,1591
1780679880,1591,1592.24,1588.95,1588.95
1780679940,1588.95,1591.28,1588.19,1589.92
1780680000,1589.92,1590.8,1588.25,1589.05
1780680060,1589.05,1593.8,1588.94,1592.24
1780680120,1592.24,1596.79,1591.61,1595.11
1780680180,1595.11,1596.55,1590.4,1591.34
1780680240,1591.34,1591.34,1587.46,1590.45
1780680300,1590.45,1591.78,1586.72,1587.39
1780680360,1587.39,1589.26,1586.73,1589.18
1780680420,1589.18,1589.69,1587.38,1589.05
1780680480,1589.05,1592,1588.77,1588.86
1780680540,1588.86,1589.26,1587.04,1588.36
1780680600,1588.36,1590.96,1587.85,1590.5
1780680660,1590.5,1591.39,1589.58,1590.87
1780680720,1590.87,1590.95,1587.12,1590.06
1780680780,1590.06,1592.04,1588.95,1591.55
1780680840,1591.55,1593.61,1590.55,1593.42
1780680900,1593.42,1593.71,1590.09,1590.99
1780680960,1590.99,1592.93,1589.43,1589.99
1780681020,1589.99,1594.75,1589.99,1592.96
1780681080,1592.96,1594.7,1591.75,1593.9
1780681140,1593.9,1596.07,1592.7,1595.18
1780681200,1595.18,1603.1,1595.02,1601.01
1780681260,1601.01,1601.01,1595.33,1596.11
1780681320,1596.11,1598.22,1595.02,1597.63
1780681380,1597.63,1599.06,1596.33,1597.33
1780681440,1597.33,1598.08,1591.14,1592.07
1780681500,1592.07,1594.58,1591.53,1593.18
1780681560,1593.18,1593.42,1590,1590.01
1780681620,1590.01,1592.73,1589.56,1592.49
1780681680,1592.49,1592.5,1589.57,1590.49
1780681740,1590.49,1591.16,1588.17,1588.82
1780681800,1588.82,1591.71,1588.65,1591.67
1780681860,1591.67,1592.67,1588.67,1590.61
1780681920,1590.61,1592.84,1589.9,1592.84
1780681980,1592.84,1594.56,1591.07,1593.56
1780682040,1593.56,1593.59,1591.37,1592.82
1780682100,1592.82,1593.07,1588.25,1588.98
1780682160,1588.98,1592.63,1588.76,1591.26
1780682220,1591.26,1592.84,1591.05,1592.17
1780682280,1592.17,1593.52,1592.08,1592.74
1780682340,1592.74,1593.63,1591.98,1593.33
1780682400,1593.33,1597.18,1592.96,1596.44
1780682460,1596.44,1597.76,1595.17,1597.76
1780682520,1597.76,1597.77,1593.75,1594.34
1780682580,1594.34,1594.39,1590.17,1591.53
1780682640,1591.53,1592.52,1590.81,1591.4
1780682700,1591.4,1593.95,1590.42,1593.39
1780682760,1593.39,1597.5,1593.32,1596.66
1780682820,1596.66,1597.88,1595.37,1596.7
1780682880,1596.7,1596.7,1592.81,1593.25
1780682940,1593.25,1594.31,1591.02,1591.52
1780683000,1591.52,1592.32,1588.81,1589
1780683060,1589,1591.69,1588.99,1591.55
1780683120,1591.55,1592.02,1589.14,1590.85
1780683180,1590.85,1593.69,1590.85,1592.24
1780683240,1592.24,1592.24,1587.6,1588.16
1780683300,1588.16,1588.92,1584.59,1585.67
1780683360,1585.67,1588.03,1585,1587.95
1780683420,1587.95,1589,1586.57,1588.6
1780683480,1588.6,1589.27,1584.81,1585.62
1780683540,1585.62,1585.73,1582.06,1582.99
1780683600,1582.99,1584.51,1578.93,1584.47
1780683660,1584.47,1585.39,1576.24,1579.29
1780683720,1579.29,1580.47,1576.47,1577.43
1780683780,1577.43,1579.67,1574.03,1575.91
1780683840,1575.91,1576.91,1573.36,1575.06
1780683900,1575.06,1576.59,1574.31,1575.21
1780683960,1575.21,1575.21,1567.52,1568.72
1780684020,1568.72,1569.94,1567.32,1569.39
1780684080,1569.39,1570.72,1565.29,1566.7
1780684140,1566.7,1567.35,1562,1564.2
1780684200,1564.2,1565.4,1560.64,1562.47
1780684260,1562.47,1569.8,1562.47,1567.38
1780684320,1567.38,1567.93,1563.99,1565.66
1780684380,1565.66,1569.5,1565.28,1567.78
1780684440,1567.78,1569.19,1566.73,1568.45
1780684500,1568.45,1569.26,1566.24,1566.24
1780684560,1566.24,1566.38,1563.77,1564.21
1780684620,1564.21,1564.46,1557.29,1564.17
1780684680,1564.17,1565.35,1561.43,1562.76
1780684740,1562.76,1570.5,1562.76,1569.97
1780684800,1569.97,1575,1569.96,1573.05
1780684860,1573.05,1573.05,1565.25,1565.79
1780684920,1565.79,1566.1,1562.52,1562.69
1780684980,1562.69,1564.29,1558.36,1559.11
1780685040,1559.11,1564.21,1552.85,1563.81
1780685100,1563.81,1565.17,1558.92,1559.16
1780685160,1559.16,1560.56,1557.38,1558.83
1780685220,1558.83,1559.76,1555.32,1557.82
1780685280,1557.82,1558.64,1555.15,1556.11
1780685340,1556.11,1561.66,1555.93,1559.52
1780685400,1559.52,1561.1,1558,1558.99
1780685460,1558.99,1560.14,1548.53,1551.45
1780685520,1551.45,1553.07,1544.29,1548.13
1780685580,1548.13,1555.4,1547.62,1550.53
1780685640,1550.53,1551.76,1546.73,1549.3
1780685700,1549.3,1554,1545.4,1552.89
1780685760,1552.89,1560.57,1550.65,1558.84
1780685820,1558.84,1559.72,1553.99,1555.01
1780685880,1555.01,1555.76,1549.63,1551.04
1780685940,1551.04,1554.69,1550.71,1551.97
1780686000,1551.97,1553.17,1541.37,1546.63
1780686060,1546.63,1548.98,1542.66,1548.71
1780686120,1548.71,1555,1547.45,1552.38
1780686180,1552.38,1557.12,1552.32,1554.85
1780686240,1554.85,1555.81,1548.49,1550.82
1780686300,1550.82,1554.1,1547.22,1551.62
1780686360,1551.62,1553.08,1548.16,1548.16
1780686420,1548.16,1549.31,1545.76,1546.87
1780686480,1546.87,1549.01,1546.23,1547.79
1780686540,1547.79,1553.65,1547.41,1553.41
1780686600,1553.41,1556.37,1552.22,1555.92
1780686660,1555.92,1559.97,1553.1,1554.02
1780686720,1554.02,1555.07,1548.71,1548.75
1780686780,1548.75,1552.93,1548.19,1550.01
1780686840,1550.01,1552.25,1548.64,1550.1
1780686900,1550.1,1550.1,1546.11,1546.84
1780686960,1546.84,1547.89,1538.32,1547.31
1780687020,1547.31,1549.14,1539.19,1539.69
1780687080,1539.69,1546.16,1539.41,1545.19
1780687140,1545.19,1546.92,1542,1544.59
1780687200,1544.59,1552.63,1543.29,1552.51
1780687260,1552.51,1552.51,1548.36,1551.93
1780687320,1551.93,1554.03,1548.4,1549.58
1780687380,1549.58,1551.55,1548.18,1549.85
1780687440,1549.85,1553.56,1549.05,1553.56
1780687500,1553.56,1555.6,1551.03,1554.89
1780687560,1554.89,1557.36,1554.7,1555.5
1780687620,1555.5,1559.87,1555.17,1559.64
1780687680,1559.64,1560.62,1558.79,1559.57
1780687740,1559.57,1560.15,1557.28,1559.85
1780687800,1559.85,1560.49,1556.02,1556.02
1780687860,1556.02,1556.02,1549.03,1549.46
1780687920,1549.46,1549.96,1544.38,1545.44
1780687980,1545.44,1550,1545.07,1547.28
1780688040,1547.28,1550.43,1546.14,1549.79
1780688100,1549.79,1553.64,1548.94,1553.01
1780688160,1553.01,1553.12,1548.62,1550.39
1780688220,1550.39,1554.13,1548.01,1554.08
1780688280,1554.08,1554.86,1552.29,1554.65
1780688340,1554.65,1555,1553.06,1554.45
1780688400,1554.45,1559.11,1552.78,1552.79
1780688460,1552.79,1553.18,1545.84,1549.35
1780688520,1549.35,1550.57,1548.48,1550.12
1780688580,1550.12,1550.22,1547.47,1548.72
1780688640,1548.72,1554.15,1548.72,1552.26
1780688700,1552.26,1560,1552.07,1559.94
1780688760,1559.94,1575,1558.25,1567
1780688820,1567,1574.97,1566.68,1574.46
1780688880,1574.46,1579.6,1572.29,1575.08
1780688940,1575.08,1575.45,1573.05,1573.3
1780689000,1573.3,1576.44,1570.54,1575.34
1780689060,1575.34,1578.63,1572.77,1574.15
1780689120,1574.15,1576.62,1572.53,1573.85
1780689180,1573.85,1574.38,1567.94,1568.16
1780689240,1568.16,1572.38,1568.16,1571.07
1780689300,1571.07,1571.11,1567.99,1569.88
1780689360,1569.88,1573.13,1569.61,1571.5
1780689420,1571.5,1572.55,1569.75,1571.13
1780689480,1571.13,1574.79,1569.85,1574.14
1780689540,1574.14,1578.16,1570.91,1572.9
1780689600,1572.9,1576.27,1571.76,1576.13
1780689660,1576.13,1576.19,1568.48,1569.16
1780689720,1569.16,1569.9,1561.35,1562.31
1780689780,1562.31,1562.49,1557.62,1558.44
1780689840,1558.44,1560,1556.92,1559.97
1780689900,1559.97,1559.97,1556.32,1556.73
1780689960,1556.73,1564.03,1556.51,1563.78
1780690020,1563.78,1567.39,1562.35,1566.77
1780690080,1566.77,1578.88,1566,1577.75
1780690140,1577.75,1590.84,1576.37,1585.94
1780690200,1585.94,1587.28,1579.9,1580.32
1780690260,1580.32,1580.32,1577.38,1579.19
1780690320,1579.19,1580.59,1577.23,1578.54
1780690380,1578.54,1581.73,1578.52,1578.96
1780690440,1578.96,1583.52,1578.96,1583.44
1780690500,1583.44,1591.58,1583.44,1591.28
1780690560,1591.28,1591.64,1581.06,1581.06
1780690620,1581.06,1585.04,1579.73,1585.04
1780690680,1585.04,1589.67,1583.86,1587.72
1780690740,1587.72,1596.91,1587.02,1594.54
1780690800,1594.54,1598.59,1593.29,1598.04
1780690860,1598.04,1598.38,1592.41,1592.41
1780690920,1592.41,1594.31,1591.01,1594.31
1780690980,1594.31,1596.97,1592.54,1596.49
1780691040,1596.49,1596.93,1593.15,1595.27
1780691100,1595.27,1599.03,1593.92,1598.79
1780691160,1598.79,1600.54,1595.71,1597.12
1780691220,1597.12,1600.29,1596.49,1596.49
1780691280,1596.49,1599.46,1595.83,1597.72
1780691340,1597.72,1598.2,1593.7,1594.1
1780691400,1594.1,1597.91,1591.09,1597.9
1780691460,1597.9,1602.28,1596.37,1600.44
1780691520,1600.44,1601.82,1597.19,1597.53
1780691580,1597.53,1597.53,1592.06,1593.15
1780691640,1593.15,1594.5,1589.52,1592.61
1780691700,1592.61,1598.44,1592.59,1597.9
1780691760,1597.9,1597.9,1595.69,1597.27
1780691820,1597.27,1599.38,1596.23,1596.52
1780691880,1596.52,1598.5,1595.26,1598.08
1780691940,1598.08,1599.18,1597.19,1598.45
1780692000,1598.45,1599.08,1596.49,1598.64
1780692060,1598.64,1598.68,1595.45,1597.23
1780692120,1597.23,1599.22,1597.23,1598.23
1780692180,1598.23,1600.42,1597.95,1598.46
1780692240,1598.46,1599.99,1598.24,1598.25
1780692300,1598.25,1600.92,1597.9,1598.41
1780692360,1598.41,1598.42,1594.65,1597.07
1780692420,1597.07,1604.22,1597.07,1600.76
1780692480,1600.76,1601.99,1599.13,1601
1780692540,1601,1602.16,1599.82,1601.82
1780692600,1601.82,1607.8,1599.78,1604.57
1780692660,1604.57,1605.01,1601.63,1604.51
1780692720,1604.51,1605.65,1600.28,1600.28
1780692780,1600.28,1603.19,1599.37,1599.5
1780692840,1599.5,1601.64,1599.01,1599.89
1780692900,1599.89,1602.84,1599.64,1601.82
1780692960,1601.82,1603.26,1601.72,1602.99
1780693020,1602.99,1603.56,1601.46,1601.47
1780693080,1601.47,1605.84,1601.47,1603.37
1780693140,1603.37,1604.11,1602.44,1602.85
1780693200,1602.85,1604.81,1601.47,1603.28
1780693260,1603.28,1604.88,1602.09,1603.44
1780693320,1603.44,1608.24,1602.87,1607.5
1780693380,1607.5,1611.04,1607.07,1609.51
1780693440,1609.51,1614.92,1608.63,1610.91
1780693500,1610.91,1614.94,1610.38,1610.61
1780693560,1610.61,1611.29,1605.18,1608.1
1780693620,1608.1,1612.31,1608.02,1612.31
1780693680,1612.31,1613,1610.72,1611.09
1780693740,1611.09,1612.33,1609.76,1612.25
1780693800,1612.25,1612.25,1609.28,1609.65
1780693860,1609.65,1609.93,1605.9,1608.78
1780693920,1608.78,1612.21,1607.82,1611.04
1780693980,1611.04,1612.17,1609.81,1612.17
1780694040,1612.17,1612.96,1610.56,1612.5
1780694100,1612.5,1615.77,1611.36,1613.6
1780694160,1613.6,1613.6,1608.04,1608.64
1780694220,1608.64,1613.05,1608.64,1612.6
1780694280,1612.6,1614.29,1611.22,1612.7
1780694340,1612.7,1612.95,1608.68,1608.84
1780694400,1608.84,1609.95,1607.68,1609.21
1780694460,1609.21,1610.61,1607.49,1607.6
1780694520,1607.6,1608.34,1606.76,1608.34
1780694580,1608.34,1609.47,1606.97,1609.34
1780694640,1609.34,1612.88,1608.56,1609.53
1780694700,1609.53,1612.24,1609.33,1610.25
1780694760,1610.25,1612.28,1607.68,1610.7
1780694820,1610.7,1611.8,1609.7,1610.93
1780694880,1610.93,1611.69,1609.98,1611.39
1780694940,1611.39,1612.11,1610.5,1610.63
1780695000,1610.63,1610.95,1607.23,1608.3
1780695060,1608.3,1608.3,1606.56,1606.56
1780695120,1606.56,1611.42,1606.56,1608.65
1780695180,1608.65,1609.78,1608.08,1608.97
1780695240,1608.97,1609.26,1608.21,1608.21
1780695300,1608.21,1610.95,1607.53,1610.55
1780695360,1610.55,1613.27,1610.28,1613.26
1780695420,1613.26,1614.4,1611.99,1613.77
1780695480,1613.77,1615.17,1612.76,1613.26
1780695540,1613.26,1615.96,1612.63,1614.75
1780695600,1614.75,1615.38,1613.37,1613.37
1780695660,1613.37,1615.17,1612.92,1615
1780695720,1615,1615.75,1613.7,1615.03
1780695780,1615.03,1615.42,1614,1614.01
1780695840,1614.01,1615.4,1612.14,1613.16
1780695900,1613.16,1613.99,1612.47,1613.18
1780695960,1613.18,1614.4,1612.98,1613.11
1780696020,1613.11,1615.99,1612.43,1615.72
1780696080,1615.72,1619.28,1615.7,1616.45
1780696140,1616.45,1617.76,1615.11,1615.11
1780696200,1615.11,1617.16,1615.03,1616.83
1780696260,1616.83,1617.63,1615.73,1616.14
1780696320,1616.14,1616.51,1615.35,1615.42
1780696380,1615.42,1615.6,1612.72,1612.72
1780696440,1612.72,1614.17,1610.61,1613.42
1780696500,1613.42,1614.6,1613.06,1613.8
1780696560,1613.8,1614.41,1612.27,1612.31
1780696620,1612.31,1612.45,1608.96,1609.46
1780696680,1609.46,1610,1608.97,1608.98
1780696740,1608.98,1609.88,1608.44,1609.13
1780696800,1609.13,1609.72,1608.51,1608.55
1780696860,1608.55,1608.56,1602.85,1602.85
1780696920,1602.85,1605.99,1602.85,1603.44
1780696980,1603.44,1603.87,1598.77,1599.13
1780697040,1599.13,1600.66,1597.49,1597.86
1780697100,1597.86,1598.15,1594.05,1595.47
1780697160,1595.47,1596.33,1585.61,1592.53
1780697220,1592.53,1596.8,1592.53,1596.65
1780697280,1596.65,1598.87,1596.65,1598.16
1780697340,1598.16,1599.46,1596.44,1596.73
1780697400,1596.73,1597.48,1595.19,1595.64
1780697460,1595.64,1596.99,1592.72,1594.1
1780697520,1594.1,1594.89,1592.96,1594.68
1780697580,1594.68,1594.77,1592.18,1592.56
1780697640,1592.56,1595.85,1592.56,1593.36
1780697700,1593.36,1596.28,1590.17,1595.5
1780697760,1595.5,1598.07,1595.04,1597.76
1780697820,1597.76,1598.87,1596.42,1598.35
1780697880,1598.35,1599.99,1597.13,1597.57
1780697940,1597.57,1603.07,1594.29,1602.06
1780698000,1602.06,1602.94,1595.73,1601.72
1780698060,1601.72,1601.74,1597.25,1599.31
1780698120,1599.31,1602.45,1597.58,1600.51
1780698180,1600.51,1601.55,1596.84,1597.04
1780698240,1597.04,1597.54,1593.31,1595.41
1780698300,1595.41,1596.79,1592.53,1596.55
1780698360,1596.55,1599.87,1592.98,1594.37
1780698420,1594.37,1597.1,1592.11,1595
1780698480,1595,1596.5,1591.43,1591.74
1780698540,1591.74,1594.28,1591.21,1593.93
1780698600,1593.93,1596.23,1592.64,1592.84
1780698660,1592.84,1597.63,1591.01,1597.43
1780698720,1597.43,1598.54,1594.7,1596.24
1780698780,1596.24,1597.71,1593.85,1595.05
1780698840,1595.05,1596.28,1594.57,1595.29
1780698900,1595.29,1596.47,1593.68,1595.73
1780698960,1595.73,1597.29,1595.19,1596.04
1780699020,1596.04,1597.67,1595.93,1597.25
1780699080,1597.25,1599.36,1596.54,1599.1
1780699140,1599.1,1604.78,1599.1,1603.63
1780699200,1603.63,1603.63,1599.77,1600.37
1780699260,1600.37,1601.37,1598.17,1598.36
1780699320,1598.36,1601.47,1598.18,1601.25
1780699380,1601.25,1601.26,1598.32,1598.69
1780699440,1598.69,1599.76,1598.43,1598.43
1780699500,1598.43,1598.56,1592.26,1594.36
1780699560,1594.36,1595.83,1592.86,1593.72
1780699620,1593.72,1594.41,1593.16,1593.52
1780699680,1593.52,1596.19,1593.5,1596.19
1780699740,1596.19,1598.22,1596.19,1598.12
1780699800,1598.12,1598.31,1593.99,1594.02
1780699860,1594.02,1595.78,1591.63,1594.9
1780699920,1594.9,1596.09,1593.67,1595.49
1780699980,1595.49,1602.24,1595.45,1599.62
1780700040,1599.62,1601.54,1599.31,1601.11
1780700100,1601.11,1601.12,1596.9,1597
1780700160,1597,1598.32,1596.57,1598.03
1780700220,1598.03,1598.75,1597.48,1597.88
1780700280,1597.88,1599.68,1597.05,1599.06
1780700340,1599.06,1599.06,1596,1596.64
1780700400,1596.64,1600.13,1596.64,1599.61
1780700460,1599.61,1603.46,1599.53,1600.06
1780700520,1600.06,1600.35,1596.35,1596.61
1780700580,1596.61,1599.99,1596.07,1596.15
1780700640,1596.15,1597.58,1594.72,1597.58
1780700700,1597.58,1597.85,1596.54,1597.1
1780700760,1597.1,1599.73,1596.99,1598.73
1780700820,1598.73,1599.5,1596.4,1597.96
1780700880,1597.96,1598.71,1593.83,1594.59
1780700940,1594.59,1594.99,1592.87,1593.99
1780701000,1593.99,1595.24,1593.24,1593.6
1780701060,1593.6,1596.56,1593.6,1596.56
1780701120,1596.56,1596.56,1593.64,1594.32
1780701180,1594.32,1595.59,1593.77,1594.11
1780701240,1594.11,1594.8,1591.42,1591.7
1780701300,1591.7,1592.04,1587.73,1588.51
1780701360,1588.51,1590.12,1584.8,1586.79
1780701420,1586.79,1588.87,1583.01,1584.11
1780701480,1584.11,1585.97,1584.11,1585.52
1780701540,1585.52,1586.32,1578.74,1582.2
1780701600,1582.2,1582.75,1577.71,1582.39
1780701660,1582.39,1584.42,1582.39,1584.09
1780701720,1584.09,1585.4,1573.68,1575.92
1780701780,1575.92,1578.73,1575.92,1577.75
1780701840,1577.75,1578.84,1575.25,1576
1780701900,1576,1576.64,1570.73,1570.94
1780701960,1570.94,1571.55,1567.98,1570.96
1780702020,1570.96,1573.01,1570.73,1572.69
1780702080,1572.69,1573.95,1572.14,1573.53
1780702140,1573.53,1575.73,1573.52,1573.53
1780702200,1573.53,1573.53,1565.25,1567.03
1780702260,1567.03,1567.58,1562.48,1567.12
1780702320,1567.12,1569.54,1565.85,1567.15
1780702380,1567.15,1567.24,1559.8,1560.63
1780702440,1560.63,1562.48,1559.78,1562.24
1780702500,1562.24,1570.38,1562.24,1570.13
1780702560,1570.13,1571.63,1569.26,1571.63
1780702620,1571.63,1573.97,1571.53,1573.17
1780702680,1573.17,1574.59,1572.22,1573.6
1780702740,1573.6,1573.6,1569.63,1570.47
1780702800,1570.47,1570.6,1565.17,1568.37
1780702860,1568.37,1570.2,1568.3,1568.3
1780702920,1568.3,1571.06,1568.28,1570.31
1780702980,1570.31,1570.39,1568.37,1569.19
1780703040,1569.19,1571.42,1568.77,1570.97
1780703100,1570.97,1571.26,1567.02,1568.16
1780703160,1568.16,1570.74,1567.99,1568.73
1780703220,1568.73,1572.72,1568.49,1571.53
1780703280,1571.53,1573.4,1571.14,1572.74
1780703340,1572.74,1573.59,1571.05,1572.8
1780703400,1572.8,1577.54,1572.8,1576.84
1780703460,1576.84,1579.74,1576.49,1579.66
1780703520,1579.66,1580.7,1578.97,1580.17
1780703580,1580.17,1581.64,1579.83,1580.31
1780703640,1580.31,1581.19,1580.09,1581.08
1780703700,1581.08,1581.2,1578.61,1579.75
1780703760,1579.75,1579.75,1578,1578.81
1780703820,1578.81,1580.48,1578.81,1578.88
1780703880,1578.88,1580.78,1578.73,1580.5
1780703940,1580.5,1583.23,1579.74,1582.41
