ts,open,high,low,close
1760054400,21.984,21.998,21.982,21.983
1760054460,21.983,21.998,21.975,21.987
1760054520,21.987,22,21.985,21.999
1760054580,21.999,22.01,21.999,21.999
1760054640,21.999,22.01,21.987,22
1760054700,22,22.001,21.973,21.973
1760054760,21.973,21.998,21.973,21.991
1760054820,21.991,21.999,21.97,21.973
1760054880,21.973,21.985,21.972,21.979
1760054940,21.979,21.994,21.976,21.993
1760055000,21.993,22.014,21.993,22.003
1760055060,22.003,22.01,22,22.005
1760055120,22.005,22.012,22.003,22.007
1760055180,22.007,22.045,22.007,22.045
1760055240,22.045,22.047,22.023,22.034
1760055300,22.034,22.054,22.029,22.037
1760055360,22.037,22.048,22.019,22.048
1760055420,22.048,22.101,22.045,22.089
1760055480,22.089,22.107,22.089,22.103
1760055540,22.103,22.114,22.101,22.103
1760055600,22.103,22.105,22.087,22.087
1760055660,22.087,22.101,22.084,22.093
1760055720,22.093,22.099,22.078,22.078
1760055780,22.078,22.08,22.061,22.08
1760055840,22.08,22.084,22.075,22.084
1760055900,22.084,22.084,22.057,22.078
1760055960,22.078,22.107,22.078,22.107
1760056020,22.107,22.128,22.107,22.127
1760056080,22.127,22.143,22.127,22.143
1760056140,22.143,22.149,22.135,22.139
1760056200,22.139,22.151,22.131,22.148
1760056260,22.148,22.155,22.134,22.138
1760056320,22.138,22.148,22.134,22.14
1760056380,22.14,22.155,22.14,22.155
1760056440,22.155,22.157,22.144,22.144
1760056500,22.144,22.145,22.096,22.097
1760056560,22.097,22.111,22.096,22.103
1760056620,22.103,22.114,22.097,22.102
1760056680,22.102,22.145,22.102,22.145
1760056740,22.145,22.169,22.145,22.165
1760056800,22.165,22.165,22.147,22.152
1760056860,22.152,22.171,22.152,22.165
1760056920,22.165,22.165,22.122,22.126
1760056980,22.126,22.131,22.123,22.123
1760057040,22.123,22.146,22.123,22.146
1760057100,22.146,22.147,22.122,22.122
1760057160,22.122,22.122,22.082,22.082
1760057220,22.082,22.09,22.074,22.086
1760057280,22.086,22.088,22.08,22.08
1760057340,22.08,22.084,22.067,22.081
1760057400,22.081,22.106,22.075,22.106
1760057460,22.106,22.121,22.098,22.121
1760057520,22.121,22.127,22.11,22.11
1760057580,22.11,22.155,22.11,22.155
1760057640,22.155,22.16,22.149,22.153
1760057700,22.153,22.169,22.153,22.157
1760057760,22.157,22.157,22.142,22.142
1760057820,22.142,22.142,22.117,22.117
1760057880,22.117,22.141,22.117,22.137
1760057940,22.137,22.142,22.131,22.142
1760058000,22.142,22.143,22.102,22.122
1760058060,22.122,22.151,22.122,22.151
1760058120,22.151,22.164,22.145,22.159
1760058180,22.159,22.176,22.159,22.174
1760058240,22.174,22.187,22.166,22.187
1760058300,22.187,22.193,22.158,22.163
1760058360,22.163,22.17,22.133,22.133
1760058420,22.133,22.133,22.109,22.113
1760058480,22.113,22.119,22.096,22.101
1760058540,22.101,22.103,22.092,22.098
1760058600,22.098,22.12,22.098,22.111
1760058660,22.111,22.127,22.111,22.117
1760058720,22.117,22.132,22.117,22.119
1760058780,22.119,22.129,22.119,22.122
1760058840,22.122,22.132,22.122,22.128
1760058900,22.128,22.128,22.1,22.105
1760058960,22.105,22.118,22.105,22.109
1760059020,22.109,22.119,22.109,22.112
1760059080,22.112,22.122,22.112,22.112
1760059140,22.112,22.121,22.101,22.118
1760059200,22.118,22.132,22.118,22.13
1760059260,22.13,22.13,22.107,22.109
1760059320,22.109,22.122,22.105,22.105
1760059380,22.105,22.108,22.101,22.101
1760059440,22.101,22.111,22.096,22.105
1760059500,22.105,22.119,22.104,22.106
1760059560,22.106,22.115,22.103,22.103
1760059620,22.103,22.107,22.092,22.098
1760059680,22.098,22.121,22.098,22.115
1760059740,22.115,22.126,22.115,22.122
1760059800,22.122,22.132,22.119,22.123
1760059860,22.123,22.123,22.104,22.104
1760059920,22.104,22.106,22.093,22.095
1760059980,22.095,22.111,22.095,22.108
1760060040,22.108,22.12,22.106,22.111
1760060100,22.111,22.111,22.085,22.085
1760060160,22.085,22.096,22.077,22.081
1760060220,22.081,22.086,22.077,22.077
1760060280,22.077,22.081,22.07,22.07
1760060340,22.07,22.087,22.069,22.07
1760060400,22.07,22.076,22.056,22.057
1760060460,22.057,22.059,22.048,22.058
1760060520,22.058,22.081,22.056,22.081
1760060580,22.081,22.087,22.076,22.087
1760060640,22.087,22.09,22.072,22.079
1760060700,22.079,22.083,22.07,22.076
1760060760,22.076,22.085,22.07,22.079
1760060820,22.079,22.087,22.076,22.079
1760060880,22.079,22.08,22.057,22.06
1760060940,22.06,22.071,22.057,22.064
1760061000,22.064,22.064,22.038,22.043
1760061060,22.043,22.065,22.037,22.065
1760061120,22.065,22.1,22.065,22.091
1760061180,22.091,22.101,22.071,22.073
1760061240,22.073,22.082,22.072,22.08
1760061300,22.08,22.099,22.08,22.082
1760061360,22.082,22.092,22.082,22.092
1760061420,22.092,22.098,22.087,22.094
1760061480,22.094,22.113,22.094,22.104
1760061540,22.104,22.114,22.102,22.108
1760061600,22.108,22.115,22.088,22.097
1760061660,22.097,22.114,22.094,22.103
1760061720,22.103,22.103,22.078,22.078
1760061780,22.078,22.091,22.06,22.066
1760061840,22.066,22.077,22.057,22.058
1760061900,22.058,22.064,22.042,22.049
1760061960,22.049,22.05,22.032,22.032
1760062020,22.032,22.037,22.018,22.021
1760062080,22.021,22.025,22.014,22.015
1760062140,22.015,22.043,22.015,22.042
1760062200,22.042,22.062,22.037,22.055
1760062260,22.055,22.077,22.055,22.076
1760062320,22.076,22.08,22.052,22.052
1760062380,22.052,22.069,22.052,22.058
1760062440,22.058,22.061,22.058,22.061
1760062500,22.061,22.075,22.058,22.065
1760062560,22.065,22.083,22.048,22.082
1760062620,22.082,22.087,22.07,22.087
1760062680,22.087,22.106,22.087,22.106
1760062740,22.106,22.158,22.106,22.154
1760062800,22.154,22.176,22.146,22.159
1760062860,22.159,22.174,22.159,22.162
1760062920,22.162,22.17,22.157,22.157
1760062980,22.157,22.167,22.157,22.165
1760063040,22.165,22.169,22.143,22.146
1760063100,22.146,22.151,22.142,22.142
1760063160,22.142,22.142,22.121,22.125
1760063220,22.125,22.135,22.122,22.129
1760063280,22.129,22.138,22.128,22.129
1760063340,22.129,22.13,22.122,22.124
1760063400,22.124,22.135,22.121,22.122
1760063460,22.122,22.122,22.104,22.104
1760063520,22.104,22.107,22.08,22.087
1760063580,22.087,22.089,22.072,22.077
1760063640,22.077,22.084,22.067,22.069
1760063700,22.069,22.081,22.065,22.075
1760063760,22.075,22.081,22.074,22.081
1760063820,22.081,22.091,22.081,22.088
1760063880,22.088,22.089,22.076,22.087
1760063940,22.087,22.114,22.087,22.111
1760064000,22.111,22.114,22.101,22.107
1760064060,22.107,22.125,22.107,22.12
1760064120,22.12,22.134,22.117,22.119
1760064180,22.119,22.122,22.089,22.095
1760064240,22.095,22.102,22.087,22.093
1760064300,22.093,22.095,22.081,22.087
1760064360,22.087,22.088,22.066,22.071
1760064420,22.071,22.099,22.058,22.095
1760064480,22.095,22.121,22.091,22.117
1760064540,22.117,22.126,22.103,22.104
1760064600,22.104,22.135,22.104,22.125
1760064660,22.125,22.128,22.096,22.099
1760064720,22.099,22.103,22.065,22.065
1760064780,22.065,22.082,22.046,22.082
1760064840,22.082,22.1,22.06,22.1
1760064900,22.1,22.111,22.099,22.107
1760064960,22.107,22.113,22.086,22.086
1760065020,22.086,22.094,22.086,22.088
1760065080,22.088,22.09,22.075,22.081
1760065140,22.081,22.084,22.081,22.082
1760065200,22.082,22.104,22.082,22.098
1760065260,22.098,22.113,22.079,22.079
1760065320,22.079,22.079,22.056,22.059
1760065380,22.059,22.064,22.044,22.044
1760065440,22.044,22.051,22.037,22.044
1760065500,22.044,22.066,22.033,22.066
1760065560,22.066,22.08,22.064,22.067
1760065620,22.067,22.067,22.042,22.043
1760065680,22.043,22.043,22.02,22.023
1760065740,22.023,22.034,22.023,22.034
1760065800,22.034,22.039,22.025,22.034
1760065860,22.034,22.051,22.023,22.051
1760065920,22.051,22.069,22.051,22.069
1760065980,22.069,22.072,22.058,22.061
1760066040,22.061,22.074,22.049,22.072
1760066100,22.072,22.085,22.056,22.062
1760066160,22.062,22.067,22.035,22.044
1760066220,22.044,22.052,22.043,22.048
1760066280,22.048,22.062,22.046,22.062
1760066340,22.062,22.085,22.06,22.085
1760066400,22.085,22.145,22.085,22.138
1760066460,22.138,22.18,22.138,22.18
1760066520,22.18,22.18,22.146,22.146
1760066580,22.146,22.155,22.144,22.144
1760066640,22.144,22.186,22.127,22.186
1760066700,22.186,22.251,22.183,22.225
1760066760,22.225,22.264,22.218,22.263
1760066820,22.263,22.31,22.25,22.294
1760066880,22.294,22.38,22.292,22.37
1760066940,22.37,22.402,22.37,22.401
1760067000,22.401,22.465,22.401,22.427
1760067060,22.427,22.477,22.427,22.473
1760067120,22.473,22.48,22.422,22.425
1760067180,22.425,22.469,22.425,22.431
1760067240,22.431,22.468,22.431,22.457
1760067300,22.457,22.516,22.457,22.489
1760067360,22.489,22.519,22.483,22.505
1760067420,22.505,22.52,22.488,22.495
1760067480,22.495,22.506,22.472,22.483
1760067540,22.483,22.488,22.455,22.488
1760067600,22.488,22.495,22.459,22.489
1760067660,22.489,22.511,22.489,22.508
1760067720,22.508,22.531,22.508,22.531
1760067780,22.531,22.533,22.492,22.493
1760067840,22.493,22.517,22.485,22.517
1760067900,22.517,22.556,22.517,22.556
1760067960,22.556,22.572,22.541,22.559
1760068020,22.559,22.593,22.559,22.585
1760068080,22.585,22.59,22.56,22.585
1760068140,22.585,22.586,22.549,22.571
1760068200,22.571,22.575,22.528,22.534
1760068260,22.534,22.536,22.489,22.506
1760068320,22.506,22.511,22.46,22.467
1760068380,22.467,22.482,22.431,22.438
1760068440,22.438,22.44,22.41,22.416
1760068500,22.416,22.419,22.364,22.384
1760068560,22.384,22.401,22.35,22.396
1760068620,22.396,22.409,22.379,22.409
1760068680,22.409,22.424,22.408,22.415
1760068740,22.415,22.419,22.396,22.397
1760068800,22.397,22.456,22.392,22.424
1760068860,22.424,22.465,22.42,22.447
1760068920,22.447,22.447,22.396,22.442
1760068980,22.442,22.476,22.438,22.466
1760069040,22.466,22.471,22.438,22.44
1760069100,22.44,22.478,22.44,22.468
1760069160,22.468,22.47,22.444,22.456
1760069220,22.456,22.497,22.456,22.485
1760069280,22.485,22.527,22.485,22.485
1760069340,22.485,22.509,22.48,22.48
1760069400,22.48,22.48,22.457,22.476
1760069460,22.476,22.499,22.458,22.464
1760069520,22.464,22.485,22.457,22.471
1760069580,22.471,22.495,22.456,22.476
1760069640,22.476,22.493,22.457,22.462
1760069700,22.462,22.487,22.462,22.487
1760069760,22.487,22.487,22.453,22.454
1760069820,22.454,22.493,22.45,22.472
1760069880,22.472,22.477,22.455,22.461
1760069940,22.461,22.461,22.435,22.446
1760070000,22.446,22.465,22.433,22.46
1760070060,22.46,22.495,22.458,22.485
1760070120,22.485,22.512,22.485,22.491
1760070180,22.491,22.501,22.457,22.472
1760070240,22.472,22.487,22.437,22.44
1760070300,22.44,22.446,22.42,22.43
1760070360,22.43,22.437,22.419,22.423
1760070420,22.423,22.433,22.413,22.422
1760070480,22.422,22.431,22.407,22.407
1760070540,22.407,22.424,22.407,22.415
1760070600,22.415,22.419,22.404,22.419
1760070660,22.419,22.432,22.408,22.432
1760070720,22.432,22.438,22.41,22.416
1760070780,22.416,22.418,22.374,22.374
1760070840,22.374,22.374,22.339,22.368
1760070900,22.368,22.368,22.322,22.323
1760070960,22.323,22.326,22.305,22.317
1760071020,22.317,22.321,22.295,22.307
1760071080,22.307,22.313,22.292,22.292
1760071140,22.292,22.305,22.282,22.302
1760071200,22.302,22.315,22.283,22.315
1760071260,22.315,22.32,22.294,22.297
1760071320,22.297,22.3,22.287,22.3
1760071380,22.3,22.32,22.297,22.305
1760071440,22.305,22.321,22.3,22.321
1760071500,22.321,22.327,22.303,22.31
1760071560,22.31,22.342,22.308,22.314
1760071620,22.314,22.331,22.314,22.321
1760071680,22.321,22.325,22.3,22.318
1760071740,22.318,22.333,22.318,22.329
1760071800,22.329,22.33,22.306,22.309
1760071860,22.309,22.327,22.309,22.317
1760071920,22.317,22.324,22.308,22.324
1760071980,22.324,22.341,22.323,22.334
1760072040,22.334,22.342,22.334,22.342
1760072100,22.342,22.345,22.317,22.318
1760072160,22.318,22.323,22.312,22.316
1760072220,22.316,22.342,22.313,22.341
1760072280,22.341,22.346,22.333,22.343
1760072340,22.343,22.352,22.333,22.344
1760072400,22.344,22.359,22.336,22.347
1760072460,22.347,22.365,22.347,22.347
1760072520,22.347,22.347,22.322,22.331
1760072580,22.331,22.332,22.316,22.316
1760072640,22.316,22.316,22.279,22.288
1760072700,22.288,22.288,22.261,22.273
1760072760,22.273,22.293,22.245,22.293
1760072820,22.293,22.327,22.279,22.327
1760072880,22.327,22.327,22.306,22.311
1760072940,22.311,22.311,22.289,22.297
1760073000,22.297,22.303,22.289,22.295
1760073060,22.295,22.301,22.28,22.282
1760073120,22.282,22.291,22.277,22.279
1760073180,22.279,22.318,22.279,22.314
1760073240,22.314,22.315,22.291,22.291
1760073300,22.291,22.328,22.288,22.321
1760073360,22.321,22.346,22.32,22.32
1760073420,22.32,22.361,22.318,22.357
1760073480,22.357,22.362,22.331,22.341
1760073540,22.341,22.341,22.311,22.315
1760073600,22.315,22.346,22.315,22.346
1760073660,22.346,22.355,22.341,22.345
1760073720,22.345,22.375,22.345,22.373
1760073780,22.373,22.419,22.372,22.418
1760073840,22.418,22.418,22.382,22.418
1760073900,22.418,22.433,22.417,22.424
1760073960,22.424,22.444,22.41,22.41
1760074020,22.41,22.426,22.39,22.416
1760074080,22.416,22.419,22.395,22.398
1760074140,22.398,22.404,22.389,22.391
1760074200,22.391,22.396,22.362,22.362
1760074260,22.362,22.366,22.35,22.355
1760074320,22.355,22.355,22.309,22.309
1760074380,22.309,22.329,22.303,22.316
1760074440,22.316,22.326,22.301,22.306
1760074500,22.306,22.319,22.301,22.314
1760074560,22.314,22.328,22.301,22.328
1760074620,22.328,22.328,22.311,22.323
1760074680,22.323,22.336,22.322,22.326
1760074740,22.326,22.341,22.326,22.34
1760074800,22.34,22.38,22.34,22.38
1760074860,22.38,22.399,22.38,22.398
1760074920,22.398,22.41,22.398,22.409
1760074980,22.409,22.433,22.409,22.426
1760075040,22.426,22.439,22.425,22.439
1760075100,22.439,22.471,22.439,22.471
1760075160,22.471,22.508,22.471,22.489
1760075220,22.489,22.501,22.464,22.467
1760075280,22.467,22.497,22.459,22.495
1760075340,22.495,22.508,22.493,22.508
1760075400,22.508,22.538,22.508,22.536
1760075460,22.536,22.542,22.5,22.509
1760075520,22.509,22.521,22.498,22.516
1760075580,22.516,22.559,22.516,22.555
1760075640,22.555,22.571,22.543,22.571
1760075700,22.571,22.571,22.551,22.551
1760075760,22.551,22.581,22.546,22.58
1760075820,22.58,22.583,22.569,22.575
1760075880,22.575,22.581,22.558,22.558
1760075940,22.558,22.575,22.558,22.572
1760076000,22.572,22.596,22.562,22.583
1760076060,22.583,22.583,22.56,22.56
1760076120,22.56,22.628,22.56,22.61
1760076180,22.61,22.616,22.574,22.607
1760076240,22.607,22.607,22.592,22.6
1760076300,22.6,22.621,22.6,22.604
1760076360,22.604,22.613,22.576,22.579
1760076420,22.579,22.584,22.573,22.576
1760076480,22.576,22.576,22.544,22.554
1760076540,22.554,22.563,22.537,22.538
1760076600,22.538,22.54,22.52,22.527
1760076660,22.527,22.537,22.52,22.53
1760076720,22.53,22.551,22.53,22.539
1760076780,22.539,22.553,22.538,22.543
1760076840,22.543,22.555,22.536,22.537
1760076900,22.537,22.573,22.531,22.558
1760076960,22.558,22.56,22.52,22.523
1760077020,22.523,22.536,22.52,22.52
1760077080,22.52,22.537,22.52,22.53
1760077140,22.53,22.537,22.5,22.504
1760077200,22.504,22.504,22.48,22.489
1760077260,22.489,22.494,22.479,22.48
1760077320,22.48,22.497,22.479,22.495
1760077380,22.495,22.495,22.482,22.484
1760077440,22.484,22.486,22.468,22.477
1760077500,22.477,22.48,22.47,22.475
1760077560,22.475,22.475,22.461,22.463
1760077620,22.463,22.486,22.463,22.476
1760077680,22.476,22.481,22.455,22.458
1760077740,22.458,22.458,22.435,22.443
1760077800,22.443,22.466,22.433,22.438
1760077860,22.438,22.454,22.435,22.437
1760077920,22.437,22.438,22.418,22.419
1760077980,22.419,22.43,22.415,22.422
1760078040,22.422,22.472,22.421,22.472
1760078100,22.472,22.474,22.438,22.445
1760078160,22.445,22.445,22.397,22.398
1760078220,22.398,22.465,22.392,22.412
1760078280,22.412,22.422,22.389,22.401
1760078340,22.401,22.423,22.394,22.423
1760078400,22.423,22.44,22.412,22.437
1760078460,22.437,22.456,22.437,22.456
1760078520,22.456,22.462,22.445,22.452
1760078580,22.452,22.452,22.422,22.422
1760078640,22.422,22.423,22.393,22.409
1760078700,22.409,22.435,22.408,22.435
1760078760,22.435,22.451,22.41,22.415
1760078820,22.415,22.424,22.407,22.408
1760078880,22.408,22.408,22.372,22.375
1760078940,22.375,22.378,22.333,22.333
1760079000,22.333,22.347,22.305,22.305
1760079060,22.305,22.305,22.273,22.292
1760079120,22.292,22.294,22.275,22.281
1760079180,22.281,22.31,22.266,22.31
1760079240,22.31,22.314,22.301,22.301
1760079300,22.301,22.316,22.295,22.298
1760079360,22.298,22.307,22.29,22.301
1760079420,22.301,22.325,22.3,22.314
1760079480,22.314,22.338,22.314,22.329
1760079540,22.329,22.331,22.323,22.329
1760079600,22.329,22.355,22.318,22.353
1760079660,22.353,22.354,22.293,22.293
1760079720,22.293,22.308,22.28,22.295
1760079780,22.295,22.297,22.283,22.286
1760079840,22.286,22.299,22.28,22.289
1760079900,22.289,22.305,22.281,22.296
1760079960,22.296,22.296,22.276,22.286
1760080020,22.286,22.286,22.268,22.272
1760080080,22.272,22.272,22.246,22.26
1760080140,22.26,22.31,22.258,22.308
1760080200,22.308,22.342,22.304,22.342
1760080260,22.342,22.343,22.323,22.333
1760080320,22.333,22.35,22.332,22.35
1760080380,22.35,22.377,22.347,22.36
1760080440,22.36,22.378,22.355,22.363
1760080500,22.363,22.368,22.343,22.343
1760080560,22.343,22.357,22.323,22.33
1760080620,22.33,22.335,22.315,22.321
1760080680,22.321,22.321,22.293,22.318
1760080740,22.318,22.349,22.311,22.349
1760080800,22.349,22.382,22.341,22.369
1760080860,22.369,22.394,22.368,22.37
1760080920,22.37,22.37,22.318,22.318
1760080980,22.318,22.329,22.313,22.324
1760081040,22.324,22.324,22.298,22.319
1760081100,22.319,22.319,22.297,22.298
1760081160,22.298,22.329,22.292,22.329
1760081220,22.329,22.347,22.326,22.328
1760081280,22.328,22.348,22.328,22.342
1760081340,22.342,22.372,22.342,22.357
1760081400,22.357,22.36,22.35,22.356
1760081460,22.356,22.36,22.301,22.304
1760081520,22.304,22.318,22.302,22.302
1760081580,22.302,22.324,22.3,22.308
1760081640,22.308,22.338,22.296,22.334
1760081700,22.334,22.359,22.326,22.342
1760081760,22.342,22.378,22.341,22.376
1760081820,22.376,22.389,22.373,22.387
1760081880,22.387,22.402,22.379,22.379
1760081940,22.379,22.401,22.364,22.397
1760082000,22.397,22.416,22.393,22.411
1760082060,22.411,22.418,22.407,22.418
1760082120,22.418,22.422,22.411,22.422
1760082180,22.422,22.422,22.402,22.412
1760082240,22.412,22.426,22.412,22.416
1760082300,22.416,22.424,22.406,22.415
1760082360,22.415,22.418,22.358,22.358
1760082420,22.358,22.385,22.347,22.381
1760082480,22.381,22.387,22.369,22.37
1760082540,22.37,22.37,22.354,22.363
1760082600,22.363,22.379,22.353,22.363
1760082660,22.363,22.365,22.337,22.344
1760082720,22.344,22.373,22.344,22.35
1760082780,22.35,22.356,22.344,22.351
1760082840,22.351,22.357,22.34,22.34
1760082900,22.34,22.364,22.34,22.363
1760082960,22.363,22.365,22.327,22.327
1760083020,22.327,22.327,22.312,22.318
1760083080,22.318,22.318,22.289,22.289
1760083140,22.289,22.292,22.267,22.291
1760083200,22.291,22.299,22.284,22.287
1760083260,22.287,22.328,22.286,22.323
1760083320,22.323,22.356,22.323,22.356
1760083380,22.356,22.356,22.318,22.323
1760083440,22.323,22.323,22.294,22.303
1760083500,22.303,22.303,22.257,22.283
1760083560,22.283,22.302,22.276,22.299
1760083620,22.299,22.303,22.262,22.274
1760083680,22.274,22.315,22.272,22.306
1760083740,22.306,22.358,22.306,22.358
1760083800,22.358,22.375,22.345,22.375
1760083860,22.375,22.399,22.37,22.394
1760083920,22.394,22.395,22.363,22.369
1760083980,22.369,22.382,22.364,22.38
1760084040,22.38,22.391,22.374,22.38
1760084100,22.38,22.444,22.38,22.444
1760084160,22.444,22.475,22.422,22.423
1760084220,22.423,22.489,22.423,22.486
1760084280,22.486,22.493,22.473,22.483
1760084340,22.483,22.486,22.462,22.478
1760084400,22.478,22.496,22.474,22.487
1760084460,22.487,22.487,22.448,22.448
1760084520,22.448,22.456,22.428,22.44
1760084580,22.44,22.444,22.426,22.434
1760084640,22.434,22.443,22.432,22.44
1760084700,22.44,22.446,22.427,22.446
1760084760,22.446,22.454,22.43,22.44
1760084820,22.44,22.469,22.44,22.45
1760084880,22.45,22.477,22.45,22.472
1760084940,22.472,22.473,22.452,22.452
1760085000,22.452,22.457,22.437,22.455
1760085060,22.455,22.468,22.44,22.44
1760085120,22.44,22.44,22.407,22.407
1760085180,22.407,22.411,22.386,22.4
1760085240,22.4,22.403,22.375,22.391
1760085300,22.391,22.414,22.38,22.403
1760085360,22.403,22.403,22.38,22.394
1760085420,22.394,22.394,22.371,22.383
1760085480,22.383,22.419,22.369,22.414
1760085540,22.414,22.418,22.379,22.396
1760085600,22.396,22.407,22.383,22.383
1760085660,22.383,22.391,22.366,22.371
1760085720,22.371,22.383,22.36,22.367
1760085780,22.367,22.399,22.359,22.384
1760085840,22.384,22.44,22.382,22.422
1760085900,22.422,22.451,22.422,22.437
1760085960,22.437,22.454,22.429,22.444
1760086020,22.444,22.481,22.433,22.466
1760086080,22.466,22.483,22.45,22.451
1760086140,22.451,22.465,22.439,22.45
1760086200,22.45,22.485,22.45,22.476
1760086260,22.476,22.501,22.476,22.493
1760086320,22.493,22.501,22.489,22.5
1760086380,22.5,22.501,22.484,22.49
1760086440,22.49,22.502,22.481,22.495
1760086500,22.495,22.535,22.492,22.534
1760086560,22.534,22.549,22.528,22.542
1760086620,22.542,22.569,22.541,22.568
1760086680,22.568,22.58,22.554,22.563
1760086740,22.563,22.577,22.556,22.556
1760086800,22.556,22.576,22.545,22.55
1760086860,22.55,22.557,22.523,22.553
1760086920,22.553,22.553,22.501,22.509
1760086980,22.509,22.528,22.506,22.52
1760087040,22.52,22.525,22.5,22.507
1760087100,22.507,22.528,22.496,22.526
1760087160,22.526,22.536,22.508,22.508
1760087220,22.508,22.528,22.505,22.515
1760087280,22.515,22.515,22.487,22.493
1760087340,22.493,22.501,22.487,22.494
1760087400,22.494,22.504,22.488,22.501
1760087460,22.501,22.537,22.499,22.536
1760087520,22.536,22.55,22.521,22.521
1760087580,22.521,22.549,22.521,22.534
1760087640,22.534,22.56,22.519,22.539
1760087700,22.539,22.571,22.534,22.565
1760087760,22.565,22.566,22.541,22.542
1760087820,22.542,22.572,22.536,22.572
1760087880,22.572,22.582,22.55,22.562
1760087940,22.562,22.562,22.52,22.525
1760088000,22.525,22.531,22.513,22.53
1760088060,22.53,22.545,22.528,22.539
1760088120,22.539,22.561,22.539,22.561
1760088180,22.561,22.582,22.558,22.576
1760088240,22.576,22.58,22.559,22.578
1760088300,22.578,22.594,22.578,22.594
1760088360,22.594,22.634,22.593,22.631
1760088420,22.631,22.654,22.621,22.654
1760088480,22.654,22.734,22.651,22.723
1760088540,22.723,22.748,22.697,22.697
1760088600,22.697,22.697,22.649,22.679
1760088660,22.679,22.709,22.679,22.686
1760088720,22.686,22.716,22.686,22.709
1760088780,22.709,22.743,22.706,22.736
1760088840,22.736,22.744,22.72,22.739
1760088900,22.739,22.745,22.725,22.741
1760088960,22.741,22.745,22.722,22.744
1760089020,22.744,22.774,22.738,22.764
1760089080,22.764,22.769,22.732,22.732
1760089140,22.732,22.734,22.687,22.693
1760089200,22.693,22.705,22.678,22.703
1760089260,22.703,22.703,22.651,22.672
1760089320,22.672,22.712,22.672,22.712
1760089380,22.712,22.732,22.696,22.696
1760089440,22.696,22.698,22.678,22.684
1760089500,22.684,22.704,22.666,22.666
1760089560,22.666,22.678,22.651,22.664
1760089620,22.664,22.683,22.663,22.668
1760089680,22.668,22.67,22.631,22.636
1760089740,22.636,22.639,22.59,22.595
1760089800,22.595,22.595,22.518,22.539
1760089860,22.539,22.555,22.522,22.553
1760089920,22.553,22.553,22.516,22.516
1760089980,22.516,22.517,22.492,22.501
1760090040,22.501,22.543,22.501,22.528
1760090100,22.528,22.529,22.509,22.509
1760090160,22.509,22.509,22.474,22.5
1760090220,22.5,22.5,22.485,22.489
1760090280,22.489,22.504,22.477,22.477
1760090340,22.477,22.501,22.473,22.491
1760090400,22.491,22.508,22.484,22.498
1760090460,22.498,22.55,22.498,22.538
1760090520,22.538,22.555,22.523,22.53
1760090580,22.53,22.554,22.523,22.554
1760090640,22.554,22.559,22.525,22.534
1760090700,22.534,22.564,22.528,22.561
1760090760,22.561,22.579,22.56,22.579
1760090820,22.579,22.583,22.561,22.576
1760090880,22.576,22.586,22.571,22.582
1760090940,22.582,22.587,22.564,22.568
1760091000,22.568,22.577,22.546,22.546
1760091060,22.546,22.573,22.546,22.571
1760091120,22.571,22.577,22.56,22.56
1760091180,22.56,22.574,22.555,22.559
1760091240,22.559,22.576,22.556,22.576
1760091300,22.576,22.592,22.576,22.589
1760091360,22.589,22.609,22.588,22.599
1760091420,22.599,22.614,22.588,22.598
1760091480,22.598,22.624,22.598,22.623
1760091540,22.623,22.651,22.623,22.646
1760091600,22.646,22.646,22.609,22.622
1760091660,22.622,22.66,22.622,22.654
1760091720,22.654,22.655,22.565,22.566
1760091780,22.566,22.566,22.53,22.543
1760091840,22.543,22.545,22.53,22.542
1760091900,22.542,22.546,22.511,22.512
1760091960,22.512,22.518,22.501,22.504
1760092020,22.504,22.509,22.496,22.501
1760092080,22.501,22.521,22.496,22.505
1760092140,22.505,22.512,22.5,22.5
1760092200,22.5,22.528,22.483,22.521
1760092260,22.521,22.53,22.509,22.514
1760092320,22.514,22.515,22.49,22.507
1760092380,22.507,22.552,22.507,22.542
1760092440,22.542,22.545,22.504,22.508
1760092500,22.508,22.509,22.483,22.487
1760092560,22.487,22.503,22.476,22.501
1760092620,22.501,22.529,22.498,22.521
1760092680,22.521,22.528,22.514,22.517
1760092740,22.517,22.528,22.49,22.496
1760092800,22.496,22.502,22.484,22.485
1760092860,22.485,22.494,22.485,22.494
1760092920,22.494,22.514,22.488,22.51
1760092980,22.51,22.514,22.485,22.489
1760093040,22.489,22.499,22.489,22.494
1760093100,22.494,22.507,22.483,22.483
1760093160,22.483,22.493,22.464,22.479
1760093220,22.479,22.481,22.462,22.47
1760093280,22.47,22.473,22.45,22.473
1760093340,22.473,22.529,22.473,22.522
1760093400,22.522,22.549,22.52,22.541
1760093460,22.541,22.563,22.531,22.531
1760093520,22.531,22.561,22.531,22.543
1760093580,22.543,22.547,22.535,22.536
1760093640,22.536,22.536,22.51,22.517
1760093700,22.517,22.547,22.503,22.547
1760093760,22.547,22.549,22.539,22.539
1760093820,22.539,22.543,22.53,22.53
1760093880,22.53,22.534,22.526,22.526
1760093940,22.526,22.538,22.526,22.527
1760094000,22.527,22.551,22.526,22.54
1760094060,22.54,22.565,22.537,22.538
1760094120,22.538,22.558,22.534,22.552
1760094180,22.552,22.577,22.552,22.57
1760094240,22.57,22.57,22.548,22.556
1760094300,22.556,22.58,22.551,22.558
1760094360,22.558,22.566,22.526,22.53
1760094420,22.53,22.555,22.513,22.555
1760094480,22.555,22.58,22.555,22.579
1760094540,22.579,22.599,22.578,22.588
1760094600,22.588,22.588,22.549,22.573
1760094660,22.573,22.573,22.519,22.519
1760094720,22.519,22.521,22.506,22.516
1760094780,22.516,22.532,22.515,22.515
1760094840,22.515,22.515,22.489,22.49
1760094900,22.49,22.505,22.489,22.49
1760094960,22.49,22.492,22.473,22.492
1760095020,22.492,22.5,22.486,22.49
1760095080,22.49,22.497,22.481,22.481
1760095140,22.481,22.489,22.458,22.458
1760095200,22.458,22.469,22.427,22.469
1760095260,22.469,22.469,22.445,22.449
1760095320,22.449,22.449,22.427,22.433
1760095380,22.433,22.435,22.423,22.423
1760095440,22.423,22.454,22.423,22.445
1760095500,22.445,22.448,22.427,22.44
1760095560,22.44,22.44,22.42,22.42
1760095620,22.42,22.424,22.392,22.422
1760095680,22.422,22.426,22.401,22.409
1760095740,22.409,22.416,22.397,22.413
1760095800,22.413,22.429,22.41,22.426
1760095860,22.426,22.448,22.422,22.441
1760095920,22.441,22.451,22.438,22.446
1760095980,22.446,22.45,22.433,22.436
1760096040,22.436,22.443,22.415,22.421
1760096100,22.421,22.434,22.419,22.43
1760096160,22.43,22.443,22.42,22.443
1760096220,22.443,22.448,22.432,22.437
1760096280,22.437,22.446,22.42,22.427
1760096340,22.427,22.432,22.416,22.417
1760096400,22.417,22.429,22.401,22.429
1760096460,22.429,22.44,22.423,22.428
1760096520,22.428,22.429,22.387,22.387
1760096580,22.387,22.4,22.384,22.399
1760096640,22.399,22.403,22.394,22.403
1760096700,22.403,22.403,22.388,22.388
1760096760,22.388,22.398,22.388,22.396
1760096820,22.396,22.4,22.388,22.399
1760096880,22.399,22.402,22.38,22.402
1760096940,22.402,22.402,22.382,22.395
1760097000,22.395,22.409,22.387,22.409
1760097060,22.409,22.439,22.406,22.425
1760097120,22.425,22.444,22.425,22.443
1760097180,22.443,22.448,22.424,22.425
1760097240,22.425,22.435,22.42,22.428
1760097300,22.428,22.428,22.41,22.419
1760097360,22.419,22.434,22.419,22.426
1760097420,22.426,22.427,22.411,22.419
1760097480,22.419,22.424,22.401,22.404
1760097540,22.404,22.409,22.396,22.396
1760097600,22.396,22.402,22.392,22.394
1760097660,22.394,22.429,22.394,22.429
1760097720,22.429,22.429,22.41,22.42
1760097780,22.42,22.455,22.416,22.455
1760097840,22.455,22.464,22.436,22.456
1760097900,22.456,22.478,22.453,22.467
1760097960,22.467,22.47,22.443,22.443
1760098020,22.443,22.479,22.443,22.479
1760098080,22.479,22.491,22.476,22.489
1760098140,22.489,22.508,22.483,22.484
1760098200,22.484,22.484,22.438,22.438
1760098260,22.438,22.438,22.399,22.408
1760098320,22.408,22.42,22.397,22.402
1760098380,22.402,22.402,22.379,22.379
1760098440,22.379,22.391,22.379,22.39
1760098500,22.39,22.39,22.353,22.364
1760098560,22.364,22.391,22.362,22.384
1760098620,22.384,22.399,22.381,22.399
1760098680,22.399,22.412,22.396,22.412
1760098740,22.412,22.44,22.412,22.439
1760098800,22.439,22.455,22.439,22.454
1760098860,22.454,22.462,22.442,22.452
1760098920,22.452,22.482,22.452,22.455
1760098980,22.455,22.483,22.455,22.481
1760099040,22.481,22.496,22.476,22.48
1760099100,22.48,22.498,22.48,22.488
1760099160,22.488,22.491,22.462,22.484
1760099220,22.484,22.484,22.457,22.476
1760099280,22.476,22.477,22.466,22.47
1760099340,22.47,22.474,22.444,22.45
1760099400,22.45,22.461,22.44,22.449
1760099460,22.449,22.451,22.437,22.437
1760099520,22.437,22.476,22.432,22.464
1760099580,22.464,22.482,22.457,22.47
1760099640,22.47,22.482,22.465,22.482
1760099700,22.482,22.505,22.481,22.499
1760099760,22.499,22.503,22.485,22.485
1760099820,22.485,22.49,22.462,22.463
1760099880,22.463,22.463,22.429,22.441
1760099940,22.441,22.474,22.441,22.466
1760100000,22.466,22.488,22.464,22.474
1760100060,22.474,22.482,22.449,22.482
1760100120,22.482,22.486,22.465,22.467
1760100180,22.467,22.512,22.463,22.494
1760100240,22.494,22.506,22.471,22.471
1760100300,22.471,22.485,22.466,22.479
1760100360,22.479,22.489,22.479,22.48
1760100420,22.48,22.48,22.46,22.46
1760100480,22.46,22.483,22.46,22.477
1760100540,22.477,22.486,22.472,22.483
1760100600,22.483,22.532,22.483,22.524
1760100660,22.524,22.542,22.513,22.542
1760100720,22.542,22.561,22.533,22.54
1760100780,22.54,22.555,22.54,22.548
1760100840,22.548,22.551,22.53,22.542
1760100900,22.542,22.563,22.542,22.563
1760100960,22.563,22.581,22.559,22.573
1760101020,22.573,22.579,22.556,22.579
1760101080,22.579,22.592,22.574,22.582
1760101140,22.582,22.592,22.582,22.59
1760101200,22.59,22.629,22.59,22.613
1760101260,22.613,22.613,22.588,22.59
1760101320,22.59,22.602,22.59,22.601
1760101380,22.601,22.627,22.601,22.612
1760101440,22.612,22.625,22.608,22.625
1760101500,22.625,22.626,22.568,22.585
1760101560,22.585,22.612,22.583,22.595
1760101620,22.595,22.601,22.564,22.57
1760101680,22.57,22.584,22.566,22.571
1760101740,22.571,22.573,22.545,22.563
1760101800,22.563,22.563,22.527,22.537
1760101860,22.537,22.537,22.517,22.527
1760101920,22.527,22.536,22.521,22.527
1760101980,22.527,22.527,22.517,22.517
1760102040,22.517,22.527,22.517,22.518
1760102100,22.518,22.535,22.518,22.523
1760102160,22.523,22.523,22.496,22.502
1760102220,22.502,22.555,22.5,22.554
1760102280,22.554,22.585,22.549,22.585
1760102340,22.585,22.608,22.571,22.603
1760102400,22.603,22.613,22.589,22.601
1760102460,22.601,22.619,22.601,22.602
1760102520,22.602,22.611,22.596,22.601
1760102580,22.601,22.62,22.597,22.614
1760102640,22.614,22.624,22.608,22.623
1760102700,22.623,22.648,22.623,22.645
1760102760,22.645,22.671,22.642,22.67
1760102820,22.67,22.674,22.654,22.661
1760102880,22.661,22.679,22.656,22.672
1760102940,22.672,22.679,22.665,22.675
1760103000,22.675,22.689,22.618,22.62
1760103060,22.62,22.667,22.62,22.649
1760103120,22.649,22.653,22.622,22.648
1760103180,22.648,22.667,22.637,22.659
1760103240,22.659,22.695,22.659,22.695
1760103300,22.695,22.72,22.674,22.683
1760103360,22.683,22.702,22.663,22.702
1760103420,22.702,22.716,22.667,22.715
1760103480,22.715,22.746,22.715,22.726
1760103540,22.726,22.77,22.726,22.74
1760103600,22.74,22.764,22.731,22.751
1760103660,22.751,22.778,22.738,22.752
1760103720,22.752,22.776,22.729,22.756
1760103780,22.756,22.765,22.708,22.726
1760103840,22.726,22.759,22.704,22.758
1760103900,22.758,22.763,22.711,22.743
1760103960,22.743,22.744,22.706,22.706
1760104020,22.706,22.72,22.675,22.72
1760104080,22.72,22.72,22.695,22.711
1760104140,22.711,22.711,22.608,22.633
1760104200,22.633,22.64,22.596,22.628
1760104260,22.628,22.628,22.56,22.582
1760104320,22.582,22.618,22.574,22.611
1760104380,22.611,22.625,22.563,22.572
1760104440,22.572,22.572,22.527,22.541
1760104500,22.541,22.562,22.537,22.553
1760104560,22.553,22.565,22.539,22.55
1760104620,22.55,22.623,22.547,22.615
1760104680,22.615,22.615,22.588,22.609
1760104740,22.609,22.628,22.607,22.616
1760104800,22.616,22.657,22.616,22.641
1760104860,22.641,22.641,22.543,22.576
1760104920,22.576,22.65,22.57,22.65
1760104980,22.65,22.677,22.642,22.645
1760105040,22.645,22.698,22.645,22.698
1760105100,22.698,22.742,22.691,22.708
1760105160,22.708,22.734,22.703,22.717
1760105220,22.717,22.751,22.717,22.739
1760105280,22.739,22.742,22.687,22.688
1760105340,22.688,22.696,22.669,22.68
1760105400,22.68,22.68,22.655,22.658
1760105460,22.658,22.703,22.653,22.677
1760105520,22.677,22.679,22.643,22.648
1760105580,22.648,22.659,22.593,22.609
1760105640,22.609,22.609,22.568,22.584
1760105700,22.584,22.619,22.573,22.609
1760105760,22.609,22.62,22.55,22.55
1760105820,22.55,22.55,22.471,22.503
1760105880,22.503,22.532,22.474,22.52
1760105940,22.52,22.524,22.485,22.517
1760106000,22.517,22.532,22.479,22.526
1760106060,22.526,22.554,22.508,22.532
1760106120,22.532,22.542,22.495,22.508
1760106180,22.508,22.511,22.47,22.474
1760106240,22.474,22.5,22.47,22.497
1760106300,22.497,22.535,22.474,22.518
1760106360,22.518,22.526,22.501,22.522
1760106420,22.522,22.53,22.496,22.497
1760106480,22.497,22.51,22.476,22.476
1760106540,22.476,22.484,22.462,22.473
1760106600,22.473,22.527,22.443,22.509
1760106660,22.509,22.534,22.5,22.51
1760106720,22.51,22.528,22.491,22.512
1760106780,22.512,22.513,22.486,22.503
1760106840,22.503,22.547,22.498,22.544
1760106900,22.544,22.548,22.49,22.492
1760106960,22.492,22.499,22.459,22.481
1760107020,22.481,22.518,22.481,22.518
1760107080,22.518,22.519,22.483,22.491
1760107140,22.491,22.505,22.479,22.485
1760107200,22.485,22.505,22.482,22.487
1760107260,22.487,22.492,22.464,22.472
1760107320,22.472,22.472,22.443,22.443
1760107380,22.443,22.49,22.442,22.473
1760107440,22.473,22.482,22.463,22.476
1760107500,22.476,22.493,22.456,22.468
1760107560,22.468,22.471,22.434,22.442
1760107620,22.442,22.5,22.441,22.498
1760107680,22.498,22.511,22.495,22.507
1760107740,22.507,22.528,22.497,22.519
1760107800,22.519,22.534,22.508,22.534
1760107860,22.534,22.537,22.516,22.522
1760107920,22.522,22.528,22.495,22.495
1760107980,22.495,22.513,22.494,22.513
1760108040,22.513,22.515,22.476,22.482
1760108100,22.482,22.515,22.482,22.499
1760108160,22.499,22.507,22.493,22.497
1760108220,22.497,22.499,22.332,22.332
1760108280,22.332,22.432,22.243,22.293
1760108340,22.293,22.355,22.261,22.277
1760108400,22.277,22.321,22.242,22.243
1760108460,22.243,22.266,22.128,22.175
1760108520,22.175,22.185,22.061,22.182
1760108580,22.182,22.217,22.1,22.12
1760108640,22.12,22.129,22.034,22.096
1760108700,22.096,22.127,22.035,22.124
1760108760,22.124,22.222,22.08,22.155
1760108820,22.155,22.215,22.126,22.204
1760108880,22.204,22.223,22.15,22.161
1760108940,22.161,22.204,22.147,22.175
1760109000,22.175,22.252,22.164,22.249
1760109060,22.249,22.276,22.233,22.237
1760109120,22.237,22.246,22.176,22.19
1760109180,22.19,22.215,22.16,22.195
1760109240,22.195,22.216,22.158,22.159
1760109300,22.159,22.219,22.15,22.212
1760109360,22.212,22.214,22.129,22.134
1760109420,22.134,22.149,22.047,22.111
1760109480,22.111,22.118,22.007,22.043
1760109540,22.043,22.054,21.977,22.006
1760109600,22.006,22.007,21.939,21.963
1760109660,21.963,21.965,21.81,21.844
1760109720,21.844,21.889,21.793,21.861
1760109780,21.861,21.891,21.721,21.771
1760109840,21.771,21.795,21.666,21.713
1760109900,21.713,21.728,21.627,21.683
1760109960,21.683,21.747,21.612,21.633
1760110020,21.633,21.746,21.621,21.726
1760110080,21.726,21.741,21.657,21.676
1760110140,21.676,21.679,21.578,21.593
1760110200,21.593,21.601,21.402,21.443
1760110260,21.443,21.496,21.188,21.336
1760110320,21.336,21.462,21.319,21.329
1760110380,21.329,21.457,21.317,21.372
1760110440,21.372,21.398,21.192,21.338
1760110500,21.338,21.417,21.319,21.346
1760110560,21.346,21.403,21.302,21.401
1760110620,21.401,21.466,21.342,21.461
1760110680,21.461,21.515,21.426,21.427
1760110740,21.427,21.503,21.422,21.436
1760110800,21.436,21.447,21.328,21.368
1760110860,21.368,21.44,21.324,21.44
1760110920,21.44,21.457,21.397,21.457
1760110980,21.457,21.541,21.445,21.541
1760111040,21.541,21.602,21.535,21.589
1760111100,21.589,21.602,21.502,21.515
1760111160,21.515,21.584,21.489,21.559
1760111220,21.559,21.559,21.487,21.517
1760111280,21.517,21.526,21.479,21.516
1760111340,21.516,21.529,21.458,21.492
1760111400,21.492,21.494,21.442,21.479
1760111460,21.479,21.491,21.419,21.419
1760111520,21.419,21.433,21.387,21.408
1760111580,21.408,21.411,21.373,21.392
1760111640,21.392,21.426,21.358,21.408
1760111700,21.408,21.408,21.343,21.384
1760111760,21.384,21.384,21.322,21.372
1760111820,21.372,21.383,21.335,21.363
1760111880,21.363,21.404,21.328,21.391
1760111940,21.391,21.414,21.329,21.367
1760112000,21.367,21.367,21.26,21.286
1760112060,21.286,21.286,21.218,21.268
1760112120,21.268,21.294,21.225,21.236
1760112180,21.236,21.282,21.218,21.264
1760112240,21.264,21.287,21.213,21.285
1760112300,21.285,21.349,21.275,21.336
1760112360,21.336,21.37,21.315,21.346
1760112420,21.346,21.38,21.327,21.376
1760112480,21.376,21.424,21.371,21.424
1760112540,21.424,21.484,21.422,21.46
1760112600,21.46,21.461,21.397,21.404
1760112660,21.404,21.429,21.381,21.423
1760112720,21.423,21.425,21.367,21.367
1760112780,21.367,21.383,21.347,21.355
1760112840,21.355,21.357,21.329,21.351
1760112900,21.351,21.368,21.331,21.344
1760112960,21.344,21.359,21.314,21.32
1760113020,21.32,21.32,21.291,21.311
1760113080,21.311,21.311,21.27,21.3
1760113140,21.3,21.338,21.272,21.315
1760113200,21.315,21.315,21.278,21.283
1760113260,21.283,21.356,21.276,21.35
1760113320,21.35,21.385,21.342,21.374
1760113380,21.374,21.454,21.373,21.444
1760113440,21.444,21.461,21.42,21.439
1760113500,21.439,21.452,21.407,21.434
1760113560,21.434,21.464,21.434,21.456
1760113620,21.456,21.496,21.454,21.477
1760113680,21.477,21.492,21.471,21.472
1760113740,21.472,21.472,21.43,21.434
1760113800,21.434,21.443,21.408,21.408
1760113860,21.408,21.423,21.373,21.419
1760113920,21.419,21.486,21.415,21.471
1760113980,21.471,21.521,21.463,21.485
1760114040,21.485,21.497,21.461,21.48
1760114100,21.48,21.486,21.438,21.457
1760114160,21.457,21.528,21.455,21.524
1760114220,21.524,21.534,21.516,21.519
1760114280,21.519,21.523,21.497,21.499
1760114340,21.499,21.516,21.488,21.51
1760114400,21.51,21.511,21.474,21.474
1760114460,21.474,21.487,21.427,21.443
1760114520,21.443,21.443,21.398,21.405
1760114580,21.405,21.405,21.364,21.372
1760114640,21.372,21.376,21.314,21.33
1760114700,21.33,21.352,21.293,21.325
1760114760,21.325,21.353,21.295,21.325
1760114820,21.325,21.356,21.304,21.307
1760114880,21.307,21.316,21.243,21.249
1760114940,21.249,21.263,21.233,21.239
1760115000,21.239,21.264,21.22,21.252
1760115060,21.252,21.284,21.246,21.264
1760115120,21.264,21.304,21.254,21.269
1760115180,21.269,21.269,21.215,21.215
1760115240,21.215,21.256,21.211,21.249
1760115300,21.249,21.263,21.204,21.228
1760115360,21.228,21.238,21.211,21.223
1760115420,21.223,21.244,21.215,21.221
1760115480,21.221,21.231,21.188,21.213
1760115540,21.213,21.216,21.192,21.2
1760115600,21.2,21.247,21.176,21.222
1760115660,21.222,21.243,21.2,21.233
1760115720,21.233,21.233,21.2,21.2
1760115780,21.2,21.222,21.181,21.209
1760115840,21.209,21.224,21.168,21.18
1760115900,21.18,21.192,21.154,21.183
1760115960,21.183,21.236,21.178,21.228
1760116020,21.228,21.229,21.164,21.173
1760116080,21.173,21.266,21.17,21.259
1760116140,21.259,21.259,21.232,21.254
1760116200,21.254,21.255,21.215,21.229
1760116260,21.229,21.298,21.205,21.295
1760116320,21.295,21.334,21.295,21.309
1760116380,21.309,21.31,21.24,21.247
1760116440,21.247,21.26,21.228,21.255
1760116500,21.255,21.307,21.255,21.285
1760116560,21.285,21.315,21.276,21.315
1760116620,21.315,21.336,21.3,21.324
1760116680,21.324,21.345,21.316,21.328
1760116740,21.328,21.339,21.312,21.329
1760116800,21.329,21.332,21.277,21.281
1760116860,21.281,21.343,21.274,21.339
1760116920,21.339,21.382,21.335,21.382
1760116980,21.382,21.412,21.381,21.406
1760117040,21.406,21.41,21.353,21.356
1760117100,21.356,21.379,21.347,21.365
1760117160,21.365,21.371,21.321,21.335
1760117220,21.335,21.356,21.328,21.354
1760117280,21.354,21.391,21.35,21.389
1760117340,21.389,21.395,21.347,21.388
1760117400,21.388,21.4,21.369,21.373
1760117460,21.373,21.384,21.361,21.379
1760117520,21.379,21.379,21.327,21.345
1760117580,21.345,21.356,21.321,21.327
1760117640,21.327,21.352,21.327,21.33
1760117700,21.33,21.334,21.291,21.291
1760117760,21.291,21.291,21.255,21.273
1760117820,21.273,21.29,21.218,21.249
1760117880,21.249,21.249,21.21,21.229
1760117940,21.229,21.229,21.195,21.215
1760118000,21.215,21.215,21.183,21.205
1760118060,21.205,21.218,21.185,21.207
1760118120,21.207,21.225,21.203,21.219
1760118180,21.219,21.22,21.184,21.204
1760118240,21.204,21.217,21.19,21.199
1760118300,21.199,21.215,21.166,21.167
1760118360,21.167,21.167,21.072,21.162
1760118420,21.162,21.17,21.138,21.163
1760118480,21.163,21.24,21.163,21.224
1760118540,21.224,21.233,21.179,21.194
1760118600,21.194,21.203,21.156,21.193
1760118660,21.193,21.215,21.179,21.203
1760118720,21.203,21.209,21.157,21.161
1760118780,21.161,21.188,21.161,21.178
1760118840,21.178,21.178,21.152,21.154
1760118900,21.154,21.216,21.152,21.201
1760118960,21.201,21.203,21.15,21.151
1760119020,21.151,21.151,21.117,21.122
1760119080,21.122,21.16,21.122,21.154
1760119140,21.154,21.154,21.127,21.142
1760119200,21.142,21.144,21.094,21.114
1760119260,21.114,21.114,21.084,21.105
1760119320,21.105,21.144,21.102,21.136
1760119380,21.136,21.136,21.085,21.112
1760119440,21.112,21.117,21.1,21.112
1760119500,21.112,21.128,21.09,21.092
1760119560,21.092,21.158,21.092,21.093
1760119620,21.093,21.114,21.065,21.113
1760119680,21.113,21.124,21.073,21.074
1760119740,21.074,21.081,21.045,21.077
1760119800,21.077,21.098,21.073,21.097
1760119860,21.097,21.097,21.063,21.072
1760119920,21.072,21.075,21.046,21.066
1760119980,21.066,21.066,21.025,21.04
1760120040,21.04,21.084,21.032,21.081
1760120100,21.081,21.081,21.054,21.069
1760120160,21.069,21.106,21.067,21.085
1760120220,21.085,21.092,21.057,21.057
1760120280,21.057,21.058,21.011,21.034
1760120340,21.034,21.038,21.007,21.023
1760120400,21.023,21.071,21.022,21.07
1760120460,21.07,21.109,21.066,21.066
1760120520,21.066,21.112,21.055,21.11
1760120580,21.11,21.11,21.077,21.081
1760120640,21.081,21.099,21.061,21.099
1760120700,21.099,21.13,21.099,21.112
1760120760,21.112,21.13,21.106,21.125
1760120820,21.125,21.128,21.095,21.098
1760120880,21.098,21.098,21.057,21.069
1760120940,21.069,21.069,21.039,21.051
1760121000,21.051,21.066,21.043,21.059
1760121060,21.059,21.069,21.053,21.054
1760121120,21.054,21.054,21.03,21.038
1760121180,21.038,21.072,21.031,21.057
1760121240,21.057,21.057,21.024,21.024
1760121300,21.024,21.026,21.014,21.014
1760121360,21.014,21.014,21.007,21.012
1760121420,21.012,21.012,20.983,20.999
1760121480,20.999,21.011,20.986,20.986
1760121540,20.986,21.011,20.928,20.971
1760121600,20.971,21.022,20.942,21.022
1760121660,21.022,21.028,20.986,20.986
1760121720,20.986,21.001,20.971,20.998
1760121780,20.998,21.011,20.993,21
1760121840,21,21.014,20.991,20.994
1760121900,20.994,21.046,20.984,21.017
1760121960,21.017,21.031,20.98,21.006
1760122020,21.006,21.006,20.956,20.956
1760122080,20.956,20.959,20.903,20.905
1760122140,20.905,20.967,20.901,20.966
1760122200,20.966,20.966,20.926,20.94
1760122260,20.94,20.966,20.929,20.963
1760122320,20.963,20.981,20.947,20.947
1760122380,20.947,20.963,20.932,20.937
1760122440,20.937,20.942,20.916,20.939
1760122500,20.939,20.964,20.923,20.963
1760122560,20.963,20.988,20.962,20.969
1760122620,20.969,20.97,20.944,20.944
1760122680,20.944,20.953,20.928,20.933
1760122740,20.933,20.933,20.917,20.92
1760122800,20.92,20.985,20.919,20.962
1760122860,20.962,20.984,20.943,20.98
1760122920,20.98,20.986,20.962,20.981
1760122980,20.981,20.985,20.957,20.974
1760123040,20.974,20.979,20.96,20.975
1760123100,20.975,20.976,20.919,20.944
1760123160,20.944,20.945,20.914,20.934
1760123220,20.934,20.944,20.92,20.924
1760123280,20.924,20.926,20.862,20.887
1760123340,20.887,20.915,20.868,20.886
1760123400,20.886,20.904,20.855,20.904
1760123460,20.904,20.916,20.823,20.843
1760123520,20.843,20.868,20.814,20.868
1760123580,20.868,20.891,20.86,20.862
1760123640,20.862,20.872,20.814,20.823
1760123700,20.823,20.845,20.777,20.838
1760123760,20.838,20.858,20.806,20.836
1760123820,20.836,20.866,20.814,20.843
1760123880,20.843,20.847,20.8,20.81
1760123940,20.81,20.815,20.789,20.804
1760124000,20.804,20.805,20.713,20.752
1760124060,20.752,20.777,20.69,20.723
1760124120,20.723,20.75,20.677,20.742
1760124180,20.742,20.742,20.68,20.703
1760124240,20.703,20.749,20.697,20.747
1760124300,20.747,20.842,20.747,20.793
1760124360,20.793,20.82,20.751,20.754
1760124420,20.754,20.776,20.7,20.701
1760124480,20.701,20.702,20.583,20.629
1760124540,20.629,20.65,20.387,20.387
1760124600,20.387,20.595,20.378,20.586
1760124660,20.586,20.628,20.557,20.563
1760124720,20.563,20.598,20.538,20.538
1760124780,20.538,20.545,20.424,20.476
1760124840,20.476,20.5,20.434,20.5
1760124900,20.5,20.521,20.442,20.517
1760124960,20.517,20.532,20.481,20.527
1760125020,20.527,20.598,20.509,20.563
1760125080,20.563,20.623,20.563,20.577
1760125140,20.577,20.589,20.521,20.552
1760125200,20.552,20.607,20.54,20.559
1760125260,20.559,20.659,20.54,20.659
1760125320,20.659,20.67,20.585,20.614
1760125380,20.614,20.665,20.606,20.633
1760125440,20.633,20.693,20.623,20.677
1760125500,20.677,20.739,20.677,20.695
1760125560,20.695,20.704,20.651,20.653
1760125620,20.653,20.708,20.645,20.704
1760125680,20.704,20.752,20.7,20.749
1760125740,20.749,20.762,20.721,20.742
1760125800,20.742,20.746,20.669,20.674
1760125860,20.674,20.679,20.586,20.588
1760125920,20.588,20.626,20.565,20.569
1760125980,20.569,20.606,20.526,20.535
1760126040,20.535,20.564,20.487,20.518
1760126100,20.518,20.535,20.476,20.535
1760126160,20.535,20.535,20.489,20.523
1760126220,20.523,20.571,20.518,20.559
1760126280,20.559,20.56,20.494,20.523
1760126340,20.523,20.523,20.465,20.481
1760126400,20.481,20.507,20.466,20.493
1760126460,20.493,20.525,20.464,20.507
1760126520,20.507,20.532,20.484,20.529
1760126580,20.529,20.567,20.496,20.566
1760126640,20.566,20.624,20.562,20.62
1760126700,20.62,20.62,20.543,20.578
1760126760,20.578,20.615,20.565,20.591
1760126820,20.591,20.593,20.536,20.56
1760126880,20.56,20.575,20.536,20.536
1760126940,20.536,20.54,20.518,20.52
1760127000,20.52,20.531,20.504,20.531
1760127060,20.531,20.55,20.522,20.544
1760127120,20.544,20.647,20.543,20.641
1760127180,20.641,20.642,20.558,20.585
1760127240,20.585,20.599,20.566,20.572
1760127300,20.572,20.572,20.515,20.538
1760127360,20.538,20.572,20.536,20.54
1760127420,20.54,20.562,20.512,20.528
1760127480,20.528,20.54,20.497,20.522
1760127540,20.522,20.532,20.511,20.523
1760127600,20.523,20.55,20.508,20.55
1760127660,20.55,20.584,20.548,20.567
1760127720,20.567,20.609,20.567,20.603
1760127780,20.603,20.641,20.603,20.628
1760127840,20.628,20.629,20.594,20.595
1760127900,20.595,20.614,20.582,20.612
1760127960,20.612,20.644,20.611,20.644
1760128020,20.644,20.674,20.632,20.653
1760128080,20.653,20.675,20.629,20.638
1760128140,20.638,20.659,20.633,20.657
1760128200,20.657,20.657,20.625,20.635
1760128260,20.635,20.635,20.589,20.599
1760128320,20.599,20.615,20.585,20.6
1760128380,20.6,20.611,20.584,20.609
1760128440,20.609,20.617,20.593,20.607
1760128500,20.607,20.611,20.547,20.557
1760128560,20.557,20.56,20.54,20.552
1760128620,20.552,20.593,20.539,20.57
1760128680,20.57,20.607,20.569,20.582
1760128740,20.582,20.611,20.582,20.583
1760128800,20.583,20.609,20.581,20.596
1760128860,20.596,20.607,20.592,20.596
1760128920,20.596,20.609,20.582,20.582
1760128980,20.582,20.623,20.58,20.613
1760129040,20.613,20.635,20.596,20.609
1760129100,20.609,20.641,20.609,20.62
1760129160,20.62,20.627,20.572,20.578
1760129220,20.578,20.644,20.575,20.635
1760129280,20.635,20.664,20.632,20.663
1760129340,20.663,20.684,20.661,20.679
1760129400,20.679,20.679,20.422,20.46
1760129460,20.46,20.524,20.356,20.426
1760129520,20.426,20.433,20.215,20.287
1760129580,20.287,20.375,20.053,20.075
1760129640,20.075,20.236,20.031,20.236
1760129700,20.236,20.273,20.014,20.019
1760129760,20.019,20.083,19.592,19.989
1760129820,19.989,20.053,19.868,19.946
1760129880,19.946,20,19.718,19.726
1760129940,19.726,19.889,19.1,19.498
1760130000,19.498,19.611,19.253,19.341
1760130060,19.341,19.693,19.341,19.683
1760130120,19.683,19.748,19.587,19.662
1760130180,19.662,19.752,19.584,19.604
1760130240,19.604,19.698,19.574,19.678
1760130300,19.678,19.718,19.56,19.59
1760130360,19.59,19.646,19.534,19.548
1760130420,19.548,19.671,19.529,19.581
1760130480,19.581,19.602,19.483,19.536
1760130540,19.536,19.671,19.531,19.585
1760130600,19.585,19.637,19.472,19.518
1760130660,19.518,19.559,19.321,19.343
1760130720,19.343,19.447,18.968,18.968
1760130780,18.968,18.976,17.967,18.424
1760130840,18.424,18.515,17.322,17.952
1760130900,17.952,18.13,17.5,17.523
1760130960,17.523,17.581,16,16.001
1760131020,16.001,16.405,14.925,15.894
1760131080,15.894,16.146,13.425,13.483
1760131140,13.483,13.499,10.435,10.917
1760131200,10.917,10.948,8.249,8.305
1760131260,8.305,9.058,7.626,9.046
1760131320,9.046,10.283,8.976,10.283
1760131380,10.283,11.185,10.208,11.094
1760131440,11.094,11.545,10.903,11.529
1760131500,11.529,11.826,10.912,11.406
1760131560,11.406,11.96,11.358,11.896
1760131620,11.896,12.456,11.827,12.232
1760131680,12.232,12.729,12.139,12.539
1760131740,12.539,13.105,12.501,12.783
1760131800,12.783,13.154,12.683,13.078
1760131860,13.078,13.632,12.821,12.999
1760131920,12.999,13.64,12.954,13.526
1760131980,13.526,14.117,13.376,13.967
1760132040,13.967,13.97,13.443,13.741
1760132100,13.741,14.117,13.639,13.836
1760132160,13.836,14.241,13.5,14.022
1760132220,14.022,14.502,13.797,14.326
1760132280,14.326,14.64,13.82,13.885
1760132340,13.885,14.18,13.788,13.852
1760132400,13.852,14.26,13.78,14.206
1760132460,14.206,15.009,14.12,14.87
1760132520,14.87,15.091,14.697,15.079
1760132580,15.079,16.047,15.057,15.926
1760132640,15.926,17.401,15.903,16.429
1760132700,16.429,16.702,16.164,16.421
1760132760,16.421,16.735,16.325,16.715
1760132820,16.715,16.72,15.421,15.594
1760132880,15.594,15.948,15.441,15.849
1760132940,15.849,16.243,15.743,16.006
1760133000,16.006,16.175,15.87,16.175
1760133060,16.175,16.566,16.141,16.566
1760133120,16.566,16.786,16.261,16.611
1760133180,16.611,16.689,15.916,15.972
1760133240,15.972,16.646,15.919,16.286
1760133300,16.286,16.759,16.236,16.429
1760133360,16.429,16.661,16.321,16.624
1760133420,16.624,16.779,16.323,16.529
1760133480,16.529,16.698,16.444,16.474
1760133540,16.474,16.711,16.349,16.443
1760133600,16.443,16.715,15.904,16.057
1760133660,16.057,16.228,15.699,15.942
1760133720,15.942,16.176,15.792,16.064
1760133780,16.064,16.114,15.45,15.526
1760133840,15.526,15.844,15.372,15.372
1760133900,15.372,15.48,14.507,14.553
1760133960,14.553,15.601,14.544,15.311
1760134020,15.311,15.558,15.18,15.457
1760134080,15.457,15.734,15.35,15.7
1760134140,15.7,15.93,15.572,15.809
1760134200,15.809,15.891,15.657,15.79
1760134260,15.79,15.9,15.666,15.782
1760134320,15.782,15.944,15.718,15.834
1760134380,15.834,16.171,15.725,15.831
1760134440,15.831,15.962,15.679,15.938
1760134500,15.938,15.957,15.74,15.758
1760134560,15.758,16.041,15.758,15.954
1760134620,15.954,16.176,15.76,15.84
1760134680,15.84,15.965,15.731,15.764
1760134740,15.764,15.803,15.156,15.708
1760134800,15.708,15.789,15.605,15.62
1760134860,15.62,15.682,15.409,15.56
1760134920,15.56,15.692,15.417,15.558
1760134980,15.558,15.699,15.289,15.492
1760135040,15.492,15.602,15.289,15.432
1760135100,15.432,15.573,15.224,15.345
1760135160,15.345,15.429,15.006,15.107
1760135220,15.107,15.231,15.012,15.187
1760135280,15.187,15.491,15.115,15.342
1760135340,15.342,15.443,15.243,15.346
1760135400,15.346,15.436,15.175,15.255
1760135460,15.255,15.467,15.225,15.418
1760135520,15.418,15.445,15.213,15.299
1760135580,15.299,15.358,15.081,15.122
1760135640,15.122,15.4,15.102,15.352
1760135700,15.352,15.388,15.271,15.354
1760135760,15.354,15.437,15.262,15.32
1760135820,15.32,15.409,15.221,15.321
1760135880,15.321,15.396,15.252,15.369
1760135940,15.369,15.589,15.327,15.483
1760136000,15.483,15.562,15.399,15.505
1760136060,15.505,15.561,15.408,15.477
1760136120,15.477,15.596,15.395,15.582
1760136180,15.582,15.734,15.551,15.669
1760136240,15.669,15.818,15.652,15.686
1760136300,15.686,15.893,15.665,15.843
1760136360,15.843,15.912,15.794,15.84
1760136420,15.84,15.982,15.806,15.902
1760136480,15.902,16.086,15.887,16.015
1760136540,16.015,16.025,15.862,15.972
1760136600,15.972,16.069,15.893,15.952
1760136660,15.952,16.105,15.895,16.037
1760136720,16.037,16.183,15.977,16.077
1760136780,16.077,16.15,15.977,16.056
1760136840,16.056,16.226,16.022,16.13
1760136900,16.13,16.19,16.027,16.171
1760136960,16.171,16.299,16.122,16.224
1760137020,16.224,16.414,16.128,16.409
1760137080,16.409,16.511,16.356,16.472
1760137140,16.472,16.565,16.449,16.556
1760137200,16.556,16.676,16.479,16.648
1760137260,16.648,16.826,16.645,16.749
1760137320,16.749,16.78,16.572,16.708
1760137380,16.708,16.759,16.605,16.68
1760137440,16.68,16.711,16.503,16.559
1760137500,16.559,16.586,16.198,16.403
1760137560,16.403,16.515,16.338,16.41
1760137620,16.41,16.543,16.353,16.527
1760137680,16.527,16.603,16.463,16.56
1760137740,16.56,16.702,16.506,16.602
1760137800,16.602,16.713,16.572,16.59
1760137860,16.59,16.632,16.373,16.386
1760137920,16.386,16.604,16.365,16.6
1760137980,16.6,16.679,16.517,16.597
1760138040,16.597,16.68,16.559,16.663
1760138100,16.663,16.826,16.626,16.822
1760138160,16.822,16.961,16.8,16.911
1760138220,16.911,17.061,16.91,17.038
1760138280,17.038,17.19,17.017,17.177
1760138340,17.177,17.265,17.065,17.261
1760138400,17.261,17.343,17.137,17.318
1760138460,17.318,17.5,17.265,17.452
1760138520,17.452,17.574,17.424,17.569
1760138580,17.569,17.569,17.386,17.492
1760138640,17.492,17.734,17.492,17.514
1760138700,17.514,17.613,17.508,17.578
1760138760,17.578,17.747,17.571,17.653
1760138820,17.653,17.73,17.594,17.703
1760138880,17.703,17.805,17.632,17.751
1760138940,17.751,17.826,17.7,17.77
1760139000,17.77,17.897,17.752,17.849
1760139060,17.849,18.135,17.803,17.956
1760139120,17.956,18.019,17.661,17.702
1760139180,17.702,17.927,17.7,17.83
1760139240,17.83,17.862,17.746,17.785
1760139300,17.785,17.885,17.662,17.84
1760139360,17.84,17.892,17.732,17.799
1760139420,17.799,17.922,17.776,17.798
1760139480,17.798,17.814,17.707,17.751
1760139540,17.751,17.894,17.706,17.843
1760139600,17.843,17.893,17.756,17.785
1760139660,17.785,17.866,17.778,17.788
1760139720,17.788,17.937,17.776,17.872
1760139780,17.872,17.938,17.735,17.871
1760139840,17.871,18.077,17.799,17.934
1760139900,17.934,17.951,17.8,17.813
1760139960,17.813,17.908,17.791,17.855
1760140020,17.855,17.862,17.612,17.769
1760140080,17.769,17.82,17.716,17.784
1760140140,17.784,17.828,17.636,17.731
1760140200,17.731,17.731,17.56,17.576
1760140260,17.576,17.633,17.372,17.525
1760140320,17.525,17.553,17.31,17.348
1760140380,17.348,17.429,17.221,17.41
1760140440,17.41,17.444,17.277,17.402
1760140500,17.402,17.621,17.302,17.361
1760140560,17.361,17.406,17.31,17.31
1760140620,17.31,17.34,17.179,17.289
1760140680,17.289,17.348,17.262,17.293
1760140740,17.293,17.39,17.251,17.365
1762128000,17.577,17.625,17.577,17.59
1762128060,17.59,17.653,17.59,17.643
1762128120,17.643,17.643,17.578,17.581
1762128180,17.581,17.581,17.541,17.548
1762128240,17.548,17.592,17.54,17.59
1762128300,17.59,17.624,17.59,17.607
1762128360,17.607,17.63,17.607,17.625
1762128420,17.625,17.629,17.6,17.621
1762128480,17.621,17.631,17.607,17.607
1762128540,17.607,17.633,17.6,17.633
1762128600,17.633,17.644,17.623,17.625
1762128660,17.625,17.629,17.61,17.621
1762128720,17.621,17.632,17.586,17.593
1762128780,17.593,17.614,17.591,17.612
1762128840,17.612,17.629,17.61,17.625
1762128900,17.625,17.626,17.603,17.611
1762128960,17.611,17.631,17.596,17.622
1762129020,17.622,17.631,17.608,17.608
1762129080,17.608,17.649,17.608,17.633
1762129140,17.633,17.635,17.614,17.614
1762129200,17.614,17.618,17.597,17.604
1762129260,17.604,17.61,17.559,17.56
1762129320,17.56,17.589,17.56,17.578
1762129380,17.578,17.582,17.54,17.543
1762129440,17.543,17.557,17.516,17.518
1762129500,17.518,17.531,17.512,17.522
1762129560,17.522,17.524,17.493,17.493
1762129620,17.493,17.512,17.49,17.492
1762129680,17.492,17.515,17.492,17.498
1762129740,17.498,17.526,17.498,17.512
1762129800,17.512,17.516,17.487,17.487
1762129860,17.487,17.493,17.458,17.474
1762129920,17.474,17.489,17.473,17.481
1762129980,17.481,17.483,17.468,17.469
1762130040,17.469,17.469,17.459,17.463
1762130100,17.463,17.479,17.462,17.462
1762130160,17.462,17.463,17.442,17.451
1762130220,17.451,17.458,17.447,17.457
1762130280,17.457,17.465,17.455,17.46
1762130340,17.46,17.463,17.447,17.447
1762130400,17.447,17.453,17.436,17.437
1762130460,17.437,17.441,17.426,17.435
1762130520,17.435,17.439,17.428,17.439
1762130580,17.439,17.453,17.417,17.432
1762130640,17.432,17.449,17.432,17.443
1762130700,17.443,17.464,17.443,17.447
1762130760,17.447,17.447,17.436,17.436
1762130820,17.436,17.436,17.404,17.419
1762130880,17.419,17.426,17.395,17.416
1762130940,17.416,17.416,17.396,17.397
1762131000,17.397,17.426,17.396,17.409
1762131060,17.409,17.414,17.398,17.404
1762131120,17.404,17.404,17.361,17.372
1762131180,17.372,17.373,17.36,17.363
1762131240,17.363,17.363,17.331,17.334
1762131300,17.334,17.334,17.284,17.303
1762131360,17.303,17.312,17.263,17.286
1762131420,17.286,17.286,17.263,17.276
1762131480,17.276,17.284,17.25,17.284
1762131540,17.284,17.303,17.263,17.263
1762131600,17.263,17.263,17.198,17.233
1762131660,17.233,17.262,17.21,17.254
1762131720,17.254,17.273,17.211,17.216
1762131780,17.216,17.244,17.21,17.241
1762131840,17.241,17.251,17.228,17.234
1762131900,17.234,17.243,17.224,17.235
1762131960,17.235,17.283,17.235,17.248
1762132020,17.248,17.249,17.211,17.216
1762132080,17.216,17.265,17.214,17.261
1762132140,17.261,17.279,17.239,17.275
1762132200,17.275,17.282,17.249,17.282
1762132260,17.282,17.284,17.263,17.265
1762132320,17.265,17.265,17.233,17.236
1762132380,17.236,17.247,17.225,17.234
1762132440,17.234,17.242,17.224,17.23
1762132500,17.23,17.245,17.209,17.212
1762132560,17.212,17.246,17.192,17.244
1762132620,17.244,17.244,17.221,17.222
1762132680,17.222,17.228,17.204,17.215
1762132740,17.215,17.215,17.187,17.204
1762132800,17.204,17.209,17.184,17.187
1762132860,17.187,17.206,17.166,17.166
1762132920,17.166,17.171,17.131,17.149
1762132980,17.149,17.15,17.129,17.148
1762133040,17.148,17.148,17.124,17.127
1762133100,17.127,17.127,17.097,17.116
1762133160,17.116,17.117,17.101,17.101
1762133220,17.101,17.137,17.101,17.128
1762133280,17.128,17.153,17.127,17.145
1762133340,17.145,17.157,17.123,17.123
1762133400,17.123,17.14,17.097,17.132
1762133460,17.132,17.149,17.105,17.131
1762133520,17.131,17.139,17.123,17.135
1762133580,17.135,17.138,17.115,17.115
1762133640,17.115,17.116,17.094,17.098
1762133700,17.098,17.098,17.041,17.053
1762133760,17.053,17.059,17.008,17.035
1762133820,17.035,17.038,17.016,17.024
1762133880,17.024,17.09,17.022,17.083
1762133940,17.083,17.083,17.049,17.054
1762134000,17.054,17.071,17.044,17.063
1762134060,17.063,17.063,17.035,17.042
1762134120,17.042,17.058,17.034,17.055
1762134180,17.055,17.073,17.055,17.065
1762134240,17.065,17.085,17.063,17.072
1762134300,17.072,17.119,17.064,17.116
1762134360,17.116,17.116,17.076,17.102
1762134420,17.102,17.105,17.059,17.059
1762134480,17.059,17.086,17.053,17.055
1762134540,17.055,17.055,17.038,17.048
1762134600,17.048,17.06,17.026,17.028
1762134660,17.028,17.044,17.014,17.036
1762134720,17.036,17.047,17.009,17.035
1762134780,17.035,17.048,17.035,17.047
1762134840,17.047,17.047,17.032,17.046
1762134900,17.046,17.053,17.046,17.047
1762134960,17.047,17.052,17.023,17.034
1762135020,17.034,17.038,17.026,17.034
1762135080,17.034,17.055,17.029,17.038
1762135140,17.038,17.055,17.038,17.05
1762135200,17.05,17.067,17.039,17.067
1762135260,17.067,17.069,17.046,17.053
1762135320,17.053,17.053,17.024,17.027
1762135380,17.027,17.027,17,17.001
1762135440,17.001,17.001,16.937,16.977
1762135500,16.977,16.997,16.968,16.984
1762135560,16.984,16.984,16.928,16.937
1762135620,16.937,16.937,16.895,16.912
1762135680,16.912,16.976,16.899,16.965
1762135740,16.965,16.965,16.915,16.927
1762135800,16.927,16.948,16.918,16.931
1762135860,16.931,16.937,16.917,16.919
1762135920,16.919,16.95,16.914,16.95
1762135980,16.95,17.004,16.95,16.997
1762136040,16.997,17.007,16.989,16.989
1762136100,16.989,16.989,16.948,16.953
1762136160,16.953,16.953,16.908,16.915
1762136220,16.915,16.922,16.897,16.91
1762136280,16.91,16.926,16.907,16.924
1762136340,16.924,16.935,16.919,16.932
1762136400,16.932,16.97,16.932,16.965
1762136460,16.965,16.971,16.927,16.964
1762136520,16.964,16.964,16.924,16.931
1762136580,16.931,16.965,16.931,16.934
1762136640,16.934,16.952,16.934,16.952
1762136700,16.952,16.964,16.939,16.943
1762136760,16.943,16.951,16.907,16.907
1762136820,16.907,16.911,16.856,16.873
1762136880,16.873,16.879,16.837,16.864
1762136940,16.864,16.864,16.831,16.838
1762137000,16.838,16.838,16.81,16.817
1762137060,16.817,16.845,16.794,16.822
1762137120,16.822,16.856,16.773,16.854
1762137180,16.854,16.854,16.8,16.826
1762137240,16.826,16.866,16.822,16.85
1762137300,16.85,16.874,16.82,16.845
1762137360,16.845,16.855,16.821,16.839
1762137420,16.839,16.842,16.812,16.815
1762137480,16.815,16.824,16.751,16.817
1762137540,16.817,16.822,16.779,16.779
1762137600,16.779,16.804,16.769,16.79
1762137660,16.79,16.812,16.788,16.802
1762137720,16.802,16.811,16.788,16.802
1762137780,16.802,16.818,16.785,16.796
1762137840,16.796,16.833,16.793,16.82
1762137900,16.82,16.844,16.801,16.813
1762137960,16.813,16.813,16.789,16.798
1762138020,16.798,16.812,16.776,16.812
1762138080,16.812,16.823,16.8,16.809
1762138140,16.809,16.809,16.771,16.775
1762138200,16.775,16.8,16.769,16.779
1762138260,16.779,16.838,16.773,16.834
1762138320,16.834,16.849,16.821,16.822
1762138380,16.822,16.864,16.822,16.842
1762138440,16.842,16.898,16.841,16.893
1762138500,16.893,16.929,16.891,16.898
1762138560,16.898,16.899,16.845,16.847
1762138620,16.847,16.854,16.828,16.831
1762138680,16.831,16.847,16.822,16.841
1762138740,16.841,16.841,16.827,16.837
1762138800,16.837,16.868,16.834,16.861
1762138860,16.861,16.864,16.846,16.853
1762138920,16.853,16.882,16.853,16.862
1762138980,16.862,16.887,16.859,16.865
1762139040,16.865,16.865,16.839,16.858
1762139100,16.858,16.867,16.835,16.835
1762139160,16.835,16.842,16.807,16.816
1762139220,16.816,16.826,16.805,16.819
1762139280,16.819,16.82,16.761,16.775
1762139340,16.775,16.779,16.715,16.726
1762139400,16.726,16.727,16.667,16.701
1762139460,16.701,16.703,16.614,16.646
1762139520,16.646,16.67,16.579,16.668
1762139580,16.668,16.672,16.596,16.607
1762139640,16.607,16.62,16.561,16.6
1762139700,16.6,16.628,16.579,16.603
1762139760,16.603,16.62,16.59,16.607
1762139820,16.607,16.617,16.588,16.604
1762139880,16.604,16.657,16.6,16.642
1762139940,16.642,16.654,16.593,16.596
1762140000,16.596,16.622,16.588,16.588
1762140060,16.588,16.597,16.546,16.554
1762140120,16.554,16.578,16.527,16.54
1762140180,16.54,16.563,16.518,16.528
1762140240,16.528,16.562,16.515,16.555
1762140300,16.555,16.556,16.528,16.529
1762140360,16.529,16.534,16.51,16.515
1762140420,16.515,16.534,16.504,16.534
1762140480,16.534,16.548,16.524,16.529
1762140540,16.529,16.535,16.508,16.523
1762140600,16.523,16.523,16.409,16.452
1762140660,16.452,16.487,16.421,16.477
1762140720,16.477,16.484,16.385,16.449
1762140780,16.449,16.492,16.436,16.474
1762140840,16.474,16.5,16.462,16.477
1762140900,16.477,16.521,16.477,16.5
1762140960,16.5,16.5,16.457,16.463
1762141020,16.463,16.496,16.451,16.492
1762141080,16.492,16.536,16.49,16.492
1762141140,16.492,16.499,16.476,16.48
1762141200,16.48,16.514,16.468,16.492
1762141260,16.492,16.512,16.492,16.496
1762141320,16.496,16.496,16.47,16.47
1762141380,16.47,16.496,16.455,16.465
1762141440,16.465,16.481,16.454,16.457
1762141500,16.457,16.457,16.387,16.404
1762141560,16.404,16.418,16.359,16.369
1762141620,16.369,16.411,16.369,16.41
1762141680,16.41,16.438,16.392,16.401
1762141740,16.401,16.406,16.39,16.393
1762141800,16.393,16.415,16.384,16.404
1762141860,16.404,16.411,16.382,16.395
1762141920,16.395,16.402,16.339,16.394
1762141980,16.394,16.401,16.355,16.364
1762142040,16.364,16.375,16.328,16.366
1762142100,16.366,16.38,16.363,16.371
1762142160,16.371,16.371,16.323,16.341
1762142220,16.341,16.382,16.341,16.364
1762142280,16.364,16.366,16.34,16.341
1762142340,16.341,16.358,16.34,16.351
1762142400,16.351,16.351,16.257,16.295
1762142460,16.295,16.307,16.263,16.286
1762142520,16.286,16.31,16.281,16.286
1762142580,16.286,16.31,16.272,16.283
1762142640,16.283,16.287,16.26,16.274
1762142700,16.274,16.285,16.231,16.264
1762142760,16.264,16.27,16.203,16.203
1762142820,16.203,16.227,16.17,16.18
1762142880,16.18,16.24,16.172,16.222
1762142940,16.222,16.236,16.193,16.228
1762143000,16.228,16.27,16.227,16.248
1762143060,16.248,16.248,16.211,16.222
1762143120,16.222,16.227,16.204,16.21
1762143180,16.21,16.244,16.207,16.228
1762143240,16.228,16.258,16.221,16.256
1762143300,16.256,16.274,16.251,16.267
1762143360,16.267,16.267,16.211,16.215
1762143420,16.215,16.225,16.194,16.221
1762143480,16.221,16.227,16.195,16.212
1762143540,16.212,16.212,16.183,16.199
1762143600,16.199,16.225,16.189,16.201
1762143660,16.201,16.212,16.176,16.2
1762143720,16.2,16.232,16.179,16.225
1762143780,16.225,16.27,16.225,16.27
1762143840,16.27,16.283,16.247,16.247
1762143900,16.247,16.263,16.228,16.251
1762143960,16.251,16.253,16.224,16.241
1762144020,16.241,16.259,16.219,16.224
1762144080,16.224,16.275,16.224,16.268
1762144140,16.268,16.28,16.233,16.233
1762144200,16.233,16.233,16.194,16.204
1762144260,16.204,16.212,16.195,16.203
1762144320,16.203,16.223,16.189,16.212
1762144380,16.212,16.236,16.21,16.236
1762144440,16.236,16.251,16.228,16.235
1762144500,16.235,16.255,16.228,16.255
1762144560,16.255,16.278,16.211,16.213
1762144620,16.213,16.231,16.208,16.222
1762144680,16.222,16.24,16.213,16.231
1762144740,16.231,16.253,16.229,16.251
1762144800,16.251,16.251,16.229,16.238
1762144860,16.238,16.242,16.214,16.223
1762144920,16.223,16.247,16.219,16.235
1762144980,16.235,16.247,16.214,16.221
1762145040,16.221,16.231,16.198,16.201
1762145100,16.201,16.221,16.2,16.209
1762145160,16.209,16.222,16.197,16.218
1762145220,16.218,16.218,16.201,16.21
1762145280,16.21,16.223,16.197,16.221
1762145340,16.221,16.245,16.217,16.244
1762145400,16.244,16.281,16.24,16.277
1762145460,16.277,16.297,16.275,16.297
1762145520,16.297,16.328,16.297,16.324
1762145580,16.324,16.365,16.319,16.364
1762145640,16.364,16.397,16.359,16.371
1762145700,16.371,16.379,16.355,16.375
1762145760,16.375,16.377,16.355,16.374
1762145820,16.374,16.387,16.361,16.379
1762145880,16.379,16.387,16.375,16.381
1762145940,16.381,16.398,16.371,16.393
1762146000,16.393,16.402,16.384,16.397
1762146060,16.397,16.407,16.389,16.392
1762146120,16.392,16.4,16.379,16.383
1762146180,16.383,16.413,16.38,16.381
1762146240,16.381,16.398,16.371,16.398
1762146300,16.398,16.445,16.393,16.445
1762146360,16.445,16.476,16.438,16.466
1762146420,16.466,16.481,16.463,16.466
1762146480,16.466,16.494,16.459,16.488
1762146540,16.488,16.506,16.477,16.502
1762146600,16.502,16.506,16.491,16.501
1762146660,16.501,16.501,16.456,16.457
1762146720,16.457,16.457,16.433,16.436
1762146780,16.436,16.472,16.432,16.461
1762146840,16.461,16.504,16.454,16.48
1762146900,16.48,16.491,16.457,16.483
1762146960,16.483,16.487,16.45,16.45
1762147020,16.45,16.45,16.41,16.413
1762147080,16.413,16.43,16.402,16.405
1762147140,16.405,16.412,16.391,16.393
1762147200,16.393,16.404,16.388,16.4
1762147260,16.4,16.4,16.372,16.385
1762147320,16.385,16.41,16.369,16.389
1762147380,16.389,16.389,16.35,16.359
1762147440,16.359,16.381,16.357,16.37
1762147500,16.37,16.387,16.352,16.362
1762147560,16.362,16.395,16.358,16.385
1762147620,16.385,16.396,16.378,16.393
1762147680,16.393,16.403,16.386,16.4
1762147740,16.4,16.4,16.377,16.378
1762147800,16.378,16.388,16.372,16.377
1762147860,16.377,16.39,16.364,16.385
1762147920,16.385,16.385,16.362,16.367
1762147980,16.367,16.372,16.353,16.366
1762148040,16.366,16.368,16.338,16.353
1762148100,16.353,16.364,16.308,16.313
1762148160,16.313,16.313,16.264,16.278
1762148220,16.278,16.278,16.255,16.261
1762148280,16.261,16.263,16.217,16.219
1762148340,16.219,16.228,16.211,16.223
1762148400,16.223,16.223,16.195,16.211
1762148460,16.211,16.219,16.205,16.218
1762148520,16.218,16.225,16.206,16.216
1762148580,16.216,16.216,16.186,16.204
1762148640,16.204,16.204,16.181,16.196
1762148700,16.196,16.201,16.164,16.176
1762148760,16.176,16.191,16.175,16.18
1762148820,16.18,16.187,16.175,16.183
1762148880,16.183,16.183,16.169,16.18
1762148940,16.18,16.18,16.156,16.173
1762149000,16.173,16.187,16.166,16.184
1762149060,16.184,16.188,16.165,16.186
1762149120,16.186,16.192,16.163,16.173
1762149180,16.173,16.19,16.168,16.174
1762149240,16.174,16.183,16.167,16.172
1762149300,16.172,16.185,16.172,16.183
1762149360,16.183,16.193,16.183,16.187
1762149420,16.187,16.187,16.171,16.172
1762149480,16.172,16.181,16.163,16.164
1762149540,16.164,16.169,16.163,16.167
1762149600,16.167,16.167,16.113,16.143
1762149660,16.143,16.156,16.134,16.136
1762149720,16.136,16.166,16.132,16.163
1762149780,16.163,16.164,16.142,16.164
1762149840,16.164,16.188,16.151,16.159
1762149900,16.159,16.178,16.151,16.17
1762149960,16.17,16.171,16.145,16.146
1762150020,16.146,16.152,16.135,16.143
1762150080,16.143,16.168,16.138,16.168
1762150140,16.168,16.185,16.137,16.137
1762150200,16.137,16.137,16.076,16.088
1762150260,16.088,16.089,16.016,16.032
1762150320,16.032,16.067,16.029,16.061
1762150380,16.061,16.072,16.034,16.049
1762150440,16.049,16.062,16.046,16.062
1762150500,16.062,16.08,16.045,16.078
1762150560,16.078,16.102,16.072,16.102
1762150620,16.102,16.138,16.088,16.138
1762150680,16.138,16.143,16.111,16.111
1762150740,16.111,16.111,16.085,16.098
1762150800,16.098,16.13,16.091,16.121
1762150860,16.121,16.134,16.108,16.132
1762150920,16.132,16.132,16.081,16.087
1762150980,16.087,16.125,16.083,16.118
1762151040,16.118,16.159,16.116,16.132
1762151100,16.132,16.157,16.129,16.133
1762151160,16.133,16.133,16.098,16.103
1762151220,16.103,16.121,16.1,16.112
1762151280,16.112,16.122,16.103,16.118
1762151340,16.118,16.123,16.104,16.106
1762151400,16.106,16.108,16.078,16.094
1762151460,16.094,16.094,16.072,16.086
1762151520,16.086,16.088,16.063,16.07
1762151580,16.07,16.083,16.062,16.063
1762151640,16.063,16.108,16.063,16.079
1762151700,16.079,16.114,16.067,16.111
1762151760,16.111,16.115,16.092,16.096
1762151820,16.096,16.113,16.096,16.102
1762151880,16.102,16.113,16.065,16.072
1762151940,16.072,16.072,16.035,16.041
1762152000,16.041,16.065,16.039,16.042
1762152060,16.042,16.043,15.982,15.99
1762152120,15.99,16.022,15.99,16.014
1762152180,16.014,16.014,15.967,16.001
1762152240,16.001,16.003,15.986,15.987
1762152300,15.987,15.997,15.957,15.968
1762152360,15.968,15.972,15.906,15.927
1762152420,15.927,15.944,15.863,15.901
1762152480,15.901,15.916,15.848,15.883
1762152540,15.883,15.972,15.878,15.969
1762152600,15.969,16.023,15.959,16.019
1762152660,16.019,16.072,16.008,16.059
1762152720,16.059,16.081,16.053,16.063
1762152780,16.063,16.063,16.007,16.031
1762152840,16.031,16.031,15.989,15.989
1762152900,15.989,16.01,15.974,15.977
1762152960,15.977,16.003,15.975,16.003
1762153020,16.003,16.048,15.999,16.047
1762153080,16.047,16.056,16.045,16.051
1762153140,16.051,16.071,16.042,16.057
1762153200,16.057,16.057,16.019,16.019
1762153260,16.019,16.043,16.017,16.033
1762153320,16.033,16.036,15.993,16.033
1762153380,16.033,16.047,16.014,16.022
1762153440,16.022,16.036,16.017,16.018
1762153500,16.018,16.069,16.018,16.032
1762153560,16.032,16.034,15.994,16.02
1762153620,16.02,16.038,16.009,16.026
1762153680,16.026,16.051,16.016,16.05
1762153740,16.05,16.069,16.047,16.065
1762153800,16.065,16.081,16.058,16.081
1762153860,16.081,16.081,16.058,16.065
1762153920,16.065,16.095,16.057,16.076
1762153980,16.076,16.107,16.073,16.096
1762154040,16.096,16.109,16.087,16.103
1762154100,16.103,16.142,16.1,16.142
1762154160,16.142,16.147,16.12,16.144
1762154220,16.144,16.153,16.132,16.149
1762154280,16.149,16.158,16.137,16.137
1762154340,16.137,16.149,16.118,16.131
1762154400,16.131,16.137,16.116,16.133
1762154460,16.133,16.133,16.117,16.131
1762154520,16.131,16.17,16.129,16.163
1762154580,16.163,16.177,16.141,16.167
1762154640,16.167,16.209,16.16,16.204
1762154700,16.204,16.212,16.184,16.192
1762154760,16.192,16.196,16.158,16.158
1762154820,16.158,16.171,16.145,16.167
1762154880,16.167,16.167,16.142,16.142
1762154940,16.142,16.153,16.134,16.149
1762155000,16.149,16.156,16.136,16.15
1762155060,16.15,16.154,16.143,16.149
1762155120,16.149,16.18,16.149,16.175
1762155180,16.175,16.195,16.167,16.186
1762155240,16.186,16.22,16.186,16.202
1762155300,16.202,16.206,16.18,16.203
1762155360,16.203,16.216,16.187,16.211
1762155420,16.211,16.216,16.195,16.205
1762155480,16.205,16.256,16.205,16.219
1762155540,16.219,16.225,16.21,16.215
1762155600,16.215,16.224,16.193,16.211
1762155660,16.211,16.23,16.193,16.193
1762155720,16.193,16.193,16.165,16.165
1762155780,16.165,16.184,16.165,16.178
1762155840,16.178,16.178,16.152,16.152
1762155900,16.152,16.166,16.137,16.146
1762155960,16.146,16.15,16.127,16.131
1762156020,16.131,16.154,16.131,16.151
1762156080,16.151,16.161,16.142,16.148
1762156140,16.148,16.159,16.144,16.155
1762156200,16.155,16.161,16.143,16.146
1762156260,16.146,16.17,16.144,16.17
1762156320,16.17,16.196,16.17,16.186
1762156380,16.186,16.192,16.177,16.187
1762156440,16.187,16.201,16.168,16.168
1762156500,16.168,16.169,16.147,16.157
1762156560,16.157,16.178,16.152,16.177
1762156620,16.177,16.181,16.154,16.157
1762156680,16.157,16.157,16.128,16.129
1762156740,16.129,16.13,16.108,16.111
1762156800,16.111,16.119,16.088,16.097
1762156860,16.097,16.135,16.095,16.132
1762156920,16.132,16.139,16.106,16.122
1762156980,16.122,16.13,16.112,16.128
1762157040,16.128,16.135,16.112,16.132
1762157100,16.132,16.151,16.123,16.15
1762157160,16.15,16.168,16.135,16.151
1762157220,16.151,16.169,16.141,16.143
1762157280,16.143,16.147,16.112,16.123
1762157340,16.123,16.146,16.122,16.138
1762157400,16.138,16.163,16.137,16.158
1762157460,16.158,16.188,16.157,16.177
1762157520,16.177,16.185,16.167,16.169
1762157580,16.169,16.188,16.162,16.172
1762157640,16.172,16.179,16.166,16.167
1762157700,16.167,16.169,16.128,16.146
1762157760,16.146,16.172,16.145,16.17
1762157820,16.17,16.17,16.152,16.159
1762157880,16.159,16.164,16.141,16.142
1762157940,16.142,16.158,16.136,16.147
1762158000,16.147,16.147,16.125,16.14
1762158060,16.14,16.144,16.119,16.121
1762158120,16.121,16.124,16.102,16.113
1762158180,16.113,16.139,16.113,16.128
1762158240,16.128,16.136,16.123,16.124
1762158300,16.124,16.138,16.123,16.126
1762158360,16.126,16.126,16.101,16.119
1762158420,16.119,16.121,16.098,16.121
1762158480,16.121,16.13,16.115,16.118
1762158540,16.118,16.118,16.07,16.075
1762158600,16.075,16.094,16.069,16.076
1762158660,16.076,16.091,16.071,16.091
1762158720,16.091,16.095,16.066,16.083
1762158780,16.083,16.107,16.081,16.104
1762158840,16.104,16.114,16.096,16.096
1762158900,16.096,16.106,16.087,16.106
1762158960,16.106,16.113,16.091,16.097
1762159020,16.097,16.097,15.995,16.021
1762159080,16.021,16.031,16,16.001
1762159140,16.001,16.017,15.981,16.016
1762159200,16.016,16.042,16.01,16.035
1762159260,16.035,16.056,16.033,16.038
1762159320,16.038,16.054,16.028,16.035
1762159380,16.035,16.037,16.011,16.032
1762159440,16.032,16.041,16.029,16.035
1762159500,16.035,16.045,16.012,16.023
1762159560,16.023,16.023,16.001,16.015
1762159620,16.015,16.015,15.991,15.991
1762159680,15.991,15.998,15.957,15.994
1762159740,15.994,16.003,15.98,15.991
1762159800,15.991,16.053,15.991,16.053
1762159860,16.053,16.091,16.049,16.082
1762159920,16.082,16.09,16.068,16.082
1762159980,16.082,16.138,16.081,16.134
1762160040,16.134,16.134,16.112,16.118
1762160100,16.118,16.118,16.076,16.076
1762160160,16.076,16.09,16.074,16.077
1762160220,16.077,16.083,16.056,16.077
1762160280,16.077,16.096,16.076,16.094
1762160340,16.094,16.106,16.083,16.105
1762160400,16.105,16.109,16.076,16.109
1762160460,16.109,16.124,16.08,16.087
1762160520,16.087,16.13,16.084,16.13
1762160580,16.13,16.159,16.13,16.156
1762160640,16.156,16.159,16.14,16.151
1762160700,16.151,16.16,16.143,16.157
1762160760,16.157,16.172,16.145,16.172
1762160820,16.172,16.212,16.172,16.211
1762160880,16.211,16.231,16.19,16.204
1762160940,16.204,16.217,16.185,16.185
1762161000,16.185,16.197,16.174,16.179
1762161060,16.179,16.18,16.165,16.18
1762161120,16.18,16.207,16.18,16.186
1762161180,16.186,16.197,16.182,16.182
1762161240,16.182,16.188,16.163,16.188
1762161300,16.188,16.188,16.164,16.17
1762161360,16.17,16.186,16.159,16.167
1762161420,16.167,16.188,16.162,16.186
1762161480,16.186,16.191,16.174,16.178
1762161540,16.178,16.178,16.144,16.144
1762161600,16.144,16.144,16.092,16.103
1762161660,16.103,16.117,16.088,16.089
1762161720,16.089,16.089,16.071,16.083
1762161780,16.083,16.087,16.059,16.065
1762161840,16.065,16.08,16.054,16.054
1762161900,16.054,16.056,16.022,16.03
1762161960,16.03,16.061,16.024,16.061
1762162020,16.061,16.076,16.046,16.067
1762162080,16.067,16.09,16.061,16.065
1762162140,16.065,16.07,16.048,16.063
1762162200,16.063,16.09,16.061,16.089
1762162260,16.089,16.105,16.076,16.096
1762162320,16.096,16.097,16.069,16.072
1762162380,16.072,16.073,16.032,16.04
1762162440,16.04,16.065,16.036,16.051
1762162500,16.051,16.057,16.038,16.055
1762162560,16.055,16.089,16.053,16.079
1762162620,16.079,16.086,16.066,16.079
1762162680,16.079,16.082,16.047,16.054
1762162740,16.054,16.054,16.039,16.041
1762162800,16.041,16.054,16.033,16.054
1762162860,16.054,16.061,16.048,16.059
1762162920,16.059,16.059,16.035,16.038
1762162980,16.038,16.046,16.028,16.032
1762163040,16.032,16.06,16.032,16.05
1762163100,16.05,16.05,16.029,16.04
1762163160,16.04,16.069,16.034,16.046
1762163220,16.046,16.048,16.031,16.031
1762163280,16.031,16.036,16.015,16.026
1762163340,16.026,16.044,16.017,16.028
1762163400,16.028,16.032,16.001,16.001
1762163460,16.001,16.001,15.975,15.985
1762163520,15.985,15.989,15.971,15.988
1762163580,15.988,15.996,15.969,15.977
1762163640,15.977,15.985,15.972,15.978
1762163700,15.978,15.978,15.953,15.963
1762163760,15.963,15.983,15.963,15.977
1762163820,15.977,15.981,15.917,15.93
1762163880,15.93,15.954,15.93,15.954
1762163940,15.954,15.96,15.945,15.945
1762164000,15.945,15.982,15.94,15.964
1762164060,15.964,15.983,15.963,15.978
1762164120,15.978,16.01,15.978,16.007
1762164180,16.007,16.034,16.004,16.023
1762164240,16.023,16.023,15.974,15.974
1762164300,15.974,16.009,15.974,16.009
1762164360,16.009,16.009,15.991,15.996
1762164420,15.996,16.008,15.992,15.994
1762164480,15.994,16.019,15.992,16.019
1762164540,16.019,16.043,16.018,16.024
1762164600,16.024,16.039,16.013,16.02
1762164660,16.02,16.036,16.01,16.029
1762164720,16.029,16.038,16.014,16.017
1762164780,16.017,16.017,15.996,16.005
1762164840,16.005,16.017,16.004,16.011
1762164900,16.011,16.033,16.008,16.031
1762164960,16.031,16.031,16.016,16.016
1762165020,16.016,16.028,16.005,16.014
1762165080,16.014,16.014,15.996,16.002
1762165140,16.002,16.021,16.002,16.017
1762165200,16.017,16.03,16.012,16.012
1762165260,16.012,16.012,15.998,16.009
1762165320,16.009,16.029,16.003,16.011
1762165380,16.011,16.016,15.997,16.006
1762165440,16.006,16.011,15.992,16.007
1762165500,16.007,16.031,16.007,16.009
1762165560,16.009,16.01,15.995,15.996
1762165620,15.996,16.007,15.99,16.001
1762165680,16.001,16.042,16.001,16.037
1762165740,16.037,16.039,16.024,16.024
1762165800,16.024,16.024,15.964,15.964
1762165860,15.964,15.978,15.941,15.961
1762165920,15.961,15.972,15.957,15.957
1762165980,15.957,15.957,15.93,15.949
1762166040,15.949,15.949,15.927,15.935
1762166100,15.935,15.957,15.911,15.913
1762166160,15.913,15.933,15.913,15.914
1762166220,15.914,15.929,15.912,15.929
1762166280,15.929,15.952,15.926,15.93
1762166340,15.93,15.93,15.894,15.915
1762166400,15.915,15.931,15.91,15.93
1762166460,15.93,15.942,15.902,15.916
1762166520,15.916,15.917,15.883,15.896
1762166580,15.896,15.914,15.888,15.91
1762166640,15.91,15.91,15.893,15.898
1762166700,15.898,15.914,15.878,15.909
1762166760,15.909,15.912,15.891,15.902
1762166820,15.902,15.926,15.902,15.926
1762166880,15.926,15.95,15.926,15.949
1762166940,15.949,15.949,15.927,15.929
1762167000,15.929,15.937,15.916,15.925
1762167060,15.925,15.947,15.921,15.941
1762167120,15.941,15.941,15.902,15.908
1762167180,15.908,15.912,15.894,15.907
1762167240,15.907,15.908,15.889,15.897
1762167300,15.897,15.925,15.894,15.925
1762167360,15.925,15.937,15.919,15.937
1762167420,15.937,15.937,15.925,15.925
1762167480,15.925,15.926,15.898,15.902
1762167540,15.902,15.904,15.778,15.851
1762167600,15.851,15.904,15.849,15.888
1762167660,15.888,15.944,15.875,15.938
1762167720,15.938,15.955,15.918,15.952
1762167780,15.952,16.024,15.934,16.009
1762167840,16.009,16.009,15.959,15.977
1762167900,15.977,15.982,15.94,15.946
1762167960,15.946,15.952,15.926,15.931
1762168020,15.931,15.97,15.924,15.965
1762168080,15.965,15.986,15.965,15.986
1762168140,15.986,16,15.972,15.975
1762168200,15.975,15.988,15.965,15.987
1762168260,15.987,16,15.971,15.986
1762168320,15.986,15.989,15.974,15.983
1762168380,15.983,15.99,15.971,15.972
1762168440,15.972,15.977,15.959,15.965
1762168500,15.965,16.028,15.965,16.027
1762168560,16.027,16.095,16.027,16.066
1762168620,16.066,16.074,16.041,16.046
1762168680,16.046,16.046,16.029,16.044
1762168740,16.044,16.051,16.034,16.046
1762168800,16.046,16.052,16.039,16.042
1762168860,16.042,16.059,16.021,16.022
1762168920,16.022,16.025,15.987,15.99
1762168980,15.99,16,15.985,15.988
1762169040,15.988,15.997,15.983,15.994
1762169100,15.994,16.01,15.986,15.999
1762169160,15.999,15.999,15.981,15.989
1762169220,15.989,15.997,15.982,15.997
1762169280,15.997,16.03,15.997,16.02
1762169340,16.02,16.043,16.02,16.026
1762169400,16.026,16.044,16.02,16.036
1762169460,16.036,16.062,16.036,16.053
1762169520,16.053,16.059,16.044,16.048
1762169580,16.048,16.062,16.023,16.023
1762169640,16.023,16.035,16.022,16.03
1762169700,16.03,16.04,16.013,16.017
1762169760,16.017,16.017,16.004,16.004
1762169820,16.004,16.022,16.002,16.022
1762169880,16.022,16.058,16.02,16.047
1762169940,16.047,16.059,16.047,16.049
1762170000,16.049,16.067,16.046,16.065
1762170060,16.065,16.071,16.044,16.047
1762170120,16.047,16.066,16.047,16.062
1762170180,16.062,16.066,16.053,16.066
1762170240,16.066,16.085,16.063,16.078
1762170300,16.078,16.114,16.077,16.102
1762170360,16.102,16.106,16.076,16.092
1762170420,16.092,16.092,16.065,16.09
1762170480,16.09,16.11,16.084,16.096
1762170540,16.096,16.119,16.096,16.118
1762170600,16.118,16.121,16.096,16.104
1762170660,16.104,16.104,16.091,16.091
1762170720,16.091,16.091,16.049,16.058
1762170780,16.058,16.062,16.051,16.058
1762170840,16.058,16.084,16.058,16.074
1762170900,16.074,16.074,16.049,16.055
1762170960,16.055,16.056,16.044,16.053
1762171020,16.053,16.059,16.042,16.05
1762171080,16.05,16.058,16.043,16.054
1762171140,16.054,16.056,16.044,16.055
1762171200,16.055,16.067,16.053,16.067
1762171260,16.067,16.072,16.054,16.063
1762171320,16.063,16.065,16.034,16.044
1762171380,16.044,16.077,16.044,16.068
1762171440,16.068,16.112,16.068,16.077
1762171500,16.077,16.08,16.029,16.05
1762171560,16.05,16.09,16.047,16.055
1762171620,16.055,16.078,16.053,16.075
1762171680,16.075,16.091,16.073,16.087
1762171740,16.087,16.1,16.076,16.097
1762171800,16.097,16.117,16.092,16.116
1762171860,16.116,16.13,16.108,16.108
1762171920,16.108,16.154,16.104,16.154
1762171980,16.154,16.154,16.125,16.125
1762172040,16.125,16.125,16.114,16.125
1762172100,16.125,16.161,16.125,16.153
1762172160,16.153,16.153,16.129,16.129
1762172220,16.129,16.133,16.114,16.13
1762172280,16.13,16.165,16.13,16.162
1762172340,16.162,16.165,16.134,16.137
1762172400,16.137,16.148,16.13,16.135
1762172460,16.135,16.151,16.13,16.13
1762172520,16.13,16.137,16.118,16.127
1762172580,16.127,16.136,16.123,16.131
1762172640,16.131,16.132,16.1,16.106
1762172700,16.106,16.125,16.106,16.114
1762172760,16.114,16.117,16.106,16.113
1762172820,16.113,16.141,16.113,16.118
1762172880,16.118,16.143,16.118,16.138
1762172940,16.138,16.142,16.128,16.142
1762173000,16.142,16.147,16.11,16.11
1762173060,16.11,16.117,16.097,16.1
1762173120,16.1,16.101,16.086,16.096
1762173180,16.096,16.101,16.088,16.094
1762173240,16.094,16.099,16.089,16.09
1762173300,16.09,16.101,16.08,16.088
1762173360,16.088,16.093,16.076,16.08
1762173420,16.08,16.087,16.079,16.084
1762173480,16.084,16.084,16.062,16.064
1762173540,16.064,16.086,16.064,16.086
1762173600,16.086,16.086,16.068,16.074
1762173660,16.074,16.081,16.071,16.071
1762173720,16.071,16.083,16.062,16.083
1762173780,16.083,16.102,16.083,16.092
1762173840,16.092,16.092,16.072,16.074
1762173900,16.074,16.083,16.072,16.083
1762173960,16.083,16.101,16.082,16.099
1762174020,16.099,16.108,16.091,16.091
1762174080,16.091,16.103,16.091,16.1
1762174140,16.1,16.1,16.075,16.094
1762174200,16.094,16.103,16.092,16.095
1762174260,16.095,16.095,16.077,16.084
1762174320,16.084,16.088,16.076,16.079
1762174380,16.079,16.083,16.069,16.07
1762174440,16.07,16.07,16.058,16.064
1762174500,16.064,16.066,16.05,16.051
1762174560,16.051,16.051,16.021,16.021
1762174620,16.021,16.023,16.01,16.021
1762174680,16.021,16.021,16.007,16.009
1762174740,16.009,16.013,16.003,16.004
1762174800,16.004,16.005,15.987,16.003
1762174860,16.003,16.003,15.983,15.984
1762174920,15.984,16.006,15.984,16.002
1762174980,16.002,16.004,15.994,15.996
1762175040,15.996,16.007,15.992,16.007
1762175100,16.007,16.02,15.993,15.993
1762175160,15.993,16,15.986,15.987
1762175220,15.987,16.007,15.986,16.001
1762175280,16.001,16.001,15.969,15.979
1762175340,15.979,15.989,15.971,15.984
1762175400,15.984,15.984,15.956,15.971
1762175460,15.971,15.973,15.939,15.954
1762175520,15.954,15.978,15.954,15.978
1762175580,15.978,15.996,15.977,15.99
1762175640,15.99,15.99,15.975,15.975
1762175700,15.975,15.975,15.955,15.966
1762175760,15.966,15.979,15.962,15.972
1762175820,15.972,15.979,15.957,15.96
1762175880,15.96,15.969,15.957,15.96
1762175940,15.96,15.968,15.941,15.943
1762176000,15.943,15.95,15.932,15.939
1762176060,15.939,15.943,15.929,15.929
1762176120,15.929,15.945,15.926,15.932
1762176180,15.932,15.943,15.93,15.943
1762176240,15.943,15.944,15.93,15.939
1762176300,15.939,15.979,15.931,15.966
1762176360,15.966,15.97,15.933,15.947
1762176420,15.947,15.978,15.944,15.977
1762176480,15.977,15.988,15.966,15.982
1762176540,15.982,15.988,15.966,15.968
1762176600,15.968,16.002,15.967,15.996
1762176660,15.996,16.01,15.986,16
1762176720,16,16.029,15.999,16.027
1762176780,16.027,16.041,16.021,16.036
1762176840,16.036,16.061,16.029,16.058
1762176900,16.058,16.078,16.047,16.054
1762176960,16.054,16.088,16.051,16.087
1762177020,16.087,16.105,16.07,16.105
1762177080,16.105,16.114,16.102,16.112
1762177140,16.112,16.131,16.097,16.099
1762177200,16.099,16.113,16.084,16.087
1762177260,16.087,16.087,16.063,16.079
1762177320,16.079,16.084,16.063,16.072
1762177380,16.072,16.077,16.061,16.067
1762177440,16.067,16.08,16.067,16.079
1762177500,16.079,16.087,16.066,16.078
1762177560,16.078,16.114,16.074,16.114
1762177620,16.114,16.114,16.068,16.068
1762177680,16.068,16.087,16.048,16.084
1762177740,16.084,16.093,16.075,16.087
1762177800,16.087,16.087,16.072,16.083
1762177860,16.083,16.085,16.062,16.066
1762177920,16.066,16.082,16.046,16.078
1762177980,16.078,16.091,16.075,16.085
1762178040,16.085,16.148,16.085,16.147
1762178100,16.147,16.16,16.137,16.157
1762178160,16.157,16.178,16.152,16.157
1762178220,16.157,16.157,16.131,16.14
1762178280,16.14,16.142,16.125,16.136
1762178340,16.136,16.168,16.136,16.165
1762178400,16.165,16.251,16.165,16.245
1762178460,16.245,16.264,16.217,16.252
1762178520,16.252,16.297,16.225,16.235
1762178580,16.235,16.239,16.131,16.149
1762178640,16.149,16.158,16.13,16.155
1762178700,16.155,16.217,16.153,16.202
1762178760,16.202,16.238,16.196,16.233
1762178820,16.233,16.288,16.231,16.269
1762178880,16.269,16.269,16.223,16.227
1762178940,16.227,16.248,16.199,16.218
1762179000,16.218,16.229,16.193,16.194
1762179060,16.194,16.21,16.178,16.205
1762179120,16.205,16.233,16.203,16.204
1762179180,16.204,16.204,16.144,16.147
1762179240,16.147,16.159,16.125,16.13
1762179300,16.13,16.145,16.118,16.13
1762179360,16.13,16.134,16.104,16.124
1762179420,16.124,16.124,16.095,16.102
1762179480,16.102,16.115,16.081,16.099
1762179540,16.099,16.119,16.095,16.113
1762179600,16.113,16.128,16.092,16.092
1762179660,16.092,16.101,16.079,16.093
1762179720,16.093,16.099,16.077,16.088
1762179780,16.088,16.091,16.072,16.083
1762179840,16.083,16.096,16.081,16.089
1762179900,16.089,16.093,16.067,16.086
1762179960,16.086,16.122,16.079,16.109
1762180020,16.109,16.109,16.082,16.087
1762180080,16.087,16.092,16.066,16.071
1762180140,16.071,16.084,16.067,16.084
1762180200,16.084,16.098,16.064,16.093
1762180260,16.093,16.101,16.063,16.076
1762180320,16.076,16.103,16.066,16.083
1762180380,16.083,16.111,16.074,16.094
1762180440,16.094,16.114,16.081,16.09
1762180500,16.09,16.113,16.08,16.097
1762180560,16.097,16.13,16.097,16.114
1762180620,16.114,16.163,16.109,16.132
1762180680,16.132,16.171,16.114,16.17
1762180740,16.17,16.208,16.168,16.186
1762180800,16.186,16.19,16.142,16.174
1762180860,16.174,16.174,16.116,16.143
1762180920,16.143,16.164,16.114,16.157
1762180980,16.157,16.164,16.148,16.154
1762181040,16.154,16.169,16.148,16.157
1762181100,16.157,16.178,16.134,16.141
1762181160,16.141,16.176,16.121,16.17
1762181220,16.17,16.231,16.159,16.203
1762181280,16.203,16.225,16.173,16.176
1762181340,16.176,16.211,16.16,16.197
1762181400,16.197,16.232,16.178,16.2
1762181460,16.2,16.246,16.19,16.241
1762181520,16.241,16.242,16.219,16.226
1762181580,16.226,16.245,16.222,16.238
1762181640,16.238,16.263,16.238,16.25
1762181700,16.25,16.272,16.246,16.254
1762181760,16.254,16.28,16.238,16.279
1762181820,16.279,16.284,16.242,16.284
1762181880,16.284,16.294,16.265,16.277
1762181940,16.277,16.306,16.277,16.302
1762182000,16.302,16.335,16.233,16.249
1762182060,16.249,16.273,16.21,16.22
1762182120,16.22,16.234,16.182,16.184
1762182180,16.184,16.2,16.165,16.176
1762182240,16.176,16.178,16.156,16.172
1762182300,16.172,16.175,16.134,16.14
1762182360,16.14,16.161,16.135,16.153
1762182420,16.153,16.153,16.1,16.128
1762182480,16.128,16.162,16.103,16.152
1762182540,16.152,16.159,16.114,16.114
1762182600,16.114,16.13,16.108,16.116
1762182660,16.116,16.12,16.087,16.11
1762182720,16.11,16.127,16.102,16.124
1762182780,16.124,16.147,16.122,16.13
1762182840,16.13,16.131,16.117,16.117
1762182900,16.117,16.117,16.083,16.097
1762182960,16.097,16.104,16.066,16.067
1762183020,16.067,16.082,16.067,16.074
1762183080,16.074,16.074,16.042,16.067
1762183140,16.067,16.099,16.066,16.096
1762183200,16.096,16.096,16.056,16.057
1762183260,16.057,16.078,16.053,16.058
1762183320,16.058,16.058,16,16.023
1762183380,16.023,16.03,16.009,16.017
1762183440,16.017,16.018,15.973,15.982
1762183500,15.982,15.99,15.963,15.989
1762183560,15.989,15.989,15.803,15.834
1762183620,15.834,15.868,15.54,15.54
1762183680,15.54,15.696,15.529,15.59
1762183740,15.59,15.636,15.364,15.455
1762183800,15.455,15.477,14.453,14.487
1762183860,14.487,15.099,14.48,15.06
1762183920,15.06,15.176,15.01,15.088
1762183980,15.088,15.088,14.896,15.007
1762184040,15.007,15.167,15.006,15.145
1762184100,15.145,15.249,15.121,15.223
1762184160,15.223,15.414,15.217,15.375
1762184220,15.375,15.428,15.304,15.349
1762184280,15.349,15.387,15.31,15.365
1762184340,15.365,15.433,15.365,15.401
1762184400,15.401,15.408,15.307,15.343
1762184460,15.343,15.399,15.32,15.328
1762184520,15.328,15.342,15.227,15.245
1762184580,15.245,15.343,15.201,15.263
1762184640,15.263,15.332,15.238,15.248
1762184700,15.248,15.342,15.222,15.241
1762184760,15.241,15.257,15.177,15.194
1762184820,15.194,15.211,15.165,15.187
1762184880,15.187,15.22,15.143,15.153
1762184940,15.153,15.221,15.131,15.164
1762185000,15.164,15.22,15.152,15.18
1762185060,15.18,15.236,15.138,15.219
1762185120,15.219,15.229,15.192,15.206
1762185180,15.206,15.346,15.206,15.277
1762185240,15.277,15.281,15.214,15.244
1762185300,15.244,15.308,15.227,15.268
1762185360,15.268,15.296,15.247,15.268
1762185420,15.268,15.275,15.21,15.262
1762185480,15.262,15.302,15.262,15.29
1762185540,15.29,15.301,15.261,15.286
1762185600,15.286,15.305,15.231,15.25
1762185660,15.25,15.308,15.229,15.303
1762185720,15.303,15.32,15.242,15.285
1762185780,15.285,15.374,15.277,15.344
1762185840,15.344,15.344,15.252,15.298
1762185900,15.298,15.405,15.298,15.405
1762185960,15.405,15.433,15.358,15.381
1762186020,15.381,15.4,15.32,15.331
1762186080,15.331,15.344,15.283,15.316
1762186140,15.316,15.378,15.315,15.377
1762186200,15.377,15.39,15.321,15.388
1762186260,15.388,15.474,15.365,15.433
1762186320,15.433,15.508,15.427,15.463
1762186380,15.463,15.478,15.417,15.462
1762186440,15.462,15.521,15.456,15.483
1762186500,15.483,15.518,15.464,15.485
1762186560,15.485,15.485,15.423,15.447
1762186620,15.447,15.502,15.427,15.494
1762186680,15.494,15.562,15.492,15.555
1762186740,15.555,15.64,15.544,15.627
1762186800,15.627,15.666,15.58,15.586
1762186860,15.586,15.589,15.53,15.548
1762186920,15.548,15.558,15.505,15.526
1762186980,15.526,15.564,15.514,15.527
1762187040,15.527,15.561,15.495,15.525
1762187100,15.525,15.544,15.499,15.522
1762187160,15.522,15.526,15.495,15.516
1762187220,15.516,15.516,15.456,15.458
1762187280,15.458,15.461,15.4,15.457
1762187340,15.457,15.459,15.425,15.445
1762187400,15.445,15.494,15.441,15.476
1762187460,15.476,15.498,15.46,15.497
1762187520,15.497,15.499,15.45,15.479
1762187580,15.479,15.498,15.467,15.475
1762187640,15.475,15.476,15.424,15.437
1762187700,15.437,15.453,15.406,15.42
1762187760,15.42,15.477,15.42,15.476
1762187820,15.476,15.523,15.47,15.522
1762187880,15.522,15.536,15.48,15.516
1762187940,15.516,15.519,15.465,15.465
1762188000,15.465,15.519,15.461,15.51
1762188060,15.51,15.545,15.51,15.536
1762188120,15.536,15.546,15.477,15.486
1762188180,15.486,15.517,15.482,15.505
1762188240,15.505,15.505,15.479,15.485
1762188300,15.485,15.566,15.485,15.564
1762188360,15.564,15.569,15.525,15.529
1762188420,15.529,15.548,15.516,15.523
1762188480,15.523,15.523,15.484,15.491
1762188540,15.491,15.497,15.45,15.469
1762188600,15.469,15.479,15.447,15.468
1762188660,15.468,15.498,15.467,15.48
1762188720,15.48,15.51,15.459,15.461
1762188780,15.461,15.466,15.423,15.425
1762188840,15.425,15.45,15.425,15.439
1762188900,15.439,15.447,15.425,15.432
1762188960,15.432,15.457,15.43,15.457
1762189020,15.457,15.469,15.438,15.462
1762189080,15.462,15.482,15.458,15.469
1762189140,15.469,15.481,15.446,15.446
1762189200,15.446,15.449,15.419,15.438
1762189260,15.438,15.438,15.416,15.418
1762189320,15.418,15.479,15.417,15.46
1762189380,15.46,15.5,15.46,15.486
1762189440,15.486,15.501,15.472,15.496
1762189500,15.496,15.525,15.493,15.514
1762189560,15.514,15.539,15.511,15.529
1762189620,15.529,15.552,15.519,15.543
1762189680,15.543,15.585,15.54,15.585
1762189740,15.585,15.625,15.582,15.619
1762189800,15.619,15.619,15.591,15.596
1762189860,15.596,15.632,15.595,15.626
1762189920,15.626,15.653,15.601,15.639
1762189980,15.639,15.642,15.614,15.632
1762190040,15.632,15.653,15.624,15.634
1762190100,15.634,15.647,15.627,15.639
1762190160,15.639,15.65,15.593,15.624
1762190220,15.624,15.662,15.624,15.641
1762190280,15.641,15.688,15.639,15.687
1762190340,15.687,15.692,15.669,15.692
1762190400,15.692,15.765,15.69,15.762
1762190460,15.762,15.847,15.762,15.775
1762190520,15.775,15.779,15.728,15.728
1762190580,15.728,15.74,15.664,15.671
1762190640,15.671,15.673,15.632,15.648
1762190700,15.648,15.655,15.599,15.617
1762190760,15.617,15.618,15.586,15.602
1762190820,15.602,15.621,15.594,15.607
1762190880,15.607,15.612,15.587,15.587
1762190940,15.587,15.596,15.576,15.588
1762191000,15.588,15.631,15.582,15.619
1762191060,15.619,15.619,15.586,15.615
1762191120,15.615,15.639,15.604,15.635
1762191180,15.635,15.66,15.63,15.645
1762191240,15.645,15.647,15.616,15.624
1762191300,15.624,15.66,15.624,15.655
1762191360,15.655,15.673,15.634,15.673
1762191420,15.673,15.7,15.667,15.692
1762191480,15.692,15.744,15.692,15.742
1762191540,15.742,15.75,15.729,15.733
1762191600,15.733,15.736,15.696,15.709
1762191660,15.709,15.711,15.668,15.676
1762191720,15.676,15.705,15.675,15.677
1762191780,15.677,15.686,15.663,15.67
1762191840,15.67,15.686,15.648,15.686
1762191900,15.686,15.708,15.671,15.682
1762191960,15.682,15.709,15.67,15.695
1762192020,15.695,15.752,15.695,15.75
1762192080,15.75,15.75,15.721,15.724
1762192140,15.724,15.758,15.724,15.737
1762192200,15.737,15.739,15.71,15.72
1762192260,15.72,15.742,15.677,15.693
1762192320,15.693,15.711,15.657,15.659
1762192380,15.659,15.677,15.65,15.67
1762192440,15.67,15.676,15.653,15.661
1762192500,15.661,15.706,15.655,15.689
1762192560,15.689,15.727,15.689,15.714
1762192620,15.714,15.719,15.703,15.713
1762192680,15.713,15.722,15.707,15.713
1762192740,15.713,15.739,15.713,15.728
1762192800,15.728,15.733,15.702,15.712
1762192860,15.712,15.739,15.703,15.706
1762192920,15.706,15.724,15.685,15.72
1762192980,15.72,15.742,15.716,15.734
1762193040,15.734,15.746,15.716,15.716
1762193100,15.716,15.727,15.69,15.69
1762193160,15.69,15.696,15.672,15.672
1762193220,15.672,15.685,15.654,15.685
1762193280,15.685,15.69,15.674,15.68
1762193340,15.68,15.687,15.667,15.687
1762193400,15.687,15.718,15.684,15.698
1762193460,15.698,15.701,15.654,15.657
1762193520,15.657,15.663,15.649,15.651
1762193580,15.651,15.654,15.63,15.633
1762193640,15.633,15.633,15.603,15.628
1762193700,15.628,15.653,15.62,15.648
1762193760,15.648,15.648,15.605,15.613
1762193820,15.613,15.627,15.603,15.616
1762193880,15.616,15.659,15.616,15.645
1762193940,15.645,15.657,15.641,15.651
1762194000,15.651,15.681,15.651,15.654
1762194060,15.654,15.668,15.641,15.653
1762194120,15.653,15.686,15.653,15.676
1762194180,15.676,15.679,15.647,15.65
1762194240,15.65,15.65,15.633,15.635
1762194300,15.635,15.652,15.621,15.626
1762194360,15.626,15.626,15.577,15.589
1762194420,15.589,15.597,15.583,15.597
1762194480,15.597,15.612,15.589,15.594
1762194540,15.594,15.601,15.576,15.595
1762194600,15.595,15.609,15.592,15.596
1762194660,15.596,15.597,15.581,15.583
1762194720,15.583,15.619,15.583,15.611
1762194780,15.611,15.611,15.559,15.572
1762194840,15.572,15.584,15.566,15.575
1762194900,15.575,15.59,15.569,15.579
1762194960,15.579,15.61,15.575,15.599
1762195020,15.599,15.63,15.599,15.612
1762195080,15.612,15.618,15.581,15.585
1762195140,15.585,15.595,15.58,15.583
1762195200,15.583,15.6,15.583,15.589
1762195260,15.589,15.591,15.527,15.533
1762195320,15.533,15.545,15.519,15.53
1762195380,15.53,15.535,15.505,15.508
1762195440,15.508,15.526,15.503,15.526
1762195500,15.526,15.526,15.473,15.509
1762195560,15.509,15.513,15.476,15.476
1762195620,15.476,15.492,15.466,15.488
1762195680,15.488,15.514,15.487,15.51
1762195740,15.51,15.51,15.487,15.491
1762195800,15.491,15.519,15.491,15.516
1762195860,15.516,15.531,15.507,15.513
1762195920,15.513,15.515,15.491,15.513
1762195980,15.513,15.52,15.501,15.504
1762196040,15.504,15.51,15.477,15.494
1762196100,15.494,15.498,15.473,15.48
1762196160,15.48,15.486,15.456,15.484
1762196220,15.484,15.497,15.48,15.494
1762196280,15.494,15.494,15.471,15.483
1762196340,15.483,15.493,15.481,15.486
1762196400,15.486,15.504,15.462,15.468
1762196460,15.468,15.48,15.445,15.465
1762196520,15.465,15.467,15.417,15.434
1762196580,15.434,15.445,15.419,15.434
1762196640,15.434,15.447,15.413,15.424
1762196700,15.424,15.44,15.382,15.392
1762196760,15.392,15.421,15.384,15.41
1762196820,15.41,15.422,15.389,15.409
1762196880,15.409,15.419,15.375,15.379
1762196940,15.379,15.402,15.363,15.402
1762197000,15.402,15.424,15.39,15.39
1762197060,15.39,15.409,15.385,15.396
1762197120,15.396,15.417,15.387,15.408
1762197180,15.408,15.441,15.408,15.436
1762197240,15.436,15.45,15.428,15.442
1762197300,15.442,15.497,15.438,15.488
1762197360,15.488,15.516,15.486,15.486
1762197420,15.486,15.494,15.433,15.434
1762197480,15.434,15.436,15.404,15.411
1762197540,15.411,15.427,15.408,15.414
1762197600,15.414,15.467,15.414,15.447
1762197660,15.447,15.464,15.423,15.425
1762197720,15.425,15.432,15.386,15.395
1762197780,15.395,15.405,15.363,15.381
1762197840,15.381,15.39,15.376,15.376
1762197900,15.376,15.392,15.355,15.387
1762197960,15.387,15.392,15.374,15.384
1762198020,15.384,15.384,15.342,15.347
1762198080,15.347,15.35,15.333,15.342
1762198140,15.342,15.355,15.339,15.352
1762198200,15.352,15.401,15.352,15.39
1762198260,15.39,15.414,15.39,15.414
1762198320,15.414,15.419,15.387,15.408
1762198380,15.408,15.408,15.378,15.395
1762198440,15.395,15.409,15.384,15.387
1762198500,15.387,15.401,15.374,15.394
1762198560,15.394,15.413,15.388,15.395
1762198620,15.395,15.395,15.37,15.388
1762198680,15.388,15.428,15.384,15.421
1762198740,15.421,15.449,15.42,15.449
1762198800,15.449,15.474,15.449,15.455
1762198860,15.455,15.457,15.425,15.425
1762198920,15.425,15.425,15.398,15.406
1762198980,15.406,15.439,15.406,15.431
1762199040,15.431,15.449,15.427,15.445
1762199100,15.445,15.473,15.443,15.469
1762199160,15.469,15.471,15.439,15.446
1762199220,15.446,15.463,15.44,15.446
1762199280,15.446,15.459,15.42,15.423
1762199340,15.423,15.438,15.423,15.427
1762199400,15.427,15.434,15.401,15.404
1762199460,15.404,15.404,15.375,15.386
1762199520,15.386,15.386,15.353,15.353
1762199580,15.353,15.371,15.351,15.371
1762199640,15.371,15.378,15.314,15.371
1762199700,15.371,15.382,15.362,15.375
1762199760,15.375,15.389,15.354,15.38
1762199820,15.38,15.384,15.363,15.368
1762199880,15.368,15.368,15.331,15.337
1762199940,15.337,15.341,15.311,15.335
1762200000,15.335,15.371,15.312,15.363
1762200060,15.363,15.367,15.335,15.357
1762200120,15.357,15.37,15.332,15.35
1762200180,15.35,15.361,15.331,15.336
1762200240,15.336,15.356,15.33,15.354
1762200300,15.354,15.36,15.31,15.315
1762200360,15.315,15.318,15.282,15.298
1762200420,15.298,15.304,15.274,15.296
1762200480,15.296,15.304,15.267,15.268
1762200540,15.268,15.317,15.265,15.31
1762200600,15.31,15.327,15.302,15.32
1762200660,15.32,15.321,15.293,15.293
1762200720,15.293,15.296,15.272,15.274
1762200780,15.274,15.291,15.27,15.287
1762200840,15.287,15.289,15.265,15.272
1762200900,15.272,15.278,15.24,15.248
1762200960,15.248,15.278,15.248,15.269
1762201020,15.269,15.272,15.249,15.25
1762201080,15.25,15.265,15.225,15.26
1762201140,15.26,15.268,15.248,15.259
1762201200,15.259,15.269,15.232,15.268
1762201260,15.268,15.288,15.24,15.25
1762201320,15.25,15.255,15.243,15.249
1762201380,15.249,15.276,15.243,15.261
1762201440,15.261,15.261,15.214,15.217
1762201500,15.217,15.238,15.201,15.227
1762201560,15.227,15.248,15.214,15.221
1762201620,15.221,15.221,15.196,15.219
1762201680,15.219,15.253,15.218,15.248
1762201740,15.248,15.268,15.247,15.258
1762201800,15.258,15.323,15.255,15.308
1762201860,15.308,15.308,15.265,15.266
1762201920,15.266,15.283,15.234,15.245
1762201980,15.245,15.267,15.237,15.252
1762202040,15.252,15.287,15.245,15.248
1762202100,15.248,15.272,15.242,15.257
1762202160,15.257,15.266,15.246,15.258
1762202220,15.258,15.282,15.254,15.281
1762202280,15.281,15.281,15.232,15.243
1762202340,15.243,15.286,15.243,15.285
1762202400,15.285,15.29,15.257,15.266
1762202460,15.266,15.268,15.227,15.241
1762202520,15.241,15.245,15.218,15.221
1762202580,15.221,15.257,15.217,15.246
1762202640,15.246,15.246,15.201,15.216
1762202700,15.216,15.232,15.21,15.211
1762202760,15.211,15.211,15.136,15.168
1762202820,15.168,15.212,15.164,15.199
1762202880,15.199,15.199,15.157,15.162
1762202940,15.162,15.179,15.149,15.178
1762203000,15.178,15.188,15.123,15.153
1762203060,15.153,15.153,15.107,15.125
1762203120,15.125,15.142,15.121,15.127
1762203180,15.127,15.135,15.065,15.095
1762203240,15.095,15.112,15.086,15.088
1762203300,15.088,15.12,15.078,15.107
1762203360,15.107,15.117,15.056,15.068
1762203420,15.068,15.08,15.042,15.08
1762203480,15.08,15.091,15.065,15.083
1762203540,15.083,15.158,15.081,15.14
1762203600,15.14,15.205,15.131,15.2
1762203660,15.2,15.268,15.191,15.267
1762203720,15.267,15.295,15.263,15.286
1762203780,15.286,15.337,15.279,15.305
1762203840,15.305,15.31,15.273,15.287
1762203900,15.287,15.334,15.267,15.282
1762203960,15.282,15.282,15.246,15.268
1762204020,15.268,15.268,15.222,15.243
1762204080,15.243,15.264,15.236,15.245
1762204140,15.245,15.272,15.231,15.253
1762204200,15.253,15.269,15.24,15.251
1762204260,15.251,15.271,15.246,15.255
1762204320,15.255,15.275,15.251,15.254
1762204380,15.254,15.267,15.245,15.257
1762204440,15.257,15.257,15.212,15.216
1762204500,15.216,15.229,15.18,15.188
1762204560,15.188,15.19,15.14,15.144
1762204620,15.144,15.144,15.049,15.061
1762204680,15.061,15.114,15.045,15.107
1762204740,15.107,15.148,15.103,15.145
1762204800,15.145,15.216,15.132,15.186
1762204860,15.186,15.2,15.151,15.197
1762204920,15.197,15.299,15.19,15.298
1762204980,15.298,15.328,15.266,15.266
1762205040,15.266,15.266,15.223,15.225
1762205100,15.225,15.236,15.192,15.2
1762205160,15.2,15.203,15.171,15.181
1762205220,15.181,15.197,15.169,15.178
1762205280,15.178,15.223,15.163,15.206
1762205340,15.206,15.25,15.206,15.25
1762205400,15.25,15.271,15.23,15.271
1762205460,15.271,15.278,15.21,15.221
1762205520,15.221,15.269,15.213,15.259
1762205580,15.259,15.29,15.258,15.279
1762205640,15.279,15.333,15.275,15.33
1762205700,15.33,15.33,15.292,15.304
1762205760,15.304,15.36,15.301,15.35
1762205820,15.35,15.355,15.312,15.329
1762205880,15.329,15.367,15.323,15.364
1762205940,15.364,15.367,15.324,15.334
1762206000,15.334,15.367,15.327,15.357
1762206060,15.357,15.36,15.339,15.36
1762206120,15.36,15.391,15.341,15.383
1762206180,15.383,15.409,15.368,15.407
1762206240,15.407,15.408,15.386,15.393
1762206300,15.393,15.403,15.364,15.376
1762206360,15.376,15.399,15.363,15.387
1762206420,15.387,15.388,15.354,15.355
1762206480,15.355,15.382,15.35,15.366
1762206540,15.366,15.372,15.342,15.351
1762206600,15.351,15.397,15.35,15.385
1762206660,15.385,15.399,15.373,15.39
1762206720,15.39,15.392,15.377,15.387
1762206780,15.387,15.418,15.387,15.393
1762206840,15.393,15.409,15.38,15.409
1762206900,15.409,15.417,15.388,15.388
1762206960,15.388,15.398,15.381,15.392
1762207020,15.392,15.396,15.366,15.366
1762207080,15.366,15.366,15.341,15.346
1762207140,15.346,15.372,15.339,15.357
1762207200,15.357,15.363,15.347,15.351
1762207260,15.351,15.37,15.337,15.337
1762207320,15.337,15.348,15.315,15.332
1762207380,15.332,15.332,15.278,15.289
1762207440,15.289,15.32,15.286,15.301
1762207500,15.301,15.359,15.301,15.344
1762207560,15.344,15.344,15.298,15.316
1762207620,15.316,15.319,15.302,15.303
1762207680,15.303,15.331,15.299,15.325
1762207740,15.325,15.327,15.309,15.323
1762207800,15.323,15.325,15.305,15.306
1762207860,15.306,15.318,15.287,15.295
1762207920,15.295,15.295,15.228,15.231
1762207980,15.231,15.281,15.231,15.271
1762208040,15.271,15.304,15.252,15.298
1762208100,15.298,15.321,15.287,15.288
1762208160,15.288,15.321,15.275,15.296
1762208220,15.296,15.322,15.285,15.322
1762208280,15.322,15.338,15.315,15.336
1762208340,15.336,15.337,15.305,15.326
1762208400,15.326,15.342,15.319,15.342
1762208460,15.342,15.358,15.311,15.313
1762208520,15.313,15.322,15.268,15.303
1762208580,15.303,15.33,15.301,15.31
1762208640,15.31,15.324,15.262,15.285
1762208700,15.285,15.285,15.254,15.254
1762208760,15.254,15.272,15.233,15.233
1762208820,15.233,15.252,15.212,15.228
1762208880,15.228,15.23,15.175,15.197
1762208940,15.197,15.222,15.195,15.195
1762209000,15.195,15.195,15.107,15.142
1762209060,15.142,15.184,15.142,15.17
1762209120,15.17,15.176,15.134,15.159
1762209180,15.159,15.169,15.152,15.152
1762209240,15.152,15.222,15.147,15.213
1762209300,15.213,15.218,15.182,15.191
1762209360,15.191,15.277,15.188,15.255
1762209420,15.255,15.278,15.249,15.254
1762209480,15.254,15.257,15.226,15.239
1762209540,15.239,15.239,15.188,15.193
1762209600,15.193,15.233,15.192,15.202
1762209660,15.202,15.226,15.202,15.222
1762209720,15.222,15.237,15.195,15.196
1762209780,15.196,15.217,15.196,15.214
1762209840,15.214,15.247,15.208,15.235
1762209900,15.235,15.248,15.233,15.248
1762209960,15.248,15.297,15.248,15.293
1762210020,15.293,15.298,15.279,15.295
1762210080,15.295,15.313,15.29,15.29
1762210140,15.29,15.32,15.289,15.32
1762210200,15.32,15.327,15.319,15.324
1762210260,15.324,15.327,15.306,15.306
1762210320,15.306,15.306,15.269,15.285
1762210380,15.285,15.287,15.278,15.278
1762210440,15.278,15.278,15.263,15.263
1762210500,15.263,15.264,15.225,15.226
1762210560,15.226,15.228,15.202,15.204
1762210620,15.204,15.219,15.202,15.215
1762210680,15.215,15.23,15.211,15.211
1762210740,15.211,15.223,15.209,15.217
1762210800,15.217,15.222,15.172,15.174
1762210860,15.174,15.178,15.146,15.146
1762210920,15.146,15.146,15.095,15.102
1762210980,15.102,15.113,15.096,15.113
1762211040,15.113,15.131,15.107,15.12
1762211100,15.12,15.141,15.12,15.132
1762211160,15.132,15.158,15.128,15.154
1762211220,15.154,15.154,15.13,15.145
1762211280,15.145,15.16,15.144,15.15
1762211340,15.15,15.167,15.149,15.165
1762211400,15.165,15.171,15.153,15.153
1762211460,15.153,15.171,15.152,15.169
1762211520,15.169,15.183,15.163,15.183
1762211580,15.183,15.183,15.123,15.127
1762211640,15.127,15.142,15.126,15.135
1762211700,15.135,15.14,15.135,15.14
1762211760,15.14,15.14,15.128,15.129
1762211820,15.129,15.152,15.129,15.149
1762211880,15.149,15.164,15.144,15.159
1762211940,15.159,15.177,15.154,15.164
1762212000,15.164,15.184,15.164,15.184
1762212060,15.184,15.208,15.183,15.208
1762212120,15.208,15.228,15.181,15.184
1762212180,15.184,15.188,15.167,15.183
1762212240,15.183,15.202,15.182,15.19
1762212300,15.19,15.228,15.189,15.225
1762212360,15.225,15.225,15.207,15.207
1762212420,15.207,15.221,15.203,15.216
1762212480,15.216,15.217,15.211,15.213
1762212540,15.213,15.22,15.21,15.217
1762212600,15.217,15.228,15.21,15.217
1762212660,15.217,15.24,15.214,15.221
1762212720,15.221,15.222,15.21,15.213
1762212780,15.213,15.243,15.212,15.243
1762212840,15.243,15.274,15.243,15.256
1762212900,15.256,15.269,15.243,15.243
1762212960,15.243,15.243,15.225,15.225
1762213020,15.225,15.25,15.224,15.244
1762213080,15.244,15.262,15.243,15.256
1762213140,15.256,15.269,15.256,15.261
1762213200,15.261,15.284,15.261,15.284
1762213260,15.284,15.285,15.253,15.265
1762213320,15.265,15.277,15.259,15.277
1762213380,15.277,15.277,15.261,15.271
1762213440,15.271,15.281,15.254,15.26
1762213500,15.26,15.272,15.252,15.267
1762213560,15.267,15.271,15.254,15.257
1762213620,15.257,15.257,15.227,15.229
1762213680,15.229,15.237,15.22,15.229
1762213740,15.229,15.234,15.207,15.233
1762213800,15.233,15.234,15.215,15.22
1762213860,15.22,15.22,15.196,15.204
1762213920,15.204,15.228,15.204,15.207
1762213980,15.207,15.221,15.198,15.22
1762214040,15.22,15.242,15.217,15.23
1762214100,15.23,15.248,15.228,15.236
1762214160,15.236,15.246,15.229,15.242
1762214220,15.242,15.248,15.232,15.24
1762214280,15.24,15.24,15.22,15.223
1762214340,15.223,15.238,15.223,15.235
1762214400,15.235,15.247,15.211,15.213
1762214460,15.213,15.22,15.197,15.197
1762214520,15.197,15.207,15.191,15.194
1762214580,15.194,15.216,15.192,15.207
1762214640,15.207,15.218,15.197,15.197
1762214700,15.197,15.215,15.184,15.192
1762214760,15.192,15.214,15.192,15.214
1762214820,15.214,15.248,15.207,15.243
1762214880,15.243,15.243,15.224,15.228
1762214940,15.228,15.228,15.213,15.227
1762215000,15.227,15.233,15.209,15.22
1762215060,15.22,15.224,15.207,15.219
1762215120,15.219,15.219,15.184,15.196
1762215180,15.196,15.207,15.191,15.207
1762215240,15.207,15.218,15.181,15.189
1762215300,15.189,15.21,15.182,15.189
1762215360,15.189,15.189,15.162,15.165
1762215420,15.165,15.196,15.161,15.194
1762215480,15.194,15.236,15.193,15.2
1762215540,15.2,15.2,15.173,15.176
1762215600,15.176,15.196,15.167,15.167
1762215660,15.167,15.168,15.138,15.144
1762215720,15.144,15.144,15.117,15.119
1762215780,15.119,15.143,15.117,15.117
1762215840,15.117,15.128,15.111,15.116
1762215900,15.116,15.117,15.107,15.111
1762215960,15.111,15.126,15.111,15.114
1762216020,15.114,15.119,15.103,15.103
1762216080,15.103,15.139,15.103,15.134
1762216140,15.134,15.134,15.104,15.106
1762216200,15.106,15.158,15.106,15.156
1762216260,15.156,15.202,15.153,15.179
1762216320,15.179,15.198,15.169,15.193
1762216380,15.193,15.267,15.193,15.261
1762216440,15.261,15.306,15.252,15.286
1762216500,15.286,15.319,15.286,15.318
1762216560,15.318,15.44,15.318,15.421
1762216620,15.421,15.421,15.359,15.36
1762216680,15.36,15.446,15.353,15.433
1762216740,15.433,15.44,15.404,15.427
1762216800,15.427,15.483,15.422,15.445
1762216860,15.445,15.445,15.405,15.405
1762216920,15.405,15.45,15.405,15.444
1762216980,15.444,15.457,15.431,15.435
1762217040,15.435,15.443,15.424,15.431
1762217100,15.431,15.433,15.396,15.411
1762217160,15.411,15.428,15.399,15.4
1762217220,15.4,15.413,15.395,15.404
1762217280,15.404,15.422,15.398,15.4
1762217340,15.4,15.426,15.393,15.426
1762217400,15.426,15.426,15.352,15.356
1762217460,15.356,15.389,15.352,15.367
1762217520,15.367,15.378,15.359,15.359
1762217580,15.359,15.383,15.356,15.375
1762217640,15.375,15.387,15.356,15.357
1762217700,15.357,15.357,15.299,15.299
1762217760,15.299,15.304,15.261,15.28
1762217820,15.28,15.298,15.28,15.295
1762217880,15.295,15.298,15.286,15.295
1762217940,15.295,15.319,15.295,15.315
1762218000,15.315,15.328,15.305,15.313
1762218060,15.313,15.34,15.313,15.336
1762218120,15.336,15.336,15.306,15.308
1762218180,15.308,15.323,15.295,15.295
1762218240,15.295,15.296,15.276,15.276
1762218300,15.276,15.277,15.255,15.267
1762218360,15.267,15.323,15.267,15.322
1762218420,15.322,15.35,15.322,15.335
1762218480,15.335,15.335,15.294,15.296
1762218540,15.296,15.308,15.282,15.308
1762218600,15.308,15.33,15.301,15.311
1762218660,15.311,15.335,15.31,15.328
1762218720,15.328,15.353,15.326,15.326
1762218780,15.326,15.326,15.314,15.324
1762218840,15.324,15.333,15.317,15.324
1762218900,15.324,15.341,15.317,15.341
1762218960,15.341,15.343,15.316,15.336
1762219020,15.336,15.336,15.311,15.319
1762219080,15.319,15.351,15.312,15.341
1762219140,15.341,15.372,15.331,15.356
1762219200,15.356,15.412,15.356,15.409
1762219260,15.409,15.438,15.397,15.438
1762219320,15.438,15.444,15.395,15.442
1762219380,15.442,15.447,15.402,15.421
1762219440,15.421,15.444,15.413,15.418
1762219500,15.418,15.443,15.418,15.427
1762219560,15.427,15.429,15.387,15.389
1762219620,15.389,15.401,15.38,15.382
1762219680,15.382,15.382,15.339,15.349
1762219740,15.349,15.369,15.346,15.369
1762219800,15.369,15.397,15.364,15.385
1762219860,15.385,15.385,15.355,15.377
1762219920,15.377,15.42,15.377,15.418
1762219980,15.418,15.431,15.407,15.422
1762220040,15.422,15.449,15.422,15.444
1762220100,15.444,15.447,15.42,15.443
1762220160,15.443,15.47,15.443,15.456
1762220220,15.456,15.456,15.421,15.43
1762220280,15.43,15.479,15.426,15.477
1762220340,15.477,15.499,15.443,15.454
1762220400,15.454,15.468,15.428,15.433
1762220460,15.433,15.434,15.411,15.416
1762220520,15.416,15.428,15.413,15.413
1762220580,15.413,15.419,15.407,15.411
1762220640,15.411,15.414,15.399,15.399
1762220700,15.399,15.409,15.394,15.396
1762220760,15.396,15.408,15.371,15.384
1762220820,15.384,15.39,15.349,15.35
1762220880,15.35,15.371,15.35,15.36
1762220940,15.36,15.371,15.343,15.343
1762221000,15.343,15.343,15.321,15.329
1762221060,15.329,15.329,15.314,15.317
1762221120,15.317,15.317,15.292,15.305
1762221180,15.305,15.335,15.305,15.327
1762221240,15.327,15.349,15.327,15.349
1762221300,15.349,15.362,15.344,15.362
1762221360,15.362,15.379,15.361,15.378
1762221420,15.378,15.386,15.365,15.385
1762221480,15.385,15.385,15.359,15.363
1762221540,15.363,15.367,15.351,15.354
1762221600,15.354,15.354,15.33,15.333
1762221660,15.333,15.336,15.319,15.322
1762221720,15.322,15.334,15.314,15.32
1762221780,15.32,15.329,15.317,15.318
1762221840,15.318,15.333,15.317,15.324
1762221900,15.324,15.34,15.315,15.333
1762221960,15.333,15.34,15.322,15.323
1762222020,15.323,15.358,15.323,15.348
1762222080,15.348,15.369,15.344,15.369
1762222140,15.369,15.39,15.369,15.386
1762222200,15.386,15.393,15.377,15.379
1762222260,15.379,15.393,15.371,15.391
1762222320,15.391,15.418,15.39,15.41
1762222380,15.41,15.41,15.382,15.398
1762222440,15.398,15.402,15.388,15.397
1762222500,15.397,15.404,15.381,15.404
1762222560,15.404,15.404,15.376,15.403
1762222620,15.403,15.421,15.4,15.406
1762222680,15.406,15.427,15.406,15.417
1762222740,15.417,15.439,15.417,15.439
1762222800,15.439,15.455,15.439,15.443
1762222860,15.443,15.447,15.421,15.427
1762222920,15.427,15.45,15.427,15.437
1762222980,15.437,15.449,15.419,15.43
1762223040,15.43,15.434,15.409,15.43
1762223100,15.43,15.441,15.42,15.426
1762223160,15.426,15.428,15.403,15.408
1762223220,15.408,15.421,15.397,15.398
1762223280,15.398,15.403,15.376,15.381
1762223340,15.381,15.386,15.371,15.382
1762223400,15.382,15.382,15.352,15.355
1762223460,15.355,15.385,15.354,15.377
1762223520,15.377,15.392,15.377,15.384
1762223580,15.384,15.386,15.342,15.355
1762223640,15.355,15.373,15.352,15.365
1762223700,15.365,15.38,15.362,15.368
1762223760,15.368,15.389,15.36,15.36
1762223820,15.36,15.374,15.344,15.374
1762223880,15.374,15.398,15.372,15.378
1762223940,15.378,15.4,15.372,15.372
1762224000,15.372,15.392,15.369,15.371
1762224060,15.371,15.378,15.355,15.355
1762224120,15.355,15.355,15.322,15.327
1762224180,15.327,15.334,15.315,15.326
1762224240,15.326,15.331,15.325,15.328
1762224300,15.328,15.328,15.303,15.309
1762224360,15.309,15.324,15.3,15.324
1762224420,15.324,15.326,15.289,15.297
1762224480,15.297,15.31,15.283,15.306
1762224540,15.306,15.322,15.295,15.295
1762224600,15.295,15.321,15.295,15.316
1762224660,15.316,15.327,15.308,15.308
1762224720,15.308,15.31,15.298,15.31
1762224780,15.31,15.332,15.309,15.329
1762224840,15.329,15.329,15.317,15.322
1762224900,15.322,15.328,15.314,15.316
1762224960,15.316,15.339,15.315,15.338
1762225020,15.338,15.338,15.314,15.324
1762225080,15.324,15.331,15.314,15.326
1762225140,15.326,15.327,15.303,15.304
1762225200,15.304,15.367,15.304,15.323
1762225260,15.323,15.343,15.313,15.325
1762225320,15.325,15.347,15.312,15.314
1762225380,15.314,15.323,15.301,15.304
1762225440,15.304,15.324,15.301,15.321
1762225500,15.321,15.321,15.287,15.287
1762225560,15.287,15.288,15.264,15.275
1762225620,15.275,15.29,15.269,15.28
1762225680,15.28,15.324,15.28,15.323
1762225740,15.323,15.324,15.31,15.32
1762225800,15.32,15.326,15.311,15.315
1762225860,15.315,15.328,15.297,15.309
1762225920,15.309,15.316,15.285,15.285
1762225980,15.285,15.343,15.285,15.342
1762226040,15.342,15.376,15.333,15.372
1762226100,15.372,15.404,15.369,15.397
1762226160,15.397,15.402,15.37,15.37
1762226220,15.37,15.388,15.367,15.382
1762226280,15.382,15.404,15.366,15.366
1762226340,15.366,15.366,15.349,15.353
1762226400,15.353,15.369,15.35,15.355
1762226460,15.355,15.355,15.332,15.338
1762226520,15.338,15.371,15.337,15.37
1762226580,15.37,15.388,15.37,15.378
1762226640,15.378,15.4,15.377,15.377
1762226700,15.377,15.41,15.377,15.41
1762226760,15.41,15.412,15.381,15.382
1762226820,15.382,15.407,15.382,15.407
1762226880,15.407,15.417,15.4,15.414
1762226940,15.414,15.414,15.397,15.401
1762227000,15.401,15.407,15.376,15.378
1762227060,15.378,15.384,15.355,15.358
1762227120,15.358,15.377,15.357,15.359
1762227180,15.359,15.392,15.355,15.389
1762227240,15.389,15.437,15.389,15.432
1762227300,15.432,15.453,15.425,15.429
1762227360,15.429,15.452,15.395,15.433
1762227420,15.433,15.48,15.433,15.475
1762227480,15.475,15.481,15.463,15.472
1762227540,15.472,15.477,15.463,15.464
1762227600,15.464,15.472,15.441,15.452
1762227660,15.452,15.467,15.452,15.46
1762227720,15.46,15.469,15.458,15.459
1762227780,15.459,15.476,15.456,15.474
1762227840,15.474,15.482,15.467,15.467
1762227900,15.467,15.473,15.425,15.427
1762227960,15.427,15.441,15.415,15.441
1762228020,15.441,15.441,15.418,15.424
1762228080,15.424,15.436,15.387,15.388
1762228140,15.388,15.393,15.377,15.378
1762228200,15.378,15.399,15.378,15.395
1762228260,15.395,15.411,15.388,15.395
1762228320,15.395,15.395,15.374,15.378
1762228380,15.378,15.396,15.367,15.389
1762228440,15.389,15.413,15.389,15.409
1762228500,15.409,15.428,15.405,15.418
1762228560,15.418,15.418,15.407,15.407
1762228620,15.407,15.445,15.407,15.44
1762228680,15.44,15.454,15.438,15.446
1762228740,15.446,15.446,15.418,15.418
1762228800,15.418,15.444,15.418,15.423
1762228860,15.423,15.437,15.409,15.434
1762228920,15.434,15.44,15.408,15.408
1762228980,15.408,15.444,15.408,15.438
1762229040,15.438,15.481,15.438,15.48
1762229100,15.48,15.498,15.466,15.466
1762229160,15.466,15.472,15.426,15.44
1762229220,15.44,15.448,15.428,15.444
1762229280,15.444,15.452,15.426,15.449
1762229340,15.449,15.449,15.426,15.447
1762229400,15.447,15.472,15.447,15.462
1762229460,15.462,15.48,15.462,15.474
1762229520,15.474,15.479,15.452,15.455
1762229580,15.455,15.46,15.429,15.429
1762229640,15.429,15.442,15.419,15.442
1762229700,15.442,15.446,15.412,15.413
1762229760,15.413,15.419,15.387,15.388
1762229820,15.388,15.402,15.365,15.394
1762229880,15.394,15.399,15.378,15.385
1762229940,15.385,15.394,15.368,15.389
1762230000,15.389,15.396,15.37,15.372
1762230060,15.372,15.384,15.365,15.38
1762230120,15.38,15.412,15.368,15.406
1762230180,15.406,15.406,15.38,15.394
1762230240,15.394,15.394,15.375,15.381
1762230300,15.381,15.389,15.363,15.367
1762230360,15.367,15.375,15.351,15.352
1762230420,15.352,15.374,15.343,15.357
1762230480,15.357,15.368,15.341,15.368
1762230540,15.368,15.373,15.352,15.361
1762230600,15.361,15.378,15.359,15.368
1762230660,15.368,15.392,15.344,15.392
1762230720,15.392,15.394,15.355,15.368
1762230780,15.368,15.394,15.344,15.348
1762230840,15.348,15.351,15.334,15.343
1762230900,15.343,15.352,15.305,15.313
1762230960,15.313,15.313,15.279,15.301
1762231020,15.301,15.301,15.273,15.289
1762231080,15.289,15.314,15.286,15.289
1762231140,15.289,15.295,15.27,15.29
1762231200,15.29,15.318,15.287,15.293
1762231260,15.293,15.299,15.274,15.288
1762231320,15.288,15.302,15.269,15.269
1762231380,15.269,15.277,15.265,15.266
1762231440,15.266,15.278,15.265,15.266
1762231500,15.266,15.283,15.256,15.266
1762231560,15.266,15.285,15.259,15.279
1762231620,15.279,15.294,15.254,15.255
1762231680,15.255,15.274,15.243,15.264
1762231740,15.264,15.271,15.233,15.252
1762231800,15.252,15.253,15.235,15.247
1762231860,15.247,15.263,15.244,15.248
1762231920,15.248,15.248,15.234,15.239
1762231980,15.239,15.265,15.238,15.247
1762232040,15.247,15.258,15.229,15.234
1762232100,15.234,15.243,15.226,15.226
1762232160,15.226,15.239,15.221,15.232
1762232220,15.232,15.245,15.228,15.245
1762232280,15.245,15.252,15.231,15.243
1762232340,15.243,15.243,15.228,15.231
1762232400,15.231,15.231,15.206,15.221
1762232460,15.221,15.228,15.211,15.212
1762232520,15.212,15.232,15.209,15.228
1762232580,15.228,15.25,15.228,15.245
1762232640,15.245,15.26,15.233,15.238
1762232700,15.238,15.254,15.236,15.253
1762232760,15.253,15.269,15.24,15.261
1762232820,15.261,15.3,15.261,15.28
1762232880,15.28,15.291,15.263,15.267
1762232940,15.267,15.311,15.267,15.307
1762233000,15.307,15.327,15.299,15.311
1762233060,15.311,15.325,15.288,15.288
1762233120,15.288,15.298,15.272,15.277
1762233180,15.277,15.283,15.263,15.277
1762233240,15.277,15.279,15.261,15.265
1762233300,15.265,15.274,15.216,15.216
1762233360,15.216,15.216,15.177,15.187
1762233420,15.187,15.197,15.165,15.18
1762233480,15.18,15.205,15.177,15.182
1762233540,15.182,15.185,15.104,15.134
1762233600,15.134,15.138,15.112,15.127
1762233660,15.127,15.141,15.061,15.081
1762233720,15.081,15.099,15.044,15.097
1762233780,15.097,15.115,15.073,15.08
1762233840,15.08,15.084,15.008,15.027
1762233900,15.027,15.077,15.027,15.035
1762233960,15.035,15.042,15.008,15.033
1762234020,15.033,15.039,14.978,15.004
1762234080,15.004,15.021,14.951,14.974
1762234140,14.974,15.006,14.965,14.98
1762234200,14.98,14.987,14.878,14.923
1762234260,14.923,14.923,14.785,14.805
1762234320,14.805,14.879,14.805,14.823
1762234380,14.823,14.844,14.755,14.764
1762234440,14.764,14.839,14.763,14.813
1762234500,14.813,14.848,14.798,14.84
1762234560,14.84,14.917,14.835,14.914
1762234620,14.914,14.944,14.888,14.938
1762234680,14.938,14.943,14.881,14.884
1762234740,14.884,14.907,14.861,14.892
1762234800,14.892,14.939,14.869,14.874
1762234860,14.874,14.889,14.851,14.865
1762234920,14.865,14.88,14.856,14.863
1762234980,14.863,14.88,14.818,14.837
1762235040,14.837,14.847,14.806,14.81
1762235100,14.81,14.851,14.81,14.819
1762235160,14.819,14.838,14.768,14.833
1762235220,14.833,14.838,14.802,14.832
1762235280,14.832,14.839,14.742,14.745
1762235340,14.745,14.794,14.742,14.764
1762235400,14.764,14.834,14.763,14.803
1762235460,14.803,14.816,14.786,14.787
1762235520,14.787,14.789,14.703,14.721
1762235580,14.721,14.731,14.679,14.713
1762235640,14.713,14.733,14.675,14.707
1762235700,14.707,14.756,14.704,14.711
1762235760,14.711,14.734,14.652,14.662
1762235820,14.662,14.731,14.662,14.711
1762235880,14.711,14.718,14.672,14.715
1762235940,14.715,14.728,14.685,14.691
1762236000,14.691,14.742,14.683,14.738
1762236060,14.738,14.772,14.725,14.763
1762236120,14.763,14.812,14.749,14.776
1762236180,14.776,14.801,14.766,14.78
1762236240,14.78,14.833,14.777,14.825
1762236300,14.825,14.859,14.795,14.797
1762236360,14.797,14.817,14.769,14.801
1762236420,14.801,14.824,14.799,14.824
1762236480,14.824,14.824,14.743,14.752
1762236540,14.752,14.796,14.747,14.787
1762236600,14.787,14.817,14.764,14.809
1762236660,14.809,14.826,14.794,14.819
1762236720,14.819,14.848,14.784,14.846
1762236780,14.846,14.93,14.841,14.928
1762236840,14.928,15.002,14.908,14.995
1762236900,14.995,15.118,14.985,15.09
1762236960,15.09,15.173,15.083,15.127
1762237020,15.127,15.174,15.105,15.147
1762237080,15.147,15.158,15.116,15.13
1762237140,15.13,15.149,15.103,15.109
1762237200,15.109,15.138,15.096,15.117
1762237260,15.117,15.14,15.104,15.133
1762237320,15.133,15.133,15.073,15.074
1762237380,15.074,15.074,15.035,15.04
1762237440,15.04,15.053,15.027,15.031
1762237500,15.031,15.062,15.031,15.055
1762237560,15.055,15.06,15.017,15.038
1762237620,15.038,15.043,15.019,15.033
1762237680,15.033,15.059,15.025,15.045
1762237740,15.045,15.077,15.044,15.076
1762237800,15.076,15.076,15.009,15.013
1762237860,15.013,15.017,14.962,14.976
1762237920,14.976,15.023,14.971,15.022
1762237980,15.022,15.04,15.009,15.01
1762238040,15.01,15.039,15.008,15.039
1762238100,15.039,15.04,14.987,14.993
1762238160,14.993,15.002,14.981,14.986
1762238220,14.986,14.999,14.962,14.967
1762238280,14.967,14.967,14.929,14.94
1762238340,14.94,14.942,14.895,14.895
1762238400,14.895,14.906,14.882,14.891
1762238460,14.891,14.899,14.881,14.898
1762238520,14.898,14.898,14.876,14.879
1762238580,14.879,14.894,14.877,14.889
1762238640,14.889,14.903,14.873,14.882
1762238700,14.882,14.905,14.88,14.893
1762238760,14.893,14.905,14.88,14.889
1762238820,14.889,14.897,14.876,14.88
1762238880,14.88,14.907,14.856,14.88
1762238940,14.88,14.884,14.84,14.862
1762239000,14.862,14.882,14.855,14.871
1762239060,14.871,14.88,14.843,14.846
1762239120,14.846,14.861,14.815,14.861
1762239180,14.861,14.912,14.861,14.887
1762239240,14.887,14.901,14.834,14.841
1762239300,14.841,14.859,14.837,14.859
1762239360,14.859,14.876,14.839,14.869
1762239420,14.869,14.874,14.85,14.858
1762239480,14.858,14.86,14.843,14.86
1762239540,14.86,14.894,14.86,14.882
1762239600,14.882,14.884,14.845,14.851
1762239660,14.851,14.895,14.842,14.885
1762239720,14.885,14.89,14.859,14.861
1762239780,14.861,14.868,14.758,14.787
1762239840,14.787,14.817,14.76,14.815
1762239900,14.815,14.815,14.776,14.799
1762239960,14.799,14.84,14.783,14.82
1762240020,14.82,14.851,14.811,14.826
1762240080,14.826,14.845,14.784,14.784
1762240140,14.784,14.785,14.757,14.762
1762240200,14.762,14.77,14.739,14.741
1762240260,14.741,14.77,14.741,14.755
1762240320,14.755,14.776,14.729,14.737
1762240380,14.737,14.737,14.703,14.703
1762240440,14.703,14.736,14.701,14.727
1762240500,14.727,14.727,14.687,14.691
1762240560,14.691,14.82,14.689,14.789
1762240620,14.789,14.797,14.735,14.746
1762240680,14.746,14.783,14.73,14.775
1762240740,14.775,14.778,14.756,14.763
1762240800,14.763,14.766,14.727,14.741
1762240860,14.741,14.77,14.736,14.75
1762240920,14.75,14.759,14.72,14.728
1762240980,14.728,14.728,14.689,14.693
1762241040,14.693,14.709,14.671,14.675
1762241100,14.675,14.726,14.675,14.725
1762241160,14.725,14.76,14.696,14.701
1762241220,14.701,14.701,14.663,14.676
1762241280,14.676,14.676,14.607,14.629
1762241340,14.629,14.636,14.615,14.62
1762241400,14.62,14.673,14.617,14.653
1762241460,14.653,14.69,14.644,14.669
1762241520,14.669,14.677,14.649,14.666
1762241580,14.666,14.671,14.644,14.656
1762241640,14.656,14.711,14.656,14.67
1762241700,14.67,14.689,14.659,14.676
1762241760,14.676,14.68,14.643,14.671
1762241820,14.671,14.717,14.671,14.71
1762241880,14.71,14.723,14.704,14.715
1762241940,14.715,14.77,14.706,14.754
1762242000,14.754,14.763,14.72,14.72
1762242060,14.72,14.72,14.672,14.675
1762242120,14.675,14.679,14.629,14.63
1762242180,14.63,14.634,14.594,14.628
1762242240,14.628,14.635,14.61,14.635
1762242300,14.635,14.655,14.62,14.648
1762242360,14.648,14.649,14.618,14.626
1762242420,14.626,14.639,14.613,14.616
1762242480,14.616,14.616,14.555,14.571
1762242540,14.571,14.595,14.567,14.574
1762242600,14.574,14.64,14.574,14.625
1762242660,14.625,14.653,14.619,14.653
1762242720,14.653,14.682,14.648,14.675
1762242780,14.675,14.681,14.654,14.681
1762242840,14.681,14.681,14.638,14.665
1762242900,14.665,14.666,14.602,14.619
1762242960,14.619,14.637,14.619,14.625
1762243020,14.625,14.626,14.595,14.599
1762243080,14.599,14.623,14.591,14.623
1762243140,14.623,14.636,14.613,14.625
1762243200,14.625,14.654,14.617,14.649
1762243260,14.649,14.65,14.605,14.613
1762243320,14.613,14.663,14.599,14.661
1762243380,14.661,14.682,14.637,14.667
1762243440,14.667,14.676,14.641,14.641
1762243500,14.641,14.641,14.589,14.6
1762243560,14.6,14.635,14.596,14.633
1762243620,14.633,14.633,14.565,14.57
1762243680,14.57,14.582,14.533,14.554
1762243740,14.554,14.588,14.541,14.579
1762243800,14.579,14.605,14.574,14.586
1762243860,14.586,14.626,14.58,14.611
1762243920,14.611,14.647,14.602,14.625
1762243980,14.625,14.626,14.559,14.583
1762244040,14.583,14.602,14.567,14.573
1762244100,14.573,14.596,14.549,14.551
1762244160,14.551,14.602,14.551,14.563
1762244220,14.563,14.563,14.526,14.544
1762244280,14.544,14.554,14.521,14.553
1762244340,14.553,14.572,14.512,14.529
1762244400,14.529,14.641,14.529,14.633
1762244460,14.633,14.702,14.627,14.671
1762244520,14.671,14.743,14.655,14.737
1762244580,14.737,14.764,14.721,14.758
1762244640,14.758,14.789,14.735,14.765
1762244700,14.765,14.798,14.727,14.727
1762244760,14.727,14.73,14.694,14.703
1762244820,14.703,14.744,14.697,14.741
1762244880,14.741,14.759,14.726,14.752
1762244940,14.752,14.774,14.743,14.758
1762245000,14.758,14.806,14.748,14.795
1762245060,14.795,14.886,14.792,14.854
1762245120,14.854,14.903,14.846,14.897
1762245180,14.897,14.937,14.892,14.898
1762245240,14.898,14.898,14.851,14.865
1762245300,14.865,14.869,14.846,14.867
1762245360,14.867,14.894,14.855,14.859
1762245420,14.859,14.898,14.857,14.883
1762245480,14.883,14.908,14.883,14.89
1762245540,14.89,14.9,14.854,14.861
1762245600,14.861,14.873,14.853,14.869
1762245660,14.869,14.872,14.852,14.861
1762245720,14.861,14.878,14.844,14.85
1762245780,14.85,14.851,14.829,14.835
1762245840,14.835,14.855,14.824,14.841
1762245900,14.841,14.858,14.811,14.821
1762245960,14.821,14.821,14.765,14.774
1762246020,14.774,14.834,14.771,14.833
1762246080,14.833,14.839,14.806,14.809
1762246140,14.809,14.81,14.784,14.805
1762246200,14.805,14.807,14.756,14.757
1762246260,14.757,14.768,14.75,14.752
1762246320,14.752,14.758,14.715,14.733
1762246380,14.733,14.783,14.733,14.783
1762246440,14.783,14.798,14.773,14.787
1762246500,14.787,14.788,14.766,14.778
1762246560,14.778,14.806,14.769,14.801
1762246620,14.801,14.807,14.788,14.806
1762246680,14.806,14.813,14.798,14.8
1762246740,14.8,14.826,14.8,14.826
1762246800,14.826,14.837,14.815,14.834
1762246860,14.834,14.834,14.792,14.809
1762246920,14.809,14.836,14.809,14.822
1762246980,14.822,14.843,14.812,14.829
1762247040,14.829,14.847,14.817,14.838
1762247100,14.838,14.852,14.805,14.806
1762247160,14.806,14.854,14.806,14.816
1762247220,14.816,14.827,14.81,14.814
1762247280,14.814,14.815,14.789,14.792
1762247340,14.792,14.823,14.773,14.823
1762247400,14.823,14.829,14.804,14.814
1762247460,14.814,14.836,14.809,14.813
1762247520,14.813,14.82,14.798,14.798
1762247580,14.798,14.806,14.76,14.786
1762247640,14.786,14.787,14.757,14.784
1762247700,14.784,14.793,14.751,14.789
1762247760,14.789,14.839,14.788,14.838
1762247820,14.838,14.865,14.832,14.863
1762247880,14.863,14.863,14.797,14.805
1762247940,14.805,14.823,14.798,14.812
1762248000,14.812,14.836,14.802,14.816
1762248060,14.816,14.816,14.76,14.761
1762248120,14.761,14.784,14.752,14.783
1762248180,14.783,14.81,14.758,14.807
1762248240,14.807,14.832,14.797,14.799
1762248300,14.799,14.811,14.795,14.809
1762248360,14.809,14.837,14.809,14.831
1762248420,14.831,14.882,14.83,14.865
1762248480,14.865,14.87,14.851,14.864
1762248540,14.864,14.864,14.831,14.837
1762248600,14.837,14.871,14.837,14.858
1762248660,14.858,14.889,14.855,14.874
1762248720,14.874,14.901,14.859,14.859
1762248780,14.859,14.872,14.847,14.85
1762248840,14.85,14.851,14.823,14.829
1762248900,14.829,14.829,14.787,14.787
1762248960,14.787,14.801,14.77,14.801
1762249020,14.801,14.829,14.793,14.828
1762249080,14.828,14.871,14.828,14.862
1762249140,14.862,14.864,14.841,14.851
1762249200,14.851,14.856,14.841,14.85
1762249260,14.85,14.877,14.85,14.867
1762249320,14.867,14.876,14.854,14.858
1762249380,14.858,14.87,14.848,14.857
1762249440,14.857,14.872,14.848,14.853
1762249500,14.853,14.862,14.845,14.852
1762249560,14.852,14.873,14.844,14.871
1762249620,14.871,14.88,14.854,14.854
1762249680,14.854,14.855,14.833,14.835
1762249740,14.835,14.854,14.835,14.851
1762249800,14.851,14.87,14.851,14.858
1762249860,14.858,14.858,14.817,14.818
1762249920,14.818,14.826,14.795,14.796
1762249980,14.796,14.825,14.796,14.818
1762250040,14.818,14.825,14.81,14.82
1762250100,14.82,14.834,14.81,14.826
1762250160,14.826,14.849,14.823,14.849
1762250220,14.849,14.882,14.841,14.873
1762250280,14.873,14.878,14.854,14.878
1762250340,14.878,14.899,14.878,14.886
1762250400,14.886,14.9,14.878,14.892
1762250460,14.892,14.898,14.876,14.882
1762250520,14.882,14.916,14.882,14.887
1762250580,14.887,14.898,14.878,14.88
1762250640,14.88,14.908,14.872,14.874
1762250700,14.874,14.891,14.872,14.878
1762250760,14.878,14.925,14.878,14.912
1762250820,14.912,14.924,14.897,14.904
1762250880,14.904,14.93,14.902,14.93
1762250940,14.93,14.956,14.927,14.938
1762251000,14.938,14.955,14.931,14.931
1762251060,14.931,14.959,14.916,14.943
1762251120,14.943,14.969,14.943,14.954
1762251180,14.954,14.961,14.938,14.945
1762251240,14.945,14.947,14.926,14.932
1762251300,14.932,14.959,14.932,14.959
1762251360,14.959,14.983,14.936,14.959
1762251420,14.959,14.962,14.933,14.948
1762251480,14.948,14.966,14.939,14.965
1762251540,14.965,14.975,14.951,14.954
1762251600,14.954,14.965,14.939,14.944
1762251660,14.944,14.953,14.933,14.948
1762251720,14.948,14.961,14.936,14.938
1762251780,14.938,14.944,14.928,14.931
1762251840,14.931,14.936,14.917,14.933
1762251900,14.933,14.953,14.922,14.928
1762251960,14.928,14.957,14.924,14.95
1762252020,14.95,14.966,14.948,14.958
1762252080,14.958,14.963,14.919,14.92
1762252140,14.92,14.925,14.898,14.901
1762252200,14.901,14.935,14.899,14.927
1762252260,14.927,14.927,14.904,14.916
1762252320,14.916,14.916,14.896,14.9
1762252380,14.9,14.918,14.9,14.918
1762252440,14.918,14.955,14.915,14.915
1762252500,14.915,14.921,14.899,14.909
1762252560,14.909,14.909,14.883,14.909
1762252620,14.909,14.928,14.895,14.925
1762252680,14.925,14.958,14.924,14.958
1762252740,14.958,14.963,14.946,14.96
1762252800,14.96,14.971,14.94,14.963
1762252860,14.963,14.991,14.961,14.977
1762252920,14.977,15,14.966,14.978
1762252980,14.978,14.996,14.969,14.972
1762253040,14.972,14.976,14.947,14.958
1762253100,14.958,14.976,14.948,14.976
1762253160,14.976,15.007,14.976,14.985
1762253220,14.985,14.989,14.976,14.981
1762253280,14.981,14.998,14.973,14.979
1762253340,14.979,14.985,14.955,14.972
1762253400,14.972,14.981,14.969,14.972
1762253460,14.972,14.974,14.953,14.956
1762253520,14.956,15.002,14.953,15
1762253580,15,15.002,14.966,14.99
1762253640,14.99,15.006,14.988,14.992
1762253700,14.992,14.994,14.972,14.989
1762253760,14.989,14.997,14.979,14.988
1762253820,14.988,15.047,14.988,15.043
1762253880,15.043,15.07,15.04,15.054
1762253940,15.054,15.071,15.046,15.066
1762254000,15.066,15.087,15.045,15.083
1762254060,15.083,15.083,15.06,15.069
1762254120,15.069,15.13,15.065,15.121
1762254180,15.121,15.165,15.118,15.165
1762254240,15.165,15.167,15.134,15.143
1762254300,15.143,15.191,15.139,15.164
1762254360,15.164,15.228,15.163,15.227
1762254420,15.227,15.252,15.215,15.217
1762254480,15.217,15.218,15.167,15.188
1762254540,15.188,15.188,15.159,15.164
1762254600,15.164,15.186,15.146,15.177
1762254660,15.177,15.192,15.167,15.171
1762254720,15.171,15.171,15.138,15.141
1762254780,15.141,15.149,15.125,15.126
1762254840,15.126,15.156,15.125,15.135
1762254900,15.135,15.135,15.107,15.129
1762254960,15.129,15.132,15.11,15.111
1762255020,15.111,15.161,15.11,15.15
1762255080,15.15,15.191,15.15,15.182
1762255140,15.182,15.203,15.159,15.159
1762255200,15.159,15.2,15.158,15.2
1762255260,15.2,15.213,15.183,15.186
1762255320,15.186,15.204,15.161,15.163
1762255380,15.163,15.163,15.13,15.144
1762255440,15.144,15.151,15.128,15.128
1762255500,15.128,15.143,15.107,15.107
1762255560,15.107,15.108,15.071,15.073
1762255620,15.073,15.098,15.069,15.089
1762255680,15.089,15.107,15.089,15.09
1762255740,15.09,15.097,15.077,15.079
1762255800,15.079,15.114,15.079,15.087
1762255860,15.087,15.089,15.067,15.07
1762255920,15.07,15.092,15.056,15.092
1762255980,15.092,15.097,15.077,15.088
1762256040,15.088,15.098,15.073,15.077
1762256100,15.077,15.103,15.074,15.075
1762256160,15.075,15.103,15.075,15.099
1762256220,15.099,15.122,15.086,15.121
1762256280,15.121,15.13,15.102,15.104
1762256340,15.104,15.127,15.104,15.118
1762256400,15.118,15.125,15.092,15.092
1762256460,15.092,15.114,15.088,15.107
1762256520,15.107,15.13,15.107,15.13
1762256580,15.13,15.135,15.121,15.129
1762256640,15.129,15.135,15.113,15.122
1762256700,15.122,15.122,15.085,15.11
1762256760,15.11,15.116,15.1,15.105
1762256820,15.105,15.112,15.091,15.096
1762256880,15.096,15.102,15.083,15.084
1762256940,15.084,15.085,15.039,15.046
1762257000,15.046,15.055,15.044,15.049
1762257060,15.049,15.07,15.048,15.062
1762257120,15.062,15.072,15.055,15.06
1762257180,15.06,15.063,15.046,15.046
1762257240,15.046,15.048,15.02,15.034
1762257300,15.034,15.041,15.022,15.031
1762257360,15.031,15.042,15.024,15.038
1762257420,15.038,15.044,15.035,15.04
1762257480,15.04,15.077,15.033,15.076
1762257540,15.076,15.079,15.047,15.047
1762257600,15.047,15.063,15.043,15.045
1762257660,15.045,15.063,15.035,15.053
1762257720,15.053,15.067,15.024,15.066
1762257780,15.066,15.07,15.046,15.056
1762257840,15.056,15.07,15.041,15.058
1762257900,15.058,15.082,15.048,15.074
1762257960,15.074,15.079,15.056,15.072
1762258020,15.072,15.081,15.046,15.048
1762258080,15.048,15.061,15.033,15.054
1762258140,15.054,15.058,15.031,15.039
1762258200,15.039,15.039,15.013,15.015
1762258260,15.015,15.022,15.001,15.004
1762258320,15.004,15.012,15.002,15.006
1762258380,15.006,15.007,14.972,14.997
1762258440,14.997,15.014,14.997,15.014
1762258500,15.014,15.033,14.998,15.005
1762258560,15.005,15.013,14.996,15.007
1762258620,15.007,15.009,14.981,14.992
1762258680,14.992,15,14.986,14.99
1762258740,14.99,15.012,14.974,15.012
1762258800,15.012,15.017,15.005,15.005
1762258860,15.005,15.047,14.999,15.043
1762258920,15.043,15.043,15.023,15.031
1762258980,15.031,15.042,15.023,15.042
1762259040,15.042,15.05,15.028,15.036
1762259100,15.036,15.06,15.035,15.053
1762259160,15.053,15.06,15.038,15.044
1762259220,15.044,15.076,15.015,15.073
1762259280,15.073,15.083,15.064,15.083
1762259340,15.083,15.095,15.076,15.084
1762259400,15.084,15.098,15.073,15.09
1762259460,15.09,15.09,15.071,15.076
1762259520,15.076,15.09,15.049,15.05
1762259580,15.05,15.067,14.945,14.988
1762259640,14.988,14.995,14.926,14.928
1762259700,14.928,14.941,14.884,14.89
1762259760,14.89,14.894,14.844,14.856
1762259820,14.856,14.878,14.846,14.864
1762259880,14.864,14.871,14.823,14.829
1762259940,14.829,14.837,14.803,14.821
1762260000,14.821,14.848,14.808,14.808
1762260060,14.808,14.85,14.795,14.849
1762260120,14.849,14.855,14.83,14.851
1762260180,14.851,14.852,14.823,14.843
1762260240,14.843,14.853,14.828,14.84
1762260300,14.84,14.849,14.817,14.831
1762260360,14.831,14.902,14.82,14.857
1762260420,14.857,14.883,14.857,14.872
1762260480,14.872,14.905,14.872,14.898
1762260540,14.898,14.899,14.87,14.899
1762260600,14.899,14.899,14.878,14.884
1762260660,14.884,14.91,14.868,14.873
1762260720,14.873,14.889,14.862,14.883
1762260780,14.883,14.883,14.867,14.876
1762260840,14.876,14.89,14.873,14.874
1762260900,14.874,14.877,14.863,14.867
1762260960,14.867,14.871,14.855,14.862
1762261020,14.862,14.873,14.841,14.841
1762261080,14.841,14.866,14.833,14.865
1762261140,14.865,14.867,14.853,14.859
1762261200,14.859,14.919,14.857,14.911
1762261260,14.911,14.937,14.888,14.894
1762261320,14.894,14.907,14.889,14.899
1762261380,14.899,14.957,14.899,14.943
1762261440,14.943,14.945,14.91,14.912
1762261500,14.912,14.916,14.878,14.887
1762261560,14.887,14.916,14.882,14.896
1762261620,14.896,14.899,14.879,14.897
1762261680,14.897,14.897,14.862,14.877
1762261740,14.877,14.882,14.863,14.881
1762261800,14.881,14.887,14.872,14.88
1762261860,14.88,14.909,14.88,14.899
1762261920,14.899,14.922,14.899,14.912
1762261980,14.912,14.914,14.879,14.896
1762262040,14.896,14.924,14.896,14.9
1762262100,14.9,14.914,14.896,14.912
1762262160,14.912,14.914,14.873,14.873
1762262220,14.873,14.89,14.865,14.869
1762262280,14.869,14.889,14.869,14.879
1762262340,14.879,14.882,14.862,14.867
1762262400,14.867,14.867,14.831,14.832
1762262460,14.832,14.834,14.787,14.791
1762262520,14.791,14.823,14.788,14.818
1762262580,14.818,14.818,14.8,14.8
1762262640,14.8,14.824,14.783,14.783
1762262700,14.783,14.789,14.748,14.769
1762262760,14.769,14.776,14.753,14.768
1762262820,14.768,14.772,14.752,14.756
1762262880,14.756,14.762,14.735,14.748
1762262940,14.748,14.757,14.742,14.751
1762263000,14.751,14.785,14.735,14.772
1762263060,14.772,14.775,14.728,14.735
1762263120,14.735,14.769,14.735,14.769
1762263180,14.769,14.81,14.769,14.789
1762263240,14.789,14.823,14.789,14.819
1762263300,14.819,14.87,14.819,14.857
1762263360,14.857,14.887,14.856,14.87
1762263420,14.87,14.881,14.86,14.878
1762263480,14.878,14.905,14.874,14.874
1762263540,14.874,14.907,14.861,14.896
1762263600,14.896,14.9,14.878,14.879
1762263660,14.879,14.894,14.849,14.856
1762263720,14.856,14.861,14.834,14.854
1762263780,14.854,14.875,14.828,14.842
1762263840,14.842,14.848,14.824,14.824
1762263900,14.824,14.824,14.792,14.798
1762263960,14.798,14.812,14.782,14.788
1762264020,14.788,14.803,14.776,14.802
1762264080,14.802,14.815,14.791,14.806
1762264140,14.806,14.806,14.774,14.778
1762264200,14.778,14.782,14.769,14.778
1762264260,14.778,14.805,14.774,14.805
1762264320,14.805,14.83,14.805,14.81
1762264380,14.81,14.82,14.802,14.814
1762264440,14.814,14.814,14.802,14.802
1762264500,14.802,14.805,14.797,14.805
1762264560,14.805,14.81,14.799,14.799
1762264620,14.799,14.799,14.788,14.788
1762264680,14.788,14.794,14.78,14.788
1762264740,14.788,14.791,14.783,14.785
1762264800,14.785,14.785,14.765,14.766
1762264860,14.766,14.766,14.716,14.717
1762264920,14.717,14.717,14.668,14.678
1762264980,14.678,14.689,14.676,14.689
1762265040,14.689,14.709,14.688,14.709
1762265100,14.709,14.73,14.709,14.727
1762265160,14.727,14.752,14.711,14.75
1762265220,14.75,14.8,14.741,14.789
1762265280,14.789,14.789,14.749,14.768
1762265340,14.768,14.768,14.744,14.756
1762265400,14.756,14.757,14.735,14.735
1762265460,14.735,14.739,14.713,14.738
1762265520,14.738,14.738,14.709,14.722
1762265580,14.722,14.734,14.712,14.73
1762265640,14.73,14.739,14.708,14.725
1762265700,14.725,14.726,14.702,14.721
1762265760,14.721,14.735,14.71,14.731
1762265820,14.731,14.778,14.726,14.765
1762265880,14.765,14.807,14.762,14.806
1762265940,14.806,14.829,14.803,14.814
1762266000,14.814,14.815,14.783,14.801
1762266060,14.801,14.801,14.758,14.76
1762266120,14.76,14.796,14.76,14.789
1762266180,14.789,14.808,14.789,14.789
1762266240,14.789,14.789,14.749,14.771
1762266300,14.771,14.777,14.753,14.76
1762266360,14.76,14.783,14.757,14.778
1762266420,14.778,14.784,14.772,14.784
1762266480,14.784,14.806,14.782,14.79
1762266540,14.79,14.866,14.79,14.863
1762266600,14.863,14.894,14.799,14.878
1762266660,14.878,14.911,14.85,14.85
1762266720,14.85,14.902,14.823,14.878
1762266780,14.878,14.878,14.82,14.834
1762266840,14.834,14.891,14.813,14.874
1762266900,14.874,14.918,14.857,14.87
1762266960,14.87,14.911,14.823,14.904
1762267020,14.904,14.904,14.825,14.837
1762267080,14.837,14.847,14.757,14.792
1762267140,14.792,14.863,14.791,14.857
1762267200,14.857,14.932,14.832,14.916
1762267260,14.916,15.068,14.915,15.058
1762267320,15.058,15.116,15.034,15.084
1762267380,15.084,15.093,15.013,15.042
1762267440,15.042,15.089,15.039,15.083
1762267500,15.083,15.113,15.05,15.056
1762267560,15.056,15.15,15.053,15.124
1762267620,15.124,15.157,15.102,15.13
1762267680,15.13,15.26,15.119,15.24
1762267740,15.24,15.24,15.188,15.189
1762267800,15.189,15.204,15.171,15.186
1762267860,15.186,15.299,15.186,15.284
1762267920,15.284,15.287,15.251,15.262
1762267980,15.262,15.316,15.26,15.273
1762268040,15.273,15.33,15.265,15.303
1762268100,15.303,15.343,15.287,15.334
1762268160,15.334,15.345,15.263,15.272
1762268220,15.272,15.272,15.218,15.227
1762268280,15.227,15.236,15.205,15.207
1762268340,15.207,15.262,15.204,15.25
1762268400,15.25,15.293,15.236,15.273
1762268460,15.273,15.314,15.252,15.291
1762268520,15.291,15.343,15.27,15.333
1762268580,15.333,15.356,15.28,15.28
1762268640,15.28,15.35,15.28,15.341
1762268700,15.341,15.381,15.324,15.336
1762268760,15.336,15.338,15.262,15.262
1762268820,15.262,15.294,15.256,15.278
1762268880,15.278,15.298,15.251,15.265
1762268940,15.265,15.295,15.242,15.275
1762269000,15.275,15.281,15.201,15.242
1762269060,15.242,15.274,15.239,15.256
1762269120,15.256,15.298,15.255,15.267
1762269180,15.267,15.285,15.24,15.24
1762269240,15.24,15.243,15.18,15.182
1762269300,15.182,15.224,15.182,15.224
1762269360,15.224,15.279,15.214,15.271
1762269420,15.271,15.306,15.262,15.273
1762269480,15.273,15.309,15.264,15.286
1762269540,15.286,15.4,15.278,15.382
1762269600,15.382,15.417,15.363,15.371
1762269660,15.371,15.383,15.343,15.371
1762269720,15.371,15.397,15.361,15.38
1762269780,15.38,15.384,15.333,15.365
1762269840,15.365,15.374,15.353,15.373
1762269900,15.373,15.396,15.37,15.381
1762269960,15.381,15.423,15.359,15.382
1762270020,15.382,15.382,15.324,15.334
1762270080,15.334,15.336,15.318,15.328
1762270140,15.328,15.329,15.305,15.309
1762270200,15.309,15.317,15.29,15.308
1762270260,15.308,15.334,15.288,15.288
1762270320,15.288,15.29,15.262,15.268
1762270380,15.268,15.302,15.268,15.273
1762270440,15.273,15.312,15.263,15.312
1762270500,15.312,15.319,15.298,15.311
1762270560,15.311,15.319,15.28,15.28
1762270620,15.28,15.281,15.253,15.261
1762270680,15.261,15.28,15.245,15.279
1762270740,15.279,15.307,15.272,15.294
1762270800,15.294,15.303,15.281,15.29
1762270860,15.29,15.291,15.267,15.274
1762270920,15.274,15.284,15.238,15.246
1762270980,15.246,15.27,15.246,15.268
1762271040,15.268,15.282,15.266,15.281
1762271100,15.281,15.281,15.208,15.208
1762271160,15.208,15.232,15.188,15.216
1762271220,15.216,15.216,15.16,15.16
1762271280,15.16,15.186,15.153,15.167
1762271340,15.167,15.188,15.163,15.17
1762271400,15.17,15.178,15.137,15.137
1762271460,15.137,15.147,15.106,15.12
1762271520,15.12,15.121,15.066,15.089
1762271580,15.089,15.099,15.016,15.056
1762271640,15.056,15.102,15.055,15.098
1762271700,15.098,15.121,15.094,15.106
1762271760,15.106,15.107,15.053,15.09
1762271820,15.09,15.109,15.08,15.1
1762271880,15.1,15.141,15.094,15.115
1762271940,15.115,15.117,15.094,15.109
1762272000,15.109,15.161,15.107,15.141
1762272060,15.141,15.183,15.13,15.172
1762272120,15.172,15.178,15.151,15.168
1762272180,15.168,15.191,15.152,15.157
1762272240,15.157,15.189,15.157,15.177
1762272300,15.177,15.183,15.149,15.149
1762272360,15.149,15.17,15.143,15.162
1762272420,15.162,15.227,15.162,15.224
1762272480,15.224,15.228,15.191,15.191
1762272540,15.191,15.192,15.156,15.157
1762272600,15.157,15.166,15.137,15.137
1762272660,15.137,15.141,15.091,15.111
1762272720,15.111,15.159,15.09,15.144
1762272780,15.144,15.197,15.144,15.176
1762272840,15.176,15.176,15.139,15.143
1762272900,15.143,15.164,15.122,15.131
1762272960,15.131,15.133,15.095,15.107
1762273020,15.107,15.15,15.1,15.138
1762273080,15.138,15.138,15.072,15.086
1762273140,15.086,15.109,15.064,15.067
1762273200,15.067,15.069,15.01,15.015
1762273260,15.015,15.033,14.934,14.947
1762273320,14.947,14.989,14.942,14.989
1762273380,14.989,15.005,14.943,14.973
1762273440,14.973,15.003,14.938,14.996
1762273500,14.996,15.072,14.981,15.057
1762273560,15.057,15.057,15.015,15.025
1762273620,15.025,15.063,15.019,15.031
1762273680,15.031,15.1,15.027,15.095
1762273740,15.095,15.098,15.055,15.055
1762273800,15.055,15.095,15.04,15.088
1762273860,15.088,15.117,15.061,15.101
1762273920,15.101,15.101,15.029,15.029
1762273980,15.029,15.041,15.005,15.026
1762274040,15.026,15.033,14.99,15.003
1762274100,15.003,15.019,14.993,15.005
1762274160,15.005,15.03,14.985,15.002
1762274220,15.002,15.032,14.99,14.99
1762274280,14.99,15.003,14.954,14.96
1762274340,14.96,14.968,14.919,14.962
1762274400,14.962,14.972,14.917,14.917
1762274460,14.917,14.946,14.9,14.928
1762274520,14.928,14.931,14.855,14.857
1762274580,14.857,14.902,14.857,14.876
1762274640,14.876,14.878,14.836,14.852
1762274700,14.852,14.878,14.829,14.829
1762274760,14.829,14.844,14.775,14.795
1762274820,14.795,14.817,14.768,14.816
1762274880,14.816,14.819,14.768,14.772
1762274940,14.772,14.804,14.768,14.789
1762275000,14.789,14.801,14.767,14.791
1762275060,14.791,14.793,14.736,14.74
1762275120,14.74,14.783,14.713,14.78
1762275180,14.78,14.793,14.754,14.79
1762275240,14.79,14.813,14.772,14.813
1762275300,14.813,14.866,14.799,14.826
1762275360,14.826,14.841,14.762,14.764
1762275420,14.764,14.797,14.762,14.782
1762275480,14.782,14.784,14.75,14.784
1762275540,14.784,14.785,14.75,14.759
1762275600,14.759,14.759,14.704,14.706
1762275660,14.706,14.728,14.679,14.687
1762275720,14.687,14.703,14.583,14.609
1762275780,14.609,14.629,14.577,14.595
1762275840,14.595,14.6,14.552,14.585
1762275900,14.585,14.588,14.514,14.57
1762275960,14.57,14.617,14.546,14.598
1762276020,14.598,14.617,14.53,14.53
1762276080,14.53,14.604,14.528,14.544
1762276140,14.544,14.544,14.486,14.525
1762276200,14.525,14.537,14.42,14.44
1762276260,14.44,14.471,14.376,14.409
1762276320,14.409,14.441,14.385,14.417
1762276380,14.417,14.419,14.35,14.402
1762276440,14.402,14.425,14.358,14.379
1762276500,14.379,14.416,14.338,14.377
1762276560,14.377,14.386,14.28,14.287
1762276620,14.287,14.318,14.245,14.311
1762276680,14.311,14.457,14.297,14.441
1762276740,14.441,14.449,14.338,14.339
1762276800,14.339,14.491,14.339,14.473
1762276860,14.473,14.51,14.436,14.497
1762276920,14.497,14.605,14.494,14.599
1762276980,14.599,14.669,14.587,14.654
1762277040,14.654,14.659,14.591,14.604
1762277100,14.604,14.609,14.567,14.585
1762277160,14.585,14.613,14.56,14.61
1762277220,14.61,14.619,14.55,14.587
1762277280,14.587,14.607,14.538,14.551
1762277340,14.551,14.566,14.522,14.544
1762277400,14.544,14.625,14.543,14.61
1762277460,14.61,14.728,14.581,14.697
1762277520,14.697,14.701,14.609,14.616
1762277580,14.616,14.644,14.606,14.638
1762277640,14.638,14.666,14.618,14.636
1762277700,14.636,14.691,14.615,14.688
1762277760,14.688,14.715,14.641,14.715
1762277820,14.715,14.753,14.682,14.698
1762277880,14.698,14.715,14.668,14.688
1762277940,14.688,14.713,14.635,14.647
1762278000,14.647,14.654,14.604,14.617
1762278060,14.617,14.627,14.594,14.596
1762278120,14.596,14.596,14.565,14.58
1762278180,14.58,14.602,14.572,14.578
1762278240,14.578,14.594,14.558,14.565
1762278300,14.565,14.6,14.565,14.594
1762278360,14.594,14.602,14.562,14.591
1762278420,14.591,14.613,14.562,14.567
1762278480,14.567,14.578,14.504,14.508
1762278540,14.508,14.551,14.502,14.525
1762278600,14.525,14.564,14.515,14.53
1762278660,14.53,14.53,14.492,14.492
1762278720,14.492,14.527,14.484,14.522
1762278780,14.522,14.553,14.512,14.522
1762278840,14.522,14.55,14.508,14.529
1762278900,14.529,14.539,14.509,14.518
1762278960,14.518,14.539,14.499,14.533
1762279020,14.533,14.535,14.517,14.527
1762279080,14.527,14.565,14.527,14.563
1762279140,14.563,14.598,14.563,14.566
1762279200,14.566,14.589,14.548,14.561
1762279260,14.561,14.573,14.523,14.548
1762279320,14.548,14.549,14.472,14.474
1762279380,14.474,14.484,14.432,14.44
1762279440,14.44,14.443,14.359,14.386
1762279500,14.386,14.494,14.381,14.477
1762279560,14.477,14.554,14.462,14.479
1762279620,14.479,14.486,14.413,14.444
1762279680,14.444,14.508,14.44,14.502
1762279740,14.502,14.533,14.484,14.514
1762279800,14.514,14.535,14.492,14.512
1762279860,14.512,14.529,14.465,14.466
1762279920,14.466,14.484,14.442,14.473
1762279980,14.473,14.486,14.428,14.464
1762280040,14.464,14.47,14.413,14.439
1762280100,14.439,14.45,14.401,14.413
1762280160,14.413,14.425,14.357,14.377
1762280220,14.377,14.384,14.352,14.368
1762280280,14.368,14.368,14.329,14.339
1762280340,14.339,14.344,14.285,14.286
1762280400,14.286,14.316,14.26,14.316
1762280460,14.316,14.316,14.258,14.259
1762280520,14.259,14.303,14.232,14.298
1762280580,14.298,14.346,14.269,14.343
1762280640,14.343,14.356,14.279,14.294
1762280700,14.294,14.312,14.247,14.273
1762280760,14.273,14.298,14.267,14.293
1762280820,14.293,14.342,14.277,14.298
1762280880,14.298,14.301,14.219,14.248
1762280940,14.248,14.291,14.246,14.277
1762281000,14.277,14.327,14.25,14.324
1762281060,14.324,14.328,14.274,14.284
1762281120,14.284,14.328,14.225,14.225
1762281180,14.225,14.264,14.147,14.187
1762281240,14.187,14.257,14.127,14.256
1762281300,14.256,14.28,14.173,14.206
1762281360,14.206,14.416,14.205,14.342
1762281420,14.342,14.371,14.289,14.303
1762281480,14.303,14.311,14.238,14.238
1762281540,14.238,14.246,14.182,14.201
1762281600,14.201,14.245,14.199,14.23
1762281660,14.23,14.295,14.211,14.294
1762281720,14.294,14.428,14.293,14.408
1762281780,14.408,14.514,14.377,14.504
1762281840,14.504,14.561,14.454,14.559
1762281900,14.559,14.559,14.453,14.456
1762281960,14.456,14.466,14.423,14.439
1762282020,14.439,14.464,14.404,14.406
1762282080,14.406,14.407,14.36,14.369
1762282140,14.369,14.37,14.298,14.319
1762282200,14.319,14.376,14.313,14.356
1762282260,14.356,14.43,14.342,14.393
1762282320,14.393,14.415,14.377,14.406
1762282380,14.406,14.43,14.344,14.417
1762282440,14.417,14.563,14.401,14.529
1762282500,14.529,14.562,14.513,14.524
1762282560,14.524,14.544,14.483,14.484
1762282620,14.484,14.565,14.484,14.56
1762282680,14.56,14.644,14.557,14.589
1762282740,14.589,14.596,14.56,14.579
1762282800,14.579,14.611,14.55,14.588
1762282860,14.588,14.636,14.561,14.605
1762282920,14.605,14.656,14.59,14.606
1762282980,14.606,14.627,14.584,14.593
1762283040,14.593,14.615,14.587,14.608
1762283100,14.608,14.608,14.535,14.54
1762283160,14.54,14.598,14.539,14.567
1762283220,14.567,14.581,14.526,14.537
1762283280,14.537,14.545,14.517,14.527
1762283340,14.527,14.557,14.513,14.52
1762283400,14.52,14.526,14.49,14.522
1762283460,14.522,14.531,14.491,14.507
1762283520,14.507,14.554,14.497,14.535
1762283580,14.535,14.589,14.535,14.571
1762283640,14.571,14.607,14.57,14.598
1762283700,14.598,14.631,14.554,14.624
1762283760,14.624,14.665,14.604,14.604
1762283820,14.604,14.61,14.559,14.564
1762283880,14.564,14.598,14.562,14.593
1762283940,14.593,14.6,14.558,14.572
1762284000,14.572,14.601,14.552,14.593
1762284060,14.593,14.631,14.554,14.577
1762284120,14.577,14.618,14.575,14.596
1762284180,14.596,14.686,14.596,14.647
1762284240,14.647,14.651,14.621,14.634
1762284300,14.634,14.71,14.633,14.676
1762284360,14.676,14.676,14.601,14.604
1762284420,14.604,14.625,14.595,14.599
1762284480,14.599,14.61,14.578,14.585
1762284540,14.585,14.586,14.539,14.554
1762284600,14.554,14.587,14.546,14.556
1762284660,14.556,14.563,14.501,14.507
1762284720,14.507,14.519,14.494,14.506
1762284780,14.506,14.519,14.485,14.519
1762284840,14.519,14.544,14.5,14.521
1762284900,14.521,14.521,14.488,14.488
1762284960,14.488,14.49,14.426,14.437
1762285020,14.437,14.449,14.417,14.419
1762285080,14.419,14.426,14.399,14.421
1762285140,14.421,14.435,14.399,14.399
1762285200,14.399,14.438,14.394,14.405
1762285260,14.405,14.414,14.366,14.367
1762285320,14.367,14.387,14.356,14.375
1762285380,14.375,14.386,14.347,14.374
1762285440,14.374,14.407,14.373,14.404
1762285500,14.404,14.404,14.377,14.384
1762285560,14.384,14.407,14.365,14.382
1762285620,14.382,14.39,14.365,14.384
1762285680,14.384,14.397,14.36,14.363
1762285740,14.363,14.366,14.307,14.31
1762285800,14.31,14.328,14.304,14.321
1762285860,14.321,14.345,14.279,14.302
1762285920,14.302,14.361,14.3,14.341
1762285980,14.341,14.343,14.3,14.305
1762286040,14.305,14.314,14.291,14.293
1762286100,14.293,14.33,14.293,14.31
1762286160,14.31,14.319,14.28,14.315
1762286220,14.315,14.32,14.276,14.281
1762286280,14.281,14.296,14.257,14.282
1762286340,14.282,14.297,14.273,14.289
1762286400,14.289,14.318,14.289,14.312
1762286460,14.312,14.344,14.309,14.31
1762286520,14.31,14.313,14.25,14.256
1762286580,14.256,14.256,14.208,14.211
1762286640,14.211,14.225,14.179,14.183
1762286700,14.183,14.258,14.173,14.252
1762286760,14.252,14.258,14.199,14.213
1762286820,14.213,14.262,14.206,14.206
1762286880,14.206,14.206,14.177,14.191
1762286940,14.191,14.198,14.158,14.165
1762287000,14.165,14.218,14.16,14.211
1762287060,14.211,14.227,14.172,14.18
1762287120,14.18,14.189,14.151,14.173
1762287180,14.173,14.186,14.149,14.162
1762287240,14.162,14.179,14.154,14.161
1762287300,14.161,14.161,14.056,14.107
1762287360,14.107,14.116,13.977,13.992
1762287420,13.992,14.01,13.733,13.795
1762287480,13.795,13.863,13.668,13.741
1762287540,13.741,13.944,13.726,13.931
1762287600,13.931,13.97,13.822,13.867
1762287660,13.867,13.92,13.814,13.901
1762287720,13.901,13.923,13.84,13.903
1762287780,13.903,14.002,13.892,13.975
1762287840,13.975,14.037,13.959,14.034
1762287900,14.034,14.172,14.023,14.159
1762287960,14.159,14.162,14.079,14.094
1762288020,14.094,14.193,14.09,14.174
1762288080,14.174,14.319,14.174,14.279
1762288140,14.279,14.301,14.255,14.291
1762288200,14.291,14.375,14.271,14.297
1762288260,14.297,14.316,14.207,14.222
1762288320,14.222,14.265,14.194,14.246
1762288380,14.246,14.284,14.209,14.232
1762288440,14.232,14.234,14.177,14.193
1762288500,14.193,14.236,14.173,14.235
1762288560,14.235,14.244,14.183,14.235
1762288620,14.235,14.269,14.199,14.234
1762288680,14.234,14.386,14.223,14.356
1762288740,14.356,14.398,14.343,14.347
1762288800,14.347,14.425,14.333,14.423
1762288860,14.423,14.507,14.403,14.482
1762288920,14.482,14.499,14.454,14.478
1762288980,14.478,14.573,14.475,14.529
1762289040,14.529,14.577,14.512,14.518
1762289100,14.518,14.544,14.497,14.502
1762289160,14.502,14.516,14.443,14.46
1762289220,14.46,14.482,14.443,14.466
1762289280,14.466,14.482,14.441,14.445
1762289340,14.445,14.45,14.394,14.395
1762289400,14.395,14.407,14.339,14.349
1762289460,14.349,14.368,14.315,14.315
1762289520,14.315,14.35,14.312,14.314
1762289580,14.314,14.334,14.294,14.295
1762289640,14.295,14.304,14.262,14.273
1762289700,14.273,14.278,14.236,14.254
1762289760,14.254,14.289,14.235,14.278
1762289820,14.278,14.322,14.277,14.302
1762289880,14.302,14.323,14.288,14.32
1762289940,14.32,14.377,14.319,14.362
1762290000,14.362,14.378,14.324,14.372
1762290060,14.372,14.395,14.311,14.312
1762290120,14.312,14.332,14.294,14.32
1762290180,14.32,14.405,14.308,14.396
1762290240,14.396,14.446,14.374,14.419
1762290300,14.419,14.431,14.306,14.306
1762290360,14.306,14.332,14.294,14.294
1762290420,14.294,14.301,14.257,14.286
1762290480,14.286,14.331,14.286,14.295
1762290540,14.295,14.323,14.283,14.283
1762290600,14.283,14.314,14.276,14.307
1762290660,14.307,14.317,14.274,14.281
1762290720,14.281,14.319,14.274,14.274
1762290780,14.274,14.314,14.269,14.306
1762290840,14.306,14.311,14.198,14.211
1762290900,14.211,14.225,14.175,14.195
1762290960,14.195,14.215,14.177,14.181
1762291020,14.181,14.228,14.175,14.204
1762291080,14.204,14.233,14.183,14.218
1762291140,14.218,14.283,14.218,14.234
1762291200,14.234,14.25,14.176,14.191
1762291260,14.191,14.206,14.161,14.163
1762291320,14.163,14.206,14.146,14.198
1762291380,14.198,14.199,14.144,14.158
1762291440,14.158,14.184,14.151,14.16
1762291500,14.16,14.17,14.139,14.149
1762291560,14.149,14.17,14.139,14.14
1762291620,14.14,14.148,14.067,14.074
1762291680,14.074,14.138,14.073,14.107
1762291740,14.107,14.114,14.078,14.1
1762291800,14.1,14.108,14.039,14.059
1762291860,14.059,14.098,13.996,14.003
1762291920,14.003,14.04,13.947,13.96
1762291980,13.96,14.018,13.943,13.996
1762292040,13.996,14.014,13.892,13.899
1762292100,13.899,13.916,13.759,13.78
1762292160,13.78,13.976,13.779,13.972
1762292220,13.972,13.974,13.88,13.917
1762292280,13.917,13.919,13.811,13.832
1762292340,13.832,13.953,13.807,13.952
1762292400,13.952,14.018,13.94,13.966
1762292460,13.966,13.99,13.889,13.899
1762292520,13.899,13.899,13.814,13.823
1762292580,13.823,13.916,13.823,13.913
1762292640,13.913,13.922,13.879,13.913
1762292700,13.913,14.158,13.908,14.158
1762292760,14.158,14.187,14.069,14.073
1762292820,14.073,14.077,13.983,14.004
1762292880,14.004,14.059,13.99,14.041
1762292940,14.041,14.057,13.966,13.987
1762293000,13.987,14.036,13.976,14.027
1762293060,14.027,14.057,14.004,14.004
1762293120,14.004,14.085,13.995,14.027
1762293180,14.027,14.027,13.917,13.986
1762293240,13.986,14.031,13.969,14.031
1762293300,14.031,14.239,14.031,14.221
1762293360,14.221,14.326,14.185,14.291
1762293420,14.291,14.328,14.239,14.243
1762293480,14.243,14.307,14.231,14.307
1762293540,14.307,14.322,14.259,14.308
1762293600,14.308,14.312,14.228,14.29
1762293660,14.29,14.37,14.255,14.258
1762293720,14.258,14.311,14.249,14.305
1762293780,14.305,14.441,14.305,14.418
1762293840,14.418,14.431,14.383,14.405
1762293900,14.405,14.447,14.355,14.367
1762293960,14.367,14.452,14.363,14.449
1762294020,14.449,14.462,14.385,14.432
1762294080,14.432,14.494,14.426,14.478
1762294140,14.478,14.542,14.459,14.542
1762294200,14.542,14.616,14.518,14.576
1762294260,14.576,14.576,14.502,14.525
1762294320,14.525,14.562,14.498,14.531
1762294380,14.531,14.569,14.492,14.558
1762294440,14.558,14.607,14.55,14.607
1762294500,14.607,14.656,14.595,14.638
1762294560,14.638,14.672,14.602,14.67
1762294620,14.67,14.684,14.629,14.665
1762294680,14.665,14.665,14.618,14.651
1762294740,14.651,14.675,14.625,14.672
1762294800,14.672,14.683,14.618,14.663
1762294860,14.663,14.689,14.643,14.685
1762294920,14.685,14.697,14.663,14.663
1762294980,14.663,14.668,14.634,14.65
1762295040,14.65,14.741,14.645,14.725
1762295100,14.725,14.733,14.646,14.646
1762295160,14.646,14.68,14.619,14.656
1762295220,14.656,14.691,14.647,14.685
1762295280,14.685,14.7,14.659,14.69
1762295340,14.69,14.722,14.68,14.722
1762295400,14.722,14.759,14.715,14.728
1762295460,14.728,14.731,14.689,14.726
1762295520,14.726,14.731,14.689,14.73
1762295580,14.73,14.749,14.728,14.746
1762295640,14.746,14.782,14.729,14.738
1762295700,14.738,14.79,14.736,14.768
1762295760,14.768,14.807,14.767,14.77
1762295820,14.77,14.77,14.709,14.715
1762295880,14.715,14.764,14.696,14.764
1762295940,14.764,14.777,14.732,14.734
1762296000,14.734,14.741,14.685,14.709
1762296060,14.709,14.709,14.683,14.696
1762296120,14.696,14.713,14.683,14.686
1762296180,14.686,14.691,14.675,14.683
1762296240,14.683,14.724,14.662,14.714
1762296300,14.714,14.773,14.712,14.773
1762296360,14.773,14.799,14.772,14.777
1762296420,14.777,14.784,14.764,14.784
1762296480,14.784,14.793,14.777,14.793
1762296540,14.793,14.793,14.741,14.745
1762296600,14.745,14.745,14.688,14.692
1762296660,14.692,14.727,14.688,14.724
1762296720,14.724,14.73,14.701,14.701
1762296780,14.701,14.721,14.686,14.686
1762296840,14.686,14.686,14.65,14.657
1762296900,14.657,14.683,14.649,14.683
1762296960,14.683,14.698,14.67,14.675
1762297020,14.675,14.716,14.675,14.7
1762297080,14.7,14.724,14.681,14.724
1762297140,14.724,14.761,14.718,14.761
1762297200,14.761,14.761,14.715,14.725
1762297260,14.725,14.808,14.705,14.793
1762297320,14.793,14.794,14.731,14.77
1762297380,14.77,14.786,14.734,14.785
1762297440,14.785,14.798,14.774,14.781
1762297500,14.781,14.865,14.776,14.832
1762297560,14.832,14.832,14.761,14.767
1762297620,14.767,14.783,14.756,14.766
1762297680,14.766,14.809,14.766,14.793
1762297740,14.793,14.796,14.762,14.763
1762297800,14.763,14.765,14.745,14.747
1762297860,14.747,14.785,14.734,14.746
1762297920,14.746,14.746,14.714,14.719
1762297980,14.719,14.728,14.707,14.711
1762298040,14.711,14.742,14.706,14.742
1762298100,14.742,14.763,14.728,14.734
1762298160,14.734,14.748,14.717,14.743
1762298220,14.743,14.746,14.721,14.725
1762298280,14.725,14.734,14.71,14.724
1762298340,14.724,14.725,14.707,14.717
1762298400,14.717,14.727,14.707,14.715
1762298460,14.715,14.739,14.705,14.733
1762298520,14.733,14.754,14.732,14.744
1762298580,14.744,14.764,14.744,14.747
1762298640,14.747,14.757,14.741,14.752
1762298700,14.752,14.762,14.728,14.744
1762298760,14.744,14.757,14.743,14.757
1762298820,14.757,14.77,14.749,14.766
1762298880,14.766,14.771,14.749,14.754
1762298940,14.754,14.757,14.731,14.731
1762299000,14.731,14.734,14.704,14.713
1762299060,14.713,14.753,14.706,14.735
1762299120,14.735,14.739,14.721,14.725
1762299180,14.725,14.725,14.702,14.707
1762299240,14.707,14.707,14.694,14.7
1762299300,14.7,14.725,14.699,14.717
1762299360,14.717,14.717,14.696,14.709
1762299420,14.709,14.719,14.693,14.718
1762299480,14.718,14.726,14.691,14.709
1762299540,14.709,14.709,14.673,14.673
1762299600,14.673,14.678,14.657,14.663
1762299660,14.663,14.702,14.661,14.701
1762299720,14.701,14.737,14.701,14.725
1762299780,14.725,14.725,14.706,14.721
1762299840,14.721,14.752,14.712,14.751
1762299900,14.751,14.752,14.711,14.739
1762299960,14.739,14.765,14.728,14.763
1762300020,14.763,14.769,14.739,14.747
1762300080,14.747,14.747,14.713,14.719
1762300140,14.719,14.719,14.706,14.711
1762300200,14.711,14.743,14.7,14.742
1762300260,14.742,14.748,14.725,14.743
1762300320,14.743,14.752,14.733,14.735
1762300380,14.735,14.768,14.735,14.755
1762300440,14.755,14.757,14.729,14.734
1762300500,14.734,14.759,14.734,14.74
1762300560,14.74,14.745,14.69,14.698
1762300620,14.698,14.702,14.688,14.692
1762300680,14.692,14.705,14.682,14.689
1762300740,14.689,14.69,14.673,14.674
1763683200,12.93,12.954,12.923,12.935
1763683260,12.935,12.971,12.934,12.97
1763683320,12.97,13.001,12.963,12.996
1763683380,12.996,13.007,12.98,12.983
1763683440,12.983,12.983,12.947,12.948
1763683500,12.948,13.028,12.93,13.019
1763683560,13.019,13.023,12.998,13.015
1763683620,13.015,13.034,13.01,13.033
1763683680,13.033,13.049,13.023,13.041
1763683740,13.041,13.043,13.024,13.043
1763683800,13.043,13.058,13.041,13.05
1763683860,13.05,13.064,13.043,13.056
1763683920,13.056,13.056,13.023,13.03
1763683980,13.03,13.052,13.029,13.043
1763684040,13.043,13.073,13.043,13.072
1763684100,13.072,13.078,13.056,13.06
1763684160,13.06,13.076,13.06,13.066
1763684220,13.066,13.112,13.062,13.111
1763684280,13.111,13.121,13.103,13.11
1763684340,13.11,13.112,13.053,13.053
1763684400,13.053,13.083,13.051,13.083
1763684460,13.083,13.086,13.04,13.044
1763684520,13.044,13.079,13.042,13.077
1763684580,13.077,13.084,13.036,13.036
1763684640,13.036,13.042,13.03,13.04
1763684700,13.04,13.059,13.04,13.055
1763684760,13.055,13.079,13.055,13.066
1763684820,13.066,13.07,13.048,13.048
1763684880,13.048,13.068,13.048,13.057
1763684940,13.057,13.059,13.046,13.051
1763685000,13.051,13.069,13.042,13.053
1763685060,13.053,13.069,13.041,13.041
1763685120,13.041,13.044,13.017,13.021
1763685180,13.021,13.034,13.009,13.034
1763685240,13.034,13.045,13.016,13.022
1763685300,13.022,13.059,13.018,13.058
1763685360,13.058,13.08,13.049,13.079
1763685420,13.079,13.108,13.078,13.106
1763685480,13.106,13.141,13.105,13.134
1763685540,13.134,13.136,13.086,13.087
1763685600,13.087,13.099,13.08,13.08
1763685660,13.08,13.122,13.079,13.112
1763685720,13.112,13.112,13.084,13.1
1763685780,13.1,13.104,13.077,13.077
1763685840,13.077,13.077,13.05,13.068
1763685900,13.068,13.101,13.066,13.096
1763685960,13.096,13.111,13.094,13.104
1763686020,13.104,13.116,13.09,13.111
1763686080,13.111,13.116,13.102,13.116
1763686140,13.116,13.117,13.1,13.105
1763686200,13.105,13.12,13.093,13.112
1763686260,13.112,13.122,13.105,13.105
1763686320,13.105,13.122,13.099,13.122
1763686380,13.122,13.122,13.093,13.101
1763686440,13.101,13.101,13.089,13.097
1763686500,13.097,13.109,13.09,13.104
1763686560,13.104,13.104,13.078,13.085
1763686620,13.085,13.091,13.08,13.082
1763686680,13.082,13.083,13.074,13.078
1763686740,13.078,13.093,13.078,13.093
1763686800,13.093,13.107,13.093,13.106
1763686860,13.106,13.126,13.102,13.126
1763686920,13.126,13.14,13.096,13.096
1763686980,13.096,13.103,13.086,13.1
1763687040,13.1,13.137,13.099,13.123
1763687100,13.123,13.142,13.123,13.138
1763687160,13.138,13.138,13.123,13.13
1763687220,13.13,13.138,13.103,13.114
1763687280,13.114,13.128,13.106,13.128
1763687340,13.128,13.129,13.096,13.096
1763687400,13.096,13.136,13.092,13.13
1763687460,13.13,13.13,13.113,13.124
1763687520,13.124,13.128,13.106,13.119
1763687580,13.119,13.128,13.119,13.12
1763687640,13.12,13.124,13.108,13.114
1763687700,13.114,13.138,13.114,13.132
1763687760,13.132,13.142,13.111,13.119
1763687820,13.119,13.132,13.101,13.102
1763687880,13.102,13.114,13.099,13.103
1763687940,13.103,13.108,13.059,13.07
1763688000,13.07,13.07,13.047,13.059
1763688060,13.059,13.102,13.059,13.102
1763688120,13.102,13.136,13.102,13.135
1763688180,13.135,13.157,13.134,13.157
1763688240,13.157,13.159,13.121,13.133
1763688300,13.133,13.141,13.123,13.132
1763688360,13.132,13.2,13.132,13.195
1763688420,13.195,13.204,13.166,13.166
1763688480,13.166,13.168,13.155,13.162
1763688540,13.162,13.188,13.162,13.184
1763688600,13.184,13.184,13.166,13.172
1763688660,13.172,13.177,13.154,13.155
1763688720,13.155,13.155,13.124,13.128
1763688780,13.128,13.148,13.128,13.147
1763688840,13.147,13.147,13.135,13.135
1763688900,13.135,13.135,13.107,13.111
1763688960,13.111,13.129,13.103,13.129
1763689020,13.129,13.131,13.119,13.122
1763689080,13.122,13.157,13.122,13.143
1763689140,13.143,13.156,13.134,13.156
1763689200,13.156,13.163,13.151,13.153
1763689260,13.153,13.158,13.143,13.151
1763689320,13.151,13.172,13.151,13.172
1763689380,13.172,13.172,13.151,13.161
1763689440,13.161,13.163,13.145,13.148
1763689500,13.148,13.167,13.148,13.164
1763689560,13.164,13.164,13.131,13.137
1763689620,13.137,13.156,13.137,13.156
1763689680,13.156,13.161,13.151,13.152
1763689740,13.152,13.162,13.142,13.145
1763689800,13.145,13.169,13.145,13.167
1763689860,13.167,13.177,13.159,13.16
1763689920,13.16,13.163,13.126,13.126
1763689980,13.126,13.126,13.105,13.105
1763690040,13.105,13.114,13.105,13.112
1763690100,13.112,13.121,13.107,13.12
1763690160,13.12,13.125,13.111,13.112
1763690220,13.112,13.131,13.112,13.131
1763690280,13.131,13.144,13.112,13.119
1763690340,13.119,13.119,13.108,13.116
1763690400,13.116,13.117,13.109,13.109
1763690460,13.109,13.115,13.106,13.112
1763690520,13.112,13.116,13.098,13.102
1763690580,13.102,13.105,13.094,13.096
1763690640,13.096,13.105,13.081,13.081
1763690700,13.081,13.085,13.058,13.059
1763690760,13.059,13.071,13.037,13.057
1763690820,13.057,13.08,13.057,13.08
1763690880,13.08,13.091,13.078,13.078
1763690940,13.078,13.078,13.051,13.055
1763691000,13.055,13.063,13.05,13.063
1763691060,13.063,13.065,13.035,13.044
1763691120,13.044,13.047,13.011,13.025
1763691180,13.025,13.041,13.011,13.012
1763691240,13.012,13.021,13.005,13.013
1763691300,13.013,13.034,13.003,13.031
1763691360,13.031,13.048,13.03,13.031
1763691420,13.031,13.036,13.01,13.01
1763691480,13.01,13.013,12.94,12.945
1763691540,12.945,12.994,12.945,12.994
1763691600,12.994,13.034,12.986,13.031
1763691660,13.031,13.096,13.031,13.084
1763691720,13.084,13.085,13.05,13.055
1763691780,13.055,13.096,13.051,13.09
1763691840,13.09,13.102,13.07,13.081
1763691900,13.081,13.085,13.06,13.06
1763691960,13.06,13.06,13.039,13.049
1763692020,13.049,13.06,13.039,13.049
1763692080,13.049,13.05,13.042,13.047
1763692140,13.047,13.061,13.04,13.04
1763692200,13.04,13.04,12.991,13.016
1763692260,13.016,13.048,13.015,13.034
1763692320,13.034,13.042,12.991,12.993
1763692380,12.993,13.001,12.975,12.997
1763692440,12.997,13.015,12.985,13.004
1763692500,13.004,13.037,13.002,13.011
1763692560,13.011,13.037,12.999,13.022
1763692620,13.022,13.037,12.981,12.986
1763692680,12.986,13.013,12.981,13.013
1763692740,13.013,13.015,12.969,12.988
1763692800,12.988,13.024,12.988,13.018
1763692860,13.018,13.025,13.008,13.008
1763692920,13.008,13.017,12.986,13.012
1763692980,13.012,13.012,12.981,12.993
1763693040,12.993,12.993,12.914,12.92
1763693100,12.92,12.946,12.914,12.918
1763693160,12.918,12.971,12.912,12.971
1763693220,12.971,12.985,12.947,12.972
1763693280,12.972,12.988,12.968,12.981
1763693340,12.981,12.997,12.975,12.985
1763693400,12.985,13.013,12.97,12.971
1763693460,12.971,12.973,12.942,12.949
1763693520,12.949,12.95,12.871,12.887
1763693580,12.887,12.919,12.882,12.915
1763693640,12.915,12.946,12.914,12.937
1763693700,12.937,12.937,12.893,12.909
1763693760,12.909,12.933,12.866,12.88
1763693820,12.88,12.892,12.866,12.871
1763693880,12.871,12.882,12.83,12.839
1763693940,12.839,12.847,12.788,12.819
1763694000,12.819,12.856,12.814,12.852
1763694060,12.852,12.888,12.831,12.888
1763694120,12.888,12.89,12.865,12.879
1763694180,12.879,12.9,12.851,12.859
1763694240,12.859,12.891,12.851,12.884
1763694300,12.884,12.989,12.884,12.975
1763694360,12.975,13.012,12.969,12.986
1763694420,12.986,13.003,12.964,12.998
1763694480,12.998,13.019,12.995,13.009
1763694540,13.009,13.009,12.949,12.958
1763694600,12.958,12.968,12.954,12.967
1763694660,12.967,12.969,12.932,12.969
1763694720,12.969,12.977,12.945,12.968
1763694780,12.968,12.968,12.929,12.939
1763694840,12.939,12.939,12.916,12.925
1763694900,12.925,12.95,12.925,12.939
1763694960,12.939,12.941,12.875,12.878
1763695020,12.878,12.887,12.859,12.864
1763695080,12.864,12.873,12.849,12.87
1763695140,12.87,12.878,12.834,12.846
1763695200,12.846,12.876,12.841,12.861
1763695260,12.861,12.904,12.861,12.897
1763695320,12.897,12.916,12.896,12.909
1763695380,12.909,12.917,12.889,12.893
1763695440,12.893,12.893,12.847,12.858
1763695500,12.858,12.864,12.848,12.857
1763695560,12.857,12.888,12.857,12.884
1763695620,12.884,12.91,12.884,12.886
1763695680,12.886,12.923,12.882,12.908
1763695740,12.908,12.922,12.902,12.908
1763695800,12.908,12.918,12.896,12.918
1763695860,12.918,12.926,12.886,12.889
1763695920,12.889,12.926,12.887,12.916
1763695980,12.916,12.917,12.888,12.889
1763696040,12.889,12.889,12.869,12.879
1763696100,12.879,12.885,12.864,12.878
1763696160,12.878,12.956,12.878,12.95
1763696220,12.95,12.967,12.897,12.91
1763696280,12.91,12.934,12.903,12.92
1763696340,12.92,12.941,12.903,12.93
1763696400,12.93,12.985,12.926,12.975
1763696460,12.975,12.984,12.966,12.973
1763696520,12.973,12.981,12.958,12.974
1763696580,12.974,12.999,12.974,12.982
1763696640,12.982,13,12.98,12.98
1763696700,12.98,12.995,12.961,12.963
1763696760,12.963,12.979,12.957,12.975
1763696820,12.975,12.992,12.957,12.959
1763696880,12.959,12.962,12.94,12.949
1763696940,12.949,12.955,12.94,12.953
1763697000,12.953,12.955,12.937,12.947
1763697060,12.947,12.951,12.934,12.939
1763697120,12.939,12.956,12.934,12.938
1763697180,12.938,12.938,12.926,12.932
1763697240,12.932,12.935,12.918,12.924
1763697300,12.924,12.926,12.906,12.906
1763697360,12.906,12.906,12.89,12.891
1763697420,12.891,12.909,12.891,12.903
1763697480,12.903,12.909,12.896,12.902
1763697540,12.902,12.902,12.859,12.859
1763697600,12.859,12.869,12.851,12.868
1763697660,12.868,12.872,12.854,12.854
1763697720,12.854,12.87,12.845,12.858
1763697780,12.858,12.876,12.858,12.869
1763697840,12.869,12.883,12.866,12.878
1763697900,12.878,12.888,12.831,12.831
1763697960,12.831,12.851,12.829,12.849
1763698020,12.849,12.871,12.835,12.837
1763698080,12.837,12.852,12.827,12.827
1763698140,12.827,12.837,12.822,12.832
1763698200,12.832,12.851,12.832,12.837
1763698260,12.837,12.862,12.836,12.862
1763698320,12.862,12.875,12.848,12.857
1763698380,12.857,12.87,12.842,12.86
1763698440,12.86,12.873,12.843,12.843
1763698500,12.843,12.843,12.814,12.814
1763698560,12.814,12.842,12.809,12.839
1763698620,12.839,12.86,12.817,12.825
1763698680,12.825,12.826,12.793,12.8
1763698740,12.8,12.813,12.796,12.804
1763698800,12.804,12.83,12.804,12.83
1763698860,12.83,12.84,12.786,12.791
1763698920,12.791,12.805,12.773,12.804
1763698980,12.804,12.813,12.792,12.797
1763699040,12.797,12.813,12.784,12.81
1763699100,12.81,12.83,12.803,12.822
1763699160,12.822,12.852,12.811,12.847
1763699220,12.847,12.856,12.834,12.834
1763699280,12.834,12.85,12.834,12.849
1763699340,12.849,12.85,12.838,12.838
1763699400,12.838,12.858,12.835,12.845
1763699460,12.845,12.845,12.786,12.79
1763699520,12.79,12.79,12.709,12.717
1763699580,12.717,12.733,12.701,12.722
1763699640,12.722,12.758,12.722,12.746
1763699700,12.746,12.746,12.712,12.719
1763699760,12.719,12.747,12.713,12.735
1763699820,12.735,12.735,12.706,12.728
1763699880,12.728,12.731,12.706,12.706
1763699940,12.706,12.717,12.677,12.708
1763700000,12.708,12.738,12.694,12.708
1763700060,12.708,12.738,12.688,12.736
1763700120,12.736,12.779,12.728,12.756
1763700180,12.756,12.83,12.756,12.828
1763700240,12.828,12.874,12.828,12.842
1763700300,12.842,12.881,12.842,12.849
1763700360,12.849,12.849,12.825,12.825
1763700420,12.825,12.827,12.774,12.785
1763700480,12.785,12.805,12.785,12.787
1763700540,12.787,12.794,12.774,12.781
1763700600,12.781,12.782,12.756,12.777
1763700660,12.777,12.806,12.775,12.806
1763700720,12.806,12.824,12.805,12.816
1763700780,12.816,12.842,12.811,12.84
1763700840,12.84,12.882,12.839,12.879
1763700900,12.879,12.894,12.857,12.868
1763700960,12.868,12.896,12.868,12.879
1763701020,12.879,12.891,12.859,12.861
1763701080,12.861,12.866,12.854,12.861
1763701140,12.861,12.861,12.843,12.859
1763701200,12.859,12.861,12.843,12.845
1763701260,12.845,12.878,12.834,12.836
1763701320,12.836,12.869,12.831,12.861
1763701380,12.861,12.874,12.857,12.871
1763701440,12.871,12.881,12.848,12.853
1763701500,12.853,12.859,12.841,12.845
1763701560,12.845,12.894,12.845,12.886
1763701620,12.886,12.919,12.835,12.855
1763701680,12.855,12.864,12.845,12.85
1763701740,12.85,12.877,12.85,12.868
1763701800,12.868,12.871,12.847,12.853
1763701860,12.853,12.861,12.835,12.839
1763701920,12.839,12.842,12.823,12.823
1763701980,12.823,12.857,12.819,12.857
1763702040,12.857,12.882,12.852,12.875
1763702100,12.875,12.904,12.863,12.863
1763702160,12.863,12.865,12.851,12.864
1763702220,12.864,12.901,12.864,12.887
1763702280,12.887,12.897,12.882,12.884
1763702340,12.884,12.885,12.868,12.875
1763702400,12.875,12.889,12.866,12.876
1763702460,12.876,12.881,12.867,12.881
1763702520,12.881,12.889,12.864,12.88
1763702580,12.88,12.88,12.843,12.851
1763702640,12.851,12.858,12.844,12.858
1763702700,12.858,12.867,12.851,12.866
1763702760,12.866,12.879,12.863,12.879
1763702820,12.879,12.881,12.86,12.863
1763702880,12.863,12.868,12.85,12.858
1763702940,12.858,12.86,12.847,12.854
1763703000,12.854,12.876,12.853,12.867
1763703060,12.867,12.873,12.853,12.862
1763703120,12.862,12.878,12.848,12.848
1763703180,12.848,12.867,12.835,12.851
1763703240,12.851,12.863,12.851,12.855
1763703300,12.855,12.855,12.832,12.832
1763703360,12.832,12.832,12.808,12.814
1763703420,12.814,12.815,12.776,12.785
1763703480,12.785,12.791,12.774,12.775
1763703540,12.775,12.78,12.743,12.744
1763703600,12.744,12.745,12.721,12.731
1763703660,12.731,12.764,12.731,12.755
1763703720,12.755,12.759,12.745,12.758
1763703780,12.758,12.765,12.745,12.765
1763703840,12.765,12.778,12.747,12.751
1763703900,12.751,12.754,12.725,12.726
1763703960,12.726,12.754,12.726,12.754
1763704020,12.754,12.783,12.744,12.776
1763704080,12.776,12.787,12.751,12.764
1763704140,12.764,12.765,12.745,12.749
1763704200,12.749,12.766,12.747,12.764
1763704260,12.764,12.772,12.749,12.755
1763704320,12.755,12.767,12.754,12.758
1763704380,12.758,12.762,12.739,12.742
1763704440,12.742,12.745,12.722,12.743
1763704500,12.743,12.764,12.743,12.764
1763704560,12.764,12.779,12.743,12.743
1763704620,12.743,12.77,12.743,12.77
1763704680,12.77,12.775,12.752,12.752
1763704740,12.752,12.781,12.752,12.775
1763704800,12.775,12.79,12.766,12.778
1763704860,12.778,12.803,12.763,12.768
1763704920,12.768,12.771,12.727,12.736
1763704980,12.736,12.747,12.715,12.72
1763705040,12.72,12.751,12.72,12.73
1763705100,12.73,12.741,12.722,12.73
1763705160,12.73,12.758,12.729,12.743
1763705220,12.743,12.759,12.738,12.741
1763705280,12.741,12.741,12.703,12.726
1763705340,12.726,12.758,12.726,12.758
1763705400,12.758,12.771,12.749,12.757
1763705460,12.757,12.757,12.729,12.747
1763705520,12.747,12.808,12.747,12.784
1763705580,12.784,12.804,12.784,12.796
1763705640,12.796,12.804,12.787,12.794
1763705700,12.794,12.807,12.789,12.792
1763705760,12.792,12.792,12.769,12.776
1763705820,12.776,12.785,12.766,12.782
1763705880,12.782,12.786,12.76,12.765
1763705940,12.765,12.765,12.749,12.758
1763706000,12.758,12.758,12.725,12.729
1763706060,12.729,12.744,12.728,12.738
1763706120,12.738,12.761,12.738,12.76
1763706180,12.76,12.77,12.739,12.74
1763706240,12.74,12.751,12.731,12.741
1763706300,12.741,12.756,12.719,12.724
1763706360,12.724,12.751,12.708,12.745
1763706420,12.745,12.749,12.702,12.702
1763706480,12.702,12.704,12.685,12.688
1763706540,12.688,12.699,12.685,12.686
1763706600,12.686,12.698,12.683,12.696
1763706660,12.696,12.726,12.696,12.718
1763706720,12.718,12.718,12.703,12.707
1763706780,12.707,12.729,12.703,12.719
1763706840,12.719,12.725,12.708,12.715
1763706900,12.715,12.738,12.71,12.724
1763706960,12.724,12.738,12.718,12.719
1763707020,12.719,12.719,12.689,12.695
1763707080,12.695,12.695,12.652,12.663
1763707140,12.663,12.714,12.646,12.714
1763707200,12.714,12.743,12.71,12.714
1763707260,12.714,12.727,12.699,12.727
1763707320,12.727,12.748,12.726,12.73
1763707380,12.73,12.751,12.729,12.751
1763707440,12.751,12.764,12.748,12.749
1763707500,12.749,12.765,12.739,12.74
1763707560,12.74,12.77,12.738,12.756
1763707620,12.756,12.782,12.752,12.782
1763707680,12.782,12.802,12.779,12.801
1763707740,12.801,12.802,12.783,12.791
1763707800,12.791,12.798,12.779,12.781
1763707860,12.781,12.795,12.772,12.787
1763707920,12.787,12.802,12.774,12.787
1763707980,12.787,12.793,12.768,12.769
1763708040,12.769,12.802,12.769,12.791
1763708100,12.791,12.795,12.783,12.79
1763708160,12.79,12.79,12.734,12.748
1763708220,12.748,12.769,12.744,12.768
1763708280,12.768,12.779,12.758,12.773
1763708340,12.773,12.775,12.756,12.758
1763708400,12.758,12.785,12.758,12.781
1763708460,12.781,12.792,12.769,12.769
1763708520,12.769,12.779,12.756,12.774
1763708580,12.774,12.812,12.744,12.795
1763708640,12.795,12.799,12.779,12.783
1763708700,12.783,12.8,12.761,12.761
1763708760,12.761,12.761,12.74,12.748
1763708820,12.748,12.768,12.742,12.752
1763708880,12.752,12.762,12.747,12.762
1763708940,12.762,12.784,12.76,12.782
1763709000,12.782,12.79,12.764,12.77
1763709060,12.77,12.779,12.764,12.779
1763709120,12.779,12.779,12.758,12.758
1763709180,12.758,12.77,12.75,12.75
1763709240,12.75,12.758,12.728,12.753
1763709300,12.753,12.759,12.743,12.747
1763709360,12.747,12.747,12.693,12.716
1763709420,12.716,12.73,12.688,12.696
1763709480,12.696,12.727,12.694,12.723
1763709540,12.723,12.736,12.697,12.697
1763709600,12.697,12.698,12.665,12.665
1763709660,12.665,12.698,12.659,12.659
1763709720,12.659,12.682,12.655,12.667
1763709780,12.667,12.691,12.658,12.683
1763709840,12.683,12.702,12.678,12.699
1763709900,12.699,12.714,12.678,12.699
1763709960,12.699,12.7,12.681,12.681
1763710020,12.681,12.692,12.673,12.692
1763710080,12.692,12.695,12.673,12.678
1763710140,12.678,12.68,12.64,12.646
1763710200,12.646,12.658,12.605,12.629
1763710260,12.629,12.636,12.6,12.629
1763710320,12.629,12.631,12.508,12.534
1763710380,12.534,12.544,12.05,12.152
1763710440,12.152,12.186,11.752,12.04
1763710500,12.04,12.231,12.025,12.192
1763710560,12.192,12.222,12.108,12.175
1763710620,12.175,12.254,12.17,12.244
1763710680,12.244,12.248,12.166,12.238
1763710740,12.238,12.295,12.213,12.237
1763710800,12.237,12.342,12.226,12.3
1763710860,12.3,12.343,12.296,12.326
1763710920,12.326,12.335,12.279,12.302
1763710980,12.302,12.361,12.28,12.348
1763711040,12.348,12.362,12.325,12.325
1763711100,12.325,12.36,12.28,12.302
1763711160,12.302,12.318,12.28,12.292
1763711220,12.292,12.304,12.246,12.254
1763711280,12.254,12.278,12.217,12.253
1763711340,12.253,12.256,12.219,12.247
1763711400,12.247,12.335,12.245,12.304
1763711460,12.304,12.305,12.271,12.281
1763711520,12.281,12.306,12.281,12.288
1763711580,12.288,12.29,12.238,12.253
1763711640,12.253,12.262,12.219,12.225
1763711700,12.225,12.229,12.204,12.213
1763711760,12.213,12.288,12.21,12.256
1763711820,12.256,12.263,12.182,12.182
1763711880,12.182,12.248,12.182,12.24
1763711940,12.24,12.267,12.235,12.264
1763712000,12.264,12.273,12.211,12.221
1763712060,12.221,12.267,12.218,12.255
1763712120,12.255,12.274,12.229,12.245
1763712180,12.245,12.263,12.219,12.234
1763712240,12.234,12.247,12.21,12.231
1763712300,12.231,12.323,12.228,12.317
1763712360,12.317,12.386,12.313,12.335
1763712420,12.335,12.34,12.296,12.322
1763712480,12.322,12.341,12.304,12.316
1763712540,12.316,12.332,12.282,12.332
1763712600,12.332,12.338,12.287,12.309
1763712660,12.309,12.376,12.309,12.343
1763712720,12.343,12.406,12.343,12.389
1763712780,12.389,12.417,12.388,12.403
1763712840,12.403,12.407,12.349,12.359
1763712900,12.359,12.396,12.348,12.395
1763712960,12.395,12.413,12.373,12.381
1763713020,12.381,12.414,12.376,12.398
1763713080,12.398,12.405,12.381,12.382
1763713140,12.382,12.391,12.35,12.35
1763713200,12.35,12.376,12.339,12.372
1763713260,12.372,12.386,12.326,12.344
1763713320,12.344,12.378,12.335,12.364
1763713380,12.364,12.404,12.36,12.401
1763713440,12.401,12.42,12.38,12.384
1763713500,12.384,12.387,12.352,12.357
1763713560,12.357,12.358,12.341,12.345
1763713620,12.345,12.367,12.345,12.361
1763713680,12.361,12.361,12.335,12.341
1763713740,12.341,12.348,12.335,12.335
1763713800,12.335,12.364,12.332,12.357
1763713860,12.357,12.384,12.357,12.376
1763713920,12.376,12.394,12.363,12.392
1763713980,12.392,12.397,12.345,12.348
1763714040,12.348,12.356,12.31,12.316
1763714100,12.316,12.324,12.282,12.299
1763714160,12.299,12.299,12.275,12.285
1763714220,12.285,12.297,12.275,12.287
1763714280,12.287,12.307,12.27,12.293
1763714340,12.293,12.31,12.285,12.303
1763714400,12.303,12.307,12.275,12.275
1763714460,12.275,12.3,12.258,12.291
1763714520,12.291,12.297,12.261,12.27
1763714580,12.27,12.286,12.264,12.273
1763714640,12.273,12.289,12.269,12.275
1763714700,12.275,12.291,12.254,12.263
1763714760,12.263,12.29,12.263,12.282
1763714820,12.282,12.306,12.281,12.302
1763714880,12.302,12.304,12.266,12.284
1763714940,12.284,12.288,12.262,12.262
1763715000,12.262,12.273,12.258,12.267
1763715060,12.267,12.303,12.266,12.289
1763715120,12.289,12.313,12.277,12.312
1763715180,12.312,12.345,12.312,12.33
1763715240,12.33,12.338,12.293,12.309
1763715300,12.309,12.339,12.304,12.339
1763715360,12.339,12.369,12.339,12.359
1763715420,12.359,12.361,12.337,12.339
1763715480,12.339,12.345,12.315,12.317
1763715540,12.317,12.318,12.302,12.316
1763715600,12.316,12.356,12.316,12.353
1763715660,12.353,12.369,12.345,12.365
1763715720,12.365,12.38,12.359,12.378
1763715780,12.378,12.389,12.375,12.381
1763715840,12.381,12.39,12.371,12.382
1763715900,12.382,12.395,12.357,12.357
1763715960,12.357,12.365,12.345,12.359
1763716020,12.359,12.362,12.333,12.337
1763716080,12.337,12.343,12.329,12.331
1763716140,12.331,12.333,12.32,12.328
1763716200,12.328,12.348,12.317,12.348
1763716260,12.348,12.369,12.34,12.364
1763716320,12.364,12.378,12.35,12.35
1763716380,12.35,12.35,12.327,12.336
1763716440,12.336,12.338,12.326,12.327
1763716500,12.327,12.336,12.304,12.309
1763716560,12.309,12.315,12.275,12.276
1763716620,12.276,12.284,12.267,12.284
1763716680,12.284,12.284,12.255,12.272
1763716740,12.272,12.272,12.243,12.255
1763716800,12.255,12.266,12.237,12.248
1763716860,12.248,12.266,12.238,12.238
1763716920,12.238,12.258,12.227,12.242
1763716980,12.242,12.25,12.227,12.23
1763717040,12.23,12.242,12.223,12.234
1763717100,12.234,12.234,12.173,12.188
1763717160,12.188,12.202,12.165,12.186
1763717220,12.186,12.199,12.158,12.178
1763717280,12.178,12.183,12.167,12.171
1763717340,12.171,12.187,12.161,12.166
1763717400,12.166,12.179,12.119,12.131
1763717460,12.131,12.152,12.099,12.132
1763717520,12.132,12.136,12.091,12.103
1763717580,12.103,12.127,12.091,12.093
1763717640,12.093,12.109,12.084,12.087
1763717700,12.087,12.108,12.073,12.103
1763717760,12.103,12.106,12.064,12.069
1763717820,12.069,12.105,12.066,12.101
1763717880,12.101,12.105,12.061,12.063
1763717940,12.063,12.071,12.036,12.05
1763718000,12.05,12.061,12.035,12.044
1763718060,12.044,12.056,12.014,12.024
1763718120,12.024,12.054,12.016,12.047
1763718180,12.047,12.055,12.031,12.033
1763718240,12.033,12.055,12.033,12.038
1763718300,12.038,12.045,12.028,12.039
1763718360,12.039,12.061,12.035,12.053
1763718420,12.053,12.071,12.027,12.069
1763718480,12.069,12.072,12.032,12.033
1763718540,12.033,12.038,12.021,12.028
1763718600,12.028,12.045,12.019,12.022
1763718660,12.022,12.032,12.011,12.012
1763718720,12.012,12.013,11.977,11.981
1763718780,11.981,12.003,11.98,11.99
1763718840,11.99,12.013,11.99,12.004
1763718900,12.004,12.031,12.003,12.008
1763718960,12.008,12.06,12.008,12.046
1763719020,12.046,12.052,12.027,12.041
1763719080,12.041,12.043,12.01,12.015
1763719140,12.015,12.019,11.999,12.003
1763719200,12.003,12.015,11.997,12.014
1763719260,12.014,12.014,11.982,11.997
1763719320,11.997,12.011,11.966,11.971
1763719380,11.971,11.976,11.914,11.948
1763719440,11.948,11.97,11.92,11.969
1763719500,11.969,12.057,11.959,11.979
1763719560,11.979,11.999,11.947,11.99
1763719620,11.99,11.99,11.936,11.958
1763719680,11.958,12.007,11.956,11.98
1763719740,11.98,12.04,11.98,12.029
1763719800,12.029,12.099,12.028,12.089
1763719860,12.089,12.101,12.062,12.068
1763719920,12.068,12.089,12.034,12.034
1763719980,12.034,12.042,12.006,12.017
1763720040,12.017,12.026,11.999,12.014
1763720100,12.014,12.015,11.989,11.991
1763720160,11.991,12.037,11.959,12.034
1763720220,12.034,12.056,12.018,12.02
1763720280,12.02,12.023,11.992,11.998
1763720340,11.998,12.044,11.998,12.038
1763720400,12.038,12.05,12.017,12.035
1763720460,12.035,12.067,12.032,12.061
1763720520,12.061,12.061,12.01,12.01
1763720580,12.01,12.021,11.999,12.018
1763720640,12.018,12.045,12.015,12.045
1763720700,12.045,12.065,12.032,12.065
1763720760,12.065,12.099,12.05,12.054
1763720820,12.054,12.055,12.024,12.027
1763720880,12.027,12.027,11.975,11.982
1763720940,11.982,11.995,11.975,11.988
1763721000,11.988,12.021,11.988,12.015
1763721060,12.015,12.062,12.012,12.042
1763721120,12.042,12.073,12.042,12.063
1763721180,12.063,12.085,12.049,12.081
1763721240,12.081,12.096,12.029,12.029
1763721300,12.029,12.045,12.023,12.041
1763721360,12.041,12.077,12.037,12.068
1763721420,12.068,12.079,12.051,12.068
1763721480,12.068,12.095,12.054,12.083
1763721540,12.083,12.085,12.055,12.067
1763721600,12.067,12.098,12.059,12.09
1763721660,12.09,12.093,12.048,12.063
1763721720,12.063,12.063,12.048,12.057
1763721780,12.057,12.08,12.054,12.078
1763721840,12.078,12.078,12.057,12.068
1763721900,12.068,12.072,12.06,12.066
1763721960,12.066,12.07,12.039,12.046
1763722020,12.046,12.063,12.042,12.063
1763722080,12.063,12.063,12.048,12.051
1763722140,12.051,12.056,12.033,12.036
1763722200,12.036,12.039,12.026,12.037
1763722260,12.037,12.049,12.015,12.049
1763722320,12.049,12.062,12.037,12.05
1763722380,12.05,12.05,12.036,12.047
1763722440,12.047,12.051,12.034,12.041
1763722500,12.041,12.048,12.028,12.039
1763722560,12.039,12.04,12.001,12.004
1763722620,12.004,12.024,12.003,12.02
1763722680,12.02,12.028,12.014,12.017
1763722740,12.017,12.025,12.008,12.008
1763722800,12.008,12.008,11.985,11.992
1763722860,11.992,12.039,11.991,12.039
1763722920,12.039,12.042,12.014,12.026
1763722980,12.026,12.045,12.008,12.021
1763723040,12.021,12.037,12.018,12.032
1763723100,12.032,12.053,12.029,12.048
1763723160,12.048,12.069,12.034,12.038
1763723220,12.038,12.079,12.029,12.078
1763723280,12.078,12.144,12.078,12.117
1763723340,12.117,12.133,12.091,12.133
1763723400,12.133,12.144,12.118,12.12
1763723460,12.12,12.12,12.085,12.089
1763723520,12.089,12.089,12.069,12.072
1763723580,12.072,12.092,12.072,12.077
1763723640,12.077,12.102,12.069,12.1
1763723700,12.1,12.106,12.082,12.09
1763723760,12.09,12.096,12.081,12.094
1763723820,12.094,12.135,12.093,12.099
1763723880,12.099,12.106,12.084,12.095
1763723940,12.095,12.101,12.063,12.064
1763724000,12.064,12.1,12.064,12.096
1763724060,12.096,12.132,12.094,12.129
1763724120,12.129,12.134,12.088,12.093
1763724180,12.093,12.129,12.089,12.098
1763724240,12.098,12.104,12.082,12.085
1763724300,12.085,12.098,12.082,12.09
1763724360,12.09,12.09,12.069,12.072
1763724420,12.072,12.075,12.061,12.068
1763724480,12.068,12.077,12.061,12.061
1763724540,12.061,12.061,12.052,12.052
1763724600,12.052,12.059,12.046,12.046
1763724660,12.046,12.069,12.045,12.064
1763724720,12.064,12.089,12.063,12.089
1763724780,12.089,12.098,12.069,12.072
1763724840,12.072,12.072,12.027,12.027
1763724900,12.027,12.033,12.017,12.017
1763724960,12.017,12.024,12.01,12.017
1763725020,12.017,12.019,11.998,11.999
1763725080,11.999,12.004,11.96,11.972
1763725140,11.972,11.988,11.968,11.979
1763725200,11.979,12,11.963,11.964
1763725260,11.964,11.974,11.943,11.969
1763725320,11.969,11.973,11.943,11.951
1763725380,11.951,11.958,11.945,11.951
1763725440,11.951,11.962,11.949,11.952
1763725500,11.952,11.956,11.925,11.929
1763725560,11.929,11.94,11.918,11.928
1763725620,11.928,11.94,11.908,11.913
1763725680,11.913,11.927,11.892,11.896
1763725740,11.896,11.919,11.879,11.893
1763725800,11.893,11.899,11.875,11.889
1763725860,11.889,11.89,11.867,11.867
1763725920,11.867,11.892,11.867,11.883
1763725980,11.883,11.889,11.844,11.868
1763726040,11.868,11.89,11.864,11.884
1763726100,11.884,11.908,11.881,11.886
1763726160,11.886,11.894,11.863,11.865
1763726220,11.865,11.902,11.865,11.898
1763726280,11.898,11.91,11.881,11.885
1763726340,11.885,11.89,11.874,11.888
1763726400,11.888,11.898,11.876,11.881
1763726460,11.881,11.905,11.864,11.871
1763726520,11.871,11.895,11.861,11.875
1763726580,11.875,11.899,11.86,11.892
1763726640,11.892,11.892,11.851,11.867
1763726700,11.867,11.88,11.858,11.858
1763726760,11.858,11.89,11.85,11.89
1763726820,11.89,11.907,11.878,11.904
1763726880,11.904,11.904,11.844,11.85
1763726940,11.85,11.87,11.85,11.856
1763727000,11.856,11.857,11.825,11.827
1763727060,11.827,11.839,11.816,11.831
1763727120,11.831,11.837,11.811,11.821
1763727180,11.821,11.867,11.821,11.867
1763727240,11.867,11.887,11.842,11.865
1763727300,11.865,11.865,11.816,11.825
1763727360,11.825,11.84,11.8,11.805
1763727420,11.805,11.816,11.795,11.799
1763727480,11.799,11.8,11.738,11.746
1763727540,11.746,11.77,11.746,11.762
1763727600,11.762,11.779,11.759,11.768
1763727660,11.768,11.777,11.738,11.741
1763727720,11.741,11.749,11.688,11.736
1763727780,11.736,11.741,11.662,11.696
1763727840,11.696,11.701,11.622,11.659
1763727900,11.659,11.73,11.653,11.702
1763727960,11.702,11.712,11.668,11.669
1763728020,11.669,11.682,11.648,11.667
1763728080,11.667,11.667,11.631,11.637
1763728140,11.637,11.65,11.599,11.623
1763728200,11.623,11.781,11.623,11.747
1763728260,11.747,11.8,11.705,11.765
1763728320,11.765,11.801,11.745,11.8
1763728380,11.8,11.831,11.774,11.815
1763728440,11.815,11.868,11.814,11.839
1763728500,11.839,11.843,11.786,11.841
1763728560,11.841,11.928,11.822,11.906
1763728620,11.906,11.984,11.897,11.972
1763728680,11.972,12.029,11.964,12.015
1763728740,12.015,12.054,11.994,12.051
1763728800,12.051,12.051,12.006,12.038
1763728860,12.038,12.082,12.015,12.065
1763728920,12.065,12.072,12.022,12.025
1763728980,12.025,12.049,11.993,12.048
1763729040,12.048,12.092,12.032,12.06
1763729100,12.06,12.124,12.054,12.103
1763729160,12.103,12.135,12.073,12.081
1763729220,12.081,12.102,12.061,12.079
1763729280,12.079,12.091,12.027,12.046
1763729340,12.046,12.051,12.01,12.043
1763729400,12.043,12.111,12.034,12.101
1763729460,12.101,12.111,12.079,12.097
1763729520,12.097,12.114,12.068,12.071
1763729580,12.071,12.115,12.069,12.11
1763729640,12.11,12.119,12.09,12.111
1763729700,12.111,12.112,12.075,12.075
1763729760,12.075,12.082,12.052,12.058
1763729820,12.058,12.074,12.042,12.073
1763729880,12.073,12.073,12.042,12.052
1763729940,12.052,12.058,12.036,12.052
1763730000,12.052,12.065,12.031,12.064
1763730060,12.064,12.073,12.037,12.037
1763730120,12.037,12.091,12.031,12.061
1763730180,12.061,12.094,12.031,12.033
1763730240,12.033,12.035,11.989,12.01
1763730300,12.01,12.031,11.992,12.026
1763730360,12.026,12.063,12.016,12.047
1763730420,12.047,12.061,12.019,12.019
1763730480,12.019,12.074,12.016,12.074
1763730540,12.074,12.115,12.074,12.114
1763730600,12.114,12.126,12.038,12.038
1763730660,12.038,12.068,12.035,12.057
1763730720,12.057,12.068,12.048,12.053
1763730780,12.053,12.082,12.045,12.071
1763730840,12.071,12.085,12.061,12.073
1763730900,12.073,12.096,12.062,12.087
1763730960,12.087,12.104,12.074,12.097
1763731020,12.097,12.166,12.092,12.141
1763731080,12.141,12.141,12.097,12.099
1763731140,12.099,12.103,12.072,12.096
1763731200,12.096,12.103,12.062,12.072
1763731260,12.072,12.106,12.069,12.076
1763731320,12.076,12.09,12.043,12.051
1763731380,12.051,12.053,12.026,12.041
1763731440,12.041,12.044,12.022,12.025
1763731500,12.025,12.03,12.006,12.027
1763731560,12.027,12.049,12.012,12.048
1763731620,12.048,12.051,12.025,12.034
1763731680,12.034,12.037,12.006,12.013
1763731740,12.013,12.027,12.008,12.013
1763731800,12.013,12.029,12.013,12.027
1763731860,12.027,12.039,12.006,12.022
1763731920,12.022,12.031,12.005,12.019
1763731980,12.019,12.03,12.001,12.028
1763732040,12.028,12.038,12.018,12.033
1763732100,12.033,12.073,12.032,12.065
1763732160,12.065,12.082,12.065,12.078
1763732220,12.078,12.085,12.071,12.081
1763732280,12.081,12.093,12.077,12.088
1763732340,12.088,12.088,12.056,12.057
1763732400,12.057,12.089,12.056,12.087
1763732460,12.087,12.119,12.087,12.117
1763732520,12.117,12.134,12.114,12.114
1763732580,12.114,12.132,12.114,12.126
1763732640,12.126,12.133,12.119,12.128
1763732700,12.128,12.147,12.111,12.137
1763732760,12.137,12.16,12.111,12.114
1763732820,12.114,12.149,12.113,12.138
1763732880,12.138,12.172,12.138,12.16
1763732940,12.16,12.16,12.123,12.134
1763733000,12.134,12.139,12.118,12.13
1763733060,12.13,12.167,12.128,12.159
1763733120,12.159,12.166,12.117,12.117
1763733180,12.117,12.132,12.109,12.123
1763733240,12.123,12.127,12.117,12.125
1763733300,12.125,12.131,12.105,12.107
1763733360,12.107,12.111,12.095,12.105
1763733420,12.105,12.107,12.091,12.092
1763733480,12.092,12.095,12.081,12.089
1763733540,12.089,12.101,12.066,12.069
1763733600,12.069,12.078,12.048,12.05
1763733660,12.05,12.051,12.026,12.044
1763733720,12.044,12.075,12.041,12.066
1763733780,12.066,12.073,12.054,12.055
1763733840,12.055,12.057,12.043,12.043
1763733900,12.043,12.043,12.014,12.016
1763733960,12.016,12.04,12.015,12.04
1763734020,12.04,12.047,12.022,12.04
1763734080,12.04,12.054,12.037,12.054
1763734140,12.054,12.074,12.054,12.071
1763734200,12.071,12.072,12.044,12.044
1763734260,12.044,12.044,12.024,12.036
1763734320,12.036,12.04,12.03,12.035
1763734380,12.035,12.035,12.009,12.009
1763734440,12.009,12.016,12.006,12.006
1763734500,12.006,12.006,11.975,11.975
1763734560,11.975,11.989,11.958,11.986
1763734620,11.986,11.986,11.959,11.976
1763734680,11.976,11.988,11.973,11.973
1763734740,11.973,11.989,11.97,11.983
1763734800,11.983,12,11.983,11.996
1763734860,11.996,12.011,11.992,12.002
1763734920,12.002,12.003,11.978,11.992
1763734980,11.992,12.009,11.982,12.009
1763735040,12.009,12.009,11.99,12.001
1763735100,12.001,12.006,11.984,12
1763735160,12,12.003,11.986,11.986
1763735220,11.986,11.999,11.975,11.985
1763735280,11.985,11.989,11.978,11.984
1763735340,11.984,12.008,11.984,12.003
1763735400,12.003,12.129,11.983,12.085
1763735460,12.085,12.121,12.038,12.056
1763735520,12.056,12.115,12.041,12.107
1763735580,12.107,12.114,12.069,12.111
1763735640,12.111,12.215,12.111,12.203
1763735700,12.203,12.232,12.173,12.23
1763735760,12.23,12.254,12.215,12.236
1763735820,12.236,12.274,12.204,12.211
1763735880,12.211,12.225,12.167,12.177
1763735940,12.177,12.212,12.165,12.171
1763736000,12.171,12.229,12.146,12.229
1763736060,12.229,12.27,12.228,12.255
1763736120,12.255,12.276,12.202,12.213
1763736180,12.213,12.225,12.191,12.203
1763736240,12.203,12.214,12.191,12.208
1763736300,12.208,12.228,12.178,12.178
1763736360,12.178,12.185,12.147,12.155
1763736420,12.155,12.162,12.118,12.126
1763736480,12.126,12.176,12.126,12.175
1763736540,12.175,12.183,12.15,12.175
1763736600,12.175,12.199,12.169,12.185
1763736660,12.185,12.238,12.165,12.213
1763736720,12.213,12.252,12.2,12.252
1763736780,12.252,12.271,12.246,12.26
1763736840,12.26,12.303,12.255,12.296
1763736900,12.296,12.314,12.282,12.309
1763736960,12.309,12.309,12.244,12.252
1763737020,12.252,12.266,12.246,12.247
1763737080,12.247,12.278,12.245,12.276
1763737140,12.276,12.28,12.237,12.239
1763737200,12.239,12.272,12.222,12.222
1763737260,12.222,12.222,12.176,12.179
1763737320,12.179,12.19,12.169,12.173
1763737380,12.173,12.177,12.145,12.174
1763737440,12.174,12.191,12.161,12.177
1763737500,12.177,12.197,12.175,12.186
1763737560,12.186,12.222,12.172,12.203
1763737620,12.203,12.203,12.18,12.18
1763737680,12.18,12.193,12.154,12.174
1763737740,12.174,12.178,12.152,12.17
1763737800,12.17,12.17,12.128,12.139
1763737860,12.139,12.139,12.12,12.131
1763737920,12.131,12.139,12.111,12.122
1763737980,12.122,12.124,12.086,12.102
1763738040,12.102,12.125,12.093,12.11
1763738100,12.11,12.134,12.11,12.116
1763738160,12.116,12.129,12.109,12.109
1763738220,12.109,12.109,12.065,12.078
1763738280,12.078,12.096,12.072,12.088
1763738340,12.088,12.095,12.077,12.093
1763738400,12.093,12.097,12.036,12.045
1763738460,12.045,12.051,12.028,12.036
1763738520,12.036,12.074,12.015,12.056
1763738580,12.056,12.094,12.056,12.08
1763738640,12.08,12.091,12.058,12.09
1763738700,12.09,12.143,12.086,12.117
1763738760,12.117,12.117,12.051,12.066
1763738820,12.066,12.068,12.042,12.043
1763738880,12.043,12.067,12.033,12.055
1763738940,12.055,12.055,12.028,12.039
1763739000,12.039,12.063,12.022,12.049
1763739060,12.049,12.063,12.029,12.062
1763739120,12.062,12.071,12.038,12.043
1763739180,12.043,12.045,12.011,12.013
1763739240,12.013,12.021,11.996,12.001
1763739300,12.001,12.005,11.968,11.976
1763739360,11.976,11.983,11.955,11.955
1763739420,11.955,11.962,11.912,11.938
1763739480,11.938,11.947,11.917,11.927
1763739540,11.927,11.932,11.886,11.908
1763739600,11.908,11.919,11.894,11.904
1763739660,11.904,11.922,11.899,11.905
1763739720,11.905,11.917,11.879,11.897
1763739780,11.897,11.911,11.886,11.907
1763739840,11.907,11.953,11.907,11.948
1763739900,11.948,11.985,11.929,11.982
1763739960,11.982,11.984,11.956,11.969
1763740020,11.969,11.977,11.948,11.959
1763740080,11.959,11.972,11.925,11.946
1763740140,11.946,11.975,11.939,11.963
1763740200,11.963,11.965,11.917,11.948
1763740260,11.948,11.948,11.894,11.899
1763740320,11.899,11.904,11.878,11.882
1763740380,11.882,11.882,11.826,11.854
1763740440,11.854,11.902,11.854,11.9
1763740500,11.9,11.91,11.881,11.9
1763740560,11.9,11.932,11.882,11.915
1763740620,11.915,11.916,11.878,11.878
1763740680,11.878,11.901,11.853,11.898
1763740740,11.898,11.908,11.886,11.904
1763740800,11.904,11.928,11.889,11.905
1763740860,11.905,11.913,11.884,11.898
1763740920,11.898,11.902,11.856,11.868
1763740980,11.868,11.874,11.84,11.859
1763741040,11.859,11.859,11.803,11.821
1763741100,11.821,11.828,11.78,11.789
1763741160,11.789,11.797,11.747,11.786
1763741220,11.786,11.836,11.772,11.831
1763741280,11.831,11.911,11.83,11.848
1763741340,11.848,11.865,11.828,11.863
1763741400,11.863,11.89,11.837,11.844
1763741460,11.844,11.856,11.816,11.831
1763741520,11.831,11.831,11.779,11.79
1763741580,11.79,11.855,11.79,11.841
1763741640,11.841,11.844,11.806,11.844
1763741700,11.844,11.844,11.794,11.827
1763741760,11.827,11.827,11.781,11.825
1763741820,11.825,11.856,11.781,11.805
1763741880,11.805,11.811,11.722,11.728
1763741940,11.728,11.764,11.721,11.762
1763742000,11.762,11.8,11.753,11.787
1763742060,11.787,11.874,11.774,11.862
1763742120,11.862,11.899,11.828,11.834
1763742180,11.834,11.835,11.792,11.801
1763742240,11.801,11.839,11.798,11.83
1763742300,11.83,11.838,11.792,11.836
1763742360,11.836,11.852,11.817,11.818
1763742420,11.818,11.851,11.812,11.843
1763742480,11.843,11.869,11.83,11.853
1763742540,11.853,11.882,11.831,11.881
1763742600,11.881,11.914,11.855,11.855
1763742660,11.855,11.865,11.835,11.839
1763742720,11.839,11.857,11.816,11.843
1763742780,11.843,11.878,11.84,11.858
1763742840,11.858,11.867,11.83,11.83
1763742900,11.83,11.86,11.83,11.847
1763742960,11.847,11.922,11.845,11.912
1763743020,11.912,11.963,11.91,11.96
1763743080,11.96,12.005,11.957,11.997
1763743140,11.997,12.004,11.944,11.952
1763743200,11.952,11.972,11.941,11.955
1763743260,11.955,11.965,11.918,11.925
1763743320,11.925,11.938,11.907,11.909
1763743380,11.909,11.913,11.899,11.899
1763743440,11.899,11.899,11.838,11.852
1763743500,11.852,11.854,11.814,11.816
1763743560,11.816,11.877,11.81,11.853
1763743620,11.853,11.903,11.852,11.899
1763743680,11.899,11.963,11.899,11.94
1763743740,11.94,11.973,11.94,11.96
1763743800,11.96,11.99,11.943,11.986
1763743860,11.986,12.027,11.986,12.022
1763743920,12.022,12.1,12.018,12.1
1763743980,12.1,12.164,12.086,12.135
1763744040,12.135,12.138,12.09,12.095
1763744100,12.095,12.136,12.094,12.111
1763744160,12.111,12.167,12.111,12.156
1763744220,12.156,12.174,12.127,12.132
1763744280,12.132,12.185,12.132,12.17
1763744340,12.17,12.189,12.161,12.18
1763744400,12.18,12.199,12.156,12.167
1763744460,12.167,12.189,12.141,12.154
1763744520,12.154,12.195,12.15,12.174
1763744580,12.174,12.26,12.172,12.257
1763744640,12.257,12.271,12.248,12.262
1763744700,12.262,12.273,12.222,12.24
1763744760,12.24,12.271,12.235,12.253
1763744820,12.253,12.306,12.241,12.305
1763744880,12.305,12.308,12.269,12.281
1763744940,12.281,12.306,12.279,12.285
1763745000,12.285,12.287,12.247,12.262
1763745060,12.262,12.277,12.252,12.262
1763745120,12.262,12.279,12.236,12.252
1763745180,12.252,12.27,12.229,12.246
1763745240,12.246,12.268,12.243,12.25
1763745300,12.25,12.279,12.246,12.249
1763745360,12.249,12.28,12.235,12.253
1763745420,12.253,12.289,12.241,12.27
1763745480,12.27,12.315,12.27,12.308
1763745540,12.308,12.322,12.247,12.247
1763745600,12.247,12.247,12.216,12.239
1763745660,12.239,12.289,12.239,12.253
1763745720,12.253,12.294,12.253,12.274
1763745780,12.274,12.301,12.262,12.3
1763745840,12.3,12.323,12.3,12.31
1763745900,12.31,12.34,12.299,12.311
1763745960,12.311,12.322,12.303,12.303
1763746020,12.303,12.303,12.266,12.277
1763746080,12.277,12.281,12.264,12.269
1763746140,12.269,12.294,12.269,12.287
1763746200,12.287,12.326,12.287,12.325
1763746260,12.325,12.354,12.32,12.328
1763746320,12.328,12.339,12.306,12.335
1763746380,12.335,12.35,12.329,12.35
1763746440,12.35,12.358,12.337,12.339
1763746500,12.339,12.344,12.312,12.327
1763746560,12.327,12.343,12.315,12.343
1763746620,12.343,12.343,12.293,12.299
1763746680,12.299,12.305,12.262,12.278
1763746740,12.278,12.297,12.277,12.281
1763746800,12.281,12.291,12.258,12.258
1763746860,12.258,12.277,12.245,12.274
1763746920,12.274,12.279,12.265,12.273
1763746980,12.273,12.278,12.264,12.27
1763747040,12.27,12.272,12.262,12.268
1763747100,12.268,12.305,12.261,12.284
1763747160,12.284,12.288,12.24,12.263
1763747220,12.263,12.288,12.263,12.286
1763747280,12.286,12.301,12.275,12.301
1763747340,12.301,12.306,12.291,12.292
1763747400,12.292,12.292,12.254,12.258
1763747460,12.258,12.268,12.25,12.264
1763747520,12.264,12.268,12.223,12.226
1763747580,12.226,12.232,12.214,12.216
1763747640,12.216,12.218,12.18,12.199
1763747700,12.199,12.235,12.199,12.221
1763747760,12.221,12.221,12.185,12.192
1763747820,12.192,12.207,12.177,12.201
1763747880,12.201,12.213,12.18,12.188
1763747940,12.188,12.195,12.176,12.182
1763748000,12.182,12.201,12.171,12.174
1763748060,12.174,12.184,12.159,12.169
1763748120,12.169,12.175,12.155,12.159
1763748180,12.159,12.165,12.13,12.138
1763748240,12.138,12.138,12.084,12.086
1763748300,12.086,12.093,12.045,12.046
1763748360,12.046,12.085,12.021,12.07
1763748420,12.07,12.071,12.027,12.049
1763748480,12.049,12.049,12.029,12.046
1763748540,12.046,12.083,12.043,12.071
1763748600,12.071,12.085,12.043,12.049
1763748660,12.049,12.067,12.023,12.037
1763748720,12.037,12.037,12.004,12.021
1763748780,12.021,12.03,11.986,11.988
1763748840,11.988,11.999,11.965,11.983
1763748900,11.983,11.993,11.956,11.99
1763748960,11.99,12.01,11.983,12.001
1763749020,12.001,12.001,11.957,11.958
1763749080,11.958,11.964,11.938,11.953
1763749140,11.953,11.981,11.949,11.974
1763749200,11.974,11.987,11.956,11.971
1763749260,11.971,12.011,11.97,12.004
1763749320,12.004,12.006,11.963,11.987
1763749380,11.987,12.007,11.98,11.999
1763749440,11.999,12.01,11.988,12.006
1763749500,12.006,12.081,11.997,12.068
1763749560,12.068,12.073,12.033,12.043
1763749620,12.043,12.061,12.024,12.054
1763749680,12.054,12.083,12.053,12.076
1763749740,12.076,12.085,12.066,12.082
1763749800,12.082,12.096,12.06,12.088
1763749860,12.088,12.109,12.079,12.101
1763749920,12.101,12.137,12.097,12.135
1763749980,12.135,12.14,12.103,12.107
1763750040,12.107,12.123,12.1,12.123
1763750100,12.123,12.157,12.123,12.153
1763750160,12.153,12.198,12.153,12.177
1763750220,12.177,12.191,12.173,12.178
1763750280,12.178,12.198,12.173,12.185
1763750340,12.185,12.197,12.174,12.18
1763750400,12.18,12.195,12.176,12.188
1763750460,12.188,12.193,12.159,12.19
1763750520,12.19,12.191,12.163,12.181
1763750580,12.181,12.213,12.181,12.213
1763750640,12.213,12.217,12.203,12.207
1763750700,12.207,12.225,12.192,12.204
1763750760,12.204,12.213,12.192,12.192
1763750820,12.192,12.231,12.192,12.23
1763750880,12.23,12.334,12.229,12.295
1763750940,12.295,12.327,12.277,12.278
1763751000,12.278,12.314,12.277,12.284
1763751060,12.284,12.298,12.26,12.28
1763751120,12.28,12.28,12.246,12.259
1763751180,12.259,12.289,12.259,12.267
1763751240,12.267,12.267,12.231,12.243
1763751300,12.243,12.261,12.233,12.259
1763751360,12.259,12.271,12.247,12.249
1763751420,12.249,12.253,12.215,12.232
1763751480,12.232,12.236,12.225,12.234
1763751540,12.234,12.242,12.227,12.227
1763751600,12.227,12.252,12.226,12.245
1763751660,12.245,12.254,12.22,12.224
1763751720,12.224,12.243,12.224,12.235
1763751780,12.235,12.248,12.23,12.241
1763751840,12.241,12.262,12.235,12.254
1763751900,12.254,12.255,12.236,12.241
1763751960,12.241,12.241,12.22,12.227
1763752020,12.227,12.241,12.224,12.232
1763752080,12.232,12.239,12.211,12.221
1763752140,12.221,12.257,12.221,12.251
1763752200,12.251,12.27,12.233,12.239
1763752260,12.239,12.241,12.224,12.236
1763752320,12.236,12.244,12.207,12.208
1763752380,12.208,12.208,12.182,12.187
1763752440,12.187,12.19,12.176,12.177
1763752500,12.177,12.179,12.166,12.177
1763752560,12.177,12.204,12.176,12.198
1763752620,12.198,12.202,12.19,12.196
1763752680,12.196,12.196,12.169,12.17
1763752740,12.17,12.215,12.17,12.213
1763752800,12.213,12.241,12.205,12.236
1763752860,12.236,12.261,12.236,12.261
1763752920,12.261,12.277,12.24,12.245
1763752980,12.245,12.248,12.226,12.242
1763753040,12.242,12.265,12.232,12.256
1763753100,12.256,12.282,12.256,12.263
1763753160,12.263,12.272,12.262,12.271
1763753220,12.271,12.271,12.26,12.26
1763753280,12.26,12.26,12.241,12.248
1763753340,12.248,12.257,12.246,12.249
1763753400,12.249,12.268,12.236,12.236
1763753460,12.236,12.244,12.201,12.203
1763753520,12.203,12.227,12.201,12.209
1763753580,12.209,12.215,12.186,12.186
1763753640,12.186,12.191,12.176,12.189
1763753700,12.189,12.197,12.186,12.196
1763753760,12.196,12.209,12.19,12.19
1763753820,12.19,12.201,12.177,12.199
1763753880,12.199,12.222,12.198,12.215
1763753940,12.215,12.218,12.198,12.198
1763754000,12.198,12.209,12.189,12.193
1763754060,12.193,12.195,12.177,12.189
1763754120,12.189,12.2,12.179,12.181
1763754180,12.181,12.183,12.131,12.131
1763754240,12.131,12.135,12.114,12.126
1763754300,12.126,12.129,12.112,12.124
1763754360,12.124,12.131,12.099,12.1
1763754420,12.1,12.118,12.096,12.118
1763754480,12.118,12.135,12.111,12.131
1763754540,12.131,12.143,12.125,12.134
1763754600,12.134,12.14,12.114,12.118
1763754660,12.118,12.118,12.102,12.103
1763754720,12.103,12.117,12.082,12.098
1763754780,12.098,12.098,12.079,12.079
1763754840,12.079,12.08,12.065,12.079
1763754900,12.079,12.11,12.079,12.104
1763754960,12.104,12.107,12.092,12.092
1763755020,12.092,12.096,12.074,12.093
1763755080,12.093,12.105,12.091,12.095
1763755140,12.095,12.114,12.095,12.112
1763755200,12.112,12.118,12.106,12.115
1763755260,12.115,12.125,12.108,12.12
1763755320,12.12,12.123,12.097,12.103
1763755380,12.103,12.118,12.099,12.103
1763755440,12.103,12.104,12.08,12.084
1763755500,12.084,12.087,12.029,12.038
1763755560,12.038,12.047,12.025,12.03
1763755620,12.03,12.041,12.016,12.016
1763755680,12.016,12.023,12.003,12.011
1763755740,12.011,12.024,11.996,12.024
1763755800,12.024,12.036,12.016,12.036
1763755860,12.036,12.052,12.036,12.047
1763755920,12.047,12.115,12.047,12.092
1763755980,12.092,12.092,12.055,12.057
1763756040,12.057,12.088,12.057,12.088
1763756100,12.088,12.09,12.026,12.026
1763756160,12.026,12.029,12.015,12.022
1763756220,12.022,12.027,12.005,12.005
1763756280,12.005,12.005,11.989,11.992
1763756340,11.992,12.004,11.981,11.982
1763756400,11.982,11.984,11.956,11.975
1763756460,11.975,11.978,11.958,11.961
1763756520,11.961,11.971,11.95,11.97
1763756580,11.97,11.972,11.944,11.95
1763756640,11.95,11.969,11.94,11.969
1763756700,11.969,12.002,11.969,12.002
1763756760,12.002,12.015,12,12.005
1763756820,12.005,12.006,11.967,11.967
1763756880,11.967,11.968,11.951,11.963
1763756940,11.963,11.963,11.925,11.94
1763757000,11.94,11.958,11.93,11.947
1763757060,11.947,11.967,11.94,11.965
1763757120,11.965,11.97,11.939,11.947
1763757180,11.947,11.98,11.939,11.979
1763757240,11.979,11.981,11.951,11.955
1763757300,11.955,12.002,11.951,11.973
1763757360,11.973,11.976,11.946,11.949
1763757420,11.949,11.981,11.941,11.981
1763757480,11.981,12.041,11.981,12.041
1763757540,12.041,12.043,12.021,12.021
1763757600,12.021,12.03,11.999,12.029
1763757660,12.029,12.054,12.006,12.018
1763757720,12.018,12.041,11.999,11.999
1763757780,11.999,12.051,11.983,12.034
1763757840,12.034,12.045,12.017,12.034
1763757900,12.034,12.046,12.012,12.02
1763757960,12.02,12.06,12.02,12.057
1763758020,12.057,12.079,12.023,12.047
1763758080,12.047,12.078,12.034,12.075
1763758140,12.075,12.083,12.058,12.065
1763758200,12.065,12.087,12.033,12.034
1763758260,12.034,12.067,12.03,12.059
1763758320,12.059,12.068,12.042,12.042
1763758380,12.042,12.061,12.026,12.026
1763758440,12.026,12.051,12.019,12.04
1763758500,12.04,12.045,11.981,12.001
1763758560,12.001,12.081,12.001,12.078
1763758620,12.078,12.081,12.038,12.054
1763758680,12.054,12.064,12.048,12.063
1763758740,12.063,12.065,12.016,12.06
1763758800,12.06,12.062,12.037,12.054
1763758860,12.054,12.087,12.054,12.059
1763758920,12.059,12.078,12.053,12.054
1763758980,12.054,12.055,12.01,12.01
1763759040,12.01,12.015,11.972,12.015
1763759100,12.015,12.028,11.981,12.001
1763759160,12.001,12.039,12.001,12.02
1763759220,12.02,12.032,12.003,12.017
1763759280,12.017,12.023,11.999,12.023
1763759340,12.023,12.026,11.989,11.991
1763759400,11.991,12.025,11.974,12.025
1763759460,12.025,12.035,11.996,12
1763759520,12,12.014,11.983,12.007
1763759580,12.007,12.033,12.007,12.026
1763759640,12.026,12.044,12.026,12.042
1763759700,12.042,12.049,12.016,12.016
1763759760,12.016,12.022,11.995,12.009
1763759820,12.009,12.071,12.008,12.07
1763759880,12.07,12.083,12.004,12.005
1763759940,12.005,12.04,12.003,12.032
1763760000,12.032,12.076,12.026,12.073
1763760060,12.073,12.088,12.068,12.084
1763760120,12.084,12.128,12.084,12.125
1763760180,12.125,12.148,12.118,12.147
1763760240,12.147,12.162,12.13,12.135
1763760300,12.135,12.18,12.129,12.173
1763760360,12.173,12.178,12.159,12.16
1763760420,12.16,12.192,12.16,12.178
1763760480,12.178,12.182,12.157,12.162
1763760540,12.162,12.175,12.151,12.153
1763760600,12.153,12.163,12.143,12.151
1763760660,12.151,12.161,12.138,12.145
1763760720,12.145,12.161,12.131,12.143
1763760780,12.143,12.143,12.121,12.121
1763760840,12.121,12.122,12.103,12.122
1763760900,12.122,12.144,12.121,12.132
1763760960,12.132,12.17,12.132,12.151
1763761020,12.151,12.156,12.137,12.151
1763761080,12.151,12.167,12.149,12.167
1763761140,12.167,12.186,12.159,12.186
1763761200,12.186,12.213,12.183,12.207
1763761260,12.207,12.209,12.194,12.205
1763761320,12.205,12.233,12.205,12.23
1763761380,12.23,12.234,12.228,12.232
1763761440,12.232,12.232,12.202,12.217
1763761500,12.217,12.217,12.2,12.213
1763761560,12.213,12.224,12.187,12.188
1763761620,12.188,12.196,12.179,12.19
1763761680,12.19,12.213,12.19,12.205
1763761740,12.205,12.212,12.198,12.202
1763761800,12.202,12.216,12.2,12.211
1763761860,12.211,12.239,12.206,12.238
1763761920,12.238,12.238,12.228,12.229
1763761980,12.229,12.238,12.206,12.206
1763762040,12.206,12.206,12.183,12.189
1763762100,12.189,12.2,12.175,12.178
1763762160,12.178,12.188,12.172,12.183
1763762220,12.183,12.189,12.172,12.172
1763762280,12.172,12.175,12.142,12.147
1763762340,12.147,12.156,12.137,12.15
1763762400,12.15,12.164,12.148,12.155
1763762460,12.155,12.173,12.152,12.154
1763762520,12.154,12.177,12.154,12.176
1763762580,12.176,12.196,12.173,12.195
1763762640,12.195,12.195,12.175,12.176
1763762700,12.176,12.183,12.149,12.152
1763762760,12.152,12.186,12.149,12.182
1763762820,12.182,12.183,12.155,12.163
1763762880,12.163,12.181,12.159,12.168
1763762940,12.168,12.183,12.163,12.175
1763763000,12.175,12.178,12.158,12.158
1763763060,12.158,12.163,12.147,12.147
1763763120,12.147,12.153,12.141,12.147
1763763180,12.147,12.158,12.139,12.153
1763763240,12.153,12.168,12.152,12.168
1763763300,12.168,12.178,12.157,12.168
1763763360,12.168,12.18,12.157,12.166
1763763420,12.166,12.167,12.153,12.16
1763763480,12.16,12.161,12.131,12.134
1763763540,12.134,12.153,12.134,12.142
1763763600,12.142,12.142,12.118,12.127
1763763660,12.127,12.133,12.118,12.13
1763763720,12.13,12.13,12.108,12.108
1763763780,12.108,12.108,12.044,12.046
1763763840,12.046,12.054,12.034,12.042
1763763900,12.042,12.046,12.015,12.035
1763763960,12.035,12.083,12.035,12.078
1763764020,12.078,12.093,12.066,12.066
1763764080,12.066,12.066,12.05,12.055
1763764140,12.055,12.062,12.036,12.036
1763764200,12.036,12.038,11.981,11.981
1763764260,11.981,11.993,11.967,11.972
1763764320,11.972,11.992,11.964,11.983
1763764380,11.983,11.995,11.974,11.976
1763764440,11.976,11.99,11.976,11.99
1763764500,11.99,11.99,11.951,11.951
1763764560,11.951,12.002,11.945,11.994
1763764620,11.994,12.019,11.967,11.982
1763764680,11.982,11.986,11.954,11.957
1763764740,11.957,11.975,11.957,11.962
1763764800,11.962,11.975,11.952,11.952
1763764860,11.952,11.956,11.933,11.954
1763764920,11.954,11.977,11.953,11.953
1763764980,11.953,11.967,11.953,11.965
1763765040,11.965,11.978,11.963,11.976
1763765100,11.976,12.023,11.976,12.022
1763765160,12.022,12.022,11.995,11.995
1763765220,11.995,11.995,11.941,11.941
1763765280,11.941,11.941,11.898,11.922
1763765340,11.922,11.927,11.906,11.927
1763765400,11.927,11.928,11.914,11.915
1763765460,11.915,11.915,11.866,11.893
1763765520,11.893,11.893,11.862,11.868
1763765580,11.868,11.89,11.854,11.89
1763765640,11.89,11.891,11.871,11.887
1763765700,11.887,11.894,11.876,11.894
1763765760,11.894,11.916,11.894,11.9
1763765820,11.9,11.906,11.873,11.874
1763765880,11.874,11.881,11.856,11.857
1763765940,11.857,11.861,11.832,11.838
1763766000,11.838,11.846,11.823,11.833
1763766060,11.833,11.843,11.829,11.834
1763766120,11.834,11.86,11.828,11.848
1763766180,11.848,11.861,11.842,11.844
1763766240,11.844,11.864,11.844,11.86
1763766300,11.86,11.871,11.83,11.831
1763766360,11.831,11.84,11.804,11.813
1763766420,11.813,11.814,11.784,11.788
1763766480,11.788,11.835,11.788,11.83
1763766540,11.83,11.859,11.824,11.858
1763766600,11.858,11.86,11.827,11.827
1763766660,11.827,11.848,11.821,11.848
1763766720,11.848,11.866,11.848,11.861
1763766780,11.861,11.875,11.852,11.869
1763766840,11.869,11.889,11.868,11.887
1763766900,11.887,11.941,11.887,11.935
1763766960,11.935,11.949,11.935,11.948
1763767020,11.948,11.962,11.933,11.954
1763767080,11.954,11.963,11.951,11.96
1763767140,11.96,11.976,11.958,11.966
1763767200,11.966,11.991,11.959,11.988
1763767260,11.988,12.027,11.987,12.027
1763767320,12.027,12.027,12.003,12.015
1763767380,12.015,12.047,12.013,12.038
1763767440,12.038,12.05,12.024,12.033
1763767500,12.033,12.049,12.014,12.048
1763767560,12.048,12.048,12.015,12.019
1763767620,12.019,12.045,12.009,12.041
1763767680,12.041,12.077,12.041,12.077
1763767740,12.077,12.091,12.069,12.091
1763767800,12.091,12.096,12.073,12.085
1763767860,12.085,12.119,12.085,12.116
1763767920,12.116,12.116,12.085,12.09
1763767980,12.09,12.109,12.086,12.109
1763768040,12.109,12.126,12.107,12.108
1763768100,12.108,12.114,12.1,12.106
1763768160,12.106,12.109,12.077,12.077
1763768220,12.077,12.08,12.069,12.079
1763768280,12.079,12.091,12.074,12.089
1763768340,12.089,12.095,12.079,12.081
1763768400,12.081,12.09,12.081,12.088
1763768460,12.088,12.107,12.08,12.107
1763768520,12.107,12.132,12.107,12.125
1763768580,12.125,12.133,12.121,12.121
1763768640,12.121,12.135,12.118,12.132
1763768700,12.132,12.157,12.132,12.153
1763768760,12.153,12.153,12.13,12.143
1763768820,12.143,12.153,12.135,12.14
1763768880,12.14,12.149,12.139,12.144
1763768940,12.144,12.153,12.142,12.153
1763769000,12.153,12.155,12.134,12.134
1763769060,12.134,12.151,12.131,12.141
1763769120,12.141,12.152,12.14,12.151
1763769180,12.151,12.156,12.136,12.141
1763769240,12.141,12.145,12.121,12.125
1763769300,12.125,12.125,12.098,12.101
1763769360,12.101,12.118,12.101,12.109
1763769420,12.109,12.118,12.101,12.113
1763769480,12.113,12.113,12.103,12.106
1763769540,12.106,12.119,12.101,12.109
1764547200,12.941,12.977,12.927,12.973
1764547260,12.973,12.975,12.933,12.933
1764547320,12.933,12.969,12.932,12.965
1764547380,12.965,12.967,12.939,12.942
1764547440,12.942,12.942,12.857,12.918
1764547500,12.918,12.92,12.865,12.873
1764547560,12.873,12.873,12.793,12.807
1764547620,12.807,12.818,12.713,12.713
1764547680,12.713,12.786,12.625,12.676
1764547740,12.676,12.699,12.613,12.659
1764547800,12.659,12.702,12.569,12.628
1764547860,12.628,12.699,12.606,12.692
1764547920,12.692,12.7,12.615,12.628
1764547980,12.628,12.638,12.58,12.629
1764548040,12.629,12.668,12.608,12.63
1764548100,12.63,12.641,12.592,12.614
1764548160,12.614,12.645,12.597,12.618
1764548220,12.618,12.618,12.562,12.572
1764548280,12.572,12.574,12.503,12.529
1764548340,12.529,12.539,12.478,12.526
1764548400,12.526,12.574,12.518,12.544
1764548460,12.544,12.544,12.436,12.49
1764548520,12.49,12.517,12.485,12.516
1764548580,12.516,12.519,12.467,12.477
1764548640,12.477,12.526,12.468,12.511
1764548700,12.511,12.56,12.51,12.548
1764548760,12.548,12.564,12.542,12.545
1764548820,12.545,12.545,12.515,12.518
1764548880,12.518,12.536,12.506,12.508
1764548940,12.508,12.513,12.475,12.488
1764549000,12.488,12.533,12.48,12.526
1764549060,12.526,12.533,12.5,12.502
1764549120,12.502,12.502,12.4,12.421
1764549180,12.421,12.445,12.373,12.389
1764549240,12.389,12.428,12.372,12.415
1764549300,12.415,12.416,12.332,12.383
1764549360,12.383,12.424,12.375,12.397
1764549420,12.397,12.443,12.379,12.389
1764549480,12.389,12.416,12.343,12.359
1764549540,12.359,12.407,12.353,12.402
1764549600,12.402,12.45,12.401,12.439
1764549660,12.439,12.482,12.411,12.476
1764549720,12.476,12.493,12.461,12.469
1764549780,12.469,12.469,12.361,12.381
1764549840,12.381,12.393,12.368,12.384
1764549900,12.384,12.399,12.374,12.381
1764549960,12.381,12.385,12.348,12.355
1764550020,12.355,12.368,12.328,12.36
1764550080,12.36,12.364,12.333,12.347
1764550140,12.347,12.374,12.34,12.353
1764550200,12.353,12.36,12.345,12.353
1764550260,12.353,12.353,12.294,12.318
1764550320,12.318,12.328,12.298,12.302
1764550380,12.302,12.313,12.266,12.28
1764550440,12.28,12.282,12.251,12.251
1764550500,12.251,12.254,12.221,12.24
1764550560,12.24,12.272,12.223,12.263
1764550620,12.263,12.324,12.261,12.291
1764550680,12.291,12.291,12.256,12.265
1764550740,12.265,12.265,12.24,12.243
1764550800,12.243,12.289,12.212,12.244
1764550860,12.244,12.288,12.244,12.28
1764550920,12.28,12.299,12.254,12.292
1764550980,12.292,12.355,12.292,12.315
1764551040,12.315,12.361,12.311,12.359
1764551100,12.359,12.396,12.353,12.396
1764551160,12.396,12.396,12.357,12.361
1764551220,12.361,12.417,12.347,12.407
1764551280,12.407,12.423,12.404,12.422
1764551340,12.422,12.433,12.346,12.352
1764551400,12.352,12.352,12.312,12.338
1764551460,12.338,12.347,12.319,12.34
1764551520,12.34,12.374,12.334,12.371
1764551580,12.371,12.376,12.351,12.357
1764551640,12.357,12.357,12.314,12.323
1764551700,12.323,12.358,12.314,12.358
1764551760,12.358,12.366,12.339,12.339
1764551820,12.339,12.358,12.312,12.331
1764551880,12.331,12.346,12.325,12.341
1764551940,12.341,12.341,12.289,12.293
1764552000,12.293,12.31,12.282,12.306
1764552060,12.306,12.351,12.303,12.324
1764552120,12.324,12.345,12.321,12.345
1764552180,12.345,12.364,12.345,12.346
1764552240,12.346,12.346,12.292,12.292
1764552300,12.292,12.302,12.266,12.289
1764552360,12.289,12.306,12.28,12.306
1764552420,12.306,12.31,12.29,12.297
1764552480,12.297,12.306,12.278,12.292
1764552540,12.292,12.3,12.281,12.283
1764552600,12.283,12.285,12.264,12.272
1764552660,12.272,12.301,12.266,12.284
1764552720,12.284,12.293,12.268,12.283
1764552780,12.283,12.328,12.283,12.314
1764552840,12.314,12.345,12.307,12.317
1764552900,12.317,12.351,12.31,12.349
1764552960,12.349,12.365,12.345,12.365
1764553020,12.365,12.365,12.341,12.355
1764553080,12.355,12.368,12.31,12.314
1764553140,12.314,12.336,12.304,12.304
1764553200,12.304,12.307,12.293,12.306
1764553260,12.306,12.328,12.306,12.327
1764553320,12.327,12.343,12.322,12.322
1764553380,12.322,12.326,12.31,12.319
1764553440,12.319,12.333,12.309,12.311
1764553500,12.311,12.327,12.307,12.313
1764553560,12.313,12.328,12.302,12.305
1764553620,12.305,12.324,12.293,12.324
1764553680,12.324,12.325,12.303,12.309
1764553740,12.309,12.309,12.292,12.292
1764553800,12.292,12.299,12.281,12.291
1764553860,12.291,12.291,12.272,12.283
1764553920,12.283,12.295,12.281,12.283
1764553980,12.283,12.291,12.272,12.278
1764554040,12.278,12.278,12.269,12.269
1764554100,12.269,12.281,12.259,12.27
1764554160,12.27,12.29,12.27,12.274
1764554220,12.274,12.292,12.27,12.289
1764554280,12.289,12.294,12.279,12.28
1764554340,12.28,12.28,12.261,12.268
1764554400,12.268,12.279,12.262,12.279
1764554460,12.279,12.285,12.261,12.285
1764554520,12.285,12.308,12.282,12.308
1764554580,12.308,12.32,12.291,12.316
1764554640,12.316,12.353,12.316,12.349
1764554700,12.349,12.373,12.339,12.362
1764554760,12.362,12.362,12.304,12.312
1764554820,12.312,12.315,12.301,12.301
1764554880,12.301,12.323,12.299,12.322
1764554940,12.322,12.335,12.318,12.318
1764555000,12.318,12.318,12.298,12.31
1764555060,12.31,12.334,12.304,12.334
1764555120,12.334,12.379,12.334,12.371
1764555180,12.371,12.384,12.368,12.376
1764555240,12.376,12.376,12.345,12.35
1764555300,12.35,12.376,12.349,12.372
1764555360,12.372,12.372,12.346,12.347
1764555420,12.347,12.36,12.347,12.354
1764555480,12.354,12.362,12.341,12.341
1764555540,12.341,12.344,12.336,12.34
1764555600,12.34,12.344,12.332,12.333
1764555660,12.333,12.34,12.327,12.332
1764555720,12.332,12.348,12.332,12.341
1764555780,12.341,12.343,12.328,12.33
1764555840,12.33,12.338,12.319,12.319
1764555900,12.319,12.326,12.318,12.321
1764555960,12.321,12.33,12.315,12.319
1764556020,12.319,12.337,12.319,12.334
1764556080,12.334,12.339,12.329,12.333
1764556140,12.333,12.335,12.313,12.314
1764556200,12.314,12.322,12.307,12.309
1764556260,12.309,12.326,12.309,12.321
1764556320,12.321,12.327,12.312,12.323
1764556380,12.323,12.339,12.323,12.328
1764556440,12.328,12.342,12.314,12.335
1764556500,12.335,12.35,12.335,12.348
1764556560,12.348,12.351,12.333,12.333
1764556620,12.333,12.333,12.301,12.306
1764556680,12.306,12.316,12.268,12.278
1764556740,12.278,12.305,12.256,12.298
1764556800,12.298,12.347,12.298,12.327
1764556860,12.327,12.337,12.313,12.334
1764556920,12.334,12.348,12.326,12.346
1764556980,12.346,12.354,12.335,12.341
1764557040,12.341,12.351,12.341,12.343
1764557100,12.343,12.345,12.315,12.315
1764557160,12.315,12.316,12.3,12.309
1764557220,12.309,12.31,12.286,12.286
1764557280,12.286,12.297,12.281,12.284
1764557340,12.284,12.284,12.269,12.274
1764557400,12.274,12.284,12.272,12.276
1764557460,12.276,12.277,12.265,12.266
1764557520,12.266,12.269,12.259,12.267
1764557580,12.267,12.272,12.265,12.268
1764557640,12.268,12.279,12.259,12.277
1764557700,12.277,12.281,12.263,12.278
1764557760,12.278,12.281,12.269,12.269
1764557820,12.269,12.27,12.266,12.268
1764557880,12.268,12.273,12.266,12.27
1764557940,12.27,12.272,12.263,12.263
1764558000,12.263,12.263,12.244,12.252
1764558060,12.252,12.253,12.207,12.213
1764558120,12.213,12.232,12.213,12.223
1764558180,12.223,12.254,12.223,12.234
1764558240,12.234,12.241,12.228,12.238
1764558300,12.238,12.248,12.228,12.241
1764558360,12.241,12.241,12.207,12.218
1764558420,12.218,12.22,12.17,12.188
1764558480,12.188,12.192,12.167,12.183
1764558540,12.183,12.185,12.174,12.174
1764558600,12.174,12.193,12.164,12.178
1764558660,12.178,12.191,12.172,12.179
1764558720,12.179,12.192,12.177,12.191
1764558780,12.191,12.192,12.178,12.19
1764558840,12.19,12.191,12.175,12.18
1764558900,12.18,12.183,12.171,12.175
1764558960,12.175,12.175,12.153,12.157
1764559020,12.157,12.163,12.152,12.16
1764559080,12.16,12.205,12.154,12.192
1764559140,12.192,12.192,12.151,12.164
1764559200,12.164,12.181,12.163,12.18
1764559260,12.18,12.204,12.177,12.195
1764559320,12.195,12.217,12.194,12.197
1764559380,12.197,12.202,12.19,12.198
1764559440,12.198,12.198,12.179,12.196
1764559500,12.196,12.205,12.191,12.202
1764559560,12.202,12.206,12.188,12.188
1764559620,12.188,12.194,12.167,12.167
1764559680,12.167,12.186,12.161,12.183
1764559740,12.183,12.183,12.172,12.174
1764559800,12.174,12.18,12.169,12.174
1764559860,12.174,12.183,12.166,12.167
1764559920,12.167,12.18,12.167,12.174
1764559980,12.174,12.188,12.167,12.182
1764560040,12.182,12.189,12.158,12.168
1764560100,12.168,12.178,12.161,12.17
1764560160,12.17,12.17,12.155,12.163
1764560220,12.163,12.178,12.145,12.147
1764560280,12.147,12.153,12.125,12.129
1764560340,12.129,12.131,12.086,12.119
1764560400,12.119,12.152,12.119,12.148
1764560460,12.148,12.168,12.14,12.154
1764560520,12.154,12.162,12.148,12.16
1764560580,12.16,12.168,12.142,12.143
1764560640,12.143,12.174,12.143,12.174
1764560700,12.174,12.174,12.158,12.162
1764560760,12.162,12.163,12.144,12.145
1764560820,12.145,12.145,12.132,12.136
1764560880,12.136,12.138,12.12,12.124
1764560940,12.124,12.132,12.12,12.125
1764561000,12.125,12.131,12.12,12.129
1764561060,12.129,12.13,12.116,12.122
1764561120,12.122,12.143,12.118,12.123
1764561180,12.123,12.133,12.12,12.128
1764561240,12.128,12.128,12.118,12.118
1764561300,12.118,12.126,12.117,12.125
1764561360,12.125,12.148,12.125,12.141
1764561420,12.141,12.148,12.135,12.148
1764561480,12.148,12.152,12.14,12.144
1764561540,12.144,12.146,12.128,12.133
1764561600,12.133,12.133,12.105,12.114
1764561660,12.114,12.119,12.102,12.107
1764561720,12.107,12.123,12.106,12.108
1764561780,12.108,12.122,12.105,12.122
1764561840,12.122,12.14,12.114,12.116
1764561900,12.116,12.126,12.114,12.117
1764561960,12.117,12.131,12.117,12.12
1764562020,12.12,12.131,12.115,12.131
1764562080,12.131,12.132,12.113,12.123
1764562140,12.123,12.135,12.114,12.114
1764562200,12.114,12.144,12.105,12.142
1764562260,12.142,12.159,12.135,12.137
1764562320,12.137,12.142,12.131,12.135
1764562380,12.135,12.135,12.111,12.117
1764562440,12.117,12.124,12.109,12.11
1764562500,12.11,12.11,12.089,12.101
1764562560,12.101,12.108,12.09,12.096
1764562620,12.096,12.121,12.087,12.097
1764562680,12.097,12.128,12.097,12.128
1764562740,12.128,12.134,12.113,12.113
1764562800,12.113,12.124,12.108,12.108
1764562860,12.108,12.112,12.098,12.104
1764562920,12.104,12.106,12.093,12.094
1764562980,12.094,12.105,12.094,12.098
1764563040,12.098,12.1,12.089,12.09
1764563100,12.09,12.09,12.06,12.065
1764563160,12.065,12.076,12.058,12.061
1764563220,12.061,12.074,12.056,12.062
1764563280,12.062,12.069,12.06,12.066
1764563340,12.066,12.07,12.056,12.065
1764563400,12.065,12.068,12.051,12.061
1764563460,12.061,12.077,12.055,12.075
1764563520,12.075,12.085,12.068,12.084
1764563580,12.084,12.086,12.065,12.073
1764563640,12.073,12.093,12.073,12.09
1764563700,12.09,12.101,12.081,12.099
1764563760,12.099,12.099,12.07,12.07
1764563820,12.07,12.077,12.053,12.073
1764563880,12.073,12.102,12.07,12.102
1764563940,12.102,12.108,12.097,12.101
1764564000,12.101,12.107,12.096,12.096
1764564060,12.096,12.103,12.088,12.103
1764564120,12.103,12.111,12.09,12.096
1764564180,12.096,12.102,12.096,12.102
1764564240,12.102,12.102,12.094,12.099
1764564300,12.099,12.099,12.087,12.093
1764564360,12.093,12.093,12.077,12.08
1764564420,12.08,12.082,12.071,12.081
1764564480,12.081,12.087,12.077,12.087
1764564540,12.087,12.087,12.079,12.084
1764564600,12.084,12.091,12.083,12.086
1764564660,12.086,12.1,12.086,12.1
1764564720,12.1,12.102,12.088,12.091
1764564780,12.091,12.094,12.078,12.078
1764564840,12.078,12.084,12.073,12.075
1764564900,12.075,12.087,12.075,12.087
1764564960,12.087,12.098,12.084,12.098
1764565020,12.098,12.106,12.092,12.092
1764565080,12.092,12.094,12.086,12.086
1764565140,12.086,12.096,12.085,12.093
1764565200,12.093,12.093,12.082,12.087
1764565260,12.087,12.124,12.087,12.124
1764565320,12.124,12.124,12.101,12.102
1764565380,12.102,12.115,12.101,12.112
1764565440,12.112,12.126,12.11,12.123
1764565500,12.123,12.125,12.108,12.125
1764565560,12.125,12.13,12.091,12.093
1764565620,12.093,12.101,12.079,12.084
1764565680,12.084,12.088,12.073,12.082
1764565740,12.082,12.101,12.082,12.101
1764565800,12.101,12.121,12.097,12.121
1764565860,12.121,12.13,12.121,12.121
1764565920,12.121,12.121,12.108,12.114
1764565980,12.114,12.121,12.106,12.106
1764566040,12.106,12.106,12.096,12.096
1764566100,12.096,12.096,12.079,12.083
1764566160,12.083,12.09,12.081,12.084
1764566220,12.084,12.098,12.084,12.094
1764566280,12.094,12.094,12.083,12.083
1764566340,12.083,12.084,12.072,12.073
1764566400,12.073,12.082,12.069,12.081
1764566460,12.081,12.092,12.081,12.089
1764566520,12.089,12.105,12.089,12.105
1764566580,12.105,12.108,12.093,12.097
1764566640,12.097,12.113,12.097,12.112
1764566700,12.112,12.123,12.107,12.119
1764566760,12.119,12.119,12.098,12.099
1764566820,12.099,12.11,12.099,12.104
1764566880,12.104,12.108,12.086,12.105
1764566940,12.105,12.108,12.096,12.103
1764567000,12.103,12.103,12.08,12.08
1764567060,12.08,12.08,12.07,12.072
1764567120,12.072,12.079,12.069,12.079
1764567180,12.079,12.082,12.073,12.078
1764567240,12.078,12.081,12.074,12.074
1764567300,12.074,12.079,12.064,12.072
1764567360,12.072,12.075,12.06,12.061
1764567420,12.061,12.062,12.027,12.042
1764567480,12.042,12.051,12.03,12.032
1764567540,12.032,12.039,12.029,12.039
1764567600,12.039,12.048,12.034,12.047
1764567660,12.047,12.055,12.044,12.053
1764567720,12.053,12.063,12.053,12.063
1764567780,12.063,12.073,12.062,12.064
1764567840,12.064,12.065,12.044,12.044
1764567900,12.044,12.07,12.042,12.065
1764567960,12.065,12.086,12.061,12.077
1764568020,12.077,12.09,12.069,12.089
1764568080,12.089,12.093,12.072,12.082
1764568140,12.082,12.093,12.082,12.085
1764568200,12.085,12.085,12.075,12.081
1764568260,12.081,12.09,12.081,12.09
1764568320,12.09,12.09,12.082,12.083
1764568380,12.083,12.092,12.083,12.09
1764568440,12.09,12.09,12.076,12.078
1764568500,12.078,12.083,12.074,12.075
1764568560,12.075,12.078,12.071,12.072
1764568620,12.072,12.076,12.071,12.074
1764568680,12.074,12.08,12.072,12.078
1764568740,12.078,12.09,12.078,12.09
1764568800,12.09,12.092,12.078,12.092
1764568860,12.092,12.12,12.092,12.117
1764568920,12.117,12.122,12.113,12.121
1764568980,12.121,12.125,12.099,12.099
1764569040,12.099,12.105,12.096,12.101
1764569100,12.101,12.101,12.078,12.081
1764569160,12.081,12.084,12.076,12.084
1764569220,12.084,12.097,12.082,12.089
1764569280,12.089,12.103,12.088,12.103
1764569340,12.103,12.105,12.098,12.102
1764569400,12.102,12.114,12.102,12.113
1764569460,12.113,12.116,12.104,12.111
1764569520,12.111,12.113,12.106,12.109
1764569580,12.109,12.125,12.109,12.123
1764569640,12.123,12.132,12.123,12.132
1764569700,12.132,12.138,12.117,12.136
1764569760,12.136,12.136,12.124,12.125
1764569820,12.125,12.141,12.125,12.132
1764569880,12.132,12.147,12.131,12.147
1764569940,12.147,12.147,12.138,12.142
1764570000,12.142,12.148,12.135,12.147
1764570060,12.147,12.148,12.134,12.135
1764570120,12.135,12.146,12.135,12.146
1764570180,12.146,12.158,12.143,12.143
1764570240,12.143,12.151,12.141,12.144
1764570300,12.144,12.154,12.138,12.152
1764570360,12.152,12.152,12.139,12.139
1764570420,12.139,12.141,12.131,12.134
1764570480,12.134,12.135,12.131,12.134
1764570540,12.134,12.137,12.132,12.136
1764570600,12.136,12.137,12.132,12.134
1764570660,12.134,12.137,12.128,12.136
1764570720,12.136,12.141,12.123,12.141
1764570780,12.141,12.143,12.13,12.133
1764570840,12.133,12.145,12.132,12.145
1764570900,12.145,12.145,12.127,12.134
1764570960,12.134,12.141,12.133,12.141
1764571020,12.141,12.16,12.139,12.158
1764571080,12.158,12.18,12.158,12.171
1764571140,12.171,12.18,12.171,12.175
1764571200,12.175,12.176,12.167,12.175
1764571260,12.175,12.175,12.163,12.164
1764571320,12.164,12.165,12.157,12.162
1764571380,12.162,12.165,12.158,12.165
1764571440,12.165,12.175,12.165,12.171
1764571500,12.171,12.176,12.166,12.176
1764571560,12.176,12.179,12.17,12.179
1764571620,12.179,12.18,12.165,12.167
1764571680,12.167,12.175,12.146,12.146
1764571740,12.146,12.146,12.138,12.144
1764571800,12.144,12.144,12.125,12.125
1764571860,12.125,12.127,12.114,12.114
1764571920,12.114,12.116,12.109,12.116
1764571980,12.116,12.12,12.112,12.114
1764572040,12.114,12.117,12.109,12.111
1764572100,12.111,12.127,12.11,12.127
1764572160,12.127,12.134,12.126,12.129
1764572220,12.129,12.134,12.129,12.132
1764572280,12.132,12.139,12.124,12.124
1764572340,12.124,12.124,12.115,12.116
1764572400,12.116,12.128,12.116,12.127
1764572460,12.127,12.128,12.108,12.114
1764572520,12.114,12.126,12.114,12.124
1764572580,12.124,12.124,12.112,12.124
1764572640,12.124,12.132,12.123,12.124
1764572700,12.124,12.128,12.119,12.124
1764572760,12.124,12.13,12.116,12.117
1764572820,12.117,12.125,12.112,12.125
1764572880,12.125,12.131,12.107,12.107
1764572940,12.107,12.126,12.107,12.126
1764573000,12.126,12.139,12.118,12.118
1764573060,12.118,12.129,12.118,12.119
1764573120,12.119,12.124,12.118,12.12
1764573180,12.12,12.13,12.119,12.13
1764573240,12.13,12.146,12.13,12.133
1764573300,12.133,12.133,12.12,12.125
1764573360,12.125,12.143,12.125,12.135
1764573420,12.135,12.153,12.134,12.145
1764573480,12.145,12.148,12.14,12.141
1764573540,12.141,12.145,12.133,12.14
1764573600,12.14,12.144,12.133,12.139
1764573660,12.139,12.145,12.134,12.141
1764573720,12.141,12.141,12.119,12.122
1764573780,12.122,12.122,12.116,12.12
1764573840,12.12,12.133,12.118,12.123
1764573900,12.123,12.134,12.121,12.128
1764573960,12.128,12.152,12.127,12.149
1764574020,12.149,12.17,12.145,12.169
1764574080,12.169,12.171,12.163,12.17
1764574140,12.17,12.173,12.167,12.168
1764574200,12.168,12.175,12.163,12.163
1764574260,12.163,12.174,12.159,12.173
1764574320,12.173,12.177,12.164,12.175
1764574380,12.175,12.187,12.174,12.179
1764574440,12.179,12.182,12.177,12.18
1764574500,12.18,12.18,12.171,12.171
1764574560,12.171,12.186,12.171,12.186
1764574620,12.186,12.189,12.181,12.184
1764574680,12.184,12.211,12.184,12.209
1764574740,12.209,12.209,12.195,12.201
1764574800,12.201,12.202,12.184,12.184
1764574860,12.184,12.197,12.183,12.193
1764574920,12.193,12.209,12.192,12.209
1764574980,12.209,12.215,12.204,12.208
1764575040,12.208,12.22,12.207,12.213
1764575100,12.213,12.238,12.206,12.235
1764575160,12.235,12.235,12.224,12.232
1764575220,12.232,12.233,12.222,12.228
1764575280,12.228,12.233,12.218,12.218
1764575340,12.218,12.232,12.213,12.232
1764575400,12.232,12.24,12.226,12.23
1764575460,12.23,12.254,12.226,12.249
1764575520,12.249,12.262,12.247,12.259
1764575580,12.259,12.268,12.166,12.166
1764575640,12.166,12.167,12.149,12.157
1764575700,12.157,12.174,12.157,12.168
1764575760,12.168,12.169,12.16,12.168
1764575820,12.168,12.176,12.161,12.166
1764575880,12.166,12.166,12.153,12.156
1764575940,12.156,12.18,12.152,12.179
1764576000,12.179,12.181,12.168,12.17
1764576060,12.17,12.17,12.153,12.154
1764576120,12.154,12.173,12.154,12.157
1764576180,12.157,12.162,12.144,12.147
1764576240,12.147,12.152,12.145,12.146
1764576300,12.146,12.156,12.144,12.156
1764576360,12.156,12.175,12.154,12.173
1764576420,12.173,12.195,12.166,12.191
1764576480,12.191,12.202,12.184,12.202
1764576540,12.202,12.203,12.19,12.193
1764576600,12.193,12.193,12.178,12.185
1764576660,12.185,12.186,12.151,12.151
1764576720,12.151,12.161,12.15,12.161
1764576780,12.161,12.164,12.15,12.153
1764576840,12.153,12.157,12.146,12.146
1764576900,12.146,12.149,12.14,12.141
1764576960,12.141,12.155,12.14,12.153
1764577020,12.153,12.166,12.146,12.16
1764577080,12.16,12.16,12.146,12.16
1764577140,12.16,12.169,12.158,12.165
1764577200,12.165,12.172,12.163,12.164
1764577260,12.164,12.17,12.162,12.17
1764577320,12.17,12.172,12.157,12.157
1764577380,12.157,12.157,12.149,12.154
1764577440,12.154,12.157,12.151,12.151
1764577500,12.151,12.156,12.14,12.145
1764577560,12.145,12.145,12.144,12.144
1764577620,12.144,12.154,12.144,12.146
1764577680,12.146,12.149,12.142,12.149
1764577740,12.149,12.161,12.149,12.161
1764577800,12.161,12.164,12.152,12.153
1764577860,12.153,12.153,12.139,12.146
1764577920,12.146,12.146,12.132,12.132
1764577980,12.132,12.132,12.119,12.125
1764578040,12.125,12.145,12.125,12.145
1764578100,12.145,12.165,12.145,12.165
1764578160,12.165,12.177,12.165,12.165
1764578220,12.165,12.165,12.149,12.153
1764578280,12.153,12.17,12.153,12.166
1764578340,12.166,12.167,12.155,12.162
1764578400,12.162,12.173,12.162,12.172
1764578460,12.172,12.174,12.165,12.169
1764578520,12.169,12.177,12.168,12.175
1764578580,12.175,12.177,12.166,12.177
1764578640,12.177,12.184,12.169,12.169
1764578700,12.169,12.171,12.164,12.171
1764578760,12.171,12.172,12.158,12.162
1764578820,12.162,12.165,12.155,12.155
1764578880,12.155,12.164,12.155,12.164
1764578940,12.164,12.172,12.158,12.164
1764579000,12.164,12.166,12.161,12.163
1764579060,12.163,12.168,12.161,12.168
1764579120,12.168,12.169,12.162,12.164
1764579180,12.164,12.168,12.164,12.167
1764579240,12.167,12.167,12.144,12.144
1764579300,12.144,12.156,12.144,12.156
1764579360,12.156,12.16,12.154,12.16
1764579420,12.16,12.163,12.156,12.156
1764579480,12.156,12.157,12.138,12.15
1764579540,12.15,12.166,12.147,12.157
1764579600,12.157,12.157,12.137,12.139
1764579660,12.139,12.18,12.139,12.18
1764579720,12.18,12.197,12.168,12.171
1764579780,12.171,12.186,12.171,12.184
1764579840,12.184,12.192,12.147,12.147
1764579900,12.147,12.17,12.144,12.16
1764579960,12.16,12.162,12.135,12.14
1764580020,12.14,12.149,12.14,12.147
1764580080,12.147,12.153,12.143,12.144
1764580140,12.144,12.146,12.129,12.132
1764580200,12.132,12.132,12.11,12.111
1764580260,12.111,12.121,12.111,12.115
1764580320,12.115,12.126,12.115,12.126
1764580380,12.126,12.127,12.123,12.126
1764580440,12.126,12.129,12.125,12.129
1764580500,12.129,12.133,12.124,12.129
1764580560,12.129,12.131,12.119,12.131
1764580620,12.131,12.141,12.126,12.13
1764580680,12.13,12.138,12.13,12.136
1764580740,12.136,12.139,12.128,12.128
1764580800,12.128,12.131,12.121,12.125
1764580860,12.125,12.14,12.125,12.137
1764580920,12.137,12.15,12.137,12.15
1764580980,12.15,12.154,12.141,12.154
1764581040,12.154,12.156,12.144,12.144
1764581100,12.144,12.144,12.133,12.138
1764581160,12.138,12.139,12.116,12.117
1764581220,12.117,12.139,12.115,12.139
1764581280,12.139,12.149,12.139,12.139
1764581340,12.139,12.144,12.136,12.139
1764581400,12.139,12.142,12.133,12.142
1764581460,12.142,12.143,12.134,12.137
1764581520,12.137,12.152,12.137,12.152
1764581580,12.152,12.155,12.146,12.148
1764581640,12.148,12.152,12.148,12.152
1764581700,12.152,12.152,12.147,12.148
1764581760,12.148,12.158,12.148,12.155
1764581820,12.155,12.155,12.142,12.146
1764581880,12.146,12.157,12.145,12.145
1764581940,12.145,12.146,12.14,12.143
1764582000,12.143,12.153,12.143,12.15
1764582060,12.15,12.157,12.15,12.157
1764582120,12.157,12.16,12.147,12.151
1764582180,12.151,12.153,12.151,12.153
1764582240,12.153,12.165,12.153,12.163
1764582300,12.163,12.165,12.157,12.163
1764582360,12.163,12.163,12.138,12.138
1764582420,12.138,12.155,12.134,12.145
1764582480,12.145,12.145,12.131,12.131
1764582540,12.131,12.131,12.122,12.122
1764582600,12.122,12.127,12.122,12.125
1764582660,12.125,12.135,12.123,12.135
1764582720,12.135,12.135,12.129,12.134
1764582780,12.134,12.138,12.134,12.136
1764582840,12.136,12.138,12.136,12.136
1764582900,12.136,12.136,12.128,12.128
1764582960,12.128,12.131,12.128,12.131
1764583020,12.131,12.131,12.128,12.131
1764583080,12.131,12.131,12.129,12.131
1764583140,12.131,12.137,12.13,12.135
1764583200,12.135,12.14,12.134,12.14
1764583260,12.14,12.148,12.14,12.148
1764583320,12.148,12.168,12.148,12.165
1764583380,12.165,12.172,12.161,12.169
1764583440,12.169,12.169,12.157,12.157
1764583500,12.157,12.168,12.155,12.168
1764583560,12.168,12.177,12.168,12.177
1764583620,12.177,12.184,12.175,12.184
1764583680,12.184,12.186,12.178,12.186
1764583740,12.186,12.186,12.166,12.173
1764583800,12.173,12.173,12.17,12.171
1764583860,12.171,12.178,12.166,12.166
1764583920,12.166,12.168,12.166,12.168
1764583980,12.168,12.17,12.165,12.168
1764584040,12.168,12.172,12.16,12.16
1764584100,12.16,12.166,12.16,12.162
1764584160,12.162,12.166,12.156,12.163
1764584220,12.163,12.169,12.162,12.166
1764584280,12.166,12.168,12.164,12.168
1764584340,12.168,12.173,12.168,12.17
1764584400,12.17,12.17,12.165,12.166
1764584460,12.166,12.171,12.165,12.166
1764584520,12.166,12.168,12.158,12.168
1764584580,12.168,12.176,12.168,12.176
1764584640,12.176,12.182,12.174,12.179
1764584700,12.179,12.179,12.173,12.177
1764584760,12.177,12.181,12.175,12.175
1764584820,12.175,12.176,12.174,12.175
1764584880,12.175,12.178,12.171,12.177
1764584940,12.177,12.179,12.175,12.175
1764585000,12.175,12.176,12.17,12.176
1764585060,12.176,12.185,12.176,12.179
1764585120,12.179,12.192,12.179,12.189
1764585180,12.189,12.189,12.178,12.178
1764585240,12.178,12.18,12.169,12.18
1764585300,12.18,12.184,12.15,12.169
1764585360,12.169,12.171,12.168,12.169
1764585420,12.169,12.171,12.166,12.171
1764585480,12.171,12.171,12.17,12.171
1764585540,12.171,12.171,12.161,12.168
1764585600,12.168,12.169,12.166,12.166
1764585660,12.166,12.179,12.162,12.179
1764585720,12.179,12.185,12.179,12.182
1764585780,12.182,12.182,12.169,12.169
1764585840,12.169,12.174,12.167,12.174
1764585900,12.174,12.177,12.168,12.172
1764585960,12.172,12.187,12.172,12.185
1764586020,12.185,12.191,12.185,12.189
1764586080,12.189,12.192,12.187,12.189
1764586140,12.189,12.19,12.188,12.19
1764586200,12.19,12.191,12.188,12.191
1764586260,12.191,12.191,12.183,12.185
1764586320,12.185,12.186,12.182,12.183
1764586380,12.183,12.19,12.183,12.189
1764586440,12.189,12.191,12.189,12.189
1764586500,12.189,12.194,12.189,12.193
1764586560,12.193,12.194,12.191,12.192
1764586620,12.192,12.193,12.189,12.191
1764586680,12.191,12.194,12.188,12.194
1764586740,12.194,12.199,12.194,12.199
1764586800,12.199,12.199,12.189,12.189
1764586860,12.189,12.197,12.188,12.195
1764586920,12.195,12.196,12.19,12.19
1764586980,12.19,12.19,12.183,12.19
1764587040,12.19,12.19,12.179,12.179
1764587100,12.179,12.179,12.161,12.161
1764587160,12.161,12.166,12.156,12.157
1764587220,12.157,12.159,12.154,12.157
1764587280,12.157,12.159,12.15,12.153
1764587340,12.153,12.154,12.146,12.149
1764587400,12.149,12.159,12.149,12.153
1764587460,12.153,12.153,12.137,12.139
1764587520,12.139,12.15,12.139,12.148
1764587580,12.148,12.148,12.139,12.14
1764587640,12.14,12.142,12.138,12.14
1764587700,12.14,12.14,12.135,12.136
1764587760,12.136,12.159,12.136,12.157
1764587820,12.157,12.16,12.149,12.149
1764587880,12.149,12.152,12.148,12.149
1764587940,12.149,12.157,12.148,12.155
1764588000,12.155,12.158,12.145,12.145
1764588060,12.145,12.159,12.145,12.157
1764588120,12.157,12.157,12.148,12.151
1764588180,12.151,12.16,12.151,12.16
1764588240,12.16,12.163,12.157,12.16
1764588300,12.16,12.18,12.16,12.173
1764588360,12.173,12.175,12.159,12.159
1764588420,12.159,12.159,12.156,12.159
1764588480,12.159,12.16,12.158,12.16
1764588540,12.16,12.163,12.156,12.156
1764588600,12.156,12.158,12.137,12.139
1764588660,12.139,12.139,12.136,12.139
1764588720,12.139,12.142,12.134,12.137
1764588780,12.137,12.144,12.136,12.143
1764588840,12.143,12.149,12.139,12.144
1764588900,12.144,12.148,12.14,12.142
1764588960,12.142,12.143,12.135,12.141
1764589020,12.141,12.147,12.141,12.142
1764589080,12.142,12.144,12.137,12.144
1764589140,12.144,12.15,12.136,12.139
1764589200,12.139,12.144,12.136,12.14
1764589260,12.14,12.14,12.13,12.135
1764589320,12.135,12.135,12.131,12.135
1764589380,12.135,12.139,12.125,12.129
1764589440,12.129,12.129,12.117,12.121
1764589500,12.121,12.131,12.12,12.131
1764589560,12.131,12.131,12.128,12.131
1764589620,12.131,12.131,12.12,12.123
1764589680,12.123,12.134,12.119,12.133
1764589740,12.133,12.148,12.133,12.142
1764589800,12.142,12.155,12.142,12.15
1764589860,12.15,12.154,12.137,12.137
1764589920,12.137,12.143,12.137,12.14
1764589980,12.14,12.152,12.14,12.145
1764590040,12.145,12.145,12.124,12.131
1764590100,12.131,12.131,12.121,12.122
1764590160,12.122,12.125,12.116,12.119
1764590220,12.119,12.119,12.105,12.105
1764590280,12.105,12.112,12.103,12.103
1764590340,12.103,12.11,12.103,12.108
1764590400,12.108,12.119,12.108,12.118
1764590460,12.118,12.122,12.117,12.117
1764590520,12.117,12.123,12.091,12.096
1764590580,12.096,12.1,12.078,12.095
1764590640,12.095,12.112,12.095,12.099
1764590700,12.099,12.101,12.069,12.095
1764590760,12.095,12.102,12.092,12.1
1764590820,12.1,12.101,12.093,12.094
1764590880,12.094,12.1,12.087,12.098
1764590940,12.098,12.115,12.098,12.105
1764591000,12.105,12.114,12.102,12.111
1764591060,12.111,12.111,12.097,12.107
1764591120,12.107,12.107,12.094,12.098
1764591180,12.098,12.108,12.098,12.101
1764591240,12.101,12.102,12.096,12.101
1764591300,12.101,12.111,12.101,12.11
1764591360,12.11,12.118,12.109,12.118
1764591420,12.118,12.12,12.109,12.109
1764591480,12.109,12.114,12.096,12.098
1764591540,12.098,12.112,12.098,12.107
1764591600,12.107,12.107,12.093,12.098
1764591660,12.098,12.12,12.098,12.111
1764591720,12.111,12.111,12.107,12.11
1764591780,12.11,12.124,12.11,12.116
1764591840,12.116,12.121,12.114,12.121
1764591900,12.121,12.121,12.116,12.116
1764591960,12.116,12.116,12.098,12.1
1764592020,12.1,12.101,12.09,12.09
1764592080,12.09,12.095,12.089,12.092
1764592140,12.092,12.092,12.081,12.09
1764592200,12.09,12.094,12.081,12.081
1764592260,12.081,12.084,12.062,12.07
1764592320,12.07,12.086,12.07,12.082
1764592380,12.082,12.083,12.065,12.065
1764592440,12.065,12.072,12.048,12.053
1764592500,12.053,12.076,12.05,12.074
1764592560,12.074,12.093,12.074,12.091
1764592620,12.091,12.091,12.073,12.073
1764592680,12.073,12.079,12.066,12.074
1764592740,12.074,12.074,12.051,12.053
1764592800,12.053,12.053,12.03,12.041
1764592860,12.041,12.047,12.036,12.039
1764592920,12.039,12.048,12.015,12.024
1764592980,12.024,12.035,12.018,12.032
1764593040,12.032,12.05,12.032,12.044
1764593100,12.044,12.052,12.042,12.045
1764593160,12.045,12.045,12.019,12.02
1764593220,12.02,12.027,12.001,12.009
1764593280,12.009,12.01,11.962,11.966
1764593340,11.966,11.97,11.921,11.94
1764593400,11.94,12.008,11.927,12.002
1764593460,12.002,12.083,12.001,12.055
1764593520,12.055,12.077,12.055,12.07
1764593580,12.07,12.108,12.07,12.102
1764593640,12.102,12.118,12.091,12.102
1764593700,12.102,12.104,12.072,12.072
1764593760,12.072,12.101,12.072,12.086
1764593820,12.086,12.117,12.085,12.116
1764593880,12.116,12.135,12.114,12.133
1764593940,12.133,12.133,12.108,12.109
1764594000,12.109,12.115,12.097,12.097
1764594060,12.097,12.143,12.096,12.118
1764594120,12.118,12.174,12.112,12.167
1764594180,12.167,12.198,12.152,12.188
1764594240,12.188,12.204,12.156,12.157
1764594300,12.157,12.17,12.133,12.136
1764594360,12.136,12.141,12.116,12.116
1764594420,12.116,12.135,12.116,12.135
1764594480,12.135,12.151,12.128,12.136
1764594540,12.136,12.149,12.129,12.141
1764594600,12.141,12.141,12.106,12.106
1764594660,12.106,12.117,12.083,12.09
1764594720,12.09,12.106,12.088,12.101
1764594780,12.101,12.116,12.095,12.1
1764594840,12.1,12.108,12.1,12.108
1764594900,12.108,12.118,12.106,12.116
1764594960,12.116,12.116,12.096,12.113
1764595020,12.113,12.114,12.093,12.111
1764595080,12.111,12.113,12.098,12.099
1764595140,12.099,12.099,12.09,12.095
1764595200,12.095,12.107,12.095,12.107
1764595260,12.107,12.109,12.081,12.083
1764595320,12.083,12.1,12.083,12.099
1764595380,12.099,12.107,12.092,12.106
1764595440,12.106,12.108,12.092,12.1
1764595500,12.1,12.104,12.087,12.088
1764595560,12.088,12.1,12.083,12.1
1764595620,12.1,12.102,12.093,12.101
1764595680,12.101,12.108,12.098,12.105
1764595740,12.105,12.108,12.105,12.105
1764595800,12.105,12.108,12.095,12.104
1764595860,12.104,12.108,12.089,12.089
1764595920,12.089,12.092,12.067,12.068
1764595980,12.068,12.077,12.066,12.076
1764596040,12.076,12.079,12.042,12.046
1764596100,12.046,12.047,12.027,12.042
1764596160,12.042,12.057,12.042,12.057
1764596220,12.057,12.057,12.045,12.051
1764596280,12.051,12.053,12.045,12.048
1764596340,12.048,12.048,12.028,12.028
1764596400,12.028,12.031,12.022,12.029
1764596460,12.029,12.044,12.029,12.039
1764596520,12.039,12.044,12.03,12.034
1764596580,12.034,12.041,12.034,12.04
1764596640,12.04,12.051,12.031,12.032
1764596700,12.032,12.043,12.031,12.034
1764596760,12.034,12.034,12.017,12.027
1764596820,12.027,12.034,12.017,12.028
1764596880,12.028,12.029,12.017,12.022
1764596940,12.022,12.027,12.016,12.02
1764597000,12.02,12.027,12.004,12.027
1764597060,12.027,12.05,12.013,12.049
1764597120,12.049,12.054,12.035,12.036
1764597180,12.036,12.064,12.036,12.059
1764597240,12.059,12.062,12.054,12.057
1764597300,12.057,12.058,12.031,12.037
1764597360,12.037,12.05,12.037,12.043
1764597420,12.043,12.049,12.038,12.049
1764597480,12.049,12.062,12.049,12.055
1764597540,12.055,12.057,12.047,12.047
1764597600,12.047,12.051,12.042,12.047
1764597660,12.047,12.057,12.047,12.052
1764597720,12.052,12.052,12.035,12.049
1764597780,12.049,12.066,12.049,12.055
1764597840,12.055,12.087,12.055,12.08
1764597900,12.08,12.08,12.041,12.041
1764597960,12.041,12.054,12.04,12.042
1764598020,12.042,12.042,12.012,12.013
1764598080,12.013,12.028,12.013,12.024
1764598140,12.024,12.051,12.024,12.05
1764598200,12.05,12.069,12.046,12.066
1764598260,12.066,12.066,12.041,12.044
1764598320,12.044,12.072,12.044,12.063
1764598380,12.063,12.067,12.046,12.046
1764598440,12.046,12.046,12.031,12.035
1764598500,12.035,12.042,12.016,12.025
1764598560,12.025,12.025,12.01,12.013
1764598620,12.013,12.016,12.005,12.01
1764598680,12.01,12.019,12.006,12.015
1764598740,12.015,12.033,12.011,12.033
1764598800,12.033,12.041,12.028,12.029
1764598860,12.029,12.034,12.024,12.032
1764598920,12.032,12.051,12.031,12.049
1764598980,12.049,12.049,12.039,12.039
1764599040,12.039,12.042,12.038,12.039
1764599100,12.039,12.042,12.028,12.04
1764599160,12.04,12.045,12.034,12.045
1764599220,12.045,12.057,12.045,12.057
1764599280,12.057,12.086,12.057,12.076
1764599340,12.076,12.094,12.076,12.088
1764599400,12.088,12.101,12.075,12.095
1764599460,12.095,12.099,12.041,12.044
1764599520,12.044,12.076,12.036,12.074
1764599580,12.074,12.107,12.062,12.099
1764599640,12.099,12.132,12.093,12.132
1764599700,12.132,12.159,12.131,12.145
1764599760,12.145,12.184,12.143,12.184
1764599820,12.184,12.209,12.177,12.19
1764599880,12.19,12.191,12.169,12.173
1764599940,12.173,12.173,12.15,12.15
1764600000,12.15,12.161,12.128,12.13
1764600060,12.13,12.133,12.099,12.109
1764600120,12.109,12.109,12.086,12.103
1764600180,12.103,12.107,12.077,12.084
1764600240,12.084,12.099,12.082,12.087
1764600300,12.087,12.097,12.069,12.097
1764600360,12.097,12.128,12.097,12.124
1764600420,12.124,12.136,12.115,12.115
1764600480,12.115,12.118,12.08,12.081
1764600540,12.081,12.085,12.067,12.069
1764600600,12.069,12.079,12.059,12.076
1764600660,12.076,12.091,12.076,12.091
1764600720,12.091,12.108,12.085,12.103
1764600780,12.103,12.107,12.083,12.083
1764600840,12.083,12.098,12.076,12.084
1764600900,12.084,12.119,12.084,12.117
1764600960,12.117,12.138,12.117,12.137
1764601020,12.137,12.137,12.117,12.119
1764601080,12.119,12.121,12.107,12.107
1764601140,12.107,12.109,12.087,12.091
1764601200,12.091,12.103,12.079,12.098
1764601260,12.098,12.104,12.086,12.093
1764601320,12.093,12.102,12.08,12.097
1764601380,12.097,12.097,12.069,12.069
1764601440,12.069,12.071,12.052,12.057
1764601500,12.057,12.07,12.052,12.067
1764601560,12.067,12.073,12.063,12.07
1764601620,12.07,12.081,12.07,12.07
1764601680,12.07,12.089,12.07,12.079
1764601740,12.079,12.08,12.066,12.075
1764601800,12.075,12.089,12.07,12.086
1764601860,12.086,12.091,12.072,12.074
1764601920,12.074,12.083,12.069,12.083
1764601980,12.083,12.094,12.083,12.091
1764602040,12.091,12.091,12.029,12.038
1764602100,12.038,12.053,11.983,11.988
1764602160,11.988,12.074,11.984,12.058
1764602220,12.058,12.074,12.053,12.069
1764602280,12.069,12.071,12.055,12.064
1764602340,12.064,12.071,12.052,12.053
1764602400,12.053,12.06,12.038,12.046
1764602460,12.046,12.048,12.02,12.037
1764602520,12.037,12.046,12.018,12.022
1764602580,12.022,12.03,12.004,12.012
1764602640,12.012,12.026,11.999,11.999
1764602700,11.999,12.004,11.962,11.979
1764602760,11.979,11.987,11.967,11.979
1764602820,11.979,11.984,11.964,11.97
1764602880,11.97,11.982,11.96,11.962
1764602940,11.962,11.97,11.954,11.961
1764603000,11.961,11.962,11.939,11.942
1764603060,11.942,11.957,11.932,11.936
1764603120,11.936,11.944,11.905,11.932
1764603180,11.932,11.943,11.923,11.929
1764603240,11.929,11.932,11.809,11.854
1764603300,11.854,11.886,11.837,11.866
1764603360,11.866,11.924,11.866,11.895
1764603420,11.895,11.903,11.862,11.869
1764603480,11.869,11.907,11.869,11.887
1764603540,11.887,11.909,11.877,11.881
1764603600,11.881,11.886,11.866,11.873
1764603660,11.873,11.902,11.86,11.897
1764603720,11.897,11.906,11.868,11.868
1764603780,11.868,11.891,11.849,11.867
1764603840,11.867,11.878,11.853,11.869
1764603900,11.869,11.892,11.839,11.883
1764603960,11.883,11.917,11.88,11.892
1764604020,11.892,11.896,11.858,11.895
1764604080,11.895,11.916,11.886,11.913
1764604140,11.913,11.928,11.898,11.928
1764604200,11.928,11.994,11.928,11.974
1764604260,11.974,12.004,11.973,12.002
1764604320,12.002,12.044,12.002,12.044
1764604380,12.044,12.05,12.031,12.043
1764604440,12.043,12.056,12.023,12.024
1764604500,12.024,12.024,12.008,12.008
1764604560,12.008,12.02,11.985,11.99
1764604620,11.99,11.991,11.97,11.986
1764604680,11.986,12.008,11.986,11.996
1764604740,11.996,11.997,11.985,11.994
1764604800,11.994,12,11.967,11.98
1764604860,11.98,11.987,11.956,11.97
1764604920,11.97,11.97,11.943,11.943
1764604980,11.943,11.951,11.928,11.929
1764605040,11.929,11.933,11.919,11.922
1764605100,11.922,11.933,11.919,11.924
1764605160,11.924,11.928,11.891,11.894
1764605220,11.894,11.896,11.88,11.888
1764605280,11.888,11.893,11.88,11.891
1764605340,11.891,11.896,11.878,11.884
1764605400,11.884,11.892,11.872,11.88
1764605460,11.88,11.899,11.88,11.888
1764605520,11.888,11.899,11.882,11.889
1764605580,11.889,11.891,11.861,11.876
1764605640,11.876,11.883,11.864,11.881
1764605700,11.881,11.892,11.872,11.879
1764605760,11.879,11.88,11.865,11.869
1764605820,11.869,11.871,11.859,11.869
1764605880,11.869,11.882,11.857,11.882
1764605940,11.882,11.882,11.854,11.855
1764606000,11.855,11.871,11.847,11.852
1764606060,11.852,11.88,11.851,11.873
1764606120,11.873,11.881,11.856,11.86
1764606180,11.86,11.874,11.841,11.848
1764606240,11.848,11.857,11.832,11.844
1764606300,11.844,11.88,11.843,11.87
1764606360,11.87,11.87,11.845,11.859
1764606420,11.859,11.877,11.851,11.875
1764606480,11.875,11.875,11.843,11.849
1764606540,11.849,11.851,11.842,11.847
1764606600,11.847,11.878,11.847,11.858
1764606660,11.858,11.886,11.857,11.866
1764606720,11.866,11.876,11.866,11.87
1764606780,11.87,11.874,11.852,11.855
1764606840,11.855,11.86,11.833,11.857
1764606900,11.857,11.86,11.835,11.841
1764606960,11.841,11.845,11.798,11.821
1764607020,11.821,11.894,11.821,11.892
1764607080,11.892,11.91,11.861,11.882
1764607140,11.882,11.914,11.874,11.9
1764607200,11.9,11.919,11.889,11.893
1764607260,11.893,11.894,11.854,11.862
1764607320,11.862,11.876,11.862,11.87
1764607380,11.87,11.882,11.865,11.874
1764607440,11.874,11.874,11.831,11.835
1764607500,11.835,11.84,11.827,11.831
1764607560,11.831,11.838,11.825,11.838
1764607620,11.838,11.851,11.838,11.849
1764607680,11.849,11.849,11.816,11.819
1764607740,11.819,11.819,11.796,11.801
1764607800,11.801,11.801,11.785,11.799
1764607860,11.799,11.804,11.783,11.785
1764607920,11.785,11.796,11.777,11.782
1764607980,11.782,11.784,11.763,11.769
1764608040,11.769,11.769,11.754,11.758
1764608100,11.758,11.765,11.75,11.758
1764608160,11.758,11.758,11.734,11.751
1764608220,11.751,11.756,11.747,11.751
1764608280,11.751,11.759,11.75,11.753
1764608340,11.753,11.765,11.751,11.765
1764608400,11.765,11.77,11.758,11.764
1764608460,11.764,11.804,11.764,11.801
1764608520,11.801,11.805,11.774,11.774
1764608580,11.774,11.795,11.774,11.795
1764608640,11.795,11.824,11.794,11.821
1764608700,11.821,11.829,11.815,11.819
1764608760,11.819,11.825,11.819,11.825
1764608820,11.825,11.835,11.822,11.826
1764608880,11.826,11.826,11.8,11.807
1764608940,11.807,11.807,11.768,11.771
1764609000,11.771,11.782,11.768,11.774
1764609060,11.774,11.8,11.774,11.8
1764609120,11.8,11.818,11.799,11.813
1764609180,11.813,11.814,11.792,11.792
1764609240,11.792,11.795,11.787,11.79
1764609300,11.79,11.791,11.77,11.771
1764609360,11.771,11.797,11.767,11.797
1764609420,11.797,11.809,11.792,11.798
1764609480,11.798,11.809,11.777,11.777
1764609540,11.777,11.789,11.774,11.788
1764609600,11.788,11.794,11.781,11.791
1764609660,11.791,11.798,11.786,11.794
1764609720,11.794,11.802,11.788,11.799
1764609780,11.799,11.799,11.773,11.773
1764609840,11.773,11.796,11.772,11.796
1764609900,11.796,11.796,11.782,11.786
1764609960,11.786,11.803,11.786,11.802
1764610020,11.802,11.809,11.798,11.8
1764610080,11.8,11.82,11.8,11.816
1764610140,11.816,11.829,11.812,11.812
1764610200,11.812,11.816,11.8,11.803
1764610260,11.803,11.803,11.785,11.786
1764610320,11.786,11.787,11.774,11.776
1764610380,11.776,11.78,11.762,11.776
1764610440,11.776,11.776,11.761,11.761
1764610500,11.761,11.795,11.76,11.795
1764610560,11.795,11.798,11.776,11.778
1764610620,11.778,11.803,11.778,11.803
1764610680,11.803,11.803,11.788,11.788
1764610740,11.788,11.797,11.783,11.796
1764610800,11.796,11.814,11.796,11.803
1764610860,11.803,11.813,11.799,11.801
1764610920,11.801,11.816,11.792,11.815
1764610980,11.815,11.84,11.814,11.838
1764611040,11.838,11.844,11.834,11.84
1764611100,11.84,11.868,11.84,11.867
1764611160,11.867,11.874,11.852,11.864
1764611220,11.864,11.864,11.842,11.85
1764611280,11.85,11.857,11.85,11.857
1764611340,11.857,11.876,11.857,11.864
1764611400,11.864,11.867,11.841,11.843
1764611460,11.843,11.852,11.839,11.843
1764611520,11.843,11.86,11.843,11.847
1764611580,11.847,11.86,11.845,11.857
1764611640,11.857,11.868,11.852,11.868
1764611700,11.868,11.872,11.844,11.847
1764611760,11.847,11.856,11.839,11.849
1764611820,11.849,11.854,11.845,11.845
1764611880,11.845,11.851,11.826,11.831
1764611940,11.831,11.831,11.823,11.826
1764612000,11.826,11.846,11.826,11.844
1764612060,11.844,11.858,11.841,11.857
1764612120,11.857,11.867,11.857,11.861
1764612180,11.861,11.866,11.857,11.865
1764612240,11.865,11.871,11.852,11.855
1764612300,11.855,11.862,11.829,11.829
1764612360,11.829,11.861,11.826,11.852
1764612420,11.852,11.874,11.852,11.874
1764612480,11.874,11.879,11.849,11.849
1764612540,11.849,11.852,11.843,11.843
1764612600,11.843,11.873,11.843,11.863
1764612660,11.863,11.883,11.863,11.881
1764612720,11.881,11.937,11.881,11.935
1764612780,11.935,11.937,11.918,11.934
1764612840,11.934,11.948,11.922,11.934
1764612900,11.934,11.954,11.927,11.949
1764612960,11.949,11.949,11.924,11.924
1764613020,11.924,11.939,11.921,11.937
1764613080,11.937,11.937,11.921,11.935
1764613140,11.935,11.94,11.917,11.939
1764613200,11.939,11.948,11.919,11.923
1764613260,11.923,11.926,11.899,11.908
1764613320,11.908,11.931,11.908,11.919
1764613380,11.919,11.92,11.903,11.92
1764613440,11.92,11.925,11.914,11.925
1764613500,11.925,11.932,11.916,11.916
1764613560,11.916,11.921,11.914,11.914
1764613620,11.914,11.914,11.906,11.912
1764613680,11.912,11.919,11.908,11.908
1764613740,11.908,11.912,11.903,11.912
1764613800,11.912,11.92,11.902,11.903
1764613860,11.903,11.903,11.874,11.884
1764613920,11.884,11.9,11.884,11.899
1764613980,11.899,11.902,11.886,11.893
1764614040,11.893,11.899,11.887,11.887
1764614100,11.887,11.892,11.88,11.881
1764614160,11.881,11.883,11.866,11.877
1764614220,11.877,11.879,11.868,11.873
1764614280,11.873,11.873,11.866,11.873
1764614340,11.873,11.876,11.857,11.858
1764614400,11.858,11.862,11.855,11.859
1764614460,11.859,11.859,11.85,11.857
1764614520,11.857,11.859,11.825,11.831
1764614580,11.831,11.834,11.811,11.814
1764614640,11.814,11.819,11.809,11.819
1764614700,11.819,11.828,11.818,11.827
1764614760,11.827,11.834,11.82,11.831
1764614820,11.831,11.851,11.831,11.85
1764614880,11.85,11.853,11.838,11.838
1764614940,11.838,11.844,11.834,11.837
1764615000,11.837,11.86,11.837,11.857
1764615060,11.857,11.863,11.853,11.86
1764615120,11.86,11.862,11.85,11.854
1764615180,11.854,11.856,11.841,11.854
1764615240,11.854,11.873,11.85,11.873
1764615300,11.873,11.885,11.867,11.884
1764615360,11.884,11.885,11.876,11.885
1764615420,11.885,11.927,11.885,11.926
1764615480,11.926,11.931,11.903,11.904
1764615540,11.904,11.915,11.904,11.905
1764615600,11.905,11.919,11.905,11.914
1764615660,11.914,11.919,11.895,11.898
1764615720,11.898,11.902,11.891,11.898
1764615780,11.898,11.915,11.898,11.912
1764615840,11.912,11.915,11.895,11.904
1764615900,11.904,11.904,11.895,11.898
1764615960,11.898,11.903,11.889,11.901
1764616020,11.901,11.901,11.875,11.875
1764616080,11.875,11.879,11.862,11.862
1764616140,11.862,11.876,11.85,11.876
1764616200,11.876,11.892,11.876,11.884
1764616260,11.884,11.89,11.879,11.883
1764616320,11.883,11.886,11.875,11.879
1764616380,11.879,11.88,11.874,11.878
1764616440,11.878,11.878,11.867,11.877
1764616500,11.877,11.883,11.874,11.88
1764616560,11.88,11.88,11.864,11.877
1764616620,11.877,11.881,11.871,11.875
1764616680,11.875,11.885,11.863,11.863
1764616740,11.863,11.865,11.853,11.853
1764616800,11.853,11.855,11.851,11.854
1764616860,11.854,11.854,11.837,11.841
1764616920,11.841,11.844,11.83,11.832
1764616980,11.832,11.843,11.828,11.843
1764617040,11.843,11.847,11.841,11.847
1764617100,11.847,11.847,11.806,11.807
1764617160,11.807,11.809,11.796,11.796
1764617220,11.796,11.816,11.796,11.816
1764617280,11.816,11.82,11.81,11.814
1764617340,11.814,11.814,11.808,11.814
1764617400,11.814,11.815,11.807,11.811
1764617460,11.811,11.825,11.811,11.815
1764617520,11.815,11.815,11.809,11.809
1764617580,11.809,11.809,11.789,11.797
1764617640,11.797,11.805,11.794,11.803
1764617700,11.803,11.823,11.798,11.822
1764617760,11.822,11.852,11.822,11.852
1764617820,11.852,11.859,11.846,11.846
1764617880,11.846,11.846,11.826,11.826
1764617940,11.826,11.834,11.817,11.834
1764618000,11.834,11.84,11.829,11.829
1764618060,11.829,11.837,11.827,11.827
1764618120,11.827,11.829,11.813,11.813
1764618180,11.813,11.815,11.803,11.811
1764618240,11.811,11.811,11.8,11.801
1764618300,11.801,11.804,11.799,11.803
1764618360,11.803,11.803,11.784,11.803
1764618420,11.803,11.816,11.796,11.81
1764618480,11.81,11.812,11.807,11.807
1764618540,11.807,11.821,11.805,11.819
1764618600,11.819,11.828,11.819,11.826
1764618660,11.826,11.833,11.817,11.817
1764618720,11.817,11.823,11.813,11.813
1764618780,11.813,11.828,11.812,11.828
1764618840,11.828,11.842,11.827,11.84
1764618900,11.84,11.846,11.826,11.832
1764618960,11.832,11.837,11.832,11.832
1764619020,11.832,11.838,11.828,11.828
1764619080,11.828,11.842,11.828,11.842
1764619140,11.842,11.846,11.827,11.833
1764619200,11.833,11.863,11.83,11.862
1764619260,11.862,11.881,11.858,11.881
1764619320,11.881,11.887,11.873,11.882
1764619380,11.882,11.893,11.882,11.887
1764619440,11.887,11.896,11.882,11.894
1764619500,11.894,11.956,11.893,11.944
1764619560,11.944,11.956,11.926,11.928
1764619620,11.928,11.947,11.923,11.936
1764619680,11.936,11.966,11.936,11.966
1764619740,11.966,11.971,11.945,11.953
1764619800,11.953,11.983,11.95,11.982
1764619860,11.982,11.982,11.957,11.958
1764619920,11.958,11.966,11.94,11.944
1764619980,11.944,11.944,11.926,11.931
1764620040,11.931,11.933,11.923,11.929
1764620100,11.929,11.929,11.908,11.915
1764620160,11.915,11.916,11.904,11.914
1764620220,11.914,11.922,11.911,11.922
1764620280,11.922,11.927,11.917,11.925
1764620340,11.925,11.938,11.916,11.938
1764620400,11.938,11.938,11.911,11.918
1764620460,11.918,11.931,11.91,11.931
1764620520,11.931,11.931,11.924,11.924
1764620580,11.924,11.924,11.918,11.921
1764620640,11.921,11.928,11.908,11.911
1764620700,11.911,11.911,11.888,11.894
1764620760,11.894,11.898,11.883,11.888
1764620820,11.888,11.889,11.876,11.883
1764620880,11.883,11.894,11.881,11.89
1764620940,11.89,11.89,11.878,11.883
1764621000,11.883,11.904,11.878,11.903
1764621060,11.903,11.904,11.894,11.894
1764621120,11.894,11.904,11.884,11.895
1764621180,11.895,11.899,11.879,11.884
1764621240,11.884,11.885,11.87,11.881
1764621300,11.881,11.891,11.88,11.881
1764621360,11.881,11.89,11.874,11.886
1764621420,11.886,11.9,11.881,11.897
1764621480,11.897,11.914,11.895,11.901
1764621540,11.901,11.904,11.891,11.903
1764621600,11.903,11.909,11.894,11.908
1764621660,11.908,11.91,11.901,11.91
1764621720,11.91,11.91,11.894,11.894
1764621780,11.894,11.915,11.894,11.913
1764621840,11.913,11.93,11.913,11.93
1764621900,11.93,11.932,11.914,11.929
1764621960,11.929,11.932,11.915,11.916
1764622020,11.916,11.927,11.916,11.923
1764622080,11.923,11.935,11.923,11.93
1764622140,11.93,11.935,11.921,11.922
1764622200,11.922,11.932,11.922,11.931
1764622260,11.931,11.936,11.911,11.919
1764622320,11.919,11.92,11.907,11.915
1764622380,11.915,11.919,11.907,11.917
1764622440,11.917,11.927,11.917,11.921
1764622500,11.921,11.923,11.909,11.919
1764622560,11.919,11.927,11.916,11.92
1764622620,11.92,11.938,11.92,11.938
1764622680,11.938,11.938,11.927,11.929
1764622740,11.929,11.929,11.903,11.915
1764622800,11.915,11.942,11.913,11.942
1764622860,11.942,11.965,11.942,11.954
1764622920,11.954,11.957,11.916,11.916
1764622980,11.916,11.934,11.915,11.93
1764623040,11.93,11.937,11.927,11.937
1764623100,11.937,11.945,11.927,11.942
1764623160,11.942,11.961,11.925,11.961
1764623220,11.961,11.969,11.957,11.969
1764623280,11.969,11.996,11.969,11.974
1764623340,11.974,11.985,11.974,11.981
1764623400,11.981,11.987,11.963,11.969
1764623460,11.969,11.974,11.958,11.959
1764623520,11.959,11.959,11.937,11.937
1764623580,11.937,11.939,11.932,11.934
1764623640,11.934,11.941,11.934,11.938
1764623700,11.938,11.938,11.923,11.931
1764623760,11.931,11.956,11.931,11.956
1764623820,11.956,11.97,11.956,11.969
1764623880,11.969,11.977,11.964,11.975
1764623940,11.975,11.977,11.951,11.952
1764624000,11.952,12,11.952,11.996
1764624060,11.996,12.031,11.994,12.029
1764624120,12.029,12.032,12.014,12.014
1764624180,12.014,12.021,11.999,12.002
1764624240,12.002,12.022,12.002,12.019
1764624300,12.019,12.032,12.019,12.03
1764624360,12.03,12.037,12.018,12.03
1764624420,12.03,12.049,12.03,12.04
1764624480,12.04,12.046,12.018,12.018
1764624540,12.018,12.018,12.007,12.009
1764624600,12.009,12.012,12.003,12.011
1764624660,12.011,12.025,12.007,12.019
1764624720,12.019,12.031,12.01,12.031
1764624780,12.031,12.039,12.031,12.038
1764624840,12.038,12.052,12.037,12.047
1764624900,12.047,12.053,12.036,12.052
1764624960,12.052,12.067,12.05,12.062
1764625020,12.062,12.062,12.026,12.029
1764625080,12.029,12.036,12.026,12.032
1764625140,12.032,12.051,12.03,12.05
1764625200,12.05,12.066,12.043,12.066
1764625260,12.066,12.068,12.046,12.057
1764625320,12.057,12.07,12.057,12.063
1764625380,12.063,12.064,12.046,12.048
1764625440,12.048,12.062,12.043,12.059
1764625500,12.059,12.06,12.045,12.052
1764625560,12.052,12.052,12.021,12.021
1764625620,12.021,12.031,12.015,12.016
1764625680,12.016,12.016,11.999,11.999
1764625740,11.999,12.015,11.999,12.014
1764625800,12.014,12.014,12.002,12.009
1764625860,12.009,12.012,12.003,12.011
1764625920,12.011,12.029,12.011,12.018
1764625980,12.018,12.019,12.011,12.012
1764626040,12.012,12.018,12.012,12.012
1764626100,12.012,12.018,12.012,12.013
1764626160,12.013,12.019,12.012,12.019
1764626220,12.019,12.037,12.019,12.029
1764626280,12.029,12.029,12.018,12.018
1764626340,12.018,12.023,12.018,12.023
1764626400,12.023,12.047,12.023,12.046
1764626460,12.046,12.068,12.038,12.06
1764626520,12.06,12.062,12.053,12.062
1764626580,12.062,12.069,12.054,12.069
1764626640,12.069,12.088,12.067,12.085
1764626700,12.085,12.092,12.075,12.087
1764626760,12.087,12.092,12.076,12.085
1764626820,12.085,12.097,12.085,12.097
1764626880,12.097,12.103,12.091,12.102
1764626940,12.102,12.112,12.097,12.1
1764627000,12.1,12.104,12.079,12.079
1764627060,12.079,12.08,12.064,12.068
1764627120,12.068,12.072,12.062,12.069
1764627180,12.069,12.073,12.035,12.041
1764627240,12.041,12.041,12.028,12.033
1764627300,12.033,12.064,12.033,12.06
1764627360,12.06,12.06,12.026,12.035
1764627420,12.035,12.055,12.035,12.054
1764627480,12.054,12.054,12.036,12.036
1764627540,12.036,12.039,12.029,12.038
1764627600,12.038,12.053,12.038,12.053
1764627660,12.053,12.055,12.049,12.055
1764627720,12.055,12.057,12.052,12.053
1764627780,12.053,12.055,12.045,12.05
1764627840,12.05,12.062,12.05,12.053
1764627900,12.053,12.054,12.037,12.042
1764627960,12.042,12.042,12.033,12.034
1764628020,12.034,12.05,12.034,12.05
1764628080,12.05,12.05,12.036,12.044
1764628140,12.044,12.048,12.044,12.047
1764628200,12.047,12.056,12.036,12.048
1764628260,12.048,12.065,12.048,12.06
1764628320,12.06,12.064,12.054,12.057
1764628380,12.057,12.057,12.037,12.04
1764628440,12.04,12.043,12.018,12.019
1764628500,12.019,12.038,12.013,12.035
1764628560,12.035,12.045,12.035,12.045
1764628620,12.045,12.066,12.045,12.066
1764628680,12.066,12.066,12.057,12.057
1764628740,12.057,12.078,12.057,12.073
1764628800,12.073,12.073,12.05,12.057
1764628860,12.057,12.083,12.056,12.083
1764628920,12.083,12.083,12.075,12.075
1764628980,12.075,12.089,12.074,12.087
1764629040,12.087,12.1,12.084,12.085
1764629100,12.085,12.109,12.085,12.109
1764629160,12.109,12.117,12.108,12.117
1764629220,12.117,12.119,12.115,12.116
1764629280,12.116,12.116,12.107,12.107
1764629340,12.107,12.108,12.106,12.108
1764629400,12.108,12.12,12.108,12.116
1764629460,12.116,12.116,12.112,12.112
1764629520,12.112,12.112,12.111,12.111
1764629580,12.111,12.111,12.109,12.11
1764629640,12.11,12.11,12.103,12.108
1764629700,12.108,12.113,12.107,12.11
1764629760,12.11,12.11,12.093,12.094
1764629820,12.094,12.094,12.088,12.088
1764629880,12.088,12.089,12.075,12.077
1764629940,12.077,12.079,12.063,12.064
1764630000,12.064,12.078,12.064,12.078
1764630060,12.078,12.1,12.078,12.1
1764630120,12.1,12.119,12.1,12.119
1764630180,12.119,12.125,12.105,12.119
1764630240,12.119,12.12,12.113,12.119
1764630300,12.119,12.136,12.115,12.115
1764630360,12.115,12.119,12.107,12.118
1764630420,12.118,12.128,12.108,12.108
1764630480,12.108,12.12,12.103,12.103
1764630540,12.103,12.103,12.093,12.1
1764630600,12.1,12.101,12.091,12.101
1764630660,12.101,12.107,12.096,12.096
1764630720,12.096,12.099,12.078,12.085
1764630780,12.085,12.091,12.075,12.078
1764630840,12.078,12.08,12.066,12.071
1764630900,12.071,12.088,12.071,12.088
1764630960,12.088,12.105,12.087,12.096
1764631020,12.096,12.118,12.094,12.118
1764631080,12.118,12.125,12.117,12.121
1764631140,12.121,12.13,12.12,12.124
1764631200,12.124,12.132,12.122,12.127
1764631260,12.127,12.136,12.127,12.136
1764631320,12.136,12.144,12.129,12.129
1764631380,12.129,12.135,12.124,12.124
1764631440,12.124,12.131,12.088,12.124
1764631500,12.124,12.13,12.124,12.13
1764631560,12.13,12.133,12.126,12.129
1764631620,12.129,12.133,12.125,12.13
1764631680,12.13,12.133,12.129,12.132
1764631740,12.132,12.143,12.132,12.143
1764631800,12.143,12.157,12.143,12.156
1764631860,12.156,12.157,12.142,12.143
1764631920,12.143,12.144,12.136,12.143
1764631980,12.143,12.143,12.133,12.137
1764632040,12.137,12.137,12.109,12.118
1764632100,12.118,12.129,12.118,12.127
1764632160,12.127,12.132,12.117,12.117
1764632220,12.117,12.13,12.117,12.13
1764632280,12.13,12.13,12.119,12.13
1764632340,12.13,12.138,12.128,12.137
1764632400,12.137,12.137,12.117,12.12
1764632460,12.12,12.122,12.114,12.114
1764632520,12.114,12.114,12.103,12.103
1764632580,12.103,12.108,12.103,12.104
1764632640,12.104,12.108,12.103,12.108
1764632700,12.108,12.108,12.101,12.103
1764632760,12.103,12.109,12.102,12.102
1764632820,12.102,12.102,12.086,12.086
1764632880,12.086,12.102,12.086,12.094
1764632940,12.094,12.095,12.09,12.094
1764633000,12.094,12.094,12.083,12.088
1764633060,12.088,12.088,12.078,12.086
1764633120,12.086,12.092,12.085,12.089
1764633180,12.089,12.091,12.076,12.076
1764633240,12.076,12.077,12.07,12.07
1764633300,12.07,12.08,12.07,12.072
1764633360,12.072,12.075,12.07,12.075
1764633420,12.075,12.076,12.066,12.075
1764633480,12.075,12.076,12.074,12.075
1764633540,12.075,12.075,12.067,12.067
1769817600,10.784,10.788,10.783,10.783
1769817660,10.783,10.788,10.781,10.781
1769817720,10.781,10.786,10.772,10.772
1769817780,10.772,10.775,10.771,10.772
1769817840,10.772,10.772,10.767,10.771
1769817900,10.771,10.782,10.771,10.782
1769817960,10.782,10.782,10.777,10.777
1769818020,10.777,10.788,10.777,10.782
1769818080,10.782,10.782,10.778,10.782
1769818140,10.782,10.782,10.778,10.778
1769818200,10.778,10.779,10.772,10.778
1769818260,10.778,10.778,10.762,10.763
1769818320,10.763,10.766,10.763,10.766
1769818380,10.766,10.775,10.761,10.775
1769818440,10.775,10.775,10.772,10.775
1769818500,10.775,10.775,10.767,10.769
1769818560,10.769,10.774,10.768,10.774
1769818620,10.774,10.777,10.77,10.775
1769818680,10.775,10.779,10.772,10.778
1769818740,10.778,10.78,10.777,10.78
1769818800,10.78,10.785,10.763,10.77
1769818860,10.77,10.773,10.766,10.77
1769818920,10.77,10.771,10.763,10.771
1769818980,10.771,10.778,10.771,10.777
1769819040,10.777,10.777,10.773,10.775
1769819100,10.775,10.785,10.775,10.784
1769819160,10.784,10.784,10.781,10.784
1769819220,10.784,10.784,10.775,10.78
1769819280,10.78,10.78,10.778,10.78
1769819340,10.78,10.78,10.779,10.779
1769819400,10.779,10.779,10.772,10.779
1769819460,10.779,10.779,10.777,10.777
1769819520,10.777,10.777,10.771,10.771
1769819580,10.771,10.771,10.764,10.767
1769819640,10.767,10.772,10.766,10.772
1769819700,10.772,10.777,10.772,10.772
1769819760,10.772,10.772,10.768,10.77
1769819820,10.77,10.779,10.77,10.779
1769819880,10.779,10.78,10.778,10.78
1769819940,10.78,10.787,10.777,10.787
1769820000,10.787,10.793,10.787,10.793
1769820060,10.793,10.793,10.784,10.786
1769820120,10.786,10.786,10.775,10.778
1769820180,10.778,10.785,10.778,10.785
1769820240,10.785,10.785,10.779,10.784
1769820300,10.784,10.784,10.78,10.78
1769820360,10.78,10.78,10.771,10.771
1769820420,10.771,10.771,10.752,10.762
1769820480,10.762,10.765,10.762,10.765
1769820540,10.765,10.779,10.765,10.779
1769820600,10.779,10.779,10.775,10.775
1769820660,10.775,10.775,10.764,10.765
1769820720,10.765,10.765,10.756,10.757
1769820780,10.757,10.77,10.757,10.767
1769820840,10.767,10.767,10.76,10.764
1769820900,10.764,10.764,10.756,10.758
1769820960,10.758,10.765,10.758,10.761
1769821020,10.761,10.768,10.76,10.764
1769821080,10.764,10.768,10.759,10.759
1769821140,10.759,10.763,10.759,10.762
1769821200,10.762,10.763,10.761,10.763
1769821260,10.763,10.763,10.759,10.76
1769821320,10.76,10.772,10.76,10.77
1769821380,10.77,10.77,10.765,10.766
1769821440,10.766,10.78,10.766,10.777
1769821500,10.777,10.798,10.777,10.795
1769821560,10.795,10.795,10.793,10.794
1769821620,10.794,10.794,10.79,10.793
1769821680,10.793,10.806,10.793,10.804
1769821740,10.804,10.809,10.804,10.804
1769821800,10.804,10.804,10.795,10.796
1769821860,10.796,10.805,10.796,10.805
1769821920,10.805,10.805,10.798,10.799
1769821980,10.799,10.803,10.798,10.803
1769822040,10.803,10.804,10.801,10.802
1769822100,10.802,10.811,10.802,10.808
1769822160,10.808,10.808,10.799,10.799
1769822220,10.799,10.799,10.792,10.792
1769822280,10.792,10.792,10.789,10.789
1769822340,10.789,10.794,10.789,10.793
1769822400,10.793,10.808,10.793,10.808
1769822460,10.808,10.808,10.797,10.798
1769822520,10.798,10.803,10.795,10.795
1769822580,10.795,10.797,10.792,10.795
1769822640,10.795,10.795,10.788,10.79
1769822700,10.79,10.795,10.789,10.792
1769822760,10.792,10.797,10.788,10.793
1769822820,10.793,10.798,10.793,10.798
1769822880,10.798,10.798,10.791,10.793
1769822940,10.793,10.793,10.783,10.785
1769823000,10.785,10.787,10.767,10.769
1769823060,10.769,10.777,10.769,10.77
1769823120,10.77,10.776,10.77,10.773
1769823180,10.773,10.779,10.762,10.762
1769823240,10.762,10.772,10.761,10.772
1769823300,10.772,10.772,10.767,10.768
1769823360,10.768,10.77,10.76,10.76
1769823420,10.76,10.764,10.756,10.758
1769823480,10.758,10.761,10.755,10.761
1769823540,10.761,10.769,10.761,10.769
1769823600,10.769,10.772,10.764,10.77
1769823660,10.77,10.774,10.77,10.771
1769823720,10.771,10.782,10.771,10.782
1769823780,10.782,10.789,10.78,10.789
1769823840,10.789,10.789,10.786,10.787
1769823900,10.787,10.788,10.786,10.788
1769823960,10.788,10.788,10.775,10.777
1769824020,10.777,10.779,10.777,10.779
1769824080,10.779,10.779,10.776,10.779
1769824140,10.779,10.781,10.774,10.78
1769824200,10.78,10.788,10.78,10.788
1769824260,10.788,10.792,10.787,10.79
1769824320,10.79,10.793,10.79,10.791
1769824380,10.791,10.791,10.787,10.788
1769824440,10.788,10.792,10.788,10.791
1769824500,10.791,10.791,10.788,10.788
1769824560,10.788,10.797,10.787,10.797
1769824620,10.797,10.798,10.792,10.792
1769824680,10.792,10.793,10.791,10.793
1769824740,10.793,10.795,10.791,10.795
1769824800,10.795,10.796,10.789,10.789
1769824860,10.789,10.789,10.784,10.786
1769824920,10.786,10.791,10.785,10.786
1769824980,10.786,10.789,10.782,10.789
1769825040,10.789,10.79,10.782,10.783
1769825100,10.783,10.788,10.777,10.788
1769825160,10.788,10.79,10.781,10.781
1769825220,10.781,10.781,10.76,10.768
1769825280,10.768,10.772,10.765,10.772
1769825340,10.772,10.773,10.764,10.764
1769825400,10.764,10.766,10.761,10.762
1769825460,10.762,10.769,10.761,10.766
1769825520,10.766,10.766,10.761,10.764
1769825580,10.764,10.775,10.764,10.775
1769825640,10.775,10.776,10.773,10.773
1769825700,10.773,10.773,10.768,10.769
1769825760,10.769,10.769,10.758,10.762
1769825820,10.762,10.762,10.733,10.735
1769825880,10.735,10.762,10.735,10.762
1769825940,10.762,10.764,10.757,10.758
1769826000,10.758,10.763,10.758,10.762
1769826060,10.762,10.763,10.758,10.762
1769826120,10.762,10.762,10.753,10.753
1769826180,10.753,10.755,10.749,10.749
1769826240,10.749,10.749,10.74,10.74
1769826300,10.74,10.74,10.731,10.737
1769826360,10.737,10.754,10.737,10.749
1769826420,10.749,10.749,10.738,10.743
1769826480,10.743,10.751,10.742,10.751
1769826540,10.751,10.751,10.743,10.748
1769826600,10.748,10.75,10.744,10.747
1769826660,10.747,10.747,10.745,10.747
1769826720,10.747,10.749,10.746,10.747
1769826780,10.747,10.76,10.747,10.76
1769826840,10.76,10.775,10.758,10.771
1769826900,10.771,10.792,10.771,10.79
1769826960,10.79,10.79,10.787,10.787
1769827020,10.787,10.788,10.782,10.785
1769827080,10.785,10.79,10.784,10.79
1769827140,10.79,10.798,10.79,10.798
1769827200,10.798,10.827,10.798,10.824
1769827260,10.824,10.827,10.813,10.817
1769827320,10.817,10.817,10.806,10.807
1769827380,10.807,10.812,10.805,10.811
1769827440,10.811,10.811,10.799,10.802
1769827500,10.802,10.802,10.798,10.8
1769827560,10.8,10.804,10.8,10.803
1769827620,10.803,10.808,10.799,10.799
1769827680,10.799,10.799,10.789,10.789
1769827740,10.789,10.791,10.789,10.79
1769827800,10.79,10.794,10.79,10.791
1769827860,10.791,10.791,10.785,10.788
1769827920,10.788,10.795,10.788,10.795
1769827980,10.795,10.798,10.795,10.795
1769828040,10.795,10.799,10.794,10.799
1769828100,10.799,10.8,10.799,10.799
1769828160,10.799,10.802,10.795,10.795
1769828220,10.795,10.796,10.79,10.791
1769828280,10.791,10.791,10.786,10.787
1769828340,10.787,10.788,10.787,10.788
1769828400,10.788,10.794,10.788,10.794
1769828460,10.794,10.804,10.794,10.804
1769828520,10.804,10.805,10.799,10.799
1769828580,10.799,10.799,10.798,10.799
1769828640,10.799,10.799,10.796,10.797
1769828700,10.797,10.808,10.797,10.802
1769828760,10.802,10.802,10.797,10.798
1769828820,10.798,10.798,10.794,10.795
1769828880,10.795,10.799,10.794,10.794
1769828940,10.794,10.795,10.792,10.793
1769829000,10.793,10.793,10.789,10.791
1769829060,10.791,10.791,10.774,10.782
1769829120,10.782,10.791,10.782,10.79
1769829180,10.79,10.803,10.788,10.803
1769829240,10.803,10.804,10.799,10.799
1769829300,10.799,10.801,10.794,10.794
1769829360,10.794,10.799,10.793,10.799
1769829420,10.799,10.8,10.794,10.794
1769829480,10.794,10.794,10.792,10.793
1769829540,10.793,10.8,10.793,10.8
1769829600,10.8,10.8,10.792,10.796
1769829660,10.796,10.796,10.79,10.79
1769829720,10.79,10.794,10.79,10.794
1769829780,10.794,10.796,10.794,10.794
1769829840,10.794,10.799,10.794,10.797
1769829900,10.797,10.797,10.795,10.795
1769829960,10.795,10.795,10.791,10.792
1769830020,10.792,10.792,10.78,10.78
1769830080,10.78,10.781,10.778,10.78
1769830140,10.78,10.785,10.78,10.784
1769830200,10.784,10.786,10.782,10.784
1769830260,10.784,10.785,10.784,10.784
1769830320,10.784,10.785,10.781,10.782
1769830380,10.782,10.784,10.781,10.781
1769830440,10.781,10.782,10.781,10.782
1769830500,10.782,10.785,10.781,10.785
1769830560,10.785,10.786,10.779,10.78
1769830620,10.78,10.78,10.772,10.772
1769830680,10.772,10.772,10.76,10.761
1769830740,10.761,10.767,10.761,10.765
1769830800,10.765,10.769,10.763,10.769
1769830860,10.769,10.769,10.76,10.76
1769830920,10.76,10.76,10.752,10.756
1769830980,10.756,10.756,10.748,10.748
1769831040,10.748,10.749,10.746,10.748
1769831100,10.748,10.748,10.744,10.745
1769831160,10.745,10.745,10.737,10.737
1769831220,10.737,10.739,10.732,10.736
1769831280,10.736,10.736,10.725,10.727
1769831340,10.727,10.73,10.727,10.729
1769831400,10.729,10.73,10.728,10.73
1769831460,10.73,10.73,10.725,10.725
1769831520,10.725,10.727,10.722,10.727
1769831580,10.727,10.727,10.723,10.726
1769831640,10.726,10.726,10.723,10.724
1769831700,10.724,10.731,10.723,10.731
1769831760,10.731,10.736,10.728,10.736
1769831820,10.736,10.737,10.736,10.737
1769831880,10.737,10.737,10.735,10.735
1769831940,10.735,10.736,10.735,10.736
1769832000,10.736,10.742,10.733,10.739
1769832060,10.739,10.751,10.739,10.751
1769832120,10.751,10.757,10.751,10.756
1769832180,10.756,10.767,10.755,10.767
1769832240,10.767,10.775,10.767,10.774
1769832300,10.774,10.774,10.766,10.766
1769832360,10.766,10.77,10.766,10.768
1769832420,10.768,10.768,10.761,10.761
1769832480,10.761,10.77,10.761,10.767
1769832540,10.767,10.772,10.767,10.771
1769832600,10.771,10.774,10.768,10.768
1769832660,10.768,10.768,10.764,10.765
1769832720,10.765,10.766,10.762,10.765
1769832780,10.765,10.771,10.763,10.771
1769832840,10.771,10.775,10.771,10.775
1769832900,10.775,10.775,10.769,10.77
1769832960,10.77,10.773,10.77,10.771
1769833020,10.771,10.775,10.771,10.775
1769833080,10.775,10.775,10.771,10.772
1769833140,10.772,10.772,10.757,10.757
1769833200,10.757,10.76,10.754,10.757
1769833260,10.757,10.77,10.757,10.768
1769833320,10.768,10.772,10.765,10.772
1769833380,10.772,10.772,10.77,10.772
1769833440,10.772,10.777,10.772,10.777
1769833500,10.777,10.778,10.773,10.774
1769833560,10.774,10.775,10.769,10.769
1769833620,10.769,10.769,10.766,10.769
1769833680,10.769,10.772,10.769,10.772
1769833740,10.772,10.773,10.772,10.772
1769833800,10.772,10.772,10.766,10.766
1769833860,10.766,10.767,10.764,10.767
1769833920,10.767,10.769,10.767,10.768
1769833980,10.768,10.768,10.758,10.758
1769834040,10.758,10.766,10.757,10.766
1769834100,10.766,10.768,10.766,10.766
1769834160,10.766,10.767,10.76,10.761
1769834220,10.761,10.763,10.761,10.763
1769834280,10.763,10.763,10.759,10.761
1769834340,10.761,10.761,10.758,10.758
1769834400,10.758,10.758,10.754,10.754
1769834460,10.754,10.757,10.749,10.75
1769834520,10.75,10.753,10.75,10.753
1769834580,10.753,10.759,10.753,10.759
1769834640,10.759,10.759,10.741,10.741
1769834700,10.741,10.741,10.735,10.735
1769834760,10.735,10.744,10.735,10.744
1769834820,10.744,10.745,10.743,10.744
1769834880,10.744,10.744,10.74,10.74
1769834940,10.74,10.742,10.738,10.738
1769835000,10.738,10.738,10.734,10.734
1769835060,10.734,10.737,10.734,10.734
1769835120,10.734,10.734,10.725,10.725
1769835180,10.725,10.725,10.714,10.723
1769835240,10.723,10.723,10.72,10.72
1769835300,10.72,10.729,10.72,10.729
1769835360,10.729,10.732,10.724,10.725
1769835420,10.725,10.728,10.725,10.727
1769835480,10.727,10.728,10.726,10.727
1769835540,10.727,10.727,10.726,10.727
1769835600,10.727,10.728,10.725,10.726
1769835660,10.726,10.728,10.7,10.701
1769835720,10.701,10.708,10.694,10.694
1769835780,10.694,10.711,10.692,10.71
1769835840,10.71,10.71,10.707,10.707
1769835900,10.707,10.707,10.698,10.699
1769835960,10.699,10.699,10.696,10.698
1769836020,10.698,10.699,10.696,10.696
1769836080,10.696,10.7,10.693,10.7
1769836140,10.7,10.7,10.698,10.699
1769836200,10.699,10.702,10.699,10.702
1769836260,10.702,10.703,10.702,10.703
1769836320,10.703,10.713,10.703,10.713
1769836380,10.713,10.718,10.713,10.717
1769836440,10.717,10.722,10.717,10.722
1769836500,10.722,10.723,10.72,10.72
1769836560,10.72,10.72,10.717,10.718
1769836620,10.718,10.719,10.715,10.717
1769836680,10.717,10.723,10.717,10.723
1769836740,10.723,10.724,10.723,10.724
1769836800,10.724,10.724,10.717,10.717
1769836860,10.717,10.718,10.715,10.715
1769836920,10.715,10.731,10.715,10.724
1769836980,10.724,10.726,10.708,10.715
1769837040,10.715,10.741,10.715,10.736
1769837100,10.736,10.736,10.73,10.731
1769837160,10.731,10.732,10.727,10.732
1769837220,10.732,10.74,10.732,10.74
1769837280,10.74,10.743,10.731,10.731
1769837340,10.731,10.731,10.726,10.731
1769837400,10.731,10.734,10.731,10.734
1769837460,10.734,10.737,10.734,10.735
1769837520,10.735,10.736,10.729,10.729
1769837580,10.729,10.731,10.728,10.729
1769837640,10.729,10.734,10.729,10.734
1769837700,10.734,10.734,10.725,10.725
1769837760,10.725,10.729,10.725,10.727
1769837820,10.727,10.727,10.723,10.726
1769837880,10.726,10.74,10.726,10.74
1769837940,10.74,10.743,10.738,10.738
1769838000,10.738,10.738,10.733,10.733
1769838060,10.733,10.737,10.733,10.736
1769838120,10.736,10.736,10.732,10.736
1769838180,10.736,10.736,10.73,10.73
1769838240,10.73,10.73,10.73,10.73
1769838300,10.73,10.73,10.723,10.723
1769838360,10.723,10.73,10.723,10.73
1769838420,10.73,10.741,10.73,10.741
1769838480,10.741,10.743,10.736,10.739
1769838540,10.739,10.749,10.738,10.748
1769838600,10.748,10.756,10.748,10.749
1769838660,10.749,10.749,10.746,10.746
1769838720,10.746,10.747,10.745,10.745
1769838780,10.745,10.746,10.744,10.744
1769838840,10.744,10.744,10.742,10.743
1769838900,10.743,10.745,10.743,10.744
1769838960,10.744,10.744,10.743,10.743
1769839020,10.743,10.743,10.737,10.737
1769839080,10.737,10.745,10.736,10.745
1769839140,10.745,10.746,10.745,10.745
1769839200,10.745,10.748,10.745,10.747
1769839260,10.747,10.747,10.744,10.746
1769839320,10.746,10.75,10.746,10.746
1769839380,10.746,10.747,10.74,10.74
1769839440,10.74,10.74,10.725,10.725
1769839500,10.725,10.725,10.711,10.714
1769839560,10.714,10.728,10.714,10.728
1769839620,10.728,10.728,10.727,10.727
1769839680,10.727,10.734,10.726,10.734
1769839740,10.734,10.734,10.734,10.734
1769839800,10.734,10.734,10.726,10.726
1769839860,10.726,10.73,10.726,10.73
1769839920,10.73,10.73,10.724,10.724
1769839980,10.724,10.724,10.719,10.722
1769840040,10.722,10.725,10.722,10.723
1769840100,10.723,10.723,10.716,10.719
1769840160,10.719,10.725,10.718,10.718
1769840220,10.718,10.718,10.717,10.718
1769840280,10.718,10.721,10.718,10.72
1769840340,10.72,10.72,10.718,10.718
1769840400,10.718,10.721,10.717,10.717
1769840460,10.717,10.717,10.708,10.713
1769840520,10.713,10.715,10.71,10.71
1769840580,10.71,10.712,10.708,10.712
1769840640,10.712,10.712,10.709,10.709
1769840700,10.709,10.709,10.669,10.67
1769840760,10.67,10.674,10.653,10.66
1769840820,10.66,10.66,10.654,10.66
1769840880,10.66,10.669,10.651,10.652
1769840940,10.652,10.652,10.637,10.645
1769841000,10.645,10.666,10.637,10.664
1769841060,10.664,10.664,10.642,10.643
1769841120,10.643,10.651,10.643,10.647
1769841180,10.647,10.652,10.644,10.65
1769841240,10.65,10.651,10.644,10.644
1769841300,10.644,10.646,10.644,10.644
1769841360,10.644,10.653,10.641,10.653
1769841420,10.653,10.655,10.652,10.652
1769841480,10.652,10.652,10.641,10.641
1769841540,10.641,10.646,10.639,10.639
1769841600,10.639,10.643,10.626,10.629
1769841660,10.629,10.638,10.629,10.637
1769841720,10.637,10.638,10.634,10.637
1769841780,10.637,10.639,10.634,10.638
1769841840,10.638,10.645,10.638,10.645
1769841900,10.645,10.653,10.645,10.653
1769841960,10.653,10.653,10.647,10.651
1769842020,10.651,10.663,10.65,10.663
1769842080,10.663,10.666,10.655,10.655
1769842140,10.655,10.655,10.647,10.647
1769842200,10.647,10.657,10.647,10.657
1769842260,10.657,10.672,10.657,10.67
1769842320,10.67,10.67,10.666,10.668
1769842380,10.668,10.673,10.668,10.67
1769842440,10.67,10.673,10.67,10.672
1769842500,10.672,10.675,10.67,10.673
1769842560,10.673,10.674,10.668,10.668
1769842620,10.668,10.671,10.666,10.666
1769842680,10.666,10.67,10.666,10.67
1769842740,10.67,10.67,10.668,10.669
1769842800,10.669,10.671,10.667,10.669
1769842860,10.669,10.669,10.665,10.667
1769842920,10.667,10.668,10.666,10.668
1769842980,10.668,10.669,10.662,10.662
1769843040,10.662,10.664,10.661,10.664
1769843100,10.664,10.672,10.664,10.672
1769843160,10.672,10.672,10.657,10.659
1769843220,10.659,10.661,10.657,10.657
1769843280,10.657,10.659,10.657,10.658
1769843340,10.658,10.659,10.647,10.651
1769843400,10.651,10.66,10.651,10.659
1769843460,10.659,10.659,10.657,10.659
1769843520,10.659,10.659,10.653,10.655
1769843580,10.655,10.66,10.655,10.66
1769843640,10.66,10.66,10.657,10.657
1769843700,10.657,10.66,10.656,10.658
1769843760,10.658,10.658,10.655,10.655
1769843820,10.655,10.658,10.652,10.652
1769843880,10.652,10.655,10.651,10.651
1769843940,10.651,10.651,10.645,10.645
1769844000,10.645,10.654,10.645,10.648
1769844060,10.648,10.65,10.645,10.645
1769844120,10.645,10.647,10.643,10.646
1769844180,10.646,10.652,10.646,10.652
1769844240,10.652,10.654,10.649,10.654
1769844300,10.654,10.665,10.654,10.661
1769844360,10.661,10.665,10.651,10.665
1769844420,10.665,10.665,10.656,10.656
1769844480,10.656,10.659,10.655,10.655
1769844540,10.655,10.655,10.651,10.651
1769844600,10.651,10.651,10.635,10.635
1769844660,10.635,10.643,10.633,10.641
1769844720,10.641,10.644,10.619,10.621
1769844780,10.621,10.621,10.593,10.617
1769844840,10.617,10.62,10.603,10.603
1769844900,10.603,10.61,10.603,10.606
1769844960,10.606,10.608,10.601,10.606
1769845020,10.606,10.606,10.585,10.589
1769845080,10.589,10.589,10.553,10.573
1769845140,10.573,10.58,10.55,10.575
1769845200,10.575,10.581,10.571,10.573
1769845260,10.573,10.577,10.572,10.574
1769845320,10.574,10.579,10.57,10.579
1769845380,10.579,10.58,10.575,10.58
1769845440,10.58,10.589,10.579,10.579
1769845500,10.579,10.594,10.579,10.592
1769845560,10.592,10.599,10.591,10.597
1769845620,10.597,10.614,10.597,10.613
1769845680,10.613,10.613,10.6,10.604
1769845740,10.604,10.606,10.596,10.596
1769845800,10.596,10.609,10.596,10.598
1769845860,10.598,10.601,10.597,10.598
1769845920,10.598,10.605,10.598,10.601
1769845980,10.601,10.605,10.597,10.602
1769846040,10.602,10.603,10.602,10.602
1769846100,10.602,10.607,10.602,10.607
1769846160,10.607,10.607,10.6,10.601
1769846220,10.601,10.614,10.601,10.614
1769846280,10.614,10.614,10.611,10.611
1769846340,10.611,10.611,10.607,10.611
1769846400,10.611,10.62,10.611,10.62
1769846460,10.62,10.622,10.619,10.621
1769846520,10.621,10.628,10.621,10.621
1769846580,10.621,10.627,10.62,10.62
1769846640,10.62,10.62,10.605,10.606
1769846700,10.606,10.612,10.606,10.61
1769846760,10.61,10.618,10.61,10.618
1769846820,10.618,10.619,10.601,10.601
1769846880,10.601,10.601,10.595,10.595
1769846940,10.595,10.598,10.588,10.59
1769847000,10.59,10.59,10.554,10.569
1769847060,10.569,10.569,10.556,10.561
1769847120,10.561,10.566,10.547,10.55
1769847180,10.55,10.563,10.548,10.548
1769847240,10.548,10.56,10.544,10.554
1769847300,10.554,10.555,10.53,10.532
1769847360,10.532,10.54,10.515,10.524
1769847420,10.524,10.526,10.458,10.514
1769847480,10.514,10.523,10.506,10.522
1769847540,10.522,10.532,10.519,10.52
1769847600,10.52,10.528,10.516,10.525
1769847660,10.525,10.531,10.524,10.527
1769847720,10.527,10.527,10.513,10.519
1769847780,10.519,10.526,10.513,10.525
1769847840,10.525,10.526,10.511,10.512
1769847900,10.512,10.523,10.511,10.517
1769847960,10.517,10.52,10.509,10.51
1769848020,10.51,10.51,10.5,10.5
1769848080,10.5,10.5,10.486,10.489
1769848140,10.489,10.493,10.485,10.485
1769848200,10.485,10.487,10.476,10.482
1769848260,10.482,10.485,10.476,10.48
1769848320,10.48,10.496,10.473,10.487
1769848380,10.487,10.487,10.452,10.462
1769848440,10.462,10.47,10.452,10.463
1769848500,10.463,10.463,10.418,10.434
1769848560,10.434,10.434,10.407,10.415
1769848620,10.415,10.459,10.388,10.448
1769848680,10.448,10.453,10.439,10.441
1769848740,10.441,10.441,10.428,10.428
1769848800,10.428,10.439,10.368,10.397
1769848860,10.397,10.432,10.386,10.418
1769848920,10.418,10.423,10.386,10.386
1769848980,10.386,10.401,10.356,10.394
1769849040,10.394,10.407,10.385,10.399
1769849100,10.399,10.415,10.382,10.401
1769849160,10.401,10.41,10.396,10.406
1769849220,10.406,10.417,10.391,10.403
1769849280,10.403,10.404,10.387,10.397
1769849340,10.397,10.411,10.393,10.393
1769849400,10.393,10.411,10.392,10.406
1769849460,10.406,10.441,10.406,10.433
1769849520,10.433,10.436,10.421,10.425
1769849580,10.425,10.447,10.425,10.447
1769849640,10.447,10.465,10.439,10.443
1769849700,10.443,10.459,10.443,10.457
1769849760,10.457,10.458,10.452,10.458
1769849820,10.458,10.472,10.454,10.463
1769849880,10.463,10.466,10.456,10.457
1769849940,10.457,10.459,10.455,10.458
1769850000,10.458,10.472,10.458,10.469
1769850060,10.469,10.47,10.456,10.463
1769850120,10.463,10.477,10.463,10.477
1769850180,10.477,10.495,10.477,10.488
1769850240,10.488,10.494,10.478,10.479
1769850300,10.479,10.515,10.478,10.511
1769850360,10.511,10.512,10.481,10.481
1769850420,10.481,10.487,10.48,10.487
1769850480,10.487,10.492,10.487,10.488
1769850540,10.488,10.497,10.488,10.496
1769850600,10.496,10.507,10.496,10.507
1769850660,10.507,10.51,10.503,10.503
1769850720,10.503,10.509,10.503,10.507
1769850780,10.507,10.515,10.507,10.515
1769850840,10.515,10.517,10.51,10.51
1769850900,10.51,10.513,10.509,10.513
1769850960,10.513,10.518,10.488,10.502
1769851020,10.502,10.518,10.501,10.513
1769851080,10.513,10.516,10.512,10.516
1769851140,10.516,10.517,10.502,10.504
1769851200,10.504,10.509,10.494,10.494
1769851260,10.494,10.498,10.482,10.488
1769851320,10.488,10.489,10.477,10.484
1769851380,10.484,10.49,10.482,10.487
1769851440,10.487,10.488,10.469,10.469
1769851500,10.469,10.471,10.463,10.466
1769851560,10.466,10.474,10.465,10.474
1769851620,10.474,10.479,10.474,10.477
1769851680,10.477,10.481,10.477,10.481
1769851740,10.481,10.492,10.481,10.49
1769851800,10.49,10.507,10.49,10.503
1769851860,10.503,10.533,10.503,10.527
1769851920,10.527,10.553,10.527,10.552
1769851980,10.552,10.561,10.55,10.558
1769852040,10.558,10.568,10.549,10.55
1769852100,10.55,10.557,10.55,10.557
1769852160,10.557,10.558,10.547,10.551
1769852220,10.551,10.551,10.535,10.538
1769852280,10.538,10.549,10.538,10.54
1769852340,10.54,10.553,10.54,10.548
1769852400,10.548,10.549,10.547,10.547
1769852460,10.547,10.549,10.546,10.549
1769852520,10.549,10.552,10.543,10.549
1769852580,10.549,10.551,10.545,10.545
1769852640,10.545,10.545,10.54,10.54
1769852700,10.54,10.54,10.536,10.537
1769852760,10.537,10.538,10.533,10.533
1769852820,10.533,10.533,10.521,10.523
1769852880,10.523,10.526,10.523,10.524
1769852940,10.524,10.524,10.515,10.518
1769853000,10.518,10.535,10.518,10.527
1769853060,10.527,10.527,10.521,10.523
1769853120,10.523,10.523,10.519,10.522
1769853180,10.522,10.528,10.522,10.526
1769853240,10.526,10.53,10.526,10.53
1769853300,10.53,10.533,10.528,10.528
1769853360,10.528,10.531,10.528,10.531
1769853420,10.531,10.532,10.527,10.531
1769853480,10.531,10.531,10.521,10.521
1769853540,10.521,10.522,10.512,10.512
1769853600,10.512,10.516,10.508,10.516
1769853660,10.516,10.519,10.505,10.505
1769853720,10.505,10.505,10.497,10.501
1769853780,10.501,10.507,10.493,10.494
1769853840,10.494,10.495,10.481,10.491
1769853900,10.491,10.499,10.491,10.497
1769853960,10.497,10.498,10.492,10.494
1769854020,10.494,10.494,10.478,10.478
1769854080,10.478,10.48,10.47,10.474
1769854140,10.474,10.475,10.466,10.469
1769854200,10.469,10.471,10.465,10.469
1769854260,10.469,10.472,10.469,10.472
1769854320,10.472,10.472,10.463,10.47
1769854380,10.47,10.472,10.47,10.472
1769854440,10.472,10.474,10.472,10.473
1769854500,10.473,10.477,10.473,10.477
1769854560,10.477,10.477,10.469,10.469
1769854620,10.469,10.48,10.466,10.48
1769854680,10.48,10.482,10.465,10.473
1769854740,10.473,10.477,10.471,10.477
1769854800,10.477,10.488,10.477,10.485
1769854860,10.485,10.493,10.485,10.493
1769854920,10.493,10.493,10.49,10.49
1769854980,10.49,10.5,10.49,10.492
1769855040,10.492,10.492,10.487,10.487
1769855100,10.487,10.507,10.487,10.506
1769855160,10.506,10.509,10.502,10.502
1769855220,10.502,10.502,10.496,10.496
1769855280,10.496,10.499,10.487,10.491
1769855340,10.491,10.502,10.486,10.501
1769855400,10.501,10.521,10.496,10.521
1769855460,10.521,10.521,10.505,10.521
1769855520,10.521,10.535,10.521,10.531
1769855580,10.531,10.532,10.519,10.519
1769855640,10.519,10.519,10.492,10.497
1769855700,10.497,10.507,10.497,10.5
1769855760,10.5,10.507,10.5,10.507
1769855820,10.507,10.508,10.502,10.508
1769855880,10.508,10.509,10.507,10.507
1769855940,10.507,10.512,10.507,10.512
1769856000,10.512,10.513,10.508,10.51
1769856060,10.51,10.517,10.51,10.517
1769856120,10.517,10.528,10.517,10.528
1769856180,10.528,10.528,10.519,10.526
1769856240,10.526,10.529,10.525,10.526
1769856300,10.526,10.532,10.526,10.527
1769856360,10.527,10.529,10.527,10.529
1769856420,10.529,10.535,10.527,10.53
1769856480,10.53,10.53,10.529,10.53
1769856540,10.53,10.532,10.53,10.53
1769856600,10.53,10.535,10.53,10.535
1769856660,10.535,10.535,10.522,10.522
1769856720,10.522,10.53,10.522,10.53
1769856780,10.53,10.533,10.53,10.531
1769856840,10.531,10.531,10.528,10.531
1769856900,10.531,10.535,10.531,10.532
1769856960,10.532,10.532,10.527,10.527
1769857020,10.527,10.531,10.526,10.531
1769857080,10.531,10.531,10.521,10.521
1769857140,10.521,10.521,10.518,10.521
1769857200,10.521,10.521,10.508,10.509
1769857260,10.509,10.512,10.497,10.497
1769857320,10.497,10.498,10.484,10.488
1769857380,10.488,10.497,10.488,10.493
1769857440,10.493,10.493,10.49,10.492
1769857500,10.492,10.494,10.49,10.492
1769857560,10.492,10.495,10.491,10.495
1769857620,10.495,10.495,10.494,10.495
1769857680,10.495,10.496,10.492,10.496
1769857740,10.496,10.496,10.492,10.495
1769857800,10.495,10.495,10.482,10.486
1769857860,10.486,10.487,10.482,10.486
1769857920,10.486,10.487,10.483,10.483
1769857980,10.483,10.484,10.474,10.477
1769858040,10.477,10.48,10.475,10.48
1769858100,10.48,10.481,10.459,10.48
1769858160,10.48,10.491,10.48,10.489
1769858220,10.489,10.49,10.482,10.482
1769858280,10.482,10.491,10.482,10.489
1769858340,10.489,10.495,10.489,10.495
1769858400,10.495,10.508,10.494,10.498
1769858460,10.498,10.498,10.491,10.496
1769858520,10.496,10.499,10.496,10.499
1769858580,10.499,10.504,10.499,10.501
1769858640,10.501,10.501,10.493,10.498
1769858700,10.498,10.499,10.496,10.499
1769858760,10.499,10.505,10.499,10.502
1769858820,10.502,10.503,10.497,10.498
1769858880,10.498,10.501,10.492,10.492
1769858940,10.492,10.494,10.492,10.494
1769859000,10.494,10.497,10.493,10.497
1769859060,10.497,10.505,10.497,10.505
1769859120,10.505,10.505,10.494,10.498
1769859180,10.498,10.498,10.492,10.492
1769859240,10.492,10.492,10.484,10.485
1769859300,10.485,10.494,10.484,10.494
1769859360,10.494,10.495,10.489,10.489
1769859420,10.489,10.489,10.485,10.486
1769859480,10.486,10.495,10.486,10.493
1769859540,10.493,10.494,10.49,10.49
1769859600,10.49,10.494,10.49,10.494
1769859660,10.494,10.497,10.493,10.495
1769859720,10.495,10.495,10.495,10.495
1769859780,10.495,10.496,10.494,10.496
1769859840,10.496,10.496,10.484,10.486
1769859900,10.486,10.49,10.485,10.485
1769859960,10.485,10.485,10.474,10.475
1769860020,10.475,10.484,10.475,10.484
1769860080,10.484,10.486,10.476,10.476
1769860140,10.476,10.492,10.475,10.489
1769860200,10.489,10.489,10.485,10.488
1769860260,10.488,10.488,10.466,10.479
1769860320,10.479,10.479,10.467,10.467
1769860380,10.467,10.487,10.467,10.484
1769860440,10.484,10.488,10.478,10.487
1769860500,10.487,10.487,10.484,10.484
1769860560,10.484,10.491,10.484,10.489
1769860620,10.489,10.49,10.486,10.489
1769860680,10.489,10.489,10.482,10.482
1769860740,10.482,10.492,10.482,10.49
1769860800,10.49,10.49,10.486,10.488
1769860860,10.488,10.492,10.488,10.488
1769860920,10.488,10.497,10.488,10.496
1769860980,10.496,10.497,10.493,10.493
1769861040,10.493,10.494,10.491,10.491
1769861100,10.491,10.492,10.487,10.492
1769861160,10.492,10.492,10.491,10.491
1769861220,10.491,10.493,10.491,10.493
1769861280,10.493,10.5,10.492,10.496
1769861340,10.496,10.503,10.496,10.498
1769861400,10.498,10.498,10.464,10.475
1769861460,10.475,10.476,10.459,10.459
1769861520,10.459,10.464,10.449,10.454
1769861580,10.454,10.455,10.429,10.435
1769861640,10.435,10.449,10.435,10.448
1769861700,10.448,10.45,10.44,10.441
1769861760,10.441,10.475,10.441,10.475
1769861820,10.475,10.475,10.462,10.466
1769861880,10.466,10.466,10.455,10.459
1769861940,10.459,10.476,10.458,10.476
1769862000,10.476,10.487,10.476,10.477
1769862060,10.477,10.477,10.457,10.458
1769862120,10.458,10.461,10.452,10.459
1769862180,10.459,10.467,10.457,10.457
1769862240,10.457,10.464,10.457,10.459
1769862300,10.459,10.459,10.454,10.456
1769862360,10.456,10.458,10.453,10.457
1769862420,10.457,10.459,10.456,10.457
1769862480,10.457,10.459,10.457,10.459
1769862540,10.459,10.468,10.459,10.467
1769862600,10.467,10.468,10.458,10.46
1769862660,10.46,10.461,10.45,10.451
1769862720,10.451,10.467,10.448,10.462
1769862780,10.462,10.465,10.451,10.452
1769862840,10.452,10.452,10.445,10.45
1769862900,10.45,10.45,10.443,10.448
1769862960,10.448,10.453,10.44,10.445
1769863020,10.445,10.448,10.43,10.448
1769863080,10.448,10.468,10.448,10.465
1769863140,10.465,10.466,10.461,10.461
1769863200,10.461,10.469,10.461,10.468
1769863260,10.468,10.471,10.465,10.471
1769863320,10.471,10.471,10.459,10.46
1769863380,10.46,10.463,10.459,10.463
1769863440,10.463,10.464,10.458,10.459
1769863500,10.459,10.465,10.459,10.462
1769863560,10.462,10.462,10.456,10.456
1769863620,10.456,10.456,10.442,10.447
1769863680,10.447,10.447,10.43,10.43
1769863740,10.43,10.44,10.429,10.435
1769863800,10.435,10.436,10.426,10.429
1769863860,10.429,10.435,10.424,10.426
1769863920,10.426,10.437,10.426,10.437
1769863980,10.437,10.447,10.437,10.447
1769864040,10.447,10.45,10.443,10.449
1769864100,10.449,10.455,10.444,10.45
1769864160,10.45,10.462,10.45,10.459
1769864220,10.459,10.46,10.439,10.44
1769864280,10.44,10.443,10.436,10.437
1769864340,10.437,10.438,10.421,10.433
1769864400,10.433,10.439,10.427,10.432
1769864460,10.432,10.437,10.431,10.431
1769864520,10.431,10.444,10.43,10.432
1769864580,10.432,10.435,10.42,10.424
1769864640,10.424,10.428,10.416,10.428
1769864700,10.428,10.431,10.428,10.43
1769864760,10.43,10.434,10.428,10.431
1769864820,10.431,10.433,10.429,10.432
1769864880,10.432,10.441,10.432,10.438
1769864940,10.438,10.438,10.433,10.434
1769865000,10.434,10.434,10.415,10.418
1769865060,10.418,10.432,10.417,10.432
1769865120,10.432,10.435,10.424,10.424
1769865180,10.424,10.425,10.396,10.41
1769865240,10.41,10.428,10.41,10.418
1769865300,10.418,10.424,10.418,10.424
1769865360,10.424,10.424,10.419,10.424
1769865420,10.424,10.425,10.419,10.421
1769865480,10.421,10.424,10.421,10.422
1769865540,10.422,10.422,10.394,10.406
1769865600,10.406,10.412,10.403,10.406
1769865660,10.406,10.409,10.406,10.409
1769865720,10.409,10.409,10.391,10.403
1769865780,10.403,10.407,10.402,10.402
1769865840,10.402,10.405,10.398,10.401
1769865900,10.401,10.413,10.4,10.407
1769865960,10.407,10.412,10.402,10.405
1769866020,10.405,10.406,10.396,10.397
1769866080,10.397,10.399,10.393,10.395
1769866140,10.395,10.399,10.395,10.398
1769866200,10.398,10.398,10.393,10.393
1769866260,10.393,10.397,10.387,10.387
1769866320,10.387,10.39,10.345,10.346
1769866380,10.346,10.358,10.325,10.339
1769866440,10.339,10.339,10.314,10.324
1769866500,10.324,10.352,10.321,10.352
1769866560,10.352,10.367,10.326,10.327
1769866620,10.327,10.339,10.326,10.335
1769866680,10.335,10.341,10.33,10.337
1769866740,10.337,10.346,10.335,10.338
1769866800,10.338,10.351,10.338,10.344
1769866860,10.344,10.35,10.34,10.347
1769866920,10.347,10.35,10.342,10.348
1769866980,10.348,10.348,10.331,10.338
1769867040,10.338,10.347,10.337,10.345
1769867100,10.345,10.347,10.334,10.337
1769867160,10.337,10.358,10.337,10.346
1769867220,10.346,10.355,10.342,10.342
1769867280,10.342,10.349,10.341,10.348
1769867340,10.348,10.353,10.341,10.353
1769867400,10.353,10.353,10.341,10.344
1769867460,10.344,10.351,10.341,10.341
1769867520,10.341,10.344,10.336,10.344
1769867580,10.344,10.357,10.344,10.356
1769867640,10.356,10.359,10.352,10.356
1769867700,10.356,10.362,10.349,10.353
1769867760,10.353,10.358,10.351,10.354
1769867820,10.354,10.354,10.348,10.349
1769867880,10.349,10.359,10.349,10.359
1769867940,10.359,10.366,10.355,10.36
1769868000,10.36,10.377,10.359,10.377
1769868060,10.377,10.379,10.363,10.364
1769868120,10.364,10.364,10.346,10.349
1769868180,10.349,10.365,10.348,10.36
1769868240,10.36,10.38,10.36,10.38
1769868300,10.38,10.391,10.374,10.375
1769868360,10.375,10.387,10.374,10.387
1769868420,10.387,10.388,10.357,10.357
1769868480,10.357,10.357,10.319,10.319
1769868540,10.319,10.323,10.313,10.316
1769868600,10.316,10.328,10.275,10.28
1769868660,10.28,10.318,10.28,10.296
1769868720,10.296,10.303,10.283,10.294
1769868780,10.294,10.296,10.284,10.295
1769868840,10.295,10.301,10.253,10.295
1769868900,10.295,10.298,10.254,10.286
1769868960,10.286,10.304,10.284,10.304
1769869020,10.304,10.305,10.271,10.277
1769869080,10.277,10.279,10.233,10.236
1769869140,10.236,10.247,10.219,10.232
1769869200,10.232,10.248,10.232,10.236
1769869260,10.236,10.258,10.23,10.238
1769869320,10.238,10.241,10.205,10.206
1769869380,10.206,10.222,10.169,10.189
1769869440,10.189,10.2,10.144,10.157
1769869500,10.157,10.194,10.144,10.164
1769869560,10.164,10.181,9.947,10.037
1769869620,10.037,10.087,9.971,10.055
1769869680,10.055,10.065,9.997,10.025
1769869740,10.025,10.056,9.982,10.032
1769869800,10.032,10.086,10,10.056
1769869860,10.056,10.057,9.972,9.972
1769869920,9.972,10.036,9.954,10.034
1769869980,10.034,10.063,10.007,10.031
1769870040,10.031,10.047,10.008,10.025
1769870100,10.025,10.046,10.009,10.024
1769870160,10.024,10.038,9.973,9.984
1769870220,9.984,9.996,9.943,9.964
1769870280,9.964,9.995,9.91,9.966
1769870340,9.966,10.008,9.945,9.985
1769870400,9.985,9.985,9.954,9.954
1769870460,9.954,9.981,9.94,9.945
1769870520,9.945,9.961,9.926,9.946
1769870580,9.946,9.956,9.935,9.939
1769870640,9.939,9.959,9.932,9.95
1769870700,9.95,9.979,9.913,9.971
1769870760,9.971,10.039,9.965,10.015
1769870820,10.015,10.023,9.993,9.996
1769870880,9.996,10.037,9.993,10.028
1769870940,10.028,10.033,9.986,9.986
1769871000,9.986,10.002,9.976,9.977
1769871060,9.977,10.003,9.975,10.002
1769871120,10.002,10.027,10.002,10.013
1769871180,10.013,10.019,10.006,10.01
1769871240,10.01,10.085,10.008,10.072
1769871300,10.072,10.094,10.061,10.079
1769871360,10.079,10.079,10.042,10.059
1769871420,10.059,10.087,10.059,10.084
1769871480,10.084,10.091,10.08,10.089
1769871540,10.089,10.089,10.076,10.08
1769871600,10.08,10.11,10.073,10.085
1769871660,10.085,10.085,10.055,10.064
1769871720,10.064,10.072,10.05,10.066
1769871780,10.066,10.069,10.05,10.063
1769871840,10.063,10.063,10.045,10.058
1769871900,10.058,10.141,10.058,10.138
1769871960,10.138,10.164,10.134,10.146
1769872020,10.146,10.161,10.137,10.161
1769872080,10.161,10.161,10.121,10.123
1769872140,10.123,10.137,10.115,10.125
1769872200,10.125,10.128,10.108,10.118
1769872260,10.118,10.118,10.109,10.112
1769872320,10.112,10.119,10.106,10.113
1769872380,10.113,10.114,10.099,10.108
1769872440,10.108,10.108,10.095,10.104
1769872500,10.104,10.106,10.096,10.101
1769872560,10.101,10.101,10.08,10.085
1769872620,10.085,10.103,10.078,10.103
1769872680,10.103,10.123,10.102,10.123
1769872740,10.123,10.129,10.112,10.113
1769872800,10.113,10.118,10.095,10.096
1769872860,10.096,10.107,10.092,10.104
1769872920,10.104,10.104,10.088,10.102
1769872980,10.102,10.102,10.086,10.087
1769873040,10.087,10.105,10.077,10.085
1769873100,10.085,10.109,10.08,10.09
1769873160,10.09,10.116,10.09,10.099
1769873220,10.099,10.104,10.092,10.1
1769873280,10.1,10.111,10.096,10.105
1769873340,10.105,10.116,10.104,10.113
1769873400,10.113,10.127,10.107,10.117
1769873460,10.117,10.123,10.103,10.103
1769873520,10.103,10.144,10.098,10.143
1769873580,10.143,10.148,10.133,10.134
1769873640,10.134,10.137,10.128,10.135
1769873700,10.135,10.135,10.114,10.114
1769873760,10.114,10.114,10.087,10.094
1769873820,10.094,10.094,10.075,10.081
1769873880,10.081,10.091,10.077,10.083
1769873940,10.083,10.09,10.074,10.088
1769874000,10.088,10.09,10.081,10.09
1769874060,10.09,10.091,10.081,10.09
1769874120,10.09,10.09,10.076,10.08
1769874180,10.08,10.083,10.069,10.077
1769874240,10.077,10.095,10.077,10.095
1769874300,10.095,10.108,10.094,10.102
1769874360,10.102,10.107,10.084,10.084
1769874420,10.084,10.1,10.084,10.087
1769874480,10.087,10.11,10.086,10.11
1769874540,10.11,10.121,10.1,10.109
1769874600,10.109,10.111,10.087,10.094
1769874660,10.094,10.094,10.078,10.088
1769874720,10.088,10.095,10.085,10.086
1769874780,10.086,10.087,10.079,10.08
1769874840,10.08,10.088,10.072,10.079
1769874900,10.079,10.085,10.079,10.085
1769874960,10.085,10.086,10.077,10.079
1769875020,10.079,10.079,10.027,10.037
1769875080,10.037,10.042,10.023,10.034
1769875140,10.034,10.054,10.034,10.04
1769875200,10.04,10.063,10.036,10.061
1769875260,10.061,10.061,10.044,10.045
1769875320,10.045,10.054,10.035,10.049
1769875380,10.049,10.068,10.04,10.055
1769875440,10.055,10.055,10.044,10.046
1769875500,10.046,10.046,10.036,10.037
1769875560,10.037,10.044,10.035,10.036
1769875620,10.036,10.036,9.986,10.018
1769875680,10.018,10.029,10.005,10.017
1769875740,10.017,10.017,9.991,9.994
1769875800,9.994,10.039,9.994,10.035
1769875860,10.035,10.042,10.026,10.029
1769875920,10.029,10.052,10.025,10.037
1769875980,10.037,10.039,10.028,10.031
1769876040,10.031,10.031,10.019,10.022
1769876100,10.022,10.025,10.016,10.017
1769876160,10.017,10.017,9.969,9.971
1769876220,9.971,10.069,9.963,10.053
1769876280,10.053,10.134,10.049,10.121
1769876340,10.121,10.121,10.09,10.09
1769876400,10.09,10.118,10.061,10.118
1769876460,10.118,10.173,10.102,10.122
1769876520,10.122,10.139,10.108,10.136
1769876580,10.136,10.159,10.132,10.141
1769876640,10.141,10.161,10.137,10.138
1769876700,10.138,10.155,10.104,10.105
1769876760,10.105,10.114,10.094,10.103
1769876820,10.103,10.103,10.074,10.074
1769876880,10.074,10.078,10.057,10.07
1769876940,10.07,10.075,10.06,10.064
1769877000,10.064,10.077,10.062,10.072
1769877060,10.072,10.082,10.058,10.082
1769877120,10.082,10.09,10.066,10.068
1769877180,10.068,10.068,10.052,10.061
1769877240,10.061,10.061,10.047,10.049
1769877300,10.049,10.051,10.026,10.03
1769877360,10.03,10.032,10.019,10.021
1769877420,10.021,10.056,10.021,10.045
1769877480,10.045,10.053,10.031,10.041
1769877540,10.041,10.041,10.029,10.031
1769877600,10.031,10.032,10.014,10.027
1769877660,10.027,10.036,10.027,10.035
1769877720,10.035,10.039,10.032,10.039
1769877780,10.039,10.042,10.02,10.021
1769877840,10.021,10.028,10.015,10.02
1769877900,10.02,10.023,10.009,10.01
1769877960,10.01,10.01,9.994,9.994
1769878020,9.994,9.999,9.918,9.934
1769878080,9.934,10.007,9.923,9.988
1769878140,9.988,10.007,9.975,9.994
1769878200,9.994,10.008,9.994,10.005
1769878260,10.005,10.007,9.979,9.98
1769878320,9.98,10.006,9.977,9.98
1769878380,9.98,9.98,9.933,9.933
1769878440,9.933,9.957,9.931,9.943
1769878500,9.943,9.954,9.93,9.942
1769878560,9.942,9.959,9.935,9.952
1769878620,9.952,9.952,9.893,9.927
1769878680,9.927,9.958,9.921,9.939
1769878740,9.939,9.96,9.939,9.947
1769878800,9.947,9.961,9.942,9.96
1769878860,9.96,9.968,9.941,9.941
1769878920,9.941,9.953,9.941,9.952
1769878980,9.952,9.97,9.94,9.968
1769879040,9.968,9.968,9.944,9.944
1769879100,9.944,9.944,9.904,9.908
1769879160,9.908,9.943,9.901,9.932
1769879220,9.932,9.936,9.92,9.926
1769879280,9.926,9.929,9.846,9.852
1769879340,9.852,9.904,9.848,9.856
1769879400,9.856,9.867,9.744,9.796
1769879460,9.796,9.82,9.385,9.454
1769879520,9.454,9.643,9.335,9.569
1769879580,9.569,9.685,9.517,9.675
1769879640,9.675,9.719,9.584,9.593
1769879700,9.593,9.687,9.589,9.665
1769879760,9.665,9.692,9.633,9.643
1769879820,9.643,9.698,9.638,9.676
1769879880,9.676,9.706,9.671,9.7
1769879940,9.7,9.711,9.665,9.672
1769880000,9.672,9.676,9.61,9.652
1769880060,9.652,9.658,9.626,9.637
1769880120,9.637,9.66,9.62,9.633
1769880180,9.633,9.645,9.598,9.612
1769880240,9.612,9.663,9.607,9.623
1769880300,9.623,9.634,9.607,9.626
1769880360,9.626,9.637,9.602,9.615
1769880420,9.615,9.65,9.606,9.64
1769880480,9.64,9.652,9.623,9.652
1769880540,9.652,9.667,9.641,9.653
1769880600,9.653,9.702,9.638,9.651
1769880660,9.651,9.67,9.639,9.641
1769880720,9.641,9.65,9.631,9.631
1769880780,9.631,9.631,9.563,9.571
1769880840,9.571,9.607,9.55,9.551
1769880900,9.551,9.6,9.534,9.585
1769880960,9.585,9.683,9.584,9.672
1769881020,9.672,9.687,9.615,9.615
1769881080,9.615,9.633,9.601,9.606
1769881140,9.606,9.626,9.605,9.611
1769881200,9.611,9.618,9.58,9.581
1769881260,9.581,9.586,9.564,9.564
1769881320,9.564,9.576,9.556,9.557
1769881380,9.557,9.578,9.549,9.578
1769881440,9.578,9.599,9.569,9.585
1769881500,9.585,9.643,9.585,9.629
1769881560,9.629,9.629,9.575,9.576
1769881620,9.576,9.576,9.548,9.556
1769881680,9.556,9.57,9.529,9.535
1769881740,9.535,9.543,9.522,9.529
1769881800,9.529,9.562,9.522,9.55
1769881860,9.55,9.603,9.55,9.582
1769881920,9.582,9.604,9.565,9.597
1769881980,9.597,9.611,9.59,9.59
1769882040,9.59,9.593,9.568,9.577
1769882100,9.577,9.622,9.576,9.61
1769882160,9.61,9.615,9.595,9.603
1769882220,9.603,9.609,9.571,9.591
1769882280,9.591,9.599,9.577,9.581
1769882340,9.581,9.602,9.581,9.6
1769882400,9.6,9.654,9.596,9.652
1769882460,9.652,9.659,9.624,9.634
1769882520,9.634,9.65,9.621,9.635
1769882580,9.635,9.635,9.594,9.594
1769882640,9.594,9.599,9.578,9.599
1769882700,9.599,9.64,9.599,9.629
1769882760,9.629,9.629,9.612,9.622
1769882820,9.622,9.627,9.607,9.626
1769882880,9.626,9.626,9.6,9.611
1769882940,9.611,9.651,9.611,9.646
1769883000,9.646,9.669,9.638,9.642
1769883060,9.642,9.653,9.638,9.643
1769883120,9.643,9.663,9.641,9.658
1769883180,9.658,9.658,9.64,9.652
1769883240,9.652,9.652,9.619,9.627
1769883300,9.627,9.627,9.597,9.598
1769883360,9.598,9.609,9.579,9.581
1769883420,9.581,9.604,9.579,9.58
1769883480,9.58,9.58,9.535,9.543
1769883540,9.543,9.569,9.543,9.557
1769883600,9.557,9.564,9.528,9.544
1769883660,9.544,9.56,9.514,9.544
1769883720,9.544,9.6,9.541,9.574
1769883780,9.574,9.574,9.56,9.569
1769883840,9.569,9.571,9.549,9.549
1769883900,9.549,9.572,9.549,9.572
1769883960,9.572,9.572,9.55,9.557
1769884020,9.557,9.574,9.554,9.57
1769884080,9.57,9.61,9.57,9.597
1769884140,9.597,9.605,9.584,9.602
1769884200,9.602,9.613,9.597,9.604
1769884260,9.604,9.608,9.566,9.582
1769884320,9.582,9.589,9.578,9.585
1769884380,9.585,9.585,9.552,9.553
1769884440,9.553,9.553,9.537,9.543
1769884500,9.543,9.543,9.501,9.504
1769884560,9.504,9.518,9.502,9.517
1769884620,9.517,9.517,9.455,9.461
1769884680,9.461,9.478,9.404,9.453
1769884740,9.453,9.488,9.429,9.436
1769884800,9.436,9.456,9.37,9.375
1769884860,9.375,9.41,9.375,9.397
1769884920,9.397,9.422,9.385,9.388
1769884980,9.388,9.391,8.972,8.972
1769885040,8.972,9.427,8.951,9.42
1769885100,9.42,9.514,9.338,9.482
1769885160,9.482,9.57,9.475,9.498
1769885220,9.498,9.538,9.464,9.498
1769885280,9.498,9.509,9.454,9.492
1769885340,9.492,9.523,9.466,9.515
1769885400,9.515,9.555,9.481,9.495
1769885460,9.495,9.5,9.467,9.498
1769885520,9.498,9.563,9.483,9.545
1769885580,9.545,9.551,9.512,9.547
1769885640,9.547,9.556,9.5,9.502
1769885700,9.502,9.505,9.464,9.474
1769885760,9.474,9.495,9.465,9.479
1769885820,9.479,9.536,9.479,9.53
1769885880,9.53,9.563,9.527,9.545
1769885940,9.545,9.572,9.544,9.564
1769886000,9.564,9.606,9.544,9.592
1769886060,9.592,9.592,9.543,9.567
1769886120,9.567,9.588,9.554,9.567
1769886180,9.567,9.584,9.555,9.565
1769886240,9.565,9.565,9.54,9.555
1769886300,9.555,9.587,9.551,9.587
1769886360,9.587,9.634,9.579,9.579
1769886420,9.579,9.61,9.567,9.61
1769886480,9.61,9.639,9.596,9.627
1769886540,9.627,9.658,9.609,9.656
1769886600,9.656,9.71,9.652,9.662
1769886660,9.662,9.662,9.633,9.645
1769886720,9.645,9.666,9.638,9.665
1769886780,9.665,9.674,9.653,9.674
1769886840,9.674,9.695,9.663,9.692
1769886900,9.692,9.709,9.68,9.709
1769886960,9.709,9.756,9.705,9.733
1769887020,9.733,9.735,9.7,9.703
1769887080,9.703,9.724,9.701,9.706
1769887140,9.706,9.724,9.694,9.722
1769887200,9.722,9.73,9.711,9.717
1769887260,9.717,9.717,9.686,9.686
1769887320,9.686,9.686,9.657,9.662
1769887380,9.662,9.68,9.662,9.67
1769887440,9.67,9.684,9.667,9.682
1769887500,9.682,9.695,9.672,9.688
1769887560,9.688,9.717,9.684,9.71
1769887620,9.71,9.728,9.71,9.712
1769887680,9.712,9.731,9.707,9.725
1769887740,9.725,9.729,9.716,9.72
1769887800,9.72,9.741,9.718,9.729
1769887860,9.729,9.732,9.691,9.696
1769887920,9.696,9.7,9.649,9.659
1769887980,9.659,9.667,9.64,9.65
1769888040,9.65,9.66,9.646,9.66
1769888100,9.66,9.668,9.647,9.647
1769888160,9.647,9.657,9.642,9.642
1769888220,9.642,9.671,9.638,9.647
1769888280,9.647,9.647,9.622,9.631
1769888340,9.631,9.641,9.623,9.628
1769888400,9.628,9.647,9.621,9.628
1769888460,9.628,9.633,9.618,9.626
1769888520,9.626,9.635,9.618,9.622
1769888580,9.622,9.681,9.622,9.66
1769888640,9.66,9.663,9.648,9.659
1769888700,9.659,9.676,9.638,9.67
1769888760,9.67,9.674,9.641,9.674
1769888820,9.674,9.712,9.673,9.69
1769888880,9.69,9.705,9.679,9.689
1769888940,9.689,9.705,9.677,9.705
1769889000,9.705,9.714,9.692,9.699
1769889060,9.699,9.712,9.689,9.712
1769889120,9.712,9.716,9.687,9.701
1769889180,9.701,9.702,9.686,9.69
1769889240,9.69,9.693,9.68,9.688
1769889300,9.688,9.695,9.684,9.685
1769889360,9.685,9.708,9.681,9.703
1769889420,9.703,9.71,9.683,9.684
1769889480,9.684,9.689,9.673,9.675
1769889540,9.675,9.679,9.657,9.659
1769889600,9.659,9.689,9.659,9.682
1769889660,9.682,9.683,9.663,9.666
1769889720,9.666,9.675,9.646,9.654
1769889780,9.654,9.657,9.624,9.627
1769889840,9.627,9.647,9.622,9.639
1769889900,9.639,9.644,9.631,9.643
1769889960,9.643,9.673,9.643,9.667
1769890020,9.667,9.672,9.659,9.669
1769890080,9.669,9.669,9.639,9.64
1769890140,9.64,9.648,9.632,9.634
1769890200,9.634,9.639,9.613,9.619
1769890260,9.619,9.626,9.617,9.62
1769890320,9.62,9.62,9.597,9.602
1769890380,9.602,9.62,9.602,9.606
1769890440,9.606,9.612,9.589,9.599
1769890500,9.599,9.606,9.591,9.6
1769890560,9.6,9.601,9.586,9.596
1769890620,9.596,9.599,9.586,9.589
1769890680,9.589,9.599,9.589,9.598
1769890740,9.598,9.608,9.59,9.608
1769890800,9.608,9.618,9.601,9.608
1769890860,9.608,9.626,9.603,9.625
1769890920,9.625,9.73,9.625,9.709
1769890980,9.709,9.716,9.652,9.653
1769891040,9.653,9.657,9.628,9.628
1769891100,9.628,9.637,9.614,9.614
1769891160,9.614,9.616,9.595,9.603
1769891220,9.603,9.61,9.601,9.603
1769891280,9.603,9.604,9.591,9.595
1769891340,9.595,9.602,9.587,9.588
1769891400,9.588,9.597,9.577,9.581
1769891460,9.581,9.59,9.574,9.578
1769891520,9.578,9.582,9.557,9.573
1769891580,9.573,9.578,9.562,9.573
1769891640,9.573,9.58,9.563,9.58
1769891700,9.58,9.6,9.562,9.562
1769891760,9.562,9.582,9.562,9.568
1769891820,9.568,9.585,9.568,9.577
1769891880,9.577,9.588,9.554,9.585
1769891940,9.585,9.589,9.573,9.58
1769892000,9.58,9.59,9.573,9.585
1769892060,9.585,9.594,9.577,9.592
1769892120,9.592,9.611,9.592,9.608
1769892180,9.608,9.657,9.608,9.651
1769892240,9.651,9.652,9.636,9.652
1769892300,9.652,9.655,9.628,9.629
1769892360,9.629,9.662,9.62,9.657
1769892420,9.657,9.662,9.644,9.644
1769892480,9.644,9.651,9.644,9.645
1769892540,9.645,9.645,9.612,9.616
1769892600,9.616,9.623,9.609,9.621
1769892660,9.621,9.626,9.61,9.61
1769892720,9.61,9.617,9.607,9.614
1769892780,9.614,9.631,9.61,9.628
1769892840,9.628,9.643,9.628,9.643
1769892900,9.643,9.654,9.64,9.651
1769892960,9.651,9.696,9.649,9.694
1769893020,9.694,9.694,9.68,9.684
1769893080,9.684,9.701,9.68,9.694
1769893140,9.694,9.696,9.677,9.677
1769893200,9.677,9.71,9.671,9.705
1769893260,9.705,9.726,9.703,9.709
1769893320,9.709,9.709,9.658,9.66
1769893380,9.66,9.668,9.634,9.638
1769893440,9.638,9.649,9.631,9.637
1769893500,9.637,9.652,9.637,9.64
1769893560,9.64,9.642,9.633,9.635
1769893620,9.635,9.664,9.635,9.66
1769893680,9.66,9.671,9.651,9.653
1769893740,9.653,9.659,9.652,9.657
1769893800,9.657,9.657,9.646,9.647
1769893860,9.647,9.647,9.628,9.636
1769893920,9.636,9.646,9.635,9.638
1769893980,9.638,9.648,9.626,9.634
1769894040,9.634,9.641,9.631,9.639
1769894100,9.639,9.68,9.637,9.671
1769894160,9.671,9.689,9.667,9.688
1769894220,9.688,9.704,9.682,9.7
1769894280,9.7,9.711,9.693,9.698
1769894340,9.698,9.699,9.67,9.681
1769894400,9.681,9.683,9.658,9.66
1769894460,9.66,9.662,9.645,9.649
1769894520,9.649,9.668,9.633,9.633
1769894580,9.633,9.661,9.632,9.661
1769894640,9.661,9.679,9.661,9.665
1769894700,9.665,9.679,9.665,9.679
1769894760,9.679,9.701,9.678,9.699
1769894820,9.699,9.742,9.698,9.732
1769894880,9.732,9.764,9.732,9.749
1769894940,9.749,9.753,9.735,9.75
1769895000,9.75,9.765,9.74,9.743
1769895060,9.743,9.743,9.721,9.739
1769895120,9.739,9.757,9.728,9.757
1769895180,9.757,9.757,9.727,9.73
1769895240,9.73,9.763,9.73,9.763
1769895300,9.763,9.784,9.758,9.783
1769895360,9.783,9.783,9.773,9.78
1769895420,9.78,9.813,9.776,9.809
1769895480,9.809,9.824,9.794,9.803
1769895540,9.803,9.808,9.793,9.798
1769895600,9.798,9.804,9.79,9.797
1769895660,9.797,9.821,9.794,9.821
1769895720,9.821,9.823,9.801,9.803
1769895780,9.803,9.807,9.793,9.804
1769895840,9.804,9.804,9.794,9.802
1769895900,9.802,9.81,9.786,9.786
1769895960,9.786,9.794,9.784,9.789
1769896020,9.789,9.803,9.787,9.798
1769896080,9.798,9.806,9.794,9.798
1769896140,9.798,9.819,9.791,9.811
1769896200,9.811,9.823,9.805,9.823
1769896260,9.823,9.837,9.81,9.819
1769896320,9.819,9.819,9.802,9.814
1769896380,9.814,9.838,9.813,9.829
1769896440,9.829,9.829,9.818,9.818
1769896500,9.818,9.822,9.817,9.821
1769896560,9.821,9.824,9.809,9.817
1769896620,9.817,9.818,9.806,9.806
1769896680,9.806,9.817,9.806,9.817
1769896740,9.817,9.817,9.789,9.815
1769896800,9.815,9.822,9.805,9.808
1769896860,9.808,9.824,9.805,9.821
1769896920,9.821,9.825,9.816,9.821
1769896980,9.821,9.835,9.811,9.835
1769897040,9.835,9.845,9.83,9.835
1769897100,9.835,9.84,9.825,9.829
1769897160,9.829,9.829,9.813,9.826
1769897220,9.826,9.835,9.821,9.826
1769897280,9.826,9.827,9.807,9.821
1769897340,9.821,9.826,9.819,9.826
1769897400,9.826,9.831,9.823,9.826
1769897460,9.826,9.826,9.809,9.814
1769897520,9.814,9.82,9.797,9.797
1769897580,9.797,9.797,9.789,9.789
1769897640,9.789,9.792,9.773,9.779
1769897700,9.779,9.798,9.778,9.798
1769897760,9.798,9.799,9.79,9.799
1769897820,9.799,9.819,9.797,9.808
1769897880,9.808,9.808,9.785,9.785
1769897940,9.785,9.79,9.766,9.774
1769898000,9.774,9.792,9.774,9.79
1769898060,9.79,9.815,9.789,9.815
1769898120,9.815,9.815,9.787,9.789
1769898180,9.789,9.794,9.786,9.789
1769898240,9.789,9.808,9.787,9.797
1769898300,9.797,9.809,9.796,9.803
1769898360,9.803,9.806,9.789,9.789
1769898420,9.789,9.798,9.787,9.798
1769898480,9.798,9.805,9.796,9.801
1769898540,9.801,9.818,9.801,9.818
1769898600,9.818,9.83,9.818,9.819
1769898660,9.819,9.819,9.792,9.794
1769898720,9.794,9.803,9.788,9.8
1769898780,9.8,9.817,9.8,9.817
1769898840,9.817,9.817,9.81,9.81
1769898900,9.81,9.81,9.783,9.783
1769898960,9.783,9.783,9.769,9.769
1769899020,9.769,9.784,9.763,9.767
1769899080,9.767,9.774,9.763,9.771
1769899140,9.771,9.783,9.767,9.783
1769899200,9.783,9.783,9.769,9.777
1769899260,9.777,9.777,9.761,9.769
1769899320,9.769,9.785,9.769,9.773
1769899380,9.773,9.774,9.765,9.765
1769899440,9.765,9.767,9.761,9.761
1769899500,9.761,9.762,9.749,9.756
1769899560,9.756,9.76,9.755,9.76
1769899620,9.76,9.769,9.758,9.769
1769899680,9.769,9.771,9.769,9.769
1769899740,9.769,9.777,9.769,9.774
1769899800,9.774,9.781,9.774,9.78
1769899860,9.78,9.781,9.779,9.781
1769899920,9.781,9.787,9.781,9.785
1769899980,9.785,9.786,9.781,9.781
1769900040,9.781,9.796,9.78,9.796
1769900100,9.796,9.811,9.796,9.811
1769900160,9.811,9.811,9.803,9.803
1769900220,9.803,9.814,9.803,9.814
1769900280,9.814,9.815,9.807,9.807
1769900340,9.807,9.818,9.794,9.811
1769900400,9.811,9.819,9.808,9.818
1769900460,9.818,9.818,9.803,9.81
1769900520,9.81,9.81,9.804,9.804
1769900580,9.804,9.814,9.79,9.814
1769900640,9.814,9.818,9.803,9.816
1769900700,9.816,9.82,9.813,9.814
1769900760,9.814,9.833,9.814,9.829
1769900820,9.829,9.838,9.823,9.835
1769900880,9.835,9.842,9.824,9.837
1769900940,9.837,9.841,9.836,9.839
1769901000,9.839,9.844,9.826,9.826
1769901060,9.826,9.826,9.815,9.815
1769901120,9.815,9.815,9.806,9.813
1769901180,9.813,9.824,9.809,9.823
1769901240,9.823,9.824,9.817,9.821
1769901300,9.821,9.829,9.818,9.829
1769901360,9.829,9.838,9.828,9.836
1769901420,9.836,9.862,9.836,9.86
1769901480,9.86,9.867,9.849,9.863
1769901540,9.863,9.895,9.857,9.891
1769901600,9.891,9.907,9.881,9.89
1769901660,9.89,9.924,9.881,9.923
1769901720,9.923,9.96,9.923,9.939
1769901780,9.939,9.999,9.937,9.993
1769901840,9.993,10.031,9.984,10.027
1769901900,10.027,10.027,10.001,10.007
1769901960,10.007,10.007,9.982,9.982
1769902020,9.982,9.996,9.977,9.977
1769902080,9.977,9.982,9.96,9.967
1769902140,9.967,9.988,9.962,9.983
1769902200,9.983,9.989,9.963,9.973
1769902260,9.973,9.973,9.954,9.958
1769902320,9.958,9.972,9.958,9.967
1769902380,9.967,9.988,9.96,9.984
1769902440,9.984,9.996,9.974,9.996
1769902500,9.996,10.008,9.996,10.004
1769902560,10.004,10.004,9.99,9.99
1769902620,9.99,9.991,9.975,9.981
1769902680,9.981,9.981,9.954,9.957
1769902740,9.957,9.961,9.956,9.956
1769902800,9.956,9.964,9.956,9.964
1769902860,9.964,9.97,9.957,9.957
1769902920,9.957,9.96,9.949,9.954
1769902980,9.954,9.956,9.936,9.937
1769903040,9.937,9.944,9.937,9.943
1769903100,9.943,9.945,9.919,9.919
1769903160,9.919,9.94,9.909,9.939
1769903220,9.939,9.939,9.923,9.923
1769903280,9.923,9.944,9.923,9.944
1769903340,9.944,9.955,9.942,9.946
1769903400,9.946,9.954,9.945,9.954
1769903460,9.954,9.965,9.953,9.961
1769903520,9.961,9.972,9.961,9.971
1769903580,9.971,9.981,9.97,9.974
1769903640,9.974,9.979,9.966,9.969
1769903700,9.969,9.975,9.963,9.964
1769903760,9.964,9.976,9.962,9.976
1769903820,9.976,9.981,9.973,9.977
1769903880,9.977,9.977,9.972,9.972
1769903940,9.972,9.988,9.965,9.982
1770249600,9.248,9.256,9.246,9.253
1770249660,9.253,9.258,9.248,9.249
1770249720,9.249,9.252,9.237,9.252
1770249780,9.252,9.254,9.23,9.236
1770249840,9.236,9.243,9.232,9.232
1770249900,9.232,9.248,9.232,9.248
1770249960,9.248,9.258,9.238,9.252
1770250020,9.252,9.252,9.224,9.228
1770250080,9.228,9.244,9.227,9.244
1770250140,9.244,9.245,9.224,9.225
1770250200,9.225,9.236,9.225,9.23
1770250260,9.23,9.236,9.224,9.226
1770250320,9.226,9.229,9.21,9.219
1770250380,9.219,9.219,9.213,9.215
1770250440,9.215,9.22,9.21,9.212
1770250500,9.212,9.22,9.208,9.213
1770250560,9.213,9.223,9.209,9.213
1770250620,9.213,9.221,9.211,9.213
1770250680,9.213,9.216,9.206,9.215
1770250740,9.215,9.229,9.209,9.229
1770250800,9.229,9.251,9.229,9.251
1770250860,9.251,9.251,9.241,9.251
1770250920,9.251,9.27,9.248,9.268
1770250980,9.268,9.278,9.266,9.273
1770251040,9.273,9.273,9.257,9.259
1770251100,9.259,9.272,9.257,9.272
1770251160,9.272,9.286,9.269,9.286
1770251220,9.286,9.29,9.281,9.282
1770251280,9.282,9.298,9.28,9.297
1770251340,9.297,9.306,9.297,9.3
1770251400,9.3,9.3,9.279,9.282
1770251460,9.282,9.282,9.249,9.256
1770251520,9.256,9.256,9.246,9.246
1770251580,9.246,9.246,9.225,9.226
1770251640,9.226,9.226,9.222,9.225
1770251700,9.225,9.243,9.225,9.239
1770251760,9.239,9.246,9.23,9.231
1770251820,9.231,9.231,9.21,9.222
1770251880,9.222,9.228,9.219,9.228
1770251940,9.228,9.258,9.228,9.25
1770252000,9.25,9.263,9.25,9.259
1770252060,9.259,9.276,9.256,9.276
1770252120,9.276,9.283,9.269,9.269
1770252180,9.269,9.269,9.261,9.264
1770252240,9.264,9.266,9.255,9.262
1770252300,9.262,9.263,9.248,9.248
1770252360,9.248,9.252,9.246,9.25
1770252420,9.25,9.261,9.25,9.256
1770252480,9.256,9.268,9.255,9.266
1770252540,9.266,9.271,9.263,9.265
1770252600,9.265,9.28,9.265,9.274
1770252660,9.274,9.279,9.261,9.261
1770252720,9.261,9.266,9.253,9.261
1770252780,9.261,9.262,9.251,9.26
1770252840,9.26,9.261,9.256,9.257
1770252900,9.257,9.261,9.256,9.26
1770252960,9.26,9.263,9.256,9.256
1770253020,9.256,9.261,9.247,9.249
1770253080,9.249,9.249,9.241,9.241
1770253140,9.241,9.243,9.229,9.237
1770253200,9.237,9.24,9.233,9.233
1770253260,9.233,9.251,9.233,9.251
1770253320,9.251,9.253,9.237,9.252
1770253380,9.252,9.262,9.243,9.243
1770253440,9.243,9.269,9.242,9.264
1770253500,9.264,9.278,9.262,9.278
1770253560,9.278,9.29,9.278,9.281
1770253620,9.281,9.281,9.272,9.277
1770253680,9.277,9.284,9.272,9.284
1770253740,9.284,9.305,9.282,9.297
1770253800,9.297,9.315,9.294,9.306
1770253860,9.306,9.308,9.299,9.305
1770253920,9.305,9.305,9.282,9.292
1770253980,9.292,9.307,9.292,9.301
1770254040,9.301,9.307,9.295,9.295
1770254100,9.295,9.295,9.267,9.267
1770254160,9.267,9.272,9.239,9.241
1770254220,9.241,9.241,9.207,9.21
1770254280,9.21,9.222,9.207,9.207
1770254340,9.207,9.214,9.195,9.202
1770254400,9.202,9.208,9.192,9.193
1770254460,9.193,9.2,9.164,9.164
1770254520,9.164,9.167,9.151,9.163
1770254580,9.163,9.178,9.153,9.153
1770254640,9.153,9.209,9.148,9.202
1770254700,9.202,9.247,9.202,9.225
1770254760,9.225,9.235,9.218,9.232
1770254820,9.232,9.314,9.232,9.303
1770254880,9.303,9.338,9.289,9.315
1770254940,9.315,9.323,9.3,9.312
1770255000,9.312,9.345,9.303,9.305
1770255060,9.305,9.327,9.297,9.306
1770255120,9.306,9.315,9.293,9.293
1770255180,9.293,9.321,9.287,9.312
1770255240,9.312,9.347,9.312,9.335
1770255300,9.335,9.336,9.301,9.303
1770255360,9.303,9.332,9.303,9.327
1770255420,9.327,9.339,9.315,9.336
1770255480,9.336,9.339,9.313,9.313
1770255540,9.313,9.318,9.308,9.318
1770255600,9.318,9.322,9.214,9.223
1770255660,9.223,9.242,9.208,9.221
1770255720,9.221,9.246,9.221,9.243
1770255780,9.243,9.265,9.242,9.253
1770255840,9.253,9.272,9.253,9.269
1770255900,9.269,9.275,9.259,9.265
1770255960,9.265,9.274,9.259,9.262
1770256020,9.262,9.274,9.259,9.266
1770256080,9.266,9.273,9.257,9.267
1770256140,9.267,9.27,9.254,9.268
1770256200,9.268,9.269,9.257,9.267
1770256260,9.267,9.269,9.249,9.254
1770256320,9.254,9.254,9.227,9.235
1770256380,9.235,9.238,9.219,9.223
1770256440,9.223,9.235,9.223,9.231
1770256500,9.231,9.236,9.228,9.234
1770256560,9.234,9.245,9.232,9.239
1770256620,9.239,9.24,9.233,9.24
1770256680,9.24,9.243,9.237,9.237
1770256740,9.237,9.24,9.227,9.228
1770256800,9.228,9.247,9.224,9.232
1770256860,9.232,9.257,9.223,9.257
1770256920,9.257,9.257,9.223,9.226
1770256980,9.226,9.226,9.207,9.207
1770257040,9.207,9.213,9.201,9.207
1770257100,9.207,9.226,9.203,9.205
1770257160,9.205,9.208,9.189,9.201
1770257220,9.201,9.201,9.177,9.183
1770257280,9.183,9.225,9.183,9.224
1770257340,9.224,9.234,9.213,9.213
1770257400,9.213,9.221,9.211,9.22
1770257460,9.22,9.222,9.197,9.216
1770257520,9.216,9.216,9.172,9.176
1770257580,9.176,9.177,9.155,9.175
1770257640,9.175,9.177,9.157,9.159
1770257700,9.159,9.165,9.146,9.151
1770257760,9.151,9.156,9.142,9.143
1770257820,9.143,9.2,9.13,9.169
1770257880,9.169,9.198,9.154,9.195
1770257940,9.195,9.234,9.195,9.207
1770258000,9.207,9.231,9.202,9.209
1770258060,9.209,9.23,9.203,9.216
1770258120,9.216,9.232,9.211,9.229
1770258180,9.229,9.229,9.211,9.222
1770258240,9.222,9.228,9.212,9.22
1770258300,9.22,9.226,9.199,9.199
1770258360,9.199,9.203,9.19,9.196
1770258420,9.196,9.218,9.19,9.215
1770258480,9.215,9.224,9.209,9.22
1770258540,9.22,9.224,9.217,9.221
1770258600,9.221,9.238,9.215,9.234
1770258660,9.234,9.237,9.219,9.236
1770258720,9.236,9.236,9.216,9.23
1770258780,9.23,9.235,9.209,9.212
1770258840,9.212,9.218,9.205,9.214
1770258900,9.214,9.29,9.214,9.279
1770258960,9.279,9.297,9.264,9.27
1770259020,9.27,9.28,9.266,9.267
1770259080,9.267,9.276,9.251,9.261
1770259140,9.261,9.267,9.255,9.263
1770259200,9.263,9.263,9.236,9.237
1770259260,9.237,9.267,9.237,9.251
1770259320,9.251,9.266,9.249,9.266
1770259380,9.266,9.28,9.257,9.278
1770259440,9.278,9.279,9.265,9.267
1770259500,9.267,9.269,9.241,9.241
1770259560,9.241,9.241,9.226,9.226
1770259620,9.226,9.233,9.201,9.201
1770259680,9.201,9.205,9.164,9.165
1770259740,9.165,9.179,9.165,9.172
1770259800,9.172,9.177,9.165,9.177
1770259860,9.177,9.187,9.155,9.168
1770259920,9.168,9.195,9.166,9.172
1770259980,9.172,9.203,9.17,9.199
1770260040,9.199,9.199,9.178,9.179
1770260100,9.179,9.182,9.158,9.165
1770260160,9.165,9.18,9.158,9.18
1770260220,9.18,9.191,9.179,9.185
1770260280,9.185,9.187,9.157,9.163
1770260340,9.163,9.167,9.118,9.137
1770260400,9.137,9.183,9.126,9.174
1770260460,9.174,9.182,9.156,9.165
1770260520,9.165,9.184,9.15,9.164
1770260580,9.164,9.172,9.156,9.165
1770260640,9.165,9.172,9.154,9.16
1770260700,9.16,9.167,9.152,9.162
1770260760,9.162,9.162,9.109,9.125
1770260820,9.125,9.155,9.125,9.148
1770260880,9.148,9.18,9.147,9.18
1770260940,9.18,9.203,9.18,9.199
1770261000,9.199,9.217,9.199,9.209
1770261060,9.209,9.209,9.186,9.195
1770261120,9.195,9.195,9.172,9.176
1770261180,9.176,9.178,9.147,9.15
1770261240,9.15,9.153,9.145,9.15
1770261300,9.15,9.153,9.108,9.111
1770261360,9.111,9.118,9.082,9.09
1770261420,9.09,9.104,9.082,9.1
1770261480,9.1,9.129,9.1,9.115
1770261540,9.115,9.153,9.114,9.139
1770261600,9.139,9.181,9.139,9.18
1770261660,9.18,9.201,9.16,9.16
1770261720,9.16,9.193,9.16,9.186
1770261780,9.186,9.193,9.172,9.177
1770261840,9.177,9.18,9.169,9.175
1770261900,9.175,9.191,9.173,9.178
1770261960,9.178,9.186,9.17,9.176
1770262020,9.176,9.176,9.14,9.154
1770262080,9.154,9.161,9.146,9.148
1770262140,9.148,9.152,9.145,9.151
1770262200,9.151,9.151,9.13,9.13
1770262260,9.13,9.153,9.13,9.153
1770262320,9.153,9.155,9.139,9.14
1770262380,9.14,9.141,9.128,9.132
1770262440,9.132,9.151,9.132,9.141
1770262500,9.141,9.149,9.14,9.14
1770262560,9.14,9.145,9.109,9.109
1770262620,9.109,9.131,9.105,9.124
1770262680,9.124,9.124,9.105,9.117
1770262740,9.117,9.128,9.113,9.115
1770262800,9.115,9.125,9.114,9.118
1770262860,9.118,9.144,9.117,9.138
1770262920,9.138,9.147,9.123,9.127
1770262980,9.127,9.14,9.121,9.133
1770263040,9.133,9.137,9.109,9.118
1770263100,9.118,9.118,9.109,9.11
1770263160,9.11,9.127,9.105,9.109
1770263220,9.109,9.12,9.103,9.116
1770263280,9.116,9.12,9.113,9.114
1770263340,9.114,9.114,9.093,9.114
1770263400,9.114,9.119,9.098,9.098
1770263460,9.098,9.105,9.091,9.102
1770263520,9.102,9.106,9.092,9.103
1770263580,9.103,9.114,9.095,9.095
1770263640,9.095,9.099,9.087,9.093
1770263700,9.093,9.103,9.09,9.093
1770263760,9.093,9.098,9.089,9.098
1770263820,9.098,9.1,9.079,9.09
1770263880,9.09,9.09,9.069,9.08
1770263940,9.08,9.092,9.079,9.089
1770264000,9.089,9.103,9.088,9.102
1770264060,9.102,9.105,9.094,9.099
1770264120,9.099,9.101,9.085,9.09
1770264180,9.09,9.108,9.084,9.084
1770264240,9.084,9.098,9.077,9.079
1770264300,9.079,9.097,9.079,9.086
1770264360,9.086,9.095,9.055,9.062
1770264420,9.062,9.088,9.06,9.061
1770264480,9.061,9.064,9.048,9.055
1770264540,9.055,9.125,9.054,9.113
1770264600,9.113,9.164,9.102,9.102
1770264660,9.102,9.121,9.091,9.118
1770264720,9.118,9.12,9.104,9.105
1770264780,9.105,9.119,9.092,9.092
1770264840,9.092,9.102,9.027,9.067
1770264900,9.067,9.077,9.053,9.074
1770264960,9.074,9.084,9.054,9.06
1770265020,9.06,9.086,9.037,9.083
1770265080,9.083,9.104,9.067,9.1
1770265140,9.1,9.106,9.083,9.088
1770265200,9.088,9.124,9.088,9.119
1770265260,9.119,9.123,9.096,9.116
1770265320,9.116,9.128,9.102,9.107
1770265380,9.107,9.107,9.073,9.087
1770265440,9.087,9.09,9.076,9.09
1770265500,9.09,9.108,9.087,9.103
1770265560,9.103,9.103,9.075,9.075
1770265620,9.075,9.08,9.047,9.066
1770265680,9.066,9.074,9.061,9.071
1770265740,9.071,9.075,9.061,9.075
1770265800,9.075,9.079,9.055,9.056
1770265860,9.056,9.076,9.049,9.049
1770265920,9.049,9.074,9.043,9.062
1770265980,9.062,9.063,9.045,9.046
1770266040,9.046,9.048,9.028,9.04
1770266100,9.04,9.046,9.034,9.041
1770266160,9.041,9.067,9.041,9.052
1770266220,9.052,9.074,9.052,9.074
1770266280,9.074,9.084,9.067,9.077
1770266340,9.077,9.079,9.06,9.061
1770266400,9.061,9.086,9.061,9.083
1770266460,9.083,9.118,9.076,9.118
1770266520,9.118,9.133,9.103,9.126
1770266580,9.126,9.139,9.116,9.133
1770266640,9.133,9.142,9.123,9.138
1770266700,9.138,9.14,9.127,9.137
1770266760,9.137,9.137,9.127,9.132
1770266820,9.132,9.132,9.123,9.123
1770266880,9.123,9.133,9.115,9.128
1770266940,9.128,9.131,9.105,9.109
1770267000,9.109,9.122,9.106,9.117
1770267060,9.117,9.129,9.115,9.121
1770267120,9.121,9.121,9.111,9.112
1770267180,9.112,9.113,9.085,9.086
1770267240,9.086,9.089,9.079,9.085
1770267300,9.085,9.095,9.081,9.083
1770267360,9.083,9.083,9.061,9.07
1770267420,9.07,9.076,9.068,9.07
1770267480,9.07,9.087,9.068,9.082
1770267540,9.082,9.088,9.079,9.083
1770267600,9.083,9.093,9.079,9.093
1770267660,9.093,9.096,9.086,9.088
1770267720,9.088,9.089,9.072,9.082
1770267780,9.082,9.092,9.076,9.088
1770267840,9.088,9.092,9.078,9.088
1770267900,9.088,9.097,9.083,9.09
1770267960,9.09,9.09,9.07,9.073
1770268020,9.073,9.081,9.067,9.078
1770268080,9.078,9.081,9.059,9.061
1770268140,9.061,9.073,9.056,9.069
1770268200,9.069,9.084,9.069,9.083
1770268260,9.083,9.101,9.083,9.101
1770268320,9.101,9.115,9.098,9.114
1770268380,9.114,9.141,9.114,9.131
1770268440,9.131,9.131,9.102,9.103
1770268500,9.103,9.111,9.096,9.11
1770268560,9.11,9.119,9.11,9.119
1770268620,9.119,9.125,9.116,9.116
1770268680,9.116,9.116,9.072,9.076
1770268740,9.076,9.08,9.059,9.072
1770268800,9.072,9.079,9.059,9.075
1770268860,9.075,9.075,9.048,9.05
1770268920,9.05,9.054,9.016,9.025
1770268980,9.025,9.036,9.021,9.027
1770269040,9.027,9.043,9.011,9.043
1770269100,9.043,9.07,9.042,9.055
1770269160,9.055,9.055,9.038,9.042
1770269220,9.042,9.056,9.037,9.05
1770269280,9.05,9.081,9.048,9.08
1770269340,9.08,9.112,9.072,9.074
1770269400,9.074,9.088,9.067,9.082
1770269460,9.082,9.089,9.061,9.067
1770269520,9.067,9.067,9.035,9.049
1770269580,9.049,9.078,9.049,9.074
1770269640,9.074,9.08,9.071,9.076
1770269700,9.076,9.112,9.076,9.105
1770269760,9.105,9.116,9.1,9.111
1770269820,9.111,9.173,9.111,9.173
1770269880,9.173,9.173,9.143,9.148
1770269940,9.148,9.158,9.143,9.152
1770270000,9.152,9.155,9.143,9.152
1770270060,9.152,9.218,9.15,9.194
1770270120,9.194,9.202,9.182,9.199
1770270180,9.199,9.204,9.186,9.19
1770270240,9.19,9.209,9.174,9.187
1770270300,9.187,9.197,9.153,9.154
1770270360,9.154,9.166,9.135,9.139
1770270420,9.139,9.143,9.11,9.113
1770270480,9.113,9.125,9.111,9.122
1770270540,9.122,9.125,9.111,9.113
1770270600,9.113,9.137,9.113,9.134
1770270660,9.134,9.149,9.134,9.143
1770270720,9.143,9.146,9.121,9.128
1770270780,9.128,9.128,9.118,9.121
1770270840,9.121,9.121,9.108,9.113
1770270900,9.113,9.113,9.098,9.103
1770270960,9.103,9.105,9.095,9.095
1770271020,9.095,9.115,9.095,9.105
1770271080,9.105,9.113,9.103,9.105
1770271140,9.105,9.105,9.097,9.104
1770271200,9.104,9.115,9.097,9.104
1770271260,9.104,9.112,9.089,9.095
1770271320,9.095,9.103,9.088,9.095
1770271380,9.095,9.096,9.054,9.055
1770271440,9.055,9.069,9.036,9.052
1770271500,9.052,9.052,9.004,9.013
1770271560,9.013,9.035,9.013,9.025
1770271620,9.025,9.057,9.022,9.022
1770271680,9.022,9.034,9.02,9.021
1770271740,9.021,9.03,9.014,9.021
1770271800,9.021,9.05,9.011,9.045
1770271860,9.045,9.053,9.036,9.037
1770271920,9.037,9.051,9.036,9.041
1770271980,9.041,9.049,9.036,9.049
1770272040,9.049,9.051,9.037,9.043
1770272100,9.043,9.049,9.031,9.04
1770272160,9.04,9.066,9.04,9.065
1770272220,9.065,9.071,9.055,9.058
1770272280,9.058,9.058,9.029,9.03
1770272340,9.03,9.03,9.017,9.024
1770272400,9.024,9.027,9.018,9.019
1770272460,9.019,9.026,9.006,9.009
1770272520,9.009,9.017,9.009,9.015
1770272580,9.015,9.033,9.015,9.032
1770272640,9.032,9.032,9.024,9.027
1770272700,9.027,9.027,9.017,9.02
1770272760,9.02,9.021,9.015,9.019
1770272820,9.019,9.019,9.003,9.01
1770272880,9.01,9.02,8.988,8.994
1770272940,8.994,9.009,8.992,9.001
1770273000,9.001,9.027,9.001,9.026
1770273060,9.026,9.028,9.018,9.019
1770273120,9.019,9.031,9.019,9.023
1770273180,9.023,9.036,9.023,9.026
1770273240,9.026,9.057,9.025,9.047
1770273300,9.047,9.063,9.045,9.056
1770273360,9.056,9.061,9.051,9.056
1770273420,9.056,9.056,9.022,9.04
1770273480,9.04,9.059,9.04,9.05
1770273540,9.05,9.053,9.047,9.05
1770273600,9.05,9.05,9.045,9.045
1770273660,9.045,9.053,9.033,9.053
1770273720,9.053,9.058,9.046,9.046
1770273780,9.046,9.049,9.04,9.045
1770273840,9.045,9.05,9.032,9.032
1770273900,9.032,9.06,9.032,9.06
1770273960,9.06,9.062,9.042,9.042
1770274020,9.042,9.05,8.965,8.978
1770274080,8.978,8.995,8.973,8.987
1770274140,8.987,9.024,8.986,9.006
1770274200,9.006,9.013,9,9.009
1770274260,9.009,9.017,8.993,8.997
1770274320,8.997,9.005,8.993,9.002
1770274380,9.002,9.004,8.98,8.985
1770274440,8.985,8.998,8.98,8.992
1770274500,8.992,9.008,8.991,9.006
1770274560,9.006,9.014,9.002,9.009
1770274620,9.009,9.021,9.009,9.017
1770274680,9.017,9.018,9.007,9.011
1770274740,9.011,9.012,9.006,9.011
1770274800,9.011,9.016,9.002,9.016
1770274860,9.016,9.099,9.016,9.088
1770274920,9.088,9.144,9.088,9.116
1770274980,9.116,9.124,9.099,9.115
1770275040,9.115,9.132,9.1,9.122
1770275100,9.122,9.122,9.091,9.101
1770275160,9.101,9.102,9.091,9.094
1770275220,9.094,9.128,9.076,9.076
1770275280,9.076,9.077,9.056,9.062
1770275340,9.062,9.07,9.062,9.066
1770275400,9.066,9.073,9.059,9.069
1770275460,9.069,9.077,9.061,9.076
1770275520,9.076,9.076,9.07,9.073
1770275580,9.073,9.074,9.068,9.071
1770275640,9.071,9.071,9.062,9.062
1770275700,9.062,9.065,9.044,9.048
1770275760,9.048,9.083,9.046,9.076
1770275820,9.076,9.085,9.067,9.076
1770275880,9.076,9.076,9.059,9.066
1770275940,9.066,9.092,9.066,9.091
1770276000,9.091,9.099,9.08,9.095
1770276060,9.095,9.118,9.082,9.112
1770276120,9.112,9.134,9.101,9.103
1770276180,9.103,9.105,9.092,9.092
1770276240,9.092,9.1,9.088,9.1
1770276300,9.1,9.124,9.098,9.119
1770276360,9.119,9.124,9.114,9.115
1770276420,9.115,9.14,9.109,9.134
1770276480,9.134,9.146,9.129,9.137
1770276540,9.137,9.142,9.12,9.122
1770276600,9.122,9.132,9.107,9.122
1770276660,9.122,9.132,9.117,9.129
1770276720,9.129,9.134,9.118,9.121
1770276780,9.121,9.126,9.119,9.126
1770276840,9.126,9.126,9.115,9.117
1770276900,9.117,9.124,9.111,9.118
1770276960,9.118,9.118,9.102,9.102
1770277020,9.102,9.108,9.097,9.107
1770277080,9.107,9.107,9.092,9.102
1770277140,9.102,9.102,9.083,9.086
1770277200,9.086,9.096,9.086,9.095
1770277260,9.095,9.096,9.042,9.054
1770277320,9.054,9.061,9.051,9.06
1770277380,9.06,9.065,9.057,9.064
1770277440,9.064,9.076,9.064,9.074
1770277500,9.074,9.079,9.074,9.075
1770277560,9.075,9.083,9.071,9.077
1770277620,9.077,9.08,9.07,9.071
1770277680,9.071,9.076,9.053,9.054
1770277740,9.054,9.066,9.054,9.064
1770277800,9.064,9.065,9.044,9.054
1770277860,9.054,9.06,9.053,9.058
1770277920,9.058,9.06,9.054,9.059
1770277980,9.059,9.064,9.058,9.064
1770278040,9.064,9.068,9.064,9.067
1770278100,9.067,9.067,9.049,9.049
1770278160,9.049,9.053,9.041,9.041
1770278220,9.041,9.047,9.012,9.04
1770278280,9.04,9.048,9.037,9.043
1770278340,9.043,9.051,9.037,9.051
1770278400,9.051,9.073,9.051,9.058
1770278460,9.058,9.078,9.054,9.073
1770278520,9.073,9.079,9.057,9.061
1770278580,9.061,9.091,9.061,9.082
1770278640,9.082,9.083,9.074,9.076
1770278700,9.076,9.079,9.07,9.079
1770278760,9.079,9.095,9.077,9.093
1770278820,9.093,9.102,9.088,9.098
1770278880,9.098,9.1,9.076,9.08
1770278940,9.08,9.09,9.08,9.088
1770279000,9.088,9.088,9.077,9.084
1770279060,9.084,9.088,9.074,9.088
1770279120,9.088,9.09,9.079,9.087
1770279180,9.087,9.087,9.077,9.083
1770279240,9.083,9.086,9.08,9.086
1770279300,9.086,9.094,9.085,9.094
1770279360,9.094,9.096,9.082,9.084
1770279420,9.084,9.084,9.068,9.084
1770279480,9.084,9.086,9.08,9.083
1770279540,9.083,9.088,9.078,9.085
1770279600,9.085,9.102,9.081,9.097
1770279660,9.097,9.097,9.085,9.087
1770279720,9.087,9.098,9.087,9.093
1770279780,9.093,9.093,9.084,9.088
1770279840,9.088,9.098,9.085,9.092
1770279900,9.092,9.103,9.091,9.1
1770279960,9.1,9.12,9.099,9.119
1770280020,9.119,9.146,9.119,9.128
1770280080,9.128,9.138,9.119,9.119
1770280140,9.119,9.134,9.116,9.134
1770280200,9.134,9.151,9.131,9.147
1770280260,9.147,9.189,9.147,9.173
1770280320,9.173,9.173,9.155,9.163
1770280380,9.163,9.165,9.155,9.158
1770280440,9.158,9.163,9.152,9.153
1770280500,9.153,9.163,9.153,9.163
1770280560,9.163,9.163,9.137,9.138
1770280620,9.138,9.163,9.138,9.151
1770280680,9.151,9.178,9.151,9.176
1770280740,9.176,9.176,9.169,9.172
1770280800,9.172,9.177,9.166,9.168
1770280860,9.168,9.169,9.16,9.162
1770280920,9.162,9.162,9.15,9.159
1770280980,9.159,9.159,9.152,9.152
1770281040,9.152,9.155,9.15,9.15
1770281100,9.15,9.15,9.131,9.131
1770281160,9.131,9.15,9.13,9.148
1770281220,9.148,9.169,9.148,9.157
1770281280,9.157,9.161,9.142,9.142
1770281340,9.142,9.143,9.137,9.138
1770281400,9.138,9.142,9.124,9.125
1770281460,9.125,9.133,9.122,9.122
1770281520,9.122,9.133,9.122,9.13
1770281580,9.13,9.144,9.13,9.138
1770281640,9.138,9.149,9.138,9.147
1770281700,9.147,9.147,9.133,9.133
1770281760,9.133,9.153,9.133,9.149
1770281820,9.149,9.149,9.143,9.145
1770281880,9.145,9.149,9.141,9.144
1770281940,9.144,9.144,9.12,9.121
1770282000,9.121,9.136,9.121,9.132
1770282060,9.132,9.147,9.131,9.144
1770282120,9.144,9.146,9.139,9.142
1770282180,9.142,9.15,9.129,9.13
1770282240,9.13,9.139,9.13,9.137
1770282300,9.137,9.153,9.127,9.148
1770282360,9.148,9.166,9.135,9.153
1770282420,9.153,9.156,9.145,9.152
1770282480,9.152,9.223,9.152,9.202
1770282540,9.202,9.219,9.194,9.212
1770282600,9.212,9.235,9.195,9.2
1770282660,9.2,9.215,9.199,9.208
1770282720,9.208,9.218,9.201,9.218
1770282780,9.218,9.23,9.207,9.223
1770282840,9.223,9.223,9.211,9.216
1770282900,9.216,9.216,9.198,9.21
1770282960,9.21,9.259,9.21,9.246
1770283020,9.246,9.247,9.23,9.231
1770283080,9.231,9.235,9.222,9.233
1770283140,9.233,9.235,9.21,9.21
1770283200,9.21,9.232,9.21,9.232
1770283260,9.232,9.232,9.204,9.205
1770283320,9.205,9.208,9.19,9.199
1770283380,9.199,9.21,9.196,9.21
1770283440,9.21,9.21,9.2,9.204
1770283500,9.204,9.204,9.196,9.197
1770283560,9.197,9.202,9.194,9.2
1770283620,9.2,9.207,9.2,9.207
1770283680,9.207,9.207,9.197,9.205
1770283740,9.205,9.209,9.204,9.207
1770283800,9.207,9.207,9.202,9.207
1770283860,9.207,9.215,9.205,9.213
1770283920,9.213,9.215,9.184,9.189
1770283980,9.189,9.194,9.176,9.184
1770284040,9.184,9.187,9.18,9.185
1770284100,9.185,9.186,9.174,9.176
1770284160,9.176,9.179,9.17,9.178
1770284220,9.178,9.188,9.178,9.183
1770284280,9.183,9.183,9.171,9.171
1770284340,9.171,9.173,9.162,9.168
1770284400,9.168,9.195,9.168,9.192
1770284460,9.192,9.195,9.181,9.181
1770284520,9.181,9.181,9.163,9.167
1770284580,9.167,9.169,9.163,9.166
1770284640,9.166,9.166,9.16,9.163
1770284700,9.163,9.166,9.16,9.166
1770284760,9.166,9.174,9.164,9.174
1770284820,9.174,9.174,9.156,9.163
1770284880,9.163,9.168,9.155,9.16
1770284940,9.16,9.16,9.148,9.16
1770285000,9.16,9.173,9.155,9.171
1770285060,9.171,9.183,9.171,9.175
1770285120,9.175,9.178,9.172,9.178
1770285180,9.178,9.192,9.177,9.188
1770285240,9.188,9.195,9.188,9.19
1770285300,9.19,9.19,9.181,9.185
1770285360,9.185,9.191,9.182,9.187
1770285420,9.187,9.187,9.178,9.178
1770285480,9.178,9.18,9.176,9.179
1770285540,9.179,9.182,9.179,9.18
1770285600,9.18,9.183,9.177,9.18
1770285660,9.18,9.185,9.166,9.167
1770285720,9.167,9.168,9.152,9.16
1770285780,9.16,9.161,9.144,9.152
1770285840,9.152,9.153,9.147,9.15
1770285900,9.15,9.15,9.134,9.136
1770285960,9.136,9.136,9.122,9.122
1770286020,9.122,9.135,9.117,9.128
1770286080,9.128,9.13,9.119,9.12
1770286140,9.12,9.125,9.116,9.116
1770286200,9.116,9.132,9.116,9.125
1770286260,9.125,9.134,9.125,9.132
1770286320,9.132,9.133,9.128,9.131
1770286380,9.131,9.138,9.129,9.138
1770286440,9.138,9.154,9.135,9.151
1770286500,9.151,9.162,9.151,9.156
1770286560,9.156,9.164,9.151,9.156
1770286620,9.156,9.169,9.155,9.168
1770286680,9.168,9.189,9.168,9.185
1770286740,9.185,9.206,9.185,9.196
1770286800,9.196,9.208,9.196,9.196
1770286860,9.196,9.205,9.194,9.198
1770286920,9.198,9.198,9.184,9.186
1770286980,9.186,9.188,9.18,9.18
1770287040,9.18,9.204,9.18,9.2
1770287100,9.2,9.201,9.187,9.192
1770287160,9.192,9.193,9.189,9.191
1770287220,9.191,9.2,9.191,9.198
1770287280,9.198,9.198,9.188,9.196
1770287340,9.196,9.199,9.19,9.196
1770287400,9.196,9.201,9.191,9.195
1770287460,9.195,9.2,9.195,9.197
1770287520,9.197,9.199,9.185,9.185
1770287580,9.185,9.187,9.171,9.171
1770287640,9.171,9.175,9.156,9.169
1770287700,9.169,9.171,9.151,9.158
1770287760,9.158,9.161,9.153,9.159
1770287820,9.159,9.159,9.146,9.146
1770287880,9.146,9.146,9.138,9.142
1770287940,9.142,9.144,9.139,9.14
1770288000,9.14,9.142,9.137,9.142
1770288060,9.142,9.142,9.126,9.126
1770288120,9.126,9.126,9.113,9.115
1770288180,9.115,9.122,9.093,9.109
1770288240,9.109,9.116,9.099,9.102
1770288300,9.102,9.108,9.083,9.092
1770288360,9.092,9.096,9.062,9.077
1770288420,9.077,9.083,9.074,9.074
1770288480,9.074,9.076,9.052,9.052
1770288540,9.052,9.062,9.046,9.049
1770288600,9.049,9.056,9.042,9.043
1770288660,9.043,9.047,9.034,9.036
1770288720,9.036,9.037,8.983,9.009
1770288780,9.009,9.009,8.993,9.001
1770288840,9.001,9.004,8.986,8.989
1770288900,8.989,8.995,8.924,8.928
1770288960,8.928,8.965,8.928,8.961
1770289020,8.961,8.965,8.936,8.938
1770289080,8.938,8.96,8.938,8.95
1770289140,8.95,8.974,8.948,8.962
1770289200,8.962,8.976,8.957,8.967
1770289260,8.967,8.995,8.967,8.989
1770289320,8.989,8.994,8.979,8.979
1770289380,8.979,8.985,8.961,8.979
1770289440,8.979,8.998,8.978,8.984
1770289500,8.984,8.99,8.978,8.98
1770289560,8.98,9.008,8.98,9.005
1770289620,9.005,9.007,8.998,8.999
1770289680,8.999,9.005,8.981,8.989
1770289740,8.989,8.997,8.989,8.995
1770289800,8.995,8.995,8.974,8.977
1770289860,8.977,8.983,8.956,8.956
1770289920,8.956,8.963,8.944,8.948
1770289980,8.948,8.95,8.916,8.916
1770290040,8.916,8.924,8.906,8.918
1770290100,8.918,8.933,8.918,8.921
1770290160,8.921,8.922,8.901,8.907
1770290220,8.907,8.968,8.907,8.956
1770290280,8.956,8.956,8.931,8.935
1770290340,8.935,8.939,8.917,8.917
1770290400,8.917,8.918,8.89,8.898
1770290460,8.898,8.908,8.887,8.889
1770290520,8.889,8.902,8.855,8.878
1770290580,8.878,8.902,8.859,8.86
1770290640,8.86,8.866,8.817,8.824
1770290700,8.824,8.858,8.823,8.85
1770290760,8.85,8.856,8.827,8.834
1770290820,8.834,8.85,8.808,8.808
1770290880,8.808,8.817,8.801,8.805
1770290940,8.805,8.822,8.792,8.82
1770291000,8.82,8.856,8.808,8.815
1770291060,8.815,8.829,8.804,8.825
1770291120,8.825,8.835,8.808,8.816
1770291180,8.816,8.849,8.816,8.828
1770291240,8.828,8.839,8.825,8.835
1770291300,8.835,8.849,8.828,8.835
1770291360,8.835,8.867,8.819,8.867
1770291420,8.867,8.873,8.854,8.872
1770291480,8.872,8.918,8.872,8.918
1770291540,8.918,8.958,8.918,8.939
1770291600,8.939,8.983,8.935,8.983
1770291660,8.983,8.988,8.968,8.986
1770291720,8.986,8.999,8.969,8.976
1770291780,8.976,8.982,8.967,8.971
1770291840,8.971,8.973,8.964,8.966
1770291900,8.966,8.978,8.959,8.975
1770291960,8.975,8.983,8.92,8.928
1770292020,8.928,8.947,8.927,8.944
1770292080,8.944,8.967,8.944,8.962
1770292140,8.962,8.963,8.94,8.945
1770292200,8.945,8.957,8.928,8.931
1770292260,8.931,8.939,8.917,8.932
1770292320,8.932,8.938,8.926,8.928
1770292380,8.928,8.935,8.907,8.922
1770292440,8.922,8.929,8.905,8.916
1770292500,8.916,8.94,8.914,8.94
1770292560,8.94,8.942,8.91,8.919
1770292620,8.919,8.924,8.913,8.916
1770292680,8.916,8.925,8.916,8.925
1770292740,8.925,8.935,8.923,8.935
1770292800,8.935,8.941,8.922,8.934
1770292860,8.934,8.973,8.928,8.968
1770292920,8.968,8.978,8.955,8.975
1770292980,8.975,8.988,8.967,8.982
1770293040,8.982,8.992,8.964,8.967
1770293100,8.967,8.977,8.963,8.965
1770293160,8.965,8.972,8.953,8.972
1770293220,8.972,8.974,8.954,8.96
1770293280,8.96,8.96,8.923,8.923
1770293340,8.923,8.929,8.915,8.925
1770293400,8.925,8.957,8.925,8.934
1770293460,8.934,8.946,8.931,8.934
1770293520,8.934,8.943,8.929,8.933
1770293580,8.933,8.951,8.933,8.944
1770293640,8.944,8.944,8.917,8.919
1770293700,8.919,8.926,8.887,8.887
1770293760,8.887,8.913,8.863,8.863
1770293820,8.863,8.881,8.847,8.852
1770293880,8.852,8.875,8.849,8.867
1770293940,8.867,8.869,8.836,8.843
1770294000,8.843,8.846,8.827,8.829
1770294060,8.829,8.857,8.829,8.854
1770294120,8.854,8.87,8.853,8.865
1770294180,8.865,8.867,8.839,8.841
1770294240,8.841,8.85,8.832,8.833
1770294300,8.833,8.86,8.83,8.857
1770294360,8.857,8.911,8.85,8.902
1770294420,8.902,8.946,8.902,8.935
1770294480,8.935,8.955,8.935,8.951
1770294540,8.951,8.956,8.922,8.925
1770294600,8.925,8.974,8.911,8.935
1770294660,8.935,8.941,8.891,8.908
1770294720,8.908,8.931,8.902,8.903
1770294780,8.903,8.905,8.878,8.9
1770294840,8.9,8.929,8.887,8.922
1770294900,8.922,8.939,8.905,8.91
1770294960,8.91,8.911,8.881,8.911
1770295020,8.911,8.931,8.911,8.92
1770295080,8.92,8.92,8.893,8.899
1770295140,8.899,8.916,8.884,8.905
1770295200,8.905,8.919,8.896,8.915
1770295260,8.915,8.932,8.911,8.932
1770295320,8.932,8.939,8.899,8.905
1770295380,8.905,8.912,8.885,8.903
1770295440,8.903,8.914,8.898,8.907
1770295500,8.907,8.918,8.899,8.9
1770295560,8.9,8.914,8.899,8.903
1770295620,8.903,8.914,8.894,8.908
1770295680,8.908,8.918,8.901,8.911
1770295740,8.911,8.919,8.896,8.914
1770295800,8.914,8.938,8.903,8.907
1770295860,8.907,8.949,8.907,8.945
1770295920,8.945,8.949,8.921,8.931
1770295980,8.931,8.931,8.916,8.916
1770296040,8.916,8.917,8.895,8.895
1770296100,8.895,8.897,8.872,8.888
1770296160,8.888,8.934,8.888,8.929
1770296220,8.929,8.938,8.921,8.921
1770296280,8.921,8.933,8.921,8.931
1770296340,8.931,8.931,8.914,8.918
1770296400,8.918,8.922,8.915,8.921
1770296460,8.921,8.941,8.908,8.922
1770296520,8.922,8.926,8.913,8.921
1770296580,8.921,8.927,8.915,8.915
1770296640,8.915,8.918,8.902,8.909
1770296700,8.909,8.934,8.909,8.929
1770296760,8.929,8.948,8.921,8.947
1770296820,8.947,8.971,8.938,8.946
1770296880,8.946,8.947,8.924,8.926
1770296940,8.926,8.939,8.917,8.937
1770297000,8.937,8.955,8.931,8.931
1770297060,8.931,8.942,8.927,8.937
1770297120,8.937,8.957,8.931,8.951
1770297180,8.951,8.961,8.924,8.924
1770297240,8.924,8.924,8.893,8.893
1770297300,8.893,8.9,8.875,8.885
1770297360,8.885,8.897,8.881,8.881
1770297420,8.881,8.895,8.875,8.887
1770297480,8.887,8.891,8.879,8.886
1770297540,8.886,8.898,8.88,8.884
1770297600,8.884,8.892,8.881,8.885
1770297660,8.885,8.892,8.875,8.875
1770297720,8.875,8.884,8.872,8.874
1770297780,8.874,8.881,8.845,8.851
1770297840,8.851,8.873,8.851,8.873
1770297900,8.873,8.885,8.865,8.865
1770297960,8.865,8.865,8.826,8.832
1770298020,8.832,8.85,8.832,8.836
1770298080,8.836,8.843,8.829,8.84
1770298140,8.84,8.843,8.832,8.842
1770298200,8.842,8.887,8.83,8.847
1770298260,8.847,8.878,8.843,8.865
1770298320,8.865,8.892,8.864,8.886
1770298380,8.886,8.898,8.864,8.87
1770298440,8.87,8.889,8.854,8.889
1770298500,8.889,8.889,8.856,8.885
1770298560,8.885,8.891,8.877,8.88
1770298620,8.88,8.883,8.86,8.867
1770298680,8.867,8.885,8.865,8.877
1770298740,8.877,8.877,8.854,8.854
1770298800,8.854,8.865,8.846,8.85
1770298860,8.85,8.867,8.848,8.866
1770298920,8.866,8.867,8.843,8.852
1770298980,8.852,8.864,8.849,8.864
1770299040,8.864,8.867,8.856,8.856
1770299100,8.856,8.86,8.853,8.858
1770299160,8.858,8.858,8.828,8.833
1770299220,8.833,8.842,8.827,8.833
1770299280,8.833,8.856,8.831,8.839
1770299340,8.839,8.851,8.839,8.849
1770299400,8.849,8.852,8.838,8.838
1770299460,8.838,8.852,8.827,8.851
1770299520,8.851,8.874,8.85,8.868
1770299580,8.868,8.876,8.865,8.867
1770299640,8.867,8.87,8.862,8.865
1770299700,8.865,8.87,8.86,8.87
1770299760,8.87,8.87,8.857,8.862
1770299820,8.862,8.864,8.829,8.834
1770299880,8.834,8.843,8.822,8.84
1770299940,8.84,8.85,8.838,8.848
1770300000,8.848,8.895,8.846,8.885
1770300060,8.885,8.957,8.878,8.948
1770300120,8.948,8.961,8.925,8.942
1770300180,8.942,8.954,8.916,8.919
1770300240,8.919,8.928,8.907,8.91
1770300300,8.91,8.91,8.874,8.877
1770300360,8.877,8.903,8.877,8.903
1770300420,8.903,8.904,8.889,8.893
1770300480,8.893,8.899,8.888,8.892
1770300540,8.892,8.894,8.867,8.887
1770300600,8.887,8.89,8.871,8.871
1770300660,8.871,8.895,8.869,8.892
1770300720,8.892,8.917,8.888,8.913
1770300780,8.913,8.914,8.896,8.899
1770300840,8.899,8.903,8.883,8.883
1770300900,8.883,8.896,8.852,8.854
1770300960,8.854,8.858,8.844,8.847
1770301020,8.847,8.861,8.847,8.856
1770301080,8.856,8.861,8.855,8.859
1770301140,8.859,8.884,8.857,8.874
1770301200,8.874,8.888,8.873,8.883
1770301260,8.883,8.886,8.874,8.874
1770301320,8.874,8.882,8.868,8.882
1770301380,8.882,8.905,8.882,8.899
1770301440,8.899,8.91,8.899,8.908
1770301500,8.908,8.931,8.908,8.927
1770301560,8.927,8.927,8.918,8.923
1770301620,8.923,8.93,8.915,8.925
1770301680,8.925,8.945,8.925,8.937
1770301740,8.937,8.946,8.932,8.935
1770301800,8.935,8.945,8.913,8.931
1770301860,8.931,8.979,8.912,8.913
1770301920,8.913,8.966,8.906,8.951
1770301980,8.951,8.997,8.941,8.946
1770302040,8.946,8.983,8.935,8.975
1770302100,8.975,9.026,8.968,8.972
1770302160,8.972,8.99,8.963,8.964
1770302220,8.964,9.041,8.947,9.039
1770302280,9.039,9.044,9.01,9.036
1770302340,9.036,9.063,9.018,9.026
1770302400,9.026,9.028,8.997,9.018
1770302460,9.018,9.019,8.975,8.981
1770302520,8.981,9.019,8.972,9.003
1770302580,9.003,9.034,8.998,9.026
1770302640,9.026,9.028,9.012,9.012
1770302700,9.012,9.018,8.991,9.007
1770302760,9.007,9.012,8.976,9.008
1770302820,9.008,9.056,9.006,9.006
1770302880,9.006,9.017,8.96,8.965
1770302940,8.965,8.979,8.957,8.965
1770303000,8.965,8.992,8.957,8.972
1770303060,8.972,8.982,8.943,8.947
1770303120,8.947,8.957,8.938,8.94
1770303180,8.94,8.958,8.937,8.938
1770303240,8.938,8.948,8.904,8.92
1770303300,8.92,8.925,8.888,8.896
1770303360,8.896,8.903,8.882,8.891
1770303420,8.891,8.892,8.849,8.856
1770303480,8.856,8.862,8.842,8.854
1770303540,8.854,8.854,8.821,8.845
1770303600,8.845,8.875,8.809,8.817
1770303660,8.817,8.847,8.813,8.816
1770303720,8.816,8.821,8.787,8.792
1770303780,8.792,8.799,8.758,8.767
1770303840,8.767,8.8,8.75,8.77
1770303900,8.77,8.777,8.702,8.709
1770303960,8.709,8.722,8.688,8.719
1770304020,8.719,8.728,8.687,8.696
1770304080,8.696,8.707,8.674,8.691
1770304140,8.691,8.722,8.677,8.701
1770304200,8.701,8.721,8.649,8.652
1770304260,8.652,8.657,8.616,8.624
1770304320,8.624,8.628,8.577,8.587
1770304380,8.587,8.609,8.565,8.604
1770304440,8.604,8.605,8.566,8.572
1770304500,8.572,8.641,8.57,8.637
1770304560,8.637,8.677,8.622,8.625
1770304620,8.625,8.677,8.625,8.662
1770304680,8.662,8.67,8.594,8.594
1770304740,8.594,8.629,8.585,8.6
1770304800,8.6,8.606,8.543,8.56
1770304860,8.56,8.565,8.493,8.509
1770304920,8.509,8.541,8.478,8.496
1770304980,8.496,8.512,8.371,8.401
1770305040,8.401,8.469,8.395,8.469
1770305100,8.469,8.557,8.468,8.509
1770305160,8.509,8.51,8.459,8.461
1770305220,8.461,8.497,8.455,8.465
1770305280,8.465,8.506,8.402,8.417
1770305340,8.417,8.422,8.361,8.372
1770305400,8.372,8.505,8.365,8.456
1770305460,8.456,8.46,8.398,8.401
1770305520,8.401,8.416,8.319,8.335
1770305580,8.335,8.378,8.321,8.342
1770305640,8.342,8.368,8.301,8.334
1770305700,8.334,8.421,8.334,8.369
1770305760,8.369,8.372,8.327,8.339
1770305820,8.339,8.392,8.336,8.39
1770305880,8.39,8.403,8.351,8.399
1770305940,8.399,8.446,8.397,8.436
1770306000,8.436,8.458,8.39,8.449
1770306060,8.449,8.52,8.442,8.514
1770306120,8.514,8.549,8.504,8.515
1770306180,8.515,8.529,8.496,8.503
1770306240,8.503,8.538,8.499,8.524
1770306300,8.524,8.548,8.463,8.465
1770306360,8.465,8.471,8.423,8.431
1770306420,8.431,8.475,8.426,8.461
1770306480,8.461,8.48,8.442,8.472
1770306540,8.472,8.495,8.457,8.495
1770306600,8.495,8.607,8.488,8.59
1770306660,8.59,8.615,8.574,8.602
1770306720,8.602,8.633,8.583,8.618
1770306780,8.618,8.62,8.544,8.548
1770306840,8.548,8.561,8.507,8.51
1770306900,8.51,8.512,8.488,8.497
1770306960,8.497,8.525,8.445,8.466
1770307020,8.466,8.47,8.439,8.461
1770307080,8.461,8.486,8.438,8.46
1770307140,8.46,8.467,8.445,8.458
1770307200,8.458,8.478,8.429,8.471
1770307260,8.471,8.484,8.445,8.45
1770307320,8.45,8.472,8.439,8.453
1770307380,8.453,8.453,8.398,8.408
1770307440,8.408,8.429,8.405,8.414
1770307500,8.414,8.42,8.391,8.411
1770307560,8.411,8.471,8.411,8.437
1770307620,8.437,8.451,8.421,8.429
1770307680,8.429,8.444,8.411,8.428
1770307740,8.428,8.428,8.389,8.391
1770307800,8.391,8.506,8.391,8.456
1770307860,8.456,8.456,8.421,8.444
1770307920,8.444,8.464,8.439,8.439
1770307980,8.439,8.439,8.411,8.413
1770308040,8.413,8.42,8.4,8.404
1770308100,8.404,8.437,8.392,8.434
1770308160,8.434,8.494,8.423,8.494
1770308220,8.494,8.511,8.467,8.49
1770308280,8.49,8.495,8.459,8.467
1770308340,8.467,8.494,8.45,8.455
1770308400,8.455,8.513,8.451,8.461
1770308460,8.461,8.493,8.446,8.492
1770308520,8.492,8.54,8.489,8.512
1770308580,8.512,8.526,8.494,8.509
1770308640,8.509,8.606,8.492,8.603
1770308700,8.603,8.619,8.565,8.567
1770308760,8.567,8.6,8.558,8.564
1770308820,8.564,8.618,8.562,8.603
1770308880,8.603,8.616,8.588,8.593
1770308940,8.593,8.593,8.571,8.579
1770309000,8.579,8.641,8.579,8.595
1770309060,8.595,8.614,8.581,8.583
1770309120,8.583,8.585,8.535,8.536
1770309180,8.536,8.569,8.529,8.569
1770309240,8.569,8.594,8.562,8.585
1770309300,8.585,8.598,8.57,8.593
1770309360,8.593,8.614,8.559,8.563
1770309420,8.563,8.581,8.551,8.553
1770309480,8.553,8.573,8.53,8.571
1770309540,8.571,8.574,8.527,8.54
1770309600,8.54,8.556,8.513,8.522
1770309660,8.522,8.529,8.51,8.52
1770309720,8.52,8.534,8.51,8.525
1770309780,8.525,8.532,8.499,8.501
1770309840,8.501,8.507,8.494,8.502
1770309900,8.502,8.51,8.458,8.46
1770309960,8.46,8.471,8.46,8.465
1770310020,8.465,8.467,8.442,8.461
1770310080,8.461,8.486,8.452,8.478
1770310140,8.478,8.496,8.458,8.494
1770310200,8.494,8.547,8.494,8.536
1770310260,8.536,8.59,8.533,8.572
1770310320,8.572,8.638,8.571,8.638
1770310380,8.638,8.644,8.605,8.624
1770310440,8.624,8.666,8.619,8.627
1770310500,8.627,8.644,8.61,8.622
1770310560,8.622,8.622,8.568,8.582
1770310620,8.582,8.596,8.579,8.589
1770310680,8.589,8.591,8.561,8.561
1770310740,8.561,8.567,8.545,8.563
1770310800,8.563,8.615,8.538,8.543
1770310860,8.543,8.543,8.517,8.52
1770310920,8.52,8.526,8.503,8.511
1770310980,8.511,8.513,8.476,8.507
1770311040,8.507,8.507,8.478,8.484
1770311100,8.484,8.498,8.47,8.489
1770311160,8.489,8.505,8.456,8.456
1770311220,8.456,8.47,8.438,8.465
1770311280,8.465,8.471,8.448,8.459
1770311340,8.459,8.464,8.404,8.408
1770311400,8.408,8.419,8.397,8.407
1770311460,8.407,8.424,8.392,8.4
1770311520,8.4,8.404,8.382,8.396
1770311580,8.396,8.415,8.393,8.41
1770311640,8.41,8.435,8.401,8.41
1770311700,8.41,8.42,8.373,8.396
1770311760,8.396,8.419,8.394,8.397
1770311820,8.397,8.403,8.37,8.381
1770311880,8.381,8.386,8.362,8.37
1770311940,8.37,8.378,8.349,8.36
1770312000,8.36,8.361,8.254,8.282
1770312060,8.282,8.314,8.279,8.3
1770312120,8.3,8.374,8.3,8.342
1770312180,8.342,8.4,8.342,8.396
1770312240,8.396,8.495,8.396,8.485
1770312300,8.485,8.514,8.461,8.497
1770312360,8.497,8.531,8.483,8.483
1770312420,8.483,8.5,8.462,8.5
1770312480,8.5,8.511,8.443,8.45
1770312540,8.45,8.491,8.449,8.487
1770312600,8.487,8.514,8.452,8.452
1770312660,8.452,8.453,8.329,8.334
1770312720,8.334,8.378,8.329,8.367
1770312780,8.367,8.4,8.365,8.395
1770312840,8.395,8.41,8.37,8.372
1770312900,8.372,8.38,8.357,8.376
1770312960,8.376,8.431,8.375,8.396
1770313020,8.396,8.411,8.379,8.411
1770313080,8.411,8.424,8.389,8.406
1770313140,8.406,8.427,8.383,8.392
1770313200,8.392,8.478,8.385,8.448
1770313260,8.448,8.456,8.426,8.438
1770313320,8.438,8.444,8.404,8.404
1770313380,8.404,8.423,8.396,8.423
1770313440,8.423,8.424,8.388,8.415
1770313500,8.415,8.443,8.404,8.442
1770313560,8.442,8.462,8.419,8.443
1770313620,8.443,8.453,8.423,8.433
1770313680,8.433,8.439,8.38,8.38
1770313740,8.38,8.397,8.367,8.39
1770313800,8.39,8.403,8.376,8.39
1770313860,8.39,8.421,8.389,8.401
1770313920,8.401,8.404,8.365,8.365
1770313980,8.365,8.393,8.365,8.382
1770314040,8.382,8.384,8.361,8.365
1770314100,8.365,8.369,8.341,8.365
1770314160,8.365,8.376,8.351,8.354
1770314220,8.354,8.361,8.341,8.346
1770314280,8.346,8.358,8.334,8.335
1770314340,8.335,8.343,8.328,8.342
1770314400,8.342,8.364,8.341,8.346
1770314460,8.346,8.395,8.34,8.392
1770314520,8.392,8.407,8.357,8.359
1770314580,8.359,8.359,8.307,8.331
1770314640,8.331,8.387,8.331,8.354
1770314700,8.354,8.377,8.336,8.357
1770314760,8.357,8.373,8.34,8.366
1770314820,8.366,8.393,8.355,8.357
1770314880,8.357,8.373,8.347,8.352
1770314940,8.352,8.372,8.345,8.363
1770315000,8.363,8.381,8.358,8.372
1770315060,8.372,8.383,8.366,8.378
1770315120,8.378,8.396,8.366,8.39
1770315180,8.39,8.394,8.36,8.362
1770315240,8.362,8.381,8.362,8.377
1770315300,8.377,8.393,8.373,8.393
1770315360,8.393,8.393,8.304,8.306
1770315420,8.306,8.332,8.306,8.321
1770315480,8.321,8.323,8.29,8.303
1770315540,8.303,8.333,8.299,8.313
1770315600,8.313,8.318,8.277,8.289
1770315660,8.289,8.293,8.263,8.273
1770315720,8.273,8.29,8.247,8.265
1770315780,8.265,8.283,8.246,8.262
1770315840,8.262,8.358,8.262,8.347
1770315900,8.347,8.354,8.293,8.295
1770315960,8.295,8.316,8.281,8.299
1770316020,8.299,8.315,8.279,8.284
1770316080,8.284,8.287,8.266,8.286
1770316140,8.286,8.296,8.274,8.296
1770316200,8.296,8.31,8.277,8.293
1770316260,8.293,8.313,8.262,8.276
1770316320,8.276,8.293,8.215,8.217
1770316380,8.217,8.256,8.217,8.232
1770316440,8.232,8.253,8.221,8.249
1770316500,8.249,8.266,8.244,8.253
1770316560,8.253,8.279,8.251,8.261
1770316620,8.261,8.261,8.235,8.247
1770316680,8.247,8.253,8.224,8.228
1770316740,8.228,8.254,8.227,8.249
1770316800,8.249,8.272,8.232,8.26
1770316860,8.26,8.299,8.256,8.286
1770316920,8.286,8.29,8.267,8.274
1770316980,8.274,8.291,8.238,8.24
1770317040,8.24,8.258,8.233,8.243
1770317100,8.243,8.286,8.243,8.251
1770317160,8.251,8.285,8.232,8.235
1770317220,8.235,8.242,8.209,8.237
1770317280,8.237,8.25,8.232,8.246
1770317340,8.246,8.286,8.245,8.262
1770317400,8.262,8.27,8.245,8.262
1770317460,8.262,8.275,8.252,8.269
1770317520,8.269,8.271,8.246,8.246
1770317580,8.246,8.315,8.246,8.314
1770317640,8.314,8.338,8.298,8.307
1770317700,8.307,8.338,8.296,8.333
1770317760,8.333,8.386,8.33,8.379
1770317820,8.379,8.403,8.369,8.375
1770317880,8.375,8.394,8.356,8.382
1770317940,8.382,8.403,8.372,8.375
1770318000,8.375,8.386,8.356,8.363
1770318060,8.363,8.363,8.324,8.327
1770318120,8.327,8.351,8.325,8.327
1770318180,8.327,8.39,8.327,8.348
1770318240,8.348,8.359,8.333,8.336
1770318300,8.336,8.356,8.317,8.35
1770318360,8.35,8.39,8.341,8.345
1770318420,8.345,8.353,8.315,8.316
1770318480,8.316,8.323,8.305,8.313
1770318540,8.313,8.324,8.304,8.304
1770318600,8.304,8.314,8.292,8.314
1770318660,8.314,8.349,8.311,8.346
1770318720,8.346,8.367,8.324,8.346
1770318780,8.346,8.347,8.324,8.33
1770318840,8.33,8.338,8.319,8.321
1770318900,8.321,8.359,8.31,8.358
1770318960,8.358,8.376,8.34,8.362
1770319020,8.362,8.379,8.339,8.355
1770319080,8.355,8.359,8.321,8.322
1770319140,8.322,8.345,8.317,8.342
1770319200,8.342,8.344,8.311,8.313
1770319260,8.313,8.349,8.311,8.316
1770319320,8.316,8.316,8.296,8.315
1770319380,8.315,8.321,8.302,8.302
1770319440,8.302,8.305,8.276,8.295
1770319500,8.295,8.298,8.256,8.261
1770319560,8.261,8.291,8.25,8.282
1770319620,8.282,8.304,8.28,8.295
1770319680,8.295,8.304,8.286,8.294
1770319740,8.294,8.307,8.287,8.307
1770319800,8.307,8.315,8.286,8.304
1770319860,8.304,8.347,8.303,8.337
1770319920,8.337,8.342,8.289,8.289
1770319980,8.289,8.337,8.287,8.312
1770320040,8.312,8.334,8.308,8.331
1770320100,8.331,8.345,8.317,8.342
1770320160,8.342,8.357,8.316,8.328
1770320220,8.328,8.346,8.32,8.344
1770320280,8.344,8.357,8.333,8.339
1770320340,8.339,8.351,8.324,8.324
1770320400,8.324,8.331,8.313,8.318
1770320460,8.318,8.318,8.294,8.306
1770320520,8.306,8.319,8.299,8.3
1770320580,8.3,8.313,8.3,8.307
1770320640,8.307,8.312,8.292,8.293
1770320700,8.293,8.309,8.292,8.296
1770320760,8.296,8.297,8.271,8.273
1770320820,8.273,8.275,8.259,8.263
1770320880,8.263,8.279,8.263,8.267
1770320940,8.267,8.288,8.267,8.286
1770321000,8.286,8.298,8.267,8.282
1770321060,8.282,8.282,8.251,8.254
1770321120,8.254,8.255,8.224,8.238
1770321180,8.238,8.253,8.238,8.249
1770321240,8.249,8.275,8.243,8.253
1770321300,8.253,8.256,8.236,8.238
1770321360,8.238,8.255,8.217,8.227
1770321420,8.227,8.24,8.227,8.237
1770321480,8.237,8.246,8.231,8.245
1770321540,8.245,8.254,8.241,8.252
1770321600,8.252,8.262,8.242,8.262
1770321660,8.262,8.29,8.259,8.29
1770321720,8.29,8.315,8.269,8.269
1770321780,8.269,8.283,8.256,8.277
1770321840,8.277,8.278,8.259,8.261
1770321900,8.261,8.266,8.234,8.237
1770321960,8.237,8.263,8.231,8.25
1770322020,8.25,8.296,8.246,8.294
1770322080,8.294,8.318,8.291,8.302
1770322140,8.302,8.317,8.296,8.315
1770322200,8.315,8.316,8.281,8.287
1770322260,8.287,8.287,8.257,8.258
1770322320,8.258,8.265,8.25,8.255
1770322380,8.255,8.266,8.24,8.251
1770322440,8.251,8.253,8.231,8.233
1770322500,8.233,8.239,8.156,8.158
1770322560,8.158,8.176,8.131,8.135
1770322620,8.135,8.139,8.091,8.136
1770322680,8.136,8.153,8.117,8.126
1770322740,8.126,8.143,8.096,8.105
1770322800,8.105,8.117,8.086,8.087
1770322860,8.087,8.108,8.042,8.061
1770322920,8.061,8.07,7.999,8.014
1770322980,8.014,8.054,7.989,8.024
1770323040,8.024,8.06,7.996,8.038
1770323100,8.038,8.041,7.904,7.926
1770323160,7.926,8.003,7.898,8.002
1770323220,8.002,8.086,7.999,8.034
1770323280,8.034,8.06,8.012,8.029
1770323340,8.029,8.042,7.993,8.001
1770323400,8.001,8.044,7.98,8.013
1770323460,8.013,8.049,7.975,7.983
1770323520,7.983,8.028,7.953,8.021
1770323580,8.021,8.043,8.002,8.028
1770323640,8.028,8.05,8.001,8.032
1770323700,8.032,8.049,8.002,8.003
1770323760,8.003,8.005,7.929,8
1770323820,8,8.087,8,8.047
1770323880,8.047,8.047,7.989,8.017
1770323940,8.017,8.067,8.015,8.054
1770324000,8.054,8.137,8.053,8.111
1770324060,8.111,8.118,8.077,8.077
1770324120,8.077,8.094,8.04,8.059
1770324180,8.059,8.086,8.048,8.064
1770324240,8.064,8.075,8.045,8.065
1770324300,8.065,8.082,8.027,8.066
1770324360,8.066,8.073,8.01,8.013
1770324420,8.013,8.018,7.992,8.009
1770324480,8.009,8.021,7.972,7.976
1770324540,7.976,7.984,7.961,7.97
1770324600,7.97,7.996,7.958,7.96
1770324660,7.96,7.996,7.918,7.956
1770324720,7.956,7.956,7.903,7.907
1770324780,7.907,7.912,7.876,7.897
1770324840,7.897,7.906,7.863,7.869
1770324900,7.869,7.921,7.846,7.913
1770324960,7.913,7.948,7.897,7.924
1770325020,7.924,7.969,7.915,7.949
1770325080,7.949,8.043,7.948,8.015
1770325140,8.015,8.015,7.971,7.983
1770325200,7.983,8.083,7.967,8.078
1770325260,8.078,8.084,7.971,8.001
1770325320,8.001,8.069,7.994,8.064
1770325380,8.064,8.113,8.055,8.098
1770325440,8.098,8.188,8.098,8.143
1770325500,8.143,8.187,8.137,8.138
1770325560,8.138,8.156,8.11,8.117
1770325620,8.117,8.119,8.086,8.115
1770325680,8.115,8.148,8.102,8.103
1770325740,8.103,8.111,8.077,8.077
1770325800,8.077,8.089,8.049,8.052
1770325860,8.052,8.063,8.032,8.045
1770325920,8.045,8.056,8.028,8.045
1770325980,8.045,8.057,8.018,8.021
1770326040,8.021,8.025,7.995,8.01
1770326100,8.01,8.015,7.959,7.99
1770326160,7.99,8.028,7.99,7.997
1770326220,7.997,7.997,7.942,7.942
1770326280,7.942,7.96,7.925,7.944
1770326340,7.944,7.948,7.927,7.933
1770326400,7.933,7.967,7.915,7.964
1770326460,7.964,8.035,7.96,8.006
1770326520,8.006,8.041,8.004,8.015
1770326580,8.015,8.143,8.015,8.123
1770326640,8.123,8.153,8.085,8.087
1770326700,8.087,8.102,8.06,8.063
1770326760,8.063,8.064,8.042,8.042
1770326820,8.042,8.054,8.012,8.053
1770326880,8.053,8.066,8.041,8.06
1770326940,8.06,8.112,8.06,8.112
1770327000,8.112,8.132,8.091,8.106
1770327060,8.106,8.128,8.085,8.123
1770327120,8.123,8.142,8.088,8.099
1770327180,8.099,8.104,8.073,8.078
1770327240,8.078,8.081,8.037,8.041
1770327300,8.041,8.055,8.03,8.036
1770327360,8.036,8.036,7.991,8.002
1770327420,8.002,8.018,7.996,8.012
1770327480,8.012,8.027,8.011,8.019
1770327540,8.019,8.038,8.017,8.035
1770327600,8.035,8.057,8.034,8.043
1770327660,8.043,8.056,8.031,8.054
1770327720,8.054,8.069,8.043,8.059
1770327780,8.059,8.059,8.008,8.01
1770327840,8.01,8.011,7.962,7.993
1770327900,7.993,8.012,7.989,7.992
1770327960,7.992,8.011,7.968,8.011
1770328020,8.011,8.039,8.011,8.017
1770328080,8.017,8.038,8.01,8.013
1770328140,8.013,8.014,7.969,7.973
1770328200,7.973,7.987,7.95,7.98
1770328260,7.98,7.989,7.963,7.977
1770328320,7.977,7.991,7.945,7.961
1770328380,7.961,7.972,7.947,7.947
1770328440,7.947,7.976,7.94,7.968
1770328500,7.968,7.991,7.96,7.96
1770328560,7.96,7.96,7.911,7.915
1770328620,7.915,7.958,7.915,7.948
1770328680,7.948,7.969,7.948,7.967
1770328740,7.967,7.98,7.962,7.968
1770328800,7.968,8.004,7.968,7.993
1770328860,7.993,8.013,7.959,7.976
1770328920,7.976,7.977,7.952,7.967
1770328980,7.967,8.021,7.962,7.975
1770329040,7.975,7.991,7.958,7.991
1770329100,7.991,8.004,7.96,7.962
1770329160,7.962,7.977,7.953,7.958
1770329220,7.958,7.958,7.927,7.935
1770329280,7.935,8.018,7.904,8.009
1770329340,8.009,8.046,7.995,8.04
1770329400,8.04,8.07,8.001,8.007
1770329460,8.007,8.015,7.991,8.014
1770329520,8.014,8.029,8.003,8.02
1770329580,8.02,8.028,7.987,8.001
1770329640,8.001,8.004,7.984,7.997
1770329700,7.997,8.012,7.965,7.966
1770329760,7.966,7.979,7.948,7.958
1770329820,7.958,7.963,7.842,7.866
1770329880,7.866,7.9,7.86,7.888
1770329940,7.888,7.929,7.867,7.912
1770330000,7.912,7.928,7.881,7.901
1770330060,7.901,7.908,7.884,7.899
1770330120,7.899,7.91,7.867,7.867
1770330180,7.867,7.88,7.863,7.876
1770330240,7.876,7.89,7.861,7.887
1770330300,7.887,7.906,7.864,7.886
1770330360,7.886,7.909,7.886,7.895
1770330420,7.895,7.925,7.895,7.921
1770330480,7.921,8.052,7.921,8.049
1770330540,8.049,8.097,8.047,8.071
1770330600,8.071,8.13,8.063,8.067
1770330660,8.067,8.068,8.009,8.009
1770330720,8.009,8.033,7.998,8.033
1770330780,8.033,8.033,7.992,7.997
1770330840,7.997,8.036,7.996,8.013
1770330900,8.013,8.035,7.99,8.028
1770330960,8.028,8.028,7.997,8.015
1770331020,8.015,8.031,8.005,8.015
1770331080,8.015,8.023,7.998,7.998
1770331140,7.998,8.023,7.997,8.016
1770331200,8.016,8.018,7.99,8.003
1770331260,8.003,8.033,7.991,8.033
1770331320,8.033,8.046,8.022,8.036
1770331380,8.036,8.05,8.023,8.046
1770331440,8.046,8.063,8.045,8.053
1770331500,8.053,8.07,8.049,8.07
1770331560,8.07,8.077,8.032,8.032
1770331620,8.032,8.035,8.015,8.032
1770331680,8.032,8.044,8.023,8.038
1770331740,8.038,8.06,8.032,8.058
1770331800,8.058,8.059,8.052,8.052
1770331860,8.052,8.07,8.04,8.07
1770331920,8.07,8.113,8.062,8.065
1770331980,8.065,8.088,8.063,8.073
1770332040,8.073,8.084,8.066,8.069
1770332100,8.069,8.069,8.028,8.045
1770332160,8.045,8.058,8.037,8.058
1770332220,8.058,8.073,8.053,8.053
1770332280,8.053,8.053,8.042,8.043
1770332340,8.043,8.045,8.025,8.026
1770332400,8.026,8.042,8.014,8.036
1770332460,8.036,8.04,8.002,8.026
1770332520,8.026,8.069,8.019,8.069
1770332580,8.069,8.117,8.061,8.099
1770332640,8.099,8.159,8.099,8.156
1770332700,8.156,8.183,8.136,8.14
1770332760,8.14,8.172,8.134,8.172
1770332820,8.172,8.173,8.144,8.153
1770332880,8.153,8.153,8.127,8.135
1770332940,8.135,8.179,8.125,8.168
1770333000,8.168,8.2,8.168,8.188
1770333060,8.188,8.194,8.165,8.192
1770333120,8.192,8.202,8.181,8.185
1770333180,8.185,8.192,8.164,8.173
1770333240,8.173,8.182,8.167,8.175
1770333300,8.175,8.196,8.168,8.184
1770333360,8.184,8.184,8.136,8.139
1770333420,8.139,8.167,8.138,8.163
1770333480,8.163,8.163,8.133,8.143
1770333540,8.143,8.143,8.118,8.118
1770333600,8.118,8.121,8.087,8.091
1770333660,8.091,8.095,8.07,8.082
1770333720,8.082,8.087,8.057,8.06
1770333780,8.06,8.07,8.057,8.059
1770333840,8.059,8.069,8.045,8.047
1770333900,8.047,8.076,8.047,8.072
1770333960,8.072,8.078,8.058,8.078
1770334020,8.078,8.087,8.074,8.084
1770334080,8.084,8.099,8.078,8.086
1770334140,8.086,8.103,8.086,8.1
1770334200,8.1,8.114,8.094,8.099
1770334260,8.099,8.135,8.095,8.133
1770334320,8.133,8.136,8.103,8.105
1770334380,8.105,8.109,8.087,8.087
1770334440,8.087,8.087,8.058,8.059
1770334500,8.059,8.063,8.02,8.021
1770334560,8.021,8.026,8.001,8.013
1770334620,8.013,8.018,7.994,8
1770334680,8,8.022,7.997,8.02
1770334740,8.02,8.028,8.002,8.005
1770334800,8.005,8.005,7.982,8.001
1770334860,8.001,8.013,7.968,7.976
1770334920,7.976,7.986,7.969,7.984
1770334980,7.984,7.99,7.974,7.977
1770335040,7.977,7.983,7.972,7.977
1770335100,7.977,7.984,7.973,7.975
1770335160,7.975,7.996,7.975,7.99
1770335220,7.99,7.994,7.969,7.978
1770335280,7.978,7.989,7.956,7.988
1770335340,7.988,8.005,7.983,7.985
1770335400,7.985,7.985,7.959,7.975
1770335460,7.975,7.975,7.951,7.955
1770335520,7.955,7.959,7.897,7.912
1770335580,7.912,7.913,7.889,7.906
1770335640,7.906,7.914,7.897,7.902
1770335700,7.902,7.917,7.902,7.912
1770335760,7.912,7.924,7.894,7.923
1770335820,7.923,7.936,7.902,7.905
1770335880,7.905,7.91,7.889,7.896
1770335940,7.896,7.917,7.894,7.909
1780617600,8.011,8.011,7.991,7.991
1780617660,7.991,8.001,7.985,7.985
1780617720,7.985,7.999,7.981,7.997
1780617780,7.997,8.004,7.994,7.994
1780617840,7.994,7.994,7.986,7.987
1780617900,7.987,8.004,7.987,7.998
1780617960,7.998,8.009,7.991,8.009
1780618020,8.009,8.009,7.997,8.002
1780618080,8.002,8.007,7.988,8
1780618140,8,8.003,7.994,7.999
1780618200,7.999,8.006,7.993,7.994
1780618260,7.994,7.998,7.986,7.989
1780618320,7.989,7.99,7.98,7.987
1780618380,7.987,7.994,7.973,7.974
1780618440,7.974,7.975,7.964,7.967
1780618500,7.967,7.973,7.961,7.969
1780618560,7.969,7.971,7.963,7.966
1780618620,7.966,7.972,7.957,7.959
1780618680,7.959,7.959,7.947,7.955
1780618740,7.955,7.967,7.949,7.962
1780618800,7.962,8,7.961,7.994
1780618860,7.994,7.998,7.98,7.996
1780618920,7.996,7.998,7.984,7.998
1780618980,7.998,8.018,7.998,8.018
1780619040,8.018,8.018,8.004,8.008
1780619100,8.008,8.008,7.989,7.989
1780619160,7.989,8.005,7.986,8.004
1780619220,8.004,8.012,7.993,8.012
1780619280,8.012,8.026,8.01,8.026
1780619340,8.026,8.034,8.021,8.031
1780619400,8.031,8.034,8.025,8.03
1780619460,8.03,8.033,8.024,8.028
1780619520,8.028,8.034,8.019,8.019
1780619580,8.019,8.034,8.016,8.034
1780619640,8.034,8.034,8.02,8.02
1780619700,8.02,8.022,8.013,8.015
1780619760,8.015,8.022,8.014,8.014
1780619820,8.014,8.016,8,8.009
1780619880,8.009,8.015,7.999,8.014
1780619940,8.014,8.033,8.014,8.033
1780620000,8.033,8.033,8.024,8.025
1780620060,8.025,8.026,8.013,8.013
1780620120,8.013,8.016,8.005,8.013
1780620180,8.013,8.018,8.009,8.018
1780620240,8.018,8.022,8.015,8.018
1780620300,8.018,8.027,8.012,8.024
1780620360,8.024,8.029,8.02,8.029
1780620420,8.029,8.031,8.023,8.024
1780620480,8.024,8.031,8.022,8.03
1780620540,8.03,8.03,8.022,8.023
1780620600,8.023,8.023,8.005,8.006
1780620660,8.006,8.014,8.006,8.011
1780620720,8.011,8.011,7.986,7.987
1780620780,7.987,7.991,7.979,7.982
1780620840,7.982,7.992,7.98,7.986
1780620900,7.986,7.986,7.98,7.98
1780620960,7.98,7.984,7.977,7.98
1780621020,7.98,7.986,7.973,7.973
1780621080,7.973,7.973,7.951,7.952
1780621140,7.952,7.958,7.947,7.949
1780621200,7.949,7.949,7.94,7.945
1780621260,7.945,7.945,7.906,7.906
1780621320,7.906,7.928,7.906,7.917
1780621380,7.917,7.917,7.886,7.892
1780621440,7.892,7.896,7.872,7.877
1780621500,7.877,7.903,7.877,7.9
1780621560,7.9,7.916,7.898,7.912
1780621620,7.912,7.939,7.912,7.932
1780621680,7.932,7.932,7.911,7.911
1780621740,7.911,7.922,7.908,7.922
1780621800,7.922,7.927,7.905,7.907
1780621860,7.907,7.915,7.904,7.91
1780621920,7.91,7.933,7.91,7.933
1780621980,7.933,7.933,7.919,7.926
1780622040,7.926,7.939,7.926,7.939
1780622100,7.939,7.942,7.922,7.925
1780622160,7.925,7.936,7.916,7.935
1780622220,7.935,7.96,7.93,7.96
1780622280,7.96,7.965,7.95,7.958
1780622340,7.958,7.958,7.943,7.947
1780622400,7.947,7.947,7.933,7.933
1780622460,7.933,7.945,7.93,7.932
1780622520,7.932,7.932,7.903,7.903
1780622580,7.903,7.915,7.898,7.915
1780622640,7.915,7.933,7.915,7.933
1780622700,7.933,7.941,7.926,7.928
1780622760,7.928,7.937,7.919,7.919
1780622820,7.919,7.925,7.918,7.922
1780622880,7.922,7.929,7.916,7.922
1780622940,7.922,7.943,7.922,7.942
1780623000,7.942,7.983,7.942,7.969
1780623060,7.969,7.983,7.961,7.983
1780623120,7.983,7.983,7.965,7.967
1780623180,7.967,7.975,7.966,7.972
1780623240,7.972,7.972,7.956,7.962
1780623300,7.962,7.979,7.959,7.978
1780623360,7.978,7.983,7.975,7.976
1780623420,7.976,7.979,7.972,7.973
1780623480,7.973,7.973,7.937,7.944
1780623540,7.944,7.951,7.944,7.948
1780623600,7.948,7.954,7.943,7.951
1780623660,7.951,7.952,7.943,7.947
1780623720,7.947,7.949,7.937,7.938
1780623780,7.938,7.956,7.934,7.956
1780623840,7.956,7.97,7.95,7.97
1780623900,7.97,7.971,7.957,7.958
1780623960,7.958,7.967,7.955,7.96
1780624020,7.96,7.963,7.948,7.957
1780624080,7.957,7.961,7.952,7.956
1780624140,7.956,7.959,7.953,7.959
1780624200,7.959,7.959,7.946,7.946
1780624260,7.946,7.956,7.941,7.951
1780624320,7.951,7.957,7.948,7.952
1780624380,7.952,7.959,7.952,7.958
1780624440,7.958,7.958,7.952,7.953
1780624500,7.953,7.962,7.942,7.962
1780624560,7.962,7.975,7.959,7.968
1780624620,7.968,7.974,7.962,7.962
1780624680,7.962,7.964,7.953,7.964
1780624740,7.964,7.964,7.955,7.955
1780624800,7.955,7.962,7.95,7.95
1780624860,7.95,7.961,7.934,7.936
1780624920,7.936,7.941,7.925,7.936
1780624980,7.936,7.951,7.935,7.946
1780625040,7.946,7.946,7.937,7.946
1780625100,7.946,7.946,7.932,7.936
1780625160,7.936,7.94,7.931,7.94
1780625220,7.94,7.943,7.919,7.924
1780625280,7.924,7.932,7.913,7.913
1780625340,7.913,7.924,7.913,7.918
1780625400,7.918,7.93,7.914,7.929
1780625460,7.929,7.93,7.919,7.922
1780625520,7.922,7.93,7.919,7.926
1780625580,7.926,7.928,7.916,7.921
1780625640,7.921,7.921,7.914,7.914
1780625700,7.914,7.931,7.914,7.923
1780625760,7.923,7.93,7.915,7.915
1780625820,7.915,7.926,7.907,7.926
1780625880,7.926,7.93,7.894,7.9
1780625940,7.9,7.905,7.889,7.894
1780626000,7.894,7.901,7.879,7.88
1780626060,7.88,7.892,7.868,7.877
1780626120,7.877,7.879,7.866,7.871
1780626180,7.871,7.895,7.871,7.894
1780626240,7.894,7.904,7.889,7.903
1780626300,7.903,7.909,7.895,7.896
1780626360,7.896,7.903,7.895,7.897
1780626420,7.897,7.901,7.882,7.885
1780626480,7.885,7.885,7.874,7.877
1780626540,7.877,7.883,7.863,7.863
1780626600,7.863,7.865,7.844,7.856
1780626660,7.856,7.888,7.856,7.883
1780626720,7.883,7.887,7.873,7.882
1780626780,7.882,7.885,7.863,7.866
1780626840,7.866,7.881,7.866,7.872
1780626900,7.872,7.888,7.869,7.888
1780626960,7.888,7.891,7.87,7.872
1780627020,7.872,7.894,7.872,7.891
1780627080,7.891,7.893,7.872,7.872
1780627140,7.872,7.877,7.872,7.874
1780627200,7.874,7.878,7.86,7.871
1780627260,7.871,7.878,7.863,7.869
1780627320,7.869,7.869,7.833,7.833
1780627380,7.833,7.841,7.806,7.84
1780627440,7.84,7.858,7.84,7.844
1780627500,7.844,7.856,7.837,7.854
1780627560,7.854,7.859,7.841,7.843
1780627620,7.843,7.853,7.831,7.838
1780627680,7.838,7.845,7.821,7.829
1780627740,7.829,7.834,7.814,7.822
1780627800,7.822,7.844,7.818,7.84
1780627860,7.84,7.846,7.837,7.837
1780627920,7.837,7.837,7.825,7.831
1780627980,7.831,7.837,7.828,7.831
1780628040,7.831,7.833,7.807,7.809
1780628100,7.809,7.818,7.807,7.814
1780628160,7.814,7.821,7.807,7.819
1780628220,7.819,7.826,7.811,7.811
1780628280,7.811,7.811,7.786,7.795
1780628340,7.795,7.805,7.794,7.796
1780628400,7.796,7.798,7.777,7.784
1780628460,7.784,7.785,7.767,7.777
1780628520,7.777,7.78,7.762,7.77
1780628580,7.77,7.797,7.77,7.786
1780628640,7.786,7.8,7.783,7.797
1780628700,7.797,7.797,7.78,7.783
1780628760,7.783,7.797,7.763,7.766
1780628820,7.766,7.782,7.766,7.771
1780628880,7.771,7.779,7.766,7.77
1780628940,7.77,7.786,7.77,7.782
1780629000,7.782,7.788,7.775,7.777
1780629060,7.777,7.779,7.76,7.771
1780629120,7.771,7.776,7.766,7.775
1780629180,7.775,7.778,7.764,7.774
1780629240,7.774,7.779,7.771,7.773
1780629300,7.773,7.8,7.772,7.797
1780629360,7.797,7.832,7.796,7.821
1780629420,7.821,7.844,7.821,7.843
1780629480,7.843,7.857,7.842,7.848
1780629540,7.848,7.856,7.842,7.846
1780629600,7.846,7.846,7.832,7.832
1780629660,7.832,7.838,7.824,7.824
1780629720,7.824,7.829,7.813,7.829
1780629780,7.829,7.839,7.826,7.826
1780629840,7.826,7.832,7.82,7.832
1780629900,7.832,7.833,7.82,7.826
1780629960,7.826,7.829,7.811,7.811
1780630020,7.811,7.82,7.808,7.809
1780630080,7.809,7.811,7.798,7.806
1780630140,7.806,7.82,7.806,7.82
1780630200,7.82,7.847,7.82,7.846
1780630260,7.846,7.861,7.843,7.853
1780630320,7.853,7.863,7.853,7.857
1780630380,7.857,7.859,7.845,7.847
1780630440,7.847,7.85,7.844,7.848
1780630500,7.848,7.848,7.835,7.845
1780630560,7.845,7.847,7.836,7.836
1780630620,7.836,7.838,7.816,7.819
1780630680,7.819,7.823,7.81,7.81
1780630740,7.81,7.823,7.81,7.823
1780630800,7.823,7.828,7.811,7.811
1780630860,7.811,7.811,7.796,7.796
1780630920,7.796,7.801,7.791,7.795
1780630980,7.795,7.799,7.783,7.788
1780631040,7.788,7.795,7.788,7.794
1780631100,7.794,7.807,7.79,7.806
1780631160,7.806,7.817,7.799,7.811
1780631220,7.811,7.814,7.796,7.805
1780631280,7.805,7.807,7.799,7.8
1780631340,7.8,7.805,7.799,7.8
1780631400,7.8,7.817,7.8,7.804
1780631460,7.804,7.808,7.796,7.803
1780631520,7.803,7.803,7.79,7.793
1780631580,7.793,7.8,7.778,7.781
1780631640,7.781,7.788,7.778,7.788
1780631700,7.788,7.799,7.782,7.799
1780631760,7.799,7.801,7.795,7.798
1780631820,7.798,7.799,7.79,7.79
1780631880,7.79,7.79,7.775,7.78
1780631940,7.78,7.784,7.773,7.784
1780632000,7.784,7.788,7.776,7.776
1780632060,7.776,7.784,7.774,7.778
1780632120,7.778,7.788,7.77,7.779
1780632180,7.779,7.78,7.771,7.771
1780632240,7.771,7.796,7.752,7.79
1780632300,7.79,7.793,7.783,7.792
1780632360,7.792,7.827,7.792,7.821
1780632420,7.821,7.861,7.821,7.86
1780632480,7.86,7.872,7.844,7.846
1780632540,7.846,7.856,7.837,7.854
1780632600,7.854,7.856,7.842,7.844
1780632660,7.844,7.844,7.827,7.839
1780632720,7.839,7.851,7.83,7.83
1780632780,7.83,7.835,7.824,7.825
1780632840,7.825,7.834,7.822,7.834
1780632900,7.834,7.838,7.823,7.823
1780632960,7.823,7.828,7.81,7.81
1780633020,7.81,7.817,7.809,7.811
1780633080,7.811,7.811,7.794,7.805
1780633140,7.805,7.81,7.801,7.802
1780633200,7.802,7.804,7.793,7.801
1780633260,7.801,7.812,7.801,7.811
1780633320,7.811,7.823,7.81,7.817
1780633380,7.817,7.823,7.815,7.822
1780633440,7.822,7.829,7.82,7.828
1780633500,7.828,7.864,7.826,7.862
1780633560,7.862,7.878,7.855,7.872
1780633620,7.872,7.875,7.859,7.863
1780633680,7.863,7.875,7.859,7.874
1780633740,7.874,7.875,7.867,7.874
1780633800,7.874,7.874,7.836,7.836
1780633860,7.836,7.84,7.831,7.832
1780633920,7.832,7.841,7.83,7.832
1780633980,7.832,7.837,7.828,7.828
1780634040,7.828,7.831,7.827,7.831
1780634100,7.831,7.841,7.826,7.841
1780634160,7.841,7.847,7.841,7.843
1780634220,7.843,7.847,7.834,7.839
1780634280,7.839,7.844,7.832,7.842
1780634340,7.842,7.843,7.826,7.83
1780634400,7.83,7.83,7.821,7.827
1780634460,7.827,7.832,7.824,7.824
1780634520,7.824,7.827,7.816,7.818
1780634580,7.818,7.818,7.807,7.809
1780634640,7.809,7.816,7.806,7.81
1780634700,7.81,7.817,7.809,7.817
1780634760,7.817,7.817,7.791,7.791
1780634820,7.791,7.792,7.783,7.79
1780634880,7.79,7.796,7.781,7.783
1780634940,7.783,7.797,7.783,7.794
1780635000,7.794,7.82,7.794,7.816
1780635060,7.816,7.825,7.813,7.821
1780635120,7.821,7.834,7.821,7.834
1780635180,7.834,7.837,7.825,7.832
1780635240,7.832,7.865,7.832,7.863
1780635300,7.863,7.863,7.846,7.846
1780635360,7.846,7.849,7.839,7.841
1780635420,7.841,7.849,7.833,7.842
1780635480,7.842,7.882,7.84,7.881
1780635540,7.881,7.892,7.874,7.878
1780635600,7.878,7.893,7.862,7.862
1780635660,7.862,7.87,7.855,7.87
1780635720,7.87,7.879,7.865,7.878
1780635780,7.878,7.878,7.853,7.853
1780635840,7.853,7.857,7.845,7.846
1780635900,7.846,7.862,7.845,7.852
1780635960,7.852,7.855,7.83,7.833
1780636020,7.833,7.835,7.826,7.826
1780636080,7.826,7.832,7.809,7.813
1780636140,7.813,7.819,7.808,7.812
1780636200,7.812,7.82,7.81,7.82
1780636260,7.82,7.827,7.82,7.824
1780636320,7.824,7.824,7.81,7.811
1780636380,7.811,7.818,7.811,7.816
1780636440,7.816,7.823,7.816,7.821
1780636500,7.821,7.828,7.814,7.815
1780636560,7.815,7.815,7.804,7.811
1780636620,7.811,7.817,7.808,7.808
1780636680,7.808,7.811,7.8,7.811
1780636740,7.811,7.816,7.809,7.816
1780636800,7.816,7.822,7.816,7.821
1780636860,7.821,7.842,7.821,7.829
1780636920,7.829,7.829,7.819,7.822
1780636980,7.822,7.83,7.822,7.825
1780637040,7.825,7.825,7.817,7.818
1780637100,7.818,7.833,7.817,7.832
1780637160,7.832,7.84,7.832,7.84
1780637220,7.84,7.857,7.838,7.851
1780637280,7.851,7.855,7.847,7.848
1780637340,7.848,7.849,7.842,7.846
1780637400,7.846,7.852,7.843,7.843
1780637460,7.843,7.855,7.842,7.842
1780637520,7.842,7.845,7.836,7.842
1780637580,7.842,7.844,7.828,7.829
1780637640,7.829,7.832,7.824,7.824
1780637700,7.824,7.824,7.803,7.803
1780637760,7.803,7.807,7.793,7.795
1780637820,7.795,7.801,7.753,7.758
1780637880,7.758,7.771,7.757,7.762
1780637940,7.762,7.768,7.758,7.767
1780638000,7.767,7.771,7.76,7.761
1780638060,7.761,7.761,7.732,7.735
1780638120,7.735,7.741,7.723,7.729
1780638180,7.729,7.742,7.713,7.724
1780638240,7.724,7.726,7.714,7.718
1780638300,7.718,7.728,7.696,7.704
1780638360,7.704,7.706,7.687,7.694
1780638420,7.694,7.695,7.667,7.682
1780638480,7.682,7.7,7.682,7.694
1780638540,7.694,7.701,7.689,7.69
1780638600,7.69,7.705,7.683,7.702
1780638660,7.702,7.715,7.699,7.714
1780638720,7.714,7.727,7.712,7.715
1780638780,7.715,7.715,7.674,7.681
1780638840,7.681,7.696,7.664,7.665
1780638900,7.665,7.679,7.656,7.661
1780638960,7.661,7.669,7.641,7.653
1780639020,7.653,7.67,7.635,7.637
1780639080,7.637,7.655,7.637,7.647
1780639140,7.647,7.651,7.637,7.646
1780639200,7.646,7.65,7.62,7.627
1780639260,7.627,7.653,7.612,7.64
1780639320,7.64,7.652,7.623,7.623
1780639380,7.623,7.623,7.579,7.58
1780639440,7.58,7.611,7.58,7.597
1780639500,7.597,7.634,7.594,7.621
1780639560,7.621,7.644,7.616,7.641
1780639620,7.641,7.659,7.641,7.655
1780639680,7.655,7.656,7.638,7.647
1780639740,7.647,7.652,7.624,7.624
1780639800,7.624,7.624,7.588,7.596
1780639860,7.596,7.607,7.588,7.59
1780639920,7.59,7.605,7.583,7.585
1780639980,7.585,7.587,7.568,7.576
1780640040,7.576,7.587,7.565,7.568
1780640100,7.568,7.595,7.556,7.558
1780640160,7.558,7.566,7.541,7.544
1780640220,7.544,7.563,7.527,7.535
1780640280,7.535,7.549,7.5,7.503
1780640340,7.503,7.508,7.474,7.481
1780640400,7.481,7.505,7.46,7.465
1780640460,7.465,7.485,7.457,7.474
1780640520,7.474,7.475,7.423,7.424
1780640580,7.424,7.437,7.401,7.402
1780640640,7.402,7.427,7.327,7.382
1780640700,7.382,7.421,7.376,7.396
1780640760,7.396,7.435,7.396,7.42
1780640820,7.42,7.465,7.411,7.441
1780640880,7.441,7.459,7.44,7.459
1780640940,7.459,7.463,7.431,7.442
1780641000,7.442,7.462,7.426,7.438
1780641060,7.438,7.454,7.433,7.449
1780641120,7.449,7.482,7.448,7.467
1780641180,7.467,7.485,7.457,7.478
1780641240,7.478,7.484,7.432,7.432
1780641300,7.432,7.433,7.414,7.432
1780641360,7.432,7.475,7.432,7.475
1780641420,7.475,7.475,7.438,7.439
1780641480,7.439,7.46,7.439,7.456
1780641540,7.456,7.487,7.454,7.464
1780641600,7.464,7.485,7.462,7.468
1780641660,7.468,7.472,7.46,7.469
1780641720,7.469,7.49,7.469,7.469
1780641780,7.469,7.493,7.451,7.491
1780641840,7.491,7.547,7.491,7.534
1780641900,7.534,7.545,7.505,7.508
1780641960,7.508,7.508,7.474,7.479
1780642020,7.479,7.5,7.476,7.5
1780642080,7.5,7.515,7.496,7.5
1780642140,7.5,7.5,7.479,7.484
1780642200,7.484,7.484,7.458,7.476
1780642260,7.476,7.491,7.457,7.458
1780642320,7.458,7.466,7.451,7.457
1780642380,7.457,7.493,7.453,7.489
1780642440,7.489,7.499,7.481,7.494
1780642500,7.494,7.503,7.49,7.491
1780642560,7.491,7.496,7.482,7.483
1780642620,7.483,7.499,7.483,7.498
1780642680,7.498,7.51,7.481,7.485
1780642740,7.485,7.488,7.474,7.487
1780642800,7.487,7.493,7.475,7.481
1780642860,7.481,7.483,7.449,7.454
1780642920,7.454,7.462,7.436,7.445
1780642980,7.445,7.447,7.437,7.446
1780643040,7.446,7.446,7.424,7.43
1780643100,7.43,7.436,7.411,7.413
1780643160,7.413,7.419,7.382,7.385
1780643220,7.385,7.4,7.372,7.392
1780643280,7.392,7.418,7.388,7.393
1780643340,7.393,7.41,7.39,7.395
1780643400,7.395,7.428,7.385,7.392
1780643460,7.392,7.399,7.381,7.382
1780643520,7.382,7.409,7.366,7.409
1780643580,7.409,7.411,7.392,7.394
1780643640,7.394,7.395,7.369,7.369
1780643700,7.369,7.403,7.369,7.394
1780643760,7.394,7.424,7.394,7.424
1780643820,7.424,7.425,7.399,7.421
1780643880,7.421,7.446,7.417,7.418
1780643940,7.418,7.431,7.411,7.419
1780644000,7.419,7.43,7.41,7.42
1780644060,7.42,7.456,7.417,7.456
1780644120,7.456,7.467,7.444,7.461
1780644180,7.461,7.491,7.457,7.487
1780644240,7.487,7.507,7.468,7.472
1780644300,7.472,7.493,7.46,7.489
1780644360,7.489,7.528,7.489,7.515
1780644420,7.515,7.545,7.515,7.536
1780644480,7.536,7.551,7.531,7.539
1780644540,7.539,7.539,7.523,7.532
1780644600,7.532,7.556,7.522,7.545
1780644660,7.545,7.545,7.509,7.51
1780644720,7.51,7.55,7.51,7.545
1780644780,7.545,7.568,7.538,7.564
1780644840,7.564,7.564,7.544,7.548
1780644900,7.548,7.57,7.545,7.57
1780644960,7.57,7.578,7.543,7.547
1780645020,7.547,7.582,7.547,7.581
1780645080,7.581,7.592,7.573,7.586
1780645140,7.586,7.59,7.567,7.585
1780645200,7.585,7.587,7.558,7.574
1780645260,7.574,7.595,7.573,7.594
1780645320,7.594,7.604,7.589,7.596
1780645380,7.596,7.604,7.59,7.604
1780645440,7.604,7.606,7.586,7.606
1780645500,7.606,7.612,7.597,7.608
1780645560,7.608,7.619,7.583,7.583
1780645620,7.583,7.617,7.579,7.617
1780645680,7.617,7.634,7.615,7.628
1780645740,7.628,7.628,7.602,7.606
1780645800,7.606,7.609,7.59,7.59
1780645860,7.59,7.617,7.588,7.607
1780645920,7.607,7.636,7.599,7.612
1780645980,7.612,7.615,7.585,7.596
1780646040,7.596,7.607,7.596,7.607
1780646100,7.607,7.613,7.592,7.6
1780646160,7.6,7.604,7.59,7.59
1780646220,7.59,7.611,7.587,7.609
1780646280,7.609,7.623,7.605,7.615
1780646340,7.615,7.629,7.61,7.623
1780646400,7.623,7.626,7.606,7.616
1780646460,7.616,7.617,7.588,7.603
1780646520,7.603,7.607,7.595,7.595
1780646580,7.595,7.6,7.58,7.586
1780646640,7.586,7.588,7.576,7.578
1780646700,7.578,7.58,7.559,7.573
1780646760,7.573,7.602,7.57,7.597
1780646820,7.597,7.597,7.574,7.582
1780646880,7.582,7.584,7.555,7.555
1780646940,7.555,7.566,7.548,7.559
1780647000,7.559,7.564,7.538,7.538
1780647060,7.538,7.566,7.538,7.565
1780647120,7.565,7.566,7.56,7.564
1780647180,7.564,7.566,7.554,7.556
1780647240,7.556,7.559,7.548,7.558
1780647300,7.558,7.563,7.54,7.54
1780647360,7.54,7.565,7.533,7.563
1780647420,7.563,7.563,7.538,7.538
1780647480,7.538,7.555,7.536,7.553
1780647540,7.553,7.554,7.543,7.554
1780647600,7.554,7.564,7.548,7.561
1780647660,7.561,7.566,7.548,7.566
1780647720,7.566,7.577,7.558,7.563
1780647780,7.563,7.567,7.555,7.555
1780647840,7.555,7.559,7.543,7.549
1780647900,7.549,7.555,7.545,7.546
1780647960,7.546,7.552,7.545,7.552
1780648020,7.552,7.575,7.551,7.565
1780648080,7.565,7.566,7.551,7.556
1780648140,7.556,7.564,7.548,7.561
1780648200,7.561,7.568,7.552,7.565
1780648260,7.565,7.577,7.56,7.577
1780648320,7.577,7.586,7.562,7.563
1780648380,7.563,7.563,7.548,7.556
1780648440,7.556,7.561,7.553,7.556
1780648500,7.556,7.565,7.554,7.559
1780648560,7.559,7.559,7.55,7.552
1780648620,7.552,7.552,7.541,7.546
1780648680,7.546,7.551,7.529,7.53
1780648740,7.53,7.538,7.529,7.529
1780648800,7.529,7.539,7.523,7.539
1780648860,7.539,7.554,7.539,7.551
1780648920,7.551,7.553,7.537,7.537
1780648980,7.537,7.537,7.523,7.529
1780649040,7.529,7.532,7.521,7.522
1780649100,7.522,7.531,7.513,7.521
1780649160,7.521,7.527,7.514,7.527
1780649220,7.527,7.533,7.525,7.53
1780649280,7.53,7.541,7.53,7.533
1780649340,7.533,7.546,7.532,7.545
1780649400,7.545,7.545,7.53,7.53
1780649460,7.53,7.531,7.516,7.516
1780649520,7.516,7.527,7.509,7.524
1780649580,7.524,7.524,7.505,7.507
1780649640,7.507,7.52,7.504,7.512
1780649700,7.512,7.512,7.498,7.503
1780649760,7.503,7.517,7.502,7.517
1780649820,7.517,7.522,7.511,7.511
1780649880,7.511,7.518,7.508,7.514
1780649940,7.514,7.516,7.511,7.513
1780650000,7.513,7.534,7.509,7.521
1780650060,7.521,7.531,7.521,7.528
1780650120,7.528,7.55,7.527,7.54
1780650180,7.54,7.549,7.538,7.543
1780650240,7.543,7.55,7.529,7.538
1780650300,7.538,7.54,7.532,7.536
1780650360,7.536,7.547,7.535,7.545
1780650420,7.545,7.554,7.543,7.549
1780650480,7.549,7.552,7.536,7.552
1780650540,7.552,7.58,7.552,7.573
1780650600,7.573,7.575,7.568,7.575
1780650660,7.575,7.578,7.566,7.567
1780650720,7.567,7.569,7.554,7.554
1780650780,7.554,7.63,7.552,7.626
1780650840,7.626,7.64,7.615,7.639
1780650900,7.639,7.662,7.626,7.628
1780650960,7.628,7.638,7.615,7.634
1780651020,7.634,7.643,7.609,7.61
1780651080,7.61,7.622,7.605,7.619
1780651140,7.619,7.629,7.609,7.609
1780651200,7.609,7.615,7.602,7.614
1780651260,7.614,7.62,7.61,7.61
1780651320,7.61,7.627,7.604,7.627
1780651380,7.627,7.635,7.626,7.635
1780651440,7.635,7.635,7.629,7.632
1780651500,7.632,7.647,7.632,7.635
1780651560,7.635,7.636,7.625,7.628
1780651620,7.628,7.634,7.618,7.628
1780651680,7.628,7.647,7.628,7.643
1780651740,7.643,7.65,7.639,7.646
1780651800,7.646,7.646,7.626,7.629
1780651860,7.629,7.635,7.614,7.615
1780651920,7.615,7.633,7.614,7.626
1780651980,7.626,7.635,7.623,7.624
1780652040,7.624,7.637,7.622,7.627
1780652100,7.627,7.636,7.624,7.626
1780652160,7.626,7.633,7.623,7.629
1780652220,7.629,7.631,7.621,7.63
1780652280,7.63,7.638,7.622,7.627
1780652340,7.627,7.627,7.616,7.619
1780652400,7.619,7.622,7.616,7.62
1780652460,7.62,7.625,7.612,7.612
1780652520,7.612,7.621,7.612,7.619
1780652580,7.619,7.621,7.614,7.62
1780652640,7.62,7.621,7.614,7.62
1780652700,7.62,7.634,7.619,7.633
1780652760,7.633,7.643,7.63,7.637
1780652820,7.637,7.641,7.629,7.64
1780652880,7.64,7.641,7.627,7.639
1780652940,7.639,7.639,7.631,7.631
1780653000,7.631,7.64,7.626,7.64
1780653060,7.64,7.657,7.64,7.657
1780653120,7.657,7.668,7.65,7.653
1780653180,7.653,7.654,7.638,7.638
1780653240,7.638,7.645,7.637,7.641
1780653300,7.641,7.655,7.641,7.649
1780653360,7.649,7.657,7.647,7.657
1780653420,7.657,7.657,7.651,7.652
1780653480,7.652,7.653,7.648,7.651
1780653540,7.651,7.661,7.646,7.658
1780653600,7.658,7.675,7.657,7.673
1780653660,7.673,7.673,7.658,7.661
1780653720,7.661,7.669,7.647,7.65
1780653780,7.65,7.663,7.65,7.652
1780653840,7.652,7.655,7.644,7.652
1780653900,7.652,7.654,7.634,7.636
1780653960,7.636,7.637,7.624,7.628
1780654020,7.628,7.632,7.624,7.625
1780654080,7.625,7.629,7.623,7.626
1780654140,7.626,7.628,7.611,7.611
1780654200,7.611,7.619,7.599,7.603
1780654260,7.603,7.613,7.599,7.602
1780654320,7.602,7.606,7.6,7.603
1780654380,7.603,7.614,7.603,7.605
1780654440,7.605,7.609,7.6,7.609
1780654500,7.609,7.609,7.597,7.598
1780654560,7.598,7.602,7.59,7.59
1780654620,7.59,7.593,7.586,7.586
1780654680,7.586,7.587,7.576,7.576
1780654740,7.576,7.578,7.572,7.578
1780654800,7.578,7.579,7.573,7.573
1780654860,7.573,7.586,7.573,7.585
1780654920,7.585,7.588,7.582,7.586
1780654980,7.586,7.589,7.576,7.587
1780655040,7.587,7.59,7.586,7.587
1780655100,7.587,7.602,7.587,7.596
1780655160,7.596,7.597,7.582,7.586
1780655220,7.586,7.589,7.585,7.589
1780655280,7.589,7.591,7.587,7.589
1780655340,7.589,7.602,7.589,7.594
1780655400,7.594,7.608,7.594,7.605
1780655460,7.605,7.613,7.601,7.609
1780655520,7.609,7.624,7.606,7.624
1780655580,7.624,7.629,7.621,7.623
1780655640,7.623,7.623,7.617,7.617
1780655700,7.617,7.621,7.61,7.612
1780655760,7.612,7.616,7.592,7.596
1780655820,7.596,7.6,7.589,7.6
1780655880,7.6,7.601,7.587,7.591
1780655940,7.591,7.6,7.591,7.593
1780656000,7.593,7.6,7.593,7.6
1780656060,7.6,7.604,7.59,7.591
1780656120,7.591,7.596,7.589,7.596
1780656180,7.596,7.615,7.596,7.615
1780656240,7.615,7.644,7.615,7.637
1780656300,7.637,7.637,7.62,7.62
1780656360,7.62,7.624,7.611,7.623
1780656420,7.623,7.623,7.611,7.612
1780656480,7.612,7.617,7.598,7.599
1780656540,7.599,7.61,7.599,7.61
1780656600,7.61,7.61,7.606,7.607
1780656660,7.607,7.608,7.598,7.6
1780656720,7.6,7.602,7.582,7.59
1780656780,7.59,7.596,7.587,7.595
1780656840,7.595,7.603,7.593,7.603
1780656900,7.603,7.604,7.59,7.592
1780656960,7.592,7.597,7.592,7.596
1780657020,7.596,7.606,7.596,7.606
1780657080,7.606,7.607,7.6,7.6
1780657140,7.6,7.617,7.6,7.617
1780657200,7.617,7.617,7.604,7.604
1780657260,7.604,7.604,7.588,7.595
1780657320,7.595,7.602,7.587,7.602
1780657380,7.602,7.602,7.585,7.586
1780657440,7.586,7.591,7.575,7.591
1780657500,7.591,7.596,7.579,7.58
1780657560,7.58,7.584,7.575,7.58
1780657620,7.58,7.586,7.575,7.583
1780657680,7.583,7.583,7.571,7.574
1780657740,7.574,7.581,7.567,7.567
1780657800,7.567,7.577,7.558,7.575
1780657860,7.575,7.576,7.563,7.576
1780657920,7.576,7.577,7.567,7.57
1780657980,7.57,7.57,7.56,7.56
1780658040,7.56,7.567,7.559,7.562
1780658100,7.562,7.564,7.551,7.556
1780658160,7.556,7.582,7.556,7.582
1780658220,7.582,7.594,7.578,7.59
1780658280,7.59,7.608,7.59,7.607
1780658340,7.607,7.622,7.606,7.617
1780658400,7.617,7.625,7.611,7.625
1780658460,7.625,7.629,7.619,7.619
1780658520,7.619,7.638,7.616,7.634
1780658580,7.634,7.642,7.63,7.63
1780658640,7.63,7.63,7.587,7.6
1780658700,7.6,7.602,7.597,7.6
1780658760,7.6,7.606,7.594,7.605
1780658820,7.605,7.615,7.604,7.611
1780658880,7.611,7.622,7.61,7.614
1780658940,7.614,7.624,7.614,7.621
1780659000,7.621,7.625,7.615,7.621
1780659060,7.621,7.621,7.59,7.59
1780659120,7.59,7.591,7.578,7.586
1780659180,7.586,7.589,7.582,7.588
1780659240,7.588,7.589,7.579,7.581
1780659300,7.581,7.593,7.581,7.592
1780659360,7.592,7.594,7.577,7.577
1780659420,7.577,7.578,7.571,7.578
1780659480,7.578,7.582,7.571,7.578
1780659540,7.578,7.582,7.569,7.571
1780659600,7.571,7.576,7.566,7.569
1780659660,7.569,7.576,7.568,7.571
1780659720,7.571,7.577,7.571,7.572
1780659780,7.572,7.572,7.561,7.562
1780659840,7.562,7.563,7.551,7.551
1780659900,7.551,7.556,7.531,7.541
1780659960,7.541,7.563,7.541,7.563
1780660020,7.563,7.564,7.557,7.559
1780660080,7.559,7.577,7.558,7.573
1780660140,7.573,7.573,7.559,7.564
1780660200,7.564,7.574,7.564,7.574
1780660260,7.574,7.575,7.566,7.574
1780660320,7.574,7.578,7.567,7.571
1780660380,7.571,7.579,7.565,7.575
1780660440,7.575,7.575,7.548,7.548
1780660500,7.548,7.553,7.543,7.552
1780660560,7.552,7.56,7.552,7.556
1780660620,7.556,7.556,7.547,7.549
1780660680,7.549,7.561,7.548,7.559
1780660740,7.559,7.559,7.548,7.552
1780660800,7.552,7.556,7.543,7.55
1780660860,7.55,7.55,7.511,7.514
1780660920,7.514,7.517,7.501,7.515
1780660980,7.515,7.522,7.488,7.499
1780661040,7.499,7.503,7.492,7.494
1780661100,7.494,7.507,7.49,7.506
1780661160,7.506,7.567,7.505,7.566
1780661220,7.566,7.572,7.558,7.566
1780661280,7.566,7.569,7.544,7.545
1780661340,7.545,7.545,7.53,7.534
1780661400,7.534,7.548,7.524,7.548
1780661460,7.548,7.563,7.535,7.535
1780661520,7.535,7.539,7.531,7.534
1780661580,7.534,7.541,7.531,7.541
1780661640,7.541,7.541,7.534,7.535
1780661700,7.535,7.555,7.535,7.554
1780661760,7.554,7.555,7.539,7.549
1780661820,7.549,7.563,7.549,7.556
1780661880,7.556,7.574,7.551,7.574
1780661940,7.574,7.58,7.571,7.573
1780662000,7.573,7.575,7.548,7.55
1780662060,7.55,7.555,7.548,7.55
1780662120,7.55,7.565,7.542,7.565
1780662180,7.565,7.578,7.562,7.578
1780662240,7.578,7.593,7.574,7.583
1780662300,7.583,7.583,7.559,7.562
1780662360,7.562,7.562,7.555,7.561
1780662420,7.561,7.561,7.545,7.545
1780662480,7.545,7.546,7.53,7.537
1780662540,7.537,7.537,7.518,7.527
1780662600,7.527,7.57,7.521,7.525
1780662660,7.525,7.526,7.478,7.5
1780662720,7.5,7.518,7.491,7.508
1780662780,7.508,7.516,7.491,7.498
1780662840,7.498,7.508,7.481,7.484
1780662900,7.484,7.49,7.472,7.474
1780662960,7.474,7.488,7.464,7.486
1780663020,7.486,7.511,7.486,7.511
1780663080,7.511,7.515,7.499,7.511
1780663140,7.511,7.524,7.498,7.499
1780663200,7.499,7.504,7.485,7.493
1780663260,7.493,7.508,7.493,7.498
1780663320,7.498,7.498,7.489,7.496
1780663380,7.496,7.529,7.494,7.525
1780663440,7.525,7.525,7.506,7.508
1780663500,7.508,7.528,7.507,7.517
1780663560,7.517,7.517,7.498,7.51
1780663620,7.51,7.516,7.504,7.504
1780663680,7.504,7.519,7.503,7.515
1780663740,7.515,7.516,7.503,7.503
1780663800,7.503,7.507,7.486,7.489
1780663860,7.489,7.493,7.48,7.481
1780663920,7.481,7.508,7.481,7.506
1780663980,7.506,7.516,7.499,7.501
1780664040,7.501,7.505,7.5,7.501
1780664100,7.501,7.515,7.496,7.513
1780664160,7.513,7.526,7.509,7.521
1780664220,7.521,7.527,7.517,7.518
1780664280,7.518,7.537,7.517,7.531
1780664340,7.531,7.541,7.528,7.54
1780664400,7.54,7.566,7.54,7.559
1780664460,7.559,7.573,7.556,7.572
1780664520,7.572,7.572,7.557,7.562
1780664580,7.562,7.586,7.558,7.584
1780664640,7.584,7.595,7.575,7.592
1780664700,7.592,7.61,7.586,7.593
1780664760,7.593,7.593,7.578,7.589
1780664820,7.589,7.592,7.581,7.581
1780664880,7.581,7.588,7.57,7.57
1780664940,7.57,7.578,7.569,7.577
1780665000,7.577,7.585,7.574,7.575
1780665060,7.575,7.575,7.565,7.574
1780665120,7.574,7.59,7.574,7.58
1780665180,7.58,7.6,7.579,7.599
1780665240,7.599,7.607,7.595,7.598
1780665300,7.598,7.602,7.588,7.589
1780665360,7.589,7.596,7.583,7.591
1780665420,7.591,7.607,7.588,7.603
1780665480,7.603,7.614,7.603,7.612
1780665540,7.612,7.615,7.595,7.596
1780665600,7.596,7.638,7.592,7.629
1780665660,7.629,7.632,7.618,7.621
1780665720,7.621,7.621,7.606,7.614
1780665780,7.614,7.615,7.6,7.606
1780665840,7.606,7.616,7.605,7.613
1780665900,7.613,7.634,7.61,7.626
1780665960,7.626,7.632,7.62,7.622
1780666020,7.622,7.632,7.614,7.621
1780666080,7.621,7.634,7.614,7.614
1780666140,7.614,7.614,7.6,7.6
1780666200,7.6,7.6,7.58,7.58
1780666260,7.58,7.628,7.58,7.628
1780666320,7.628,7.636,7.618,7.62
1780666380,7.62,7.636,7.62,7.63
1780666440,7.63,7.656,7.628,7.633
1780666500,7.633,7.655,7.625,7.652
1780666560,7.652,7.652,7.632,7.636
1780666620,7.636,7.636,7.615,7.617
1780666680,7.617,7.624,7.595,7.595
1780666740,7.595,7.601,7.587,7.59
1780666800,7.59,7.6,7.579,7.59
1780666860,7.59,7.59,7.571,7.571
1780666920,7.571,7.581,7.562,7.562
1780666980,7.562,7.581,7.562,7.569
1780667040,7.569,7.572,7.552,7.568
1780667100,7.568,7.578,7.546,7.549
1780667160,7.549,7.565,7.549,7.56
1780667220,7.56,7.561,7.536,7.536
1780667280,7.536,7.537,7.518,7.521
1780667340,7.521,7.527,7.49,7.495
1780667400,7.495,7.508,7.493,7.507
1780667460,7.507,7.517,7.49,7.493
1780667520,7.493,7.508,7.478,7.487
1780667580,7.487,7.487,7.461,7.467
1780667640,7.467,7.472,7.458,7.472
1780667700,7.472,7.475,7.436,7.436
1780667760,7.436,7.442,7.402,7.407
1780667820,7.407,7.409,7.376,7.382
1780667880,7.382,7.391,7.373,7.381
1780667940,7.381,7.387,7.369,7.371
1780668000,7.371,7.412,7.369,7.412
1780668060,7.412,7.414,7.359,7.386
1780668120,7.386,7.431,7.385,7.408
1780668180,7.408,7.408,7.372,7.376
1780668240,7.376,7.377,7.352,7.356
1780668300,7.356,7.39,7.355,7.363
1780668360,7.363,7.376,7.319,7.356
1780668420,7.356,7.402,7.353,7.388
1780668480,7.388,7.448,7.388,7.445
1780668540,7.445,7.469,7.434,7.468
1780668600,7.468,7.474,7.438,7.438
1780668660,7.438,7.438,7.394,7.403
1780668720,7.403,7.406,7.386,7.401
1780668780,7.401,7.437,7.401,7.423
1780668840,7.423,7.436,7.417,7.436
1780668900,7.436,7.467,7.43,7.466
1780668960,7.466,7.485,7.455,7.455
1780669020,7.455,7.468,7.45,7.465
1780669080,7.465,7.467,7.429,7.436
1780669140,7.436,7.459,7.436,7.458
1780669200,7.458,7.476,7.452,7.469
1780669260,7.469,7.482,7.45,7.453
1780669320,7.453,7.458,7.427,7.433
1780669380,7.433,7.439,7.424,7.424
1780669440,7.424,7.426,7.403,7.415
1780669500,7.415,7.422,7.405,7.406
1780669560,7.406,7.407,7.387,7.401
1780669620,7.401,7.425,7.396,7.409
1780669680,7.409,7.411,7.4,7.411
1780669740,7.411,7.427,7.401,7.426
1780669800,7.426,7.443,7.417,7.433
1780669860,7.433,7.433,7.409,7.418
1780669920,7.418,7.418,7.393,7.393
1780669980,7.393,7.419,7.393,7.412
1780670040,7.412,7.471,7.409,7.471
1780670100,7.471,7.49,7.442,7.485
1780670160,7.485,7.496,7.458,7.484
1780670220,7.484,7.504,7.472,7.497
1780670280,7.497,7.505,7.456,7.458
1780670340,7.458,7.469,7.451,7.454
1780670400,7.454,7.464,7.447,7.46
1780670460,7.46,7.464,7.449,7.463
1780670520,7.463,7.475,7.452,7.473
1780670580,7.473,7.477,7.45,7.457
1780670640,7.457,7.457,7.435,7.454
1780670700,7.454,7.492,7.454,7.491
1780670760,7.491,7.498,7.465,7.465
1780670820,7.465,7.47,7.447,7.448
1780670880,7.448,7.468,7.446,7.45
1780670940,7.45,7.45,7.417,7.42
1780671000,7.42,7.441,7.413,7.437
1780671060,7.437,7.458,7.436,7.455
1780671120,7.455,7.455,7.428,7.432
1780671180,7.432,7.434,7.41,7.414
1780671240,7.414,7.415,7.402,7.402
1780671300,7.402,7.405,7.381,7.388
1780671360,7.388,7.414,7.387,7.409
1780671420,7.409,7.446,7.409,7.432
1780671480,7.432,7.432,7.407,7.412
1780671540,7.412,7.424,7.411,7.417
1780671600,7.417,7.427,7.392,7.392
1780671660,7.392,7.407,7.355,7.401
1780671720,7.401,7.404,7.377,7.401
1780671780,7.401,7.422,7.399,7.411
1780671840,7.411,7.422,7.391,7.407
1780671900,7.407,7.408,7.376,7.376
1780671960,7.376,7.391,7.37,7.39
1780672020,7.39,7.393,7.381,7.392
1780672080,7.392,7.392,7.364,7.365
1780672140,7.365,7.37,7.352,7.363
1780672200,7.363,7.373,7.346,7.348
1780672260,7.348,7.355,7.33,7.331
1780672320,7.331,7.341,7.313,7.315
1780672380,7.315,7.327,7.307,7.321
1780672440,7.321,7.328,7.315,7.324
1780672500,7.324,7.327,7.293,7.3
1780672560,7.3,7.324,7.3,7.312
1780672620,7.312,7.344,7.305,7.344
1780672680,7.344,7.36,7.342,7.352
1780672740,7.352,7.357,7.331,7.353
1780672800,7.353,7.356,7.307,7.307
1780672860,7.307,7.326,7.3,7.326
1780672920,7.326,7.328,7.309,7.32
1780672980,7.32,7.365,7.32,7.345
1780673040,7.345,7.354,7.341,7.347
1780673100,7.347,7.381,7.346,7.375
1780673160,7.375,7.387,7.365,7.368
1780673220,7.368,7.381,7.35,7.353
1780673280,7.353,7.353,7.329,7.329
1780673340,7.329,7.342,7.319,7.337
1780673400,7.337,7.35,7.326,7.35
1780673460,7.35,7.361,7.344,7.353
1780673520,7.353,7.357,7.315,7.315
1780673580,7.315,7.327,7.315,7.317
1780673640,7.317,7.338,7.317,7.336
1780673700,7.336,7.349,7.323,7.326
1780673760,7.326,7.332,7.291,7.292
1780673820,7.292,7.296,7.265,7.281
1780673880,7.281,7.291,7.269,7.285
1780673940,7.285,7.294,7.264,7.27
1780674000,7.27,7.281,7.262,7.277
1780674060,7.277,7.282,7.268,7.282
1780674120,7.282,7.324,7.282,7.324
1780674180,7.324,7.336,7.317,7.335
1780674240,7.335,7.335,7.299,7.312
1780674300,7.312,7.314,7.271,7.273
1780674360,7.273,7.284,7.261,7.284
1780674420,7.284,7.286,7.247,7.248
1780674480,7.248,7.263,7.236,7.263
1780674540,7.263,7.325,7.257,7.319
1780674600,7.319,7.319,7.294,7.304
1780674660,7.304,7.313,7.298,7.304
1780674720,7.304,7.309,7.295,7.298
1780674780,7.298,7.311,7.294,7.295
1780674840,7.295,7.306,7.288,7.297
1780674900,7.297,7.312,7.296,7.309
1780674960,7.309,7.314,7.297,7.3
1780675020,7.3,7.311,7.291,7.311
1780675080,7.311,7.313,7.293,7.294
1780675140,7.294,7.302,7.284,7.288
1780675200,7.288,7.288,7.242,7.244
1780675260,7.244,7.263,7.24,7.246
1780675320,7.246,7.251,7.225,7.24
1780675380,7.24,7.247,7.225,7.238
1780675440,7.238,7.242,7.221,7.239
1780675500,7.239,7.246,7.224,7.236
1780675560,7.236,7.271,7.224,7.27
1780675620,7.27,7.28,7.241,7.247
1780675680,7.247,7.255,7.213,7.216
1780675740,7.216,7.241,7.206,7.227
1780675800,7.227,7.234,7.196,7.198
1780675860,7.198,7.217,7.182,7.186
1780675920,7.186,7.235,7.16,7.232
1780675980,7.232,7.282,7.216,7.274
1780676040,7.274,7.34,7.274,7.31
1780676100,7.31,7.367,7.291,7.347
1780676160,7.347,7.353,7.322,7.34
1780676220,7.34,7.34,7.318,7.334
1780676280,7.334,7.382,7.322,7.37
1780676340,7.37,7.372,7.344,7.347
1780676400,7.347,7.367,7.34,7.343
1780676460,7.343,7.411,7.338,7.406
1780676520,7.406,7.42,7.389,7.408
1780676580,7.408,7.425,7.381,7.385
1780676640,7.385,7.406,7.371,7.397
1780676700,7.397,7.4,7.377,7.388
1780676760,7.388,7.392,7.376,7.386
1780676820,7.386,7.408,7.386,7.399
1780676880,7.399,7.399,7.359,7.364
1780676940,7.364,7.367,7.349,7.354
1780677000,7.354,7.376,7.345,7.374
1780677060,7.374,7.379,7.358,7.364
1780677120,7.364,7.366,7.345,7.346
1780677180,7.346,7.357,7.327,7.329
1780677240,7.329,7.338,7.315,7.331
1780677300,7.331,7.354,7.328,7.35
1780677360,7.35,7.351,7.338,7.343
1780677420,7.343,7.359,7.331,7.348
1780677480,7.348,7.37,7.348,7.359
1780677540,7.359,7.366,7.343,7.362
1780677600,7.362,7.364,7.346,7.348
1780677660,7.348,7.353,7.34,7.349
1780677720,7.349,7.349,7.33,7.333
1780677780,7.333,7.345,7.316,7.342
1780677840,7.342,7.349,7.336,7.346
1780677900,7.346,7.372,7.346,7.355
1780677960,7.355,7.386,7.355,7.378
1780678020,7.378,7.381,7.359,7.381
1780678080,7.381,7.413,7.374,7.411
1780678140,7.411,7.43,7.393,7.428
1780678200,7.428,7.448,7.415,7.446
1780678260,7.446,7.458,7.432,7.449
1780678320,7.449,7.482,7.44,7.479
1780678380,7.479,7.483,7.468,7.468
1780678440,7.468,7.495,7.465,7.495
1780678500,7.495,7.505,7.48,7.488
1780678560,7.488,7.512,7.481,7.49
1780678620,7.49,7.51,7.485,7.503
1780678680,7.503,7.505,7.486,7.505
1780678740,7.505,7.505,7.483,7.485
1780678800,7.485,7.509,7.484,7.495
1780678860,7.495,7.5,7.473,7.474
1780678920,7.474,7.478,7.46,7.461
1780678980,7.461,7.499,7.46,7.496
1780679040,7.496,7.511,7.481,7.505
1780679100,7.505,7.506,7.483,7.501
1780679160,7.501,7.512,7.476,7.485
1780679220,7.485,7.493,7.483,7.493
1780679280,7.493,7.508,7.481,7.505
1780679340,7.505,7.505,7.449,7.489
1780679400,7.489,7.489,7.471,7.471
1780679460,7.471,7.478,7.434,7.434
1780679520,7.434,7.456,7.43,7.447
1780679580,7.447,7.455,7.439,7.451
1780679640,7.451,7.458,7.446,7.448
1780679700,7.448,7.452,7.427,7.436
1780679760,7.436,7.436,7.424,7.426
1780679820,7.426,7.429,7.404,7.415
1780679880,7.415,7.418,7.398,7.4
1780679940,7.4,7.407,7.394,7.399
1780680000,7.399,7.405,7.394,7.395
1780680060,7.395,7.414,7.393,7.409
1780680120,7.409,7.438,7.406,7.43
1780680180,7.43,7.438,7.412,7.413
1780680240,7.413,7.414,7.4,7.414
1780680300,7.414,7.42,7.399,7.399
1780680360,7.399,7.408,7.393,7.408
1780680420,7.408,7.412,7.402,7.411
1780680480,7.411,7.429,7.409,7.411
1780680540,7.411,7.411,7.395,7.404
1780680600,7.404,7.417,7.4,7.416
1780680660,7.416,7.418,7.409,7.413
1780680720,7.413,7.413,7.393,7.41
1780680780,7.41,7.425,7.406,7.425
1780680840,7.425,7.435,7.417,7.431
1780680900,7.431,7.432,7.414,7.418
1780680960,7.418,7.429,7.409,7.414
1780681020,7.414,7.437,7.414,7.424
1780681080,7.424,7.43,7.417,7.427
1780681140,7.427,7.442,7.421,7.438
1780681200,7.438,7.477,7.437,7.465
1780681260,7.465,7.465,7.436,7.44
1780681320,7.44,7.454,7.437,7.447
1780681380,7.447,7.452,7.438,7.445
1780681440,7.445,7.447,7.412,7.415
1780681500,7.415,7.435,7.415,7.424
1780681560,7.424,7.426,7.412,7.412
1780681620,7.412,7.419,7.408,7.417
1780681680,7.417,7.421,7.407,7.415
1780681740,7.415,7.421,7.402,7.409
1780681800,7.409,7.424,7.409,7.423
1780681860,7.423,7.428,7.408,7.417
1780681920,7.417,7.431,7.416,7.431
1780681980,7.431,7.436,7.419,7.43
1780682040,7.43,7.43,7.421,7.426
1780682100,7.426,7.427,7.405,7.407
1780682160,7.407,7.427,7.407,7.42
1780682220,7.42,7.43,7.42,7.428
1780682280,7.428,7.439,7.427,7.437
1780682340,7.437,7.437,7.423,7.433
1780682400,7.433,7.456,7.429,7.454
1780682460,7.454,7.456,7.441,7.448
1780682520,7.448,7.449,7.429,7.432
1780682580,7.432,7.432,7.409,7.421
1780682640,7.421,7.426,7.416,7.416
1780682700,7.416,7.433,7.412,7.425
1780682760,7.425,7.45,7.425,7.449
1780682820,7.449,7.457,7.445,7.456
1780682880,7.456,7.456,7.437,7.437
1780682940,7.437,7.444,7.429,7.429
1780683000,7.429,7.433,7.414,7.414
1780683060,7.414,7.429,7.413,7.427
1780683120,7.427,7.429,7.407,7.424
1780683180,7.424,7.437,7.424,7.434
1780683240,7.434,7.434,7.405,7.409
1780683300,7.409,7.411,7.388,7.39
1780683360,7.39,7.403,7.388,7.398
1780683420,7.398,7.405,7.391,7.4
1780683480,7.4,7.406,7.379,7.387
1780683540,7.387,7.388,7.374,7.378
1780683600,7.378,7.383,7.356,7.383
1780683660,7.383,7.388,7.347,7.36
1780683720,7.36,7.369,7.357,7.358
1780683780,7.358,7.369,7.35,7.354
1780683840,7.354,7.359,7.342,7.344
1780683900,7.344,7.351,7.341,7.346
1780683960,7.346,7.346,7.323,7.329
1780684020,7.329,7.335,7.325,7.329
1780684080,7.329,7.333,7.312,7.316
1780684140,7.316,7.316,7.302,7.306
1780684200,7.306,7.307,7.288,7.294
1780684260,7.294,7.32,7.293,7.301
1780684320,7.301,7.304,7.282,7.285
1780684380,7.285,7.305,7.28,7.296
1780684440,7.296,7.304,7.293,7.304
1780684500,7.304,7.311,7.295,7.299
1780684560,7.299,7.299,7.283,7.288
1780684620,7.288,7.295,7.268,7.295
1780684680,7.295,7.3,7.285,7.289
1780684740,7.289,7.336,7.289,7.335
1780684800,7.335,7.352,7.335,7.344
1780684860,7.344,7.344,7.312,7.312
1780684920,7.312,7.314,7.289,7.29
1780684980,7.29,7.297,7.271,7.276
1780685040,7.276,7.299,7.251,7.299
1780685100,7.299,7.303,7.269,7.269
1780685160,7.269,7.273,7.256,7.259
1780685220,7.259,7.27,7.245,7.263
1780685280,7.263,7.268,7.252,7.258
1780685340,7.258,7.281,7.258,7.272
1780685400,7.272,7.279,7.255,7.263
1780685460,7.263,7.27,7.227,7.23
1780685520,7.23,7.234,7.193,7.197
1780685580,7.197,7.216,7.187,7.187
1780685640,7.187,7.194,7.179,7.189
1780685700,7.189,7.218,7.175,7.213
1780685760,7.213,7.259,7.199,7.252
1780685820,7.252,7.253,7.225,7.228
1780685880,7.228,7.232,7.192,7.193
1780685940,7.193,7.212,7.193,7.196
1780686000,7.196,7.203,7.145,7.164
1780686060,7.164,7.182,7.151,7.179
1780686120,7.179,7.203,7.174,7.201
1780686180,7.201,7.217,7.197,7.2
1780686240,7.2,7.203,7.165,7.173
1780686300,7.173,7.185,7.152,7.177
1780686360,7.177,7.185,7.152,7.152
1780686420,7.152,7.159,7.139,7.145
1780686480,7.145,7.161,7.145,7.152
1780686540,7.152,7.185,7.151,7.179
1780686600,7.179,7.192,7.17,7.191
1780686660,7.191,7.203,7.169,7.173
1780686720,7.173,7.182,7.152,7.152
1780686780,7.152,7.173,7.151,7.154
1780686840,7.154,7.174,7.148,7.167
1780686900,7.167,7.171,7.152,7.155
1780686960,7.155,7.161,7.118,7.156
1780687020,7.156,7.166,7.11,7.116
1780687080,7.116,7.147,7.115,7.14
1780687140,7.14,7.153,7.113,7.132
1780687200,7.132,7.165,7.123,7.164
1780687260,7.164,7.164,7.139,7.159
1780687320,7.159,7.172,7.139,7.154
1780687380,7.154,7.173,7.149,7.168
1780687440,7.168,7.197,7.164,7.197
1780687500,7.197,7.21,7.189,7.208
1780687560,7.208,7.219,7.201,7.205
1780687620,7.205,7.225,7.204,7.224
1780687680,7.224,7.226,7.215,7.222
1780687740,7.222,7.233,7.216,7.231
1780687800,7.231,7.241,7.217,7.217
1780687860,7.217,7.217,7.186,7.187
1780687920,7.187,7.191,7.169,7.179
1780687980,7.179,7.21,7.178,7.186
1780688040,7.186,7.202,7.18,7.2
1780688100,7.2,7.222,7.191,7.212
1780688160,7.212,7.212,7.19,7.202
1780688220,7.202,7.215,7.189,7.215
1780688280,7.215,7.217,7.202,7.212
1780688340,7.212,7.222,7.204,7.22
1780688400,7.22,7.247,7.216,7.218
1780688460,7.218,7.218,7.188,7.201
1780688520,7.201,7.211,7.198,7.208
1780688580,7.208,7.208,7.192,7.196
1780688640,7.196,7.22,7.195,7.213
1780688700,7.213,7.249,7.211,7.249
1780688760,7.249,7.303,7.238,7.291
1780688820,7.291,7.321,7.289,7.32
1780688880,7.32,7.344,7.311,7.325
1780688940,7.325,7.328,7.31,7.314
1780689000,7.314,7.324,7.297,7.321
1780689060,7.321,7.333,7.305,7.311
1780689120,7.311,7.326,7.305,7.311
1780689180,7.311,7.312,7.286,7.288
1780689240,7.288,7.308,7.288,7.303
1780689300,7.303,7.303,7.285,7.296
1780689360,7.296,7.304,7.293,7.296
1780689420,7.296,7.299,7.289,7.297
1780689480,7.297,7.313,7.292,7.31
1780689540,7.31,7.327,7.295,7.301
1780689600,7.301,7.325,7.299,7.325
1780689660,7.325,7.326,7.284,7.288
1780689720,7.288,7.29,7.26,7.262
1780689780,7.262,7.262,7.237,7.238
1780689840,7.238,7.245,7.224,7.243
1780689900,7.243,7.243,7.213,7.213
1780689960,7.213,7.249,7.213,7.246
1780690020,7.246,7.266,7.24,7.266
1780690080,7.266,7.32,7.261,7.318
1780690140,7.318,7.381,7.308,7.362
1780690200,7.362,7.372,7.34,7.34
1780690260,7.34,7.342,7.331,7.342
1780690320,7.342,7.343,7.326,7.327
1780690380,7.327,7.348,7.327,7.339
1780690440,7.339,7.369,7.339,7.369
1780690500,7.369,7.405,7.367,7.405
1780690560,7.405,7.405,7.354,7.354
1780690620,7.354,7.36,7.35,7.36
1780690680,7.36,7.381,7.354,7.363
1780690740,7.363,7.387,7.361,7.384
1780690800,7.384,7.393,7.379,7.393
1780690860,7.393,7.399,7.37,7.37
1780690920,7.37,7.378,7.356,7.378
1780690980,7.378,7.388,7.375,7.384
1780691040,7.384,7.392,7.377,7.392
1780691100,7.392,7.404,7.386,7.404
1780691160,7.404,7.406,7.389,7.392
1780691220,7.392,7.404,7.39,7.392
1780691280,7.392,7.407,7.39,7.402
1780691340,7.402,7.403,7.388,7.394
1780691400,7.394,7.41,7.378,7.41
1780691460,7.41,7.427,7.402,7.413
1780691520,7.413,7.421,7.403,7.408
1780691580,7.408,7.408,7.372,7.379
1780691640,7.379,7.385,7.368,7.383
1780691700,7.383,7.401,7.382,7.399
1780691760,7.399,7.406,7.396,7.402
1780691820,7.402,7.413,7.398,7.401
1780691880,7.401,7.41,7.395,7.409
1780691940,7.409,7.417,7.404,7.415
1780692000,7.415,7.415,7.402,7.411
1780692060,7.411,7.411,7.397,7.405
1780692120,7.405,7.418,7.405,7.412
1780692180,7.412,7.426,7.407,7.419
1780692240,7.419,7.423,7.416,7.417
1780692300,7.417,7.428,7.414,7.419
1780692360,7.419,7.42,7.4,7.414
1780692420,7.414,7.442,7.414,7.43
1780692480,7.43,7.435,7.42,7.432
1780692540,7.432,7.443,7.427,7.443
1780692600,7.443,7.479,7.436,7.464
1780692660,7.464,7.466,7.451,7.466
1780692720,7.466,7.474,7.444,7.444
1780692780,7.444,7.456,7.436,7.437
1780692840,7.437,7.444,7.433,7.436
1780692900,7.436,7.452,7.436,7.443
1780692960,7.443,7.449,7.442,7.446
1780693020,7.446,7.456,7.445,7.446
1780693080,7.446,7.471,7.446,7.464
1780693140,7.464,7.471,7.457,7.464
1780693200,7.464,7.469,7.45,7.458
1780693260,7.458,7.465,7.454,7.458
1780693320,7.458,7.479,7.458,7.476
1780693380,7.476,7.497,7.474,7.491
1780693440,7.491,7.51,7.487,7.49
1780693500,7.49,7.509,7.486,7.49
1780693560,7.49,7.492,7.466,7.478
1780693620,7.478,7.495,7.477,7.495
1780693680,7.495,7.496,7.489,7.491
1780693740,7.491,7.501,7.491,7.501
1780693800,7.501,7.501,7.491,7.491
1780693860,7.491,7.491,7.468,7.481
1780693920,7.481,7.495,7.473,7.488
1780693980,7.488,7.494,7.482,7.493
1780694040,7.493,7.504,7.484,7.501
1780694100,7.501,7.524,7.493,7.521
1780694160,7.521,7.521,7.491,7.493
1780694220,7.493,7.519,7.493,7.513
1780694280,7.513,7.521,7.506,7.518
1780694340,7.518,7.519,7.5,7.5
1780694400,7.5,7.509,7.497,7.506
1780694460,7.506,7.51,7.488,7.488
1780694520,7.488,7.502,7.486,7.502
1780694580,7.502,7.504,7.494,7.502
1780694640,7.502,7.516,7.502,7.503
1780694700,7.503,7.521,7.502,7.513
1780694760,7.513,7.522,7.506,7.52
1780694820,7.52,7.524,7.515,7.524
1780694880,7.524,7.526,7.505,7.511
1780694940,7.511,7.511,7.503,7.506
1780695000,7.506,7.51,7.494,7.499
1780695060,7.499,7.503,7.494,7.496
1780695120,7.496,7.511,7.494,7.501
1780695180,7.501,7.506,7.497,7.506
1780695240,7.506,7.506,7.498,7.502
1780695300,7.502,7.508,7.501,7.508
1780695360,7.508,7.531,7.505,7.529
1780695420,7.529,7.532,7.518,7.53
1780695480,7.53,7.534,7.519,7.523
1780695540,7.523,7.547,7.519,7.528
1780695600,7.528,7.528,7.523,7.527
1780695660,7.527,7.537,7.519,7.535
1780695720,7.535,7.542,7.533,7.537
1780695780,7.537,7.54,7.535,7.536
1780695840,7.536,7.541,7.532,7.532
1780695900,7.532,7.539,7.53,7.531
1780695960,7.531,7.534,7.527,7.528
1780696020,7.528,7.531,7.523,7.531
1780696080,7.531,7.539,7.527,7.535
1780696140,7.535,7.535,7.526,7.528
1780696200,7.528,7.533,7.526,7.531
1780696260,7.531,7.538,7.531,7.537
1780696320,7.537,7.537,7.533,7.533
1780696380,7.533,7.533,7.517,7.517
1780696440,7.517,7.522,7.51,7.522
1780696500,7.522,7.526,7.522,7.524
1780696560,7.524,7.526,7.507,7.507
1780696620,7.507,7.508,7.492,7.493
1780696680,7.493,7.5,7.491,7.495
1780696740,7.495,7.499,7.494,7.496
1780696800,7.496,7.497,7.485,7.492
1780696860,7.492,7.492,7.472,7.474
1780696920,7.474,7.489,7.471,7.476
1780696980,7.476,7.476,7.457,7.457
1780697040,7.457,7.462,7.445,7.445
1780697100,7.445,7.446,7.427,7.428
1780697160,7.428,7.433,7.378,7.401
1780697220,7.401,7.416,7.4,7.412
1780697280,7.412,7.427,7.412,7.425
1780697340,7.425,7.442,7.424,7.428
1780697400,7.428,7.434,7.416,7.417
1780697460,7.417,7.428,7.406,7.414
1780697520,7.414,7.423,7.413,7.423
1780697580,7.423,7.423,7.408,7.409
1780697640,7.409,7.434,7.409,7.423
1780697700,7.423,7.433,7.407,7.43
1780697760,7.43,7.451,7.429,7.446
1780697820,7.446,7.453,7.44,7.451
1780697880,7.451,7.455,7.439,7.44
1780697940,7.44,7.464,7.429,7.463
1780698000,7.463,7.466,7.441,7.459
1780698060,7.459,7.46,7.444,7.448
1780698120,7.448,7.461,7.445,7.456
1780698180,7.456,7.466,7.443,7.443
1780698240,7.443,7.447,7.433,7.445
1780698300,7.445,7.445,7.426,7.443
1780698360,7.443,7.454,7.43,7.435
1780698420,7.435,7.441,7.426,7.437
1780698480,7.437,7.445,7.422,7.422
1780698540,7.422,7.428,7.421,7.425
1780698600,7.425,7.434,7.415,7.416
1780698660,7.416,7.434,7.403,7.43
1780698720,7.43,7.437,7.427,7.433
1780698780,7.433,7.444,7.428,7.434
1780698840,7.434,7.444,7.431,7.44
1780698900,7.44,7.448,7.434,7.447
1780698960,7.447,7.45,7.44,7.442
1780699020,7.442,7.449,7.441,7.449
1780699080,7.449,7.461,7.445,7.461
1780699140,7.461,7.489,7.46,7.48
1780699200,7.48,7.483,7.461,7.463
1780699260,7.463,7.47,7.459,7.459
1780699320,7.459,7.484,7.459,7.483
1780699380,7.483,7.483,7.472,7.474
1780699440,7.474,7.482,7.474,7.475
1780699500,7.475,7.475,7.442,7.454
1780699560,7.454,7.464,7.453,7.459
1780699620,7.459,7.466,7.457,7.459
1780699680,7.459,7.476,7.459,7.473
1780699740,7.473,7.483,7.473,7.476
1780699800,7.476,7.479,7.457,7.457
1780699860,7.457,7.469,7.449,7.466
1780699920,7.466,7.468,7.458,7.467
1780699980,7.467,7.485,7.467,7.475
1780700040,7.475,7.486,7.475,7.485
1780700100,7.485,7.485,7.461,7.462
1780700160,7.462,7.472,7.461,7.467
1780700220,7.467,7.47,7.46,7.461
1780700280,7.461,7.468,7.455,7.466
1780700340,7.466,7.466,7.449,7.452
1780700400,7.452,7.463,7.451,7.458
1780700460,7.458,7.482,7.458,7.464
1780700520,7.464,7.469,7.451,7.453
1780700580,7.453,7.47,7.452,7.452
1780700640,7.452,7.461,7.445,7.461
1780700700,7.461,7.464,7.454,7.462
1780700760,7.462,7.473,7.462,7.467
1780700820,7.467,7.468,7.454,7.459
1780700880,7.459,7.461,7.434,7.436
1780700940,7.436,7.436,7.429,7.43
1780701000,7.43,7.43,7.417,7.424
1780701060,7.424,7.438,7.424,7.438
1780701120,7.438,7.438,7.424,7.428
1780701180,7.428,7.435,7.428,7.429
1780701240,7.429,7.43,7.411,7.415
1780701300,7.415,7.417,7.396,7.399
1780701360,7.399,7.401,7.38,7.393
1780701420,7.393,7.401,7.386,7.391
1780701480,7.391,7.399,7.391,7.399
1780701540,7.399,7.405,7.384,7.387
1780701600,7.387,7.389,7.368,7.382
1780701660,7.382,7.387,7.382,7.385
1780701720,7.385,7.396,7.357,7.361
1780701780,7.361,7.37,7.361,7.364
1780701840,7.364,7.371,7.35,7.357
1780701900,7.357,7.362,7.345,7.345
1780701960,7.345,7.352,7.34,7.348
1780702020,7.348,7.358,7.346,7.357
1780702080,7.357,7.364,7.354,7.358
1780702140,7.358,7.365,7.355,7.355
1780702200,7.355,7.355,7.329,7.333
1780702260,7.333,7.335,7.319,7.329
1780702320,7.329,7.337,7.315,7.32
1780702380,7.32,7.32,7.287,7.288
1780702440,7.288,7.293,7.276,7.284
1780702500,7.284,7.326,7.284,7.325
1780702560,7.325,7.328,7.321,7.326
1780702620,7.326,7.338,7.326,7.336
1780702680,7.336,7.337,7.33,7.33
1780702740,7.33,7.33,7.314,7.316
1780702800,7.316,7.318,7.298,7.309
1780702860,7.309,7.318,7.309,7.309
1780702920,7.309,7.319,7.305,7.31
1780702980,7.31,7.31,7.299,7.304
1780703040,7.304,7.315,7.303,7.313
1780703100,7.313,7.314,7.296,7.302
1780703160,7.302,7.315,7.302,7.304
1780703220,7.304,7.312,7.298,7.312
1780703280,7.312,7.319,7.312,7.318
1780703340,7.318,7.32,7.308,7.318
1780703400,7.318,7.341,7.318,7.34
1780703460,7.34,7.348,7.336,7.348
1780703520,7.348,7.354,7.345,7.352
1780703580,7.352,7.357,7.347,7.348
1780703640,7.348,7.353,7.347,7.351
1780703700,7.351,7.351,7.345,7.351
1780703760,7.351,7.351,7.345,7.345
1780703820,7.345,7.351,7.344,7.344
1780703880,7.344,7.349,7.342,7.347
1780703940,7.347,7.365,7.346,7.359
