ts,open,high,low,close
1760054400,3.406,3.4075,3.4051,3.4055
1760054460,3.4055,3.4077,3.4044,3.4074
1760054520,3.4074,3.411,3.4074,3.4103
1760054580,3.4103,3.4122,3.4102,3.4105
1760054640,3.4105,3.4129,3.409,3.4113
1760054700,3.4113,3.4113,3.4091,3.4092
1760054760,3.4092,3.4111,3.4091,3.4105
1760054820,3.4105,3.4112,3.4074,3.4082
1760054880,3.4082,3.4106,3.4082,3.4093
1760054940,3.4093,3.4115,3.4093,3.4114
1760055000,3.4114,3.4116,3.4091,3.4091
1760055060,3.4091,3.4108,3.4084,3.4084
1760055120,3.4084,3.4085,3.4078,3.408
1760055180,3.408,3.4104,3.408,3.4102
1760055240,3.4102,3.4103,3.4088,3.41
1760055300,3.41,3.4128,3.41,3.4108
1760055360,3.4108,3.4141,3.4108,3.4136
1760055420,3.4136,3.418,3.4135,3.4158
1760055480,3.4158,3.4174,3.4158,3.4171
1760055540,3.4171,3.4171,3.4155,3.4166
1760055600,3.4166,3.4166,3.4148,3.4154
1760055660,3.4154,3.416,3.415,3.4159
1760055720,3.4159,3.416,3.4134,3.4134
1760055780,3.4134,3.4138,3.4128,3.4138
1760055840,3.4138,3.4165,3.4138,3.4161
1760055900,3.4161,3.4161,3.4131,3.4142
1760055960,3.4142,3.4163,3.4142,3.4156
1760056020,3.4156,3.418,3.4156,3.4179
1760056080,3.4179,3.4189,3.4179,3.4189
1760056140,3.4189,3.4207,3.4187,3.4204
1760056200,3.4204,3.422,3.4186,3.4186
1760056260,3.4186,3.4202,3.4185,3.4186
1760056320,3.4186,3.4212,3.4186,3.42
1760056380,3.42,3.4248,3.42,3.4245
1760056440,3.4245,3.4258,3.4244,3.4249
1760056500,3.4249,3.4253,3.4235,3.4244
1760056560,3.4244,3.4275,3.4243,3.4275
1760056620,3.4275,3.4275,3.4247,3.4249
1760056680,3.4249,3.4274,3.4236,3.427
1760056740,3.427,3.4276,3.426,3.4263
1760056800,3.4263,3.4263,3.4248,3.4248
1760056860,3.4248,3.4258,3.4248,3.4252
1760056920,3.4252,3.4255,3.423,3.4234
1760056980,3.4234,3.424,3.4214,3.4217
1760057040,3.4217,3.4235,3.4217,3.4227
1760057100,3.4227,3.4227,3.4207,3.4209
1760057160,3.4209,3.421,3.4174,3.4174
1760057220,3.4174,3.4174,3.4148,3.4161
1760057280,3.4161,3.4165,3.4148,3.4156
1760057340,3.4156,3.4156,3.413,3.4137
1760057400,3.4137,3.4169,3.4136,3.4167
1760057460,3.4167,3.419,3.416,3.4186
1760057520,3.4186,3.4199,3.4181,3.4184
1760057580,3.4184,3.4213,3.4184,3.4213
1760057640,3.4213,3.422,3.4207,3.4213
1760057700,3.4213,3.4216,3.4206,3.4206
1760057760,3.4206,3.4206,3.4177,3.4177
1760057820,3.4177,3.4177,3.4154,3.4156
1760057880,3.4156,3.4161,3.4155,3.4158
1760057940,3.4158,3.4161,3.4154,3.416
1760058000,3.416,3.4169,3.4143,3.4164
1760058060,3.4164,3.4207,3.4164,3.4207
1760058120,3.4207,3.4207,3.4193,3.4201
1760058180,3.4201,3.4214,3.4197,3.4214
1760058240,3.4214,3.4244,3.4214,3.424
1760058300,3.424,3.4249,3.4214,3.4228
1760058360,3.4228,3.4239,3.4217,3.422
1760058420,3.422,3.422,3.4183,3.4186
1760058480,3.4186,3.4208,3.4186,3.4195
1760058540,3.4195,3.4201,3.4191,3.4195
1760058600,3.4195,3.4219,3.4195,3.4211
1760058660,3.4211,3.4223,3.4211,3.4215
1760058720,3.4215,3.4235,3.4215,3.4221
1760058780,3.4221,3.4233,3.4213,3.4233
1760058840,3.4233,3.4245,3.4233,3.4244
1760058900,3.4244,3.4244,3.4215,3.422
1760058960,3.422,3.4243,3.422,3.4236
1760059020,3.4236,3.4242,3.4226,3.4226
1760059080,3.4226,3.4232,3.4219,3.4219
1760059140,3.4219,3.4226,3.4198,3.4222
1760059200,3.4222,3.4246,3.4222,3.4245
1760059260,3.4245,3.4245,3.4198,3.4203
1760059320,3.4203,3.4228,3.4203,3.4206
1760059380,3.4206,3.4213,3.4205,3.4211
1760059440,3.4211,3.4215,3.4198,3.4206
1760059500,3.4206,3.4223,3.4206,3.4219
1760059560,3.4219,3.4219,3.4193,3.4193
1760059620,3.4193,3.4203,3.4193,3.42
1760059680,3.42,3.4224,3.42,3.4224
1760059740,3.4224,3.4236,3.4222,3.4235
1760059800,3.4235,3.4248,3.4235,3.4243
1760059860,3.4243,3.4244,3.4223,3.4223
1760059920,3.4223,3.4239,3.422,3.422
1760059980,3.422,3.4239,3.4219,3.4237
1760060040,3.4237,3.4248,3.4234,3.4234
1760060100,3.4234,3.4234,3.4173,3.4173
1760060160,3.4173,3.4188,3.4156,3.4164
1760060220,3.4164,3.4164,3.4152,3.4155
1760060280,3.4155,3.4155,3.4141,3.4141
1760060340,3.4141,3.4169,3.4139,3.4147
1760060400,3.4147,3.415,3.4125,3.4128
1760060460,3.4128,3.4129,3.4099,3.4112
1760060520,3.4112,3.4134,3.4098,3.4133
1760060580,3.4133,3.4133,3.4124,3.4127
1760060640,3.4127,3.4127,3.4115,3.4122
1760060700,3.4122,3.4128,3.4105,3.4119
1760060760,3.4119,3.4133,3.4115,3.4122
1760060820,3.4122,3.4137,3.4108,3.4128
1760060880,3.4128,3.4128,3.4116,3.4116
1760060940,3.4116,3.4133,3.4112,3.4118
1760061000,3.4118,3.4123,3.4096,3.4099
1760061060,3.4099,3.4129,3.4096,3.4129
1760061120,3.4129,3.4173,3.4129,3.4171
1760061180,3.4171,3.4185,3.4142,3.4142
1760061240,3.4142,3.4156,3.4138,3.4148
1760061300,3.4148,3.4164,3.4146,3.4146
1760061360,3.4146,3.4164,3.4145,3.4163
1760061420,3.4163,3.4171,3.4154,3.4163
1760061480,3.4163,3.4196,3.4163,3.4179
1760061540,3.4179,3.4193,3.4177,3.4184
1760061600,3.4184,3.4205,3.4177,3.418
1760061660,3.418,3.4204,3.4171,3.4173
1760061720,3.4173,3.4173,3.4142,3.4143
1760061780,3.4143,3.4155,3.4123,3.4127
1760061840,3.4127,3.4145,3.4117,3.412
1760061900,3.412,3.4124,3.4096,3.4103
1760061960,3.4103,3.4103,3.4078,3.4086
1760062020,3.4086,3.4086,3.4045,3.4045
1760062080,3.4045,3.4061,3.4035,3.4035
1760062140,3.4035,3.409,3.4035,3.4087
1760062200,3.4087,3.4097,3.4077,3.4082
1760062260,3.4082,3.4109,3.4082,3.4109
1760062320,3.4109,3.4125,3.409,3.409
1760062380,3.409,3.4129,3.409,3.4112
1760062440,3.4112,3.4128,3.4112,3.4126
1760062500,3.4126,3.4155,3.4124,3.4143
1760062560,3.4143,3.4175,3.4139,3.4175
1760062620,3.4175,3.4184,3.4151,3.4169
1760062680,3.4169,3.4186,3.4169,3.4181
1760062740,3.4181,3.4228,3.4181,3.4222
1760062800,3.4222,3.4235,3.4216,3.4224
1760062860,3.4224,3.4282,3.4224,3.4278
1760062920,3.4278,3.4306,3.4275,3.4298
1760062980,3.4298,3.4312,3.4278,3.4281
1760063040,3.4281,3.4294,3.4266,3.4274
1760063100,3.4274,3.4274,3.4247,3.4247
1760063160,3.4247,3.4247,3.4222,3.4238
1760063220,3.4238,3.4249,3.4228,3.4243
1760063280,3.4243,3.4251,3.4237,3.4244
1760063340,3.4244,3.4244,3.4235,3.4239
1760063400,3.4239,3.4271,3.4239,3.4246
1760063460,3.4246,3.4246,3.4211,3.4211
1760063520,3.4211,3.4219,3.4178,3.4191
1760063580,3.4191,3.4195,3.4172,3.4176
1760063640,3.4176,3.4184,3.4162,3.4168
1760063700,3.4168,3.4184,3.4161,3.4174
1760063760,3.4174,3.418,3.4171,3.418
1760063820,3.418,3.4202,3.4177,3.4195
1760063880,3.4195,3.4204,3.4172,3.4202
1760063940,3.4202,3.4234,3.4202,3.422
1760064000,3.422,3.4225,3.4213,3.4223
1760064060,3.4223,3.4233,3.4222,3.4231
1760064120,3.4231,3.4242,3.423,3.423
1760064180,3.423,3.4234,3.4205,3.4207
1760064240,3.4207,3.4237,3.4199,3.4227
1760064300,3.4227,3.4227,3.4213,3.4214
1760064360,3.4214,3.422,3.4187,3.4194
1760064420,3.4194,3.4198,3.4176,3.4196
1760064480,3.4196,3.4224,3.4196,3.4224
1760064540,3.4224,3.4288,3.4224,3.4263
1760064600,3.4263,3.4301,3.425,3.4301
1760064660,3.4301,3.4302,3.4254,3.4254
1760064720,3.4254,3.4285,3.4228,3.424
1760064780,3.424,3.4252,3.4211,3.4248
1760064840,3.4248,3.426,3.4223,3.4254
1760064900,3.4254,3.4257,3.4242,3.425
1760064960,3.425,3.4251,3.421,3.4216
1760065020,3.4216,3.4235,3.4215,3.4235
1760065080,3.4235,3.4242,3.4231,3.4239
1760065140,3.4239,3.4239,3.4224,3.4229
1760065200,3.4229,3.4254,3.4229,3.4232
1760065260,3.4232,3.4239,3.4188,3.4188
1760065320,3.4188,3.4188,3.4155,3.4162
1760065380,3.4162,3.4162,3.414,3.4143
1760065440,3.4143,3.4144,3.4126,3.4138
1760065500,3.4138,3.4163,3.4126,3.4163
1760065560,3.4163,3.4179,3.4154,3.4156
1760065620,3.4156,3.4156,3.4127,3.4135
1760065680,3.4135,3.4135,3.4119,3.4125
1760065740,3.4125,3.4127,3.4116,3.4121
1760065800,3.4121,3.4123,3.4108,3.4109
1760065860,3.4109,3.4136,3.41,3.4136
1760065920,3.4136,3.4164,3.4135,3.4162
1760065980,3.4162,3.4162,3.4131,3.4143
1760066040,3.4143,3.4164,3.4128,3.4164
1760066100,3.4164,3.4204,3.4164,3.4186
1760066160,3.4186,3.4193,3.4166,3.4193
1760066220,3.4193,3.4208,3.4193,3.42
1760066280,3.42,3.4238,3.42,3.4237
1760066340,3.4237,3.4262,3.4225,3.4262
1760066400,3.4262,3.4308,3.4261,3.4297
1760066460,3.4297,3.4347,3.4297,3.4343
1760066520,3.4343,3.4358,3.433,3.4333
1760066580,3.4333,3.4346,3.433,3.4337
1760066640,3.4337,3.4363,3.431,3.4363
1760066700,3.4363,3.4376,3.4361,3.4368
1760066760,3.4368,3.4392,3.4343,3.4354
1760066820,3.4354,3.4418,3.4354,3.441
1760066880,3.441,3.4458,3.4399,3.4453
1760066940,3.4453,3.4493,3.4453,3.4493
1760067000,3.4493,3.4558,3.4492,3.4543
1760067060,3.4543,3.4602,3.4543,3.4602
1760067120,3.4602,3.4611,3.4557,3.4557
1760067180,3.4557,3.4616,3.4557,3.4563
1760067240,3.4563,3.4606,3.4562,3.4598
1760067300,3.4598,3.463,3.4592,3.4592
1760067360,3.4592,3.4598,3.4566,3.4585
1760067420,3.4585,3.4626,3.4585,3.4603
1760067480,3.4603,3.4614,3.4581,3.4586
1760067540,3.4586,3.4623,3.4579,3.4621
1760067600,3.4621,3.4622,3.4584,3.4611
1760067660,3.4611,3.4623,3.4607,3.4616
1760067720,3.4616,3.4641,3.461,3.4615
1760067780,3.4615,3.4636,3.4615,3.4616
1760067840,3.4616,3.4645,3.4616,3.464
1760067900,3.464,3.4668,3.4637,3.4654
1760067960,3.4654,3.4669,3.4639,3.4661
1760068020,3.4661,3.4684,3.466,3.4675
1760068080,3.4675,3.4675,3.4635,3.4664
1760068140,3.4664,3.467,3.4647,3.4655
1760068200,3.4655,3.4655,3.4603,3.4611
1760068260,3.4611,3.4612,3.4568,3.4579
1760068320,3.4579,3.4584,3.4548,3.4559
1760068380,3.4559,3.4583,3.4542,3.4547
1760068440,3.4547,3.4551,3.4491,3.4495
1760068500,3.4495,3.4495,3.4431,3.4452
1760068560,3.4452,3.4457,3.4431,3.4452
1760068620,3.4452,3.4453,3.4425,3.4453
1760068680,3.4453,3.4471,3.4451,3.4464
1760068740,3.4464,3.4464,3.4423,3.4426
1760068800,3.4426,3.4512,3.4421,3.4479
1760068860,3.4479,3.4519,3.4472,3.4495
1760068920,3.4495,3.4504,3.4463,3.4504
1760068980,3.4504,3.4526,3.4489,3.451
1760069040,3.451,3.4525,3.4485,3.4485
1760069100,3.4485,3.4524,3.4485,3.4511
1760069160,3.4511,3.4525,3.4499,3.4525
1760069220,3.4525,3.4561,3.4523,3.4555
1760069280,3.4555,3.4574,3.4526,3.4526
1760069340,3.4526,3.455,3.4506,3.4511
1760069400,3.4511,3.4511,3.4455,3.4474
1760069460,3.4474,3.449,3.446,3.4471
1760069520,3.4471,3.4496,3.4471,3.4486
1760069580,3.4486,3.4535,3.448,3.4514
1760069640,3.4514,3.4532,3.4502,3.4506
1760069700,3.4506,3.4517,3.449,3.4493
1760069760,3.4493,3.4495,3.446,3.4466
1760069820,3.4466,3.4474,3.4452,3.4456
1760069880,3.4456,3.4457,3.4436,3.4441
1760069940,3.4441,3.4441,3.4398,3.4414
1760070000,3.4414,3.4438,3.4402,3.4438
1760070060,3.4438,3.4464,3.4433,3.4445
1760070120,3.4445,3.4484,3.4445,3.4466
1760070180,3.4466,3.4473,3.4434,3.4444
1760070240,3.4444,3.4459,3.4421,3.4421
1760070300,3.4421,3.4428,3.4404,3.4415
1760070360,3.4415,3.4422,3.44,3.4412
1760070420,3.4412,3.4413,3.4394,3.4401
1760070480,3.4401,3.442,3.4401,3.4405
1760070540,3.4405,3.4424,3.4405,3.441
1760070600,3.441,3.4429,3.4408,3.4412
1760070660,3.4412,3.4447,3.4399,3.4447
1760070720,3.4447,3.4456,3.4427,3.4427
1760070780,3.4427,3.4428,3.4373,3.4375
1760070840,3.4375,3.4388,3.4363,3.4385
1760070900,3.4385,3.4391,3.4356,3.4357
1760070960,3.4357,3.4358,3.4318,3.434
1760071020,3.434,3.4351,3.4326,3.4347
1760071080,3.4347,3.4359,3.434,3.4342
1760071140,3.4342,3.4366,3.4327,3.435
1760071200,3.435,3.4378,3.4349,3.4378
1760071260,3.4378,3.4382,3.435,3.435
1760071320,3.435,3.437,3.4331,3.437
1760071380,3.437,3.441,3.4367,3.4402
1760071440,3.4402,3.4441,3.4402,3.4437
1760071500,3.4437,3.4457,3.4408,3.4415
1760071560,3.4415,3.4431,3.4393,3.4399
1760071620,3.4399,3.4421,3.4399,3.4402
1760071680,3.4402,3.4415,3.4375,3.4396
1760071740,3.4396,3.4443,3.4396,3.4443
1760071800,3.4443,3.4445,3.4407,3.441
1760071860,3.441,3.4435,3.441,3.4422
1760071920,3.4422,3.4431,3.439,3.4402
1760071980,3.4402,3.4433,3.44,3.4421
1760072040,3.4421,3.4438,3.4421,3.4438
1760072100,3.4438,3.4448,3.4417,3.4418
1760072160,3.4418,3.4426,3.4411,3.4418
1760072220,3.4418,3.4436,3.4413,3.4431
1760072280,3.4431,3.4435,3.4414,3.4421
1760072340,3.4421,3.4439,3.4421,3.4435
1760072400,3.4435,3.4449,3.4426,3.4434
1760072460,3.4434,3.4442,3.4423,3.4426
1760072520,3.4426,3.4426,3.4402,3.4408
1760072580,3.4408,3.441,3.4386,3.4387
1760072640,3.4387,3.4387,3.4346,3.4353
1760072700,3.4353,3.4353,3.4301,3.4312
1760072760,3.4312,3.4328,3.428,3.4328
1760072820,3.4328,3.435,3.4302,3.435
1760072880,3.435,3.435,3.4327,3.4335
1760072940,3.4335,3.4335,3.4313,3.4332
1760073000,3.4332,3.4348,3.4312,3.4332
1760073060,3.4332,3.4344,3.4314,3.4314
1760073120,3.4314,3.4327,3.4313,3.4322
1760073180,3.4322,3.4346,3.4322,3.4344
1760073240,3.4344,3.4344,3.4332,3.4339
1760073300,3.4339,3.4379,3.4336,3.4367
1760073360,3.4367,3.438,3.4351,3.4351
1760073420,3.4351,3.4391,3.4351,3.4385
1760073480,3.4385,3.4393,3.4379,3.439
1760073540,3.439,3.439,3.4365,3.4365
1760073600,3.4365,3.4406,3.4365,3.4406
1760073660,3.4406,3.4409,3.4398,3.44
1760073720,3.44,3.4406,3.4391,3.44
1760073780,3.44,3.445,3.4397,3.4444
1760073840,3.4444,3.4464,3.4426,3.4464
1760073900,3.4464,3.4501,3.4464,3.4497
1760073960,3.4497,3.4529,3.4488,3.4489
1760074020,3.4489,3.449,3.4464,3.4484
1760074080,3.4484,3.4484,3.4455,3.4462
1760074140,3.4462,3.4464,3.4447,3.4447
1760074200,3.4447,3.4449,3.44,3.44
1760074260,3.44,3.4407,3.4374,3.4397
1760074320,3.4397,3.4397,3.4317,3.4324
1760074380,3.4324,3.4359,3.4313,3.4338
1760074440,3.4338,3.4351,3.4329,3.4334
1760074500,3.4334,3.4362,3.433,3.4361
1760074560,3.4361,3.4384,3.4346,3.4384
1760074620,3.4384,3.4384,3.4367,3.4374
1760074680,3.4374,3.4389,3.4373,3.4379
1760074740,3.4379,3.4396,3.4373,3.4373
1760074800,3.4373,3.4399,3.4373,3.4399
1760074860,3.4399,3.4403,3.4386,3.4395
1760074920,3.4395,3.4409,3.4388,3.4388
1760074980,3.4388,3.4429,3.4388,3.4425
1760075040,3.4425,3.4444,3.4419,3.4442
1760075100,3.4442,3.4461,3.4437,3.4461
1760075160,3.4461,3.4529,3.4461,3.4514
1760075220,3.4514,3.4521,3.4499,3.4503
1760075280,3.4503,3.4556,3.4501,3.4549
1760075340,3.4549,3.4559,3.4541,3.455
1760075400,3.455,3.4595,3.455,3.4591
1760075460,3.4591,3.4618,3.4591,3.4606
1760075520,3.4606,3.4626,3.4593,3.4614
1760075580,3.4614,3.4641,3.4614,3.4636
1760075640,3.4636,3.4676,3.4631,3.4669
1760075700,3.4669,3.4677,3.4634,3.4634
1760075760,3.4634,3.4672,3.4628,3.467
1760075820,3.467,3.468,3.467,3.468
1760075880,3.468,3.4681,3.4668,3.4668
1760075940,3.4668,3.4692,3.4667,3.469
1760076000,3.469,3.4712,3.4674,3.4699
1760076060,3.4699,3.4699,3.4656,3.4667
1760076120,3.4667,3.4726,3.4665,3.4712
1760076180,3.4712,3.4718,3.4686,3.471
1760076240,3.471,3.4726,3.4686,3.4711
1760076300,3.4711,3.4764,3.4711,3.4732
1760076360,3.4732,3.4763,3.4727,3.4754
1760076420,3.4754,3.4772,3.4742,3.4746
1760076480,3.4746,3.4788,3.4734,3.4784
1760076540,3.4784,3.4784,3.4741,3.4751
1760076600,3.4751,3.4757,3.474,3.4752
1760076660,3.4752,3.4756,3.4669,3.4674
1760076720,3.4674,3.4692,3.4667,3.4686
1760076780,3.4686,3.4706,3.4684,3.4684
1760076840,3.4684,3.4688,3.4665,3.4678
1760076900,3.4678,3.4726,3.4678,3.4695
1760076960,3.4695,3.4709,3.4663,3.4674
1760077020,3.4674,3.4686,3.4663,3.4663
1760077080,3.4663,3.4694,3.4662,3.4694
1760077140,3.4694,3.4694,3.4657,3.4664
1760077200,3.4664,3.4703,3.4651,3.4688
1760077260,3.4688,3.469,3.467,3.467
1760077320,3.467,3.4681,3.4664,3.4679
1760077380,3.4679,3.4682,3.4662,3.4673
1760077440,3.4673,3.4673,3.4658,3.4672
1760077500,3.4672,3.4675,3.4659,3.467
1760077560,3.467,3.4671,3.466,3.466
1760077620,3.466,3.4676,3.466,3.466
1760077680,3.466,3.4671,3.4602,3.4602
1760077740,3.4602,3.4602,3.4578,3.4582
1760077800,3.4582,3.4628,3.4582,3.4596
1760077860,3.4596,3.4614,3.4578,3.4588
1760077920,3.4588,3.4588,3.455,3.4551
1760077980,3.4551,3.4572,3.4546,3.4569
1760078040,3.4569,3.4651,3.4569,3.4646
1760078100,3.4646,3.4652,3.4577,3.4581
1760078160,3.4581,3.4583,3.4544,3.4544
1760078220,3.4544,3.457,3.453,3.453
1760078280,3.453,3.4555,3.4507,3.454
1760078340,3.454,3.4557,3.4521,3.4556
1760078400,3.4556,3.4567,3.4541,3.4558
1760078460,3.4558,3.4577,3.4558,3.4574
1760078520,3.4574,3.458,3.4557,3.4571
1760078580,3.4571,3.4571,3.4534,3.4534
1760078640,3.4534,3.4534,3.4489,3.4506
1760078700,3.4506,3.4547,3.4506,3.4547
1760078760,3.4547,3.4573,3.4526,3.4536
1760078820,3.4536,3.4547,3.4518,3.4523
1760078880,3.4523,3.4523,3.4477,3.4486
1760078940,3.4486,3.4489,3.4447,3.4448
1760079000,3.4448,3.447,3.4431,3.4431
1760079060,3.4431,3.4431,3.4347,3.4367
1760079120,3.4367,3.4375,3.4344,3.4348
1760079180,3.4348,3.44,3.4332,3.4395
1760079240,3.4395,3.441,3.4389,3.4401
1760079300,3.4401,3.4427,3.4395,3.4405
1760079360,3.4405,3.4416,3.4395,3.4395
1760079420,3.4395,3.4417,3.4395,3.4406
1760079480,3.4406,3.4406,3.438,3.439
1760079540,3.439,3.439,3.4376,3.438
1760079600,3.438,3.4397,3.4363,3.4389
1760079660,3.4389,3.4389,3.4317,3.4317
1760079720,3.4317,3.4343,3.4317,3.4331
1760079780,3.4331,3.4339,3.4321,3.4324
1760079840,3.4324,3.4355,3.4307,3.4307
1760079900,3.4307,3.4327,3.43,3.4314
1760079960,3.4314,3.4314,3.4285,3.4297
1760080020,3.4297,3.4297,3.4271,3.4291
1760080080,3.4291,3.4293,3.4267,3.4285
1760080140,3.4285,3.4344,3.4285,3.4338
1760080200,3.4338,3.4378,3.4335,3.4363
1760080260,3.4363,3.4372,3.4352,3.4371
1760080320,3.4371,3.4392,3.4368,3.4392
1760080380,3.4392,3.4404,3.4368,3.4368
1760080440,3.4368,3.4402,3.4361,3.4392
1760080500,3.4392,3.4393,3.4356,3.4356
1760080560,3.4356,3.4384,3.4347,3.4348
1760080620,3.4348,3.4362,3.4339,3.4349
1760080680,3.4349,3.4349,3.4309,3.4326
1760080740,3.4326,3.4396,3.4326,3.4395
1760080800,3.4395,3.4429,3.4387,3.4412
1760080860,3.4412,3.444,3.441,3.4417
1760080920,3.4417,3.4417,3.4367,3.4367
1760080980,3.4367,3.4373,3.4356,3.4373
1760081040,3.4373,3.4377,3.4338,3.4363
1760081100,3.4363,3.4363,3.4319,3.432
1760081160,3.432,3.4357,3.4314,3.4355
1760081220,3.4355,3.4392,3.4355,3.4371
1760081280,3.4371,3.4398,3.4371,3.4387
1760081340,3.4387,3.4417,3.4387,3.4397
1760081400,3.4397,3.4404,3.4377,3.439
1760081460,3.439,3.4394,3.4303,3.4307
1760081520,3.4307,3.4315,3.4293,3.4299
1760081580,3.4299,3.4312,3.4283,3.4284
1760081640,3.4284,3.4287,3.4235,3.4273
1760081700,3.4273,3.4314,3.4267,3.4314
1760081760,3.4314,3.4356,3.4314,3.435
1760081820,3.435,3.4382,3.4346,3.4372
1760081880,3.4372,3.4397,3.4349,3.4349
1760081940,3.4349,3.4379,3.4333,3.4379
1760082000,3.4379,3.4392,3.4378,3.439
1760082060,3.439,3.4396,3.4374,3.4386
1760082120,3.4386,3.4393,3.4384,3.4384
1760082180,3.4384,3.439,3.4362,3.4373
1760082240,3.4373,3.4388,3.4362,3.4362
1760082300,3.4362,3.4363,3.4332,3.4332
1760082360,3.4332,3.4332,3.4251,3.4256
1760082420,3.4256,3.4313,3.424,3.4305
1760082480,3.4305,3.4311,3.4291,3.4298
1760082540,3.4298,3.4298,3.4266,3.4288
1760082600,3.4288,3.4293,3.4271,3.4272
1760082660,3.4272,3.4275,3.4243,3.4253
1760082720,3.4253,3.429,3.4244,3.4247
1760082780,3.4247,3.4256,3.4233,3.4254
1760082840,3.4254,3.4269,3.4229,3.4235
1760082900,3.4235,3.4266,3.4235,3.4257
1760082960,3.4257,3.4258,3.4163,3.4163
1760083020,3.4163,3.4178,3.4145,3.4176
1760083080,3.4176,3.4176,3.414,3.4152
1760083140,3.4152,3.4168,3.4127,3.4167
1760083200,3.4167,3.4172,3.4138,3.4141
1760083260,3.4141,3.4189,3.4141,3.4183
1760083320,3.4183,3.424,3.4183,3.4237
1760083380,3.4237,3.4238,3.4166,3.4173
1760083440,3.4173,3.42,3.4157,3.4171
1760083500,3.4171,3.4171,3.4112,3.4163
1760083560,3.4163,3.4203,3.4122,3.4203
1760083620,3.4203,3.4209,3.4165,3.4173
1760083680,3.4173,3.4225,3.4173,3.422
1760083740,3.422,3.4241,3.4204,3.4241
1760083800,3.4241,3.4272,3.4235,3.4272
1760083860,3.4272,3.4282,3.424,3.4272
1760083920,3.4272,3.4272,3.4223,3.424
1760083980,3.424,3.4249,3.4231,3.4244
1760084040,3.4244,3.426,3.4208,3.4235
1760084100,3.4235,3.4296,3.4235,3.4288
1760084160,3.4288,3.4346,3.4285,3.4297
1760084220,3.4297,3.4369,3.4297,3.4366
1760084280,3.4366,3.4373,3.4352,3.4359
1760084340,3.4359,3.4362,3.4316,3.4324
1760084400,3.4324,3.4326,3.4312,3.4325
1760084460,3.4325,3.4334,3.4277,3.4277
1760084520,3.4277,3.4284,3.4268,3.4284
1760084580,3.4284,3.4292,3.4263,3.4274
1760084640,3.4274,3.4312,3.4274,3.4312
1760084700,3.4312,3.4345,3.4312,3.4335
1760084760,3.4335,3.434,3.4305,3.4322
1760084820,3.4322,3.4346,3.4322,3.4333
1760084880,3.4333,3.4371,3.4333,3.436
1760084940,3.436,3.4361,3.4338,3.4338
1760085000,3.4338,3.4338,3.4307,3.4327
1760085060,3.4327,3.4369,3.4315,3.433
1760085120,3.433,3.433,3.4264,3.4271
1760085180,3.4271,3.4271,3.4246,3.4256
1760085240,3.4256,3.4264,3.4233,3.4241
1760085300,3.4241,3.4258,3.422,3.4245
1760085360,3.4245,3.4255,3.4234,3.4248
1760085420,3.4248,3.4249,3.4211,3.4227
1760085480,3.4227,3.4256,3.4215,3.4256
1760085540,3.4256,3.4267,3.4236,3.425
1760085600,3.425,3.4264,3.4231,3.4234
1760085660,3.4234,3.4234,3.421,3.4216
1760085720,3.4216,3.4225,3.4211,3.4219
1760085780,3.4219,3.424,3.4214,3.4217
1760085840,3.4217,3.4273,3.4212,3.4269
1760085900,3.4269,3.4311,3.4269,3.4301
1760085960,3.4301,3.4323,3.4295,3.4314
1760086020,3.4314,3.4328,3.43,3.4316
1760086080,3.4316,3.433,3.4307,3.4307
1760086140,3.4307,3.4312,3.4281,3.4309
1760086200,3.4309,3.4348,3.4298,3.4341
1760086260,3.4341,3.4384,3.4341,3.4373
1760086320,3.4373,3.4378,3.4361,3.4378
1760086380,3.4378,3.439,3.437,3.4381
1760086440,3.4381,3.4405,3.4373,3.4395
1760086500,3.4395,3.443,3.4395,3.4428
1760086560,3.4428,3.4474,3.442,3.4465
1760086620,3.4465,3.4489,3.4462,3.4482
1760086680,3.4482,3.4495,3.4468,3.4489
1760086740,3.4489,3.4504,3.4485,3.4485
1760086800,3.4485,3.4552,3.448,3.4527
1760086860,3.4527,3.4568,3.4484,3.4519
1760086920,3.4519,3.4533,3.4508,3.4517
1760086980,3.4517,3.4544,3.4512,3.4532
1760087040,3.4532,3.4536,3.4515,3.4526
1760087100,3.4526,3.4568,3.4514,3.4553
1760087160,3.4553,3.4553,3.4504,3.4518
1760087220,3.4518,3.4546,3.4509,3.4521
1760087280,3.4521,3.453,3.4508,3.4517
1760087340,3.4517,3.4534,3.4515,3.4527
1760087400,3.4527,3.4528,3.451,3.452
1760087460,3.452,3.4566,3.4519,3.456
1760087520,3.456,3.4567,3.4538,3.4538
1760087580,3.4538,3.457,3.453,3.4536
1760087640,3.4536,3.4539,3.4506,3.4518
1760087700,3.4518,3.4555,3.4513,3.4543
1760087760,3.4543,3.4544,3.4519,3.4521
1760087820,3.4521,3.4544,3.4504,3.4544
1760087880,3.4544,3.4555,3.4538,3.4542
1760087940,3.4542,3.4542,3.4482,3.4485
1760088000,3.4485,3.4495,3.4471,3.4494
1760088060,3.4494,3.4528,3.4492,3.4528
1760088120,3.4528,3.456,3.4526,3.4551
1760088180,3.4551,3.4558,3.4539,3.4555
1760088240,3.4555,3.4569,3.4537,3.4569
1760088300,3.4569,3.4585,3.4566,3.4577
1760088360,3.4577,3.4622,3.4577,3.462
1760088420,3.462,3.4665,3.4617,3.4662
1760088480,3.4662,3.4684,3.4625,3.4654
1760088540,3.4654,3.468,3.4648,3.4648
1760088600,3.4648,3.4653,3.4628,3.463
1760088660,3.463,3.4662,3.463,3.4649
1760088720,3.4649,3.4679,3.4643,3.4661
1760088780,3.4661,3.4673,3.4644,3.4668
1760088840,3.4668,3.468,3.4668,3.4677
1760088900,3.4677,3.4679,3.4649,3.4659
1760088960,3.4659,3.4663,3.4644,3.4644
1760089020,3.4644,3.4652,3.4644,3.4644
1760089080,3.4644,3.4649,3.4612,3.4612
1760089140,3.4612,3.4616,3.459,3.4594
1760089200,3.4594,3.4613,3.4573,3.4582
1760089260,3.4582,3.4583,3.4535,3.4545
1760089320,3.4545,3.4604,3.4544,3.4604
1760089380,3.4604,3.4613,3.4593,3.4593
1760089440,3.4593,3.4593,3.457,3.4576
1760089500,3.4576,3.4615,3.4573,3.4601
1760089560,3.4601,3.4601,3.4538,3.4543
1760089620,3.4543,3.4563,3.4539,3.4539
1760089680,3.4539,3.4544,3.4496,3.4502
1760089740,3.4502,3.4505,3.4459,3.4462
1760089800,3.4462,3.4462,3.4407,3.4433
1760089860,3.4433,3.4466,3.442,3.4466
1760089920,3.4466,3.4466,3.4429,3.4429
1760089980,3.4429,3.4442,3.4406,3.4415
1760090040,3.4415,3.4452,3.441,3.4441
1760090100,3.4441,3.4455,3.4438,3.4444
1760090160,3.4444,3.4444,3.44,3.4412
1760090220,3.4412,3.4412,3.4392,3.4397
1760090280,3.4397,3.4414,3.4376,3.4377
1760090340,3.4377,3.4393,3.4373,3.4386
1760090400,3.4386,3.4386,3.4352,3.4374
1760090460,3.4374,3.4454,3.4374,3.4425
1760090520,3.4425,3.4457,3.4415,3.4442
1760090580,3.4442,3.4462,3.4435,3.4461
1760090640,3.4461,3.4496,3.4452,3.4468
1760090700,3.4468,3.4501,3.4461,3.4489
1760090760,3.4489,3.4504,3.4487,3.4496
1760090820,3.4496,3.4522,3.4495,3.4505
1760090880,3.4505,3.4518,3.4504,3.4518
1760090940,3.4518,3.4528,3.4504,3.4518
1760091000,3.4518,3.4519,3.4489,3.4492
1760091060,3.4492,3.4509,3.4489,3.4494
1760091120,3.4494,3.4497,3.4487,3.4492
1760091180,3.4492,3.4514,3.4466,3.4466
1760091240,3.4466,3.4467,3.4451,3.4461
1760091300,3.4461,3.4481,3.4461,3.4471
1760091360,3.4471,3.45,3.4471,3.4496
1760091420,3.4496,3.4512,3.4481,3.4493
1760091480,3.4493,3.4535,3.4493,3.4529
1760091540,3.4529,3.4536,3.4507,3.4525
1760091600,3.4525,3.4525,3.4493,3.4496
1760091660,3.4496,3.4531,3.4493,3.453
1760091720,3.453,3.453,3.4482,3.4482
1760091780,3.4482,3.4482,3.4431,3.4462
1760091840,3.4462,3.4478,3.4455,3.4478
1760091900,3.4478,3.4484,3.446,3.4466
1760091960,3.4466,3.4478,3.4466,3.4469
1760092020,3.4469,3.4475,3.4451,3.4463
1760092080,3.4463,3.4463,3.4438,3.4444
1760092140,3.4444,3.4446,3.4426,3.444
1760092200,3.444,3.4479,3.4425,3.4478
1760092260,3.4478,3.4478,3.445,3.445
1760092320,3.445,3.4452,3.4424,3.443
1760092380,3.443,3.4487,3.443,3.4475
1760092440,3.4475,3.4478,3.4451,3.4459
1760092500,3.4459,3.4466,3.4431,3.4435
1760092560,3.4435,3.4439,3.4418,3.4436
1760092620,3.4436,3.4474,3.4433,3.4474
1760092680,3.4474,3.4478,3.4464,3.447
1760092740,3.447,3.4485,3.444,3.444
1760092800,3.444,3.444,3.4415,3.4418
1760092860,3.4418,3.4425,3.4418,3.4419
1760092920,3.4419,3.4446,3.4419,3.4446
1760092980,3.4446,3.446,3.4428,3.446
1760093040,3.446,3.4464,3.4456,3.4464
1760093100,3.4464,3.4489,3.4463,3.4489
1760093160,3.4489,3.4497,3.4483,3.4497
1760093220,3.4497,3.4503,3.4478,3.4484
1760093280,3.4484,3.4516,3.4477,3.4516
1760093340,3.4516,3.4582,3.4516,3.4579
1760093400,3.4579,3.4607,3.4579,3.4602
1760093460,3.4602,3.4618,3.4588,3.4588
1760093520,3.4588,3.4614,3.4588,3.4594
1760093580,3.4594,3.4601,3.459,3.459
1760093640,3.459,3.459,3.4565,3.4575
1760093700,3.4575,3.463,3.4575,3.463
1760093760,3.463,3.463,3.4609,3.4609
1760093820,3.4609,3.4613,3.4591,3.4591
1760093880,3.4591,3.4595,3.456,3.4566
1760093940,3.4566,3.458,3.4565,3.4569
1760094000,3.4569,3.4601,3.4569,3.4582
1760094060,3.4582,3.4615,3.4574,3.4578
1760094120,3.4578,3.4582,3.4571,3.4573
1760094180,3.4573,3.4618,3.4573,3.4599
1760094240,3.4599,3.4599,3.4586,3.4592
1760094300,3.4592,3.4624,3.4592,3.4608
1760094360,3.4608,3.4617,3.4576,3.458
1760094420,3.458,3.4596,3.4566,3.4592
1760094480,3.4592,3.4611,3.4592,3.4605
1760094540,3.4605,3.4636,3.4601,3.4618
1760094600,3.4618,3.4622,3.4583,3.4618
1760094660,3.4618,3.4618,3.4557,3.4557
1760094720,3.4557,3.4562,3.4541,3.455
1760094780,3.455,3.4573,3.4548,3.4566
1760094840,3.4566,3.457,3.4561,3.4561
1760094900,3.4561,3.4588,3.456,3.4565
1760094960,3.4565,3.4565,3.4534,3.4553
1760095020,3.4553,3.4575,3.455,3.4572
1760095080,3.4572,3.4591,3.4565,3.4583
1760095140,3.4583,3.4593,3.4573,3.4573
1760095200,3.4573,3.4596,3.4554,3.4596
1760095260,3.4596,3.4597,3.4564,3.4569
1760095320,3.4569,3.4569,3.4535,3.4544
1760095380,3.4544,3.4546,3.4521,3.4521
1760095440,3.4521,3.455,3.452,3.4529
1760095500,3.4529,3.4541,3.452,3.4532
1760095560,3.4532,3.4534,3.4519,3.4526
1760095620,3.4526,3.4548,3.4515,3.4548
1760095680,3.4548,3.4552,3.4535,3.4552
1760095740,3.4552,3.4575,3.4551,3.4575
1760095800,3.4575,3.4596,3.4572,3.4588
1760095860,3.4588,3.4623,3.4583,3.4613
1760095920,3.4613,3.4646,3.4606,3.464
1760095980,3.464,3.4641,3.4595,3.4601
1760096040,3.4601,3.4605,3.4588,3.4588
1760096100,3.4588,3.4616,3.4588,3.4616
1760096160,3.4616,3.4641,3.4616,3.4641
1760096220,3.4641,3.4646,3.4626,3.4638
1760096280,3.4638,3.4641,3.4611,3.4616
1760096340,3.4616,3.4627,3.4599,3.4599
1760096400,3.4599,3.4626,3.4599,3.4626
1760096460,3.4626,3.4638,3.4626,3.4638
1760096520,3.4638,3.4638,3.4587,3.459
1760096580,3.459,3.4596,3.459,3.4593
1760096640,3.4593,3.4616,3.459,3.4616
1760096700,3.4616,3.4616,3.4597,3.4601
1760096760,3.4601,3.4613,3.4595,3.4608
1760096820,3.4608,3.4615,3.4595,3.4615
1760096880,3.4615,3.4615,3.4589,3.4614
1760096940,3.4614,3.4614,3.4589,3.46
1760097000,3.46,3.4637,3.4592,3.4627
1760097060,3.4627,3.4672,3.4627,3.4671
1760097120,3.4671,3.4684,3.4657,3.4665
1760097180,3.4665,3.4677,3.4648,3.4652
1760097240,3.4652,3.4683,3.4652,3.4671
1760097300,3.4671,3.4682,3.4657,3.4663
1760097360,3.4663,3.4688,3.4663,3.4684
1760097420,3.4684,3.4688,3.4663,3.4667
1760097480,3.4667,3.4678,3.4645,3.4658
1760097540,3.4658,3.4679,3.4658,3.4664
1760097600,3.4664,3.4671,3.4651,3.4658
1760097660,3.4658,3.4688,3.4658,3.4676
1760097720,3.4676,3.4689,3.4662,3.4682
1760097780,3.4682,3.4728,3.4682,3.4718
1760097840,3.4718,3.4723,3.4697,3.4711
1760097900,3.4711,3.4728,3.4704,3.4716
1760097960,3.4716,3.4716,3.4678,3.4679
1760098020,3.4679,3.471,3.4678,3.4701
1760098080,3.4701,3.471,3.4699,3.4707
1760098140,3.4707,3.4729,3.4676,3.4676
1760098200,3.4676,3.4679,3.4637,3.4646
1760098260,3.4646,3.4646,3.459,3.4598
1760098320,3.4598,3.4614,3.4595,3.4599
1760098380,3.4599,3.4599,3.4562,3.4562
1760098440,3.4562,3.4586,3.4562,3.4582
1760098500,3.4582,3.4582,3.4521,3.453
1760098560,3.453,3.4547,3.4526,3.4541
1760098620,3.4541,3.4574,3.454,3.4574
1760098680,3.4574,3.4587,3.4574,3.4587
1760098740,3.4587,3.4608,3.4587,3.4606
1760098800,3.4606,3.4617,3.4606,3.4609
1760098860,3.4609,3.4615,3.4598,3.46
1760098920,3.46,3.461,3.4586,3.4586
1760098980,3.4586,3.4599,3.4586,3.4596
1760099040,3.4596,3.4605,3.4594,3.4594
1760099100,3.4594,3.4615,3.4594,3.4609
1760099160,3.4609,3.4609,3.4575,3.4584
1760099220,3.4584,3.4584,3.4559,3.4573
1760099280,3.4573,3.4575,3.4565,3.4573
1760099340,3.4573,3.4573,3.4561,3.4561
1760099400,3.4561,3.4572,3.4554,3.4554
1760099460,3.4554,3.4572,3.4553,3.4563
1760099520,3.4563,3.4597,3.4563,3.4597
1760099580,3.4597,3.4626,3.4597,3.4614
1760099640,3.4614,3.4624,3.4609,3.4614
1760099700,3.4614,3.4629,3.4609,3.4609
1760099760,3.4609,3.4614,3.4595,3.4595
1760099820,3.4595,3.4595,3.4563,3.4563
1760099880,3.4563,3.4563,3.4512,3.4523
1760099940,3.4523,3.4556,3.4523,3.4549
1760100000,3.4549,3.4591,3.4549,3.4574
1760100060,3.4574,3.4575,3.4543,3.4563
1760100120,3.4563,3.4574,3.4557,3.4559
1760100180,3.4559,3.4574,3.4554,3.4567
1760100240,3.4567,3.4585,3.4559,3.4559
1760100300,3.4559,3.4573,3.4558,3.4561
1760100360,3.4561,3.4564,3.4551,3.4561
1760100420,3.4561,3.4562,3.4541,3.4542
1760100480,3.4542,3.4574,3.4536,3.4574
1760100540,3.4574,3.4596,3.4571,3.4591
1760100600,3.4591,3.4619,3.4589,3.4612
1760100660,3.4612,3.4646,3.4603,3.4642
1760100720,3.4642,3.4692,3.4641,3.4665
1760100780,3.4665,3.4685,3.4655,3.466
1760100840,3.466,3.466,3.4652,3.4654
1760100900,3.4654,3.4686,3.4654,3.4684
1760100960,3.4684,3.4698,3.4677,3.4689
1760101020,3.4689,3.4694,3.4682,3.4694
1760101080,3.4694,3.4698,3.4675,3.4675
1760101140,3.4675,3.4692,3.4675,3.4692
1760101200,3.4692,3.4708,3.4687,3.4692
1760101260,3.4692,3.4694,3.4667,3.4667
1760101320,3.4667,3.4709,3.4667,3.4703
1760101380,3.4703,3.4735,3.4703,3.4723
1760101440,3.4723,3.4737,3.4718,3.4733
1760101500,3.4733,3.4737,3.4676,3.469
1760101560,3.469,3.4715,3.4688,3.4713
1760101620,3.4713,3.472,3.4687,3.4709
1760101680,3.4709,3.4712,3.4696,3.4701
1760101740,3.4701,3.4701,3.4656,3.4674
1760101800,3.4674,3.4674,3.4591,3.4612
1760101860,3.4612,3.4612,3.4597,3.4607
1760101920,3.4607,3.4611,3.4601,3.461
1760101980,3.461,3.4616,3.4569,3.4571
1760102040,3.4571,3.458,3.4569,3.458
1760102100,3.458,3.4601,3.458,3.4587
1760102160,3.4587,3.4587,3.4554,3.4555
1760102220,3.4555,3.4589,3.4554,3.4574
1760102280,3.4574,3.4616,3.4565,3.4616
1760102340,3.4616,3.465,3.4616,3.4643
1760102400,3.4643,3.4653,3.4628,3.4634
1760102460,3.4634,3.4637,3.4614,3.4614
1760102520,3.4614,3.4614,3.4581,3.4583
1760102580,3.4583,3.4614,3.4582,3.4609
1760102640,3.4609,3.4615,3.4591,3.4609
1760102700,3.4609,3.4648,3.4609,3.4642
1760102760,3.4642,3.4686,3.4642,3.468
1760102820,3.468,3.4687,3.4657,3.4669
1760102880,3.4669,3.4669,3.4641,3.465
1760102940,3.465,3.4662,3.4636,3.4654
1760103000,3.4654,3.4666,3.4589,3.4589
1760103060,3.4589,3.4656,3.4589,3.4631
1760103120,3.4631,3.4644,3.4566,3.4592
1760103180,3.4592,3.4592,3.4562,3.4576
1760103240,3.4576,3.4656,3.4576,3.4655
1760103300,3.4655,3.4672,3.4607,3.4617
1760103360,3.4617,3.4626,3.4566,3.4626
1760103420,3.4626,3.4648,3.4583,3.4643
1760103480,3.4643,3.4708,3.4643,3.4691
1760103540,3.4691,3.4771,3.4691,3.4747
1760103600,3.4747,3.4763,3.4712,3.4728
1760103660,3.4728,3.4763,3.4722,3.4738
1760103720,3.4738,3.4769,3.4709,3.4749
1760103780,3.4749,3.4762,3.4693,3.4722
1760103840,3.4722,3.4731,3.4699,3.4718
1760103900,3.4718,3.4741,3.4654,3.4699
1760103960,3.4699,3.4706,3.4649,3.4655
1760104020,3.4655,3.4703,3.4635,3.4701
1760104080,3.4701,3.4701,3.4646,3.4676
1760104140,3.4676,3.4681,3.4597,3.4632
1760104200,3.4632,3.4651,3.4592,3.465
1760104260,3.465,3.465,3.4581,3.4597
1760104320,3.4597,3.4638,3.4588,3.4634
1760104380,3.4634,3.4639,3.4574,3.4586
1760104440,3.4586,3.4588,3.4539,3.455
1760104500,3.455,3.4566,3.4535,3.4553
1760104560,3.4553,3.4578,3.4545,3.4558
1760104620,3.4558,3.4596,3.4544,3.4596
1760104680,3.4596,3.464,3.4589,3.464
1760104740,3.464,3.4651,3.4622,3.4651
1760104800,3.4651,3.4696,3.4637,3.4692
1760104860,3.4692,3.4698,3.4534,3.4593
1760104920,3.4593,3.4674,3.459,3.4674
1760104980,3.4674,3.4697,3.4652,3.466
1760105040,3.466,3.4726,3.466,3.4722
1760105100,3.4722,3.4763,3.4713,3.4713
1760105160,3.4713,3.4755,3.4713,3.4741
1760105220,3.4741,3.477,3.4727,3.4755
1760105280,3.4755,3.4768,3.4717,3.4726
1760105340,3.4726,3.4726,3.4694,3.4708
1760105400,3.4708,3.4708,3.4661,3.4667
1760105460,3.4667,3.4704,3.4659,3.4695
1760105520,3.4695,3.4719,3.4692,3.4692
1760105580,3.4692,3.4705,3.4639,3.4651
1760105640,3.4651,3.4652,3.4609,3.463
1760105700,3.463,3.466,3.462,3.4629
1760105760,3.4629,3.4634,3.4574,3.4574
1760105820,3.4574,3.4574,3.4475,3.4503
1760105880,3.4503,3.4527,3.4465,3.4511
1760105940,3.4511,3.4513,3.4468,3.451
1760106000,3.451,3.4523,3.4456,3.452
1760106060,3.452,3.4549,3.4495,3.4519
1760106120,3.4519,3.454,3.448,3.4503
1760106180,3.4503,3.4511,3.4457,3.4466
1760106240,3.4466,3.4486,3.4457,3.4481
1760106300,3.4481,3.4519,3.4458,3.4513
1760106360,3.4513,3.4538,3.4498,3.4536
1760106420,3.4536,3.455,3.4504,3.4509
1760106480,3.4509,3.4509,3.4473,3.4473
1760106540,3.4473,3.4498,3.4461,3.4495
1760106600,3.4495,3.4566,3.4471,3.4551
1760106660,3.4551,3.4582,3.4545,3.4579
1760106720,3.4579,3.4601,3.4561,3.4593
1760106780,3.4593,3.4612,3.4573,3.4605
1760106840,3.4605,3.4651,3.4596,3.4648
1760106900,3.4648,3.4654,3.4608,3.4608
1760106960,3.4608,3.4617,3.4554,3.4581
1760107020,3.4581,3.462,3.4581,3.462
1760107080,3.462,3.462,3.4573,3.4583
1760107140,3.4583,3.4594,3.456,3.4566
1760107200,3.4566,3.4605,3.4566,3.4587
1760107260,3.4587,3.4595,3.4562,3.4567
1760107320,3.4567,3.4567,3.4513,3.4515
1760107380,3.4515,3.4589,3.4512,3.4575
1760107440,3.4575,3.4593,3.4574,3.4582
1760107500,3.4582,3.4595,3.4564,3.4582
1760107560,3.4582,3.4583,3.4516,3.4516
1760107620,3.4516,3.4577,3.4515,3.4574
1760107680,3.4574,3.4604,3.4573,3.4597
1760107740,3.4597,3.4633,3.4584,3.4624
1760107800,3.4624,3.4657,3.4603,3.4656
1760107860,3.4656,3.467,3.4646,3.4656
1760107920,3.4656,3.4664,3.4617,3.4621
1760107980,3.4621,3.4644,3.4621,3.4644
1760108040,3.4644,3.4644,3.4576,3.4581
1760108100,3.4581,3.4636,3.4581,3.46
1760108160,3.46,3.4617,3.4592,3.4617
1760108220,3.4617,3.4632,3.4399,3.4399
1760108280,3.4399,3.4541,3.4261,3.4362
1760108340,3.4362,3.4452,3.4322,3.4403
1760108400,3.4403,3.4439,3.4315,3.4333
1760108460,3.4333,3.4384,3.4242,3.4321
1760108520,3.4321,3.4321,3.4177,3.4305
1760108580,3.4305,3.4378,3.42,3.423
1760108640,3.423,3.4239,3.4041,3.4154
1760108700,3.4154,3.4203,3.407,3.4199
1760108760,3.4199,3.4302,3.4125,3.4206
1760108820,3.4206,3.4287,3.417,3.4272
1760108880,3.4272,3.431,3.4176,3.4187
1760108940,3.4187,3.4244,3.4157,3.4176
1760109000,3.4176,3.4302,3.4158,3.4297
1760109060,3.4297,3.4332,3.4278,3.4284
1760109120,3.4284,3.429,3.4218,3.4245
1760109180,3.4245,3.4276,3.4218,3.4252
1760109240,3.4252,3.4279,3.4213,3.4218
1760109300,3.4218,3.4313,3.4212,3.4287
1760109360,3.4287,3.4304,3.4173,3.4186
1760109420,3.4186,3.4204,3.4068,3.4142
1760109480,3.4142,3.416,3.4048,3.4087
1760109540,3.4087,3.4104,3.3992,3.4015
1760109600,3.4015,3.4029,3.3915,3.3952
1760109660,3.3952,3.3952,3.3718,3.3749
1760109720,3.3749,3.384,3.3688,3.3808
1760109780,3.3808,3.3838,3.3638,3.3703
1760109840,3.3703,3.3735,3.3605,3.3655
1760109900,3.3655,3.3677,3.3538,3.3608
1760109960,3.3608,3.3704,3.3534,3.3558
1760110020,3.3558,3.3699,3.3554,3.3681
1760110080,3.3681,3.3696,3.3559,3.3577
1760110140,3.3577,3.3577,3.3444,3.3457
1760110200,3.3457,3.3457,3.3153,3.3197
1760110260,3.3197,3.3273,3.2838,3.2937
1760110320,3.2937,3.3159,3.2937,3.3032
1760110380,3.3032,3.312,3.29,3.304
1760110440,3.304,3.3055,3.2755,3.2966
1760110500,3.2966,3.3155,3.2942,3.3044
1760110560,3.3044,3.3128,3.2974,3.3119
1760110620,3.3119,3.3225,3.3042,3.3206
1760110680,3.3206,3.327,3.3165,3.3177
1760110740,3.3177,3.3218,3.3116,3.3124
1760110800,3.3124,3.3146,3.2973,3.3028
1760110860,3.3028,3.31,3.2967,3.3096
1760110920,3.3096,3.3165,3.3004,3.3165
1760110980,3.3165,3.3252,3.3145,3.323
1760111040,3.323,3.3323,3.323,3.3307
1760111100,3.3307,3.3313,3.3193,3.3208
1760111160,3.3208,3.3284,3.3174,3.322
1760111220,3.322,3.3226,3.3172,3.3192
1760111280,3.3192,3.3259,3.3161,3.3251
1760111340,3.3251,3.3266,3.3179,3.3216
1760111400,3.3216,3.322,3.3149,3.3202
1760111460,3.3202,3.3224,3.315,3.316
1760111520,3.316,3.3173,3.3102,3.314
1760111580,3.314,3.3164,3.3114,3.3148
1760111640,3.3148,3.3162,3.3092,3.313
1760111700,3.313,3.3131,3.304,3.3077
1760111760,3.3077,3.3077,3.2931,3.302
1760111820,3.302,3.3043,3.2981,3.3032
1760111880,3.3032,3.3075,3.2981,3.3062
1760111940,3.3062,3.307,3.2957,3.3009
1760112000,3.3009,3.3009,3.2891,3.2914
1760112060,3.2914,3.2981,3.289,3.2944
1760112120,3.2944,3.2974,3.2872,3.2875
1760112180,3.2875,3.2954,3.2853,3.2923
1760112240,3.2923,3.2939,3.2859,3.2935
1760112300,3.2935,3.3061,3.2925,3.3059
1760112360,3.3059,3.3095,3.3002,3.3057
1760112420,3.3057,3.3117,3.3044,3.3105
1760112480,3.3105,3.3212,3.3096,3.3212
1760112540,3.3212,3.3232,3.3191,3.3191
1760112600,3.3191,3.3199,3.3104,3.3116
1760112660,3.3116,3.3167,3.3088,3.3167
1760112720,3.3167,3.3167,3.3091,3.3091
1760112780,3.3091,3.3135,3.3085,3.3106
1760112840,3.3106,3.311,3.3075,3.3087
1760112900,3.3087,3.3104,3.3042,3.3078
1760112960,3.3078,3.3085,3.3016,3.3022
1760113020,3.3022,3.3024,3.2981,3.3018
1760113080,3.3018,3.3025,3.2983,3.3011
1760113140,3.3011,3.307,3.2973,3.3031
1760113200,3.3031,3.3051,3.3002,3.3011
1760113260,3.3011,3.3093,3.2986,3.3093
1760113320,3.3093,3.3138,3.3081,3.3131
1760113380,3.3131,3.3265,3.3131,3.3223
1760113440,3.3223,3.3256,3.3211,3.3232
1760113500,3.3232,3.3248,3.3199,3.3216
1760113560,3.3216,3.3233,3.32,3.3216
1760113620,3.3216,3.3255,3.3214,3.3243
1760113680,3.3243,3.3266,3.3235,3.3246
1760113740,3.3246,3.3246,3.3179,3.3195
1760113800,3.3195,3.3235,3.3173,3.3205
1760113860,3.3205,3.3244,3.3183,3.324
1760113920,3.324,3.3297,3.3235,3.3286
1760113980,3.3286,3.3324,3.327,3.3307
1760114040,3.3307,3.331,3.3274,3.3291
1760114100,3.3291,3.3319,3.3255,3.3314
1760114160,3.3314,3.3399,3.3304,3.3389
1760114220,3.3389,3.3398,3.3368,3.3388
1760114280,3.3388,3.3392,3.3343,3.3368
1760114340,3.3368,3.3378,3.3353,3.3377
1760114400,3.3377,3.3377,3.3275,3.3288
1760114460,3.3288,3.3288,3.3236,3.3257
1760114520,3.3257,3.3257,3.3211,3.3216
1760114580,3.3216,3.3216,3.3182,3.3186
1760114640,3.3186,3.3186,3.3153,3.3172
1760114700,3.3172,3.3172,3.3136,3.3155
1760114760,3.3155,3.3174,3.3138,3.3174
1760114820,3.3174,3.3211,3.3153,3.3153
1760114880,3.3153,3.3162,3.3098,3.3111
1760114940,3.3111,3.3128,3.3076,3.308
1760115000,3.308,3.3106,3.3061,3.3092
1760115060,3.3092,3.3145,3.3086,3.3125
1760115120,3.3125,3.3165,3.3112,3.3145
1760115180,3.3145,3.3145,3.3084,3.3084
1760115240,3.3084,3.3135,3.3074,3.3101
1760115300,3.3101,3.3119,3.3029,3.3089
1760115360,3.3089,3.3127,3.3069,3.311
1760115420,3.311,3.3118,3.3061,3.3072
1760115480,3.3072,3.3109,3.3058,3.3096
1760115540,3.3096,3.3114,3.3066,3.3095
1760115600,3.3095,3.3162,3.3063,3.3135
1760115660,3.3135,3.3171,3.311,3.3151
1760115720,3.3151,3.3151,3.3082,3.3084
1760115780,3.3084,3.3113,3.3052,3.3089
1760115840,3.3089,3.3109,3.3034,3.3052
1760115900,3.3052,3.3077,3.3025,3.306
1760115960,3.306,3.3108,3.3058,3.3099
1760116020,3.3099,3.3099,3.301,3.3013
1760116080,3.3013,3.3039,3.3011,3.3024
1760116140,3.3024,3.3024,3.2959,3.2978
1760116200,3.2978,3.2995,3.2917,3.2931
1760116260,3.2931,3.2994,3.2893,3.2977
1760116320,3.2977,3.3064,3.2977,3.3007
1760116380,3.3007,3.3017,3.2946,3.2951
1760116440,3.2951,3.296,3.292,3.294
1760116500,3.294,3.2999,3.2939,3.2971
1760116560,3.2971,3.3022,3.2971,3.3019
1760116620,3.3019,3.3062,3.2991,3.3005
1760116680,3.3005,3.3034,3.299,3.2998
1760116740,3.2998,3.3011,3.2982,3.2996
1760116800,3.2996,3.2996,3.289,3.2893
1760116860,3.2893,3.297,3.288,3.297
1760116920,3.297,3.3016,3.296,3.3016
1760116980,3.3016,3.3081,3.3016,3.3081
1760117040,3.3081,3.309,3.3014,3.3014
1760117100,3.3014,3.3055,3.3012,3.3054
1760117160,3.3054,3.3086,3.3032,3.3044
1760117220,3.3044,3.3085,3.3044,3.3072
1760117280,3.3072,3.3127,3.3069,3.3127
1760117340,3.3127,3.3127,3.3062,3.3113
1760117400,3.3113,3.3151,3.3093,3.3093
1760117460,3.3093,3.3125,3.3081,3.3108
1760117520,3.3108,3.3108,3.3029,3.3052
1760117580,3.3052,3.3072,3.3001,3.3001
1760117640,3.3001,3.3022,3.2987,3.3004
1760117700,3.3004,3.3012,3.2966,3.2971
1760117760,3.2971,3.2981,3.2933,3.2969
1760117820,3.2969,3.2983,3.2908,3.2937
1760117880,3.2937,3.2939,3.2881,3.2889
1760117940,3.2889,3.2889,3.2848,3.2877
1760118000,3.2877,3.2879,3.2819,3.2856
1760118060,3.2856,3.2881,3.2832,3.286
1760118120,3.286,3.2887,3.2853,3.2876
1760118180,3.2876,3.2876,3.283,3.2861
1760118240,3.2861,3.288,3.2848,3.2852
1760118300,3.2852,3.2879,3.2788,3.2796
1760118360,3.2796,3.28,3.2725,3.2782
1760118420,3.2782,3.2799,3.2731,3.2778
1760118480,3.2778,3.2868,3.2778,3.2849
1760118540,3.2849,3.2867,3.2804,3.2835
1760118600,3.2835,3.2845,3.2807,3.2812
1760118660,3.2812,3.2822,3.2791,3.2816
1760118720,3.2816,3.2822,3.2708,3.2748
1760118780,3.2748,3.2781,3.2746,3.2773
1760118840,3.2773,3.278,3.2747,3.2754
1760118900,3.2754,3.2813,3.2732,3.2769
1760118960,3.2769,3.2773,3.2707,3.2713
1760119020,3.2713,3.2734,3.2672,3.272
1760119080,3.272,3.2747,3.2713,3.2731
1760119140,3.2731,3.2734,3.2657,3.2676
1760119200,3.2676,3.2682,3.2647,3.2673
1760119260,3.2673,3.2697,3.2653,3.2693
1760119320,3.2693,3.2792,3.2691,3.2771
1760119380,3.2771,3.2771,3.2696,3.2727
1760119440,3.2727,3.2752,3.2719,3.2745
1760119500,3.2745,3.2766,3.2727,3.2729
1760119560,3.2729,3.2799,3.2721,3.2721
1760119620,3.2721,3.2748,3.2667,3.2737
1760119680,3.2737,3.28,3.2733,3.2753
1760119740,3.2753,3.2753,3.271,3.2747
1760119800,3.2747,3.2775,3.2723,3.2772
1760119860,3.2772,3.2772,3.2729,3.2742
1760119920,3.2742,3.2749,3.2718,3.2745
1760119980,3.2745,3.2745,3.269,3.2731
1760120040,3.2731,3.2791,3.2716,3.2791
1760120100,3.2791,3.2792,3.2764,3.2781
1760120160,3.2781,3.2823,3.2778,3.2808
1760120220,3.2808,3.2808,3.2771,3.2778
1760120280,3.2778,3.2779,3.2684,3.2699
1760120340,3.2699,3.2733,3.2689,3.2718
1760120400,3.2718,3.2794,3.2718,3.279
1760120460,3.279,3.2832,3.2787,3.2791
1760120520,3.2791,3.2876,3.2778,3.2867
1760120580,3.2867,3.2871,3.2834,3.2836
1760120640,3.2836,3.2866,3.2815,3.2858
1760120700,3.2858,3.2874,3.2846,3.2853
1760120760,3.2853,3.2873,3.2844,3.2858
1760120820,3.2858,3.2861,3.2835,3.2835
1760120880,3.2835,3.2835,3.2774,3.2782
1760120940,3.2782,3.2783,3.2748,3.2759
1760121000,3.2759,3.2785,3.2753,3.278
1760121060,3.278,3.2788,3.2759,3.2766
1760121120,3.2766,3.2766,3.2734,3.2748
1760121180,3.2748,3.2779,3.2739,3.2759
1760121240,3.2759,3.2759,3.2729,3.2729
1760121300,3.2729,3.2729,3.2707,3.2712
1760121360,3.2712,3.2712,3.2678,3.2685
1760121420,3.2685,3.2685,3.2623,3.2642
1760121480,3.2642,3.2674,3.2625,3.2643
1760121540,3.2643,3.2684,3.2617,3.2639
1760121600,3.2639,3.2698,3.2606,3.2698
1760121660,3.2698,3.2712,3.2675,3.2687
1760121720,3.2687,3.2699,3.2651,3.269
1760121780,3.269,3.2707,3.2679,3.27
1760121840,3.27,3.2701,3.266,3.2662
1760121900,3.2662,3.2765,3.2662,3.2705
1760121960,3.2705,3.2723,3.2658,3.2699
1760122020,3.2699,3.27,3.2634,3.2635
1760122080,3.2635,3.2646,3.2528,3.2551
1760122140,3.2551,3.262,3.2531,3.2618
1760122200,3.2618,3.2618,3.2569,3.258
1760122260,3.258,3.2624,3.2564,3.2615
1760122320,3.2615,3.2633,3.2585,3.2585
1760122380,3.2585,3.2597,3.2553,3.256
1760122440,3.256,3.2562,3.2542,3.2556
1760122500,3.2556,3.2567,3.2545,3.256
1760122560,3.256,3.2576,3.2553,3.2559
1760122620,3.2559,3.2565,3.2542,3.255
1760122680,3.255,3.2552,3.2532,3.2537
1760122740,3.2537,3.2537,3.2513,3.2518
1760122800,3.2518,3.2566,3.2517,3.252
1760122860,3.252,3.2548,3.2497,3.2546
1760122920,3.2546,3.2546,3.2498,3.251
1760122980,3.251,3.2516,3.2491,3.2504
1760123040,3.2504,3.2533,3.2499,3.2525
1760123100,3.2525,3.2545,3.2477,3.2528
1760123160,3.2528,3.2528,3.2452,3.2507
1760123220,3.2507,3.2513,3.2487,3.249
1760123280,3.249,3.2493,3.2412,3.2435
1760123340,3.2435,3.2471,3.2408,3.2427
1760123400,3.2427,3.2442,3.2397,3.2441
1760123460,3.2441,3.2458,3.2357,3.2384
1760123520,3.2384,3.2428,3.2352,3.2428
1760123580,3.2428,3.2452,3.2426,3.2429
1760123640,3.2429,3.244,3.2377,3.2386
1760123700,3.2386,3.2407,3.2327,3.2399
1760123760,3.2399,3.2422,3.2374,3.2404
1760123820,3.2404,3.2463,3.2393,3.2439
1760123880,3.2439,3.2448,3.2398,3.2431
1760123940,3.2431,3.2443,3.2403,3.2422
1760124000,3.2422,3.2427,3.2328,3.2353
1760124060,3.2353,3.2385,3.2282,3.2299
1760124120,3.2299,3.2369,3.2275,3.2368
1760124180,3.2368,3.2368,3.2281,3.2314
1760124240,3.2314,3.2399,3.2314,3.2399
1760124300,3.2399,3.2514,3.2399,3.2471
1760124360,3.2471,3.2551,3.246,3.2468
1760124420,3.2468,3.248,3.2397,3.24
1760124480,3.24,3.24,3.2245,3.2275
1760124540,3.2275,3.2301,3.1996,3.1998
1760124600,3.1998,3.2255,3.1989,3.2248
1760124660,3.2248,3.231,3.2233,3.2235
1760124720,3.2235,3.2262,3.2165,3.2178
1760124780,3.2178,3.2181,3.2049,3.2116
1760124840,3.2116,3.2148,3.2086,3.2147
1760124900,3.2147,3.2222,3.2091,3.222
1760124960,3.222,3.2244,3.2172,3.2234
1760125020,3.2234,3.2271,3.2212,3.2247
1760125080,3.2247,3.2314,3.2243,3.2244
1760125140,3.2244,3.2271,3.2221,3.2248
1760125200,3.2248,3.2311,3.2237,3.2252
1760125260,3.2252,3.2406,3.2237,3.2398
1760125320,3.2398,3.2412,3.2336,3.2378
1760125380,3.2378,3.2437,3.2362,3.2434
1760125440,3.2434,3.2526,3.2434,3.2522
1760125500,3.2522,3.2559,3.2509,3.2528
1760125560,3.2528,3.2535,3.2476,3.2478
1760125620,3.2478,3.2554,3.2477,3.2547
1760125680,3.2547,3.2588,3.2543,3.2587
1760125740,3.2587,3.2599,3.2536,3.2556
1760125800,3.2556,3.2563,3.2453,3.2465
1760125860,3.2465,3.2469,3.24,3.2406
1760125920,3.2406,3.2467,3.24,3.2414
1760125980,3.2414,3.2466,3.2387,3.2389
1760126040,3.2389,3.2408,3.2359,3.2371
1760126100,3.2371,3.2402,3.2336,3.2402
1760126160,3.2402,3.2402,3.2372,3.2397
1760126220,3.2397,3.2445,3.2386,3.2441
1760126280,3.2441,3.2441,3.2373,3.2417
1760126340,3.2417,3.2417,3.234,3.2371
1760126400,3.2371,3.2383,3.2345,3.2347
1760126460,3.2347,3.2422,3.2326,3.2383
1760126520,3.2383,3.2408,3.2343,3.2408
1760126580,3.2408,3.2417,3.2368,3.2403
1760126640,3.2403,3.248,3.2396,3.2468
1760126700,3.2468,3.2468,3.2399,3.2464
1760126760,3.2464,3.2505,3.2459,3.2487
1760126820,3.2487,3.2489,3.2424,3.2451
1760126880,3.2451,3.2465,3.2422,3.2422
1760126940,3.2422,3.2422,3.2388,3.2392
1760127000,3.2392,3.2423,3.2374,3.2423
1760127060,3.2423,3.2453,3.2405,3.2452
1760127120,3.2452,3.2561,3.2452,3.2558
1760127180,3.2558,3.256,3.2496,3.2528
1760127240,3.2528,3.254,3.2507,3.2516
1760127300,3.2516,3.2539,3.2495,3.2539
1760127360,3.2539,3.2551,3.2531,3.2542
1760127420,3.2542,3.2557,3.2482,3.2484
1760127480,3.2484,3.2495,3.2451,3.2485
1760127540,3.2485,3.2496,3.2472,3.2472
1760127600,3.2472,3.2493,3.2449,3.2493
1760127660,3.2493,3.2516,3.249,3.251
1760127720,3.251,3.2554,3.2506,3.2547
1760127780,3.2547,3.2574,3.2544,3.257
1760127840,3.257,3.257,3.2532,3.2553
1760127900,3.2553,3.2574,3.2531,3.2574
1760127960,3.2574,3.2588,3.2564,3.2588
1760128020,3.2588,3.2619,3.2579,3.2606
1760128080,3.2606,3.2633,3.2594,3.2594
1760128140,3.2594,3.2614,3.2589,3.2611
1760128200,3.2611,3.2615,3.2574,3.258
1760128260,3.258,3.258,3.2521,3.2531
1760128320,3.2531,3.2546,3.2511,3.254
1760128380,3.254,3.2558,3.2517,3.2558
1760128440,3.2558,3.2576,3.2555,3.2569
1760128500,3.2569,3.2569,3.2532,3.2537
1760128560,3.2537,3.2545,3.2516,3.2523
1760128620,3.2523,3.2526,3.2495,3.2519
1760128680,3.2519,3.2554,3.2513,3.2537
1760128740,3.2537,3.2555,3.2532,3.2533
1760128800,3.2533,3.2567,3.2522,3.2538
1760128860,3.2538,3.2545,3.2533,3.2536
1760128920,3.2536,3.2548,3.2536,3.2538
1760128980,3.2538,3.2588,3.2531,3.2579
1760129040,3.2579,3.2595,3.2534,3.2549
1760129100,3.2549,3.2576,3.2546,3.2576
1760129160,3.2576,3.2592,3.2543,3.2549
1760129220,3.2549,3.2591,3.254,3.2591
1760129280,3.2591,3.2591,3.2548,3.2571
1760129340,3.2571,3.2593,3.257,3.2589
1760129400,3.2589,3.2589,3.2331,3.2386
1760129460,3.2386,3.2446,3.2235,3.2311
1760129520,3.2311,3.2326,3.2012,3.2084
1760129580,3.2084,3.2192,3.1815,3.1849
1760129640,3.1849,3.2022,3.1784,3.2001
1760129700,3.2001,3.2052,3.1665,3.1678
1760129760,3.1678,3.176,3.098,3.1479
1760129820,3.1479,3.157,3.1293,3.141
1760129880,3.141,3.1472,3.1048,3.1055
1760129940,3.1055,3.126,3.0435,3.074
1760130000,3.074,3.0901,3.0342,3.0536
1760130060,3.0536,3.0874,3.0459,3.0851
1760130120,3.0851,3.0938,3.0699,3.083
1760130180,3.083,3.1008,3.0762,3.081
1760130240,3.081,3.0921,3.0741,3.091
1760130300,3.091,3.0948,3.0705,3.0767
1760130360,3.0767,3.0846,3.069,3.0778
1760130420,3.0778,3.0965,3.0761,3.0781
1760130480,3.0781,3.083,3.0657,3.0731
1760130540,3.0731,3.0878,3.0707,3.076
1760130600,3.076,3.0861,3.0555,3.0648
1760130660,3.0648,3.0696,3.0379,3.0385
1760130720,3.0385,3.0505,2.9559,2.9615
1760130780,2.9615,2.9616,2.8083,2.8506
1760130840,2.8506,2.877,2.6615,2.7471
1760130900,2.7471,2.752,2.5774,2.5879
1760130960,2.5879,2.6019,2.2995,2.2996
1760131020,2.2996,2.3034,1.9294,2.0347
1760131080,2.0347,2.1181,1.6295,1.6332
1760131140,1.6332,1.6465,0.9512,0.9582
1760131200,0.9582,0.9927,0.6848,0.6857
1760131260,0.6857,1.0426,0.5608,1.0411
1760131320,1.0411,1.2624,1.0183,1.2589
1760131380,1.2589,1.5823,1.2462,1.4106
1760131440,1.4106,1.5451,1.3684,1.5363
1760131500,1.5363,1.6957,1.5017,1.646
1760131560,1.646,1.8399,1.5937,1.7839
1760131620,1.7839,1.8915,1.7614,1.8705
1760131680,1.8705,1.93,1.83,1.8831
1760131740,1.8831,2.0144,1.8573,1.986
1760131800,1.986,2.067,1.9293,2.0288
1760131860,2.0288,2.1727,2,2.0549
1760131920,2.0549,2.2083,2.0549,2.1725
1760131980,2.1725,2.3606,2.1658,2.3519
1760132040,2.3519,2.3807,2.1768,2.1768
1760132100,2.1768,2.1974,2.0758,2.08
1760132160,2.08,2.1044,1.9678,2.0539
1760132220,2.0539,2.0699,1.9832,2.0404
1760132280,2.0404,2.0471,1.99,2.0078
1760132340,2.0078,2.1283,2.0011,2.0888
1760132400,2.0888,2.1895,2.0791,2.1597
1760132460,2.1597,2.2935,2.1355,2.2903
1760132520,2.2903,2.3171,2.2321,2.3035
1760132580,2.3035,2.3135,2.2761,2.3
1760132640,2.3,2.3269,2.282,2.3033
1760132700,2.3033,2.4718,2.2961,2.4311
1760132760,2.4311,2.5933,2.4261,2.5071
1760132820,2.5071,2.5373,2.4222,2.4271
1760132880,2.4271,2.4959,2.3675,2.38
1760132940,2.38,2.4441,2.3683,2.3973
1760133000,2.3973,2.4899,2.3914,2.4539
1760133060,2.4539,2.4578,2.3862,2.4275
1760133120,2.4275,2.524,2.4218,2.5045
1760133180,2.5045,2.5045,2.4141,2.4315
1760133240,2.4315,2.4788,2.425,2.4681
1760133300,2.4681,2.4838,2.437,2.461
1760133360,2.461,2.5103,2.45,2.497
1760133420,2.497,2.52,2.4624,2.5136
1760133480,2.5136,2.5228,2.4713,2.4782
1760133540,2.4782,2.5109,2.4636,2.4678
1760133600,2.4678,2.4845,2.4106,2.463
1760133660,2.463,2.4703,2.4193,2.4332
1760133720,2.4332,2.4542,2.4166,2.4402
1760133780,2.4402,2.4567,2.3928,2.4007
1760133840,2.4007,2.4212,2.3854,2.4002
1760133900,2.4002,2.4043,2.055,2.0787
1760133960,2.0787,2.3834,2.0785,2.3559
1760134020,2.3559,2.3658,2.3132,2.3424
1760134080,2.3424,2.4194,2.3316,2.4101
1760134140,2.4101,2.4248,2.3691,2.4088
1760134200,2.4088,2.4189,2.3854,2.4085
1760134260,2.4085,2.4335,2.3937,2.419
1760134320,2.419,2.4428,2.4059,2.4163
1760134380,2.4163,2.4369,2.3965,2.4112
1760134440,2.4112,2.4252,2.39,2.4074
1760134500,2.4074,2.4384,2.4006,2.428
1760134560,2.428,2.4762,2.4202,2.4564
1760134620,2.4564,2.4855,2.4471,2.4841
1760134680,2.4841,2.4863,2.4561,2.4744
1760134740,2.4744,2.485,2.4438,2.4624
1760134800,2.4624,2.4707,2.4447,2.4516
1760134860,2.4516,2.4516,2.4087,2.4304
1760134920,2.4304,2.4403,2.4092,2.4263
1760134980,2.4263,2.4471,2.3876,2.4206
1760135040,2.4206,2.432,2.4029,2.4132
1760135100,2.4132,2.4194,2.3708,2.3871
1760135160,2.3871,2.3949,2.3601,2.3622
1760135220,2.3622,2.3761,2.3311,2.3342
1760135280,2.3342,2.359,2.3311,2.3465
1760135340,2.3465,2.3666,2.3342,2.341
1760135400,2.341,2.3504,2.3003,2.3099
1760135460,2.3099,2.3568,2.3064,2.3539
1760135520,2.3539,2.3826,2.3442,2.3557
1760135580,2.3557,2.3683,2.3305,2.3351
1760135640,2.3351,2.3681,2.3311,2.365
1760135700,2.365,2.3798,2.3334,2.3688
1760135760,2.3688,2.3719,2.3511,2.3567
1760135820,2.3567,2.3794,2.35,2.3654
1760135880,2.3654,2.379,2.3488,2.366
1760135940,2.366,2.3959,2.361,2.3957
1760136000,2.3957,2.4093,2.3811,2.4021
1760136060,2.4021,2.404,2.3739,2.3815
1760136120,2.3815,2.3863,2.3491,2.3537
1760136180,2.3537,2.3909,2.3501,2.3885
1760136240,2.3885,2.4109,2.3822,2.4059
1760136300,2.4059,2.4799,2.4041,2.4517
1760136360,2.4517,2.4518,2.4317,2.4379
1760136420,2.4379,2.4977,2.4357,2.4933
1760136480,2.4933,2.5749,2.4878,2.5398
1760136540,2.5398,2.5465,2.5165,2.5386
1760136600,2.5386,2.5714,2.531,2.549
1760136660,2.549,2.5677,2.5397,2.5547
1760136720,2.5547,2.5837,2.55,2.5705
1760136780,2.5705,2.5828,2.5345,2.5409
1760136840,2.5409,2.5612,2.499,2.5332
1760136900,2.5332,2.5468,2.52,2.5212
1760136960,2.5212,2.5422,2.5211,2.5255
1760137020,2.5255,2.5461,2.5152,2.5334
1760137080,2.5334,2.5523,2.5244,2.5443
1760137140,2.5443,2.5539,2.5343,2.5392
1760137200,2.5392,2.5453,2.53,2.5362
1760137260,2.5362,2.5362,2.5089,2.5122
1760137320,2.5122,2.5156,2.4807,2.5018
1760137380,2.5018,2.5249,2.5,2.5184
1760137440,2.5184,2.5287,2.5083,2.5147
1760137500,2.5147,2.5408,2.5017,2.539
1760137560,2.539,2.5425,2.5256,2.5414
1760137620,2.5414,2.5529,2.533,2.5513
1760137680,2.5513,2.5556,2.5242,2.5378
1760137740,2.5378,2.5426,2.5265,2.5364
1760137800,2.5364,2.5447,2.5311,2.5348
1760137860,2.5348,2.5378,2.5005,2.5079
1760137920,2.5079,2.5079,2.485,2.4955
1760137980,2.4955,2.5063,2.484,2.4988
1760138040,2.4988,2.5281,2.4961,2.5266
1760138100,2.5266,2.5273,2.5149,2.5221
1760138160,2.5221,2.5579,2.5196,2.5521
1760138220,2.5521,2.5638,2.5461,2.5535
1760138280,2.5535,2.585,2.5501,2.5816
1760138340,2.5816,2.5931,2.5763,2.5873
1760138400,2.5873,2.6183,2.5869,2.613
1760138460,2.613,2.6162,2.5927,2.6005
1760138520,2.6005,2.6311,2.5996,2.6255
1760138580,2.6255,2.6413,2.62,2.6208
1760138640,2.6208,2.6349,2.6115,2.6117
1760138700,2.6117,2.6215,2.6013,2.6185
1760138760,2.6185,2.6448,2.6126,2.6336
1760138820,2.6336,2.65,2.6247,2.6313
1760138880,2.6313,2.6516,2.6223,2.6482
1760138940,2.6482,2.6532,2.6367,2.6521
1760139000,2.6521,2.6522,2.6337,2.6418
1760139060,2.6418,2.6533,2.6381,2.6516
1760139120,2.6516,2.6541,2.6449,2.6461
1760139180,2.6461,2.6523,2.6322,2.6507
1760139240,2.6507,2.6727,2.6478,2.6573
1760139300,2.6573,2.6896,2.6561,2.6669
1760139360,2.6669,2.6708,2.6585,2.6686
1760139420,2.6686,2.69,2.6682,2.6725
1760139480,2.6725,2.6877,2.667,2.6869
1760139540,2.6869,2.6944,2.6813,2.6882
1760139600,2.6882,2.6882,2.662,2.6655
1760139660,2.6655,2.6918,2.6635,2.683
1760139720,2.683,2.6975,2.6788,2.6829
1760139780,2.6829,2.7047,2.6798,2.7003
1760139840,2.7003,2.7175,2.6949,2.6962
1760139900,2.6962,2.7039,2.6827,2.6889
1760139960,2.6889,2.6889,2.6706,2.6761
1760140020,2.6761,2.677,2.6503,2.6541
1760140080,2.6541,2.6586,2.6433,2.6557
1760140140,2.6557,2.6618,2.6407,2.6441
1760140200,2.6441,2.6496,2.6226,2.6343
1760140260,2.6343,2.6425,2.6115,2.6243
1760140320,2.6243,2.6308,2.5778,2.6075
1760140380,2.6075,2.616,2.5954,2.6006
1760140440,2.6006,2.6085,2.5805,2.5967
1760140500,2.5967,2.5996,2.5512,2.5704
1760140560,2.5704,2.5845,2.5616,2.5788
1760140620,2.5788,2.5923,2.5631,2.5914
1760140680,2.5914,2.6071,2.5888,2.6046
1760140740,2.6046,2.6119,2.593,2.5997
1762128000,2.3529,2.3552,2.3489,2.3492
1762128060,2.3492,2.3537,2.349,2.3522
1762128120,2.3522,2.353,2.3503,2.3517
1762128180,2.3517,2.3518,2.3493,2.3498
1762128240,2.3498,2.3503,2.3478,2.3488
1762128300,2.3488,2.3544,2.3487,2.3536
1762128360,2.3536,2.3576,2.3536,2.3559
1762128420,2.3559,2.3566,2.3545,2.3547
1762128480,2.3547,2.3554,2.3536,2.3538
1762128540,2.3538,2.3611,2.3537,2.3605
1762128600,2.3605,2.3618,2.3565,2.3565
1762128660,2.3565,2.3565,2.3538,2.354
1762128720,2.354,2.3556,2.3532,2.3535
1762128780,2.3535,2.3552,2.3525,2.3552
1762128840,2.3552,2.3581,2.3547,2.3576
1762128900,2.3576,2.3589,2.3564,2.3583
1762128960,2.3583,2.3591,2.3555,2.3582
1762129020,2.3582,2.3588,2.3571,2.3574
1762129080,2.3574,2.3588,2.3569,2.3574
1762129140,2.3574,2.3597,2.3572,2.3584
1762129200,2.3584,2.36,2.3568,2.3568
1762129260,2.3568,2.3568,2.3516,2.3517
1762129320,2.3517,2.3574,2.3517,2.3559
1762129380,2.3559,2.3561,2.3529,2.3531
1762129440,2.3531,2.3557,2.3531,2.3539
1762129500,2.3539,2.3549,2.3532,2.3532
1762129560,2.3532,2.3534,2.3492,2.3494
1762129620,2.3494,2.351,2.3472,2.3478
1762129680,2.3478,2.3493,2.3472,2.3477
1762129740,2.3477,2.3496,2.3475,2.3486
1762129800,2.3486,2.3514,2.3485,2.3485
1762129860,2.3485,2.3492,2.3448,2.3458
1762129920,2.3458,2.3496,2.3458,2.3477
1762129980,2.3477,2.3486,2.3462,2.3467
1762130040,2.3467,2.3467,2.3437,2.3439
1762130100,2.3439,2.3463,2.3439,2.345
1762130160,2.345,2.3451,2.3415,2.3426
1762130220,2.3426,2.3426,2.3407,2.3422
1762130280,2.3422,2.3442,2.3404,2.3427
1762130340,2.3427,2.3439,2.3416,2.3418
1762130400,2.3418,2.3436,2.3395,2.3395
1762130460,2.3395,2.3413,2.3393,2.3402
1762130520,2.3402,2.3415,2.3393,2.3415
1762130580,2.3415,2.3415,2.3385,2.3393
1762130640,2.3393,2.3407,2.3393,2.3403
1762130700,2.3403,2.3443,2.3401,2.3428
1762130760,2.3428,2.3431,2.3404,2.3404
1762130820,2.3404,2.3404,2.3369,2.3378
1762130880,2.3378,2.3396,2.3357,2.3386
1762130940,2.3386,2.3386,2.3366,2.3367
1762131000,2.3367,2.3397,2.3366,2.3381
1762131060,2.3381,2.3386,2.3334,2.3356
1762131120,2.3356,2.3362,2.3307,2.3317
1762131180,2.3317,2.3317,2.3263,2.3281
1762131240,2.3281,2.3281,2.3258,2.3274
1762131300,2.3274,2.3274,2.3186,2.3218
1762131360,2.3218,2.3228,2.3173,2.3199
1762131420,2.3199,2.3203,2.3176,2.319
1762131480,2.319,2.3213,2.3152,2.3206
1762131540,2.3206,2.3234,2.3165,2.3165
1762131600,2.3165,2.3165,2.3109,2.3129
1762131660,2.3129,2.3168,2.31,2.3159
1762131720,2.3159,2.3177,2.3089,2.3104
1762131780,2.3104,2.3152,2.3093,2.3149
1762131840,2.3149,2.3174,2.313,2.3159
1762131900,2.3159,2.3171,2.3147,2.3159
1762131960,2.3159,2.32,2.3145,2.316
1762132020,2.316,2.3161,2.3096,2.3105
1762132080,2.3105,2.3182,2.3102,2.318
1762132140,2.318,2.3201,2.3155,2.3198
1762132200,2.3198,2.3228,2.3177,2.3228
1762132260,2.3228,2.3228,2.3194,2.3201
1762132320,2.3201,2.3204,2.3162,2.3174
1762132380,2.3174,2.3221,2.3174,2.3219
1762132440,2.3219,2.3224,2.3186,2.3198
1762132500,2.3198,2.3223,2.3179,2.3184
1762132560,2.3184,2.3224,2.3148,2.3217
1762132620,2.3217,2.323,2.32,2.3204
1762132680,2.3204,2.3218,2.3187,2.3197
1762132740,2.3197,2.3197,2.3145,2.3171
1762132800,2.3171,2.3177,2.3145,2.3163
1762132860,2.3163,2.3197,2.316,2.317
1762132920,2.317,2.317,2.3106,2.3122
1762132980,2.3122,2.313,2.3096,2.3125
1762133040,2.3125,2.3129,2.3104,2.3104
1762133100,2.3104,2.3104,2.3046,2.307
1762133160,2.307,2.307,2.3019,2.3028
1762133220,2.3028,2.3071,2.3023,2.3057
1762133280,2.3057,2.3087,2.3051,2.3076
1762133340,2.3076,2.3084,2.3043,2.3043
1762133400,2.3043,2.3066,2.3023,2.306
1762133460,2.306,2.3072,2.3029,2.3058
1762133520,2.3058,2.3068,2.3055,2.3061
1762133580,2.3061,2.3068,2.3047,2.3047
1762133640,2.3047,2.3047,2.3009,2.3009
1762133700,2.3009,2.3011,2.2931,2.295
1762133760,2.295,2.296,2.2885,2.2932
1762133820,2.2932,2.2939,2.2903,2.2912
1762133880,2.2912,2.3001,2.2907,2.2985
1762133940,2.2985,2.2989,2.2941,2.2948
1762134000,2.2948,2.2973,2.2939,2.2968
1762134060,2.2968,2.2972,2.2943,2.2953
1762134120,2.2953,2.2978,2.2943,2.2973
1762134180,2.2973,2.3001,2.2973,2.2987
1762134240,2.2987,2.3039,2.2987,2.3011
1762134300,2.3011,2.3043,2.2994,2.3043
1762134360,2.3043,2.3044,2.3009,2.3042
1762134420,2.3042,2.3047,2.2973,2.2973
1762134480,2.2973,2.2999,2.2965,2.2965
1762134540,2.2965,2.2976,2.2945,2.2965
1762134600,2.2965,2.2981,2.2917,2.2923
1762134660,2.2923,2.2965,2.2905,2.2948
1762134720,2.2948,2.2957,2.2903,2.2941
1762134780,2.2941,2.2984,2.2941,2.2984
1762134840,2.2984,2.2986,2.2953,2.2979
1762134900,2.2979,2.3012,2.2976,2.2993
1762134960,2.2993,2.2998,2.2967,2.2983
1762135020,2.2983,2.2997,2.2976,2.2997
1762135080,2.2997,2.3026,2.2985,2.2998
1762135140,2.2998,2.3026,2.2998,2.3001
1762135200,2.3001,2.3024,2.2979,2.3024
1762135260,2.3024,2.3028,2.2995,2.3002
1762135320,2.3002,2.3002,2.2973,2.2989
1762135380,2.2989,2.2992,2.2955,2.2955
1762135440,2.2955,2.2955,2.2906,2.2934
1762135500,2.2934,2.2961,2.2917,2.2934
1762135560,2.2934,2.2934,2.2831,2.2852
1762135620,2.2852,2.2862,2.2783,2.2801
1762135680,2.2801,2.2878,2.2788,2.287
1762135740,2.287,2.289,2.2835,2.2844
1762135800,2.2844,2.2867,2.2826,2.2853
1762135860,2.2853,2.2892,2.2837,2.2868
1762135920,2.2868,2.2931,2.2866,2.2931
1762135980,2.2931,2.2988,2.2928,2.2985
1762136040,2.2985,2.2996,2.2954,2.2958
1762136100,2.2958,2.2958,2.2914,2.2921
1762136160,2.2921,2.2921,2.2875,2.2878
1762136220,2.2878,2.2881,2.2841,2.2868
1762136280,2.2868,2.2906,2.2867,2.2887
1762136340,2.2887,2.2916,2.2883,2.2905
1762136400,2.2905,2.2929,2.2904,2.292
1762136460,2.292,2.2924,2.2876,2.2914
1762136520,2.2914,2.2914,2.2861,2.2867
1762136580,2.2867,2.2911,2.2864,2.2866
1762136640,2.2866,2.2899,2.2866,2.2899
1762136700,2.2899,2.2923,2.2887,2.2892
1762136760,2.2892,2.2907,2.2842,2.2842
1762136820,2.2842,2.2845,2.2757,2.2786
1762136880,2.2786,2.279,2.2728,2.2748
1762136940,2.2748,2.275,2.2723,2.2735
1762137000,2.2735,2.2739,2.2659,2.27
1762137060,2.27,2.2746,2.2669,2.2721
1762137120,2.2721,2.2786,2.2659,2.2784
1762137180,2.2784,2.2784,2.2702,2.2727
1762137240,2.2727,2.2786,2.2721,2.2743
1762137300,2.2743,2.2774,2.2705,2.2749
1762137360,2.2749,2.2753,2.2678,2.2712
1762137420,2.2712,2.2721,2.2666,2.2675
1762137480,2.2675,2.2686,2.2593,2.2686
1762137540,2.2686,2.269,2.2635,2.2637
1762137600,2.2637,2.2683,2.2637,2.2645
1762137660,2.2645,2.2684,2.2641,2.2667
1762137720,2.2667,2.2671,2.2645,2.2651
1762137780,2.2651,2.2684,2.2624,2.2645
1762137840,2.2645,2.2678,2.2644,2.2661
1762137900,2.2661,2.2683,2.2635,2.2645
1762137960,2.2645,2.2647,2.2615,2.2626
1762138020,2.2626,2.2637,2.2578,2.2637
1762138080,2.2637,2.2668,2.2633,2.2637
1762138140,2.2637,2.2643,2.2601,2.261
1762138200,2.261,2.2657,2.2603,2.264
1762138260,2.264,2.2719,2.2631,2.2717
1762138320,2.2717,2.273,2.2658,2.2678
1762138380,2.2678,2.2703,2.2674,2.27
1762138440,2.27,2.2777,2.27,2.2771
1762138500,2.2771,2.281,2.2759,2.2764
1762138560,2.2764,2.2771,2.2695,2.2706
1762138620,2.2706,2.2721,2.2696,2.2717
1762138680,2.2717,2.275,2.271,2.2745
1762138740,2.2745,2.2745,2.2719,2.273
1762138800,2.273,2.2758,2.2727,2.2741
1762138860,2.2741,2.2741,2.2716,2.2729
1762138920,2.2729,2.2759,2.2729,2.2744
1762138980,2.2744,2.2765,2.2734,2.274
1762139040,2.274,2.274,2.2698,2.2722
1762139100,2.2722,2.273,2.2686,2.2686
1762139160,2.2686,2.2711,2.2652,2.2678
1762139220,2.2678,2.2694,2.266,2.2672
1762139280,2.2672,2.2672,2.258,2.2614
1762139340,2.2614,2.2618,2.2525,2.2555
1762139400,2.2555,2.2573,2.2512,2.2521
1762139460,2.2521,2.254,2.2445,2.2494
1762139520,2.2494,2.2519,2.2388,2.2516
1762139580,2.2516,2.2522,2.2411,2.2426
1762139640,2.2426,2.2456,2.2379,2.242
1762139700,2.242,2.2465,2.2399,2.2434
1762139760,2.2434,2.247,2.2427,2.2455
1762139820,2.2455,2.2469,2.243,2.2457
1762139880,2.2457,2.254,2.2441,2.252
1762139940,2.252,2.2536,2.245,2.2451
1762140000,2.2451,2.2489,2.2447,2.2456
1762140060,2.2456,2.2473,2.2405,2.2406
1762140120,2.2406,2.2418,2.2334,2.2358
1762140180,2.2358,2.2384,2.2333,2.2356
1762140240,2.2356,2.2374,2.2297,2.2367
1762140300,2.2367,2.2376,2.2336,2.2363
1762140360,2.2363,2.2366,2.2307,2.2326
1762140420,2.2326,2.234,2.2308,2.234
1762140480,2.234,2.236,2.2323,2.2339
1762140540,2.2339,2.2346,2.231,2.2326
1762140600,2.2326,2.2326,2.2192,2.2226
1762140660,2.2226,2.2242,2.2174,2.224
1762140720,2.224,2.2251,2.21,2.2192
1762140780,2.2192,2.2236,2.2166,2.2218
1762140840,2.2218,2.2252,2.2181,2.2205
1762140900,2.2205,2.224,2.2205,2.2223
1762140960,2.2223,2.2224,2.2169,2.2185
1762141020,2.2185,2.2203,2.215,2.22
1762141080,2.22,2.2273,2.2196,2.2213
1762141140,2.2213,2.2215,2.2173,2.218
1762141200,2.218,2.2221,2.2166,2.2196
1762141260,2.2196,2.2225,2.2194,2.2196
1762141320,2.2196,2.2203,2.217,2.2174
1762141380,2.2174,2.222,2.2153,2.2165
1762141440,2.2165,2.2193,2.2153,2.2179
1762141500,2.2179,2.2179,2.209,2.2121
1762141560,2.2121,2.215,2.2097,2.2097
1762141620,2.2097,2.2147,2.2093,2.2147
1762141680,2.2147,2.2177,2.2131,2.2143
1762141740,2.2143,2.215,2.2123,2.213
1762141800,2.213,2.2159,2.212,2.2139
1762141860,2.2139,2.2145,2.2106,2.2121
1762141920,2.2121,2.2124,2.2004,2.2087
1762141980,2.2087,2.2099,2.2039,2.2051
1762142040,2.2051,2.2078,2.203,2.2074
1762142100,2.2074,2.2087,2.2061,2.208
1762142160,2.208,2.208,2.201,2.2027
1762142220,2.2027,2.2093,2.2027,2.2078
1762142280,2.2078,2.2081,2.2042,2.2044
1762142340,2.2044,2.2081,2.2044,2.2069
1762142400,2.2069,2.2069,2.202,2.2032
1762142460,2.2032,2.2034,2.1942,2.1988
1762142520,2.1988,2.2033,2.1985,2.2002
1762142580,2.2002,2.2041,2.2002,2.2031
1762142640,2.2031,2.2038,2.2001,2.2023
1762142700,2.2023,2.2039,2.198,2.2028
1762142760,2.2028,2.2035,2.1927,2.1929
1762142820,2.1929,2.2016,2.1914,2.1998
1762142880,2.1998,2.207,2.1993,2.2042
1762142940,2.2042,2.2042,2.199,2.2038
1762143000,2.2038,2.2112,2.2038,2.2094
1762143060,2.2094,2.2094,2.2052,2.2061
1762143120,2.2061,2.2074,2.204,2.2049
1762143180,2.2049,2.2086,2.2041,2.2066
1762143240,2.2066,2.2086,2.2059,2.2078
1762143300,2.2078,2.2107,2.2073,2.2081
1762143360,2.2081,2.2081,2.1982,2.1993
1762143420,2.1993,2.2,2.1962,2.1998
1762143480,2.1998,2.1999,2.1964,2.1982
1762143540,2.1982,2.1982,2.1945,2.1963
1762143600,2.1963,2.1997,2.1953,2.1966
1762143660,2.1966,2.1976,2.1927,2.1964
1762143720,2.1964,2.2024,2.194,2.2017
1762143780,2.2017,2.2075,2.2017,2.2072
1762143840,2.2072,2.2077,2.203,2.203
1762143900,2.203,2.2047,2.2002,2.202
1762143960,2.202,2.2024,2.1967,2.2001
1762144020,2.2001,2.2023,2.1996,2.2016
1762144080,2.2016,2.2074,2.2013,2.2065
1762144140,2.2065,2.2073,2.2,2.2
1762144200,2.2,2.2,2.1952,2.1954
1762144260,2.1954,2.1984,2.1948,2.1968
1762144320,2.1968,2.198,2.1937,2.1967
1762144380,2.1967,2.1986,2.1963,2.1975
1762144440,2.1975,2.2004,2.1967,2.199
1762144500,2.199,2.2019,2.1982,2.2015
1762144560,2.2015,2.2043,2.1961,2.1961
1762144620,2.1961,2.1995,2.1955,2.1992
1762144680,2.1992,2.2005,2.1952,2.1983
1762144740,2.1983,2.2019,2.1978,2.2013
1762144800,2.2013,2.2021,2.1987,2.2006
1762144860,2.2006,2.201,2.1973,2.1981
1762144920,2.1981,2.2032,2.1981,2.2002
1762144980,2.2002,2.2014,2.1956,2.1967
1762145040,2.1967,2.2,2.1961,2.1979
1762145100,2.1979,2.2009,2.1979,2.1998
1762145160,2.1998,2.2029,2.1992,2.2027
1762145220,2.2027,2.2032,2.1989,2.2014
1762145280,2.2014,2.2031,2.1997,2.2027
1762145340,2.2027,2.2062,2.2024,2.2058
1762145400,2.2058,2.2099,2.2057,2.2091
1762145460,2.2091,2.2122,2.2087,2.2122
1762145520,2.2122,2.2154,2.212,2.2144
1762145580,2.2144,2.2152,2.2119,2.2149
1762145640,2.2149,2.2177,2.214,2.2156
1762145700,2.2156,2.2159,2.2132,2.2146
1762145760,2.2146,2.2165,2.214,2.2159
1762145820,2.2159,2.2176,2.215,2.2175
1762145880,2.2175,2.2175,2.2162,2.2169
1762145940,2.2169,2.2192,2.2162,2.2189
1762146000,2.2189,2.2217,2.218,2.2201
1762146060,2.2201,2.2223,2.2183,2.22
1762146120,2.22,2.2206,2.2182,2.2192
1762146180,2.2192,2.2235,2.2191,2.2198
1762146240,2.2198,2.2211,2.2183,2.2211
1762146300,2.2211,2.2266,2.2201,2.2233
1762146360,2.2233,2.2262,2.2222,2.2254
1762146420,2.2254,2.2282,2.2244,2.2245
1762146480,2.2245,2.2265,2.2236,2.2236
1762146540,2.2236,2.227,2.2225,2.2252
1762146600,2.2252,2.2255,2.2215,2.2215
1762146660,2.2215,2.2219,2.2184,2.2196
1762146720,2.2196,2.2196,2.2169,2.2187
1762146780,2.2187,2.2223,2.2181,2.2207
1762146840,2.2207,2.2253,2.2207,2.2234
1762146900,2.2234,2.2248,2.2216,2.2238
1762146960,2.2238,2.2249,2.2183,2.2183
1762147020,2.2183,2.2185,2.2162,2.2167
1762147080,2.2167,2.2182,2.216,2.2163
1762147140,2.2163,2.2179,2.2157,2.217
1762147200,2.217,2.2207,2.2169,2.2196
1762147260,2.2196,2.2198,2.2179,2.2195
1762147320,2.2195,2.223,2.2183,2.2203
1762147380,2.2203,2.2203,2.2168,2.2173
1762147440,2.2173,2.2197,2.2173,2.2175
1762147500,2.2175,2.2203,2.2155,2.217
1762147560,2.217,2.2198,2.2165,2.2191
1762147620,2.2191,2.2202,2.2183,2.2194
1762147680,2.2194,2.2219,2.2191,2.2216
1762147740,2.2216,2.2216,2.2198,2.2198
1762147800,2.2198,2.2211,2.2185,2.2202
1762147860,2.2202,2.2216,2.219,2.2201
1762147920,2.2201,2.2201,2.2184,2.2196
1762147980,2.2196,2.2199,2.2166,2.2182
1762148040,2.2182,2.2182,2.2166,2.2166
1762148100,2.2166,2.217,2.2132,2.2137
1762148160,2.2137,2.2137,2.2071,2.2081
1762148220,2.2081,2.2088,2.2073,2.2082
1762148280,2.2082,2.2093,2.1998,2.2028
1762148340,2.2028,2.204,2.2022,2.2039
1762148400,2.2039,2.2039,2.2002,2.2038
1762148460,2.2038,2.2043,2.2026,2.2026
1762148520,2.2026,2.2044,2.2011,2.2027
1762148580,2.2027,2.2034,2.2003,2.2024
1762148640,2.2024,2.2024,2.1994,2.2011
1762148700,2.2011,2.2016,2.1969,2.197
1762148760,2.197,2.2,2.197,2.199
1762148820,2.199,2.1995,2.1979,2.1992
1762148880,2.1992,2.1992,2.1967,2.199
1762148940,2.199,2.199,2.196,2.198
1762149000,2.198,2.2001,2.1968,2.1997
1762149060,2.1997,2.1998,2.1974,2.1991
1762149120,2.1991,2.1997,2.1953,2.1968
1762149180,2.1968,2.1986,2.1952,2.1961
1762149240,2.1961,2.1962,2.1908,2.1934
1762149300,2.1934,2.1969,2.1933,2.1965
1762149360,2.1965,2.1975,2.1957,2.1968
1762149420,2.1968,2.1968,2.1942,2.1946
1762149480,2.1946,2.1955,2.1924,2.1928
1762149540,2.1928,2.1934,2.1924,2.1934
1762149600,2.1934,2.1934,2.1858,2.1902
1762149660,2.1902,2.1924,2.1895,2.1911
1762149720,2.1911,2.1942,2.1907,2.1936
1762149780,2.1936,2.1948,2.1917,2.1948
1762149840,2.1948,2.1959,2.1918,2.1927
1762149900,2.1927,2.1952,2.1927,2.194
1762149960,2.194,2.1954,2.1919,2.1919
1762150020,2.1919,2.1944,2.1916,2.1937
1762150080,2.1937,2.1968,2.1929,2.1968
1762150140,2.1968,2.1992,2.1927,2.1929
1762150200,2.1929,2.1929,2.1875,2.1875
1762150260,2.1875,2.1878,2.1792,2.1806
1762150320,2.1806,2.1853,2.1806,2.1848
1762150380,2.1848,2.1867,2.1822,2.1831
1762150440,2.1831,2.1847,2.1829,2.1844
1762150500,2.1844,2.1852,2.1816,2.1851
1762150560,2.1851,2.1872,2.1842,2.1868
1762150620,2.1868,2.1898,2.1856,2.1898
1762150680,2.1898,2.1908,2.1865,2.1865
1762150740,2.1865,2.187,2.1838,2.1854
1762150800,2.1854,2.19,2.185,2.189
1762150860,2.189,2.1893,2.1861,2.1893
1762150920,2.1893,2.1893,2.1848,2.1858
1762150980,2.1858,2.1883,2.1854,2.1876
1762151040,2.1876,2.1928,2.1876,2.1893
1762151100,2.1893,2.1907,2.1881,2.1885
1762151160,2.1885,2.1885,2.1845,2.1849
1762151220,2.1849,2.1893,2.1848,2.1884
1762151280,2.1884,2.1907,2.1876,2.19
1762151340,2.19,2.191,2.1869,2.1888
1762151400,2.1888,2.1893,2.1854,2.1859
1762151460,2.1859,2.1859,2.1797,2.1804
1762151520,2.1804,2.1804,2.1751,2.1755
1762151580,2.1755,2.1824,2.1753,2.1799
1762151640,2.1799,2.1864,2.1799,2.1805
1762151700,2.1805,2.1875,2.1795,2.1864
1762151760,2.1864,2.187,2.1831,2.1843
1762151820,2.1843,2.1871,2.1843,2.1852
1762151880,2.1852,2.1868,2.1807,2.1811
1762151940,2.1811,2.1858,2.1782,2.1816
1762152000,2.1816,2.184,2.1791,2.1822
1762152060,2.1822,2.1824,2.1734,2.1742
1762152120,2.1742,2.1789,2.1742,2.1783
1762152180,2.1783,2.1783,2.1741,2.1762
1762152240,2.1762,2.1766,2.1722,2.1749
1762152300,2.1749,2.1769,2.1688,2.1721
1762152360,2.1721,2.173,2.1612,2.1666
1762152420,2.1666,2.1683,2.1581,2.1624
1762152480,2.1624,2.164,2.1538,2.1615
1762152540,2.1615,2.169,2.1605,2.1679
1762152600,2.1679,2.1745,2.1674,2.1741
1762152660,2.1741,2.1813,2.1732,2.1788
1762152720,2.1788,2.1825,2.1777,2.1782
1762152780,2.1782,2.1782,2.1726,2.1752
1762152840,2.1752,2.1752,2.1713,2.1713
1762152900,2.1713,2.1735,2.1687,2.1688
1762152960,2.1688,2.1704,2.1679,2.1704
1762153020,2.1704,2.1756,2.1698,2.1756
1762153080,2.1756,2.1764,2.1744,2.1758
1762153140,2.1758,2.1776,2.1743,2.1749
1762153200,2.1749,2.1749,2.1696,2.1696
1762153260,2.1696,2.1732,2.1696,2.1715
1762153320,2.1715,2.1736,2.1687,2.1733
1762153380,2.1733,2.1744,2.17,2.1712
1762153440,2.1712,2.1729,2.1683,2.1687
1762153500,2.1687,2.1745,2.1687,2.1708
1762153560,2.1708,2.1709,2.1655,2.1687
1762153620,2.1687,2.1712,2.1664,2.1688
1762153680,2.1688,2.1735,2.1683,2.1715
1762153740,2.1715,2.1738,2.1709,2.173
1762153800,2.173,2.1749,2.1718,2.1738
1762153860,2.1738,2.1738,2.1711,2.1718
1762153920,2.1718,2.1754,2.1712,2.1727
1762153980,2.1727,2.1753,2.1723,2.1746
1762154040,2.1746,2.1756,2.1735,2.1738
1762154100,2.1738,2.1745,2.171,2.1745
1762154160,2.1745,2.178,2.1735,2.1773
1762154220,2.1773,2.1804,2.175,2.18
1762154280,2.18,2.18,2.1763,2.1769
1762154340,2.1769,2.178,2.1718,2.1746
1762154400,2.1746,2.1771,2.1727,2.177
1762154460,2.177,2.177,2.1737,2.1763
1762154520,2.1763,2.1823,2.176,2.1807
1762154580,2.1807,2.1871,2.1807,2.186
1762154640,2.186,2.1963,2.1852,2.1945
1762154700,2.1945,2.1973,2.1937,2.1956
1762154760,2.1956,2.1964,2.1898,2.1901
1762154820,2.1901,2.1906,2.1878,2.1888
1762154880,2.1888,2.1906,2.1879,2.1887
1762154940,2.1887,2.1896,2.1875,2.1884
1762155000,2.1884,2.1884,2.1863,2.1875
1762155060,2.1875,2.1902,2.1873,2.1899
1762155120,2.1899,2.1926,2.1899,2.1922
1762155180,2.1922,2.1961,2.1912,2.1946
1762155240,2.1946,2.1986,2.1936,2.1936
1762155300,2.1936,2.1962,2.1916,2.1953
1762155360,2.1953,2.1987,2.1931,2.1986
1762155420,2.1986,2.1997,2.1954,2.1964
1762155480,2.1964,2.202,2.1963,2.1974
1762155540,2.1974,2.1991,2.1965,2.1978
1762155600,2.1978,2.1988,2.1942,2.1984
1762155660,2.1984,2.2009,2.196,2.1961
1762155720,2.1961,2.1961,2.1924,2.1924
1762155780,2.1924,2.1949,2.1923,2.1948
1762155840,2.1948,2.1948,2.1878,2.1878
1762155900,2.1878,2.1899,2.1875,2.1889
1762155960,2.1889,2.1896,2.1876,2.1895
1762156020,2.1895,2.1923,2.1893,2.192
1762156080,2.192,2.194,2.1918,2.192
1762156140,2.192,2.1942,2.191,2.1924
1762156200,2.1924,2.1956,2.1911,2.1937
1762156260,2.1937,2.1958,2.1934,2.1948
1762156320,2.1948,2.1975,2.1948,2.1969
1762156380,2.1969,2.198,2.1967,2.1977
1762156440,2.1977,2.1997,2.1963,2.1963
1762156500,2.1963,2.1982,2.1957,2.1973
1762156560,2.1973,2.2007,2.1968,2.2007
1762156620,2.2007,2.2008,2.1983,2.1989
1762156680,2.1989,2.1989,2.1957,2.1964
1762156740,2.1964,2.1964,2.1923,2.1924
1762156800,2.1924,2.1926,2.1876,2.1896
1762156860,2.1896,2.1946,2.1893,2.1936
1762156920,2.1936,2.1941,2.1903,2.1927
1762156980,2.1927,2.1944,2.1916,2.1941
1762157040,2.1941,2.1951,2.193,2.1951
1762157100,2.1951,2.1975,2.1939,2.1971
1762157160,2.1971,2.1986,2.1945,2.197
1762157220,2.197,2.2001,2.1961,2.1981
1762157280,2.1981,2.1987,2.1944,2.1949
1762157340,2.1949,2.1963,2.1939,2.195
1762157400,2.195,2.1982,2.1946,2.1981
1762157460,2.1981,2.2014,2.1977,2.2005
1762157520,2.2005,2.2028,2.1996,2.1996
1762157580,2.1996,2.2029,2.1989,2.202
1762157640,2.202,2.2028,2.2002,2.2007
1762157700,2.2007,2.2013,2.1933,2.1968
1762157760,2.1968,2.2017,2.1963,2.2015
1762157820,2.2015,2.2015,2.1992,2.1996
1762157880,2.1996,2.1996,2.1947,2.1947
1762157940,2.1947,2.2,2.1939,2.1974
1762158000,2.1974,2.1978,2.1948,2.1968
1762158060,2.1968,2.1975,2.1933,2.1933
1762158120,2.1933,2.1941,2.1912,2.1918
1762158180,2.1918,2.1944,2.1916,2.1921
1762158240,2.1921,2.1928,2.1911,2.1911
1762158300,2.1911,2.1926,2.1904,2.1904
1762158360,2.1904,2.1915,2.1861,2.1904
1762158420,2.1904,2.1904,2.1869,2.1897
1762158480,2.1897,2.1914,2.1891,2.19
1762158540,2.19,2.1911,2.1875,2.1898
1762158600,2.1898,2.1911,2.1878,2.1894
1762158660,2.1894,2.1904,2.188,2.1897
1762158720,2.1897,2.1898,2.1846,2.1872
1762158780,2.1872,2.1926,2.187,2.192
1762158840,2.192,2.1936,2.1901,2.1901
1762158900,2.1901,2.1919,2.1888,2.1919
1762158960,2.1919,2.1931,2.191,2.1911
1762159020,2.1911,2.1913,2.1871,2.1882
1762159080,2.1882,2.1887,2.1851,2.1861
1762159140,2.1861,2.1868,2.1825,2.1863
1762159200,2.1863,2.1889,2.1851,2.1887
1762159260,2.1887,2.1931,2.1876,2.1913
1762159320,2.1913,2.1931,2.1904,2.1922
1762159380,2.1922,2.1933,2.1902,2.1933
1762159440,2.1933,2.1953,2.1926,2.1941
1762159500,2.1941,2.1951,2.1902,2.1921
1762159560,2.1921,2.1944,2.1904,2.1928
1762159620,2.1928,2.1937,2.1903,2.1905
1762159680,2.1905,2.1915,2.1857,2.1887
1762159740,2.1887,2.1895,2.1863,2.1886
1762159800,2.1886,2.2025,2.1885,2.2021
1762159860,2.2021,2.2069,2.2013,2.2056
1762159920,2.2056,2.2067,2.2038,2.2047
1762159980,2.2047,2.2129,2.2047,2.212
1762160040,2.212,2.2129,2.2098,2.2102
1762160100,2.2102,2.2107,2.2035,2.2035
1762160160,2.2035,2.2048,2.2024,2.2029
1762160220,2.2029,2.2039,2.2,2.2035
1762160280,2.2035,2.2073,2.2032,2.2056
1762160340,2.2056,2.2065,2.2048,2.2059
1762160400,2.2059,2.2059,2.203,2.2052
1762160460,2.2052,2.207,2.2023,2.2033
1762160520,2.2033,2.2083,2.2029,2.2083
1762160580,2.2083,2.2127,2.2083,2.212
1762160640,2.212,2.2139,2.2109,2.2133
1762160700,2.2133,2.2169,2.2131,2.2165
1762160760,2.2165,2.2192,2.2154,2.2191
1762160820,2.2191,2.2222,2.2183,2.2219
1762160880,2.2219,2.2241,2.2179,2.2191
1762160940,2.2191,2.2211,2.2176,2.2176
1762161000,2.2176,2.2176,2.2145,2.2163
1762161060,2.2163,2.217,2.2144,2.2161
1762161120,2.2161,2.2183,2.2151,2.2159
1762161180,2.2159,2.2171,2.2144,2.2144
1762161240,2.2144,2.2163,2.2125,2.216
1762161300,2.216,2.216,2.2138,2.2149
1762161360,2.2149,2.216,2.2122,2.2134
1762161420,2.2134,2.2159,2.2128,2.2149
1762161480,2.2149,2.2151,2.2121,2.2135
1762161540,2.2135,2.2135,2.2077,2.2092
1762161600,2.2092,2.2092,2.202,2.2039
1762161660,2.2039,2.2054,2.2025,2.2025
1762161720,2.2025,2.2025,2.2,2.2011
1762161780,2.2011,2.202,2.1961,2.1961
1762161840,2.1961,2.1992,2.1961,2.1967
1762161900,2.1967,2.1968,2.1919,2.1926
1762161960,2.1926,2.1964,2.1923,2.1958
1762162020,2.1958,2.1974,2.1939,2.1956
1762162080,2.1956,2.199,2.195,2.1958
1762162140,2.1958,2.1958,2.1934,2.1943
1762162200,2.1943,2.1978,2.1942,2.1973
1762162260,2.1973,2.1985,2.1952,2.1965
1762162320,2.1965,2.1965,2.1926,2.1941
1762162380,2.1941,2.1941,2.1884,2.1896
1762162440,2.1896,2.1929,2.1884,2.1905
1762162500,2.1905,2.1914,2.1888,2.1901
1762162560,2.1901,2.1941,2.1901,2.193
1762162620,2.193,2.1933,2.1907,2.1913
1762162680,2.1913,2.1916,2.1858,2.1876
1762162740,2.1876,2.1876,2.1853,2.187
1762162800,2.187,2.1891,2.1856,2.1891
1762162860,2.1891,2.1893,2.1875,2.1883
1762162920,2.1883,2.189,2.1861,2.1874
1762162980,2.1874,2.1885,2.1827,2.1846
1762163040,2.1846,2.1889,2.1846,2.1889
1762163100,2.1889,2.1889,2.1862,2.1873
1762163160,2.1873,2.1904,2.1861,2.1878
1762163220,2.1878,2.1878,2.1855,2.1855
1762163280,2.1855,2.1861,2.183,2.1847
1762163340,2.1847,2.1865,2.1808,2.1837
1762163400,2.1837,2.185,2.1812,2.1812
1762163460,2.1812,2.1812,2.1773,2.1805
1762163520,2.1805,2.1805,2.1771,2.1801
1762163580,2.1801,2.1814,2.1772,2.1783
1762163640,2.1783,2.1795,2.1772,2.1781
1762163700,2.1781,2.1781,2.1747,2.1765
1762163760,2.1765,2.1788,2.1763,2.1782
1762163820,2.1782,2.1789,2.1736,2.1752
1762163880,2.1752,2.1786,2.175,2.1784
1762163940,2.1784,2.1785,2.1761,2.1763
1762164000,2.1763,2.1804,2.1759,2.1782
1762164060,2.1782,2.1808,2.1774,2.1778
1762164120,2.1778,2.1814,2.1778,2.1805
1762164180,2.1805,2.1847,2.1798,2.1809
1762164240,2.1809,2.181,2.1748,2.176
1762164300,2.176,2.1819,2.176,2.1819
1762164360,2.1819,2.1821,2.1799,2.1814
1762164420,2.1814,2.1836,2.1812,2.1826
1762164480,2.1826,2.1843,2.182,2.1842
1762164540,2.1842,2.1861,2.1818,2.1826
1762164600,2.1826,2.1847,2.1818,2.1831
1762164660,2.1831,2.1839,2.1812,2.183
1762164720,2.183,2.1832,2.1797,2.1803
1762164780,2.1803,2.1804,2.1784,2.1795
1762164840,2.1795,2.1815,2.1794,2.1812
1762164900,2.1812,2.1837,2.1806,2.1829
1762164960,2.1829,2.1833,2.1813,2.1815
1762165020,2.1815,2.1823,2.179,2.1795
1762165080,2.1795,2.18,2.1781,2.1794
1762165140,2.1794,2.1809,2.1794,2.1809
1762165200,2.1809,2.1818,2.1791,2.1791
1762165260,2.1791,2.1805,2.1781,2.1801
1762165320,2.1801,2.1823,2.1794,2.1804
1762165380,2.1804,2.1809,2.1781,2.1794
1762165440,2.1794,2.1795,2.177,2.1791
1762165500,2.1791,2.182,2.179,2.179
1762165560,2.179,2.1791,2.177,2.1771
1762165620,2.1771,2.1787,2.1768,2.1779
1762165680,2.1779,2.1825,2.1778,2.1821
1762165740,2.1821,2.1822,2.1809,2.1812
1762165800,2.1812,2.1812,2.1721,2.1721
1762165860,2.1721,2.1744,2.1712,2.1728
1762165920,2.1728,2.1744,2.1727,2.1732
1762165980,2.1732,2.1741,2.1716,2.173
1762166040,2.173,2.173,2.1681,2.1707
1762166100,2.1707,2.172,2.1677,2.1679
1762166160,2.1679,2.1691,2.166,2.1662
1762166220,2.1662,2.1673,2.1655,2.1669
1762166280,2.1669,2.1687,2.1636,2.1641
1762166340,2.1641,2.1647,2.1626,2.1639
1762166400,2.1639,2.1692,2.1632,2.1692
1762166460,2.1692,2.1704,2.1657,2.1672
1762166520,2.1672,2.1674,2.1625,2.1645
1762166580,2.1645,2.1667,2.1634,2.1655
1762166640,2.1655,2.1658,2.1646,2.1653
1762166700,2.1653,2.1664,2.1625,2.165
1762166760,2.165,2.1654,2.1628,2.1643
1762166820,2.1643,2.1682,2.1643,2.1681
1762166880,2.1681,2.1707,2.1681,2.1707
1762166940,2.1707,2.1707,2.1686,2.169
1762167000,2.169,2.169,2.1672,2.1676
1762167060,2.1676,2.1709,2.1676,2.1702
1762167120,2.1702,2.1702,2.1656,2.1662
1762167180,2.1662,2.1662,2.1643,2.1657
1762167240,2.1657,2.1659,2.1637,2.1643
1762167300,2.1643,2.1678,2.1637,2.1678
1762167360,2.1678,2.1693,2.1671,2.1693
1762167420,2.1693,2.1693,2.1672,2.1672
1762167480,2.1672,2.1679,2.1647,2.1648
1762167540,2.1648,2.1655,2.1519,2.1603
1762167600,2.1603,2.1705,2.1603,2.1683
1762167660,2.1683,2.175,2.1668,2.1738
1762167720,2.1738,2.1762,2.1717,2.1734
1762167780,2.1734,2.1843,2.1704,2.182
1762167840,2.182,2.182,2.1756,2.1783
1762167900,2.1783,2.1788,2.1737,2.1747
1762167960,2.1747,2.1753,2.1729,2.1741
1762168020,2.1741,2.1824,2.173,2.1797
1762168080,2.1797,2.1838,2.1796,2.1832
1762168140,2.1832,2.1844,2.1804,2.1808
1762168200,2.1808,2.1814,2.1789,2.1809
1762168260,2.1809,2.1823,2.1777,2.1792
1762168320,2.1792,2.1798,2.1771,2.1788
1762168380,2.1788,2.1805,2.1779,2.1785
1762168440,2.1785,2.1792,2.1763,2.1766
1762168500,2.1766,2.1847,2.1766,2.1843
1762168560,2.1843,2.1937,2.1843,2.1895
1762168620,2.1895,2.1908,2.1849,2.1856
1762168680,2.1856,2.187,2.1841,2.1857
1762168740,2.1857,2.1876,2.185,2.186
1762168800,2.186,2.1886,2.1837,2.1858
1762168860,2.1858,2.1871,2.1826,2.1828
1762168920,2.1828,2.1831,2.1787,2.1787
1762168980,2.1787,2.1797,2.1766,2.1775
1762169040,2.1775,2.1785,2.177,2.1779
1762169100,2.1779,2.1786,2.1767,2.1781
1762169160,2.1781,2.1781,2.1757,2.1777
1762169220,2.1777,2.1787,2.1767,2.1784
1762169280,2.1784,2.1823,2.1784,2.1803
1762169340,2.1803,2.1824,2.1802,2.1807
1762169400,2.1807,2.1832,2.1801,2.1822
1762169460,2.1822,2.1856,2.182,2.185
1762169520,2.185,2.1852,2.1818,2.1834
1762169580,2.1834,2.1849,2.1802,2.1805
1762169640,2.1805,2.1831,2.1799,2.1819
1762169700,2.1819,2.1833,2.1805,2.1807
1762169760,2.1807,2.1811,2.179,2.179
1762169820,2.179,2.1816,2.1786,2.1811
1762169880,2.1811,2.1849,2.1811,2.1843
1762169940,2.1843,2.1856,2.1838,2.1838
1762170000,2.1838,2.1861,2.1826,2.186
1762170060,2.186,2.186,2.1818,2.1821
1762170120,2.1821,2.1847,2.1819,2.1836
1762170180,2.1836,2.1842,2.1823,2.1842
1762170240,2.1842,2.1846,2.1829,2.1838
1762170300,2.1838,2.1888,2.1838,2.1879
1762170360,2.1879,2.1879,2.1849,2.1864
1762170420,2.1864,2.1869,2.1829,2.1869
1762170480,2.1869,2.1911,2.1861,2.1865
1762170540,2.1865,2.1901,2.1865,2.1899
1762170600,2.1899,2.1904,2.1858,2.1865
1762170660,2.1865,2.1866,2.1838,2.1839
1762170720,2.1839,2.1839,2.1793,2.1803
1762170780,2.1803,2.1803,2.1783,2.179
1762170840,2.179,2.1815,2.179,2.1793
1762170900,2.1793,2.1796,2.1748,2.1763
1762170960,2.1763,2.1769,2.1748,2.1764
1762171020,2.1764,2.1778,2.1745,2.1745
1762171080,2.1745,2.1771,2.1738,2.1758
1762171140,2.1758,2.176,2.1746,2.176
1762171200,2.176,2.177,2.1755,2.176
1762171260,2.176,2.1761,2.1735,2.1744
1762171320,2.1744,2.1749,2.1725,2.1742
1762171380,2.1742,2.1782,2.1742,2.1781
1762171440,2.1781,2.1839,2.1778,2.1794
1762171500,2.1794,2.1797,2.1721,2.175
1762171560,2.175,2.1793,2.174,2.175
1762171620,2.175,2.1769,2.1746,2.1758
1762171680,2.1758,2.1776,2.1756,2.1768
1762171740,2.1768,2.1776,2.1745,2.1776
1762171800,2.1776,2.18,2.1765,2.1783
1762171860,2.1783,2.1811,2.1779,2.1784
1762171920,2.1784,2.1861,2.1779,2.1861
1762171980,2.1861,2.1866,2.1844,2.1851
1762172040,2.1851,2.1857,2.1833,2.1846
1762172100,2.1846,2.1896,2.1846,2.1886
1762172160,2.1886,2.1902,2.1867,2.1867
1762172220,2.1867,2.1867,2.1829,2.1846
1762172280,2.1846,2.1889,2.1844,2.1883
1762172340,2.1883,2.1895,2.1868,2.1871
1762172400,2.1871,2.1888,2.1865,2.1887
1762172460,2.1887,2.1913,2.1867,2.1867
1762172520,2.1867,2.1871,2.1851,2.1852
1762172580,2.1852,2.187,2.1849,2.1857
1762172640,2.1857,2.186,2.182,2.1821
1762172700,2.1821,2.1843,2.1821,2.1839
1762172760,2.1839,2.1853,2.1835,2.1845
1762172820,2.1845,2.1868,2.1814,2.1826
1762172880,2.1826,2.1866,2.1825,2.1855
1762172940,2.1855,2.1855,2.1842,2.1854
1762173000,2.1854,2.1864,2.1826,2.1829
1762173060,2.1829,2.1839,2.1801,2.1811
1762173120,2.1811,2.1811,2.1776,2.1789
1762173180,2.1789,2.1796,2.1775,2.1787
1762173240,2.1787,2.1799,2.1785,2.1787
1762173300,2.1787,2.1805,2.1775,2.1797
1762173360,2.1797,2.1797,2.176,2.177
1762173420,2.177,2.1772,2.175,2.1772
1762173480,2.1772,2.1773,2.1759,2.1768
1762173540,2.1768,2.1795,2.1765,2.1789
1762173600,2.1789,2.179,2.1761,2.1774
1762173660,2.1774,2.1784,2.1763,2.1763
1762173720,2.1763,2.1764,2.1746,2.1764
1762173780,2.1764,2.1785,2.1764,2.1771
1762173840,2.1771,2.1771,2.1736,2.1736
1762173900,2.1736,2.1746,2.1725,2.1745
1762173960,2.1745,2.1791,2.1745,2.1787
1762174020,2.1787,2.1797,2.1779,2.1789
1762174080,2.1789,2.1813,2.1788,2.1805
1762174140,2.1805,2.1805,2.177,2.18
1762174200,2.18,2.1821,2.1799,2.1815
1762174260,2.1815,2.1815,2.1795,2.1812
1762174320,2.1812,2.1812,2.1796,2.1805
1762174380,2.1805,2.1813,2.1787,2.1789
1762174440,2.1789,2.1789,2.177,2.1774
1762174500,2.1774,2.1782,2.1752,2.1752
1762174560,2.1752,2.1752,2.1719,2.172
1762174620,2.172,2.172,2.171,2.1711
1762174680,2.1711,2.1729,2.1695,2.1724
1762174740,2.1724,2.1738,2.1723,2.1727
1762174800,2.1727,2.1737,2.171,2.1734
1762174860,2.1734,2.1739,2.1703,2.171
1762174920,2.171,2.1747,2.171,2.1743
1762174980,2.1743,2.1747,2.1731,2.1741
1762175040,2.1741,2.1746,2.1734,2.1745
1762175100,2.1745,2.1756,2.171,2.171
1762175160,2.171,2.1726,2.1707,2.1708
1762175220,2.1708,2.1736,2.1706,2.1729
1762175280,2.1729,2.1729,2.1696,2.1697
1762175340,2.1697,2.1713,2.1681,2.1695
1762175400,2.1695,2.1695,2.1654,2.1682
1762175460,2.1682,2.1685,2.1657,2.1661
1762175520,2.1661,2.1689,2.1661,2.1689
1762175580,2.1689,2.1716,2.1689,2.1716
1762175640,2.1716,2.1716,2.1687,2.1691
1762175700,2.1691,2.1691,2.1655,2.1671
1762175760,2.1671,2.1689,2.1669,2.1682
1762175820,2.1682,2.1686,2.1655,2.1657
1762175880,2.1657,2.1668,2.164,2.1645
1762175940,2.1645,2.1659,2.1631,2.1632
1762176000,2.1632,2.164,2.1619,2.1624
1762176060,2.1624,2.1632,2.1607,2.1607
1762176120,2.1607,2.1625,2.1593,2.1615
1762176180,2.1615,2.1624,2.1606,2.1621
1762176240,2.1621,2.1621,2.1601,2.1613
1762176300,2.1613,2.1695,2.1612,2.1653
1762176360,2.1653,2.1659,2.1615,2.1639
1762176420,2.1639,2.1688,2.1637,2.1688
1762176480,2.1688,2.1692,2.1666,2.1688
1762176540,2.1688,2.1698,2.1669,2.1669
1762176600,2.1669,2.1732,2.1669,2.1704
1762176660,2.1704,2.1721,2.1695,2.1711
1762176720,2.1711,2.1736,2.1711,2.1735
1762176780,2.1735,2.1762,2.1731,2.1754
1762176840,2.1754,2.1793,2.1747,2.179
1762176900,2.179,2.179,2.1743,2.1745
1762176960,2.1745,2.1785,2.1742,2.1782
1762177020,2.1782,2.1804,2.175,2.18
1762177080,2.18,2.1806,2.1783,2.1791
1762177140,2.1791,2.1817,2.1782,2.179
1762177200,2.179,2.1805,2.1772,2.1774
1762177260,2.1774,2.1774,2.1741,2.1755
1762177320,2.1755,2.1755,2.1729,2.174
1762177380,2.174,2.1742,2.1725,2.1738
1762177440,2.1738,2.1752,2.1735,2.1752
1762177500,2.1752,2.1761,2.1718,2.1726
1762177560,2.1726,2.1776,2.1721,2.1771
1762177620,2.1771,2.1773,2.1705,2.1712
1762177680,2.1712,2.1727,2.1693,2.1726
1762177740,2.1726,2.1741,2.1713,2.173
1762177800,2.173,2.173,2.1698,2.1706
1762177860,2.1706,2.1708,2.1651,2.1651
1762177920,2.1651,2.1664,2.1618,2.1657
1762177980,2.1657,2.1673,2.1654,2.1663
1762178040,2.1663,2.1725,2.1663,2.1722
1762178100,2.1722,2.1756,2.1718,2.1741
1762178160,2.1741,2.175,2.1692,2.1694
1762178220,2.1694,2.1694,2.1665,2.1665
1762178280,2.1665,2.1665,2.1639,2.1639
1762178340,2.1639,2.1652,2.1606,2.1641
1762178400,2.1641,2.1747,2.1641,2.1703
1762178460,2.1703,2.1705,2.1667,2.1687
1762178520,2.1687,2.1715,2.1671,2.169
1762178580,2.169,2.1691,2.1656,2.1658
1762178640,2.1658,2.167,2.1642,2.167
1762178700,2.167,2.1729,2.1666,2.1694
1762178760,2.1694,2.1726,2.1685,2.1724
1762178820,2.1724,2.1889,2.1721,2.1873
1762178880,2.1873,2.1873,2.18,2.181
1762178940,2.181,2.1814,2.1748,2.1769
1762179000,2.1769,2.1794,2.1759,2.1768
1762179060,2.1768,2.1786,2.1752,2.1779
1762179120,2.1779,2.1829,2.1779,2.1788
1762179180,2.1788,2.1791,2.1729,2.1744
1762179240,2.1744,2.176,2.1711,2.1716
1762179300,2.1716,2.1723,2.1692,2.1715
1762179360,2.1715,2.172,2.168,2.1707
1762179420,2.1707,2.1724,2.1695,2.1698
1762179480,2.1698,2.1716,2.1683,2.1696
1762179540,2.1696,2.1724,2.1696,2.1707
1762179600,2.1707,2.1727,2.1681,2.1681
1762179660,2.1681,2.1686,2.1667,2.1678
1762179720,2.1678,2.168,2.1647,2.1658
1762179780,2.1658,2.1661,2.164,2.1651
1762179840,2.1651,2.1656,2.1638,2.165
1762179900,2.165,2.1654,2.1619,2.1646
1762179960,2.1646,2.1694,2.1635,2.1683
1762180020,2.1683,2.1684,2.1655,2.1671
1762180080,2.1671,2.1682,2.1662,2.1663
1762180140,2.1663,2.1694,2.166,2.1688
1762180200,2.1688,2.172,2.1683,2.1718
1762180260,2.1718,2.1726,2.1652,2.1655
1762180320,2.1655,2.1681,2.1623,2.1652
1762180380,2.1652,2.1683,2.1642,2.1662
1762180440,2.1662,2.1674,2.1621,2.1642
1762180500,2.1642,2.166,2.1564,2.1604
1762180560,2.1604,2.1655,2.1602,2.1615
1762180620,2.1615,2.1674,2.1611,2.1644
1762180680,2.1644,2.1696,2.1625,2.1694
1762180740,2.1694,2.1729,2.1683,2.1685
1762180800,2.1685,2.1698,2.1658,2.1694
1762180860,2.1694,2.1694,2.1618,2.1628
1762180920,2.1628,2.1628,2.158,2.1607
1762180980,2.1607,2.1642,2.16,2.162
1762181040,2.162,2.1653,2.1615,2.1643
1762181100,2.1643,2.1661,2.1601,2.163
1762181160,2.163,2.1686,2.1604,2.1676
1762181220,2.1676,2.1762,2.1666,2.1727
1762181280,2.1727,2.1745,2.1689,2.1697
1762181340,2.1697,2.1726,2.1683,2.1722
1762181400,2.1722,2.176,2.1675,2.1713
1762181460,2.1713,2.1762,2.1695,2.1759
1762181520,2.1759,2.1771,2.1739,2.1746
1762181580,2.1746,2.1785,2.1746,2.1759
1762181640,2.1759,2.1789,2.1736,2.1742
1762181700,2.1742,2.1772,2.1742,2.1742
1762181760,2.1742,2.1783,2.1725,2.1783
1762181820,2.1783,2.1794,2.1751,2.1774
1762181880,2.1774,2.1792,2.1741,2.1756
1762181940,2.1756,2.1807,2.1751,2.1806
1762182000,2.1806,2.1848,2.171,2.1733
1762182060,2.1733,2.1746,2.1694,2.1713
1762182120,2.1713,2.1724,2.1653,2.1658
1762182180,2.1658,2.1684,2.164,2.1658
1762182240,2.1658,2.1664,2.164,2.1654
1762182300,2.1654,2.1661,2.1631,2.1635
1762182360,2.1635,2.1668,2.163,2.1652
1762182420,2.1652,2.1652,2.1605,2.162
1762182480,2.162,2.1671,2.1598,2.1659
1762182540,2.1659,2.166,2.1612,2.1612
1762182600,2.1612,2.1636,2.1601,2.1614
1762182660,2.1614,2.1614,2.1565,2.1592
1762182720,2.1592,2.1616,2.1592,2.1615
1762182780,2.1615,2.1639,2.16,2.1619
1762182840,2.1619,2.1619,2.1581,2.1581
1762182900,2.1581,2.1583,2.1533,2.1563
1762182960,2.1563,2.1564,2.153,2.1531
1762183020,2.1531,2.1559,2.1531,2.1548
1762183080,2.1548,2.1558,2.1526,2.1545
1762183140,2.1545,2.158,2.1545,2.1568
1762183200,2.1568,2.157,2.148,2.1503
1762183260,2.1503,2.1514,2.1499,2.1502
1762183320,2.1502,2.1515,2.1406,2.1461
1762183380,2.1461,2.147,2.1442,2.1457
1762183440,2.1457,2.1457,2.1407,2.142
1762183500,2.142,2.1434,2.1405,2.1434
1762183560,2.1434,2.1434,2.118,2.1226
1762183620,2.1226,2.1284,2.0939,2.0941
1762183680,2.0941,2.1079,2.0884,2.0962
1762183740,2.0962,2.1028,2.063,2.0763
1762183800,2.0763,2.0803,1.993,1.9933
1762183860,1.9933,2.0405,1.9868,2.0397
1762183920,2.0397,2.0542,2.0329,2.0377
1762183980,2.0377,2.0389,2.0177,2.0292
1762184040,2.0292,2.0523,2.0288,2.0503
1762184100,2.0503,2.0757,2.0474,2.0741
1762184160,2.0741,2.1036,2.0725,2.0924
1762184220,2.0924,2.1006,2.083,2.092
1762184280,2.092,2.0965,2.0827,2.0913
1762184340,2.0913,2.0976,2.0886,2.0918
1762184400,2.0918,2.094,2.0793,2.0812
1762184460,2.0812,2.0904,2.0812,2.0822
1762184520,2.0822,2.0831,2.0686,2.0707
1762184580,2.0707,2.0811,2.0668,2.0743
1762184640,2.0743,2.0831,2.0695,2.0702
1762184700,2.0702,2.0816,2.0657,2.0658
1762184760,2.0658,2.0703,2.0566,2.0605
1762184820,2.0605,2.0629,2.0532,2.0582
1762184880,2.0582,2.0602,2.0489,2.0509
1762184940,2.0509,2.0613,2.0508,2.0582
1762185000,2.0582,2.0679,2.0571,2.0617
1762185060,2.0617,2.0675,2.0552,2.0651
1762185120,2.0651,2.0654,2.0579,2.0594
1762185180,2.0594,2.0691,2.0592,2.0592
1762185240,2.0592,2.0598,2.0478,2.05
1762185300,2.05,2.0591,2.048,2.0541
1762185360,2.0541,2.0577,2.05,2.0517
1762185420,2.0517,2.052,2.0399,2.0473
1762185480,2.0473,2.052,2.0448,2.0454
1762185540,2.0454,2.0468,2.0416,2.0423
1762185600,2.0423,2.0466,2.0318,2.0353
1762185660,2.0353,2.0454,2.0335,2.044
1762185720,2.044,2.0475,2.0364,2.0426
1762185780,2.0426,2.0525,2.042,2.0495
1762185840,2.0495,2.0499,2.0344,2.0402
1762185900,2.0402,2.0552,2.0402,2.053
1762185960,2.053,2.0556,2.044,2.0508
1762186020,2.0508,2.0532,2.0444,2.0452
1762186080,2.0452,2.0479,2.0402,2.0446
1762186140,2.0446,2.0513,2.0445,2.0498
1762186200,2.0498,2.052,2.0437,2.052
1762186260,2.052,2.0651,2.0476,2.0604
1762186320,2.0604,2.0661,2.059,2.0641
1762186380,2.0641,2.0687,2.0588,2.0653
1762186440,2.0653,2.0739,2.0649,2.069
1762186500,2.069,2.0731,2.0645,2.0679
1762186560,2.0679,2.0679,2.0595,2.0603
1762186620,2.0603,2.0708,2.0603,2.0698
1762186680,2.0698,2.0793,2.0688,2.0783
1762186740,2.0783,2.0888,2.0769,2.0871
1762186800,2.0871,2.095,2.0821,2.0837
1762186860,2.0837,2.0847,2.0801,2.0832
1762186920,2.0832,2.087,2.0816,2.0862
1762186980,2.0862,2.0913,2.085,2.0876
1762187040,2.0876,2.0885,2.0837,2.0848
1762187100,2.0848,2.0895,2.0829,2.0883
1762187160,2.0883,2.0893,2.0841,2.0887
1762187220,2.0887,2.0888,2.0812,2.0815
1762187280,2.0815,2.0824,2.0775,2.0816
1762187340,2.0816,2.0816,2.0759,2.0777
1762187400,2.0777,2.0845,2.0774,2.0823
1762187460,2.0823,2.0891,2.0802,2.0883
1762187520,2.0883,2.0887,2.0821,2.0868
1762187580,2.0868,2.0898,2.0847,2.0865
1762187640,2.0865,2.0867,2.0801,2.0817
1762187700,2.0817,2.0831,2.0773,2.0774
1762187760,2.0774,2.0837,2.0774,2.0829
1762187820,2.0829,2.0877,2.0821,2.0862
1762187880,2.0862,2.0888,2.0809,2.0866
1762187940,2.0866,2.0883,2.0812,2.0812
1762188000,2.0812,2.0873,2.0803,2.0863
1762188060,2.0863,2.089,2.0847,2.0886
1762188120,2.0886,2.092,2.0836,2.0871
1762188180,2.0871,2.0933,2.0856,2.0917
1762188240,2.0917,2.0924,2.0883,2.0898
1762188300,2.0898,2.1009,2.0898,2.1004
1762188360,2.1004,2.1014,2.0965,2.0994
1762188420,2.0994,2.1029,2.0961,2.0994
1762188480,2.0994,2.0994,2.0943,2.0956
1762188540,2.0956,2.0966,2.0915,2.0939
1762188600,2.0939,2.0963,2.091,2.0962
1762188660,2.0962,2.1015,2.0958,2.1013
1762188720,2.1013,2.106,2.0992,2.0992
1762188780,2.0992,2.1002,2.0937,2.0945
1762188840,2.0945,2.0974,2.0944,2.0956
1762188900,2.0956,2.0979,2.0935,2.0942
1762188960,2.0942,2.0991,2.0942,2.0986
1762189020,2.0986,2.1001,2.0963,2.0995
1762189080,2.0995,2.1022,2.0983,2.1008
1762189140,2.1008,2.1028,2.0959,2.0962
1762189200,2.0962,2.0964,2.0895,2.0906
1762189260,2.0906,2.0935,2.0897,2.0901
1762189320,2.0901,2.0961,2.0898,2.0906
1762189380,2.0906,2.1001,2.0906,2.0988
1762189440,2.0988,2.099,2.0913,2.0962
1762189500,2.0962,2.1015,2.0958,2.0998
1762189560,2.0998,2.1006,2.0966,2.099
1762189620,2.099,2.1037,2.097,2.1006
1762189680,2.1006,2.1026,2.0981,2.1015
1762189740,2.1015,2.1077,2.101,2.1061
1762189800,2.1061,2.1063,2.0993,2.1002
1762189860,2.1002,2.1052,2.1,2.1044
1762189920,2.1044,2.1057,2.1008,2.1035
1762189980,2.1035,2.1039,2.0967,2.1006
1762190040,2.1006,2.1034,2.0986,2.0988
1762190100,2.0988,2.1011,2.098,2.1004
1762190160,2.1004,2.1014,2.0929,2.0947
1762190220,2.0947,2.0997,2.0947,2.0995
1762190280,2.0995,2.1107,2.099,2.1102
1762190340,2.1102,2.1122,2.1081,2.1106
1762190400,2.1106,2.1198,2.1105,2.1193
1762190460,2.1193,2.1371,2.1191,2.1286
1762190520,2.1286,2.1295,2.1233,2.1245
1762190580,2.1245,2.1267,2.1158,2.1179
1762190640,2.1179,2.1183,2.1116,2.1141
1762190700,2.1141,2.1147,2.1077,2.1114
1762190760,2.1114,2.112,2.1063,2.1103
1762190820,2.1103,2.1126,2.1087,2.1095
1762190880,2.1095,2.1103,2.1067,2.107
1762190940,2.107,2.107,2.1036,2.1045
1762191000,2.1045,2.1121,2.1031,2.1103
1762191060,2.1103,2.1134,2.1074,2.1134
1762191120,2.1134,2.1153,2.1107,2.1138
1762191180,2.1138,2.1171,2.113,2.1156
1762191240,2.1156,2.1183,2.1154,2.1171
1762191300,2.1171,2.1205,2.1159,2.1171
1762191360,2.1171,2.1195,2.1154,2.1195
1762191420,2.1195,2.125,2.1192,2.1232
1762191480,2.1232,2.129,2.1232,2.129
1762191540,2.129,2.1296,2.1225,2.1227
1762191600,2.1227,2.123,2.1179,2.1194
1762191660,2.1194,2.1195,2.1134,2.1136
1762191720,2.1136,2.12,2.1134,2.1185
1762191780,2.1185,2.1201,2.1163,2.1182
1762191840,2.1182,2.1184,2.1143,2.118
1762191900,2.118,2.1207,2.1173,2.1182
1762191960,2.1182,2.1205,2.1163,2.1194
1762192020,2.1194,2.1254,2.1192,2.1249
1762192080,2.1249,2.126,2.1217,2.1223
1762192140,2.1223,2.1279,2.1223,2.126
1762192200,2.126,2.1274,2.1229,2.1243
1762192260,2.1243,2.1282,2.1221,2.1245
1762192320,2.1245,2.1269,2.1207,2.121
1762192380,2.121,2.1234,2.1179,2.121
1762192440,2.121,2.1218,2.1185,2.1206
1762192500,2.1206,2.1281,2.1187,2.1258
1762192560,2.1258,2.1275,2.1246,2.1257
1762192620,2.1257,2.1293,2.1257,2.1282
1762192680,2.1282,2.1299,2.1278,2.1287
1762192740,2.1287,2.1299,2.1271,2.1271
1762192800,2.1271,2.1281,2.1224,2.1228
1762192860,2.1228,2.1278,2.1227,2.1249
1762192920,2.1249,2.1267,2.123,2.1261
1762192980,2.1261,2.13,2.1253,2.1299
1762193040,2.1299,2.1314,2.1255,2.1255
1762193100,2.1255,2.1272,2.1229,2.1229
1762193160,2.1229,2.124,2.1204,2.121
1762193220,2.121,2.1231,2.1166,2.1191
1762193280,2.1191,2.1208,2.1177,2.1191
1762193340,2.1191,2.123,2.1187,2.1229
1762193400,2.1229,2.1285,2.122,2.1245
1762193460,2.1245,2.1251,2.1166,2.1169
1762193520,2.1169,2.1177,2.1151,2.1162
1762193580,2.1162,2.1169,2.1142,2.1144
1762193640,2.1144,2.1144,2.1116,2.1139
1762193700,2.1139,2.1173,2.1135,2.1156
1762193760,2.1156,2.1156,2.1085,2.1094
1762193820,2.1094,2.1104,2.1077,2.1096
1762193880,2.1096,2.1147,2.1096,2.1139
1762193940,2.1139,2.1187,2.1138,2.1182
1762194000,2.1182,2.1211,2.1177,2.118
1762194060,2.118,2.1202,2.1178,2.1202
1762194120,2.1202,2.1256,2.1201,2.125
1762194180,2.125,2.1252,2.1206,2.1207
1762194240,2.1207,2.1207,2.1159,2.1163
1762194300,2.1163,2.1188,2.1155,2.1165
1762194360,2.1165,2.1166,2.1119,2.1136
1762194420,2.1136,2.1155,2.1131,2.1155
1762194480,2.1155,2.1166,2.1133,2.1146
1762194540,2.1146,2.1151,2.1116,2.1144
1762194600,2.1144,2.1159,2.1129,2.114
1762194660,2.114,2.114,2.1108,2.1116
1762194720,2.1116,2.1153,2.1116,2.115
1762194780,2.115,2.1151,2.1103,2.1108
1762194840,2.1108,2.1121,2.1098,2.1098
1762194900,2.1098,2.1116,2.109,2.1096
1762194960,2.1096,2.1121,2.1084,2.1117
1762195020,2.1117,2.1146,2.1115,2.1126
1762195080,2.1126,2.1131,2.1075,2.109
1762195140,2.109,2.1121,2.1085,2.1103
1762195200,2.1103,2.1118,2.1084,2.1084
1762195260,2.1084,2.1084,2.103,2.1044
1762195320,2.1044,2.1064,2.1029,2.1046
1762195380,2.1046,2.1056,2.1016,2.1021
1762195440,2.1021,2.1032,2.1011,2.1021
1762195500,2.1021,2.1022,2.0928,2.097
1762195560,2.097,2.0973,2.0937,2.0949
1762195620,2.0949,2.0968,2.0928,2.0962
1762195680,2.0962,2.0994,2.0943,2.0979
1762195740,2.0979,2.098,2.095,2.095
1762195800,2.095,2.0986,2.095,2.0979
1762195860,2.0979,2.1005,2.0965,2.0974
1762195920,2.0974,2.0977,2.0946,2.0971
1762195980,2.0971,2.0973,2.095,2.095
1762196040,2.095,2.0956,2.0914,2.0948
1762196100,2.0948,2.0959,2.0916,2.0925
1762196160,2.0925,2.0925,2.0881,2.0918
1762196220,2.0918,2.0942,2.0907,2.0942
1762196280,2.0942,2.0948,2.0918,2.0939
1762196340,2.0939,2.0966,2.0933,2.0963
1762196400,2.0963,2.0993,2.0942,2.0953
1762196460,2.0953,2.097,2.0931,2.095
1762196520,2.095,2.095,2.0879,2.0917
1762196580,2.0917,2.0928,2.088,2.0914
1762196640,2.0914,2.093,2.0873,2.0886
1762196700,2.0886,2.0913,2.0843,2.086
1762196760,2.086,2.0891,2.0842,2.0878
1762196820,2.0878,2.0882,2.0852,2.086
1762196880,2.086,2.0883,2.0847,2.0851
1762196940,2.0851,2.0881,2.0821,2.0881
1762197000,2.0881,2.0912,2.0865,2.0869
1762197060,2.0869,2.0891,2.0838,2.0891
1762197120,2.0891,2.0901,2.0872,2.0901
1762197180,2.0901,2.0949,2.0899,2.0945
1762197240,2.0945,2.0961,2.0931,2.0955
1762197300,2.0955,2.1025,2.0946,2.1017
1762197360,2.1017,2.1071,2.1015,2.1019
1762197420,2.1019,2.1028,2.0938,2.0938
1762197480,2.0938,2.0947,2.0905,2.0915
1762197540,2.0915,2.0934,2.0913,2.0919
1762197600,2.0919,2.0995,2.0919,2.0969
1762197660,2.0969,2.1001,2.0938,2.0945
1762197720,2.0945,2.095,2.0906,2.0908
1762197780,2.0908,2.0919,2.0865,2.0882
1762197840,2.0882,2.0897,2.0877,2.088
1762197900,2.088,2.0905,2.0847,2.0904
1762197960,2.0904,2.0915,2.0889,2.0899
1762198020,2.0899,2.0899,2.0854,2.0859
1762198080,2.0859,2.0865,2.084,2.0844
1762198140,2.0844,2.0865,2.0843,2.0861
1762198200,2.0861,2.0907,2.0856,2.0888
1762198260,2.0888,2.0922,2.0888,2.0902
1762198320,2.0902,2.0919,2.0871,2.0882
1762198380,2.0882,2.0887,2.0859,2.0886
1762198440,2.0886,2.0918,2.0879,2.0879
1762198500,2.0879,2.0899,2.0862,2.0898
1762198560,2.0898,2.0925,2.0888,2.09
1762198620,2.09,2.09,2.0858,2.0881
1762198680,2.0881,2.0941,2.0879,2.0935
1762198740,2.0935,2.0955,2.0926,2.0942
1762198800,2.0942,2.0974,2.0942,2.0949
1762198860,2.0949,2.0956,2.0911,2.0912
1762198920,2.0912,2.0912,2.0874,2.0891
1762198980,2.0891,2.0931,2.0891,2.0927
1762199040,2.0927,2.0949,2.0922,2.0942
1762199100,2.0942,2.0996,2.0942,2.0981
1762199160,2.0981,2.0995,2.0958,2.0976
1762199220,2.0976,2.1002,2.0973,2.0987
1762199280,2.0987,2.0993,2.0946,2.0954
1762199340,2.0954,2.0969,2.0949,2.0952
1762199400,2.0952,2.0962,2.0901,2.0905
1762199460,2.0905,2.0906,2.0875,2.0906
1762199520,2.0906,2.091,2.0865,2.0865
1762199580,2.0865,2.0892,2.0863,2.0891
1762199640,2.0891,2.0903,2.0875,2.0887
1762199700,2.0887,2.0898,2.0875,2.0894
1762199760,2.0894,2.0908,2.0857,2.0871
1762199820,2.0871,2.0884,2.0851,2.0867
1762199880,2.0867,2.0883,2.0822,2.0834
1762199940,2.0834,2.0839,2.0803,2.0833
1762200000,2.0833,2.0881,2.0833,2.0867
1762200060,2.0867,2.0872,2.0835,2.0848
1762200120,2.0848,2.0865,2.0809,2.0826
1762200180,2.0826,2.083,2.0796,2.08
1762200240,2.08,2.0817,2.0782,2.0813
1762200300,2.0813,2.0825,2.0733,2.0741
1762200360,2.0741,2.0747,2.0708,2.0721
1762200420,2.0721,2.0728,2.0684,2.0693
1762200480,2.0693,2.0703,2.0639,2.0646
1762200540,2.0646,2.0698,2.0645,2.069
1762200600,2.069,2.0714,2.067,2.071
1762200660,2.071,2.0726,2.0697,2.0702
1762200720,2.0702,2.0707,2.068,2.0688
1762200780,2.0688,2.0707,2.0674,2.0704
1762200840,2.0704,2.0706,2.0668,2.0682
1762200900,2.0682,2.0703,2.0667,2.0669
1762200960,2.0669,2.07,2.0668,2.0689
1762201020,2.0689,2.0689,2.0648,2.0658
1762201080,2.0658,2.0658,2.0602,2.0643
1762201140,2.0643,2.0653,2.0621,2.0641
1762201200,2.0641,2.0644,2.0601,2.0638
1762201260,2.0638,2.0665,2.0619,2.0623
1762201320,2.0623,2.0625,2.0607,2.0616
1762201380,2.0616,2.0628,2.0595,2.06
1762201440,2.06,2.0602,2.0533,2.0549
1762201500,2.0549,2.0561,2.0512,2.0545
1762201560,2.0545,2.0596,2.0545,2.0577
1762201620,2.0577,2.0578,2.0543,2.0575
1762201680,2.0575,2.0634,2.0575,2.0634
1762201740,2.0634,2.064,2.0603,2.0605
1762201800,2.0605,2.0687,2.0605,2.0669
1762201860,2.0669,2.0669,2.0605,2.0614
1762201920,2.0614,2.064,2.0579,2.0588
1762201980,2.0588,2.0616,2.058,2.0596
1762202040,2.0596,2.0642,2.057,2.0572
1762202100,2.0572,2.06,2.0567,2.0567
1762202160,2.0567,2.0598,2.0551,2.0589
1762202220,2.0589,2.0633,2.0589,2.0633
1762202280,2.0633,2.0633,2.0577,2.0589
1762202340,2.0589,2.0641,2.0589,2.0634
1762202400,2.0634,2.0639,2.0587,2.0604
1762202460,2.0604,2.0609,2.0557,2.058
1762202520,2.058,2.0583,2.0538,2.0544
1762202580,2.0544,2.0574,2.0519,2.0559
1762202640,2.0559,2.0559,2.0506,2.0534
1762202700,2.0534,2.0555,2.0524,2.0531
1762202760,2.0531,2.0531,2.0458,2.0489
1762202820,2.0489,2.0534,2.0486,2.0515
1762202880,2.0515,2.0519,2.0465,2.0475
1762202940,2.0475,2.0492,2.0455,2.0491
1762203000,2.0491,2.0503,2.0408,2.0464
1762203060,2.0464,2.0464,2.0387,2.0414
1762203120,2.0414,2.0446,2.0414,2.0424
1762203180,2.0424,2.0436,2.0338,2.0373
1762203240,2.0373,2.0379,2.0314,2.032
1762203300,2.032,2.038,2.0302,2.0361
1762203360,2.0361,2.0375,2.0317,2.0323
1762203420,2.0323,2.0338,2.0306,2.0333
1762203480,2.0333,2.0356,2.0314,2.0336
1762203540,2.0336,2.0431,2.0322,2.041
1762203600,2.041,2.0485,2.0395,2.0474
1762203660,2.0474,2.0594,2.0473,2.0589
1762203720,2.0589,2.0645,2.0589,2.0632
1762203780,2.0632,2.0691,2.0619,2.0656
1762203840,2.0656,2.0657,2.0605,2.0626
1762203900,2.0626,2.0698,2.0604,2.0632
1762203960,2.0632,2.0632,2.0586,2.0612
1762204020,2.0612,2.0612,2.0537,2.0564
1762204080,2.0564,2.0597,2.0553,2.0565
1762204140,2.0565,2.0603,2.0557,2.0558
1762204200,2.0558,2.0586,2.0541,2.0559
1762204260,2.0559,2.0598,2.0553,2.0564
1762204320,2.0564,2.0598,2.0558,2.0572
1762204380,2.0572,2.058,2.0538,2.0562
1762204440,2.0562,2.0563,2.0493,2.0494
1762204500,2.0494,2.0531,2.0461,2.0473
1762204560,2.0473,2.0473,2.0417,2.0422
1762204620,2.0422,2.0425,2.0299,2.0316
1762204680,2.0316,2.037,2.03,2.0353
1762204740,2.0353,2.0435,2.0345,2.0428
1762204800,2.0428,2.0439,2.0406,2.0418
1762204860,2.0418,2.0428,2.0371,2.0423
1762204920,2.0423,2.0571,2.0417,2.057
1762204980,2.057,2.0613,2.0525,2.0536
1762205040,2.0536,2.0536,2.0472,2.0476
1762205100,2.0476,2.0507,2.0441,2.0456
1762205160,2.0456,2.0459,2.0416,2.0428
1762205220,2.0428,2.0448,2.0419,2.0433
1762205280,2.0433,2.0502,2.0414,2.0493
1762205340,2.0493,2.0522,2.049,2.052
1762205400,2.052,2.0546,2.0483,2.0538
1762205460,2.0538,2.0548,2.0461,2.0484
1762205520,2.0484,2.0543,2.0476,2.053
1762205580,2.053,2.0577,2.053,2.0573
1762205640,2.0573,2.0645,2.0568,2.0642
1762205700,2.0642,2.0649,2.0605,2.0623
1762205760,2.0623,2.0683,2.0621,2.0667
1762205820,2.0667,2.0679,2.063,2.066
1762205880,2.066,2.0688,2.0644,2.066
1762205940,2.066,2.0663,2.061,2.0621
1762206000,2.0621,2.0651,2.0609,2.0645
1762206060,2.0645,2.0671,2.0628,2.0669
1762206120,2.0669,2.0687,2.0642,2.0677
1762206180,2.0677,2.0708,2.0659,2.0707
1762206240,2.0707,2.072,2.0695,2.0704
1762206300,2.0704,2.0727,2.0682,2.0697
1762206360,2.0697,2.0732,2.0688,2.0718
1762206420,2.0718,2.0719,2.0655,2.0655
1762206480,2.0655,2.0711,2.0653,2.0694
1762206540,2.0694,2.0702,2.0669,2.0684
1762206600,2.0684,2.0737,2.0677,2.0716
1762206660,2.0716,2.0733,2.0697,2.0727
1762206720,2.0727,2.0727,2.0704,2.0712
1762206780,2.0712,2.0752,2.0712,2.0713
1762206840,2.0713,2.0726,2.069,2.0726
1762206900,2.0726,2.0732,2.0707,2.0718
1762206960,2.0718,2.0749,2.0713,2.0737
1762207020,2.0737,2.075,2.073,2.0731
1762207080,2.0731,2.0731,2.0719,2.0724
1762207140,2.0724,2.0754,2.0706,2.0739
1762207200,2.0739,2.0756,2.0726,2.0736
1762207260,2.0736,2.0751,2.0688,2.0693
1762207320,2.0693,2.0712,2.0661,2.0688
1762207380,2.0688,2.0688,2.0586,2.0607
1762207440,2.0607,2.0662,2.0607,2.0645
1762207500,2.0645,2.0717,2.0641,2.0689
1762207560,2.0689,2.069,2.0625,2.0646
1762207620,2.0646,2.0648,2.0622,2.0629
1762207680,2.0629,2.0679,2.0628,2.067
1762207740,2.067,2.0684,2.065,2.0684
1762207800,2.0684,2.069,2.0657,2.0666
1762207860,2.0666,2.0684,2.0634,2.0653
1762207920,2.0653,2.0653,2.0591,2.0593
1762207980,2.0593,2.0662,2.0593,2.0648
1762208040,2.0648,2.0669,2.0604,2.066
1762208100,2.066,2.0705,2.0654,2.0657
1762208160,2.0657,2.0704,2.0639,2.067
1762208220,2.067,2.0692,2.065,2.0675
1762208280,2.0675,2.069,2.0667,2.0684
1762208340,2.0684,2.0689,2.0636,2.0657
1762208400,2.0657,2.0668,2.0643,2.0668
1762208460,2.0668,2.0699,2.0617,2.0617
1762208520,2.0617,2.0624,2.0555,2.0603
1762208580,2.0603,2.0646,2.0602,2.063
1762208640,2.063,2.0645,2.0596,2.062
1762208700,2.062,2.062,2.058,2.0583
1762208760,2.0583,2.0601,2.0535,2.0537
1762208820,2.0537,2.0553,2.0492,2.0515
1762208880,2.0515,2.0524,2.0454,2.0471
1762208940,2.0471,2.049,2.0466,2.0466
1762209000,2.0466,2.0466,2.0363,2.0442
1762209060,2.0442,2.0471,2.0434,2.045
1762209120,2.045,2.0465,2.0397,2.0427
1762209180,2.0427,2.0448,2.0424,2.0424
1762209240,2.0424,2.054,2.042,2.0527
1762209300,2.0527,2.0537,2.0489,2.0506
1762209360,2.0506,2.061,2.0506,2.0577
1762209420,2.0577,2.0618,2.0563,2.0563
1762209480,2.0563,2.0567,2.0537,2.0553
1762209540,2.0553,2.0554,2.0512,2.0531
1762209600,2.0531,2.0577,2.0516,2.0523
1762209660,2.0523,2.0544,2.0523,2.0544
1762209720,2.0544,2.0567,2.0525,2.0535
1762209780,2.0535,2.0553,2.0534,2.0544
1762209840,2.0544,2.0578,2.0542,2.0576
1762209900,2.0576,2.0597,2.0576,2.0597
1762209960,2.0597,2.0639,2.0597,2.0639
1762210020,2.0639,2.0666,2.0639,2.0663
1762210080,2.0663,2.0676,2.066,2.0668
1762210140,2.0668,2.069,2.0668,2.069
1762210200,2.069,2.0695,2.0688,2.0689
1762210260,2.0689,2.069,2.0674,2.0679
1762210320,2.0679,2.0681,2.0645,2.0667
1762210380,2.0667,2.0668,2.0636,2.0646
1762210440,2.0646,2.0646,2.0632,2.0634
1762210500,2.0634,2.0634,2.0556,2.0556
1762210560,2.0556,2.0571,2.0551,2.0551
1762210620,2.0551,2.0563,2.0537,2.0563
1762210680,2.0563,2.0587,2.0563,2.057
1762210740,2.057,2.058,2.057,2.0576
1762210800,2.0576,2.0576,2.0506,2.0506
1762210860,2.0506,2.0507,2.0465,2.0465
1762210920,2.0465,2.0468,2.0409,2.0413
1762210980,2.0413,2.0423,2.0401,2.0423
1762211040,2.0423,2.0437,2.0389,2.0405
1762211100,2.0405,2.045,2.0405,2.0446
1762211160,2.0446,2.0471,2.0438,2.0471
1762211220,2.0471,2.0476,2.0457,2.0476
1762211280,2.0476,2.0498,2.0474,2.0484
1762211340,2.0484,2.0507,2.0475,2.0501
1762211400,2.0501,2.0523,2.0486,2.0486
1762211460,2.0486,2.0529,2.0486,2.0525
1762211520,2.0525,2.0559,2.0524,2.0559
1762211580,2.0559,2.0561,2.0528,2.0528
1762211640,2.0528,2.0541,2.0528,2.053
1762211700,2.053,2.053,2.0505,2.0519
1762211760,2.0519,2.0519,2.047,2.0473
1762211820,2.0473,2.0511,2.0473,2.0511
1762211880,2.0511,2.052,2.0498,2.05
1762211940,2.05,2.0528,2.0485,2.0528
1762212000,2.0528,2.0562,2.0526,2.0562
1762212060,2.0562,2.0598,2.0562,2.0598
1762212120,2.0598,2.0617,2.0553,2.0554
1762212180,2.0554,2.0554,2.0529,2.0537
1762212240,2.0537,2.0565,2.0535,2.0553
1762212300,2.0553,2.0605,2.0551,2.06
1762212360,2.06,2.06,2.0571,2.0571
1762212420,2.0571,2.059,2.0567,2.0581
1762212480,2.0581,2.0598,2.0572,2.0589
1762212540,2.0589,2.0603,2.0585,2.0603
1762212600,2.0603,2.0604,2.0587,2.0594
1762212660,2.0594,2.0629,2.0586,2.0586
1762212720,2.0586,2.0586,2.0562,2.0581
1762212780,2.0581,2.0631,2.0581,2.0631
1762212840,2.0631,2.067,2.063,2.0651
1762212900,2.0651,2.0669,2.0651,2.0651
1762212960,2.0651,2.0651,2.0627,2.0627
1762213020,2.0627,2.0664,2.0626,2.0663
1762213080,2.0663,2.0684,2.0661,2.0676
1762213140,2.0676,2.0696,2.0673,2.0675
1762213200,2.0675,2.0711,2.0675,2.071
1762213260,2.071,2.0721,2.0684,2.0691
1762213320,2.0691,2.071,2.0686,2.0705
1762213380,2.0705,2.0708,2.0678,2.0707
1762213440,2.0707,2.0727,2.0691,2.0708
1762213500,2.0708,2.0726,2.0701,2.0707
1762213560,2.0707,2.0714,2.0672,2.0699
1762213620,2.0699,2.0699,2.0657,2.0662
1762213680,2.0662,2.0683,2.0659,2.0666
1762213740,2.0666,2.0687,2.0645,2.0678
1762213800,2.0678,2.0679,2.0654,2.0669
1762213860,2.0669,2.0669,2.0639,2.0644
1762213920,2.0644,2.0671,2.0644,2.0655
1762213980,2.0655,2.0662,2.0639,2.0653
1762214040,2.0653,2.07,2.0653,2.0684
1762214100,2.0684,2.0702,2.0681,2.0691
1762214160,2.0691,2.0713,2.0683,2.0711
1762214220,2.0711,2.0713,2.0691,2.07
1762214280,2.07,2.07,2.067,2.0675
1762214340,2.0675,2.069,2.0671,2.0685
1762214400,2.0685,2.0696,2.0652,2.0659
1762214460,2.0659,2.0662,2.0643,2.065
1762214520,2.065,2.0664,2.0636,2.0642
1762214580,2.0642,2.0665,2.0642,2.0652
1762214640,2.0652,2.067,2.0643,2.0643
1762214700,2.0643,2.0661,2.0593,2.0603
1762214760,2.0603,2.065,2.0603,2.0639
1762214820,2.0639,2.0687,2.0627,2.0686
1762214880,2.0686,2.0686,2.0655,2.0656
1762214940,2.0656,2.0656,2.0632,2.0651
1762215000,2.0651,2.0657,2.0607,2.0617
1762215060,2.0617,2.0639,2.0603,2.0639
1762215120,2.0639,2.0639,2.0587,2.0606
1762215180,2.0606,2.0619,2.0597,2.0619
1762215240,2.0619,2.0627,2.0578,2.0594
1762215300,2.0594,2.0618,2.0586,2.0602
1762215360,2.0602,2.0602,2.0554,2.0562
1762215420,2.0562,2.0606,2.0556,2.0605
1762215480,2.0605,2.0648,2.0594,2.0596
1762215540,2.0596,2.0597,2.0561,2.0572
1762215600,2.0572,2.0589,2.0559,2.0562
1762215660,2.0562,2.0562,2.0527,2.0527
1762215720,2.0527,2.0529,2.0495,2.0503
1762215780,2.0503,2.053,2.0486,2.0487
1762215840,2.0487,2.05,2.0437,2.0468
1762215900,2.0468,2.0468,2.0449,2.046
1762215960,2.046,2.0475,2.0453,2.0454
1762216020,2.0454,2.0456,2.041,2.0412
1762216080,2.0412,2.0448,2.0412,2.0444
1762216140,2.0444,2.0445,2.0411,2.0419
1762216200,2.0419,2.0465,2.0413,2.0463
1762216260,2.0463,2.0517,2.0456,2.0482
1762216320,2.0482,2.0501,2.0456,2.0498
1762216380,2.0498,2.0614,2.0498,2.06
1762216440,2.06,2.0659,2.059,2.0637
1762216500,2.0637,2.0681,2.0637,2.0671
1762216560,2.0671,2.0842,2.067,2.0813
1762216620,2.0813,2.0821,2.0754,2.0763
1762216680,2.0763,2.0892,2.0749,2.0876
1762216740,2.0876,2.0885,2.0835,2.0863
1762216800,2.0863,2.0932,2.0846,2.0852
1762216860,2.0852,2.0852,2.0821,2.0821
1762216920,2.0821,2.0903,2.0821,2.09
1762216980,2.09,2.0936,2.0888,2.0915
1762217040,2.0915,2.094,2.0903,2.0912
1762217100,2.0912,2.092,2.0866,2.0912
1762217160,2.0912,2.0971,2.0912,2.0931
1762217220,2.0931,2.0945,2.0916,2.0927
1762217280,2.0927,2.0951,2.0893,2.0895
1762217340,2.0895,2.0927,2.0888,2.0927
1762217400,2.0927,2.0927,2.0858,2.086
1762217460,2.086,2.0888,2.0844,2.0854
1762217520,2.0854,2.0867,2.0845,2.0854
1762217580,2.0854,2.0883,2.0847,2.0877
1762217640,2.0877,2.0892,2.0835,2.0835
1762217700,2.0835,2.0836,2.0777,2.0781
1762217760,2.0781,2.0784,2.0745,2.0757
1762217820,2.0757,2.08,2.0755,2.08
1762217880,2.08,2.0808,2.0791,2.08
1762217940,2.08,2.0844,2.08,2.0819
1762218000,2.0819,2.0835,2.0804,2.0807
1762218060,2.0807,2.0828,2.0804,2.0814
1762218120,2.0814,2.083,2.0786,2.0794
1762218180,2.0794,2.0819,2.0768,2.0768
1762218240,2.0768,2.0772,2.0713,2.0717
1762218300,2.0717,2.0723,2.0684,2.0701
1762218360,2.0701,2.0781,2.0701,2.0779
1762218420,2.0779,2.0848,2.0777,2.0821
1762218480,2.0821,2.0821,2.0761,2.0765
1762218540,2.0765,2.0807,2.0745,2.0794
1762218600,2.0794,2.0825,2.0774,2.0779
1762218660,2.0779,2.0819,2.0776,2.0816
1762218720,2.0816,2.084,2.0788,2.0788
1762218780,2.0788,2.0788,2.0761,2.0773
1762218840,2.0773,2.0794,2.076,2.0772
1762218900,2.0772,2.0792,2.0759,2.0792
1762218960,2.0792,2.0795,2.0749,2.0784
1762219020,2.0784,2.0784,2.0762,2.0777
1762219080,2.0777,2.0803,2.0763,2.0796
1762219140,2.0796,2.0809,2.0769,2.0788
1762219200,2.0788,2.0896,2.0788,2.0891
1762219260,2.0891,2.0942,2.0871,2.0942
1762219320,2.0942,2.0956,2.0874,2.0951
1762219380,2.0951,2.0956,2.0889,2.0939
1762219440,2.0939,2.0959,2.0919,2.0936
1762219500,2.0936,2.0978,2.0924,2.0934
1762219560,2.0934,2.0934,2.088,2.088
1762219620,2.088,2.0891,2.087,2.0875
1762219680,2.0875,2.0876,2.0822,2.0828
1762219740,2.0828,2.0861,2.0827,2.0861
1762219800,2.0861,2.0907,2.0853,2.0877
1762219860,2.0877,2.0881,2.0826,2.0855
1762219920,2.0855,2.0926,2.0855,2.0918
1762219980,2.0918,2.0938,2.0898,2.0921
1762220040,2.0921,2.0953,2.0918,2.0949
1762220100,2.0949,2.0956,2.0919,2.0956
1762220160,2.0956,2.0999,2.0956,2.0981
1762220220,2.0981,2.0981,2.0943,2.0958
1762220280,2.0958,2.1039,2.0958,2.1024
1762220340,2.1024,2.1063,2.0985,2.1011
1762220400,2.1011,2.1026,2.0965,2.0975
1762220460,2.0975,2.098,2.0936,2.0954
1762220520,2.0954,2.0967,2.0944,2.0949
1762220580,2.0949,2.0954,2.0934,2.0942
1762220640,2.0942,2.0963,2.0936,2.0947
1762220700,2.0947,2.0962,2.0929,2.0929
1762220760,2.0929,2.0956,2.0926,2.094
1762220820,2.094,2.0952,2.0915,2.0915
1762220880,2.0915,2.0927,2.0906,2.0924
1762220940,2.0924,2.0943,2.0901,2.0901
1762221000,2.0901,2.0901,2.0861,2.0871
1762221060,2.0871,2.0873,2.0846,2.085
1762221120,2.085,2.085,2.0806,2.0822
1762221180,2.0822,2.0877,2.0821,2.0872
1762221240,2.0872,2.0927,2.087,2.0927
1762221300,2.0927,2.0935,2.091,2.0935
1762221360,2.0935,2.097,2.0932,2.0958
1762221420,2.0958,2.0958,2.0909,2.0945
1762221480,2.0945,2.0945,2.0876,2.0883
1762221540,2.0883,2.0902,2.088,2.0892
1762221600,2.0892,2.0898,2.0855,2.0864
1762221660,2.0864,2.0871,2.0849,2.0861
1762221720,2.0861,2.0875,2.0831,2.0832
1762221780,2.0832,2.0851,2.0827,2.0836
1762221840,2.0836,2.0847,2.0823,2.0833
1762221900,2.0833,2.0851,2.0813,2.0833
1762221960,2.0833,2.0852,2.0823,2.0837
1762222020,2.0837,2.0891,2.0837,2.0871
1762222080,2.0871,2.0902,2.0865,2.0901
1762222140,2.0901,2.0917,2.0895,2.0907
1762222200,2.0907,2.0915,2.0888,2.0888
1762222260,2.0888,2.0909,2.0887,2.0903
1762222320,2.0903,2.0945,2.0902,2.0938
1762222380,2.0938,2.0938,2.0891,2.0918
1762222440,2.0918,2.0921,2.0904,2.0914
1762222500,2.0914,2.0916,2.0885,2.091
1762222560,2.091,2.091,2.0854,2.0892
1762222620,2.0892,2.0925,2.0888,2.0899
1762222680,2.0899,2.0954,2.0899,2.0933
1762222740,2.0933,2.0948,2.0933,2.0945
1762222800,2.0945,2.0971,2.0943,2.0945
1762222860,2.0945,2.0964,2.0935,2.0943
1762222920,2.0943,2.0967,2.0943,2.0951
1762222980,2.0951,2.0965,2.0928,2.0944
1762223040,2.0944,2.0944,2.0913,2.0936
1762223100,2.0936,2.0962,2.0933,2.0938
1762223160,2.0938,2.0944,2.0915,2.0919
1762223220,2.0919,2.0944,2.0919,2.092
1762223280,2.092,2.0927,2.0878,2.088
1762223340,2.088,2.0882,2.086,2.0869
1762223400,2.0869,2.0869,2.0833,2.084
1762223460,2.084,2.0879,2.084,2.0865
1762223520,2.0865,2.0895,2.0865,2.0876
1762223580,2.0876,2.088,2.0813,2.0831
1762223640,2.0831,2.0858,2.082,2.085
1762223700,2.085,2.0877,2.084,2.0845
1762223760,2.0845,2.0878,2.0838,2.0838
1762223820,2.0838,2.0851,2.0822,2.0834
1762223880,2.0834,2.0884,2.0833,2.0865
1762223940,2.0865,2.0901,2.0857,2.0857
1762224000,2.0857,2.0882,2.085,2.0853
1762224060,2.0853,2.0865,2.0834,2.0836
1762224120,2.0836,2.0836,2.0782,2.0797
1762224180,2.0797,2.0808,2.0779,2.0803
1762224240,2.0803,2.0822,2.0801,2.0812
1762224300,2.0812,2.0812,2.0779,2.0786
1762224360,2.0786,2.0794,2.0768,2.0787
1762224420,2.0787,2.0789,2.0727,2.074
1762224480,2.074,2.0765,2.0717,2.0757
1762224540,2.0757,2.0777,2.0746,2.0746
1762224600,2.0746,2.0781,2.0746,2.0769
1762224660,2.0769,2.0779,2.0744,2.0744
1762224720,2.0744,2.0756,2.0738,2.0752
1762224780,2.0752,2.0792,2.0751,2.0786
1762224840,2.0786,2.079,2.0771,2.078
1762224900,2.078,2.0787,2.0769,2.0773
1762224960,2.0773,2.0793,2.0771,2.0784
1762225020,2.0784,2.0784,2.0764,2.0775
1762225080,2.0775,2.0784,2.0769,2.0784
1762225140,2.0784,2.0784,2.0758,2.0758
1762225200,2.0758,2.0838,2.0758,2.0793
1762225260,2.0793,2.082,2.0771,2.0796
1762225320,2.0796,2.0815,2.0764,2.0768
1762225380,2.0768,2.0774,2.0738,2.0741
1762225440,2.0741,2.0773,2.0735,2.0768
1762225500,2.0768,2.0768,2.0724,2.0726
1762225560,2.0726,2.0726,2.0679,2.0708
1762225620,2.0708,2.0727,2.0694,2.0706
1762225680,2.0706,2.0758,2.0706,2.0755
1762225740,2.0755,2.0761,2.0736,2.0754
1762225800,2.0754,2.0763,2.0741,2.0746
1762225860,2.0746,2.0806,2.0746,2.0797
1762225920,2.0797,2.0824,2.0758,2.0785
1762225980,2.0785,2.0873,2.0785,2.087
1762226040,2.087,2.0919,2.0857,2.0906
1762226100,2.0906,2.0949,2.0902,2.0928
1762226160,2.0928,2.0928,2.0881,2.0884
1762226220,2.0884,2.0917,2.0884,2.09
1762226280,2.09,2.0945,2.0886,2.0886
1762226340,2.0886,2.0886,2.0853,2.0862
1762226400,2.0862,2.087,2.0831,2.0834
1762226460,2.0834,2.0838,2.0813,2.0813
1762226520,2.0813,2.087,2.0812,2.086
1762226580,2.086,2.0887,2.0851,2.0862
1762226640,2.0862,2.0873,2.0817,2.082
1762226700,2.082,2.0876,2.0818,2.0871
1762226760,2.0871,2.0876,2.0841,2.0843
1762226820,2.0843,2.0863,2.0843,2.0863
1762226880,2.0863,2.0876,2.0858,2.0876
1762226940,2.0876,2.0877,2.0859,2.0869
1762227000,2.0869,2.0874,2.0837,2.0843
1762227060,2.0843,2.0843,2.0801,2.0801
1762227120,2.0801,2.0833,2.08,2.0809
1762227180,2.0809,2.088,2.0808,2.087
1762227240,2.087,2.0926,2.087,2.0912
1762227300,2.0912,2.0935,2.0884,2.0891
1762227360,2.0891,2.0893,2.0844,2.0862
1762227420,2.0862,2.0915,2.0862,2.0915
1762227480,2.0915,2.0936,2.0912,2.0917
1762227540,2.0917,2.0931,2.0907,2.0918
1762227600,2.0918,2.0932,2.0882,2.0893
1762227660,2.0893,2.091,2.0891,2.0892
1762227720,2.0892,2.0905,2.0882,2.0895
1762227780,2.0895,2.0914,2.0866,2.0894
1762227840,2.0894,2.0895,2.0875,2.0882
1762227900,2.0882,2.09,2.0839,2.0853
1762227960,2.0853,2.0871,2.0829,2.0871
1762228020,2.0871,2.0874,2.085,2.0862
1762228080,2.0862,2.0878,2.083,2.0837
1762228140,2.0837,2.0844,2.0829,2.0834
1762228200,2.0834,2.086,2.0834,2.0859
1762228260,2.0859,2.0873,2.0845,2.0854
1762228320,2.0854,2.0854,2.0815,2.0824
1762228380,2.0824,2.0866,2.0814,2.0853
1762228440,2.0853,2.0882,2.0852,2.0873
1762228500,2.0873,2.0889,2.0867,2.0874
1762228560,2.0874,2.0876,2.0852,2.0857
1762228620,2.0857,2.0904,2.0857,2.0889
1762228680,2.0889,2.0906,2.0889,2.0889
1762228740,2.0889,2.089,2.0858,2.0858
1762228800,2.0858,2.0878,2.0833,2.0839
1762228860,2.0839,2.0853,2.0803,2.0851
1762228920,2.0851,2.0868,2.0826,2.0826
1762228980,2.0826,2.085,2.0818,2.0845
1762229040,2.0845,2.0892,2.0845,2.0889
1762229100,2.0889,2.0904,2.0862,2.0868
1762229160,2.0868,2.0871,2.0822,2.0841
1762229220,2.0841,2.0851,2.0825,2.0841
1762229280,2.0841,2.0862,2.0828,2.0862
1762229340,2.0862,2.0862,2.0837,2.0859
1762229400,2.0859,2.0901,2.0859,2.0897
1762229460,2.0897,2.0929,2.0889,2.0913
1762229520,2.0913,2.0919,2.0878,2.088
1762229580,2.088,2.0885,2.0851,2.0852
1762229640,2.0852,2.0886,2.0852,2.0886
1762229700,2.0886,2.0889,2.084,2.084
1762229760,2.084,2.0841,2.0798,2.0801
1762229820,2.0801,2.0832,2.0775,2.0819
1762229880,2.0819,2.0829,2.0802,2.0811
1762229940,2.0811,2.0829,2.0789,2.0824
1762230000,2.0824,2.0838,2.0805,2.0808
1762230060,2.0808,2.0833,2.08,2.0826
1762230120,2.0826,2.0871,2.0813,2.0864
1762230180,2.0864,2.0864,2.0836,2.0844
1762230240,2.0844,2.0844,2.082,2.0834
1762230300,2.0834,2.0838,2.0817,2.0822
1762230360,2.0822,2.0836,2.0799,2.0802
1762230420,2.0802,2.0818,2.0791,2.0808
1762230480,2.0808,2.0843,2.0801,2.0842
1762230540,2.0842,2.0849,2.0819,2.0833
1762230600,2.0833,2.0866,2.0831,2.0838
1762230660,2.0838,2.0874,2.0811,2.0874
1762230720,2.0874,2.0879,2.0832,2.0846
1762230780,2.0846,2.0899,2.0834,2.0844
1762230840,2.0844,2.0851,2.0826,2.0847
1762230900,2.0847,2.0852,2.08,2.0806
1762230960,2.0806,2.0807,2.075,2.0807
1762231020,2.0807,2.0809,2.0773,2.0791
1762231080,2.0791,2.0823,2.0787,2.0788
1762231140,2.0788,2.0792,2.0758,2.0784
1762231200,2.0784,2.0813,2.0777,2.0783
1762231260,2.0783,2.0787,2.076,2.0781
1762231320,2.0781,2.0803,2.0754,2.0754
1762231380,2.0754,2.0763,2.0745,2.0747
1762231440,2.0747,2.0755,2.074,2.0744
1762231500,2.0744,2.0768,2.0735,2.0754
1762231560,2.0754,2.0776,2.0743,2.0776
1762231620,2.0776,2.0794,2.0745,2.0749
1762231680,2.0749,2.0776,2.0743,2.0764
1762231740,2.0764,2.0773,2.0746,2.0764
1762231800,2.0764,2.0766,2.0736,2.0756
1762231860,2.0756,2.077,2.0749,2.075
1762231920,2.075,2.075,2.0722,2.0737
1762231980,2.0737,2.077,2.0729,2.0735
1762232040,2.0735,2.0748,2.0713,2.0719
1762232100,2.0719,2.0733,2.0705,2.0705
1762232160,2.0705,2.0719,2.0698,2.0702
1762232220,2.0702,2.0718,2.0693,2.0716
1762232280,2.0716,2.0729,2.0701,2.0717
1762232340,2.0717,2.0717,2.0696,2.07
1762232400,2.07,2.07,2.0659,2.068
1762232460,2.068,2.0686,2.0667,2.0667
1762232520,2.0667,2.0687,2.0655,2.0684
1762232580,2.0684,2.0702,2.0681,2.0702
1762232640,2.0702,2.0714,2.0683,2.0684
1762232700,2.0684,2.0711,2.0676,2.0707
1762232760,2.0707,2.0757,2.0686,2.0719
1762232820,2.0719,2.0743,2.0719,2.0727
1762232880,2.0727,2.0736,2.0713,2.0721
1762232940,2.0721,2.0769,2.0718,2.0769
1762233000,2.0769,2.0808,2.0766,2.0792
1762233060,2.0792,2.0802,2.0762,2.0764
1762233120,2.0764,2.0781,2.0748,2.0748
1762233180,2.0748,2.0757,2.0724,2.0748
1762233240,2.0748,2.0748,2.0733,2.0736
1762233300,2.0736,2.0753,2.0668,2.0675
1762233360,2.0675,2.0675,2.0609,2.063
1762233420,2.063,2.063,2.0592,2.0617
1762233480,2.0617,2.0632,2.0589,2.0602
1762233540,2.0602,2.0607,2.0533,2.0585
1762233600,2.0585,2.0585,2.0534,2.0554
1762233660,2.0554,2.0576,2.046,2.0475
1762233720,2.0475,2.049,2.0428,2.0485
1762233780,2.0485,2.0522,2.0475,2.0482
1762233840,2.0482,2.0488,2.0354,2.0401
1762233900,2.0401,2.0447,2.0374,2.039
1762233960,2.039,2.039,2.032,2.0359
1762234020,2.0359,2.0373,2.0303,2.0347
1762234080,2.0347,2.0373,2.0261,2.0283
1762234140,2.0283,2.0335,2.0272,2.0295
1762234200,2.0295,2.0296,2.0137,2.0192
1762234260,2.0192,2.0192,1.9997,2.0048
1762234320,2.0048,2.0145,2.0048,2.0063
1762234380,2.0063,2.0096,1.997,1.9991
1762234440,1.9991,2.01,1.9989,2.0062
1762234500,2.0062,2.0112,2.0044,2.007
1762234560,2.007,2.0179,2.0062,2.0168
1762234620,2.0168,2.0217,2.0127,2.0208
1762234680,2.0208,2.0224,2.014,2.014
1762234740,2.014,2.0169,2.0113,2.0156
1762234800,2.0156,2.0233,2.0148,2.0157
1762234860,2.0157,2.0176,2.0117,2.0164
1762234920,2.0164,2.0185,2.0151,2.0155
1762234980,2.0155,2.0182,2.0104,2.0128
1762235040,2.0128,2.0152,2.0083,2.0085
1762235100,2.0085,2.0138,2.0048,2.0054
1762235160,2.0054,2.0091,2.0004,2.0081
1762235220,2.0081,2.0092,2.0011,2.0042
1762235280,2.0042,2.0042,1.9888,1.9897
1762235340,1.9897,1.9962,1.9891,1.9928
1762235400,1.9928,2.0022,1.9928,1.9981
1762235460,1.9981,1.9996,1.9921,1.9929
1762235520,1.9929,1.9938,1.9816,1.9862
1762235580,1.9862,1.9866,1.9786,1.9843
1762235640,1.9843,1.9878,1.9806,1.9834
1762235700,1.9834,1.9913,1.9834,1.9844
1762235760,1.9844,1.9885,1.9744,1.976
1762235820,1.976,1.9882,1.976,1.9866
1762235880,1.9866,1.9872,1.9809,1.9854
1762235940,1.9854,1.9874,1.9813,1.9817
1762236000,1.9817,1.9881,1.9797,1.9871
1762236060,1.9871,1.9938,1.9852,1.9934
1762236120,1.9934,2.0007,1.9902,1.9936
1762236180,1.9936,1.9987,1.9925,1.9973
1762236240,1.9973,2.004,1.997,2.0024
1762236300,2.0024,2.0078,1.9996,1.9996
1762236360,1.9996,2.0046,1.9985,2.0008
1762236420,2.0008,2.0058,2.0007,2.0046
1762236480,2.0046,2.0046,1.9959,1.9986
1762236540,1.9986,2.0046,1.998,2.0026
1762236600,2.0026,2.0108,2,2.0089
1762236660,2.0089,2.0178,2.008,2.0177
1762236720,2.0177,2.0208,2.0123,2.0206
1762236780,2.0206,2.0371,2.0199,2.0368
1762236840,2.0368,2.0483,2.0346,2.0472
1762236900,2.0472,2.0671,2.0461,2.0648
1762236960,2.0648,2.0747,2.0635,2.065
1762237020,2.065,2.0691,2.0617,2.0652
1762237080,2.0652,2.0669,2.0629,2.0658
1762237140,2.0658,2.0698,2.0554,2.0564
1762237200,2.0564,2.0616,2.0536,2.0559
1762237260,2.0559,2.0675,2.0544,2.063
1762237320,2.063,2.0635,2.055,2.0561
1762237380,2.0561,2.0564,2.0469,2.0475
1762237440,2.0475,2.0503,2.0433,2.044
1762237500,2.044,2.0512,2.044,2.0495
1762237560,2.0495,2.0498,2.0447,2.0476
1762237620,2.0476,2.0515,2.0465,2.0504
1762237680,2.0504,2.0539,2.0467,2.0488
1762237740,2.0488,2.0531,2.0488,2.0509
1762237800,2.0509,2.0512,2.0442,2.0448
1762237860,2.0448,2.0459,2.0354,2.0397
1762237920,2.0397,2.0473,2.0389,2.0467
1762237980,2.0467,2.0485,2.0406,2.0406
1762238040,2.0406,2.0444,2.0405,2.0438
1762238100,2.0438,2.0455,2.0337,2.0363
1762238160,2.0363,2.0373,2.0329,2.033
1762238220,2.033,2.0349,2.028,2.0293
1762238280,2.0293,2.0297,2.0244,2.0281
1762238340,2.0281,2.0282,2.0216,2.0216
1762238400,2.0216,2.0254,2.0213,2.0232
1762238460,2.0232,2.0233,2.0201,2.0226
1762238520,2.0226,2.0226,2.0168,2.0169
1762238580,2.0169,2.0202,2.0168,2.0195
1762238640,2.0195,2.0212,2.016,2.0174
1762238700,2.0174,2.0225,2.0169,2.0215
1762238760,2.0215,2.0258,2.0215,2.0237
1762238820,2.0237,2.0275,2.0229,2.0257
1762238880,2.0257,2.0309,2.0244,2.0283
1762238940,2.0283,2.029,2.0221,2.0249
1762239000,2.0249,2.0319,2.0249,2.0285
1762239060,2.0285,2.0306,2.0242,2.0251
1762239120,2.0251,2.0306,2.0235,2.0302
1762239180,2.0302,2.038,2.0302,2.0363
1762239240,2.0363,2.0374,2.0281,2.0293
1762239300,2.0293,2.0303,2.0283,2.0296
1762239360,2.0296,2.0347,2.0289,2.033
1762239420,2.033,2.0337,2.0287,2.0298
1762239480,2.0298,2.03,2.0265,2.0283
1762239540,2.0283,2.0346,2.0283,2.032
1762239600,2.032,2.0324,2.0283,2.029
1762239660,2.029,2.035,2.0267,2.034
1762239720,2.034,2.0366,2.0289,2.0292
1762239780,2.0292,2.0293,2.013,2.0176
1762239840,2.0176,2.0239,2.0161,2.022
1762239900,2.022,2.0225,2.0169,2.0197
1762239960,2.0197,2.0257,2.0149,2.0217
1762240020,2.0217,2.0285,2.0209,2.0227
1762240080,2.0227,2.0265,2.0185,2.0187
1762240140,2.0187,2.0192,2.0137,2.0154
1762240200,2.0154,2.0171,2.0097,2.0104
1762240260,2.0104,2.0134,2.0084,2.011
1762240320,2.011,2.0155,2.0096,2.0137
1762240380,2.0137,2.0138,2.0062,2.0092
1762240440,2.0092,2.0144,2.009,2.0127
1762240500,2.0127,2.0127,2.0035,2.0062
1762240560,2.0062,2.0249,2.0045,2.0204
1762240620,2.0204,2.0213,2.0124,2.0129
1762240680,2.0129,2.0171,2.0101,2.0156
1762240740,2.0156,2.0166,2.0109,2.0112
1762240800,2.0112,2.0126,2.0066,2.0083
1762240860,2.0083,2.0129,2.0068,2.0081
1762240920,2.0081,2.0099,2.0057,2.0076
1762240980,2.0076,2.0076,2.0028,2.0029
1762241040,2.0029,2.0053,2.0009,2.0013
1762241100,2.0013,2.0056,2.0002,2.0054
1762241160,2.0054,2.0095,2.0008,2.0008
1762241220,2.0008,2.0015,1.996,1.998
1762241280,1.998,1.998,1.9879,1.9913
1762241340,1.9913,1.9926,1.9876,1.9907
1762241400,1.9907,1.9973,1.9901,1.9956
1762241460,1.9956,1.9998,1.9946,1.9977
1762241520,1.9977,2,1.9955,1.9991
1762241580,1.9991,2.0023,1.9976,2.0012
1762241640,2.0012,2.009,1.9997,2
1762241700,2,2.0016,1.9968,1.9992
1762241760,1.9992,2.0005,1.9956,1.9996
1762241820,1.9996,2.0041,1.9995,2.0035
1762241880,2.0035,2.0051,2.0021,2.0034
1762241940,2.0034,2.012,2.0018,2.0105
1762242000,2.0105,2.0113,2.0034,2.0034
1762242060,2.0034,2.0035,1.9958,1.998
1762242120,1.998,1.9986,1.9919,1.9924
1762242180,1.9924,1.9928,1.9857,1.991
1762242240,1.991,1.9937,1.9886,1.9929
1762242300,1.9929,1.9958,1.9907,1.9943
1762242360,1.9943,1.9943,1.9887,1.9893
1762242420,1.9893,1.9917,1.9877,1.9885
1762242480,1.9885,1.9885,1.9807,1.9829
1762242540,1.9829,1.9864,1.9809,1.9828
1762242600,1.9828,1.9882,1.9828,1.9876
1762242660,1.9876,1.9909,1.9873,1.99
1762242720,1.99,1.9958,1.9892,1.9951
1762242780,1.9951,1.9958,1.9908,1.9952
1762242840,1.9952,1.9956,1.9905,1.9942
1762242900,1.9942,1.9942,1.9874,1.9884
1762242960,1.9884,1.9928,1.9884,1.9909
1762243020,1.9909,1.9909,1.9874,1.9883
1762243080,1.9883,1.9898,1.9866,1.9889
1762243140,1.9889,1.9903,1.987,1.9894
1762243200,1.9894,1.9965,1.9888,1.9965
1762243260,1.9965,2.0003,1.9946,1.9967
1762243320,1.9967,2.0027,1.993,2.0027
1762243380,2.0027,2.0074,2,2.0055
1762243440,2.0055,2.0055,2.0011,2.0013
1762243500,2.0013,2.0013,1.9951,1.9977
1762243560,1.9977,2.0059,1.9967,2.005
1762243620,2.005,2.005,1.9968,1.9991
1762243680,1.9991,2.0012,1.9941,1.9962
1762243740,1.9962,2.0005,1.9941,1.9989
1762243800,1.9989,2.0026,1.9979,2.0015
1762243860,2.0015,2.0082,2.0005,2.0066
1762243920,2.0066,2.0118,2.0043,2.0088
1762243980,2.0088,2.0089,1.9985,2.0026
1762244040,2.0026,2.0059,1.9993,2.0007
1762244100,2.0007,2.0056,1.9985,1.9991
1762244160,1.9991,2.0061,1.999,1.9998
1762244220,1.9998,2.0022,1.9928,1.9999
1762244280,1.9999,2.0013,1.9945,1.9999
1762244340,1.9999,2.0013,1.9934,1.9983
1762244400,1.9983,2.0179,1.9983,2.0136
1762244460,2.0136,2.028,2.013,2.0227
1762244520,2.0227,2.0304,2.0193,2.0286
1762244580,2.0286,2.0332,2.0244,2.031
1762244640,2.031,2.0335,2.0276,2.0325
1762244700,2.0325,2.0384,2.0284,2.0287
1762244760,2.0287,2.0295,2.0211,2.0235
1762244820,2.0235,2.0285,2.0229,2.0285
1762244880,2.0285,2.0323,2.0256,2.03
1762244940,2.03,2.0364,2.0283,2.0347
1762245000,2.0347,2.044,2.0342,2.0416
1762245060,2.0416,2.0533,2.0413,2.0485
1762245120,2.0485,2.0556,2.0475,2.0532
1762245180,2.0532,2.0564,2.0495,2.0499
1762245240,2.0499,2.0499,2.0434,2.0439
1762245300,2.0439,2.0439,2.0394,2.0406
1762245360,2.0406,2.0453,2.038,2.039
1762245420,2.039,2.0446,2.0386,2.0397
1762245480,2.0397,2.0423,2.0381,2.0387
1762245540,2.0387,2.0391,2.0349,2.0356
1762245600,2.0356,2.0374,2.0338,2.0366
1762245660,2.0366,2.0399,2.0346,2.0383
1762245720,2.0383,2.0412,2.036,2.0383
1762245780,2.0383,2.0383,2.0346,2.0364
1762245840,2.0364,2.0383,2.0351,2.0361
1762245900,2.0361,2.0387,2.0289,2.0319
1762245960,2.0319,2.0319,2.0243,2.0249
1762246020,2.0249,2.0298,2.0244,2.029
1762246080,2.029,2.032,2.0278,2.0294
1762246140,2.0294,2.0303,2.0245,2.0298
1762246200,2.0298,2.031,2.0238,2.0238
1762246260,2.0238,2.0273,2.023,2.0252
1762246320,2.0252,2.0257,2.0224,2.0226
1762246380,2.0226,2.0268,2.0225,2.0267
1762246440,2.0267,2.0274,2.023,2.0244
1762246500,2.0244,2.0257,2.0231,2.025
1762246560,2.025,2.0302,2.0244,2.0286
1762246620,2.0286,2.0314,2.0281,2.031
1762246680,2.031,2.0315,2.0271,2.0275
1762246740,2.0275,2.0302,2.0274,2.0286
1762246800,2.0286,2.0343,2.0273,2.0338
1762246860,2.0338,2.0339,2.0281,2.0296
1762246920,2.0296,2.0332,2.0289,2.0309
1762246980,2.0309,2.0344,2.027,2.0325
1762247040,2.0325,2.0348,2.0317,2.033
1762247100,2.033,2.034,2.0274,2.0277
1762247160,2.0277,2.0356,2.0277,2.03
1762247220,2.03,2.0302,2.027,2.0278
1762247280,2.0278,2.0278,2.0231,2.0231
1762247340,2.0231,2.0303,2.0204,2.0297
1762247400,2.0297,2.0305,2.0275,2.0291
1762247460,2.0291,2.0324,2.0284,2.0289
1762247520,2.0289,2.031,2.0246,2.0246
1762247580,2.0246,2.0252,2.0205,2.0235
1762247640,2.0235,2.0242,2.0197,2.0235
1762247700,2.0235,2.025,2.0186,2.0235
1762247760,2.0235,2.0313,2.0235,2.0312
1762247820,2.0312,2.037,2.0304,2.036
1762247880,2.036,2.036,2.028,2.0291
1762247940,2.0291,2.0332,2.029,2.0308
1762248000,2.0308,2.0343,2.0299,2.0323
1762248060,2.0323,2.0323,2.0226,2.0226
1762248120,2.0226,2.0271,2.0209,2.027
1762248180,2.027,2.029,2.0221,2.029
1762248240,2.029,2.0326,2.0286,2.029
1762248300,2.029,2.0309,2.0286,2.0308
1762248360,2.0308,2.0355,2.0308,2.0354
1762248420,2.0354,2.0431,2.035,2.0406
1762248480,2.0406,2.0417,2.0385,2.0399
1762248540,2.0399,2.0399,2.0344,2.0353
1762248600,2.0353,2.0389,2.0348,2.0371
1762248660,2.0371,2.0404,2.0368,2.038
1762248720,2.038,2.0423,2.0366,2.0374
1762248780,2.0374,2.0392,2.036,2.0378
1762248840,2.0378,2.0385,2.0349,2.0349
1762248900,2.0349,2.0349,2.0298,2.0305
1762248960,2.0305,2.0306,2.0266,2.0301
1762249020,2.0301,2.0364,2.0296,2.0358
1762249080,2.0358,2.0432,2.0357,2.0403
1762249140,2.0403,2.0417,2.0389,2.0398
1762249200,2.0398,2.0406,2.0376,2.04
1762249260,2.04,2.0424,2.0387,2.0408
1762249320,2.0408,2.0428,2.0387,2.0387
1762249380,2.0387,2.0401,2.0367,2.0376
1762249440,2.0376,2.0395,2.0359,2.037
1762249500,2.037,2.0376,2.0347,2.036
1762249560,2.036,2.0386,2.0343,2.0382
1762249620,2.0382,2.0399,2.0353,2.0354
1762249680,2.0354,2.036,2.0325,2.0334
1762249740,2.0334,2.0445,2.0334,2.0426
1762249800,2.0426,2.0441,2.0415,2.0418
1762249860,2.0418,2.0418,2.0362,2.0381
1762249920,2.0381,2.0397,2.0315,2.0332
1762249980,2.0332,2.0388,2.0329,2.0369
1762250040,2.0369,2.0417,2.0353,2.0398
1762250100,2.0398,2.0438,2.0379,2.0412
1762250160,2.0412,2.0427,2.039,2.042
1762250220,2.042,2.0534,2.0413,2.0507
1762250280,2.0507,2.055,2.0479,2.0526
1762250340,2.0526,2.0556,2.0511,2.0517
1762250400,2.0517,2.0541,2.0503,2.0521
1762250460,2.0521,2.0538,2.0502,2.0509
1762250520,2.0509,2.0561,2.0506,2.0507
1762250580,2.0507,2.0519,2.0478,2.0491
1762250640,2.0491,2.0546,2.0491,2.0507
1762250700,2.0507,2.0536,2.0507,2.0527
1762250760,2.0527,2.0586,2.0523,2.0557
1762250820,2.0557,2.0583,2.0541,2.0554
1762250880,2.0554,2.0583,2.0544,2.055
1762250940,2.055,2.0593,2.054,2.0546
1762251000,2.0546,2.0561,2.0528,2.0528
1762251060,2.0528,2.0567,2.0502,2.0544
1762251120,2.0544,2.0573,2.0528,2.0558
1762251180,2.0558,2.0569,2.051,2.0514
1762251240,2.0514,2.0542,2.0514,2.0523
1762251300,2.0523,2.0562,2.0523,2.0562
1762251360,2.0562,2.059,2.0541,2.0563
1762251420,2.0563,2.0565,2.051,2.0514
1762251480,2.0514,2.0546,2.0501,2.054
1762251540,2.054,2.0558,2.051,2.0517
1762251600,2.0517,2.0537,2.0495,2.0502
1762251660,2.0502,2.052,2.0484,2.0514
1762251720,2.0514,2.0533,2.048,2.0483
1762251780,2.0483,2.0495,2.0466,2.0471
1762251840,2.0471,2.0477,2.0435,2.0453
1762251900,2.0453,2.0485,2.0442,2.0448
1762251960,2.0448,2.0492,2.0442,2.0481
1762252020,2.0481,2.0509,2.0479,2.0497
1762252080,2.0497,2.0524,2.0467,2.047
1762252140,2.047,2.048,2.0455,2.047
1762252200,2.047,2.0493,2.045,2.0477
1762252260,2.0477,2.0478,2.0437,2.0459
1762252320,2.0459,2.0464,2.0436,2.0454
1762252380,2.0454,2.0484,2.0454,2.0484
1762252440,2.0484,2.0532,2.0477,2.0498
1762252500,2.0498,2.0511,2.0456,2.0465
1762252560,2.0465,2.0465,2.0429,2.0442
1762252620,2.0442,2.0476,2.042,2.0468
1762252680,2.0468,2.052,2.0466,2.0519
1762252740,2.0519,2.0536,2.0499,2.052
1762252800,2.052,2.0531,2.0496,2.0531
1762252860,2.0531,2.0568,2.052,2.0548
1762252920,2.0548,2.0573,2.0527,2.0547
1762252980,2.0547,2.0568,2.0506,2.051
1762253040,2.051,2.0522,2.0495,2.0502
1762253100,2.0502,2.0525,2.0486,2.0525
1762253160,2.0525,2.056,2.0523,2.0535
1762253220,2.0535,2.0538,2.0512,2.0514
1762253280,2.0514,2.0533,2.049,2.0492
1762253340,2.0492,2.0497,2.0457,2.0478
1762253400,2.0478,2.0498,2.0478,2.0481
1762253460,2.0481,2.0496,2.0464,2.0481
1762253520,2.0481,2.0521,2.0475,2.0518
1762253580,2.0518,2.0533,2.0477,2.0525
1762253640,2.0525,2.0537,2.0482,2.0482
1762253700,2.0482,2.0486,2.0447,2.0476
1762253760,2.0476,2.0498,2.0461,2.0498
1762253820,2.0498,2.0534,2.0493,2.0534
1762253880,2.0534,2.0549,2.0525,2.053
1762253940,2.053,2.0545,2.0514,2.0541
1762254000,2.0541,2.0549,2.0516,2.0545
1762254060,2.0545,2.0573,2.0533,2.0563
1762254120,2.0563,2.0665,2.0562,2.0634
1762254180,2.0634,2.0652,2.0613,2.0637
1762254240,2.0637,2.064,2.0606,2.0608
1762254300,2.0608,2.0652,2.06,2.064
1762254360,2.064,2.0698,2.0633,2.0687
1762254420,2.0687,2.0708,2.0679,2.0679
1762254480,2.0679,2.0679,2.061,2.0657
1762254540,2.0657,2.0659,2.0641,2.0654
1762254600,2.0654,2.0673,2.0638,2.0658
1762254660,2.0658,2.068,2.0637,2.0646
1762254720,2.0646,2.0656,2.0619,2.0645
1762254780,2.0645,2.0655,2.0611,2.0615
1762254840,2.0615,2.0631,2.0608,2.0608
1762254900,2.0608,2.0615,2.0593,2.0611
1762254960,2.0611,2.0622,2.0586,2.0591
1762255020,2.0591,2.0647,2.0591,2.0642
1762255080,2.0642,2.0669,2.0627,2.0658
1762255140,2.0658,2.0666,2.0609,2.0609
1762255200,2.0609,2.0632,2.0607,2.0632
1762255260,2.0632,2.065,2.0617,2.0622
1762255320,2.0622,2.0638,2.059,2.0593
1762255380,2.0593,2.0594,2.0546,2.0573
1762255440,2.0573,2.0592,2.0562,2.0565
1762255500,2.0565,2.058,2.0538,2.0542
1762255560,2.0542,2.0542,2.0512,2.0512
1762255620,2.0512,2.0551,2.0504,2.0537
1762255680,2.0537,2.0554,2.053,2.0542
1762255740,2.0542,2.0551,2.0516,2.0522
1762255800,2.0522,2.0549,2.0517,2.0517
1762255860,2.0517,2.0517,2.0478,2.0478
1762255920,2.0478,2.0507,2.0468,2.0507
1762255980,2.0507,2.0526,2.0495,2.0513
1762256040,2.0513,2.0526,2.0479,2.0485
1762256100,2.0485,2.0505,2.0474,2.0481
1762256160,2.0481,2.0522,2.0481,2.0519
1762256220,2.0519,2.0536,2.0502,2.0536
1762256280,2.0536,2.0569,2.0536,2.0569
1762256340,2.0569,2.0595,2.0569,2.0582
1762256400,2.0582,2.0587,2.0551,2.0551
1762256460,2.0551,2.0551,2.0515,2.0521
1762256520,2.0521,2.0562,2.0521,2.056
1762256580,2.056,2.0565,2.0525,2.0531
1762256640,2.0531,2.0545,2.0525,2.0541
1762256700,2.0541,2.0591,2.0526,2.0571
1762256760,2.0571,2.0588,2.0556,2.0573
1762256820,2.0573,2.0581,2.0549,2.0556
1762256880,2.0556,2.0561,2.0525,2.0527
1762256940,2.0527,2.0532,2.0494,2.0496
1762257000,2.0496,2.0511,2.049,2.0507
1762257060,2.0507,2.0533,2.0507,2.0528
1762257120,2.0528,2.055,2.0519,2.0532
1762257180,2.0532,2.0536,2.051,2.0517
1762257240,2.0517,2.0526,2.0514,2.0517
1762257300,2.0517,2.0528,2.0513,2.0522
1762257360,2.0522,2.075,2.052,2.0702
1762257420,2.0702,2.0735,2.0685,2.0712
1762257480,2.0712,2.0757,2.0697,2.0743
1762257540,2.0743,2.0745,2.0704,2.0704
1762257600,2.0704,2.0707,2.0649,2.0649
1762257660,2.0649,2.068,2.0632,2.0666
1762257720,2.0666,2.0697,2.0652,2.0693
1762257780,2.0693,2.0693,2.0642,2.0661
1762257840,2.0661,2.0661,2.062,2.0627
1762257900,2.0627,2.0659,2.0616,2.063
1762257960,2.063,2.0651,2.0615,2.0644
1762258020,2.0644,2.0655,2.0601,2.0605
1762258080,2.0605,2.0621,2.0588,2.0606
1762258140,2.0606,2.061,2.0582,2.0607
1762258200,2.0607,2.0621,2.0591,2.0599
1762258260,2.0599,2.0605,2.0576,2.0576
1762258320,2.0576,2.0589,2.0568,2.0569
1762258380,2.0569,2.0571,2.0547,2.0569
1762258440,2.0569,2.0581,2.056,2.0581
1762258500,2.0581,2.0582,2.054,2.055
1762258560,2.055,2.0559,2.0525,2.055
1762258620,2.055,2.0556,2.0527,2.0536
1762258680,2.0536,2.0559,2.0535,2.0542
1762258740,2.0542,2.0564,2.0523,2.0564
1762258800,2.0564,2.0567,2.0532,2.0532
1762258860,2.0532,2.056,2.0527,2.0554
1762258920,2.0554,2.0557,2.0518,2.0518
1762258980,2.0518,2.0532,2.0503,2.0513
1762259040,2.0513,2.052,2.0483,2.0497
1762259100,2.0497,2.051,2.0489,2.0495
1762259160,2.0495,2.0526,2.0488,2.0513
1762259220,2.0513,2.0532,2.0506,2.0516
1762259280,2.0516,2.0581,2.0516,2.0577
1762259340,2.0577,2.0587,2.0557,2.0572
1762259400,2.0572,2.0587,2.0556,2.0557
1762259460,2.0557,2.0557,2.0526,2.0527
1762259520,2.0527,2.0531,2.0505,2.0505
1762259580,2.0505,2.0537,2.0505,2.0523
1762259640,2.0523,2.0538,2.0507,2.0507
1762259700,2.0507,2.0518,2.0465,2.0466
1762259760,2.0466,2.048,2.0459,2.0471
1762259820,2.0471,2.0505,2.0466,2.0486
1762259880,2.0486,2.0493,2.0456,2.0456
1762259940,2.0456,2.0457,2.0411,2.0432
1762260000,2.0432,2.0457,2.0426,2.0426
1762260060,2.0426,2.0433,2.0384,2.0427
1762260120,2.0427,2.043,2.0406,2.0414
1762260180,2.0414,2.0421,2.0399,2.0419
1762260240,2.0419,2.0434,2.0414,2.0434
1762260300,2.0434,2.0435,2.0396,2.041
1762260360,2.041,2.0435,2.0394,2.0427
1762260420,2.0427,2.0469,2.0427,2.0449
1762260480,2.0449,2.0487,2.0449,2.0473
1762260540,2.0473,2.0494,2.0447,2.0489
1762260600,2.0489,2.0497,2.0453,2.0497
1762260660,2.0497,2.0518,2.0475,2.0478
1762260720,2.0478,2.0479,2.0449,2.047
1762260780,2.047,2.0471,2.0459,2.0462
1762260840,2.0462,2.0494,2.0462,2.0487
1762260900,2.0487,2.0487,2.046,2.046
1762260960,2.046,2.0468,2.0457,2.0468
1762261020,2.0468,2.0478,2.0438,2.044
1762261080,2.044,2.0489,2.044,2.0488
1762261140,2.0488,2.0492,2.0474,2.049
1762261200,2.049,2.0508,2.0475,2.0505
1762261260,2.0505,2.0543,2.0505,2.0533
1762261320,2.0533,2.0539,2.049,2.0502
1762261380,2.0502,2.0569,2.0502,2.0536
1762261440,2.0536,2.054,2.0499,2.0503
1762261500,2.0503,2.0507,2.0467,2.0472
1762261560,2.0472,2.0497,2.0443,2.0473
1762261620,2.0473,2.0475,2.0432,2.0432
1762261680,2.0432,2.044,2.04,2.0421
1762261740,2.0421,2.0426,2.0404,2.0424
1762261800,2.0424,2.0447,2.0411,2.043
1762261860,2.043,2.0484,2.0429,2.047
1762261920,2.047,2.0519,2.047,2.0519
1762261980,2.0519,2.0521,2.0479,2.0499
1762262040,2.0499,2.0519,2.0491,2.0497
1762262100,2.0497,2.0507,2.0462,2.0471
1762262160,2.0471,2.0474,2.0424,2.0447
1762262220,2.0447,2.0475,2.0439,2.0446
1762262280,2.0446,2.0476,2.0446,2.0447
1762262340,2.0447,2.0459,2.0428,2.043
1762262400,2.043,2.043,2.039,2.04
1762262460,2.04,2.04,2.0337,2.0341
1762262520,2.0341,2.038,2.0336,2.0376
1762262580,2.0376,2.0378,2.0344,2.0348
1762262640,2.0348,2.0371,2.0318,2.0326
1762262700,2.0326,2.0328,2.0269,2.0304
1762262760,2.0304,2.0308,2.0276,2.0292
1762262820,2.0292,2.0298,2.0255,2.027
1762262880,2.027,2.0273,2.0247,2.0265
1762262940,2.0265,2.0275,2.0254,2.0259
1762263000,2.0259,2.0301,2.024,2.0283
1762263060,2.0283,2.0288,2.0232,2.024
1762263120,2.024,2.0297,2.0238,2.0297
1762263180,2.0297,2.0342,2.0295,2.0317
1762263240,2.0317,2.0362,2.0316,2.0348
1762263300,2.0348,2.0415,2.0348,2.0388
1762263360,2.0388,2.0411,2.0375,2.0386
1762263420,2.0386,2.0393,2.0366,2.039
1762263480,2.039,2.0426,2.038,2.038
1762263540,2.038,2.0393,2.0362,2.0372
1762263600,2.0372,2.0382,2.0352,2.0365
1762263660,2.0365,2.039,2.0322,2.034
1762263720,2.034,2.0346,2.0303,2.0319
1762263780,2.0319,2.0347,2.0302,2.032
1762263840,2.032,2.0329,2.0285,2.0285
1762263900,2.0285,2.0285,2.0226,2.0235
1762263960,2.0235,2.0246,2.0202,2.0211
1762264020,2.0211,2.0242,2.0201,2.0236
1762264080,2.0236,2.0256,2.0221,2.0232
1762264140,2.0232,2.0237,2.0191,2.0194
1762264200,2.0194,2.021,2.0173,2.021
1762264260,2.021,2.0265,2.0206,2.0265
1762264320,2.0265,2.0282,2.0247,2.0247
1762264380,2.0247,2.0255,2.0235,2.0245
1762264440,2.0245,2.0259,2.0239,2.0251
1762264500,2.0251,2.0265,2.0237,2.0264
1762264560,2.0264,2.0281,2.0263,2.0263
1762264620,2.0263,2.0263,2.0244,2.0248
1762264680,2.0248,2.0264,2.0238,2.0248
1762264740,2.0248,2.0264,2.0241,2.0257
1762264800,2.0257,2.0261,2.0232,2.0233
1762264860,2.0233,2.0236,2.018,2.0192
1762264920,2.0192,2.0192,2.0093,2.0114
1762264980,2.0114,2.013,2.0105,2.0114
1762265040,2.0114,2.0155,2.0111,2.0153
1762265100,2.0153,2.0196,2.0151,2.0176
1762265160,2.0176,2.0221,2.0148,2.0212
1762265220,2.0212,2.0251,2.0195,2.0239
1762265280,2.0239,2.024,2.0204,2.023
1762265340,2.023,2.023,2.0193,2.0211
1762265400,2.0211,2.0214,2.0181,2.0188
1762265460,2.0188,2.0189,2.0154,2.0185
1762265520,2.0185,2.0185,2.0135,2.015
1762265580,2.015,2.0165,2.0138,2.0156
1762265640,2.0156,2.0158,2.012,2.012
1762265700,2.012,2.015,2.0104,2.0144
1762265760,2.0144,2.0164,2.0127,2.016
1762265820,2.016,2.0179,2.0153,2.0162
1762265880,2.0162,2.0185,2.016,2.0179
1762265940,2.0179,2.0205,2.0144,2.0151
1762266000,2.0151,2.0154,2.0109,2.0148
1762266060,2.0148,2.0152,2.011,2.0117
1762266120,2.0117,2.0145,2.0114,2.0142
1762266180,2.0142,2.0194,2.0141,2.017
1762266240,2.017,2.017,2.0131,2.0147
1762266300,2.0147,2.0155,2.0113,2.0126
1762266360,2.0126,2.0156,2.0116,2.0147
1762266420,2.0147,2.0158,2.0132,2.0158
1762266480,2.0158,2.018,2.0156,2.0164
1762266540,2.0164,2.0199,2.0154,2.0197
1762266600,2.0197,2.0279,2.0131,2.0256
1762266660,2.0256,2.0288,2.0201,2.0201
1762266720,2.0201,2.0299,2.018,2.0267
1762266780,2.0267,2.0267,2.0178,2.0208
1762266840,2.0208,2.0265,2.0166,2.0241
1762266900,2.0241,2.029,2.0208,2.0239
1762266960,2.0239,2.0258,2.0151,2.0248
1762267020,2.0248,2.0248,2.0138,2.0148
1762267080,2.0148,2.0166,2.0027,2.0084
1762267140,2.0084,2.0172,2.0078,2.0166
1762267200,2.0166,2.0265,2.0122,2.0249
1762267260,2.0249,2.0474,2.0245,2.0456
1762267320,2.0456,2.0522,2.0429,2.0483
1762267380,2.0483,2.0507,2.0414,2.0433
1762267440,2.0433,2.0516,2.043,2.0514
1762267500,2.0514,2.0542,2.0462,2.0487
1762267560,2.0487,2.0598,2.0476,2.056
1762267620,2.056,2.0609,2.0499,2.0531
1762267680,2.0531,2.0689,2.0519,2.0668
1762267740,2.0668,2.0668,2.0599,2.0601
1762267800,2.0601,2.061,2.0558,2.0571
1762267860,2.0571,2.0732,2.0571,2.0709
1762267920,2.0709,2.0725,2.0625,2.0631
1762267980,2.0631,2.0689,2.0631,2.0684
1762268040,2.0684,2.0752,2.0673,2.072
1762268100,2.072,2.0772,2.07,2.0763
1762268160,2.0763,2.0777,2.0677,2.0689
1762268220,2.0689,2.0689,2.0621,2.0638
1762268280,2.0638,2.0647,2.0608,2.0632
1762268340,2.0632,2.0671,2.062,2.066
1762268400,2.066,2.0752,2.066,2.0696
1762268460,2.0696,2.0736,2.0673,2.0723
1762268520,2.0723,2.0828,2.0685,2.0812
1762268580,2.0812,2.0829,2.0738,2.0746
1762268640,2.0746,2.0793,2.0746,2.0787
1762268700,2.0787,2.0831,2.0746,2.0765
1762268760,2.0765,2.0771,2.0652,2.0652
1762268820,2.0652,2.0686,2.0641,2.0657
1762268880,2.0657,2.0698,2.0624,2.0657
1762268940,2.0657,2.0673,2.0622,2.0652
1762269000,2.0652,2.0653,2.0533,2.06
1762269060,2.06,2.0649,2.0599,2.0631
1762269120,2.0631,2.0677,2.0631,2.0647
1762269180,2.0647,2.0695,2.062,2.0624
1762269240,2.0624,2.0636,2.0534,2.0535
1762269300,2.0535,2.0625,2.0535,2.0624
1762269360,2.0624,2.0662,2.0596,2.0659
1762269420,2.0659,2.0678,2.0634,2.0642
1762269480,2.0642,2.0686,2.062,2.0649
1762269540,2.0649,2.0823,2.0649,2.0796
1762269600,2.0796,2.086,2.0774,2.0802
1762269660,2.0802,2.0816,2.0719,2.0763
1762269720,2.0763,2.0782,2.0722,2.0759
1762269780,2.0759,2.0759,2.0699,2.0746
1762269840,2.0746,2.076,2.0718,2.0737
1762269900,2.0737,2.077,2.0736,2.0744
1762269960,2.0744,2.0805,2.0712,2.0755
1762270020,2.0755,2.0755,2.066,2.0663
1762270080,2.0663,2.0671,2.0643,2.0654
1762270140,2.0654,2.0664,2.0621,2.0627
1762270200,2.0627,2.063,2.0576,2.0589
1762270260,2.0589,2.0624,2.0578,2.0583
1762270320,2.0583,2.0583,2.0544,2.056
1762270380,2.056,2.0598,2.0541,2.0541
1762270440,2.0541,2.0622,2.0525,2.0619
1762270500,2.0619,2.0638,2.0612,2.0619
1762270560,2.0619,2.0633,2.0563,2.0566
1762270620,2.0566,2.0581,2.0517,2.0529
1762270680,2.0529,2.0551,2.0504,2.0551
1762270740,2.0551,2.058,2.0536,2.0565
1762270800,2.0565,2.0584,2.0549,2.0558
1762270860,2.0558,2.0561,2.0532,2.0544
1762270920,2.0544,2.056,2.0507,2.0527
1762270980,2.0527,2.0576,2.0527,2.057
1762271040,2.057,2.0581,2.0561,2.0564
1762271100,2.0564,2.0565,2.0468,2.0468
1762271160,2.0468,2.0502,2.0432,2.048
1762271220,2.048,2.048,2.0403,2.0403
1762271280,2.0403,2.0432,2.0379,2.0382
1762271340,2.0382,2.0415,2.0379,2.0386
1762271400,2.0386,2.04,2.0345,2.0348
1762271460,2.0348,2.0364,2.0306,2.0308
1762271520,2.0308,2.0308,2.024,2.0277
1762271580,2.0277,2.0288,2.0179,2.0217
1762271640,2.0217,2.0245,2.0213,2.024
1762271700,2.024,2.0301,2.0238,2.0261
1762271760,2.0261,2.0261,2.0195,2.023
1762271820,2.023,2.0247,2.0207,2.0233
1762271880,2.0233,2.029,2.0225,2.0256
1762271940,2.0256,2.0267,2.0216,2.0227
1762272000,2.0227,2.0307,2.0219,2.0301
1762272060,2.0301,2.0338,2.0275,2.0322
1762272120,2.0322,2.0329,2.0262,2.0284
1762272180,2.0284,2.0341,2.0282,2.0328
1762272240,2.0328,2.0389,2.0328,2.0371
1762272300,2.0371,2.0393,2.034,2.0371
1762272360,2.0371,2.04,2.0365,2.0387
1762272420,2.0387,2.0468,2.0381,2.046
1762272480,2.046,2.0463,2.041,2.041
1762272540,2.041,2.043,2.0377,2.038
1762272600,2.038,2.0407,2.0368,2.0378
1762272660,2.0378,2.0393,2.0305,2.0334
1762272720,2.0334,2.041,2.0295,2.0385
1762272780,2.0385,2.0467,2.0382,2.0412
1762272840,2.0412,2.0412,2.0358,2.0376
1762272900,2.0376,2.0399,2.032,2.0337
1762272960,2.0337,2.0359,2.0301,2.0329
1762273020,2.0329,2.0378,2.0326,2.036
1762273080,2.036,2.036,2.0264,2.0292
1762273140,2.0292,2.0347,2.027,2.0276
1762273200,2.0276,2.0277,2.0172,2.0188
1762273260,2.0188,2.0211,2.0084,2.0119
1762273320,2.0119,2.0196,2.0099,2.0195
1762273380,2.0195,2.0209,2.0139,2.0164
1762273440,2.0164,2.0189,2.0111,2.0181
1762273500,2.0181,2.0258,2.016,2.0228
1762273560,2.0228,2.0228,2.0181,2.0204
1762273620,2.0204,2.0253,2.0194,2.0214
1762273680,2.0214,2.0331,2.0202,2.0316
1762273740,2.0316,2.0322,2.0283,2.0293
1762273800,2.0293,2.0339,2.026,2.0322
1762273860,2.0322,2.036,2.0272,2.0329
1762273920,2.0329,2.0329,2.022,2.022
1762273980,2.022,2.0243,2.0197,2.0221
1762274040,2.0221,2.0233,2.0182,2.0206
1762274100,2.0206,2.0218,2.0179,2.0192
1762274160,2.0192,2.0225,2.0151,2.0184
1762274220,2.0184,2.0221,2.0156,2.0156
1762274280,2.0156,2.0165,2.0096,2.0102
1762274340,2.0102,2.012,2.0065,2.012
1762274400,2.012,2.0143,2.0071,2.0071
1762274460,2.0071,2.0109,2.0057,2.0095
1762274520,2.0095,2.0095,2.0002,2.0013
1762274580,2.0013,2.0069,2.0013,2.0046
1762274640,2.0046,2.0046,1.9958,1.9985
1762274700,1.9985,2.0006,1.9953,1.9953
1762274760,1.9953,1.9974,1.9846,1.9878
1762274820,1.9878,1.9937,1.9845,1.9933
1762274880,1.9933,1.9958,1.9848,1.987
1762274940,1.987,1.9921,1.9864,1.9898
1762275000,1.9898,1.9935,1.9866,1.9919
1762275060,1.9919,1.9919,1.984,1.9856
1762275120,1.9856,1.9914,1.9826,1.9914
1762275180,1.9914,1.9926,1.9882,1.9906
1762275240,1.9906,1.9909,1.9868,1.9897
1762275300,1.9897,1.9938,1.9871,1.9897
1762275360,1.9897,1.992,1.9816,1.9831
1762275420,1.9831,1.9892,1.9826,1.9871
1762275480,1.9871,1.9899,1.9836,1.9899
1762275540,1.9899,1.9901,1.9845,1.9868
1762275600,1.9868,1.987,1.9805,1.9812
1762275660,1.9812,1.9844,1.9805,1.9825
1762275720,1.9825,1.9841,1.9634,1.9665
1762275780,1.9665,1.9721,1.966,1.9675
1762275840,1.9675,1.9687,1.9624,1.9669
1762275900,1.9669,1.9677,1.9591,1.9668
1762275960,1.9668,1.9745,1.9629,1.9713
1762276020,1.9713,1.9732,1.9621,1.9623
1762276080,1.9623,1.9726,1.9623,1.9634
1762276140,1.9634,1.9639,1.9531,1.9595
1762276200,1.9595,1.9618,1.9465,1.9502
1762276260,1.9502,1.9529,1.941,1.9458
1762276320,1.9458,1.949,1.9434,1.9471
1762276380,1.9471,1.9473,1.9352,1.9434
1762276440,1.9434,1.946,1.9338,1.9371
1762276500,1.9371,1.9454,1.9348,1.9418
1762276560,1.9418,1.9418,1.9251,1.9257
1762276620,1.9257,1.9311,1.9214,1.9304
1762276680,1.9304,1.9564,1.9294,1.9564
1762276740,1.9564,1.9581,1.9393,1.9398
1762276800,1.9398,1.9596,1.9396,1.9579
1762276860,1.9579,1.9651,1.9518,1.9624
1762276920,1.9624,1.9775,1.9619,1.9759
1762276980,1.9759,1.9868,1.9729,1.9844
1762277040,1.9844,1.9874,1.9738,1.9774
1762277100,1.9774,1.978,1.972,1.9742
1762277160,1.9742,1.9777,1.9706,1.9771
1762277220,1.9771,1.9776,1.9676,1.9714
1762277280,1.9714,1.973,1.9648,1.966
1762277340,1.966,1.9669,1.9606,1.9626
1762277400,1.9626,1.9755,1.9621,1.9734
1762277460,1.9734,1.9879,1.969,1.9837
1762277520,1.9837,1.9844,1.9694,1.9703
1762277580,1.9703,1.9781,1.97,1.9777
1762277640,1.9777,1.9804,1.9753,1.9784
1762277700,1.9784,1.9855,1.9726,1.9853
1762277760,1.9853,1.9863,1.9758,1.9849
1762277820,1.9849,1.9902,1.9825,1.9851
1762277880,1.9851,1.9871,1.9787,1.9824
1762277940,1.9824,1.9866,1.9762,1.9776
1762278000,1.9776,1.9782,1.9711,1.9735
1762278060,1.9735,1.9754,1.9696,1.9712
1762278120,1.9712,1.9725,1.9686,1.9711
1762278180,1.9711,1.9738,1.9694,1.9714
1762278240,1.9714,1.9728,1.967,1.968
1762278300,1.968,1.9736,1.968,1.9718
1762278360,1.9718,1.9726,1.9664,1.9676
1762278420,1.9676,1.9701,1.966,1.9699
1762278480,1.9699,1.9714,1.9592,1.9602
1762278540,1.9602,1.9685,1.96,1.9659
1762278600,1.9659,1.9741,1.9643,1.969
1762278660,1.969,1.9694,1.9628,1.9629
1762278720,1.9629,1.9691,1.9625,1.967
1762278780,1.967,1.9697,1.9611,1.9634
1762278840,1.9634,1.9642,1.9585,1.9627
1762278900,1.9627,1.9639,1.9558,1.9573
1762278960,1.9573,1.9581,1.9535,1.9573
1762279020,1.9573,1.9575,1.9519,1.9543
1762279080,1.9543,1.9625,1.9543,1.9625
1762279140,1.9625,1.9671,1.9613,1.9613
1762279200,1.9613,1.9635,1.955,1.9567
1762279260,1.9567,1.9595,1.9511,1.957
1762279320,1.957,1.9572,1.9463,1.947
1762279380,1.947,1.9494,1.9454,1.9465
1762279440,1.9465,1.9467,1.936,1.9404
1762279500,1.9404,1.9548,1.9397,1.9493
1762279560,1.9493,1.9575,1.9469,1.9478
1762279620,1.9478,1.9495,1.9411,1.9443
1762279680,1.9443,1.955,1.9437,1.9543
1762279740,1.9543,1.9556,1.9477,1.9521
1762279800,1.9521,1.9536,1.9458,1.9479
1762279860,1.9479,1.9494,1.9404,1.9406
1762279920,1.9406,1.9434,1.9385,1.9413
1762279980,1.9413,1.9413,1.9342,1.9357
1762280040,1.9357,1.9371,1.9332,1.9361
1762280100,1.9361,1.9389,1.9328,1.9356
1762280160,1.9356,1.9372,1.9285,1.9325
1762280220,1.9325,1.9341,1.9292,1.9318
1762280280,1.9318,1.9318,1.9258,1.9285
1762280340,1.9285,1.9291,1.9229,1.9232
1762280400,1.9232,1.9267,1.9193,1.9258
1762280460,1.9258,1.927,1.9206,1.9248
1762280520,1.9248,1.929,1.9193,1.9287
1762280580,1.9287,1.9327,1.9239,1.9321
1762280640,1.9321,1.934,1.9232,1.9269
1762280700,1.9269,1.9287,1.9165,1.9195
1762280760,1.9195,1.9227,1.9166,1.9222
1762280820,1.9222,1.9255,1.9168,1.9197
1762280880,1.9197,1.9204,1.911,1.9161
1762280940,1.9161,1.9215,1.916,1.9206
1762281000,1.9206,1.925,1.916,1.9245
1762281060,1.9245,1.9248,1.9133,1.9145
1762281120,1.9145,1.9191,1.9036,1.9036
1762281180,1.9036,1.9101,1.8959,1.9015
1762281240,1.9015,1.9069,1.888,1.9063
1762281300,1.9063,1.9071,1.8954,1.9002
1762281360,1.9002,1.9279,1.9002,1.9204
1762281420,1.9204,1.9266,1.9143,1.9195
1762281480,1.9195,1.9224,1.9096,1.91
1762281540,1.91,1.9113,1.9019,1.9044
1762281600,1.9044,1.9104,1.9032,1.9102
1762281660,1.9102,1.9194,1.9069,1.9193
1762281720,1.9193,1.9338,1.919,1.9312
1762281780,1.9312,1.9486,1.9287,1.9477
1762281840,1.9477,1.956,1.9402,1.956
1762281900,1.956,1.956,1.9423,1.943
1762281960,1.943,1.9475,1.9413,1.9429
1762282020,1.9429,1.9451,1.9305,1.9315
1762282080,1.9315,1.9341,1.928,1.9294
1762282140,1.9294,1.9296,1.9209,1.9227
1762282200,1.9227,1.9317,1.922,1.929
1762282260,1.929,1.9367,1.9266,1.9313
1762282320,1.9313,1.9369,1.9294,1.9338
1762282380,1.9338,1.9363,1.9237,1.9338
1762282440,1.9338,1.9562,1.9316,1.9497
1762282500,1.9497,1.9534,1.9473,1.9481
1762282560,1.9481,1.9528,1.9406,1.941
1762282620,1.941,1.9509,1.9409,1.95
1762282680,1.95,1.9649,1.9499,1.9581
1762282740,1.9581,1.9622,1.9553,1.9608
1762282800,1.9608,1.9692,1.9592,1.9664
1762282860,1.9664,1.9766,1.9626,1.9737
1762282920,1.9737,1.9811,1.9695,1.9729
1762282980,1.9729,1.9764,1.967,1.969
1762283040,1.969,1.9713,1.9643,1.9684
1762283100,1.9684,1.9687,1.953,1.9543
1762283160,1.9543,1.9645,1.9543,1.958
1762283220,1.958,1.9609,1.9538,1.9548
1762283280,1.9548,1.9573,1.9535,1.9545
1762283340,1.9545,1.9591,1.9532,1.9536
1762283400,1.9536,1.9537,1.9454,1.9474
1762283460,1.9474,1.9509,1.9443,1.9455
1762283520,1.9455,1.9494,1.9426,1.9447
1762283580,1.9447,1.9537,1.9447,1.9512
1762283640,1.9512,1.9552,1.9498,1.9517
1762283700,1.9517,1.9577,1.9458,1.9569
1762283760,1.9569,1.9623,1.9541,1.9541
1762283820,1.9541,1.9556,1.9478,1.9489
1762283880,1.9489,1.9558,1.9484,1.9539
1762283940,1.9539,1.9547,1.9476,1.9478
1762284000,1.9478,1.9531,1.946,1.9521
1762284060,1.9521,1.9551,1.944,1.9491
1762284120,1.9491,1.9559,1.9487,1.954
1762284180,1.954,1.9712,1.954,1.9642
1762284240,1.9642,1.9647,1.9608,1.9623
1762284300,1.9623,1.975,1.9607,1.9676
1762284360,1.9676,1.9679,1.9562,1.9567
1762284420,1.9567,1.9615,1.9567,1.958
1762284480,1.958,1.9599,1.9562,1.9579
1762284540,1.9579,1.9582,1.9528,1.9531
1762284600,1.9531,1.9603,1.9522,1.9534
1762284660,1.9534,1.9545,1.9459,1.9467
1762284720,1.9467,1.9497,1.9451,1.9463
1762284780,1.9463,1.9483,1.9423,1.9474
1762284840,1.9474,1.9517,1.945,1.9486
1762284900,1.9486,1.9486,1.9431,1.9449
1762284960,1.9449,1.9455,1.9366,1.9376
1762285020,1.9376,1.9391,1.9342,1.9351
1762285080,1.9351,1.9373,1.9325,1.9346
1762285140,1.9346,1.9384,1.9326,1.9328
1762285200,1.9328,1.9398,1.9322,1.9377
1762285260,1.9377,1.9393,1.9319,1.9319
1762285320,1.9319,1.9341,1.9307,1.9328
1762285380,1.9328,1.9334,1.9288,1.9316
1762285440,1.9316,1.9344,1.9305,1.9337
1762285500,1.9337,1.9337,1.93,1.9309
1762285560,1.9309,1.9357,1.9284,1.933
1762285620,1.933,1.9365,1.9319,1.9365
1762285680,1.9365,1.9388,1.9335,1.9342
1762285740,1.9342,1.9349,1.9279,1.9287
1762285800,1.9287,1.931,1.9274,1.9292
1762285860,1.9292,1.9324,1.9242,1.9261
1762285920,1.9261,1.9345,1.9258,1.9313
1762285980,1.9313,1.9313,1.9274,1.9275
1762286040,1.9275,1.9289,1.9235,1.924
1762286100,1.924,1.9302,1.924,1.9282
1762286160,1.9282,1.9297,1.9227,1.9297
1762286220,1.9297,1.9302,1.9258,1.9269
1762286280,1.9269,1.9278,1.9226,1.9265
1762286340,1.9265,1.9285,1.9256,1.9275
1762286400,1.9275,1.932,1.9262,1.9313
1762286460,1.9313,1.9344,1.9289,1.929
1762286520,1.929,1.9303,1.9237,1.925
1762286580,1.925,1.9256,1.9174,1.9185
1762286640,1.9185,1.9211,1.9153,1.9159
1762286700,1.9159,1.9239,1.913,1.9239
1762286760,1.9239,1.9251,1.9155,1.9172
1762286820,1.9172,1.9234,1.9151,1.9154
1762286880,1.9154,1.9157,1.9099,1.912
1762286940,1.912,1.9135,1.9081,1.9096
1762287000,1.9096,1.9132,1.9081,1.9114
1762287060,1.9114,1.9137,1.9081,1.9102
1762287120,1.9102,1.9114,1.9068,1.9096
1762287180,1.9096,1.9108,1.9071,1.9091
1762287240,1.9091,1.9114,1.9081,1.9092
1762287300,1.9092,1.9093,1.8983,1.9023
1762287360,1.9023,1.9028,1.8812,1.8814
1762287420,1.8814,1.8867,1.8435,1.8526
1762287480,1.8526,1.8615,1.8208,1.834
1762287540,1.834,1.8685,1.8324,1.8661
1762287600,1.8661,1.8712,1.8457,1.8517
1762287660,1.8517,1.8602,1.845,1.8581
1762287720,1.8581,1.8609,1.842,1.8502
1762287780,1.8502,1.8643,1.8481,1.861
1762287840,1.861,1.8804,1.8598,1.88
1762287900,1.88,1.9013,1.879,1.899
1762287960,1.899,1.8997,1.8762,1.8768
1762288020,1.8768,1.8953,1.8768,1.8926
1762288080,1.8926,1.9064,1.8919,1.9024
1762288140,1.9024,1.9075,1.8982,1.9032
1762288200,1.9032,1.9134,1.8991,1.9061
1762288260,1.9061,1.9083,1.888,1.8886
1762288320,1.8886,1.8952,1.8868,1.891
1762288380,1.891,1.8943,1.8844,1.8857
1762288440,1.8857,1.8866,1.8778,1.8803
1762288500,1.8803,1.8936,1.8803,1.8934
1762288560,1.8934,1.8993,1.8906,1.8991
1762288620,1.8991,1.9061,1.8974,1.9043
1762288680,1.9043,1.926,1.9025,1.9237
1762288740,1.9237,1.9271,1.9174,1.9175
1762288800,1.9175,1.9261,1.9157,1.926
1762288860,1.926,1.9364,1.9223,1.9329
1762288920,1.9329,1.9355,1.9296,1.9315
1762288980,1.9315,1.9438,1.9308,1.9383
1762289040,1.9383,1.9431,1.9344,1.9345
1762289100,1.9345,1.9425,1.9339,1.9386
1762289160,1.9386,1.9404,1.9297,1.9318
1762289220,1.9318,1.9355,1.929,1.9346
1762289280,1.9346,1.9415,1.9322,1.9373
1762289340,1.9373,1.9382,1.9273,1.9285
1762289400,1.9285,1.9344,1.9229,1.9269
1762289460,1.9269,1.9283,1.9205,1.9205
1762289520,1.9205,1.9239,1.9168,1.9188
1762289580,1.9188,1.9235,1.917,1.917
1762289640,1.917,1.9191,1.9095,1.9108
1762289700,1.9108,1.9115,1.9043,1.9069
1762289760,1.9069,1.9095,1.9027,1.9063
1762289820,1.9063,1.9132,1.9058,1.9119
1762289880,1.9119,1.914,1.9097,1.9135
1762289940,1.9135,1.9215,1.9129,1.917
1762290000,1.917,1.9195,1.9096,1.9153
1762290060,1.9153,1.9196,1.9063,1.9072
1762290120,1.9072,1.9123,1.9059,1.9092
1762290180,1.9092,1.9224,1.9088,1.9215
1762290240,1.9215,1.9318,1.9177,1.9272
1762290300,1.9272,1.9284,1.9087,1.9087
1762290360,1.9087,1.9156,1.9066,1.9069
1762290420,1.9069,1.9087,1.903,1.9083
1762290480,1.9083,1.914,1.9065,1.9073
1762290540,1.9073,1.9134,1.9066,1.9093
1762290600,1.9093,1.9158,1.9082,1.9157
1762290660,1.9157,1.9173,1.9116,1.9142
1762290720,1.9142,1.9191,1.9134,1.9154
1762290780,1.9154,1.9224,1.9148,1.9213
1762290840,1.9213,1.9214,1.9034,1.9064
1762290900,1.9064,1.9082,1.8994,1.902
1762290960,1.902,1.9029,1.897,1.897
1762291020,1.897,1.9043,1.8961,1.9
1762291080,1.9,1.9051,1.8979,1.9017
1762291140,1.9017,1.9112,1.9017,1.9057
1762291200,1.9057,1.9078,1.8994,1.9017
1762291260,1.9017,1.9027,1.8955,1.8968
1762291320,1.8968,1.9058,1.8955,1.9036
1762291380,1.9036,1.9039,1.8957,1.8967
1762291440,1.8967,1.8988,1.8921,1.8934
1762291500,1.8934,1.8966,1.8919,1.8943
1762291560,1.8943,1.9005,1.8943,1.8978
1762291620,1.8978,1.8982,1.8864,1.8887
1762291680,1.8887,1.8993,1.8884,1.8957
1762291740,1.8957,1.8961,1.891,1.8948
1762291800,1.8948,1.8955,1.8851,1.8883
1762291860,1.8883,1.8937,1.8795,1.8796
1762291920,1.8796,1.8848,1.8683,1.8704
1762291980,1.8704,1.8804,1.8677,1.8765
1762292040,1.8765,1.8808,1.8602,1.8628
1762292100,1.8628,1.866,1.8445,1.8445
1762292160,1.8445,1.8763,1.8444,1.8756
1762292220,1.8756,1.8756,1.8597,1.8673
1762292280,1.8673,1.868,1.8555,1.8584
1762292340,1.8584,1.875,1.8551,1.8744
1762292400,1.8744,1.8792,1.8713,1.8721
1762292460,1.8721,1.8772,1.8607,1.8609
1762292520,1.8609,1.8609,1.8514,1.8518
1762292580,1.8518,1.8658,1.8518,1.8658
1762292640,1.8658,1.8659,1.8607,1.8651
1762292700,1.8651,1.9004,1.8641,1.9004
1762292760,1.9004,1.9046,1.8908,1.8924
1762292820,1.8924,1.8926,1.8795,1.8819
1762292880,1.8819,1.8906,1.8797,1.8867
1762292940,1.8867,1.8869,1.8728,1.8742
1762293000,1.8742,1.8819,1.873,1.8792
1762293060,1.8792,1.8825,1.8746,1.875
1762293120,1.875,1.8873,1.8741,1.8787
1762293180,1.8787,1.879,1.8675,1.8783
1762293240,1.8783,1.8847,1.8753,1.8846
1762293300,1.8846,1.9231,1.8845,1.9197
1762293360,1.9197,1.9303,1.9094,1.9255
1762293420,1.9255,1.9305,1.9168,1.9172
1762293480,1.9172,1.9296,1.9137,1.9296
1762293540,1.9296,1.9311,1.9226,1.9307
1762293600,1.9307,1.9316,1.9171,1.9278
1762293660,1.9278,1.9389,1.9214,1.9218
1762293720,1.9218,1.9296,1.9216,1.9285
1762293780,1.9285,1.9454,1.9285,1.9424
1762293840,1.9424,1.9447,1.9359,1.9408
1762293900,1.9408,1.9472,1.9359,1.9376
1762293960,1.9376,1.9499,1.9362,1.9488
1762294020,1.9488,1.9518,1.9403,1.9442
1762294080,1.9442,1.9526,1.9426,1.9525
1762294140,1.9525,1.9581,1.948,1.9576
1762294200,1.9576,1.9679,1.9555,1.9634
1762294260,1.9634,1.9634,1.9547,1.9579
1762294320,1.9579,1.9664,1.9555,1.9608
1762294380,1.9608,1.9683,1.9566,1.9668
1762294440,1.9668,1.97,1.9651,1.969
1762294500,1.969,1.9764,1.9648,1.9734
1762294560,1.9734,1.9799,1.969,1.9796
1762294620,1.9796,1.9806,1.9722,1.9781
1762294680,1.9781,1.9789,1.9721,1.9781
1762294740,1.9781,1.9812,1.9741,1.9805
1762294800,1.9805,1.9805,1.9721,1.9767
1762294860,1.9767,1.9817,1.9756,1.9796
1762294920,1.9796,1.9819,1.9774,1.9778
1762294980,1.9778,1.9785,1.9718,1.973
1762295040,1.973,1.9785,1.973,1.9776
1762295100,1.9776,1.9779,1.9718,1.9718
1762295160,1.9718,1.9751,1.9678,1.9715
1762295220,1.9715,1.9758,1.9704,1.9724
1762295280,1.9724,1.9733,1.9692,1.97
1762295340,1.97,1.974,1.9696,1.974
1762295400,1.974,1.9777,1.9731,1.9755
1762295460,1.9755,1.9765,1.9707,1.976
1762295520,1.976,1.9804,1.9734,1.9804
1762295580,1.9804,1.9852,1.9802,1.9848
1762295640,1.9848,1.9936,1.9818,1.9869
1762295700,1.9869,1.9967,1.9861,1.9941
1762295760,1.9941,1.9991,1.9894,1.9902
1762295820,1.9902,1.9903,1.9809,1.9833
1762295880,1.9833,1.9905,1.9801,1.9904
1762295940,1.9904,1.9905,1.9859,1.9881
1762296000,1.9881,1.9882,1.9837,1.9854
1762296060,1.9854,1.9884,1.9823,1.9883
1762296120,1.9883,1.9918,1.9865,1.9877
1762296180,1.9877,1.9886,1.9805,1.9805
1762296240,1.9805,1.9813,1.9759,1.9799
1762296300,1.9799,1.9864,1.9799,1.9864
1762296360,1.9864,1.9894,1.9864,1.9881
1762296420,1.9881,1.9887,1.9864,1.9886
1762296480,1.9886,1.9897,1.9852,1.9886
1762296540,1.9886,1.989,1.9854,1.9855
1762296600,1.9855,1.9857,1.9785,1.979
1762296660,1.979,1.9818,1.9764,1.98
1762296720,1.98,1.9804,1.9771,1.9771
1762296780,1.9771,1.9809,1.9771,1.9776
1762296840,1.9776,1.9776,1.9738,1.9754
1762296900,1.9754,1.9785,1.9753,1.9785
1762296960,1.9785,1.9795,1.9746,1.9753
1762297020,1.9753,1.9802,1.9753,1.9779
1762297080,1.9779,1.9787,1.9757,1.9787
1762297140,1.9787,1.9833,1.9774,1.9833
1762297200,1.9833,1.9833,1.9781,1.9781
1762297260,1.9781,1.9898,1.9764,1.9892
1762297320,1.9892,1.9899,1.9804,1.9853
1762297380,1.9853,1.9875,1.9801,1.9874
1762297440,1.9874,1.9882,1.984,1.9868
1762297500,1.9868,1.9983,1.9859,1.9949
1762297560,1.9949,1.9949,1.983,1.9855
1762297620,1.9855,1.9884,1.9843,1.9866
1762297680,1.9866,1.9914,1.9862,1.9876
1762297740,1.9876,1.9888,1.9843,1.985
1762297800,1.985,1.9862,1.9826,1.9832
1762297860,1.9832,1.9882,1.9822,1.9843
1762297920,1.9843,1.9844,1.9785,1.9825
1762297980,1.9825,1.984,1.9805,1.983
1762298040,1.983,1.988,1.9821,1.9871
1762298100,1.9871,1.9896,1.985,1.9852
1762298160,1.9852,1.9852,1.9812,1.9825
1762298220,1.9825,1.9827,1.9803,1.9807
1762298280,1.9807,1.9815,1.9786,1.9808
1762298340,1.9808,1.9808,1.9762,1.9768
1762298400,1.9768,1.977,1.9724,1.9729
1762298460,1.9729,1.9748,1.9718,1.9742
1762298520,1.9742,1.9773,1.9741,1.9772
1762298580,1.9772,1.9795,1.9769,1.977
1762298640,1.977,1.9797,1.9769,1.9779
1762298700,1.9779,1.9787,1.9748,1.9776
1762298760,1.9776,1.9788,1.9773,1.9788
1762298820,1.9788,1.9807,1.9777,1.9807
1762298880,1.9807,1.9812,1.9786,1.9798
1762298940,1.9798,1.9831,1.9781,1.98
1762299000,1.98,1.9804,1.9738,1.9751
1762299060,1.9751,1.9819,1.9746,1.9799
1762299120,1.9799,1.9806,1.9792,1.9798
1762299180,1.9798,1.9799,1.9754,1.976
1762299240,1.976,1.9765,1.9739,1.9762
1762299300,1.9762,1.9804,1.9762,1.9792
1762299360,1.9792,1.9793,1.9765,1.978
1762299420,1.978,1.9789,1.9748,1.9787
1762299480,1.9787,1.98,1.9707,1.9739
1762299540,1.9739,1.9739,1.9704,1.9717
1762299600,1.9717,1.9725,1.9697,1.9715
1762299660,1.9715,1.9752,1.9713,1.975
1762299720,1.975,1.98,1.9747,1.9788
1762299780,1.9788,1.9788,1.9749,1.9753
1762299840,1.9753,1.9779,1.9744,1.9779
1762299900,1.9779,1.9789,1.9733,1.9776
1762299960,1.9776,1.9814,1.9761,1.9814
1762300020,1.9814,1.9827,1.9786,1.9817
1762300080,1.9817,1.9826,1.9774,1.9793
1762300140,1.9793,1.9803,1.9777,1.9798
1762300200,1.9798,1.9821,1.9774,1.9819
1762300260,1.9819,1.982,1.9786,1.981
1762300320,1.981,1.9831,1.9791,1.9817
1762300380,1.9817,1.9851,1.9812,1.9835
1762300440,1.9835,1.9836,1.9795,1.9805
1762300500,1.9805,1.9843,1.9804,1.9818
1762300560,1.9818,1.9819,1.9752,1.9765
1762300620,1.9765,1.9769,1.974,1.976
1762300680,1.976,1.9782,1.9745,1.9757
1762300740,1.9757,1.9763,1.9739,1.9743
1763683200,1.496,1.4989,1.4953,1.497
1763683260,1.497,1.5019,1.497,1.5014
1763683320,1.5014,1.5029,1.4992,1.5023
1763683380,1.5023,1.5049,1.5014,1.5014
1763683440,1.5014,1.5014,1.4957,1.4959
1763683500,1.4959,1.5056,1.4943,1.5039
1763683560,1.5039,1.5042,1.5006,1.5015
1763683620,1.5015,1.5042,1.501,1.5042
1763683680,1.5042,1.5065,1.5035,1.5049
1763683740,1.5049,1.5054,1.503,1.5054
1763683800,1.5054,1.5075,1.5049,1.5068
1763683860,1.5068,1.5103,1.5065,1.5103
1763683920,1.5103,1.5103,1.5073,1.5086
1763683980,1.5086,1.5122,1.5086,1.511
1763684040,1.511,1.5153,1.511,1.515
1763684100,1.515,1.5169,1.5124,1.5124
1763684160,1.5124,1.514,1.5122,1.5126
1763684220,1.5126,1.5175,1.5121,1.5164
1763684280,1.5164,1.5178,1.5153,1.5159
1763684340,1.5159,1.5168,1.5084,1.5088
1763684400,1.5088,1.5129,1.5082,1.5128
1763684460,1.5128,1.5128,1.5077,1.5079
1763684520,1.5079,1.5114,1.5077,1.5114
1763684580,1.5114,1.512,1.5059,1.506
1763684640,1.506,1.5073,1.5056,1.507
1763684700,1.507,1.509,1.507,1.5088
1763684760,1.5088,1.5115,1.5087,1.5104
1763684820,1.5104,1.5111,1.5081,1.5085
1763684880,1.5085,1.5117,1.5084,1.5099
1763684940,1.5099,1.5106,1.5085,1.5094
1763685000,1.5094,1.5106,1.5084,1.5084
1763685060,1.5084,1.5118,1.5084,1.5087
1763685120,1.5087,1.5088,1.5049,1.5051
1763685180,1.5051,1.5065,1.5032,1.5056
1763685240,1.5056,1.5084,1.5042,1.5052
1763685300,1.5052,1.5081,1.5024,1.5078
1763685360,1.5078,1.5105,1.5063,1.51
1763685420,1.51,1.5129,1.5094,1.5123
1763685480,1.5123,1.515,1.512,1.5141
1763685540,1.5141,1.515,1.5091,1.5092
1763685600,1.5092,1.5111,1.5091,1.5099
1763685660,1.5099,1.5151,1.5097,1.5136
1763685720,1.5136,1.5139,1.5105,1.5118
1763685780,1.5118,1.5127,1.5092,1.5092
1763685840,1.5092,1.5092,1.5058,1.5073
1763685900,1.5073,1.5103,1.5067,1.5102
1763685960,1.5102,1.5114,1.5096,1.5109
1763686020,1.5109,1.5127,1.51,1.511
1763686080,1.511,1.5112,1.5099,1.511
1763686140,1.511,1.511,1.5086,1.5098
1763686200,1.5098,1.5129,1.5087,1.5112
1763686260,1.5112,1.5125,1.5093,1.5093
1763686320,1.5093,1.5115,1.509,1.5115
1763686380,1.5115,1.5115,1.5097,1.5105
1763686440,1.5105,1.5111,1.5095,1.5109
1763686500,1.5109,1.5126,1.5103,1.5119
1763686560,1.5119,1.5119,1.5075,1.5084
1763686620,1.5084,1.5086,1.5059,1.5069
1763686680,1.5069,1.5076,1.5065,1.5072
1763686740,1.5072,1.5085,1.5072,1.5085
1763686800,1.5085,1.509,1.5078,1.5085
1763686860,1.5085,1.5098,1.5069,1.5098
1763686920,1.5098,1.5119,1.507,1.507
1763686980,1.507,1.5078,1.5053,1.507
1763687040,1.507,1.5123,1.5065,1.5112
1763687100,1.5112,1.5138,1.5112,1.5127
1763687160,1.5127,1.5136,1.5108,1.5123
1763687220,1.5123,1.5129,1.507,1.5083
1763687280,1.5083,1.5096,1.5065,1.5096
1763687340,1.5096,1.51,1.5055,1.5058
1763687400,1.5058,1.51,1.5045,1.5086
1763687460,1.5086,1.5086,1.5059,1.5069
1763687520,1.5069,1.5077,1.5053,1.5071
1763687580,1.5071,1.5083,1.5071,1.5078
1763687640,1.5078,1.5088,1.5067,1.5078
1763687700,1.5078,1.5106,1.5073,1.5094
1763687760,1.5094,1.5106,1.5058,1.5063
1763687820,1.5063,1.5083,1.5046,1.505
1763687880,1.505,1.5064,1.5047,1.5054
1763687940,1.5054,1.5056,1.4999,1.5005
1763688000,1.5005,1.5009,1.4984,1.4994
1763688060,1.4994,1.5044,1.4994,1.5043
1763688120,1.5043,1.5091,1.5043,1.5084
1763688180,1.5084,1.5124,1.5084,1.5115
1763688240,1.5115,1.5115,1.5068,1.5079
1763688300,1.5079,1.5103,1.5074,1.508
1763688360,1.508,1.5186,1.508,1.5178
1763688420,1.5178,1.5189,1.5134,1.5134
1763688480,1.5134,1.5134,1.5111,1.5111
1763688540,1.5111,1.5145,1.5111,1.5135
1763688600,1.5135,1.5141,1.5121,1.5126
1763688660,1.5126,1.5132,1.5088,1.5088
1763688720,1.5088,1.509,1.5043,1.5044
1763688780,1.5044,1.5068,1.5044,1.5066
1763688840,1.5066,1.507,1.5056,1.5056
1763688900,1.5056,1.5056,1.502,1.5032
1763688960,1.5032,1.5056,1.5018,1.5055
1763689020,1.5055,1.5058,1.5032,1.5042
1763689080,1.5042,1.5085,1.5042,1.5067
1763689140,1.5067,1.5087,1.5052,1.5073
1763689200,1.5073,1.5086,1.5073,1.508
1763689260,1.508,1.5083,1.5065,1.5076
1763689320,1.5076,1.5104,1.5076,1.5103
1763689380,1.5103,1.511,1.5083,1.5094
1763689440,1.5094,1.5097,1.5074,1.5079
1763689500,1.5079,1.5104,1.5078,1.5101
1763689560,1.5101,1.5101,1.5058,1.5065
1763689620,1.5065,1.509,1.5065,1.509
1763689680,1.509,1.5099,1.5083,1.5083
1763689740,1.5083,1.5094,1.5066,1.5069
1763689800,1.5069,1.5099,1.5069,1.5097
1763689860,1.5097,1.5112,1.5084,1.5088
1763689920,1.5088,1.5092,1.505,1.505
1763689980,1.505,1.505,1.5027,1.5031
1763690040,1.5031,1.5038,1.503,1.5036
1763690100,1.5036,1.5055,1.5028,1.5053
1763690160,1.5053,1.506,1.5045,1.5046
1763690220,1.5046,1.5071,1.5046,1.5068
1763690280,1.5068,1.5081,1.5066,1.5073
1763690340,1.5073,1.5076,1.506,1.5072
1763690400,1.5072,1.5076,1.5065,1.5067
1763690460,1.5067,1.5073,1.5044,1.5047
1763690520,1.5047,1.507,1.5043,1.5057
1763690580,1.5057,1.5075,1.5055,1.5069
1763690640,1.5069,1.5086,1.5054,1.5055
1763690700,1.5055,1.5057,1.5024,1.5024
1763690760,1.5024,1.5043,1.4987,1.5019
1763690820,1.5019,1.5053,1.5019,1.5041
1763690880,1.5041,1.5063,1.5032,1.5032
1763690940,1.5032,1.5034,1.4997,1.5002
1763691000,1.5002,1.5009,1.4989,1.5003
1763691060,1.5003,1.5004,1.4962,1.4984
1763691120,1.4984,1.4988,1.4957,1.4972
1763691180,1.4972,1.4984,1.4941,1.4949
1763691240,1.4949,1.4962,1.4943,1.496
1763691300,1.496,1.4982,1.4954,1.4974
1763691360,1.4974,1.5001,1.4974,1.4986
1763691420,1.4986,1.4992,1.4958,1.4958
1763691480,1.4958,1.4963,1.4874,1.4878
1763691540,1.4878,1.4929,1.4876,1.4929
1763691600,1.4929,1.4986,1.4914,1.4984
1763691660,1.4984,1.5057,1.4984,1.5038
1763691720,1.5038,1.5038,1.4999,1.5006
1763691780,1.5006,1.5051,1.4993,1.5042
1763691840,1.5042,1.5062,1.5026,1.5036
1763691900,1.5036,1.5044,1.5019,1.5019
1763691960,1.5019,1.5019,1.4987,1.5005
1763692020,1.5005,1.5013,1.4991,1.5002
1763692080,1.5002,1.501,1.5,1.5002
1763692140,1.5002,1.502,1.4993,1.4993
1763692200,1.4993,1.4993,1.4938,1.4966
1763692260,1.4966,1.5002,1.4959,1.4981
1763692320,1.4981,1.4994,1.4936,1.4944
1763692380,1.4944,1.4951,1.4916,1.4948
1763692440,1.4948,1.4983,1.4942,1.4975
1763692500,1.4975,1.5006,1.4971,1.4971
1763692560,1.4971,1.4997,1.4957,1.498
1763692620,1.498,1.5,1.4934,1.4946
1763692680,1.4946,1.4966,1.4937,1.4966
1763692740,1.4966,1.4971,1.4912,1.493
1763692800,1.493,1.4978,1.493,1.4977
1763692860,1.4977,1.4983,1.4961,1.4963
1763692920,1.4963,1.4978,1.4946,1.4966
1763692980,1.4966,1.4967,1.4944,1.496
1763693040,1.496,1.496,1.4852,1.4868
1763693100,1.4868,1.4906,1.4859,1.4862
1763693160,1.4862,1.4922,1.4862,1.4917
1763693220,1.4917,1.4936,1.4875,1.4909
1763693280,1.4909,1.4931,1.4902,1.4913
1763693340,1.4913,1.4934,1.4902,1.4916
1763693400,1.4916,1.4946,1.4908,1.4912
1763693460,1.4912,1.4914,1.487,1.4877
1763693520,1.4877,1.4877,1.4765,1.4786
1763693580,1.4786,1.4832,1.4778,1.4826
1763693640,1.4826,1.4858,1.4824,1.4847
1763693700,1.4847,1.4847,1.4794,1.4823
1763693760,1.4823,1.4842,1.4789,1.4805
1763693820,1.4805,1.4818,1.4783,1.4789
1763693880,1.4789,1.4795,1.473,1.4756
1763693940,1.4756,1.4766,1.4669,1.4733
1763694000,1.4733,1.4759,1.4722,1.4756
1763694060,1.4756,1.4783,1.4713,1.4779
1763694120,1.4779,1.478,1.4747,1.4761
1763694180,1.4761,1.4776,1.4733,1.4744
1763694240,1.4744,1.4783,1.474,1.4777
1763694300,1.4777,1.4884,1.4777,1.4876
1763694360,1.4876,1.4943,1.4873,1.4905
1763694420,1.4905,1.4937,1.4887,1.4931
1763694480,1.4931,1.4966,1.4931,1.496
1763694540,1.496,1.4961,1.4895,1.4903
1763694600,1.4903,1.4924,1.4902,1.4922
1763694660,1.4922,1.4923,1.4886,1.4921
1763694720,1.4921,1.493,1.4889,1.4917
1763694780,1.4917,1.4918,1.4871,1.488
1763694840,1.488,1.488,1.4856,1.487
1763694900,1.487,1.49,1.487,1.4885
1763694960,1.4885,1.4892,1.4803,1.4812
1763695020,1.4812,1.4822,1.4794,1.4798
1763695080,1.4798,1.4812,1.4783,1.4804
1763695140,1.4804,1.4808,1.4769,1.4781
1763695200,1.4781,1.4824,1.478,1.4814
1763695260,1.4814,1.4866,1.4814,1.4854
1763695320,1.4854,1.4872,1.4851,1.4854
1763695380,1.4854,1.4862,1.4828,1.483
1763695440,1.483,1.483,1.4782,1.4802
1763695500,1.4802,1.4807,1.479,1.4802
1763695560,1.4802,1.4835,1.4802,1.4821
1763695620,1.4821,1.4853,1.4821,1.4823
1763695680,1.4823,1.4857,1.4819,1.484
1763695740,1.484,1.4864,1.484,1.4856
1763695800,1.4856,1.4863,1.4838,1.4863
1763695860,1.4863,1.4869,1.4824,1.4824
1763695920,1.4824,1.486,1.482,1.4845
1763695980,1.4845,1.4845,1.4807,1.4807
1763696040,1.4807,1.4807,1.4789,1.4796
1763696100,1.4796,1.48,1.4771,1.4791
1763696160,1.4791,1.4883,1.4791,1.4874
1763696220,1.4874,1.489,1.4817,1.4823
1763696280,1.4823,1.4855,1.4823,1.4841
1763696340,1.4841,1.4866,1.4828,1.4855
1763696400,1.4855,1.4924,1.4849,1.4911
1763696460,1.4911,1.4923,1.4901,1.4912
1763696520,1.4912,1.4924,1.4897,1.4906
1763696580,1.4906,1.4941,1.4904,1.4917
1763696640,1.4917,1.4932,1.4908,1.4912
1763696700,1.4912,1.4925,1.4881,1.4885
1763696760,1.4885,1.4898,1.4877,1.4893
1763696820,1.4893,1.4911,1.489,1.4892
1763696880,1.4892,1.4898,1.4877,1.4888
1763696940,1.4888,1.4889,1.4873,1.4877
1763697000,1.4877,1.488,1.4863,1.4872
1763697060,1.4872,1.4878,1.4865,1.487
1763697120,1.487,1.4896,1.487,1.4875
1763697180,1.4875,1.4875,1.4862,1.4869
1763697240,1.4869,1.4872,1.4845,1.4851
1763697300,1.4851,1.4859,1.4847,1.4847
1763697360,1.4847,1.4849,1.4834,1.4842
1763697420,1.4842,1.4865,1.4841,1.4859
1763697480,1.4859,1.4859,1.4847,1.4847
1763697540,1.4847,1.4847,1.48,1.4802
1763697600,1.4802,1.481,1.4798,1.4807
1763697660,1.4807,1.4808,1.4797,1.4799
1763697720,1.4799,1.4819,1.4787,1.4807
1763697780,1.4807,1.4829,1.4807,1.4825
1763697840,1.4825,1.4842,1.4825,1.4829
1763697900,1.4829,1.4857,1.4795,1.4795
1763697960,1.4795,1.4815,1.4785,1.4813
1763698020,1.4813,1.4843,1.478,1.4784
1763698080,1.4784,1.4797,1.477,1.4772
1763698140,1.4772,1.4784,1.4766,1.4777
1763698200,1.4777,1.4794,1.4774,1.4774
1763698260,1.4774,1.4798,1.4772,1.4798
1763698320,1.4798,1.4819,1.4798,1.4804
1763698380,1.4804,1.4825,1.4796,1.4819
1763698440,1.4819,1.4834,1.48,1.48
1763698500,1.48,1.4805,1.4774,1.4778
1763698560,1.4778,1.4807,1.4768,1.4798
1763698620,1.4798,1.4826,1.4769,1.4781
1763698680,1.4781,1.4781,1.4732,1.4747
1763698740,1.4747,1.4764,1.474,1.4753
1763698800,1.4753,1.4776,1.4753,1.4775
1763698860,1.4775,1.4793,1.4741,1.4741
1763698920,1.4741,1.4756,1.4714,1.475
1763698980,1.475,1.4762,1.4738,1.4739
1763699040,1.4739,1.475,1.4718,1.474
1763699100,1.474,1.4764,1.4729,1.4756
1763699160,1.4756,1.479,1.4747,1.479
1763699220,1.479,1.48,1.4779,1.4779
1763699280,1.4779,1.4793,1.4779,1.4793
1763699340,1.4793,1.4797,1.4778,1.4781
1763699400,1.4781,1.4792,1.4775,1.4776
1763699460,1.4776,1.4776,1.4702,1.4706
1763699520,1.4706,1.4706,1.4645,1.4649
1763699580,1.4649,1.467,1.4638,1.4666
1763699640,1.4666,1.47,1.4665,1.4688
1763699700,1.4688,1.4688,1.4648,1.466
1763699760,1.466,1.4684,1.4652,1.4673
1763699820,1.4673,1.4673,1.4637,1.4661
1763699880,1.4661,1.4666,1.4638,1.4642
1763699940,1.4642,1.4666,1.4631,1.4647
1763700000,1.4647,1.4686,1.4639,1.4663
1763700060,1.4663,1.4689,1.4644,1.4689
1763700120,1.4689,1.4742,1.4687,1.4719
1763700180,1.4719,1.4805,1.4719,1.4803
1763700240,1.4803,1.4843,1.4803,1.4804
1763700300,1.4804,1.4853,1.4804,1.4819
1763700360,1.4819,1.482,1.4787,1.4788
1763700420,1.4788,1.4789,1.4732,1.4746
1763700480,1.4746,1.4771,1.4746,1.4755
1763700540,1.4755,1.4766,1.4738,1.4741
1763700600,1.4741,1.4762,1.4733,1.476
1763700660,1.476,1.4789,1.4755,1.4786
1763700720,1.4786,1.4798,1.4783,1.4787
1763700780,1.4787,1.4823,1.4783,1.4817
1763700840,1.4817,1.4865,1.4816,1.4863
1763700900,1.4863,1.4882,1.4838,1.4866
1763700960,1.4866,1.4893,1.4866,1.4878
1763701020,1.4878,1.4893,1.4866,1.4869
1763701080,1.4869,1.4874,1.4858,1.4874
1763701140,1.4874,1.4885,1.4866,1.4883
1763701200,1.4883,1.4891,1.487,1.487
1763701260,1.487,1.4911,1.4853,1.4853
1763701320,1.4853,1.4882,1.4842,1.4873
1763701380,1.4873,1.4884,1.4867,1.4884
1763701440,1.4884,1.4895,1.486,1.4867
1763701500,1.4867,1.4872,1.4851,1.4857
1763701560,1.4857,1.4917,1.4856,1.4916
1763701620,1.4916,1.4956,1.4853,1.4882
1763701680,1.4882,1.4889,1.4863,1.4865
1763701740,1.4865,1.4888,1.4865,1.4884
1763701800,1.4884,1.4888,1.4863,1.487
1763701860,1.487,1.4884,1.485,1.4857
1763701920,1.4857,1.4861,1.4848,1.485
1763701980,1.485,1.4867,1.4846,1.4867
1763702040,1.4867,1.4899,1.4867,1.4895
1763702100,1.4895,1.4925,1.4883,1.4883
1763702160,1.4883,1.4883,1.4868,1.4874
1763702220,1.4874,1.4921,1.4874,1.4902
1763702280,1.4902,1.4921,1.49,1.4904
1763702340,1.4904,1.4908,1.4888,1.4888
1763702400,1.4888,1.4911,1.4882,1.4898
1763702460,1.4898,1.4903,1.4883,1.4893
1763702520,1.4893,1.4909,1.4879,1.4901
1763702580,1.4901,1.4903,1.4861,1.487
1763702640,1.487,1.488,1.486,1.4875
1763702700,1.4875,1.4882,1.4866,1.4877
1763702760,1.4877,1.4897,1.4876,1.4897
1763702820,1.4897,1.4898,1.4881,1.4885
1763702880,1.4885,1.489,1.4871,1.488
1763702940,1.488,1.488,1.4866,1.4873
1763703000,1.4873,1.4901,1.4871,1.4898
1763703060,1.4898,1.4904,1.4889,1.4895
1763703120,1.4895,1.4918,1.4875,1.4875
1763703180,1.4875,1.4896,1.4862,1.4884
1763703240,1.4884,1.4896,1.4884,1.4892
1763703300,1.4892,1.4892,1.4863,1.4863
1763703360,1.4863,1.4863,1.4834,1.4837
1763703420,1.4837,1.4837,1.4797,1.4813
1763703480,1.4813,1.4822,1.4809,1.4809
1763703540,1.4809,1.4814,1.4793,1.4794
1763703600,1.4794,1.4798,1.4782,1.4788
1763703660,1.4788,1.4813,1.4788,1.4809
1763703720,1.4809,1.481,1.4798,1.4808
1763703780,1.4808,1.4817,1.4795,1.4817
1763703840,1.4817,1.4832,1.4798,1.4806
1763703900,1.4806,1.4806,1.4784,1.4784
1763703960,1.4784,1.4809,1.4784,1.4809
1763704020,1.4809,1.4841,1.4795,1.4834
1763704080,1.4834,1.4843,1.4796,1.4812
1763704140,1.4812,1.4814,1.4789,1.4798
1763704200,1.4798,1.4815,1.4798,1.4811
1763704260,1.4811,1.4834,1.4805,1.4814
1763704320,1.4814,1.4823,1.4807,1.481
1763704380,1.481,1.4819,1.4796,1.4797
1763704440,1.4797,1.4802,1.4779,1.4797
1763704500,1.4797,1.4818,1.4796,1.4817
1763704560,1.4817,1.4834,1.4785,1.4788
1763704620,1.4788,1.4819,1.4788,1.4819
1763704680,1.4819,1.4823,1.4796,1.4796
1763704740,1.4796,1.4826,1.4796,1.4824
1763704800,1.4824,1.4852,1.4824,1.4837
1763704860,1.4837,1.486,1.482,1.4825
1763704920,1.4825,1.4832,1.4793,1.4806
1763704980,1.4806,1.4819,1.4792,1.4797
1763705040,1.4797,1.4825,1.4797,1.4808
1763705100,1.4808,1.482,1.479,1.4797
1763705160,1.4797,1.4831,1.4797,1.4811
1763705220,1.4811,1.482,1.4794,1.4794
1763705280,1.4794,1.4796,1.4749,1.4774
1763705340,1.4774,1.481,1.4774,1.4809
1763705400,1.4809,1.4824,1.48,1.481
1763705460,1.481,1.481,1.4779,1.4796
1763705520,1.4796,1.4869,1.4796,1.4836
1763705580,1.4836,1.4855,1.4836,1.4849
1763705640,1.4849,1.4869,1.4842,1.486
1763705700,1.486,1.488,1.4857,1.4861
1763705760,1.4861,1.4861,1.4794,1.4812
1763705820,1.4812,1.4818,1.48,1.4815
1763705880,1.4815,1.4823,1.4795,1.4795
1763705940,1.4795,1.4799,1.4783,1.4796
1763706000,1.4796,1.4796,1.4761,1.477
1763706060,1.477,1.4784,1.4769,1.4782
1763706120,1.4782,1.4796,1.4777,1.4796
1763706180,1.4796,1.4811,1.478,1.4782
1763706240,1.4782,1.4796,1.4769,1.4784
1763706300,1.4784,1.4806,1.4755,1.4762
1763706360,1.4762,1.4792,1.4746,1.4785
1763706420,1.4785,1.4793,1.474,1.474
1763706480,1.474,1.475,1.4729,1.4737
1763706540,1.4737,1.4747,1.4732,1.4732
1763706600,1.4732,1.4743,1.4727,1.4734
1763706660,1.4734,1.4766,1.4733,1.4758
1763706720,1.4758,1.4761,1.4746,1.4753
1763706780,1.4753,1.4768,1.4748,1.476
1763706840,1.476,1.4763,1.4743,1.4751
1763706900,1.4751,1.4785,1.4744,1.4762
1763706960,1.4762,1.4774,1.4749,1.4749
1763707020,1.4749,1.4757,1.4728,1.4733
1763707080,1.4733,1.4734,1.4686,1.4701
1763707140,1.4701,1.4756,1.4689,1.4754
1763707200,1.4754,1.4785,1.474,1.4741
1763707260,1.4741,1.4744,1.472,1.4744
1763707320,1.4744,1.4779,1.4744,1.4753
1763707380,1.4753,1.4768,1.4748,1.4764
1763707440,1.4764,1.4781,1.4758,1.4759
1763707500,1.4759,1.4771,1.4735,1.4737
1763707560,1.4737,1.4768,1.4733,1.4758
1763707620,1.4758,1.4772,1.4751,1.4764
1763707680,1.4764,1.4793,1.4761,1.4781
1763707740,1.4781,1.4786,1.4773,1.4781
1763707800,1.4781,1.4806,1.4772,1.479
1763707860,1.479,1.4813,1.4782,1.4805
1763707920,1.4805,1.4838,1.479,1.4816
1763707980,1.4816,1.4832,1.4811,1.4821
1763708040,1.4821,1.4855,1.4816,1.4843
1763708100,1.4843,1.4858,1.483,1.4854
1763708160,1.4854,1.4854,1.4813,1.4836
1763708220,1.4836,1.4841,1.4826,1.4837
1763708280,1.4837,1.4838,1.4821,1.4836
1763708340,1.4836,1.4836,1.4801,1.4804
1763708400,1.4804,1.4819,1.4799,1.4817
1763708460,1.4817,1.4824,1.4804,1.4804
1763708520,1.4804,1.4819,1.479,1.4816
1763708580,1.4816,1.4845,1.4781,1.4832
1763708640,1.4832,1.4843,1.4827,1.4838
1763708700,1.4838,1.4878,1.4816,1.4816
1763708760,1.4816,1.4816,1.4779,1.4794
1763708820,1.4794,1.4817,1.4783,1.4793
1763708880,1.4793,1.4798,1.4778,1.4795
1763708940,1.4795,1.4825,1.4794,1.482
1763709000,1.482,1.4825,1.4806,1.4811
1763709060,1.4811,1.4812,1.4794,1.4812
1763709120,1.4812,1.4812,1.4802,1.4802
1763709180,1.4802,1.4806,1.4787,1.4788
1763709240,1.4788,1.4795,1.4758,1.4791
1763709300,1.4791,1.4795,1.4775,1.4776
1763709360,1.4776,1.4776,1.4697,1.4729
1763709420,1.4729,1.4744,1.4709,1.472
1763709480,1.472,1.4747,1.4705,1.4738
1763709540,1.4738,1.4748,1.4722,1.4723
1763709600,1.4723,1.4725,1.4694,1.4695
1763709660,1.4695,1.4721,1.467,1.467
1763709720,1.467,1.47,1.4667,1.468
1763709780,1.468,1.4714,1.4672,1.4703
1763709840,1.4703,1.4728,1.4702,1.4728
1763709900,1.4728,1.4742,1.4716,1.473
1763709960,1.473,1.4738,1.4716,1.4716
1763710020,1.4716,1.4724,1.4703,1.4715
1763710080,1.4715,1.472,1.4677,1.4677
1763710140,1.4677,1.4678,1.465,1.4654
1763710200,1.4654,1.466,1.4602,1.4643
1763710260,1.4643,1.4653,1.4622,1.465
1763710320,1.465,1.4653,1.4547,1.4577
1763710380,1.4577,1.4584,1.4012,1.4022
1763710440,1.4022,1.4078,1.3214,1.3797
1763710500,1.3797,1.4021,1.3779,1.3974
1763710560,1.3974,1.3985,1.3778,1.3903
1763710620,1.3903,1.4018,1.3864,1.3999
1763710680,1.3999,1.4029,1.3907,1.3998
1763710740,1.3998,1.4074,1.3966,1.4021
1763710800,1.4021,1.4135,1.4005,1.4087
1763710860,1.4087,1.4153,1.4084,1.413
1763710920,1.413,1.4147,1.4065,1.4091
1763710980,1.4091,1.4162,1.4058,1.415
1763711040,1.415,1.4162,1.4123,1.4125
1763711100,1.4125,1.4159,1.4076,1.4095
1763711160,1.4095,1.4122,1.4072,1.4093
1763711220,1.4093,1.4108,1.4044,1.4069
1763711280,1.4069,1.4077,1.3992,1.4049
1763711340,1.4049,1.4055,1.3994,1.4023
1763711400,1.4023,1.4123,1.4015,1.4091
1763711460,1.4091,1.41,1.4011,1.4048
1763711520,1.4048,1.4073,1.3953,1.3971
1763711580,1.3971,1.3982,1.3877,1.3896
1763711640,1.3896,1.3938,1.3828,1.3834
1763711700,1.3834,1.3862,1.3743,1.3786
1763711760,1.3786,1.3891,1.373,1.3858
1763711820,1.3858,1.3879,1.3805,1.3843
1763711880,1.3843,1.3897,1.3842,1.3888
1763711940,1.3888,1.3925,1.3887,1.3904
1763712000,1.3904,1.392,1.3889,1.3894
1763712060,1.3894,1.3945,1.3878,1.3913
1763712120,1.3913,1.3921,1.3873,1.3891
1763712180,1.3891,1.3906,1.387,1.3884
1763712240,1.3884,1.3905,1.3864,1.3884
1763712300,1.3884,1.4018,1.3879,1.3994
1763712360,1.3994,1.409,1.3992,1.4017
1763712420,1.4017,1.4029,1.3974,1.4008
1763712480,1.4008,1.4031,1.3984,1.4023
1763712540,1.4023,1.4091,1.3989,1.4062
1763712600,1.4062,1.4069,1.4011,1.4041
1763712660,1.4041,1.4121,1.4034,1.4069
1763712720,1.4069,1.4117,1.4055,1.4088
1763712780,1.4088,1.4119,1.4082,1.409
1763712840,1.409,1.4094,1.4028,1.4034
1763712900,1.4034,1.4053,1.4003,1.4049
1763712960,1.4049,1.4068,1.3999,1.4014
1763713020,1.4014,1.4049,1.3995,1.4022
1763713080,1.4022,1.4026,1.3996,1.4002
1763713140,1.4002,1.4008,1.3974,1.3975
1763713200,1.3975,1.3999,1.3961,1.3987
1763713260,1.3987,1.4005,1.3931,1.3955
1763713320,1.3955,1.3994,1.3947,1.3973
1763713380,1.3973,1.4031,1.3973,1.4026
1763713440,1.4026,1.4042,1.3996,1.3997
1763713500,1.3997,1.3999,1.3958,1.3958
1763713560,1.3958,1.3961,1.3933,1.3936
1763713620,1.3936,1.3961,1.3931,1.3934
1763713680,1.3934,1.3937,1.3885,1.39
1763713740,1.39,1.3905,1.3888,1.3892
1763713800,1.3892,1.3911,1.3878,1.3906
1763713860,1.3906,1.394,1.3906,1.3924
1763713920,1.3924,1.3939,1.391,1.3928
1763713980,1.3928,1.3937,1.3856,1.3865
1763714040,1.3865,1.3871,1.3821,1.3837
1763714100,1.3837,1.3851,1.3798,1.3829
1763714160,1.3829,1.3829,1.3784,1.38
1763714220,1.38,1.3814,1.3788,1.3804
1763714280,1.3804,1.382,1.3781,1.3815
1763714340,1.3815,1.3824,1.3793,1.3816
1763714400,1.3816,1.3823,1.3786,1.3787
1763714460,1.3787,1.3821,1.378,1.3812
1763714520,1.3812,1.3824,1.379,1.3801
1763714580,1.3801,1.3808,1.3787,1.3797
1763714640,1.3797,1.3805,1.3792,1.38
1763714700,1.38,1.3807,1.3769,1.3776
1763714760,1.3776,1.3811,1.3776,1.3805
1763714820,1.3805,1.3824,1.3798,1.3818
1763714880,1.3818,1.3819,1.3771,1.3795
1763714940,1.3795,1.3795,1.3758,1.3758
1763715000,1.3758,1.3762,1.3744,1.3758
1763715060,1.3758,1.3819,1.3758,1.3798
1763715120,1.3798,1.3833,1.3792,1.3832
1763715180,1.3832,1.3872,1.3831,1.3862
1763715240,1.3862,1.387,1.3815,1.3832
1763715300,1.3832,1.3872,1.383,1.3871
1763715360,1.3871,1.3918,1.3871,1.3906
1763715420,1.3906,1.3918,1.389,1.3892
1763715480,1.3892,1.3899,1.3868,1.3876
1763715540,1.3876,1.3881,1.3869,1.3879
1763715600,1.3879,1.3927,1.3879,1.3919
1763715660,1.3919,1.3963,1.3919,1.3957
1763715720,1.3957,1.3986,1.3946,1.3981
1763715780,1.3981,1.4004,1.3977,1.3989
1763715840,1.3989,1.3998,1.3962,1.3998
1763715900,1.3998,1.4015,1.397,1.397
1763715960,1.397,1.3981,1.3953,1.3977
1763716020,1.3977,1.3981,1.3934,1.3939
1763716080,1.3939,1.3961,1.3932,1.3947
1763716140,1.3947,1.3954,1.3936,1.3948
1763716200,1.3948,1.3962,1.3925,1.395
1763716260,1.395,1.3989,1.3944,1.3981
1763716320,1.3981,1.3999,1.3968,1.3971
1763716380,1.3971,1.3974,1.3938,1.3958
1763716440,1.3958,1.3958,1.393,1.3931
1763716500,1.3931,1.3944,1.3911,1.3923
1763716560,1.3923,1.3928,1.3885,1.3891
1763716620,1.3891,1.3897,1.387,1.3897
1763716680,1.3897,1.3897,1.3854,1.3863
1763716740,1.3863,1.3876,1.3853,1.3858
1763716800,1.3858,1.3869,1.3835,1.3851
1763716860,1.3851,1.3866,1.3827,1.3828
1763716920,1.3828,1.3864,1.3823,1.3833
1763716980,1.3833,1.3836,1.3804,1.3807
1763717040,1.3807,1.3825,1.3796,1.3818
1763717100,1.3818,1.3818,1.3789,1.3793
1763717160,1.3793,1.38,1.3766,1.3784
1763717220,1.3784,1.3805,1.3751,1.377
1763717280,1.377,1.3789,1.3755,1.3767
1763717340,1.3767,1.3797,1.3766,1.3786
1763717400,1.3786,1.3804,1.3754,1.3768
1763717460,1.3768,1.378,1.3734,1.3762
1763717520,1.3762,1.3762,1.37,1.3736
1763717580,1.3736,1.376,1.371,1.3713
1763717640,1.3713,1.3745,1.371,1.3724
1763717700,1.3724,1.3728,1.37,1.372
1763717760,1.372,1.3726,1.3671,1.3677
1763717820,1.3677,1.3723,1.3674,1.3722
1763717880,1.3722,1.3728,1.368,1.3682
1763717940,1.3682,1.3701,1.3653,1.3664
1763718000,1.3664,1.3673,1.3634,1.3658
1763718060,1.3658,1.3672,1.3622,1.365
1763718120,1.365,1.3698,1.365,1.369
1763718180,1.369,1.3705,1.3681,1.3692
1763718240,1.3692,1.3712,1.3681,1.3684
1763718300,1.3684,1.3692,1.367,1.3682
1763718360,1.3682,1.3712,1.3682,1.3705
1763718420,1.3705,1.372,1.368,1.3712
1763718480,1.3712,1.3715,1.3651,1.3655
1763718540,1.3655,1.3658,1.3631,1.3646
1763718600,1.3646,1.3675,1.3646,1.3648
1763718660,1.3648,1.3662,1.3634,1.3634
1763718720,1.3634,1.3643,1.3602,1.3623
1763718780,1.3623,1.3644,1.362,1.362
1763718840,1.362,1.3636,1.3615,1.3625
1763718900,1.3625,1.3652,1.3604,1.3611
1763718960,1.3611,1.3657,1.3587,1.3646
1763719020,1.3646,1.3659,1.3621,1.3631
1763719080,1.3631,1.3635,1.3606,1.3612
1763719140,1.3612,1.3613,1.3575,1.3579
1763719200,1.3579,1.3603,1.3576,1.3597
1763719260,1.3597,1.3601,1.358,1.3588
1763719320,1.3588,1.3595,1.3545,1.356
1763719380,1.356,1.3566,1.3505,1.3539
1763719440,1.3539,1.3569,1.3504,1.3569
1763719500,1.3569,1.3679,1.3559,1.3583
1763719560,1.3583,1.3611,1.3558,1.3604
1763719620,1.3604,1.3604,1.3536,1.3572
1763719680,1.3572,1.3625,1.3569,1.3594
1763719740,1.3594,1.3654,1.3594,1.3637
1763719800,1.3637,1.3737,1.3637,1.3713
1763719860,1.3713,1.3733,1.3667,1.3668
1763719920,1.3668,1.3704,1.362,1.362
1763719980,1.362,1.3631,1.3588,1.3605
1763720040,1.3605,1.3618,1.3576,1.3603
1763720100,1.3603,1.3608,1.3579,1.3579
1763720160,1.3579,1.3644,1.3538,1.3635
1763720220,1.3635,1.3659,1.3613,1.3613
1763720280,1.3613,1.3622,1.3574,1.3587
1763720340,1.3587,1.3647,1.3583,1.364
1763720400,1.364,1.3668,1.3622,1.3651
1763720460,1.3651,1.3674,1.3637,1.3663
1763720520,1.3663,1.3664,1.3586,1.3588
1763720580,1.3588,1.3606,1.358,1.3604
1763720640,1.3604,1.3637,1.3601,1.3637
1763720700,1.3637,1.368,1.3623,1.368
1763720760,1.368,1.3718,1.3644,1.3653
1763720820,1.3653,1.3653,1.3617,1.3628
1763720880,1.3628,1.3628,1.3572,1.3588
1763720940,1.3588,1.36,1.3579,1.3598
1763721000,1.3598,1.3623,1.3593,1.3619
1763721060,1.3619,1.3676,1.3615,1.365
1763721120,1.365,1.3677,1.3648,1.3659
1763721180,1.3659,1.368,1.3633,1.3675
1763721240,1.3675,1.3696,1.362,1.362
1763721300,1.362,1.3629,1.3603,1.3624
1763721360,1.3624,1.3662,1.3617,1.365
1763721420,1.365,1.3657,1.362,1.3633
1763721480,1.3633,1.3675,1.3618,1.3654
1763721540,1.3654,1.3655,1.3591,1.3605
1763721600,1.3605,1.3633,1.3597,1.3621
1763721660,1.3621,1.3626,1.3566,1.3577
1763721720,1.3577,1.3594,1.3569,1.3586
1763721780,1.3586,1.3595,1.358,1.3594
1763721840,1.3594,1.3602,1.3585,1.3601
1763721900,1.3601,1.3601,1.3588,1.3597
1763721960,1.3597,1.3609,1.3579,1.3581
1763722020,1.3581,1.3587,1.3572,1.3582
1763722080,1.3582,1.3584,1.3572,1.3579
1763722140,1.3579,1.3579,1.3542,1.3546
1763722200,1.3546,1.3548,1.3527,1.3545
1763722260,1.3545,1.3583,1.3538,1.3583
1763722320,1.3583,1.3594,1.3569,1.3586
1763722380,1.3586,1.3586,1.3559,1.3566
1763722440,1.3566,1.3566,1.3545,1.3559
1763722500,1.3559,1.3562,1.3533,1.3549
1763722560,1.3549,1.3556,1.352,1.352
1763722620,1.352,1.3539,1.3512,1.3539
1763722680,1.3539,1.3551,1.3536,1.3538
1763722740,1.3538,1.3542,1.3523,1.3524
1763722800,1.3524,1.3524,1.3481,1.3496
1763722860,1.3496,1.3541,1.3496,1.354
1763722920,1.354,1.3545,1.3513,1.3528
1763722980,1.3528,1.3562,1.3516,1.3533
1763723040,1.3533,1.3551,1.3527,1.3546
1763723100,1.3546,1.3558,1.3535,1.354
1763723160,1.354,1.3556,1.3511,1.3517
1763723220,1.3517,1.358,1.3514,1.3574
1763723280,1.3574,1.3646,1.3574,1.3613
1763723340,1.3613,1.3618,1.3567,1.3601
1763723400,1.3601,1.3624,1.3596,1.3597
1763723460,1.3597,1.3597,1.3551,1.3555
1763723520,1.3555,1.3555,1.3526,1.3533
1763723580,1.3533,1.355,1.353,1.3542
1763723640,1.3542,1.3571,1.3534,1.3567
1763723700,1.3567,1.3571,1.3541,1.3548
1763723760,1.3548,1.3548,1.3522,1.3533
1763723820,1.3533,1.3583,1.3531,1.3534
1763723880,1.3534,1.3548,1.3518,1.3542
1763723940,1.3542,1.3542,1.3495,1.3495
1763724000,1.3495,1.3514,1.3491,1.3509
1763724060,1.3509,1.3547,1.3504,1.3544
1763724120,1.3544,1.3553,1.3498,1.3499
1763724180,1.3499,1.3535,1.3493,1.3505
1763724240,1.3505,1.3509,1.3473,1.3487
1763724300,1.3487,1.3503,1.3485,1.3495
1763724360,1.3495,1.3497,1.3464,1.3477
1763724420,1.3477,1.3485,1.3466,1.3472
1763724480,1.3472,1.3484,1.3465,1.3465
1763724540,1.3465,1.3468,1.3441,1.3448
1763724600,1.3448,1.3454,1.3427,1.3427
1763724660,1.3427,1.3447,1.3427,1.3439
1763724720,1.3439,1.3464,1.3439,1.3464
1763724780,1.3464,1.348,1.3445,1.3446
1763724840,1.3446,1.3446,1.3405,1.3408
1763724900,1.3408,1.3418,1.3389,1.3391
1763724960,1.3391,1.3399,1.3377,1.3391
1763725020,1.3391,1.3391,1.3362,1.3367
1763725080,1.3367,1.3368,1.3336,1.3346
1763725140,1.3346,1.3363,1.3322,1.3324
1763725200,1.3324,1.3345,1.3293,1.3308
1763725260,1.3308,1.3319,1.3285,1.3312
1763725320,1.3312,1.3319,1.3294,1.3301
1763725380,1.3301,1.3332,1.3301,1.3328
1763725440,1.3328,1.3341,1.3316,1.3331
1763725500,1.3331,1.3334,1.3302,1.3306
1763725560,1.3306,1.3321,1.3302,1.3315
1763725620,1.3315,1.3327,1.3274,1.3295
1763725680,1.3295,1.3358,1.3285,1.3286
1763725740,1.3286,1.3328,1.3253,1.3274
1763725800,1.3274,1.3325,1.326,1.3313
1763725860,1.3313,1.3342,1.3305,1.3313
1763725920,1.3313,1.3367,1.3312,1.3362
1763725980,1.3362,1.3363,1.3284,1.3294
1763726040,1.3294,1.3315,1.3292,1.3304
1763726100,1.3304,1.3329,1.3291,1.3297
1763726160,1.3297,1.3323,1.329,1.3319
1763726220,1.3319,1.3349,1.3318,1.3341
1763726280,1.3341,1.3363,1.334,1.3345
1763726340,1.3345,1.3371,1.3342,1.3363
1763726400,1.3363,1.3368,1.333,1.3339
1763726460,1.3339,1.3369,1.3303,1.3324
1763726520,1.3324,1.3332,1.3283,1.3303
1763726580,1.3303,1.3316,1.3272,1.3295
1763726640,1.3295,1.3295,1.323,1.3248
1763726700,1.3248,1.3272,1.3245,1.3253
1763726760,1.3253,1.3319,1.3252,1.3318
1763726820,1.3318,1.3389,1.3294,1.3378
1763726880,1.3378,1.3385,1.3345,1.3363
1763726940,1.3363,1.3377,1.3342,1.3357
1763727000,1.3357,1.3366,1.3312,1.3324
1763727060,1.3324,1.3336,1.3303,1.3317
1763727120,1.3317,1.3328,1.3302,1.3319
1763727180,1.3319,1.338,1.3317,1.338
1763727240,1.338,1.3429,1.338,1.3414
1763727300,1.3414,1.3416,1.3385,1.3399
1763727360,1.3399,1.3421,1.3372,1.3382
1763727420,1.3382,1.3399,1.3347,1.337
1763727480,1.337,1.3374,1.3331,1.3347
1763727540,1.3347,1.3363,1.3342,1.3347
1763727600,1.3347,1.3359,1.3334,1.3352
1763727660,1.3352,1.3355,1.3324,1.3326
1763727720,1.3326,1.3338,1.3251,1.3315
1763727780,1.3315,1.3316,1.3237,1.3284
1763727840,1.3284,1.329,1.3184,1.3228
1763727900,1.3228,1.3324,1.3225,1.3265
1763727960,1.3265,1.3273,1.3226,1.3236
1763728020,1.3236,1.3244,1.3214,1.3238
1763728080,1.3238,1.3238,1.3195,1.32
1763728140,1.32,1.3206,1.3141,1.319
1763728200,1.319,1.3394,1.319,1.3355
1763728260,1.3355,1.3396,1.3285,1.3333
1763728320,1.3333,1.3373,1.3305,1.3365
1763728380,1.3365,1.339,1.3302,1.3347
1763728440,1.3347,1.3393,1.3343,1.3349
1763728500,1.3349,1.3362,1.3288,1.3358
1763728560,1.3358,1.3479,1.3328,1.3448
1763728620,1.3448,1.3575,1.3438,1.3562
1763728680,1.3562,1.3618,1.3533,1.3598
1763728740,1.3598,1.3639,1.3565,1.3631
1763728800,1.3631,1.3632,1.3558,1.3603
1763728860,1.3603,1.3676,1.3586,1.3643
1763728920,1.3643,1.365,1.359,1.3599
1763728980,1.3599,1.3651,1.3562,1.3649
1763729040,1.3649,1.3706,1.3638,1.3681
1763729100,1.3681,1.3799,1.3676,1.375
1763729160,1.375,1.3805,1.3727,1.3739
1763729220,1.3739,1.3756,1.3702,1.3715
1763729280,1.3715,1.372,1.3637,1.366
1763729340,1.366,1.3667,1.3632,1.3661
1763729400,1.3661,1.3738,1.3649,1.3723
1763729460,1.3723,1.3738,1.3699,1.3727
1763729520,1.3727,1.3758,1.3699,1.3704
1763729580,1.3704,1.3742,1.3703,1.3739
1763729640,1.3739,1.3758,1.3732,1.3748
1763729700,1.3748,1.375,1.3713,1.3717
1763729760,1.3717,1.3717,1.3667,1.3677
1763729820,1.3677,1.3701,1.3657,1.3699
1763729880,1.3699,1.3703,1.3668,1.3694
1763729940,1.3694,1.3703,1.3671,1.3693
1763730000,1.3693,1.3732,1.3685,1.3732
1763730060,1.3732,1.3743,1.3705,1.3705
1763730120,1.3705,1.3775,1.37,1.3754
1763730180,1.3754,1.3786,1.3702,1.3707
1763730240,1.3707,1.3712,1.3666,1.3699
1763730300,1.3699,1.3722,1.3668,1.3719
1763730360,1.3719,1.3766,1.3705,1.3735
1763730420,1.3735,1.3745,1.3715,1.3716
1763730480,1.3716,1.3787,1.3711,1.3787
1763730540,1.3787,1.3844,1.3787,1.3844
1763730600,1.3844,1.3861,1.3742,1.3742
1763730660,1.3742,1.3763,1.3732,1.3751
1763730720,1.3751,1.3762,1.3736,1.3749
1763730780,1.3749,1.3793,1.3744,1.3787
1763730840,1.3787,1.3798,1.3776,1.3795
1763730900,1.3795,1.3825,1.3777,1.3815
1763730960,1.3815,1.3837,1.3799,1.3834
1763731020,1.3834,1.3932,1.3824,1.3897
1763731080,1.3897,1.3897,1.3854,1.3857
1763731140,1.3857,1.3858,1.3825,1.3847
1763731200,1.3847,1.3855,1.3818,1.383
1763731260,1.383,1.3874,1.3821,1.3829
1763731320,1.3829,1.3842,1.3779,1.3788
1763731380,1.3788,1.3788,1.3749,1.377
1763731440,1.377,1.377,1.3747,1.3748
1763731500,1.3748,1.3761,1.3722,1.3743
1763731560,1.3743,1.3781,1.3724,1.3774
1763731620,1.3774,1.3783,1.3757,1.3761
1763731680,1.3761,1.3765,1.3726,1.3731
1763731740,1.3731,1.3749,1.3722,1.3726
1763731800,1.3726,1.3735,1.3712,1.3719
1763731860,1.3719,1.3751,1.3708,1.3732
1763731920,1.3732,1.3738,1.3711,1.3736
1763731980,1.3736,1.3749,1.3714,1.3745
1763732040,1.3745,1.3771,1.374,1.3771
1763732100,1.3771,1.3815,1.3769,1.3798
1763732160,1.3798,1.3828,1.3798,1.3817
1763732220,1.3817,1.3838,1.3812,1.3819
1763732280,1.3819,1.3845,1.3807,1.3837
1763732340,1.3837,1.3851,1.3817,1.3817
1763732400,1.3817,1.3875,1.3811,1.3871
1763732460,1.3871,1.3898,1.387,1.3886
1763732520,1.3886,1.3917,1.3886,1.39
1763732580,1.39,1.3934,1.39,1.3924
1763732640,1.3924,1.3926,1.3891,1.3901
1763732700,1.3901,1.3955,1.3881,1.3941
1763732760,1.3941,1.3976,1.3906,1.3929
1763732820,1.3929,1.3986,1.392,1.397
1763732880,1.397,1.3987,1.3945,1.3965
1763732940,1.3965,1.4028,1.3911,1.393
1763733000,1.393,1.3963,1.3915,1.3954
1763733060,1.3954,1.4002,1.3952,1.3998
1763733120,1.3998,1.4008,1.3955,1.3955
1763733180,1.3955,1.3971,1.3931,1.3945
1763733240,1.3945,1.396,1.3936,1.396
1763733300,1.396,1.3964,1.394,1.3946
1763733360,1.3946,1.396,1.394,1.3948
1763733420,1.3948,1.3949,1.3933,1.3935
1763733480,1.3935,1.3935,1.3912,1.3915
1763733540,1.3915,1.3932,1.39,1.3902
1763733600,1.3902,1.3906,1.3876,1.3879
1763733660,1.3879,1.388,1.3842,1.386
1763733720,1.386,1.3942,1.3852,1.3934
1763733780,1.3934,1.3951,1.3904,1.391
1763733840,1.391,1.3917,1.3896,1.3896
1763733900,1.3896,1.3896,1.3863,1.3863
1763733960,1.3863,1.3899,1.386,1.3896
1763734020,1.3896,1.3896,1.3872,1.3879
1763734080,1.3879,1.3904,1.3876,1.39
1763734140,1.39,1.3924,1.3892,1.3904
1763734200,1.3904,1.3904,1.3856,1.3857
1763734260,1.3857,1.3857,1.3823,1.3837
1763734320,1.3837,1.3842,1.3828,1.3839
1763734380,1.3839,1.3839,1.3819,1.382
1763734440,1.382,1.3833,1.3812,1.3816
1763734500,1.3816,1.3819,1.3768,1.3781
1763734560,1.3781,1.3805,1.3771,1.3804
1763734620,1.3804,1.3804,1.3775,1.3792
1763734680,1.3792,1.381,1.3783,1.3784
1763734740,1.3784,1.3804,1.3782,1.3797
1763734800,1.3797,1.3814,1.3786,1.3792
1763734860,1.3792,1.3817,1.3787,1.3803
1763734920,1.3803,1.3803,1.3775,1.3793
1763734980,1.3793,1.3804,1.3778,1.3801
1763735040,1.3801,1.3804,1.3787,1.3799
1763735100,1.3799,1.3803,1.3776,1.379
1763735160,1.379,1.3798,1.3782,1.3787
1763735220,1.3787,1.3797,1.3757,1.3757
1763735280,1.3757,1.3762,1.3748,1.3754
1763735340,1.3754,1.3781,1.3754,1.3765
1763735400,1.3765,1.395,1.3748,1.3875
1763735460,1.3875,1.3919,1.382,1.3849
1763735520,1.3849,1.393,1.3832,1.391
1763735580,1.391,1.3935,1.3867,1.3931
1763735640,1.3931,1.4063,1.393,1.4046
1763735700,1.4046,1.408,1.3994,1.408
1763735760,1.408,1.4122,1.4061,1.409
1763735820,1.409,1.4135,1.4044,1.4057
1763735880,1.4057,1.4076,1.3987,1.4
1763735940,1.4,1.4063,1.3995,1.4007
1763736000,1.4007,1.4069,1.3964,1.4065
1763736060,1.4065,1.4095,1.4059,1.4082
1763736120,1.4082,1.4113,1.4007,1.4031
1763736180,1.4031,1.4034,1.399,1.4003
1763736240,1.4003,1.4011,1.3976,1.3998
1763736300,1.3998,1.4022,1.3937,1.394
1763736360,1.394,1.395,1.3921,1.3937
1763736420,1.3937,1.3946,1.3892,1.3903
1763736480,1.3903,1.3977,1.3903,1.3976
1763736540,1.3976,1.3984,1.3942,1.3961
1763736600,1.3961,1.3979,1.3943,1.3964
1763736660,1.3964,1.4041,1.3936,1.3998
1763736720,1.3998,1.4039,1.3972,1.4039
1763736780,1.4039,1.4067,1.4027,1.4056
1763736840,1.4056,1.4093,1.4045,1.4086
1763736900,1.4086,1.4088,1.406,1.4076
1763736960,1.4076,1.4078,1.401,1.4024
1763737020,1.4024,1.4039,1.4009,1.4009
1763737080,1.4009,1.4039,1.3997,1.4039
1763737140,1.4039,1.404,1.3989,1.3991
1763737200,1.3991,1.4032,1.3969,1.3971
1763737260,1.3971,1.3971,1.3931,1.3942
1763737320,1.3942,1.3949,1.3927,1.3932
1763737380,1.3932,1.3936,1.39,1.3933
1763737440,1.3933,1.394,1.3912,1.3922
1763737500,1.3922,1.3941,1.3908,1.3908
1763737560,1.3908,1.393,1.3882,1.3902
1763737620,1.3902,1.3904,1.3868,1.3876
1763737680,1.3876,1.389,1.3841,1.3865
1763737740,1.3865,1.3879,1.3843,1.3868
1763737800,1.3868,1.3868,1.3827,1.3844
1763737860,1.3844,1.3845,1.382,1.3841
1763737920,1.3841,1.385,1.3822,1.3831
1763737980,1.3831,1.3838,1.3807,1.3832
1763738040,1.3832,1.3852,1.3819,1.3836
1763738100,1.3836,1.3863,1.3835,1.385
1763738160,1.385,1.3865,1.384,1.384
1763738220,1.384,1.384,1.3785,1.3801
1763738280,1.3801,1.3821,1.3801,1.3821
1763738340,1.3821,1.3825,1.3802,1.3822
1763738400,1.3822,1.3826,1.3763,1.3777
1763738460,1.3777,1.3777,1.3736,1.3741
1763738520,1.3741,1.3791,1.372,1.3769
1763738580,1.3769,1.3812,1.3766,1.3794
1763738640,1.3794,1.3794,1.3765,1.3786
1763738700,1.3786,1.3851,1.3785,1.381
1763738760,1.381,1.381,1.3736,1.376
1763738820,1.376,1.3761,1.3735,1.3737
1763738880,1.3737,1.3759,1.3724,1.3746
1763738940,1.3746,1.3748,1.3729,1.3745
1763739000,1.3745,1.3772,1.3723,1.3753
1763739060,1.3753,1.3769,1.3736,1.3769
1763739120,1.3769,1.3777,1.3743,1.3744
1763739180,1.3744,1.3759,1.3727,1.373
1763739240,1.373,1.374,1.3689,1.3699
1763739300,1.3699,1.3707,1.369,1.3696
1763739360,1.3696,1.3699,1.3656,1.3658
1763739420,1.3658,1.3664,1.3613,1.3644
1763739480,1.3644,1.3659,1.3617,1.3629
1763739540,1.3629,1.3632,1.3587,1.36
1763739600,1.36,1.3613,1.3591,1.3596
1763739660,1.3596,1.3635,1.3592,1.3624
1763739720,1.3624,1.3635,1.3601,1.3629
1763739780,1.3629,1.3647,1.3619,1.3644
1763739840,1.3644,1.3681,1.3644,1.3675
1763739900,1.3675,1.3712,1.3646,1.3703
1763739960,1.3703,1.3707,1.3677,1.3694
1763740020,1.3694,1.3703,1.3669,1.3681
1763740080,1.3681,1.3693,1.3637,1.3678
1763740140,1.3678,1.3705,1.3663,1.3695
1763740200,1.3695,1.3695,1.3645,1.3677
1763740260,1.3677,1.3678,1.3615,1.3622
1763740320,1.3622,1.3628,1.3599,1.362
1763740380,1.362,1.362,1.3551,1.3577
1763740440,1.3577,1.3632,1.3577,1.3626
1763740500,1.3626,1.3637,1.3608,1.3625
1763740560,1.3625,1.3655,1.3604,1.3638
1763740620,1.3638,1.3638,1.3583,1.3583
1763740680,1.3583,1.3603,1.3546,1.3602
1763740740,1.3602,1.3603,1.3581,1.3599
1763740800,1.3599,1.3624,1.3572,1.3579
1763740860,1.3579,1.3596,1.3566,1.3577
1763740920,1.3577,1.3582,1.3531,1.3544
1763740980,1.3544,1.3552,1.3518,1.3532
1763741040,1.3532,1.3532,1.3466,1.3487
1763741100,1.3487,1.3502,1.3456,1.3468
1763741160,1.3468,1.3473,1.3421,1.3453
1763741220,1.3453,1.3525,1.344,1.3514
1763741280,1.3514,1.3598,1.3507,1.3531
1763741340,1.3531,1.3544,1.35,1.3542
1763741400,1.3542,1.3576,1.3508,1.3515
1763741460,1.3515,1.353,1.3487,1.3508
1763741520,1.3508,1.3508,1.3447,1.3464
1763741580,1.3464,1.3535,1.3464,1.3515
1763741640,1.3515,1.3522,1.3475,1.3518
1763741700,1.3518,1.3518,1.3468,1.3498
1763741760,1.3498,1.3505,1.345,1.3501
1763741820,1.3501,1.3538,1.344,1.3468
1763741880,1.3468,1.3475,1.337,1.3383
1763741940,1.3383,1.3409,1.3372,1.3408
1763742000,1.3408,1.3456,1.3401,1.3451
1763742060,1.3451,1.3552,1.3437,1.3531
1763742120,1.3531,1.3569,1.3493,1.3498
1763742180,1.3498,1.3498,1.3452,1.3464
1763742240,1.3464,1.3509,1.346,1.3495
1763742300,1.3495,1.3503,1.3449,1.3495
1763742360,1.3495,1.3517,1.3483,1.3483
1763742420,1.3483,1.3515,1.3473,1.3507
1763742480,1.3507,1.3538,1.349,1.3507
1763742540,1.3507,1.3532,1.3474,1.3532
1763742600,1.3532,1.3573,1.3499,1.3512
1763742660,1.3512,1.3519,1.3484,1.3491
1763742720,1.3491,1.3508,1.3457,1.349
1763742780,1.349,1.3534,1.3486,1.3513
1763742840,1.3513,1.3534,1.3491,1.3492
1763742900,1.3492,1.3539,1.3492,1.3527
1763742960,1.3527,1.3614,1.3526,1.3596
1763743020,1.3596,1.3646,1.3591,1.363
1763743080,1.363,1.3688,1.3616,1.3678
1763743140,1.3678,1.3696,1.3614,1.3628
1763743200,1.3628,1.3654,1.362,1.3646
1763743260,1.3646,1.3658,1.3611,1.3618
1763743320,1.3618,1.3632,1.3601,1.3605
1763743380,1.3605,1.3632,1.3605,1.3621
1763743440,1.3621,1.3624,1.3561,1.3586
1763743500,1.3586,1.3586,1.3514,1.3528
1763743560,1.3528,1.3583,1.3519,1.3559
1763743620,1.3559,1.3627,1.3556,1.3612
1763743680,1.3612,1.3682,1.3612,1.3643
1763743740,1.3643,1.3689,1.3643,1.3684
1763743800,1.3684,1.3728,1.3663,1.3717
1763743860,1.3717,1.3762,1.3713,1.3752
1763743920,1.3752,1.3866,1.3747,1.3866
1763743980,1.3866,1.3924,1.386,1.391
1763744040,1.391,1.3926,1.3858,1.3869
1763744100,1.3869,1.3944,1.3868,1.3899
1763744160,1.3899,1.3968,1.3899,1.3952
1763744220,1.3952,1.3963,1.3911,1.3926
1763744280,1.3926,1.398,1.3926,1.3964
1763744340,1.3964,1.3993,1.3961,1.3983
1763744400,1.3983,1.4015,1.3951,1.3977
1763744460,1.3977,1.3997,1.3941,1.3956
1763744520,1.3956,1.4008,1.3952,1.3977
1763744580,1.3977,1.4068,1.3975,1.4065
1763744640,1.4065,1.408,1.4059,1.407
1763744700,1.407,1.4079,1.4031,1.4053
1763744760,1.4053,1.4095,1.405,1.4076
1763744820,1.4076,1.4145,1.4064,1.4143
1763744880,1.4143,1.4149,1.4104,1.412
1763744940,1.412,1.414,1.4112,1.4112
1763745000,1.4112,1.4113,1.4058,1.4076
1763745060,1.4076,1.4091,1.405,1.4074
1763745120,1.4074,1.4089,1.4044,1.4061
1763745180,1.4061,1.4082,1.4022,1.4061
1763745240,1.4061,1.4074,1.4047,1.406
1763745300,1.406,1.409,1.4032,1.4035
1763745360,1.4035,1.4066,1.4018,1.4032
1763745420,1.4032,1.4082,1.4021,1.4054
1763745480,1.4054,1.4117,1.4051,1.4096
1763745540,1.4096,1.4111,1.4026,1.4026
1763745600,1.4026,1.4029,1.3985,1.4009
1763745660,1.4009,1.4061,1.4008,1.4019
1763745720,1.4019,1.4082,1.4019,1.4057
1763745780,1.4057,1.4083,1.4037,1.4083
1763745840,1.4083,1.41,1.4083,1.4085
1763745900,1.4085,1.4143,1.4069,1.4108
1763745960,1.4108,1.412,1.4078,1.4092
1763746020,1.4092,1.4094,1.4049,1.4061
1763746080,1.4061,1.4065,1.4048,1.4053
1763746140,1.4053,1.4079,1.4053,1.4072
1763746200,1.4072,1.4114,1.4072,1.4104
1763746260,1.4104,1.4133,1.4101,1.4111
1763746320,1.4111,1.4129,1.4087,1.4119
1763746380,1.4119,1.4141,1.4118,1.4141
1763746440,1.4141,1.4157,1.4134,1.4138
1763746500,1.4138,1.4155,1.4123,1.4142
1763746560,1.4142,1.4163,1.4132,1.416
1763746620,1.416,1.416,1.4115,1.4123
1763746680,1.4123,1.4131,1.4065,1.4087
1763746740,1.4087,1.4124,1.4085,1.4112
1763746800,1.4112,1.4121,1.4102,1.4103
1763746860,1.4103,1.4141,1.4084,1.4141
1763746920,1.4141,1.4145,1.4129,1.4145
1763746980,1.4145,1.415,1.4132,1.4139
1763747040,1.4139,1.4142,1.4125,1.4136
1763747100,1.4136,1.4187,1.4135,1.4156
1763747160,1.4156,1.4159,1.4099,1.4113
1763747220,1.4113,1.4138,1.411,1.4137
1763747280,1.4137,1.4154,1.4127,1.4154
1763747340,1.4154,1.4158,1.4141,1.4142
1763747400,1.4142,1.4142,1.4081,1.4081
1763747460,1.4081,1.4108,1.4077,1.4097
1763747520,1.4097,1.4097,1.4032,1.4032
1763747580,1.4032,1.4035,1.4007,1.4012
1763747640,1.4012,1.4012,1.3968,1.3996
1763747700,1.3996,1.4039,1.3996,1.4019
1763747760,1.4019,1.4019,1.3976,1.3983
1763747820,1.3983,1.3995,1.3962,1.3988
1763747880,1.3988,1.4,1.3967,1.3969
1763747940,1.3969,1.3977,1.3962,1.3974
1763748000,1.3974,1.3991,1.396,1.3966
1763748060,1.3966,1.3979,1.3945,1.3969
1763748120,1.3969,1.3979,1.3949,1.3967
1763748180,1.3967,1.3974,1.3931,1.3946
1763748240,1.3946,1.3946,1.3874,1.3878
1763748300,1.3878,1.3892,1.3833,1.3833
1763748360,1.3833,1.3888,1.3813,1.3865
1763748420,1.3865,1.3868,1.3815,1.384
1763748480,1.384,1.384,1.3806,1.3827
1763748540,1.3827,1.3858,1.3813,1.384
1763748600,1.384,1.3845,1.3789,1.3795
1763748660,1.3795,1.3815,1.3755,1.3769
1763748720,1.3769,1.377,1.3744,1.3753
1763748780,1.3753,1.376,1.3708,1.3711
1763748840,1.3711,1.3725,1.3692,1.3722
1763748900,1.3722,1.3726,1.3693,1.3722
1763748960,1.3722,1.3742,1.3699,1.371
1763749020,1.371,1.371,1.3644,1.3647
1763749080,1.3647,1.3664,1.3631,1.3654
1763749140,1.3654,1.3676,1.3652,1.3672
1763749200,1.3672,1.3691,1.3652,1.3668
1763749260,1.3668,1.3726,1.3667,1.3715
1763749320,1.3715,1.372,1.3678,1.3696
1763749380,1.3696,1.3718,1.3689,1.3709
1763749440,1.3709,1.3724,1.3695,1.3719
1763749500,1.3719,1.3788,1.3709,1.3782
1763749560,1.3782,1.3788,1.3734,1.3749
1763749620,1.3749,1.3772,1.373,1.375
1763749680,1.375,1.3791,1.375,1.3787
1763749740,1.3787,1.3797,1.3772,1.3792
1763749800,1.3792,1.3809,1.376,1.3797
1763749860,1.3797,1.3824,1.3781,1.3813
1763749920,1.3813,1.3862,1.3804,1.3858
1763749980,1.3858,1.3863,1.3815,1.3824
1763750040,1.3824,1.3853,1.3818,1.3853
1763750100,1.3853,1.3885,1.3853,1.3885
1763750160,1.3885,1.3951,1.3885,1.3923
1763750220,1.3923,1.3942,1.3911,1.392
1763750280,1.392,1.3944,1.391,1.3924
1763750340,1.3924,1.394,1.3912,1.3922
1763750400,1.3922,1.3941,1.3906,1.3922
1763750460,1.3922,1.3928,1.3879,1.3928
1763750520,1.3928,1.393,1.3891,1.3914
1763750580,1.3914,1.3961,1.3909,1.3957
1763750640,1.3957,1.3966,1.3945,1.3949
1763750700,1.3949,1.3969,1.3923,1.3937
1763750760,1.3937,1.3956,1.3927,1.3935
1763750820,1.3935,1.3968,1.3926,1.3966
1763750880,1.3966,1.4105,1.3965,1.4056
1763750940,1.4056,1.4111,1.4046,1.4054
1763751000,1.4054,1.4095,1.4035,1.4041
1763751060,1.4041,1.4055,1.4009,1.4038
1763751120,1.4038,1.4038,1.3973,1.4002
1763751180,1.4002,1.4037,1.4001,1.4015
1763751240,1.4015,1.4016,1.3973,1.3994
1763751300,1.3994,1.4017,1.398,1.4016
1763751360,1.4016,1.4021,1.3989,1.3997
1763751420,1.3997,1.3999,1.3957,1.3983
1763751480,1.3983,1.3992,1.3969,1.3992
1763751540,1.3992,1.4008,1.3987,1.3988
1763751600,1.3988,1.4016,1.3985,1.3999
1763751660,1.3999,1.4008,1.3957,1.396
1763751720,1.396,1.3983,1.3959,1.3974
1763751780,1.3974,1.3993,1.3968,1.3985
1763751840,1.3985,1.4005,1.3976,1.3996
1763751900,1.3996,1.3998,1.3959,1.3962
1763751960,1.3962,1.3962,1.3928,1.3938
1763752020,1.3938,1.3943,1.3925,1.393
1763752080,1.393,1.3935,1.3906,1.3916
1763752140,1.3916,1.3967,1.3916,1.3956
1763752200,1.3956,1.3972,1.3932,1.3936
1763752260,1.3936,1.3936,1.3915,1.3924
1763752320,1.3924,1.3935,1.3901,1.3905
1763752380,1.3905,1.3905,1.3872,1.3883
1763752440,1.3883,1.3895,1.3873,1.3881
1763752500,1.3881,1.3883,1.3864,1.3882
1763752560,1.3882,1.3905,1.3882,1.3905
1763752620,1.3905,1.3914,1.3892,1.3907
1763752680,1.3907,1.3907,1.3876,1.3888
1763752740,1.3888,1.3944,1.3888,1.3935
1763752800,1.3935,1.3967,1.3925,1.3967
1763752860,1.3967,1.4,1.3967,1.3995
1763752920,1.3995,1.4027,1.3985,1.3991
1763752980,1.3991,1.3991,1.3963,1.3989
1763753040,1.3989,1.4027,1.3985,1.4011
1763753100,1.4011,1.4051,1.4011,1.4032
1763753160,1.4032,1.4039,1.4021,1.4027
1763753220,1.4027,1.4027,1.4012,1.4019
1763753280,1.4019,1.402,1.4008,1.4011
1763753340,1.4011,1.4021,1.401,1.4014
1763753400,1.4014,1.4036,1.4003,1.4007
1763753460,1.4007,1.401,1.3947,1.3955
1763753520,1.3955,1.3978,1.3953,1.3954
1763753580,1.3954,1.3957,1.3916,1.3916
1763753640,1.3916,1.3917,1.3904,1.3913
1763753700,1.3913,1.392,1.3902,1.3915
1763753760,1.3915,1.3944,1.3913,1.3924
1763753820,1.3924,1.3933,1.3909,1.393
1763753880,1.393,1.3975,1.393,1.397
1763753940,1.397,1.397,1.3955,1.3957
1763754000,1.3957,1.3973,1.3954,1.3959
1763754060,1.3959,1.3959,1.3944,1.3958
1763754120,1.3958,1.3971,1.3936,1.395
1763754180,1.395,1.3953,1.3891,1.3891
1763754240,1.3891,1.3898,1.3877,1.3892
1763754300,1.3892,1.3903,1.3886,1.3898
1763754360,1.3898,1.3903,1.3859,1.3869
1763754420,1.3869,1.3889,1.3856,1.3889
1763754480,1.3889,1.3905,1.3878,1.39
1763754540,1.39,1.3902,1.388,1.3887
1763754600,1.3887,1.3893,1.3861,1.3864
1763754660,1.3864,1.3867,1.3846,1.3854
1763754720,1.3854,1.3866,1.3833,1.3844
1763754780,1.3844,1.3846,1.3825,1.3826
1763754840,1.3826,1.3834,1.3815,1.3834
1763754900,1.3834,1.386,1.3834,1.3848
1763754960,1.3848,1.3853,1.3837,1.3842
1763755020,1.3842,1.3843,1.3818,1.3836
1763755080,1.3836,1.3851,1.3836,1.3847
1763755140,1.3847,1.3871,1.3847,1.3871
1763755200,1.3871,1.3885,1.3864,1.3879
1763755260,1.3879,1.3901,1.3873,1.3899
1763755320,1.3899,1.39,1.387,1.3881
1763755380,1.3881,1.3901,1.387,1.3877
1763755440,1.3877,1.3879,1.3845,1.3851
1763755500,1.3851,1.3851,1.3786,1.3795
1763755560,1.3795,1.3801,1.3777,1.3778
1763755620,1.3778,1.3793,1.3766,1.3767
1763755680,1.3767,1.3771,1.3757,1.3763
1763755740,1.3763,1.3778,1.3752,1.3777
1763755800,1.3777,1.3791,1.3767,1.3787
1763755860,1.3787,1.3807,1.3786,1.3796
1763755920,1.3796,1.3888,1.3796,1.3852
1763755980,1.3852,1.3852,1.3811,1.3814
1763756040,1.3814,1.3844,1.3814,1.3844
1763756100,1.3844,1.3851,1.3776,1.3777
1763756160,1.3777,1.3781,1.3757,1.3764
1763756220,1.3764,1.377,1.3745,1.3753
1763756280,1.3753,1.3753,1.3724,1.3727
1763756340,1.3727,1.374,1.3712,1.3717
1763756400,1.3717,1.3723,1.3697,1.3712
1763756460,1.3712,1.3715,1.3681,1.3688
1763756520,1.3688,1.3701,1.3677,1.3697
1763756580,1.3697,1.3702,1.3666,1.3681
1763756640,1.3681,1.3694,1.3673,1.3694
1763756700,1.3694,1.371,1.3688,1.371
1763756760,1.371,1.3726,1.3705,1.3708
1763756820,1.3708,1.3708,1.3663,1.3663
1763756880,1.3663,1.3667,1.3655,1.3664
1763756940,1.3664,1.3664,1.3623,1.3628
1763757000,1.3628,1.3653,1.3622,1.3648
1763757060,1.3648,1.3663,1.3639,1.3656
1763757120,1.3656,1.3659,1.3626,1.3637
1763757180,1.3637,1.3682,1.3634,1.3678
1763757240,1.3678,1.3685,1.3641,1.3648
1763757300,1.3648,1.3699,1.3643,1.3665
1763757360,1.3665,1.367,1.364,1.3649
1763757420,1.3649,1.3685,1.3642,1.3685
1763757480,1.3685,1.3758,1.3685,1.3758
1763757540,1.3758,1.3769,1.3732,1.3732
1763757600,1.3732,1.3742,1.3707,1.3742
1763757660,1.3742,1.3777,1.3718,1.3736
1763757720,1.3736,1.3766,1.3731,1.3731
1763757780,1.3731,1.3791,1.3713,1.3771
1763757840,1.3771,1.3788,1.3753,1.3779
1763757900,1.3779,1.3793,1.3748,1.3759
1763757960,1.3759,1.3798,1.3753,1.3792
1763758020,1.3792,1.382,1.3745,1.3769
1763758080,1.3769,1.3806,1.3759,1.3805
1763758140,1.3805,1.3813,1.3788,1.3797
1763758200,1.3797,1.383,1.3756,1.3758
1763758260,1.3758,1.38,1.3758,1.3792
1763758320,1.3792,1.3799,1.3773,1.3773
1763758380,1.3773,1.379,1.3751,1.3751
1763758440,1.3751,1.3768,1.374,1.3761
1763758500,1.3761,1.3768,1.3696,1.372
1763758560,1.372,1.3791,1.3719,1.3783
1763758620,1.3783,1.379,1.3746,1.377
1763758680,1.377,1.3773,1.3742,1.3752
1763758740,1.3752,1.3752,1.3686,1.3744
1763758800,1.3744,1.3751,1.3722,1.375
1763758860,1.375,1.3785,1.375,1.3751
1763758920,1.3751,1.376,1.3736,1.3739
1763758980,1.3739,1.3739,1.3695,1.3695
1763759040,1.3695,1.3698,1.3654,1.3695
1763759100,1.3695,1.3709,1.3653,1.3682
1763759160,1.3682,1.3724,1.3682,1.3708
1763759220,1.3708,1.371,1.367,1.3681
1763759280,1.3681,1.3683,1.3661,1.3681
1763759340,1.3681,1.3691,1.3644,1.3647
1763759400,1.3647,1.3668,1.3621,1.3668
1763759460,1.3668,1.3678,1.364,1.3641
1763759520,1.3641,1.3655,1.3616,1.3647
1763759580,1.3647,1.3667,1.3647,1.3664
1763759640,1.3664,1.3688,1.3662,1.3683
1763759700,1.3683,1.3693,1.3649,1.3649
1763759760,1.3649,1.3656,1.3635,1.3656
1763759820,1.3656,1.3749,1.3656,1.3748
1763759880,1.3748,1.3766,1.3676,1.3677
1763759940,1.3677,1.3707,1.3676,1.3701
1763760000,1.3701,1.3751,1.3693,1.3746
1763760060,1.3746,1.376,1.3741,1.3755
1763760120,1.3755,1.382,1.3755,1.3813
1763760180,1.3813,1.384,1.3807,1.384
1763760240,1.384,1.3866,1.3821,1.3826
1763760300,1.3826,1.3889,1.3815,1.388
1763760360,1.388,1.3884,1.3861,1.3867
1763760420,1.3867,1.3915,1.3867,1.3905
1763760480,1.3905,1.3907,1.3879,1.3885
1763760540,1.3885,1.3906,1.3872,1.3879
1763760600,1.3879,1.3887,1.3856,1.3864
1763760660,1.3864,1.3871,1.3848,1.386
1763760720,1.386,1.3878,1.3836,1.3855
1763760780,1.3855,1.3855,1.3827,1.3827
1763760840,1.3827,1.3833,1.3804,1.3833
1763760900,1.3833,1.3865,1.3833,1.3851
1763760960,1.3851,1.3898,1.3851,1.3872
1763761020,1.3872,1.3884,1.3853,1.388
1763761080,1.388,1.3901,1.3876,1.3901
1763761140,1.3901,1.3926,1.3889,1.3919
1763761200,1.3919,1.3955,1.3912,1.395
1763761260,1.395,1.3955,1.3941,1.3955
1763761320,1.3955,1.3983,1.3955,1.3983
1763761380,1.3983,1.3983,1.3965,1.3968
1763761440,1.3968,1.3971,1.3944,1.395
1763761500,1.395,1.3955,1.3934,1.3945
1763761560,1.3945,1.3962,1.3931,1.3931
1763761620,1.3931,1.3942,1.3924,1.3941
1763761680,1.3941,1.3968,1.3938,1.3961
1763761740,1.3961,1.3968,1.3952,1.3957
1763761800,1.3957,1.3973,1.3954,1.3961
1763761860,1.3961,1.3991,1.3957,1.3989
1763761920,1.3989,1.4002,1.3987,1.4
1763761980,1.4,1.4009,1.3961,1.3961
1763762040,1.3961,1.3961,1.3937,1.3942
1763762100,1.3942,1.3949,1.3924,1.3927
1763762160,1.3927,1.3946,1.3925,1.3939
1763762220,1.3939,1.3953,1.3931,1.3934
1763762280,1.3934,1.394,1.3906,1.3912
1763762340,1.3912,1.3925,1.3907,1.3925
1763762400,1.3925,1.3929,1.3919,1.3919
1763762460,1.3919,1.3949,1.3918,1.3943
1763762520,1.3943,1.396,1.3943,1.3955
1763762580,1.3955,1.3973,1.3952,1.397
1763762640,1.397,1.397,1.395,1.3952
1763762700,1.3952,1.3968,1.3923,1.3923
1763762760,1.3923,1.3952,1.3919,1.395
1763762820,1.395,1.3954,1.3916,1.3933
1763762880,1.3933,1.3948,1.3927,1.3929
1763762940,1.3929,1.3937,1.3922,1.3933
1763763000,1.3933,1.3937,1.3922,1.3922
1763763060,1.3922,1.3926,1.3901,1.3904
1763763120,1.3904,1.3911,1.3891,1.3901
1763763180,1.3901,1.3914,1.389,1.391
1763763240,1.391,1.3928,1.3907,1.3928
1763763300,1.3928,1.3943,1.391,1.3928
1763763360,1.3928,1.3941,1.392,1.3932
1763763420,1.3932,1.3939,1.3918,1.3934
1763763480,1.3934,1.3934,1.3883,1.389
1763763540,1.389,1.39,1.3889,1.389
1763763600,1.389,1.389,1.3861,1.3867
1763763660,1.3867,1.3874,1.386,1.3871
1763763720,1.3871,1.3871,1.3843,1.385
1763763780,1.385,1.3852,1.3782,1.3785
1763763840,1.3785,1.3786,1.3763,1.3764
1763763900,1.3764,1.3772,1.3727,1.375
1763763960,1.375,1.3806,1.375,1.38
1763764020,1.38,1.3819,1.3786,1.3799
1763764080,1.3799,1.3799,1.3774,1.3782
1763764140,1.3782,1.3782,1.3751,1.3751
1763764200,1.3751,1.3753,1.3675,1.3675
1763764260,1.3675,1.368,1.3653,1.3662
1763764320,1.3662,1.3685,1.3646,1.3674
1763764380,1.3674,1.3707,1.3668,1.3674
1763764440,1.3674,1.3684,1.3667,1.3667
1763764500,1.3667,1.3667,1.3624,1.3624
1763764560,1.3624,1.3706,1.3619,1.3699
1763764620,1.3699,1.3732,1.3675,1.3693
1763764680,1.3693,1.3714,1.3661,1.3668
1763764740,1.3668,1.3693,1.3664,1.3672
1763764800,1.3672,1.3691,1.365,1.3652
1763764860,1.3652,1.3662,1.3635,1.3662
1763764920,1.3662,1.3684,1.3646,1.3653
1763764980,1.3653,1.3669,1.3653,1.3661
1763765040,1.3661,1.3694,1.3661,1.3694
1763765100,1.3694,1.3737,1.3694,1.3733
1763765160,1.3733,1.3733,1.3695,1.3695
1763765220,1.3695,1.3697,1.3627,1.3627
1763765280,1.3627,1.3627,1.3607,1.3613
1763765340,1.3613,1.3614,1.3605,1.3611
1763765400,1.3611,1.362,1.3606,1.3606
1763765460,1.3606,1.3606,1.3533,1.3563
1763765520,1.3563,1.3563,1.3527,1.3531
1763765580,1.3531,1.3553,1.3509,1.3553
1763765640,1.3553,1.3556,1.3533,1.3546
1763765700,1.3546,1.3546,1.3521,1.3546
1763765760,1.3546,1.3567,1.3544,1.3556
1763765820,1.3556,1.3569,1.3524,1.3525
1763765880,1.3525,1.3535,1.3503,1.3503
1763765940,1.3503,1.351,1.3481,1.3485
1763766000,1.3485,1.3496,1.3461,1.348
1763766060,1.348,1.35,1.3469,1.348
1763766120,1.348,1.35,1.3448,1.3482
1763766180,1.3482,1.3494,1.3477,1.3482
1763766240,1.3482,1.3513,1.3481,1.3513
1763766300,1.3513,1.3524,1.347,1.3473
1763766360,1.3473,1.3481,1.3433,1.3444
1763766420,1.3444,1.3444,1.3408,1.3429
1763766480,1.3429,1.3465,1.3429,1.3465
1763766540,1.3465,1.3504,1.3461,1.3503
1763766600,1.3503,1.3525,1.3484,1.3484
1763766660,1.3484,1.3516,1.3474,1.3516
1763766720,1.3516,1.3543,1.3516,1.3534
1763766780,1.3534,1.3557,1.3528,1.3544
1763766840,1.3544,1.3574,1.3542,1.3571
1763766900,1.3571,1.3634,1.3571,1.3629
1763766960,1.3629,1.3661,1.3628,1.3656
1763767020,1.3656,1.3668,1.3627,1.3662
1763767080,1.3662,1.3674,1.3661,1.3673
1763767140,1.3673,1.3699,1.367,1.3696
1763767200,1.3696,1.3728,1.3685,1.3719
1763767260,1.3719,1.3764,1.3719,1.3764
1763767320,1.3764,1.3768,1.3741,1.3746
1763767380,1.3746,1.3795,1.3744,1.3792
1763767440,1.3792,1.38,1.3765,1.3777
1763767500,1.3777,1.3805,1.3765,1.3805
1763767560,1.3805,1.3807,1.3759,1.3762
1763767620,1.3762,1.379,1.3753,1.3783
1763767680,1.3783,1.3833,1.3783,1.3832
1763767740,1.3832,1.385,1.3818,1.385
1763767800,1.385,1.3866,1.3831,1.3851
1763767860,1.3851,1.3877,1.3847,1.3872
1763767920,1.3872,1.3872,1.3833,1.3838
1763767980,1.3838,1.3858,1.3829,1.3858
1763768040,1.3858,1.3885,1.3855,1.3857
1763768100,1.3857,1.3865,1.3848,1.385
1763768160,1.385,1.3856,1.3823,1.3824
1763768220,1.3824,1.3831,1.3813,1.3826
1763768280,1.3826,1.3845,1.3824,1.3845
1763768340,1.3845,1.3856,1.3841,1.3843
1763768400,1.3843,1.3852,1.3838,1.3845
1763768460,1.3845,1.3867,1.384,1.3867
1763768520,1.3867,1.39,1.3867,1.3886
1763768580,1.3886,1.39,1.3885,1.389
1763768640,1.389,1.39,1.3887,1.39
1763768700,1.39,1.3944,1.39,1.3935
1763768760,1.3935,1.3939,1.3913,1.3933
1763768820,1.3933,1.3943,1.3926,1.3932
1763768880,1.3932,1.3938,1.3909,1.3921
1763768940,1.3921,1.3947,1.3921,1.3944
1763769000,1.3944,1.3946,1.3904,1.3904
1763769060,1.3904,1.3934,1.3904,1.3914
1763769120,1.3914,1.392,1.3911,1.3918
1763769180,1.3918,1.3921,1.3906,1.392
1763769240,1.392,1.3928,1.3903,1.3907
1763769300,1.3907,1.3907,1.3883,1.3886
1763769360,1.3886,1.3909,1.3886,1.3902
1763769420,1.3902,1.3914,1.39,1.3905
1763769480,1.3905,1.3905,1.3895,1.3895
1763769540,1.3895,1.3907,1.3894,1.3898
1764547200,1.4958,1.5005,1.4948,1.5001
1764547260,1.5001,1.5003,1.4953,1.4954
1764547320,1.4954,1.4985,1.4953,1.4968
1764547380,1.4968,1.4974,1.4931,1.4943
1764547440,1.4943,1.4945,1.4847,1.4915
1764547500,1.4915,1.4918,1.4801,1.4824
1764547560,1.4824,1.4824,1.4656,1.4692
1764547620,1.4692,1.4703,1.4553,1.4555
1764547680,1.4555,1.4637,1.4354,1.4454
1764547740,1.4454,1.4508,1.438,1.4476
1764547800,1.4476,1.4556,1.4345,1.444
1764547860,1.444,1.4537,1.4397,1.4529
1764547920,1.4529,1.4546,1.4443,1.445
1764547980,1.445,1.4481,1.44,1.4475
1764548040,1.4475,1.4522,1.4446,1.445
1764548100,1.445,1.4504,1.4433,1.4472
1764548160,1.4472,1.4516,1.4454,1.4489
1764548220,1.4489,1.4489,1.4439,1.4442
1764548280,1.4442,1.4456,1.4383,1.4394
1764548340,1.4394,1.4394,1.4307,1.4361
1764548400,1.4361,1.4413,1.435,1.4384
1764548460,1.4384,1.4384,1.4237,1.4308
1764548520,1.4308,1.4327,1.4279,1.4312
1764548580,1.4312,1.4313,1.4246,1.4258
1764548640,1.4258,1.4337,1.4253,1.4318
1764548700,1.4318,1.4381,1.4314,1.4354
1764548760,1.4354,1.4364,1.4329,1.433
1764548820,1.433,1.4339,1.4294,1.4334
1764548880,1.4334,1.4346,1.427,1.4273
1764548940,1.4273,1.4278,1.421,1.4231
1764549000,1.4231,1.4251,1.4201,1.4231
1764549060,1.4231,1.4264,1.42,1.4225
1764549120,1.4225,1.4225,1.4102,1.4167
1764549180,1.4167,1.4196,1.4112,1.4142
1764549240,1.4142,1.4161,1.4108,1.4159
1764549300,1.4159,1.4159,1.404,1.408
1764549360,1.408,1.4152,1.406,1.4114
1764549420,1.4114,1.4159,1.4064,1.4078
1764549480,1.4078,1.4108,1.4023,1.4044
1764549540,1.4044,1.4117,1.4043,1.4111
1764549600,1.4111,1.4144,1.4097,1.413
1764549660,1.413,1.4194,1.412,1.4176
1764549720,1.4176,1.4198,1.4146,1.416
1764549780,1.416,1.416,1.4051,1.4062
1764549840,1.4062,1.407,1.4044,1.4052
1764549900,1.4052,1.408,1.4046,1.4061
1764549960,1.4061,1.4073,1.4017,1.4037
1764550020,1.4037,1.4048,1.397,1.4009
1764550080,1.4009,1.4018,1.398,1.3988
1764550140,1.3988,1.4038,1.398,1.3994
1764550200,1.3994,1.4011,1.3975,1.3984
1764550260,1.3984,1.3984,1.39,1.3932
1764550320,1.3932,1.3951,1.3903,1.3911
1764550380,1.3911,1.3926,1.3854,1.3864
1764550440,1.3864,1.3869,1.3827,1.3836
1764550500,1.3836,1.3858,1.3816,1.382
1764550560,1.382,1.3854,1.3803,1.3847
1764550620,1.3847,1.3934,1.3842,1.3897
1764550680,1.3897,1.3924,1.3869,1.3888
1764550740,1.3888,1.3903,1.3839,1.3849
1764550800,1.3849,1.3898,1.3818,1.3858
1764550860,1.3858,1.3919,1.3858,1.3891
1764550920,1.3891,1.394,1.3877,1.393
1764550980,1.393,1.4016,1.393,1.396
1764551040,1.396,1.4005,1.3954,1.3997
1764551100,1.3997,1.4055,1.397,1.4046
1764551160,1.4046,1.4054,1.401,1.4042
1764551220,1.4042,1.4121,1.403,1.4111
1764551280,1.4111,1.4147,1.4106,1.4142
1764551340,1.4142,1.4154,1.4027,1.4027
1764551400,1.4027,1.4028,1.3981,1.3993
1764551460,1.3993,1.4004,1.3957,1.3988
1764551520,1.3988,1.4025,1.3978,1.4021
1764551580,1.4021,1.4045,1.4003,1.4029
1764551640,1.4029,1.4029,1.3972,1.3983
1764551700,1.3983,1.405,1.3972,1.4042
1764551760,1.4042,1.4061,1.4028,1.4037
1764551820,1.4037,1.4052,1.3973,1.3997
1764551880,1.3997,1.4028,1.3992,1.4026
1764551940,1.4026,1.4039,1.3955,1.3958
1764552000,1.3958,1.3969,1.3926,1.3969
1764552060,1.3969,1.4007,1.3964,1.398
1764552120,1.398,1.4005,1.3979,1.4
1764552180,1.4,1.4008,1.3981,1.3986
1764552240,1.3986,1.399,1.3945,1.3946
1764552300,1.3946,1.3961,1.3911,1.3942
1764552360,1.3942,1.3951,1.3916,1.3951
1764552420,1.3951,1.3957,1.3934,1.3948
1764552480,1.3948,1.3967,1.3941,1.3967
1764552540,1.3967,1.3967,1.3926,1.3926
1764552600,1.3926,1.3933,1.3911,1.3911
1764552660,1.3911,1.3955,1.3896,1.3925
1764552720,1.3925,1.3951,1.3917,1.3929
1764552780,1.3929,1.3954,1.3929,1.3929
1764552840,1.3929,1.3957,1.3904,1.3917
1764552900,1.3917,1.3962,1.3911,1.396
1764552960,1.396,1.3988,1.3957,1.3988
1764553020,1.3988,1.3988,1.3954,1.3966
1764553080,1.3966,1.3994,1.3928,1.3935
1764553140,1.3935,1.3966,1.3926,1.3929
1764553200,1.3929,1.3933,1.39,1.3924
1764553260,1.3924,1.3958,1.3924,1.3954
1764553320,1.3954,1.3968,1.3952,1.3953
1764553380,1.3953,1.3963,1.3947,1.396
1764553440,1.396,1.3974,1.3936,1.394
1764553500,1.394,1.396,1.3934,1.3952
1764553560,1.3952,1.396,1.3925,1.3929
1764553620,1.3929,1.3943,1.3898,1.3943
1764553680,1.3943,1.3945,1.3924,1.3929
1764553740,1.3929,1.3938,1.3898,1.39
1764553800,1.39,1.3911,1.3885,1.3899
1764553860,1.3899,1.3899,1.3876,1.3889
1764553920,1.3889,1.3914,1.3885,1.3897
1764553980,1.3897,1.3924,1.3895,1.3915
1764554040,1.3915,1.3934,1.3913,1.393
1764554100,1.393,1.3946,1.3893,1.391
1764554160,1.391,1.3934,1.3903,1.3907
1764554220,1.3907,1.3935,1.3905,1.3931
1764554280,1.3931,1.3941,1.3909,1.3909
1764554340,1.3909,1.3909,1.3888,1.3894
1764554400,1.3894,1.3904,1.3891,1.3891
1764554460,1.3891,1.3891,1.3858,1.3875
1764554520,1.3875,1.3889,1.3861,1.3889
1764554580,1.3889,1.3932,1.3885,1.3932
1764554640,1.3932,1.3974,1.3925,1.3962
1764554700,1.3962,1.3989,1.3946,1.3965
1764554760,1.3965,1.3965,1.3883,1.389
1764554820,1.389,1.3892,1.386,1.3861
1764554880,1.3861,1.3879,1.3852,1.3868
1764554940,1.3868,1.3893,1.3861,1.3866
1764555000,1.3866,1.3887,1.3843,1.3883
1764555060,1.3883,1.3929,1.388,1.3927
1764555120,1.3927,1.3966,1.3926,1.3954
1764555180,1.3954,1.3967,1.3952,1.3953
1764555240,1.3953,1.3953,1.3897,1.3898
1764555300,1.3898,1.3911,1.3895,1.3907
1764555360,1.3907,1.3907,1.3873,1.3879
1764555420,1.3879,1.3905,1.3876,1.3893
1764555480,1.3893,1.3914,1.3893,1.3903
1764555540,1.3903,1.3911,1.3893,1.3898
1764555600,1.3898,1.39,1.3878,1.388
1764555660,1.388,1.3899,1.3877,1.3883
1764555720,1.3883,1.3901,1.3882,1.3894
1764555780,1.3894,1.3907,1.3884,1.3896
1764555840,1.3896,1.3907,1.3882,1.3882
1764555900,1.3882,1.3898,1.3881,1.3889
1764555960,1.3889,1.3909,1.3889,1.3898
1764556020,1.3898,1.3908,1.3891,1.3896
1764556080,1.3896,1.3897,1.3879,1.3893
1764556140,1.3893,1.3894,1.3872,1.3874
1764556200,1.3874,1.39,1.3873,1.3892
1764556260,1.3892,1.391,1.3889,1.3902
1764556320,1.3902,1.3909,1.3893,1.3903
1764556380,1.3903,1.3929,1.3903,1.3912
1764556440,1.3912,1.3931,1.3893,1.3921
1764556500,1.3921,1.3932,1.3917,1.3926
1764556560,1.3926,1.394,1.3916,1.3919
1764556620,1.3919,1.3925,1.389,1.3899
1764556680,1.3899,1.3912,1.3879,1.3886
1764556740,1.3886,1.3913,1.3861,1.3907
1764556800,1.3907,1.3959,1.3906,1.3923
1764556860,1.3923,1.3933,1.3904,1.3926
1764556920,1.3926,1.3961,1.3913,1.3957
1764556980,1.3957,1.3968,1.3952,1.3957
1764557040,1.3957,1.3975,1.3952,1.3957
1764557100,1.3957,1.3966,1.393,1.393
1764557160,1.393,1.3938,1.3918,1.3926
1764557220,1.3926,1.3941,1.3888,1.3888
1764557280,1.3888,1.3906,1.3874,1.3885
1764557340,1.3885,1.3885,1.3855,1.3868
1764557400,1.3868,1.3886,1.3861,1.3875
1764557460,1.3875,1.3875,1.3853,1.3863
1764557520,1.3863,1.3886,1.3863,1.3884
1764557580,1.3884,1.3889,1.3873,1.3883
1764557640,1.3883,1.3893,1.3871,1.3887
1764557700,1.3887,1.3896,1.3874,1.3893
1764557760,1.3893,1.39,1.3878,1.3884
1764557820,1.3884,1.3884,1.3866,1.3871
1764557880,1.3871,1.3874,1.3863,1.3869
1764557940,1.3869,1.387,1.3853,1.3853
1764558000,1.3853,1.3858,1.3841,1.3856
1764558060,1.3856,1.3857,1.3813,1.3813
1764558120,1.3813,1.3827,1.3808,1.3819
1764558180,1.3819,1.3857,1.3816,1.3835
1764558240,1.3835,1.3851,1.3824,1.3851
1764558300,1.3851,1.3861,1.3837,1.3846
1764558360,1.3846,1.3846,1.3808,1.3816
1764558420,1.3816,1.3819,1.3745,1.3766
1764558480,1.3766,1.3766,1.3735,1.3754
1764558540,1.3754,1.3758,1.3729,1.3742
1764558600,1.3742,1.3753,1.3719,1.374
1764558660,1.374,1.3767,1.3734,1.3764
1764558720,1.3764,1.3797,1.376,1.3794
1764558780,1.3794,1.3818,1.3776,1.3818
1764558840,1.3818,1.3819,1.3799,1.3803
1764558900,1.3803,1.3812,1.3788,1.3804
1764558960,1.3804,1.3804,1.3767,1.3771
1764559020,1.3771,1.3788,1.3755,1.3762
1764559080,1.3762,1.3825,1.376,1.3803
1764559140,1.3803,1.3803,1.3727,1.3747
1764559200,1.3747,1.3766,1.3742,1.3748
1764559260,1.3748,1.3774,1.3744,1.3765
1764559320,1.3765,1.3789,1.3747,1.375
1764559380,1.375,1.3784,1.3748,1.3772
1764559440,1.3772,1.3778,1.3746,1.3774
1764559500,1.3774,1.3793,1.3771,1.3791
1764559560,1.3791,1.3799,1.3772,1.3772
1764559620,1.3772,1.3784,1.3752,1.3753
1764559680,1.3753,1.3772,1.3746,1.3768
1764559740,1.3768,1.3768,1.3739,1.3751
1764559800,1.3751,1.3764,1.3748,1.3754
1764559860,1.3754,1.377,1.3748,1.3752
1764559920,1.3752,1.377,1.3752,1.3762
1764559980,1.3762,1.3774,1.373,1.3762
1764560040,1.3762,1.3775,1.3731,1.3742
1764560100,1.3742,1.3751,1.3722,1.3734
1764560160,1.3734,1.3752,1.3724,1.3745
1764560220,1.3745,1.376,1.3724,1.3726
1764560280,1.3726,1.3739,1.3711,1.372
1764560340,1.372,1.3729,1.3681,1.3728
1764560400,1.3728,1.3762,1.3728,1.3762
1764560460,1.3762,1.3782,1.3749,1.3781
1764560520,1.3781,1.3781,1.3765,1.3774
1764560580,1.3774,1.3788,1.3764,1.3768
1764560640,1.3768,1.3781,1.376,1.3781
1764560700,1.3781,1.3793,1.3772,1.3783
1764560760,1.3783,1.3783,1.3751,1.3751
1764560820,1.3751,1.3757,1.3734,1.3747
1764560880,1.3747,1.3752,1.3742,1.3749
1764560940,1.3749,1.3773,1.3737,1.3743
1764561000,1.3743,1.3763,1.3738,1.3755
1764561060,1.3755,1.3765,1.3746,1.3758
1764561120,1.3758,1.3778,1.3745,1.3753
1764561180,1.3753,1.3761,1.3747,1.3748
1764561240,1.3748,1.3749,1.3742,1.3742
1764561300,1.3742,1.3746,1.3735,1.3738
1764561360,1.3738,1.3752,1.373,1.373
1764561420,1.373,1.3741,1.3724,1.3741
1764561480,1.3741,1.3748,1.3736,1.3745
1764561540,1.3745,1.3745,1.3723,1.3733
1764561600,1.3733,1.3739,1.3713,1.3724
1764561660,1.3724,1.3744,1.3713,1.3744
1764561720,1.3744,1.3766,1.3741,1.3746
1764561780,1.3746,1.3768,1.3745,1.3768
1764561840,1.3768,1.3786,1.3754,1.3762
1764561900,1.3762,1.377,1.3752,1.3758
1764561960,1.3758,1.3781,1.3739,1.374
1764562020,1.374,1.3778,1.3729,1.3778
1764562080,1.3778,1.3778,1.3749,1.3769
1764562140,1.3769,1.3775,1.3755,1.3755
1764562200,1.3755,1.3771,1.373,1.3771
1764562260,1.3771,1.3785,1.3739,1.3744
1764562320,1.3744,1.3764,1.3744,1.3753
1764562380,1.3753,1.3761,1.3739,1.3744
1764562440,1.3744,1.3755,1.3723,1.3723
1764562500,1.3723,1.373,1.3692,1.3724
1764562560,1.3724,1.3735,1.3705,1.3722
1764562620,1.3722,1.3762,1.372,1.3728
1764562680,1.3728,1.3792,1.3728,1.3776
1764562740,1.3776,1.3791,1.377,1.377
1764562800,1.377,1.3786,1.3755,1.3755
1764562860,1.3755,1.3757,1.3738,1.3755
1764562920,1.3755,1.3755,1.3734,1.3738
1764562980,1.3738,1.3752,1.3723,1.3725
1764563040,1.3725,1.3745,1.3718,1.3734
1764563100,1.3734,1.3734,1.3704,1.3705
1764563160,1.3705,1.3712,1.3696,1.3705
1764563220,1.3705,1.3716,1.3686,1.3694
1764563280,1.3694,1.3699,1.3664,1.3682
1764563340,1.3682,1.3687,1.3671,1.3682
1764563400,1.3682,1.3687,1.3669,1.3683
1764563460,1.3683,1.3693,1.3667,1.3684
1764563520,1.3684,1.3694,1.367,1.3686
1764563580,1.3686,1.3693,1.3654,1.3692
1764563640,1.3692,1.3718,1.3685,1.3716
1764563700,1.3716,1.3721,1.3691,1.3717
1764563760,1.3717,1.3717,1.3698,1.3699
1764563820,1.3699,1.3699,1.3657,1.3685
1764563880,1.3685,1.371,1.3676,1.3709
1764563940,1.3709,1.3713,1.3693,1.3704
1764564000,1.3704,1.3725,1.3692,1.3698
1764564060,1.3698,1.3698,1.3685,1.3695
1764564120,1.3695,1.3726,1.3685,1.3686
1764564180,1.3686,1.3723,1.3686,1.3709
1764564240,1.3709,1.371,1.3694,1.3707
1764564300,1.3707,1.3715,1.3702,1.3715
1764564360,1.3715,1.3715,1.3701,1.3704
1764564420,1.3704,1.3705,1.3685,1.3697
1764564480,1.3697,1.3717,1.3695,1.3717
1764564540,1.3717,1.3719,1.3704,1.3718
1764564600,1.3718,1.3722,1.3712,1.3718
1764564660,1.3718,1.3739,1.3718,1.3736
1764564720,1.3736,1.374,1.3727,1.3736
1764564780,1.3736,1.3744,1.3704,1.3709
1764564840,1.3709,1.3716,1.3703,1.3708
1764564900,1.3708,1.3725,1.3708,1.372
1764564960,1.372,1.3728,1.3712,1.3725
1764565020,1.3725,1.3726,1.371,1.3711
1764565080,1.3711,1.3713,1.3696,1.3699
1764565140,1.3699,1.3722,1.3698,1.3722
1764565200,1.3722,1.3722,1.3709,1.3715
1764565260,1.3715,1.3767,1.3715,1.3767
1764565320,1.3767,1.3771,1.374,1.3748
1764565380,1.3748,1.3769,1.3748,1.3759
1764565440,1.3759,1.376,1.3745,1.3756
1764565500,1.3756,1.3758,1.3725,1.3758
1764565560,1.3758,1.3765,1.3723,1.3737
1764565620,1.3737,1.375,1.3737,1.3747
1764565680,1.3747,1.3752,1.3733,1.3752
1764565740,1.3752,1.3785,1.3752,1.3785
1764565800,1.3785,1.3804,1.3778,1.3804
1764565860,1.3804,1.381,1.3779,1.3783
1764565920,1.3783,1.3785,1.3763,1.3779
1764565980,1.3779,1.3789,1.377,1.3771
1764566040,1.3771,1.3771,1.3741,1.3741
1764566100,1.3741,1.3741,1.3717,1.3717
1764566160,1.3717,1.3736,1.3716,1.3719
1764566220,1.3719,1.3731,1.3719,1.3722
1764566280,1.3722,1.3722,1.3685,1.3693
1764566340,1.3693,1.3707,1.3687,1.3693
1764566400,1.3693,1.3705,1.3634,1.3689
1764566460,1.3689,1.3691,1.3676,1.3679
1764566520,1.3679,1.3708,1.3679,1.3708
1764566580,1.3708,1.3713,1.3693,1.3701
1764566640,1.3701,1.3732,1.3701,1.3729
1764566700,1.3729,1.3748,1.3715,1.3742
1764566760,1.3742,1.3742,1.3731,1.374
1764566820,1.374,1.3766,1.374,1.3766
1764566880,1.3766,1.379,1.3758,1.3788
1764566940,1.3788,1.3794,1.3781,1.3789
1764567000,1.3789,1.3789,1.3732,1.374
1764567060,1.374,1.3743,1.3703,1.3708
1764567120,1.3708,1.3717,1.3708,1.3717
1764567180,1.3717,1.3721,1.3706,1.3706
1764567240,1.3706,1.3711,1.37,1.3703
1764567300,1.3703,1.3712,1.3696,1.3701
1764567360,1.3701,1.3703,1.3676,1.3678
1764567420,1.3678,1.369,1.3672,1.3679
1764567480,1.3679,1.3686,1.365,1.3657
1764567540,1.3657,1.367,1.3652,1.3662
1764567600,1.3662,1.3681,1.3657,1.3675
1764567660,1.3675,1.3687,1.3675,1.3682
1764567720,1.3682,1.3688,1.3675,1.3682
1764567780,1.3682,1.3693,1.368,1.3686
1764567840,1.3686,1.3686,1.3675,1.368
1764567900,1.368,1.3702,1.3672,1.3697
1764567960,1.3697,1.3714,1.3681,1.37
1764568020,1.37,1.3735,1.3688,1.3725
1764568080,1.3725,1.3732,1.3709,1.3719
1764568140,1.3719,1.3736,1.3719,1.3729
1764568200,1.3729,1.373,1.3713,1.3722
1764568260,1.3722,1.3737,1.3721,1.3737
1764568320,1.3737,1.3741,1.3728,1.3728
1764568380,1.3728,1.3737,1.3727,1.3733
1764568440,1.3733,1.3733,1.3718,1.3718
1764568500,1.3718,1.3733,1.3715,1.3721
1764568560,1.3721,1.3727,1.37,1.3712
1764568620,1.3712,1.3712,1.3693,1.3697
1764568680,1.3697,1.3711,1.3696,1.3711
1764568740,1.3711,1.372,1.3705,1.3709
1764568800,1.3709,1.373,1.3703,1.3728
1764568860,1.3728,1.3756,1.3728,1.3755
1764568920,1.3755,1.3771,1.3753,1.3765
1764568980,1.3765,1.3779,1.3743,1.3747
1764569040,1.3747,1.376,1.3747,1.3753
1764569100,1.3753,1.3754,1.3719,1.3731
1764569160,1.3731,1.3744,1.3731,1.3744
1764569220,1.3744,1.3759,1.3742,1.3748
1764569280,1.3748,1.3758,1.3745,1.3749
1764569340,1.3749,1.3752,1.3742,1.3749
1764569400,1.3749,1.3757,1.374,1.3755
1764569460,1.3755,1.3774,1.375,1.3772
1764569520,1.3772,1.3778,1.3765,1.3765
1764569580,1.3765,1.3774,1.3758,1.3768
1764569640,1.3768,1.378,1.3765,1.378
1764569700,1.378,1.378,1.376,1.3768
1764569760,1.3768,1.3768,1.3745,1.3748
1764569820,1.3748,1.3761,1.3742,1.3742
1764569880,1.3742,1.3754,1.374,1.3749
1764569940,1.3749,1.3749,1.3729,1.3729
1764570000,1.3729,1.3733,1.367,1.3678
1764570060,1.3678,1.3685,1.3678,1.3678
1764570120,1.3678,1.3694,1.3678,1.3693
1764570180,1.3693,1.3707,1.3687,1.3691
1764570240,1.3691,1.3702,1.3684,1.3689
1764570300,1.3689,1.3697,1.3683,1.3692
1764570360,1.3692,1.37,1.3683,1.3684
1764570420,1.3684,1.3689,1.3676,1.3677
1764570480,1.3677,1.3683,1.367,1.3681
1764570540,1.3681,1.3692,1.3681,1.3691
1764570600,1.3691,1.3691,1.3676,1.3676
1764570660,1.3676,1.3678,1.3673,1.3675
1764570720,1.3675,1.3688,1.367,1.3688
1764570780,1.3688,1.3698,1.3676,1.3685
1764570840,1.3685,1.3698,1.3684,1.3698
1764570900,1.3698,1.3698,1.3683,1.3689
1764570960,1.3689,1.3695,1.3687,1.3689
1764571020,1.3689,1.3714,1.3689,1.3713
1764571080,1.3713,1.3731,1.3713,1.3721
1764571140,1.3721,1.3736,1.3719,1.3726
1764571200,1.3726,1.3735,1.3714,1.3734
1764571260,1.3734,1.3734,1.3714,1.3716
1764571320,1.3716,1.3722,1.3714,1.3714
1764571380,1.3714,1.3714,1.3709,1.3712
1764571440,1.3712,1.3717,1.3711,1.3717
1764571500,1.3717,1.373,1.3709,1.3724
1764571560,1.3724,1.3724,1.3711,1.372
1764571620,1.372,1.3727,1.3717,1.3723
1764571680,1.3723,1.3735,1.3716,1.3716
1764571740,1.3716,1.3716,1.37,1.3714
1764571800,1.3714,1.3714,1.3694,1.3694
1764571860,1.3694,1.3708,1.3686,1.3687
1764571920,1.3687,1.3692,1.3682,1.3692
1764571980,1.3692,1.3697,1.3684,1.3697
1764572040,1.3697,1.3703,1.3693,1.3701
1764572100,1.3701,1.372,1.3701,1.372
1764572160,1.372,1.3728,1.3713,1.3714
1764572220,1.3714,1.3727,1.3713,1.3717
1764572280,1.3717,1.3728,1.3712,1.3714
1764572340,1.3714,1.3717,1.3706,1.3707
1764572400,1.3707,1.3718,1.3705,1.3706
1764572460,1.3706,1.3706,1.3686,1.3691
1764572520,1.3691,1.3706,1.3685,1.3703
1764572580,1.3703,1.3703,1.3681,1.3695
1764572640,1.3695,1.371,1.3683,1.3683
1764572700,1.3683,1.3683,1.3666,1.3672
1764572760,1.3672,1.3672,1.3621,1.3624
1764572820,1.3624,1.3639,1.3622,1.3638
1764572880,1.3638,1.3645,1.3614,1.3617
1764572940,1.3617,1.3639,1.3617,1.3636
1764573000,1.3636,1.365,1.3619,1.3619
1764573060,1.3619,1.3649,1.3619,1.3632
1764573120,1.3632,1.3643,1.3609,1.3616
1764573180,1.3616,1.3628,1.36,1.3628
1764573240,1.3628,1.3637,1.3613,1.3613
1764573300,1.3613,1.3621,1.3604,1.3614
1764573360,1.3614,1.365,1.3613,1.3633
1764573420,1.3633,1.3662,1.3631,1.3652
1764573480,1.3652,1.3652,1.3638,1.3646
1764573540,1.3646,1.3652,1.3634,1.3642
1764573600,1.3642,1.3647,1.3631,1.3638
1764573660,1.3638,1.3641,1.3629,1.3636
1764573720,1.3636,1.3636,1.3583,1.3586
1764573780,1.3586,1.3596,1.3576,1.3591
1764573840,1.3591,1.3608,1.359,1.3604
1764573900,1.3604,1.3647,1.3603,1.3627
1764573960,1.3627,1.3639,1.3627,1.3633
1764574020,1.3633,1.3634,1.3601,1.3633
1764574080,1.3633,1.3642,1.3627,1.3641
1764574140,1.3641,1.3647,1.3626,1.3628
1764574200,1.3628,1.3629,1.3607,1.361
1764574260,1.361,1.3619,1.3603,1.3616
1764574320,1.3616,1.3633,1.3607,1.3629
1764574380,1.3629,1.3655,1.3629,1.3648
1764574440,1.3648,1.3657,1.3647,1.3653
1764574500,1.3653,1.3655,1.3637,1.3639
1764574560,1.3639,1.3649,1.3629,1.3649
1764574620,1.3649,1.3682,1.3642,1.3673
1764574680,1.3673,1.373,1.3658,1.3725
1764574740,1.3725,1.3725,1.3698,1.3702
1764574800,1.3702,1.3706,1.3672,1.3672
1764574860,1.3672,1.3688,1.3671,1.3683
1764574920,1.3683,1.369,1.3678,1.3685
1764574980,1.3685,1.3698,1.3678,1.3684
1764575040,1.3684,1.3689,1.368,1.368
1764575100,1.368,1.3697,1.3674,1.3691
1764575160,1.3691,1.3694,1.3681,1.3691
1764575220,1.3691,1.3691,1.3661,1.3665
1764575280,1.3665,1.368,1.3665,1.3673
1764575340,1.3673,1.3681,1.3667,1.3681
1764575400,1.3681,1.3682,1.3666,1.3673
1764575460,1.3673,1.3683,1.3667,1.3674
1764575520,1.3674,1.3684,1.3671,1.3681
1764575580,1.3681,1.3686,1.3665,1.3665
1764575640,1.3665,1.3668,1.3658,1.3666
1764575700,1.3666,1.3683,1.3666,1.3676
1764575760,1.3676,1.3686,1.3675,1.3682
1764575820,1.3682,1.3695,1.3681,1.3689
1764575880,1.3689,1.3698,1.3685,1.3694
1764575940,1.3694,1.3707,1.3692,1.3702
1764576000,1.3702,1.3704,1.3687,1.369
1764576060,1.369,1.3699,1.3686,1.3699
1764576120,1.3699,1.3712,1.3695,1.3703
1764576180,1.3703,1.3715,1.3686,1.3691
1764576240,1.3691,1.3694,1.3682,1.3686
1764576300,1.3686,1.3698,1.3677,1.3686
1764576360,1.3686,1.3723,1.3683,1.3715
1764576420,1.3715,1.3752,1.3715,1.3742
1764576480,1.3742,1.3752,1.3736,1.3752
1764576540,1.3752,1.3752,1.3725,1.3726
1764576600,1.3726,1.3726,1.3692,1.3697
1764576660,1.3697,1.3698,1.3667,1.3667
1764576720,1.3667,1.3685,1.3666,1.3683
1764576780,1.3683,1.3702,1.3683,1.3701
1764576840,1.3701,1.3702,1.3696,1.3696
1764576900,1.3696,1.3726,1.3691,1.3709
1764576960,1.3709,1.3728,1.3704,1.3728
1764577020,1.3728,1.3752,1.3724,1.3741
1764577080,1.3741,1.3741,1.3723,1.3737
1764577140,1.3737,1.375,1.3737,1.3743
1764577200,1.3743,1.3758,1.374,1.3744
1764577260,1.3744,1.3753,1.3743,1.3753
1764577320,1.3753,1.3754,1.3733,1.3733
1764577380,1.3733,1.3733,1.372,1.3728
1764577440,1.3728,1.3732,1.3713,1.3713
1764577500,1.3713,1.3725,1.371,1.3724
1764577560,1.3724,1.3729,1.372,1.3724
1764577620,1.3724,1.3737,1.3724,1.3729
1764577680,1.3729,1.3751,1.3727,1.3751
1764577740,1.3751,1.3758,1.3749,1.3749
1764577800,1.3749,1.3755,1.3739,1.3743
1764577860,1.3743,1.3743,1.3725,1.3736
1764577920,1.3736,1.3741,1.3726,1.3726
1764577980,1.3726,1.3726,1.3707,1.3714
1764578040,1.3714,1.374,1.3714,1.3737
1764578100,1.3737,1.3759,1.3737,1.3758
1764578160,1.3758,1.3786,1.3758,1.3776
1764578220,1.3776,1.3784,1.3765,1.3766
1764578280,1.3766,1.3799,1.3766,1.3793
1764578340,1.3793,1.3795,1.3782,1.3793
1764578400,1.3793,1.3802,1.3784,1.3801
1764578460,1.3801,1.3802,1.3788,1.3795
1764578520,1.3795,1.3834,1.3793,1.3823
1764578580,1.3823,1.383,1.3813,1.383
1764578640,1.383,1.3846,1.383,1.3837
1764578700,1.3837,1.3837,1.3825,1.3834
1764578760,1.3834,1.3843,1.3831,1.3837
1764578820,1.3837,1.385,1.3835,1.3839
1764578880,1.3839,1.3843,1.3835,1.3843
1764578940,1.3843,1.3864,1.3843,1.3854
1764579000,1.3854,1.3854,1.3841,1.385
1764579060,1.385,1.3856,1.3839,1.3851
1764579120,1.3851,1.3855,1.384,1.3841
1764579180,1.3841,1.3857,1.384,1.3854
1764579240,1.3854,1.3854,1.3835,1.3835
1764579300,1.3835,1.3845,1.3832,1.3838
1764579360,1.3838,1.3861,1.3837,1.3858
1764579420,1.3858,1.3859,1.3847,1.3853
1764579480,1.3853,1.3857,1.3829,1.3846
1764579540,1.3846,1.3856,1.3836,1.3841
1764579600,1.3841,1.3841,1.3807,1.3811
1764579660,1.3811,1.3841,1.3811,1.384
1764579720,1.384,1.3869,1.383,1.383
1764579780,1.383,1.3842,1.3827,1.3832
1764579840,1.3832,1.3835,1.3781,1.3783
1764579900,1.3783,1.3818,1.3781,1.3801
1764579960,1.3801,1.3804,1.3769,1.3778
1764580020,1.3778,1.3787,1.377,1.3776
1764580080,1.3776,1.3783,1.3768,1.377
1764580140,1.377,1.3776,1.3766,1.3769
1764580200,1.3769,1.377,1.3751,1.3761
1764580260,1.3761,1.3769,1.3755,1.376
1764580320,1.376,1.3774,1.376,1.3772
1764580380,1.3772,1.3773,1.3766,1.3773
1764580440,1.3773,1.3777,1.376,1.3772
1764580500,1.3772,1.3778,1.3764,1.3765
1764580560,1.3765,1.3776,1.3756,1.3776
1764580620,1.3776,1.3786,1.3767,1.3774
1764580680,1.3774,1.3781,1.3768,1.3779
1764580740,1.3779,1.3779,1.3771,1.3773
1764580800,1.3773,1.3777,1.3757,1.3768
1764580860,1.3768,1.3784,1.3768,1.3784
1764580920,1.3784,1.3799,1.3784,1.3796
1764580980,1.3796,1.3804,1.3784,1.3803
1764581040,1.3803,1.3805,1.379,1.3794
1764581100,1.3794,1.3795,1.3782,1.3786
1764581160,1.3786,1.3786,1.3759,1.3761
1764581220,1.3761,1.3792,1.3761,1.3792
1764581280,1.3792,1.3804,1.3791,1.3795
1764581340,1.3795,1.3798,1.3783,1.3787
1764581400,1.3787,1.379,1.378,1.3783
1764581460,1.3783,1.3791,1.3773,1.3775
1764581520,1.3775,1.3786,1.3775,1.3786
1764581580,1.3786,1.3786,1.3772,1.3779
1764581640,1.3779,1.3787,1.3779,1.3782
1764581700,1.3782,1.3782,1.3772,1.3774
1764581760,1.3774,1.3788,1.3773,1.378
1764581820,1.378,1.378,1.3765,1.3772
1764581880,1.3772,1.3778,1.3762,1.3763
1764581940,1.3763,1.3763,1.3755,1.3759
1764582000,1.3759,1.3765,1.3759,1.3759
1764582060,1.3759,1.3763,1.3756,1.376
1764582120,1.376,1.3761,1.3753,1.3755
1764582180,1.3755,1.376,1.3755,1.376
1764582240,1.376,1.3774,1.3759,1.3769
1764582300,1.3769,1.3778,1.3764,1.3777
1764582360,1.3777,1.3778,1.376,1.376
1764582420,1.376,1.3773,1.3746,1.3763
1764582480,1.3763,1.3763,1.3737,1.3737
1764582540,1.3737,1.3737,1.3717,1.373
1764582600,1.373,1.3739,1.3729,1.3729
1764582660,1.3729,1.3738,1.3728,1.3736
1764582720,1.3736,1.3737,1.3725,1.3731
1764582780,1.3731,1.3737,1.3731,1.3736
1764582840,1.3736,1.3739,1.3728,1.3728
1764582900,1.3728,1.3731,1.3725,1.373
1764582960,1.373,1.3731,1.3726,1.3731
1764583020,1.3731,1.3732,1.3727,1.3728
1764583080,1.3728,1.3729,1.3724,1.3728
1764583140,1.3728,1.3739,1.3728,1.3732
1764583200,1.3732,1.374,1.3732,1.3739
1764583260,1.3739,1.3751,1.3739,1.3751
1764583320,1.3751,1.376,1.3749,1.3757
1764583380,1.3757,1.3769,1.3755,1.3759
1764583440,1.3759,1.3759,1.3745,1.3748
1764583500,1.3748,1.3765,1.3745,1.3765
1764583560,1.3765,1.3767,1.3755,1.3755
1764583620,1.3755,1.3758,1.3752,1.3758
1764583680,1.3758,1.3765,1.3757,1.3761
1764583740,1.3761,1.3762,1.3741,1.3753
1764583800,1.3753,1.376,1.3753,1.376
1764583860,1.376,1.3762,1.3744,1.3744
1764583920,1.3744,1.3747,1.3743,1.3746
1764583980,1.3746,1.3747,1.3739,1.3747
1764584040,1.3747,1.375,1.3738,1.3738
1764584100,1.3738,1.3743,1.3735,1.3738
1764584160,1.3738,1.3739,1.3731,1.3739
1764584220,1.3739,1.3744,1.3735,1.3737
1764584280,1.3737,1.3749,1.3732,1.3745
1764584340,1.3745,1.3746,1.3736,1.3741
1764584400,1.3741,1.3742,1.3733,1.3738
1764584460,1.3738,1.3738,1.3734,1.3736
1764584520,1.3736,1.3738,1.3733,1.3738
1764584580,1.3738,1.3751,1.3738,1.3743
1764584640,1.3743,1.3745,1.3741,1.3745
1764584700,1.3745,1.3751,1.3744,1.3751
1764584760,1.3751,1.3752,1.3741,1.3741
1764584820,1.3741,1.3746,1.374,1.3741
1764584880,1.3741,1.3751,1.3736,1.375
1764584940,1.375,1.3751,1.3746,1.3746
1764585000,1.3746,1.3747,1.3736,1.3743
1764585060,1.3743,1.3754,1.3743,1.3754
1764585120,1.3754,1.3763,1.3754,1.3757
1764585180,1.3757,1.3757,1.3741,1.3742
1764585240,1.3742,1.3749,1.3729,1.3749
1764585300,1.3749,1.375,1.3728,1.3741
1764585360,1.3741,1.3743,1.3731,1.3731
1764585420,1.3731,1.3739,1.3731,1.3737
1764585480,1.3737,1.3739,1.3733,1.3736
1764585540,1.3736,1.3736,1.3725,1.3733
1764585600,1.3733,1.3736,1.3727,1.3729
1764585660,1.3729,1.3736,1.3726,1.3735
1764585720,1.3735,1.3735,1.3731,1.3733
1764585780,1.3733,1.3733,1.3724,1.3726
1764585840,1.3726,1.3728,1.3723,1.3726
1764585900,1.3726,1.3737,1.3726,1.3727
1764585960,1.3727,1.3737,1.3726,1.3734
1764586020,1.3734,1.3736,1.3731,1.3734
1764586080,1.3734,1.3734,1.3726,1.3728
1764586140,1.3728,1.3728,1.3726,1.3728
1764586200,1.3728,1.3732,1.3727,1.3731
1764586260,1.3731,1.3731,1.3728,1.3728
1764586320,1.3728,1.3728,1.3724,1.3725
1764586380,1.3725,1.3729,1.3725,1.3729
1764586440,1.3729,1.373,1.3727,1.3727
1764586500,1.3727,1.373,1.3705,1.3705
1764586560,1.3705,1.3707,1.3691,1.3697
1764586620,1.3697,1.3701,1.3681,1.3693
1764586680,1.3693,1.3698,1.3687,1.3698
1764586740,1.3698,1.37,1.3687,1.3692
1764586800,1.3692,1.3692,1.3684,1.3684
1764586860,1.3684,1.3698,1.3683,1.3695
1764586920,1.3695,1.3695,1.3683,1.3684
1764586980,1.3684,1.3685,1.3673,1.3679
1764587040,1.3679,1.3679,1.364,1.3644
1764587100,1.3644,1.3651,1.3637,1.3637
1764587160,1.3637,1.3638,1.3603,1.3626
1764587220,1.3626,1.3627,1.362,1.3626
1764587280,1.3626,1.3638,1.3625,1.3638
1764587340,1.3638,1.364,1.3627,1.363
1764587400,1.363,1.3635,1.3628,1.3628
1764587460,1.3628,1.3628,1.3603,1.361
1764587520,1.361,1.3614,1.3609,1.361
1764587580,1.361,1.3614,1.3608,1.3612
1764587640,1.3612,1.362,1.3612,1.3614
1764587700,1.3614,1.3619,1.3613,1.3619
1764587760,1.3619,1.3639,1.3616,1.3631
1764587820,1.3631,1.3636,1.3616,1.3626
1764587880,1.3626,1.3633,1.3626,1.3629
1764587940,1.3629,1.3648,1.3629,1.3645
1764588000,1.3645,1.3647,1.3626,1.3627
1764588060,1.3627,1.3636,1.3627,1.3628
1764588120,1.3628,1.3628,1.3613,1.3618
1764588180,1.3618,1.3628,1.3618,1.3628
1764588240,1.3628,1.3629,1.3623,1.3628
1764588300,1.3628,1.365,1.362,1.3642
1764588360,1.3642,1.3642,1.3617,1.3626
1764588420,1.3626,1.3629,1.3624,1.3629
1764588480,1.3629,1.3629,1.3625,1.3627
1764588540,1.3627,1.3632,1.362,1.362
1764588600,1.362,1.3622,1.3493,1.3517
1764588660,1.3517,1.3521,1.351,1.3515
1764588720,1.3515,1.3525,1.351,1.3523
1764588780,1.3523,1.3541,1.3521,1.3536
1764588840,1.3536,1.355,1.3533,1.3542
1764588900,1.3542,1.3547,1.3534,1.354
1764588960,1.354,1.3543,1.3531,1.3542
1764589020,1.3542,1.3547,1.3536,1.3536
1764589080,1.3536,1.3536,1.3524,1.3533
1764589140,1.3533,1.3533,1.3516,1.3527
1764589200,1.3527,1.353,1.3514,1.3517
1764589260,1.3517,1.3519,1.3495,1.3496
1764589320,1.3496,1.3497,1.3489,1.3494
1764589380,1.3494,1.3509,1.3493,1.3509
1764589440,1.3509,1.3518,1.3501,1.3508
1764589500,1.3508,1.352,1.3504,1.3516
1764589560,1.3516,1.3517,1.3505,1.3507
1764589620,1.3507,1.3508,1.3494,1.3497
1764589680,1.3497,1.3501,1.3493,1.3498
1764589740,1.3498,1.3511,1.3497,1.3505
1764589800,1.3505,1.3514,1.3499,1.3508
1764589860,1.3508,1.3512,1.3495,1.3495
1764589920,1.3495,1.3501,1.3476,1.3481
1764589980,1.3481,1.351,1.3475,1.3502
1764590040,1.3502,1.3503,1.3478,1.3487
1764590100,1.3487,1.3487,1.3467,1.3479
1764590160,1.3479,1.3488,1.3473,1.3482
1764590220,1.3482,1.3488,1.3482,1.3482
1764590280,1.3482,1.3503,1.3482,1.3494
1764590340,1.3494,1.3502,1.3494,1.3497
1764590400,1.3497,1.3511,1.3482,1.3488
1764590460,1.3488,1.3494,1.3485,1.3491
1764590520,1.3491,1.3509,1.3478,1.3482
1764590580,1.3482,1.3496,1.3481,1.3495
1764590640,1.3495,1.3516,1.3495,1.3495
1764590700,1.3495,1.3497,1.3459,1.349
1764590760,1.349,1.3495,1.3481,1.3488
1764590820,1.3488,1.3499,1.3485,1.3488
1764590880,1.3488,1.3511,1.3483,1.3501
1764590940,1.3501,1.3516,1.3493,1.3499
1764591000,1.3499,1.3507,1.3492,1.3506
1764591060,1.3506,1.3506,1.3486,1.35
1764591120,1.35,1.3501,1.3491,1.3501
1764591180,1.3501,1.3504,1.3492,1.3492
1764591240,1.3492,1.3496,1.3486,1.3494
1764591300,1.3494,1.3498,1.3484,1.3487
1764591360,1.3487,1.3489,1.3463,1.3475
1764591420,1.3475,1.3475,1.3463,1.3466
1764591480,1.3466,1.3474,1.3443,1.3451
1764591540,1.3451,1.3468,1.3451,1.3461
1764591600,1.3461,1.3467,1.3446,1.3454
1764591660,1.3454,1.3496,1.3454,1.3478
1764591720,1.3478,1.3486,1.3475,1.3484
1764591780,1.3484,1.3503,1.3484,1.35
1764591840,1.35,1.3506,1.3497,1.3506
1764591900,1.3506,1.3511,1.3501,1.3507
1764591960,1.3507,1.351,1.349,1.349
1764592020,1.349,1.349,1.3466,1.3471
1764592080,1.3471,1.3483,1.3471,1.348
1764592140,1.348,1.3481,1.3469,1.3481
1764592200,1.3481,1.349,1.3469,1.3473
1764592260,1.3473,1.3477,1.3462,1.3466
1764592320,1.3466,1.348,1.3463,1.3463
1764592380,1.3463,1.3468,1.3437,1.3441
1764592440,1.3441,1.3449,1.3439,1.3442
1764592500,1.3442,1.3458,1.3441,1.3458
1764592560,1.3458,1.3482,1.3456,1.3473
1764592620,1.3473,1.3482,1.345,1.345
1764592680,1.345,1.3465,1.3447,1.3462
1764592740,1.3462,1.3462,1.3419,1.3419
1764592800,1.3419,1.3424,1.34,1.3407
1764592860,1.3407,1.3425,1.3404,1.342
1764592920,1.342,1.3428,1.3396,1.3402
1764592980,1.3402,1.3411,1.3394,1.3405
1764593040,1.3405,1.3422,1.3405,1.3418
1764593100,1.3418,1.3423,1.3408,1.3409
1764593160,1.3409,1.3409,1.3367,1.3378
1764593220,1.3378,1.3395,1.3342,1.3362
1764593280,1.3362,1.3369,1.3305,1.3337
1764593340,1.3337,1.3342,1.3283,1.331
1764593400,1.331,1.3392,1.3298,1.3381
1764593460,1.3381,1.3477,1.338,1.3462
1764593520,1.3462,1.3488,1.3462,1.3467
1764593580,1.3467,1.3515,1.3465,1.3493
1764593640,1.3493,1.3532,1.3492,1.35
1764593700,1.35,1.35,1.3456,1.3456
1764593760,1.3456,1.3486,1.3454,1.3473
1764593820,1.3473,1.3518,1.3473,1.3514
1764593880,1.3514,1.3531,1.3512,1.3525
1764593940,1.3525,1.3535,1.35,1.3505
1764594000,1.3505,1.3505,1.3466,1.3468
1764594060,1.3468,1.3526,1.3457,1.3488
1764594120,1.3488,1.3555,1.348,1.3539
1764594180,1.3539,1.3632,1.3522,1.3615
1764594240,1.3615,1.3635,1.3564,1.3565
1764594300,1.3565,1.3575,1.3531,1.354
1764594360,1.354,1.354,1.3497,1.3506
1764594420,1.3506,1.3534,1.3506,1.3522
1764594480,1.3522,1.3536,1.351,1.3525
1764594540,1.3525,1.3538,1.3517,1.3524
1764594600,1.3524,1.3524,1.3499,1.35
1764594660,1.35,1.3525,1.3491,1.3497
1764594720,1.3497,1.3513,1.3497,1.3506
1764594780,1.3506,1.3522,1.3498,1.3512
1764594840,1.3512,1.3533,1.3511,1.3533
1764594900,1.3533,1.3553,1.3528,1.3541
1764594960,1.3541,1.3541,1.3513,1.3523
1764595020,1.3523,1.3523,1.3483,1.3501
1764595080,1.3501,1.3512,1.3497,1.35
1764595140,1.35,1.35,1.3474,1.3486
1764595200,1.3486,1.3507,1.3486,1.3503
1764595260,1.3503,1.3508,1.3475,1.3481
1764595320,1.3481,1.35,1.3481,1.3492
1764595380,1.3492,1.3505,1.3482,1.3496
1764595440,1.3496,1.3496,1.3477,1.3482
1764595500,1.3482,1.3491,1.3476,1.3478
1764595560,1.3478,1.35,1.3469,1.35
1764595620,1.35,1.3516,1.3491,1.3506
1764595680,1.3506,1.3506,1.3494,1.3494
1764595740,1.3494,1.3498,1.3492,1.3492
1764595800,1.3492,1.3493,1.3469,1.3477
1764595860,1.3477,1.3483,1.3453,1.3458
1764595920,1.3458,1.3462,1.3419,1.342
1764595980,1.342,1.3437,1.3417,1.3427
1764596040,1.3427,1.344,1.3407,1.341
1764596100,1.341,1.3427,1.3389,1.3427
1764596160,1.3427,1.3455,1.3422,1.3453
1764596220,1.3453,1.3463,1.3434,1.3452
1764596280,1.3452,1.3453,1.3433,1.3436
1764596340,1.3436,1.3451,1.3428,1.3428
1764596400,1.3428,1.3429,1.3413,1.3416
1764596460,1.3416,1.3436,1.3416,1.3429
1764596520,1.3429,1.3435,1.3412,1.3416
1764596580,1.3416,1.3429,1.3398,1.3424
1764596640,1.3424,1.3431,1.3407,1.3409
1764596700,1.3409,1.343,1.3409,1.3424
1764596760,1.3424,1.3427,1.3402,1.342
1764596820,1.342,1.3421,1.3405,1.342
1764596880,1.342,1.3423,1.3404,1.3412
1764596940,1.3412,1.3417,1.341,1.3416
1764597000,1.3416,1.3419,1.3396,1.3419
1764597060,1.3419,1.3437,1.3408,1.3437
1764597120,1.3437,1.3441,1.3417,1.3419
1764597180,1.3419,1.344,1.3419,1.344
1764597240,1.344,1.3448,1.3437,1.3446
1764597300,1.3446,1.3448,1.3409,1.3415
1764597360,1.3415,1.3425,1.3412,1.3422
1764597420,1.3422,1.3427,1.3418,1.3424
1764597480,1.3424,1.3444,1.3424,1.3435
1764597540,1.3435,1.3436,1.3422,1.3424
1764597600,1.3424,1.3431,1.3418,1.3419
1764597660,1.3419,1.3434,1.3419,1.3427
1764597720,1.3427,1.3439,1.3411,1.3435
1764597780,1.3435,1.3462,1.3435,1.3448
1764597840,1.3448,1.3503,1.3448,1.3498
1764597900,1.3498,1.35,1.3444,1.3444
1764597960,1.3444,1.3457,1.3439,1.3441
1764598020,1.3441,1.3445,1.3421,1.3421
1764598080,1.3421,1.3428,1.3415,1.3424
1764598140,1.3424,1.3466,1.3424,1.3461
1764598200,1.3461,1.3487,1.3452,1.3484
1764598260,1.3484,1.3484,1.3451,1.3464
1764598320,1.3464,1.349,1.3462,1.348
1764598380,1.348,1.3485,1.3459,1.3459
1764598440,1.3459,1.3459,1.3428,1.3428
1764598500,1.3428,1.3428,1.3367,1.3375
1764598560,1.3375,1.3382,1.3357,1.3372
1764598620,1.3372,1.3379,1.3364,1.3367
1764598680,1.3367,1.3381,1.3366,1.3376
1764598740,1.3376,1.3412,1.3368,1.3412
1764598800,1.3412,1.3416,1.3401,1.3402
1764598860,1.3402,1.3409,1.3395,1.3404
1764598920,1.3404,1.3421,1.3402,1.3415
1764598980,1.3415,1.3421,1.3404,1.3404
1764599040,1.3404,1.3404,1.3393,1.3397
1764599100,1.3397,1.3402,1.3386,1.3394
1764599160,1.3394,1.3395,1.3383,1.3394
1764599220,1.3394,1.3427,1.3393,1.3416
1764599280,1.3416,1.3452,1.3416,1.3444
1764599340,1.3444,1.3447,1.3438,1.3438
1764599400,1.3438,1.3442,1.3415,1.3441
1764599460,1.3441,1.3444,1.3367,1.3374
1764599520,1.3374,1.3425,1.3359,1.3422
1764599580,1.3422,1.3457,1.3408,1.3454
1764599640,1.3454,1.3476,1.3437,1.3467
1764599700,1.3467,1.3511,1.3467,1.3486
1764599760,1.3486,1.3542,1.3482,1.3539
1764599820,1.3539,1.3571,1.3532,1.3546
1764599880,1.3546,1.3546,1.3513,1.3514
1764599940,1.3514,1.3514,1.3484,1.3486
1764600000,1.3486,1.3497,1.3466,1.3469
1764600060,1.3469,1.3469,1.3426,1.3456
1764600120,1.3456,1.3456,1.3432,1.3444
1764600180,1.3444,1.3453,1.3403,1.3417
1764600240,1.3417,1.3443,1.3415,1.3418
1764600300,1.3418,1.3424,1.339,1.3419
1764600360,1.3419,1.3462,1.3419,1.3456
1764600420,1.3456,1.3467,1.3441,1.3448
1764600480,1.3448,1.3454,1.3399,1.3401
1764600540,1.3401,1.3414,1.339,1.3396
1764600600,1.3396,1.3416,1.3387,1.3413
1764600660,1.3413,1.3438,1.3413,1.3438
1764600720,1.3438,1.3448,1.3419,1.3431
1764600780,1.3431,1.3435,1.3407,1.3407
1764600840,1.3407,1.3424,1.3406,1.3415
1764600900,1.3415,1.3458,1.3415,1.3458
1764600960,1.3458,1.3487,1.3458,1.3475
1764601020,1.3475,1.3475,1.3409,1.3419
1764601080,1.3419,1.3425,1.3402,1.3417
1764601140,1.3417,1.342,1.3381,1.3385
1764601200,1.3385,1.3405,1.3352,1.3379
1764601260,1.3379,1.3387,1.3353,1.3363
1764601320,1.3363,1.3375,1.3342,1.3366
1764601380,1.3366,1.3366,1.3327,1.333
1764601440,1.333,1.3334,1.3314,1.3321
1764601500,1.3321,1.3335,1.3298,1.3326
1764601560,1.3326,1.334,1.3323,1.3335
1764601620,1.3335,1.3345,1.3332,1.3333
1764601680,1.3333,1.3353,1.3332,1.3342
1764601740,1.3342,1.3345,1.3329,1.3337
1764601800,1.3337,1.3346,1.332,1.3329
1764601860,1.3329,1.3345,1.3311,1.3311
1764601920,1.3311,1.335,1.3311,1.3349
1764601980,1.3349,1.3363,1.3331,1.3337
1764602040,1.3337,1.3337,1.3247,1.3269
1764602100,1.3269,1.3299,1.3246,1.3246
1764602160,1.3246,1.3343,1.3233,1.3329
1764602220,1.3329,1.3344,1.3323,1.3344
1764602280,1.3344,1.3347,1.3328,1.3344
1764602340,1.3344,1.3344,1.3319,1.3328
1764602400,1.3328,1.3337,1.3314,1.3323
1764602460,1.3323,1.3343,1.3301,1.3332
1764602520,1.3332,1.3342,1.3321,1.3327
1764602580,1.3327,1.3333,1.3309,1.3312
1764602640,1.3312,1.3328,1.3301,1.3308
1764602700,1.3308,1.3316,1.3273,1.3277
1764602760,1.3277,1.3284,1.3261,1.3277
1764602820,1.3277,1.3279,1.3249,1.3269
1764602880,1.3269,1.3279,1.3252,1.3252
1764602940,1.3252,1.3257,1.3245,1.3248
1764603000,1.3248,1.325,1.3215,1.3222
1764603060,1.3222,1.3254,1.3204,1.3221
1764603120,1.3221,1.3222,1.3184,1.3211
1764603180,1.3211,1.322,1.3183,1.3183
1764603240,1.3183,1.319,1.3021,1.3104
1764603300,1.3104,1.3169,1.3088,1.312
1764603360,1.312,1.3192,1.312,1.3163
1764603420,1.3163,1.3171,1.3136,1.3151
1764603480,1.3151,1.3202,1.3151,1.3178
1764603540,1.3178,1.32,1.3168,1.3178
1764603600,1.3178,1.3186,1.3159,1.3166
1764603660,1.3166,1.3192,1.3156,1.3185
1764603720,1.3185,1.3193,1.3163,1.3181
1764603780,1.3181,1.3198,1.314,1.3153
1764603840,1.3153,1.316,1.3129,1.3142
1764603900,1.3142,1.3153,1.311,1.3135
1764603960,1.3135,1.3183,1.3128,1.315
1764604020,1.315,1.3166,1.311,1.3166
1764604080,1.3166,1.3194,1.3156,1.319
1764604140,1.319,1.3207,1.3167,1.3203
1764604200,1.3203,1.3285,1.3203,1.3246
1764604260,1.3246,1.3299,1.3246,1.3296
1764604320,1.3296,1.3369,1.3296,1.3369
1764604380,1.3369,1.3372,1.3343,1.3352
1764604440,1.3352,1.337,1.3316,1.3319
1764604500,1.3319,1.3319,1.3294,1.3299
1764604560,1.3299,1.3325,1.3299,1.3301
1764604620,1.3301,1.3311,1.3281,1.3309
1764604680,1.3309,1.3319,1.328,1.328
1764604740,1.328,1.3286,1.3258,1.3283
1764604800,1.3283,1.329,1.3249,1.3269
1764604860,1.3269,1.3282,1.3242,1.3253
1764604920,1.3253,1.3263,1.3236,1.324
1764604980,1.324,1.3265,1.3239,1.3245
1764605040,1.3245,1.3256,1.3236,1.3245
1764605100,1.3245,1.3259,1.3238,1.3252
1764605160,1.3252,1.3254,1.3197,1.3205
1764605220,1.3205,1.3206,1.3177,1.3179
1764605280,1.3179,1.3185,1.3164,1.3182
1764605340,1.3182,1.3192,1.3164,1.3173
1764605400,1.3173,1.3196,1.3166,1.3185
1764605460,1.3185,1.3204,1.3185,1.319
1764605520,1.319,1.3218,1.3189,1.3213
1764605580,1.3213,1.3217,1.3199,1.3214
1764605640,1.3214,1.3238,1.3207,1.3238
1764605700,1.3238,1.3248,1.3219,1.3226
1764605760,1.3226,1.3231,1.3214,1.322
1764605820,1.322,1.326,1.3213,1.3256
1764605880,1.3256,1.3259,1.323,1.3254
1764605940,1.3254,1.3255,1.3206,1.321
1764606000,1.321,1.3223,1.3198,1.3213
1764606060,1.3213,1.3234,1.3211,1.3217
1764606120,1.3217,1.3225,1.3193,1.3195
1764606180,1.3195,1.3212,1.3165,1.3182
1764606240,1.3182,1.3185,1.3153,1.3163
1764606300,1.3163,1.3199,1.3162,1.3186
1764606360,1.3186,1.3192,1.3166,1.3174
1764606420,1.3174,1.32,1.3171,1.3188
1764606480,1.3188,1.3188,1.3137,1.3154
1764606540,1.3154,1.3155,1.314,1.3145
1764606600,1.3145,1.3164,1.313,1.3143
1764606660,1.3143,1.3188,1.3143,1.3151
1764606720,1.3151,1.3175,1.3151,1.3167
1764606780,1.3167,1.3178,1.3156,1.3165
1764606840,1.3165,1.3173,1.3141,1.3173
1764606900,1.3173,1.3173,1.3143,1.3157
1764606960,1.3157,1.3163,1.3094,1.3124
1764607020,1.3124,1.3234,1.3121,1.3232
1764607080,1.3232,1.3245,1.3177,1.3203
1764607140,1.3203,1.3265,1.3192,1.3241
1764607200,1.3241,1.3261,1.322,1.3235
1764607260,1.3235,1.3237,1.3192,1.3203
1764607320,1.3203,1.3228,1.32,1.3223
1764607380,1.3223,1.3239,1.3204,1.3205
1764607440,1.3205,1.3206,1.3183,1.3188
1764607500,1.3188,1.3201,1.3186,1.3188
1764607560,1.3188,1.3188,1.3174,1.3186
1764607620,1.3186,1.32,1.3181,1.3184
1764607680,1.3184,1.3184,1.3164,1.3172
1764607740,1.3172,1.3172,1.3144,1.3151
1764607800,1.3151,1.3151,1.3114,1.3134
1764607860,1.3134,1.3146,1.3127,1.3128
1764607920,1.3128,1.3139,1.3127,1.3135
1764607980,1.3135,1.3139,1.3126,1.3131
1764608040,1.3131,1.3132,1.3122,1.3125
1764608100,1.3125,1.3132,1.3111,1.3114
1764608160,1.3114,1.3114,1.3077,1.3097
1764608220,1.3097,1.3105,1.3091,1.3104
1764608280,1.3104,1.3115,1.3102,1.3111
1764608340,1.3111,1.3126,1.311,1.3126
1764608400,1.3126,1.3138,1.3118,1.313
1764608460,1.313,1.3192,1.313,1.3188
1764608520,1.3188,1.319,1.316,1.3171
1764608580,1.3171,1.3197,1.3171,1.3193
1764608640,1.3193,1.3214,1.3184,1.3211
1764608700,1.3211,1.3225,1.3198,1.3202
1764608760,1.3202,1.3215,1.3202,1.3213
1764608820,1.3213,1.3232,1.3209,1.3226
1764608880,1.3226,1.3227,1.3198,1.3221
1764608940,1.3221,1.3221,1.3177,1.3177
1764609000,1.3177,1.3192,1.3176,1.3181
1764609060,1.3181,1.3208,1.3179,1.3208
1764609120,1.3208,1.3225,1.3208,1.3212
1764609180,1.3212,1.3214,1.3186,1.3187
1764609240,1.3187,1.3192,1.318,1.3185
1764609300,1.3185,1.3185,1.3139,1.315
1764609360,1.315,1.3176,1.3139,1.3176
1764609420,1.3176,1.3185,1.3163,1.3163
1764609480,1.3163,1.3175,1.314,1.314
1764609540,1.314,1.3154,1.3136,1.3147
1764609600,1.3147,1.3149,1.3131,1.3133
1764609660,1.3133,1.3152,1.3133,1.3143
1764609720,1.3143,1.3148,1.3132,1.3141
1764609780,1.3141,1.3141,1.3119,1.3119
1764609840,1.3119,1.3128,1.3116,1.3127
1764609900,1.3127,1.3131,1.3114,1.3123
1764609960,1.3123,1.3137,1.3122,1.3132
1764610020,1.3132,1.3138,1.3124,1.3128
1764610080,1.3128,1.3148,1.3128,1.3142
1764610140,1.3142,1.3149,1.3131,1.3133
1764610200,1.3133,1.3136,1.3117,1.3117
1764610260,1.3117,1.3117,1.3097,1.3103
1764610320,1.3103,1.3113,1.3096,1.3101
1764610380,1.3101,1.3101,1.3067,1.3087
1764610440,1.3087,1.3087,1.3062,1.3063
1764610500,1.3063,1.3126,1.3063,1.3124
1764610560,1.3124,1.3133,1.31,1.3106
1764610620,1.3106,1.3134,1.3105,1.3131
1764610680,1.3131,1.3131,1.3105,1.3109
1764610740,1.3109,1.3118,1.3105,1.3118
1764610800,1.3118,1.3138,1.3118,1.3125
1764610860,1.3125,1.3139,1.3117,1.3122
1764610920,1.3122,1.3135,1.3113,1.3132
1764610980,1.3132,1.3156,1.313,1.3156
1764611040,1.3156,1.3169,1.3152,1.3168
1764611100,1.3168,1.3205,1.3168,1.3205
1764611160,1.3205,1.3209,1.3181,1.3199
1764611220,1.3199,1.3199,1.3142,1.315
1764611280,1.315,1.3156,1.3144,1.315
1764611340,1.315,1.3174,1.315,1.3158
1764611400,1.3158,1.3163,1.3137,1.3141
1764611460,1.3141,1.3153,1.3135,1.3149
1764611520,1.3149,1.3169,1.3142,1.3151
1764611580,1.3151,1.3168,1.3149,1.3152
1764611640,1.3152,1.317,1.3143,1.317
1764611700,1.317,1.3178,1.3139,1.3141
1764611760,1.3141,1.3159,1.3138,1.3143
1764611820,1.3143,1.3152,1.3138,1.3138
1764611880,1.3138,1.3147,1.3118,1.3118
1764611940,1.3118,1.3126,1.3109,1.3125
1764612000,1.3125,1.3147,1.3124,1.3144
1764612060,1.3144,1.317,1.3143,1.317
1764612120,1.317,1.3178,1.3164,1.3168
1764612180,1.3168,1.3177,1.3165,1.317
1764612240,1.317,1.3173,1.3157,1.3165
1764612300,1.3165,1.3172,1.3135,1.3135
1764612360,1.3135,1.3166,1.3132,1.3163
1764612420,1.3163,1.3202,1.3163,1.3198
1764612480,1.3198,1.3205,1.3162,1.3172
1764612540,1.3172,1.3176,1.3146,1.3159
1764612600,1.3159,1.3193,1.3159,1.3175
1764612660,1.3175,1.3199,1.3175,1.3199
1764612720,1.3199,1.3263,1.3198,1.3261
1764612780,1.3261,1.3269,1.322,1.324
1764612840,1.324,1.3263,1.3223,1.3242
1764612900,1.3242,1.3258,1.3229,1.3249
1764612960,1.3249,1.3249,1.321,1.3211
1764613020,1.3211,1.3237,1.3206,1.3229
1764613080,1.3229,1.3233,1.3212,1.3233
1764613140,1.3233,1.324,1.3214,1.3239
1764613200,1.3239,1.3252,1.3208,1.3219
1764613260,1.3219,1.3222,1.3189,1.3198
1764613320,1.3198,1.322,1.3198,1.3205
1764613380,1.3205,1.3205,1.3178,1.3205
1764613440,1.3205,1.3207,1.3188,1.3207
1764613500,1.3207,1.3215,1.319,1.319
1764613560,1.319,1.3207,1.3176,1.3177
1764613620,1.3177,1.3178,1.3166,1.3177
1764613680,1.3177,1.3192,1.3177,1.318
1764613740,1.318,1.3186,1.3175,1.3186
1764613800,1.3186,1.3195,1.318,1.3182
1764613860,1.3182,1.3184,1.3153,1.3172
1764613920,1.3172,1.3189,1.3172,1.3189
1764613980,1.3189,1.3202,1.3184,1.3202
1764614040,1.3202,1.3207,1.3189,1.3189
1764614100,1.3189,1.3202,1.3189,1.3192
1764614160,1.3192,1.3195,1.3171,1.318
1764614220,1.318,1.3182,1.3161,1.3172
1764614280,1.3172,1.3188,1.3171,1.3188
1764614340,1.3188,1.3195,1.3171,1.3174
1764614400,1.3174,1.3176,1.3165,1.317
1764614460,1.317,1.3176,1.3165,1.3175
1764614520,1.3175,1.318,1.3152,1.3153
1764614580,1.3153,1.3163,1.3152,1.3152
1764614640,1.3152,1.3159,1.3149,1.3159
1764614700,1.3159,1.3159,1.314,1.3153
1764614760,1.3153,1.3158,1.3143,1.3149
1764614820,1.3149,1.3173,1.3149,1.317
1764614880,1.317,1.3182,1.3164,1.3164
1764614940,1.3164,1.3167,1.3151,1.3155
1764615000,1.3155,1.3173,1.3155,1.3169
1764615060,1.3169,1.3178,1.3165,1.3178
1764615120,1.3178,1.3181,1.3171,1.3174
1764615180,1.3174,1.3183,1.3163,1.3183
1764615240,1.3183,1.3209,1.3182,1.3209
1764615300,1.3209,1.3228,1.3199,1.3218
1764615360,1.3218,1.3222,1.3203,1.3222
1764615420,1.3222,1.3266,1.3222,1.3262
1764615480,1.3262,1.3274,1.3236,1.3238
1764615540,1.3238,1.3257,1.3238,1.3248
1764615600,1.3248,1.3259,1.324,1.3244
1764615660,1.3244,1.3252,1.323,1.3238
1764615720,1.3238,1.3238,1.3226,1.323
1764615780,1.323,1.3248,1.323,1.3244
1764615840,1.3244,1.3246,1.3221,1.3232
1764615900,1.3232,1.3232,1.3222,1.3222
1764615960,1.3222,1.3228,1.3213,1.3223
1764616020,1.3223,1.3224,1.3193,1.3194
1764616080,1.3194,1.3197,1.3179,1.3182
1764616140,1.3182,1.3215,1.3175,1.3215
1764616200,1.3215,1.3232,1.3212,1.3222
1764616260,1.3222,1.3227,1.3216,1.3225
1764616320,1.3225,1.3229,1.3213,1.3218
1764616380,1.3218,1.3219,1.3204,1.3219
1764616440,1.3219,1.322,1.321,1.3217
1764616500,1.3217,1.3221,1.3212,1.3219
1764616560,1.3219,1.322,1.3198,1.3216
1764616620,1.3216,1.3223,1.3209,1.3213
1764616680,1.3213,1.3225,1.3195,1.3201
1764616740,1.3201,1.3202,1.3183,1.3183
1764616800,1.3183,1.3184,1.3173,1.3177
1764616860,1.3177,1.3179,1.3162,1.3179
1764616920,1.3179,1.3183,1.3164,1.3166
1764616980,1.3166,1.3186,1.3163,1.3178
1764617040,1.3178,1.3178,1.3171,1.3175
1764617100,1.3175,1.3175,1.3146,1.3146
1764617160,1.3146,1.3147,1.3125,1.3125
1764617220,1.3125,1.3152,1.3125,1.3151
1764617280,1.3151,1.3152,1.3136,1.3146
1764617340,1.3146,1.3148,1.3142,1.3145
1764617400,1.3145,1.3145,1.3135,1.3138
1764617460,1.3138,1.3166,1.3138,1.3155
1764617520,1.3155,1.3155,1.3145,1.3146
1764617580,1.3146,1.3146,1.3132,1.3145
1764617640,1.3145,1.315,1.314,1.3143
1764617700,1.3143,1.3167,1.3136,1.3165
1764617760,1.3165,1.32,1.3165,1.32
1764617820,1.32,1.3205,1.3187,1.3189
1764617880,1.3189,1.3189,1.3154,1.3154
1764617940,1.3154,1.316,1.3142,1.316
1764618000,1.316,1.3163,1.3148,1.3148
1764618060,1.3148,1.315,1.3141,1.3143
1764618120,1.3143,1.3153,1.3138,1.3138
1764618180,1.3138,1.314,1.313,1.314
1764618240,1.314,1.3141,1.3134,1.3134
1764618300,1.3134,1.315,1.3134,1.3149
1764618360,1.3149,1.3155,1.3141,1.3155
1764618420,1.3155,1.3168,1.3145,1.316
1764618480,1.316,1.3167,1.316,1.3165
1764618540,1.3165,1.3176,1.3163,1.3175
1764618600,1.3175,1.3187,1.3175,1.3183
1764618660,1.3183,1.3183,1.3155,1.3157
1764618720,1.3157,1.3162,1.3149,1.3149
1764618780,1.3149,1.3159,1.3149,1.3157
1764618840,1.3157,1.317,1.3157,1.3163
1764618900,1.3163,1.3169,1.3149,1.3165
1764618960,1.3165,1.3174,1.3165,1.3168
1764619020,1.3168,1.3171,1.3164,1.3165
1764619080,1.3165,1.3177,1.3165,1.3177
1764619140,1.3177,1.3183,1.3151,1.3155
1764619200,1.3155,1.3183,1.3149,1.3183
1764619260,1.3183,1.3213,1.3182,1.3213
1764619320,1.3213,1.3222,1.3201,1.3216
1764619380,1.3216,1.3233,1.3214,1.3233
1764619440,1.3233,1.3247,1.3225,1.3239
1764619500,1.3239,1.3309,1.3238,1.3295
1764619560,1.3295,1.3302,1.3263,1.3263
1764619620,1.3263,1.3295,1.3263,1.3283
1764619680,1.3283,1.333,1.3283,1.3329
1764619740,1.3329,1.3335,1.3298,1.3303
1764619800,1.3303,1.3341,1.3295,1.3334
1764619860,1.3334,1.3335,1.3291,1.3291
1764619920,1.3291,1.3307,1.3277,1.3278
1764619980,1.3278,1.3278,1.3255,1.326
1764620040,1.326,1.3262,1.3252,1.3261
1764620100,1.3261,1.3261,1.3227,1.3246
1764620160,1.3246,1.3249,1.3231,1.3243
1764620220,1.3243,1.3252,1.3233,1.3248
1764620280,1.3248,1.3259,1.3246,1.3253
1764620340,1.3253,1.3272,1.3242,1.327
1764620400,1.327,1.327,1.3238,1.3248
1764620460,1.3248,1.3259,1.3227,1.3256
1764620520,1.3256,1.3256,1.3247,1.325
1764620580,1.325,1.3261,1.3245,1.3251
1764620640,1.3251,1.3264,1.3244,1.3255
1764620700,1.3255,1.3255,1.3233,1.3239
1764620760,1.3239,1.3249,1.3232,1.3239
1764620820,1.3239,1.324,1.3222,1.3232
1764620880,1.3232,1.324,1.3228,1.323
1764620940,1.323,1.3242,1.32,1.3217
1764621000,1.3217,1.3233,1.3207,1.3233
1764621060,1.3233,1.3238,1.3225,1.323
1764621120,1.323,1.3254,1.3223,1.3243
1764621180,1.3243,1.3252,1.3222,1.3227
1764621240,1.3227,1.3232,1.3219,1.3226
1764621300,1.3226,1.324,1.3223,1.323
1764621360,1.323,1.3244,1.322,1.3235
1764621420,1.3235,1.3256,1.323,1.3249
1764621480,1.3249,1.3269,1.3247,1.3248
1764621540,1.3248,1.3248,1.3228,1.3246
1764621600,1.3246,1.3247,1.3231,1.3244
1764621660,1.3244,1.3253,1.3235,1.3247
1764621720,1.3247,1.3247,1.3221,1.3224
1764621780,1.3224,1.325,1.3224,1.3246
1764621840,1.3246,1.3272,1.3246,1.3272
1764621900,1.3272,1.3276,1.3246,1.3262
1764621960,1.3262,1.3269,1.3251,1.3259
1764622020,1.3259,1.3269,1.3252,1.3269
1764622080,1.3269,1.3282,1.3266,1.3276
1764622140,1.3276,1.3282,1.3267,1.3268
1764622200,1.3268,1.3278,1.3268,1.3274
1764622260,1.3274,1.3281,1.3256,1.3263
1764622320,1.3263,1.3265,1.3252,1.3257
1764622380,1.3257,1.3266,1.3247,1.3258
1764622440,1.3258,1.3266,1.3256,1.3261
1764622500,1.3261,1.3267,1.3254,1.3267
1764622560,1.3267,1.3271,1.3249,1.326
1764622620,1.326,1.3267,1.3255,1.3265
1764622680,1.3265,1.3265,1.3247,1.325
1764622740,1.325,1.325,1.3216,1.3235
1764622800,1.3235,1.3248,1.3229,1.3248
1764622860,1.3248,1.3261,1.3236,1.325
1764622920,1.325,1.3263,1.3224,1.3225
1764622980,1.3225,1.3233,1.3221,1.3231
1764623040,1.3231,1.3244,1.3231,1.3244
1764623100,1.3244,1.3254,1.3244,1.3254
1764623160,1.3254,1.3279,1.3254,1.3279
1764623220,1.3279,1.329,1.3254,1.3275
1764623280,1.3275,1.3308,1.3275,1.3287
1764623340,1.3287,1.3313,1.3287,1.3309
1764623400,1.3309,1.3317,1.3291,1.3303
1764623460,1.3303,1.3307,1.3284,1.3285
1764623520,1.3285,1.3286,1.3255,1.3262
1764623580,1.3262,1.3262,1.325,1.3252
1764623640,1.3252,1.3255,1.3246,1.3246
1764623700,1.3246,1.3253,1.3237,1.3249
1764623760,1.3249,1.3265,1.3248,1.3265
1764623820,1.3265,1.3293,1.3265,1.3284
1764623880,1.3284,1.3314,1.3284,1.3311
1764623940,1.3311,1.3313,1.3273,1.3277
1764624000,1.3277,1.333,1.3277,1.3325
1764624060,1.3325,1.3389,1.3325,1.3389
1764624120,1.3389,1.3395,1.3363,1.3373
1764624180,1.3373,1.3377,1.3345,1.335
1764624240,1.335,1.3372,1.3347,1.3362
1764624300,1.3362,1.338,1.336,1.3372
1764624360,1.3372,1.3383,1.3361,1.3374
1764624420,1.3374,1.34,1.3368,1.3384
1764624480,1.3384,1.3395,1.337,1.3377
1764624540,1.3377,1.3384,1.3371,1.3373
1764624600,1.3373,1.3381,1.3368,1.338
1764624660,1.338,1.3393,1.3369,1.339
1764624720,1.339,1.341,1.3369,1.3404
1764624780,1.3404,1.3433,1.3402,1.3424
1764624840,1.3424,1.3447,1.342,1.3437
1764624900,1.3437,1.3445,1.3422,1.344
1764624960,1.344,1.3452,1.3428,1.3435
1764625020,1.3435,1.3436,1.3401,1.3405
1764625080,1.3405,1.3417,1.3398,1.3415
1764625140,1.3415,1.3435,1.3411,1.3433
1764625200,1.3433,1.3448,1.3425,1.3446
1764625260,1.3446,1.3456,1.3431,1.3445
1764625320,1.3445,1.346,1.3444,1.3458
1764625380,1.3458,1.3461,1.3429,1.3429
1764625440,1.3429,1.344,1.3423,1.3432
1764625500,1.3432,1.3432,1.3415,1.3423
1764625560,1.3423,1.3425,1.3393,1.3397
1764625620,1.3397,1.3419,1.3396,1.3404
1764625680,1.3404,1.3404,1.3387,1.3394
1764625740,1.3394,1.3415,1.3391,1.3414
1764625800,1.3414,1.3414,1.3399,1.3414
1764625860,1.3414,1.3425,1.3411,1.3422
1764625920,1.3422,1.3443,1.3422,1.3432
1764625980,1.3432,1.3432,1.3417,1.3431
1764626040,1.3431,1.3437,1.3406,1.3406
1764626100,1.3406,1.3411,1.3399,1.3402
1764626160,1.3402,1.3407,1.3387,1.3388
1764626220,1.3388,1.3418,1.3388,1.3407
1764626280,1.3407,1.3411,1.3402,1.3405
1764626340,1.3405,1.3418,1.3404,1.3415
1764626400,1.3415,1.344,1.3414,1.344
1764626460,1.344,1.348,1.3429,1.347
1764626520,1.347,1.3489,1.3465,1.3489
1764626580,1.3489,1.3498,1.3475,1.3498
1764626640,1.3498,1.3516,1.3489,1.3514
1764626700,1.3514,1.3529,1.3511,1.3521
1764626760,1.3521,1.353,1.3511,1.3514
1764626820,1.3514,1.3534,1.3514,1.3534
1764626880,1.3534,1.3553,1.3525,1.3548
1764626940,1.3548,1.357,1.3544,1.3553
1764627000,1.3553,1.3553,1.3525,1.3525
1764627060,1.3525,1.3528,1.3503,1.3508
1764627120,1.3508,1.3508,1.3496,1.3496
1764627180,1.3496,1.3504,1.347,1.347
1764627240,1.347,1.347,1.3424,1.3432
1764627300,1.3432,1.347,1.3432,1.3456
1764627360,1.3456,1.3458,1.3426,1.3427
1764627420,1.3427,1.3449,1.3427,1.3449
1764627480,1.3449,1.3451,1.3414,1.3415
1764627540,1.3415,1.3424,1.3411,1.342
1764627600,1.342,1.3434,1.3407,1.3434
1764627660,1.3434,1.3475,1.3424,1.3463
1764627720,1.3463,1.3463,1.3443,1.3443
1764627780,1.3443,1.3446,1.3438,1.3444
1764627840,1.3444,1.3452,1.3442,1.3445
1764627900,1.3445,1.3445,1.3413,1.3428
1764627960,1.3428,1.3428,1.3417,1.3428
1764628020,1.3428,1.346,1.3428,1.346
1764628080,1.346,1.3461,1.3445,1.3449
1764628140,1.3449,1.3457,1.3449,1.3452
1764628200,1.3452,1.3458,1.3412,1.3431
1764628260,1.3431,1.3455,1.343,1.3455
1764628320,1.3455,1.3456,1.3439,1.3439
1764628380,1.3439,1.3442,1.3417,1.3417
1764628440,1.3417,1.3418,1.3387,1.3387
1764628500,1.3387,1.34,1.3374,1.3396
1764628560,1.3396,1.3407,1.3395,1.3407
1764628620,1.3407,1.3428,1.3407,1.3428
1764628680,1.3428,1.3437,1.3398,1.3398
1764628740,1.3398,1.3412,1.3397,1.3412
1764628800,1.3412,1.3414,1.3386,1.3391
1764628860,1.3391,1.3434,1.3391,1.3429
1764628920,1.3429,1.3442,1.3421,1.3433
1764628980,1.3433,1.344,1.3429,1.3437
1764629040,1.3437,1.3438,1.3421,1.3422
1764629100,1.3422,1.346,1.3422,1.346
1764629160,1.346,1.3473,1.346,1.3473
1764629220,1.3473,1.3477,1.346,1.3462
1764629280,1.3462,1.3463,1.3439,1.3439
1764629340,1.3439,1.3458,1.3434,1.3458
1764629400,1.3458,1.3461,1.3454,1.3454
1764629460,1.3454,1.3455,1.3452,1.3455
1764629520,1.3455,1.3466,1.3452,1.3466
1764629580,1.3466,1.3481,1.3466,1.3479
1764629640,1.3479,1.3484,1.3464,1.3466
1764629700,1.3466,1.3473,1.3452,1.3453
1764629760,1.3453,1.3454,1.3437,1.3437
1764629820,1.3437,1.3437,1.343,1.3431
1764629880,1.3431,1.3431,1.3416,1.3422
1764629940,1.3422,1.3426,1.3373,1.3394
1764630000,1.3394,1.3417,1.3394,1.3414
1764630060,1.3414,1.3429,1.3414,1.3429
1764630120,1.3429,1.3483,1.3429,1.3478
1764630180,1.3478,1.3498,1.3463,1.3474
1764630240,1.3474,1.349,1.3463,1.3482
1764630300,1.3482,1.3507,1.3468,1.3473
1764630360,1.3473,1.3474,1.3449,1.3466
1764630420,1.3466,1.3466,1.3409,1.3414
1764630480,1.3414,1.343,1.3414,1.342
1764630540,1.342,1.3437,1.3405,1.3435
1764630600,1.3435,1.3439,1.3416,1.3425
1764630660,1.3425,1.3432,1.3423,1.3423
1764630720,1.3423,1.3427,1.3409,1.3412
1764630780,1.3412,1.3417,1.3405,1.3407
1764630840,1.3407,1.3408,1.3397,1.3404
1764630900,1.3404,1.3421,1.3404,1.3421
1764630960,1.3421,1.3432,1.3419,1.3419
1764631020,1.3419,1.3445,1.3417,1.3445
1764631080,1.3445,1.3448,1.3439,1.3442
1764631140,1.3442,1.3453,1.3442,1.3449
1764631200,1.3449,1.3451,1.344,1.3446
1764631260,1.3446,1.3465,1.3446,1.3465
1764631320,1.3465,1.3473,1.3462,1.3469
1764631380,1.3469,1.3472,1.3458,1.3458
1764631440,1.3458,1.3473,1.3457,1.3459
1764631500,1.3459,1.3476,1.3459,1.3474
1764631560,1.3474,1.3491,1.3469,1.3489
1764631620,1.3489,1.3495,1.3476,1.3489
1764631680,1.3489,1.3495,1.3487,1.3493
1764631740,1.3493,1.35,1.3492,1.35
1764631800,1.35,1.3548,1.3498,1.3542
1764631860,1.3542,1.3542,1.352,1.3521
1764631920,1.3521,1.3528,1.3507,1.3513
1764631980,1.3513,1.3517,1.3491,1.3495
1764632040,1.3495,1.3495,1.3443,1.3468
1764632100,1.3468,1.3487,1.3468,1.3481
1764632160,1.3481,1.3514,1.3475,1.3475
1764632220,1.3475,1.3494,1.3475,1.3493
1764632280,1.3493,1.3493,1.3475,1.3488
1764632340,1.3488,1.3493,1.3475,1.3489
1764632400,1.3489,1.3491,1.3473,1.3473
1764632460,1.3473,1.3495,1.3473,1.348
1764632520,1.348,1.348,1.3466,1.3466
1764632580,1.3466,1.3474,1.3461,1.3464
1764632640,1.3464,1.3473,1.3464,1.3473
1764632700,1.3473,1.3488,1.3469,1.3487
1764632760,1.3487,1.3493,1.3474,1.3475
1764632820,1.3475,1.3478,1.3466,1.3477
1764632880,1.3477,1.3486,1.3466,1.3466
1764632940,1.3466,1.3491,1.3466,1.3486
1764633000,1.3486,1.3486,1.3472,1.3479
1764633060,1.3479,1.3479,1.346,1.3463
1764633120,1.3463,1.3466,1.3454,1.3454
1764633180,1.3454,1.3468,1.3454,1.3455
1764633240,1.3455,1.3457,1.3447,1.3448
1764633300,1.3448,1.3459,1.3443,1.3443
1764633360,1.3443,1.3451,1.3442,1.3445
1764633420,1.3445,1.3449,1.3434,1.3448
1764633480,1.3448,1.3452,1.3448,1.3452
1764633540,1.3452,1.3452,1.3442,1.3442
1769817600,1.2729,1.2733,1.2724,1.2725
1769817660,1.2725,1.2736,1.2723,1.2723
1769817720,1.2723,1.2734,1.2709,1.2709
1769817780,1.2709,1.2713,1.27,1.2701
1769817840,1.2701,1.2708,1.2697,1.2708
1769817900,1.2708,1.2724,1.2708,1.2723
1769817960,1.2723,1.2727,1.2718,1.2727
1769818020,1.2727,1.2745,1.2722,1.2722
1769818080,1.2722,1.2729,1.2717,1.2729
1769818140,1.2729,1.2729,1.2721,1.2721
1769818200,1.2721,1.2734,1.2712,1.2734
1769818260,1.2734,1.2734,1.272,1.2724
1769818320,1.2724,1.2726,1.272,1.272
1769818380,1.272,1.2734,1.2714,1.273
1769818440,1.273,1.273,1.2721,1.2727
1769818500,1.2727,1.2727,1.2711,1.2717
1769818560,1.2717,1.2721,1.2712,1.2716
1769818620,1.2716,1.273,1.2712,1.2725
1769818680,1.2725,1.2732,1.2722,1.2726
1769818740,1.2726,1.2732,1.2725,1.2732
1769818800,1.2732,1.2739,1.2712,1.2724
1769818860,1.2724,1.2727,1.2708,1.2716
1769818920,1.2716,1.2717,1.2703,1.2716
1769818980,1.2716,1.2727,1.2716,1.2723
1769819040,1.2723,1.2723,1.2713,1.2716
1769819100,1.2716,1.2729,1.2716,1.2729
1769819160,1.2729,1.273,1.272,1.2729
1769819220,1.2729,1.2731,1.2722,1.2727
1769819280,1.2727,1.2727,1.2722,1.2726
1769819340,1.2726,1.2726,1.2721,1.2723
1769819400,1.2723,1.2731,1.2717,1.2728
1769819460,1.2728,1.2731,1.2725,1.2725
1769819520,1.2725,1.2725,1.2715,1.2721
1769819580,1.2721,1.2724,1.2716,1.2724
1769819640,1.2724,1.2725,1.2718,1.2725
1769819700,1.2725,1.2736,1.2724,1.2729
1769819760,1.2729,1.2729,1.2715,1.272
1769819820,1.272,1.2736,1.272,1.2736
1769819880,1.2736,1.2744,1.2736,1.274
1769819940,1.274,1.2753,1.2733,1.2753
1769820000,1.2753,1.2763,1.2751,1.2756
1769820060,1.2756,1.276,1.2746,1.2755
1769820120,1.2755,1.2755,1.2739,1.2741
1769820180,1.2741,1.2744,1.2737,1.2744
1769820240,1.2744,1.2744,1.2733,1.274
1769820300,1.274,1.274,1.2719,1.2719
1769820360,1.2719,1.2721,1.2712,1.2713
1769820420,1.2713,1.2713,1.2693,1.2709
1769820480,1.2709,1.2711,1.2702,1.271
1769820540,1.271,1.273,1.2709,1.2729
1769820600,1.2729,1.2731,1.2723,1.2725
1769820660,1.2725,1.2729,1.2708,1.2714
1769820720,1.2714,1.2714,1.2702,1.2706
1769820780,1.2706,1.2714,1.2706,1.271
1769820840,1.271,1.271,1.27,1.2706
1769820900,1.2706,1.2706,1.2698,1.2701
1769820960,1.2701,1.2713,1.2701,1.2708
1769821020,1.2708,1.2713,1.2706,1.2709
1769821080,1.2709,1.2717,1.2707,1.2707
1769821140,1.2707,1.271,1.2704,1.2706
1769821200,1.2706,1.2706,1.2702,1.2706
1769821260,1.2706,1.2706,1.2692,1.2694
1769821320,1.2694,1.2707,1.2692,1.2707
1769821380,1.2707,1.2707,1.27,1.2704
1769821440,1.2704,1.2727,1.2704,1.2721
1769821500,1.2721,1.2752,1.2721,1.2747
1769821560,1.2747,1.2748,1.2746,1.2747
1769821620,1.2747,1.2748,1.2739,1.2748
1769821680,1.2748,1.2763,1.2748,1.2761
1769821740,1.2761,1.2765,1.2757,1.2758
1769821800,1.2758,1.2758,1.2743,1.2749
1769821860,1.2749,1.2765,1.2749,1.2764
1769821920,1.2764,1.2767,1.2754,1.2758
1769821980,1.2758,1.2762,1.2757,1.2762
1769822040,1.2762,1.2767,1.2762,1.2766
1769822100,1.2766,1.2779,1.2764,1.2765
1769822160,1.2765,1.2766,1.2748,1.2749
1769822220,1.2749,1.2749,1.2735,1.2735
1769822280,1.2735,1.2735,1.2728,1.2733
1769822340,1.2733,1.274,1.2733,1.274
1769822400,1.274,1.2762,1.274,1.2761
1769822460,1.2761,1.2761,1.2746,1.275
1769822520,1.275,1.2759,1.2747,1.2747
1769822580,1.2747,1.2751,1.2746,1.275
1769822640,1.275,1.275,1.2743,1.2747
1769822700,1.2747,1.2754,1.2744,1.2754
1769822760,1.2754,1.2754,1.2743,1.2748
1769822820,1.2748,1.275,1.2746,1.275
1769822880,1.275,1.275,1.2741,1.2744
1769822940,1.2744,1.2746,1.2727,1.2727
1769823000,1.2727,1.2727,1.27,1.2705
1769823060,1.2705,1.2716,1.27,1.27
1769823120,1.27,1.2705,1.2693,1.2693
1769823180,1.2693,1.27,1.2668,1.2669
1769823240,1.2669,1.2683,1.2665,1.2683
1769823300,1.2683,1.2687,1.2674,1.2674
1769823360,1.2674,1.2674,1.2659,1.266
1769823420,1.266,1.2669,1.2646,1.2656
1769823480,1.2656,1.2666,1.2652,1.2663
1769823540,1.2663,1.2677,1.2663,1.2677
1769823600,1.2677,1.2682,1.267,1.2675
1769823660,1.2675,1.268,1.2673,1.2674
1769823720,1.2674,1.2692,1.2674,1.2688
1769823780,1.2688,1.2704,1.2684,1.2704
1769823840,1.2704,1.2704,1.2694,1.2698
1769823900,1.2698,1.2698,1.2696,1.2696
1769823960,1.2696,1.2696,1.2674,1.2683
1769824020,1.2683,1.2686,1.2681,1.2683
1769824080,1.2683,1.2688,1.268,1.2688
1769824140,1.2688,1.2689,1.2679,1.2681
1769824200,1.2681,1.2698,1.2681,1.2698
1769824260,1.2698,1.2703,1.2696,1.2703
1769824320,1.2703,1.2705,1.2699,1.2705
1769824380,1.2705,1.2705,1.2698,1.2703
1769824440,1.2703,1.2706,1.27,1.2705
1769824500,1.2705,1.2707,1.27,1.2705
1769824560,1.2705,1.2724,1.2705,1.2724
1769824620,1.2724,1.2728,1.2705,1.2707
1769824680,1.2707,1.2713,1.2706,1.2709
1769824740,1.2709,1.2716,1.2706,1.2716
1769824800,1.2716,1.2716,1.2706,1.2706
1769824860,1.2706,1.2706,1.2696,1.2697
1769824920,1.2697,1.2697,1.2688,1.269
1769824980,1.269,1.2694,1.2684,1.2694
1769825040,1.2694,1.2696,1.268,1.2684
1769825100,1.2684,1.2688,1.2677,1.2688
1769825160,1.2688,1.2695,1.2676,1.2676
1769825220,1.2676,1.2676,1.2647,1.2659
1769825280,1.2659,1.2669,1.2657,1.2669
1769825340,1.2669,1.267,1.2652,1.2653
1769825400,1.2653,1.2665,1.2653,1.2665
1769825460,1.2665,1.267,1.2662,1.2662
1769825520,1.2662,1.2662,1.2656,1.2662
1769825580,1.2662,1.267,1.266,1.2669
1769825640,1.2669,1.2671,1.2668,1.2669
1769825700,1.2669,1.2673,1.266,1.2666
1769825760,1.2666,1.2666,1.265,1.2658
1769825820,1.2658,1.2658,1.2612,1.2621
1769825880,1.2621,1.2653,1.262,1.2653
1769825940,1.2653,1.2654,1.2638,1.264
1769826000,1.264,1.2658,1.264,1.2649
1769826060,1.2649,1.2653,1.2644,1.2652
1769826120,1.2652,1.2652,1.2641,1.2642
1769826180,1.2642,1.2645,1.2634,1.2634
1769826240,1.2634,1.2635,1.2625,1.2626
1769826300,1.2626,1.2626,1.2603,1.2614
1769826360,1.2614,1.2637,1.2614,1.2631
1769826420,1.2631,1.2631,1.2614,1.2619
1769826480,1.2619,1.2633,1.2617,1.2631
1769826540,1.2631,1.2631,1.2621,1.263
1769826600,1.263,1.263,1.262,1.262
1769826660,1.262,1.262,1.2612,1.2616
1769826720,1.2616,1.2617,1.2613,1.2615
1769826780,1.2615,1.263,1.2614,1.263
1769826840,1.263,1.2642,1.2625,1.2638
1769826900,1.2638,1.2674,1.2636,1.2672
1769826960,1.2672,1.2672,1.2666,1.2671
1769827020,1.2671,1.2671,1.2661,1.2667
1769827080,1.2667,1.2679,1.2667,1.2679
1769827140,1.2679,1.2683,1.2675,1.2682
1769827200,1.2682,1.2719,1.2682,1.2718
1769827260,1.2718,1.272,1.27,1.2708
1769827320,1.2708,1.2708,1.2694,1.2699
1769827380,1.2699,1.2702,1.2696,1.2696
1769827440,1.2696,1.2696,1.2684,1.2687
1769827500,1.2687,1.2687,1.2679,1.2683
1769827560,1.2683,1.2699,1.2683,1.2698
1769827620,1.2698,1.2714,1.2698,1.2701
1769827680,1.2701,1.2701,1.2691,1.2693
1769827740,1.2693,1.2697,1.2691,1.2694
1769827800,1.2694,1.27,1.2694,1.2694
1769827860,1.2694,1.2694,1.2683,1.2688
1769827920,1.2688,1.2694,1.2686,1.2694
1769827980,1.2694,1.2699,1.2687,1.2687
1769828040,1.2687,1.2695,1.2686,1.2694
1769828100,1.2694,1.2694,1.2688,1.2691
1769828160,1.2691,1.2692,1.2679,1.2679
1769828220,1.2679,1.2679,1.2664,1.2667
1769828280,1.2667,1.2667,1.266,1.2661
1769828340,1.2661,1.2664,1.266,1.2664
1769828400,1.2664,1.2667,1.2662,1.2662
1769828460,1.2662,1.2673,1.2659,1.2665
1769828520,1.2665,1.2667,1.2648,1.2648
1769828580,1.2648,1.2649,1.264,1.2646
1769828640,1.2646,1.2655,1.2646,1.2654
1769828700,1.2654,1.2663,1.2652,1.2652
1769828760,1.2652,1.2652,1.2643,1.2643
1769828820,1.2643,1.2643,1.2634,1.2637
1769828880,1.2637,1.264,1.2627,1.2628
1769828940,1.2628,1.2628,1.262,1.2623
1769829000,1.2623,1.2623,1.2617,1.2617
1769829060,1.2617,1.2617,1.2584,1.2591
1769829120,1.2591,1.2598,1.258,1.259
1769829180,1.259,1.2607,1.2587,1.2607
1769829240,1.2607,1.2608,1.2592,1.2593
1769829300,1.2593,1.2597,1.2587,1.2587
1769829360,1.2587,1.2591,1.2584,1.259
1769829420,1.259,1.2593,1.2581,1.2586
1769829480,1.2586,1.2587,1.2581,1.2584
1769829540,1.2584,1.2591,1.2582,1.2588
1769829600,1.2588,1.2593,1.258,1.2589
1769829660,1.2589,1.2589,1.2565,1.2574
1769829720,1.2574,1.2583,1.2574,1.2582
1769829780,1.2582,1.2588,1.2577,1.2577
1769829840,1.2577,1.2588,1.2577,1.2583
1769829900,1.2583,1.2583,1.2578,1.2578
1769829960,1.2578,1.2578,1.2575,1.2578
1769830020,1.2578,1.2579,1.255,1.2557
1769830080,1.2557,1.2559,1.2556,1.2559
1769830140,1.2559,1.2571,1.2559,1.2561
1769830200,1.2561,1.2572,1.2558,1.2558
1769830260,1.2558,1.2564,1.2556,1.2557
1769830320,1.2557,1.2557,1.2541,1.2552
1769830380,1.2552,1.2557,1.2552,1.2552
1769830440,1.2552,1.2556,1.2551,1.2553
1769830500,1.2553,1.2555,1.2552,1.2552
1769830560,1.2552,1.2554,1.2544,1.2548
1769830620,1.2548,1.2551,1.2544,1.2544
1769830680,1.2544,1.2544,1.2505,1.252
1769830740,1.252,1.2536,1.252,1.253
1769830800,1.253,1.2553,1.2526,1.2553
1769830860,1.2553,1.2553,1.2534,1.2534
1769830920,1.2534,1.2544,1.2527,1.2544
1769830980,1.2544,1.2544,1.254,1.2544
1769831040,1.2544,1.2552,1.2544,1.2548
1769831100,1.2548,1.2556,1.2544,1.2553
1769831160,1.2553,1.2553,1.2537,1.2537
1769831220,1.2537,1.2546,1.2531,1.2543
1769831280,1.2543,1.2543,1.2522,1.2527
1769831340,1.2527,1.2533,1.2525,1.2531
1769831400,1.2531,1.2538,1.2531,1.2538
1769831460,1.2538,1.254,1.2529,1.2534
1769831520,1.2534,1.2534,1.2522,1.2522
1769831580,1.2522,1.2526,1.2519,1.2523
1769831640,1.2523,1.2524,1.2518,1.2518
1769831700,1.2518,1.2536,1.2518,1.2536
1769831760,1.2536,1.2542,1.2532,1.2542
1769831820,1.2542,1.2547,1.2542,1.2545
1769831880,1.2545,1.2545,1.2539,1.2543
1769831940,1.2543,1.255,1.2543,1.255
1769832000,1.255,1.2551,1.2542,1.2543
1769832060,1.2543,1.2561,1.2543,1.2557
1769832120,1.2557,1.2569,1.2555,1.2566
1769832180,1.2566,1.2576,1.2566,1.2576
1769832240,1.2576,1.2583,1.2575,1.2583
1769832300,1.2583,1.2584,1.2573,1.2575
1769832360,1.2575,1.2578,1.257,1.2576
1769832420,1.2576,1.258,1.2576,1.258
1769832480,1.258,1.2587,1.258,1.2587
1769832540,1.2587,1.2599,1.2586,1.2597
1769832600,1.2597,1.2597,1.2592,1.2594
1769832660,1.2594,1.2596,1.2592,1.2595
1769832720,1.2595,1.2596,1.2585,1.2587
1769832780,1.2587,1.259,1.2579,1.259
1769832840,1.259,1.2595,1.2588,1.2593
1769832900,1.2593,1.2593,1.2583,1.2588
1769832960,1.2588,1.2592,1.2587,1.259
1769833020,1.259,1.2605,1.259,1.2605
1769833080,1.2605,1.2605,1.2598,1.2601
1769833140,1.2601,1.2604,1.2578,1.2581
1769833200,1.2581,1.2582,1.257,1.2576
1769833260,1.2576,1.2592,1.2576,1.2577
1769833320,1.2577,1.2591,1.2573,1.2591
1769833380,1.2591,1.2598,1.259,1.2598
1769833440,1.2598,1.2607,1.2598,1.2607
1769833500,1.2607,1.2607,1.2582,1.2583
1769833560,1.2583,1.2586,1.2577,1.2578
1769833620,1.2578,1.2583,1.2574,1.2583
1769833680,1.2583,1.2596,1.2583,1.2596
1769833740,1.2596,1.2599,1.2595,1.2595
1769833800,1.2595,1.2595,1.2586,1.2586
1769833860,1.2586,1.259,1.2585,1.2588
1769833920,1.2588,1.2592,1.2585,1.259
1769833980,1.259,1.259,1.258,1.2581
1769834040,1.2581,1.2599,1.2581,1.2599
1769834100,1.2599,1.26,1.2593,1.26
1769834160,1.26,1.26,1.2587,1.2589
1769834220,1.2589,1.2594,1.2589,1.259
1769834280,1.259,1.259,1.2584,1.2586
1769834340,1.2586,1.2589,1.258,1.2582
1769834400,1.2582,1.2582,1.2576,1.2576
1769834460,1.2576,1.2584,1.2571,1.2576
1769834520,1.2576,1.2582,1.2576,1.2581
1769834580,1.2581,1.2592,1.2581,1.2589
1769834640,1.2589,1.2589,1.2566,1.257
1769834700,1.257,1.257,1.2563,1.2565
1769834760,1.2565,1.258,1.2565,1.2579
1769834820,1.2579,1.2583,1.2578,1.2581
1769834880,1.2581,1.2581,1.2571,1.2571
1769834940,1.2571,1.2575,1.2568,1.2568
1769835000,1.2568,1.2568,1.2559,1.2559
1769835060,1.2559,1.2566,1.2553,1.2553
1769835120,1.2553,1.2553,1.2545,1.2546
1769835180,1.2546,1.2546,1.2525,1.2538
1769835240,1.2538,1.2538,1.2531,1.2536
1769835300,1.2536,1.2546,1.2536,1.2545
1769835360,1.2545,1.2553,1.2529,1.2533
1769835420,1.2533,1.2546,1.2533,1.2543
1769835480,1.2543,1.2546,1.2538,1.2545
1769835540,1.2545,1.2547,1.2544,1.2544
1769835600,1.2544,1.2545,1.254,1.2542
1769835660,1.2542,1.2542,1.2514,1.2515
1769835720,1.2515,1.2521,1.2492,1.2501
1769835780,1.2501,1.2536,1.2495,1.2535
1769835840,1.2535,1.2535,1.253,1.253
1769835900,1.253,1.253,1.2516,1.2516
1769835960,1.2516,1.2525,1.2507,1.2523
1769836020,1.2523,1.2525,1.2518,1.2521
1769836080,1.2521,1.2525,1.251,1.2525
1769836140,1.2525,1.2525,1.2516,1.2519
1769836200,1.2519,1.2524,1.2519,1.2522
1769836260,1.2522,1.2529,1.2519,1.2529
1769836320,1.2529,1.2535,1.2528,1.2533
1769836380,1.2533,1.2542,1.2532,1.2542
1769836440,1.2542,1.256,1.2542,1.256
1769836500,1.256,1.2566,1.2555,1.2565
1769836560,1.2565,1.2567,1.2555,1.2555
1769836620,1.2555,1.2558,1.255,1.2556
1769836680,1.2556,1.2565,1.2556,1.2565
1769836740,1.2565,1.2568,1.2563,1.2566
1769836800,1.2566,1.2566,1.2547,1.2547
1769836860,1.2547,1.2547,1.254,1.2546
1769836920,1.2546,1.258,1.2546,1.2559
1769836980,1.2559,1.2562,1.2511,1.2546
1769837040,1.2546,1.2579,1.2545,1.2554
1769837100,1.2554,1.2555,1.2548,1.2551
1769837160,1.2551,1.2552,1.2542,1.2549
1769837220,1.2549,1.2556,1.2549,1.2555
1769837280,1.2555,1.2556,1.2543,1.2543
1769837340,1.2543,1.2548,1.2536,1.2548
1769837400,1.2548,1.2552,1.2548,1.2549
1769837460,1.2549,1.2558,1.2549,1.2551
1769837520,1.2551,1.2551,1.2537,1.2537
1769837580,1.2537,1.2546,1.2536,1.2541
1769837640,1.2541,1.2552,1.2541,1.255
1769837700,1.255,1.255,1.254,1.2542
1769837760,1.2542,1.2548,1.2541,1.2543
1769837820,1.2543,1.2543,1.2524,1.2525
1769837880,1.2525,1.2537,1.2514,1.2537
1769837940,1.2537,1.2546,1.2532,1.2533
1769838000,1.2533,1.254,1.2528,1.2535
1769838060,1.2535,1.2544,1.2535,1.2538
1769838120,1.2538,1.2546,1.2533,1.2543
1769838180,1.2543,1.2545,1.2535,1.2535
1769838240,1.2535,1.2535,1.2533,1.2533
1769838300,1.2533,1.2533,1.2518,1.2519
1769838360,1.2519,1.2531,1.2519,1.2531
1769838420,1.2531,1.2555,1.2531,1.2555
1769838480,1.2555,1.2556,1.2541,1.2546
1769838540,1.2546,1.2551,1.2542,1.2543
1769838600,1.2543,1.2555,1.2543,1.255
1769838660,1.255,1.255,1.2545,1.255
1769838720,1.255,1.2556,1.2548,1.2549
1769838780,1.2549,1.2551,1.2544,1.2544
1769838840,1.2544,1.2547,1.2543,1.2546
1769838900,1.2546,1.2551,1.2546,1.2547
1769838960,1.2547,1.2547,1.2544,1.2546
1769839020,1.2546,1.2546,1.2537,1.2538
1769839080,1.2538,1.2543,1.2534,1.2543
1769839140,1.2543,1.2549,1.2542,1.2549
1769839200,1.2549,1.255,1.2544,1.2547
1769839260,1.2547,1.2555,1.2546,1.2555
1769839320,1.2555,1.2559,1.255,1.2556
1769839380,1.2556,1.2561,1.2543,1.2543
1769839440,1.2543,1.2543,1.2519,1.252
1769839500,1.252,1.252,1.2506,1.2513
1769839560,1.2513,1.253,1.2513,1.2529
1769839620,1.2529,1.253,1.2522,1.2523
1769839680,1.2523,1.2536,1.2523,1.2534
1769839740,1.2534,1.2534,1.253,1.2533
1769839800,1.2533,1.2533,1.2527,1.2527
1769839860,1.2527,1.2537,1.2523,1.2536
1769839920,1.2536,1.2536,1.2522,1.2523
1769839980,1.2523,1.2523,1.2514,1.2518
1769840040,1.2518,1.2523,1.2517,1.2518
1769840100,1.2518,1.252,1.2511,1.2519
1769840160,1.2519,1.2524,1.2512,1.2512
1769840220,1.2512,1.2513,1.2508,1.2513
1769840280,1.2513,1.2522,1.2512,1.2515
1769840340,1.2515,1.2515,1.251,1.2511
1769840400,1.2511,1.2523,1.2506,1.2509
1769840460,1.2509,1.2509,1.2482,1.2499
1769840520,1.2499,1.2505,1.2489,1.249
1769840580,1.249,1.2495,1.2486,1.2493
1769840640,1.2493,1.2493,1.2467,1.2476
1769840700,1.2476,1.2482,1.2424,1.2431
1769840760,1.2431,1.2432,1.2411,1.2417
1769840820,1.2417,1.2418,1.2396,1.2416
1769840880,1.2416,1.2427,1.2394,1.2397
1769840940,1.2397,1.2407,1.2378,1.2405
1769841000,1.2405,1.2426,1.2403,1.2418
1769841060,1.2418,1.2418,1.2392,1.2392
1769841120,1.2392,1.2396,1.2385,1.2394
1769841180,1.2394,1.2396,1.2382,1.2391
1769841240,1.2391,1.24,1.2385,1.239
1769841300,1.239,1.2392,1.2387,1.2389
1769841360,1.2389,1.2407,1.2381,1.2405
1769841420,1.2405,1.2409,1.2395,1.2398
1769841480,1.2398,1.2399,1.239,1.2393
1769841540,1.2393,1.2404,1.2392,1.2392
1769841600,1.2392,1.24,1.2371,1.2375
1769841660,1.2375,1.2392,1.2375,1.2386
1769841720,1.2386,1.2389,1.2382,1.2387
1769841780,1.2387,1.2397,1.2387,1.2397
1769841840,1.2397,1.2406,1.2397,1.2404
1769841900,1.2404,1.2421,1.2404,1.2412
1769841960,1.2412,1.2414,1.2404,1.2414
1769842020,1.2414,1.2436,1.2409,1.2436
1769842080,1.2436,1.2442,1.2423,1.2423
1769842140,1.2423,1.2428,1.2423,1.2424
1769842200,1.2424,1.2436,1.2424,1.2436
1769842260,1.2436,1.2465,1.2436,1.2462
1769842320,1.2462,1.247,1.2459,1.247
1769842380,1.247,1.2473,1.2462,1.2464
1769842440,1.2464,1.247,1.2464,1.2469
1769842500,1.2469,1.2478,1.2467,1.2471
1769842560,1.2471,1.2474,1.2464,1.2466
1769842620,1.2466,1.2469,1.2461,1.2465
1769842680,1.2465,1.2473,1.2465,1.247
1769842740,1.247,1.247,1.2462,1.2463
1769842800,1.2463,1.2464,1.2454,1.2464
1769842860,1.2464,1.2466,1.2457,1.2459
1769842920,1.2459,1.246,1.2453,1.2459
1769842980,1.2459,1.2464,1.2457,1.2459
1769843040,1.2459,1.2464,1.2456,1.2464
1769843100,1.2464,1.2472,1.2464,1.2472
1769843160,1.2472,1.2472,1.2449,1.2452
1769843220,1.2452,1.2455,1.2444,1.2447
1769843280,1.2447,1.2452,1.2447,1.245
1769843340,1.245,1.245,1.2426,1.2436
1769843400,1.2436,1.2445,1.2432,1.2443
1769843460,1.2443,1.2454,1.2442,1.2453
1769843520,1.2453,1.2453,1.244,1.2444
1769843580,1.2444,1.2454,1.2444,1.2454
1769843640,1.2454,1.2454,1.2448,1.2448
1769843700,1.2448,1.2452,1.2448,1.2451
1769843760,1.2451,1.2451,1.2447,1.2448
1769843820,1.2448,1.2451,1.2439,1.244
1769843880,1.244,1.2444,1.2429,1.243
1769843940,1.243,1.2436,1.2429,1.2431
1769844000,1.2431,1.2443,1.2423,1.2426
1769844060,1.2426,1.2431,1.2417,1.2417
1769844120,1.2417,1.2423,1.2413,1.2423
1769844180,1.2423,1.2429,1.2423,1.2426
1769844240,1.2426,1.2433,1.2417,1.2433
1769844300,1.2433,1.2448,1.2431,1.2438
1769844360,1.2438,1.2448,1.2432,1.2448
1769844420,1.2448,1.2448,1.244,1.244
1769844480,1.244,1.2442,1.2435,1.2436
1769844540,1.2436,1.2436,1.2425,1.2428
1769844600,1.2428,1.2428,1.2402,1.2402
1769844660,1.2402,1.2418,1.2393,1.2417
1769844720,1.2417,1.2419,1.239,1.239
1769844780,1.239,1.2391,1.2354,1.2385
1769844840,1.2385,1.239,1.2372,1.2372
1769844900,1.2372,1.2384,1.2372,1.238
1769844960,1.238,1.2383,1.2373,1.2378
1769845020,1.2378,1.2378,1.235,1.2359
1769845080,1.2359,1.2359,1.2326,1.2343
1769845140,1.2343,1.2344,1.231,1.2342
1769845200,1.2342,1.235,1.2331,1.2332
1769845260,1.2332,1.2347,1.2332,1.2343
1769845320,1.2343,1.2349,1.2337,1.2346
1769845380,1.2346,1.235,1.2341,1.2343
1769845440,1.2343,1.2355,1.2342,1.2342
1769845500,1.2342,1.2361,1.2342,1.236
1769845560,1.236,1.2365,1.2351,1.236
1769845620,1.236,1.2382,1.236,1.2374
1769845680,1.2374,1.2375,1.2359,1.2365
1769845740,1.2365,1.2373,1.2358,1.2358
1769845800,1.2358,1.237,1.2354,1.2356
1769845860,1.2356,1.2361,1.2355,1.2361
1769845920,1.2361,1.2366,1.2359,1.2359
1769845980,1.2359,1.2364,1.2353,1.236
1769846040,1.236,1.2361,1.2357,1.2361
1769846100,1.2361,1.2371,1.2361,1.2371
1769846160,1.2371,1.2371,1.2361,1.2362
1769846220,1.2362,1.238,1.2362,1.238
1769846280,1.238,1.238,1.2377,1.2377
1769846340,1.2377,1.2378,1.2366,1.2378
1769846400,1.2378,1.2393,1.2377,1.2393
1769846460,1.2393,1.2402,1.2379,1.2388
1769846520,1.2388,1.2395,1.2381,1.2385
1769846580,1.2385,1.2395,1.2382,1.2382
1769846640,1.2382,1.2382,1.2359,1.2361
1769846700,1.2361,1.2372,1.2361,1.2371
1769846760,1.2371,1.2383,1.237,1.2383
1769846820,1.2383,1.2385,1.2358,1.2358
1769846880,1.2358,1.2368,1.2354,1.2355
1769846940,1.2355,1.236,1.2351,1.2351
1769847000,1.2351,1.2351,1.2314,1.2338
1769847060,1.2338,1.234,1.2324,1.2334
1769847120,1.2334,1.2351,1.2323,1.2328
1769847180,1.2328,1.2344,1.2323,1.2323
1769847240,1.2323,1.2337,1.2323,1.2335
1769847300,1.2335,1.2336,1.2281,1.2302
1769847360,1.2302,1.2314,1.2264,1.2284
1769847420,1.2284,1.2289,1.218,1.227
1769847480,1.227,1.2289,1.2262,1.228
1769847540,1.228,1.2291,1.2273,1.2277
1769847600,1.2277,1.2286,1.2275,1.2282
1769847660,1.2282,1.2297,1.2282,1.2285
1769847720,1.2285,1.2286,1.2267,1.2271
1769847780,1.2271,1.2287,1.2269,1.2286
1769847840,1.2286,1.2288,1.2264,1.2266
1769847900,1.2266,1.2278,1.2258,1.2263
1769847960,1.2263,1.2267,1.2248,1.2248
1769848020,1.2248,1.2248,1.2234,1.2238
1769848080,1.2238,1.2238,1.2219,1.2223
1769848140,1.2223,1.2236,1.2223,1.2224
1769848200,1.2224,1.2224,1.2203,1.2216
1769848260,1.2216,1.2226,1.2213,1.2216
1769848320,1.2216,1.2236,1.2205,1.2227
1769848380,1.2227,1.2227,1.2176,1.2188
1769848440,1.2188,1.2204,1.2182,1.219
1769848500,1.219,1.219,1.214,1.2163
1769848560,1.2163,1.2165,1.2133,1.2145
1769848620,1.2145,1.2214,1.212,1.2201
1769848680,1.2201,1.2216,1.2192,1.2195
1769848740,1.2195,1.2195,1.2179,1.2181
1769848800,1.2181,1.2193,1.2097,1.2125
1769848860,1.2125,1.2179,1.2116,1.2161
1769848920,1.2161,1.2166,1.2127,1.2128
1769848980,1.2128,1.2154,1.2088,1.2146
1769849040,1.2146,1.2164,1.2138,1.2153
1769849100,1.2153,1.2165,1.2124,1.2146
1769849160,1.2146,1.2163,1.2142,1.2151
1769849220,1.2151,1.2164,1.2125,1.2135
1769849280,1.2135,1.2136,1.2112,1.2134
1769849340,1.2134,1.2151,1.2116,1.2116
1769849400,1.2116,1.2136,1.2116,1.2124
1769849460,1.2124,1.2174,1.2124,1.2169
1769849520,1.2169,1.2177,1.2152,1.217
1769849580,1.217,1.2202,1.217,1.22
1769849640,1.22,1.2229,1.2192,1.2204
1769849700,1.2204,1.2233,1.2204,1.2228
1769849760,1.2228,1.2233,1.2221,1.2231
1769849820,1.2231,1.2244,1.2221,1.2229
1769849880,1.2229,1.2239,1.2193,1.2193
1769849940,1.2193,1.2205,1.2191,1.22
1769850000,1.22,1.2215,1.22,1.221
1769850060,1.221,1.2216,1.2187,1.2197
1769850120,1.2197,1.2218,1.2197,1.2218
1769850180,1.2218,1.2237,1.2217,1.2227
1769850240,1.2227,1.224,1.2208,1.2208
1769850300,1.2208,1.2231,1.2206,1.2228
1769850360,1.2228,1.223,1.2207,1.2207
1769850420,1.2207,1.2224,1.2207,1.2224
1769850480,1.2224,1.2226,1.221,1.221
1769850540,1.221,1.2218,1.2209,1.2214
1769850600,1.2214,1.2222,1.2214,1.222
1769850660,1.222,1.2229,1.2217,1.2218
1769850720,1.2218,1.2225,1.2218,1.2225
1769850780,1.2225,1.2234,1.2223,1.223
1769850840,1.223,1.224,1.2226,1.2227
1769850900,1.2227,1.223,1.2219,1.2222
1769850960,1.2222,1.2226,1.2191,1.2205
1769851020,1.2205,1.2218,1.2205,1.2216
1769851080,1.2216,1.2217,1.2212,1.2212
1769851140,1.2212,1.2213,1.2191,1.2198
1769851200,1.2198,1.2206,1.2182,1.2184
1769851260,1.2184,1.2189,1.2175,1.2187
1769851320,1.2187,1.2191,1.2178,1.2184
1769851380,1.2184,1.2194,1.2179,1.218
1769851440,1.218,1.218,1.2141,1.2144
1769851500,1.2144,1.2151,1.2137,1.2141
1769851560,1.2141,1.2145,1.2128,1.2145
1769851620,1.2145,1.2162,1.2145,1.2156
1769851680,1.2156,1.216,1.2154,1.2157
1769851740,1.2157,1.2169,1.2156,1.2164
1769851800,1.2164,1.219,1.2164,1.2187
1769851860,1.2187,1.222,1.2187,1.2209
1769851920,1.2209,1.227,1.2209,1.2265
1769851980,1.2265,1.2277,1.2264,1.2277
1769852040,1.2277,1.2285,1.2252,1.2257
1769852100,1.2257,1.227,1.2256,1.227
1769852160,1.227,1.227,1.2248,1.2251
1769852220,1.2251,1.2251,1.2231,1.2238
1769852280,1.2238,1.225,1.2232,1.2233
1769852340,1.2233,1.2247,1.2232,1.2235
1769852400,1.2235,1.2237,1.2227,1.2229
1769852460,1.2229,1.2237,1.2229,1.2237
1769852520,1.2237,1.2245,1.2229,1.2243
1769852580,1.2243,1.2245,1.223,1.223
1769852640,1.223,1.2234,1.2224,1.2226
1769852700,1.2226,1.2227,1.2211,1.2214
1769852760,1.2214,1.2217,1.2201,1.2213
1769852820,1.2213,1.2213,1.2191,1.2193
1769852880,1.2193,1.22,1.2188,1.2188
1769852940,1.2188,1.2188,1.2173,1.218
1769853000,1.218,1.2205,1.218,1.2193
1769853060,1.2193,1.2193,1.219,1.2191
1769853120,1.2191,1.2192,1.218,1.2188
1769853180,1.2188,1.22,1.2188,1.2197
1769853240,1.2197,1.2203,1.2197,1.2201
1769853300,1.2201,1.2208,1.2201,1.2205
1769853360,1.2205,1.2212,1.2205,1.2212
1769853420,1.2212,1.2213,1.2205,1.2207
1769853480,1.2207,1.2207,1.2199,1.22
1769853540,1.22,1.22,1.2183,1.2186
1769853600,1.2186,1.2197,1.2181,1.2197
1769853660,1.2197,1.2201,1.2188,1.2188
1769853720,1.2188,1.2188,1.2177,1.2185
1769853780,1.2185,1.2196,1.2178,1.2182
1769853840,1.2182,1.2182,1.216,1.2171
1769853900,1.2171,1.2184,1.2171,1.2182
1769853960,1.2182,1.2185,1.2176,1.2183
1769854020,1.2183,1.2183,1.2165,1.2167
1769854080,1.2167,1.2178,1.216,1.2169
1769854140,1.2169,1.2172,1.2151,1.2157
1769854200,1.2157,1.2165,1.2151,1.2164
1769854260,1.2164,1.2184,1.2163,1.2177
1769854320,1.2177,1.2184,1.2163,1.2171
1769854380,1.2171,1.2178,1.2171,1.2174
1769854440,1.2174,1.2175,1.2171,1.2172
1769854500,1.2172,1.2179,1.2172,1.2178
1769854560,1.2178,1.2179,1.217,1.2172
1769854620,1.2172,1.2193,1.2164,1.2193
1769854680,1.2193,1.2194,1.218,1.2187
1769854740,1.2187,1.2192,1.2184,1.2191
1769854800,1.2191,1.2208,1.2191,1.2204
1769854860,1.2204,1.2224,1.2204,1.2222
1769854920,1.2222,1.2222,1.2212,1.2213
1769854980,1.2213,1.2218,1.2209,1.2209
1769855040,1.2209,1.2209,1.2194,1.2198
1769855100,1.2198,1.222,1.2198,1.222
1769855160,1.222,1.2222,1.2214,1.2214
1769855220,1.2214,1.2222,1.2212,1.222
1769855280,1.222,1.2222,1.2219,1.2222
1769855340,1.2222,1.2253,1.2222,1.2239
1769855400,1.2239,1.2255,1.2229,1.2255
1769855460,1.2255,1.2273,1.2255,1.2273
1769855520,1.2273,1.2294,1.2272,1.229
1769855580,1.229,1.229,1.2271,1.2278
1769855640,1.2278,1.2278,1.2257,1.226
1769855700,1.226,1.2272,1.226,1.2262
1769855760,1.2262,1.2275,1.2262,1.2275
1769855820,1.2275,1.228,1.2268,1.228
1769855880,1.228,1.228,1.2272,1.2274
1769855940,1.2274,1.2281,1.2267,1.2269
1769856000,1.2269,1.2272,1.2262,1.2267
1769856060,1.2267,1.2275,1.2267,1.2275
1769856120,1.2275,1.2285,1.2275,1.2281
1769856180,1.2281,1.2281,1.2266,1.2276
1769856240,1.2276,1.228,1.2273,1.2273
1769856300,1.2273,1.2275,1.2272,1.2272
1769856360,1.2272,1.2275,1.2271,1.2271
1769856420,1.2271,1.2278,1.2264,1.2267
1769856480,1.2267,1.227,1.2264,1.2269
1769856540,1.2269,1.2273,1.2264,1.2269
1769856600,1.2269,1.2275,1.2265,1.2275
1769856660,1.2275,1.2278,1.2265,1.2266
1769856720,1.2266,1.2276,1.2266,1.2275
1769856780,1.2275,1.2286,1.2275,1.228
1769856840,1.228,1.228,1.2271,1.2275
1769856900,1.2275,1.2282,1.2275,1.2278
1769856960,1.2278,1.2281,1.227,1.2273
1769857020,1.2273,1.2284,1.2273,1.2282
1769857080,1.2282,1.2282,1.2268,1.2268
1769857140,1.2268,1.2269,1.2265,1.2269
1769857200,1.2269,1.2277,1.2259,1.2259
1769857260,1.2259,1.2263,1.2259,1.2263
1769857320,1.2263,1.2264,1.2243,1.225
1769857380,1.225,1.2264,1.225,1.2259
1769857440,1.2259,1.226,1.2254,1.2255
1769857500,1.2255,1.2257,1.2246,1.2251
1769857560,1.2251,1.2261,1.2248,1.226
1769857620,1.226,1.2265,1.2257,1.2263
1769857680,1.2263,1.2263,1.2254,1.2256
1769857740,1.2256,1.2257,1.2247,1.2253
1769857800,1.2253,1.2254,1.2223,1.2235
1769857860,1.2235,1.2235,1.2224,1.2229
1769857920,1.2229,1.2235,1.2229,1.2229
1769857980,1.2229,1.2229,1.2217,1.2227
1769858040,1.2227,1.2231,1.2221,1.2231
1769858100,1.2231,1.2235,1.2228,1.2234
1769858160,1.2234,1.224,1.2234,1.2239
1769858220,1.2239,1.224,1.2228,1.2228
1769858280,1.2228,1.2245,1.2228,1.2239
1769858340,1.2239,1.2244,1.2237,1.2244
1769858400,1.2244,1.226,1.2242,1.2252
1769858460,1.2252,1.2261,1.2244,1.2261
1769858520,1.2261,1.2271,1.2261,1.2267
1769858580,1.2267,1.2294,1.2266,1.2294
1769858640,1.2294,1.2294,1.228,1.2286
1769858700,1.2286,1.2286,1.2274,1.2285
1769858760,1.2285,1.2288,1.2282,1.2283
1769858820,1.2283,1.2283,1.2274,1.2278
1769858880,1.2278,1.2283,1.2275,1.2275
1769858940,1.2275,1.2284,1.2275,1.2283
1769859000,1.2283,1.2284,1.228,1.2282
1769859060,1.2282,1.2301,1.2282,1.2301
1769859120,1.2301,1.2302,1.2275,1.2286
1769859180,1.2286,1.2286,1.2274,1.2274
1769859240,1.2274,1.2274,1.2266,1.227
1769859300,1.227,1.2274,1.2262,1.2274
1769859360,1.2274,1.2274,1.2269,1.227
1769859420,1.227,1.227,1.226,1.2266
1769859480,1.2266,1.2276,1.2258,1.2273
1769859540,1.2273,1.2274,1.2266,1.2268
1769859600,1.2268,1.2269,1.226,1.2266
1769859660,1.2266,1.2283,1.2265,1.2276
1769859720,1.2276,1.228,1.227,1.2274
1769859780,1.2274,1.2276,1.2274,1.2276
1769859840,1.2276,1.2276,1.2256,1.226
1769859900,1.226,1.2264,1.2251,1.2253
1769859960,1.2253,1.2257,1.224,1.2242
1769860020,1.2242,1.2252,1.2239,1.2249
1769860080,1.2249,1.225,1.2231,1.2231
1769860140,1.2231,1.2246,1.2231,1.2246
1769860200,1.2246,1.2246,1.2236,1.2242
1769860260,1.2242,1.2243,1.2215,1.2243
1769860320,1.2243,1.2246,1.2228,1.2233
1769860380,1.2233,1.2251,1.2233,1.2234
1769860440,1.2234,1.2239,1.2226,1.2233
1769860500,1.2233,1.2234,1.2228,1.223
1769860560,1.223,1.2243,1.223,1.2236
1769860620,1.2236,1.2238,1.2232,1.2238
1769860680,1.2238,1.2241,1.2224,1.2225
1769860740,1.2225,1.2242,1.2225,1.2239
1769860800,1.2239,1.2239,1.2218,1.2229
1769860860,1.2229,1.2236,1.2227,1.2227
1769860920,1.2227,1.2237,1.2227,1.2234
1769860980,1.2234,1.2237,1.223,1.2236
1769861040,1.2236,1.2244,1.2236,1.224
1769861100,1.224,1.224,1.223,1.2239
1769861160,1.2239,1.2249,1.2239,1.2245
1769861220,1.2245,1.2251,1.2245,1.2247
1769861280,1.2247,1.226,1.2244,1.2249
1769861340,1.2249,1.2257,1.2246,1.2247
1769861400,1.2247,1.2248,1.2205,1.2219
1769861460,1.2219,1.2225,1.2206,1.2207
1769861520,1.2207,1.2219,1.22,1.2214
1769861580,1.2214,1.2214,1.2192,1.2198
1769861640,1.2198,1.2217,1.2198,1.2206
1769861700,1.2206,1.2215,1.2202,1.2203
1769861760,1.2203,1.2241,1.2203,1.2241
1769861820,1.2241,1.2243,1.2231,1.2239
1769861880,1.2239,1.2239,1.2219,1.2236
1769861940,1.2236,1.2256,1.2231,1.2256
1769862000,1.2256,1.2269,1.2253,1.2259
1769862060,1.2259,1.2262,1.2236,1.224
1769862120,1.224,1.2252,1.2231,1.2252
1769862180,1.2252,1.2262,1.2252,1.2256
1769862240,1.2256,1.2279,1.2255,1.2276
1769862300,1.2276,1.2276,1.2261,1.227
1769862360,1.227,1.227,1.226,1.2264
1769862420,1.2264,1.2269,1.2261,1.2268
1769862480,1.2268,1.2272,1.2268,1.227
1769862540,1.227,1.2277,1.2267,1.2269
1769862600,1.2269,1.2269,1.225,1.2256
1769862660,1.2256,1.2256,1.2215,1.2217
1769862720,1.2217,1.2239,1.2214,1.223
1769862780,1.223,1.2235,1.2216,1.2218
1769862840,1.2218,1.2218,1.2205,1.2215
1769862900,1.2215,1.2215,1.2203,1.2214
1769862960,1.2214,1.2219,1.2209,1.2219
1769863020,1.2219,1.2219,1.2195,1.2218
1769863080,1.2218,1.2243,1.2217,1.2234
1769863140,1.2234,1.2234,1.2222,1.2223
1769863200,1.2223,1.2239,1.2223,1.2239
1769863260,1.2239,1.2246,1.2237,1.2243
1769863320,1.2243,1.2243,1.2229,1.2236
1769863380,1.2236,1.2243,1.2236,1.2242
1769863440,1.2242,1.2242,1.223,1.2234
1769863500,1.2234,1.2243,1.2234,1.2235
1769863560,1.2235,1.2235,1.2225,1.2225
1769863620,1.2225,1.2225,1.2207,1.2219
1769863680,1.2219,1.2219,1.2194,1.2195
1769863740,1.2195,1.2204,1.2189,1.2202
1769863800,1.2202,1.2202,1.2177,1.2192
1769863860,1.2192,1.2199,1.2188,1.2192
1769863920,1.2192,1.2208,1.2192,1.2208
1769863980,1.2208,1.2226,1.2206,1.2223
1769864040,1.2223,1.2225,1.2216,1.2225
1769864100,1.2225,1.2229,1.2215,1.2225
1769864160,1.2225,1.2249,1.2225,1.2245
1769864220,1.2245,1.2245,1.2225,1.2226
1769864280,1.2226,1.2229,1.2221,1.2227
1769864340,1.2227,1.2228,1.2209,1.2226
1769864400,1.2226,1.2232,1.2214,1.2224
1769864460,1.2224,1.2236,1.2223,1.2228
1769864520,1.2228,1.224,1.2221,1.223
1769864580,1.223,1.2232,1.2208,1.2217
1769864640,1.2217,1.2224,1.2203,1.2224
1769864700,1.2224,1.2232,1.2224,1.223
1769864760,1.223,1.2233,1.2222,1.2227
1769864820,1.2227,1.2227,1.222,1.2227
1769864880,1.2227,1.2238,1.2225,1.2237
1769864940,1.2237,1.2242,1.223,1.2235
1769865000,1.2235,1.2235,1.2198,1.2202
1769865060,1.2202,1.2213,1.2201,1.2213
1769865120,1.2213,1.2215,1.22,1.2202
1769865180,1.2202,1.2206,1.2191,1.2198
1769865240,1.2198,1.2214,1.2194,1.2201
1769865300,1.2201,1.2214,1.2201,1.2214
1769865360,1.2214,1.2214,1.2204,1.2214
1769865420,1.2214,1.2223,1.2214,1.2223
1769865480,1.2223,1.2234,1.2223,1.223
1769865540,1.223,1.223,1.2186,1.2207
1769865600,1.2207,1.2212,1.2203,1.2208
1769865660,1.2208,1.2221,1.2207,1.2214
1769865720,1.2214,1.2215,1.2194,1.2208
1769865780,1.2208,1.222,1.2205,1.2212
1769865840,1.2212,1.2216,1.2208,1.221
1769865900,1.221,1.2227,1.2209,1.2216
1769865960,1.2216,1.2223,1.2204,1.2215
1769866020,1.2215,1.2216,1.2208,1.221
1769866080,1.221,1.2219,1.2205,1.2219
1769866140,1.2219,1.2222,1.2209,1.2218
1769866200,1.2218,1.2223,1.2216,1.2219
1769866260,1.2219,1.2225,1.221,1.2214
1769866320,1.2214,1.2217,1.2166,1.217
1769866380,1.217,1.2184,1.2159,1.2182
1769866440,1.2182,1.2182,1.2127,1.215
1769866500,1.215,1.2186,1.2149,1.2186
1769866560,1.2186,1.2204,1.2158,1.2167
1769866620,1.2167,1.218,1.2167,1.2169
1769866680,1.2169,1.2173,1.2145,1.2158
1769866740,1.2158,1.2167,1.2156,1.2163
1769866800,1.2163,1.2175,1.2145,1.2152
1769866860,1.2152,1.2159,1.2147,1.2149
1769866920,1.2149,1.2157,1.2137,1.2151
1769866980,1.2151,1.2153,1.2129,1.2148
1769867040,1.2148,1.2161,1.2148,1.2151
1769867100,1.2151,1.2155,1.2141,1.2147
1769867160,1.2147,1.2174,1.2145,1.2156
1769867220,1.2156,1.2167,1.2151,1.2151
1769867280,1.2151,1.216,1.215,1.216
1769867340,1.216,1.2166,1.2149,1.2163
1769867400,1.2163,1.2163,1.2147,1.2157
1769867460,1.2157,1.2164,1.2148,1.2149
1769867520,1.2149,1.2155,1.2141,1.2145
1769867580,1.2145,1.2161,1.2145,1.2156
1769867640,1.2156,1.2162,1.2148,1.215
1769867700,1.215,1.2157,1.2142,1.2145
1769867760,1.2145,1.215,1.2144,1.2145
1769867820,1.2145,1.2149,1.2142,1.2142
1769867880,1.2142,1.2153,1.2142,1.2151
1769867940,1.2151,1.2158,1.2145,1.2153
1769868000,1.2153,1.2188,1.2153,1.2188
1769868060,1.2188,1.2195,1.2166,1.2172
1769868120,1.2172,1.2172,1.2144,1.2147
1769868180,1.2147,1.2163,1.2147,1.2154
1769868240,1.2154,1.217,1.215,1.217
1769868300,1.217,1.2184,1.2161,1.2161
1769868360,1.2161,1.2187,1.2161,1.2187
1769868420,1.2187,1.2187,1.2139,1.2139
1769868480,1.2139,1.2139,1.2091,1.2097
1769868540,1.2097,1.2108,1.2081,1.2104
1769868600,1.2104,1.2129,1.2064,1.2066
1769868660,1.2066,1.2116,1.2065,1.2089
1769868720,1.2089,1.2095,1.2071,1.2079
1769868780,1.2079,1.2081,1.2044,1.2078
1769868840,1.2078,1.209,1.2025,1.2074
1769868900,1.2074,1.2081,1.2027,1.2066
1769868960,1.2066,1.2088,1.2065,1.2088
1769869020,1.2088,1.209,1.204,1.2053
1769869080,1.2053,1.2056,1.1974,1.1984
1769869140,1.1984,1.1995,1.1952,1.1969
1769869200,1.1969,1.1986,1.1942,1.1956
1769869260,1.1956,1.199,1.1953,1.1959
1769869320,1.1959,1.196,1.1881,1.1882
1769869380,1.1882,1.1902,1.1837,1.1869
1769869440,1.1869,1.1877,1.1779,1.1809
1769869500,1.1809,1.186,1.179,1.1807
1769869560,1.1807,1.1818,1.1472,1.1614
1769869620,1.1614,1.1685,1.1536,1.1634
1769869680,1.1634,1.1671,1.1563,1.1606
1769869740,1.1606,1.1659,1.1552,1.1619
1769869800,1.1619,1.168,1.1568,1.1645
1769869860,1.1645,1.1648,1.1526,1.1529
1769869920,1.1529,1.1632,1.149,1.1625
1769869980,1.1625,1.166,1.1583,1.1615
1769870040,1.1615,1.1643,1.1582,1.1602
1769870100,1.1602,1.1625,1.1576,1.1589
1769870160,1.1589,1.1603,1.1526,1.1548
1769870220,1.1548,1.1567,1.1488,1.1516
1769870280,1.1516,1.1525,1.1414,1.1497
1769870340,1.1497,1.1555,1.1465,1.1523
1769870400,1.1523,1.1539,1.1474,1.1474
1769870460,1.1474,1.1521,1.1471,1.1481
1769870520,1.1481,1.1489,1.144,1.1469
1769870580,1.1469,1.1485,1.1464,1.147
1769870640,1.147,1.1498,1.1456,1.1476
1769870700,1.1476,1.1536,1.1422,1.1519
1769870760,1.1519,1.159,1.1506,1.1544
1769870820,1.1544,1.1578,1.1544,1.1544
1769870880,1.1544,1.1603,1.1544,1.16
1769870940,1.16,1.1606,1.1554,1.1556
1769871000,1.1556,1.1576,1.1536,1.1539
1769871060,1.1539,1.1567,1.1531,1.1562
1769871120,1.1562,1.1572,1.1557,1.1558
1769871180,1.1558,1.1568,1.1547,1.1555
1769871240,1.1555,1.1668,1.155,1.1658
1769871300,1.1658,1.1687,1.1641,1.1673
1769871360,1.1673,1.1673,1.1628,1.1644
1769871420,1.1644,1.1678,1.1643,1.1672
1769871480,1.1672,1.1689,1.1668,1.1683
1769871540,1.1683,1.1692,1.168,1.1681
1769871600,1.1681,1.1738,1.167,1.1704
1769871660,1.1704,1.1704,1.1666,1.1673
1769871720,1.1673,1.1716,1.1672,1.1704
1769871780,1.1704,1.1711,1.1685,1.1699
1769871840,1.1699,1.1709,1.1677,1.1704
1769871900,1.1704,1.1843,1.1703,1.1833
1769871960,1.1833,1.1873,1.183,1.1839
1769872020,1.1839,1.186,1.1823,1.186
1769872080,1.186,1.1873,1.181,1.182
1769872140,1.182,1.1831,1.1795,1.18
1769872200,1.18,1.1806,1.1771,1.1805
1769872260,1.1805,1.1816,1.1796,1.1804
1769872320,1.1804,1.1819,1.1796,1.1812
1769872380,1.1812,1.1813,1.1789,1.1799
1769872440,1.1799,1.1799,1.1769,1.1787
1769872500,1.1787,1.1787,1.1765,1.1779
1769872560,1.1779,1.1779,1.1759,1.1761
1769872620,1.1761,1.1789,1.1752,1.1789
1769872680,1.1789,1.1812,1.1787,1.1805
1769872740,1.1805,1.1819,1.1796,1.18
1769872800,1.18,1.1809,1.1754,1.1761
1769872860,1.1761,1.1771,1.1749,1.1756
1769872920,1.1756,1.1756,1.1732,1.1751
1769872980,1.1751,1.1751,1.1718,1.1725
1769873040,1.1725,1.1736,1.1706,1.1722
1769873100,1.1722,1.1753,1.1716,1.1736
1769873160,1.1736,1.1769,1.1732,1.175
1769873220,1.175,1.176,1.1739,1.1758
1769873280,1.1758,1.1787,1.1757,1.1776
1769873340,1.1776,1.1787,1.177,1.178
1769873400,1.178,1.1806,1.1775,1.1787
1769873460,1.1787,1.1792,1.1755,1.1755
1769873520,1.1755,1.1832,1.1751,1.1826
1769873580,1.1826,1.1833,1.1812,1.1824
1769873640,1.1824,1.1828,1.1811,1.1819
1769873700,1.1819,1.1819,1.1793,1.1793
1769873760,1.1793,1.1793,1.1756,1.1769
1769873820,1.1769,1.177,1.1745,1.1768
1769873880,1.1768,1.1781,1.1758,1.1769
1769873940,1.1769,1.1781,1.1757,1.1779
1769874000,1.1779,1.1779,1.1764,1.1769
1769874060,1.1769,1.1789,1.1769,1.1783
1769874120,1.1783,1.1787,1.1762,1.1766
1769874180,1.1766,1.1771,1.1758,1.1762
1769874240,1.1762,1.1775,1.176,1.1773
1769874300,1.1773,1.1783,1.1759,1.1771
1769874360,1.1771,1.1779,1.1749,1.1751
1769874420,1.1751,1.1763,1.1735,1.1743
1769874480,1.1743,1.178,1.1743,1.178
1769874540,1.178,1.1798,1.1768,1.1772
1769874600,1.1772,1.1773,1.1739,1.1748
1769874660,1.1748,1.1748,1.1724,1.1735
1769874720,1.1735,1.1745,1.1725,1.1732
1769874780,1.1732,1.1734,1.1725,1.1727
1769874840,1.1727,1.1755,1.1721,1.1742
1769874900,1.1742,1.175,1.1742,1.1749
1769874960,1.1749,1.175,1.1737,1.1741
1769875020,1.1741,1.1741,1.1672,1.1689
1769875080,1.1689,1.1698,1.1677,1.1689
1769875140,1.1689,1.171,1.1681,1.1684
1769875200,1.1684,1.1727,1.1683,1.1713
1769875260,1.1713,1.1716,1.1682,1.1685
1769875320,1.1685,1.1696,1.1668,1.169
1769875380,1.169,1.1711,1.1681,1.1685
1769875440,1.1685,1.1688,1.1672,1.1679
1769875500,1.1679,1.1679,1.1653,1.1654
1769875560,1.1654,1.1668,1.1654,1.1657
1769875620,1.1657,1.1657,1.158,1.1634
1769875680,1.1634,1.1657,1.162,1.1637
1769875740,1.1637,1.1637,1.1587,1.1591
1769875800,1.1591,1.1661,1.1591,1.166
1769875860,1.166,1.1672,1.1641,1.1648
1769875920,1.1648,1.1686,1.1648,1.1671
1769875980,1.1671,1.1671,1.164,1.1646
1769876040,1.1646,1.1655,1.163,1.1646
1769876100,1.1646,1.1657,1.1641,1.1644
1769876160,1.1644,1.1644,1.1568,1.1572
1769876220,1.1572,1.1711,1.1566,1.1699
1769876280,1.1699,1.1824,1.1692,1.1793
1769876340,1.1793,1.181,1.1755,1.1762
1769876400,1.1762,1.1811,1.1726,1.1811
1769876460,1.1811,1.1887,1.1791,1.1808
1769876520,1.1808,1.1849,1.1791,1.1838
1769876580,1.1838,1.1908,1.1838,1.1862
1769876640,1.1862,1.1891,1.1858,1.1865
1769876700,1.1865,1.1889,1.1821,1.1824
1769876760,1.1824,1.1833,1.1799,1.1817
1769876820,1.1817,1.1817,1.1778,1.1778
1769876880,1.1778,1.1788,1.1755,1.1772
1769876940,1.1772,1.1786,1.1768,1.1775
1769877000,1.1775,1.1796,1.1772,1.1776
1769877060,1.1776,1.1787,1.1735,1.1786
1769877120,1.1786,1.1793,1.1756,1.1761
1769877180,1.1761,1.1767,1.1738,1.176
1769877240,1.176,1.1776,1.1741,1.1745
1769877300,1.1745,1.176,1.1723,1.174
1769877360,1.174,1.1746,1.1727,1.1733
1769877420,1.1733,1.1771,1.1733,1.175
1769877480,1.175,1.1761,1.172,1.1737
1769877540,1.1737,1.1737,1.1724,1.1725
1769877600,1.1725,1.1748,1.1702,1.1745
1769877660,1.1745,1.1759,1.1743,1.1758
1769877720,1.1758,1.1759,1.1745,1.1746
1769877780,1.1746,1.176,1.1726,1.1728
1769877840,1.1728,1.1731,1.1697,1.171
1769877900,1.171,1.1714,1.1698,1.17
1769877960,1.17,1.1712,1.1682,1.1689
1769878020,1.1689,1.1692,1.1569,1.1598
1769878080,1.1598,1.1711,1.1588,1.1683
1769878140,1.1683,1.17,1.1655,1.1687
1769878200,1.1687,1.1711,1.1685,1.1688
1769878260,1.1688,1.169,1.1655,1.1666
1769878320,1.1666,1.1699,1.1666,1.1679
1769878380,1.1679,1.1679,1.1619,1.1619
1769878440,1.1619,1.1656,1.1609,1.1614
1769878500,1.1614,1.1637,1.1599,1.1625
1769878560,1.1625,1.1637,1.1599,1.161
1769878620,1.161,1.1614,1.1513,1.1569
1769878680,1.1569,1.162,1.1563,1.1576
1769878740,1.1576,1.1599,1.1575,1.1589
1769878800,1.1589,1.1632,1.1589,1.1632
1769878860,1.1632,1.1634,1.1589,1.16
1769878920,1.16,1.1619,1.159,1.1609
1769878980,1.1609,1.1629,1.1589,1.1624
1769879040,1.1624,1.1629,1.1602,1.1602
1769879100,1.1602,1.1602,1.1544,1.1555
1769879160,1.1555,1.1607,1.1547,1.1585
1769879220,1.1585,1.159,1.1563,1.1569
1769879280,1.1569,1.1572,1.1458,1.1476
1769879340,1.1476,1.1534,1.1455,1.1459
1769879400,1.1459,1.1483,1.1334,1.1377
1769879460,1.1377,1.1412,1.0945,1.0987
1769879520,1.0987,1.1192,1.0825,1.11
1769879580,1.11,1.1272,1.1054,1.1269
1769879640,1.1269,1.1325,1.1159,1.1163
1769879700,1.1163,1.1295,1.1163,1.1252
1769879760,1.1252,1.1304,1.1212,1.1235
1769879820,1.1235,1.1301,1.1225,1.1259
1769879880,1.1259,1.1297,1.1238,1.1275
1769879940,1.1275,1.1291,1.1222,1.1232
1769880000,1.1232,1.1241,1.1133,1.1203
1769880060,1.1203,1.1208,1.1152,1.1181
1769880120,1.1181,1.1205,1.1155,1.1195
1769880180,1.1195,1.1214,1.1147,1.1166
1769880240,1.1166,1.1242,1.1153,1.1175
1769880300,1.1175,1.1198,1.1155,1.1182
1769880360,1.1182,1.1203,1.113,1.1145
1769880420,1.1145,1.1194,1.1133,1.1174
1769880480,1.1174,1.1183,1.1122,1.1142
1769880540,1.1142,1.118,1.1142,1.1174
1769880600,1.1174,1.1226,1.1154,1.1173
1769880660,1.1173,1.1201,1.1167,1.1168
1769880720,1.1168,1.1193,1.1146,1.1146
1769880780,1.1146,1.1146,1.1059,1.107
1769880840,1.107,1.1127,1.1032,1.1051
1769880900,1.1051,1.1128,1.1037,1.1118
1769880960,1.1118,1.1289,1.1116,1.1258
1769881020,1.1258,1.1288,1.1181,1.1191
1769881080,1.1191,1.122,1.1181,1.1214
1769881140,1.1214,1.1229,1.1203,1.1209
1769881200,1.1209,1.1239,1.1165,1.1201
1769881260,1.1201,1.1211,1.1179,1.1182
1769881320,1.1182,1.1198,1.1163,1.1169
1769881380,1.1169,1.1224,1.1162,1.122
1769881440,1.122,1.1256,1.1122,1.1196
1769881500,1.1196,1.1245,1.1196,1.1224
1769881560,1.1224,1.1224,1.1112,1.1118
1769881620,1.1118,1.1119,1.1074,1.109
1769881680,1.109,1.1114,1.1046,1.107
1769881740,1.107,1.109,1.1046,1.1061
1769881800,1.1061,1.1101,1.1052,1.1094
1769881860,1.1094,1.1157,1.1087,1.1124
1769881920,1.1124,1.1153,1.1097,1.1143
1769881980,1.1143,1.1166,1.1143,1.115
1769882040,1.115,1.115,1.1099,1.1127
1769882100,1.1127,1.1184,1.1125,1.1153
1769882160,1.1153,1.1168,1.1138,1.1153
1769882220,1.1153,1.1156,1.1102,1.1139
1769882280,1.1139,1.1145,1.1111,1.1114
1769882340,1.1114,1.114,1.1108,1.1127
1769882400,1.1127,1.1212,1.1124,1.1202
1769882460,1.1202,1.1207,1.1143,1.1161
1769882520,1.1161,1.118,1.1146,1.1174
1769882580,1.1174,1.118,1.1138,1.1138
1769882640,1.1138,1.1143,1.1124,1.1143
1769882700,1.1143,1.1201,1.1143,1.1188
1769882760,1.1188,1.1189,1.1143,1.1154
1769882820,1.1154,1.1162,1.113,1.1154
1769882880,1.1154,1.1154,1.1118,1.1134
1769882940,1.1134,1.118,1.1133,1.1174
1769883000,1.1174,1.1188,1.1144,1.1177
1769883060,1.1177,1.1198,1.1166,1.1181
1769883120,1.1181,1.1199,1.1174,1.1192
1769883180,1.1192,1.1192,1.1153,1.1169
1769883240,1.1169,1.117,1.1141,1.1151
1769883300,1.1151,1.1155,1.1106,1.111
1769883360,1.111,1.1133,1.1093,1.1097
1769883420,1.1097,1.1131,1.1093,1.1102
1769883480,1.1102,1.1102,1.1043,1.1056
1769883540,1.1056,1.1088,1.105,1.107
1769883600,1.107,1.1083,1.1016,1.1045
1769883660,1.1045,1.1068,1.1019,1.1056
1769883720,1.1056,1.1139,1.1052,1.1092
1769883780,1.1092,1.1097,1.1078,1.1089
1769883840,1.1089,1.1089,1.106,1.106
1769883900,1.106,1.1085,1.1057,1.1068
1769883960,1.1068,1.1068,1.1037,1.1044
1769884020,1.1044,1.1067,1.1043,1.1061
1769884080,1.1061,1.1114,1.1061,1.109
1769884140,1.109,1.1099,1.1074,1.1095
1769884200,1.1095,1.1121,1.1092,1.1107
1769884260,1.1107,1.1117,1.106,1.1075
1769884320,1.1075,1.1078,1.1067,1.1073
1769884380,1.1073,1.1073,1.1008,1.1014
1769884440,1.1014,1.1014,1.0982,1.0992
1769884500,1.0992,1.0992,1.0959,1.0972
1769884560,1.0972,1.0984,1.0954,1.0955
1769884620,1.0955,1.0974,1.0911,1.0918
1769884680,1.0918,1.094,1.085,1.0912
1769884740,1.0912,1.0948,1.0879,1.0893
1769884800,1.0893,1.0917,1.0813,1.0824
1769884860,1.0824,1.0898,1.0823,1.088
1769884920,1.088,1.0911,1.0865,1.0872
1769884980,1.0872,1.0875,1.0363,1.0363
1769885040,1.0363,1.0914,1.0314,1.0897
1769885100,1.0897,1.1008,1.0815,1.0975
1769885160,1.0975,1.1107,1.0969,1.1005
1769885220,1.1005,1.1069,1.0959,1.1035
1769885280,1.1035,1.1067,1.0983,1.1031
1769885340,1.1031,1.1069,1.0983,1.1052
1769885400,1.1052,1.1099,1.1012,1.1023
1769885460,1.1023,1.1025,1.0992,1.1022
1769885520,1.1022,1.1145,1.1006,1.1096
1769885580,1.1096,1.1105,1.1043,1.1096
1769885640,1.1096,1.1105,1.1024,1.1025
1769885700,1.1025,1.1028,1.0964,1.1009
1769885760,1.1009,1.1051,1.0986,1.1046
1769885820,1.1046,1.1117,1.1041,1.1091
1769885880,1.1091,1.1119,1.1078,1.11
1769885940,1.11,1.1121,1.1076,1.1083
1769886000,1.1083,1.1168,1.1071,1.1148
1769886060,1.1148,1.1148,1.107,1.1097
1769886120,1.1097,1.1123,1.108,1.1092
1769886180,1.1092,1.1186,1.108,1.1144
1769886240,1.1144,1.1144,1.1108,1.1119
1769886300,1.1119,1.115,1.1102,1.1146
1769886360,1.1146,1.1183,1.1101,1.1105
1769886420,1.1105,1.1129,1.1089,1.1129
1769886480,1.1129,1.1161,1.1113,1.1134
1769886540,1.1134,1.1175,1.1086,1.1172
1769886600,1.1172,1.1258,1.1168,1.1193
1769886660,1.1193,1.1196,1.114,1.1177
1769886720,1.1177,1.1227,1.117,1.1227
1769886780,1.1227,1.1249,1.1213,1.1243
1769886840,1.1243,1.1254,1.1225,1.1251
1769886900,1.1251,1.1251,1.1205,1.1234
1769886960,1.1234,1.1314,1.1232,1.1255
1769887020,1.1255,1.1255,1.1197,1.1206
1769887080,1.1206,1.1234,1.1196,1.1197
1769887140,1.1197,1.1221,1.1179,1.1217
1769887200,1.1217,1.1234,1.1192,1.1208
1769887260,1.1208,1.1208,1.1152,1.1155
1769887320,1.1155,1.1159,1.1123,1.113
1769887380,1.113,1.1152,1.1124,1.1128
1769887440,1.1128,1.114,1.1125,1.1131
1769887500,1.1131,1.1154,1.1117,1.1134
1769887560,1.1134,1.117,1.113,1.115
1769887620,1.115,1.1195,1.114,1.1156
1769887680,1.1156,1.1163,1.1141,1.1157
1769887740,1.1157,1.1175,1.1156,1.1164
1769887800,1.1164,1.12,1.1163,1.117
1769887860,1.117,1.1177,1.1118,1.1121
1769887920,1.1121,1.1121,1.1069,1.1084
1769887980,1.1084,1.1107,1.1083,1.1095
1769888040,1.1095,1.1098,1.1078,1.1093
1769888100,1.1093,1.1101,1.1066,1.1072
1769888160,1.1072,1.1091,1.105,1.1054
1769888220,1.1054,1.1074,1.1038,1.1054
1769888280,1.1054,1.1054,1.1028,1.1043
1769888340,1.1043,1.1051,1.1029,1.1036
1769888400,1.1036,1.1055,1.1015,1.1025
1769888460,1.1025,1.103,1.1003,1.1014
1769888520,1.1014,1.1017,1.0994,1.1002
1769888580,1.1002,1.107,1.1002,1.1028
1769888640,1.1028,1.1035,1.101,1.1026
1769888700,1.1026,1.107,1.1024,1.1058
1769888760,1.1058,1.1062,1.1026,1.1062
1769888820,1.1062,1.1114,1.1059,1.109
1769888880,1.109,1.1104,1.1064,1.1083
1769888940,1.1083,1.1106,1.1063,1.1106
1769889000,1.1106,1.112,1.1092,1.1107
1769889060,1.1107,1.1108,1.1077,1.1103
1769889120,1.1103,1.1107,1.107,1.109
1769889180,1.109,1.109,1.1073,1.108
1769889240,1.108,1.1084,1.107,1.1082
1769889300,1.1082,1.1102,1.1082,1.1092
1769889360,1.1092,1.1126,1.1085,1.1116
1769889420,1.1116,1.1128,1.1093,1.1094
1769889480,1.1094,1.1118,1.1092,1.1099
1769889540,1.1099,1.1109,1.1084,1.1086
1769889600,1.1086,1.1128,1.1083,1.1128
1769889660,1.1128,1.1129,1.1105,1.111
1769889720,1.111,1.1122,1.1088,1.1104
1769889780,1.1104,1.1107,1.1056,1.1061
1769889840,1.1061,1.1078,1.1051,1.1066
1769889900,1.1066,1.1083,1.1058,1.1079
1769889960,1.1079,1.1126,1.1079,1.1111
1769890020,1.1111,1.1128,1.1101,1.1122
1769890080,1.1122,1.1122,1.1079,1.1088
1769890140,1.1088,1.1101,1.1075,1.1078
1769890200,1.1078,1.1091,1.1058,1.1063
1769890260,1.1063,1.1069,1.1059,1.1064
1769890320,1.1064,1.1067,1.1028,1.1031
1769890380,1.1031,1.105,1.1031,1.1037
1769890440,1.1037,1.1044,1.1013,1.103
1769890500,1.103,1.1043,1.1024,1.1042
1769890560,1.1042,1.1042,1.1025,1.1037
1769890620,1.1037,1.1039,1.1017,1.1024
1769890680,1.1024,1.1044,1.1023,1.1044
1769890740,1.1044,1.1052,1.1033,1.1052
1769890800,1.1052,1.1059,1.1031,1.1041
1769890860,1.1041,1.1061,1.1033,1.1056
1769890920,1.1056,1.12,1.1056,1.1171
1769890980,1.1171,1.1177,1.1084,1.1085
1769891040,1.1085,1.1093,1.1042,1.1051
1769891100,1.1051,1.1062,1.103,1.1031
1769891160,1.1031,1.1034,1.1013,1.1014
1769891220,1.1014,1.1027,1.1013,1.1014
1769891280,1.1014,1.102,1.1001,1.1013
1769891340,1.1013,1.1021,1.0985,1.0986
1769891400,1.0986,1.0991,1.0963,1.0971
1769891460,1.0971,1.0991,1.0971,1.0974
1769891520,1.0974,1.0984,1.0947,1.0969
1769891580,1.0969,1.0975,1.095,1.0964
1769891640,1.0964,1.0986,1.0954,1.0985
1769891700,1.0985,1.1016,1.0967,1.0969
1769891760,1.0969,1.0989,1.0958,1.0962
1769891820,1.0962,1.0966,1.095,1.0962
1769891880,1.0962,1.0971,1.0931,1.0966
1769891940,1.0966,1.0976,1.0954,1.0973
1769892000,1.0973,1.0983,1.0963,1.0983
1769892060,1.0983,1.0993,1.0971,1.0989
1769892120,1.0989,1.1025,1.0989,1.1016
1769892180,1.1016,1.1084,1.1016,1.1067
1769892240,1.1067,1.1081,1.1049,1.1078
1769892300,1.1078,1.1079,1.1044,1.1052
1769892360,1.1052,1.1092,1.1038,1.1087
1769892420,1.1087,1.1087,1.1058,1.1058
1769892480,1.1058,1.1073,1.1058,1.1063
1769892540,1.1063,1.1063,1.1016,1.1027
1769892600,1.1027,1.1037,1.1017,1.1033
1769892660,1.1033,1.1044,1.1028,1.1029
1769892720,1.1029,1.1038,1.1025,1.1028
1769892780,1.1028,1.1034,1.1011,1.1028
1769892840,1.1028,1.1058,1.1027,1.1058
1769892900,1.1058,1.1079,1.1048,1.1078
1769892960,1.1078,1.113,1.1072,1.1126
1769893020,1.1126,1.1127,1.1105,1.1123
1769893080,1.1123,1.1143,1.1111,1.1133
1769893140,1.1133,1.1136,1.1102,1.111
1769893200,1.111,1.1162,1.1108,1.1157
1769893260,1.1157,1.1192,1.1146,1.1166
1769893320,1.1166,1.1166,1.1093,1.11
1769893380,1.11,1.111,1.1058,1.1064
1769893440,1.1064,1.1078,1.1046,1.1053
1769893500,1.1053,1.1081,1.1043,1.106
1769893560,1.106,1.1081,1.106,1.1069
1769893620,1.1069,1.1116,1.1069,1.1114
1769893680,1.1114,1.1131,1.11,1.111
1769893740,1.111,1.112,1.1099,1.1117
1769893800,1.1117,1.1117,1.1081,1.1099
1769893860,1.1099,1.1099,1.1072,1.1075
1769893920,1.1075,1.1091,1.1074,1.1081
1769893980,1.1081,1.1084,1.1063,1.1067
1769894040,1.1067,1.1068,1.1049,1.1059
1769894100,1.1059,1.1108,1.1059,1.11
1769894160,1.11,1.1121,1.108,1.111
1769894220,1.111,1.1133,1.1102,1.1132
1769894280,1.1132,1.1152,1.1121,1.1126
1769894340,1.1126,1.1127,1.1094,1.1126
1769894400,1.1126,1.1126,1.1085,1.1089
1769894460,1.1089,1.1095,1.1069,1.1077
1769894520,1.1077,1.1099,1.1054,1.1055
1769894580,1.1055,1.1095,1.1053,1.1094
1769894640,1.1094,1.1118,1.1091,1.1104
1769894700,1.1104,1.1124,1.1104,1.1124
1769894760,1.1124,1.1157,1.1121,1.1157
1769894820,1.1157,1.1211,1.1155,1.1195
1769894880,1.1195,1.1233,1.1193,1.1213
1769894940,1.1213,1.1216,1.1195,1.1201
1769895000,1.1201,1.1207,1.1184,1.1191
1769895060,1.1191,1.1192,1.1156,1.1188
1769895120,1.1188,1.122,1.1181,1.1217
1769895180,1.1217,1.1217,1.1186,1.1193
1769895240,1.1193,1.1239,1.1193,1.1239
1769895300,1.1239,1.1271,1.1232,1.127
1769895360,1.127,1.1281,1.1261,1.1281
1769895420,1.1281,1.1319,1.1267,1.1305
1769895480,1.1305,1.1323,1.1287,1.1306
1769895540,1.1306,1.1316,1.1282,1.1292
1769895600,1.1292,1.1311,1.1284,1.1296
1769895660,1.1296,1.1316,1.1286,1.1314
1769895720,1.1314,1.1322,1.1287,1.1303
1769895780,1.1303,1.1313,1.1295,1.1301
1769895840,1.1301,1.1301,1.1281,1.1291
1769895900,1.1291,1.1292,1.1262,1.1268
1769895960,1.1268,1.1283,1.1267,1.1271
1769896020,1.1271,1.1285,1.1268,1.1279
1769896080,1.1279,1.1289,1.1267,1.128
1769896140,1.128,1.1298,1.1267,1.1286
1769896200,1.1286,1.1288,1.1262,1.1285
1769896260,1.1285,1.1311,1.1274,1.1295
1769896320,1.1295,1.1295,1.1272,1.1279
1769896380,1.1279,1.1316,1.1276,1.1289
1769896440,1.1289,1.1289,1.1274,1.1278
1769896500,1.1278,1.1287,1.1272,1.1272
1769896560,1.1272,1.1272,1.1255,1.1258
1769896620,1.1258,1.1258,1.1245,1.1248
1769896680,1.1248,1.1271,1.1248,1.1271
1769896740,1.1271,1.1274,1.1233,1.127
1769896800,1.127,1.1287,1.1262,1.1263
1769896860,1.1263,1.1294,1.1256,1.1291
1769896920,1.1291,1.1293,1.1281,1.1283
1769896980,1.1283,1.1294,1.1266,1.1285
1769897040,1.1285,1.1306,1.1281,1.1297
1769897100,1.1297,1.1307,1.1286,1.1291
1769897160,1.1291,1.1291,1.1264,1.1276
1769897220,1.1276,1.1291,1.1266,1.1268
1769897280,1.1268,1.1268,1.123,1.1242
1769897340,1.1242,1.1268,1.1234,1.125
1769897400,1.125,1.126,1.1239,1.1243
1769897460,1.1243,1.1243,1.1216,1.1223
1769897520,1.1223,1.1232,1.1205,1.1213
1769897580,1.1213,1.1213,1.1203,1.121
1769897640,1.121,1.122,1.1198,1.1203
1769897700,1.1203,1.1223,1.1199,1.1222
1769897760,1.1222,1.1226,1.1216,1.1222
1769897820,1.1222,1.1235,1.1218,1.1225
1769897880,1.1225,1.1225,1.1198,1.1201
1769897940,1.1201,1.1209,1.1179,1.119
1769898000,1.119,1.1203,1.1186,1.1191
1769898060,1.1191,1.122,1.1191,1.122
1769898120,1.122,1.1222,1.1188,1.1196
1769898180,1.1196,1.1197,1.1187,1.1191
1769898240,1.1191,1.1218,1.1188,1.1207
1769898300,1.1207,1.1224,1.1206,1.1211
1769898360,1.1211,1.1211,1.1197,1.1198
1769898420,1.1198,1.1212,1.1194,1.1212
1769898480,1.1212,1.1223,1.121,1.1216
1769898540,1.1216,1.1233,1.1211,1.123
1769898600,1.123,1.1245,1.1225,1.1228
1769898660,1.1228,1.1228,1.1192,1.1194
1769898720,1.1194,1.1208,1.1191,1.1207
1769898780,1.1207,1.123,1.1205,1.123
1769898840,1.123,1.1238,1.1228,1.123
1769898900,1.123,1.123,1.1216,1.1216
1769898960,1.1216,1.1216,1.1187,1.1187
1769899020,1.1187,1.1202,1.1171,1.1182
1769899080,1.1182,1.1191,1.1174,1.1191
1769899140,1.1191,1.1203,1.1182,1.1203
1769899200,1.1203,1.1203,1.1186,1.1193
1769899260,1.1193,1.1195,1.1165,1.1182
1769899320,1.1182,1.1221,1.1182,1.1197
1769899380,1.1197,1.1201,1.1193,1.1195
1769899440,1.1195,1.1196,1.1189,1.1191
1769899500,1.1191,1.1191,1.1173,1.1182
1769899560,1.1182,1.1186,1.1178,1.1186
1769899620,1.1186,1.1188,1.1184,1.1188
1769899680,1.1188,1.1198,1.1188,1.1195
1769899740,1.1195,1.1196,1.1182,1.1184
1769899800,1.1184,1.1195,1.1184,1.1194
1769899860,1.1194,1.1194,1.119,1.1191
1769899920,1.1191,1.1197,1.119,1.1196
1769899980,1.1196,1.1204,1.1195,1.1196
1769900040,1.1196,1.1212,1.1194,1.1212
1769900100,1.1212,1.1247,1.1212,1.1247
1769900160,1.1247,1.1247,1.1226,1.1233
1769900220,1.1233,1.1258,1.1233,1.125
1769900280,1.125,1.1255,1.1231,1.1234
1769900340,1.1234,1.1242,1.1221,1.1239
1769900400,1.1239,1.1256,1.1233,1.1256
1769900460,1.1256,1.1256,1.1246,1.1256
1769900520,1.1256,1.1272,1.1254,1.1261
1769900580,1.1261,1.1262,1.1228,1.125
1769900640,1.125,1.1259,1.1235,1.1255
1769900700,1.1255,1.1266,1.1251,1.1255
1769900760,1.1255,1.1282,1.1255,1.1276
1769900820,1.1276,1.1295,1.1266,1.1293
1769900880,1.1293,1.1295,1.1272,1.1288
1769900940,1.1288,1.1295,1.1282,1.1288
1769901000,1.1288,1.1291,1.1277,1.1277
1769901060,1.1277,1.1277,1.127,1.127
1769901120,1.127,1.127,1.1252,1.1264
1769901180,1.1264,1.1288,1.1263,1.1288
1769901240,1.1288,1.1293,1.1284,1.1286
1769901300,1.1286,1.1301,1.1278,1.1292
1769901360,1.1292,1.1295,1.1282,1.129
1769901420,1.129,1.134,1.129,1.1331
1769901480,1.1331,1.1333,1.1311,1.1329
1769901540,1.1329,1.1381,1.1328,1.1381
1769901600,1.1381,1.1395,1.1361,1.1368
1769901660,1.1368,1.1423,1.1355,1.1417
1769901720,1.1417,1.1464,1.1417,1.1434
1769901780,1.1434,1.153,1.1432,1.1523
1769901840,1.1523,1.1584,1.1511,1.1577
1769901900,1.1577,1.1579,1.1543,1.1547
1769901960,1.1547,1.1552,1.1521,1.1534
1769902020,1.1534,1.156,1.1529,1.1532
1769902080,1.1532,1.1532,1.15,1.1512
1769902140,1.1512,1.1548,1.1506,1.1533
1769902200,1.1533,1.1547,1.1506,1.152
1769902260,1.152,1.152,1.1493,1.15
1769902320,1.15,1.1522,1.15,1.1513
1769902380,1.1513,1.1557,1.1507,1.1549
1769902440,1.1549,1.1567,1.1534,1.1567
1769902500,1.1567,1.159,1.1567,1.1584
1769902560,1.1584,1.1585,1.1534,1.1537
1769902620,1.1537,1.1547,1.1518,1.153
1769902680,1.153,1.153,1.1479,1.1486
1769902740,1.1486,1.1493,1.1484,1.149
1769902800,1.149,1.1506,1.1486,1.1506
1769902860,1.1506,1.1519,1.1498,1.1498
1769902920,1.1498,1.1518,1.1493,1.1504
1769902980,1.1504,1.1511,1.1484,1.1487
1769903040,1.1487,1.1497,1.1487,1.149
1769903100,1.149,1.1497,1.1457,1.1459
1769903160,1.1459,1.1479,1.1432,1.1471
1769903220,1.1471,1.1471,1.1449,1.1449
1769903280,1.1449,1.1477,1.1448,1.1477
1769903340,1.1477,1.1492,1.1468,1.1469
1769903400,1.1469,1.1485,1.1469,1.1485
1769903460,1.1485,1.1498,1.1484,1.1492
1769903520,1.1492,1.1507,1.1486,1.1501
1769903580,1.1501,1.1519,1.1497,1.1515
1769903640,1.1515,1.153,1.1513,1.1522
1769903700,1.1522,1.1536,1.1515,1.1517
1769903760,1.1517,1.1529,1.1517,1.1521
1769903820,1.1521,1.1524,1.151,1.1513
1769903880,1.1513,1.1529,1.1512,1.1526
1769903940,1.1526,1.1538,1.1509,1.1524
1770249600,1.0836,1.0847,1.0836,1.0847
1770249660,1.0847,1.0853,1.0838,1.0838
1770249720,1.0838,1.0841,1.0824,1.0841
1770249780,1.0841,1.0844,1.0825,1.0835
1770249840,1.0835,1.0844,1.0831,1.0831
1770249900,1.0831,1.0855,1.0831,1.0855
1770249960,1.0855,1.0868,1.0844,1.0868
1770250020,1.0868,1.0868,1.083,1.0835
1770250080,1.0835,1.085,1.0832,1.085
1770250140,1.085,1.0852,1.0824,1.0825
1770250200,1.0825,1.0832,1.0824,1.0825
1770250260,1.0825,1.0832,1.0818,1.0821
1770250320,1.0821,1.0823,1.0802,1.0812
1770250380,1.0812,1.0812,1.0797,1.0801
1770250440,1.0801,1.0807,1.0801,1.0802
1770250500,1.0802,1.0815,1.0802,1.0807
1770250560,1.0807,1.0816,1.0807,1.0809
1770250620,1.0809,1.0819,1.0807,1.0812
1770250680,1.0812,1.0816,1.0808,1.0812
1770250740,1.0812,1.0833,1.0807,1.0832
1770250800,1.0832,1.086,1.0832,1.0857
1770250860,1.0857,1.0861,1.0847,1.086
1770250920,1.086,1.0887,1.0855,1.0881
1770250980,1.0881,1.0898,1.088,1.0893
1770251040,1.0893,1.0893,1.0866,1.0869
1770251100,1.0869,1.0876,1.0864,1.0875
1770251160,1.0875,1.0897,1.0871,1.0895
1770251220,1.0895,1.0897,1.0887,1.0887
1770251280,1.0887,1.0899,1.0884,1.0894
1770251340,1.0894,1.0909,1.0894,1.0901
1770251400,1.0901,1.0901,1.0874,1.0875
1770251460,1.0875,1.0875,1.084,1.085
1770251520,1.085,1.085,1.0835,1.0835
1770251580,1.0835,1.0835,1.0804,1.0807
1770251640,1.0807,1.0808,1.0801,1.0807
1770251700,1.0807,1.0832,1.0807,1.0823
1770251760,1.0823,1.0838,1.0815,1.0818
1770251820,1.0818,1.0818,1.0785,1.08
1770251880,1.08,1.0807,1.0794,1.0807
1770251940,1.0807,1.0846,1.0807,1.0829
1770252000,1.0829,1.084,1.0821,1.0836
1770252060,1.0836,1.0864,1.0834,1.0864
1770252120,1.0864,1.0872,1.085,1.0852
1770252180,1.0852,1.0852,1.0836,1.0838
1770252240,1.0838,1.0838,1.0825,1.0832
1770252300,1.0832,1.0837,1.0817,1.0818
1770252360,1.0818,1.0826,1.0815,1.0822
1770252420,1.0822,1.0837,1.0822,1.0833
1770252480,1.0833,1.0845,1.0829,1.0845
1770252540,1.0845,1.0853,1.0842,1.0847
1770252600,1.0847,1.0871,1.0847,1.0866
1770252660,1.0866,1.0873,1.0847,1.0848
1770252720,1.0848,1.0855,1.0839,1.0853
1770252780,1.0853,1.0853,1.082,1.0821
1770252840,1.0821,1.0826,1.0816,1.0817
1770252900,1.0817,1.0821,1.0812,1.0813
1770252960,1.0813,1.0816,1.0807,1.0807
1770253020,1.0807,1.0809,1.0796,1.0802
1770253080,1.0802,1.0802,1.0785,1.0788
1770253140,1.0788,1.079,1.0773,1.0786
1770253200,1.0786,1.0791,1.0774,1.0774
1770253260,1.0774,1.0802,1.0774,1.0802
1770253320,1.0802,1.0802,1.0782,1.0797
1770253380,1.0797,1.0806,1.0786,1.0786
1770253440,1.0786,1.0818,1.0785,1.0812
1770253500,1.0812,1.0828,1.0806,1.0827
1770253560,1.0827,1.0847,1.0824,1.0837
1770253620,1.0837,1.0841,1.0824,1.0837
1770253680,1.0837,1.0854,1.0829,1.0854
1770253740,1.0854,1.0874,1.0844,1.0866
1770253800,1.0866,1.0892,1.0861,1.0881
1770253860,1.0881,1.0882,1.087,1.0882
1770253920,1.0882,1.0882,1.0848,1.0861
1770253980,1.0861,1.0885,1.0861,1.0875
1770254040,1.0875,1.0891,1.0869,1.0871
1770254100,1.0871,1.0871,1.0838,1.0839
1770254160,1.0839,1.0844,1.0798,1.0798
1770254220,1.0798,1.08,1.0749,1.0749
1770254280,1.0749,1.0769,1.0749,1.0754
1770254340,1.0754,1.0765,1.0743,1.0744
1770254400,1.0744,1.0752,1.073,1.0733
1770254460,1.0733,1.0739,1.0689,1.0691
1770254520,1.0691,1.0713,1.0687,1.0704
1770254580,1.0704,1.0726,1.069,1.069
1770254640,1.069,1.0755,1.0685,1.0747
1770254700,1.0747,1.0815,1.0747,1.0787
1770254760,1.0787,1.0788,1.0768,1.0771
1770254820,1.0771,1.0883,1.0771,1.0865
1770254880,1.0865,1.0909,1.0844,1.0877
1770254940,1.0877,1.0894,1.0873,1.0886
1770255000,1.0886,1.0928,1.0858,1.0871
1770255060,1.0871,1.0899,1.0854,1.0866
1770255120,1.0866,1.0876,1.0846,1.0846
1770255180,1.0846,1.0874,1.0832,1.0867
1770255240,1.0867,1.091,1.0867,1.0894
1770255300,1.0894,1.0894,1.0843,1.0846
1770255360,1.0846,1.0891,1.0846,1.0884
1770255420,1.0884,1.0902,1.0868,1.0896
1770255480,1.0896,1.0902,1.0856,1.0857
1770255540,1.0857,1.0868,1.0853,1.0868
1770255600,1.0868,1.0869,1.0743,1.0757
1770255660,1.0757,1.0784,1.0738,1.0752
1770255720,1.0752,1.0786,1.0752,1.0779
1770255780,1.0779,1.0801,1.0776,1.0787
1770255840,1.0787,1.0818,1.0787,1.0809
1770255900,1.0809,1.0818,1.0793,1.0804
1770255960,1.0804,1.0815,1.0789,1.0793
1770256020,1.0793,1.0811,1.0785,1.0793
1770256080,1.0793,1.0808,1.0787,1.0808
1770256140,1.0808,1.0814,1.0792,1.0812
1770256200,1.0812,1.0812,1.0793,1.0807
1770256260,1.0807,1.081,1.0783,1.0787
1770256320,1.0787,1.0789,1.0754,1.0762
1770256380,1.0762,1.0766,1.0746,1.0751
1770256440,1.0751,1.0761,1.0749,1.0756
1770256500,1.0756,1.0766,1.0751,1.0759
1770256560,1.0759,1.0773,1.0753,1.0759
1770256620,1.0759,1.0759,1.0748,1.0757
1770256680,1.0757,1.0763,1.0753,1.0754
1770256740,1.0754,1.076,1.074,1.0747
1770256800,1.0747,1.0769,1.074,1.0748
1770256860,1.0748,1.0783,1.074,1.0781
1770256920,1.0781,1.0782,1.0748,1.0749
1770256980,1.0749,1.0749,1.0731,1.0731
1770257040,1.0731,1.0739,1.0719,1.0737
1770257100,1.0737,1.0765,1.0736,1.074
1770257160,1.074,1.0746,1.0726,1.0745
1770257220,1.0745,1.0745,1.0717,1.0731
1770257280,1.0731,1.078,1.0731,1.0777
1770257340,1.0777,1.0789,1.0763,1.0763
1770257400,1.0763,1.0775,1.0757,1.0768
1770257460,1.0768,1.0771,1.0739,1.0764
1770257520,1.0764,1.0764,1.0724,1.0725
1770257580,1.0725,1.0727,1.0704,1.0718
1770257640,1.0718,1.0722,1.0703,1.0705
1770257700,1.0705,1.0715,1.069,1.0695
1770257760,1.0695,1.0702,1.0686,1.0689
1770257820,1.0689,1.0758,1.0667,1.0716
1770257880,1.0716,1.0752,1.0701,1.0751
1770257940,1.0751,1.0799,1.0751,1.0771
1770258000,1.0771,1.0801,1.0765,1.0774
1770258060,1.0774,1.0806,1.0768,1.0789
1770258120,1.0789,1.0804,1.078,1.0797
1770258180,1.0797,1.0797,1.0772,1.0787
1770258240,1.0787,1.0795,1.078,1.0795
1770258300,1.0795,1.0803,1.0767,1.0771
1770258360,1.0771,1.0776,1.0757,1.0764
1770258420,1.0764,1.0791,1.0756,1.0788
1770258480,1.0788,1.0799,1.0781,1.0793
1770258540,1.0793,1.0798,1.0789,1.079
1770258600,1.079,1.0821,1.0787,1.0816
1770258660,1.0816,1.0819,1.0798,1.0817
1770258720,1.0817,1.0825,1.0801,1.0819
1770258780,1.0819,1.0825,1.0793,1.0795
1770258840,1.0795,1.0805,1.0789,1.0804
1770258900,1.0804,1.0894,1.0804,1.0876
1770258960,1.0876,1.09,1.0862,1.0867
1770259020,1.0867,1.0874,1.0852,1.0861
1770259080,1.0861,1.0869,1.0838,1.0858
1770259140,1.0858,1.0869,1.0855,1.0866
1770259200,1.0866,1.0866,1.0835,1.0837
1770259260,1.0837,1.087,1.0837,1.0848
1770259320,1.0848,1.0866,1.0844,1.0866
1770259380,1.0866,1.0882,1.0855,1.0877
1770259440,1.0877,1.0877,1.0851,1.0853
1770259500,1.0853,1.0853,1.0812,1.0812
1770259560,1.0812,1.0815,1.08,1.08
1770259620,1.08,1.0804,1.0773,1.0773
1770259680,1.0773,1.0778,1.0734,1.0734
1770259740,1.0734,1.0758,1.0734,1.0755
1770259800,1.0755,1.076,1.0743,1.076
1770259860,1.076,1.0766,1.072,1.0738
1770259920,1.0738,1.0778,1.0736,1.0744
1770259980,1.0744,1.0777,1.0742,1.0771
1770260040,1.0771,1.0771,1.0747,1.075
1770260100,1.075,1.0752,1.0724,1.0732
1770260160,1.0732,1.0742,1.0726,1.0742
1770260220,1.0742,1.0756,1.0742,1.0747
1770260280,1.0747,1.0756,1.0724,1.0728
1770260340,1.0728,1.0733,1.0667,1.069
1770260400,1.069,1.0755,1.0674,1.0748
1770260460,1.0748,1.0756,1.0734,1.0742
1770260520,1.0742,1.0764,1.0735,1.0747
1770260580,1.0747,1.0761,1.0743,1.0749
1770260640,1.0749,1.0749,1.073,1.0736
1770260700,1.0736,1.0739,1.0718,1.0727
1770260760,1.0727,1.0727,1.0654,1.0677
1770260820,1.0677,1.0713,1.0677,1.0702
1770260880,1.0702,1.074,1.0702,1.074
1770260940,1.074,1.077,1.0738,1.0768
1770261000,1.0768,1.0788,1.0767,1.0775
1770261060,1.0775,1.0775,1.0746,1.0753
1770261120,1.0753,1.0755,1.0723,1.073
1770261180,1.073,1.0731,1.0695,1.0703
1770261240,1.0703,1.0708,1.0699,1.0704
1770261300,1.0704,1.0708,1.0646,1.0653
1770261360,1.0653,1.067,1.0627,1.0638
1770261420,1.0638,1.0655,1.0634,1.0653
1770261480,1.0653,1.068,1.0649,1.0672
1770261540,1.0672,1.0728,1.067,1.0694
1770261600,1.0694,1.0745,1.0694,1.0745
1770261660,1.0745,1.0769,1.0725,1.0726
1770261720,1.0726,1.0765,1.0726,1.0758
1770261780,1.0758,1.0765,1.0741,1.0748
1770261840,1.0748,1.0751,1.0736,1.0748
1770261900,1.0748,1.0761,1.0741,1.075
1770261960,1.075,1.0756,1.0737,1.0743
1770262020,1.0743,1.0743,1.0702,1.0724
1770262080,1.0724,1.0732,1.071,1.0713
1770262140,1.0713,1.0716,1.0708,1.0714
1770262200,1.0714,1.0714,1.0686,1.0687
1770262260,1.0687,1.0707,1.0686,1.0707
1770262320,1.0707,1.071,1.068,1.0685
1770262380,1.0685,1.0686,1.0666,1.0669
1770262440,1.0669,1.0691,1.0667,1.0682
1770262500,1.0682,1.0687,1.0675,1.0677
1770262560,1.0677,1.0683,1.0641,1.0641
1770262620,1.0641,1.0663,1.0635,1.0649
1770262680,1.0649,1.0654,1.0622,1.0651
1770262740,1.0651,1.0665,1.0648,1.0651
1770262800,1.0651,1.0663,1.0648,1.0653
1770262860,1.0653,1.0682,1.0653,1.0676
1770262920,1.0676,1.069,1.0663,1.0667
1770262980,1.0667,1.0687,1.0661,1.0682
1770263040,1.0682,1.0684,1.0657,1.0666
1770263100,1.0666,1.0666,1.0652,1.0655
1770263160,1.0655,1.0678,1.0654,1.0658
1770263220,1.0658,1.0664,1.0651,1.0659
1770263280,1.0659,1.0664,1.0651,1.0654
1770263340,1.0654,1.0654,1.0623,1.0649
1770263400,1.0649,1.0653,1.0625,1.0625
1770263460,1.0625,1.0634,1.0618,1.0631
1770263520,1.0631,1.0637,1.0619,1.0635
1770263580,1.0635,1.0652,1.0627,1.0627
1770263640,1.0627,1.0632,1.0619,1.0623
1770263700,1.0623,1.0638,1.0622,1.0632
1770263760,1.0632,1.0639,1.0627,1.0638
1770263820,1.0638,1.0641,1.0615,1.0626
1770263880,1.0626,1.0628,1.061,1.0624
1770263940,1.0624,1.0637,1.0623,1.0631
1770264000,1.0631,1.0646,1.0631,1.0645
1770264060,1.0645,1.0654,1.0639,1.0647
1770264120,1.0647,1.0651,1.063,1.0638
1770264180,1.0638,1.0653,1.0621,1.0621
1770264240,1.0621,1.0638,1.0615,1.0617
1770264300,1.0617,1.0644,1.0617,1.0621
1770264360,1.0621,1.0633,1.0581,1.0587
1770264420,1.0587,1.0626,1.0575,1.0577
1770264480,1.0577,1.0589,1.0565,1.057
1770264540,1.057,1.0668,1.0569,1.0653
1770264600,1.0653,1.0715,1.0634,1.0634
1770264660,1.0634,1.0662,1.0623,1.066
1770264720,1.066,1.0663,1.0636,1.064
1770264780,1.064,1.0648,1.0618,1.0619
1770264840,1.0619,1.063,1.0559,1.0593
1770264900,1.0593,1.0608,1.058,1.0602
1770264960,1.0602,1.0616,1.0572,1.0577
1770265020,1.0577,1.0608,1.0548,1.0604
1770265080,1.0604,1.0636,1.0582,1.063
1770265140,1.063,1.0641,1.0614,1.0628
1770265200,1.0628,1.0675,1.0628,1.0667
1770265260,1.0667,1.0676,1.0651,1.0676
1770265320,1.0676,1.0689,1.0652,1.0657
1770265380,1.0657,1.0657,1.062,1.064
1770265440,1.064,1.0643,1.0625,1.0643
1770265500,1.0643,1.0672,1.0637,1.0663
1770265560,1.0663,1.0663,1.063,1.0635
1770265620,1.0635,1.0638,1.0587,1.0614
1770265680,1.0614,1.0629,1.061,1.0621
1770265740,1.0621,1.0626,1.061,1.0626
1770265800,1.0626,1.0632,1.0596,1.0599
1770265860,1.0599,1.0622,1.059,1.059
1770265920,1.059,1.0619,1.0582,1.0604
1770265980,1.0604,1.0608,1.0585,1.0587
1770266040,1.0587,1.0589,1.0565,1.0574
1770266100,1.0574,1.058,1.0567,1.0577
1770266160,1.0577,1.0602,1.0577,1.0579
1770266220,1.0579,1.0605,1.0579,1.0605
1770266280,1.0605,1.0624,1.0599,1.0607
1770266340,1.0607,1.0614,1.0582,1.0586
1770266400,1.0586,1.0611,1.0581,1.0604
1770266460,1.0604,1.0654,1.0595,1.0654
1770266520,1.0654,1.067,1.064,1.0661
1770266580,1.0661,1.0676,1.0647,1.0661
1770266640,1.0661,1.0671,1.0643,1.0666
1770266700,1.0666,1.0667,1.065,1.0663
1770266760,1.0663,1.0663,1.0647,1.0653
1770266820,1.0653,1.0653,1.0636,1.0636
1770266880,1.0636,1.0644,1.0628,1.0642
1770266940,1.0642,1.0644,1.061,1.0618
1770267000,1.0618,1.0628,1.0612,1.0621
1770267060,1.0621,1.0638,1.0617,1.0624
1770267120,1.0624,1.0626,1.0614,1.0616
1770267180,1.0616,1.0619,1.0586,1.0587
1770267240,1.0587,1.0591,1.0579,1.0583
1770267300,1.0583,1.0597,1.0573,1.0576
1770267360,1.0576,1.0577,1.0561,1.0569
1770267420,1.0569,1.0578,1.0569,1.0574
1770267480,1.0574,1.0594,1.0571,1.059
1770267540,1.059,1.0593,1.0583,1.0589
1770267600,1.0589,1.0594,1.0579,1.0588
1770267660,1.0588,1.0591,1.0577,1.0578
1770267720,1.0578,1.058,1.0557,1.0571
1770267780,1.0571,1.0588,1.0567,1.0581
1770267840,1.0581,1.0584,1.0564,1.058
1770267900,1.058,1.0593,1.0572,1.0583
1770267960,1.0583,1.0583,1.0552,1.0564
1770268020,1.0564,1.0575,1.0559,1.0566
1770268080,1.0566,1.0569,1.0529,1.0538
1770268140,1.0538,1.054,1.0529,1.0532
1770268200,1.0532,1.0551,1.053,1.0551
1770268260,1.0551,1.057,1.055,1.0569
1770268320,1.0569,1.0586,1.0561,1.0586
1770268380,1.0586,1.0624,1.0586,1.0613
1770268440,1.0613,1.0614,1.0587,1.0588
1770268500,1.0588,1.0602,1.0578,1.0599
1770268560,1.0599,1.0617,1.0598,1.0617
1770268620,1.0617,1.0622,1.0602,1.0602
1770268680,1.0602,1.0604,1.0547,1.0556
1770268740,1.0556,1.0562,1.0519,1.0538
1770268800,1.0538,1.0556,1.0527,1.0552
1770268860,1.0552,1.0558,1.0508,1.0512
1770268920,1.0512,1.052,1.0455,1.047
1770268980,1.047,1.0481,1.0449,1.0455
1770269040,1.0455,1.047,1.0433,1.047
1770269100,1.047,1.0499,1.0464,1.0467
1770269160,1.0467,1.0468,1.0447,1.045
1770269220,1.045,1.0469,1.0441,1.046
1770269280,1.046,1.0498,1.045,1.0493
1770269340,1.0493,1.0541,1.048,1.0483
1770269400,1.0483,1.0505,1.0482,1.0498
1770269460,1.0498,1.0509,1.0476,1.0481
1770269520,1.0481,1.0482,1.0446,1.0471
1770269580,1.0471,1.0511,1.0471,1.0505
1770269640,1.0505,1.0522,1.0504,1.0513
1770269700,1.0513,1.056,1.0513,1.0543
1770269760,1.0543,1.0563,1.0525,1.0556
1770269820,1.0556,1.0639,1.0556,1.0639
1770269880,1.0639,1.0641,1.0608,1.0614
1770269940,1.0614,1.0629,1.0606,1.0628
1770270000,1.0628,1.0632,1.0613,1.0626
1770270060,1.0626,1.0712,1.0622,1.0672
1770270120,1.0672,1.069,1.0655,1.0685
1770270180,1.0685,1.0692,1.0663,1.0668
1770270240,1.0668,1.0685,1.0644,1.0656
1770270300,1.0656,1.0667,1.0611,1.0614
1770270360,1.0614,1.0624,1.0594,1.0601
1770270420,1.0601,1.0607,1.0555,1.056
1770270480,1.056,1.0571,1.0557,1.0568
1770270540,1.0568,1.0576,1.0547,1.0553
1770270600,1.0553,1.0593,1.0553,1.0591
1770270660,1.0591,1.0613,1.0591,1.0608
1770270720,1.0608,1.0615,1.0586,1.0592
1770270780,1.0592,1.0592,1.0582,1.0582
1770270840,1.0582,1.0582,1.0566,1.0579
1770270900,1.0579,1.058,1.0558,1.0562
1770270960,1.0562,1.0566,1.0552,1.0557
1770271020,1.0557,1.0585,1.0557,1.0574
1770271080,1.0574,1.0578,1.0571,1.0571
1770271140,1.0571,1.0572,1.0562,1.0568
1770271200,1.0568,1.0574,1.0551,1.0559
1770271260,1.0559,1.057,1.0538,1.0542
1770271320,1.0542,1.0552,1.0534,1.0541
1770271380,1.0541,1.0542,1.0495,1.0495
1770271440,1.0495,1.0522,1.0473,1.0498
1770271500,1.0498,1.0498,1.0458,1.0465
1770271560,1.0465,1.0491,1.0465,1.0475
1770271620,1.0475,1.0509,1.0465,1.0468
1770271680,1.0468,1.0482,1.0467,1.0467
1770271740,1.0467,1.0473,1.0451,1.0461
1770271800,1.0461,1.0505,1.0451,1.0498
1770271860,1.0498,1.0514,1.0494,1.0496
1770271920,1.0496,1.0508,1.0494,1.0495
1770271980,1.0495,1.0502,1.0488,1.0497
1770272040,1.0497,1.0506,1.0482,1.0485
1770272100,1.0485,1.0491,1.0477,1.0486
1770272160,1.0486,1.0519,1.0486,1.0518
1770272220,1.0518,1.0524,1.0498,1.05
1770272280,1.05,1.05,1.0456,1.0458
1770272340,1.0458,1.0458,1.0425,1.0434
1770272400,1.0434,1.0439,1.0428,1.0428
1770272460,1.0428,1.0439,1.0411,1.0414
1770272520,1.0414,1.0429,1.0414,1.0422
1770272580,1.0422,1.0443,1.0422,1.0443
1770272640,1.0443,1.0445,1.0425,1.0428
1770272700,1.0428,1.0436,1.0421,1.0428
1770272760,1.0428,1.0432,1.0422,1.0428
1770272820,1.0428,1.0428,1.0408,1.0421
1770272880,1.0421,1.0433,1.0396,1.0407
1770272940,1.0407,1.0423,1.0407,1.0419
1770273000,1.0419,1.0449,1.0416,1.0444
1770273060,1.0444,1.0448,1.0427,1.043
1770273120,1.043,1.0441,1.0429,1.0432
1770273180,1.0432,1.0452,1.0431,1.0437
1770273240,1.0437,1.049,1.0437,1.0477
1770273300,1.0477,1.0498,1.0477,1.0496
1770273360,1.0496,1.0508,1.0489,1.0496
1770273420,1.0496,1.0496,1.0449,1.0474
1770273480,1.0474,1.0495,1.0466,1.0467
1770273540,1.0467,1.0469,1.0451,1.0459
1770273600,1.0459,1.0463,1.0454,1.0457
1770273660,1.0457,1.0477,1.0445,1.0477
1770273720,1.0477,1.0484,1.046,1.046
1770273780,1.046,1.0466,1.0451,1.0456
1770273840,1.0456,1.0464,1.044,1.0442
1770273900,1.0442,1.0472,1.0437,1.0472
1770273960,1.0472,1.0473,1.0446,1.0449
1770274020,1.0449,1.0458,1.0358,1.037
1770274080,1.037,1.0395,1.0365,1.0386
1770274140,1.0386,1.044,1.0386,1.0411
1770274200,1.0411,1.0421,1.0404,1.041
1770274260,1.041,1.0426,1.0404,1.0409
1770274320,1.0409,1.0416,1.0399,1.0416
1770274380,1.0416,1.0417,1.0382,1.0388
1770274440,1.0388,1.0402,1.0371,1.0394
1770274500,1.0394,1.0414,1.0389,1.0414
1770274560,1.0414,1.042,1.0406,1.0419
1770274620,1.0419,1.043,1.0419,1.0427
1770274680,1.0427,1.0427,1.0411,1.0419
1770274740,1.0419,1.0419,1.0409,1.0415
1770274800,1.0415,1.0428,1.0405,1.0427
1770274860,1.0427,1.0536,1.0427,1.0527
1770274920,1.0527,1.06,1.0527,1.0564
1770274980,1.0564,1.057,1.0535,1.0562
1770275040,1.0562,1.0588,1.0539,1.0576
1770275100,1.0576,1.0576,1.0535,1.0549
1770275160,1.0549,1.0549,1.0525,1.0531
1770275220,1.0531,1.057,1.0497,1.0499
1770275280,1.0499,1.0499,1.0472,1.0485
1770275340,1.0485,1.0496,1.0484,1.0488
1770275400,1.0488,1.0488,1.0471,1.0485
1770275460,1.0485,1.0493,1.0473,1.0491
1770275520,1.0491,1.0492,1.0481,1.0489
1770275580,1.0489,1.0491,1.0481,1.049
1770275640,1.049,1.0491,1.0474,1.0475
1770275700,1.0475,1.048,1.0451,1.0453
1770275760,1.0453,1.0506,1.0452,1.0503
1770275820,1.0503,1.0507,1.0482,1.0494
1770275880,1.0494,1.0494,1.0482,1.0488
1770275940,1.0488,1.0521,1.0488,1.0519
1770276000,1.0519,1.0526,1.0503,1.052
1770276060,1.052,1.0549,1.0504,1.0544
1770276120,1.0544,1.0568,1.0525,1.053
1770276180,1.053,1.0531,1.0515,1.0515
1770276240,1.0515,1.053,1.0511,1.053
1770276300,1.053,1.0559,1.0525,1.0553
1770276360,1.0553,1.0561,1.0546,1.0551
1770276420,1.0551,1.0579,1.0542,1.057
1770276480,1.057,1.0578,1.0553,1.0566
1770276540,1.0566,1.0569,1.0549,1.0551
1770276600,1.0551,1.0557,1.0528,1.0538
1770276660,1.0538,1.054,1.0524,1.0534
1770276720,1.0534,1.0537,1.0511,1.0517
1770276780,1.0517,1.0525,1.0513,1.0523
1770276840,1.0523,1.0525,1.0512,1.0518
1770276900,1.0518,1.0529,1.051,1.0519
1770276960,1.0519,1.0519,1.0493,1.0495
1770277020,1.0495,1.0503,1.0487,1.0497
1770277080,1.0497,1.0497,1.0481,1.0493
1770277140,1.0493,1.0493,1.0474,1.0477
1770277200,1.0477,1.0492,1.0477,1.0489
1770277260,1.0489,1.0493,1.0437,1.0438
1770277320,1.0438,1.0455,1.0436,1.0453
1770277380,1.0453,1.0457,1.0448,1.0456
1770277440,1.0456,1.0472,1.0456,1.0469
1770277500,1.0469,1.0475,1.0466,1.0468
1770277560,1.0468,1.0476,1.0466,1.0471
1770277620,1.0471,1.0477,1.0467,1.0469
1770277680,1.0469,1.0475,1.0433,1.0435
1770277740,1.0435,1.0451,1.0435,1.0447
1770277800,1.0447,1.0449,1.0427,1.044
1770277860,1.044,1.0451,1.0439,1.0447
1770277920,1.0447,1.045,1.044,1.0449
1770277980,1.0449,1.0464,1.0449,1.0464
1770278040,1.0464,1.0477,1.0461,1.0469
1770278100,1.0469,1.047,1.0447,1.0449
1770278160,1.0449,1.0451,1.0435,1.0436
1770278220,1.0436,1.0436,1.0403,1.0417
1770278280,1.0417,1.0428,1.0417,1.0425
1770278340,1.0425,1.0431,1.0418,1.0431
1770278400,1.0431,1.0462,1.0431,1.0444
1770278460,1.0444,1.0469,1.0442,1.0461
1770278520,1.0461,1.0471,1.0442,1.0446
1770278580,1.0446,1.0481,1.0446,1.0468
1770278640,1.0468,1.0476,1.0464,1.0465
1770278700,1.0465,1.0473,1.0452,1.0471
1770278760,1.0471,1.049,1.047,1.0488
1770278820,1.0488,1.0492,1.0473,1.0486
1770278880,1.0486,1.0489,1.0453,1.0464
1770278940,1.0464,1.0473,1.046,1.047
1770279000,1.047,1.047,1.0453,1.0463
1770279060,1.0463,1.047,1.045,1.047
1770279120,1.047,1.047,1.0454,1.0461
1770279180,1.0461,1.0461,1.0438,1.0443
1770279240,1.0443,1.045,1.0439,1.0449
1770279300,1.0449,1.046,1.0446,1.046
1770279360,1.046,1.0466,1.0447,1.0449
1770279420,1.0449,1.0453,1.0428,1.0453
1770279480,1.0453,1.0461,1.045,1.0457
1770279540,1.0457,1.0465,1.0449,1.046
1770279600,1.046,1.0474,1.0449,1.0462
1770279660,1.0462,1.0462,1.0444,1.0449
1770279720,1.0449,1.0463,1.0449,1.0454
1770279780,1.0454,1.0455,1.0439,1.0445
1770279840,1.0445,1.0462,1.0443,1.0453
1770279900,1.0453,1.0464,1.045,1.0453
1770279960,1.0453,1.048,1.045,1.0477
1770280020,1.0477,1.051,1.0473,1.0476
1770280080,1.0476,1.0499,1.0474,1.0477
1770280140,1.0477,1.0491,1.0473,1.0489
1770280200,1.0489,1.0512,1.0484,1.0508
1770280260,1.0508,1.0555,1.0505,1.0536
1770280320,1.0536,1.0536,1.0521,1.0529
1770280380,1.0529,1.0537,1.0521,1.0521
1770280440,1.0521,1.0529,1.0514,1.0519
1770280500,1.0519,1.0524,1.051,1.0516
1770280560,1.0516,1.0516,1.0485,1.0485
1770280620,1.0485,1.0519,1.0485,1.0501
1770280680,1.0501,1.053,1.0501,1.0527
1770280740,1.0527,1.0528,1.0516,1.0521
1770280800,1.0521,1.0522,1.0505,1.0508
1770280860,1.0508,1.0511,1.0501,1.0506
1770280920,1.0506,1.0507,1.0491,1.0501
1770280980,1.0501,1.0502,1.049,1.049
1770281040,1.049,1.0497,1.0488,1.0493
1770281100,1.0493,1.0493,1.0467,1.0468
1770281160,1.0468,1.0488,1.0468,1.0483
1770281220,1.0483,1.0511,1.0483,1.0493
1770281280,1.0493,1.0497,1.0469,1.047
1770281340,1.047,1.047,1.0462,1.0465
1770281400,1.0465,1.047,1.0442,1.0443
1770281460,1.0443,1.0452,1.0439,1.0442
1770281520,1.0442,1.0455,1.0442,1.045
1770281580,1.045,1.047,1.045,1.0464
1770281640,1.0464,1.0476,1.0463,1.0474
1770281700,1.0474,1.0474,1.0457,1.0457
1770281760,1.0457,1.0479,1.0457,1.0472
1770281820,1.0472,1.0473,1.0464,1.0468
1770281880,1.0468,1.0476,1.0454,1.0458
1770281940,1.0458,1.0458,1.0419,1.0426
1770282000,1.0426,1.0444,1.042,1.0441
1770282060,1.0441,1.0457,1.0438,1.0449
1770282120,1.0449,1.0452,1.0444,1.0451
1770282180,1.0451,1.046,1.043,1.0432
1770282240,1.0432,1.0442,1.0427,1.0438
1770282300,1.0438,1.0452,1.0424,1.0449
1770282360,1.0449,1.0469,1.0429,1.0456
1770282420,1.0456,1.0465,1.0446,1.0447
1770282480,1.0447,1.0525,1.0445,1.049
1770282540,1.049,1.0505,1.0474,1.0488
1770282600,1.0488,1.0518,1.0457,1.0465
1770282660,1.0465,1.0472,1.0457,1.0466
1770282720,1.0466,1.0475,1.0456,1.0468
1770282780,1.0468,1.0481,1.0453,1.0474
1770282840,1.0474,1.0474,1.0449,1.0465
1770282900,1.0465,1.0471,1.0449,1.0469
1770282960,1.0469,1.0523,1.0469,1.051
1770283020,1.051,1.0511,1.0483,1.0483
1770283080,1.0483,1.0489,1.0475,1.0485
1770283140,1.0485,1.0485,1.046,1.0461
1770283200,1.0461,1.0476,1.0461,1.0476
1770283260,1.0476,1.0476,1.0427,1.0428
1770283320,1.0428,1.0431,1.0413,1.042
1770283380,1.042,1.043,1.0412,1.0428
1770283440,1.0428,1.0431,1.042,1.0424
1770283500,1.0424,1.0429,1.0418,1.042
1770283560,1.042,1.0429,1.0412,1.0426
1770283620,1.0426,1.0435,1.0425,1.0433
1770283680,1.0433,1.0436,1.0425,1.0435
1770283740,1.0435,1.0442,1.0432,1.0436
1770283800,1.0436,1.0438,1.0431,1.0437
1770283860,1.0437,1.0444,1.043,1.0441
1770283920,1.0441,1.0446,1.0397,1.0406
1770283980,1.0406,1.0408,1.0379,1.039
1770284040,1.039,1.0401,1.0384,1.0384
1770284100,1.0384,1.0386,1.0367,1.0376
1770284160,1.0376,1.038,1.037,1.038
1770284220,1.038,1.0389,1.0379,1.0381
1770284280,1.0381,1.0381,1.037,1.037
1770284340,1.037,1.0381,1.0367,1.038
1770284400,1.038,1.0413,1.038,1.0409
1770284460,1.0409,1.0425,1.0403,1.0405
1770284520,1.0405,1.0405,1.0381,1.0383
1770284580,1.0383,1.0386,1.0376,1.0385
1770284640,1.0385,1.0387,1.0376,1.038
1770284700,1.038,1.0393,1.0379,1.0392
1770284760,1.0392,1.0397,1.0381,1.0397
1770284820,1.0397,1.0397,1.0379,1.0386
1770284880,1.0386,1.0396,1.0383,1.0384
1770284940,1.0384,1.0393,1.0379,1.0393
1770285000,1.0393,1.0411,1.0386,1.0399
1770285060,1.0399,1.0413,1.0399,1.0404
1770285120,1.0404,1.0409,1.0397,1.0399
1770285180,1.0399,1.0412,1.0399,1.041
1770285240,1.041,1.0416,1.0407,1.0409
1770285300,1.0409,1.0417,1.0406,1.0414
1770285360,1.0414,1.042,1.0412,1.042
1770285420,1.042,1.0421,1.041,1.0411
1770285480,1.0411,1.0418,1.0407,1.0408
1770285540,1.0408,1.0416,1.0408,1.0415
1770285600,1.0415,1.0424,1.0414,1.0416
1770285660,1.0416,1.042,1.04,1.0409
1770285720,1.0409,1.0409,1.0382,1.0393
1770285780,1.0393,1.0397,1.0371,1.0377
1770285840,1.0377,1.0382,1.0368,1.0374
1770285900,1.0374,1.0376,1.0349,1.0352
1770285960,1.0352,1.0353,1.0319,1.033
1770286020,1.033,1.0335,1.0317,1.0325
1770286080,1.0325,1.0327,1.0295,1.0303
1770286140,1.0303,1.0313,1.0287,1.029
1770286200,1.029,1.0304,1.0287,1.0297
1770286260,1.0297,1.031,1.0291,1.0299
1770286320,1.0299,1.0299,1.0291,1.0293
1770286380,1.0293,1.0305,1.0291,1.0305
1770286440,1.0305,1.0333,1.0301,1.0323
1770286500,1.0323,1.0338,1.0309,1.0321
1770286560,1.0321,1.0329,1.0301,1.0303
1770286620,1.0303,1.0327,1.03,1.0322
1770286680,1.0322,1.0355,1.0322,1.0348
1770286740,1.0348,1.0379,1.0348,1.037
1770286800,1.037,1.0382,1.036,1.0366
1770286860,1.0366,1.0373,1.0361,1.0362
1770286920,1.0362,1.0362,1.0336,1.034
1770286980,1.034,1.0353,1.034,1.0343
1770287040,1.0343,1.0375,1.0342,1.0369
1770287100,1.0369,1.0372,1.0356,1.0362
1770287160,1.0362,1.0368,1.0358,1.0362
1770287220,1.0362,1.0377,1.0362,1.0374
1770287280,1.0374,1.0378,1.0364,1.0367
1770287340,1.0367,1.0371,1.0364,1.0371
1770287400,1.0371,1.0384,1.0368,1.038
1770287460,1.038,1.0391,1.038,1.0388
1770287520,1.0388,1.0396,1.0377,1.0378
1770287580,1.0378,1.038,1.0357,1.0357
1770287640,1.0357,1.0365,1.0346,1.0354
1770287700,1.0354,1.0358,1.0326,1.0339
1770287760,1.0339,1.0352,1.0336,1.0343
1770287820,1.0343,1.0343,1.0325,1.0327
1770287880,1.0327,1.0327,1.0311,1.0315
1770287940,1.0315,1.0322,1.0314,1.0317
1770288000,1.0317,1.0317,1.0294,1.0309
1770288060,1.0309,1.0311,1.0282,1.029
1770288120,1.029,1.0294,1.0254,1.0264
1770288180,1.0264,1.0275,1.0264,1.0269
1770288240,1.0269,1.0282,1.0243,1.0251
1770288300,1.0251,1.0269,1.0238,1.0245
1770288360,1.0245,1.0256,1.0208,1.0231
1770288420,1.0231,1.024,1.0217,1.0227
1770288480,1.0227,1.0234,1.0201,1.0207
1770288540,1.0207,1.0222,1.0202,1.0203
1770288600,1.0203,1.0221,1.0181,1.021
1770288660,1.021,1.0217,1.0191,1.0195
1770288720,1.0195,1.0199,1.013,1.016
1770288780,1.016,1.0169,1.0145,1.016
1770288840,1.016,1.017,1.0136,1.0139
1770288900,1.0139,1.0141,1.0085,1.0093
1770288960,1.0093,1.0136,1.0089,1.0132
1770289020,1.0132,1.0137,1.0098,1.0103
1770289080,1.0103,1.0127,1.0103,1.0115
1770289140,1.0115,1.0151,1.0115,1.0137
1770289200,1.0137,1.0154,1.0131,1.0141
1770289260,1.0141,1.0175,1.0141,1.0161
1770289320,1.0161,1.0164,1.0146,1.0148
1770289380,1.0148,1.0169,1.0132,1.0165
1770289440,1.0165,1.0185,1.0158,1.0158
1770289500,1.0158,1.0164,1.0147,1.0163
1770289560,1.0163,1.0197,1.0162,1.0195
1770289620,1.0195,1.0199,1.0187,1.0192
1770289680,1.0192,1.0194,1.0166,1.0173
1770289740,1.0173,1.0186,1.0171,1.0178
1770289800,1.0178,1.0182,1.0156,1.0171
1770289860,1.0171,1.0182,1.0147,1.0147
1770289920,1.0147,1.0157,1.014,1.0142
1770289980,1.0142,1.0144,1.0108,1.0109
1770290040,1.0109,1.0117,1.0095,1.0105
1770290100,1.0105,1.0125,1.0102,1.0105
1770290160,1.0105,1.011,1.0061,1.0083
1770290220,1.0083,1.0156,1.0083,1.014
1770290280,1.014,1.014,1.0106,1.0119
1770290340,1.0119,1.0122,1.0098,1.0098
1770290400,1.0098,1.0101,1.0072,1.0081
1770290460,1.0081,1.0084,1.0043,1.0043
1770290520,1.0043,1.0058,1,1.0031
1770290580,1.0031,1.0056,1.0015,1.0017
1770290640,1.0017,1.0028,0.9942,0.9958
1770290700,0.9958,0.9992,0.9947,0.9979
1770290760,0.9979,0.9993,0.9953,0.9964
1770290820,0.9964,0.9981,0.9921,0.9925
1770290880,0.9925,0.9936,0.9911,0.992
1770290940,0.992,0.9937,0.99,0.9935
1770291000,0.9935,0.9979,0.9935,0.9939
1770291060,0.9939,0.996,0.9929,0.9951
1770291120,0.9951,0.997,0.9933,0.9945
1770291180,0.9945,0.9987,0.9945,0.9977
1770291240,0.9977,0.9989,0.9971,0.9985
1770291300,0.9985,1.0005,0.998,0.9999
1770291360,0.9999,1.0065,0.9981,1.0064
1770291420,1.0064,1.008,1.0056,1.0079
1770291480,1.0079,1.013,1.0077,1.013
1770291540,1.013,1.0167,1.0129,1.0136
1770291600,1.0136,1.0187,1.0128,1.0187
1770291660,1.0187,1.0196,1.0158,1.0186
1770291720,1.0186,1.0212,1.0173,1.018
1770291780,1.018,1.0183,1.0161,1.017
1770291840,1.017,1.0177,1.016,1.016
1770291900,1.016,1.0174,1.0151,1.0173
1770291960,1.0173,1.0183,1.011,1.0116
1770292020,1.0116,1.0152,1.0115,1.0147
1770292080,1.0147,1.0183,1.0147,1.0176
1770292140,1.0176,1.0176,1.0134,1.0146
1770292200,1.0146,1.0157,1.0134,1.0135
1770292260,1.0135,1.0146,1.0115,1.0128
1770292320,1.0128,1.0136,1.0114,1.0115
1770292380,1.0115,1.0125,1.0067,1.0097
1770292440,1.0097,1.0106,1.0074,1.0085
1770292500,1.0085,1.0111,1.0079,1.0111
1770292560,1.0111,1.0112,1.007,1.0082
1770292620,1.0082,1.0088,1.0065,1.0074
1770292680,1.0074,1.0083,1.0069,1.0081
1770292740,1.0081,1.0091,1.0079,1.0091
1770292800,1.0091,1.011,1.0088,1.011
1770292860,1.011,1.0136,1.0094,1.0127
1770292920,1.0127,1.0127,1.0095,1.0108
1770292980,1.0108,1.0125,1.0099,1.0119
1770293040,1.0119,1.0133,1.0092,1.0098
1770293100,1.0098,1.0104,1.0088,1.0088
1770293160,1.0088,1.0111,1.0074,1.0111
1770293220,1.0111,1.0111,1.0089,1.0098
1770293280,1.0098,1.0099,1.0044,1.0052
1770293340,1.0052,1.0083,1.005,1.0076
1770293400,1.0076,1.0116,1.0076,1.0092
1770293460,1.0092,1.0112,1.0092,1.0106
1770293520,1.0106,1.0121,1.0101,1.0107
1770293580,1.0107,1.012,1.0103,1.0112
1770293640,1.0112,1.0116,1.0091,1.0093
1770293700,1.0093,1.0097,1.0045,1.0045
1770293760,1.0045,1.0077,1.002,1.0032
1770293820,1.0032,1.0055,1.0014,1.0016
1770293880,1.0016,1.0049,1.0016,1.004
1770293940,1.004,1.004,0.9992,0.9997
1770294000,0.9997,1.0017,0.9984,1.0012
1770294060,1.0012,1.0041,0.9992,1.0024
1770294120,1.0024,1.0049,1.0008,1.0024
1770294180,1.0024,1.0025,0.9975,0.9979
1770294240,0.9979,0.9991,0.9969,0.9976
1770294300,0.9976,0.9982,0.992,0.996
1770294360,0.996,1.0035,0.9957,1.0027
1770294420,1.0027,1.0084,1.0021,1.0082
1770294480,1.0082,1.0092,1.0063,1.0078
1770294540,1.0078,1.0086,1.0043,1.0049
1770294600,1.0049,1.0108,1.0027,1.0065
1770294660,1.0065,1.0072,1.0005,1.0026
1770294720,1.0026,1.0066,1.0026,1.0032
1770294780,1.0032,1.004,1.0013,1.0032
1770294840,1.0032,1.0066,1.0018,1.006
1770294900,1.006,1.0085,1.0045,1.0046
1770294960,1.0046,1.0046,1.0015,1.0042
1770295020,1.0042,1.0065,1.0041,1.0042
1770295080,1.0042,1.0042,0.9997,1.0005
1770295140,1.0005,1.0025,0.9991,1.0008
1770295200,1.0008,1.0018,0.9997,1.0007
1770295260,1.0007,1.0026,1,1.0024
1770295320,1.0024,1.0036,0.9983,0.9986
1770295380,0.9986,0.9998,0.9952,0.9973
1770295440,0.9973,0.9999,0.9968,0.9995
1770295500,0.9995,1.0008,0.9976,0.9985
1770295560,0.9985,1.0005,0.9971,0.9977
1770295620,0.9977,0.9992,0.9963,0.9987
1770295680,0.9987,0.9994,0.9972,0.9985
1770295740,0.9985,0.9997,0.9964,0.9985
1770295800,0.9985,1.0042,0.9982,0.9995
1770295860,0.9995,1.0047,0.9995,1.0039
1770295920,1.0039,1.0046,1.0006,1.0018
1770295980,1.0018,1.0018,0.9993,0.9998
1770296040,0.9998,1.0011,0.998,0.9981
1770296100,0.9981,0.9989,0.9938,0.9974
1770296160,0.9974,1.0036,0.9974,1.0028
1770296220,1.0028,1.0037,1.0013,1.0015
1770296280,1.0015,1.0031,1.0014,1.0027
1770296340,1.0027,1.0027,1.0005,1.0012
1770296400,1.0012,1.0018,1.0005,1.0011
1770296460,1.0011,1.0033,0.9995,1.0008
1770296520,1.0008,1.0015,0.9997,1.0008
1770296580,1.0008,1.0016,1.0001,1.0005
1770296640,1.0005,1.0009,0.9989,0.9993
1770296700,0.9993,1.0024,0.9991,1.0018
1770296760,1.0018,1.0042,1.0006,1.0042
1770296820,1.0042,1.0065,1.0012,1.0018
1770296880,1.0018,1.002,0.9997,1.0003
1770296940,1.0003,1.0024,0.9993,1.0016
1770297000,1.0016,1.0047,1.001,1.0012
1770297060,1.0012,1.0036,1.0008,1.0027
1770297120,1.0027,1.0034,1.0018,1.0025
1770297180,1.0025,1.0041,1.0008,1.0009
1770297240,1.0009,1.0009,0.999,0.9993
1770297300,0.9993,1.0003,0.9976,0.9988
1770297360,0.9988,0.9999,0.998,0.9983
1770297420,0.9983,0.9995,0.9972,0.9986
1770297480,0.9986,0.9989,0.9967,0.9984
1770297540,0.9984,0.9996,0.997,0.9975
1770297600,0.9975,0.9979,0.9959,0.9963
1770297660,0.9963,0.9969,0.9948,0.9949
1770297720,0.9949,0.9963,0.9949,0.9951
1770297780,0.9951,0.997,0.9921,0.9929
1770297840,0.9929,0.9954,0.9929,0.9945
1770297900,0.9945,0.9957,0.9939,0.9939
1770297960,0.9939,0.9939,0.9887,0.99
1770298020,0.99,0.992,0.9897,0.9902
1770298080,0.9902,0.9914,0.989,0.9909
1770298140,0.9909,0.9909,0.9892,0.9906
1770298200,0.9906,0.996,0.9895,0.9915
1770298260,0.9915,0.9959,0.9915,0.9945
1770298320,0.9945,0.9984,0.9945,0.9975
1770298380,0.9975,0.9984,0.9938,0.9947
1770298440,0.9947,0.9975,0.9931,0.9972
1770298500,0.9972,0.9972,0.9929,0.9966
1770298560,0.9966,0.9972,0.995,0.9956
1770298620,0.9956,0.9962,0.9928,0.9937
1770298680,0.9937,0.9961,0.9937,0.9955
1770298740,0.9955,0.9955,0.992,0.9922
1770298800,0.9922,0.9933,0.9913,0.9915
1770298860,0.9915,0.9918,0.9895,0.9906
1770298920,0.9906,0.9915,0.9865,0.9877
1770298980,0.9877,0.9889,0.9875,0.9886
1770299040,0.9886,0.9889,0.987,0.9877
1770299100,0.9877,0.9886,0.9873,0.9884
1770299160,0.9884,0.9887,0.9851,0.9858
1770299220,0.9858,0.9875,0.9846,0.9859
1770299280,0.9859,0.9888,0.9854,0.9868
1770299340,0.9868,0.9881,0.9849,0.986
1770299400,0.986,0.9876,0.9851,0.9854
1770299460,0.9854,0.9882,0.9844,0.9878
1770299520,0.9878,0.9905,0.9875,0.9895
1770299580,0.9895,0.9907,0.9887,0.9898
1770299640,0.9898,0.9905,0.989,0.99
1770299700,0.99,0.9924,0.9892,0.9924
1770299760,0.9924,0.9924,0.9899,0.9909
1770299820,0.9909,0.9912,0.9867,0.988
1770299880,0.988,0.9894,0.9864,0.989
1770299940,0.989,0.9898,0.9887,0.9892
1770300000,0.9892,0.9947,0.9888,0.9941
1770300060,0.9941,1.0035,0.9931,1.0013
1770300120,1.0013,1.0032,0.9983,1.0005
1770300180,1.0005,1.0016,0.9967,0.9974
1770300240,0.9974,0.9985,0.9955,0.997
1770300300,0.997,0.997,0.993,0.9932
1770300360,0.9932,0.9964,0.993,0.9964
1770300420,0.9964,0.9964,0.9948,0.9955
1770300480,0.9955,0.997,0.9946,0.996
1770300540,0.996,0.9961,0.9938,0.996
1770300600,0.996,0.9966,0.9935,0.9935
1770300660,0.9935,0.9963,0.9931,0.9961
1770300720,0.9961,0.9996,0.9959,0.9993
1770300780,0.9993,0.9993,0.9962,0.9965
1770300840,0.9965,0.9971,0.9951,0.9955
1770300900,0.9955,0.9982,0.9914,0.9925
1770300960,0.9925,0.9931,0.9907,0.9915
1770301020,0.9915,0.9952,0.9915,0.9949
1770301080,0.9949,0.996,0.9947,0.9952
1770301140,0.9952,0.9983,0.9949,0.997
1770301200,0.997,0.9993,0.9967,0.9987
1770301260,0.9987,0.9987,0.9972,0.9974
1770301320,0.9974,0.999,0.9968,0.999
1770301380,0.999,1.0011,0.9989,0.9998
1770301440,0.9998,1.0014,0.9998,1.0007
1770301500,1.0007,1.0029,1.0007,1.0021
1770301560,1.0021,1.0021,1.0002,1.0007
1770301620,1.0007,1.0007,0.9983,0.9988
1770301680,0.9988,1.0005,0.997,0.9998
1770301740,0.9998,0.9999,0.9988,0.9992
1770301800,0.9992,1.0017,0.9971,0.9998
1770301860,0.9998,1.0066,0.9986,0.9986
1770301920,0.9986,1.0048,0.9976,1.0032
1770301980,1.0032,1.0084,1.0016,1.0022
1770302040,1.0022,1.0068,1.0012,1.0063
1770302100,1.0063,1.0121,1.0062,1.0073
1770302160,1.0073,1.0095,1.0065,1.0066
1770302220,1.0066,1.0154,1.0048,1.0154
1770302280,1.0154,1.0161,1.0119,1.0153
1770302340,1.0153,1.0188,1.0128,1.0138
1770302400,1.0138,1.0141,1.01,1.0126
1770302460,1.0126,1.0128,1.0073,1.0085
1770302520,1.0085,1.0125,1.0073,1.0098
1770302580,1.0098,1.0137,1.0094,1.0124
1770302640,1.0124,1.013,1.0104,1.0104
1770302700,1.0104,1.0122,1.0088,1.0107
1770302760,1.0107,1.0119,1.0078,1.0108
1770302820,1.0108,1.0168,1.0106,1.0111
1770302880,1.0111,1.0121,1.0068,1.0068
1770302940,1.0068,1.0084,1.0052,1.0079
1770303000,1.0079,1.0103,1.0067,1.0075
1770303060,1.0075,1.008,1.0037,1.0042
1770303120,1.0042,1.0052,1.0025,1.0035
1770303180,1.0035,1.006,1.0032,1.0032
1770303240,1.0032,1.0037,0.9992,1.001
1770303300,1.001,1.0011,0.9966,0.9977
1770303360,0.9977,0.9977,0.9957,0.9963
1770303420,0.9963,0.9964,0.9914,0.9924
1770303480,0.9924,0.9937,0.9915,0.9925
1770303540,0.9925,0.9925,0.988,0.9907
1770303600,0.9907,0.9942,0.9861,0.9864
1770303660,0.9864,0.9902,0.9864,0.987
1770303720,0.987,0.9898,0.9866,0.9871
1770303780,0.9871,0.9882,0.9832,0.9846
1770303840,0.9846,0.9901,0.9828,0.9879
1770303900,0.9879,0.9882,0.9788,0.9794
1770303960,0.9794,0.9805,0.9755,0.979
1770304020,0.979,0.9799,0.9752,0.9756
1770304080,0.9756,0.9784,0.9737,0.9762
1770304140,0.9762,0.9797,0.9744,0.9765
1770304200,0.9765,0.9803,0.9709,0.9715
1770304260,0.9715,0.9722,0.9681,0.9687
1770304320,0.9687,0.9689,0.9605,0.9623
1770304380,0.9623,0.967,0.9596,0.9668
1770304440,0.9668,0.9669,0.9629,0.9635
1770304500,0.9635,0.9702,0.9635,0.9701
1770304560,0.9701,0.9746,0.9679,0.9681
1770304620,0.9681,0.9755,0.9681,0.9742
1770304680,0.9742,0.9755,0.9661,0.9661
1770304740,0.9661,0.9714,0.9654,0.9689
1770304800,0.9689,0.9697,0.9626,0.9634
1770304860,0.9634,0.964,0.9554,0.9572
1770304920,0.9572,0.962,0.9527,0.9571
1770304980,0.9571,0.9588,0.9409,0.9448
1770305040,0.9448,0.9516,0.9429,0.9516
1770305100,0.9516,0.9616,0.9516,0.9559
1770305160,0.9559,0.9559,0.9505,0.9511
1770305220,0.9511,0.9536,0.9494,0.9507
1770305280,0.9507,0.956,0.9461,0.9477
1770305340,0.9477,0.9497,0.9402,0.9432
1770305400,0.9432,0.9593,0.9423,0.9527
1770305460,0.9527,0.9542,0.9487,0.9492
1770305520,0.9492,0.9501,0.94,0.9418
1770305580,0.9418,0.9472,0.94,0.9419
1770305640,0.9419,0.9443,0.9356,0.9401
1770305700,0.9401,0.9509,0.9401,0.9461
1770305760,0.9461,0.9469,0.942,0.9432
1770305820,0.9432,0.949,0.942,0.9487
1770305880,0.9487,0.9507,0.9448,0.9498
1770305940,0.9498,0.9568,0.9496,0.9545
1770306000,0.9545,0.9572,0.9492,0.9568
1770306060,0.9568,0.9638,0.9558,0.9625
1770306120,0.9625,0.9671,0.9622,0.9645
1770306180,0.9645,0.9672,0.9644,0.9653
1770306240,0.9653,0.9693,0.9648,0.9689
1770306300,0.9689,0.9712,0.9616,0.9621
1770306360,0.9621,0.9625,0.9576,0.9583
1770306420,0.9583,0.9632,0.9574,0.9613
1770306480,0.9613,0.9634,0.9593,0.9615
1770306540,0.9615,0.9634,0.9594,0.9633
1770306600,0.9633,0.9742,0.9623,0.9719
1770306660,0.9719,0.9755,0.9705,0.9741
1770306720,0.9741,0.9793,0.9726,0.978
1770306780,0.978,0.9783,0.97,0.9707
1770306840,0.9707,0.9721,0.9669,0.9669
1770306900,0.9669,0.9677,0.9647,0.9665
1770306960,0.9665,0.9692,0.9596,0.9608
1770307020,0.9608,0.9609,0.9577,0.9597
1770307080,0.9597,0.9623,0.9569,0.9592
1770307140,0.9592,0.9604,0.9575,0.9594
1770307200,0.9594,0.9614,0.9544,0.9602
1770307260,0.9602,0.962,0.9573,0.9573
1770307320,0.9573,0.9597,0.9554,0.9575
1770307380,0.9575,0.9575,0.9501,0.9523
1770307440,0.9523,0.9546,0.9517,0.9534
1770307500,0.9534,0.9555,0.9518,0.9547
1770307560,0.9547,0.9617,0.9545,0.9586
1770307620,0.9586,0.9616,0.9578,0.9585
1770307680,0.9585,0.9597,0.9563,0.9581
1770307740,0.9581,0.9581,0.9532,0.9532
1770307800,0.9532,0.9659,0.9532,0.9602
1770307860,0.9602,0.9602,0.9554,0.9573
1770307920,0.9573,0.9594,0.9564,0.957
1770307980,0.957,0.957,0.9543,0.9543
1770308040,0.9543,0.9563,0.9523,0.9546
1770308100,0.9546,0.9578,0.9527,0.9573
1770308160,0.9573,0.9639,0.9557,0.9638
1770308220,0.9638,0.9668,0.961,0.9649
1770308280,0.9649,0.9659,0.9616,0.9622
1770308340,0.9622,0.9654,0.9597,0.9607
1770308400,0.9607,0.9656,0.9594,0.9597
1770308460,0.9597,0.9643,0.9581,0.9637
1770308520,0.9637,0.9696,0.9632,0.9665
1770308580,0.9665,0.9684,0.9643,0.9655
1770308640,0.9655,0.9778,0.9642,0.9778
1770308700,0.9778,0.9809,0.9733,0.9736
1770308760,0.9736,0.9773,0.9718,0.9719
1770308820,0.9719,0.9758,0.9719,0.9753
1770308880,0.9753,0.977,0.9728,0.9735
1770308940,0.9735,0.9735,0.9711,0.9725
1770309000,0.9725,0.9791,0.9725,0.974
1770309060,0.974,0.9757,0.9726,0.9726
1770309120,0.9726,0.9729,0.9668,0.9668
1770309180,0.9668,0.9712,0.9666,0.9712
1770309240,0.9712,0.9744,0.9692,0.972
1770309300,0.972,0.9742,0.9708,0.9737
1770309360,0.9737,0.9765,0.9701,0.9706
1770309420,0.9706,0.9726,0.9689,0.9696
1770309480,0.9696,0.9711,0.9662,0.9707
1770309540,0.9707,0.9715,0.9675,0.9682
1770309600,0.9682,0.9702,0.9651,0.9662
1770309660,0.9662,0.967,0.9652,0.9667
1770309720,0.9667,0.9682,0.965,0.9668
1770309780,0.9668,0.9673,0.9622,0.9624
1770309840,0.9624,0.9632,0.9611,0.9621
1770309900,0.9621,0.9621,0.9557,0.9558
1770309960,0.9558,0.9576,0.9558,0.9573
1770310020,0.9573,0.9576,0.9533,0.956
1770310080,0.956,0.9571,0.954,0.9564
1770310140,0.9564,0.9581,0.9538,0.958
1770310200,0.958,0.9634,0.958,0.9619
1770310260,0.9619,0.9692,0.9616,0.9665
1770310320,0.9665,0.973,0.9664,0.9724
1770310380,0.9724,0.9728,0.9682,0.9706
1770310440,0.9706,0.9759,0.9703,0.9713
1770310500,0.9713,0.974,0.9698,0.9719
1770310560,0.9719,0.9719,0.9645,0.966
1770310620,0.966,0.9675,0.9643,0.9658
1770310680,0.9658,0.9662,0.9637,0.9639
1770310740,0.9639,0.9648,0.9617,0.9644
1770310800,0.9644,0.9704,0.9622,0.9626
1770310860,0.9626,0.9629,0.96,0.9612
1770310920,0.9612,0.9612,0.9577,0.9584
1770310980,0.9584,0.9586,0.9545,0.9582
1770311040,0.9582,0.9582,0.955,0.9559
1770311100,0.9559,0.9576,0.9545,0.9567
1770311160,0.9567,0.9584,0.9527,0.953
1770311220,0.953,0.9541,0.9504,0.9537
1770311280,0.9537,0.9548,0.9517,0.9532
1770311340,0.9532,0.9537,0.9459,0.9467
1770311400,0.9467,0.9482,0.9449,0.9468
1770311460,0.9468,0.949,0.945,0.9465
1770311520,0.9465,0.9467,0.9433,0.9449
1770311580,0.9449,0.9478,0.9447,0.9466
1770311640,0.9466,0.95,0.9461,0.9472
1770311700,0.9472,0.9485,0.9424,0.9447
1770311760,0.9447,0.9471,0.9443,0.9448
1770311820,0.9448,0.9454,0.9415,0.9434
1770311880,0.9434,0.944,0.94,0.9417
1770311940,0.9417,0.9429,0.938,0.9399
1770312000,0.9399,0.9404,0.9301,0.9328
1770312060,0.9328,0.9381,0.9325,0.9365
1770312120,0.9365,0.9442,0.9365,0.9401
1770312180,0.9401,0.9473,0.9401,0.9468
1770312240,0.9468,0.9581,0.9468,0.9571
1770312300,0.9571,0.9606,0.9549,0.9589
1770312360,0.9589,0.9641,0.9578,0.9578
1770312420,0.9578,0.959,0.9549,0.959
1770312480,0.959,0.9607,0.9536,0.9544
1770312540,0.9544,0.9594,0.9543,0.9586
1770312600,0.9586,0.9622,0.9535,0.9538
1770312660,0.9538,0.9552,0.9416,0.9425
1770312720,0.9425,0.9466,0.9419,0.9454
1770312780,0.9454,0.9477,0.9437,0.9475
1770312840,0.9475,0.9491,0.9442,0.9444
1770312900,0.9444,0.946,0.9433,0.9453
1770312960,0.9453,0.953,0.9453,0.9488
1770313020,0.9488,0.9506,0.9468,0.9506
1770313080,0.9506,0.9512,0.9473,0.9491
1770313140,0.9491,0.9512,0.9469,0.9474
1770313200,0.9474,0.9581,0.9467,0.9539
1770313260,0.9539,0.9548,0.9503,0.9521
1770313320,0.9521,0.953,0.9476,0.9476
1770313380,0.9476,0.9502,0.9462,0.9502
1770313440,0.9502,0.9502,0.9466,0.9494
1770313500,0.9494,0.9526,0.9479,0.9525
1770313560,0.9525,0.9547,0.9494,0.9529
1770313620,0.9529,0.954,0.9495,0.9507
1770313680,0.9507,0.9513,0.9448,0.9448
1770313740,0.9448,0.9472,0.9436,0.9463
1770313800,0.9463,0.9487,0.9451,0.9469
1770313860,0.9469,0.9509,0.9467,0.9485
1770313920,0.9485,0.9487,0.9442,0.9442
1770313980,0.9442,0.9477,0.9442,0.9467
1770314040,0.9467,0.9468,0.9437,0.9439
1770314100,0.9439,0.944,0.9404,0.9435
1770314160,0.9435,0.9448,0.9423,0.9429
1770314220,0.9429,0.9436,0.9404,0.9409
1770314280,0.9409,0.9421,0.9394,0.9394
1770314340,0.9394,0.9406,0.9389,0.94
1770314400,0.94,0.9423,0.9399,0.9399
1770314460,0.9399,0.9457,0.9397,0.9456
1770314520,0.9456,0.9474,0.9421,0.9431
1770314580,0.9431,0.9431,0.9359,0.9399
1770314640,0.9399,0.9459,0.9396,0.9413
1770314700,0.9413,0.9438,0.9388,0.9414
1770314760,0.9414,0.9425,0.9393,0.9414
1770314820,0.9414,0.9452,0.9406,0.9411
1770314880,0.9411,0.9421,0.9388,0.9394
1770314940,0.9394,0.9418,0.9383,0.9405
1770315000,0.9405,0.943,0.9398,0.9419
1770315060,0.9419,0.9426,0.9409,0.9425
1770315120,0.9425,0.9447,0.941,0.944
1770315180,0.944,0.9447,0.9395,0.9399
1770315240,0.9399,0.942,0.9399,0.9415
1770315300,0.9415,0.9426,0.9405,0.9426
1770315360,0.9426,0.9426,0.9327,0.933
1770315420,0.933,0.9356,0.9329,0.9334
1770315480,0.9334,0.9338,0.9305,0.9319
1770315540,0.9319,0.9356,0.9311,0.9328
1770315600,0.9328,0.9334,0.9293,0.9303
1770315660,0.9303,0.9306,0.9264,0.9282
1770315720,0.9282,0.9299,0.9241,0.926
1770315780,0.926,0.9276,0.9242,0.9249
1770315840,0.9249,0.9377,0.9249,0.9361
1770315900,0.9361,0.9372,0.9293,0.9297
1770315960,0.9297,0.9316,0.9276,0.9292
1770316020,0.9292,0.932,0.9269,0.9276
1770316080,0.9276,0.9285,0.9255,0.9285
1770316140,0.9285,0.9311,0.9278,0.931
1770316200,0.931,0.9336,0.9301,0.9323
1770316260,0.9323,0.9351,0.9285,0.9303
1770316320,0.9303,0.9327,0.9218,0.9225
1770316380,0.9225,0.9276,0.9225,0.9258
1770316440,0.9258,0.9289,0.9245,0.9284
1770316500,0.9284,0.9317,0.9284,0.9297
1770316560,0.9297,0.9322,0.9286,0.929
1770316620,0.929,0.929,0.9264,0.9274
1770316680,0.9274,0.9281,0.9241,0.925
1770316740,0.925,0.9277,0.9249,0.9272
1770316800,0.9272,0.9304,0.9253,0.9291
1770316860,0.9291,0.9327,0.9278,0.9314
1770316920,0.9314,0.9318,0.9292,0.9294
1770316980,0.9294,0.9313,0.9248,0.9254
1770317040,0.9254,0.928,0.9249,0.9262
1770317100,0.9262,0.9318,0.9262,0.9285
1770317160,0.9285,0.9327,0.9253,0.9262
1770317220,0.9262,0.9268,0.9219,0.9259
1770317280,0.9259,0.9295,0.9254,0.9292
1770317340,0.9292,0.9343,0.929,0.9311
1770317400,0.9311,0.9329,0.9283,0.9317
1770317460,0.9317,0.9344,0.931,0.9337
1770317520,0.9337,0.9352,0.9315,0.9331
1770317580,0.9331,0.9396,0.9331,0.9395
1770317640,0.9395,0.9433,0.9391,0.9413
1770317700,0.9413,0.9465,0.9403,0.9457
1770317760,0.9457,0.9492,0.9452,0.9478
1770317820,0.9478,0.9501,0.9459,0.947
1770317880,0.947,0.9484,0.9446,0.9479
1770317940,0.9479,0.9509,0.9478,0.9498
1770318000,0.9498,0.9508,0.9462,0.9474
1770318060,0.9474,0.9474,0.942,0.9424
1770318120,0.9424,0.9447,0.9415,0.942
1770318180,0.942,0.9486,0.942,0.9422
1770318240,0.9422,0.9435,0.94,0.9406
1770318300,0.9406,0.9434,0.9385,0.9425
1770318360,0.9425,0.9468,0.9402,0.9409
1770318420,0.9409,0.9418,0.9367,0.9368
1770318480,0.9368,0.9384,0.9356,0.9377
1770318540,0.9377,0.9389,0.9368,0.937
1770318600,0.937,0.9382,0.935,0.9381
1770318660,0.9381,0.9418,0.9376,0.9414
1770318720,0.9414,0.9439,0.9395,0.9425
1770318780,0.9425,0.9428,0.9402,0.9414
1770318840,0.9414,0.9421,0.9391,0.9398
1770318900,0.9398,0.9443,0.9387,0.9442
1770318960,0.9442,0.9464,0.9421,0.9447
1770319020,0.9447,0.9467,0.9408,0.9427
1770319080,0.9427,0.9433,0.9383,0.939
1770319140,0.939,0.9416,0.9381,0.9414
1770319200,0.9414,0.9417,0.9375,0.9377
1770319260,0.9377,0.9418,0.9373,0.9381
1770319320,0.9381,0.9381,0.936,0.9379
1770319380,0.9379,0.9383,0.9357,0.9361
1770319440,0.9361,0.9366,0.9328,0.9348
1770319500,0.9348,0.935,0.9305,0.9315
1770319560,0.9315,0.9349,0.9303,0.9335
1770319620,0.9335,0.9355,0.933,0.9341
1770319680,0.9341,0.9353,0.9333,0.9346
1770319740,0.9346,0.9355,0.9333,0.9355
1770319800,0.9355,0.9359,0.9325,0.9356
1770319860,0.9356,0.9402,0.9355,0.939
1770319920,0.939,0.9399,0.9336,0.9336
1770319980,0.9336,0.9393,0.9336,0.9363
1770320040,0.9363,0.9382,0.9356,0.938
1770320100,0.938,0.9392,0.9361,0.9384
1770320160,0.9384,0.9401,0.9351,0.9362
1770320220,0.9362,0.9383,0.9354,0.9378
1770320280,0.9378,0.9392,0.9362,0.9368
1770320340,0.9368,0.9378,0.9349,0.9353
1770320400,0.9353,0.936,0.9332,0.9334
1770320460,0.9334,0.9334,0.93,0.9312
1770320520,0.9312,0.9334,0.931,0.9315
1770320580,0.9315,0.9325,0.9312,0.9318
1770320640,0.9318,0.9328,0.9308,0.9308
1770320700,0.9308,0.9327,0.93,0.9308
1770320760,0.9308,0.931,0.926,0.9275
1770320820,0.9275,0.9276,0.9249,0.9255
1770320880,0.9255,0.9264,0.9243,0.9243
1770320940,0.9243,0.9274,0.9243,0.9252
1770321000,0.9252,0.9277,0.9234,0.9257
1770321060,0.9257,0.9257,0.922,0.922
1770321120,0.922,0.9223,0.9182,0.9212
1770321180,0.9212,0.9229,0.9209,0.9226
1770321240,0.9226,0.9264,0.922,0.9244
1770321300,0.9244,0.9247,0.9225,0.9229
1770321360,0.9229,0.9255,0.9213,0.9226
1770321420,0.9226,0.9239,0.9224,0.9229
1770321480,0.9229,0.9237,0.9219,0.9228
1770321540,0.9228,0.9242,0.9226,0.924
1770321600,0.924,0.925,0.9227,0.9249
1770321660,0.9249,0.9291,0.9245,0.9291
1770321720,0.9291,0.931,0.9258,0.9259
1770321780,0.9259,0.9278,0.9241,0.9271
1770321840,0.9271,0.9274,0.9251,0.9253
1770321900,0.9253,0.9257,0.9208,0.9213
1770321960,0.9213,0.9249,0.9204,0.923
1770322020,0.923,0.9272,0.9225,0.9272
1770322080,0.9272,0.9304,0.9268,0.9288
1770322140,0.9288,0.9312,0.9277,0.9304
1770322200,0.9304,0.931,0.9264,0.9269
1770322260,0.9269,0.9269,0.9233,0.924
1770322320,0.924,0.9251,0.9231,0.9234
1770322380,0.9234,0.9239,0.9204,0.9205
1770322440,0.9205,0.9208,0.9175,0.9178
1770322500,0.9178,0.9185,0.9095,0.9102
1770322560,0.9102,0.9123,0.9071,0.9074
1770322620,0.9074,0.9092,0.9035,0.9075
1770322680,0.9075,0.9107,0.9055,0.9068
1770322740,0.9068,0.9091,0.9028,0.9038
1770322800,0.9038,0.9069,0.902,0.9029
1770322860,0.9029,0.9051,0.8971,0.8985
1770322920,0.8985,0.8999,0.8911,0.8914
1770322980,0.8914,0.895,0.8863,0.8914
1770323040,0.8914,0.8965,0.8875,0.8934
1770323100,0.8934,0.8945,0.8761,0.8793
1770323160,0.8793,0.8889,0.8754,0.8888
1770323220,0.8888,0.8986,0.8888,0.894
1770323280,0.894,0.8972,0.8906,0.893
1770323340,0.893,0.8944,0.8878,0.8896
1770323400,0.8896,0.8967,0.8883,0.8939
1770323460,0.8939,0.8979,0.8888,0.8902
1770323520,0.8902,0.897,0.8867,0.8969
1770323580,0.8969,0.9001,0.8939,0.8974
1770323640,0.8974,0.9,0.8949,0.8985
1770323700,0.8985,0.9012,0.8956,0.8975
1770323760,0.8975,0.8983,0.8887,0.8983
1770323820,0.8983,0.9068,0.8983,0.9028
1770323880,0.9028,0.9028,0.8969,0.9004
1770323940,0.9004,0.9057,0.8998,0.905
1770324000,0.905,0.9145,0.9046,0.9117
1770324060,0.9117,0.9132,0.9092,0.9101
1770324120,0.9101,0.9125,0.9053,0.9081
1770324180,0.9081,0.9111,0.9065,0.9091
1770324240,0.9091,0.9099,0.9061,0.9076
1770324300,0.9076,0.9096,0.9029,0.9065
1770324360,0.9065,0.9074,0.8992,0.9004
1770324420,0.9004,0.9007,0.8969,0.8981
1770324480,0.8981,0.9004,0.8953,0.896
1770324540,0.896,0.8971,0.8937,0.8958
1770324600,0.8958,0.8984,0.8942,0.8944
1770324660,0.8944,0.8997,0.8894,0.8949
1770324720,0.8949,0.8949,0.8889,0.8896
1770324780,0.8896,0.8898,0.8852,0.8878
1770324840,0.8878,0.8894,0.8848,0.8862
1770324900,0.8862,0.8916,0.8832,0.8908
1770324960,0.8908,0.8943,0.8897,0.892
1770325020,0.892,0.8974,0.8911,0.8951
1770325080,0.8951,0.9011,0.8939,0.9006
1770325140,0.9006,0.9006,0.8934,0.8936
1770325200,0.8936,0.9083,0.892,0.9078
1770325260,0.9078,0.9082,0.8947,0.9001
1770325320,0.9001,0.9078,0.8981,0.9074
1770325380,0.9074,0.9146,0.9064,0.9125
1770325440,0.9125,0.9246,0.9125,0.9197
1770325500,0.9197,0.9231,0.9166,0.9167
1770325560,0.9167,0.9196,0.9126,0.9138
1770325620,0.9138,0.914,0.9092,0.9118
1770325680,0.9118,0.9165,0.9109,0.912
1770325740,0.912,0.9134,0.9095,0.9096
1770325800,0.9096,0.9109,0.906,0.9061
1770325860,0.9061,0.9075,0.9036,0.905
1770325920,0.905,0.9065,0.9025,0.9048
1770325980,0.9048,0.9062,0.9033,0.9037
1770326040,0.9037,0.9044,0.9004,0.9012
1770326100,0.9012,0.902,0.8947,0.8985
1770326160,0.8985,0.9025,0.8974,0.8981
1770326220,0.8981,0.8981,0.8921,0.8921
1770326280,0.8921,0.8942,0.89,0.8916
1770326340,0.8916,0.8922,0.8901,0.8913
1770326400,0.8913,0.8947,0.8891,0.8944
1770326460,0.8944,0.9029,0.8938,0.8989
1770326520,0.8989,0.9028,0.8989,0.8998
1770326580,0.8998,0.9158,0.8998,0.9138
1770326640,0.9138,0.9174,0.9077,0.9085
1770326700,0.9085,0.9101,0.9043,0.9049
1770326760,0.9049,0.9049,0.9015,0.9017
1770326820,0.9017,0.9034,0.8976,0.9032
1770326880,0.9032,0.9049,0.9008,0.9031
1770326940,0.9031,0.9104,0.9031,0.9104
1770327000,0.9104,0.9131,0.9077,0.9102
1770327060,0.9102,0.9126,0.9074,0.9121
1770327120,0.9121,0.9144,0.9074,0.9089
1770327180,0.9089,0.9094,0.9062,0.907
1770327240,0.907,0.9072,0.9022,0.9025
1770327300,0.9025,0.9052,0.9014,0.9032
1770327360,0.9032,0.9033,0.8972,0.8987
1770327420,0.8987,0.9011,0.8983,0.8993
1770327480,0.8993,0.9017,0.8989,0.9006
1770327540,0.9006,0.9031,0.9002,0.9029
1770327600,0.9029,0.9053,0.9017,0.9033
1770327660,0.9033,0.9045,0.9013,0.9045
1770327720,0.9045,0.9062,0.9028,0.9049
1770327780,0.9049,0.9049,0.8989,0.8997
1770327840,0.8997,0.8997,0.8937,0.898
1770327900,0.898,0.9015,0.8975,0.8991
1770327960,0.8991,0.9013,0.8961,0.901
1770328020,0.901,0.9048,0.9006,0.901
1770328080,0.901,0.9031,0.8993,0.8998
1770328140,0.8998,0.8998,0.8948,0.8957
1770328200,0.8957,0.8968,0.8931,0.896
1770328260,0.896,0.8979,0.8936,0.8957
1770328320,0.8957,0.8973,0.892,0.8935
1770328380,0.8935,0.894,0.891,0.8914
1770328440,0.8914,0.8949,0.8906,0.8938
1770328500,0.8938,0.8978,0.8936,0.8936
1770328560,0.8936,0.8936,0.8882,0.8889
1770328620,0.8889,0.8939,0.8889,0.892
1770328680,0.892,0.8951,0.8919,0.8947
1770328740,0.8947,0.8964,0.8942,0.8948
1770328800,0.8948,0.8982,0.8938,0.8966
1770328860,0.8966,0.8987,0.8931,0.8959
1770328920,0.8959,0.896,0.8932,0.8946
1770328980,0.8946,0.9002,0.8935,0.8937
1770329040,0.8937,0.8962,0.892,0.8962
1770329100,0.8962,0.8984,0.8929,0.8932
1770329160,0.8932,0.8947,0.8918,0.8918
1770329220,0.8918,0.8923,0.8882,0.8903
1770329280,0.8903,0.8985,0.8864,0.8979
1770329340,0.8979,0.9036,0.8963,0.9025
1770329400,0.9025,0.9059,0.8978,0.8987
1770329460,0.8987,0.8997,0.8972,0.8996
1770329520,0.8996,0.9016,0.8985,0.9003
1770329580,0.9003,0.9011,0.8971,0.8993
1770329640,0.8993,0.8993,0.8967,0.898
1770329700,0.898,0.8996,0.8931,0.8932
1770329760,0.8932,0.8948,0.8912,0.8919
1770329820,0.8919,0.8925,0.8782,0.882
1770329880,0.882,0.8861,0.8806,0.8852
1770329940,0.8852,0.8904,0.8831,0.8882
1770330000,0.8882,0.8898,0.8826,0.8857
1770330060,0.8857,0.8868,0.8835,0.8852
1770330120,0.8852,0.8862,0.8812,0.8812
1770330180,0.8812,0.8832,0.8811,0.8828
1770330240,0.8828,0.8849,0.8815,0.8847
1770330300,0.8847,0.8878,0.8828,0.8847
1770330360,0.8847,0.8862,0.8842,0.8842
1770330420,0.8842,0.889,0.8841,0.8882
1770330480,0.8882,0.9058,0.8882,0.9052
1770330540,0.9052,0.9105,0.9044,0.9072
1770330600,0.9072,0.9136,0.9049,0.905
1770330660,0.905,0.9054,0.8969,0.898
1770330720,0.898,0.9008,0.8965,0.9008
1770330780,0.9008,0.9008,0.8951,0.8952
1770330840,0.8952,0.9002,0.895,0.8977
1770330900,0.8977,0.9002,0.8952,0.8996
1770330960,0.8996,0.8999,0.8956,0.8982
1770331020,0.8982,0.9002,0.8967,0.8981
1770331080,0.8981,0.8988,0.8957,0.8957
1770331140,0.8957,0.8982,0.8956,0.8976
1770331200,0.8976,0.8992,0.8953,0.8971
1770331260,0.8971,0.8997,0.8952,0.8997
1770331320,0.8997,0.9008,0.898,0.8996
1770331380,0.8996,0.8997,0.8974,0.8993
1770331440,0.8993,0.9009,0.899,0.8994
1770331500,0.8994,0.9019,0.8994,0.9019
1770331560,0.9019,0.9039,0.8974,0.8975
1770331620,0.8975,0.8983,0.8955,0.8976
1770331680,0.8976,0.8983,0.8966,0.8979
1770331740,0.8979,0.9,0.897,0.8999
1770331800,0.8999,0.9007,0.8998,0.9006
1770331860,0.9006,0.9031,0.8997,0.9031
1770331920,0.9031,0.9096,0.9014,0.9025
1770331980,0.9025,0.9046,0.9015,0.9015
1770332040,0.9015,0.9033,0.9008,0.9013
1770332100,0.9013,0.9013,0.8966,0.8994
1770332160,0.8994,0.9006,0.8985,0.9006
1770332220,0.9006,0.9019,0.9002,0.9002
1770332280,0.9002,0.9002,0.8979,0.8979
1770332340,0.8979,0.9021,0.897,0.8985
1770332400,0.8985,0.9003,0.897,0.8994
1770332460,0.8994,0.8999,0.8954,0.8986
1770332520,0.8986,0.9033,0.8977,0.9033
1770332580,0.9033,0.9084,0.9021,0.9064
1770332640,0.9064,0.9139,0.9061,0.9128
1770332700,0.9128,0.9168,0.911,0.9111
1770332760,0.9111,0.9151,0.9108,0.9151
1770332820,0.9151,0.9151,0.9117,0.9126
1770332880,0.9126,0.9127,0.9088,0.9098
1770332940,0.9098,0.9139,0.9086,0.9126
1770333000,0.9126,0.9163,0.9125,0.9153
1770333060,0.9153,0.9162,0.9125,0.9149
1770333120,0.9149,0.9158,0.9132,0.9135
1770333180,0.9135,0.9144,0.9116,0.9125
1770333240,0.9125,0.9135,0.9119,0.9125
1770333300,0.9125,0.9151,0.9117,0.9136
1770333360,0.9136,0.9136,0.9077,0.908
1770333420,0.908,0.9114,0.9077,0.9109
1770333480,0.9109,0.9109,0.9076,0.9094
1770333540,0.9094,0.9094,0.9074,0.9075
1770333600,0.9075,0.9077,0.9036,0.9039
1770333660,0.9039,0.9044,0.9009,0.9023
1770333720,0.9023,0.9026,0.8991,0.8996
1770333780,0.8996,0.9006,0.8988,0.899
1770333840,0.899,0.8995,0.8967,0.8972
1770333900,0.8972,0.9007,0.8972,0.8999
1770333960,0.8999,0.901,0.8981,0.901
1770334020,0.901,0.9026,0.9006,0.9026
1770334080,0.9026,0.9043,0.9015,0.9032
1770334140,0.9032,0.9052,0.9032,0.9048
1770334200,0.9048,0.9061,0.9032,0.9042
1770334260,0.9042,0.9076,0.903,0.9076
1770334320,0.9076,0.9079,0.9031,0.9033
1770334380,0.9033,0.9033,0.901,0.9012
1770334440,0.9012,0.9012,0.8982,0.8982
1770334500,0.8982,0.8985,0.8936,0.8943
1770334560,0.8943,0.8948,0.892,0.894
1770334620,0.894,0.8944,0.8922,0.8926
1770334680,0.8926,0.8953,0.8921,0.8939
1770334740,0.8939,0.895,0.8924,0.8927
1770334800,0.8927,0.8927,0.89,0.8924
1770334860,0.8924,0.8937,0.8883,0.8895
1770334920,0.8895,0.891,0.8883,0.8909
1770334980,0.8909,0.8919,0.89,0.8901
1770335040,0.8901,0.8914,0.8895,0.8905
1770335100,0.8905,0.8917,0.8893,0.8897
1770335160,0.8897,0.8915,0.8897,0.8908
1770335220,0.8908,0.8924,0.8897,0.8908
1770335280,0.8908,0.891,0.8868,0.8903
1770335340,0.8903,0.8926,0.8903,0.8913
1770335400,0.8913,0.8913,0.8877,0.8893
1770335460,0.8893,0.8893,0.8865,0.887
1770335520,0.887,0.8875,0.8791,0.8809
1770335580,0.8809,0.8815,0.8791,0.8801
1770335640,0.8801,0.8809,0.8788,0.8797
1770335700,0.8797,0.8817,0.8797,0.8801
1770335760,0.8801,0.8813,0.8776,0.8813
1770335820,0.8813,0.8831,0.8798,0.8807
1770335880,0.8807,0.8811,0.879,0.8798
1770335940,0.8798,0.8827,0.8797,0.8822
1780617600,0.7663,0.7663,0.7638,0.7638
1780617660,0.7638,0.7647,0.7626,0.7626
1780617720,0.7626,0.7645,0.762,0.7644
1780617780,0.7644,0.7653,0.7633,0.7633
1780617840,0.7633,0.7637,0.7626,0.7631
1780617900,0.7631,0.7653,0.7631,0.7645
1780617960,0.7645,0.7651,0.7636,0.7651
1780618020,0.7651,0.7652,0.7636,0.764
1780618080,0.764,0.7649,0.7627,0.7642
1780618140,0.7642,0.7649,0.7637,0.764
1780618200,0.764,0.7649,0.7633,0.7633
1780618260,0.7633,0.7642,0.7619,0.7628
1780618320,0.7628,0.7632,0.761,0.7619
1780618380,0.7619,0.763,0.7597,0.76
1780618440,0.76,0.7604,0.7582,0.7585
1780618500,0.7585,0.7596,0.7581,0.7588
1780618560,0.7588,0.7593,0.7582,0.7588
1780618620,0.7588,0.7596,0.757,0.7573
1780618680,0.7573,0.7573,0.7543,0.7557
1780618740,0.7557,0.7588,0.7557,0.7579
1780618800,0.7579,0.7633,0.7579,0.7616
1780618860,0.7616,0.7616,0.7598,0.7612
1780618920,0.7612,0.7614,0.7599,0.7614
1780618980,0.7614,0.7654,0.7614,0.7642
1780619040,0.7642,0.765,0.7634,0.764
1780619100,0.764,0.764,0.7621,0.7622
1780619160,0.7622,0.7638,0.7615,0.7636
1780619220,0.7636,0.7653,0.7629,0.7652
1780619280,0.7652,0.7671,0.7648,0.7671
1780619340,0.7671,0.7683,0.766,0.7682
1780619400,0.7682,0.7684,0.7671,0.7671
1780619460,0.7671,0.7671,0.7653,0.766
1780619520,0.766,0.767,0.7646,0.7646
1780619580,0.7646,0.767,0.7642,0.7664
1780619640,0.7664,0.7664,0.7642,0.7643
1780619700,0.7643,0.7646,0.7624,0.7627
1780619760,0.7627,0.7638,0.7624,0.7625
1780619820,0.7625,0.7629,0.7607,0.762
1780619880,0.762,0.7633,0.7607,0.7632
1780619940,0.7632,0.766,0.763,0.766
1780620000,0.766,0.766,0.7648,0.7649
1780620060,0.7649,0.7653,0.7625,0.7625
1780620120,0.7625,0.7626,0.7616,0.7618
1780620180,0.7618,0.7626,0.7614,0.7626
1780620240,0.7626,0.7633,0.7621,0.7629
1780620300,0.7629,0.7642,0.7618,0.7638
1780620360,0.7638,0.7645,0.763,0.7642
1780620420,0.7642,0.7647,0.7634,0.7635
1780620480,0.7635,0.7649,0.7635,0.7647
1780620540,0.7647,0.7651,0.7638,0.7645
1780620600,0.7645,0.7645,0.7617,0.7618
1780620660,0.7618,0.7628,0.7616,0.7625
1780620720,0.7625,0.7625,0.7595,0.7597
1780620780,0.7597,0.7609,0.7593,0.7598
1780620840,0.7598,0.7611,0.7593,0.7598
1780620900,0.7598,0.7602,0.7593,0.7599
1780620960,0.7599,0.7601,0.7591,0.7599
1780621020,0.7599,0.7605,0.7589,0.7589
1780621080,0.7589,0.7589,0.7559,0.7562
1780621140,0.7562,0.7571,0.756,0.7567
1780621200,0.7567,0.7568,0.7553,0.7558
1780621260,0.7558,0.7558,0.7503,0.7513
1780621320,0.7513,0.7529,0.7494,0.7506
1780621380,0.7506,0.7513,0.7494,0.7508
1780621440,0.7508,0.7525,0.7483,0.7498
1780621500,0.7498,0.7533,0.7498,0.7524
1780621560,0.7524,0.754,0.752,0.7534
1780621620,0.7534,0.7572,0.7534,0.7559
1780621680,0.7559,0.7559,0.7539,0.754
1780621740,0.754,0.7549,0.7538,0.7549
1780621800,0.7549,0.7552,0.7526,0.7536
1780621860,0.7536,0.7545,0.7531,0.7538
1780621920,0.7538,0.7562,0.7537,0.756
1780621980,0.756,0.756,0.7545,0.7553
1780622040,0.7553,0.7568,0.7553,0.7568
1780622100,0.7568,0.7568,0.7552,0.7554
1780622160,0.7554,0.7569,0.7549,0.7569
1780622220,0.7569,0.7599,0.7561,0.7599
1780622280,0.7599,0.7618,0.7594,0.7616
1780622340,0.7616,0.7622,0.7601,0.7604
1780622400,0.7604,0.7608,0.7592,0.7597
1780622460,0.7597,0.7606,0.7586,0.759
1780622520,0.759,0.759,0.7559,0.7563
1780622580,0.7563,0.7582,0.7559,0.7582
1780622640,0.7582,0.7604,0.7582,0.7604
1780622700,0.7604,0.7612,0.7585,0.7587
1780622760,0.7587,0.7596,0.7571,0.7571
1780622820,0.7571,0.7587,0.7569,0.7585
1780622880,0.7585,0.7591,0.7575,0.7585
1780622940,0.7585,0.7604,0.7585,0.7604
1780623000,0.7604,0.7652,0.7604,0.7627
1780623060,0.7627,0.7641,0.7617,0.7637
1780623120,0.7637,0.7637,0.7616,0.7618
1780623180,0.7618,0.7623,0.7611,0.7615
1780623240,0.7615,0.7615,0.7593,0.76
1780623300,0.76,0.7618,0.7595,0.7614
1780623360,0.7614,0.7618,0.7606,0.7608
1780623420,0.7608,0.7608,0.7595,0.7596
1780623480,0.7596,0.7596,0.7559,0.7568
1780623540,0.7568,0.7574,0.7559,0.7563
1780623600,0.7563,0.7567,0.7551,0.7566
1780623660,0.7566,0.7568,0.7552,0.7564
1780623720,0.7564,0.7568,0.755,0.7557
1780623780,0.7557,0.7575,0.7552,0.7575
1780623840,0.7575,0.7602,0.7575,0.7602
1780623900,0.7602,0.7603,0.7591,0.7598
1780623960,0.7598,0.7609,0.7592,0.7604
1780624020,0.7604,0.7606,0.7587,0.7606
1780624080,0.7606,0.7608,0.7593,0.7602
1780624140,0.7602,0.7605,0.7598,0.7604
1780624200,0.7604,0.7604,0.7579,0.7582
1780624260,0.7582,0.7593,0.7575,0.7583
1780624320,0.7583,0.7592,0.7581,0.7586
1780624380,0.7586,0.7592,0.7583,0.759
1780624440,0.759,0.759,0.758,0.7583
1780624500,0.7583,0.7592,0.7568,0.759
1780624560,0.759,0.7605,0.7586,0.7594
1780624620,0.7594,0.7605,0.7591,0.7591
1780624680,0.7591,0.7591,0.7582,0.7587
1780624740,0.7587,0.7587,0.7579,0.7579
1780624800,0.7579,0.7589,0.7575,0.7576
1780624860,0.7576,0.7585,0.7553,0.7561
1780624920,0.7561,0.757,0.7548,0.7561
1780624980,0.7561,0.7577,0.756,0.757
1780625040,0.757,0.759,0.756,0.7587
1780625100,0.7587,0.7587,0.7562,0.7565
1780625160,0.7565,0.7579,0.7559,0.7578
1780625220,0.7578,0.758,0.7545,0.7553
1780625280,0.7553,0.7562,0.7547,0.7547
1780625340,0.7547,0.7559,0.7544,0.7549
1780625400,0.7549,0.7569,0.7545,0.7565
1780625460,0.7565,0.7565,0.755,0.7553
1780625520,0.7553,0.7565,0.7552,0.756
1780625580,0.756,0.7561,0.7538,0.7543
1780625640,0.7543,0.7543,0.7527,0.7527
1780625700,0.7527,0.7546,0.7527,0.7536
1780625760,0.7536,0.7546,0.7527,0.7527
1780625820,0.7527,0.7543,0.7518,0.7543
1780625880,0.7543,0.7547,0.7502,0.7509
1780625940,0.7509,0.7519,0.7498,0.7508
1780626000,0.7508,0.7516,0.7471,0.7479
1780626060,0.7479,0.7503,0.7476,0.7482
1780626120,0.7482,0.7487,0.7472,0.7476
1780626180,0.7476,0.7504,0.7476,0.7504
1780626240,0.7504,0.7509,0.7494,0.7507
1780626300,0.7507,0.7512,0.7496,0.7499
1780626360,0.7499,0.7511,0.7499,0.7502
1780626420,0.7502,0.751,0.749,0.7494
1780626480,0.7494,0.7494,0.7472,0.7482
1780626540,0.7482,0.7496,0.7476,0.7476
1780626600,0.7476,0.7486,0.7462,0.7483
1780626660,0.7483,0.7513,0.7483,0.7505
1780626720,0.7505,0.7506,0.7488,0.7498
1780626780,0.7498,0.7498,0.748,0.7487
1780626840,0.7487,0.7506,0.7487,0.7498
1780626900,0.7498,0.7505,0.7491,0.7505
1780626960,0.7505,0.7505,0.7479,0.7485
1780627020,0.7485,0.7506,0.7485,0.7495
1780627080,0.7495,0.7497,0.7478,0.7479
1780627140,0.7479,0.7491,0.7479,0.749
1780627200,0.749,0.7496,0.748,0.7493
1780627260,0.7493,0.7499,0.7479,0.7485
1780627320,0.7485,0.7485,0.7435,0.744
1780627380,0.744,0.7449,0.7409,0.7449
1780627440,0.7449,0.747,0.7446,0.7446
1780627500,0.7446,0.7464,0.7438,0.7462
1780627560,0.7462,0.7472,0.7451,0.7453
1780627620,0.7453,0.7463,0.7435,0.7439
1780627680,0.7439,0.7448,0.7429,0.7441
1780627740,0.7441,0.7448,0.7422,0.7427
1780627800,0.7427,0.7444,0.7423,0.7439
1780627860,0.7439,0.7444,0.7428,0.7428
1780627920,0.7428,0.743,0.7409,0.7418
1780627980,0.7418,0.7431,0.7418,0.7424
1780628040,0.7424,0.7427,0.7391,0.7405
1780628100,0.7405,0.7417,0.7402,0.7408
1780628160,0.7408,0.7416,0.7394,0.7406
1780628220,0.7406,0.7418,0.7388,0.7392
1780628280,0.7392,0.7392,0.7346,0.7349
1780628340,0.7349,0.7368,0.7349,0.736
1780628400,0.736,0.7375,0.7348,0.7358
1780628460,0.7358,0.7358,0.7334,0.7349
1780628520,0.7349,0.7354,0.7334,0.7349
1780628580,0.7349,0.7375,0.7348,0.7368
1780628640,0.7368,0.7376,0.7355,0.737
1780628700,0.737,0.737,0.7345,0.735
1780628760,0.735,0.7366,0.7315,0.7321
1780628820,0.7321,0.7341,0.7317,0.7319
1780628880,0.7319,0.7329,0.7306,0.7317
1780628940,0.7317,0.7335,0.7317,0.733
1780629000,0.733,0.7342,0.7322,0.7327
1780629060,0.7327,0.7332,0.7305,0.7319
1780629120,0.7319,0.7326,0.7316,0.7324
1780629180,0.7324,0.7327,0.7301,0.7315
1780629240,0.7315,0.7324,0.7306,0.7309
1780629300,0.7309,0.7346,0.7309,0.7339
1780629360,0.7339,0.7378,0.7338,0.7357
1780629420,0.7357,0.7391,0.7357,0.7391
1780629480,0.7391,0.7413,0.7391,0.7396
1780629540,0.7396,0.7397,0.7382,0.7385
1780629600,0.7385,0.7385,0.7359,0.7359
1780629660,0.7359,0.7373,0.7352,0.7354
1780629720,0.7354,0.736,0.7343,0.7359
1780629780,0.7359,0.7371,0.7351,0.7351
1780629840,0.7351,0.7362,0.7345,0.7356
1780629900,0.7356,0.7357,0.7339,0.7348
1780629960,0.7348,0.735,0.7321,0.7323
1780630020,0.7323,0.7342,0.7322,0.7327
1780630080,0.7327,0.7329,0.7314,0.7323
1780630140,0.7323,0.7343,0.7323,0.7343
1780630200,0.7343,0.7378,0.7343,0.7375
1780630260,0.7375,0.7396,0.737,0.7387
1780630320,0.7387,0.7403,0.7387,0.7394
1780630380,0.7394,0.7395,0.7378,0.7379
1780630440,0.7379,0.7386,0.7377,0.7383
1780630500,0.7383,0.7384,0.7366,0.7377
1780630560,0.7377,0.7383,0.7372,0.7374
1780630620,0.7374,0.7378,0.7352,0.7355
1780630680,0.7355,0.736,0.7344,0.7344
1780630740,0.7344,0.7366,0.7344,0.7365
1780630800,0.7365,0.7368,0.7348,0.7348
1780630860,0.7348,0.7348,0.7323,0.7327
1780630920,0.7327,0.7334,0.7306,0.7311
1780630980,0.7311,0.732,0.7298,0.7313
1780631040,0.7313,0.7327,0.7313,0.7323
1780631100,0.7323,0.7336,0.7321,0.7334
1780631160,0.7334,0.7348,0.7325,0.7343
1780631220,0.7343,0.7348,0.7324,0.7336
1780631280,0.7336,0.7344,0.7331,0.7334
1780631340,0.7334,0.7344,0.7334,0.7337
1780631400,0.7337,0.7357,0.7337,0.7345
1780631460,0.7345,0.7353,0.7334,0.7342
1780631520,0.7342,0.7342,0.7315,0.7315
1780631580,0.7315,0.7323,0.7303,0.7304
1780631640,0.7304,0.7317,0.7302,0.7317
1780631700,0.7317,0.733,0.7308,0.7328
1780631760,0.7328,0.7344,0.7324,0.7333
1780631820,0.7333,0.7335,0.7326,0.7327
1780631880,0.7327,0.7327,0.7303,0.7307
1780631940,0.7307,0.7307,0.7282,0.7301
1780632000,0.7301,0.7311,0.7293,0.7293
1780632060,0.7293,0.7299,0.7282,0.7285
1780632120,0.7285,0.7297,0.7273,0.7282
1780632180,0.7282,0.7284,0.7271,0.7272
1780632240,0.7272,0.7318,0.7257,0.7305
1780632300,0.7305,0.7325,0.7302,0.7324
1780632360,0.7324,0.7378,0.7324,0.7376
1780632420,0.7376,0.7408,0.7376,0.7406
1780632480,0.7406,0.7421,0.7385,0.7389
1780632540,0.7389,0.7411,0.7379,0.7411
1780632600,0.7411,0.7417,0.74,0.7401
1780632660,0.7401,0.7401,0.738,0.7396
1780632720,0.7396,0.7419,0.739,0.7391
1780632780,0.7391,0.74,0.7389,0.7392
1780632840,0.7392,0.7411,0.7389,0.7411
1780632900,0.7411,0.7419,0.7402,0.7402
1780632960,0.7402,0.7413,0.7391,0.7391
1780633020,0.7391,0.7405,0.7391,0.7398
1780633080,0.7398,0.7399,0.7372,0.7395
1780633140,0.7395,0.7399,0.7389,0.739
1780633200,0.739,0.7397,0.7379,0.7395
1780633260,0.7395,0.7409,0.7395,0.7405
1780633320,0.7405,0.7412,0.7392,0.7394
1780633380,0.7394,0.7401,0.739,0.7395
1780633440,0.7395,0.7408,0.7393,0.7406
1780633500,0.7406,0.7457,0.7404,0.7456
1780633560,0.7456,0.7473,0.7448,0.7465
1780633620,0.7465,0.7475,0.7447,0.7451
1780633680,0.7451,0.7468,0.7446,0.7468
1780633740,0.7468,0.747,0.7457,0.7462
1780633800,0.7462,0.7462,0.7421,0.7425
1780633860,0.7425,0.7434,0.742,0.742
1780633920,0.742,0.7428,0.7405,0.7408
1780633980,0.7408,0.7421,0.7408,0.741
1780634040,0.741,0.7416,0.7404,0.7409
1780634100,0.7409,0.7415,0.7395,0.7415
1780634160,0.7415,0.7423,0.7411,0.7415
1780634220,0.7415,0.7419,0.7397,0.7408
1780634280,0.7408,0.7408,0.7389,0.7389
1780634340,0.7389,0.7389,0.7364,0.7369
1780634400,0.7369,0.737,0.7339,0.7352
1780634460,0.7352,0.7363,0.7351,0.7357
1780634520,0.7357,0.7361,0.7337,0.7341
1780634580,0.7341,0.7341,0.731,0.731
1780634640,0.731,0.7332,0.731,0.7331
1780634700,0.7331,0.7345,0.7329,0.7345
1780634760,0.7345,0.7345,0.731,0.7312
1780634820,0.7312,0.732,0.7306,0.732
1780634880,0.732,0.7324,0.7303,0.7305
1780634940,0.7305,0.7325,0.7305,0.7323
1780635000,0.7323,0.7357,0.7323,0.7357
1780635060,0.7357,0.7369,0.7349,0.7367
1780635120,0.7367,0.7377,0.7362,0.7375
1780635180,0.7375,0.738,0.7358,0.7363
1780635240,0.7363,0.7401,0.7363,0.7398
1780635300,0.7398,0.7398,0.7375,0.7379
1780635360,0.7379,0.7388,0.7368,0.7368
1780635420,0.7368,0.739,0.7368,0.739
1780635480,0.739,0.7426,0.7389,0.7426
1780635540,0.7426,0.7436,0.7416,0.7423
1780635600,0.7423,0.7453,0.7423,0.7428
1780635660,0.7428,0.744,0.7421,0.744
1780635720,0.744,0.7441,0.7421,0.7437
1780635780,0.7437,0.7438,0.7402,0.7408
1780635840,0.7408,0.7417,0.7396,0.7396
1780635900,0.7396,0.7411,0.7391,0.7409
1780635960,0.7409,0.7413,0.7393,0.74
1780636020,0.74,0.7404,0.7388,0.739
1780636080,0.739,0.7397,0.7383,0.7389
1780636140,0.7389,0.7394,0.7381,0.7383
1780636200,0.7383,0.7395,0.738,0.7394
1780636260,0.7394,0.7402,0.7393,0.7393
1780636320,0.7393,0.7394,0.7379,0.7379
1780636380,0.7379,0.7394,0.7379,0.7394
1780636440,0.7394,0.7397,0.7392,0.7394
1780636500,0.7394,0.7399,0.7384,0.7384
1780636560,0.7384,0.7384,0.7368,0.7375
1780636620,0.7375,0.7382,0.7371,0.7371
1780636680,0.7371,0.7378,0.7363,0.7376
1780636740,0.7376,0.7385,0.7373,0.7383
1780636800,0.7383,0.7388,0.7377,0.7387
1780636860,0.7387,0.7418,0.7387,0.7397
1780636920,0.7397,0.7399,0.739,0.7397
1780636980,0.7397,0.7411,0.7397,0.74
1780637040,0.74,0.7402,0.7388,0.7394
1780637100,0.7394,0.7415,0.7391,0.7412
1780637160,0.7412,0.7421,0.741,0.7421
1780637220,0.7421,0.7444,0.7416,0.7434
1780637280,0.7434,0.7443,0.7427,0.7427
1780637340,0.7427,0.7427,0.7417,0.7425
1780637400,0.7425,0.7437,0.7422,0.7426
1780637460,0.7426,0.7439,0.7424,0.7424
1780637520,0.7424,0.743,0.7419,0.7428
1780637580,0.7428,0.7433,0.7408,0.7409
1780637640,0.7409,0.7409,0.7395,0.74
1780637700,0.74,0.7403,0.7369,0.737
1780637760,0.737,0.738,0.7358,0.7361
1780637820,0.7361,0.7374,0.7324,0.7335
1780637880,0.7335,0.7353,0.7334,0.735
1780637940,0.735,0.7365,0.7346,0.7365
1780638000,0.7365,0.7376,0.736,0.736
1780638060,0.736,0.736,0.733,0.7342
1780638120,0.7342,0.7351,0.7335,0.7347
1780638180,0.7347,0.7359,0.7331,0.734
1780638240,0.734,0.734,0.7326,0.7332
1780638300,0.7332,0.7346,0.7315,0.7328
1780638360,0.7328,0.7329,0.7309,0.732
1780638420,0.732,0.732,0.7258,0.7273
1780638480,0.7273,0.7295,0.7272,0.7284
1780638540,0.7284,0.7301,0.7283,0.7286
1780638600,0.7286,0.7303,0.7281,0.7299
1780638660,0.7299,0.7302,0.7272,0.7289
1780638720,0.7289,0.7312,0.7289,0.7296
1780638780,0.7296,0.7297,0.726,0.7264
1780638840,0.7264,0.7281,0.7251,0.7259
1780638900,0.7259,0.7281,0.7245,0.7251
1780638960,0.7251,0.7269,0.7236,0.7252
1780639020,0.7252,0.7266,0.723,0.7237
1780639080,0.7237,0.7254,0.7233,0.7246
1780639140,0.7246,0.7249,0.723,0.7238
1780639200,0.7238,0.7248,0.7231,0.7235
1780639260,0.7235,0.7272,0.7228,0.7262
1780639320,0.7262,0.7275,0.725,0.725
1780639380,0.725,0.7251,0.7191,0.7202
1780639440,0.7202,0.7237,0.7202,0.7217
1780639500,0.7217,0.7265,0.7214,0.7251
1780639560,0.7251,0.7261,0.7241,0.7257
1780639620,0.7257,0.7288,0.7257,0.7274
1780639680,0.7274,0.7278,0.7261,0.727
1780639740,0.727,0.7276,0.725,0.7251
1780639800,0.7251,0.7252,0.7217,0.7232
1780639860,0.7232,0.7242,0.7216,0.722
1780639920,0.722,0.7235,0.7207,0.7211
1780639980,0.7211,0.7211,0.7186,0.7194
1780640040,0.7194,0.7212,0.7183,0.7188
1780640100,0.7188,0.7207,0.7174,0.7177
1780640160,0.7177,0.7185,0.7152,0.7158
1780640220,0.7158,0.7172,0.7123,0.7136
1780640280,0.7136,0.7153,0.7092,0.7101
1780640340,0.7101,0.7108,0.6997,0.7009
1780640400,0.7009,0.7045,0.6996,0.6997
1780640460,0.6997,0.7019,0.6982,0.6999
1780640520,0.6999,0.6999,0.6942,0.6945
1780640580,0.6945,0.6981,0.6935,0.6937
1780640640,0.6937,0.6971,0.6861,0.6928
1780640700,0.6928,0.6976,0.6921,0.6962
1780640760,0.6962,0.6998,0.6962,0.6979
1780640820,0.6979,0.7024,0.6965,0.6993
1780640880,0.6993,0.7039,0.6993,0.7026
1780640940,0.7026,0.7033,0.6985,0.6994
1780641000,0.6994,0.7027,0.6988,0.6996
1780641060,0.6996,0.7024,0.6992,0.7011
1780641120,0.7011,0.704,0.7006,0.7008
1780641180,0.7008,0.7039,0.7,0.7022
1780641240,0.7022,0.7034,0.6978,0.6978
1780641300,0.6978,0.6988,0.6964,0.6987
1780641360,0.6987,0.7054,0.6987,0.7044
1780641420,0.7044,0.7044,0.7004,0.7004
1780641480,0.7004,0.7033,0.7004,0.7018
1780641540,0.7018,0.705,0.7016,0.7029
1780641600,0.7029,0.7052,0.7026,0.7034
1780641660,0.7034,0.7039,0.7027,0.7037
1780641720,0.7037,0.7054,0.7027,0.7027
1780641780,0.7027,0.7056,0.7008,0.7052
1780641840,0.7052,0.7118,0.7052,0.7115
1780641900,0.7115,0.7133,0.7077,0.708
1780641960,0.708,0.708,0.7043,0.7048
1780642020,0.7048,0.7072,0.7038,0.7068
1780642080,0.7068,0.7081,0.7061,0.7061
1780642140,0.7061,0.7061,0.6993,0.7009
1780642200,0.7009,0.7009,0.6973,0.6992
1780642260,0.6992,0.7008,0.6977,0.6979
1780642320,0.6979,0.6988,0.6967,0.698
1780642380,0.698,0.7029,0.6971,0.7027
1780642440,0.7027,0.7044,0.7022,0.7028
1780642500,0.7028,0.7037,0.7021,0.7027
1780642560,0.7027,0.7034,0.7014,0.702
1780642620,0.702,0.704,0.7009,0.7013
1780642680,0.7013,0.7022,0.6995,0.7002
1780642740,0.7002,0.7008,0.699,0.7004
1780642800,0.7004,0.7012,0.6991,0.6997
1780642860,0.6997,0.7005,0.6953,0.696
1780642920,0.696,0.6965,0.6934,0.6938
1780642980,0.6938,0.6943,0.6921,0.6941
1780643040,0.6941,0.6943,0.6914,0.6926
1780643100,0.6926,0.6941,0.6909,0.6922
1780643160,0.6922,0.6935,0.6888,0.6899
1780643220,0.6899,0.6918,0.6878,0.6902
1780643280,0.6902,0.6939,0.6901,0.6911
1780643340,0.6911,0.6922,0.6902,0.6903
1780643400,0.6903,0.6944,0.6887,0.6894
1780643460,0.6894,0.6902,0.6809,0.6852
1780643520,0.6852,0.6863,0.6804,0.6861
1780643580,0.6861,0.6868,0.6842,0.6845
1780643640,0.6845,0.6852,0.6813,0.6815
1780643700,0.6815,0.6871,0.6815,0.6855
1780643760,0.6855,0.6896,0.6855,0.6894
1780643820,0.6894,0.6895,0.6859,0.6886
1780643880,0.6886,0.6917,0.6883,0.689
1780643940,0.689,0.6914,0.6876,0.689
1780644000,0.689,0.6906,0.6874,0.6888
1780644060,0.6888,0.6922,0.6879,0.6921
1780644120,0.6921,0.6931,0.6907,0.6921
1780644180,0.6921,0.6959,0.6916,0.6954
1780644240,0.6954,0.6969,0.6936,0.6944
1780644300,0.6944,0.696,0.6925,0.6955
1780644360,0.6955,0.7004,0.6955,0.6996
1780644420,0.6996,0.7043,0.6995,0.7034
1780644480,0.7034,0.7049,0.7022,0.7036
1780644540,0.7036,0.7041,0.7017,0.7037
1780644600,0.7037,0.7058,0.7017,0.7046
1780644660,0.7046,0.7046,0.7008,0.7014
1780644720,0.7014,0.7057,0.7014,0.7052
1780644780,0.7052,0.7085,0.7044,0.7083
1780644840,0.7083,0.709,0.7072,0.7081
1780644900,0.7081,0.7101,0.7073,0.7101
1780644960,0.7101,0.7114,0.7077,0.708
1780645020,0.708,0.7108,0.7076,0.71
1780645080,0.71,0.7106,0.7081,0.7102
1780645140,0.7102,0.7107,0.7074,0.7097
1780645200,0.7097,0.7103,0.7066,0.708
1780645260,0.708,0.7101,0.7079,0.7094
1780645320,0.7094,0.7106,0.709,0.7098
1780645380,0.7098,0.7111,0.7091,0.7106
1780645440,0.7106,0.7111,0.7089,0.7111
1780645500,0.7111,0.7127,0.7105,0.7122
1780645560,0.7122,0.7137,0.7094,0.7095
1780645620,0.7095,0.7124,0.7089,0.7124
1780645680,0.7124,0.7141,0.7122,0.7137
1780645740,0.7137,0.7137,0.7101,0.7102
1780645800,0.7102,0.7106,0.7079,0.7081
1780645860,0.7081,0.7114,0.7076,0.711
1780645920,0.711,0.7114,0.7093,0.7094
1780645980,0.7094,0.7098,0.7076,0.7092
1780646040,0.7092,0.7105,0.7092,0.7105
1780646100,0.7105,0.7109,0.7078,0.708
1780646160,0.708,0.7087,0.7076,0.7083
1780646220,0.7083,0.7099,0.7075,0.7099
1780646280,0.7099,0.7113,0.7092,0.7108
1780646340,0.7108,0.7128,0.7103,0.7123
1780646400,0.7123,0.7127,0.7098,0.7106
1780646460,0.7106,0.7111,0.7091,0.7097
1780646520,0.7097,0.7101,0.7081,0.7083
1780646580,0.7083,0.7091,0.7071,0.708
1780646640,0.708,0.7084,0.7065,0.7067
1780646700,0.7067,0.7067,0.7042,0.7054
1780646760,0.7054,0.708,0.7051,0.7074
1780646820,0.7074,0.7075,0.7049,0.7058
1780646880,0.7058,0.7064,0.703,0.703
1780646940,0.703,0.7041,0.702,0.7035
1780647000,0.7035,0.7037,0.7007,0.7008
1780647060,0.7008,0.7025,0.7008,0.7024
1780647120,0.7024,0.7029,0.7017,0.7028
1780647180,0.7028,0.7032,0.7022,0.7025
1780647240,0.7025,0.7025,0.7011,0.7022
1780647300,0.7022,0.7027,0.6998,0.6998
1780647360,0.6998,0.7026,0.6995,0.7024
1780647420,0.7024,0.7024,0.6986,0.6987
1780647480,0.6987,0.7015,0.6987,0.7014
1780647540,0.7014,0.7018,0.7006,0.7013
1780647600,0.7013,0.7028,0.7008,0.702
1780647660,0.702,0.702,0.7002,0.702
1780647720,0.702,0.7036,0.7013,0.702
1780647780,0.702,0.7023,0.7006,0.7006
1780647840,0.7006,0.701,0.6987,0.6995
1780647900,0.6995,0.7005,0.6993,0.6997
1780647960,0.6997,0.7005,0.6996,0.7002
1780648020,0.7002,0.7032,0.6998,0.7025
1780648080,0.7025,0.7027,0.7005,0.7014
1780648140,0.7014,0.702,0.7007,0.7012
1780648200,0.7012,0.7018,0.7,0.7016
1780648260,0.7016,0.7032,0.7011,0.7028
1780648320,0.7028,0.7044,0.7017,0.7019
1780648380,0.7019,0.7019,0.6996,0.7009
1780648440,0.7009,0.7016,0.7005,0.7011
1780648500,0.7011,0.7018,0.7005,0.7005
1780648560,0.7005,0.7005,0.6992,0.6995
1780648620,0.6995,0.6999,0.6982,0.699
1780648680,0.699,0.6995,0.6972,0.6973
1780648740,0.6973,0.6984,0.6972,0.6972
1780648800,0.6972,0.6979,0.6963,0.6979
1780648860,0.6979,0.6993,0.6978,0.6992
1780648920,0.6992,0.6997,0.6976,0.6978
1780648980,0.6978,0.6978,0.6964,0.6969
1780649040,0.6969,0.6975,0.6958,0.696
1780649100,0.696,0.6974,0.6952,0.6963
1780649160,0.6963,0.6971,0.6954,0.6971
1780649220,0.6971,0.6981,0.6971,0.6978
1780649280,0.6978,0.6996,0.6977,0.6992
1780649340,0.6992,0.7004,0.6991,0.7
1780649400,0.7,0.7001,0.6981,0.6981
1780649460,0.6981,0.6987,0.6973,0.6973
1780649520,0.6973,0.6984,0.6965,0.6984
1780649580,0.6984,0.6984,0.6965,0.6968
1780649640,0.6968,0.6989,0.6966,0.6979
1780649700,0.6979,0.6979,0.6964,0.6971
1780649760,0.6971,0.6996,0.6971,0.6996
1780649820,0.6996,0.6999,0.698,0.698
1780649880,0.698,0.6995,0.698,0.6992
1780649940,0.6992,0.6997,0.6987,0.6997
1780650000,0.6997,0.7024,0.6987,0.7006
1780650060,0.7006,0.7025,0.7006,0.7021
1780650120,0.7021,0.7054,0.7021,0.7048
1780650180,0.7048,0.7066,0.7046,0.7065
1780650240,0.7065,0.7069,0.7038,0.704
1780650300,0.704,0.7042,0.7029,0.7031
1780650360,0.7031,0.7046,0.703,0.7039
1780650420,0.7039,0.7049,0.7035,0.7044
1780650480,0.7044,0.7048,0.7027,0.7048
1780650540,0.7048,0.7078,0.7048,0.7071
1780650600,0.7071,0.7072,0.706,0.7061
1780650660,0.7061,0.7067,0.7055,0.7057
1780650720,0.7057,0.7059,0.704,0.7041
1780650780,0.7041,0.715,0.704,0.7144
1780650840,0.7144,0.716,0.7131,0.7148
1780650900,0.7148,0.7177,0.7124,0.7131
1780650960,0.7131,0.7137,0.7109,0.7127
1780651020,0.7127,0.7144,0.7104,0.7105
1780651080,0.7105,0.7127,0.7099,0.712
1780651140,0.712,0.7128,0.7105,0.7105
1780651200,0.7105,0.7109,0.7093,0.7106
1780651260,0.7106,0.7117,0.7104,0.7104
1780651320,0.7104,0.712,0.7093,0.7115
1780651380,0.7115,0.7122,0.711,0.712
1780651440,0.712,0.7121,0.7105,0.7111
1780651500,0.7111,0.7132,0.7111,0.7116
1780651560,0.7116,0.7117,0.7107,0.711
1780651620,0.711,0.7115,0.709,0.7101
1780651680,0.7101,0.7118,0.7101,0.7114
1780651740,0.7114,0.7133,0.7114,0.7127
1780651800,0.7127,0.7127,0.7101,0.7111
1780651860,0.7111,0.712,0.7089,0.709
1780651920,0.709,0.711,0.7088,0.7101
1780651980,0.7101,0.711,0.7097,0.7101
1780652040,0.7101,0.7117,0.71,0.7105
1780652100,0.7105,0.7117,0.7105,0.7113
1780652160,0.7113,0.712,0.7106,0.7113
1780652220,0.7113,0.7118,0.7106,0.7115
1780652280,0.7115,0.7123,0.7108,0.7109
1780652340,0.7109,0.7109,0.7093,0.7098
1780652400,0.7098,0.7105,0.7097,0.7104
1780652460,0.7104,0.7112,0.7095,0.7095
1780652520,0.7095,0.7108,0.7095,0.7104
1780652580,0.7104,0.711,0.71,0.7109
1780652640,0.7109,0.7109,0.71,0.7104
1780652700,0.7104,0.7123,0.7103,0.7122
1780652760,0.7122,0.7132,0.7118,0.7128
1780652820,0.7128,0.7129,0.7114,0.7126
1780652880,0.7126,0.7128,0.7115,0.7126
1780652940,0.7126,0.7128,0.7115,0.7115
1780653000,0.7115,0.7127,0.7111,0.7127
1780653060,0.7127,0.714,0.7127,0.7139
1780653120,0.7139,0.715,0.7132,0.7139
1780653180,0.7139,0.7142,0.7122,0.7124
1780653240,0.7124,0.7131,0.7121,0.7127
1780653300,0.7127,0.7141,0.7126,0.7133
1780653360,0.7133,0.7142,0.7126,0.7142
1780653420,0.7142,0.7149,0.7139,0.7143
1780653480,0.7143,0.7146,0.7138,0.7146
1780653540,0.7146,0.7169,0.7143,0.7161
1780653600,0.7161,0.7186,0.7157,0.7183
1780653660,0.7183,0.7194,0.7175,0.7188
1780653720,0.7188,0.7196,0.7174,0.7182
1780653780,0.7182,0.7196,0.7182,0.7183
1780653840,0.7183,0.72,0.7178,0.7196
1780653900,0.7196,0.72,0.7175,0.7185
1780653960,0.7185,0.7185,0.7168,0.7173
1780654020,0.7173,0.7178,0.7164,0.7165
1780654080,0.7165,0.718,0.7165,0.718
1780654140,0.718,0.7182,0.7162,0.7165
1780654200,0.7165,0.7176,0.7163,0.7165
1780654260,0.7165,0.7184,0.716,0.7176
1780654320,0.7176,0.7179,0.7169,0.7176
1780654380,0.7176,0.7187,0.7176,0.718
1780654440,0.718,0.7181,0.7169,0.718
1780654500,0.718,0.718,0.7161,0.7161
1780654560,0.7161,0.7161,0.7138,0.7141
1780654620,0.7141,0.7147,0.7134,0.714
1780654680,0.714,0.7143,0.7127,0.7127
1780654740,0.7127,0.7132,0.7123,0.713
1780654800,0.713,0.7136,0.7127,0.7134
1780654860,0.7134,0.7161,0.7134,0.716
1780654920,0.716,0.716,0.7152,0.7156
1780654980,0.7156,0.7161,0.7142,0.7156
1780655040,0.7156,0.7162,0.7154,0.7158
1780655100,0.7158,0.7179,0.7158,0.7167
1780655160,0.7167,0.7169,0.7147,0.7152
1780655220,0.7152,0.7161,0.7148,0.7161
1780655280,0.7161,0.7164,0.7154,0.7164
1780655340,0.7164,0.7181,0.7164,0.7169
1780655400,0.7169,0.7186,0.7168,0.7186
1780655460,0.7186,0.7209,0.7178,0.7201
1780655520,0.7201,0.7214,0.7192,0.7214
1780655580,0.7214,0.7226,0.7212,0.7214
1780655640,0.7214,0.7216,0.7207,0.7208
1780655700,0.7208,0.7208,0.7193,0.7196
1780655760,0.7196,0.7199,0.7169,0.7175
1780655820,0.7175,0.7182,0.7164,0.7182
1780655880,0.7182,0.7183,0.7167,0.7174
1780655940,0.7174,0.7182,0.7169,0.7172
1780656000,0.7172,0.7177,0.7168,0.7175
1780656060,0.7175,0.7177,0.7159,0.7161
1780656120,0.7161,0.7174,0.7159,0.7169
1780656180,0.7169,0.7176,0.7164,0.7176
1780656240,0.7176,0.7204,0.7176,0.7197
1780656300,0.7197,0.7197,0.7172,0.7175
1780656360,0.7175,0.7183,0.7168,0.7182
1780656420,0.7182,0.7183,0.7161,0.7166
1780656480,0.7166,0.7171,0.7143,0.7147
1780656540,0.7147,0.7162,0.7147,0.7162
1780656600,0.7162,0.7162,0.715,0.715
1780656660,0.715,0.7152,0.7138,0.7142
1780656720,0.7142,0.7143,0.7117,0.7125
1780656780,0.7125,0.7136,0.7119,0.713
1780656840,0.713,0.7134,0.7122,0.7134
1780656900,0.7134,0.7134,0.7109,0.7112
1780656960,0.7112,0.712,0.7112,0.7115
1780657020,0.7115,0.7125,0.7114,0.7125
1780657080,0.7125,0.7128,0.712,0.7121
1780657140,0.7121,0.7131,0.7121,0.7129
1780657200,0.7129,0.7129,0.7102,0.7103
1780657260,0.7103,0.7104,0.7088,0.7094
1780657320,0.7094,0.7104,0.709,0.7102
1780657380,0.7102,0.7102,0.7082,0.7085
1780657440,0.7085,0.709,0.7076,0.7089
1780657500,0.7089,0.7099,0.7079,0.7083
1780657560,0.7083,0.7092,0.7077,0.7087
1780657620,0.7087,0.7093,0.7079,0.7091
1780657680,0.7091,0.7091,0.7076,0.7077
1780657740,0.7077,0.7082,0.7063,0.7067
1780657800,0.7067,0.7078,0.7052,0.7073
1780657860,0.7073,0.7081,0.7067,0.708
1780657920,0.708,0.7082,0.7069,0.7074
1780657980,0.7074,0.7077,0.7071,0.7073
1780658040,0.7073,0.7083,0.707,0.7079
1780658100,0.7079,0.7082,0.7068,0.7069
1780658160,0.7069,0.7114,0.7069,0.7111
1780658220,0.7111,0.7131,0.7108,0.7125
1780658280,0.7125,0.7154,0.7125,0.7151
1780658340,0.7151,0.7158,0.7139,0.7148
1780658400,0.7148,0.7148,0.7131,0.7146
1780658460,0.7146,0.7148,0.7136,0.7136
1780658520,0.7136,0.7159,0.7133,0.7157
1780658580,0.7157,0.7164,0.7146,0.7146
1780658640,0.7146,0.7148,0.7103,0.7111
1780658700,0.7111,0.712,0.711,0.712
1780658760,0.712,0.7126,0.7111,0.7122
1780658820,0.7122,0.7134,0.7121,0.7124
1780658880,0.7124,0.7141,0.7124,0.7137
1780658940,0.7137,0.7145,0.7135,0.7142
1780659000,0.7142,0.7152,0.714,0.715
1780659060,0.715,0.715,0.7119,0.7119
1780659120,0.7119,0.7122,0.7107,0.712
1780659180,0.712,0.7123,0.7115,0.7123
1780659240,0.7123,0.7126,0.7116,0.712
1780659300,0.712,0.7132,0.712,0.7131
1780659360,0.7131,0.7131,0.7109,0.711
1780659420,0.711,0.7124,0.7105,0.7124
1780659480,0.7124,0.7131,0.712,0.7129
1780659540,0.7129,0.713,0.7118,0.7125
1780659600,0.7125,0.7132,0.7118,0.7122
1780659660,0.7122,0.7123,0.7108,0.7115
1780659720,0.7115,0.7121,0.7112,0.7113
1780659780,0.7113,0.7113,0.7102,0.7102
1780659840,0.7102,0.7103,0.7089,0.7089
1780659900,0.7089,0.7096,0.7071,0.7074
1780659960,0.7074,0.7103,0.7074,0.7103
1780660020,0.7103,0.7103,0.7086,0.7087
1780660080,0.7087,0.71,0.7087,0.7094
1780660140,0.7094,0.7094,0.7076,0.7088
1780660200,0.7088,0.7104,0.7088,0.7101
1780660260,0.7101,0.7102,0.709,0.7097
1780660320,0.7097,0.7103,0.709,0.7096
1780660380,0.7096,0.711,0.7088,0.7107
1780660440,0.7107,0.711,0.7087,0.7087
1780660500,0.7087,0.7095,0.708,0.7095
1780660560,0.7095,0.7109,0.7094,0.7108
1780660620,0.7108,0.7109,0.7099,0.71
1780660680,0.71,0.7105,0.7096,0.7098
1780660740,0.7098,0.7098,0.7087,0.7091
1780660800,0.7091,0.7097,0.7081,0.7087
1780660860,0.7087,0.7089,0.7054,0.7054
1780660920,0.7054,0.706,0.7034,0.706
1780660980,0.706,0.7068,0.7037,0.7045
1780661040,0.7045,0.7046,0.7028,0.7032
1780661100,0.7032,0.7056,0.7032,0.7056
1780661160,0.7056,0.7141,0.7055,0.714
1780661220,0.714,0.7148,0.7128,0.7131
1780661280,0.7131,0.7137,0.7107,0.7108
1780661340,0.7108,0.7108,0.7094,0.7103
1780661400,0.7103,0.7121,0.7099,0.712
1780661460,0.712,0.714,0.7107,0.7108
1780661520,0.7108,0.7112,0.7104,0.7104
1780661580,0.7104,0.712,0.7102,0.712
1780661640,0.712,0.712,0.711,0.7113
1780661700,0.7113,0.7134,0.7112,0.7132
1780661760,0.7132,0.7133,0.7113,0.7127
1780661820,0.7127,0.7142,0.7124,0.7135
1780661880,0.7135,0.7154,0.7128,0.715
1780661940,0.715,0.7159,0.7143,0.7147
1780662000,0.7147,0.7153,0.7121,0.7122
1780662060,0.7122,0.7126,0.7115,0.7121
1780662120,0.7121,0.7145,0.7117,0.7145
1780662180,0.7145,0.7155,0.7136,0.7155
1780662240,0.7155,0.7178,0.715,0.7169
1780662300,0.7169,0.7169,0.7131,0.7138
1780662360,0.7138,0.7139,0.7131,0.7135
1780662420,0.7135,0.7135,0.7121,0.7121
1780662480,0.7121,0.7127,0.7109,0.7112
1780662540,0.7112,0.7113,0.7091,0.7096
1780662600,0.7096,0.7144,0.7084,0.7098
1780662660,0.7098,0.71,0.7046,0.7068
1780662720,0.7068,0.7078,0.7052,0.707
1780662780,0.707,0.7077,0.7049,0.7059
1780662840,0.7059,0.7069,0.7039,0.7041
1780662900,0.7041,0.7053,0.7028,0.7032
1780662960,0.7032,0.7048,0.7016,0.7044
1780663020,0.7044,0.7084,0.7044,0.7084
1780663080,0.7084,0.7091,0.7078,0.7091
1780663140,0.7091,0.7106,0.7077,0.7077
1780663200,0.7077,0.7083,0.7062,0.7073
1780663260,0.7073,0.7084,0.7071,0.7075
1780663320,0.7075,0.7075,0.7066,0.7073
1780663380,0.7073,0.7103,0.7069,0.7099
1780663440,0.7099,0.7099,0.7078,0.7082
1780663500,0.7082,0.7102,0.7082,0.7089
1780663560,0.7089,0.7089,0.7067,0.7077
1780663620,0.7077,0.7086,0.7073,0.7076
1780663680,0.7076,0.7093,0.7074,0.709
1780663740,0.709,0.7093,0.7069,0.7072
1780663800,0.7072,0.7074,0.7049,0.7053
1780663860,0.7053,0.7059,0.7043,0.705
1780663920,0.705,0.7081,0.705,0.7077
1780663980,0.7077,0.7086,0.7065,0.7067
1780664040,0.7067,0.7074,0.7066,0.7068
1780664100,0.7068,0.7077,0.7059,0.7073
1780664160,0.7073,0.7082,0.7068,0.7073
1780664220,0.7073,0.7085,0.7072,0.7075
1780664280,0.7075,0.7096,0.707,0.7094
1780664340,0.7094,0.7128,0.7087,0.7127
1780664400,0.7127,0.7151,0.7127,0.7138
1780664460,0.7138,0.7157,0.7135,0.7156
1780664520,0.7156,0.7158,0.7134,0.7152
1780664580,0.7152,0.7181,0.7149,0.7169
1780664640,0.7169,0.7178,0.7155,0.7176
1780664700,0.7176,0.7192,0.7166,0.7167
1780664760,0.7167,0.7178,0.7155,0.717
1780664820,0.717,0.7176,0.7168,0.7168
1780664880,0.7168,0.7173,0.7155,0.7155
1780664940,0.7155,0.7168,0.7153,0.7168
1780665000,0.7168,0.7179,0.7164,0.7165
1780665060,0.7165,0.7167,0.7154,0.7164
1780665120,0.7164,0.7178,0.716,0.7163
1780665180,0.7163,0.7189,0.7161,0.7189
1780665240,0.7189,0.7189,0.7167,0.7169
1780665300,0.7169,0.7171,0.7158,0.7158
1780665360,0.7158,0.7178,0.7157,0.7175
1780665420,0.7175,0.7194,0.7173,0.7192
1780665480,0.7192,0.721,0.7192,0.7205
1780665540,0.7205,0.7211,0.7199,0.7205
1780665600,0.7205,0.7255,0.7202,0.725
1780665660,0.725,0.7254,0.7234,0.7236
1780665720,0.7236,0.7236,0.7215,0.7226
1780665780,0.7226,0.7229,0.7215,0.7226
1780665840,0.7226,0.725,0.7224,0.7247
1780665900,0.7247,0.7276,0.7245,0.7268
1780665960,0.7268,0.7271,0.7254,0.7254
1780666020,0.7254,0.7257,0.724,0.7248
1780666080,0.7248,0.7262,0.7248,0.725
1780666140,0.725,0.725,0.7225,0.7225
1780666200,0.7225,0.7225,0.719,0.7194
1780666260,0.7194,0.7247,0.7192,0.7247
1780666320,0.7247,0.7257,0.7229,0.7233
1780666380,0.7233,0.7251,0.7229,0.724
1780666440,0.724,0.727,0.7237,0.7243
1780666500,0.7243,0.727,0.7233,0.7263
1780666560,0.7263,0.7263,0.7234,0.7241
1780666620,0.7241,0.7243,0.7215,0.7218
1780666680,0.7218,0.7225,0.7201,0.7201
1780666740,0.7201,0.7209,0.7188,0.7193
1780666800,0.7193,0.7207,0.7184,0.7191
1780666860,0.7191,0.7197,0.7173,0.7174
1780666920,0.7174,0.7188,0.7166,0.7166
1780666980,0.7166,0.7194,0.7166,0.718
1780667040,0.718,0.7181,0.7156,0.7169
1780667100,0.7169,0.718,0.714,0.7147
1780667160,0.7147,0.7165,0.7144,0.7154
1780667220,0.7154,0.7157,0.7137,0.7137
1780667280,0.7137,0.7141,0.7122,0.7124
1780667340,0.7124,0.7134,0.7099,0.7103
1780667400,0.7103,0.712,0.7096,0.7118
1780667460,0.7118,0.7126,0.7101,0.7106
1780667520,0.7106,0.7128,0.7099,0.7105
1780667580,0.7105,0.7105,0.7072,0.7079
1780667640,0.7079,0.7084,0.7069,0.7083
1780667700,0.7083,0.7085,0.7046,0.7046
1780667760,0.7046,0.705,0.6983,0.6998
1780667820,0.6998,0.7005,0.6974,0.6995
1780667880,0.6995,0.7003,0.6986,0.699
1780667940,0.699,0.6994,0.6969,0.6972
1780668000,0.6972,0.7017,0.6971,0.7014
1780668060,0.7014,0.7016,0.6953,0.6979
1780668120,0.6979,0.7026,0.6978,0.6998
1780668180,0.6998,0.6999,0.6971,0.6975
1780668240,0.6975,0.6975,0.6933,0.6942
1780668300,0.6942,0.6975,0.6938,0.6941
1780668360,0.6941,0.6955,0.6903,0.6947
1780668420,0.6947,0.7016,0.6945,0.7012
1780668480,0.7012,0.7079,0.7008,0.7079
1780668540,0.7079,0.71,0.7064,0.7095
1780668600,0.7095,0.7105,0.7058,0.7058
1780668660,0.7058,0.7058,0.7016,0.703
1780668720,0.703,0.7037,0.7009,0.7024
1780668780,0.7024,0.7053,0.702,0.7034
1780668840,0.7034,0.7042,0.7023,0.7042
1780668900,0.7042,0.7071,0.7033,0.707
1780668960,0.707,0.7095,0.7064,0.7064
1780669020,0.7064,0.7091,0.7062,0.7091
1780669080,0.7091,0.7093,0.7058,0.7064
1780669140,0.7064,0.7089,0.7064,0.7085
1780669200,0.7085,0.7102,0.7081,0.7094
1780669260,0.7094,0.7105,0.7071,0.7077
1780669320,0.7077,0.7083,0.7064,0.7066
1780669380,0.7066,0.7078,0.7061,0.7066
1780669440,0.7066,0.7067,0.7039,0.7052
1780669500,0.7052,0.7059,0.704,0.7041
1780669560,0.7041,0.7045,0.7013,0.7028
1780669620,0.7028,0.7052,0.7023,0.7028
1780669680,0.7028,0.7028,0.7019,0.7027
1780669740,0.7027,0.7052,0.702,0.705
1780669800,0.705,0.7074,0.7048,0.7065
1780669860,0.7065,0.7068,0.7044,0.7056
1780669920,0.7056,0.7057,0.7038,0.7038
1780669980,0.7038,0.706,0.7038,0.7053
1780670040,0.7053,0.7128,0.7049,0.7122
1780670100,0.7122,0.7137,0.7088,0.7136
1780670160,0.7136,0.7153,0.7105,0.7133
1780670220,0.7133,0.7156,0.7124,0.7148
1780670280,0.7148,0.7152,0.7097,0.7101
1780670340,0.7101,0.7107,0.708,0.7087
1780670400,0.7087,0.7099,0.7077,0.7095
1780670460,0.7095,0.7098,0.7077,0.7096
1780670520,0.7096,0.7109,0.7086,0.7105
1780670580,0.7105,0.7106,0.7075,0.708
1780670640,0.708,0.7082,0.7056,0.7079
1780670700,0.7079,0.713,0.7077,0.7127
1780670760,0.7127,0.7138,0.7096,0.71
1780670820,0.71,0.7101,0.7075,0.7076
1780670880,0.7076,0.7096,0.7073,0.7075
1780670940,0.7075,0.7075,0.7058,0.7059
1780671000,0.7059,0.7085,0.7052,0.7082
1780671060,0.7082,0.7103,0.7081,0.7097
1780671120,0.7097,0.7097,0.7065,0.707
1780671180,0.707,0.7076,0.7045,0.7048
1780671240,0.7048,0.7055,0.7033,0.7036
1780671300,0.7036,0.7039,0.7015,0.7028
1780671360,0.7028,0.7054,0.7026,0.705
1780671420,0.705,0.7081,0.7049,0.7068
1780671480,0.7068,0.7068,0.7044,0.705
1780671540,0.705,0.7069,0.705,0.7059
1780671600,0.7059,0.7065,0.7028,0.703
1780671660,0.703,0.7042,0.6996,0.7035
1780671720,0.7035,0.7039,0.7011,0.7038
1780671780,0.7038,0.7063,0.7036,0.7055
1780671840,0.7055,0.7065,0.7037,0.7057
1780671900,0.7057,0.706,0.7026,0.7026
1780671960,0.7026,0.7044,0.7019,0.7034
1780672020,0.7034,0.704,0.7023,0.7037
1780672080,0.7037,0.7037,0.7007,0.7008
1780672140,0.7008,0.7017,0.6993,0.7008
1780672200,0.7008,0.7018,0.6988,0.699
1780672260,0.699,0.6996,0.6972,0.6972
1780672320,0.6972,0.6982,0.6949,0.6949
1780672380,0.6949,0.6967,0.694,0.6951
1780672440,0.6951,0.6956,0.6938,0.6946
1780672500,0.6946,0.6951,0.6919,0.6921
1780672560,0.6921,0.6949,0.692,0.694
1780672620,0.694,0.6975,0.6929,0.6975
1780672680,0.6975,0.699,0.6973,0.6983
1780672740,0.6983,0.6988,0.6962,0.6978
1780672800,0.6978,0.698,0.6927,0.6927
1780672860,0.6927,0.6938,0.6916,0.6938
1780672920,0.6938,0.6945,0.6919,0.6935
1780672980,0.6935,0.6976,0.6935,0.6958
1780673040,0.6958,0.6968,0.6954,0.6966
1780673100,0.6966,0.6995,0.6963,0.6992
1780673160,0.6992,0.7001,0.6972,0.6972
1780673220,0.6972,0.6989,0.6961,0.6964
1780673280,0.6964,0.6964,0.693,0.6931
1780673340,0.6931,0.695,0.6918,0.6949
1780673400,0.6949,0.6973,0.694,0.697
1780673460,0.697,0.698,0.6958,0.697
1780673520,0.697,0.6973,0.6928,0.6929
1780673580,0.6929,0.6941,0.6924,0.6924
1780673640,0.6924,0.6953,0.6923,0.6952
1780673700,0.6952,0.6962,0.6928,0.6931
1780673760,0.6931,0.6937,0.6895,0.6899
1780673820,0.6899,0.6908,0.6874,0.6895
1780673880,0.6895,0.6911,0.6892,0.6905
1780673940,0.6905,0.6914,0.6883,0.6894
1780674000,0.6894,0.6904,0.6884,0.69
1780674060,0.69,0.6908,0.6891,0.6908
1780674120,0.6908,0.6958,0.6904,0.6958
1780674180,0.6958,0.697,0.6945,0.6967
1780674240,0.6967,0.6977,0.695,0.696
1780674300,0.696,0.6961,0.6911,0.6912
1780674360,0.6912,0.6921,0.6901,0.6921
1780674420,0.6921,0.6926,0.6888,0.6889
1780674480,0.6889,0.6897,0.6877,0.6892
1780674540,0.6892,0.6968,0.6885,0.6955
1780674600,0.6955,0.6957,0.693,0.6936
1780674660,0.6936,0.6951,0.6927,0.6942
1780674720,0.6942,0.6961,0.6936,0.6953
1780674780,0.6953,0.6973,0.6952,0.6953
1780674840,0.6953,0.6962,0.6933,0.6942
1780674900,0.6942,0.6963,0.6941,0.6962
1780674960,0.6962,0.6968,0.6949,0.6949
1780675020,0.6949,0.6975,0.6947,0.6975
1780675080,0.6975,0.6976,0.6954,0.6954
1780675140,0.6954,0.6954,0.6938,0.6938
1780675200,0.6938,0.6938,0.6872,0.6877
1780675260,0.6877,0.6912,0.6875,0.6894
1780675320,0.6894,0.6898,0.6868,0.6882
1780675380,0.6882,0.6888,0.6863,0.6883
1780675440,0.6883,0.6888,0.6861,0.6879
1780675500,0.6879,0.6885,0.6869,0.6882
1780675560,0.6882,0.6923,0.687,0.6923
1780675620,0.6923,0.6931,0.6886,0.6899
1780675680,0.6899,0.6905,0.6862,0.6866
1780675740,0.6866,0.6902,0.6861,0.6891
1780675800,0.6891,0.6897,0.6856,0.6865
1780675860,0.6865,0.6877,0.6835,0.6838
1780675920,0.6838,0.6897,0.6806,0.6893
1780675980,0.6893,0.697,0.6881,0.6963
1780676040,0.6963,0.7022,0.6963,0.6995
1780676100,0.6995,0.7065,0.6972,0.7055
1780676160,0.7055,0.7055,0.7002,0.7034
1780676220,0.7034,0.7034,0.6995,0.7013
1780676280,0.7013,0.7056,0.6993,0.7034
1780676340,0.7034,0.7039,0.7004,0.701
1780676400,0.701,0.7037,0.6995,0.7015
1780676460,0.7015,0.7095,0.7006,0.7088
1780676520,0.7088,0.7114,0.7071,0.7094
1780676580,0.7094,0.7115,0.7072,0.7075
1780676640,0.7075,0.7101,0.7056,0.7091
1780676700,0.7091,0.7091,0.7057,0.7068
1780676760,0.7068,0.7071,0.7052,0.7056
1780676820,0.7056,0.7066,0.705,0.7054
1780676880,0.7054,0.7054,0.7004,0.7012
1780676940,0.7012,0.7017,0.7,0.7007
1780677000,0.7007,0.7024,0.6996,0.702
1780677060,0.702,0.703,0.7009,0.7014
1780677120,0.7014,0.7016,0.7001,0.7002
1780677180,0.7002,0.7013,0.6977,0.6979
1780677240,0.6979,0.6991,0.6968,0.6981
1780677300,0.6981,0.6998,0.6977,0.6995
1780677360,0.6995,0.6997,0.6976,0.6982
1780677420,0.6982,0.6988,0.697,0.6982
1780677480,0.6982,0.7,0.6978,0.6984
1780677540,0.6984,0.6992,0.6966,0.699
1780677600,0.699,0.6996,0.6982,0.6988
1780677660,0.6988,0.6993,0.6978,0.6988
1780677720,0.6988,0.6988,0.6965,0.6971
1780677780,0.6971,0.6988,0.6953,0.6983
1780677840,0.6983,0.6996,0.6975,0.6989
1780677900,0.6989,0.7021,0.6987,0.7006
1780677960,0.7006,0.7036,0.7004,0.7031
1780678020,0.7031,0.7036,0.7012,0.7036
1780678080,0.7036,0.7079,0.703,0.7077
1780678140,0.7077,0.7105,0.7062,0.7102
1780678200,0.7102,0.7149,0.7091,0.7136
1780678260,0.7136,0.7163,0.7122,0.7145
1780678320,0.7145,0.7155,0.7122,0.7153
1780678380,0.7153,0.7156,0.7134,0.7139
1780678440,0.7139,0.717,0.7137,0.7169
1780678500,0.7169,0.7182,0.7145,0.7155
1780678560,0.7155,0.718,0.7147,0.7162
1780678620,0.7162,0.7188,0.7158,0.7183
1780678680,0.7183,0.7193,0.7166,0.719
1780678740,0.719,0.7196,0.717,0.7178
1780678800,0.7178,0.7211,0.7175,0.7197
1780678860,0.7197,0.7201,0.7165,0.7167
1780678920,0.7167,0.7176,0.7157,0.7163
1780678980,0.7163,0.719,0.7153,0.7184
1780679040,0.7184,0.7214,0.7178,0.721
1780679100,0.721,0.7211,0.7182,0.719
1780679160,0.719,0.7191,0.7157,0.7168
1780679220,0.7168,0.7191,0.7168,0.719
1780679280,0.719,0.7205,0.7171,0.7201
1780679340,0.7201,0.7203,0.7184,0.719
1780679400,0.719,0.719,0.7168,0.7172
1780679460,0.7172,0.7178,0.7116,0.7116
1780679520,0.7116,0.7142,0.7111,0.713
1780679580,0.713,0.7138,0.712,0.7132
1780679640,0.7132,0.7144,0.7126,0.7142
1780679700,0.7142,0.7145,0.7117,0.7127
1780679760,0.7127,0.7127,0.7101,0.7104
1780679820,0.7104,0.7109,0.7086,0.7097
1780679880,0.7097,0.7101,0.708,0.7082
1780679940,0.7082,0.7098,0.7078,0.7089
1780680000,0.7089,0.7094,0.7082,0.7082
1780680060,0.7082,0.7099,0.7078,0.7091
1780680120,0.7091,0.7121,0.7086,0.7112
1780680180,0.7112,0.7121,0.709,0.7092
1780680240,0.7092,0.7103,0.7083,0.7102
1780680300,0.7102,0.7105,0.7072,0.7075
1780680360,0.7075,0.7085,0.7065,0.7084
1780680420,0.7084,0.7086,0.7076,0.7081
1780680480,0.7081,0.7091,0.7074,0.7075
1780680540,0.7075,0.7075,0.7057,0.7073
1780680600,0.7073,0.7087,0.7065,0.7086
1780680660,0.7086,0.7088,0.7077,0.708
1780680720,0.708,0.7081,0.7056,0.7081
1780680780,0.7081,0.7102,0.7077,0.7101
1780680840,0.7101,0.7111,0.7091,0.7103
1780680900,0.7103,0.7106,0.7083,0.7087
1780680960,0.7087,0.7106,0.7078,0.7088
1780681020,0.7088,0.7113,0.7088,0.7097
1780681080,0.7097,0.7105,0.7089,0.7103
1780681140,0.7103,0.712,0.7096,0.7115
1780681200,0.7115,0.7176,0.7113,0.7154
1780681260,0.7154,0.7154,0.7129,0.713
1780681320,0.713,0.7151,0.7128,0.714
1780681380,0.714,0.7142,0.7126,0.7138
1780681440,0.7138,0.7143,0.7104,0.7105
1780681500,0.7105,0.7129,0.7105,0.7116
1780681560,0.7116,0.7116,0.7088,0.7089
1780681620,0.7089,0.71,0.7088,0.7098
1780681680,0.7098,0.7099,0.7083,0.709
1780681740,0.709,0.7096,0.7078,0.7082
1780681800,0.7082,0.7102,0.7082,0.7098
1780681860,0.7098,0.7106,0.7075,0.7086
1780681920,0.7086,0.7105,0.7082,0.7105
1780681980,0.7105,0.7111,0.709,0.7103
1780682040,0.7103,0.7103,0.7089,0.7094
1780682100,0.7094,0.7095,0.7069,0.7069
1780682160,0.7069,0.7087,0.7068,0.7082
1780682220,0.7082,0.7092,0.7079,0.7082
1780682280,0.7082,0.7094,0.7081,0.7089
1780682340,0.7089,0.7089,0.7074,0.7083
1780682400,0.7083,0.7114,0.7078,0.7108
1780682460,0.7108,0.7113,0.7094,0.7105
1780682520,0.7105,0.7105,0.7083,0.7083
1780682580,0.7083,0.7084,0.7056,0.7065
1780682640,0.7065,0.7071,0.706,0.7064
1780682700,0.7064,0.7083,0.7058,0.7069
1780682760,0.7069,0.7098,0.7069,0.7096
1780682820,0.7096,0.7107,0.7087,0.7104
1780682880,0.7104,0.7104,0.7079,0.708
1780682940,0.708,0.709,0.7073,0.7073
1780683000,0.7073,0.7082,0.7062,0.7062
1780683060,0.7062,0.7077,0.706,0.7077
1780683120,0.7077,0.7081,0.7056,0.7072
1780683180,0.7072,0.7089,0.7072,0.7078
1780683240,0.7078,0.7078,0.7042,0.7048
1780683300,0.7048,0.7054,0.7029,0.7034
1780683360,0.7034,0.7053,0.7034,0.7049
1780683420,0.7049,0.705,0.7031,0.7037
1780683480,0.7037,0.7044,0.7016,0.7023
1780683540,0.7023,0.7025,0.7015,0.7017
1780683600,0.7017,0.7026,0.6991,0.7026
1780683660,0.7026,0.703,0.6982,0.6995
1780683720,0.6995,0.7005,0.6983,0.6984
1780683780,0.6984,0.6994,0.6975,0.6979
1780683840,0.6979,0.6982,0.6958,0.6964
1780683900,0.6964,0.697,0.6957,0.6964
1780683960,0.6964,0.6964,0.6934,0.6948
1780684020,0.6948,0.6959,0.6942,0.6946
1780684080,0.6946,0.6952,0.6931,0.6935
1780684140,0.6935,0.6937,0.6921,0.6929
1780684200,0.6929,0.6938,0.6923,0.6928
1780684260,0.6928,0.6953,0.6927,0.6939
1780684320,0.6939,0.6942,0.6913,0.6924
1780684380,0.6924,0.6949,0.6924,0.694
1780684440,0.694,0.6949,0.6934,0.6944
1780684500,0.6944,0.6948,0.694,0.6942
1780684560,0.6942,0.6942,0.6923,0.6924
1780684620,0.6924,0.6934,0.6901,0.6934
1780684680,0.6934,0.6938,0.6916,0.6923
1780684740,0.6923,0.697,0.6923,0.6968
1780684800,0.6968,0.698,0.6968,0.6977
1780684860,0.6977,0.6977,0.694,0.6942
1780684920,0.6942,0.6943,0.6913,0.6913
1780684980,0.6913,0.6927,0.6902,0.6907
1780685040,0.6907,0.693,0.6876,0.6927
1780685100,0.6927,0.6932,0.6889,0.6889
1780685160,0.6889,0.6897,0.6873,0.6878
1780685220,0.6878,0.6884,0.6859,0.6878
1780685280,0.6878,0.6886,0.6865,0.688
1780685340,0.688,0.6899,0.688,0.6889
1780685400,0.6889,0.6892,0.6874,0.6883
1780685460,0.6883,0.6893,0.6847,0.6851
1780685520,0.6851,0.6856,0.6808,0.6814
1780685580,0.6814,0.6832,0.6802,0.6805
1780685640,0.6805,0.6806,0.6777,0.6784
1780685700,0.6784,0.6826,0.6777,0.6821
1780685760,0.6821,0.6878,0.6814,0.6871
1780685820,0.6871,0.6871,0.6836,0.6841
1780685880,0.6841,0.6851,0.6828,0.6832
1780685940,0.6832,0.6841,0.6818,0.6819
1780686000,0.6819,0.6831,0.6767,0.6789
1780686060,0.6789,0.6811,0.6779,0.6811
1780686120,0.6811,0.683,0.6803,0.6826
1780686180,0.6826,0.6849,0.6822,0.6827
1780686240,0.6827,0.6832,0.6784,0.6791
1780686300,0.6791,0.6809,0.6773,0.6794
1780686360,0.6794,0.6804,0.6759,0.6759
1780686420,0.6759,0.6766,0.6741,0.6746
1780686480,0.6746,0.6763,0.6745,0.6758
1780686540,0.6758,0.6796,0.6757,0.6794
1780686600,0.6794,0.6814,0.6786,0.681
1780686660,0.681,0.6817,0.6771,0.678
1780686720,0.678,0.6791,0.6761,0.6761
1780686780,0.6761,0.678,0.676,0.6763
1780686840,0.6763,0.6784,0.6752,0.6775
1780686900,0.6775,0.6781,0.6755,0.6761
1780686960,0.6761,0.677,0.6721,0.6753
1780687020,0.6753,0.6765,0.6703,0.6707
1780687080,0.6707,0.6751,0.6696,0.6744
1780687140,0.6744,0.6758,0.6723,0.6737
1780687200,0.6737,0.6775,0.6721,0.6774
1780687260,0.6774,0.6775,0.6747,0.6775
1780687320,0.6775,0.6802,0.6758,0.678
1780687380,0.678,0.6809,0.6775,0.6801
1780687440,0.6801,0.6829,0.6793,0.6827
1780687500,0.6827,0.6839,0.6808,0.6835
1780687560,0.6835,0.6842,0.6823,0.6827
1780687620,0.6827,0.6852,0.6819,0.6848
1780687680,0.6848,0.6853,0.6838,0.685
1780687740,0.685,0.6865,0.685,0.6865
1780687800,0.6865,0.6875,0.6847,0.6848
1780687860,0.6848,0.6848,0.6804,0.6807
1780687920,0.6807,0.6813,0.6782,0.6801
1780687980,0.6801,0.6836,0.6799,0.6812
1780688040,0.6812,0.6832,0.6806,0.6829
1780688100,0.6829,0.6853,0.6823,0.6846
1780688160,0.6846,0.6846,0.6816,0.6832
1780688220,0.6832,0.685,0.6819,0.685
1780688280,0.685,0.6854,0.683,0.6841
1780688340,0.6841,0.6849,0.6834,0.6844
1780688400,0.6844,0.6874,0.6842,0.6845
1780688460,0.6845,0.6845,0.6806,0.683
1780688520,0.683,0.684,0.6825,0.684
1780688580,0.684,0.684,0.6819,0.6829
1780688640,0.6829,0.6858,0.6824,0.6851
1780688700,0.6851,0.69,0.6849,0.69
1780688760,0.69,0.6967,0.6887,0.6953
1780688820,0.6953,0.6983,0.6942,0.6983
1780688880,0.6983,0.7004,0.6966,0.6993
1780688940,0.6993,0.7001,0.6978,0.6982
1780689000,0.6982,0.7,0.6957,0.6989
1780689060,0.6989,0.7019,0.698,0.6989
1780689120,0.6989,0.701,0.6983,0.6992
1780689180,0.6992,0.6993,0.6962,0.6962
1780689240,0.6962,0.6985,0.6961,0.698
1780689300,0.698,0.698,0.696,0.6976
1780689360,0.6976,0.6982,0.6968,0.6977
1780689420,0.6977,0.698,0.6965,0.6973
1780689480,0.6973,0.6979,0.6963,0.6972
1780689540,0.6972,0.6988,0.694,0.6947
1780689600,0.6947,0.6981,0.6944,0.698
1780689660,0.698,0.6981,0.694,0.6947
1780689720,0.6947,0.6948,0.6911,0.6917
1780689780,0.6917,0.6918,0.6887,0.6893
1780689840,0.6893,0.6905,0.6885,0.6905
1780689900,0.6905,0.6905,0.6865,0.6869
1780689960,0.6869,0.691,0.6869,0.6904
1780690020,0.6904,0.6921,0.6893,0.6921
1780690080,0.6921,0.6982,0.6917,0.6977
1780690140,0.6977,0.7049,0.697,0.7029
1780690200,0.7029,0.7043,0.6997,0.6999
1780690260,0.6999,0.6999,0.6978,0.6988
1780690320,0.6988,0.6996,0.6972,0.6974
1780690380,0.6974,0.7001,0.6974,0.6988
1780690440,0.6988,0.7026,0.6988,0.7025
1780690500,0.7025,0.7051,0.702,0.7051
1780690560,0.7051,0.7052,0.6997,0.6997
1780690620,0.6997,0.7003,0.699,0.7003
1780690680,0.7003,0.7027,0.6994,0.701
1780690740,0.701,0.7033,0.7003,0.7027
1780690800,0.7027,0.7035,0.7018,0.7035
1780690860,0.7035,0.7039,0.7009,0.7009
1780690920,0.7009,0.702,0.6998,0.702
1780690980,0.702,0.7027,0.7014,0.7022
1780691040,0.7022,0.7036,0.7018,0.7036
1780691100,0.7036,0.7058,0.7027,0.7053
1780691160,0.7053,0.7053,0.7034,0.7036
1780691220,0.7036,0.7049,0.7035,0.7037
1780691280,0.7037,0.7047,0.7032,0.7039
1780691340,0.7039,0.7041,0.7024,0.7032
1780691400,0.7032,0.705,0.7016,0.705
1780691460,0.705,0.707,0.7042,0.7056
1780691520,0.7056,0.7067,0.7051,0.7057
1780691580,0.7057,0.7057,0.7025,0.7028
1780691640,0.7028,0.7034,0.7018,0.7027
1780691700,0.7027,0.7053,0.7026,0.7052
1780691760,0.7052,0.7062,0.7046,0.7055
1780691820,0.7055,0.7067,0.7052,0.7056
1780691880,0.7056,0.7062,0.7045,0.7057
1780691940,0.7057,0.7074,0.7054,0.7068
1780692000,0.7068,0.7068,0.7045,0.7053
1780692060,0.7053,0.7054,0.7035,0.704
1780692120,0.704,0.7056,0.704,0.7048
1780692180,0.7048,0.7061,0.704,0.7055
1780692240,0.7055,0.7068,0.7052,0.7064
1780692300,0.7064,0.7075,0.706,0.7069
1780692360,0.7069,0.707,0.705,0.7064
1780692420,0.7064,0.7104,0.7064,0.7089
1780692480,0.7089,0.7091,0.7068,0.7087
1780692540,0.7087,0.7099,0.7082,0.7096
1780692600,0.7096,0.7139,0.7087,0.7123
1780692660,0.7123,0.7128,0.7106,0.7127
1780692720,0.7127,0.7139,0.7103,0.7103
1780692780,0.7103,0.7124,0.7096,0.7096
1780692840,0.7096,0.7107,0.7092,0.7099
1780692900,0.7099,0.7118,0.7096,0.7108
1780692960,0.7108,0.7114,0.7101,0.7109
1780693020,0.7109,0.7119,0.7107,0.7107
1780693080,0.7107,0.713,0.7107,0.7119
1780693140,0.7119,0.7126,0.7112,0.7116
1780693200,0.7116,0.7121,0.7102,0.711
1780693260,0.711,0.712,0.711,0.7114
1780693320,0.7114,0.7129,0.7109,0.7125
1780693380,0.7125,0.7148,0.7122,0.7143
1780693440,0.7143,0.716,0.7124,0.7126
1780693500,0.7126,0.7146,0.7123,0.7132
1780693560,0.7132,0.7138,0.7111,0.7125
1780693620,0.7125,0.7138,0.7124,0.7138
1780693680,0.7138,0.7143,0.713,0.7132
1780693740,0.7132,0.7145,0.7131,0.7145
1780693800,0.7145,0.7148,0.7139,0.7141
1780693860,0.7141,0.7141,0.7114,0.7129
1780693920,0.7129,0.7145,0.7127,0.7142
1780693980,0.7142,0.7145,0.7129,0.7139
1780694040,0.7139,0.7143,0.7129,0.7139
1780694100,0.7139,0.7167,0.7133,0.7156
1780694160,0.7156,0.7156,0.7116,0.7131
1780694220,0.7131,0.7157,0.7131,0.7151
1780694280,0.7151,0.7158,0.7143,0.7151
1780694340,0.7151,0.7152,0.7131,0.7131
1780694400,0.7131,0.7142,0.7131,0.7136
1780694460,0.7136,0.7143,0.7131,0.7133
1780694520,0.7133,0.7134,0.7123,0.7132
1780694580,0.7132,0.7134,0.7121,0.7132
1780694640,0.7132,0.7147,0.7129,0.7133
1780694700,0.7133,0.7157,0.7132,0.7147
1780694760,0.7147,0.7152,0.7134,0.7145
1780694820,0.7145,0.7147,0.714,0.7145
1780694880,0.7145,0.7145,0.7129,0.713
1780694940,0.713,0.7141,0.713,0.7133
1780695000,0.7133,0.7133,0.712,0.7127
1780695060,0.7127,0.7132,0.7121,0.7124
1780695120,0.7124,0.7144,0.7124,0.7125
1780695180,0.7125,0.7135,0.7121,0.7134
1780695240,0.7134,0.7134,0.7126,0.7134
1780695300,0.7134,0.7148,0.713,0.7146
1780695360,0.7146,0.7168,0.7142,0.7167
1780695420,0.7167,0.7179,0.7153,0.7179
1780695480,0.7179,0.7185,0.7165,0.7168
1780695540,0.7168,0.7181,0.7161,0.7172
1780695600,0.7172,0.7172,0.7161,0.7165
1780695660,0.7165,0.718,0.7158,0.7178
1780695720,0.7178,0.7187,0.7176,0.7186
1780695780,0.7186,0.7194,0.7181,0.7185
1780695840,0.7185,0.7188,0.7179,0.7183
1780695900,0.7183,0.7183,0.7178,0.7178
1780695960,0.7178,0.7178,0.7166,0.7168
1780696020,0.7168,0.7168,0.7163,0.7167
1780696080,0.7167,0.7176,0.7166,0.7173
1780696140,0.7173,0.7173,0.7165,0.7165
1780696200,0.7165,0.717,0.7162,0.717
1780696260,0.717,0.7185,0.717,0.7185
1780696320,0.7185,0.7188,0.7175,0.7183
1780696380,0.7183,0.7183,0.716,0.716
1780696440,0.716,0.7165,0.7144,0.7165
1780696500,0.7165,0.7168,0.7161,0.7161
1780696560,0.7161,0.7169,0.7158,0.7158
1780696620,0.7158,0.7161,0.7143,0.7143
1780696680,0.7143,0.715,0.7141,0.7143
1780696740,0.7143,0.7147,0.7143,0.7143
1780696800,0.7143,0.7148,0.7139,0.7145
1780696860,0.7145,0.7145,0.7123,0.7124
1780696920,0.7124,0.7144,0.7124,0.713
1780696980,0.713,0.713,0.7102,0.7105
1780697040,0.7105,0.7109,0.7084,0.7085
1780697100,0.7085,0.7088,0.7058,0.7059
1780697160,0.7059,0.7069,0.6953,0.7035
1780697220,0.7035,0.7048,0.7027,0.7047
1780697280,0.7047,0.7063,0.7047,0.7056
1780697340,0.7056,0.7068,0.7048,0.7053
1780697400,0.7053,0.7068,0.7042,0.7045
1780697460,0.7045,0.705,0.7029,0.7034
1780697520,0.7034,0.7041,0.703,0.7041
1780697580,0.7041,0.7041,0.7026,0.7029
1780697640,0.7029,0.7055,0.7029,0.704
1780697700,0.704,0.7052,0.7021,0.7048
1780697760,0.7048,0.7077,0.7047,0.7073
1780697820,0.7073,0.7077,0.7059,0.7065
1780697880,0.7065,0.7072,0.7058,0.7062
1780697940,0.7062,0.7089,0.705,0.7088
1780698000,0.7088,0.7095,0.7066,0.7082
1780698060,0.7082,0.7086,0.7068,0.7076
1780698120,0.7076,0.7094,0.7074,0.7084
1780698180,0.7084,0.7092,0.7064,0.7064
1780698240,0.7064,0.7069,0.7049,0.7063
1780698300,0.7063,0.7063,0.7036,0.7053
1780698360,0.7053,0.7067,0.7046,0.7054
1780698420,0.7054,0.7059,0.7042,0.7056
1780698480,0.7056,0.7064,0.7038,0.704
1780698540,0.704,0.7044,0.7035,0.7038
1780698600,0.7038,0.7056,0.7037,0.7038
1780698660,0.7038,0.7065,0.7027,0.7061
1780698720,0.7061,0.7079,0.7058,0.7076
1780698780,0.7076,0.7086,0.7064,0.7075
1780698840,0.7075,0.7088,0.7073,0.7083
1780698900,0.7083,0.7089,0.707,0.7084
1780698960,0.7084,0.709,0.7078,0.7083
1780699020,0.7083,0.7092,0.7082,0.7089
1780699080,0.7089,0.7107,0.7086,0.7107
1780699140,0.7107,0.7135,0.7106,0.7131
1780699200,0.7131,0.7135,0.7106,0.7107
1780699260,0.7107,0.7116,0.7103,0.7103
1780699320,0.7103,0.7134,0.7103,0.7134
1780699380,0.7134,0.7134,0.7112,0.7117
1780699440,0.7117,0.7127,0.7114,0.7114
1780699500,0.7114,0.7114,0.7086,0.7107
1780699560,0.7107,0.7118,0.7101,0.711
1780699620,0.711,0.7119,0.711,0.7114
1780699680,0.7114,0.7133,0.7114,0.713
1780699740,0.713,0.7144,0.713,0.7136
1780699800,0.7136,0.7137,0.7115,0.7118
1780699860,0.7118,0.7132,0.711,0.7129
1780699920,0.7129,0.7135,0.7118,0.7127
1780699980,0.7127,0.7144,0.7127,0.7131
1780700040,0.7131,0.715,0.7131,0.7144
1780700100,0.7144,0.7144,0.7112,0.7113
1780700160,0.7113,0.7127,0.7113,0.7122
1780700220,0.7122,0.7127,0.711,0.7111
1780700280,0.7111,0.7123,0.7104,0.7119
1780700340,0.7119,0.7119,0.7097,0.7098
1780700400,0.7098,0.7126,0.7098,0.7121
1780700460,0.7121,0.7145,0.7117,0.7127
1780700520,0.7127,0.7133,0.7113,0.7118
1780700580,0.7118,0.7133,0.7113,0.7113
1780700640,0.7113,0.7121,0.7106,0.7121
1780700700,0.7121,0.7127,0.7115,0.7125
1780700760,0.7125,0.7135,0.7124,0.7125
1780700820,0.7125,0.7127,0.7105,0.7108
1780700880,0.7108,0.7114,0.7082,0.7083
1780700940,0.7083,0.7083,0.707,0.7077
1780701000,0.7077,0.708,0.7066,0.7068
1780701060,0.7068,0.7081,0.7068,0.7081
1780701120,0.7081,0.7081,0.7062,0.7068
1780701180,0.7068,0.7077,0.7068,0.707
1780701240,0.707,0.7071,0.7049,0.7054
1780701300,0.7054,0.7054,0.7029,0.7029
1780701360,0.7029,0.7031,0.7014,0.7024
1780701420,0.7024,0.7036,0.7019,0.7022
1780701480,0.7022,0.7033,0.7022,0.7032
1780701540,0.7032,0.7038,0.701,0.7015
1780701600,0.7015,0.7018,0.7003,0.7017
1780701660,0.7017,0.7024,0.7017,0.7018
1780701720,0.7018,0.7028,0.698,0.6984
1780701780,0.6984,0.6994,0.6979,0.6979
1780701840,0.6979,0.699,0.6951,0.6971
1780701900,0.6971,0.6974,0.6947,0.6951
1780701960,0.6951,0.6959,0.6946,0.6956
1780702020,0.6956,0.6975,0.6956,0.6974
1780702080,0.6974,0.698,0.6969,0.6969
1780702140,0.6969,0.6981,0.6969,0.6971
1780702200,0.6971,0.6971,0.6936,0.6942
1780702260,0.6942,0.6943,0.693,0.6941
1780702320,0.6941,0.695,0.6925,0.6929
1780702380,0.6929,0.6931,0.6894,0.6896
1780702440,0.6896,0.6909,0.6896,0.6904
1780702500,0.6904,0.6948,0.6904,0.6944
1780702560,0.6944,0.6946,0.6935,0.6943
1780702620,0.6943,0.696,0.6943,0.6959
1780702680,0.6959,0.6964,0.6954,0.6955
1780702740,0.6955,0.6955,0.6937,0.694
1780702800,0.694,0.6941,0.692,0.6935
1780702860,0.6935,0.6944,0.6935,0.6937
1780702920,0.6937,0.695,0.6935,0.6942
1780702980,0.6942,0.6944,0.6933,0.6937
1780703040,0.6937,0.6951,0.6935,0.6948
1780703100,0.6948,0.6948,0.6933,0.6944
1780703160,0.6944,0.6954,0.6943,0.6944
1780703220,0.6944,0.6955,0.6939,0.6954
1780703280,0.6954,0.697,0.6954,0.6969
1780703340,0.6969,0.6974,0.6958,0.6969
1780703400,0.6969,0.6993,0.6969,0.6992
1780703460,0.6992,0.7002,0.6988,0.7002
1780703520,0.7002,0.7005,0.6996,0.7005
1780703580,0.7005,0.7012,0.6999,0.7
1780703640,0.7,0.7008,0.7,0.7006
1780703700,0.7006,0.7007,0.6994,0.7
1780703760,0.7,0.7006,0.6996,0.7003
1780703820,0.7003,0.7009,0.6999,0.6999
1780703880,0.6999,0.7008,0.6995,0.7006
1780703940,0.7006,0.703,0.7001,0.7026
