ts,open,high,low,close
1760054400,2.8012,2.8014,2.8,2.8006
1760054460,2.8006,2.8047,2.7996,2.8046
1760054520,2.8046,2.8072,2.8046,2.8062
1760054580,2.8062,2.8067,2.8057,2.8062
1760054640,2.8062,2.8079,2.8054,2.807
1760054700,2.807,2.807,2.8044,2.8048
1760054760,2.8048,2.8059,2.804,2.8058
1760054820,2.8058,2.8073,2.8042,2.8047
1760054880,2.8047,2.8056,2.8047,2.8052
1760054940,2.8052,2.8075,2.8046,2.8075
1760055000,2.8075,2.8084,2.8069,2.8081
1760055060,2.8081,2.8082,2.8061,2.8061
1760055120,2.8061,2.8072,2.8061,2.8063
1760055180,2.8063,2.8078,2.8063,2.8078
1760055240,2.8078,2.8079,2.8068,2.8079
1760055300,2.8079,2.8097,2.8076,2.8083
1760055360,2.8083,2.8091,2.8077,2.8089
1760055420,2.8089,2.811,2.8088,2.8099
1760055480,2.8099,2.8117,2.8099,2.8108
1760055540,2.8108,2.8119,2.8108,2.8115
1760055600,2.8115,2.8115,2.8093,2.8093
1760055660,2.8093,2.8104,2.8091,2.8104
1760055720,2.8104,2.8104,2.809,2.8091
1760055780,2.8091,2.8097,2.8087,2.8097
1760055840,2.8097,2.8103,2.8089,2.8103
1760055900,2.8103,2.8103,2.8088,2.8102
1760055960,2.8102,2.8122,2.8102,2.8117
1760056020,2.8117,2.8129,2.8117,2.8122
1760056080,2.8122,2.8133,2.8122,2.8133
1760056140,2.8133,2.8135,2.8131,2.8132
1760056200,2.8132,2.8142,2.813,2.8131
1760056260,2.8131,2.8132,2.812,2.812
1760056320,2.812,2.8122,2.8108,2.8111
1760056380,2.8111,2.8126,2.8111,2.8125
1760056440,2.8125,2.8125,2.8116,2.8119
1760056500,2.8119,2.8119,2.8108,2.8112
1760056560,2.8112,2.8116,2.8105,2.8114
1760056620,2.8114,2.8118,2.8106,2.8106
1760056680,2.8106,2.8136,2.8106,2.8133
1760056740,2.8133,2.8172,2.8133,2.8157
1760056800,2.8157,2.8157,2.8134,2.8134
1760056860,2.8134,2.8138,2.8127,2.8135
1760056920,2.8135,2.8135,2.81,2.8101
1760056980,2.8101,2.8102,2.8092,2.8092
1760057040,2.8092,2.8098,2.809,2.8091
1760057100,2.8091,2.8092,2.8081,2.8082
1760057160,2.8082,2.8082,2.806,2.8061
1760057220,2.8061,2.8062,2.804,2.8047
1760057280,2.8047,2.8055,2.8044,2.8051
1760057340,2.8051,2.8057,2.8042,2.8057
1760057400,2.8057,2.8083,2.8057,2.8082
1760057460,2.8082,2.8107,2.8079,2.8107
1760057520,2.8107,2.8107,2.8091,2.8091
1760057580,2.8091,2.8109,2.8091,2.8107
1760057640,2.8107,2.8111,2.8097,2.8105
1760057700,2.8105,2.8109,2.8099,2.81
1760057760,2.81,2.81,2.808,2.808
1760057820,2.808,2.8082,2.8065,2.8068
1760057880,2.8068,2.8081,2.8067,2.8081
1760057940,2.8081,2.811,2.808,2.8099
1760058000,2.8099,2.8106,2.8088,2.8101
1760058060,2.8101,2.8121,2.8101,2.8116
1760058120,2.8116,2.8121,2.8108,2.8113
1760058180,2.8113,2.8123,2.8111,2.8121
1760058240,2.8121,2.8129,2.8116,2.8129
1760058300,2.8129,2.8155,2.8123,2.8129
1760058360,2.8129,2.8142,2.8128,2.8128
1760058420,2.8128,2.8128,2.81,2.8108
1760058480,2.8108,2.8118,2.81,2.81
1760058540,2.81,2.8108,2.8099,2.8106
1760058600,2.8106,2.8121,2.8104,2.8117
1760058660,2.8117,2.8127,2.8111,2.8118
1760058720,2.8118,2.8141,2.8118,2.8123
1760058780,2.8123,2.8132,2.8123,2.8132
1760058840,2.8132,2.8133,2.8122,2.8122
1760058900,2.8122,2.8122,2.8101,2.8108
1760058960,2.8108,2.8125,2.8108,2.8115
1760059020,2.8115,2.8122,2.8112,2.8112
1760059080,2.8112,2.8116,2.8108,2.811
1760059140,2.811,2.8122,2.81,2.8122
1760059200,2.8122,2.8136,2.8122,2.8133
1760059260,2.8133,2.8133,2.8118,2.8123
1760059320,2.8123,2.8129,2.8116,2.8116
1760059380,2.8116,2.8122,2.8109,2.8114
1760059440,2.8114,2.8124,2.8107,2.812
1760059500,2.812,2.8134,2.8119,2.8126
1760059560,2.8126,2.8128,2.8117,2.8117
1760059620,2.8117,2.8125,2.8113,2.8125
1760059680,2.8125,2.8153,2.8125,2.8153
1760059740,2.8153,2.8169,2.8153,2.8163
1760059800,2.8163,2.8171,2.8155,2.8157
1760059860,2.8157,2.8157,2.8137,2.8137
1760059920,2.8137,2.8147,2.8133,2.8139
1760059980,2.8139,2.8151,2.8139,2.815
1760060040,2.815,2.8156,2.8143,2.8143
1760060100,2.8143,2.8143,2.8117,2.812
1760060160,2.812,2.8129,2.8104,2.8109
1760060220,2.8109,2.811,2.8096,2.8101
1760060280,2.8101,2.8107,2.8095,2.8096
1760060340,2.8096,2.8107,2.8094,2.8094
1760060400,2.8094,2.8094,2.8075,2.8078
1760060460,2.8078,2.8081,2.8064,2.8073
1760060520,2.8073,2.8093,2.807,2.8093
1760060580,2.8093,2.8094,2.8084,2.8089
1760060640,2.8089,2.809,2.8067,2.8076
1760060700,2.8076,2.8078,2.8068,2.8078
1760060760,2.8078,2.8087,2.8075,2.8084
1760060820,2.8084,2.8086,2.8075,2.8077
1760060880,2.8077,2.8077,2.8064,2.8064
1760060940,2.8064,2.8078,2.8064,2.8076
1760061000,2.8076,2.8076,2.8055,2.8056
1760061060,2.8056,2.8074,2.805,2.8073
1760061120,2.8073,2.8106,2.8073,2.8099
1760061180,2.8099,2.811,2.8082,2.8082
1760061240,2.8082,2.8088,2.8077,2.8084
1760061300,2.8084,2.8091,2.8076,2.808
1760061360,2.808,2.8085,2.8077,2.8083
1760061420,2.8083,2.8083,2.8077,2.8078
1760061480,2.8078,2.8096,2.8077,2.8087
1760061540,2.8087,2.8098,2.8083,2.8087
1760061600,2.8087,2.8093,2.8079,2.8082
1760061660,2.8082,2.8097,2.808,2.8082
1760061720,2.8082,2.8082,2.8059,2.8059
1760061780,2.8059,2.8063,2.805,2.8057
1760061840,2.8057,2.8066,2.805,2.8053
1760061900,2.8053,2.8057,2.8035,2.804
1760061960,2.804,2.8041,2.8021,2.8029
1760062020,2.8029,2.803,2.8005,2.8006
1760062080,2.8006,2.8013,2.799,2.799
1760062140,2.799,2.8008,2.7978,2.7998
1760062200,2.7998,2.8007,2.7989,2.799
1760062260,2.799,2.8014,2.799,2.8013
1760062320,2.8013,2.8017,2.7998,2.7998
1760062380,2.7998,2.8016,2.7998,2.8011
1760062440,2.8011,2.8017,2.8011,2.8017
1760062500,2.8017,2.8027,2.8009,2.8025
1760062560,2.8025,2.8045,2.8018,2.8044
1760062620,2.8044,2.8048,2.8032,2.8044
1760062680,2.8044,2.8056,2.8044,2.8055
1760062740,2.8055,2.8093,2.8055,2.8091
1760062800,2.8091,2.8104,2.8089,2.8097
1760062860,2.8097,2.8111,2.8097,2.8106
1760062920,2.8106,2.8107,2.8098,2.8101
1760062980,2.8101,2.8102,2.809,2.8093
1760063040,2.8093,2.8094,2.8066,2.8068
1760063100,2.8068,2.8078,2.8067,2.8074
1760063160,2.8074,2.8074,2.8059,2.8063
1760063220,2.8063,2.8076,2.8062,2.8076
1760063280,2.8076,2.8076,2.8067,2.8073
1760063340,2.8073,2.8073,2.8064,2.8065
1760063400,2.8065,2.8077,2.8061,2.8061
1760063460,2.8061,2.8061,2.8037,2.8046
1760063520,2.8046,2.8049,2.8013,2.8017
1760063580,2.8017,2.802,2.8001,2.8003
1760063640,2.8003,2.8004,2.7998,2.7998
1760063700,2.7998,2.8006,2.7996,2.7996
1760063760,2.7996,2.801,2.7995,2.8003
1760063820,2.8003,2.8015,2.8003,2.8014
1760063880,2.8014,2.8014,2.8,2.8011
1760063940,2.8011,2.8034,2.8011,2.8031
1760064000,2.8031,2.8031,2.8018,2.8026
1760064060,2.8026,2.8035,2.8025,2.803
1760064120,2.803,2.8049,2.8021,2.8023
1760064180,2.8023,2.8024,2.8,2.8005
1760064240,2.8005,2.8012,2.7995,2.8002
1760064300,2.8002,2.8005,2.7992,2.7996
1760064360,2.7996,2.7996,2.7944,2.7955
1760064420,2.7955,2.796,2.795,2.7952
1760064480,2.7952,2.7972,2.7951,2.797
1760064540,2.797,2.7972,2.796,2.7962
1760064600,2.7962,2.7989,2.7962,2.7988
1760064660,2.7988,2.799,2.7963,2.7966
1760064720,2.7966,2.7973,2.7939,2.7939
1760064780,2.7939,2.794,2.7904,2.7927
1760064840,2.7927,2.7944,2.791,2.7944
1760064900,2.7944,2.7957,2.7943,2.7953
1760064960,2.7953,2.7956,2.7938,2.7942
1760065020,2.7942,2.7953,2.794,2.7952
1760065080,2.7952,2.7959,2.795,2.7959
1760065140,2.7959,2.7962,2.7955,2.7962
1760065200,2.7962,2.7973,2.7962,2.7968
1760065260,2.7968,2.7973,2.7953,2.7953
1760065320,2.7953,2.7953,2.7921,2.7922
1760065380,2.7922,2.7923,2.7911,2.7916
1760065440,2.7916,2.792,2.7893,2.7905
1760065500,2.7905,2.792,2.7896,2.792
1760065560,2.792,2.7931,2.7915,2.7922
1760065620,2.7922,2.7922,2.791,2.7919
1760065680,2.7919,2.7919,2.7904,2.7908
1760065740,2.7908,2.7915,2.7908,2.7913
1760065800,2.7913,2.7913,2.7901,2.7908
1760065860,2.7908,2.7922,2.7894,2.7919
1760065920,2.7919,2.7939,2.7918,2.7936
1760065980,2.7936,2.7944,2.7929,2.793
1760066040,2.793,2.7952,2.7923,2.7951
1760066100,2.7951,2.7972,2.7947,2.7952
1760066160,2.7952,2.7954,2.7924,2.7936
1760066220,2.7936,2.7949,2.7935,2.794
1760066280,2.794,2.7958,2.794,2.7958
1760066340,2.7958,2.7987,2.7956,2.7987
1760066400,2.7987,2.805,2.7987,2.8047
1760066460,2.8047,2.808,2.8046,2.8079
1760066520,2.8079,2.8116,2.8069,2.8076
1760066580,2.8076,2.8089,2.8073,2.8076
1760066640,2.8076,2.8121,2.8063,2.8121
1760066700,2.8121,2.8156,2.8112,2.8154
1760066760,2.8154,2.82,2.8154,2.8165
1760066820,2.8165,2.8189,2.8162,2.8185
1760066880,2.8185,2.8209,2.818,2.8194
1760066940,2.8194,2.8202,2.8188,2.8196
1760067000,2.8196,2.8244,2.8196,2.8222
1760067060,2.8222,2.8242,2.8221,2.8242
1760067120,2.8242,2.8247,2.8226,2.8227
1760067180,2.8227,2.8272,2.8227,2.824
1760067240,2.824,2.8261,2.8233,2.8247
1760067300,2.8247,2.8281,2.8247,2.8256
1760067360,2.8256,2.8258,2.8238,2.8245
1760067420,2.8245,2.827,2.8243,2.8243
1760067480,2.8243,2.8254,2.8231,2.8232
1760067540,2.8232,2.8236,2.8224,2.8235
1760067600,2.8235,2.8235,2.8211,2.8228
1760067660,2.8228,2.8234,2.8221,2.8231
1760067720,2.8231,2.8248,2.8226,2.8239
1760067780,2.8239,2.8243,2.8226,2.8228
1760067840,2.8228,2.824,2.8227,2.8239
1760067900,2.8239,2.8264,2.8228,2.8245
1760067960,2.8245,2.8276,2.824,2.8272
1760068020,2.8272,2.8286,2.8271,2.8277
1760068080,2.8277,2.8281,2.8251,2.8258
1760068140,2.8258,2.8259,2.8235,2.8247
1760068200,2.8247,2.8247,2.8215,2.8221
1760068260,2.8221,2.8225,2.8203,2.8218
1760068320,2.8218,2.8221,2.8196,2.82
1760068380,2.82,2.8216,2.8182,2.8186
1760068440,2.8186,2.819,2.8161,2.8161
1760068500,2.8161,2.8161,2.8122,2.8134
1760068560,2.8134,2.814,2.8113,2.8133
1760068620,2.8133,2.8142,2.8118,2.8142
1760068680,2.8142,2.8165,2.8139,2.8156
1760068740,2.8156,2.8156,2.8116,2.8117
1760068800,2.8117,2.8165,2.8106,2.8153
1760068860,2.8153,2.8178,2.8147,2.8174
1760068920,2.8174,2.8174,2.8147,2.8168
1760068980,2.8168,2.818,2.816,2.8171
1760069040,2.8171,2.8174,2.816,2.816
1760069100,2.816,2.8193,2.816,2.8186
1760069160,2.8186,2.8197,2.8181,2.8194
1760069220,2.8194,2.8225,2.8194,2.8211
1760069280,2.8211,2.8225,2.8201,2.8202
1760069340,2.8202,2.8216,2.8192,2.8193
1760069400,2.8193,2.8193,2.8148,2.8159
1760069460,2.8159,2.8167,2.8148,2.8159
1760069520,2.8159,2.8177,2.8149,2.8168
1760069580,2.8168,2.8189,2.8155,2.8178
1760069640,2.8178,2.8187,2.8168,2.8176
1760069700,2.8176,2.8184,2.817,2.8173
1760069760,2.8173,2.8174,2.8152,2.8159
1760069820,2.8159,2.8165,2.8146,2.8151
1760069880,2.8151,2.8153,2.8135,2.814
1760069940,2.814,2.8141,2.811,2.8125
1760070000,2.8125,2.8143,2.8119,2.8143
1760070060,2.8143,2.8148,2.8127,2.8134
1760070120,2.8134,2.8154,2.8134,2.8144
1760070180,2.8144,2.8153,2.8131,2.8132
1760070240,2.8132,2.8141,2.8117,2.8117
1760070300,2.8117,2.8124,2.8111,2.8124
1760070360,2.8124,2.8126,2.8112,2.8124
1760070420,2.8124,2.8125,2.8111,2.8115
1760070480,2.8115,2.8127,2.8107,2.8112
1760070540,2.8112,2.812,2.811,2.8117
1760070600,2.8117,2.8131,2.8117,2.813
1760070660,2.813,2.8164,2.8127,2.8164
1760070720,2.8164,2.8183,2.8164,2.8167
1760070780,2.8167,2.8171,2.811,2.8112
1760070840,2.8112,2.8129,2.8108,2.8128
1760070900,2.8128,2.8134,2.8107,2.8113
1760070960,2.8113,2.8113,2.8081,2.8087
1760071020,2.8087,2.8092,2.8077,2.8091
1760071080,2.8091,2.8098,2.8085,2.8088
1760071140,2.8088,2.8106,2.8082,2.8102
1760071200,2.8102,2.8115,2.8093,2.8115
1760071260,2.8115,2.812,2.81,2.81
1760071320,2.81,2.8101,2.8084,2.8098
1760071380,2.8098,2.8109,2.8093,2.8093
1760071440,2.8093,2.8106,2.8092,2.8106
1760071500,2.8106,2.8107,2.8087,2.8095
1760071560,2.8095,2.8112,2.8086,2.8093
1760071620,2.8093,2.8099,2.8083,2.8083
1760071680,2.8083,2.8086,2.8071,2.8085
1760071740,2.8085,2.81,2.8085,2.8098
1760071800,2.8098,2.8101,2.8085,2.809
1760071860,2.809,2.8112,2.809,2.8103
1760071920,2.8103,2.8104,2.8093,2.81
1760071980,2.81,2.8117,2.81,2.8108
1760072040,2.8108,2.8112,2.8104,2.8108
1760072100,2.8108,2.8116,2.8095,2.8098
1760072160,2.8098,2.8114,2.8096,2.8103
1760072220,2.8103,2.8126,2.8099,2.8126
1760072280,2.8126,2.8129,2.8112,2.8129
1760072340,2.8129,2.8137,2.8129,2.8131
1760072400,2.8131,2.8144,2.8131,2.8143
1760072460,2.8143,2.8149,2.8131,2.8131
1760072520,2.8131,2.8131,2.8111,2.8123
1760072580,2.8123,2.8127,2.8117,2.8117
1760072640,2.8117,2.8117,2.8074,2.8077
1760072700,2.8077,2.8077,2.8046,2.8054
1760072760,2.8054,2.8071,2.8026,2.8071
1760072820,2.8071,2.8094,2.805,2.8094
1760072880,2.8094,2.8094,2.8079,2.8089
1760072940,2.8089,2.8091,2.8073,2.809
1760073000,2.809,2.811,2.8081,2.8101
1760073060,2.8101,2.8107,2.8085,2.8087
1760073120,2.8087,2.8095,2.8082,2.8092
1760073180,2.8092,2.8102,2.8089,2.8096
1760073240,2.8096,2.8098,2.8074,2.8078
1760073300,2.8078,2.8109,2.8069,2.8102
1760073360,2.8102,2.8112,2.8088,2.8088
1760073420,2.8088,2.8118,2.8088,2.8116
1760073480,2.8116,2.8125,2.8116,2.812
1760073540,2.812,2.8123,2.8112,2.8114
1760073600,2.8114,2.8135,2.8113,2.8134
1760073660,2.8134,2.8141,2.8129,2.8135
1760073720,2.8135,2.8141,2.8133,2.8139
1760073780,2.8139,2.8197,2.8139,2.8194
1760073840,2.8194,2.8209,2.8178,2.8208
1760073900,2.8208,2.8214,2.8205,2.8206
1760073960,2.8206,2.8222,2.8197,2.8202
1760074020,2.8202,2.8204,2.8186,2.8197
1760074080,2.8197,2.82,2.8185,2.8191
1760074140,2.8191,2.8198,2.8189,2.819
1760074200,2.819,2.8193,2.817,2.817
1760074260,2.817,2.8185,2.816,2.8179
1760074320,2.8179,2.8179,2.8135,2.8135
1760074380,2.8135,2.8162,2.8126,2.8153
1760074440,2.8153,2.8162,2.8143,2.8149
1760074500,2.8149,2.8162,2.8145,2.816
1760074560,2.816,2.8163,2.8142,2.816
1760074620,2.816,2.8164,2.8149,2.816
1760074680,2.816,2.8174,2.8157,2.8164
1760074740,2.8164,2.8175,2.816,2.817
1760074800,2.817,2.8185,2.817,2.8185
1760074860,2.8185,2.8202,2.8185,2.8202
1760074920,2.8202,2.8206,2.8195,2.8197
1760074980,2.8197,2.8213,2.8197,2.8204
1760075040,2.8204,2.8213,2.8203,2.821
1760075100,2.821,2.8237,2.821,2.8237
1760075160,2.8237,2.8261,2.8237,2.825
1760075220,2.825,2.8252,2.8227,2.8227
1760075280,2.8227,2.8249,2.8223,2.8247
1760075340,2.8247,2.8249,2.8223,2.8228
1760075400,2.8228,2.8247,2.8228,2.8246
1760075460,2.8246,2.8249,2.8226,2.823
1760075520,2.823,2.823,2.8216,2.8225
1760075580,2.8225,2.8244,2.8225,2.8238
1760075640,2.8238,2.8295,2.8235,2.8284
1760075700,2.8284,2.8284,2.8243,2.8243
1760075760,2.8243,2.825,2.8238,2.8243
1760075820,2.8243,2.8258,2.8236,2.8257
1760075880,2.8257,2.8257,2.8236,2.8236
1760075940,2.8236,2.8255,2.8236,2.8253
1760076000,2.8253,2.8282,2.8243,2.8276
1760076060,2.8276,2.8276,2.826,2.8261
1760076120,2.8261,2.8291,2.8261,2.8273
1760076180,2.8273,2.8294,2.826,2.8288
1760076240,2.8288,2.8288,2.8268,2.8278
1760076300,2.8278,2.8297,2.8278,2.8296
1760076360,2.8296,2.8296,2.8285,2.829
1760076420,2.829,2.829,2.8278,2.8278
1760076480,2.8278,2.8278,2.8257,2.8274
1760076540,2.8274,2.8279,2.8248,2.8254
1760076600,2.8254,2.8261,2.8239,2.8239
1760076660,2.8239,2.8244,2.8224,2.8224
1760076720,2.8224,2.8236,2.8224,2.8227
1760076780,2.8227,2.8241,2.8227,2.8237
1760076840,2.8237,2.8241,2.8229,2.8229
1760076900,2.8229,2.8254,2.8229,2.8242
1760076960,2.8242,2.825,2.8223,2.8226
1760077020,2.8226,2.8235,2.8221,2.8221
1760077080,2.8221,2.8228,2.8215,2.8226
1760077140,2.8226,2.8227,2.8201,2.8202
1760077200,2.8202,2.8202,2.8182,2.8198
1760077260,2.8198,2.8201,2.8187,2.8194
1760077320,2.8194,2.8212,2.8194,2.8211
1760077380,2.8211,2.8211,2.8199,2.8206
1760077440,2.8206,2.8211,2.8192,2.8211
1760077500,2.8211,2.8213,2.8205,2.8209
1760077560,2.8209,2.821,2.8199,2.8199
1760077620,2.8199,2.8216,2.8199,2.8204
1760077680,2.8204,2.8209,2.8191,2.8191
1760077740,2.8191,2.8192,2.8182,2.8191
1760077800,2.8191,2.8215,2.819,2.8197
1760077860,2.8197,2.8211,2.8197,2.8203
1760077920,2.8203,2.8205,2.8181,2.8186
1760077980,2.8186,2.82,2.8181,2.8195
1760078040,2.8195,2.8231,2.8194,2.823
1760078100,2.823,2.8234,2.8188,2.8196
1760078160,2.8196,2.8197,2.8162,2.8167
1760078220,2.8167,2.8182,2.8151,2.8151
1760078280,2.8151,2.8159,2.8134,2.8148
1760078340,2.8148,2.8172,2.8144,2.8172
1760078400,2.8172,2.8187,2.8163,2.818
1760078460,2.818,2.821,2.8177,2.8206
1760078520,2.8206,2.8214,2.8205,2.8208
1760078580,2.8208,2.8216,2.8203,2.8204
1760078640,2.8204,2.8204,2.8176,2.8185
1760078700,2.8185,2.8221,2.8185,2.8218
1760078760,2.8218,2.8231,2.8207,2.8209
1760078820,2.8209,2.8212,2.8194,2.8194
1760078880,2.8194,2.8197,2.8166,2.8171
1760078940,2.8171,2.8175,2.8151,2.8152
1760079000,2.8152,2.8166,2.8131,2.8131
1760079060,2.8131,2.8131,2.8092,2.8113
1760079120,2.8113,2.8125,2.8106,2.8116
1760079180,2.8116,2.8141,2.8104,2.814
1760079240,2.814,2.8147,2.8135,2.8143
1760079300,2.8143,2.8152,2.8137,2.8137
1760079360,2.8137,2.8148,2.8134,2.8136
1760079420,2.8136,2.8156,2.8135,2.8155
1760079480,2.8155,2.8165,2.815,2.815
1760079540,2.815,2.8152,2.8147,2.8147
1760079600,2.8147,2.8165,2.8139,2.8164
1760079660,2.8164,2.8167,2.8118,2.8122
1760079720,2.8122,2.8139,2.812,2.8129
1760079780,2.8129,2.8133,2.8124,2.8132
1760079840,2.8132,2.8143,2.8118,2.8128
1760079900,2.8128,2.8138,2.8121,2.8131
1760079960,2.8131,2.8131,2.8096,2.8102
1760080020,2.8102,2.8102,2.8074,2.8089
1760080080,2.8089,2.8089,2.8051,2.8062
1760080140,2.8062,2.8102,2.8062,2.8095
1760080200,2.8095,2.8139,2.8094,2.8139
1760080260,2.8139,2.814,2.8123,2.813
1760080320,2.813,2.8135,2.8116,2.8129
1760080380,2.8129,2.8129,2.8112,2.8112
1760080440,2.8112,2.8125,2.8112,2.8116
1760080500,2.8116,2.8118,2.8081,2.8084
1760080560,2.8084,2.8092,2.8065,2.8066
1760080620,2.8066,2.807,2.8048,2.8051
1760080680,2.8051,2.8052,2.8022,2.8043
1760080740,2.8043,2.8072,2.804,2.8072
1760080800,2.8072,2.8079,2.8044,2.8062
1760080860,2.8062,2.8087,2.8061,2.8066
1760080920,2.8066,2.8066,2.8021,2.8021
1760080980,2.8021,2.8031,2.801,2.8026
1760081040,2.8026,2.8026,2.799,2.8005
1760081100,2.8005,2.8005,2.7989,2.799
1760081160,2.799,2.8021,2.7978,2.8021
1760081220,2.8021,2.8037,2.8009,2.8021
1760081280,2.8021,2.8042,2.8021,2.8031
1760081340,2.8031,2.8056,2.8029,2.8029
1760081400,2.8029,2.8057,2.8022,2.805
1760081460,2.805,2.805,2.8,2.8006
1760081520,2.8006,2.8027,2.8005,2.802
1760081580,2.802,2.8024,2.7997,2.7997
1760081640,2.7997,2.801,2.7979,2.8002
1760081700,2.8002,2.8023,2.7998,2.8018
1760081760,2.8018,2.8059,2.8013,2.8059
1760081820,2.8059,2.8066,2.805,2.8055
1760081880,2.8055,2.8075,2.8053,2.8063
1760081940,2.8063,2.808,2.8053,2.8076
1760082000,2.8076,2.8087,2.8076,2.8084
1760082060,2.8084,2.8092,2.8076,2.8091
1760082120,2.8091,2.8093,2.8082,2.8085
1760082180,2.8085,2.8092,2.8078,2.8089
1760082240,2.8089,2.8096,2.8089,2.8093
1760082300,2.8093,2.8093,2.8074,2.8082
1760082360,2.8082,2.8084,2.8037,2.8037
1760082420,2.8037,2.8066,2.8017,2.8064
1760082480,2.8064,2.807,2.8056,2.8067
1760082540,2.8067,2.8067,2.8054,2.8058
1760082600,2.8058,2.8071,2.8052,2.8056
1760082660,2.8056,2.8064,2.804,2.8049
1760082720,2.8049,2.8085,2.8049,2.8076
1760082780,2.8076,2.809,2.807,2.8086
1760082840,2.8086,2.8088,2.8063,2.8066
1760082900,2.8066,2.8084,2.8065,2.8075
1760082960,2.8075,2.8078,2.8044,2.8044
1760083020,2.8044,2.8044,2.802,2.8036
1760083080,2.8036,2.8036,2.8022,2.8022
1760083140,2.8022,2.8023,2.8007,2.8023
1760083200,2.8023,2.8036,2.8019,2.8033
1760083260,2.8033,2.8063,2.8029,2.8061
1760083320,2.8061,2.8097,2.8061,2.8097
1760083380,2.8097,2.8097,2.8038,2.804
1760083440,2.804,2.8044,2.802,2.8025
1760083500,2.8025,2.8025,2.7972,2.8011
1760083560,2.8011,2.8046,2.8011,2.8039
1760083620,2.8039,2.8041,2.8006,2.8015
1760083680,2.8015,2.8044,2.8014,2.8037
1760083740,2.8037,2.8057,2.8031,2.8055
1760083800,2.8055,2.8075,2.804,2.8075
1760083860,2.8075,2.8094,2.8071,2.8091
1760083920,2.8091,2.8091,2.806,2.8076
1760083980,2.8076,2.8091,2.8075,2.8084
1760084040,2.8084,2.8092,2.8081,2.8086
1760084100,2.8086,2.8113,2.8086,2.8109
1760084160,2.8109,2.8143,2.8109,2.8118
1760084220,2.8118,2.8145,2.8118,2.8142
1760084280,2.8142,2.8149,2.8134,2.8142
1760084340,2.8142,2.8152,2.8134,2.8147
1760084400,2.8147,2.8151,2.8139,2.8149
1760084460,2.8149,2.8152,2.8136,2.8137
1760084520,2.8137,2.8144,2.8133,2.8144
1760084580,2.8144,2.8149,2.8137,2.8145
1760084640,2.8145,2.8155,2.8145,2.8154
1760084700,2.8154,2.8164,2.8151,2.8154
1760084760,2.8154,2.8154,2.8143,2.815
1760084820,2.815,2.817,2.815,2.816
1760084880,2.816,2.817,2.8158,2.8163
1760084940,2.8163,2.8163,2.8148,2.8148
1760085000,2.8148,2.8164,2.8144,2.8163
1760085060,2.8163,2.8181,2.8158,2.8167
1760085120,2.8167,2.8168,2.8142,2.8145
1760085180,2.8145,2.8148,2.8138,2.8144
1760085240,2.8144,2.815,2.8131,2.8133
1760085300,2.8133,2.8142,2.8125,2.8134
1760085360,2.8134,2.814,2.8125,2.8137
1760085420,2.8137,2.8137,2.8117,2.8128
1760085480,2.8128,2.815,2.8121,2.8148
1760085540,2.8148,2.8154,2.8134,2.8149
1760085600,2.8149,2.8151,2.8135,2.8137
1760085660,2.8137,2.8143,2.8129,2.813
1760085720,2.813,2.8141,2.8126,2.8139
1760085780,2.8139,2.8151,2.8132,2.8141
1760085840,2.8141,2.8162,2.8136,2.8156
1760085900,2.8156,2.8187,2.8156,2.8181
1760085960,2.8181,2.8191,2.8181,2.8183
1760086020,2.8183,2.8192,2.8177,2.818
1760086080,2.818,2.8191,2.8176,2.8177
1760086140,2.8177,2.8185,2.8168,2.8177
1760086200,2.8177,2.8205,2.8176,2.8198
1760086260,2.8198,2.8205,2.8193,2.8201
1760086320,2.8201,2.8203,2.8188,2.819
1760086380,2.819,2.82,2.8189,2.8197
1760086440,2.8197,2.8201,2.8187,2.8187
1760086500,2.8187,2.8206,2.8187,2.8204
1760086560,2.8204,2.8214,2.82,2.8205
1760086620,2.8205,2.8212,2.8198,2.8204
1760086680,2.8204,2.8206,2.819,2.8191
1760086740,2.8191,2.8209,2.8191,2.8192
1760086800,2.8192,2.8203,2.8185,2.8189
1760086860,2.8189,2.8191,2.8156,2.8162
1760086920,2.8162,2.8162,2.8141,2.8144
1760086980,2.8144,2.8165,2.8144,2.8163
1760087040,2.8163,2.8169,2.8154,2.8159
1760087100,2.8159,2.8171,2.8148,2.8164
1760087160,2.8164,2.8169,2.8145,2.8145
1760087220,2.8145,2.8155,2.8144,2.8147
1760087280,2.8147,2.8147,2.8132,2.8139
1760087340,2.8139,2.8153,2.8139,2.8148
1760087400,2.8148,2.8149,2.8137,2.8143
1760087460,2.8143,2.8173,2.8142,2.8172
1760087520,2.8172,2.8187,2.8169,2.8169
1760087580,2.8169,2.8192,2.8168,2.8168
1760087640,2.8168,2.8168,2.8162,2.8163
1760087700,2.8163,2.8169,2.8158,2.8165
1760087760,2.8165,2.8165,2.815,2.8153
1760087820,2.8153,2.8174,2.8143,2.8174
1760087880,2.8174,2.8174,2.8156,2.8166
1760087940,2.8166,2.8166,2.8136,2.8143
1760088000,2.8143,2.8147,2.8133,2.8145
1760088060,2.8145,2.8158,2.8139,2.8158
1760088120,2.8158,2.818,2.8153,2.8178
1760088180,2.8178,2.818,2.8174,2.818
1760088240,2.818,2.8197,2.8175,2.8193
1760088300,2.8193,2.8209,2.8189,2.8209
1760088360,2.8209,2.8232,2.8209,2.8231
1760088420,2.8231,2.828,2.8229,2.8276
1760088480,2.8276,2.8277,2.8248,2.8258
1760088540,2.8258,2.8271,2.8256,2.8256
1760088600,2.8256,2.8267,2.8249,2.8267
1760088660,2.8267,2.8282,2.8267,2.8273
1760088720,2.8273,2.8293,2.8273,2.8284
1760088780,2.8284,2.8299,2.8271,2.8282
1760088840,2.8282,2.8285,2.8271,2.8278
1760088900,2.8278,2.8278,2.8251,2.8268
1760088960,2.8268,2.8268,2.8258,2.8265
1760089020,2.8265,2.8265,2.826,2.8261
1760089080,2.8261,2.8262,2.8247,2.8248
1760089140,2.8248,2.8253,2.8247,2.8249
1760089200,2.8249,2.8254,2.8242,2.8248
1760089260,2.8248,2.8248,2.8227,2.8227
1760089320,2.8227,2.8245,2.8227,2.8239
1760089380,2.8239,2.8251,2.8235,2.8236
1760089440,2.8236,2.8237,2.823,2.8237
1760089500,2.8237,2.8265,2.8234,2.8254
1760089560,2.8254,2.8254,2.8221,2.8223
1760089620,2.8223,2.824,2.8223,2.8225
1760089680,2.8225,2.8226,2.8195,2.8198
1760089740,2.8198,2.82,2.817,2.8172
1760089800,2.8172,2.8172,2.812,2.8147
1760089860,2.8147,2.8168,2.8128,2.8165
1760089920,2.8165,2.8169,2.8149,2.815
1760089980,2.815,2.8153,2.8133,2.8142
1760090040,2.8142,2.8168,2.814,2.8156
1760090100,2.8156,2.8163,2.8148,2.8148
1760090160,2.8148,2.8148,2.8127,2.8139
1760090220,2.8139,2.8139,2.8127,2.8138
1760090280,2.8138,2.8148,2.8112,2.8115
1760090340,2.8115,2.8128,2.8112,2.8124
1760090400,2.8124,2.8125,2.8113,2.8124
1760090460,2.8124,2.8169,2.8123,2.8148
1760090520,2.8148,2.8156,2.8138,2.8147
1760090580,2.8147,2.8157,2.8136,2.8154
1760090640,2.8154,2.8156,2.8137,2.8137
1760090700,2.8137,2.8164,2.8137,2.8158
1760090760,2.8158,2.8166,2.8157,2.8163
1760090820,2.8163,2.8164,2.8147,2.8153
1760090880,2.8153,2.8156,2.8151,2.8154
1760090940,2.8154,2.8154,2.8144,2.815
1760091000,2.815,2.8152,2.8135,2.8136
1760091060,2.8136,2.8152,2.8135,2.8152
1760091120,2.8152,2.8159,2.8149,2.8153
1760091180,2.8153,2.8161,2.8131,2.8133
1760091240,2.8133,2.8137,2.8126,2.8135
1760091300,2.8135,2.8148,2.8134,2.8146
1760091360,2.8146,2.816,2.8146,2.816
1760091420,2.816,2.8168,2.8152,2.8156
1760091480,2.8156,2.8175,2.8156,2.817
1760091540,2.817,2.8184,2.8158,2.8165
1760091600,2.8165,2.8165,2.8145,2.8153
1760091660,2.8153,2.8167,2.8152,2.8164
1760091720,2.8164,2.8164,2.8134,2.8134
1760091780,2.8134,2.8134,2.8107,2.8124
1760091840,2.8124,2.8138,2.8122,2.8138
1760091900,2.8138,2.8142,2.8128,2.8129
1760091960,2.8129,2.8135,2.8129,2.8135
1760092020,2.8135,2.8143,2.8135,2.8143
1760092080,2.8143,2.8144,2.812,2.8121
1760092140,2.8121,2.8123,2.8117,2.8117
1760092200,2.8117,2.8135,2.8108,2.8134
1760092260,2.8134,2.8136,2.8113,2.8113
1760092320,2.8113,2.8117,2.8094,2.8098
1760092380,2.8098,2.8121,2.8098,2.8113
1760092440,2.8113,2.8113,2.8093,2.8096
1760092500,2.8096,2.8099,2.8085,2.8088
1760092560,2.8088,2.8088,2.8072,2.8085
1760092620,2.8085,2.8102,2.8082,2.8098
1760092680,2.8098,2.8105,2.8091,2.8098
1760092740,2.8098,2.8106,2.8079,2.8079
1760092800,2.8079,2.8081,2.8073,2.8076
1760092860,2.8076,2.8081,2.8076,2.808
1760092920,2.808,2.8097,2.808,2.8097
1760092980,2.8097,2.8103,2.809,2.8103
1760093040,2.8103,2.811,2.8101,2.811
1760093100,2.811,2.8115,2.8109,2.8113
1760093160,2.8113,2.8125,2.811,2.8124
1760093220,2.8124,2.8124,2.8101,2.8111
1760093280,2.8111,2.8126,2.8108,2.8126
1760093340,2.8126,2.8159,2.8126,2.815
1760093400,2.815,2.8166,2.8148,2.8165
1760093460,2.8165,2.8175,2.8155,2.8155
1760093520,2.8155,2.8176,2.8155,2.8158
1760093580,2.8158,2.8165,2.8156,2.8158
1760093640,2.8158,2.8158,2.8148,2.8156
1760093700,2.8156,2.8189,2.8153,2.8189
1760093760,2.8189,2.8192,2.8183,2.8185
1760093820,2.8185,2.8193,2.8173,2.8174
1760093880,2.8174,2.8179,2.8171,2.8176
1760093940,2.8176,2.8181,2.8175,2.8175
1760094000,2.8175,2.8195,2.8175,2.8179
1760094060,2.8179,2.8196,2.8179,2.8183
1760094120,2.8183,2.8189,2.818,2.8184
1760094180,2.8184,2.8202,2.8182,2.8188
1760094240,2.8188,2.8188,2.8178,2.8182
1760094300,2.8182,2.8202,2.8182,2.8198
1760094360,2.8198,2.8201,2.8174,2.8174
1760094420,2.8174,2.8185,2.8168,2.818
1760094480,2.818,2.8191,2.818,2.8191
1760094540,2.8191,2.822,2.8191,2.8197
1760094600,2.8197,2.8197,2.8169,2.819
1760094660,2.819,2.819,2.8157,2.8159
1760094720,2.8159,2.8169,2.8151,2.8163
1760094780,2.8163,2.8171,2.8162,2.8168
1760094840,2.8168,2.8169,2.8155,2.8158
1760094900,2.8158,2.8173,2.8157,2.8168
1760094960,2.8168,2.8175,2.8156,2.8175
1760095020,2.8175,2.8191,2.8175,2.8186
1760095080,2.8186,2.8194,2.8178,2.8179
1760095140,2.8179,2.8186,2.8172,2.8173
1760095200,2.8173,2.818,2.8149,2.818
1760095260,2.818,2.818,2.8163,2.8164
1760095320,2.8164,2.8164,2.8148,2.8157
1760095380,2.8157,2.8164,2.8155,2.8158
1760095440,2.8158,2.8168,2.8153,2.8168
1760095500,2.8168,2.8171,2.8162,2.817
1760095560,2.817,2.8173,2.8162,2.8171
1760095620,2.8171,2.8175,2.8162,2.8175
1760095680,2.8175,2.8175,2.8152,2.8159
1760095740,2.8159,2.8166,2.8159,2.8165
1760095800,2.8165,2.8182,2.8164,2.8172
1760095860,2.8172,2.8199,2.8171,2.8191
1760095920,2.8191,2.8204,2.8188,2.8204
1760095980,2.8204,2.8204,2.8184,2.8186
1760096040,2.8186,2.8189,2.8174,2.8184
1760096100,2.8184,2.8198,2.8184,2.8198
1760096160,2.8198,2.8212,2.8195,2.8212
1760096220,2.8212,2.8217,2.8201,2.8204
1760096280,2.8204,2.8209,2.8199,2.8206
1760096340,2.8206,2.8211,2.8198,2.8198
1760096400,2.8198,2.82,2.8195,2.82
1760096460,2.82,2.821,2.8198,2.8203
1760096520,2.8203,2.8204,2.8181,2.8183
1760096580,2.8183,2.8199,2.8183,2.8199
1760096640,2.8199,2.8203,2.8196,2.8203
1760096700,2.8203,2.8204,2.8195,2.8195
1760096760,2.8195,2.8196,2.8189,2.8189
1760096820,2.8189,2.819,2.8181,2.8188
1760096880,2.8188,2.8191,2.8175,2.8188
1760096940,2.8188,2.8188,2.8176,2.8186
1760097000,2.8186,2.8193,2.8182,2.819
1760097060,2.819,2.8201,2.819,2.8197
1760097120,2.8197,2.8205,2.8195,2.8204
1760097180,2.8204,2.8207,2.8188,2.8189
1760097240,2.8189,2.8192,2.8186,2.8188
1760097300,2.8188,2.8194,2.8188,2.8194
1760097360,2.8194,2.8206,2.8193,2.8197
1760097420,2.8197,2.8197,2.8182,2.8185
1760097480,2.8185,2.8186,2.8175,2.8185
1760097540,2.8185,2.8188,2.8176,2.8176
1760097600,2.8176,2.818,2.8167,2.8168
1760097660,2.8168,2.8175,2.8168,2.8172
1760097720,2.8172,2.8175,2.8163,2.8169
1760097780,2.8169,2.8198,2.8169,2.8196
1760097840,2.8196,2.8196,2.8176,2.8187
1760097900,2.8187,2.819,2.8177,2.8187
1760097960,2.8187,2.8187,2.8163,2.8164
1760098020,2.8164,2.8177,2.8158,2.8176
1760098080,2.8176,2.8198,2.8176,2.8198
1760098140,2.8198,2.8207,2.8165,2.8165
1760098200,2.8165,2.8168,2.8145,2.8148
1760098260,2.8148,2.8148,2.8122,2.8132
1760098320,2.8132,2.8148,2.8132,2.8144
1760098380,2.8144,2.8144,2.8129,2.8129
1760098440,2.8129,2.8141,2.8129,2.814
1760098500,2.814,2.814,2.8114,2.8122
1760098560,2.8122,2.8134,2.812,2.8133
1760098620,2.8133,2.8148,2.813,2.8148
1760098680,2.8148,2.8154,2.8144,2.8154
1760098740,2.8154,2.8172,2.8153,2.8165
1760098800,2.8165,2.8165,2.8158,2.816
1760098860,2.816,2.8168,2.8156,2.8168
1760098920,2.8168,2.818,2.8164,2.8164
1760098980,2.8164,2.818,2.8164,2.8176
1760099040,2.8176,2.8183,2.8175,2.8178
1760099100,2.8178,2.8193,2.8178,2.8182
1760099160,2.8182,2.8186,2.8177,2.8181
1760099220,2.8181,2.8181,2.8164,2.8175
1760099280,2.8175,2.8179,2.8171,2.8179
1760099340,2.8179,2.8179,2.8164,2.8164
1760099400,2.8164,2.817,2.815,2.8158
1760099460,2.8158,2.816,2.8145,2.8146
1760099520,2.8146,2.8155,2.8143,2.8149
1760099580,2.8149,2.8162,2.8149,2.8162
1760099640,2.8162,2.8165,2.8154,2.8165
1760099700,2.8165,2.8176,2.8164,2.817
1760099760,2.817,2.8178,2.815,2.8152
1760099820,2.8152,2.8154,2.8129,2.8129
1760099880,2.8129,2.8129,2.8108,2.8114
1760099940,2.8114,2.8129,2.8114,2.8123
1760100000,2.8123,2.8137,2.812,2.8121
1760100060,2.8121,2.8121,2.81,2.8109
1760100120,2.8109,2.8113,2.8103,2.8107
1760100180,2.8107,2.8112,2.8101,2.8112
1760100240,2.8112,2.8118,2.8102,2.8105
1760100300,2.8105,2.8107,2.8097,2.8107
1760100360,2.8107,2.8108,2.8101,2.8104
1760100420,2.8104,2.8107,2.8089,2.8098
1760100480,2.8098,2.8128,2.8098,2.8128
1760100540,2.8128,2.8141,2.8128,2.8136
1760100600,2.8136,2.8145,2.8133,2.8133
1760100660,2.8133,2.8155,2.8133,2.8143
1760100720,2.8143,2.8153,2.8138,2.8142
1760100780,2.8142,2.8148,2.8133,2.8139
1760100840,2.8139,2.8148,2.8139,2.8141
1760100900,2.8141,2.8161,2.8141,2.8161
1760100960,2.8161,2.8163,2.8161,2.8163
1760101020,2.8163,2.8175,2.8159,2.8175
1760101080,2.8175,2.8176,2.8165,2.8166
1760101140,2.8166,2.8176,2.8166,2.8175
1760101200,2.8175,2.819,2.8175,2.819
1760101260,2.819,2.8193,2.8185,2.8187
1760101320,2.8187,2.8231,2.8187,2.8225
1760101380,2.8225,2.8231,2.8223,2.8229
1760101440,2.8229,2.825,2.8229,2.8241
1760101500,2.8241,2.8245,2.821,2.8221
1760101560,2.8221,2.8241,2.822,2.8227
1760101620,2.8227,2.8243,2.8216,2.8235
1760101680,2.8235,2.8238,2.8223,2.8228
1760101740,2.8228,2.8229,2.8201,2.8213
1760101800,2.8213,2.8213,2.8193,2.8198
1760101860,2.8198,2.82,2.8193,2.82
1760101920,2.82,2.8207,2.8198,2.8205
1760101980,2.8205,2.8208,2.82,2.82
1760102040,2.82,2.8208,2.8199,2.8207
1760102100,2.8207,2.8216,2.8206,2.8206
1760102160,2.8206,2.8206,2.818,2.8181
1760102220,2.8181,2.8211,2.818,2.8189
1760102280,2.8189,2.821,2.8188,2.821
1760102340,2.821,2.8227,2.8204,2.8225
1760102400,2.8225,2.8229,2.8215,2.8222
1760102460,2.8222,2.8228,2.8214,2.8215
1760102520,2.8215,2.8215,2.8202,2.8206
1760102580,2.8206,2.8214,2.8203,2.8214
1760102640,2.8214,2.8224,2.8206,2.8224
1760102700,2.8224,2.8259,2.8224,2.8251
1760102760,2.8251,2.8277,2.8251,2.8273
1760102820,2.8273,2.8278,2.8258,2.8267
1760102880,2.8267,2.8268,2.8254,2.8256
1760102940,2.8256,2.8258,2.8237,2.8253
1760103000,2.8253,2.8261,2.8211,2.8214
1760103060,2.8214,2.825,2.8213,2.824
1760103120,2.824,2.8244,2.8201,2.8217
1760103180,2.8217,2.8231,2.8199,2.823
1760103240,2.823,2.8273,2.823,2.8268
1760103300,2.8268,2.8298,2.8268,2.8276
1760103360,2.8276,2.8279,2.8238,2.8277
1760103420,2.8277,2.8287,2.8251,2.8286
1760103480,2.8286,2.8328,2.8283,2.8318
1760103540,2.8318,2.8362,2.8318,2.8336
1760103600,2.8336,2.8347,2.83,2.8302
1760103660,2.8302,2.833,2.83,2.8309
1760103720,2.8309,2.8328,2.8287,2.8311
1760103780,2.8311,2.8319,2.8283,2.8296
1760103840,2.8296,2.8327,2.8275,2.8305
1760103900,2.8305,2.831,2.8258,2.8292
1760103960,2.8292,2.8297,2.828,2.828
1760104020,2.828,2.829,2.8253,2.8285
1760104080,2.8285,2.8285,2.825,2.8258
1760104140,2.8258,2.826,2.8195,2.8209
1760104200,2.8209,2.8213,2.8182,2.8205
1760104260,2.8205,2.8205,2.8162,2.8178
1760104320,2.8178,2.8212,2.8174,2.8207
1760104380,2.8207,2.8219,2.8183,2.8195
1760104440,2.8195,2.8196,2.8171,2.818
1760104500,2.818,2.8197,2.8178,2.8193
1760104560,2.8193,2.821,2.8191,2.8203
1760104620,2.8203,2.8224,2.82,2.8221
1760104680,2.8221,2.8243,2.8213,2.824
1760104740,2.824,2.8253,2.8239,2.8247
1760104800,2.8247,2.8295,2.8247,2.829
1760104860,2.829,2.829,2.8187,2.8218
1760104920,2.8218,2.8283,2.8212,2.8283
1760104980,2.8283,2.8297,2.8265,2.8274
1760105040,2.8274,2.8303,2.8274,2.83
1760105100,2.83,2.8322,2.8287,2.8289
1760105160,2.8289,2.8325,2.8289,2.8308
1760105220,2.8308,2.8337,2.8306,2.8323
1760105280,2.8323,2.8324,2.8296,2.8301
1760105340,2.8301,2.8316,2.8292,2.8306
1760105400,2.8306,2.8306,2.8288,2.8288
1760105460,2.8288,2.832,2.8284,2.8311
1760105520,2.8311,2.8332,2.8304,2.8318
1760105580,2.8318,2.8324,2.8274,2.8287
1760105640,2.8287,2.8288,2.8264,2.8282
1760105700,2.8282,2.8303,2.8276,2.8284
1760105760,2.8284,2.829,2.8232,2.8232
1760105820,2.8232,2.8232,2.8169,2.8187
1760105880,2.8187,2.8223,2.8174,2.8218
1760105940,2.8218,2.8223,2.8191,2.8208
1760106000,2.8208,2.8227,2.8182,2.8227
1760106060,2.8227,2.8243,2.8207,2.8229
1760106120,2.8229,2.8236,2.8192,2.8201
1760106180,2.8201,2.8204,2.8138,2.816
1760106240,2.816,2.8182,2.8149,2.8176
1760106300,2.8176,2.8205,2.816,2.8193
1760106360,2.8193,2.8208,2.8174,2.8208
1760106420,2.8208,2.8208,2.8169,2.8169
1760106480,2.8169,2.817,2.8148,2.8148
1760106540,2.8148,2.8148,2.8127,2.8143
1760106600,2.8143,2.8194,2.8131,2.8182
1760106660,2.8182,2.8204,2.818,2.8199
1760106720,2.8199,2.8202,2.8177,2.8199
1760106780,2.8199,2.8199,2.8179,2.8193
1760106840,2.8193,2.8229,2.8185,2.8228
1760106900,2.8228,2.8236,2.8204,2.8204
1760106960,2.8204,2.8209,2.8167,2.8186
1760107020,2.8186,2.8218,2.8186,2.8217
1760107080,2.8217,2.8217,2.819,2.82
1760107140,2.82,2.8211,2.8186,2.8193
1760107200,2.8193,2.8208,2.8184,2.8184
1760107260,2.8184,2.8184,2.8157,2.8159
1760107320,2.8159,2.8159,2.8117,2.8117
1760107380,2.8117,2.8163,2.8115,2.8144
1760107440,2.8144,2.8158,2.814,2.8148
1760107500,2.8148,2.8156,2.8131,2.8144
1760107560,2.8144,2.8144,2.8116,2.8117
1760107620,2.8117,2.8152,2.8117,2.8148
1760107680,2.8148,2.8168,2.8148,2.816
1760107740,2.816,2.8184,2.815,2.8174
1760107800,2.8174,2.8191,2.8162,2.8191
1760107860,2.8191,2.8195,2.8178,2.8186
1760107920,2.8186,2.8193,2.8163,2.8165
1760107980,2.8165,2.818,2.816,2.8178
1760108040,2.8178,2.8178,2.8116,2.8131
1760108100,2.8131,2.8153,2.8129,2.8141
1760108160,2.8141,2.8147,2.8132,2.814
1760108220,2.814,2.8145,2.7984,2.7986
1760108280,2.7986,2.8078,2.7924,2.7995
1760108340,2.7995,2.8046,2.7966,2.7989
1760108400,2.7989,2.8013,2.7924,2.7942
1760108460,2.7942,2.7981,2.7883,2.7927
1760108520,2.7927,2.7927,2.7832,2.7916
1760108580,2.7916,2.7968,2.7864,2.7895
1760108640,2.7895,2.7901,2.7783,2.7848
1760108700,2.7848,2.7886,2.7797,2.7881
1760108760,2.7881,2.7967,2.7846,2.7905
1760108820,2.7905,2.7946,2.7883,2.7938
1760108880,2.7938,2.795,2.7868,2.7875
1760108940,2.7875,2.7909,2.7855,2.7876
1760109000,2.7876,2.797,2.7864,2.7966
1760109060,2.7966,2.8008,2.7966,2.7972
1760109120,2.7972,2.7981,2.7935,2.7952
1760109180,2.7952,2.7974,2.7927,2.7957
1760109240,2.7957,2.7974,2.7927,2.7927
1760109300,2.7927,2.7969,2.7918,2.796
1760109360,2.796,2.7966,2.7864,2.7875
1760109420,2.7875,2.7883,2.7773,2.7823
1760109480,2.7823,2.7841,2.7755,2.779
1760109540,2.779,2.7794,2.7749,2.777
1760109600,2.777,2.7775,2.7689,2.7721
1760109660,2.7721,2.7721,2.7519,2.757
1760109720,2.757,2.7657,2.7506,2.7628
1760109780,2.7628,2.7649,2.7525,2.7563
1760109840,2.7563,2.7582,2.7432,2.7519
1760109900,2.7519,2.7537,2.7426,2.7515
1760109960,2.7515,2.757,2.7466,2.7477
1760110020,2.7477,2.7596,2.7472,2.7586
1760110080,2.7586,2.7593,2.7492,2.75
1760110140,2.75,2.7506,2.7456,2.7471
1760110200,2.7471,2.7473,2.7217,2.7302
1760110260,2.7302,2.7367,2.7121,2.7231
1760110320,2.7231,2.7359,2.7218,2.723
1760110380,2.723,2.7312,2.7217,2.723
1760110440,2.723,2.724,2.711,2.7218
1760110500,2.7218,2.729,2.7205,2.725
1760110560,2.725,2.7305,2.7207,2.7298
1760110620,2.7298,2.7365,2.7255,2.7363
1760110680,2.7363,2.7419,2.735,2.7366
1760110740,2.7366,2.7431,2.7361,2.7386
1760110800,2.7386,2.7399,2.7283,2.731
1760110860,2.731,2.7371,2.7264,2.7369
1760110920,2.7369,2.7408,2.7322,2.7408
1760110980,2.7408,2.7488,2.7395,2.7488
1760111040,2.7488,2.7558,2.7483,2.7556
1760111100,2.7556,2.756,2.747,2.7485
1760111160,2.7485,2.7543,2.7469,2.7521
1760111220,2.7521,2.7521,2.7474,2.7506
1760111280,2.7506,2.7536,2.7473,2.7531
1760111340,2.7531,2.7539,2.7468,2.7485
1760111400,2.7485,2.75,2.7449,2.7499
1760111460,2.7499,2.7533,2.7469,2.7473
1760111520,2.7473,2.7493,2.7438,2.7438
1760111580,2.7438,2.7447,2.7407,2.7421
1760111640,2.7421,2.7464,2.7407,2.7456
1760111700,2.7456,2.7458,2.7367,2.7384
1760111760,2.7384,2.7396,2.7322,2.7356
1760111820,2.7356,2.7393,2.7325,2.739
1760111880,2.739,2.7449,2.7365,2.7439
1760111940,2.7439,2.7449,2.7371,2.7403
1760112000,2.7403,2.741,2.7328,2.7341
1760112060,2.7341,2.7389,2.7322,2.7362
1760112120,2.7362,2.7386,2.7317,2.7321
1760112180,2.7321,2.7374,2.7304,2.7352
1760112240,2.7352,2.7367,2.7313,2.7356
1760112300,2.7356,2.7422,2.7351,2.7403
1760112360,2.7403,2.741,2.736,2.7376
1760112420,2.7376,2.7404,2.7359,2.7387
1760112480,2.7387,2.7484,2.7385,2.7483
1760112540,2.7483,2.7498,2.747,2.7478
1760112600,2.7478,2.7488,2.7439,2.7439
1760112660,2.7439,2.7482,2.7425,2.7477
1760112720,2.7477,2.7479,2.7389,2.739
1760112780,2.739,2.7419,2.7373,2.7387
1760112840,2.7387,2.7404,2.7369,2.737
1760112900,2.737,2.7392,2.7351,2.7364
1760112960,2.7364,2.7384,2.7319,2.7323
1760113020,2.7323,2.7323,2.7276,2.7283
1760113080,2.7283,2.7311,2.7276,2.7308
1760113140,2.7308,2.7344,2.7284,2.7328
1760113200,2.7328,2.7338,2.7301,2.7314
1760113260,2.7314,2.7385,2.7301,2.7372
1760113320,2.7372,2.7417,2.7369,2.7404
1760113380,2.7404,2.7472,2.7403,2.7464
1760113440,2.7464,2.7499,2.7458,2.7486
1760113500,2.7486,2.7486,2.7457,2.7458
1760113560,2.7458,2.7487,2.7457,2.7464
1760113620,2.7464,2.7483,2.7456,2.7463
1760113680,2.7463,2.7475,2.7457,2.7462
1760113740,2.7462,2.7463,2.7421,2.7429
1760113800,2.7429,2.7441,2.7392,2.7395
1760113860,2.7395,2.7448,2.7366,2.7434
1760113920,2.7434,2.7491,2.743,2.7466
1760113980,2.7466,2.7536,2.7466,2.7518
1760114040,2.7518,2.7528,2.7488,2.7498
1760114100,2.7498,2.7522,2.7484,2.7509
1760114160,2.7509,2.757,2.7504,2.7566
1760114220,2.7566,2.7566,2.7551,2.7562
1760114280,2.7562,2.7562,2.7534,2.7562
1760114340,2.7562,2.7632,2.7555,2.7627
1760114400,2.7627,2.7632,2.7557,2.7557
1760114460,2.7557,2.7561,2.7512,2.7525
1760114520,2.7525,2.7525,2.7485,2.7487
1760114580,2.7487,2.7504,2.748,2.748
1760114640,2.748,2.7483,2.7457,2.7476
1760114700,2.7476,2.7476,2.7313,2.7346
1760114760,2.7346,2.738,2.7336,2.7379
1760114820,2.7379,2.7396,2.7344,2.7344
1760114880,2.7344,2.7351,2.7319,2.7327
1760114940,2.7327,2.7341,2.729,2.7304
1760115000,2.7304,2.732,2.7281,2.7308
1760115060,2.7308,2.733,2.7305,2.7315
1760115120,2.7315,2.7336,2.7291,2.7308
1760115180,2.7308,2.731,2.7258,2.7259
1760115240,2.7259,2.7305,2.7259,2.7304
1760115300,2.7304,2.7326,2.7279,2.731
1760115360,2.731,2.7332,2.7292,2.7307
1760115420,2.7307,2.7319,2.7277,2.729
1760115480,2.729,2.7299,2.7272,2.7279
1760115540,2.7279,2.7298,2.7261,2.7281
1760115600,2.7281,2.7321,2.7256,2.7283
1760115660,2.7283,2.7292,2.7251,2.7266
1760115720,2.7266,2.7272,2.7216,2.7224
1760115780,2.7224,2.7248,2.7207,2.7238
1760115840,2.7238,2.7246,2.7204,2.7212
1760115900,2.7212,2.7219,2.7154,2.7172
1760115960,2.7172,2.7219,2.7168,2.7212
1760116020,2.7212,2.7213,2.7162,2.7175
1760116080,2.7175,2.721,2.717,2.7186
1760116140,2.7186,2.7194,2.7163,2.7192
1760116200,2.7192,2.7201,2.7112,2.7123
1760116260,2.7123,2.7189,2.7114,2.7183
1760116320,2.7183,2.7229,2.718,2.72
1760116380,2.72,2.7212,2.7157,2.7158
1760116440,2.7158,2.7175,2.7142,2.7172
1760116500,2.7172,2.7219,2.7172,2.7191
1760116560,2.7191,2.7223,2.7183,2.7223
1760116620,2.7223,2.7246,2.7208,2.7225
1760116680,2.7225,2.7267,2.7225,2.7237
1760116740,2.7237,2.7255,2.7215,2.725
1760116800,2.725,2.725,2.7162,2.7163
1760116860,2.7163,2.7212,2.7155,2.7208
1760116920,2.7208,2.7261,2.7202,2.7257
1760116980,2.7257,2.7296,2.7257,2.7284
1760117040,2.7284,2.7292,2.7253,2.7253
1760117100,2.7253,2.7268,2.7239,2.7253
1760117160,2.7253,2.7265,2.7223,2.7234
1760117220,2.7234,2.7265,2.7225,2.7258
1760117280,2.7258,2.7292,2.7249,2.7292
1760117340,2.7292,2.7292,2.7246,2.7281
1760117400,2.7281,2.7295,2.7258,2.7266
1760117460,2.7266,2.7292,2.726,2.7281
1760117520,2.7281,2.7281,2.7242,2.7261
1760117580,2.7261,2.7275,2.7242,2.7242
1760117640,2.7242,2.7264,2.7239,2.7244
1760117700,2.7244,2.725,2.7206,2.7211
1760117760,2.7211,2.7217,2.719,2.7216
1760117820,2.7216,2.7229,2.7192,2.7219
1760117880,2.7219,2.7219,2.7157,2.716
1760117940,2.716,2.7161,2.7138,2.7151
1760118000,2.7151,2.7151,2.7084,2.7137
1760118060,2.7137,2.7174,2.7127,2.7163
1760118120,2.7163,2.7188,2.7155,2.718
1760118180,2.718,2.718,2.7147,2.7173
1760118240,2.7173,2.7193,2.7169,2.7173
1760118300,2.7173,2.7191,2.7142,2.7144
1760118360,2.7144,2.7151,2.7094,2.7151
1760118420,2.7151,2.7174,2.7135,2.7174
1760118480,2.7174,2.7244,2.7174,2.724
1760118540,2.724,2.7243,2.7193,2.7206
1760118600,2.7206,2.7213,2.716,2.7165
1760118660,2.7165,2.7189,2.7161,2.7189
1760118720,2.7189,2.7192,2.7157,2.7165
1760118780,2.7165,2.7204,2.7162,2.7203
1760118840,2.7203,2.7204,2.7169,2.7174
1760118900,2.7174,2.7229,2.7165,2.7213
1760118960,2.7213,2.7213,2.7183,2.7191
1760119020,2.7191,2.7215,2.7181,2.7206
1760119080,2.7206,2.7239,2.7201,2.7233
1760119140,2.7233,2.7233,2.7212,2.7221
1760119200,2.7221,2.7227,2.7167,2.7178
1760119260,2.7178,2.7179,2.7151,2.7165
1760119320,2.7165,2.7214,2.7163,2.7206
1760119380,2.7206,2.7209,2.7157,2.7171
1760119440,2.7171,2.7202,2.7171,2.7187
1760119500,2.7187,2.7211,2.7185,2.7191
1760119560,2.7191,2.7241,2.718,2.718
1760119620,2.718,2.72,2.714,2.72
1760119680,2.72,2.7229,2.7192,2.7196
1760119740,2.7196,2.7197,2.717,2.7193
1760119800,2.7193,2.7212,2.7183,2.7212
1760119860,2.7212,2.7212,2.716,2.7165
1760119920,2.7165,2.7182,2.7155,2.7175
1760119980,2.7175,2.7177,2.7151,2.7166
1760120040,2.7166,2.7208,2.7161,2.7202
1760120100,2.7202,2.7212,2.7185,2.7204
1760120160,2.7204,2.7232,2.7204,2.7215
1760120220,2.7215,2.7224,2.7187,2.7195
1760120280,2.7195,2.72,2.7152,2.7164
1760120340,2.7164,2.717,2.714,2.7164
1760120400,2.7164,2.722,2.7164,2.7215
1760120460,2.7215,2.7249,2.72,2.72
1760120520,2.72,2.7253,2.7183,2.7251
1760120580,2.7251,2.7251,2.7226,2.723
1760120640,2.723,2.726,2.7215,2.7259
1760120700,2.7259,2.7293,2.7259,2.7288
1760120760,2.7288,2.7307,2.728,2.7297
1760120820,2.7297,2.7298,2.7275,2.7278
1760120880,2.7278,2.7281,2.7245,2.7261
1760120940,2.7261,2.7261,2.7233,2.7245
1760121000,2.7245,2.7257,2.7234,2.7241
1760121060,2.7241,2.7252,2.7228,2.7229
1760121120,2.7229,2.7232,2.7204,2.7221
1760121180,2.7221,2.7253,2.7219,2.7232
1760121240,2.7232,2.7232,2.7193,2.7194
1760121300,2.7194,2.7194,2.7171,2.7171
1760121360,2.7171,2.7175,2.7136,2.7136
1760121420,2.7136,2.7138,2.7081,2.7104
1760121480,2.7104,2.7111,2.7081,2.7085
1760121540,2.7085,2.7105,2.7062,2.707
1760121600,2.707,2.7111,2.7056,2.711
1760121660,2.711,2.7123,2.7077,2.7089
1760121720,2.7089,2.709,2.7051,2.7083
1760121780,2.7083,2.7098,2.7063,2.7077
1760121840,2.7077,2.7091,2.7057,2.7058
1760121900,2.7058,2.7131,2.7057,2.71
1760121960,2.71,2.7115,2.7078,2.7107
1760122020,2.7107,2.7109,2.7063,2.7069
1760122080,2.7069,2.7072,2.7018,2.7024
1760122140,2.7024,2.7092,2.7019,2.7091
1760122200,2.7091,2.7098,2.7072,2.7093
1760122260,2.7093,2.7101,2.7077,2.7096
1760122320,2.7096,2.7112,2.7067,2.7069
1760122380,2.7069,2.7084,2.7047,2.7075
1760122440,2.7075,2.7089,2.7062,2.7082
1760122500,2.7082,2.7091,2.707,2.7082
1760122560,2.7082,2.7096,2.7078,2.7086
1760122620,2.7086,2.7086,2.7068,2.7078
1760122680,2.7078,2.7081,2.7063,2.7069
1760122740,2.7069,2.707,2.7058,2.7062
1760122800,2.7062,2.7109,2.706,2.7081
1760122860,2.7081,2.7081,2.7034,2.7064
1760122920,2.7064,2.709,2.7058,2.709
1760122980,2.709,2.7094,2.7071,2.7081
1760123040,2.7081,2.7081,2.7062,2.7074
1760123100,2.7074,2.7074,2.7012,2.7041
1760123160,2.7041,2.7047,2.7018,2.7047
1760123220,2.7047,2.7059,2.7041,2.7044
1760123280,2.7044,2.7044,2.6902,2.694
1760123340,2.694,2.6991,2.6901,2.6973
1760123400,2.6973,2.6994,2.6939,2.6994
1760123460,2.6994,2.7016,2.6911,2.6938
1760123520,2.6938,2.6964,2.6912,2.6956
1760123580,2.6956,2.6977,2.6946,2.6955
1760123640,2.6955,2.6972,2.692,2.6926
1760123700,2.6926,2.6927,2.684,2.6901
1760123760,2.6901,2.6916,2.6864,2.6887
1760123820,2.6887,2.6926,2.6872,2.6906
1760123880,2.6906,2.6918,2.6872,2.6883
1760123940,2.6883,2.6887,2.6853,2.6861
1760124000,2.6861,2.6867,2.6712,2.6719
1760124060,2.6719,2.6817,2.6705,2.6758
1760124120,2.6758,2.6827,2.6709,2.6825
1760124180,2.6825,2.6825,2.6752,2.6792
1760124240,2.6792,2.6853,2.6789,2.6853
1760124300,2.6853,2.6939,2.6853,2.6904
1760124360,2.6904,2.6957,2.6902,2.6904
1760124420,2.6904,2.6925,2.6832,2.6832
1760124480,2.6832,2.6836,2.6713,2.676
1760124540,2.676,2.6776,2.6333,2.6341
1760124600,2.6341,2.6687,2.6298,2.6662
1760124660,2.6662,2.672,2.664,2.6667
1760124720,2.6667,2.6706,2.6613,2.6629
1760124780,2.6629,2.663,2.6505,2.6558
1760124840,2.6558,2.6627,2.6544,2.6623
1760124900,2.6623,2.663,2.6558,2.6624
1760124960,2.6624,2.6643,2.6581,2.6639
1760125020,2.6639,2.6658,2.6613,2.6633
1760125080,2.6633,2.67,2.663,2.6649
1760125140,2.6649,2.6665,2.6622,2.6651
1760125200,2.6651,2.6697,2.6638,2.6657
1760125260,2.6657,2.6781,2.6647,2.6776
1760125320,2.6776,2.6787,2.6715,2.6765
1760125380,2.6765,2.6804,2.6745,2.6772
1760125440,2.6772,2.6833,2.6761,2.6824
1760125500,2.6824,2.685,2.6809,2.6831
1760125560,2.6831,2.6838,2.6781,2.6789
1760125620,2.6789,2.6874,2.6789,2.6867
1760125680,2.6867,2.6913,2.6862,2.6912
1760125740,2.6912,2.6923,2.6866,2.6887
1760125800,2.6887,2.689,2.6815,2.6824
1760125860,2.6824,2.684,2.6797,2.6802
1760125920,2.6802,2.685,2.6796,2.6802
1760125980,2.6802,2.6838,2.6775,2.6783
1760126040,2.6783,2.6792,2.6738,2.6748
1760126100,2.6748,2.6758,2.6715,2.6757
1760126160,2.6757,2.6762,2.6733,2.6752
1760126220,2.6752,2.6785,2.6742,2.6769
1760126280,2.6769,2.6788,2.6737,2.6786
1760126340,2.6786,2.6787,2.6707,2.6748
1760126400,2.6748,2.6758,2.6718,2.672
1760126460,2.672,2.679,2.6706,2.6766
1760126520,2.6766,2.6803,2.6742,2.6798
1760126580,2.6798,2.6811,2.6769,2.6798
1760126640,2.6798,2.6872,2.6788,2.6864
1760126700,2.6864,2.6865,2.6822,2.6853
1760126760,2.6853,2.6893,2.6846,2.6882
1760126820,2.6882,2.6883,2.6846,2.6866
1760126880,2.6866,2.6884,2.685,2.6856
1760126940,2.6856,2.6856,2.6831,2.6832
1760127000,2.6832,2.6857,2.6816,2.6857
1760127060,2.6857,2.6873,2.6843,2.6872
1760127120,2.6872,2.6948,2.687,2.6944
1760127180,2.6944,2.695,2.6908,2.6932
1760127240,2.6932,2.6932,2.6904,2.6904
1760127300,2.6904,2.6923,2.6888,2.6922
1760127360,2.6922,2.694,2.6906,2.6919
1760127420,2.6919,2.693,2.6857,2.6861
1760127480,2.6861,2.6871,2.6837,2.6851
1760127540,2.6851,2.6865,2.6843,2.6851
1760127600,2.6851,2.6851,2.6827,2.6834
1760127660,2.6834,2.685,2.6815,2.6826
1760127720,2.6826,2.6847,2.6819,2.6833
1760127780,2.6833,2.6874,2.6829,2.687
1760127840,2.687,2.6884,2.686,2.6872
1760127900,2.6872,2.6888,2.6858,2.6882
1760127960,2.6882,2.6897,2.6868,2.6897
1760128020,2.6897,2.6936,2.6895,2.6919
1760128080,2.6919,2.6944,2.6907,2.6921
1760128140,2.6921,2.6945,2.6913,2.6945
1760128200,2.6945,2.6945,2.6884,2.6888
1760128260,2.6888,2.6888,2.6856,2.688
1760128320,2.688,2.6895,2.6859,2.6875
1760128380,2.6875,2.6894,2.6859,2.6885
1760128440,2.6885,2.6897,2.6862,2.6893
1760128500,2.6893,2.6899,2.6867,2.6899
1760128560,2.6899,2.6904,2.6877,2.6889
1760128620,2.6889,2.6889,2.6853,2.6862
1760128680,2.6862,2.6904,2.6855,2.6888
1760128740,2.6888,2.6918,2.6888,2.6898
1760128800,2.6898,2.6924,2.6892,2.69
1760128860,2.69,2.693,2.6896,2.692
1760128920,2.692,2.6929,2.6912,2.6922
1760128980,2.6922,2.6959,2.6916,2.6947
1760129040,2.6947,2.6956,2.6918,2.6928
1760129100,2.6928,2.695,2.6926,2.6927
1760129160,2.6927,2.6935,2.6902,2.6908
1760129220,2.6908,2.6944,2.6902,2.6941
1760129280,2.6941,2.6946,2.6908,2.6927
1760129340,2.6927,2.6934,2.6917,2.6931
1760129400,2.6931,2.6931,2.671,2.6757
1760129460,2.6757,2.6805,2.6671,2.6732
1760129520,2.6732,2.6749,2.6503,2.6565
1760129580,2.6565,2.6676,2.638,2.6408
1760129640,2.6408,2.6547,2.6359,2.6477
1760129700,2.6477,2.65,2.6154,2.6192
1760129760,2.6192,2.6236,2.5099,2.5725
1760129820,2.5725,2.579,2.555,2.5749
1760129880,2.5749,2.5809,2.5233,2.5263
1760129940,2.5263,2.5445,2.395,2.4903
1760130000,2.4903,2.4986,2.4348,2.4543
1760130060,2.4543,2.5049,2.4543,2.5003
1760130120,2.5003,2.5224,2.4877,2.5154
1760130180,2.5154,2.5317,2.5102,2.5197
1760130240,2.5197,2.5419,2.5157,2.5407
1760130300,2.5407,2.5455,2.53,2.5369
1760130360,2.5369,2.5453,2.5309,2.5344
1760130420,2.5344,2.5448,2.5319,2.5331
1760130480,2.5331,2.5366,2.5221,2.5293
1760130540,2.5293,2.5489,2.5293,2.5388
1760130600,2.5388,2.5485,2.5284,2.5329
1760130660,2.5329,2.5362,2.5113,2.5131
1760130720,2.5131,2.5236,2.452,2.4524
1760130780,2.4524,2.4545,2.2577,2.3367
1760130840,2.3367,2.3711,2.1773,2.2884
1760130900,2.2884,2.3167,2.1914,2.1964
1760130960,2.1964,2.215,2.128,2.1353
1760131020,2.1353,2.1956,2.05,2.1682
1760131080,2.1682,2.1762,1.867,1.8903
1760131140,1.8903,1.9303,1.5,1.5287
1760131200,1.5287,1.5513,1.302,1.3383
1760131260,1.3383,1.6788,1.1652,1.6466
1760131320,1.6466,1.685,1.4416,1.6642
1760131380,1.6642,1.8996,1.6517,1.8404
1760131440,1.8404,1.9289,1.7889,1.8678
1760131500,1.8678,1.9059,1.6104,1.7593
1760131560,1.7593,1.8355,1.726,1.7917
1760131620,1.7917,1.8274,1.7235,1.732
1760131680,1.732,1.8281,1.7283,1.8276
1760131740,1.8276,1.948,1.81,1.9428
1760131800,1.9428,2.0117,1.9242,1.9527
1760131860,1.9527,1.9879,1.9407,1.9505
1760131920,1.9505,2.026,1.942,1.9789
1760131980,1.9789,2.0164,1.9086,1.9943
1760132040,1.9943,1.9947,1.9726,1.9947
1760132100,1.9947,1.9947,1.98,1.9924
1760132160,1.9924,1.9947,1.9663,1.9751
1760132220,1.9751,1.9912,1.9618,1.9831
1760132280,1.9831,1.9881,1.9408,1.9659
1760132340,1.9659,1.9822,1.9645,1.9821
1760132400,1.9821,2.0351,1.9797,2.0292
1760132460,2.0292,2.1255,2.0285,2.1218
1760132520,2.1218,2.1586,2.109,2.1352
1760132580,2.1352,2.1929,2.1332,2.1872
1760132640,2.1872,2.2714,2.1826,2.2658
1760132700,2.2658,2.2992,2.2373,2.2855
1760132760,2.2855,2.3609,2.2685,2.3452
1760132820,2.3452,2.3481,2.136,2.1784
1760132880,2.1784,2.2464,2.1741,2.234
1760132940,2.234,2.2431,2.1872,2.2337
1760133000,2.2337,2.236,2.17,2.2216
1760133060,2.2216,2.298,2.2131,2.287
1760133120,2.287,2.32,2.2301,2.3143
1760133180,2.3143,2.3158,2.2452,2.259
1760133240,2.259,2.3095,2.253,2.276
1760133300,2.276,2.3034,2.2567,2.2787
1760133360,2.2787,2.2999,2.2576,2.2711
1760133420,2.2711,2.2896,2.2245,2.2767
1760133480,2.2767,2.29,2.2411,2.2515
1760133540,2.2515,2.2706,2.2231,2.24
1760133600,2.24,2.2491,2.1512,2.1816
1760133660,2.1816,2.185,2.1512,2.1698
1760133720,2.1698,2.185,2.161,2.1788
1760133780,2.1788,2.185,2.1515,2.175
1760133840,2.175,2.183,2.1512,2.1623
1760133900,2.1623,2.1683,2.0262,2.0338
1760133960,2.0338,2.1085,2.0195,2.1001
1760134020,2.1001,2.1459,2.0832,2.1262
1760134080,2.1262,2.185,2.1119,2.1773
1760134140,2.1773,2.185,2.1441,2.1825
1760134200,2.1825,2.185,2.1603,2.1807
1760134260,2.1807,2.2256,2.1788,2.2194
1760134320,2.2194,2.2356,2.19,2.2159
1760134380,2.2159,2.2676,2.2121,2.2509
1760134440,2.2509,2.303,2.2453,2.2965
1760134500,2.2965,2.298,2.2567,2.2736
1760134560,2.2736,2.2908,2.2506,2.2831
1760134620,2.2831,2.2908,2.2646,2.2756
1760134680,2.2756,2.2894,2.2524,2.2717
1760134740,2.2717,2.2798,2.2455,2.2638
1760134800,2.2638,2.2753,2.2455,2.2542
1760134860,2.2542,2.2656,2.2432,2.2588
1760134920,2.2588,2.2663,2.222,2.2346
1760134980,2.2346,2.2468,2.19,2.2147
1760135040,2.2147,2.2305,2.2026,2.2168
1760135100,2.2168,2.2242,2.19,2.2096
1760135160,2.2096,2.2228,2.17,2.1754
1760135220,2.1754,2.2005,2.162,2.1876
1760135280,2.1876,2.2084,2.1756,2.2014
1760135340,2.2014,2.2357,2.1933,2.2285
1760135400,2.2285,2.2426,2.2,2.2159
1760135460,2.2159,2.2424,2.2118,2.2221
1760135520,2.2221,2.2303,2.2062,2.2146
1760135580,2.2146,2.2226,2.1874,2.1954
1760135640,2.1954,2.2368,2.1944,2.2323
1760135700,2.2323,2.2568,2.2259,2.2474
1760135760,2.2474,2.256,2.2296,2.2408
1760135820,2.2408,2.2635,2.2233,2.2583
1760135880,2.2583,2.2764,2.2276,2.2337
1760135940,2.2337,2.2463,2.2208,2.2341
1760136000,2.2341,2.2696,2.228,2.2613
1760136060,2.2613,2.2729,2.2372,2.2427
1760136120,2.2427,2.25,2.22,2.246
1760136180,2.246,2.2505,2.2275,2.2358
1760136240,2.2358,2.2464,2.221,2.2361
1760136300,2.2361,2.2525,2.2159,2.2262
1760136360,2.2262,2.2452,2.2133,2.2326
1760136420,2.2326,2.2957,2.2289,2.2882
1760136480,2.2882,2.3123,2.2845,2.2976
1760136540,2.2976,2.304,2.2852,2.2925
1760136600,2.2925,2.3135,2.2907,2.299
1760136660,2.299,2.3133,2.2901,2.3036
1760136720,2.3036,2.323,2.2977,2.3103
1760136780,2.3103,2.3174,2.2932,2.2968
1760136840,2.2968,2.3135,2.293,2.2945
1760136900,2.2945,2.296,2.28,2.2938
1760136960,2.2938,2.3036,2.2891,2.2924
1760137020,2.2924,2.3199,2.2875,2.311
1760137080,2.311,2.3189,2.3074,2.3131
1760137140,2.3131,2.33,2.3109,2.3279
1760137200,2.3279,2.3281,2.3,2.3115
1760137260,2.3115,2.3269,2.311,2.311
1760137320,2.311,2.3234,2.303,2.3085
1760137380,2.3085,2.32,2.3071,2.32
1760137440,2.32,2.32,2.3025,2.3132
1760137500,2.3132,2.318,2.3066,2.3102
1760137560,2.3102,2.3169,2.2959,2.3069
1760137620,2.3069,2.3142,2.3,2.3135
1760137680,2.3135,2.32,2.306,2.3148
1760137740,2.3148,2.316,2.2921,2.2945
1760137800,2.2945,2.3058,2.2857,2.2925
1760137860,2.2925,2.3042,2.2849,2.2986
1760137920,2.2986,2.3132,2.2932,2.3084
1760137980,2.3084,2.3228,2.3082,2.3177
1760138040,2.3177,2.3318,2.3168,2.3296
1760138100,2.3296,2.3349,2.3264,2.3349
1760138160,2.3349,2.3391,2.3304,2.3364
1760138220,2.3364,2.3421,2.3309,2.3366
1760138280,2.3366,2.3566,2.334,2.3464
1760138340,2.3464,2.36,2.346,2.3535
1760138400,2.3535,2.3673,2.35,2.3559
1760138460,2.3559,2.3597,2.3233,2.3525
1760138520,2.3525,2.3652,2.241,2.3345
1760138580,2.3345,2.3565,2.3345,2.3494
1760138640,2.3494,2.3685,2.349,2.3566
1760138700,2.3566,2.3711,2.3555,2.361
1760138760,2.361,2.3711,2.3583,2.3636
1760138820,2.3636,2.3734,2.36,2.3611
1760138880,2.3611,2.3735,2.3608,2.3723
1760138940,2.3723,2.3802,2.3705,2.379
1760139000,2.379,2.3856,2.3716,2.3718
1760139060,2.3718,2.388,2.3704,2.387
1760139120,2.387,2.388,2.3773,2.3824
1760139180,2.3824,2.3904,2.3791,2.3904
1760139240,2.3904,2.3999,2.3898,2.3966
1760139300,2.3966,2.4165,2.3952,2.4126
1760139360,2.4126,2.421,2.4108,2.4183
1760139420,2.4183,2.435,2.4167,2.42
1760139480,2.42,2.426,2.4148,2.4224
1760139540,2.4224,2.433,2.4119,2.4262
1760139600,2.4262,2.4278,2.392,2.418
1760139660,2.418,2.4271,2.4056,2.4229
1760139720,2.4229,2.4383,2.4196,2.4344
1760139780,2.4344,2.442,2.4179,2.4328
1760139840,2.4328,2.4375,2.4288,2.4345
1760139900,2.4345,2.465,2.4301,2.4435
1760139960,2.4435,2.447,2.4309,2.4327
1760140020,2.4327,2.4342,2.4168,2.4195
1760140080,2.4195,2.4212,2.4075,2.4135
1760140140,2.4135,2.4174,2.3867,2.3922
1760140200,2.3922,2.4032,2.3915,2.396
1760140260,2.396,2.4023,2.39,2.396
1760140320,2.396,2.3966,2.3775,2.384
1760140380,2.384,2.387,2.3659,2.372
1760140440,2.372,2.3782,2.3601,2.3698
1760140500,2.3698,2.374,2.3565,2.3645
1760140560,2.3645,2.3652,2.3466,2.3474
1760140620,2.3474,2.3681,2.3419,2.3618
1760140680,2.3618,2.3734,2.358,2.3683
1760140740,2.3683,2.3737,2.3618,2.3717
1762128000,2.5253,2.5264,2.5223,2.5225
1762128060,2.5225,2.525,2.5225,2.5248
1762128120,2.5248,2.5248,2.5228,2.5239
1762128180,2.5239,2.5241,2.5227,2.5236
1762128240,2.5236,2.5267,2.5235,2.526
1762128300,2.526,2.5309,2.526,2.5298
1762128360,2.5298,2.5315,2.5281,2.5281
1762128420,2.5281,2.5296,2.5279,2.5279
1762128480,2.5279,2.5289,2.5269,2.527
1762128540,2.527,2.5306,2.5269,2.5306
1762128600,2.5306,2.5308,2.5272,2.5273
1762128660,2.5273,2.5273,2.5255,2.5266
1762128720,2.5266,2.5277,2.5254,2.5257
1762128780,2.5257,2.5267,2.5251,2.5265
1762128840,2.5265,2.5287,2.5256,2.5279
1762128900,2.5279,2.5294,2.5267,2.5289
1762128960,2.5289,2.529,2.5269,2.5286
1762129020,2.5286,2.5289,2.5272,2.5277
1762129080,2.5277,2.5293,2.5277,2.5277
1762129140,2.5277,2.5278,2.5258,2.5258
1762129200,2.5258,2.5269,2.5237,2.5238
1762129260,2.5238,2.5238,2.5195,2.5205
1762129320,2.5205,2.5232,2.5205,2.5229
1762129380,2.5229,2.5229,2.5208,2.5208
1762129440,2.5208,2.5229,2.5208,2.5209
1762129500,2.5209,2.5215,2.5201,2.5206
1762129560,2.5206,2.5206,2.5165,2.5171
1762129620,2.5171,2.5182,2.517,2.5175
1762129680,2.5175,2.5184,2.5172,2.5175
1762129740,2.5175,2.5182,2.5166,2.5171
1762129800,2.5171,2.5173,2.5157,2.5157
1762129860,2.5157,2.5165,2.5139,2.5139
1762129920,2.5139,2.516,2.5139,2.5147
1762129980,2.5147,2.5152,2.5126,2.5139
1762130040,2.5139,2.514,2.5125,2.5128
1762130100,2.5128,2.5147,2.5128,2.5138
1762130160,2.5138,2.5141,2.5133,2.5136
1762130220,2.5136,2.5141,2.513,2.5141
1762130280,2.5141,2.5154,2.5138,2.5151
1762130340,2.5151,2.5154,2.5139,2.5144
1762130400,2.5144,2.5154,2.5136,2.5136
1762130460,2.5136,2.5147,2.513,2.5134
1762130520,2.5134,2.5141,2.5131,2.5139
1762130580,2.5139,2.5139,2.5109,2.5117
1762130640,2.5117,2.5119,2.5113,2.5118
1762130700,2.5118,2.5139,2.5118,2.513
1762130760,2.513,2.5131,2.5109,2.5109
1762130820,2.5109,2.5109,2.5076,2.508
1762130880,2.508,2.509,2.5067,2.5082
1762130940,2.5082,2.5082,2.5071,2.5071
1762131000,2.5071,2.5098,2.5071,2.5088
1762131060,2.5088,2.5089,2.5075,2.5078
1762131120,2.5078,2.508,2.5044,2.5045
1762131180,2.5045,2.5045,2.502,2.5028
1762131240,2.5028,2.5043,2.502,2.5038
1762131300,2.5038,2.5039,2.5,2.502
1762131360,2.502,2.5025,2.4989,2.5008
1762131420,2.5008,2.5019,2.5,2.5017
1762131480,2.5017,2.5017,2.4993,2.5014
1762131540,2.5014,2.503,2.5005,2.5005
1762131600,2.5005,2.5005,2.4956,2.4983
1762131660,2.4983,2.499,2.4956,2.4976
1762131720,2.4976,2.4983,2.4913,2.493
1762131780,2.493,2.4956,2.4924,2.4949
1762131840,2.4949,2.4965,2.4929,2.4957
1762131900,2.4957,2.4977,2.4957,2.4964
1762131960,2.4964,2.4986,2.4942,2.4949
1762132020,2.4949,2.4952,2.4921,2.4926
1762132080,2.4926,2.4962,2.492,2.4958
1762132140,2.4958,2.4979,2.4947,2.4974
1762132200,2.4974,2.4994,2.4972,2.499
1762132260,2.499,2.499,2.4978,2.4984
1762132320,2.4984,2.4986,2.4966,2.4972
1762132380,2.4972,2.5,2.4972,2.4999
1762132440,2.4999,2.5001,2.4984,2.4993
1762132500,2.4993,2.501,2.4969,2.4973
1762132560,2.4973,2.4989,2.4935,2.4986
1762132620,2.4986,2.4996,2.4976,2.4978
1762132680,2.4978,2.4992,2.4965,2.498
1762132740,2.498,2.498,2.4945,2.4949
1762132800,2.4949,2.496,2.4935,2.4946
1762132860,2.4946,2.4972,2.4943,2.4949
1762132920,2.4949,2.4949,2.4909,2.492
1762132980,2.492,2.4921,2.4904,2.4917
1762133040,2.4917,2.4922,2.4902,2.4913
1762133100,2.4913,2.4913,2.4877,2.4889
1762133160,2.4889,2.4894,2.4876,2.4886
1762133220,2.4886,2.4915,2.4882,2.4905
1762133280,2.4905,2.4943,2.49,2.4927
1762133340,2.4927,2.4936,2.4912,2.4913
1762133400,2.4913,2.4933,2.4902,2.4932
1762133460,2.4932,2.4947,2.492,2.4937
1762133520,2.4937,2.4943,2.4932,2.494
1762133580,2.494,2.4958,2.4934,2.4934
1762133640,2.4934,2.4934,2.491,2.491
1762133700,2.491,2.491,2.4845,2.4854
1762133760,2.4854,2.4858,2.4805,2.4844
1762133820,2.4844,2.4859,2.483,2.484
1762133880,2.484,2.4929,2.4837,2.4929
1762133940,2.4929,2.4929,2.4892,2.4901
1762134000,2.4901,2.491,2.489,2.4906
1762134060,2.4906,2.4906,2.485,2.4856
1762134120,2.4856,2.4877,2.4851,2.4875
1762134180,2.4875,2.4896,2.4875,2.4895
1762134240,2.4895,2.4925,2.4894,2.4909
1762134300,2.4909,2.4975,2.4908,2.4972
1762134360,2.4972,2.4986,2.496,2.4985
1762134420,2.4985,2.5002,2.4944,2.4944
1762134480,2.4944,2.4948,2.4911,2.492
1762134540,2.492,2.493,2.4908,2.4928
1762134600,2.4928,2.4939,2.489,2.4894
1762134660,2.4894,2.4911,2.4878,2.4905
1762134720,2.4905,2.4912,2.4882,2.4893
1762134780,2.4893,2.4912,2.4893,2.4908
1762134840,2.4908,2.4913,2.4896,2.4911
1762134900,2.4911,2.4924,2.4911,2.4921
1762134960,2.4921,2.4921,2.4893,2.4907
1762135020,2.4907,2.4909,2.4899,2.4906
1762135080,2.4906,2.4929,2.4894,2.4916
1762135140,2.4916,2.493,2.4903,2.4903
1762135200,2.4903,2.4924,2.4897,2.4924
1762135260,2.4924,2.4936,2.4907,2.4907
1762135320,2.4907,2.4907,2.4888,2.4892
1762135380,2.4892,2.4892,2.4864,2.4868
1762135440,2.4868,2.4868,2.4842,2.4856
1762135500,2.4856,2.488,2.4849,2.4869
1762135560,2.4869,2.4869,2.4835,2.4835
1762135620,2.4835,2.4844,2.4812,2.4825
1762135680,2.4825,2.4882,2.4817,2.4877
1762135740,2.4877,2.4877,2.4844,2.485
1762135800,2.485,2.486,2.4838,2.4841
1762135860,2.4841,2.4854,2.4824,2.4824
1762135920,2.4824,2.4855,2.4816,2.4855
1762135980,2.4855,2.4898,2.4854,2.4896
1762136040,2.4896,2.4902,2.4868,2.4868
1762136100,2.4868,2.4868,2.4843,2.4851
1762136160,2.4851,2.4851,2.4812,2.4817
1762136220,2.4817,2.4823,2.4794,2.4811
1762136280,2.4811,2.4826,2.4808,2.482
1762136340,2.482,2.4836,2.481,2.4832
1762136400,2.4832,2.4856,2.4832,2.4852
1762136460,2.4852,2.4852,2.4827,2.485
1762136520,2.485,2.485,2.481,2.4813
1762136580,2.4813,2.4845,2.4813,2.4821
1762136640,2.4821,2.484,2.482,2.4839
1762136700,2.4839,2.4853,2.4821,2.4828
1762136760,2.4828,2.4834,2.4797,2.4798
1762136820,2.4798,2.4799,2.4602,2.4685
1762136880,2.4685,2.469,2.4648,2.4654
1762136940,2.4654,2.4659,2.4631,2.464
1762137000,2.464,2.464,2.4576,2.4587
1762137060,2.4587,2.4621,2.4508,2.4593
1762137120,2.4593,2.4626,2.454,2.4626
1762137180,2.4626,2.4628,2.456,2.4588
1762137240,2.4588,2.4636,2.4583,2.4608
1762137300,2.4608,2.4643,2.4579,2.4643
1762137360,2.4643,2.4654,2.4621,2.4654
1762137420,2.4654,2.4656,2.461,2.4619
1762137480,2.4619,2.4674,2.4579,2.4674
1762137540,2.4674,2.4675,2.464,2.464
1762137600,2.464,2.4673,2.464,2.4666
1762137660,2.4666,2.4692,2.4664,2.4681
1762137720,2.4681,2.4681,2.465,2.4667
1762137780,2.4667,2.469,2.4666,2.4678
1762137840,2.4678,2.4694,2.4673,2.4675
1762137900,2.4675,2.4684,2.4654,2.4657
1762137960,2.4657,2.4657,2.4611,2.4625
1762138020,2.4625,2.4632,2.4598,2.4632
1762138080,2.4632,2.467,2.4631,2.465
1762138140,2.465,2.4653,2.4629,2.4634
1762138200,2.4634,2.4662,2.4581,2.4616
1762138260,2.4616,2.4684,2.4615,2.468
1762138320,2.468,2.4698,2.4654,2.4654
1762138380,2.4654,2.4669,2.4653,2.4663
1762138440,2.4663,2.4687,2.4663,2.4687
1762138500,2.4687,2.4728,2.4682,2.4702
1762138560,2.4702,2.4711,2.4668,2.4672
1762138620,2.4672,2.4682,2.4643,2.4653
1762138680,2.4653,2.4676,2.4647,2.4676
1762138740,2.4676,2.4676,2.4585,2.4604
1762138800,2.4604,2.4629,2.4592,2.4614
1762138860,2.4614,2.4627,2.4601,2.4619
1762138920,2.4619,2.4644,2.4613,2.4622
1762138980,2.4622,2.4636,2.4609,2.4618
1762139040,2.4618,2.462,2.4581,2.4592
1762139100,2.4592,2.4604,2.4574,2.4585
1762139160,2.4585,2.4598,2.4535,2.457
1762139220,2.457,2.4587,2.4555,2.4563
1762139280,2.4563,2.457,2.4491,2.4541
1762139340,2.4541,2.4541,2.45,2.4512
1762139400,2.4512,2.4512,2.4428,2.4463
1762139460,2.4463,2.4472,2.443,2.445
1762139520,2.445,2.4479,2.4397,2.4477
1762139580,2.4477,2.4484,2.4413,2.4439
1762139640,2.4439,2.4446,2.4396,2.4423
1762139700,2.4423,2.4473,2.4414,2.4443
1762139760,2.4443,2.4471,2.4433,2.445
1762139820,2.445,2.4472,2.4435,2.4452
1762139880,2.4452,2.4508,2.4443,2.4488
1762139940,2.4488,2.4501,2.4437,2.4441
1762140000,2.4441,2.4465,2.4432,2.4451
1762140060,2.4451,2.4459,2.4425,2.4425
1762140120,2.4425,2.445,2.4412,2.4425
1762140180,2.4425,2.4446,2.4394,2.4403
1762140240,2.4403,2.4414,2.4385,2.4402
1762140300,2.4402,2.4404,2.4382,2.4383
1762140360,2.4383,2.44,2.4373,2.4387
1762140420,2.4387,2.4424,2.4368,2.4423
1762140480,2.4423,2.443,2.4404,2.4417
1762140540,2.4417,2.4422,2.4387,2.4397
1762140600,2.4397,2.4401,2.4315,2.4354
1762140660,2.4354,2.436,2.4294,2.4341
1762140720,2.4341,2.4347,2.4267,2.4318
1762140780,2.4318,2.4374,2.4313,2.4359
1762140840,2.4359,2.4379,2.4333,2.4349
1762140900,2.4349,2.439,2.4349,2.4374
1762140960,2.4374,2.4374,2.4339,2.4357
1762141020,2.4357,2.4377,2.4336,2.4374
1762141080,2.4374,2.4416,2.4367,2.438
1762141140,2.438,2.438,2.4346,2.4353
1762141200,2.4353,2.4378,2.4341,2.4357
1762141260,2.4357,2.438,2.4357,2.4363
1762141320,2.4363,2.4366,2.4346,2.4354
1762141380,2.4354,2.438,2.4349,2.4359
1762141440,2.4359,2.4374,2.4337,2.4347
1762141500,2.4347,2.4347,2.4291,2.43
1762141560,2.43,2.4314,2.4262,2.4268
1762141620,2.4268,2.4311,2.4264,2.4306
1762141680,2.4306,2.4325,2.4289,2.43
1762141740,2.43,2.43,2.4284,2.4287
1762141800,2.4287,2.4303,2.4276,2.4283
1762141860,2.4283,2.4291,2.4254,2.4269
1762141920,2.4269,2.43,2.4236,2.4298
1762141980,2.4298,2.43,2.4259,2.4272
1762142040,2.4272,2.4286,2.4261,2.4277
1762142100,2.4277,2.43,2.4271,2.4294
1762142160,2.4294,2.4294,2.425,2.4265
1762142220,2.4265,2.4298,2.4265,2.4286
1762142280,2.4286,2.4292,2.4265,2.427
1762142340,2.427,2.4287,2.4267,2.4279
1762142400,2.4279,2.428,2.4251,2.4273
1762142460,2.4273,2.4276,2.4243,2.4263
1762142520,2.4263,2.4292,2.4257,2.4273
1762142580,2.4273,2.4288,2.4257,2.426
1762142640,2.426,2.4265,2.4236,2.4238
1762142700,2.4238,2.4253,2.4186,2.4232
1762142760,2.4232,2.4235,2.4161,2.4162
1762142820,2.4162,2.4204,2.4144,2.4197
1762142880,2.4197,2.4279,2.4193,2.4271
1762142940,2.4271,2.4272,2.4242,2.4265
1762143000,2.4265,2.4297,2.4262,2.4277
1762143060,2.4277,2.4277,2.4234,2.4243
1762143120,2.4243,2.4259,2.423,2.4246
1762143180,2.4246,2.4282,2.4243,2.4264
1762143240,2.4264,2.4283,2.4263,2.4276
1762143300,2.4276,2.4315,2.4276,2.4291
1762143360,2.4291,2.4291,2.4259,2.4267
1762143420,2.4267,2.4267,2.4245,2.4257
1762143480,2.4257,2.4279,2.4242,2.4262
1762143540,2.4262,2.4267,2.4241,2.4251
1762143600,2.4251,2.428,2.4247,2.4259
1762143660,2.4259,2.428,2.424,2.4278
1762143720,2.4278,2.4305,2.426,2.43
1762143780,2.43,2.436,2.4299,2.4352
1762143840,2.4352,2.4358,2.4334,2.4335
1762143900,2.4335,2.4335,2.4318,2.4326
1762143960,2.4326,2.4338,2.4305,2.4337
1762144020,2.4337,2.4355,2.4336,2.4349
1762144080,2.4349,2.4377,2.4348,2.437
1762144140,2.437,2.4374,2.4336,2.4341
1762144200,2.4341,2.4343,2.4319,2.4322
1762144260,2.4322,2.4341,2.4312,2.433
1762144320,2.433,2.4346,2.4325,2.4331
1762144380,2.4331,2.4343,2.4326,2.4343
1762144440,2.4343,2.4367,2.4341,2.4359
1762144500,2.4359,2.4375,2.435,2.4369
1762144560,2.4369,2.4382,2.4349,2.4349
1762144620,2.4349,2.4349,2.4333,2.4349
1762144680,2.4349,2.4354,2.4327,2.4353
1762144740,2.4353,2.438,2.4351,2.4378
1762144800,2.4378,2.438,2.4361,2.4364
1762144860,2.4364,2.4365,2.4347,2.4363
1762144920,2.4363,2.4377,2.4361,2.4366
1762144980,2.4366,2.4372,2.4336,2.4337
1762145040,2.4337,2.4344,2.4325,2.4326
1762145100,2.4326,2.4345,2.4323,2.4339
1762145160,2.4339,2.4367,2.4334,2.4363
1762145220,2.4363,2.4363,2.434,2.4346
1762145280,2.4346,2.4369,2.434,2.4369
1762145340,2.4369,2.4394,2.4365,2.439
1762145400,2.439,2.443,2.4386,2.442
1762145460,2.442,2.4435,2.4418,2.4435
1762145520,2.4435,2.4452,2.4435,2.4447
1762145580,2.4447,2.4453,2.4433,2.4447
1762145640,2.4447,2.4463,2.4443,2.4452
1762145700,2.4452,2.4453,2.4443,2.4444
1762145760,2.4444,2.4444,2.4427,2.4429
1762145820,2.4429,2.4434,2.4411,2.4431
1762145880,2.4431,2.4433,2.4425,2.4432
1762145940,2.4432,2.446,2.4425,2.4446
1762146000,2.4446,2.4446,2.4433,2.4441
1762146060,2.4441,2.4456,2.4434,2.4445
1762146120,2.4445,2.4457,2.444,2.4445
1762146180,2.4445,2.4469,2.444,2.4448
1762146240,2.4448,2.4453,2.4434,2.4453
1762146300,2.4453,2.4492,2.4451,2.4486
1762146360,2.4486,2.4492,2.4481,2.449
1762146420,2.449,2.4499,2.4482,2.4484
1762146480,2.4484,2.4505,2.4483,2.4502
1762146540,2.4502,2.451,2.4497,2.451
1762146600,2.451,2.4513,2.4492,2.4506
1762146660,2.4506,2.4506,2.4482,2.4484
1762146720,2.4484,2.4484,2.4456,2.4466
1762146780,2.4466,2.45,2.4461,2.4491
1762146840,2.4491,2.4514,2.449,2.4499
1762146900,2.4499,2.4502,2.4486,2.4496
1762146960,2.4496,2.45,2.4462,2.4462
1762147020,2.4462,2.4465,2.4436,2.4446
1762147080,2.4446,2.4464,2.4445,2.4452
1762147140,2.4452,2.4465,2.4448,2.4462
1762147200,2.4462,2.448,2.4458,2.447
1762147260,2.447,2.4482,2.4464,2.4478
1762147320,2.4478,2.4509,2.4469,2.4495
1762147380,2.4495,2.4495,2.446,2.4465
1762147440,2.4465,2.448,2.4462,2.4467
1762147500,2.4467,2.4483,2.4448,2.4459
1762147560,2.4459,2.447,2.4451,2.4466
1762147620,2.4466,2.4466,2.4448,2.4455
1762147680,2.4455,2.4467,2.4448,2.4457
1762147740,2.4457,2.4457,2.4443,2.4443
1762147800,2.4443,2.4446,2.4428,2.4436
1762147860,2.4436,2.4449,2.4424,2.4446
1762147920,2.4446,2.4447,2.4429,2.4435
1762147980,2.4435,2.4437,2.4416,2.4425
1762148040,2.4425,2.4427,2.4405,2.4418
1762148100,2.4418,2.4432,2.4411,2.442
1762148160,2.442,2.442,2.4379,2.4392
1762148220,2.4392,2.4392,2.4379,2.4384
1762148280,2.4384,2.4384,2.4351,2.4357
1762148340,2.4357,2.4361,2.4341,2.4351
1762148400,2.4351,2.4353,2.4332,2.4346
1762148460,2.4346,2.4352,2.4323,2.4329
1762148520,2.4329,2.4338,2.4311,2.4327
1762148580,2.4327,2.4332,2.4312,2.4329
1762148640,2.4329,2.4329,2.4297,2.4317
1762148700,2.4317,2.4318,2.4291,2.4296
1762148760,2.4296,2.4316,2.4294,2.4311
1762148820,2.4311,2.4316,2.4303,2.4308
1762148880,2.4308,2.4309,2.4295,2.4306
1762148940,2.4306,2.4306,2.4273,2.4288
1762149000,2.4288,2.4309,2.4279,2.43
1762149060,2.43,2.4311,2.4282,2.4308
1762149120,2.4308,2.4318,2.4274,2.4287
1762149180,2.4287,2.4302,2.4277,2.4288
1762149240,2.4288,2.4289,2.4253,2.426
1762149300,2.426,2.4284,2.4258,2.4281
1762149360,2.4281,2.4293,2.4274,2.4288
1762149420,2.4288,2.4289,2.4276,2.4284
1762149480,2.4284,2.4296,2.4279,2.4287
1762149540,2.4287,2.4297,2.4284,2.4295
1762149600,2.4295,2.4301,2.4266,2.4301
1762149660,2.4301,2.4314,2.4281,2.4287
1762149720,2.4287,2.4312,2.4278,2.4305
1762149780,2.4305,2.4305,2.4285,2.4304
1762149840,2.4304,2.4311,2.4285,2.43
1762149900,2.43,2.4319,2.4295,2.4305
1762149960,2.4305,2.4309,2.4277,2.4281
1762150020,2.4281,2.4283,2.426,2.4267
1762150080,2.4267,2.4283,2.426,2.4283
1762150140,2.4283,2.4297,2.4242,2.4246
1762150200,2.4246,2.4246,2.4205,2.4206
1762150260,2.4206,2.4206,2.4139,2.4149
1762150320,2.4149,2.4166,2.4141,2.4148
1762150380,2.4148,2.4159,2.4117,2.414
1762150440,2.414,2.4161,2.414,2.4156
1762150500,2.4156,2.4169,2.4141,2.4167
1762150560,2.4167,2.4176,2.4159,2.4164
1762150620,2.4164,2.4209,2.4157,2.4208
1762150680,2.4208,2.4212,2.4175,2.4175
1762150740,2.4175,2.4177,2.415,2.4159
1762150800,2.4159,2.4189,2.4155,2.4179
1762150860,2.4179,2.4197,2.4162,2.4194
1762150920,2.4194,2.4194,2.4157,2.4161
1762150980,2.4161,2.418,2.4155,2.4179
1762151040,2.4179,2.4208,2.4176,2.4182
1762151100,2.4182,2.4202,2.418,2.4186
1762151160,2.4186,2.4186,2.4157,2.4161
1762151220,2.4161,2.4181,2.4159,2.4162
1762151280,2.4162,2.4175,2.416,2.4164
1762151340,2.4164,2.4172,2.4131,2.4143
1762151400,2.4143,2.4143,2.4111,2.4124
1762151460,2.4124,2.4124,2.4069,2.4096
1762151520,2.4096,2.4114,2.4075,2.4108
1762151580,2.4108,2.4123,2.4105,2.4111
1762151640,2.4111,2.4153,2.4111,2.4142
1762151700,2.4142,2.4184,2.4136,2.4183
1762151760,2.4183,2.4191,2.4172,2.4175
1762151820,2.4175,2.4199,2.4175,2.4181
1762151880,2.4181,2.4198,2.4175,2.4186
1762151940,2.4186,2.4186,2.4148,2.4154
1762152000,2.4154,2.4168,2.4117,2.4122
1762152060,2.4122,2.4122,2.4031,2.4062
1762152120,2.4062,2.4085,2.4061,2.4078
1762152180,2.4078,2.4078,2.4047,2.4058
1762152240,2.4058,2.4062,2.4035,2.4037
1762152300,2.4037,2.4039,2.4,2.4015
1762152360,2.4015,2.4021,2.3953,2.3967
1762152420,2.3967,2.3978,2.39,2.3914
1762152480,2.3914,2.3935,2.386,2.3922
1762152540,2.3922,2.3981,2.3914,2.3981
1762152600,2.3981,2.4035,2.3975,2.4034
1762152660,2.4034,2.4106,2.4026,2.4087
1762152720,2.4087,2.41,2.4066,2.4081
1762152780,2.4081,2.4081,2.4021,2.4043
1762152840,2.4043,2.4043,2.4009,2.4025
1762152900,2.4025,2.405,2.4013,2.4013
1762152960,2.4013,2.4018,2.4003,2.4016
1762153020,2.4016,2.4063,2.4013,2.406
1762153080,2.406,2.4093,2.4053,2.407
1762153140,2.407,2.4086,2.4058,2.407
1762153200,2.407,2.407,2.4023,2.4023
1762153260,2.4023,2.4045,2.4022,2.403
1762153320,2.403,2.4042,2.4004,2.4041
1762153380,2.4041,2.4059,2.4016,2.4034
1762153440,2.4034,2.4053,2.4005,2.4007
1762153500,2.4007,2.4052,2.4007,2.4026
1762153560,2.4026,2.4027,2.3971,2.3999
1762153620,2.3999,2.4017,2.3979,2.4006
1762153680,2.4006,2.4037,2.4004,2.4014
1762153740,2.4014,2.4044,2.4008,2.4042
1762153800,2.4042,2.4064,2.4033,2.4064
1762153860,2.4064,2.4064,2.4037,2.4043
1762153920,2.4043,2.4067,2.4035,2.4051
1762153980,2.4051,2.4086,2.4047,2.4077
1762154040,2.4077,2.408,2.4065,2.4073
1762154100,2.4073,2.4073,2.4052,2.4064
1762154160,2.4064,2.4092,2.4055,2.4088
1762154220,2.4088,2.4088,2.406,2.4085
1762154280,2.4085,2.4085,2.4057,2.4057
1762154340,2.4057,2.4064,2.4033,2.4036
1762154400,2.4036,2.4047,2.4018,2.4046
1762154460,2.4046,2.4046,2.4024,2.4036
1762154520,2.4036,2.4074,2.4034,2.4068
1762154580,2.4068,2.4123,2.4068,2.4117
1762154640,2.4117,2.4163,2.4109,2.4155
1762154700,2.4155,2.417,2.4144,2.4162
1762154760,2.4162,2.4165,2.4118,2.4129
1762154820,2.4129,2.4136,2.4114,2.4117
1762154880,2.4117,2.4125,2.4104,2.4109
1762154940,2.4109,2.4138,2.4103,2.4131
1762155000,2.4131,2.4131,2.4093,2.4093
1762155060,2.4093,2.4105,2.4086,2.4102
1762155120,2.4102,2.4128,2.4102,2.4123
1762155180,2.4123,2.4144,2.412,2.4139
1762155240,2.4139,2.416,2.4118,2.4119
1762155300,2.4119,2.414,2.4104,2.4135
1762155360,2.4135,2.4165,2.4121,2.4165
1762155420,2.4165,2.4167,2.4139,2.4145
1762155480,2.4145,2.4185,2.4145,2.4153
1762155540,2.4153,2.416,2.4143,2.4146
1762155600,2.4146,2.4155,2.413,2.4145
1762155660,2.4145,2.4159,2.4123,2.4123
1762155720,2.4123,2.4124,2.4105,2.4111
1762155780,2.4111,2.4127,2.4109,2.4122
1762155840,2.4122,2.4122,2.4078,2.4078
1762155900,2.4078,2.4093,2.4073,2.4091
1762155960,2.4091,2.411,2.4078,2.4106
1762156020,2.4106,2.4125,2.4104,2.4113
1762156080,2.4113,2.412,2.4098,2.4098
1762156140,2.4098,2.4116,2.4098,2.4107
1762156200,2.4107,2.4121,2.4106,2.4112
1762156260,2.4112,2.4135,2.4111,2.4135
1762156320,2.4135,2.4165,2.4135,2.4155
1762156380,2.4155,2.4169,2.415,2.4162
1762156440,2.4162,2.4174,2.4144,2.4144
1762156500,2.4144,2.4158,2.4142,2.4157
1762156560,2.4157,2.4185,2.415,2.4184
1762156620,2.4184,2.4185,2.4163,2.4163
1762156680,2.4163,2.4163,2.4132,2.4142
1762156740,2.4142,2.4142,2.4121,2.4124
1762156800,2.4124,2.4125,2.4093,2.4115
1762156860,2.4115,2.4156,2.4112,2.4149
1762156920,2.4149,2.4149,2.4125,2.4132
1762156980,2.4132,2.4144,2.4115,2.4137
1762157040,2.4137,2.4159,2.412,2.415
1762157100,2.415,2.4168,2.4145,2.4166
1762157160,2.4166,2.4196,2.4158,2.4183
1762157220,2.4183,2.4207,2.4174,2.4181
1762157280,2.4181,2.4184,2.4149,2.416
1762157340,2.416,2.4173,2.4154,2.4157
1762157400,2.4157,2.4185,2.4156,2.4177
1762157460,2.4177,2.4188,2.4172,2.4186
1762157520,2.4186,2.4191,2.4173,2.4174
1762157580,2.4174,2.4184,2.4163,2.4167
1762157640,2.4167,2.417,2.4148,2.4152
1762157700,2.4152,2.4153,2.41,2.4121
1762157760,2.4121,2.4159,2.412,2.4156
1762157820,2.4156,2.4163,2.4144,2.4156
1762157880,2.4156,2.4157,2.4137,2.4139
1762157940,2.4139,2.4152,2.4133,2.4134
1762158000,2.4134,2.4134,2.41,2.412
1762158060,2.412,2.4121,2.4091,2.4095
1762158120,2.4095,2.4097,2.4065,2.4074
1762158180,2.4074,2.4094,2.407,2.4082
1762158240,2.4082,2.4091,2.4075,2.4075
1762158300,2.4075,2.4088,2.4058,2.4064
1762158360,2.4064,2.4072,2.4046,2.4064
1762158420,2.4064,2.4064,2.4037,2.4045
1762158480,2.4045,2.4066,2.4045,2.4054
1762158540,2.4054,2.4085,2.404,2.4077
1762158600,2.4077,2.4098,2.4057,2.4064
1762158660,2.4064,2.4095,2.4062,2.4095
1762158720,2.4095,2.4095,2.406,2.407
1762158780,2.407,2.4088,2.4068,2.4082
1762158840,2.4082,2.4089,2.4064,2.4067
1762158900,2.4067,2.4074,2.4046,2.4068
1762158960,2.4068,2.4086,2.4063,2.4064
1762159020,2.4064,2.407,2.4031,2.4038
1762159080,2.4038,2.4044,2.4005,2.4022
1762159140,2.4022,2.4033,2.3995,2.4033
1762159200,2.4033,2.4043,2.4021,2.404
1762159260,2.404,2.4072,2.4033,2.4056
1762159320,2.4056,2.4063,2.4035,2.4043
1762159380,2.4043,2.4049,2.4027,2.4044
1762159440,2.4044,2.4053,2.4035,2.4037
1762159500,2.4037,2.4047,2.4004,2.4024
1762159560,2.4024,2.4024,2.3978,2.3985
1762159620,2.3985,2.4008,2.3977,2.398
1762159680,2.398,2.3982,2.3953,2.3972
1762159740,2.3972,2.3987,2.3958,2.3978
1762159800,2.3978,2.4048,2.3977,2.4046
1762159860,2.4046,2.4102,2.4043,2.4086
1762159920,2.4086,2.4108,2.4079,2.4098
1762159980,2.4098,2.4141,2.4098,2.4134
1762160040,2.4134,2.4134,2.4113,2.4121
1762160100,2.4121,2.4123,2.4073,2.4073
1762160160,2.4073,2.4085,2.4066,2.4071
1762160220,2.4071,2.4081,2.4051,2.4076
1762160280,2.4076,2.4095,2.4074,2.4089
1762160340,2.4089,2.4102,2.4082,2.4094
1762160400,2.4094,2.4107,2.4077,2.4106
1762160460,2.4106,2.4123,2.4082,2.4091
1762160520,2.4091,2.4143,2.4091,2.4143
1762160580,2.4143,2.417,2.4142,2.4166
1762160640,2.4166,2.418,2.4155,2.4178
1762160700,2.4178,2.4197,2.4172,2.4176
1762160760,2.4176,2.4209,2.4176,2.4205
1762160820,2.4205,2.4242,2.4205,2.4238
1762160880,2.4238,2.4247,2.4202,2.4219
1762160940,2.4219,2.427,2.4209,2.4231
1762161000,2.4231,2.4231,2.4212,2.4217
1762161060,2.4217,2.4223,2.4211,2.4222
1762161120,2.4222,2.4251,2.418,2.42
1762161180,2.42,2.4207,2.4179,2.418
1762161240,2.418,2.4183,2.4162,2.418
1762161300,2.418,2.4196,2.4163,2.4179
1762161360,2.4179,2.4188,2.4161,2.4172
1762161420,2.4172,2.4209,2.4168,2.4207
1762161480,2.4207,2.4207,2.4171,2.4194
1762161540,2.4194,2.4194,2.4155,2.417
1762161600,2.417,2.4172,2.411,2.4129
1762161660,2.4129,2.4138,2.4115,2.4118
1762161720,2.4118,2.4118,2.4099,2.411
1762161780,2.411,2.4115,2.4074,2.4078
1762161840,2.4078,2.4092,2.4071,2.408
1762161900,2.408,2.4081,2.4057,2.407
1762161960,2.407,2.4108,2.407,2.4108
1762162020,2.4108,2.411,2.409,2.4099
1762162080,2.4099,2.4116,2.4092,2.4096
1762162140,2.4096,2.41,2.4078,2.4097
1762162200,2.4097,2.4128,2.4097,2.4123
1762162260,2.4123,2.4143,2.4114,2.4125
1762162320,2.4125,2.4125,2.4097,2.4106
1762162380,2.4106,2.4106,2.4067,2.4074
1762162440,2.4074,2.4096,2.4064,2.4074
1762162500,2.4074,2.4085,2.4068,2.4084
1762162560,2.4084,2.4102,2.4071,2.4101
1762162620,2.4101,2.4101,2.4083,2.4094
1762162680,2.4094,2.4103,2.4081,2.4092
1762162740,2.4092,2.4092,2.4067,2.4074
1762162800,2.4074,2.4077,2.4052,2.4068
1762162860,2.4068,2.4082,2.4062,2.4082
1762162920,2.4082,2.4086,2.4068,2.4074
1762162980,2.4074,2.4082,2.4061,2.4078
1762163040,2.4078,2.4107,2.4077,2.4103
1762163100,2.4103,2.4103,2.4079,2.4091
1762163160,2.4091,2.4105,2.4077,2.4087
1762163220,2.4087,2.4093,2.4076,2.4076
1762163280,2.4076,2.4083,2.4053,2.4066
1762163340,2.4066,2.4089,2.4064,2.4073
1762163400,2.4073,2.4085,2.4046,2.4052
1762163460,2.4052,2.4052,2.4016,2.402
1762163520,2.402,2.4021,2.3994,2.402
1762163580,2.402,2.4029,2.399,2.4
1762163640,2.4,2.4015,2.3996,2.4006
1762163700,2.4006,2.4008,2.3994,2.4004
1762163760,2.4004,2.4022,2.4004,2.4013
1762163820,2.4013,2.4024,2.3956,2.3975
1762163880,2.3975,2.3992,2.3968,2.3991
1762163940,2.3991,2.3996,2.3982,2.3985
1762164000,2.3985,2.4024,2.3984,2.4005
1762164060,2.4005,2.402,2.4001,2.4006
1762164120,2.4006,2.4043,2.4006,2.4036
1762164180,2.4036,2.4068,2.4031,2.404
1762164240,2.404,2.404,2.3993,2.4003
1762164300,2.4003,2.4035,2.4002,2.4031
1762164360,2.4031,2.4034,2.4014,2.4029
1762164420,2.4029,2.4043,2.402,2.4022
1762164480,2.4022,2.4032,2.4014,2.4026
1762164540,2.4026,2.4044,2.4022,2.4029
1762164600,2.4029,2.4043,2.4013,2.4017
1762164660,2.4017,2.4021,2.4005,2.4012
1762164720,2.4012,2.4016,2.3987,2.3994
1762164780,2.3994,2.3997,2.3983,2.3987
1762164840,2.3987,2.3999,2.3984,2.3997
1762164900,2.3997,2.4011,2.3989,2.4011
1762164960,2.4011,2.4013,2.4003,2.401
1762165020,2.401,2.4026,2.4003,2.4009
1762165080,2.4009,2.4014,2.3997,2.4004
1762165140,2.4004,2.4029,2.4004,2.4026
1762165200,2.4026,2.4038,2.4011,2.4011
1762165260,2.4011,2.4015,2.3994,2.4011
1762165320,2.4011,2.4028,2.4006,2.4015
1762165380,2.4015,2.4019,2.4001,2.4012
1762165440,2.4012,2.4012,2.3988,2.3999
1762165500,2.3999,2.4023,2.3999,2.4008
1762165560,2.4008,2.4008,2.3979,2.3988
1762165620,2.3988,2.3995,2.3981,2.3982
1762165680,2.3982,2.4023,2.398,2.4017
1762165740,2.4017,2.4021,2.4005,2.4008
1762165800,2.4008,2.4008,2.3946,2.3947
1762165860,2.3947,2.3953,2.3927,2.3938
1762165920,2.3938,2.3956,2.3926,2.3928
1762165980,2.3928,2.3941,2.3923,2.3924
1762166040,2.3924,2.3925,2.39,2.392
1762166100,2.392,2.3929,2.3883,2.389
1762166160,2.389,2.3904,2.389,2.3895
1762166220,2.3895,2.3916,2.3894,2.3908
1762166280,2.3908,2.3931,2.3907,2.391
1762166340,2.391,2.391,2.3882,2.39
1762166400,2.39,2.3926,2.3898,2.3925
1762166460,2.3925,2.3935,2.3902,2.391
1762166520,2.391,2.391,2.3871,2.3875
1762166580,2.3875,2.3892,2.3863,2.3892
1762166640,2.3892,2.3892,2.3876,2.3892
1762166700,2.3892,2.39,2.3878,2.3883
1762166760,2.3883,2.3883,2.3834,2.3862
1762166820,2.3862,2.3882,2.3857,2.3878
1762166880,2.3878,2.39,2.3878,2.39
1762166940,2.39,2.3909,2.3889,2.3893
1762167000,2.3893,2.3913,2.3883,2.3908
1762167060,2.3908,2.3943,2.3906,2.3938
1762167120,2.3938,2.3938,2.3896,2.3901
1762167180,2.3901,2.3901,2.3878,2.3894
1762167240,2.3894,2.3894,2.3873,2.3885
1762167300,2.3885,2.3913,2.3878,2.391
1762167360,2.391,2.392,2.3904,2.3919
1762167420,2.3919,2.3926,2.3907,2.3907
1762167480,2.3907,2.3907,2.3887,2.3891
1762167540,2.3891,2.3896,2.38,2.3867
1762167600,2.3867,2.3926,2.3864,2.39
1762167660,2.39,2.3966,2.389,2.3958
1762167720,2.3958,2.3972,2.3934,2.3962
1762167780,2.3962,2.4051,2.394,2.4031
1762167840,2.4031,2.4031,2.3986,2.4006
1762167900,2.4006,2.401,2.3971,2.3975
1762167960,2.3975,2.3983,2.3955,2.3971
1762168020,2.3971,2.3996,2.3956,2.3982
1762168080,2.3982,2.4026,2.3982,2.4022
1762168140,2.4022,2.4034,2.4001,2.4005
1762168200,2.4005,2.4015,2.3977,2.4012
1762168260,2.4012,2.4028,2.3988,2.4002
1762168320,2.4002,2.4012,2.3991,2.4006
1762168380,2.4006,2.4019,2.4001,2.4006
1762168440,2.4006,2.4015,2.3992,2.3992
1762168500,2.3992,2.4054,2.3991,2.4046
1762168560,2.4046,2.4119,2.4044,2.4088
1762168620,2.4088,2.41,2.4059,2.406
1762168680,2.406,2.406,2.4042,2.405
1762168740,2.405,2.406,2.4045,2.4055
1762168800,2.4055,2.4061,2.4025,2.4025
1762168860,2.4025,2.4047,2.4018,2.402
1762168920,2.402,2.402,2.3955,2.3964
1762168980,2.3964,2.3976,2.3962,2.3968
1762169040,2.3968,2.3979,2.3963,2.3969
1762169100,2.3969,2.3981,2.3943,2.3978
1762169160,2.3978,2.399,2.3964,2.3988
1762169220,2.3988,2.3999,2.3977,2.3993
1762169280,2.3993,2.4033,2.3993,2.402
1762169340,2.402,2.4043,2.402,2.4039
1762169400,2.4039,2.4052,2.4031,2.4042
1762169460,2.4042,2.4063,2.404,2.406
1762169520,2.406,2.4062,2.4045,2.4051
1762169580,2.4051,2.4059,2.4021,2.4024
1762169640,2.4024,2.4043,2.4017,2.4036
1762169700,2.4036,2.405,2.4027,2.4029
1762169760,2.4029,2.4029,2.4,2.4001
1762169820,2.4001,2.4017,2.4001,2.4017
1762169880,2.4017,2.406,2.4016,2.4049
1762169940,2.4049,2.4061,2.404,2.4042
1762170000,2.4042,2.4056,2.4034,2.4056
1762170060,2.4056,2.406,2.4028,2.4039
1762170120,2.4039,2.4066,2.4039,2.4056
1762170180,2.4056,2.4063,2.4042,2.406
1762170240,2.406,2.4087,2.406,2.4084
1762170300,2.4084,2.4125,2.4083,2.412
1762170360,2.412,2.4123,2.4102,2.4113
1762170420,2.4113,2.4134,2.4096,2.4129
1762170480,2.4129,2.4147,2.4115,2.4121
1762170540,2.4121,2.4142,2.4111,2.4124
1762170600,2.4124,2.4133,2.4108,2.4109
1762170660,2.4109,2.412,2.4102,2.4111
1762170720,2.4111,2.4112,2.4072,2.4078
1762170780,2.4078,2.4082,2.4018,2.4042
1762170840,2.4042,2.4057,2.4035,2.4048
1762170900,2.4048,2.4048,2.4013,2.4014
1762170960,2.4014,2.4018,2.4005,2.4015
1762171020,2.4015,2.4024,2.4,2.4013
1762171080,2.4013,2.4017,2.4006,2.4015
1762171140,2.4015,2.4015,2.4002,2.4008
1762171200,2.4008,2.4028,2.4008,2.4023
1762171260,2.4023,2.4023,2.4006,2.4011
1762171320,2.4011,2.4018,2.3992,2.4009
1762171380,2.4009,2.4045,2.4009,2.4022
1762171440,2.4022,2.4074,2.4022,2.4034
1762171500,2.4034,2.4044,2.3989,2.4019
1762171560,2.4019,2.4047,2.4007,2.4018
1762171620,2.4018,2.405,2.4018,2.405
1762171680,2.405,2.4064,2.4044,2.4054
1762171740,2.4054,2.4054,2.403,2.4051
1762171800,2.4051,2.4078,2.4044,2.4069
1762171860,2.4069,2.4082,2.4014,2.4027
1762171920,2.4027,2.4087,2.4023,2.4087
1762171980,2.4087,2.41,2.4069,2.4089
1762172040,2.4089,2.4089,2.4076,2.408
1762172100,2.408,2.4105,2.4077,2.4102
1762172160,2.4102,2.4102,2.4077,2.4081
1762172220,2.4081,2.4084,2.4063,2.4075
1762172280,2.4075,2.4102,2.4075,2.4101
1762172340,2.4101,2.4106,2.4087,2.4094
1762172400,2.4094,2.4104,2.4087,2.4103
1762172460,2.4103,2.4121,2.4089,2.4091
1762172520,2.4091,2.4091,2.4059,2.4061
1762172580,2.4061,2.4086,2.4061,2.408
1762172640,2.408,2.408,2.405,2.405
1762172700,2.405,2.4072,2.405,2.4067
1762172760,2.4067,2.4071,2.4055,2.4065
1762172820,2.4065,2.409,2.4054,2.4067
1762172880,2.4067,2.4088,2.4062,2.4084
1762172940,2.4084,2.4091,2.4078,2.4091
1762173000,2.4091,2.4099,2.4072,2.4077
1762173060,2.4077,2.4081,2.4049,2.4054
1762173120,2.4054,2.4062,2.4042,2.4059
1762173180,2.4059,2.4067,2.4055,2.4062
1762173240,2.4062,2.407,2.4061,2.4063
1762173300,2.4063,2.4079,2.4051,2.407
1762173360,2.407,2.4072,2.4034,2.4038
1762173420,2.4038,2.404,2.4025,2.4036
1762173480,2.4036,2.4039,2.4019,2.4019
1762173540,2.4019,2.4047,2.4019,2.4046
1762173600,2.4046,2.4046,2.4022,2.4029
1762173660,2.4029,2.4041,2.4019,2.4019
1762173720,2.4019,2.4039,2.4009,2.4039
1762173780,2.4039,2.4058,2.4038,2.405
1762173840,2.405,2.405,2.403,2.403
1762173900,2.403,2.4042,2.4027,2.404
1762173960,2.404,2.4067,2.4039,2.4064
1762174020,2.4064,2.4075,2.4057,2.4065
1762174080,2.4065,2.4075,2.4059,2.4071
1762174140,2.4071,2.4072,2.4047,2.4071
1762174200,2.4071,2.4084,2.4068,2.4068
1762174260,2.4068,2.4069,2.4055,2.4061
1762174320,2.4061,2.407,2.4057,2.4068
1762174380,2.4068,2.4074,2.4058,2.4061
1762174440,2.4061,2.4061,2.4041,2.4047
1762174500,2.4047,2.4053,2.4032,2.4033
1762174560,2.4033,2.4033,2.4007,2.4007
1762174620,2.4007,2.4007,2.3993,2.4003
1762174680,2.4003,2.4016,2.3993,2.4012
1762174740,2.4012,2.402,2.4008,2.4008
1762174800,2.4008,2.4017,2.3989,2.4014
1762174860,2.4014,2.4015,2.3991,2.3995
1762174920,2.3995,2.4015,2.3995,2.4012
1762174980,2.4012,2.4013,2.4001,2.401
1762175040,2.401,2.4014,2.4003,2.4012
1762175100,2.4012,2.4029,2.4006,2.4006
1762175160,2.4006,2.4017,2.4006,2.4007
1762175220,2.4007,2.4031,2.4006,2.4029
1762175280,2.4029,2.4031,2.4013,2.4014
1762175340,2.4014,2.4024,2.4011,2.4017
1762175400,2.4017,2.4017,2.3975,2.399
1762175460,2.399,2.3993,2.3969,2.3975
1762175520,2.3975,2.3999,2.3975,2.3995
1762175580,2.3995,2.4027,2.3995,2.4026
1762175640,2.4026,2.4026,2.4004,2.4008
1762175700,2.4008,2.4008,2.3977,2.3987
1762175760,2.3987,2.4001,2.3984,2.4001
1762175820,2.4001,2.4006,2.3984,2.3988
1762175880,2.3988,2.3998,2.3983,2.3986
1762175940,2.3986,2.4003,2.3985,2.3985
1762176000,2.3985,2.3991,2.3975,2.3985
1762176060,2.3985,2.3992,2.3977,2.3977
1762176120,2.3977,2.3993,2.3977,2.3982
1762176180,2.3982,2.399,2.3973,2.3988
1762176240,2.3988,2.3988,2.3979,2.3988
1762176300,2.3988,2.4041,2.3988,2.4018
1762176360,2.4018,2.4018,2.3974,2.4004
1762176420,2.4004,2.4037,2.4002,2.4037
1762176480,2.4037,2.4065,2.4024,2.4055
1762176540,2.4055,2.407,2.4049,2.4051
1762176600,2.4051,2.4107,2.4048,2.4088
1762176660,2.4088,2.4108,2.408,2.4096
1762176720,2.4096,2.4119,2.4096,2.4116
1762176780,2.4116,2.4144,2.4113,2.414
1762176840,2.414,2.4143,2.4119,2.4138
1762176900,2.4138,2.4144,2.412,2.412
1762176960,2.412,2.4143,2.4119,2.4136
1762177020,2.4136,2.4157,2.4121,2.4153
1762177080,2.4153,2.416,2.4138,2.4144
1762177140,2.4144,2.4157,2.4132,2.4136
1762177200,2.4136,2.4143,2.412,2.412
1762177260,2.412,2.4121,2.4103,2.4119
1762177320,2.4119,2.4122,2.4111,2.4115
1762177380,2.4115,2.4118,2.41,2.4111
1762177440,2.4111,2.4125,2.4111,2.4124
1762177500,2.4124,2.4133,2.4116,2.4129
1762177560,2.4129,2.4169,2.4122,2.4166
1762177620,2.4166,2.4166,2.4128,2.4131
1762177680,2.4131,2.4143,2.4116,2.4134
1762177740,2.4134,2.4142,2.4125,2.4136
1762177800,2.4136,2.4137,2.4114,2.4121
1762177860,2.4121,2.4126,2.4085,2.4085
1762177920,2.4085,2.4097,2.4069,2.4092
1762177980,2.4092,2.4109,2.4088,2.4106
1762178040,2.4106,2.4144,2.4106,2.4142
1762178100,2.4142,2.4164,2.4136,2.4156
1762178160,2.4156,2.4164,2.4126,2.4128
1762178220,2.4128,2.4129,2.4101,2.4101
1762178280,2.4101,2.4102,2.4083,2.4088
1762178340,2.4088,2.4102,2.4088,2.4102
1762178400,2.4102,2.4156,2.4101,2.4138
1762178460,2.4138,2.4138,2.4113,2.4133
1762178520,2.4133,2.4153,2.4123,2.4141
1762178580,2.4141,2.4144,2.4123,2.4139
1762178640,2.4139,2.4146,2.4133,2.4146
1762178700,2.4146,2.4191,2.4141,2.419
1762178760,2.419,2.4232,2.419,2.4221
1762178820,2.4221,2.4261,2.4217,2.4242
1762178880,2.4242,2.4242,2.421,2.4213
1762178940,2.4213,2.4215,2.4182,2.4197
1762179000,2.4197,2.4206,2.417,2.4175
1762179060,2.4175,2.4206,2.4169,2.42
1762179120,2.42,2.4227,2.42,2.4215
1762179180,2.4215,2.4217,2.4178,2.4196
1762179240,2.4196,2.4203,2.417,2.4174
1762179300,2.4174,2.4187,2.4157,2.4181
1762179360,2.4181,2.4199,2.4172,2.4199
1762179420,2.4199,2.4201,2.4185,2.4186
1762179480,2.4186,2.4211,2.4172,2.4197
1762179540,2.4197,2.4216,2.4196,2.4211
1762179600,2.4211,2.4218,2.419,2.419
1762179660,2.419,2.4193,2.4182,2.4193
1762179720,2.4193,2.4193,2.4175,2.4183
1762179780,2.4183,2.4187,2.4166,2.4178
1762179840,2.4178,2.4185,2.4153,2.4161
1762179900,2.4161,2.4162,2.4134,2.4151
1762179960,2.4151,2.4176,2.4143,2.4169
1762180020,2.4169,2.4172,2.4145,2.4172
1762180080,2.4172,2.4184,2.4161,2.4161
1762180140,2.4161,2.4177,2.4154,2.4177
1762180200,2.4177,2.4205,2.4177,2.4205
1762180260,2.4205,2.4216,2.4168,2.4168
1762180320,2.4168,2.4191,2.4146,2.416
1762180380,2.416,2.4184,2.4151,2.4157
1762180440,2.4157,2.4179,2.4136,2.4145
1762180500,2.4145,2.416,2.4109,2.4142
1762180560,2.4142,2.4168,2.4141,2.4151
1762180620,2.4151,2.4196,2.4148,2.4166
1762180680,2.4166,2.4206,2.4156,2.4201
1762180740,2.4201,2.4229,2.4191,2.4193
1762180800,2.4193,2.42,2.4169,2.4193
1762180860,2.4193,2.4193,2.4134,2.414
1762180920,2.414,2.4143,2.4118,2.4128
1762180980,2.4128,2.4159,2.4124,2.4144
1762181040,2.4144,2.4167,2.414,2.4163
1762181100,2.4163,2.417,2.4123,2.4136
1762181160,2.4136,2.4176,2.4123,2.4168
1762181220,2.4168,2.4224,2.416,2.4206
1762181280,2.4206,2.4223,2.4192,2.4198
1762181340,2.4198,2.4209,2.4185,2.4205
1762181400,2.4205,2.4227,2.4164,2.4176
1762181460,2.4176,2.4216,2.4161,2.4214
1762181520,2.4214,2.4215,2.419,2.4195
1762181580,2.4195,2.4216,2.4194,2.4196
1762181640,2.4196,2.4234,2.4194,2.4199
1762181700,2.4199,2.4219,2.4187,2.4193
1762181760,2.4193,2.4215,2.4182,2.4215
1762181820,2.4215,2.4215,2.4182,2.4198
1762181880,2.4198,2.4206,2.4179,2.4191
1762181940,2.4191,2.4269,2.419,2.4253
1762182000,2.4253,2.4285,2.4174,2.4195
1762182060,2.4195,2.4203,2.4149,2.4154
1762182120,2.4154,2.4163,2.4101,2.4108
1762182180,2.4108,2.4131,2.41,2.4114
1762182240,2.4114,2.4115,2.4103,2.411
1762182300,2.411,2.4114,2.4095,2.4095
1762182360,2.4095,2.4125,2.4094,2.4109
1762182420,2.4109,2.4109,2.4059,2.4069
1762182480,2.4069,2.4117,2.4048,2.4107
1762182540,2.4107,2.4107,2.407,2.407
1762182600,2.407,2.4083,2.4064,2.4066
1762182660,2.4066,2.4066,2.4042,2.4054
1762182720,2.4054,2.4075,2.4054,2.4072
1762182780,2.4072,2.4094,2.4072,2.4088
1762182840,2.4088,2.4092,2.4064,2.407
1762182900,2.407,2.407,2.4024,2.4035
1762182960,2.4035,2.4039,2.4006,2.4011
1762183020,2.4011,2.4034,2.4011,2.4027
1762183080,2.4027,2.4033,2.401,2.4033
1762183140,2.4033,2.4054,2.4033,2.4045
1762183200,2.4045,2.4049,2.3981,2.3983
1762183260,2.3983,2.4008,2.3978,2.3988
1762183320,2.3988,2.3988,2.3951,2.3974
1762183380,2.3974,2.3982,2.3955,2.3957
1762183440,2.3957,2.3957,2.391,2.3918
1762183500,2.3918,2.3933,2.3916,2.3929
1762183560,2.3929,2.3929,2.3747,2.3802
1762183620,2.3802,2.3813,2.3614,2.3626
1762183680,2.3626,2.3726,2.3585,2.3628
1762183740,2.3628,2.3684,2.3446,2.3551
1762183800,2.3551,2.3563,2.2894,2.2933
1762183860,2.2933,2.3309,2.2905,2.3258
1762183920,2.3258,2.3427,2.3216,2.3323
1762183980,2.3323,2.3335,2.3179,2.3299
1762184040,2.3299,2.3463,2.3294,2.3401
1762184100,2.3401,2.3512,2.338,2.3468
1762184160,2.3468,2.3655,2.3466,2.3607
1762184220,2.3607,2.3661,2.3543,2.3618
1762184280,2.3618,2.3669,2.3578,2.3656
1762184340,2.3656,2.373,2.3655,2.3724
1762184400,2.3724,2.373,2.3623,2.3646
1762184460,2.3646,2.3695,2.362,2.3621
1762184520,2.3621,2.3625,2.3502,2.3516
1762184580,2.3516,2.357,2.3485,2.3512
1762184640,2.3512,2.356,2.3468,2.3471
1762184700,2.3471,2.3547,2.3443,2.345
1762184760,2.345,2.3455,2.337,2.3391
1762184820,2.3391,2.34,2.3331,2.3346
1762184880,2.3346,2.3378,2.3309,2.331
1762184940,2.331,2.3383,2.3305,2.334
1762185000,2.334,2.342,2.3336,2.3372
1762185060,2.3372,2.3406,2.3324,2.3391
1762185120,2.3391,2.3391,2.3334,2.3334
1762185180,2.3334,2.3399,2.3334,2.3343
1762185240,2.3343,2.3343,2.3242,2.3251
1762185300,2.3251,2.3332,2.3251,2.3302
1762185360,2.3302,2.3339,2.3289,2.3307
1762185420,2.3307,2.3313,2.3229,2.3277
1762185480,2.3277,2.331,2.3268,2.3279
1762185540,2.3279,2.329,2.3244,2.3264
1762185600,2.3264,2.328,2.3224,2.3254
1762185660,2.3254,2.3297,2.3232,2.3283
1762185720,2.3283,2.3303,2.325,2.3266
1762185780,2.3266,2.3313,2.3258,2.3281
1762185840,2.3281,2.3289,2.3171,2.3232
1762185900,2.3232,2.3311,2.3232,2.3298
1762185960,2.3298,2.3325,2.3237,2.328
1762186020,2.328,2.3294,2.323,2.324
1762186080,2.324,2.3247,2.319,2.3214
1762186140,2.3214,2.3297,2.3214,2.329
1762186200,2.329,2.3346,2.3239,2.3345
1762186260,2.3345,2.3465,2.333,2.3441
1762186320,2.3441,2.3472,2.342,2.3456
1762186380,2.3456,2.3498,2.3417,2.3491
1762186440,2.3491,2.3597,2.3489,2.3559
1762186500,2.3559,2.359,2.3524,2.3547
1762186560,2.3547,2.3549,2.3455,2.3455
1762186620,2.3455,2.3545,2.3452,2.3528
1762186680,2.3528,2.3589,2.3523,2.3566
1762186740,2.3566,2.3659,2.3555,2.3637
1762186800,2.3637,2.3672,2.3586,2.3591
1762186860,2.3591,2.3603,2.3564,2.3585
1762186920,2.3585,2.3619,2.3582,2.3592
1762186980,2.3592,2.3636,2.358,2.3594
1762187040,2.3594,2.3609,2.3575,2.3598
1762187100,2.3598,2.3633,2.3589,2.3632
1762187160,2.3632,2.3653,2.3613,2.3648
1762187220,2.3648,2.3655,2.3587,2.3593
1762187280,2.3593,2.3593,2.3553,2.3584
1762187340,2.3584,2.36,2.3561,2.3593
1762187400,2.3593,2.3615,2.3573,2.3606
1762187460,2.3606,2.3683,2.3593,2.3671
1762187520,2.3671,2.3688,2.3629,2.3673
1762187580,2.3673,2.3684,2.3642,2.3659
1762187640,2.3659,2.3659,2.3588,2.3602
1762187700,2.3602,2.3623,2.3576,2.3582
1762187760,2.3582,2.3645,2.3581,2.3638
1762187820,2.3638,2.3663,2.3621,2.3648
1762187880,2.3648,2.367,2.3613,2.3645
1762187940,2.3645,2.3657,2.3619,2.3619
1762188000,2.3619,2.3665,2.3603,2.3658
1762188060,2.3658,2.3712,2.3658,2.3703
1762188120,2.3703,2.3715,2.3657,2.3675
1762188180,2.3675,2.3712,2.3662,2.3696
1762188240,2.3696,2.3697,2.3669,2.368
1762188300,2.368,2.375,2.3679,2.3748
1762188360,2.3748,2.3756,2.3717,2.3731
1762188420,2.3731,2.3749,2.3716,2.3729
1762188480,2.3729,2.3729,2.3689,2.3697
1762188540,2.3697,2.3707,2.3671,2.3696
1762188600,2.3696,2.3714,2.3677,2.3712
1762188660,2.3712,2.3752,2.3712,2.3752
1762188720,2.3752,2.3783,2.3729,2.3729
1762188780,2.3729,2.3747,2.3667,2.3678
1762188840,2.3678,2.37,2.3678,2.3682
1762188900,2.3682,2.3701,2.368,2.3686
1762188960,2.3686,2.3729,2.3685,2.3721
1762189020,2.3721,2.3744,2.3709,2.3744
1762189080,2.3744,2.3756,2.3726,2.3749
1762189140,2.3749,2.3774,2.3721,2.3722
1762189200,2.3722,2.3722,2.3668,2.369
1762189260,2.369,2.3709,2.3683,2.3689
1762189320,2.3689,2.3723,2.3684,2.369
1762189380,2.369,2.3716,2.369,2.37
1762189440,2.37,2.3714,2.3671,2.3714
1762189500,2.3714,2.3746,2.3705,2.3705
1762189560,2.3705,2.3726,2.37,2.3701
1762189620,2.3701,2.3706,2.3657,2.3671
1762189680,2.3671,2.3686,2.3645,2.3664
1762189740,2.3664,2.3728,2.3649,2.3713
1762189800,2.3713,2.3714,2.3679,2.3699
1762189860,2.3699,2.3721,2.3699,2.3715
1762189920,2.3715,2.3725,2.3692,2.371
1762189980,2.371,2.3713,2.3666,2.3696
1762190040,2.3696,2.3736,2.3696,2.3702
1762190100,2.3702,2.3726,2.3695,2.3708
1762190160,2.3708,2.3721,2.3672,2.3686
1762190220,2.3686,2.3708,2.3686,2.3708
1762190280,2.3708,2.379,2.3708,2.3788
1762190340,2.3788,2.3795,2.3771,2.3778
1762190400,2.3778,2.3822,2.3777,2.3821
1762190460,2.3821,2.3941,2.3821,2.3882
1762190520,2.3882,2.3884,2.3844,2.3848
1762190580,2.3848,2.3868,2.3799,2.3816
1762190640,2.3816,2.3818,2.3774,2.3789
1762190700,2.3789,2.3792,2.3718,2.3743
1762190760,2.3743,2.3747,2.3716,2.3745
1762190820,2.3745,2.3766,2.3735,2.3746
1762190880,2.3746,2.3753,2.3709,2.371
1762190940,2.371,2.3717,2.368,2.3691
1762191000,2.3691,2.3738,2.3687,2.3729
1762191060,2.3729,2.3738,2.3704,2.3738
1762191120,2.3738,2.375,2.372,2.3731
1762191180,2.3731,2.3776,2.3726,2.3758
1762191240,2.3758,2.3768,2.3739,2.3743
1762191300,2.3743,2.377,2.3742,2.3751
1762191360,2.3751,2.3768,2.3728,2.3768
1762191420,2.3768,2.3823,2.3767,2.3794
1762191480,2.3794,2.3839,2.3794,2.3835
1762191540,2.3835,2.3839,2.3777,2.3786
1762191600,2.3786,2.379,2.3746,2.3756
1762191660,2.3756,2.3756,2.3715,2.373
1762191720,2.373,2.3772,2.3727,2.3752
1762191780,2.3752,2.3761,2.3738,2.3751
1762191840,2.3751,2.3752,2.3731,2.3737
1762191900,2.3737,2.3757,2.3725,2.3744
1762191960,2.3744,2.3764,2.3735,2.3764
1762192020,2.3764,2.3833,2.3764,2.3829
1762192080,2.3829,2.3829,2.3795,2.3812
1762192140,2.3812,2.3846,2.3812,2.3828
1762192200,2.3828,2.3832,2.3795,2.3799
1762192260,2.3799,2.3835,2.3776,2.3787
1762192320,2.3787,2.3801,2.3756,2.3758
1762192380,2.3758,2.378,2.3747,2.3763
1762192440,2.3763,2.3766,2.3738,2.3759
1762192500,2.3759,2.38,2.3747,2.3776
1762192560,2.3776,2.379,2.3768,2.3777
1762192620,2.3777,2.3809,2.3777,2.3808
1762192680,2.3808,2.3814,2.3802,2.3814
1762192740,2.3814,2.3814,2.3792,2.3798
1762192800,2.3798,2.3808,2.3771,2.3776
1762192860,2.3776,2.3836,2.3776,2.3806
1762192920,2.3806,2.3812,2.3792,2.3802
1762192980,2.3802,2.3825,2.379,2.3815
1762193040,2.3815,2.382,2.3761,2.3761
1762193100,2.3761,2.3781,2.3757,2.3758
1762193160,2.3758,2.3771,2.3746,2.3748
1762193220,2.3748,2.3764,2.3732,2.3758
1762193280,2.3758,2.3775,2.3758,2.3763
1762193340,2.3763,2.3798,2.3763,2.3798
1762193400,2.3798,2.3839,2.3787,2.379
1762193460,2.379,2.3803,2.3751,2.3756
1762193520,2.3756,2.376,2.3737,2.3749
1762193580,2.3749,2.3758,2.3744,2.3746
1762193640,2.3746,2.3747,2.3731,2.3746
1762193700,2.3746,2.3759,2.3743,2.3744
1762193760,2.3744,2.3745,2.3696,2.37
1762193820,2.37,2.3715,2.3684,2.3685
1762193880,2.3685,2.3715,2.3685,2.3704
1762193940,2.3704,2.3713,2.3695,2.3698
1762194000,2.3698,2.3717,2.3691,2.3696
1762194060,2.3696,2.3697,2.3664,2.3674
1762194120,2.3674,2.3703,2.3674,2.3697
1762194180,2.3697,2.3697,2.3645,2.3658
1762194240,2.3658,2.3667,2.3638,2.3643
1762194300,2.3643,2.3662,2.3637,2.3644
1762194360,2.3644,2.3645,2.3603,2.3614
1762194420,2.3614,2.3625,2.361,2.3613
1762194480,2.3613,2.3619,2.3591,2.3605
1762194540,2.3605,2.3611,2.3573,2.3597
1762194600,2.3597,2.3616,2.3593,2.3608
1762194660,2.3608,2.362,2.3601,2.3619
1762194720,2.3619,2.3668,2.3619,2.3655
1762194780,2.3655,2.3655,2.3614,2.3621
1762194840,2.3621,2.3636,2.3612,2.3616
1762194900,2.3616,2.3621,2.3601,2.3602
1762194960,2.3602,2.3615,2.3595,2.3611
1762195020,2.3611,2.3631,2.3611,2.3623
1762195080,2.3623,2.3643,2.3593,2.36
1762195140,2.36,2.3635,2.3598,2.3622
1762195200,2.3622,2.3632,2.3618,2.3626
1762195260,2.3626,2.3627,2.3575,2.358
1762195320,2.358,2.3589,2.3558,2.3568
1762195380,2.3568,2.3577,2.3553,2.3557
1762195440,2.3557,2.3557,2.3533,2.355
1762195500,2.355,2.355,2.3482,2.3522
1762195560,2.3522,2.3526,2.3485,2.3496
1762195620,2.3496,2.3526,2.3488,2.3526
1762195680,2.3526,2.3544,2.3516,2.354
1762195740,2.354,2.3541,2.3502,2.3502
1762195800,2.3502,2.3523,2.35,2.3518
1762195860,2.3518,2.3535,2.3504,2.3504
1762195920,2.3504,2.3513,2.3482,2.3506
1762195980,2.3506,2.3512,2.3491,2.3493
1762196040,2.3493,2.3502,2.347,2.3497
1762196100,2.3497,2.3501,2.3467,2.3474
1762196160,2.3474,2.3494,2.3454,2.3491
1762196220,2.3491,2.3509,2.3487,2.3509
1762196280,2.3509,2.351,2.3487,2.3494
1762196340,2.3494,2.3494,2.3461,2.3469
1762196400,2.3469,2.3489,2.3431,2.344
1762196460,2.344,2.3448,2.3417,2.343
1762196520,2.343,2.3432,2.3377,2.3386
1762196580,2.3386,2.3396,2.3369,2.339
1762196640,2.339,2.3395,2.334,2.3344
1762196700,2.3344,2.3369,2.3317,2.3338
1762196760,2.3338,2.3372,2.3328,2.3364
1762196820,2.3364,2.3384,2.3355,2.3376
1762196880,2.3376,2.3387,2.3331,2.3338
1762196940,2.3338,2.3367,2.3316,2.3367
1762197000,2.3367,2.3412,2.3367,2.3372
1762197060,2.3372,2.3383,2.336,2.3378
1762197120,2.3378,2.3393,2.3369,2.339
1762197180,2.339,2.3426,2.3389,2.341
1762197240,2.341,2.3431,2.3408,2.3427
1762197300,2.3427,2.3459,2.3413,2.3458
1762197360,2.3458,2.3514,2.3458,2.3468
1762197420,2.3468,2.3479,2.3409,2.341
1762197480,2.341,2.3412,2.337,2.3381
1762197540,2.3381,2.3403,2.3377,2.3398
1762197600,2.3398,2.3439,2.3394,2.342
1762197660,2.342,2.3453,2.342,2.3427
1762197720,2.3427,2.343,2.3401,2.3403
1762197780,2.3403,2.3413,2.3374,2.3391
1762197840,2.3391,2.3399,2.338,2.338
1762197900,2.338,2.3388,2.3355,2.3384
1762197960,2.3384,2.3393,2.3359,2.338
1762198020,2.338,2.338,2.3359,2.336
1762198080,2.336,2.336,2.3289,2.3299
1762198140,2.3299,2.3308,2.3284,2.3301
1762198200,2.3301,2.334,2.3294,2.3331
1762198260,2.3331,2.3378,2.3331,2.3353
1762198320,2.3353,2.3363,2.3325,2.3342
1762198380,2.3342,2.3356,2.3318,2.3354
1762198440,2.3354,2.3373,2.3345,2.3345
1762198500,2.3345,2.3368,2.3328,2.3367
1762198560,2.3367,2.339,2.3359,2.3364
1762198620,2.3364,2.3369,2.3342,2.336
1762198680,2.336,2.3411,2.3353,2.3402
1762198740,2.3402,2.3444,2.3402,2.3444
1762198800,2.3444,2.3465,2.3444,2.3449
1762198860,2.3449,2.3451,2.3415,2.3419
1762198920,2.3419,2.3419,2.3387,2.3393
1762198980,2.3393,2.3429,2.3391,2.3412
1762199040,2.3412,2.344,2.3411,2.3439
1762199100,2.3439,2.3475,2.3439,2.3467
1762199160,2.3467,2.3476,2.3432,2.3443
1762199220,2.3443,2.3468,2.344,2.3457
1762199280,2.3457,2.3462,2.3406,2.3409
1762199340,2.3409,2.3423,2.3401,2.3411
1762199400,2.3411,2.3419,2.3373,2.3377
1762199460,2.3377,2.3377,2.3336,2.335
1762199520,2.335,2.3353,2.3312,2.3312
1762199580,2.3312,2.333,2.3312,2.3327
1762199640,2.3327,2.3335,2.3305,2.3321
1762199700,2.3321,2.3334,2.3291,2.3304
1762199760,2.3304,2.3306,2.327,2.3294
1762199820,2.3294,2.3298,2.3259,2.3275
1762199880,2.3275,2.3277,2.3229,2.3241
1762199940,2.3241,2.3244,2.3208,2.3233
1762200000,2.3233,2.3288,2.3232,2.3274
1762200060,2.3274,2.3286,2.3246,2.3267
1762200120,2.3267,2.3283,2.3239,2.326
1762200180,2.326,2.3266,2.3236,2.3237
1762200240,2.3237,2.326,2.3226,2.3258
1762200300,2.3258,2.327,2.32,2.3205
1762200360,2.3205,2.3209,2.3163,2.3172
1762200420,2.3172,2.3196,2.3154,2.3185
1762200480,2.3185,2.3196,2.3135,2.3135
1762200540,2.3135,2.3209,2.3135,2.3194
1762200600,2.3194,2.3218,2.3178,2.3213
1762200660,2.3213,2.3217,2.3193,2.3194
1762200720,2.3194,2.3199,2.3166,2.3171
1762200780,2.3171,2.3224,2.3166,2.3224
1762200840,2.3224,2.3234,2.3188,2.3203
1762200900,2.3203,2.3223,2.3195,2.321
1762200960,2.321,2.3238,2.3203,2.3236
1762201020,2.3236,2.3236,2.3205,2.3209
1762201080,2.3209,2.3209,2.3165,2.3206
1762201140,2.3206,2.3214,2.3186,2.3202
1762201200,2.3202,2.3215,2.3179,2.3215
1762201260,2.3215,2.324,2.3189,2.3198
1762201320,2.3198,2.3203,2.3182,2.3188
1762201380,2.3188,2.3198,2.3176,2.3176
1762201440,2.3176,2.3177,2.3075,2.3101
1762201500,2.3101,2.3123,2.3068,2.3074
1762201560,2.3074,2.3118,2.3073,2.3099
1762201620,2.3099,2.3101,2.3036,2.3063
1762201680,2.3063,2.3151,2.3058,2.3141
1762201740,2.3141,2.3167,2.3135,2.3135
1762201800,2.3135,2.3221,2.3133,2.3202
1762201860,2.3202,2.3202,2.3129,2.3131
1762201920,2.3131,2.3152,2.3067,2.308
1762201980,2.308,2.3108,2.3048,2.3071
1762202040,2.3071,2.3106,2.3024,2.3036
1762202100,2.3036,2.3057,2.3012,2.3021
1762202160,2.3021,2.304,2.3,2.3039
1762202220,2.3039,2.3072,2.3033,2.3049
1762202280,2.3049,2.3049,2.2976,2.2993
1762202340,2.2993,2.3037,2.2984,2.3026
1762202400,2.3026,2.3056,2.3018,2.3032
1762202460,2.3032,2.3035,2.2979,2.2981
1762202520,2.2981,2.2989,2.2934,2.2951
1762202580,2.2951,2.2968,2.2919,2.2945
1762202640,2.2945,2.2945,2.2896,2.2925
1762202700,2.2925,2.2967,2.2909,2.2943
1762202760,2.2943,2.2943,2.2837,2.287
1762202820,2.287,2.2898,2.2863,2.2873
1762202880,2.2873,2.2876,2.2812,2.2826
1762202940,2.2826,2.2827,2.2781,2.2807
1762203000,2.2807,2.2826,2.2743,2.2809
1762203060,2.2809,2.2809,2.2722,2.2728
1762203120,2.2728,2.2747,2.2709,2.2716
1762203180,2.2716,2.2729,2.2618,2.2665
1762203240,2.2665,2.2665,2.2624,2.2648
1762203300,2.2648,2.2768,2.2637,2.2763
1762203360,2.2763,2.2797,2.2751,2.2759
1762203420,2.2759,2.2831,2.2748,2.2827
1762203480,2.2827,2.2831,2.2785,2.2802
1762203540,2.2802,2.2978,2.2768,2.2846
1762203600,2.2846,2.2927,2.2833,2.2923
1762203660,2.2923,2.2994,2.2914,2.2994
1762203720,2.2994,2.3018,2.2968,2.3008
1762203780,2.3008,2.3089,2.2997,2.3041
1762203840,2.3041,2.3041,2.2977,2.2997
1762203900,2.2997,2.3058,2.2959,2.2976
1762203960,2.2976,2.2978,2.2935,2.2968
1762204020,2.2968,2.2968,2.2845,2.2867
1762204080,2.2867,2.2909,2.2855,2.2892
1762204140,2.2892,2.2944,2.2875,2.2896
1762204200,2.2896,2.2922,2.287,2.2886
1762204260,2.2886,2.2927,2.2886,2.2907
1762204320,2.2907,2.2937,2.2887,2.2893
1762204380,2.2893,2.2899,2.2852,2.2883
1762204440,2.2883,2.2884,2.2829,2.2847
1762204500,2.2847,2.2886,2.2812,2.2822
1762204560,2.2822,2.283,2.2766,2.2769
1762204620,2.2769,2.277,2.2658,2.2681
1762204680,2.2681,2.2754,2.2681,2.2721
1762204740,2.2721,2.2807,2.2717,2.2805
1762204800,2.2805,2.2809,2.2779,2.2803
1762204860,2.2803,2.282,2.2754,2.2818
1762204920,2.2818,2.2945,2.2805,2.2941
1762204980,2.2941,2.2979,2.2918,2.292
1762205040,2.292,2.292,2.2859,2.2871
1762205100,2.2871,2.288,2.2843,2.2855
1762205160,2.2855,2.2869,2.2836,2.2842
1762205220,2.2842,2.2868,2.2841,2.2852
1762205280,2.2852,2.2906,2.2835,2.2887
1762205340,2.2887,2.2906,2.2882,2.2899
1762205400,2.2899,2.2929,2.2875,2.2924
1762205460,2.2924,2.2936,2.2854,2.2877
1762205520,2.2877,2.2933,2.287,2.2921
1762205580,2.2921,2.2971,2.2921,2.2963
1762205640,2.2963,2.3021,2.2958,2.3021
1762205700,2.3021,2.3021,2.2985,2.3001
1762205760,2.3001,2.3054,2.2996,2.3042
1762205820,2.3042,2.3057,2.3005,2.304
1762205880,2.304,2.3057,2.3024,2.3035
1762205940,2.3035,2.3035,2.2982,2.2996
1762206000,2.2996,2.3017,2.2979,2.3011
1762206060,2.3011,2.3032,2.2988,2.3028
1762206120,2.3028,2.3042,2.3004,2.3036
1762206180,2.3036,2.3089,2.3027,2.3089
1762206240,2.3089,2.3089,2.3063,2.3078
1762206300,2.3078,2.3109,2.3069,2.3078
1762206360,2.3078,2.3101,2.3062,2.309
1762206420,2.309,2.3091,2.3054,2.3058
1762206480,2.3058,2.3094,2.3051,2.3081
1762206540,2.3081,2.3081,2.3039,2.3057
1762206600,2.3057,2.3117,2.3041,2.3088
1762206660,2.3088,2.3101,2.3064,2.3083
1762206720,2.3083,2.3093,2.3072,2.309
1762206780,2.309,2.3118,2.3089,2.3091
1762206840,2.3091,2.3098,2.3076,2.3095
1762206900,2.3095,2.3104,2.3076,2.308
1762206960,2.308,2.3101,2.3075,2.3095
1762207020,2.3095,2.3102,2.3079,2.3089
1762207080,2.3089,2.3089,2.3069,2.3079
1762207140,2.3079,2.3109,2.3063,2.3097
1762207200,2.3097,2.3109,2.3079,2.3081
1762207260,2.3081,2.3094,2.3039,2.3042
1762207320,2.3042,2.3054,2.3005,2.3011
1762207380,2.3011,2.3012,2.292,2.2943
1762207440,2.2943,2.3017,2.2942,2.3003
1762207500,2.3003,2.3054,2.3003,2.3036
1762207560,2.3036,2.3036,2.2981,2.2992
1762207620,2.2992,2.2992,2.2956,2.2963
1762207680,2.2963,2.3006,2.2955,2.2994
1762207740,2.2994,2.3028,2.2983,2.3025
1762207800,2.3025,2.303,2.3011,2.3023
1762207860,2.3023,2.3027,2.299,2.2996
1762207920,2.2996,2.2999,2.2947,2.2948
1762207980,2.2948,2.2992,2.2948,2.2974
1762208040,2.2974,2.299,2.2937,2.2985
1762208100,2.2985,2.3011,2.2964,2.2968
1762208160,2.2968,2.3018,2.2954,2.2988
1762208220,2.2988,2.3003,2.2971,2.2996
1762208280,2.2996,2.3,2.2978,2.2991
1762208340,2.2991,2.2992,2.2946,2.2951
1762208400,2.2951,2.2957,2.2943,2.2957
1762208460,2.2957,2.2978,2.2924,2.2928
1762208520,2.2928,2.2931,2.2866,2.2903
1762208580,2.2903,2.2945,2.2903,2.2932
1762208640,2.2932,2.2947,2.2876,2.2891
1762208700,2.2891,2.2899,2.2871,2.2882
1762208760,2.2882,2.2898,2.2831,2.2848
1762208820,2.2848,2.2867,2.2828,2.2835
1762208880,2.2835,2.2847,2.2806,2.2819
1762208940,2.2819,2.284,2.2794,2.2795
1762209000,2.2795,2.2795,2.2688,2.2716
1762209060,2.2716,2.276,2.2716,2.2746
1762209120,2.2746,2.2752,2.2682,2.2697
1762209180,2.2697,2.2748,2.2694,2.2729
1762209240,2.2729,2.2817,2.2722,2.2805
1762209300,2.2805,2.2808,2.2773,2.2799
1762209360,2.2799,2.2925,2.2799,2.2901
1762209420,2.2901,2.2934,2.29,2.2901
1762209480,2.2901,2.2913,2.2869,2.2882
1762209540,2.2882,2.2891,2.2843,2.2857
1762209600,2.2857,2.2904,2.2856,2.2889
1762209660,2.2889,2.295,2.2889,2.2933
1762209720,2.2933,2.294,2.2931,2.2937
1762209780,2.2937,2.2968,2.2936,2.2968
1762209840,2.2968,2.3011,2.2962,2.3003
1762209900,2.3003,2.3025,2.3002,2.3024
1762209960,2.3024,2.3046,2.3024,2.3038
1762210020,2.3038,2.3039,2.2996,2.3001
1762210080,2.3001,2.3023,2.2999,2.2999
1762210140,2.2999,2.304,2.2995,2.304
1762210200,2.304,2.3061,2.3036,2.3059
1762210260,2.3059,2.3065,2.3037,2.3037
1762210320,2.3037,2.3037,2.3005,2.3022
1762210380,2.3022,2.3028,2.3011,2.3024
1762210440,2.3024,2.3025,2.3016,2.3021
1762210500,2.3021,2.3023,2.296,2.296
1762210560,2.296,2.2973,2.2959,2.2971
1762210620,2.2971,2.2983,2.2968,2.2983
1762210680,2.2983,2.2998,2.2981,2.2981
1762210740,2.2981,2.2998,2.2981,2.2989
1762210800,2.2989,2.2994,2.2924,2.2928
1762210860,2.2928,2.2931,2.2866,2.2872
1762210920,2.2872,2.2881,2.2847,2.285
1762210980,2.285,2.2858,2.2832,2.2848
1762211040,2.2848,2.2864,2.2824,2.2859
1762211100,2.2859,2.2892,2.2853,2.2885
1762211160,2.2885,2.29,2.2885,2.2892
1762211220,2.2892,2.2892,2.2882,2.2888
1762211280,2.2888,2.2926,2.2887,2.2895
1762211340,2.2895,2.2929,2.2894,2.2928
1762211400,2.2928,2.2928,2.2898,2.29
1762211460,2.29,2.295,2.29,2.2938
1762211520,2.2938,2.2957,2.2936,2.2956
1762211580,2.2956,2.2969,2.2929,2.2929
1762211640,2.2929,2.2944,2.2923,2.2923
1762211700,2.2923,2.2924,2.2916,2.2922
1762211760,2.2922,2.2923,2.2896,2.2905
1762211820,2.2905,2.2935,2.2902,2.2934
1762211880,2.2934,2.2949,2.2928,2.293
1762211940,2.293,2.2954,2.2925,2.2954
1762212000,2.2954,2.2998,2.2953,2.2991
1762212060,2.2991,2.3008,2.2982,2.3008
1762212120,2.3008,2.302,2.2991,2.2992
1762212180,2.2992,2.3006,2.2978,2.2991
1762212240,2.2991,2.3011,2.2991,2.3008
1762212300,2.3008,2.3046,2.3005,2.3041
1762212360,2.3041,2.3041,2.302,2.302
1762212420,2.302,2.3025,2.3011,2.3018
1762212480,2.3018,2.3018,2.3003,2.3011
1762212540,2.3011,2.3017,2.2987,2.2987
1762212600,2.2987,2.2993,2.2981,2.2987
1762212660,2.2987,2.3018,2.2987,2.2993
1762212720,2.2993,2.2996,2.298,2.2991
1762212780,2.2991,2.3011,2.2991,2.3009
1762212840,2.3009,2.3047,2.3008,2.3038
1762212900,2.3038,2.3061,2.3037,2.3046
1762212960,2.3046,2.3047,2.3032,2.304
1762213020,2.304,2.3062,2.3037,2.3061
1762213080,2.3061,2.3084,2.306,2.3076
1762213140,2.3076,2.3093,2.3076,2.3092
1762213200,2.3092,2.3122,2.3091,2.3121
1762213260,2.3121,2.3121,2.3082,2.3085
1762213320,2.3085,2.3099,2.3085,2.3094
1762213380,2.3094,2.3102,2.308,2.3097
1762213440,2.3097,2.311,2.3085,2.3091
1762213500,2.3091,2.3108,2.309,2.31
1762213560,2.31,2.3105,2.3079,2.3084
1762213620,2.3084,2.3084,2.3043,2.3053
1762213680,2.3053,2.3065,2.3048,2.3058
1762213740,2.3058,2.3058,2.3032,2.3051
1762213800,2.3051,2.3051,2.3033,2.3043
1762213860,2.3043,2.3043,2.302,2.3036
1762213920,2.3036,2.3057,2.3036,2.3045
1762213980,2.3045,2.3068,2.3034,2.3061
1762214040,2.3061,2.3089,2.306,2.3071
1762214100,2.3071,2.3087,2.3068,2.308
1762214160,2.308,2.3087,2.307,2.308
1762214220,2.308,2.3096,2.3078,2.3088
1762214280,2.3088,2.3094,2.3073,2.3078
1762214340,2.3078,2.3086,2.3075,2.308
1762214400,2.308,2.3087,2.3062,2.3073
1762214460,2.3073,2.3073,2.3039,2.3039
1762214520,2.3039,2.3043,2.3026,2.303
1762214580,2.303,2.3047,2.303,2.3036
1762214640,2.3036,2.3074,2.3036,2.3054
1762214700,2.3054,2.3074,2.3042,2.3054
1762214760,2.3054,2.3098,2.3054,2.3091
1762214820,2.3091,2.314,2.3078,2.3136
1762214880,2.3136,2.3136,2.311,2.3128
1762214940,2.3128,2.3141,2.3116,2.3137
1762215000,2.3137,2.3146,2.3115,2.3127
1762215060,2.3127,2.3148,2.3125,2.3133
1762215120,2.3133,2.3134,2.3092,2.3104
1762215180,2.3104,2.3135,2.3104,2.3135
1762215240,2.3135,2.3144,2.3108,2.3123
1762215300,2.3123,2.3148,2.3121,2.3139
1762215360,2.3139,2.314,2.3107,2.3123
1762215420,2.3123,2.3166,2.3113,2.3162
1762215480,2.3162,2.3197,2.316,2.316
1762215540,2.316,2.3168,2.3117,2.3163
1762215600,2.3163,2.3189,2.3144,2.3151
1762215660,2.3151,2.3151,2.312,2.3124
1762215720,2.3124,2.3129,2.3087,2.309
1762215780,2.309,2.3119,2.3079,2.3081
1762215840,2.3081,2.3099,2.3048,2.3057
1762215900,2.3057,2.3071,2.3048,2.3062
1762215960,2.3062,2.3077,2.3036,2.304
1762216020,2.304,2.3041,2.3,2.3007
1762216080,2.3007,2.3039,2.3004,2.3034
1762216140,2.3034,2.3034,2.2978,2.2982
1762216200,2.2982,2.3084,2.2982,2.3081
1762216260,2.3081,2.3126,2.3075,2.3084
1762216320,2.3084,2.3104,2.304,2.3091
1762216380,2.3091,2.317,2.3091,2.3154
1762216440,2.3154,2.3211,2.3145,2.3193
1762216500,2.3193,2.3217,2.3188,2.3214
1762216560,2.3214,2.3306,2.3213,2.3288
1762216620,2.3288,2.3298,2.326,2.3276
1762216680,2.3276,2.3374,2.3265,2.3364
1762216740,2.3364,2.3382,2.3343,2.3372
1762216800,2.3372,2.3428,2.3363,2.3387
1762216860,2.3387,2.3387,2.3365,2.3365
1762216920,2.3365,2.343,2.3364,2.342
1762216980,2.342,2.3434,2.3408,2.3419
1762217040,2.3419,2.3428,2.3394,2.3399
1762217100,2.3399,2.3399,2.3354,2.3382
1762217160,2.3382,2.3426,2.3382,2.3393
1762217220,2.3393,2.3411,2.3382,2.3395
1762217280,2.3395,2.342,2.3381,2.3385
1762217340,2.3385,2.3405,2.3374,2.34
1762217400,2.34,2.34,2.3334,2.3335
1762217460,2.3335,2.337,2.3326,2.3345
1762217520,2.3345,2.3359,2.3345,2.3349
1762217580,2.3349,2.3366,2.3345,2.3354
1762217640,2.3354,2.3366,2.3324,2.3326
1762217700,2.3326,2.3326,2.3276,2.3284
1762217760,2.3284,2.3286,2.3252,2.3264
1762217820,2.3264,2.3299,2.3264,2.3299
1762217880,2.3299,2.3316,2.329,2.3314
1762217940,2.3314,2.3363,2.3314,2.3353
1762218000,2.3353,2.3364,2.3332,2.3335
1762218060,2.3335,2.3366,2.3333,2.3353
1762218120,2.3353,2.3365,2.3332,2.3332
1762218180,2.3332,2.3339,2.3296,2.3296
1762218240,2.3296,2.33,2.3269,2.3269
1762218300,2.3269,2.3269,2.3219,2.3244
1762218360,2.3244,2.3317,2.3244,2.3308
1762218420,2.3308,2.3348,2.3308,2.332
1762218480,2.332,2.3327,2.3265,2.3279
1762218540,2.3279,2.3306,2.3258,2.3297
1762218600,2.3297,2.3313,2.3279,2.3301
1762218660,2.3301,2.3312,2.3287,2.3307
1762218720,2.3307,2.3336,2.3307,2.3309
1762218780,2.3309,2.3317,2.3297,2.3306
1762218840,2.3306,2.3325,2.3286,2.3302
1762218900,2.3302,2.3316,2.3277,2.3294
1762218960,2.3294,2.3307,2.3259,2.33
1762219020,2.33,2.33,2.3276,2.3285
1762219080,2.3285,2.3305,2.3276,2.3301
1762219140,2.3301,2.3318,2.328,2.3299
1762219200,2.3299,2.3374,2.3299,2.3374
1762219260,2.3374,2.3418,2.3365,2.3416
1762219320,2.3416,2.342,2.3366,2.3415
1762219380,2.3415,2.342,2.3367,2.3394
1762219440,2.3394,2.3409,2.3368,2.3373
1762219500,2.3373,2.3383,2.3346,2.335
1762219560,2.335,2.3351,2.3305,2.3305
1762219620,2.3305,2.332,2.3298,2.33
1762219680,2.33,2.33,2.3274,2.3277
1762219740,2.3277,2.3324,2.3275,2.3324
1762219800,2.3324,2.3356,2.331,2.3333
1762219860,2.3333,2.3333,2.3307,2.3328
1762219920,2.3328,2.3389,2.3328,2.3386
1762219980,2.3386,2.3402,2.337,2.3388
1762220040,2.3388,2.3419,2.3386,2.341
1762220100,2.341,2.341,2.3379,2.3405
1762220160,2.3405,2.3438,2.3405,2.3429
1762220220,2.3429,2.343,2.3408,2.341
1762220280,2.341,2.3471,2.341,2.3469
1762220340,2.3469,2.3487,2.3426,2.3448
1762220400,2.3448,2.3465,2.3426,2.3431
1762220460,2.3431,2.3432,2.3392,2.3405
1762220520,2.3405,2.3423,2.3402,2.3406
1762220580,2.3406,2.342,2.3404,2.3411
1762220640,2.3411,2.3418,2.3403,2.3404
1762220700,2.3404,2.3412,2.3401,2.3405
1762220760,2.3405,2.3437,2.3399,2.3413
1762220820,2.3413,2.3418,2.3398,2.34
1762220880,2.34,2.342,2.3399,2.3404
1762220940,2.3404,2.3418,2.3364,2.3364
1762221000,2.3364,2.3364,2.3337,2.3341
1762221060,2.3341,2.3348,2.3326,2.334
1762221120,2.334,2.334,2.3305,2.3328
1762221180,2.3328,2.337,2.3324,2.3361
1762221240,2.3361,2.3393,2.3357,2.3392
1762221300,2.3392,2.3417,2.3386,2.3407
1762221360,2.3407,2.3433,2.3406,2.3426
1762221420,2.3426,2.3444,2.3412,2.3441
1762221480,2.3441,2.3442,2.3416,2.3417
1762221540,2.3417,2.3418,2.3404,2.3408
1762221600,2.3408,2.3408,2.3373,2.3376
1762221660,2.3376,2.3383,2.3361,2.3365
1762221720,2.3365,2.3376,2.3351,2.3353
1762221780,2.3353,2.337,2.335,2.3352
1762221840,2.3352,2.3368,2.3346,2.3346
1762221900,2.3346,2.3369,2.3327,2.3351
1762221960,2.3351,2.3357,2.3341,2.3341
1762222020,2.3341,2.3381,2.3341,2.3369
1762222080,2.3369,2.3409,2.3364,2.3409
1762222140,2.3409,2.3428,2.3405,2.3422
1762222200,2.3422,2.3423,2.3401,2.3401
1762222260,2.3401,2.342,2.3398,2.3417
1762222320,2.3417,2.3454,2.3416,2.3445
1762222380,2.3445,2.3445,2.3418,2.344
1762222440,2.344,2.3445,2.3429,2.3431
1762222500,2.3431,2.3459,2.3417,2.3448
1762222560,2.3448,2.3448,2.3394,2.3426
1762222620,2.3426,2.3457,2.3424,2.3439
1762222680,2.3439,2.3462,2.3437,2.3454
1762222740,2.3454,2.3497,2.3454,2.3486
1762222800,2.3486,2.3504,2.3482,2.3489
1762222860,2.3489,2.3505,2.3479,2.3486
1762222920,2.3486,2.3502,2.3486,2.3486
1762222980,2.3486,2.3501,2.3473,2.349
1762223040,2.349,2.349,2.3461,2.3484
1762223100,2.3484,2.3512,2.3481,2.3493
1762223160,2.3493,2.3502,2.347,2.3477
1762223220,2.3477,2.3496,2.3473,2.3473
1762223280,2.3473,2.3474,2.3422,2.3435
1762223340,2.3435,2.3435,2.3405,2.3409
1762223400,2.3409,2.3409,2.3381,2.3388
1762223460,2.3388,2.3424,2.3387,2.3419
1762223520,2.3419,2.3452,2.3419,2.3434
1762223580,2.3434,2.3437,2.34,2.3416
1762223640,2.3416,2.3442,2.3413,2.3431
1762223700,2.3431,2.3444,2.3414,2.3424
1762223760,2.3424,2.3449,2.3407,2.341
1762223820,2.341,2.3415,2.3379,2.3413
1762223880,2.3413,2.3458,2.3413,2.3432
1762223940,2.3432,2.3462,2.3427,2.3439
1762224000,2.3439,2.3459,2.3431,2.3436
1762224060,2.3436,2.3446,2.3417,2.3418
1762224120,2.3418,2.3418,2.3365,2.3374
1762224180,2.3374,2.3389,2.3366,2.3385
1762224240,2.3385,2.3399,2.3375,2.3391
1762224300,2.3391,2.3391,2.3354,2.337
1762224360,2.337,2.3404,2.3359,2.3397
1762224420,2.3397,2.3397,2.3352,2.3368
1762224480,2.3368,2.3398,2.3353,2.3388
1762224540,2.3388,2.3408,2.3374,2.3378
1762224600,2.3378,2.34,2.3372,2.3379
1762224660,2.3379,2.3389,2.3372,2.3375
1762224720,2.3375,2.3384,2.3364,2.3378
1762224780,2.3378,2.3406,2.3375,2.3406
1762224840,2.3406,2.3408,2.339,2.34
1762224900,2.34,2.3402,2.3377,2.3381
1762224960,2.3381,2.34,2.3379,2.3391
1762225020,2.3391,2.3392,2.3371,2.339
1762225080,2.339,2.3397,2.3379,2.3393
1762225140,2.3393,2.3393,2.3378,2.338
1762225200,2.338,2.3447,2.3379,2.3414
1762225260,2.3414,2.3449,2.3403,2.3422
1762225320,2.3422,2.3446,2.3395,2.3398
1762225380,2.3398,2.3412,2.3381,2.3385
1762225440,2.3385,2.3412,2.3378,2.3404
1762225500,2.3404,2.3405,2.335,2.3351
1762225560,2.3351,2.3351,2.332,2.3331
1762225620,2.3331,2.3345,2.3323,2.3335
1762225680,2.3335,2.3392,2.3335,2.3392
1762225740,2.3392,2.3395,2.3369,2.3387
1762225800,2.3387,2.3389,2.3374,2.3384
1762225860,2.3384,2.3437,2.3381,2.3429
1762225920,2.3429,2.345,2.3428,2.3446
1762225980,2.3446,2.3497,2.3446,2.3495
1762226040,2.3495,2.3543,2.3492,2.3525
1762226100,2.3525,2.3552,2.3525,2.3541
1762226160,2.3541,2.3542,2.3504,2.3505
1762226220,2.3505,2.3525,2.3501,2.3505
1762226280,2.3505,2.3537,2.3488,2.3488
1762226340,2.3488,2.3489,2.3471,2.3477
1762226400,2.3477,2.35,2.3468,2.3487
1762226460,2.3487,2.349,2.347,2.3477
1762226520,2.3477,2.3512,2.3475,2.3506
1762226580,2.3506,2.352,2.35,2.3508
1762226640,2.3508,2.3519,2.3474,2.3476
1762226700,2.3476,2.3519,2.3474,2.3518
1762226760,2.3518,2.3525,2.3494,2.3494
1762226820,2.3494,2.3528,2.3492,2.3527
1762226880,2.3527,2.3533,2.3514,2.3524
1762226940,2.3524,2.3526,2.3506,2.3512
1762227000,2.3512,2.3513,2.3491,2.3498
1762227060,2.3498,2.3498,2.3463,2.3467
1762227120,2.3467,2.3493,2.3466,2.3477
1762227180,2.3477,2.3534,2.3475,2.3527
1762227240,2.3527,2.3572,2.3527,2.3563
1762227300,2.3563,2.3587,2.3546,2.3548
1762227360,2.3548,2.3549,2.3514,2.3521
1762227420,2.3521,2.3593,2.3521,2.3586
1762227480,2.3586,2.3622,2.3582,2.36
1762227540,2.36,2.3606,2.3588,2.3597
1762227600,2.3597,2.3607,2.3564,2.3574
1762227660,2.3574,2.3588,2.3572,2.3579
1762227720,2.3579,2.3587,2.357,2.3572
1762227780,2.3572,2.36,2.3572,2.3595
1762227840,2.3595,2.3597,2.3581,2.3582
1762227900,2.3582,2.3594,2.3539,2.3539
1762227960,2.3539,2.3571,2.3517,2.3568
1762228020,2.3568,2.3569,2.3528,2.3535
1762228080,2.3535,2.3545,2.3506,2.3517
1762228140,2.3517,2.3521,2.3508,2.3517
1762228200,2.3517,2.3532,2.351,2.3527
1762228260,2.3527,2.3539,2.3514,2.352
1762228320,2.352,2.352,2.3485,2.3501
1762228380,2.3501,2.3539,2.35,2.3536
1762228440,2.3536,2.3567,2.3529,2.3558
1762228500,2.3558,2.3565,2.3544,2.3544
1762228560,2.3544,2.3548,2.3528,2.3542
1762228620,2.3542,2.3569,2.354,2.3566
1762228680,2.3566,2.358,2.3558,2.3559
1762228740,2.3559,2.3569,2.3551,2.3552
1762228800,2.3552,2.358,2.3552,2.3553
1762228860,2.3553,2.358,2.3538,2.3579
1762228920,2.3579,2.3588,2.3563,2.3563
1762228980,2.3563,2.3612,2.3563,2.3603
1762229040,2.3603,2.3639,2.3603,2.363
1762229100,2.363,2.3643,2.3606,2.3606
1762229160,2.3606,2.3608,2.356,2.3571
1762229220,2.3571,2.3576,2.3555,2.3559
1762229280,2.3559,2.3575,2.3545,2.3573
1762229340,2.3573,2.3573,2.3546,2.3564
1762229400,2.3564,2.3586,2.3564,2.3579
1762229460,2.3579,2.359,2.3567,2.3579
1762229520,2.3579,2.3587,2.3547,2.3575
1762229580,2.3575,2.3575,2.3545,2.3547
1762229640,2.3547,2.3563,2.3525,2.354
1762229700,2.354,2.3545,2.3511,2.3511
1762229760,2.3511,2.3532,2.3496,2.3505
1762229820,2.3505,2.3531,2.3482,2.352
1762229880,2.352,2.353,2.3506,2.3511
1762229940,2.3511,2.3528,2.3495,2.3519
1762230000,2.3519,2.3536,2.3498,2.3504
1762230060,2.3504,2.3511,2.3492,2.3505
1762230120,2.3505,2.3535,2.3492,2.3526
1762230180,2.3526,2.3529,2.3509,2.3511
1762230240,2.3511,2.3511,2.3488,2.3492
1762230300,2.3492,2.3495,2.3478,2.3481
1762230360,2.3481,2.3492,2.3461,2.3474
1762230420,2.3474,2.3488,2.3467,2.3478
1762230480,2.3478,2.3487,2.3467,2.3476
1762230540,2.3476,2.3482,2.3462,2.3468
1762230600,2.3468,2.3498,2.3468,2.3474
1762230660,2.3474,2.3515,2.3457,2.3515
1762230720,2.3515,2.3517,2.3487,2.3501
1762230780,2.3501,2.3525,2.3478,2.3486
1762230840,2.3486,2.3486,2.3467,2.3476
1762230900,2.3476,2.3482,2.3451,2.3456
1762230960,2.3456,2.3457,2.3395,2.3438
1762231020,2.3438,2.3453,2.342,2.3442
1762231080,2.3442,2.3469,2.3441,2.3446
1762231140,2.3446,2.3446,2.3402,2.3424
1762231200,2.3424,2.3437,2.3401,2.3406
1762231260,2.3406,2.3423,2.3401,2.3418
1762231320,2.3418,2.3428,2.3406,2.3409
1762231380,2.3409,2.3418,2.3404,2.3405
1762231440,2.3405,2.3413,2.3404,2.3405
1762231500,2.3405,2.3433,2.3393,2.3429
1762231560,2.3429,2.3433,2.3413,2.3427
1762231620,2.3427,2.3442,2.3398,2.34
1762231680,2.34,2.3415,2.3392,2.3407
1762231740,2.3407,2.3412,2.3392,2.3403
1762231800,2.3403,2.3407,2.3392,2.34
1762231860,2.34,2.3417,2.34,2.3401
1762231920,2.3401,2.3401,2.3365,2.3394
1762231980,2.3394,2.3427,2.3392,2.3396
1762232040,2.3396,2.3401,2.3373,2.3376
1762232100,2.3376,2.3388,2.337,2.337
1762232160,2.337,2.3378,2.336,2.3362
1762232220,2.3362,2.3371,2.3353,2.3367
1762232280,2.3367,2.3381,2.3364,2.338
1762232340,2.338,2.3385,2.3367,2.3372
1762232400,2.3372,2.3373,2.3337,2.3353
1762232460,2.3353,2.3358,2.3339,2.334
1762232520,2.334,2.335,2.3331,2.335
1762232580,2.335,2.3372,2.3348,2.3372
1762232640,2.3372,2.3372,2.3327,2.333
1762232700,2.333,2.3351,2.3324,2.335
1762232760,2.335,2.3362,2.3333,2.3355
1762232820,2.3355,2.3371,2.3355,2.3357
1762232880,2.3357,2.3367,2.3348,2.3355
1762232940,2.3355,2.3397,2.3355,2.3397
1762233000,2.3397,2.3414,2.3379,2.3387
1762233060,2.3387,2.3401,2.3366,2.3371
1762233120,2.3371,2.3381,2.3351,2.3355
1762233180,2.3355,2.3365,2.3331,2.3365
1762233240,2.3365,2.3365,2.3346,2.3346
1762233300,2.3346,2.3356,2.3286,2.3291
1762233360,2.3291,2.3302,2.3259,2.3263
1762233420,2.3263,2.3279,2.3239,2.327
1762233480,2.327,2.3287,2.3256,2.3262
1762233540,2.3262,2.3265,2.321,2.3249
1762233600,2.3249,2.3249,2.3211,2.3235
1762233660,2.3235,2.3244,2.3129,2.3142
1762233720,2.3142,2.3172,2.3089,2.3158
1762233780,2.3158,2.3195,2.3151,2.3161
1762233840,2.3161,2.3167,2.3068,2.3111
1762233900,2.3111,2.3152,2.3093,2.3103
1762233960,2.3103,2.3113,2.3046,2.308
1762234020,2.308,2.3086,2.304,2.3053
1762234080,2.3053,2.3076,2.298,2.3001
1762234140,2.3001,2.3056,2.2999,2.3021
1762234200,2.3021,2.3027,2.2942,2.2982
1762234260,2.2982,2.2982,2.2841,2.2862
1762234320,2.2862,2.2949,2.2862,2.2913
1762234380,2.2913,2.2936,2.2851,2.2858
1762234440,2.2858,2.2909,2.285,2.2878
1762234500,2.2878,2.2915,2.2855,2.2869
1762234560,2.2869,2.293,2.2861,2.2929
1762234620,2.2929,2.2972,2.2903,2.2961
1762234680,2.2961,2.2966,2.2902,2.2909
1762234740,2.2909,2.2921,2.2896,2.2907
1762234800,2.2907,2.2971,2.2894,2.29
1762234860,2.29,2.2904,2.2866,2.2884
1762234920,2.2884,2.2913,2.2884,2.2902
1762234980,2.2902,2.2912,2.2812,2.2828
1762235040,2.2828,2.2853,2.2764,2.2768
1762235100,2.2768,2.2808,2.2745,2.2746
1762235160,2.2746,2.2813,2.2711,2.2805
1762235220,2.2805,2.282,2.274,2.2765
1762235280,2.2765,2.2765,2.2628,2.2629
1762235340,2.2629,2.2685,2.2603,2.2643
1762235400,2.2643,2.273,2.2643,2.2698
1762235460,2.2698,2.2712,2.2635,2.264
1762235520,2.264,2.2645,2.2501,2.2525
1762235580,2.2525,2.2552,2.2483,2.2536
1762235640,2.2536,2.2582,2.2502,2.2523
1762235700,2.2523,2.2583,2.2518,2.2523
1762235760,2.2523,2.2569,2.2434,2.245
1762235820,2.245,2.2548,2.245,2.2527
1762235880,2.2527,2.2531,2.247,2.2514
1762235940,2.2514,2.2529,2.2475,2.2493
1762236000,2.2493,2.258,2.2483,2.2575
1762236060,2.2575,2.262,2.256,2.2619
1762236120,2.2619,2.2691,2.2616,2.2637
1762236180,2.2637,2.2656,2.2606,2.2609
1762236240,2.2609,2.267,2.2608,2.2662
1762236300,2.2662,2.2698,2.2632,2.2653
1762236360,2.2653,2.2673,2.2606,2.2624
1762236420,2.2624,2.2649,2.2616,2.2628
1762236480,2.2628,2.2634,2.2537,2.2542
1762236540,2.2542,2.2597,2.2529,2.2578
1762236600,2.2578,2.265,2.2553,2.2648
1762236660,2.2648,2.2695,2.2636,2.2681
1762236720,2.2681,2.2732,2.2648,2.2727
1762236780,2.2727,2.2803,2.2721,2.2798
1762236840,2.2798,2.2867,2.2773,2.2859
1762236900,2.2859,2.3032,2.2846,2.2996
1762236960,2.2996,2.3079,2.2983,2.3024
1762237020,2.3024,2.3056,2.3007,2.303
1762237080,2.303,2.3038,2.2984,2.299
1762237140,2.299,2.3006,2.2942,2.2963
1762237200,2.2963,2.3003,2.2954,2.2987
1762237260,2.2987,2.3004,2.2968,2.2994
1762237320,2.2994,2.2997,2.2919,2.2929
1762237380,2.2929,2.2931,2.2874,2.2878
1762237440,2.2878,2.2906,2.2863,2.2867
1762237500,2.2867,2.2899,2.2867,2.2884
1762237560,2.2884,2.2891,2.2858,2.2885
1762237620,2.2885,2.2887,2.286,2.2877
1762237680,2.2877,2.2914,2.2853,2.2875
1762237740,2.2875,2.2899,2.2864,2.2896
1762237800,2.2896,2.2896,2.284,2.2848
1762237860,2.2848,2.2852,2.2764,2.2798
1762237920,2.2798,2.2872,2.2791,2.2865
1762237980,2.2865,2.2897,2.2843,2.2845
1762238040,2.2845,2.2888,2.2844,2.288
1762238100,2.288,2.2892,2.2803,2.2831
1762238160,2.2831,2.2844,2.2793,2.28
1762238220,2.28,2.2811,2.2753,2.2757
1762238280,2.2757,2.2757,2.2702,2.2724
1762238340,2.2724,2.2725,2.2672,2.2678
1762238400,2.2678,2.27,2.2655,2.2672
1762238460,2.2672,2.2697,2.2649,2.269
1762238520,2.269,2.269,2.2665,2.2679
1762238580,2.2679,2.2711,2.2668,2.2705
1762238640,2.2705,2.2723,2.2686,2.2686
1762238700,2.2686,2.274,2.2686,2.2736
1762238760,2.2736,2.2766,2.2731,2.2755
1762238820,2.2755,2.2774,2.2742,2.2766
1762238880,2.2766,2.2802,2.274,2.2756
1762238940,2.2756,2.2762,2.2712,2.2735
1762239000,2.2735,2.276,2.2729,2.2751
1762239060,2.2751,2.2768,2.2724,2.2733
1762239120,2.2733,2.2742,2.2687,2.2742
1762239180,2.2742,2.2802,2.2738,2.2774
1762239240,2.2774,2.2786,2.269,2.27
1762239300,2.27,2.2712,2.2694,2.2703
1762239360,2.2703,2.2742,2.2702,2.2733
1762239420,2.2733,2.2738,2.2698,2.2705
1762239480,2.2705,2.2714,2.2685,2.271
1762239540,2.271,2.2748,2.271,2.2726
1762239600,2.2726,2.2757,2.2711,2.2738
1762239660,2.2738,2.2783,2.2717,2.2773
1762239720,2.2773,2.281,2.2751,2.2759
1762239780,2.2759,2.2764,2.2595,2.2633
1762239840,2.2633,2.2664,2.2606,2.2655
1762239900,2.2655,2.2655,2.2614,2.2644
1762239960,2.2644,2.2696,2.2619,2.268
1762240020,2.268,2.2719,2.2649,2.2679
1762240080,2.2679,2.2704,2.2652,2.2654
1762240140,2.2654,2.2655,2.261,2.2615
1762240200,2.2615,2.2632,2.2532,2.254
1762240260,2.254,2.2574,2.2538,2.2553
1762240320,2.2553,2.2587,2.252,2.2544
1762240380,2.2544,2.2544,2.2464,2.2474
1762240440,2.2474,2.2538,2.2472,2.2519
1762240500,2.2519,2.252,2.2457,2.2464
1762240560,2.2464,2.2613,2.2454,2.2581
1762240620,2.2581,2.2588,2.2519,2.2541
1762240680,2.2541,2.2585,2.2516,2.2582
1762240740,2.2582,2.2588,2.2539,2.2541
1762240800,2.2541,2.2545,2.2482,2.2498
1762240860,2.2498,2.2556,2.2487,2.2504
1762240920,2.2504,2.2525,2.2483,2.2493
1762240980,2.2493,2.2493,2.2369,2.2404
1762241040,2.2404,2.243,2.239,2.239
1762241100,2.239,2.2451,2.239,2.2451
1762241160,2.2451,2.2505,2.2428,2.2428
1762241220,2.2428,2.2439,2.2399,2.2406
1762241280,2.2406,2.2411,2.2307,2.2337
1762241340,2.2337,2.2352,2.2319,2.2335
1762241400,2.2335,2.2404,2.2331,2.2389
1762241460,2.2389,2.2437,2.2378,2.2408
1762241520,2.2408,2.242,2.2362,2.2397
1762241580,2.2397,2.2412,2.2379,2.2403
1762241640,2.2403,2.2459,2.24,2.2409
1762241700,2.2409,2.2433,2.2397,2.2431
1762241760,2.2431,2.2441,2.2399,2.2431
1762241820,2.2431,2.2493,2.2431,2.2488
1762241880,2.2488,2.2538,2.2476,2.2534
1762241940,2.2534,2.2599,2.2517,2.2587
1762242000,2.2587,2.2595,2.2539,2.2541
1762242060,2.2541,2.2541,2.2473,2.2483
1762242120,2.2483,2.2487,2.2414,2.2416
1762242180,2.2416,2.2417,2.2368,2.2402
1762242240,2.2402,2.2402,2.2364,2.24
1762242300,2.24,2.2421,2.2387,2.242
1762242360,2.242,2.2423,2.2384,2.2407
1762242420,2.2407,2.2412,2.2374,2.238
1762242480,2.238,2.238,2.2305,2.2325
1762242540,2.2325,2.2364,2.2316,2.233
1762242600,2.233,2.2378,2.233,2.2378
1762242660,2.2378,2.241,2.237,2.2409
1762242720,2.2409,2.246,2.2407,2.2458
1762242780,2.2458,2.2467,2.2426,2.2465
1762242840,2.2465,2.2471,2.2435,2.2467
1762242900,2.2467,2.2467,2.2421,2.2435
1762242960,2.2435,2.2468,2.2435,2.2468
1762243020,2.2468,2.2468,2.2414,2.2422
1762243080,2.2422,2.2435,2.2407,2.2432
1762243140,2.2432,2.2436,2.2411,2.2425
1762243200,2.2425,2.2458,2.2411,2.2457
1762243260,2.2457,2.2457,2.2395,2.2404
1762243320,2.2404,2.2456,2.2388,2.2454
1762243380,2.2454,2.2489,2.241,2.2434
1762243440,2.2434,2.2434,2.2385,2.2385
1762243500,2.2385,2.2395,2.2324,2.2337
1762243560,2.2337,2.2401,2.2329,2.24
1762243620,2.24,2.2401,2.2317,2.2317
1762243680,2.2317,2.2344,2.228,2.23
1762243740,2.23,2.2366,2.2289,2.235
1762243800,2.235,2.24,2.2338,2.2399
1762243860,2.2399,2.2477,2.2384,2.2466
1762243920,2.2466,2.2536,2.2447,2.2477
1762243980,2.2477,2.2477,2.2393,2.2433
1762244040,2.2433,2.2443,2.2401,2.2412
1762244100,2.2412,2.243,2.2371,2.2372
1762244160,2.2372,2.2436,2.2372,2.2378
1762244220,2.2378,2.2384,2.234,2.2378
1762244280,2.2378,2.2397,2.2322,2.2369
1762244340,2.2369,2.239,2.2337,2.2369
1762244400,2.2369,2.25,2.2369,2.2492
1762244460,2.2492,2.2589,2.2492,2.2558
1762244520,2.2558,2.264,2.2532,2.2639
1762244580,2.2639,2.2675,2.2603,2.2652
1762244640,2.2652,2.2661,2.2618,2.2652
1762244700,2.2652,2.2693,2.2607,2.2608
1762244760,2.2608,2.2616,2.254,2.2557
1762244820,2.2557,2.2593,2.2545,2.2583
1762244880,2.2583,2.2604,2.2562,2.2585
1762244940,2.2585,2.2633,2.2576,2.2614
1762245000,2.2614,2.2669,2.2585,2.2649
1762245060,2.2649,2.2774,2.2646,2.2735
1762245120,2.2735,2.2779,2.2724,2.276
1762245180,2.276,2.2783,2.273,2.2737
1762245240,2.2737,2.2737,2.2675,2.2692
1762245300,2.2692,2.2709,2.2666,2.27
1762245360,2.27,2.2748,2.2697,2.2718
1762245420,2.2718,2.2734,2.2691,2.2701
1762245480,2.2701,2.2727,2.2693,2.2694
1762245540,2.2694,2.2695,2.266,2.266
1762245600,2.266,2.2688,2.2656,2.2685
1762245660,2.2685,2.2693,2.2666,2.2676
1762245720,2.2676,2.2699,2.2667,2.2681
1762245780,2.2681,2.2683,2.2665,2.2682
1762245840,2.2682,2.2697,2.2677,2.2689
1762245900,2.2689,2.271,2.2629,2.2649
1762245960,2.2649,2.2654,2.2597,2.2606
1762246020,2.2606,2.2634,2.2563,2.2627
1762246080,2.2627,2.268,2.2606,2.2643
1762246140,2.2643,2.266,2.2616,2.266
1762246200,2.266,2.2665,2.2593,2.2595
1762246260,2.2595,2.2607,2.257,2.2577
1762246320,2.2577,2.2577,2.2535,2.2538
1762246380,2.2538,2.2595,2.2538,2.2595
1762246440,2.2595,2.2614,2.2564,2.2577
1762246500,2.2577,2.2585,2.2557,2.258
1762246560,2.258,2.2608,2.2568,2.2598
1762246620,2.2598,2.2613,2.2597,2.2606
1762246680,2.2606,2.2634,2.2603,2.2606
1762246740,2.2606,2.2636,2.2603,2.2622
1762246800,2.2622,2.263,2.2606,2.2629
1762246860,2.2629,2.263,2.2583,2.2595
1762246920,2.2595,2.2646,2.2593,2.2625
1762246980,2.2625,2.2654,2.2601,2.2646
1762247040,2.2646,2.2673,2.2634,2.2664
1762247100,2.2664,2.2683,2.2606,2.2606
1762247160,2.2606,2.2671,2.2606,2.2617
1762247220,2.2617,2.2619,2.2596,2.2597
1762247280,2.2597,2.2597,2.2527,2.2536
1762247340,2.2536,2.2577,2.2522,2.2577
1762247400,2.2577,2.2582,2.2544,2.2554
1762247460,2.2554,2.2596,2.2554,2.2564
1762247520,2.2564,2.2587,2.2554,2.2558
1762247580,2.2558,2.2564,2.2512,2.2543
1762247640,2.2543,2.2557,2.2517,2.2557
1762247700,2.2557,2.2559,2.252,2.255
1762247760,2.255,2.2602,2.2541,2.2595
1762247820,2.2595,2.2658,2.2585,2.2644
1762247880,2.2644,2.2645,2.2576,2.2586
1762247940,2.2586,2.2611,2.258,2.2602
1762248000,2.2602,2.2633,2.2591,2.2623
1762248060,2.2623,2.2627,2.2505,2.2508
1762248120,2.2508,2.2562,2.249,2.2559
1762248180,2.2559,2.258,2.2515,2.2578
1762248240,2.2578,2.2608,2.2569,2.2571
1762248300,2.2571,2.26,2.2568,2.2594
1762248360,2.2594,2.2639,2.2593,2.2632
1762248420,2.2632,2.2663,2.2628,2.2646
1762248480,2.2646,2.2654,2.2627,2.2637
1762248540,2.2637,2.2637,2.26,2.2615
1762248600,2.2615,2.2625,2.2601,2.2613
1762248660,2.2613,2.2643,2.2607,2.2621
1762248720,2.2621,2.2657,2.262,2.2627
1762248780,2.2627,2.2643,2.261,2.2613
1762248840,2.2613,2.2617,2.258,2.2593
1762248900,2.2593,2.2594,2.2503,2.2516
1762248960,2.2516,2.2517,2.2472,2.2509
1762249020,2.2509,2.2557,2.2494,2.2553
1762249080,2.2553,2.2621,2.255,2.2607
1762249140,2.2607,2.2613,2.258,2.2584
1762249200,2.2584,2.2596,2.2567,2.2596
1762249260,2.2596,2.2621,2.259,2.2603
1762249320,2.2603,2.2626,2.2584,2.2596
1762249380,2.2596,2.2606,2.258,2.2593
1762249440,2.2593,2.2609,2.2563,2.2575
1762249500,2.2575,2.2591,2.2562,2.2576
1762249560,2.2576,2.2585,2.2543,2.258
1762249620,2.258,2.2598,2.2555,2.2556
1762249680,2.2556,2.2563,2.2526,2.2538
1762249740,2.2538,2.2594,2.2538,2.2583
1762249800,2.2583,2.2604,2.2581,2.2588
1762249860,2.2588,2.2588,2.2539,2.2547
1762249920,2.2547,2.2556,2.2502,2.251
1762249980,2.251,2.2542,2.2508,2.2532
1762250040,2.2532,2.2532,2.2512,2.2526
1762250100,2.2526,2.2556,2.2521,2.2544
1762250160,2.2544,2.2603,2.2535,2.26
1762250220,2.26,2.2633,2.2588,2.2622
1762250280,2.2622,2.2637,2.2607,2.263
1762250340,2.263,2.2667,2.263,2.2647
1762250400,2.2647,2.266,2.2627,2.2637
1762250460,2.2637,2.265,2.2602,2.2607
1762250520,2.2607,2.2642,2.2587,2.2589
1762250580,2.2589,2.2609,2.2568,2.2599
1762250640,2.2599,2.2643,2.2599,2.2605
1762250700,2.2605,2.2631,2.2605,2.2622
1762250760,2.2622,2.2686,2.2622,2.2685
1762250820,2.2685,2.2713,2.2656,2.2666
1762250880,2.2666,2.2695,2.2666,2.2675
1762250940,2.2675,2.271,2.2672,2.2673
1762251000,2.2673,2.2698,2.2667,2.2689
1762251060,2.2689,2.2722,2.2658,2.2713
1762251120,2.2713,2.2745,2.2711,2.2726
1762251180,2.2726,2.2737,2.2682,2.269
1762251240,2.269,2.2704,2.2684,2.2694
1762251300,2.2694,2.2733,2.2692,2.2732
1762251360,2.2732,2.2754,2.2704,2.2717
1762251420,2.2717,2.2729,2.2692,2.2692
1762251480,2.2692,2.2719,2.2687,2.2714
1762251540,2.2714,2.2729,2.2707,2.2707
1762251600,2.2707,2.2711,2.2687,2.2695
1762251660,2.2695,2.2721,2.2675,2.2692
1762251720,2.2692,2.2715,2.2656,2.2661
1762251780,2.2661,2.2691,2.2649,2.267
1762251840,2.267,2.2672,2.2599,2.2625
1762251900,2.2625,2.2643,2.2596,2.2605
1762251960,2.2605,2.265,2.2595,2.2643
1762252020,2.2643,2.2675,2.2642,2.2643
1762252080,2.2643,2.2667,2.2633,2.2642
1762252140,2.2642,2.2652,2.2625,2.2647
1762252200,2.2647,2.2665,2.2635,2.2659
1762252260,2.2659,2.2661,2.2631,2.2654
1762252320,2.2654,2.2654,2.262,2.2622
1762252380,2.2622,2.2649,2.2622,2.2643
1762252440,2.2643,2.2695,2.2641,2.2666
1762252500,2.2666,2.2677,2.2638,2.2651
1762252560,2.2651,2.2651,2.2602,2.2618
1762252620,2.2618,2.2635,2.2587,2.263
1762252680,2.263,2.2661,2.2626,2.2661
1762252740,2.2661,2.2687,2.266,2.2683
1762252800,2.2683,2.2699,2.2666,2.2693
1762252860,2.2693,2.2719,2.2684,2.2712
1762252920,2.2712,2.2731,2.2698,2.271
1762252980,2.271,2.2729,2.267,2.267
1762253040,2.267,2.2673,2.2643,2.2663
1762253100,2.2663,2.2676,2.2631,2.2658
1762253160,2.2658,2.2684,2.2657,2.2666
1762253220,2.2666,2.2675,2.265,2.266
1762253280,2.266,2.2679,2.2637,2.2638
1762253340,2.2638,2.2653,2.2606,2.2617
1762253400,2.2617,2.263,2.2613,2.2613
1762253460,2.2613,2.2613,2.2591,2.26
1762253520,2.26,2.2641,2.2598,2.2635
1762253580,2.2635,2.2657,2.2606,2.2642
1762253640,2.2642,2.2654,2.2623,2.2623
1762253700,2.2623,2.2627,2.2594,2.2624
1762253760,2.2624,2.2627,2.2602,2.2618
1762253820,2.2618,2.2667,2.2616,2.2662
1762253880,2.2662,2.2672,2.2645,2.2649
1762253940,2.2649,2.266,2.2636,2.2654
1762254000,2.2654,2.2659,2.2629,2.2659
1762254060,2.2659,2.2659,2.262,2.2633
1762254120,2.2633,2.2715,2.2624,2.2702
1762254180,2.2702,2.2723,2.2696,2.2722
1762254240,2.2722,2.2723,2.2688,2.27
1762254300,2.27,2.2731,2.2689,2.2726
1762254360,2.2726,2.2783,2.2717,2.2729
1762254420,2.2729,2.2763,2.2723,2.2746
1762254480,2.2746,2.2748,2.2699,2.2737
1762254540,2.2737,2.2758,2.2721,2.2738
1762254600,2.2738,2.2762,2.2727,2.2749
1762254660,2.2749,2.2763,2.2732,2.2737
1762254720,2.2737,2.2737,2.2698,2.271
1762254780,2.271,2.2723,2.269,2.2703
1762254840,2.2703,2.2713,2.2694,2.271
1762254900,2.271,2.2712,2.2686,2.2704
1762254960,2.2704,2.2715,2.2692,2.2703
1762255020,2.2703,2.2749,2.27,2.2749
1762255080,2.2749,2.2837,2.2748,2.2828
1762255140,2.2828,2.2835,2.2796,2.2797
1762255200,2.2797,2.2827,2.2782,2.2827
1762255260,2.2827,2.2831,2.2806,2.2817
1762255320,2.2817,2.2832,2.2779,2.2788
1762255380,2.2788,2.2788,2.2752,2.2782
1762255440,2.2782,2.2791,2.2762,2.2775
1762255500,2.2775,2.2784,2.2755,2.2755
1762255560,2.2755,2.2755,2.2729,2.2736
1762255620,2.2736,2.2767,2.2727,2.2754
1762255680,2.2754,2.2773,2.2749,2.276
1762255740,2.276,2.2767,2.2734,2.2734
1762255800,2.2734,2.2755,2.2731,2.2731
1762255860,2.2731,2.2731,2.2678,2.2678
1762255920,2.2678,2.2707,2.2666,2.2703
1762255980,2.2703,2.2742,2.2701,2.2734
1762256040,2.2734,2.2744,2.272,2.2727
1762256100,2.2727,2.2736,2.27,2.2701
1762256160,2.2701,2.2733,2.2701,2.2726
1762256220,2.2726,2.2774,2.271,2.2774
1762256280,2.2774,2.2786,2.2756,2.2767
1762256340,2.2767,2.2807,2.2767,2.28
1762256400,2.28,2.2802,2.2761,2.2761
1762256460,2.2761,2.2771,2.2752,2.276
1762256520,2.276,2.279,2.276,2.279
1762256580,2.279,2.2791,2.2765,2.2787
1762256640,2.2787,2.2789,2.2765,2.2788
1762256700,2.2788,2.2797,2.2756,2.2797
1762256760,2.2797,2.283,2.278,2.2802
1762256820,2.2802,2.2805,2.2785,2.2793
1762256880,2.2793,2.2795,2.2752,2.2753
1762256940,2.2753,2.2758,2.2727,2.2728
1762257000,2.2728,2.2744,2.2715,2.274
1762257060,2.274,2.2757,2.2735,2.2753
1762257120,2.2753,2.2779,2.2732,2.2748
1762257180,2.2748,2.275,2.2726,2.2732
1762257240,2.2732,2.2741,2.2729,2.2733
1762257300,2.2733,2.2737,2.2723,2.2733
1762257360,2.2733,2.2771,2.2733,2.276
1762257420,2.276,2.2776,2.2751,2.2767
1762257480,2.2767,2.2817,2.2767,2.2814
1762257540,2.2814,2.2819,2.2791,2.2798
1762257600,2.2798,2.2798,2.277,2.277
1762257660,2.277,2.2794,2.2768,2.2793
1762257720,2.2793,2.2831,2.2785,2.2827
1762257780,2.2827,2.2832,2.2803,2.2822
1762257840,2.2822,2.2844,2.2797,2.2837
1762257900,2.2837,2.2873,2.2823,2.2865
1762257960,2.2865,2.2895,2.2846,2.2873
1762258020,2.2873,2.2893,2.2825,2.2836
1762258080,2.2836,2.2861,2.282,2.2855
1762258140,2.2855,2.2871,2.2841,2.2863
1762258200,2.2863,2.288,2.2849,2.2853
1762258260,2.2853,2.2855,2.282,2.282
1762258320,2.282,2.283,2.2805,2.2807
1762258380,2.2807,2.2807,2.2772,2.2794
1762258440,2.2794,2.2797,2.2779,2.2793
1762258500,2.2793,2.2799,2.2759,2.2768
1762258560,2.2768,2.278,2.2746,2.2767
1762258620,2.2767,2.2779,2.2754,2.2777
1762258680,2.2777,2.2785,2.2767,2.2771
1762258740,2.2771,2.2775,2.275,2.277
1762258800,2.277,2.2794,2.2749,2.2749
1762258860,2.2749,2.2774,2.2745,2.2763
1762258920,2.2763,2.2765,2.2713,2.2721
1762258980,2.2721,2.2734,2.2695,2.2705
1762259040,2.2705,2.2708,2.267,2.2688
1762259100,2.2688,2.2719,2.2682,2.2711
1762259160,2.2711,2.2725,2.2695,2.2709
1762259220,2.2709,2.275,2.2709,2.2749
1762259280,2.2749,2.2765,2.2745,2.2764
1762259340,2.2764,2.2782,2.275,2.2751
1762259400,2.2751,2.2751,2.2727,2.2732
1762259460,2.2732,2.2738,2.2717,2.2732
1762259520,2.2732,2.2749,2.2712,2.2712
1762259580,2.2712,2.2725,2.2707,2.2725
1762259640,2.2725,2.2729,2.2691,2.2691
1762259700,2.2691,2.2702,2.2643,2.2644
1762259760,2.2644,2.2654,2.2628,2.264
1762259820,2.264,2.2655,2.2635,2.2653
1762259880,2.2653,2.2654,2.262,2.2624
1762259940,2.2624,2.2636,2.2598,2.2619
1762260000,2.2619,2.265,2.2613,2.2613
1762260060,2.2613,2.2648,2.2606,2.2636
1762260120,2.2636,2.2645,2.2624,2.2628
1762260180,2.2628,2.2633,2.261,2.2623
1762260240,2.2623,2.2638,2.2613,2.2628
1762260300,2.2628,2.264,2.2608,2.262
1762260360,2.262,2.2634,2.2595,2.2624
1762260420,2.2624,2.2645,2.2624,2.264
1762260480,2.264,2.2679,2.2637,2.2665
1762260540,2.2665,2.2686,2.2645,2.268
1762260600,2.268,2.268,2.2638,2.2648
1762260660,2.2648,2.267,2.2642,2.2653
1762260720,2.2653,2.2671,2.2634,2.2659
1762260780,2.2659,2.2668,2.2646,2.2652
1762260840,2.2652,2.2671,2.2647,2.265
1762260900,2.265,2.265,2.2629,2.2633
1762260960,2.2633,2.264,2.2626,2.264
1762261020,2.264,2.2649,2.2623,2.2624
1762261080,2.2624,2.2648,2.2613,2.2637
1762261140,2.2637,2.264,2.2624,2.2638
1762261200,2.2638,2.2669,2.2626,2.2669
1762261260,2.2669,2.2701,2.2669,2.269
1762261320,2.269,2.2705,2.2673,2.2674
1762261380,2.2674,2.2751,2.2674,2.2729
1762261440,2.2729,2.2732,2.2697,2.2702
1762261500,2.2702,2.2704,2.2665,2.2667
1762261560,2.2667,2.2692,2.2646,2.2682
1762261620,2.2682,2.2687,2.2657,2.2664
1762261680,2.2664,2.267,2.2612,2.2626
1762261740,2.2626,2.2653,2.2613,2.2653
1762261800,2.2653,2.2694,2.2645,2.2686
1762261860,2.2686,2.274,2.2683,2.2726
1762261920,2.2726,2.2758,2.2726,2.2749
1762261980,2.2749,2.2753,2.2708,2.2714
1762262040,2.2714,2.2731,2.2706,2.2711
1762262100,2.2711,2.2725,2.2695,2.2724
1762262160,2.2724,2.2731,2.2701,2.2709
1762262220,2.2709,2.2734,2.2696,2.271
1762262280,2.271,2.2733,2.271,2.2724
1762262340,2.2724,2.2742,2.2715,2.2719
1762262400,2.2719,2.2719,2.2663,2.2674
1762262460,2.2674,2.2679,2.2632,2.2634
1762262520,2.2634,2.2682,2.2628,2.2682
1762262580,2.2682,2.2683,2.266,2.2664
1762262640,2.2664,2.2684,2.2619,2.2632
1762262700,2.2632,2.2634,2.2569,2.2592
1762262760,2.2592,2.2607,2.2574,2.2607
1762262820,2.2607,2.2613,2.2582,2.2597
1762262880,2.2597,2.2597,2.2561,2.2589
1762262940,2.2589,2.26,2.257,2.2576
1762263000,2.2576,2.2605,2.256,2.2601
1762263060,2.2601,2.2624,2.2555,2.256
1762263120,2.256,2.2602,2.2558,2.2602
1762263180,2.2602,2.2675,2.2601,2.2644
1762263240,2.2644,2.2689,2.264,2.2677
1762263300,2.2677,2.2735,2.2677,2.272
1762263360,2.272,2.2767,2.2711,2.2739
1762263420,2.2739,2.2739,2.2713,2.2738
1762263480,2.2738,2.2773,2.2713,2.2714
1762263540,2.2714,2.2739,2.2696,2.2722
1762263600,2.2722,2.2741,2.2709,2.2715
1762263660,2.2715,2.2731,2.2684,2.2704
1762263720,2.2704,2.2711,2.2666,2.2677
1762263780,2.2677,2.2711,2.2677,2.2699
1762263840,2.2699,2.2716,2.2685,2.2688
1762263900,2.2688,2.2688,2.2636,2.2644
1762263960,2.2644,2.2659,2.2618,2.263
1762264020,2.263,2.2654,2.2612,2.265
1762264080,2.265,2.2678,2.2634,2.2655
1762264140,2.2655,2.2655,2.259,2.259
1762264200,2.259,2.2598,2.2582,2.2595
1762264260,2.2595,2.2626,2.2593,2.2626
1762264320,2.2626,2.2662,2.2626,2.2642
1762264380,2.2642,2.2662,2.2631,2.2652
1762264440,2.2652,2.2655,2.2639,2.264
1762264500,2.264,2.2643,2.2618,2.2634
1762264560,2.2634,2.2648,2.2633,2.2633
1762264620,2.2633,2.2634,2.2613,2.2619
1762264680,2.2619,2.2638,2.2618,2.2618
1762264740,2.2618,2.2619,2.2601,2.2605
1762264800,2.2605,2.2609,2.2585,2.2591
1762264860,2.2591,2.2591,2.2526,2.2527
1762264920,2.2527,2.2527,2.2414,2.2429
1762264980,2.2429,2.2459,2.2423,2.2438
1762265040,2.2438,2.2491,2.2434,2.249
1762265100,2.249,2.2529,2.2488,2.2505
1762265160,2.2505,2.2549,2.2481,2.2549
1762265220,2.2549,2.2595,2.2535,2.258
1762265280,2.258,2.2584,2.2543,2.2573
1762265340,2.2573,2.2578,2.2537,2.2544
1762265400,2.2544,2.2556,2.2537,2.2548
1762265460,2.2548,2.2567,2.2514,2.2566
1762265520,2.2566,2.2566,2.252,2.2536
1762265580,2.2536,2.2567,2.2531,2.2551
1762265640,2.2551,2.2557,2.2515,2.2516
1762265700,2.2516,2.2533,2.2496,2.2525
1762265760,2.2525,2.2534,2.2509,2.2531
1762265820,2.2531,2.2543,2.2515,2.2523
1762265880,2.2523,2.2541,2.2511,2.2539
1762265940,2.2539,2.2582,2.2532,2.2538
1762266000,2.2538,2.2538,2.2463,2.2515
1762266060,2.2515,2.2528,2.2495,2.2495
1762266120,2.2495,2.2536,2.2495,2.2531
1762266180,2.2531,2.2577,2.253,2.2555
1762266240,2.2555,2.2555,2.2502,2.252
1762266300,2.252,2.2534,2.2483,2.2494
1762266360,2.2494,2.2507,2.2486,2.2497
1762266420,2.2497,2.2507,2.2487,2.2502
1762266480,2.2502,2.2529,2.2502,2.2507
1762266540,2.2507,2.2553,2.2507,2.2549
1762266600,2.2549,2.2631,2.2482,2.2618
1762266660,2.2618,2.2674,2.2571,2.2571
1762266720,2.2571,2.2645,2.2533,2.2605
1762266780,2.2605,2.2605,2.2531,2.2563
1762266840,2.2563,2.2617,2.2516,2.2591
1762266900,2.2591,2.2656,2.2573,2.2604
1762266960,2.2604,2.2616,2.2526,2.2609
1762267020,2.2609,2.2609,2.2511,2.2518
1762267080,2.2518,2.2532,2.2405,2.2454
1762267140,2.2454,2.253,2.2443,2.2521
1762267200,2.2521,2.2595,2.2473,2.258
1762267260,2.258,2.2818,2.2569,2.2796
1762267320,2.2796,2.2862,2.2768,2.2817
1762267380,2.2817,2.2838,2.2733,2.2764
1762267440,2.2764,2.2837,2.2758,2.2836
1762267500,2.2836,2.2845,2.2788,2.2826
1762267560,2.2826,2.2955,2.2814,2.2914
1762267620,2.2914,2.2944,2.2866,2.2899
1762267680,2.2899,2.3037,2.2889,2.3023
1762267740,2.3023,2.3023,2.2951,2.2951
1762267800,2.2951,2.2973,2.2928,2.2955
1762267860,2.2955,2.309,2.2954,2.3069
1762267920,2.3069,2.3081,2.2996,2.3007
1762267980,2.3007,2.3066,2.3006,2.3029
1762268040,2.3029,2.3093,2.3019,2.3069
1762268100,2.3069,2.3119,2.3053,2.3101
1762268160,2.3101,2.3114,2.3043,2.3046
1762268220,2.3046,2.3046,2.2975,2.2988
1762268280,2.2988,2.3007,2.2976,2.2998
1762268340,2.2998,2.3049,2.2991,2.303
1762268400,2.303,2.3137,2.303,2.309
1762268460,2.309,2.3146,2.3084,2.3139
1762268520,2.3139,2.3193,2.3103,2.3183
1762268580,2.3183,2.3205,2.3094,2.3094
1762268640,2.3094,2.3162,2.3094,2.3146
1762268700,2.3146,2.3178,2.3121,2.3127
1762268760,2.3127,2.3137,2.305,2.305
1762268820,2.305,2.3085,2.3039,2.3045
1762268880,2.3045,2.3075,2.3014,2.3026
1762268940,2.3026,2.3055,2.301,2.3042
1762269000,2.3042,2.3045,2.2951,2.2994
1762269060,2.2994,2.3061,2.2984,2.3043
1762269120,2.3043,2.307,2.303,2.3035
1762269180,2.3035,2.3075,2.3016,2.3019
1762269240,2.3019,2.3019,2.2961,2.2966
1762269300,2.2966,2.3028,2.2966,2.3025
1762269360,2.3025,2.3078,2.3014,2.3066
1762269420,2.3066,2.3093,2.3044,2.3051
1762269480,2.3051,2.3108,2.3044,2.3076
1762269540,2.3076,2.323,2.3066,2.3197
1762269600,2.3197,2.3243,2.317,2.3199
1762269660,2.3199,2.321,2.3136,2.3183
1762269720,2.3183,2.3195,2.3144,2.3179
1762269780,2.3179,2.3196,2.3135,2.318
1762269840,2.318,2.3196,2.3166,2.3186
1762269900,2.3186,2.3214,2.3185,2.3197
1762269960,2.3197,2.3258,2.3182,2.3214
1762270020,2.3214,2.3214,2.3148,2.3162
1762270080,2.3162,2.3164,2.3139,2.3152
1762270140,2.3152,2.3166,2.312,2.3127
1762270200,2.3127,2.3127,2.3092,2.31
1762270260,2.31,2.3122,2.3093,2.3096
1762270320,2.3096,2.3096,2.3065,2.3082
1762270380,2.3082,2.3104,2.3053,2.3056
1762270440,2.3056,2.3121,2.3047,2.3117
1762270500,2.3117,2.3123,2.31,2.3117
1762270560,2.3117,2.3136,2.3088,2.3088
1762270620,2.3088,2.309,2.3052,2.3059
1762270680,2.3059,2.3077,2.304,2.3073
1762270740,2.3073,2.312,2.307,2.3091
1762270800,2.3091,2.3144,2.3083,2.3109
1762270860,2.3109,2.3115,2.3075,2.3093
1762270920,2.3093,2.3106,2.3051,2.306
1762270980,2.306,2.3079,2.306,2.3068
1762271040,2.3068,2.3074,2.3044,2.3047
1762271100,2.3047,2.3049,2.2959,2.2962
1762271160,2.2962,2.2982,2.2935,2.2957
1762271220,2.2957,2.2957,2.291,2.291
1762271280,2.291,2.293,2.2902,2.2905
1762271340,2.2905,2.294,2.2902,2.2921
1762271400,2.2921,2.2931,2.286,2.2883
1762271460,2.2883,2.2914,2.2861,2.2872
1762271520,2.2872,2.2873,2.2806,2.2831
1762271580,2.2831,2.2846,2.2739,2.2782
1762271640,2.2782,2.2828,2.2778,2.2828
1762271700,2.2828,2.2857,2.2821,2.2835
1762271760,2.2835,2.2835,2.2772,2.2801
1762271820,2.2801,2.2816,2.2781,2.28
1762271880,2.28,2.2853,2.2793,2.2832
1762271940,2.2832,2.2837,2.2807,2.2818
1762272000,2.2818,2.2877,2.2815,2.2862
1762272060,2.2862,2.2891,2.283,2.2875
1762272120,2.2875,2.2879,2.2803,2.2831
1762272180,2.2831,2.2866,2.2822,2.2847
1762272240,2.2847,2.289,2.2847,2.289
1762272300,2.289,2.289,2.2857,2.2858
1762272360,2.2858,2.2884,2.285,2.2873
1762272420,2.2873,2.2942,2.2873,2.2938
1762272480,2.2938,2.2947,2.2881,2.2881
1762272540,2.2881,2.2896,2.2859,2.2861
1762272600,2.2861,2.2876,2.2832,2.2843
1762272660,2.2843,2.2844,2.2748,2.2765
1762272720,2.2765,2.2833,2.272,2.2827
1762272780,2.2827,2.2876,2.2823,2.2846
1762272840,2.2846,2.2846,2.2794,2.2801
1762272900,2.2801,2.2826,2.2774,2.2795
1762272960,2.2795,2.2806,2.2753,2.2778
1762273020,2.2778,2.2836,2.2773,2.2804
1762273080,2.2804,2.2804,2.272,2.2731
1762273140,2.2731,2.2781,2.2699,2.2703
1762273200,2.2703,2.2704,2.2606,2.2612
1762273260,2.2612,2.2649,2.254,2.2557
1762273320,2.2557,2.2624,2.2548,2.2622
1762273380,2.2622,2.264,2.2581,2.2604
1762273440,2.2604,2.2623,2.2556,2.261
1762273500,2.261,2.2682,2.2595,2.2664
1762273560,2.2664,2.2664,2.2615,2.2641
1762273620,2.2641,2.2682,2.2637,2.2646
1762273680,2.2646,2.2719,2.264,2.2719
1762273740,2.2719,2.272,2.2674,2.2674
1762273800,2.2674,2.2724,2.2651,2.2715
1762273860,2.2715,2.2747,2.2684,2.2721
1762273920,2.2721,2.2721,2.2624,2.2624
1762273980,2.2624,2.2637,2.2596,2.2611
1762274040,2.2611,2.2624,2.2577,2.2606
1762274100,2.2606,2.2626,2.2589,2.2602
1762274160,2.2602,2.2636,2.2577,2.2614
1762274220,2.2614,2.2653,2.2605,2.2607
1762274280,2.2607,2.2615,2.2558,2.2563
1762274340,2.2563,2.2578,2.2514,2.2575
1762274400,2.2575,2.2592,2.2521,2.2523
1762274460,2.2523,2.2584,2.2523,2.2576
1762274520,2.2576,2.2577,2.2484,2.2496
1762274580,2.2496,2.255,2.2496,2.2512
1762274640,2.2512,2.2519,2.245,2.2476
1762274700,2.2476,2.2508,2.2443,2.2449
1762274760,2.2449,2.2472,2.234,2.2359
1762274820,2.2359,2.2413,2.2335,2.2406
1762274880,2.2406,2.2423,2.2321,2.2349
1762274940,2.2349,2.2399,2.2342,2.2374
1762275000,2.2374,2.2416,2.2346,2.2416
1762275060,2.2416,2.242,2.2351,2.2355
1762275120,2.2355,2.242,2.2332,2.2417
1762275180,2.2417,2.2421,2.2344,2.2381
1762275240,2.2381,2.2392,2.2358,2.2388
1762275300,2.2388,2.2407,2.2357,2.2385
1762275360,2.2385,2.2401,2.2307,2.232
1762275420,2.232,2.2358,2.2318,2.2339
1762275480,2.2339,2.238,2.2313,2.238
1762275540,2.238,2.2407,2.2343,2.2392
1762275600,2.2392,2.2397,2.2327,2.233
1762275660,2.233,2.235,2.2288,2.2292
1762275720,2.2292,2.2313,2.2191,2.2213
1762275780,2.2213,2.2249,2.2184,2.2192
1762275840,2.2192,2.2198,2.2126,2.2158
1762275900,2.2158,2.218,2.2105,2.2173
1762275960,2.2173,2.226,2.2141,2.222
1762276020,2.222,2.2235,2.2112,2.2117
1762276080,2.2117,2.2202,2.2117,2.2146
1762276140,2.2146,2.2146,2.2069,2.2126
1762276200,2.2126,2.2143,2.203,2.2053
1762276260,2.2053,2.2092,2.2022,2.2066
1762276320,2.2066,2.2094,2.2025,2.2068
1762276380,2.2068,2.2069,2.2001,2.2043
1762276440,2.2043,2.2074,2.2031,2.2073
1762276500,2.2073,2.2114,2.203,2.2078
1762276560,2.2078,2.208,2.1965,2.197
1762276620,2.197,2.2006,2.195,2.2002
1762276680,2.2002,2.2179,2.1989,2.2165
1762276740,2.2165,2.2169,2.2028,2.203
1762276800,2.203,2.2162,2.2028,2.2145
1762276860,2.2145,2.2179,2.2091,2.2159
1762276920,2.2159,2.2273,2.2155,2.2256
1762276980,2.2256,2.235,2.2233,2.2323
1762277040,2.2323,2.2328,2.2255,2.2285
1762277100,2.2285,2.2298,2.2227,2.2274
1762277160,2.2274,2.2341,2.2256,2.2337
1762277220,2.2337,2.2337,2.2258,2.2288
1762277280,2.2288,2.2309,2.2229,2.2246
1762277340,2.2246,2.226,2.2209,2.2236
1762277400,2.2236,2.2333,2.2231,2.2312
1762277460,2.2312,2.2489,2.2285,2.246
1762277520,2.246,2.2462,2.236,2.2367
1762277580,2.2367,2.2412,2.2344,2.2407
1762277640,2.2407,2.244,2.2388,2.2415
1762277700,2.2415,2.2507,2.2384,2.25
1762277760,2.25,2.2518,2.2438,2.2515
1762277820,2.2515,2.2582,2.25,2.2541
1762277880,2.2541,2.2553,2.2477,2.2511
1762277940,2.2511,2.2538,2.2429,2.2458
1762278000,2.2458,2.2463,2.241,2.2428
1762278060,2.2428,2.2452,2.239,2.2393
1762278120,2.2393,2.2412,2.2369,2.2411
1762278180,2.2411,2.2424,2.2395,2.2404
1762278240,2.2404,2.2432,2.2389,2.24
1762278300,2.24,2.2435,2.2396,2.2422
1762278360,2.2422,2.2427,2.2377,2.2385
1762278420,2.2385,2.2411,2.2371,2.2396
1762278480,2.2396,2.2405,2.2313,2.2317
1762278540,2.2317,2.2384,2.2313,2.2347
1762278600,2.2347,2.241,2.2338,2.2387
1762278660,2.2387,2.2387,2.2319,2.2319
1762278720,2.2319,2.2344,2.2294,2.2332
1762278780,2.2332,2.2355,2.2286,2.2306
1762278840,2.2306,2.2318,2.2281,2.2311
1762278900,2.2311,2.2319,2.227,2.2284
1762278960,2.2284,2.2286,2.2246,2.2269
1762279020,2.2269,2.2273,2.2241,2.2249
1762279080,2.2249,2.229,2.2249,2.2289
1762279140,2.2289,2.2336,2.2285,2.2293
1762279200,2.2293,2.2302,2.2224,2.2232
1762279260,2.2232,2.2253,2.2174,2.2212
1762279320,2.2212,2.2214,2.2145,2.2145
1762279380,2.2145,2.2156,2.2107,2.2114
1762279440,2.2114,2.2119,2.2022,2.2056
1762279500,2.2056,2.2169,2.2044,2.2136
1762279560,2.2136,2.2225,2.2125,2.2135
1762279620,2.2135,2.2145,2.2074,2.2107
1762279680,2.2107,2.2196,2.2103,2.2184
1762279740,2.2184,2.2207,2.216,2.219
1762279800,2.219,2.2204,2.2158,2.2183
1762279860,2.2183,2.2201,2.2108,2.2111
1762279920,2.2111,2.2145,2.209,2.2128
1762279980,2.2128,2.2128,2.208,2.2099
1762280040,2.2099,2.2105,2.2053,2.2083
1762280100,2.2083,2.2107,2.2053,2.2086
1762280160,2.2086,2.2099,2.203,2.2056
1762280220,2.2056,2.2057,2.2012,2.2031
1762280280,2.2031,2.2045,2.2002,2.2028
1762280340,2.2028,2.2031,2.1913,2.1918
1762280400,2.1918,2.1985,2.1903,2.1981
1762280460,2.1981,2.1981,2.1924,2.1944
1762280520,2.1944,2.2001,2.1911,2.1996
1762280580,2.1996,2.2034,2.1972,2.2026
1762280640,2.2026,2.2042,2.1957,2.1966
1762280700,2.1966,2.1975,2.1852,2.1859
1762280760,2.1859,2.1896,2.1847,2.1871
1762280820,2.1871,2.191,2.1835,2.1846
1762280880,2.1846,2.1847,2.1771,2.1824
1762280940,2.1824,2.1855,2.1804,2.1852
1762281000,2.1852,2.1903,2.1825,2.1875
1762281060,2.1875,2.1879,2.1766,2.1776
1762281120,2.1776,2.1813,2.168,2.1682
1762281180,2.1682,2.1712,2.1613,2.1645
1762281240,2.1645,2.1666,2.1543,2.1662
1762281300,2.1662,2.1666,2.1544,2.157
1762281360,2.157,2.1851,2.157,2.1767
1762281420,2.1767,2.1825,2.167,2.1719
1762281480,2.1719,2.1743,2.161,2.161
1762281540,2.161,2.165,2.1551,2.1574
1762281600,2.1574,2.1618,2.1561,2.1609
1762281660,2.1609,2.1716,2.1592,2.1708
1762281720,2.1708,2.1855,2.1708,2.1824
1762281780,2.1824,2.1941,2.1792,2.1938
1762281840,2.1938,2.205,2.1888,2.2019
1762281900,2.2019,2.2019,2.1895,2.1898
1762281960,2.1898,2.1934,2.1875,2.1886
1762282020,2.1886,2.1909,2.1811,2.1819
1762282080,2.1819,2.1843,2.1786,2.1798
1762282140,2.1798,2.1798,2.1687,2.1705
1762282200,2.1705,2.1779,2.17,2.1769
1762282260,2.1769,2.1848,2.1751,2.1804
1762282320,2.1804,2.1842,2.1761,2.181
1762282380,2.181,2.1834,2.1728,2.1819
1762282440,2.1819,2.2084,2.1797,2.2034
1762282500,2.2034,2.2062,2.1985,2.2
1762282560,2.2,2.2018,2.1911,2.1918
1762282620,2.1918,2.2019,2.1918,2.2012
1762282680,2.2012,2.2155,2.2007,2.2099
1762282740,2.2099,2.2121,2.2076,2.2104
1762282800,2.2104,2.2168,2.2069,2.2137
1762282860,2.2137,2.2217,2.2105,2.2177
1762282920,2.2177,2.2245,2.2142,2.2177
1762282980,2.2177,2.2211,2.2127,2.2135
1762283040,2.2135,2.2176,2.2126,2.2161
1762283100,2.2161,2.2161,2.2034,2.2045
1762283160,2.2045,2.2134,2.2044,2.2089
1762283220,2.2089,2.2117,2.2047,2.2062
1762283280,2.2062,2.2066,2.2023,2.2039
1762283340,2.2039,2.2081,2.2019,2.2031
1762283400,2.2031,2.2032,2.1965,2.1985
1762283460,2.1985,2.2009,2.195,2.1975
1762283520,2.1975,2.2028,2.195,2.1987
1762283580,2.1987,2.2065,2.1987,2.204
1762283640,2.204,2.2082,2.2035,2.2059
1762283700,2.2059,2.2106,2.1983,2.2098
1762283760,2.2098,2.2147,2.2073,2.2073
1762283820,2.2073,2.2077,2.2025,2.2038
1762283880,2.2038,2.2085,2.2032,2.2076
1762283940,2.2076,2.2087,2.203,2.2042
1762284000,2.2042,2.2082,2.2011,2.2072
1762284060,2.2072,2.2089,2.1993,2.2034
1762284120,2.2034,2.2094,2.2031,2.2087
1762284180,2.2087,2.2205,2.2087,2.2159
1762284240,2.2159,2.216,2.2122,2.2145
1762284300,2.2145,2.2233,2.2133,2.2158
1762284360,2.2158,2.2166,2.2059,2.2071
1762284420,2.2071,2.211,2.2063,2.2063
1762284480,2.2063,2.2077,2.203,2.2049
1762284540,2.2049,2.2052,2.2008,2.2036
1762284600,2.2036,2.2076,2.2005,2.2018
1762284660,2.2018,2.2028,2.1952,2.1955
1762284720,2.1955,2.1974,2.1933,2.1942
1762284780,2.1942,2.196,2.1907,2.1959
1762284840,2.1959,2.1985,2.1931,2.1974
1762284900,2.1974,2.1974,2.1928,2.1943
1762284960,2.1943,2.1945,2.1858,2.1876
1762285020,2.1876,2.1889,2.184,2.1848
1762285080,2.1848,2.1879,2.1832,2.187
1762285140,2.187,2.1881,2.1842,2.1843
1762285200,2.1843,2.1917,2.1833,2.1887
1762285260,2.1887,2.1894,2.1833,2.1833
1762285320,2.1833,2.1849,2.1821,2.1823
1762285380,2.1823,2.1827,2.1776,2.1786
1762285440,2.1786,2.1828,2.1786,2.1825
1762285500,2.1825,2.1834,2.1795,2.1827
1762285560,2.1827,2.1862,2.1804,2.1835
1762285620,2.1835,2.185,2.1809,2.1842
1762285680,2.1842,2.1859,2.1814,2.1822
1762285740,2.1822,2.1826,2.1758,2.1761
1762285800,2.1761,2.179,2.1757,2.1779
1762285860,2.1779,2.181,2.1728,2.1751
1762285920,2.1751,2.1822,2.1744,2.1796
1762285980,2.1796,2.1796,2.1745,2.1746
1762286040,2.1746,2.1758,2.1705,2.1708
1762286100,2.1708,2.1763,2.1708,2.1736
1762286160,2.1736,2.1746,2.1706,2.1737
1762286220,2.1737,2.1742,2.1688,2.1693
1762286280,2.1693,2.17,2.1656,2.1673
1762286340,2.1673,2.1704,2.1664,2.1687
1762286400,2.1687,2.1725,2.1674,2.1719
1762286460,2.1719,2.1737,2.168,2.1682
1762286520,2.1682,2.1693,2.158,2.159
1762286580,2.159,2.1601,2.1482,2.1506
1762286640,2.1506,2.1537,2.1472,2.1484
1762286700,2.1484,2.1584,2.1439,2.1584
1762286760,2.1584,2.1593,2.1508,2.153
1762286820,2.153,2.1598,2.1521,2.1524
1762286880,2.1524,2.1534,2.1496,2.1525
1762286940,2.1525,2.153,2.1443,2.1443
1762287000,2.1443,2.1526,2.143,2.1513
1762287060,2.1513,2.1545,2.1464,2.1494
1762287120,2.1494,2.1503,2.1457,2.1481
1762287180,2.1481,2.1501,2.1461,2.1475
1762287240,2.1475,2.1502,2.1475,2.1489
1762287300,2.1489,2.1489,2.1375,2.1411
1762287360,2.1411,2.1426,2.1255,2.126
1762287420,2.126,2.1312,2.1075,2.1128
1762287480,2.1128,2.118,2.096,2.1068
1762287540,2.1068,2.1295,2.1052,2.1283
1762287600,2.1283,2.1322,2.1139,2.1171
1762287660,2.1171,2.1216,2.1086,2.1156
1762287720,2.1156,2.118,2.0997,2.1059
1762287780,2.1059,2.1201,2.1045,2.1137
1762287840,2.1137,2.1198,2.1088,2.1185
1762287900,2.1185,2.1413,2.1169,2.1408
1762287960,2.1408,2.1422,2.1242,2.1262
1762288020,2.1262,2.1363,2.1262,2.1347
1762288080,2.1347,2.157,2.1347,2.1537
1762288140,2.1537,2.1587,2.1504,2.1548
1762288200,2.1548,2.1653,2.1506,2.1565
1762288260,2.1565,2.1584,2.1431,2.1439
1762288320,2.1439,2.1482,2.1423,2.1431
1762288380,2.1431,2.145,2.1346,2.1358
1762288440,2.1358,2.136,2.1285,2.1299
1762288500,2.1299,2.142,2.1285,2.142
1762288560,2.142,2.15,2.1393,2.1498
1762288620,2.1498,2.1565,2.1484,2.1535
1762288680,2.1535,2.1707,2.1511,2.1676
1762288740,2.1676,2.1713,2.1617,2.1618
1762288800,2.1618,2.1709,2.1597,2.1689
1762288860,2.1689,2.1831,2.1667,2.1804
1762288920,2.1804,2.1823,2.1765,2.1779
1762288980,2.1779,2.1895,2.1749,2.1854
1762289040,2.1854,2.1886,2.181,2.181
1762289100,2.181,2.1861,2.18,2.1818
1762289160,2.1818,2.1851,2.1752,2.1776
1762289220,2.1776,2.1808,2.1741,2.1799
1762289280,2.1799,2.1857,2.1779,2.1811
1762289340,2.1811,2.1821,2.1709,2.1716
1762289400,2.1716,2.1752,2.1649,2.1679
1762289460,2.1679,2.1701,2.1616,2.1616
1762289520,2.1616,2.1671,2.1608,2.1622
1762289580,2.1622,2.1655,2.1579,2.1585
1762289640,2.1585,2.1618,2.1555,2.1577
1762289700,2.1577,2.1583,2.1535,2.155
1762289760,2.155,2.1589,2.1519,2.1559
1762289820,2.1559,2.1621,2.1551,2.1586
1762289880,2.1586,2.1621,2.157,2.1605
1762289940,2.1605,2.1666,2.1558,2.1583
1762290000,2.1583,2.1642,2.1573,2.1626
1762290060,2.1626,2.1658,2.1542,2.1543
1762290120,2.1543,2.1568,2.1517,2.1543
1762290180,2.1543,2.1651,2.1537,2.1639
1762290240,2.1639,2.1701,2.1603,2.1661
1762290300,2.1661,2.1669,2.148,2.1481
1762290360,2.1481,2.1522,2.1453,2.1453
1762290420,2.1453,2.1492,2.1435,2.1473
1762290480,2.1473,2.1511,2.1451,2.1463
1762290540,2.1463,2.1503,2.1445,2.145
1762290600,2.145,2.1488,2.1439,2.1488
1762290660,2.1488,2.1503,2.1441,2.1454
1762290720,2.1454,2.1491,2.1422,2.1422
1762290780,2.1422,2.1485,2.142,2.1484
1762290840,2.1484,2.149,2.1319,2.1337
1762290900,2.1337,2.1365,2.1304,2.1323
1762290960,2.1323,2.1336,2.126,2.1261
1762291020,2.1261,2.1326,2.1258,2.1285
1762291080,2.1285,2.135,2.1267,2.1315
1762291140,2.1315,2.1381,2.1306,2.1318
1762291200,2.1318,2.1331,2.1208,2.1227
1762291260,2.1227,2.1237,2.1192,2.1198
1762291320,2.1198,2.1268,2.1182,2.1253
1762291380,2.1253,2.1256,2.1212,2.1238
1762291440,2.1238,2.1274,2.122,2.1244
1762291500,2.1244,2.1272,2.1231,2.1257
1762291560,2.1257,2.1295,2.1255,2.1278
1762291620,2.1278,2.1289,2.1121,2.1121
1762291680,2.1121,2.1223,2.1115,2.1182
1762291740,2.1182,2.1193,2.1143,2.1179
1762291800,2.1179,2.1191,2.1071,2.1087
1762291860,2.1087,2.1148,2.1,2.1016
1762291920,2.1016,2.1065,2.0869,2.0881
1762291980,2.0881,2.0972,2.0865,2.0939
1762292040,2.0939,2.0968,2.0751,2.0775
1762292100,2.0775,2.0805,2.0655,2.066
1762292160,2.066,2.0956,2.0659,2.0946
1762292220,2.0946,2.0947,2.0821,2.0881
1762292280,2.0881,2.0892,2.0725,2.0763
1762292340,2.0763,2.0935,2.0738,2.0933
1762292400,2.0933,2.0982,2.0893,2.0905
1762292460,2.0905,2.0941,2.0837,2.0847
1762292520,2.0847,2.0847,2.0741,2.0752
1762292580,2.0752,2.0908,2.0752,2.0906
1762292640,2.0906,2.0956,2.0872,2.095
1762292700,2.095,2.1327,2.094,2.1324
1762292760,2.1324,2.1371,2.1228,2.1244
1762292820,2.1244,2.1244,2.114,2.1173
1762292880,2.1173,2.124,2.1145,2.1223
1762292940,2.1223,2.1239,2.1093,2.1151
1762293000,2.1151,2.1215,2.1125,2.12
1762293060,2.12,2.1237,2.1128,2.113
1762293120,2.113,2.1244,2.1123,2.1151
1762293180,2.1151,2.1151,2.1035,2.1096
1762293240,2.1096,2.1153,2.1084,2.1153
1762293300,2.1153,2.1469,2.1153,2.1436
1762293360,2.1436,2.1572,2.1368,2.1526
1762293420,2.1526,2.1568,2.1454,2.1454
1762293480,2.1454,2.1548,2.1434,2.1548
1762293540,2.1548,2.1555,2.1476,2.1555
1762293600,2.1555,2.1556,2.1426,2.1509
1762293660,2.1509,2.1602,2.1453,2.1453
1762293720,2.1453,2.153,2.1453,2.1514
1762293780,2.1514,2.1684,2.1514,2.1663
1762293840,2.1663,2.167,2.1607,2.1626
1762293900,2.1626,2.1671,2.155,2.1553
1762293960,2.1553,2.1673,2.1547,2.1666
1762294020,2.1666,2.1693,2.1611,2.1654
1762294080,2.1654,2.1739,2.1651,2.1736
1762294140,2.1736,2.1761,2.1692,2.1759
1762294200,2.1759,2.1819,2.1726,2.1797
1762294260,2.1797,2.18,2.1721,2.1743
1762294320,2.1743,2.1802,2.1721,2.1744
1762294380,2.1744,2.1805,2.1714,2.1795
1762294440,2.1795,2.1815,2.177,2.1815
1762294500,2.1815,2.1914,2.1793,2.188
1762294560,2.188,2.1904,2.1832,2.1894
1762294620,2.1894,2.1951,2.1861,2.1917
1762294680,2.1917,2.1942,2.1876,2.1941
1762294740,2.1941,2.1953,2.1902,2.1949
1762294800,2.1949,2.1967,2.1876,2.1946
1762294860,2.1946,2.1997,2.1939,2.1987
1762294920,2.1987,2.2059,2.1982,2.1982
1762294980,2.1982,2.1982,2.192,2.1944
1762295040,2.1944,2.2008,2.1944,2.2
1762295100,2.2,2.2007,2.1959,2.197
1762295160,2.197,2.203,2.1956,2.2012
1762295220,2.2012,2.2056,2.2007,2.2046
1762295280,2.2046,2.2049,2.2007,2.2013
1762295340,2.2013,2.2025,2.1989,2.2015
1762295400,2.2015,2.2066,2.1995,2.2037
1762295460,2.2037,2.2037,2.1975,2.1985
1762295520,2.1985,2.2019,2.1973,2.2014
1762295580,2.2014,2.2056,2.2005,2.2053
1762295640,2.2053,2.2163,2.2042,2.2081
1762295700,2.2081,2.216,2.2067,2.2139
1762295760,2.2139,2.22,2.2131,2.2149
1762295820,2.2149,2.2149,2.2073,2.2085
1762295880,2.2085,2.2139,2.2041,2.2135
1762295940,2.2135,2.2139,2.2098,2.2109
1762296000,2.2109,2.2128,2.2075,2.2102
1762296060,2.2102,2.2141,2.2068,2.2137
1762296120,2.2137,2.2204,2.2136,2.2186
1762296180,2.2186,2.2196,2.2084,2.209
1762296240,2.209,2.209,2.2001,2.2056
1762296300,2.2056,2.2158,2.2055,2.2158
1762296360,2.2158,2.2192,2.2158,2.2165
1762296420,2.2165,2.2182,2.2151,2.2167
1762296480,2.2167,2.2222,2.2167,2.2222
1762296540,2.2222,2.2224,2.2172,2.2173
1762296600,2.2173,2.2177,2.2084,2.209
1762296660,2.209,2.2118,2.2067,2.2113
1762296720,2.2113,2.2136,2.2102,2.2105
1762296780,2.2105,2.2132,2.2062,2.2063
1762296840,2.2063,2.2064,2.1981,2.2002
1762296900,2.2002,2.2094,2.1997,2.2094
1762296960,2.2094,2.2113,2.2062,2.2075
1762297020,2.2075,2.2118,2.2075,2.2117
1762297080,2.2117,2.2127,2.209,2.2127
1762297140,2.2127,2.2175,2.2109,2.2175
1762297200,2.2175,2.2175,2.2111,2.2113
1762297260,2.2113,2.2211,2.2091,2.2204
1762297320,2.2204,2.2228,2.2133,2.216
1762297380,2.216,2.2169,2.2105,2.2164
1762297440,2.2164,2.2208,2.2138,2.2192
1762297500,2.2192,2.2281,2.2183,2.2262
1762297560,2.2262,2.2262,2.2144,2.2157
1762297620,2.2157,2.2172,2.2135,2.2146
1762297680,2.2146,2.2199,2.2146,2.2169
1762297740,2.2169,2.2173,2.2138,2.2148
1762297800,2.2148,2.2156,2.212,2.2122
1762297860,2.2122,2.2177,2.2111,2.2131
1762297920,2.2131,2.2131,2.2086,2.2105
1762297980,2.2105,2.2128,2.2089,2.2124
1762298040,2.2124,2.2167,2.2116,2.2165
1762298100,2.2165,2.2191,2.2145,2.2154
1762298160,2.2154,2.216,2.2129,2.215
1762298220,2.215,2.2156,2.212,2.2123
1762298280,2.2123,2.2131,2.2091,2.2116
1762298340,2.2116,2.212,2.208,2.2092
1762298400,2.2092,2.2098,2.2068,2.2073
1762298460,2.2073,2.2097,2.2068,2.2088
1762298520,2.2088,2.2115,2.2087,2.2115
1762298580,2.2115,2.2145,2.2115,2.213
1762298640,2.213,2.2144,2.211,2.211
1762298700,2.211,2.2129,2.2086,2.2115
1762298760,2.2115,2.2126,2.2104,2.2126
1762298820,2.2126,2.2143,2.2111,2.2136
1762298880,2.2136,2.2138,2.2093,2.2107
1762298940,2.2107,2.2125,2.2079,2.2103
1762299000,2.2103,2.2116,2.2076,2.2082
1762299060,2.2082,2.2145,2.2081,2.2118
1762299120,2.2118,2.214,2.2113,2.2124
1762299180,2.2124,2.2126,2.2073,2.2073
1762299240,2.2073,2.2079,2.2055,2.2075
1762299300,2.2075,2.2129,2.2073,2.2125
1762299360,2.2125,2.2134,2.2103,2.2118
1762299420,2.2118,2.2127,2.2085,2.2119
1762299480,2.2119,2.2131,2.2061,2.2084
1762299540,2.2084,2.2084,2.204,2.2054
1762299600,2.2054,2.206,2.2033,2.2037
1762299660,2.2037,2.2068,2.2031,2.2064
1762299720,2.2064,2.2118,2.2064,2.2097
1762299780,2.2097,2.2111,2.2076,2.2099
1762299840,2.2099,2.212,2.2088,2.2118
1762299900,2.2118,2.2121,2.207,2.2098
1762299960,2.2098,2.2144,2.209,2.214
1762300020,2.214,2.2145,2.2109,2.2129
1762300080,2.2129,2.2131,2.2098,2.2107
1762300140,2.2107,2.2113,2.2092,2.211
1762300200,2.211,2.2142,2.2097,2.2141
1762300260,2.2141,2.2159,2.2127,2.2152
1762300320,2.2152,2.2155,2.2133,2.2142
1762300380,2.2142,2.2161,2.2134,2.2141
1762300440,2.2141,2.2143,2.2117,2.2121
1762300500,2.2121,2.2143,2.2105,2.2105
1762300560,2.2105,2.2111,2.2069,2.2079
1762300620,2.2079,2.2085,2.2047,2.2048
1762300680,2.2048,2.2067,2.2035,2.2052
1762300740,2.2052,2.2052,2.2034,2.204
1763683200,1.999,2.0038,1.9982,2.0026
1763683260,2.0026,2.0083,2.0025,2.0074
1763683320,2.0074,2.0097,2.0067,2.0094
1763683380,2.0094,2.0104,2.006,2.0063
1763683440,2.0063,2.0063,2.0001,2.0001
1763683500,2.0001,2.0109,1.9981,2.0092
1763683560,2.0092,2.0103,2.0065,2.0085
1763683620,2.0085,2.0105,2.0084,2.0105
1763683680,2.0105,2.0145,2.0093,2.0136
1763683740,2.0136,2.0136,2.0114,2.0134
1763683800,2.0134,2.0144,2.0118,2.0128
1763683860,2.0128,2.015,2.0123,2.0146
1763683920,2.0146,2.0152,2.0115,2.0135
1763683980,2.0135,2.0154,2.0134,2.014
1763684040,2.014,2.0188,2.014,2.0187
1763684100,2.0187,2.0201,2.0165,2.0165
1763684160,2.0165,2.0181,2.0161,2.0165
1763684220,2.0165,2.0212,2.0164,2.0194
1763684280,2.0194,2.0216,2.0188,2.0195
1763684340,2.0195,2.0203,2.0144,2.0145
1763684400,2.0145,2.0189,2.0143,2.0187
1763684460,2.0187,2.0188,2.0135,2.0137
1763684520,2.0137,2.0166,2.0136,2.0162
1763684580,2.0162,2.0172,2.0117,2.012
1763684640,2.012,2.0132,2.0114,2.0122
1763684700,2.0122,2.0151,2.0119,2.0149
1763684760,2.0149,2.0183,2.0149,2.0167
1763684820,2.0167,2.0176,2.0152,2.0152
1763684880,2.0152,2.0187,2.015,2.0171
1763684940,2.0171,2.0171,2.0153,2.0155
1763685000,2.0155,2.017,2.0135,2.015
1763685060,2.015,2.018,2.0133,2.0133
1763685120,2.0133,2.0138,2.0094,2.0098
1763685180,2.0098,2.0109,2.0067,2.0091
1763685240,2.0091,2.0108,2.0065,2.0082
1763685300,2.0082,2.0114,2.0068,2.011
1763685360,2.011,2.0132,2.0098,2.0126
1763685420,2.0126,2.0163,2.0119,2.0157
1763685480,2.0157,2.0187,2.0154,2.0187
1763685540,2.0187,2.0197,2.0135,2.0136
1763685600,2.0136,2.0164,2.0136,2.014
1763685660,2.014,2.0193,2.0138,2.0177
1763685720,2.0177,2.0178,2.0133,2.015
1763685780,2.015,2.0167,2.0119,2.0124
1763685840,2.0124,2.0124,2.0087,2.0088
1763685900,2.0088,2.0126,2.0084,2.0124
1763685960,2.0124,2.0143,2.0118,2.0138
1763686020,2.0138,2.016,2.0128,2.0144
1763686080,2.0144,2.0156,2.0127,2.0155
1763686140,2.0155,2.0155,2.0128,2.0144
1763686200,2.0144,2.017,2.0129,2.0158
1763686260,2.0158,2.0177,2.0146,2.0148
1763686320,2.0148,2.0179,2.014,2.0177
1763686380,2.0177,2.0183,2.0148,2.0163
1763686440,2.0163,2.0175,2.0154,2.0162
1763686500,2.0162,2.0187,2.0155,2.0178
1763686560,2.0178,2.0178,2.0136,2.0155
1763686620,2.0155,2.0164,2.0142,2.0151
1763686680,2.0151,2.0151,2.0128,2.0139
1763686740,2.0139,2.0159,2.0138,2.0154
1763686800,2.0154,2.0164,2.015,2.0157
1763686860,2.0157,2.0161,2.0124,2.0157
1763686920,2.0157,2.018,2.0135,2.0137
1763686980,2.0137,2.0145,2.0111,2.0128
1763687040,2.0128,2.0184,2.0126,2.0175
1763687100,2.0175,2.0217,2.0174,2.0214
1763687160,2.0214,2.0249,2.02,2.0242
1763687220,2.0242,2.0246,2.0219,2.0231
1763687280,2.0231,2.0238,2.0212,2.0234
1763687340,2.0234,2.0243,2.018,2.0189
1763687400,2.0189,2.0226,2.0178,2.0209
1763687460,2.0209,2.0218,2.0192,2.0206
1763687520,2.0206,2.0209,2.0163,2.0177
1763687580,2.0177,2.0191,2.0171,2.0175
1763687640,2.0175,2.0186,2.0159,2.0173
1763687700,2.0173,2.0199,2.0167,2.019
1763687760,2.019,2.0208,2.0164,2.0171
1763687820,2.0171,2.019,2.0142,2.0146
1763687880,2.0146,2.0155,2.0122,2.013
1763687940,2.013,2.0134,2.0055,2.007
1763688000,2.007,2.0075,2.0042,2.006
1763688060,2.006,2.0123,2.006,2.0122
1763688120,2.0122,2.0179,2.0122,2.017
1763688180,2.017,2.0209,2.017,2.0209
1763688240,2.0209,2.0209,2.0167,2.0193
1763688300,2.0193,2.0205,2.0184,2.019
1763688360,2.019,2.0299,2.019,2.0286
1763688420,2.0286,2.0296,2.0239,2.0241
1763688480,2.0241,2.0241,2.0212,2.0218
1763688540,2.0218,2.0259,2.0218,2.0251
1763688600,2.0251,2.0254,2.0234,2.0245
1763688660,2.0245,2.0248,2.0207,2.0211
1763688720,2.0211,2.0211,2.0165,2.0168
1763688780,2.0168,2.019,2.0165,2.0173
1763688840,2.0173,2.0173,2.0154,2.0154
1763688900,2.0154,2.0154,2.0111,2.0121
1763688960,2.0121,2.0163,2.0116,2.0163
1763689020,2.0163,2.0176,2.0142,2.0154
1763689080,2.0154,2.0197,2.0154,2.0161
1763689140,2.0161,2.0226,2.0161,2.0208
1763689200,2.0208,2.0218,2.0193,2.0194
1763689260,2.0194,2.0198,2.0176,2.0185
1763689320,2.0185,2.0219,2.0185,2.0219
1763689380,2.0219,2.0224,2.0203,2.0213
1763689440,2.0213,2.0213,2.0191,2.02
1763689500,2.02,2.023,2.02,2.0227
1763689560,2.0227,2.0227,2.0178,2.0191
1763689620,2.0191,2.0216,2.0191,2.0202
1763689680,2.0202,2.0212,2.0189,2.0194
1763689740,2.0194,2.0216,2.0173,2.018
1763689800,2.018,2.0211,2.018,2.0208
1763689860,2.0208,2.0226,2.0191,2.0195
1763689920,2.0195,2.0198,2.0145,2.0147
1763689980,2.0147,2.0148,2.0125,2.0127
1763690040,2.0127,2.0134,2.0121,2.0126
1763690100,2.0126,2.0141,2.0124,2.0139
1763690160,2.0139,2.0145,2.0122,2.0128
1763690220,2.0128,2.0158,2.0128,2.0156
1763690280,2.0156,2.0171,2.015,2.0164
1763690340,2.0164,2.0164,2.0142,2.0156
1763690400,2.0156,2.0163,2.0148,2.0148
1763690460,2.0148,2.0159,2.0135,2.0141
1763690520,2.0141,2.0163,2.0129,2.0138
1763690580,2.0138,2.0161,2.0137,2.0144
1763690640,2.0144,2.0153,2.012,2.012
1763690700,2.012,2.0125,2.0078,2.0078
1763690760,2.0078,2.0104,2.0051,2.008
1763690820,2.008,2.0116,2.008,2.0107
1763690880,2.0107,2.0123,2.0086,2.0086
1763690940,2.0086,2.0091,2.0047,2.0052
1763691000,2.0052,2.0064,2.0042,2.006
1763691060,2.006,2.006,2.002,2.0041
1763691120,2.0041,2.0041,2.0001,2.0018
1763691180,2.0018,2.0027,1.9982,1.9986
1763691240,1.9986,2.0004,1.9979,2.0001
1763691300,2.0001,2.0028,1.9985,2.0022
1763691360,2.0022,2.0037,2.0016,2.0018
1763691420,2.0018,2.0026,1.9994,1.9999
1763691480,1.9999,2.0005,1.9901,1.9906
1763691540,1.9906,1.9977,1.9906,1.9974
1763691600,1.9974,2.0053,1.9957,2.0046
1763691660,2.0046,2.0146,2.0046,2.0137
1763691720,2.0137,2.0137,2.0082,2.0088
1763691780,2.0088,2.0121,2.0081,2.0109
1763691840,2.0109,2.0138,2.0086,2.01
1763691900,2.01,2.0111,2.008,2.008
1763691960,2.008,2.008,2.004,2.0056
1763692020,2.0056,2.0075,2.0036,2.0042
1763692080,2.0042,2.0048,2.0025,2.0031
1763692140,2.0031,2.0064,2.0028,2.0031
1763692200,2.0031,2.0033,1.9971,2.0012
1763692260,2.0012,2.0054,2.0012,2.0035
1763692320,2.0035,2.0048,1.9978,1.9987
1763692380,1.9987,2.0005,1.9961,1.9995
1763692440,1.9995,2.004,1.9983,2.0024
1763692500,2.0024,2.0066,2.0014,2.002
1763692560,2.002,2.0041,1.9999,2.0018
1763692620,2.0018,2.0044,1.9971,1.9978
1763692680,1.9978,2.0006,1.9967,2.0006
1763692740,2.0006,2.0012,1.9948,1.9971
1763692800,1.9971,2.0014,1.9971,2.0006
1763692860,2.0006,2.0008,1.9982,1.9984
1763692920,1.9984,1.9996,1.9957,1.9958
1763692980,1.9958,1.9965,1.9932,1.9948
1763693040,1.9948,1.9953,1.9833,1.9839
1763693100,1.9839,1.9881,1.983,1.9849
1763693160,1.9849,1.9925,1.9849,1.9919
1763693220,1.9919,1.9937,1.9877,1.9915
1763693280,1.9915,1.9939,1.9903,1.9928
1763693340,1.9928,1.9935,1.991,1.9924
1763693400,1.9924,1.9949,1.9917,1.9919
1763693460,1.9919,1.992,1.9858,1.9876
1763693520,1.9876,1.9877,1.9781,1.9806
1763693580,1.9806,1.9842,1.9795,1.9831
1763693640,1.9831,1.9862,1.9823,1.9844
1763693700,1.9844,1.9844,1.9767,1.979
1763693760,1.979,1.9818,1.9746,1.9764
1763693820,1.9764,1.9779,1.9746,1.9752
1763693880,1.9752,1.9764,1.9661,1.9665
1763693940,1.9665,1.9705,1.962,1.963
1763694000,1.963,1.9707,1.963,1.9702
1763694060,1.9702,1.9726,1.965,1.9717
1763694120,1.9717,1.9718,1.9677,1.9702
1763694180,1.9702,1.9722,1.967,1.9705
1763694240,1.9705,1.9776,1.9699,1.9769
1763694300,1.9769,1.9935,1.9769,1.9913
1763694360,1.9913,1.9999,1.9911,1.9952
1763694420,1.9952,1.9975,1.9915,1.9943
1763694480,1.9943,2,1.9943,1.9992
1763694540,1.9992,1.9994,1.9904,1.9914
1763694600,1.9914,1.994,1.9913,1.9927
1763694660,1.9927,1.9932,1.9888,1.9923
1763694720,1.9923,1.993,1.9884,1.9912
1763694780,1.9912,1.9914,1.9868,1.9881
1763694840,1.9881,1.9881,1.9851,1.9876
1763694900,1.9876,1.99,1.9869,1.9892
1763694960,1.9892,1.99,1.9798,1.9811
1763695020,1.9811,1.9823,1.9796,1.9809
1763695080,1.9809,1.9817,1.9781,1.9806
1763695140,1.9806,1.9812,1.9755,1.9782
1763695200,1.9782,1.9819,1.976,1.9808
1763695260,1.9808,1.9871,1.9808,1.985
1763695320,1.985,1.9881,1.985,1.9871
1763695380,1.9871,1.988,1.9844,1.9848
1763695440,1.9848,1.9849,1.9792,1.9811
1763695500,1.9811,1.9824,1.9798,1.9813
1763695560,1.9813,1.9851,1.9813,1.9841
1763695620,1.9841,1.9895,1.9841,1.9868
1763695680,1.9868,1.9932,1.9864,1.9897
1763695740,1.9897,1.9921,1.9897,1.9902
1763695800,1.9902,1.9913,1.9883,1.9912
1763695860,1.9912,1.992,1.9862,1.988
1763695920,1.988,1.9915,1.9875,1.9898
1763695980,1.9898,1.9902,1.9852,1.9856
1763696040,1.9856,1.9856,1.9818,1.983
1763696100,1.983,1.9839,1.9801,1.9825
1763696160,1.9825,1.9918,1.9824,1.9916
1763696220,1.9916,1.9948,1.9863,1.9877
1763696280,1.9877,1.9917,1.9871,1.9899
1763696340,1.9899,1.994,1.9883,1.9921
1763696400,1.9921,1.9984,1.9909,1.9972
1763696460,1.9972,1.9987,1.9955,1.9973
1763696520,1.9973,1.9978,1.9945,1.997
1763696580,1.997,2,1.9964,1.9982
1763696640,1.9982,1.9989,1.9949,1.9951
1763696700,1.9951,1.997,1.9925,1.9934
1763696760,1.9934,1.9942,1.9924,1.9931
1763696820,1.9931,1.9953,1.993,1.9943
1763696880,1.9943,1.9948,1.991,1.9936
1763696940,1.9936,1.9936,1.9915,1.9926
1763697000,1.9926,1.9929,1.9907,1.9917
1763697060,1.9917,1.9924,1.9886,1.9897
1763697120,1.9897,1.9921,1.9891,1.9891
1763697180,1.9891,1.9893,1.9871,1.9886
1763697240,1.9886,1.9892,1.9862,1.9871
1763697300,1.9871,1.9881,1.9864,1.9864
1763697360,1.9864,1.9864,1.985,1.986
1763697420,1.986,1.9882,1.986,1.9874
1763697480,1.9874,1.9875,1.9861,1.9861
1763697540,1.9861,1.9862,1.9783,1.9788
1763697600,1.9788,1.9818,1.9785,1.9816
1763697660,1.9816,1.9819,1.9799,1.9803
1763697720,1.9803,1.9834,1.9798,1.9816
1763697780,1.9816,1.9831,1.9805,1.9815
1763697840,1.9815,1.9828,1.981,1.9819
1763697900,1.9819,1.9859,1.9782,1.9782
1763697960,1.9782,1.982,1.9772,1.9813
1763698020,1.9813,1.9845,1.9779,1.9789
1763698080,1.9789,1.9803,1.9771,1.9774
1763698140,1.9774,1.9784,1.976,1.978
1763698200,1.978,1.9796,1.9767,1.9767
1763698260,1.9767,1.9822,1.9767,1.982
1763698320,1.982,1.9831,1.98,1.9807
1763698380,1.9807,1.9815,1.9782,1.9788
1763698440,1.9788,1.9821,1.9785,1.9785
1763698500,1.9785,1.9786,1.9737,1.9754
1763698560,1.9754,1.9792,1.9732,1.9787
1763698620,1.9787,1.9823,1.9742,1.976
1763698680,1.976,1.9772,1.971,1.9721
1763698740,1.9721,1.9756,1.9717,1.9744
1763698800,1.9744,1.9776,1.9741,1.9776
1763698860,1.9776,1.9786,1.9716,1.972
1763698920,1.972,1.972,1.9665,1.9712
1763698980,1.9712,1.9722,1.9698,1.9713
1763699040,1.9713,1.9735,1.9689,1.9723
1763699100,1.9723,1.9764,1.9708,1.9739
1763699160,1.9739,1.9776,1.9731,1.9776
1763699220,1.9776,1.978,1.9743,1.9743
1763699280,1.9743,1.9757,1.9722,1.9752
1763699340,1.9752,1.9754,1.9735,1.9736
1763699400,1.9736,1.976,1.9733,1.9737
1763699460,1.9737,1.9737,1.966,1.966
1763699520,1.966,1.9664,1.9585,1.9598
1763699580,1.9598,1.9641,1.9587,1.9636
1763699640,1.9636,1.9678,1.9635,1.9667
1763699700,1.9667,1.9667,1.962,1.9637
1763699760,1.9637,1.9666,1.9628,1.9656
1763699820,1.9656,1.9656,1.9608,1.9625
1763699880,1.9625,1.9628,1.9599,1.9601
1763699940,1.9601,1.9624,1.9581,1.9589
1763700000,1.9589,1.9636,1.9572,1.9597
1763700060,1.9597,1.9609,1.9558,1.9605
1763700120,1.9605,1.9682,1.9595,1.9659
1763700180,1.9659,1.9775,1.9658,1.9775
1763700240,1.9775,1.9835,1.9775,1.9781
1763700300,1.9781,1.9826,1.978,1.9804
1763700360,1.9804,1.9811,1.975,1.9758
1763700420,1.9758,1.9761,1.9689,1.9707
1763700480,1.9707,1.9747,1.9702,1.9712
1763700540,1.9712,1.9729,1.9697,1.971
1763700600,1.971,1.9739,1.9697,1.9736
1763700660,1.9736,1.9763,1.9721,1.976
1763700720,1.976,1.9788,1.9757,1.9771
1763700780,1.9771,1.9826,1.9764,1.9822
1763700840,1.9822,1.9857,1.982,1.9856
1763700900,1.9856,1.9887,1.983,1.9852
1763700960,1.9852,1.9894,1.9844,1.9857
1763701020,1.9857,1.988,1.984,1.9851
1763701080,1.9851,1.9856,1.9838,1.9848
1763701140,1.9848,1.9852,1.9834,1.9845
1763701200,1.9845,1.9853,1.9818,1.9838
1763701260,1.9838,1.9893,1.9821,1.9822
1763701320,1.9822,1.9864,1.9818,1.9853
1763701380,1.9853,1.9866,1.9839,1.9863
1763701440,1.9863,1.9882,1.9828,1.9843
1763701500,1.9843,1.9851,1.9826,1.9838
1763701560,1.9838,1.9921,1.9835,1.9904
1763701620,1.9904,1.9949,1.9816,1.9849
1763701680,1.9849,1.9856,1.9823,1.9835
1763701740,1.9835,1.9861,1.9832,1.9851
1763701800,1.9851,1.9864,1.9832,1.985
1763701860,1.985,1.9874,1.9818,1.983
1763701920,1.983,1.9835,1.9815,1.9817
1763701980,1.9817,1.9857,1.9816,1.9857
1763702040,1.9857,1.9886,1.9855,1.9879
1763702100,1.9879,1.9919,1.9864,1.9868
1763702160,1.9868,1.9872,1.985,1.9863
1763702220,1.9863,1.9912,1.9863,1.9897
1763702280,1.9897,1.9906,1.9881,1.9881
1763702340,1.9881,1.9891,1.9865,1.9877
1763702400,1.9877,1.9901,1.9868,1.9887
1763702460,1.9887,1.9893,1.9871,1.9887
1763702520,1.9887,1.9905,1.9873,1.9891
1763702580,1.9891,1.9893,1.9845,1.9856
1763702640,1.9856,1.986,1.9838,1.9858
1763702700,1.9858,1.9873,1.985,1.9866
1763702760,1.9866,1.9884,1.9861,1.9884
1763702820,1.9884,1.9888,1.9861,1.9872
1763702880,1.9872,1.9879,1.9858,1.9871
1763702940,1.9871,1.9871,1.985,1.9862
1763703000,1.9862,1.989,1.9862,1.989
1763703060,1.989,1.9898,1.9877,1.9891
1763703120,1.9891,1.9916,1.9877,1.9877
1763703180,1.9877,1.9904,1.9867,1.9892
1763703240,1.9892,1.9913,1.989,1.9899
1763703300,1.9899,1.9899,1.9869,1.9874
1763703360,1.9874,1.9874,1.9804,1.9824
1763703420,1.9824,1.9827,1.9773,1.9789
1763703480,1.9789,1.9815,1.9788,1.9793
1763703540,1.9793,1.9804,1.9772,1.9773
1763703600,1.9773,1.9775,1.9752,1.9769
1763703660,1.9769,1.9808,1.9769,1.9799
1763703720,1.9799,1.9799,1.9783,1.9799
1763703780,1.9799,1.9835,1.9782,1.9835
1763703840,1.9835,1.9853,1.98,1.981
1763703900,1.981,1.9811,1.9778,1.9785
1763703960,1.9785,1.9811,1.9782,1.9811
1763704020,1.9811,1.9837,1.979,1.9826
1763704080,1.9826,1.9837,1.979,1.9802
1763704140,1.9802,1.981,1.9779,1.9784
1763704200,1.9784,1.9812,1.9784,1.9811
1763704260,1.9811,1.9819,1.9784,1.9797
1763704320,1.9797,1.9803,1.9787,1.9788
1763704380,1.9788,1.9798,1.9763,1.9769
1763704440,1.9769,1.9769,1.9737,1.9762
1763704500,1.9762,1.9784,1.9761,1.9783
1763704560,1.9783,1.9806,1.9756,1.9759
1763704620,1.9759,1.98,1.9757,1.98
1763704680,1.98,1.9802,1.9773,1.9773
1763704740,1.9773,1.9811,1.9773,1.98
1763704800,1.98,1.9829,1.9797,1.9811
1763704860,1.9811,1.984,1.9791,1.9795
1763704920,1.9795,1.98,1.9738,1.9752
1763704980,1.9752,1.9771,1.9737,1.9744
1763705040,1.9744,1.9783,1.9744,1.9759
1763705100,1.9759,1.977,1.9733,1.9748
1763705160,1.9748,1.9786,1.9746,1.9762
1763705220,1.9762,1.9777,1.9754,1.976
1763705280,1.976,1.976,1.97,1.9726
1763705340,1.9726,1.9759,1.9726,1.9757
1763705400,1.9757,1.9779,1.975,1.9758
1763705460,1.9758,1.9758,1.9723,1.9749
1763705520,1.9749,1.9819,1.9749,1.9785
1763705580,1.9785,1.9809,1.9785,1.9797
1763705640,1.9797,1.9818,1.9786,1.9805
1763705700,1.9805,1.9811,1.9787,1.979
1763705760,1.979,1.9792,1.9758,1.9767
1763705820,1.9767,1.9776,1.9757,1.9776
1763705880,1.9776,1.9784,1.9749,1.9753
1763705940,1.9753,1.9754,1.9725,1.973
1763706000,1.973,1.9731,1.9682,1.9695
1763706060,1.9695,1.9712,1.9686,1.9708
1763706120,1.9708,1.9717,1.9696,1.9704
1763706180,1.9704,1.9714,1.967,1.9677
1763706240,1.9677,1.9679,1.9664,1.9669
1763706300,1.9669,1.9684,1.9597,1.96
1763706360,1.96,1.9659,1.9598,1.9656
1763706420,1.9656,1.9668,1.9618,1.9618
1763706480,1.9618,1.9619,1.9581,1.96
1763706540,1.96,1.9615,1.9597,1.9607
1763706600,1.9607,1.9611,1.9589,1.961
1763706660,1.961,1.9656,1.9608,1.9635
1763706720,1.9635,1.9635,1.9617,1.9617
1763706780,1.9617,1.9645,1.9615,1.9636
1763706840,1.9636,1.9647,1.963,1.9632
1763706900,1.9632,1.9665,1.9622,1.9643
1763706960,1.9643,1.9659,1.9615,1.9615
1763707020,1.9615,1.9625,1.9593,1.96
1763707080,1.96,1.96,1.9523,1.9542
1763707140,1.9542,1.9614,1.9531,1.9613
1763707200,1.9613,1.9647,1.9612,1.9617
1763707260,1.9617,1.9643,1.96,1.9631
1763707320,1.9631,1.9665,1.9629,1.9647
1763707380,1.9647,1.9667,1.9637,1.9661
1763707440,1.9661,1.9668,1.9652,1.9656
1763707500,1.9656,1.9669,1.9625,1.9625
1763707560,1.9625,1.9654,1.9611,1.9635
1763707620,1.9635,1.9663,1.9628,1.9657
1763707680,1.9657,1.9697,1.9657,1.9697
1763707740,1.9697,1.9698,1.968,1.969
1763707800,1.969,1.9695,1.9671,1.9676
1763707860,1.9676,1.9712,1.9664,1.9702
1763707920,1.9702,1.9714,1.9676,1.9676
1763707980,1.9676,1.969,1.9654,1.9656
1763708040,1.9656,1.9692,1.9649,1.9684
1763708100,1.9684,1.9708,1.967,1.9697
1763708160,1.9697,1.9697,1.9647,1.9664
1763708220,1.9664,1.9679,1.9658,1.9674
1763708280,1.9674,1.9698,1.9666,1.9696
1763708340,1.9696,1.9698,1.967,1.9673
1763708400,1.9673,1.97,1.9665,1.9696
1763708460,1.9696,1.9715,1.9685,1.9688
1763708520,1.9688,1.9701,1.9657,1.967
1763708580,1.967,1.9735,1.9637,1.9705
1763708640,1.9705,1.9719,1.9702,1.9715
1763708700,1.9715,1.9749,1.97,1.97
1763708760,1.97,1.97,1.9666,1.9684
1763708820,1.9684,1.9701,1.966,1.9672
1763708880,1.9672,1.9672,1.9653,1.9665
1763708940,1.9665,1.9695,1.9663,1.969
1763709000,1.969,1.9701,1.9662,1.9669
1763709060,1.9669,1.967,1.9652,1.967
1763709120,1.967,1.9671,1.9658,1.9658
1763709180,1.9658,1.9677,1.9648,1.9649
1763709240,1.9649,1.9661,1.9627,1.9654
1763709300,1.9654,1.9667,1.9644,1.9648
1763709360,1.9648,1.9649,1.9573,1.9612
1763709420,1.9612,1.9629,1.957,1.9579
1763709480,1.9579,1.9627,1.9571,1.9619
1763709540,1.9619,1.9637,1.9597,1.9598
1763709600,1.9598,1.9604,1.9534,1.9536
1763709660,1.9536,1.9595,1.9529,1.9529
1763709720,1.9529,1.9567,1.9529,1.9552
1763709780,1.9552,1.9591,1.9545,1.9576
1763709840,1.9576,1.9605,1.957,1.9595
1763709900,1.9595,1.9619,1.9576,1.9593
1763709960,1.9593,1.9606,1.9579,1.9579
1763710020,1.9579,1.9592,1.9569,1.9589
1763710080,1.9589,1.9599,1.9557,1.9571
1763710140,1.9571,1.9578,1.9543,1.9556
1763710200,1.9556,1.9573,1.9496,1.9535
1763710260,1.9535,1.9543,1.9495,1.9535
1763710320,1.9535,1.9538,1.9358,1.9412
1763710380,1.9412,1.9425,1.907,1.9114
1763710440,1.9114,1.9128,1.8369,1.895
1763710500,1.895,1.9119,1.8933,1.9062
1763710560,1.9062,1.9084,1.8903,1.8989
1763710620,1.8989,1.917,1.8965,1.9138
1763710680,1.9138,1.9182,1.9066,1.9173
1763710740,1.9173,1.9227,1.9138,1.9175
1763710800,1.9175,1.929,1.9163,1.9235
1763710860,1.9235,1.9299,1.9235,1.9279
1763710920,1.9279,1.9299,1.9207,1.9219
1763710980,1.9219,1.9303,1.9194,1.9295
1763711040,1.9295,1.9313,1.9276,1.9293
1763711100,1.9293,1.9319,1.9206,1.9223
1763711160,1.9223,1.9264,1.9212,1.923
1763711220,1.923,1.9242,1.9157,1.9181
1763711280,1.9181,1.9202,1.9105,1.9167
1763711340,1.9167,1.9256,1.9121,1.9253
1763711400,1.9253,1.9306,1.9223,1.9277
1763711460,1.9277,1.9278,1.923,1.927
1763711520,1.927,1.9285,1.9248,1.9262
1763711580,1.9262,1.9263,1.9185,1.9201
1763711640,1.9201,1.9217,1.9162,1.9163
1763711700,1.9163,1.9176,1.9141,1.9167
1763711760,1.9167,1.9229,1.9151,1.9214
1763711820,1.9214,1.9228,1.9149,1.9151
1763711880,1.9151,1.9233,1.9141,1.9168
1763711940,1.9168,1.92,1.9156,1.9185
1763712000,1.9185,1.9206,1.916,1.9175
1763712060,1.9175,1.9241,1.9172,1.9235
1763712120,1.9235,1.9259,1.9203,1.9238
1763712180,1.9238,1.9254,1.9175,1.9185
1763712240,1.9185,1.9189,1.9134,1.9156
1763712300,1.9156,1.929,1.9148,1.928
1763712360,1.928,1.9364,1.9277,1.9325
1763712420,1.9325,1.9334,1.9268,1.932
1763712480,1.932,1.936,1.9305,1.9353
1763712540,1.9353,1.94,1.9318,1.9396
1763712600,1.9396,1.941,1.9342,1.9386
1763712660,1.9386,1.9491,1.9386,1.9452
1763712720,1.9452,1.9521,1.9443,1.9503
1763712780,1.9503,1.9537,1.9484,1.9501
1763712840,1.9501,1.9505,1.9431,1.9444
1763712900,1.9444,1.9498,1.9434,1.9498
1763712960,1.9498,1.9514,1.9471,1.9503
1763713020,1.9503,1.9526,1.948,1.9521
1763713080,1.9521,1.9529,1.9486,1.9491
1763713140,1.9491,1.9507,1.9454,1.9454
1763713200,1.9454,1.9487,1.9436,1.9481
1763713260,1.9481,1.9502,1.9422,1.9456
1763713320,1.9456,1.9493,1.9448,1.9468
1763713380,1.9468,1.9534,1.9467,1.9525
1763713440,1.9525,1.9565,1.9512,1.9518
1763713500,1.9518,1.9523,1.9481,1.9489
1763713560,1.9489,1.9493,1.9454,1.946
1763713620,1.946,1.9488,1.9452,1.9457
1763713680,1.9457,1.9493,1.9445,1.948
1763713740,1.948,1.9491,1.9473,1.9483
1763713800,1.9483,1.9524,1.9478,1.9508
1763713860,1.9508,1.9534,1.9508,1.9519
1763713920,1.9519,1.9551,1.9512,1.9544
1763713980,1.9544,1.9546,1.9504,1.9512
1763714040,1.9512,1.9519,1.9424,1.9433
1763714100,1.9433,1.9448,1.94,1.9415
1763714160,1.9415,1.9415,1.9342,1.936
1763714220,1.936,1.9378,1.9336,1.9367
1763714280,1.9367,1.94,1.935,1.9384
1763714340,1.9384,1.9423,1.937,1.9403
1763714400,1.9403,1.9403,1.936,1.936
1763714460,1.936,1.9402,1.9348,1.9384
1763714520,1.9384,1.9398,1.9333,1.9346
1763714580,1.9346,1.9357,1.9321,1.9338
1763714640,1.9338,1.9375,1.9335,1.9357
1763714700,1.9357,1.9385,1.9333,1.9351
1763714760,1.9351,1.9392,1.9351,1.9378
1763714820,1.9378,1.943,1.9375,1.9417
1763714880,1.9417,1.9425,1.9361,1.9377
1763714940,1.9377,1.9377,1.9314,1.9314
1763715000,1.9314,1.9336,1.9305,1.9328
1763715060,1.9328,1.9371,1.9327,1.9347
1763715120,1.9347,1.9383,1.9337,1.9378
1763715180,1.9378,1.9426,1.9356,1.9367
1763715240,1.9367,1.9375,1.9311,1.9324
1763715300,1.9324,1.9381,1.9324,1.938
1763715360,1.938,1.9425,1.938,1.9396
1763715420,1.9396,1.9408,1.9368,1.9368
1763715480,1.9368,1.9376,1.9331,1.9337
1763715540,1.9337,1.9342,1.931,1.9316
1763715600,1.9316,1.9381,1.9316,1.938
1763715660,1.938,1.9417,1.937,1.9414
1763715720,1.9414,1.9437,1.94,1.9426
1763715780,1.9426,1.9452,1.9425,1.9449
1763715840,1.9449,1.9477,1.9445,1.9475
1763715900,1.9475,1.949,1.9431,1.9436
1763715960,1.9436,1.9449,1.9414,1.9428
1763716020,1.9428,1.9432,1.9381,1.9388
1763716080,1.9388,1.9394,1.9365,1.9373
1763716140,1.9373,1.9399,1.9367,1.9392
1763716200,1.9392,1.9415,1.9386,1.9415
1763716260,1.9415,1.952,1.9415,1.9489
1763716320,1.9489,1.9498,1.9464,1.9469
1763716380,1.9469,1.9474,1.944,1.9444
1763716440,1.9444,1.9452,1.9431,1.9446
1763716500,1.9446,1.9467,1.943,1.9433
1763716560,1.9433,1.9445,1.9389,1.9394
1763716620,1.9394,1.9405,1.938,1.9402
1763716680,1.9402,1.9402,1.9368,1.9382
1763716740,1.9382,1.9403,1.9372,1.9392
1763716800,1.9392,1.9411,1.9362,1.9389
1763716860,1.9389,1.9403,1.9355,1.9357
1763716920,1.9357,1.9384,1.9346,1.9349
1763716980,1.9349,1.9369,1.9336,1.9337
1763717040,1.9337,1.9349,1.9321,1.9327
1763717100,1.9327,1.9327,1.9262,1.9279
1763717160,1.9279,1.9306,1.925,1.9272
1763717220,1.9272,1.9289,1.9217,1.9254
1763717280,1.9254,1.9277,1.9243,1.9252
1763717340,1.9252,1.9286,1.9238,1.9241
1763717400,1.9241,1.9274,1.9208,1.9221
1763717460,1.9221,1.9252,1.9181,1.9231
1763717520,1.9231,1.924,1.9169,1.919
1763717580,1.919,1.9228,1.9162,1.9177
1763717640,1.9177,1.9208,1.9172,1.9185
1763717700,1.9185,1.921,1.9158,1.9199
1763717760,1.9199,1.9201,1.9147,1.9147
1763717820,1.9147,1.9193,1.9137,1.9183
1763717880,1.9183,1.9196,1.9089,1.9102
1763717940,1.9102,1.9132,1.9078,1.91
1763718000,1.91,1.9115,1.9071,1.9091
1763718060,1.9091,1.9107,1.9057,1.9059
1763718120,1.9059,1.9086,1.9017,1.9077
1763718180,1.9077,1.9098,1.906,1.906
1763718240,1.906,1.9102,1.906,1.909
1763718300,1.909,1.91,1.9064,1.9073
1763718360,1.9073,1.9096,1.9065,1.9082
1763718420,1.9082,1.9115,1.9052,1.9107
1763718480,1.9107,1.9116,1.9052,1.9057
1763718540,1.9057,1.9081,1.9005,1.9081
1763718600,1.9081,1.9106,1.9053,1.9057
1763718660,1.9057,1.909,1.9048,1.9051
1763718720,1.9051,1.9093,1.901,1.9068
1763718780,1.9068,1.9074,1.9007,1.9007
1763718840,1.9007,1.9052,1.9006,1.9026
1763718900,1.9026,1.9057,1.9021,1.9025
1763718960,1.9025,1.9111,1.9025,1.9096
1763719020,1.9096,1.9108,1.9082,1.9091
1763719080,1.9091,1.9098,1.905,1.906
1763719140,1.906,1.9062,1.9014,1.9024
1763719200,1.9024,1.9039,1.9014,1.9036
1763719260,1.9036,1.9036,1.8975,1.8998
1763719320,1.8998,1.902,1.8934,1.8945
1763719380,1.8945,1.8954,1.8885,1.893
1763719440,1.893,1.8959,1.8896,1.8958
1763719500,1.8958,1.9085,1.8947,1.8985
1763719560,1.8985,1.8999,1.8927,1.8984
1763719620,1.8984,1.8984,1.8901,1.8929
1763719680,1.8929,1.8987,1.8927,1.896
1763719740,1.896,1.902,1.8959,1.9002
1763719800,1.9002,1.9108,1.9,1.9085
1763719860,1.9085,1.9115,1.9058,1.9068
1763719920,1.9068,1.9104,1.9019,1.9019
1763719980,1.9019,1.9023,1.8956,1.897
1763720040,1.897,1.8988,1.8948,1.8971
1763720100,1.8971,1.8985,1.8925,1.8927
1763720160,1.8927,1.8979,1.8864,1.8973
1763720220,1.8973,1.901,1.8951,1.8961
1763720280,1.8961,1.8968,1.8906,1.8937
1763720340,1.8937,1.9003,1.8934,1.899
1763720400,1.899,1.9002,1.8948,1.8969
1763720460,1.8969,1.9028,1.8966,1.9017
1763720520,1.9017,1.9022,1.8944,1.8946
1763720580,1.8946,1.8951,1.8922,1.8944
1763720640,1.8944,1.8992,1.8944,1.8992
1763720700,1.8992,1.9039,1.8972,1.9039
1763720760,1.9039,1.9088,1.9016,1.9029
1763720820,1.9029,1.9029,1.8983,1.8988
1763720880,1.8988,1.8988,1.8926,1.8935
1763720940,1.8935,1.8953,1.8926,1.8947
1763721000,1.8947,1.897,1.8937,1.8954
1763721060,1.8954,1.9026,1.8951,1.9
1763721120,1.9,1.9028,1.8998,1.9016
1763721180,1.9016,1.906,1.8997,1.9055
1763721240,1.9055,1.9079,1.9002,1.9002
1763721300,1.9002,1.9029,1.8992,1.9026
1763721360,1.9026,1.907,1.9017,1.9054
1763721420,1.9054,1.9085,1.9035,1.9069
1763721480,1.9069,1.9125,1.9044,1.9099
1763721540,1.9099,1.9102,1.9054,1.9069
1763721600,1.9069,1.9108,1.9058,1.909
1763721660,1.909,1.9094,1.9014,1.9032
1763721720,1.9032,1.9032,1.8994,1.9009
1763721780,1.9009,1.9014,1.9,1.9013
1763721840,1.9013,1.9013,1.8987,1.9004
1763721900,1.9004,1.9012,1.8995,1.9003
1763721960,1.9003,1.9032,1.898,1.8989
1763722020,1.8989,1.8999,1.8979,1.8992
1763722080,1.8992,1.8994,1.8953,1.8971
1763722140,1.8971,1.8975,1.8932,1.8943
1763722200,1.8943,1.8947,1.8929,1.8937
1763722260,1.8937,1.8972,1.8928,1.8972
1763722320,1.8972,1.9012,1.8965,1.9002
1763722380,1.9002,1.9007,1.8981,1.8989
1763722440,1.8989,1.8989,1.896,1.8984
1763722500,1.8984,1.8999,1.896,1.8985
1763722560,1.8985,1.899,1.8956,1.8957
1763722620,1.8957,1.8984,1.8956,1.8979
1763722680,1.8979,1.8992,1.8964,1.8975
1763722740,1.8975,1.8988,1.897,1.897
1763722800,1.897,1.8972,1.8934,1.8951
1763722860,1.8951,1.9029,1.8951,1.9024
1763722920,1.9024,1.9029,1.8986,1.9007
1763722980,1.9007,1.9043,1.8985,1.9008
1763723040,1.9008,1.9023,1.9,1.9017
1763723100,1.9017,1.9033,1.9002,1.9004
1763723160,1.9004,1.9027,1.8968,1.8975
1763723220,1.8975,1.9049,1.8966,1.9045
1763723280,1.9045,1.915,1.9044,1.9116
1763723340,1.9116,1.915,1.9085,1.9129
1763723400,1.9129,1.9154,1.9115,1.9116
1763723460,1.9116,1.9116,1.9063,1.9074
1763723520,1.9074,1.9074,1.9044,1.9057
1763723580,1.9057,1.9077,1.9051,1.9066
1763723640,1.9066,1.9099,1.906,1.9095
1763723700,1.9095,1.9103,1.9047,1.9056
1763723760,1.9056,1.906,1.9014,1.9017
1763723820,1.9017,1.9077,1.9013,1.903
1763723880,1.903,1.9033,1.8993,1.901
1763723940,1.901,1.9011,1.8947,1.8956
1763724000,1.8956,1.9003,1.8956,1.8992
1763724060,1.8992,1.9051,1.8988,1.9051
1763724120,1.9051,1.9058,1.8985,1.8993
1763724180,1.8993,1.9059,1.8987,1.9022
1763724240,1.9022,1.9026,1.9001,1.9006
1763724300,1.9006,1.9022,1.9002,1.9015
1763724360,1.9015,1.9015,1.899,1.9003
1763724420,1.9003,1.9009,1.8987,1.9
1763724480,1.9,1.901,1.8986,1.8986
1763724540,1.8986,1.8996,1.8981,1.8984
1763724600,1.8984,1.8988,1.8958,1.8963
1763724660,1.8963,1.8987,1.8961,1.8982
1763724720,1.8982,1.9016,1.8981,1.901
1763724780,1.901,1.9025,1.8996,1.8996
1763724840,1.8996,1.8996,1.8928,1.8928
1763724900,1.8928,1.8935,1.8915,1.8919
1763724960,1.8919,1.8943,1.8883,1.8937
1763725020,1.8937,1.894,1.891,1.8912
1763725080,1.8912,1.8918,1.8874,1.889
1763725140,1.889,1.8911,1.889,1.8894
1763725200,1.8894,1.8918,1.8862,1.887
1763725260,1.887,1.8899,1.8846,1.8893
1763725320,1.8893,1.8899,1.8865,1.8871
1763725380,1.8871,1.8894,1.8871,1.8894
1763725440,1.8894,1.8908,1.8889,1.8893
1763725500,1.8893,1.8906,1.886,1.8865
1763725560,1.8865,1.8878,1.8858,1.8874
1763725620,1.8874,1.8893,1.8838,1.8851
1763725680,1.8851,1.8867,1.8821,1.8835
1763725740,1.8835,1.8864,1.881,1.882
1763725800,1.882,1.884,1.8787,1.883
1763725860,1.883,1.8835,1.8778,1.8789
1763725920,1.8789,1.8823,1.8785,1.8803
1763725980,1.8803,1.881,1.875,1.8772
1763726040,1.8772,1.8796,1.8764,1.8781
1763726100,1.8781,1.881,1.8777,1.8787
1763726160,1.8787,1.8792,1.8732,1.8744
1763726220,1.8744,1.8803,1.8744,1.8802
1763726280,1.8802,1.8818,1.8764,1.8765
1763726340,1.8765,1.8766,1.8739,1.8751
1763726400,1.8751,1.8775,1.874,1.8744
1763726460,1.8744,1.878,1.8717,1.874
1763726520,1.874,1.8779,1.871,1.8728
1763726580,1.8728,1.8767,1.8704,1.8748
1763726640,1.8748,1.8748,1.8673,1.8696
1763726700,1.8696,1.8708,1.8651,1.8656
1763726760,1.8656,1.8694,1.8652,1.8687
1763726820,1.8687,1.8706,1.8669,1.8705
1763726880,1.8705,1.8705,1.8634,1.8646
1763726940,1.8646,1.8668,1.8632,1.8638
1763727000,1.8638,1.8641,1.8611,1.8613
1763727060,1.8613,1.8635,1.8596,1.8624
1763727120,1.8624,1.863,1.8605,1.8624
1763727180,1.8624,1.8676,1.8624,1.8673
1763727240,1.8673,1.8707,1.8653,1.8684
1763727300,1.8684,1.8684,1.8592,1.8613
1763727360,1.8613,1.8631,1.8515,1.8541
1763727420,1.8541,1.8563,1.8509,1.854
1763727480,1.854,1.8548,1.8487,1.8505
1763727540,1.8505,1.8531,1.85,1.8508
1763727600,1.8508,1.8526,1.8494,1.8503
1763727660,1.8503,1.8519,1.8484,1.8505
1763727720,1.8505,1.8513,1.8357,1.8451
1763727780,1.8451,1.8458,1.8337,1.8374
1763727840,1.8374,1.8377,1.8282,1.8313
1763727900,1.8313,1.8427,1.8307,1.8379
1763727960,1.8379,1.8385,1.8317,1.8321
1763728020,1.8321,1.8363,1.8311,1.8343
1763728080,1.8343,1.8346,1.824,1.8244
1763728140,1.8244,1.8294,1.8202,1.8276
1763728200,1.8276,1.8547,1.8276,1.8453
1763728260,1.8453,1.8554,1.8391,1.8503
1763728320,1.8503,1.8557,1.8482,1.8536
1763728380,1.8536,1.8565,1.8463,1.8517
1763728440,1.8517,1.861,1.8514,1.8587
1763728500,1.8587,1.8601,1.8513,1.8601
1763728560,1.8601,1.876,1.8563,1.8727
1763728620,1.8727,1.8915,1.8718,1.8879
1763728680,1.8879,1.898,1.8865,1.8947
1763728740,1.8947,1.9022,1.8896,1.9013
1763728800,1.9013,1.9013,1.8928,1.898
1763728860,1.898,1.9075,1.895,1.9039
1763728920,1.9039,1.905,1.8959,1.8981
1763728980,1.8981,1.9032,1.8917,1.9029
1763729040,1.9029,1.914,1.8995,1.9077
1763729100,1.9077,1.9178,1.9067,1.9153
1763729160,1.9153,1.9199,1.9097,1.9109
1763729220,1.9109,1.9157,1.9088,1.9128
1763729280,1.9128,1.9165,1.9061,1.909
1763729340,1.909,1.9098,1.9014,1.9046
1763729400,1.9046,1.9179,1.9029,1.9161
1763729460,1.9161,1.9226,1.9117,1.9173
1763729520,1.9173,1.9201,1.9111,1.9117
1763729580,1.9117,1.9157,1.9099,1.9149
1763729640,1.9149,1.917,1.9125,1.9155
1763729700,1.9155,1.9157,1.9077,1.9079
1763729760,1.9079,1.9098,1.9043,1.9054
1763729820,1.9054,1.9088,1.9025,1.9087
1763729880,1.9087,1.9098,1.9051,1.9072
1763729940,1.9072,1.9086,1.905,1.908
1763730000,1.908,1.9135,1.9056,1.9133
1763730060,1.9133,1.9139,1.9057,1.9066
1763730120,1.9066,1.9145,1.9058,1.9105
1763730180,1.9105,1.9164,1.907,1.9074
1763730240,1.9074,1.9085,1.9009,1.9053
1763730300,1.9053,1.9087,1.9025,1.9077
1763730360,1.9077,1.9152,1.9067,1.9128
1763730420,1.9128,1.9139,1.9091,1.9091
1763730480,1.9091,1.9171,1.9087,1.9167
1763730540,1.9167,1.9221,1.9167,1.9215
1763730600,1.9215,1.9257,1.9141,1.9141
1763730660,1.9141,1.9174,1.9138,1.915
1763730720,1.915,1.9171,1.9139,1.9165
1763730780,1.9165,1.9197,1.9146,1.9193
1763730840,1.9193,1.922,1.9188,1.9216
1763730900,1.9216,1.9269,1.9216,1.9267
1763730960,1.9267,1.9292,1.9262,1.9285
1763731020,1.9285,1.9411,1.9268,1.9382
1763731080,1.9382,1.9382,1.9313,1.9321
1763731140,1.9321,1.9322,1.9267,1.9305
1763731200,1.9305,1.9312,1.9263,1.9283
1763731260,1.9283,1.9337,1.9263,1.9276
1763731320,1.9276,1.9292,1.9203,1.9222
1763731380,1.9222,1.9223,1.9174,1.9198
1763731440,1.9198,1.9203,1.9157,1.9159
1763731500,1.9159,1.9184,1.9122,1.9167
1763731560,1.9167,1.92,1.9141,1.9197
1763731620,1.9197,1.9208,1.9179,1.9187
1763731680,1.9187,1.9198,1.9111,1.9134
1763731740,1.9134,1.9159,1.913,1.9141
1763731800,1.9141,1.9164,1.9138,1.9164
1763731860,1.9164,1.9184,1.9137,1.9175
1763731920,1.9175,1.9186,1.9147,1.9161
1763731980,1.9161,1.9176,1.9128,1.9171
1763732040,1.9171,1.9185,1.916,1.9174
1763732100,1.9174,1.9259,1.9173,1.9254
1763732160,1.9254,1.9284,1.9251,1.9276
1763732220,1.9276,1.9287,1.9262,1.9283
1763732280,1.9283,1.9308,1.9271,1.9303
1763732340,1.9303,1.9306,1.9257,1.9263
1763732400,1.9263,1.9299,1.9259,1.9291
1763732460,1.9291,1.9335,1.9289,1.9327
1763732520,1.9327,1.935,1.9314,1.9316
1763732580,1.9316,1.9342,1.9316,1.9324
1763732640,1.9324,1.9325,1.9304,1.9314
1763732700,1.9314,1.9334,1.9288,1.9321
1763732760,1.9321,1.9355,1.9285,1.9299
1763732820,1.9299,1.9354,1.9299,1.9338
1763732880,1.9338,1.9395,1.9337,1.9374
1763732940,1.9374,1.9375,1.9317,1.9337
1763733000,1.9337,1.9361,1.9319,1.9355
1763733060,1.9355,1.9406,1.9348,1.9402
1763733120,1.9402,1.9414,1.9356,1.9363
1763733180,1.9363,1.9383,1.9343,1.9363
1763733240,1.9363,1.938,1.9358,1.9375
1763733300,1.9375,1.9384,1.9354,1.9358
1763733360,1.9358,1.9363,1.9329,1.9347
1763733420,1.9347,1.9347,1.9327,1.9327
1763733480,1.9327,1.9327,1.9295,1.9301
1763733540,1.9301,1.9328,1.9287,1.9294
1763733600,1.9294,1.9303,1.9275,1.9277
1763733660,1.9277,1.9278,1.9233,1.9255
1763733720,1.9255,1.9301,1.9249,1.9294
1763733780,1.9294,1.9314,1.9287,1.929
1763733840,1.929,1.9307,1.9281,1.9281
1763733900,1.9281,1.9289,1.9241,1.9241
1763733960,1.9241,1.9285,1.9237,1.9282
1763734020,1.9282,1.9307,1.9261,1.93
1763734080,1.93,1.9335,1.9293,1.9334
1763734140,1.9334,1.9362,1.9331,1.9347
1763734200,1.9347,1.9351,1.9312,1.9315
1763734260,1.9315,1.9315,1.9288,1.9302
1763734320,1.9302,1.9302,1.9283,1.9296
1763734380,1.9296,1.9296,1.9249,1.9249
1763734440,1.9249,1.9268,1.9248,1.925
1763734500,1.925,1.9251,1.9186,1.9187
1763734560,1.9187,1.9212,1.9151,1.9209
1763734620,1.9209,1.9209,1.9167,1.9197
1763734680,1.9197,1.9218,1.9181,1.9184
1763734740,1.9184,1.9204,1.9177,1.9196
1763734800,1.9196,1.9223,1.9193,1.9213
1763734860,1.9213,1.9237,1.9203,1.9225
1763734920,1.9225,1.9229,1.9182,1.9202
1763734980,1.9202,1.9248,1.9191,1.9245
1763735040,1.9245,1.9256,1.92,1.921
1763735100,1.921,1.9221,1.9181,1.9196
1763735160,1.9196,1.9201,1.9161,1.9167
1763735220,1.9167,1.9181,1.9144,1.9165
1763735280,1.9165,1.9177,1.9156,1.9166
1763735340,1.9166,1.9199,1.9165,1.9183
1763735400,1.9183,1.94,1.9159,1.9325
1763735460,1.9325,1.9372,1.9245,1.9278
1763735520,1.9278,1.937,1.9257,1.9358
1763735580,1.9358,1.9369,1.9295,1.9355
1763735640,1.9355,1.948,1.9355,1.948
1763735700,1.948,1.9525,1.942,1.9523
1763735760,1.9523,1.959,1.9509,1.9552
1763735820,1.9552,1.9594,1.9492,1.9501
1763735880,1.9501,1.9525,1.9431,1.9441
1763735940,1.9441,1.9517,1.9432,1.9461
1763736000,1.9461,1.9529,1.9414,1.9521
1763736060,1.9521,1.9585,1.952,1.957
1763736120,1.957,1.9614,1.9502,1.9527
1763736180,1.9527,1.9534,1.9484,1.9494
1763736240,1.9494,1.9504,1.9469,1.9479
1763736300,1.9479,1.95,1.9454,1.9454
1763736360,1.9454,1.9467,1.9385,1.9421
1763736420,1.9421,1.9435,1.9376,1.9387
1763736480,1.9387,1.9473,1.9387,1.947
1763736540,1.947,1.9477,1.9411,1.945
1763736600,1.945,1.9476,1.9427,1.945
1763736660,1.945,1.9531,1.9423,1.9493
1763736720,1.9493,1.955,1.947,1.9549
1763736780,1.9549,1.9588,1.9534,1.9578
1763736840,1.9578,1.9622,1.9566,1.9618
1763736900,1.9618,1.9643,1.9601,1.9642
1763736960,1.9642,1.9645,1.954,1.9552
1763737020,1.9552,1.9577,1.9547,1.9556
1763737080,1.9556,1.9583,1.955,1.9572
1763737140,1.9572,1.9572,1.9499,1.95
1763737200,1.95,1.9557,1.9466,1.9468
1763737260,1.9468,1.9468,1.9395,1.9414
1763737320,1.9414,1.9426,1.9384,1.9408
1763737380,1.9408,1.9414,1.9368,1.9414
1763737440,1.9414,1.9439,1.9388,1.9412
1763737500,1.9412,1.945,1.9408,1.944
1763737560,1.944,1.9499,1.9414,1.9465
1763737620,1.9465,1.9466,1.9422,1.9428
1763737680,1.9428,1.9444,1.9386,1.9416
1763737740,1.9416,1.9431,1.9393,1.9418
1763737800,1.9418,1.9418,1.9379,1.9393
1763737860,1.9393,1.9393,1.9348,1.9371
1763737920,1.9371,1.9384,1.9339,1.9343
1763737980,1.9343,1.9347,1.9297,1.9334
1763738040,1.9334,1.9367,1.9318,1.9339
1763738100,1.9339,1.9374,1.9335,1.9344
1763738160,1.9344,1.9387,1.9343,1.9355
1763738220,1.9355,1.9355,1.9288,1.9304
1763738280,1.9304,1.9334,1.929,1.9334
1763738340,1.9334,1.9357,1.9325,1.935
1763738400,1.935,1.9355,1.9268,1.9275
1763738460,1.9275,1.9276,1.923,1.9256
1763738520,1.9256,1.9322,1.9225,1.9298
1763738580,1.9298,1.9357,1.9298,1.933
1763738640,1.933,1.9332,1.9277,1.9318
1763738700,1.9318,1.9401,1.9312,1.9349
1763738760,1.9349,1.9349,1.9249,1.9284
1763738820,1.9284,1.9286,1.9251,1.9262
1763738880,1.9262,1.9294,1.9238,1.9277
1763738940,1.9277,1.9277,1.9242,1.9255
1763739000,1.9255,1.9292,1.9245,1.9261
1763739060,1.9261,1.929,1.9236,1.929
1763739120,1.929,1.9303,1.9259,1.9271
1763739180,1.9271,1.9284,1.9246,1.9248
1763739240,1.9248,1.9268,1.9214,1.9228
1763739300,1.9228,1.9232,1.9186,1.9191
1763739360,1.9191,1.9212,1.9171,1.9172
1763739420,1.9172,1.9182,1.9106,1.9145
1763739480,1.9145,1.9157,1.9107,1.9113
1763739540,1.9113,1.9119,1.9066,1.9103
1763739600,1.9103,1.9124,1.9078,1.9104
1763739660,1.9104,1.914,1.9097,1.9122
1763739720,1.9122,1.9143,1.9079,1.9111
1763739780,1.9111,1.9149,1.9102,1.9138
1763739840,1.9138,1.9202,1.9138,1.9186
1763739900,1.9186,1.9233,1.915,1.9209
1763739960,1.9209,1.922,1.9176,1.9201
1763740020,1.9201,1.9215,1.9166,1.918
1763740080,1.918,1.9195,1.9121,1.9159
1763740140,1.9159,1.9199,1.9144,1.9187
1763740200,1.9187,1.9187,1.9121,1.9165
1763740260,1.9165,1.9166,1.9084,1.9106
1763740320,1.9106,1.9115,1.9073,1.9081
1763740380,1.9081,1.9081,1.9025,1.9038
1763740440,1.9038,1.9107,1.9038,1.9101
1763740500,1.9101,1.9116,1.9074,1.9112
1763740560,1.9112,1.916,1.9087,1.9144
1763740620,1.9144,1.9144,1.9078,1.9078
1763740680,1.9078,1.9108,1.9033,1.9101
1763740740,1.9101,1.9108,1.9078,1.9102
1763740800,1.9102,1.9138,1.9089,1.9107
1763740860,1.9107,1.9142,1.9089,1.9117
1763740920,1.9117,1.9124,1.904,1.9056
1763740980,1.9056,1.9079,1.9021,1.9058
1763741040,1.9058,1.9058,1.8983,1.9001
1763741100,1.9001,1.9014,1.8947,1.8973
1763741160,1.8973,1.9,1.894,1.8986
1763741220,1.8986,1.9061,1.8968,1.9048
1763741280,1.9048,1.914,1.9043,1.9061
1763741340,1.9061,1.908,1.9003,1.9047
1763741400,1.9047,1.9081,1.9019,1.9028
1763741460,1.9028,1.905,1.8988,1.9014
1763741520,1.9014,1.9014,1.8941,1.8957
1763741580,1.8957,1.9035,1.8955,1.9001
1763741640,1.9001,1.9007,1.8949,1.9002
1763741700,1.9002,1.9002,1.8955,1.8987
1763741760,1.8987,1.8996,1.8927,1.8985
1763741820,1.8985,1.9033,1.8915,1.8954
1763741880,1.8954,1.8965,1.8851,1.886
1763741940,1.886,1.8912,1.8854,1.8908
1763742000,1.8908,1.8976,1.8897,1.8971
1763742060,1.8971,1.9089,1.8949,1.9075
1763742120,1.9075,1.9116,1.9008,1.9017
1763742180,1.9017,1.9017,1.8951,1.897
1763742240,1.897,1.9012,1.8968,1.8997
1763742300,1.8997,1.8997,1.8941,1.8967
1763742360,1.8967,1.8993,1.8958,1.8961
1763742420,1.8961,1.9006,1.8946,1.8995
1763742480,1.8995,1.9047,1.8985,1.9021
1763742540,1.9021,1.9078,1.8988,1.9069
1763742600,1.9069,1.9095,1.902,1.902
1763742660,1.902,1.9044,1.9007,1.9013
1763742720,1.9013,1.9044,1.8975,1.9019
1763742780,1.9019,1.908,1.9015,1.9053
1763742840,1.9053,1.9081,1.9042,1.9044
1763742900,1.9044,1.9084,1.9039,1.9056
1763742960,1.9056,1.9136,1.9053,1.9104
1763743020,1.9104,1.9171,1.9097,1.9164
1763743080,1.9164,1.9241,1.9162,1.9228
1763743140,1.9228,1.9236,1.9159,1.9175
1763743200,1.9175,1.921,1.9165,1.9196
1763743260,1.9196,1.9211,1.9168,1.9182
1763743320,1.9182,1.9203,1.9157,1.9167
1763743380,1.9167,1.9173,1.9131,1.9147
1763743440,1.9147,1.9147,1.9091,1.9123
1763743500,1.9123,1.9123,1.9046,1.9064
1763743560,1.9064,1.9138,1.9055,1.9096
1763743620,1.9096,1.9175,1.9093,1.9169
1763743680,1.9169,1.9248,1.9169,1.9236
1763743740,1.9236,1.9274,1.9232,1.9243
1763743800,1.9243,1.9286,1.9214,1.9279
1763743860,1.9279,1.9331,1.9272,1.9323
1763743920,1.9323,1.9437,1.9316,1.9429
1763743980,1.9429,1.9494,1.9414,1.9475
1763744040,1.9475,1.9491,1.9426,1.9449
1763744100,1.9449,1.9498,1.9447,1.9465
1763744160,1.9465,1.9548,1.9465,1.9528
1763744220,1.9528,1.9543,1.9463,1.9466
1763744280,1.9466,1.9558,1.9466,1.9534
1763744340,1.9534,1.9569,1.953,1.9557
1763744400,1.9557,1.9575,1.9516,1.9536
1763744460,1.9536,1.9553,1.9493,1.9513
1763744520,1.9513,1.957,1.9508,1.9535
1763744580,1.9535,1.9638,1.953,1.9632
1763744640,1.9632,1.9653,1.9622,1.9648
1763744700,1.9648,1.967,1.96,1.9622
1763744760,1.9622,1.9667,1.9614,1.9632
1763744820,1.9632,1.9746,1.9621,1.9726
1763744880,1.9726,1.9737,1.9674,1.9704
1763744940,1.9704,1.9734,1.9698,1.9712
1763745000,1.9712,1.9714,1.9657,1.9692
1763745060,1.9692,1.9727,1.9689,1.9716
1763745120,1.9716,1.9729,1.9676,1.9689
1763745180,1.9689,1.9722,1.967,1.9702
1763745240,1.9702,1.9737,1.9697,1.9721
1763745300,1.9721,1.9777,1.9721,1.9737
1763745360,1.9737,1.9769,1.9705,1.9727
1763745420,1.9727,1.9789,1.9715,1.9763
1763745480,1.9763,1.9849,1.9758,1.9848
1763745540,1.9848,1.9875,1.9795,1.9805
1763745600,1.9805,1.982,1.9773,1.9805
1763745660,1.9805,1.9862,1.98,1.981
1763745720,1.981,1.9869,1.981,1.9848
1763745780,1.9848,1.9885,1.9822,1.9884
1763745840,1.9884,1.9932,1.9884,1.992
1763745900,1.992,1.9974,1.9908,1.9916
1763745960,1.9916,1.9943,1.991,1.991
1763746020,1.991,1.991,1.9813,1.9841
1763746080,1.9841,1.9841,1.9803,1.9825
1763746140,1.9825,1.9887,1.9825,1.9861
1763746200,1.9861,1.9908,1.986,1.9899
1763746260,1.9899,1.9921,1.987,1.987
1763746320,1.987,1.9911,1.9853,1.9898
1763746380,1.9898,1.9927,1.9898,1.9923
1763746440,1.9923,1.995,1.9908,1.9909
1763746500,1.9909,1.9932,1.9886,1.9909
1763746560,1.9909,1.9936,1.9892,1.9925
1763746620,1.9925,1.9932,1.9857,1.9871
1763746680,1.9871,1.9881,1.9806,1.9828
1763746740,1.9828,1.9869,1.9828,1.984
1763746800,1.984,1.9852,1.9821,1.9821
1763746860,1.9821,1.9868,1.9803,1.9864
1763746920,1.9864,1.9872,1.9839,1.9859
1763746980,1.9859,1.9868,1.9841,1.9847
1763747040,1.9847,1.9849,1.9825,1.9833
1763747100,1.9833,1.9899,1.9833,1.9874
1763747160,1.9874,1.9877,1.9805,1.983
1763747220,1.983,1.987,1.983,1.9866
1763747280,1.9866,1.9914,1.9848,1.9913
1763747340,1.9913,1.9924,1.99,1.9919
1763747400,1.9919,1.9919,1.987,1.987
1763747460,1.987,1.9906,1.9869,1.9898
1763747520,1.9898,1.99,1.9829,1.9829
1763747580,1.9829,1.9837,1.9806,1.9809
1763747640,1.9809,1.981,1.9768,1.9783
1763747700,1.9783,1.9841,1.9783,1.9811
1763747760,1.9811,1.9811,1.9753,1.9759
1763747820,1.9759,1.9772,1.9709,1.9737
1763747880,1.9737,1.9765,1.9734,1.9752
1763747940,1.9752,1.9765,1.9742,1.9755
1763748000,1.9755,1.9794,1.9729,1.9734
1763748060,1.9734,1.9761,1.9718,1.9746
1763748120,1.9746,1.9758,1.972,1.9724
1763748180,1.9724,1.9733,1.9664,1.9675
1763748240,1.9675,1.9675,1.9588,1.9593
1763748300,1.9593,1.9632,1.9548,1.9552
1763748360,1.9552,1.9624,1.9527,1.9596
1763748420,1.9596,1.9603,1.9532,1.9549
1763748480,1.9549,1.9552,1.9511,1.9542
1763748540,1.9542,1.9585,1.9531,1.9564
1763748600,1.9564,1.9588,1.9524,1.9533
1763748660,1.9533,1.9555,1.9485,1.9498
1763748720,1.9498,1.9498,1.945,1.9462
1763748780,1.9462,1.9478,1.9411,1.9418
1763748840,1.9418,1.9443,1.9394,1.9431
1763748900,1.9431,1.945,1.9391,1.9445
1763748960,1.9445,1.9469,1.9413,1.9434
1763749020,1.9434,1.9434,1.9353,1.9354
1763749080,1.9354,1.9366,1.9306,1.9318
1763749140,1.9318,1.9348,1.9314,1.9325
1763749200,1.9325,1.9346,1.9301,1.931
1763749260,1.931,1.9363,1.9308,1.9338
1763749320,1.9338,1.9349,1.9298,1.9342
1763749380,1.9342,1.9392,1.9331,1.9381
1763749440,1.9381,1.9394,1.9361,1.9387
1763749500,1.9387,1.9484,1.9368,1.9458
1763749560,1.9458,1.9465,1.9419,1.9437
1763749620,1.9437,1.9455,1.9401,1.9438
1763749680,1.9438,1.9506,1.9438,1.9489
1763749740,1.9489,1.9503,1.9469,1.95
1763749800,1.95,1.9536,1.9476,1.9517
1763749860,1.9517,1.957,1.9517,1.9549
1763749920,1.9549,1.9609,1.9534,1.9602
1763749980,1.9602,1.9609,1.9563,1.9568
1763750040,1.9568,1.9589,1.9556,1.9586
1763750100,1.9586,1.9622,1.9583,1.9617
1763750160,1.9617,1.967,1.9617,1.9634
1763750220,1.9634,1.9664,1.9634,1.9649
1763750280,1.9649,1.9672,1.9632,1.9657
1763750340,1.9657,1.9693,1.9647,1.9661
1763750400,1.9661,1.9684,1.9634,1.9652
1763750460,1.9652,1.9654,1.9592,1.9618
1763750520,1.9618,1.9625,1.9582,1.9603
1763750580,1.9603,1.9639,1.9603,1.9637
1763750640,1.9637,1.9658,1.9636,1.9654
1763750700,1.9654,1.9675,1.9627,1.9646
1763750760,1.9646,1.9667,1.9626,1.9626
1763750820,1.9626,1.9656,1.9597,1.9656
1763750880,1.9656,1.9857,1.965,1.9805
1763750940,1.9805,1.9845,1.9743,1.9745
1763751000,1.9745,1.9812,1.9745,1.9763
1763751060,1.9763,1.9787,1.9735,1.9763
1763751120,1.9763,1.9763,1.9702,1.9716
1763751180,1.9716,1.9762,1.9716,1.9736
1763751240,1.9736,1.9737,1.9686,1.9707
1763751300,1.9707,1.972,1.9684,1.9717
1763751360,1.9717,1.9735,1.9694,1.9705
1763751420,1.9705,1.9708,1.9628,1.9672
1763751480,1.9672,1.9676,1.9646,1.9656
1763751540,1.9656,1.9661,1.9639,1.9642
1763751600,1.9642,1.9679,1.9639,1.9671
1763751660,1.9671,1.9687,1.963,1.9636
1763751720,1.9636,1.9666,1.9634,1.9652
1763751780,1.9652,1.9674,1.9638,1.9662
1763751840,1.9662,1.9719,1.9648,1.9707
1763751900,1.9707,1.9711,1.9666,1.9673
1763751960,1.9673,1.9673,1.9628,1.9638
1763752020,1.9638,1.9649,1.9618,1.9637
1763752080,1.9637,1.965,1.9612,1.9632
1763752140,1.9632,1.9689,1.9632,1.9681
1763752200,1.9681,1.9702,1.9651,1.9662
1763752260,1.9662,1.9662,1.9621,1.9637
1763752320,1.9637,1.9642,1.9588,1.9592
1763752380,1.9592,1.9592,1.9546,1.9571
1763752440,1.9571,1.9581,1.9557,1.9559
1763752500,1.9559,1.9566,1.9542,1.9566
1763752560,1.9566,1.9574,1.9543,1.9558
1763752620,1.9558,1.9558,1.9539,1.9547
1763752680,1.9547,1.9548,1.9505,1.9515
1763752740,1.9515,1.9586,1.9513,1.9586
1763752800,1.9586,1.9646,1.9571,1.9642
1763752860,1.9642,1.9667,1.9642,1.9664
1763752920,1.9664,1.9683,1.962,1.9628
1763752980,1.9628,1.9628,1.9599,1.9618
1763753040,1.9618,1.9644,1.9595,1.9626
1763753100,1.9626,1.9662,1.9626,1.9634
1763753160,1.9634,1.9648,1.963,1.9645
1763753220,1.9645,1.9645,1.9628,1.9637
1763753280,1.9637,1.9638,1.9603,1.9613
1763753340,1.9613,1.9643,1.9612,1.9631
1763753400,1.9631,1.9673,1.9607,1.9613
1763753460,1.9613,1.962,1.9568,1.9577
1763753520,1.9577,1.9611,1.9561,1.9583
1763753580,1.9583,1.9594,1.9549,1.955
1763753640,1.955,1.9561,1.9534,1.9556
1763753700,1.9556,1.9587,1.9554,1.9584
1763753760,1.9584,1.9615,1.9579,1.9589
1763753820,1.9589,1.9602,1.9564,1.9602
1763753880,1.9602,1.9627,1.96,1.9614
1763753940,1.9614,1.9615,1.9588,1.9593
1763754000,1.9593,1.962,1.9588,1.9597
1763754060,1.9597,1.96,1.9574,1.9597
1763754120,1.9597,1.9606,1.9578,1.9583
1763754180,1.9583,1.9589,1.9511,1.9511
1763754240,1.9511,1.9521,1.9484,1.9511
1763754300,1.9511,1.9526,1.9498,1.9521
1763754360,1.9521,1.9531,1.9466,1.9478
1763754420,1.9478,1.9495,1.9466,1.9493
1763754480,1.9493,1.9523,1.9477,1.9513
1763754540,1.9513,1.9543,1.9483,1.9499
1763754600,1.9499,1.9508,1.9467,1.9481
1763754660,1.9481,1.9481,1.9443,1.9453
1763754720,1.9453,1.9478,1.9421,1.9452
1763754780,1.9452,1.9452,1.9415,1.9416
1763754840,1.9416,1.9432,1.9395,1.9428
1763754900,1.9428,1.9472,1.9428,1.9461
1763754960,1.9461,1.9469,1.9447,1.9456
1763755020,1.9456,1.9456,1.9423,1.9448
1763755080,1.9448,1.9468,1.9442,1.9452
1763755140,1.9452,1.9476,1.9449,1.9471
1763755200,1.9471,1.95,1.9464,1.949
1763755260,1.949,1.952,1.9479,1.9514
1763755320,1.9514,1.9517,1.9482,1.9497
1763755380,1.9497,1.9526,1.9493,1.9499
1763755440,1.9499,1.9499,1.9455,1.9465
1763755500,1.9465,1.9466,1.9374,1.9393
1763755560,1.9393,1.94,1.9337,1.9341
1763755620,1.9341,1.937,1.9325,1.933
1763755680,1.933,1.9356,1.9319,1.9341
1763755740,1.9341,1.9353,1.9322,1.9353
1763755800,1.9353,1.9379,1.9341,1.9379
1763755860,1.9379,1.9403,1.9379,1.9393
1763755920,1.9393,1.948,1.9393,1.9456
1763755980,1.9456,1.9456,1.9395,1.9403
1763756040,1.9403,1.9441,1.9403,1.9438
1763756100,1.9438,1.9445,1.9359,1.9359
1763756160,1.9359,1.9371,1.9342,1.9364
1763756220,1.9364,1.9369,1.9341,1.9344
1763756280,1.9344,1.9359,1.9324,1.9326
1763756340,1.9326,1.9354,1.9309,1.9324
1763756400,1.9324,1.9328,1.9276,1.9316
1763756460,1.9316,1.9319,1.9288,1.9294
1763756520,1.9294,1.9312,1.9277,1.9298
1763756580,1.9298,1.9308,1.9253,1.9262
1763756640,1.9262,1.9267,1.9246,1.9265
1763756700,1.9265,1.9317,1.9265,1.9317
1763756760,1.9317,1.9336,1.9307,1.9316
1763756820,1.9316,1.9318,1.9256,1.9258
1763756880,1.9258,1.9263,1.9234,1.9251
1763756940,1.9251,1.9251,1.9204,1.9221
1763757000,1.9221,1.9246,1.9206,1.9219
1763757060,1.9219,1.9265,1.9214,1.9265
1763757120,1.9265,1.9276,1.9231,1.9245
1763757180,1.9245,1.9295,1.9231,1.9292
1763757240,1.9292,1.9299,1.9238,1.9248
1763757300,1.9248,1.9327,1.9246,1.9297
1763757360,1.9297,1.9312,1.9272,1.9275
1763757420,1.9275,1.9329,1.9266,1.9328
1763757480,1.9328,1.9412,1.9328,1.941
1763757540,1.941,1.9414,1.938,1.938
1763757600,1.938,1.9392,1.9356,1.939
1763757660,1.939,1.9424,1.9359,1.9379
1763757720,1.9379,1.9417,1.936,1.936
1763757780,1.936,1.9434,1.9341,1.9412
1763757840,1.9412,1.9433,1.9403,1.9426
1763757900,1.9426,1.9448,1.9411,1.9418
1763757960,1.9418,1.9464,1.9414,1.9461
1763758020,1.9461,1.9497,1.9413,1.9439
1763758080,1.9439,1.9481,1.9428,1.9478
1763758140,1.9478,1.9489,1.9445,1.9456
1763758200,1.9456,1.949,1.9418,1.942
1763758260,1.942,1.947,1.942,1.9454
1763758320,1.9454,1.9467,1.9435,1.9435
1763758380,1.9435,1.9457,1.9416,1.942
1763758440,1.942,1.9451,1.9409,1.9448
1763758500,1.9448,1.9455,1.9373,1.9397
1763758560,1.9397,1.9484,1.9397,1.9482
1763758620,1.9482,1.9484,1.9449,1.9477
1763758680,1.9477,1.9478,1.9436,1.9444
1763758740,1.9444,1.9446,1.9357,1.9428
1763758800,1.9428,1.946,1.9406,1.9437
1763758860,1.9437,1.948,1.9437,1.9451
1763758920,1.9451,1.9463,1.9419,1.942
1763758980,1.942,1.942,1.9341,1.9341
1763759040,1.9341,1.935,1.9286,1.935
1763759100,1.935,1.9362,1.9291,1.9311
1763759160,1.9311,1.9359,1.9311,1.9331
1763759220,1.9331,1.9333,1.9296,1.9314
1763759280,1.9314,1.9316,1.9291,1.9313
1763759340,1.9313,1.9319,1.9263,1.9275
1763759400,1.9275,1.931,1.9235,1.9303
1763759460,1.9303,1.9312,1.9258,1.9258
1763759520,1.9258,1.9289,1.9222,1.9261
1763759580,1.9261,1.9295,1.9261,1.927
1763759640,1.927,1.9284,1.9266,1.928
1763759700,1.928,1.9301,1.9237,1.9237
1763759760,1.9237,1.9252,1.9225,1.9248
1763759820,1.9248,1.9346,1.9248,1.9346
1763759880,1.9346,1.9368,1.9263,1.9268
1763759940,1.9268,1.9311,1.9262,1.9299
1763760000,1.9299,1.937,1.9287,1.9361
1763760060,1.9361,1.9388,1.9349,1.9386
1763760120,1.9386,1.9419,1.9376,1.9417
1763760180,1.9417,1.9425,1.9394,1.9419
1763760240,1.9419,1.942,1.9379,1.9382
1763760300,1.9382,1.953,1.9374,1.9509
1763760360,1.9509,1.9527,1.9502,1.951
1763760420,1.951,1.9549,1.9507,1.9542
1763760480,1.9542,1.9563,1.953,1.9559
1763760540,1.9559,1.9593,1.9558,1.9567
1763760600,1.9567,1.957,1.9537,1.9551
1763760660,1.9551,1.9556,1.9526,1.9539
1763760720,1.9539,1.9539,1.9507,1.9521
1763760780,1.9521,1.9521,1.9493,1.9496
1763760840,1.9496,1.9498,1.9444,1.9462
1763760900,1.9462,1.9496,1.9455,1.9474
1763760960,1.9474,1.9534,1.9474,1.9513
1763761020,1.9513,1.9516,1.9481,1.9505
1763761080,1.9505,1.9538,1.9502,1.9535
1763761140,1.9535,1.9559,1.9525,1.9548
1763761200,1.9548,1.9585,1.9536,1.958
1763761260,1.958,1.9583,1.9551,1.9566
1763761320,1.9566,1.9614,1.9566,1.9608
1763761380,1.9608,1.9618,1.96,1.9601
1763761440,1.9601,1.9602,1.956,1.957
1763761500,1.957,1.9584,1.9542,1.9565
1763761560,1.9565,1.9588,1.9535,1.9539
1763761620,1.9539,1.9556,1.9525,1.9544
1763761680,1.9544,1.9582,1.9543,1.9582
1763761740,1.9582,1.9594,1.9563,1.9577
1763761800,1.9577,1.9609,1.9577,1.9597
1763761860,1.9597,1.9649,1.9586,1.9646
1763761920,1.9646,1.9646,1.9631,1.9635
1763761980,1.9635,1.9641,1.9577,1.9577
1763762040,1.9577,1.9577,1.9536,1.9543
1763762100,1.9543,1.9564,1.9514,1.9521
1763762160,1.9521,1.9541,1.9517,1.9533
1763762220,1.9533,1.9543,1.9508,1.9518
1763762280,1.9518,1.9524,1.9494,1.95
1763762340,1.95,1.9537,1.95,1.9531
1763762400,1.9531,1.9558,1.9525,1.9555
1763762460,1.9555,1.9603,1.9554,1.9587
1763762520,1.9587,1.9604,1.9587,1.9595
1763762580,1.9595,1.961,1.9591,1.9608
1763762640,1.9608,1.9612,1.9595,1.9595
1763762700,1.9595,1.9598,1.9561,1.9566
1763762760,1.9566,1.9605,1.9564,1.9601
1763762820,1.9601,1.9605,1.9573,1.958
1763762880,1.958,1.96,1.9576,1.9589
1763762940,1.9589,1.959,1.9571,1.9578
1763763000,1.9578,1.9578,1.9566,1.9568
1763763060,1.9568,1.9574,1.9534,1.9534
1763763120,1.9534,1.9536,1.952,1.952
1763763180,1.952,1.9541,1.9506,1.9532
1763763240,1.9532,1.956,1.9531,1.9555
1763763300,1.9555,1.9572,1.954,1.9554
1763763360,1.9554,1.9567,1.9538,1.9554
1763763420,1.9554,1.9561,1.9537,1.9556
1763763480,1.9556,1.9556,1.9506,1.9521
1763763540,1.9521,1.953,1.9512,1.9515
1763763600,1.9515,1.9516,1.9484,1.9494
1763763660,1.9494,1.951,1.9487,1.9505
1763763720,1.9505,1.9518,1.9488,1.9488
1763763780,1.9488,1.9488,1.9364,1.9392
1763763840,1.9392,1.9411,1.9368,1.9384
1763763900,1.9384,1.9399,1.937,1.9399
1763763960,1.9399,1.9453,1.9399,1.9446
1763764020,1.9446,1.9474,1.9437,1.9447
1763764080,1.9447,1.9447,1.9427,1.9432
1763764140,1.9432,1.9442,1.94,1.9401
1763764200,1.9401,1.9405,1.9316,1.932
1763764260,1.932,1.9334,1.9308,1.9327
1763764320,1.9327,1.9355,1.9318,1.9339
1763764380,1.9339,1.9341,1.9302,1.9305
1763764440,1.9305,1.9312,1.9299,1.9302
1763764500,1.9302,1.9302,1.9258,1.9258
1763764560,1.9258,1.9346,1.9251,1.9336
1763764620,1.9336,1.9377,1.931,1.9329
1763764680,1.9329,1.9338,1.9273,1.928
1763764740,1.928,1.9308,1.9276,1.9281
1763764800,1.9281,1.9305,1.9273,1.9274
1763764860,1.9274,1.9296,1.9255,1.9287
1763764920,1.9287,1.9323,1.9281,1.9294
1763764980,1.9294,1.9311,1.9292,1.9297
1763765040,1.9297,1.933,1.9291,1.9329
1763765100,1.9329,1.9384,1.9327,1.9366
1763765160,1.9366,1.9366,1.9286,1.9286
1763765220,1.9286,1.9287,1.9211,1.9211
1763765280,1.9211,1.9225,1.919,1.9206
1763765340,1.9206,1.9209,1.9198,1.9209
1763765400,1.9209,1.9218,1.9198,1.9199
1763765460,1.9199,1.9199,1.9146,1.9173
1763765520,1.9173,1.9173,1.9126,1.9132
1763765580,1.9132,1.918,1.9104,1.9176
1763765640,1.9176,1.9177,1.9144,1.9147
1763765700,1.9147,1.916,1.9107,1.9159
1763765760,1.9159,1.9174,1.9141,1.9159
1763765820,1.9159,1.9172,1.9121,1.9129
1763765880,1.9129,1.9143,1.9104,1.9107
1763765940,1.9107,1.912,1.9067,1.9079
1763766000,1.9079,1.9103,1.9063,1.908
1763766060,1.908,1.9113,1.908,1.91
1763766120,1.91,1.9122,1.9063,1.9097
1763766180,1.9097,1.9117,1.9078,1.9081
1763766240,1.9081,1.9116,1.9081,1.9116
1763766300,1.9116,1.9129,1.9035,1.9045
1763766360,1.9045,1.9045,1.8996,1.9007
1763766420,1.9007,1.9008,1.8987,1.8992
1763766480,1.8992,1.9054,1.8991,1.9045
1763766540,1.9045,1.9099,1.904,1.9085
1763766600,1.9085,1.9094,1.9056,1.9066
1763766660,1.9066,1.9086,1.9049,1.9085
1763766720,1.9085,1.9119,1.9082,1.9117
1763766780,1.9117,1.9137,1.9101,1.9127
1763766840,1.9127,1.9152,1.9124,1.9147
1763766900,1.9147,1.9194,1.9141,1.919
1763766960,1.919,1.9211,1.919,1.92
1763767020,1.92,1.9207,1.9177,1.9196
1763767080,1.9196,1.9224,1.9196,1.9222
1763767140,1.9222,1.9253,1.9222,1.9251
1763767200,1.9251,1.9284,1.9239,1.9279
1763767260,1.9279,1.9319,1.9278,1.9319
1763767320,1.9319,1.9319,1.9288,1.9308
1763767380,1.9308,1.9364,1.9305,1.9364
1763767440,1.9364,1.9379,1.9338,1.9355
1763767500,1.9355,1.9383,1.9344,1.9382
1763767560,1.9382,1.9388,1.9344,1.9348
1763767620,1.9348,1.9392,1.9338,1.9383
1763767680,1.9383,1.9434,1.9383,1.9433
1763767740,1.9433,1.9449,1.9417,1.9431
1763767800,1.9431,1.9445,1.9402,1.9434
1763767860,1.9434,1.9508,1.9433,1.9492
1763767920,1.9492,1.9492,1.9424,1.9427
1763767980,1.9427,1.9445,1.9411,1.9445
1763768040,1.9445,1.9477,1.9442,1.9456
1763768100,1.9456,1.9468,1.9438,1.9441
1763768160,1.9441,1.945,1.9406,1.9415
1763768220,1.9415,1.9425,1.94,1.9415
1763768280,1.9415,1.9422,1.94,1.9422
1763768340,1.9422,1.9433,1.9408,1.942
1763768400,1.942,1.944,1.942,1.9429
1763768460,1.9429,1.9464,1.9426,1.9457
1763768520,1.9457,1.9496,1.9457,1.9482
1763768580,1.9482,1.9492,1.9475,1.9478
1763768640,1.9478,1.9493,1.9473,1.9493
1763768700,1.9493,1.9531,1.9493,1.9522
1763768760,1.9522,1.9522,1.9496,1.9518
1763768820,1.9518,1.953,1.95,1.951
1763768880,1.951,1.9521,1.9501,1.951
1763768940,1.951,1.9522,1.9509,1.9519
1763769000,1.9519,1.9522,1.9482,1.9484
1763769060,1.9484,1.952,1.9483,1.9503
1763769120,1.9503,1.9521,1.9498,1.9512
1763769180,1.9512,1.9516,1.9498,1.951
1763769240,1.951,1.953,1.9504,1.9509
1763769300,1.9509,1.9509,1.9478,1.9493
1763769360,1.9493,1.9502,1.9479,1.9499
1763769420,1.9499,1.9527,1.9498,1.9521
1763769480,1.9521,1.9524,1.9503,1.9503
1763769540,1.9503,1.951,1.9487,1.9501
1764547200,2.1537,2.1583,2.1527,2.1583
1764547260,2.1583,2.1595,2.1555,2.1558
1764547320,2.1558,2.1591,2.1556,2.157
1764547380,2.157,2.1571,2.1512,2.1533
1764547440,2.1533,2.1533,2.139,2.1495
1764547500,2.1495,2.1497,2.1412,2.1436
1764547560,2.1436,2.1436,2.1255,2.1301
1764547620,2.1301,2.1336,2.1154,2.1161
1764547680,2.1161,2.129,2.11,2.1163
1764547740,2.1163,2.1232,2.11,2.1189
1764547800,2.1189,2.1261,2.1083,2.1172
1764547860,2.1172,2.1272,2.1133,2.125
1764547920,2.125,2.1253,2.1123,2.1159
1764547980,2.1159,2.121,2.1135,2.1181
1764548040,2.1181,2.1215,2.113,2.1138
1764548100,2.1138,2.1165,2.1101,2.1125
1764548160,2.1125,2.1169,2.1105,2.1138
1764548220,2.1138,2.1141,2.1083,2.1102
1764548280,2.1102,2.117,2.1092,2.1137
1764548340,2.1137,2.115,2.1094,2.113
1764548400,2.113,2.1167,2.1118,2.1147
1764548460,2.1147,2.1147,2.1083,2.1119
1764548520,2.1119,2.1136,2.111,2.1135
1764548580,2.1135,2.1137,2.1096,2.11
1764548640,2.11,2.1115,2.1064,2.1101
1764548700,2.1101,2.1147,2.1099,2.1141
1764548760,2.1141,2.115,2.1102,2.1105
1764548820,2.1105,2.1105,2.1065,2.1068
1764548880,2.1068,2.1088,2.0949,2.0969
1764548940,2.0969,2.1011,2.0928,2.0947
1764549000,2.0947,2.099,2.0918,2.0983
1764549060,2.0983,2.1023,2.0934,2.0984
1764549120,2.0984,2.0984,2.081,2.0875
1764549180,2.0875,2.0919,2.0833,2.0881
1764549240,2.0881,2.091,2.085,2.0893
1764549300,2.0893,2.0901,2.0763,2.0819
1764549360,2.0819,2.0879,2.08,2.0845
1764549420,2.0845,2.0893,2.0786,2.0826
1764549480,2.0826,2.0853,2.0722,2.0746
1764549540,2.0746,2.0798,2.0738,2.0789
1764549600,2.0789,2.0822,2.0756,2.0808
1764549660,2.0808,2.0907,2.0789,2.0904
1764549720,2.0904,2.0922,2.0852,2.0866
1764549780,2.0866,2.0868,2.0744,2.0772
1764549840,2.0772,2.0829,2.076,2.0824
1764549900,2.0824,2.0839,2.0803,2.0819
1764549960,2.0819,2.085,2.0795,2.0818
1764550020,2.0818,2.0838,2.0743,2.0802
1764550080,2.0802,2.0808,2.0763,2.0784
1764550140,2.0784,2.0825,2.0751,2.0756
1764550200,2.0756,2.0773,2.0749,2.0761
1764550260,2.0761,2.0761,2.0694,2.0716
1764550320,2.0716,2.0744,2.07,2.0717
1764550380,2.0717,2.0729,2.0608,2.064
1764550440,2.064,2.0652,2.0609,2.0622
1764550500,2.0622,2.0624,2.0594,2.0606
1764550560,2.0606,2.0622,2.0568,2.0614
1764550620,2.0614,2.0704,2.0614,2.0664
1764550680,2.0664,2.0674,2.061,2.0628
1764550740,2.0628,2.0634,2.0558,2.0562
1764550800,2.0562,2.0653,2.056,2.062
1764550860,2.062,2.0682,2.0615,2.0659
1764550920,2.0659,2.071,2.0653,2.0696
1764550980,2.0696,2.0755,2.0679,2.0692
1764551040,2.0692,2.0735,2.0684,2.0733
1764551100,2.0733,2.0805,2.0715,2.0805
1764551160,2.0805,2.0805,2.0747,2.0771
1764551220,2.0771,2.089,2.0761,2.0877
1764551280,2.0877,2.091,2.0876,2.0903
1764551340,2.0903,2.0918,2.0796,2.0797
1764551400,2.0797,2.0797,2.0731,2.0769
1764551460,2.0769,2.0794,2.0747,2.0779
1764551520,2.0779,2.0826,2.0759,2.0826
1764551580,2.0826,2.0831,2.0787,2.0809
1764551640,2.0809,2.0814,2.0767,2.0781
1764551700,2.0781,2.086,2.0775,2.0848
1764551760,2.0848,2.0873,2.0832,2.0854
1764551820,2.0854,2.0895,2.0835,2.086
1764551880,2.086,2.0889,2.0847,2.0883
1764551940,2.0883,2.0893,2.0812,2.0821
1764552000,2.0821,2.0827,2.0771,2.0827
1764552060,2.0827,2.0857,2.0814,2.0833
1764552120,2.0833,2.0864,2.0833,2.0864
1764552180,2.0864,2.0871,2.0843,2.0845
1764552240,2.0845,2.0852,2.0779,2.0785
1764552300,2.0785,2.0795,2.0747,2.0782
1764552360,2.0782,2.0791,2.0752,2.0791
1764552420,2.0791,2.0801,2.0764,2.0784
1764552480,2.0784,2.0801,2.076,2.0777
1764552540,2.0777,2.0782,2.0726,2.0742
1764552600,2.0742,2.0755,2.0723,2.0743
1764552660,2.0743,2.0807,2.0741,2.0782
1764552720,2.0782,2.0807,2.0775,2.0784
1764552780,2.0784,2.082,2.0784,2.0787
1764552840,2.0787,2.0823,2.0772,2.0781
1764552900,2.0781,2.0826,2.0775,2.0823
1764552960,2.0823,2.0839,2.0814,2.0838
1764553020,2.0838,2.0839,2.0817,2.0837
1764553080,2.0837,2.0865,2.0781,2.0791
1764553140,2.0791,2.0817,2.0782,2.0784
1764553200,2.0784,2.0811,2.0765,2.0807
1764553260,2.0807,2.0843,2.0805,2.0843
1764553320,2.0843,2.0861,2.0837,2.0844
1764553380,2.0844,2.0855,2.0826,2.0834
1764553440,2.0834,2.085,2.0808,2.081
1764553500,2.081,2.0835,2.0802,2.0816
1764553560,2.0816,2.0842,2.0793,2.0797
1764553620,2.0797,2.0826,2.0781,2.0826
1764553680,2.0826,2.0827,2.0804,2.0807
1764553740,2.0807,2.0813,2.0786,2.0786
1764553800,2.0786,2.0794,2.0773,2.0789
1764553860,2.0789,2.079,2.0756,2.0764
1764553920,2.0764,2.0782,2.0761,2.0771
1764553980,2.0771,2.0787,2.0768,2.0779
1764554040,2.0779,2.0781,2.0765,2.0769
1764554100,2.0769,2.0793,2.0755,2.0773
1764554160,2.0773,2.0805,2.077,2.0785
1764554220,2.0785,2.0824,2.0785,2.082
1764554280,2.082,2.0836,2.0798,2.0798
1764554340,2.0798,2.0798,2.0753,2.0768
1764554400,2.0768,2.078,2.0762,2.0763
1764554460,2.0763,2.0763,2.0734,2.0748
1764554520,2.0748,2.0765,2.0738,2.0765
1764554580,2.0765,2.0803,2.0765,2.0796
1764554640,2.0796,2.0843,2.0793,2.0833
1764554700,2.0833,2.0863,2.0832,2.0839
1764554760,2.0839,2.0839,2.0772,2.0785
1764554820,2.0785,2.0792,2.0752,2.076
1764554880,2.076,2.0786,2.0748,2.0755
1764554940,2.0755,2.0781,2.0747,2.0762
1764555000,2.0762,2.0769,2.0735,2.0762
1764555060,2.0762,2.0798,2.0752,2.0796
1764555120,2.0796,2.0846,2.0795,2.0831
1764555180,2.0831,2.0847,2.0827,2.0839
1764555240,2.0839,2.0839,2.0802,2.0802
1764555300,2.0802,2.0832,2.0801,2.082
1764555360,2.082,2.0821,2.0788,2.0789
1764555420,2.0789,2.0808,2.0788,2.08
1764555480,2.08,2.0822,2.0799,2.0804
1764555540,2.0804,2.0805,2.0782,2.0785
1764555600,2.0785,2.0789,2.0764,2.0769
1764555660,2.0769,2.0785,2.0766,2.0779
1764555720,2.0779,2.0797,2.0774,2.0778
1764555780,2.0778,2.0778,2.0765,2.0775
1764555840,2.0775,2.0779,2.0758,2.0758
1764555900,2.0758,2.0775,2.0756,2.0764
1764555960,2.0764,2.0783,2.0756,2.0757
1764556020,2.0757,2.0772,2.0756,2.076
1764556080,2.076,2.0765,2.0749,2.075
1764556140,2.075,2.0758,2.0709,2.0715
1764556200,2.0715,2.0727,2.0701,2.0707
1764556260,2.0707,2.0729,2.0707,2.0724
1764556320,2.0724,2.073,2.0707,2.0716
1764556380,2.0716,2.0731,2.0703,2.0704
1764556440,2.0704,2.0725,2.068,2.0717
1764556500,2.0717,2.0745,2.0715,2.0741
1764556560,2.0741,2.0751,2.0718,2.0719
1764556620,2.0719,2.0726,2.0677,2.0679
1764556680,2.0679,2.0694,2.0644,2.0651
1764556740,2.0651,2.0686,2.0617,2.068
1764556800,2.068,2.0731,2.068,2.0692
1764556860,2.0692,2.0703,2.0677,2.0698
1764556920,2.0698,2.071,2.0683,2.0704
1764556980,2.0704,2.0713,2.0684,2.0686
1764557040,2.0686,2.0693,2.0675,2.0678
1764557100,2.0678,2.0684,2.0634,2.0634
1764557160,2.0634,2.0639,2.0606,2.0606
1764557220,2.0606,2.0613,2.0576,2.058
1764557280,2.058,2.0592,2.0568,2.0576
1764557340,2.0576,2.058,2.0546,2.0566
1764557400,2.0566,2.0584,2.0558,2.0567
1764557460,2.0567,2.0572,2.0556,2.0565
1764557520,2.0565,2.059,2.0559,2.0588
1764557580,2.0588,2.0621,2.0587,2.061
1764557640,2.061,2.0634,2.0599,2.0631
1764557700,2.0631,2.0659,2.0621,2.0657
1764557760,2.0657,2.0665,2.0633,2.0637
1764557820,2.0637,2.0641,2.0631,2.0635
1764557880,2.0635,2.0642,2.0628,2.0638
1764557940,2.0638,2.0648,2.0624,2.0624
1764558000,2.0624,2.0631,2.0616,2.0621
1764558060,2.0621,2.0638,2.0589,2.0589
1764558120,2.0589,2.0604,2.0581,2.0582
1764558180,2.0582,2.0634,2.0582,2.061
1764558240,2.061,2.0624,2.0598,2.0616
1764558300,2.0616,2.0642,2.0609,2.0628
1764558360,2.0628,2.0628,2.0568,2.0573
1764558420,2.0573,2.0575,2.0512,2.0536
1764558480,2.0536,2.0556,2.0512,2.0543
1764558540,2.0543,2.0543,2.0519,2.0519
1764558600,2.0519,2.0554,2.0505,2.0535
1764558660,2.0535,2.0547,2.0517,2.0531
1764558720,2.0531,2.0553,2.0531,2.055
1764558780,2.055,2.0552,2.0526,2.0545
1764558840,2.0545,2.0556,2.0533,2.0553
1764558900,2.0553,2.0553,2.0535,2.0546
1764558960,2.0546,2.0552,2.0515,2.052
1764559020,2.052,2.0532,2.0507,2.0507
1764559080,2.0507,2.0588,2.0504,2.057
1764559140,2.057,2.057,2.047,2.0508
1764559200,2.0508,2.0529,2.0508,2.0522
1764559260,2.0522,2.056,2.0522,2.0545
1764559320,2.0545,2.0568,2.0534,2.0536
1764559380,2.0536,2.0556,2.0532,2.0552
1764559440,2.0552,2.0552,2.0515,2.0542
1764559500,2.0542,2.0549,2.0527,2.0549
1764559560,2.0549,2.0557,2.0529,2.0529
1764559620,2.0529,2.0543,2.0511,2.0511
1764559680,2.0511,2.0522,2.0499,2.0522
1764559740,2.0522,2.0522,2.0503,2.0509
1764559800,2.0509,2.0516,2.0497,2.0497
1764559860,2.0497,2.0501,2.0465,2.0469
1764559920,2.0469,2.0495,2.0469,2.0485
1764559980,2.0485,2.0507,2.0473,2.049
1764560040,2.049,2.052,2.047,2.0479
1764560100,2.0479,2.0498,2.0476,2.0485
1764560160,2.0485,2.0504,2.0474,2.0495
1764560220,2.0495,2.0525,2.0483,2.0491
1764560280,2.0491,2.0502,2.0447,2.0449
1764560340,2.0449,2.0454,2.0403,2.0443
1764560400,2.0443,2.0495,2.044,2.049
1764560460,2.049,2.0513,2.048,2.051
1764560520,2.051,2.051,2.0484,2.0496
1764560580,2.0496,2.052,2.0496,2.0508
1764560640,2.0508,2.0527,2.0508,2.0527
1764560700,2.0527,2.0544,2.0511,2.0515
1764560760,2.0515,2.0515,2.0472,2.0476
1764560820,2.0476,2.0477,2.0453,2.0459
1764560880,2.0459,2.0463,2.044,2.0447
1764560940,2.0447,2.0472,2.0444,2.0452
1764561000,2.0452,2.0456,2.0442,2.0446
1764561060,2.0446,2.0465,2.0443,2.0453
1764561120,2.0453,2.0482,2.0453,2.0466
1764561180,2.0466,2.0485,2.046,2.0475
1764561240,2.0475,2.0479,2.047,2.0476
1764561300,2.0476,2.048,2.0469,2.0474
1764561360,2.0474,2.0494,2.0474,2.0484
1764561420,2.0484,2.0492,2.0472,2.0492
1764561480,2.0492,2.0508,2.0492,2.0501
1764561540,2.0501,2.0501,2.0477,2.0491
1764561600,2.0491,2.0492,2.047,2.0474
1764561660,2.0474,2.0475,2.0457,2.0471
1764561720,2.0471,2.051,2.0469,2.0481
1764561780,2.0481,2.051,2.0481,2.0507
1764561840,2.0507,2.0529,2.0481,2.0489
1764561900,2.0489,2.0509,2.0469,2.0476
1764561960,2.0476,2.0495,2.0472,2.0476
1764562020,2.0476,2.0482,2.0461,2.0476
1764562080,2.0476,2.048,2.0441,2.0447
1764562140,2.0447,2.0453,2.0406,2.0416
1764562200,2.0416,2.044,2.0385,2.0435
1764562260,2.0435,2.0464,2.0427,2.0432
1764562320,2.0432,2.0434,2.0406,2.041
1764562380,2.041,2.0412,2.0374,2.038
1764562440,2.038,2.0399,2.0363,2.0363
1764562500,2.0363,2.0373,2.0337,2.0349
1764562560,2.0349,2.037,2.0345,2.0368
1764562620,2.0368,2.0402,2.0367,2.0391
1764562680,2.0391,2.0428,2.0391,2.0422
1764562740,2.0422,2.0447,2.0421,2.0427
1764562800,2.0427,2.0436,2.0404,2.0405
1764562860,2.0405,2.0416,2.0389,2.0395
1764562920,2.0395,2.0398,2.0369,2.0375
1764562980,2.0375,2.039,2.0375,2.0384
1764563040,2.0384,2.0394,2.0369,2.0381
1764563100,2.0381,2.0381,2.0338,2.0342
1764563160,2.0342,2.0356,2.033,2.0336
1764563220,2.0336,2.0354,2.0335,2.035
1764563280,2.035,2.0356,2.0337,2.0347
1764563340,2.0347,2.035,2.0321,2.0341
1764563400,2.0341,2.0342,2.0306,2.0334
1764563460,2.0334,2.0356,2.0309,2.0333
1764563520,2.0333,2.038,2.0326,2.0358
1764563580,2.0358,2.0358,2.0312,2.032
1764563640,2.032,2.0353,2.032,2.0339
1764563700,2.0339,2.0357,2.033,2.0351
1764563760,2.0351,2.0351,2.0283,2.03
1764563820,2.03,2.0331,2.0272,2.0315
1764563880,2.0315,2.0361,2.031,2.0349
1764563940,2.0349,2.036,2.0337,2.0344
1764564000,2.0344,2.0355,2.0319,2.0326
1764564060,2.0326,2.0353,2.0322,2.0351
1764564120,2.0351,2.0369,2.0328,2.0332
1764564180,2.0332,2.0353,2.0332,2.0344
1764564240,2.0344,2.0345,2.0326,2.0345
1764564300,2.0345,2.0364,2.0339,2.0361
1764564360,2.0361,2.0368,2.0349,2.0361
1764564420,2.0361,2.0365,2.0335,2.0351
1764564480,2.0351,2.036,2.0341,2.0356
1764564540,2.0356,2.0356,2.0342,2.0354
1764564600,2.0354,2.0361,2.0342,2.0348
1764564660,2.0348,2.0378,2.0348,2.0369
1764564720,2.0369,2.0376,2.0361,2.0371
1764564780,2.0371,2.0372,2.032,2.0326
1764564840,2.0326,2.0327,2.0312,2.0324
1764564900,2.0324,2.0336,2.0322,2.0324
1764564960,2.0324,2.0328,2.0303,2.0315
1764565020,2.0315,2.0318,2.0304,2.0305
1764565080,2.0305,2.0314,2.0282,2.0286
1764565140,2.0286,2.0307,2.0286,2.0291
1764565200,2.0291,2.031,2.0284,2.031
1764565260,2.031,2.0357,2.0304,2.0345
1764565320,2.0345,2.0346,2.0286,2.0293
1764565380,2.0293,2.0301,2.0291,2.0298
1764565440,2.0298,2.0328,2.0295,2.0319
1764565500,2.0319,2.0324,2.0298,2.0324
1764565560,2.0324,2.0339,2.025,2.0265
1764565620,2.0265,2.0283,2.0263,2.0272
1764565680,2.0272,2.0277,2.0247,2.0277
1764565740,2.0277,2.0291,2.0271,2.0289
1764565800,2.0289,2.0323,2.0278,2.0319
1764565860,2.0319,2.0339,2.0319,2.0329
1764565920,2.0329,2.0329,2.0301,2.0309
1764565980,2.0309,2.032,2.0274,2.0275
1764566040,2.0275,2.0279,2.0252,2.026
1764566100,2.026,2.0267,2.0237,2.0242
1764566160,2.0242,2.0262,2.0218,2.0233
1764566220,2.0233,2.026,2.0233,2.0251
1764566280,2.0251,2.0251,2.0208,2.021
1764566340,2.021,2.0216,2.0201,2.0205
1764566400,2.0205,2.0223,2.0186,2.0206
1764566460,2.0206,2.0216,2.0189,2.0194
1764566520,2.0194,2.0213,2.0193,2.0212
1764566580,2.0212,2.0221,2.0193,2.0198
1764566640,2.0198,2.0228,2.0198,2.0226
1764566700,2.0226,2.0244,2.0217,2.0237
1764566760,2.0237,2.0241,2.0227,2.0241
1764566820,2.0241,2.0268,2.0238,2.0265
1764566880,2.0265,2.0316,2.0262,2.0308
1764566940,2.0308,2.0316,2.0298,2.0309
1764567000,2.0309,2.0316,2.027,2.0271
1764567060,2.0271,2.0271,2.0245,2.0254
1764567120,2.0254,2.0276,2.0254,2.0273
1764567180,2.0273,2.0275,2.0261,2.0264
1764567240,2.0264,2.0274,2.0263,2.0269
1764567300,2.0269,2.0274,2.0218,2.0241
1764567360,2.0241,2.0248,2.022,2.0225
1764567420,2.0225,2.0233,2.0213,2.0213
1764567480,2.0213,2.022,2.0167,2.0173
1764567540,2.0173,2.0184,2.0156,2.0178
1764567600,2.0178,2.0198,2.0173,2.0184
1764567660,2.0184,2.0206,2.0184,2.0196
1764567720,2.0196,2.0216,2.0196,2.0214
1764567780,2.0214,2.0222,2.0205,2.0207
1764567840,2.0207,2.0211,2.0173,2.019
1764567900,2.019,2.024,2.0187,2.0235
1764567960,2.0235,2.0264,2.0225,2.0243
1764568020,2.0243,2.026,2.0232,2.025
1764568080,2.025,2.0262,2.0245,2.0253
1764568140,2.0253,2.0276,2.0253,2.0276
1764568200,2.0276,2.0277,2.0259,2.0273
1764568260,2.0273,2.0291,2.0268,2.029
1764568320,2.029,2.0301,2.0275,2.0276
1764568380,2.0276,2.0295,2.0276,2.029
1764568440,2.029,2.029,2.0278,2.028
1764568500,2.028,2.0287,2.027,2.0274
1764568560,2.0274,2.0281,2.0265,2.0265
1764568620,2.0265,2.0273,2.0257,2.027
1764568680,2.027,2.0271,2.0256,2.0262
1764568740,2.0262,2.0277,2.0262,2.027
1764568800,2.027,2.0297,2.0263,2.0297
1764568860,2.0297,2.0365,2.0297,2.0351
1764568920,2.0351,2.0371,2.034,2.0355
1764568980,2.0355,2.0366,2.0329,2.0338
1764569040,2.0338,2.0344,2.0333,2.0335
1764569100,2.0335,2.0335,2.0294,2.0302
1764569160,2.0302,2.0321,2.0302,2.0321
1764569220,2.0321,2.0343,2.0317,2.0325
1764569280,2.0325,2.0348,2.0323,2.0343
1764569340,2.0343,2.0348,2.0335,2.0342
1764569400,2.0342,2.0348,2.0332,2.0342
1764569460,2.0342,2.0363,2.0335,2.0353
1764569520,2.0353,2.0359,2.0344,2.0346
1764569580,2.0346,2.0373,2.0346,2.0362
1764569640,2.0362,2.0367,2.0343,2.0352
1764569700,2.0352,2.0352,2.0318,2.0343
1764569760,2.0343,2.0343,2.0311,2.0312
1764569820,2.0312,2.0335,2.0312,2.0318
1764569880,2.0318,2.033,2.0315,2.0325
1764569940,2.0325,2.0326,2.029,2.0294
1764570000,2.0294,2.0303,2.0275,2.0295
1764570060,2.0295,2.0296,2.0277,2.0277
1764570120,2.0277,2.0291,2.0272,2.0289
1764570180,2.0289,2.0312,2.0269,2.0275
1764570240,2.0275,2.0287,2.0266,2.0284
1764570300,2.0284,2.0303,2.0277,2.0298
1764570360,2.0298,2.03,2.0285,2.0287
1764570420,2.0287,2.0299,2.0285,2.0288
1764570480,2.0288,2.0296,2.0279,2.029
1764570540,2.029,2.0324,2.029,2.0324
1764570600,2.0324,2.0341,2.0321,2.0332
1764570660,2.0332,2.0336,2.0311,2.0318
1764570720,2.0318,2.0341,2.0307,2.033
1764570780,2.033,2.0341,2.0318,2.0326
1764570840,2.0326,2.0341,2.0321,2.0336
1764570900,2.0336,2.0343,2.0317,2.0343
1764570960,2.0343,2.0348,2.034,2.0345
1764571020,2.0345,2.0393,2.0345,2.0391
1764571080,2.0391,2.0417,2.039,2.039
1764571140,2.039,2.0419,2.039,2.0404
1764571200,2.0404,2.0427,2.0396,2.0425
1764571260,2.0425,2.0425,2.0403,2.0415
1764571320,2.0415,2.0437,2.0413,2.042
1764571380,2.042,2.0424,2.0409,2.0424
1764571440,2.0424,2.044,2.0424,2.0435
1764571500,2.0435,2.0444,2.0429,2.0444
1764571560,2.0444,2.0444,2.0424,2.0444
1764571620,2.0444,2.045,2.0438,2.0441
1764571680,2.0441,2.0458,2.0434,2.0434
1764571740,2.0434,2.0443,2.0416,2.0441
1764571800,2.0441,2.0444,2.041,2.0411
1764571860,2.0411,2.0423,2.0396,2.0399
1764571920,2.0399,2.0426,2.0394,2.0423
1764571980,2.0423,2.044,2.0418,2.0437
1764572040,2.0437,2.044,2.0427,2.0434
1764572100,2.0434,2.0474,2.0433,2.0466
1764572160,2.0466,2.0481,2.0464,2.0475
1764572220,2.0475,2.0483,2.047,2.047
1764572280,2.047,2.0477,2.0461,2.0465
1764572340,2.0465,2.0465,2.045,2.0459
1764572400,2.0459,2.0465,2.0449,2.0453
1764572460,2.0453,2.0455,2.0438,2.0444
1764572520,2.0444,2.0456,2.0435,2.045
1764572580,2.045,2.0456,2.0439,2.0454
1764572640,2.0454,2.0472,2.0437,2.0437
1764572700,2.0437,2.0437,2.0411,2.0415
1764572760,2.0415,2.0426,2.0407,2.0407
1764572820,2.0407,2.0407,2.0387,2.0394
1764572880,2.0394,2.0396,2.0359,2.0359
1764572940,2.0359,2.0393,2.0358,2.0393
1764573000,2.0393,2.0415,2.0377,2.0386
1764573060,2.0386,2.0399,2.0373,2.0374
1764573120,2.0374,2.0377,2.0367,2.0374
1764573180,2.0374,2.0394,2.0368,2.0394
1764573240,2.0394,2.0413,2.0391,2.0391
1764573300,2.0391,2.0395,2.0373,2.0374
1764573360,2.0374,2.0393,2.0364,2.0372
1764573420,2.0372,2.0397,2.0372,2.0389
1764573480,2.0389,2.0394,2.0379,2.0389
1764573540,2.0389,2.0397,2.0384,2.0387
1764573600,2.0387,2.0387,2.0369,2.0379
1764573660,2.0379,2.0379,2.0356,2.036
1764573720,2.036,2.0363,2.033,2.0331
1764573780,2.0331,2.0332,2.0316,2.033
1764573840,2.033,2.0359,2.033,2.0354
1764573900,2.0354,2.0387,2.0353,2.0368
1764573960,2.0368,2.0389,2.0367,2.0384
1764574020,2.0384,2.0421,2.0378,2.0417
1764574080,2.0417,2.0421,2.0411,2.0421
1764574140,2.0421,2.0425,2.0415,2.0415
1764574200,2.0415,2.0431,2.0397,2.0397
1764574260,2.0397,2.0405,2.0387,2.0399
1764574320,2.0399,2.0417,2.0391,2.0412
1764574380,2.0412,2.0443,2.0411,2.0435
1764574440,2.0435,2.0441,2.0428,2.0436
1764574500,2.0436,2.0436,2.0416,2.0424
1764574560,2.0424,2.0439,2.0421,2.0439
1764574620,2.0439,2.0457,2.0438,2.0456
1764574680,2.0456,2.049,2.0447,2.0477
1764574740,2.0477,2.0477,2.045,2.0458
1764574800,2.0458,2.0462,2.0448,2.045
1764574860,2.045,2.0482,2.0449,2.047
1764574920,2.047,2.0488,2.0469,2.048
1764574980,2.048,2.049,2.0479,2.049
1764575040,2.049,2.052,2.0484,2.0496
1764575100,2.0496,2.0534,2.0492,2.0523
1764575160,2.0523,2.0549,2.0521,2.0546
1764575220,2.0546,2.0554,2.0517,2.052
1764575280,2.052,2.0535,2.0517,2.0524
1764575340,2.0524,2.0543,2.052,2.0541
1764575400,2.0541,2.0545,2.0508,2.0518
1764575460,2.0518,2.0535,2.0513,2.053
1764575520,2.053,2.0554,2.0528,2.0554
1764575580,2.0554,2.0567,2.0535,2.0535
1764575640,2.0535,2.0535,2.0506,2.0526
1764575700,2.0526,2.0562,2.0523,2.0552
1764575760,2.0552,2.0578,2.0551,2.0568
1764575820,2.0568,2.0569,2.0555,2.0561
1764575880,2.0561,2.0571,2.0557,2.0558
1764575940,2.0558,2.0564,2.0546,2.0552
1764576000,2.0552,2.0556,2.0539,2.0549
1764576060,2.0549,2.0558,2.0542,2.0547
1764576120,2.0547,2.0568,2.0547,2.0551
1764576180,2.0551,2.0568,2.0544,2.0547
1764576240,2.0547,2.0552,2.0531,2.0533
1764576300,2.0533,2.055,2.0531,2.0545
1764576360,2.0545,2.0579,2.0541,2.0562
1764576420,2.0562,2.0577,2.0561,2.0573
1764576480,2.0573,2.058,2.0559,2.058
1764576540,2.058,2.058,2.0546,2.0548
1764576600,2.0548,2.0551,2.0533,2.0538
1764576660,2.0538,2.0542,2.0508,2.0509
1764576720,2.0509,2.0522,2.0505,2.0517
1764576780,2.0517,2.0527,2.0516,2.0516
1764576840,2.0516,2.0521,2.0503,2.0504
1764576900,2.0504,2.0526,2.0501,2.0509
1764576960,2.0509,2.0535,2.0501,2.0533
1764577020,2.0533,2.055,2.0523,2.0523
1764577080,2.0523,2.0549,2.0523,2.0545
1764577140,2.0545,2.0557,2.0541,2.0549
1764577200,2.0549,2.0568,2.0542,2.0544
1764577260,2.0544,2.055,2.053,2.0547
1764577320,2.0547,2.0556,2.0536,2.0537
1764577380,2.0537,2.0537,2.0519,2.0525
1764577440,2.0525,2.053,2.0503,2.0506
1764577500,2.0506,2.0513,2.0505,2.0507
1764577560,2.0507,2.051,2.0502,2.0504
1764577620,2.0504,2.0512,2.0492,2.0496
1764577680,2.0496,2.0497,2.0478,2.0494
1764577740,2.0494,2.0518,2.0492,2.0512
1764577800,2.0512,2.0525,2.0505,2.0515
1764577860,2.0515,2.0515,2.0491,2.0498
1764577920,2.0498,2.05,2.0479,2.0479
1764577980,2.0479,2.0486,2.0463,2.0467
1764578040,2.0467,2.0496,2.0467,2.0491
1764578100,2.0491,2.0528,2.0491,2.0528
1764578160,2.0528,2.0546,2.0518,2.0523
1764578220,2.0523,2.0523,2.0492,2.0495
1764578280,2.0495,2.0516,2.0495,2.0513
1764578340,2.0513,2.0515,2.0496,2.051
1764578400,2.051,2.0527,2.0505,2.0521
1764578460,2.0521,2.0523,2.0508,2.0513
1764578520,2.0513,2.0518,2.0509,2.0515
1764578580,2.0515,2.0534,2.0508,2.0532
1764578640,2.0532,2.054,2.0528,2.0538
1764578700,2.0538,2.054,2.0523,2.054
1764578760,2.054,2.0547,2.0531,2.0543
1764578820,2.0543,2.0564,2.0533,2.0551
1764578880,2.0551,2.0561,2.0547,2.0561
1764578940,2.0561,2.0569,2.0533,2.0544
1764579000,2.0544,2.0544,2.0533,2.0538
1764579060,2.0538,2.0548,2.0535,2.0547
1764579120,2.0547,2.0548,2.0527,2.0527
1764579180,2.0527,2.0545,2.0527,2.0545
1764579240,2.0545,2.0545,2.0528,2.053
1764579300,2.053,2.0545,2.0525,2.0543
1764579360,2.0543,2.0548,2.0538,2.0546
1764579420,2.0546,2.0557,2.0541,2.0545
1764579480,2.0545,2.0555,2.0535,2.0548
1764579540,2.0548,2.0573,2.0547,2.0556
1764579600,2.0556,2.0556,2.0511,2.0523
1764579660,2.0523,2.0582,2.0523,2.0579
1764579720,2.0579,2.0592,2.0544,2.0544
1764579780,2.0544,2.0563,2.0544,2.0563
1764579840,2.0563,2.0567,2.0512,2.0515
1764579900,2.0515,2.0556,2.051,2.0539
1764579960,2.0539,2.0543,2.0506,2.0513
1764580020,2.0513,2.0523,2.0511,2.0515
1764580080,2.0515,2.0519,2.0503,2.0507
1764580140,2.0507,2.0509,2.048,2.0486
1764580200,2.0486,2.0486,2.0463,2.0467
1764580260,2.0467,2.0482,2.046,2.0468
1764580320,2.0468,2.0477,2.0467,2.0477
1764580380,2.0477,2.0477,2.0462,2.047
1764580440,2.047,2.0471,2.0463,2.0468
1764580500,2.0468,2.0477,2.0462,2.0473
1764580560,2.0473,2.0495,2.0464,2.049
1764580620,2.049,2.0501,2.0467,2.0473
1764580680,2.0473,2.0484,2.047,2.0484
1764580740,2.0484,2.0485,2.0471,2.0471
1764580800,2.0471,2.0475,2.044,2.0448
1764580860,2.0448,2.0479,2.0448,2.0468
1764580920,2.0468,2.0474,2.0464,2.0466
1764580980,2.0466,2.0467,2.0451,2.0467
1764581040,2.0467,2.0467,2.0451,2.0456
1764581100,2.0456,2.0457,2.0435,2.0445
1764581160,2.0445,2.0446,2.0412,2.0426
1764581220,2.0426,2.0448,2.0424,2.0445
1764581280,2.0445,2.0462,2.0443,2.0449
1764581340,2.0449,2.0454,2.0443,2.0449
1764581400,2.0449,2.0456,2.044,2.0454
1764581460,2.0454,2.0463,2.0452,2.0455
1764581520,2.0455,2.0475,2.0455,2.0471
1764581580,2.0471,2.0473,2.0454,2.0456
1764581640,2.0456,2.0469,2.0456,2.0462
1764581700,2.0462,2.0468,2.0456,2.0463
1764581760,2.0463,2.048,2.0462,2.0479
1764581820,2.0479,2.0481,2.0464,2.048
1764581880,2.048,2.0492,2.047,2.047
1764581940,2.047,2.0475,2.0454,2.0473
1764582000,2.0473,2.0487,2.0469,2.0483
1764582060,2.0483,2.0486,2.0472,2.0484
1764582120,2.0484,2.0493,2.048,2.0486
1764582180,2.0486,2.0497,2.0486,2.0497
1764582240,2.0497,2.053,2.0495,2.052
1764582300,2.052,2.0521,2.0511,2.0519
1764582360,2.0519,2.0521,2.0497,2.0497
1764582420,2.0497,2.0517,2.0491,2.0501
1764582480,2.0501,2.0502,2.0491,2.0492
1764582540,2.0492,2.0493,2.0466,2.0467
1764582600,2.0467,2.0486,2.0462,2.048
1764582660,2.048,2.0497,2.0478,2.0497
1764582720,2.0497,2.0498,2.0479,2.0483
1764582780,2.0483,2.0488,2.048,2.0483
1764582840,2.0483,2.0485,2.0469,2.0469
1764582900,2.0469,2.0469,2.045,2.0455
1764582960,2.0455,2.0457,2.0445,2.0451
1764583020,2.0451,2.0457,2.0441,2.0448
1764583080,2.0448,2.0454,2.0445,2.0449
1764583140,2.0449,2.0458,2.0447,2.0448
1764583200,2.0448,2.0459,2.0445,2.0456
1764583260,2.0456,2.0467,2.0456,2.0462
1764583320,2.0462,2.0468,2.0456,2.0456
1764583380,2.0456,2.0465,2.0451,2.0454
1764583440,2.0454,2.0454,2.0443,2.0443
1764583500,2.0443,2.047,2.044,2.0466
1764583560,2.0466,2.0473,2.0453,2.0454
1764583620,2.0454,2.0457,2.0448,2.0457
1764583680,2.0457,2.0461,2.0452,2.0453
1764583740,2.0453,2.0453,2.0419,2.0433
1764583800,2.0433,2.0438,2.0418,2.0425
1764583860,2.0425,2.0428,2.0393,2.0399
1764583920,2.0399,2.0412,2.0397,2.0398
1764583980,2.0398,2.0403,2.0382,2.0385
1764584040,2.0385,2.0389,2.0357,2.0375
1764584100,2.0375,2.0389,2.0374,2.0387
1764584160,2.0387,2.0399,2.0382,2.0386
1764584220,2.0386,2.0397,2.0386,2.039
1764584280,2.039,2.04,2.0385,2.04
1764584340,2.04,2.04,2.0386,2.0387
1764584400,2.0387,2.0387,2.0363,2.0369
1764584460,2.0369,2.038,2.0369,2.0375
1764584520,2.0375,2.0388,2.0371,2.0388
1764584580,2.0388,2.0399,2.0387,2.039
1764584640,2.039,2.0394,2.0388,2.0394
1764584700,2.0394,2.0401,2.0394,2.0401
1764584760,2.0401,2.0409,2.0395,2.0395
1764584820,2.0395,2.0399,2.0391,2.0393
1764584880,2.0393,2.0404,2.039,2.0399
1764584940,2.0399,2.0408,2.0392,2.0397
1764585000,2.0397,2.0407,2.0388,2.0399
1764585060,2.0399,2.0408,2.0399,2.0401
1764585120,2.0401,2.0412,2.04,2.0409
1764585180,2.0409,2.0409,2.0386,2.0387
1764585240,2.0387,2.0405,2.0384,2.0405
1764585300,2.0405,2.0424,2.0405,2.042
1764585360,2.042,2.043,2.042,2.0423
1764585420,2.0423,2.0425,2.0418,2.0424
1764585480,2.0424,2.0429,2.0421,2.0424
1764585540,2.0424,2.0425,2.0409,2.0412
1764585600,2.0412,2.0419,2.0403,2.0412
1764585660,2.0412,2.0412,2.0397,2.0401
1764585720,2.0401,2.0406,2.0394,2.0398
1764585780,2.0398,2.04,2.0384,2.0386
1764585840,2.0386,2.0397,2.0386,2.0397
1764585900,2.0397,2.0414,2.0397,2.0405
1764585960,2.0405,2.0429,2.0405,2.0426
1764586020,2.0426,2.0432,2.042,2.0421
1764586080,2.0421,2.0429,2.0417,2.0417
1764586140,2.0417,2.0417,2.0406,2.0414
1764586200,2.0414,2.0423,2.0409,2.042
1764586260,2.042,2.042,2.0408,2.0411
1764586320,2.0411,2.0415,2.0403,2.0408
1764586380,2.0408,2.0419,2.0407,2.0413
1764586440,2.0413,2.0416,2.0411,2.0411
1764586500,2.0411,2.0417,2.0394,2.0396
1764586560,2.0396,2.0398,2.0392,2.0392
1764586620,2.0392,2.0397,2.0384,2.0392
1764586680,2.0392,2.0401,2.039,2.0401
1764586740,2.0401,2.0416,2.0401,2.0413
1764586800,2.0413,2.0413,2.0392,2.0398
1764586860,2.0398,2.0433,2.0398,2.0432
1764586920,2.0432,2.0449,2.0432,2.0436
1764586980,2.0436,2.0443,2.0427,2.0433
1764587040,2.0433,2.0433,2.0409,2.0409
1764587100,2.0409,2.0409,2.0385,2.039
1764587160,2.039,2.0397,2.0372,2.0378
1764587220,2.0378,2.0388,2.0377,2.0378
1764587280,2.0378,2.0389,2.0374,2.0379
1764587340,2.0379,2.038,2.0366,2.0375
1764587400,2.0375,2.039,2.0375,2.0376
1764587460,2.0376,2.0377,2.0355,2.0366
1764587520,2.0366,2.0378,2.0363,2.037
1764587580,2.037,2.0376,2.0366,2.0368
1764587640,2.0368,2.0382,2.0368,2.0377
1764587700,2.0377,2.0382,2.0375,2.0381
1764587760,2.0381,2.0399,2.0379,2.0392
1764587820,2.0392,2.0396,2.0347,2.0357
1764587880,2.0357,2.0383,2.0357,2.0376
1764587940,2.0376,2.0381,2.0364,2.0381
1764588000,2.0381,2.0384,2.0368,2.0371
1764588060,2.0371,2.0403,2.037,2.0391
1764588120,2.0391,2.0398,2.0382,2.0388
1764588180,2.0388,2.0405,2.0387,2.0398
1764588240,2.0398,2.0407,2.0397,2.0404
1764588300,2.0404,2.045,2.0404,2.0443
1764588360,2.0443,2.0448,2.0421,2.0428
1764588420,2.0428,2.0428,2.0419,2.0421
1764588480,2.0421,2.0424,2.0417,2.0422
1764588540,2.0422,2.0428,2.0419,2.042
1764588600,2.042,2.0425,2.0395,2.04
1764588660,2.04,2.04,2.039,2.0393
1764588720,2.0393,2.0398,2.038,2.0382
1764588780,2.0382,2.0395,2.0377,2.0383
1764588840,2.0383,2.04,2.038,2.0384
1764588900,2.0384,2.0394,2.0381,2.0392
1764588960,2.0392,2.0399,2.0386,2.0399
1764589020,2.0399,2.0414,2.0399,2.0401
1764589080,2.0401,2.0401,2.0375,2.0391
1764589140,2.0391,2.0407,2.0389,2.0407
1764589200,2.0407,2.041,2.0396,2.0398
1764589260,2.0398,2.0402,2.0388,2.0391
1764589320,2.0391,2.0396,2.0381,2.0396
1764589380,2.0396,2.0402,2.039,2.0395
1764589440,2.0395,2.0395,2.0376,2.0383
1764589500,2.0383,2.04,2.0383,2.0399
1764589560,2.0399,2.0419,2.0393,2.0417
1764589620,2.0417,2.0419,2.0406,2.0414
1764589680,2.0414,2.043,2.0408,2.0429
1764589740,2.0429,2.044,2.0423,2.0429
1764589800,2.0429,2.0444,2.0423,2.0444
1764589860,2.0444,2.0445,2.0395,2.0395
1764589920,2.0395,2.0409,2.0395,2.0402
1764589980,2.0402,2.0429,2.0401,2.0413
1764590040,2.0413,2.0413,2.0386,2.0386
1764590100,2.0386,2.0386,2.0332,2.0339
1764590160,2.0339,2.0357,2.0295,2.0336
1764590220,2.0336,2.0339,2.0303,2.0317
1764590280,2.0317,2.0335,2.0317,2.0318
1764590340,2.0318,2.0336,2.0318,2.033
1764590400,2.033,2.0341,2.0326,2.0339
1764590460,2.0339,2.035,2.0338,2.0342
1764590520,2.0342,2.035,2.0308,2.0308
1764590580,2.0308,2.0315,2.0262,2.0298
1764590640,2.0298,2.0321,2.0294,2.03
1764590700,2.03,2.03,2.0256,2.0285
1764590760,2.0285,2.0293,2.0273,2.0278
1764590820,2.0278,2.0291,2.0266,2.0266
1764590880,2.0266,2.0287,2.0265,2.0283
1764590940,2.0283,2.0312,2.0283,2.0293
1764591000,2.0293,2.0306,2.0287,2.0292
1764591060,2.0292,2.0301,2.0283,2.0284
1764591120,2.0284,2.0293,2.0277,2.029
1764591180,2.029,2.0305,2.029,2.0292
1764591240,2.0292,2.0306,2.0286,2.0305
1764591300,2.0305,2.0315,2.03,2.0315
1764591360,2.0315,2.032,2.0301,2.0314
1764591420,2.0314,2.0314,2.0276,2.028
1764591480,2.028,2.0281,2.0233,2.0246
1764591540,2.0246,2.0277,2.0246,2.0275
1764591600,2.0275,2.0282,2.0259,2.0264
1764591660,2.0264,2.0306,2.0264,2.0284
1764591720,2.0284,2.0287,2.0272,2.0283
1764591780,2.0283,2.0305,2.0279,2.0286
1764591840,2.0286,2.0292,2.0278,2.0291
1764591900,2.0291,2.0299,2.0288,2.0292
1764591960,2.0292,2.0293,2.0266,2.0268
1764592020,2.0268,2.027,2.0245,2.0245
1764592080,2.0245,2.0256,2.0245,2.0248
1764592140,2.0248,2.0249,2.0241,2.0249
1764592200,2.0249,2.0252,2.024,2.0243
1764592260,2.0243,2.0248,2.0235,2.024
1764592320,2.024,2.0251,2.0231,2.0233
1764592380,2.0233,2.0234,2.0208,2.0223
1764592440,2.0223,2.0229,2.0208,2.0208
1764592500,2.0208,2.025,2.0206,2.0244
1764592560,2.0244,2.0283,2.0244,2.0273
1764592620,2.0273,2.0273,2.0241,2.0243
1764592680,2.0243,2.0265,2.0242,2.0258
1764592740,2.0258,2.0258,2.0232,2.0236
1764592800,2.0236,2.0239,2.0209,2.0214
1764592860,2.0214,2.0232,2.0209,2.0218
1764592920,2.0218,2.0224,2.0176,2.018
1764592980,2.018,2.0197,2.0178,2.0181
1764593040,2.0181,2.019,2.0173,2.018
1764593100,2.018,2.019,2.0166,2.0175
1764593160,2.0175,2.0175,2.0121,2.0121
1764593220,2.0121,2.0157,2.0106,2.0118
1764593280,2.0118,2.0119,2.0042,2.0042
1764593340,2.0042,2.0061,2.0009,2.0042
1764593400,2.0042,2.0142,2.0024,2.0139
1764593460,2.0139,2.026,2.0138,2.0227
1764593520,2.0227,2.027,2.0227,2.0247
1764593580,2.0247,2.0296,2.0242,2.0281
1764593640,2.0281,2.0317,2.0256,2.0283
1764593700,2.0283,2.0286,2.0234,2.0245
1764593760,2.0245,2.0275,2.0245,2.0252
1764593820,2.0252,2.0316,2.025,2.0311
1764593880,2.0311,2.033,2.0305,2.0313
1764593940,2.0313,2.0313,2.0265,2.0272
1764594000,2.0272,2.028,2.023,2.0234
1764594060,2.0234,2.0283,2.0212,2.0228
1764594120,2.0228,2.0311,2.0214,2.0299
1764594180,2.0299,2.0359,2.0281,2.0335
1764594240,2.0335,2.0365,2.0278,2.0278
1764594300,2.0278,2.0296,2.0256,2.0261
1764594360,2.0261,2.0261,2.0218,2.0223
1764594420,2.0223,2.0257,2.0223,2.025
1764594480,2.025,2.0271,2.0243,2.0264
1764594540,2.0264,2.0274,2.025,2.0263
1764594600,2.0263,2.0263,2.0211,2.0212
1764594660,2.0212,2.0217,2.016,2.0169
1764594720,2.0169,2.0211,2.0168,2.0205
1764594780,2.0205,2.0219,2.0197,2.0216
1764594840,2.0216,2.0227,2.0213,2.0227
1764594900,2.0227,2.0254,2.0223,2.0244
1764594960,2.0244,2.0245,2.0215,2.024
1764595020,2.024,2.0244,2.0188,2.0217
1764595080,2.0217,2.0221,2.0195,2.02
1764595140,2.02,2.02,2.0182,2.0191
1764595200,2.0191,2.0215,2.0185,2.0213
1764595260,2.0213,2.0219,2.0182,2.0182
1764595320,2.0182,2.021,2.0182,2.021
1764595380,2.021,2.0216,2.0202,2.0205
1764595440,2.0205,2.0207,2.018,2.0186
1764595500,2.0186,2.0194,2.0166,2.0176
1764595560,2.0176,2.0223,2.0174,2.0223
1764595620,2.0223,2.0224,2.0204,2.0204
1764595680,2.0204,2.0208,2.0191,2.0196
1764595740,2.0196,2.0199,2.0189,2.0192
1764595800,2.0192,2.0202,2.017,2.0197
1764595860,2.0197,2.0206,2.0176,2.0178
1764595920,2.0178,2.0185,2.0142,2.0147
1764595980,2.0147,2.0166,2.0144,2.0158
1764596040,2.0158,2.0172,2.0144,2.0147
1764596100,2.0147,2.017,2.012,2.0167
1764596160,2.0167,2.0204,2.0165,2.0193
1764596220,2.0193,2.0194,2.0168,2.0168
1764596280,2.0168,2.0169,2.0134,2.0156
1764596340,2.0156,2.0162,2.0141,2.0142
1764596400,2.0142,2.015,2.0132,2.0146
1764596460,2.0146,2.0168,2.0146,2.0163
1764596520,2.0163,2.0172,2.0131,2.0145
1764596580,2.0145,2.015,2.0132,2.0137
1764596640,2.0137,2.0167,2.0137,2.0149
1764596700,2.0149,2.0166,2.0148,2.0155
1764596760,2.0155,2.0163,2.0133,2.0151
1764596820,2.0151,2.0151,2.0126,2.0147
1764596880,2.0147,2.015,2.012,2.0121
1764596940,2.0121,2.0128,2.0103,2.0104
1764597000,2.0104,2.012,2.0086,2.0116
1764597060,2.0116,2.0164,2.0103,2.016
1764597120,2.016,2.0173,2.0142,2.0146
1764597180,2.0146,2.0195,2.0146,2.0184
1764597240,2.0184,2.0184,2.0161,2.0173
1764597300,2.0173,2.0173,2.0133,2.0142
1764597360,2.0142,2.0174,2.0142,2.0172
1764597420,2.0172,2.0198,2.0171,2.0198
1764597480,2.0198,2.0233,2.0197,2.021
1764597540,2.021,2.0212,2.0185,2.0193
1764597600,2.0193,2.0198,2.0182,2.0183
1764597660,2.0183,2.0195,2.0174,2.0177
1764597720,2.0177,2.018,2.015,2.0179
1764597780,2.0179,2.0198,2.0173,2.018
1764597840,2.018,2.0235,2.0179,2.0221
1764597900,2.0221,2.0224,2.0154,2.0154
1764597960,2.0154,2.0191,2.0154,2.0173
1764598020,2.0173,2.0183,2.015,2.0154
1764598080,2.0154,2.0164,2.0133,2.0143
1764598140,2.0143,2.0201,2.014,2.0201
1764598200,2.0201,2.0235,2.0185,2.0227
1764598260,2.0227,2.0227,2.0185,2.0206
1764598320,2.0206,2.0236,2.0206,2.0227
1764598380,2.0227,2.0228,2.021,2.021
1764598440,2.021,2.0217,2.0196,2.0206
1764598500,2.0206,2.0213,2.0173,2.0183
1764598560,2.0183,2.0189,2.0149,2.0162
1764598620,2.0162,2.0168,2.0152,2.0153
1764598680,2.0153,2.0173,2.0152,2.0164
1764598740,2.0164,2.0188,2.0152,2.0188
1764598800,2.0188,2.0192,2.0176,2.0177
1764598860,2.0177,2.0184,2.0166,2.0173
1764598920,2.0173,2.0222,2.0171,2.0221
1764598980,2.0221,2.025,2.0208,2.0239
1764599040,2.0239,2.0258,2.0238,2.0253
1764599100,2.0253,2.0276,2.0233,2.0273
1764599160,2.0273,2.0276,2.0255,2.0268
1764599220,2.0268,2.0287,2.0261,2.0269
1764599280,2.0269,2.0288,2.0268,2.0281
1764599340,2.0281,2.0299,2.0278,2.0294
1764599400,2.0294,2.0325,2.0289,2.0325
1764599460,2.0325,2.0333,2.024,2.024
1764599520,2.024,2.0315,2.0229,2.031
1764599580,2.031,2.0347,2.0287,2.0341
1764599640,2.0341,2.0364,2.0316,2.0348
1764599700,2.0348,2.0385,2.0341,2.0357
1764599760,2.0357,2.0463,2.0355,2.0463
1764599820,2.0463,2.0479,2.0438,2.0452
1764599880,2.0452,2.0468,2.041,2.0411
1764599940,2.0411,2.0433,2.0391,2.0391
1764600000,2.0391,2.0416,2.036,2.0362
1764600060,2.0362,2.0362,2.0315,2.0347
1764600120,2.0347,2.0347,2.0317,2.034
1764600180,2.034,2.034,2.0277,2.0304
1764600240,2.0304,2.033,2.0301,2.0307
1764600300,2.0307,2.031,2.0266,2.031
1764600360,2.031,2.0362,2.0309,2.0354
1764600420,2.0354,2.0367,2.033,2.0342
1764600480,2.0342,2.0348,2.0271,2.0281
1764600540,2.0281,2.0299,2.0267,2.0274
1764600600,2.0274,2.0289,2.0249,2.0288
1764600660,2.0288,2.0311,2.0278,2.0301
1764600720,2.0301,2.0323,2.029,2.0308
1764600780,2.0308,2.032,2.028,2.028
1764600840,2.028,2.031,2.0278,2.0298
1764600900,2.0298,2.0353,2.0295,2.0353
1764600960,2.0353,2.0383,2.0353,2.0372
1764601020,2.0372,2.0372,2.0346,2.0355
1764601080,2.0355,2.036,2.0326,2.0331
1764601140,2.0331,2.0335,2.0303,2.0303
1764601200,2.0303,2.0336,2.0299,2.0335
1764601260,2.0335,2.0344,2.0302,2.0313
1764601320,2.0313,2.0329,2.0291,2.0319
1764601380,2.0319,2.0319,2.0271,2.0271
1764601440,2.0271,2.0277,2.0231,2.0237
1764601500,2.0237,2.0242,2.0208,2.0231
1764601560,2.0231,2.0254,2.022,2.0231
1764601620,2.0231,2.0261,2.0231,2.0244
1764601680,2.0244,2.027,2.0238,2.0242
1764601740,2.0242,2.0247,2.022,2.0236
1764601800,2.0236,2.025,2.0209,2.0235
1764601860,2.0235,2.0252,2.0213,2.0226
1764601920,2.0226,2.0238,2.0213,2.0238
1764601980,2.0238,2.026,2.0237,2.0238
1764602040,2.0238,2.0238,2.0146,2.0151
1764602100,2.0151,2.019,2.0125,2.0125
1764602160,2.0125,2.0227,2.0119,2.0209
1764602220,2.0209,2.0235,2.02,2.0227
1764602280,2.0227,2.0227,2.0203,2.0213
1764602340,2.0213,2.0237,2.0196,2.0196
1764602400,2.0196,2.0216,2.0184,2.0201
1764602460,2.0201,2.0207,2.0167,2.0199
1764602520,2.0199,2.0217,2.0177,2.0184
1764602580,2.0184,2.0196,2.0162,2.0173
1764602640,2.0173,2.0195,2.0145,2.0149
1764602700,2.0149,2.0156,2.0082,2.0083
1764602760,2.0083,2.0105,2.0062,2.0089
1764602820,2.0089,2.0096,2.0067,2.0076
1764602880,2.0076,2.0098,2.0061,2.0061
1764602940,2.0061,2.0078,2.0051,2.0064
1764603000,2.0064,2.0069,2.0025,2.0035
1764603060,2.0035,2.0059,2.0019,2.002
1764603120,2.002,2.0066,1.9981,2.005
1764603180,2.005,2.0056,2.0001,2.0003
1764603240,2.0003,2.0012,1.9842,1.9902
1764603300,1.9902,1.9953,1.9886,1.9931
1764603360,1.9931,2.0022,1.9925,1.9986
1764603420,1.9986,1.9992,1.9929,1.9936
1764603480,1.9936,2.0004,1.9935,1.9962
1764603540,1.9962,1.9994,1.9953,1.9959
1764603600,1.9959,1.9968,1.9924,1.9935
1764603660,1.9935,1.9945,1.9901,1.9934
1764603720,1.9934,1.994,1.9864,1.9876
1764603780,1.9876,1.9918,1.9848,1.9891
1764603840,1.9891,1.9897,1.9853,1.9864
1764603900,1.9864,1.9904,1.9825,1.9892
1764603960,1.9892,1.992,1.9867,1.9871
1764604020,1.9871,1.9894,1.9828,1.9892
1764604080,1.9892,1.9946,1.9891,1.9938
1764604140,1.9938,1.9978,1.9904,1.9971
1764604200,1.9971,2.0109,1.9971,2.0059
1764604260,2.0059,2.0144,2.0059,2.014
1764604320,2.014,2.0188,2.0126,2.0169
1764604380,2.0169,2.0177,2.0147,2.0168
1764604440,2.0168,2.0192,2.0134,2.0134
1764604500,2.0134,2.0149,2.0123,2.0139
1764604560,2.0139,2.0157,2.007,2.0078
1764604620,2.0078,2.0085,2.0053,2.0081
1764604680,2.0081,2.0114,2.0076,2.0076
1764604740,2.0076,2.0076,2.005,2.0064
1764604800,2.0064,2.0083,2.0042,2.0076
1764604860,2.0076,2.0092,2.0041,2.0062
1764604920,2.0062,2.0062,2.0011,2.0011
1764604980,2.0011,2.0038,2.001,2.0016
1764605040,2.0016,2.0031,2.0003,2.0013
1764605100,2.0013,2.0027,1.9983,1.9991
1764605160,1.9991,1.9999,1.9928,1.9933
1764605220,1.9933,1.9935,1.9877,1.9907
1764605280,1.9907,1.9919,1.988,1.991
1764605340,1.991,1.9926,1.9884,1.9915
1764605400,1.9915,1.994,1.9904,1.9936
1764605460,1.9936,1.9956,1.9909,1.9917
1764605520,1.9917,1.9941,1.9908,1.9932
1764605580,1.9932,1.9952,1.9915,1.9928
1764605640,1.9928,1.9946,1.9908,1.9923
1764605700,1.9923,1.9941,1.9893,1.9916
1764605760,1.9916,1.9931,1.9875,1.9877
1764605820,1.9877,1.9922,1.9861,1.9914
1764605880,1.9914,1.9962,1.9913,1.9957
1764605940,1.9957,1.9962,1.991,1.991
1764606000,1.991,1.9918,1.9882,1.9905
1764606060,1.9905,1.9964,1.9905,1.9948
1764606120,1.9948,1.9964,1.9912,1.9925
1764606180,1.9925,1.9942,1.9896,1.9919
1764606240,1.9919,1.9929,1.989,1.9914
1764606300,1.9914,1.9959,1.9899,1.9947
1764606360,1.9947,1.9948,1.9902,1.992
1764606420,1.992,1.9985,1.9916,1.9973
1764606480,1.9973,1.9974,1.9925,1.993
1764606540,1.993,1.9945,1.993,1.9939
1764606600,1.9939,1.9961,1.9929,1.9945
1764606660,1.9945,1.9996,1.9945,1.9969
1764606720,1.9969,1.9988,1.9957,1.9961
1764606780,1.9961,1.9972,1.9951,1.9963
1764606840,1.9963,1.9963,1.9928,1.9958
1764606900,1.9958,1.996,1.9926,1.9939
1764606960,1.9939,1.9948,1.9862,1.9883
1764607020,1.9883,2.0006,1.9883,2.0005
1764607080,2.0005,2.0038,1.996,1.9989
1764607140,1.9989,2.006,1.9979,2.0039
1764607200,2.0039,2.0057,2.0019,2.0049
1764607260,2.0049,2.0055,1.9978,1.9996
1764607320,1.9996,2.0016,1.9984,1.9995
1764607380,1.9995,2.0019,1.9974,1.9986
1764607440,1.9986,1.999,1.9945,1.9953
1764607500,1.9953,1.9974,1.9946,1.9966
1764607560,1.9966,1.9981,1.9954,1.998
1764607620,1.998,1.9996,1.997,1.9983
1764607680,1.9983,1.9983,1.9926,1.9943
1764607740,1.9943,1.9958,1.9924,1.9936
1764607800,1.9936,1.9942,1.9915,1.9935
1764607860,1.9935,1.9956,1.9931,1.9933
1764607920,1.9933,1.9935,1.9914,1.9922
1764607980,1.9922,1.9922,1.9884,1.9903
1764608040,1.9903,1.9903,1.9875,1.9887
1764608100,1.9887,1.9904,1.9887,1.9899
1764608160,1.9899,1.9899,1.9854,1.989
1764608220,1.989,1.989,1.9871,1.9879
1764608280,1.9879,1.9885,1.9867,1.9884
1764608340,1.9884,1.9902,1.9884,1.9902
1764608400,1.9902,1.9926,1.9894,1.9915
1764608460,1.9915,1.9989,1.9915,1.9987
1764608520,1.9987,1.9994,1.9895,1.9923
1764608580,1.9923,1.9955,1.9923,1.9955
1764608640,1.9955,2,1.9945,2
1764608700,2,2.0009,1.9988,2.0002
1764608760,2.0002,2.0016,1.9997,2.0011
1764608820,2.0011,2.0036,2.0002,2.0027
1764608880,2.0027,2.0029,1.9972,1.9999
1764608940,1.9999,1.9999,1.9958,1.9961
1764609000,1.9961,1.9965,1.9929,1.9936
1764609060,1.9936,1.9984,1.9936,1.9982
1764609120,1.9982,1.9995,1.9962,1.9975
1764609180,1.9975,1.9976,1.9936,1.9938
1764609240,1.9938,1.9944,1.9919,1.9924
1764609300,1.9924,1.9926,1.9878,1.9891
1764609360,1.9891,1.9917,1.988,1.9917
1764609420,1.9917,1.9942,1.9915,1.9926
1764609480,1.9926,1.9933,1.9894,1.9894
1764609540,1.9894,1.9919,1.988,1.9907
1764609600,1.9907,1.9919,1.9898,1.9914
1764609660,1.9914,1.993,1.9907,1.9928
1764609720,1.9928,1.9953,1.9926,1.9953
1764609780,1.9953,1.9954,1.9919,1.9919
1764609840,1.9919,1.9954,1.9918,1.9954
1764609900,1.9954,1.9967,1.9948,1.9959
1764609960,1.9959,1.998,1.9954,1.9976
1764610020,1.9976,1.9993,1.9973,1.9992
1764610080,1.9992,2.0014,1.9992,2.0012
1764610140,2.0012,2.0033,2.0003,2.0003
1764610200,2.0003,2.001,1.9982,1.9987
1764610260,1.9987,1.9987,1.9938,1.9941
1764610320,1.9941,1.9944,1.9911,1.9921
1764610380,1.9921,1.9944,1.9901,1.9938
1764610440,1.9938,1.9938,1.9873,1.9876
1764610500,1.9876,1.9937,1.987,1.9937
1764610560,1.9937,1.9949,1.9919,1.9929
1764610620,1.9929,1.9967,1.9924,1.9962
1764610680,1.9962,1.9966,1.994,1.9947
1764610740,1.9947,1.9963,1.9935,1.9963
1764610800,1.9963,1.9994,1.9963,1.9969
1764610860,1.9969,1.9985,1.9961,1.9967
1764610920,1.9967,1.9992,1.9956,1.999
1764610980,1.999,1.9996,1.9974,1.9994
1764611040,1.9994,2.0014,1.9993,2.0011
1764611100,2.0011,2.0025,2.0003,2.002
1764611160,2.002,2.0035,1.9999,2.0011
1764611220,2.0011,2.0011,1.9963,1.9973
1764611280,1.9973,1.9979,1.9958,1.9968
1764611340,1.9968,2.0002,1.9968,1.9984
1764611400,1.9984,1.9991,1.9955,1.9962
1764611460,1.9962,2.0048,1.9962,1.9993
1764611520,1.9993,2.0008,1.9981,1.9987
1764611580,1.9987,2.0004,1.9985,1.9992
1764611640,1.9992,2.0024,1.9975,2.0024
1764611700,2.0024,2.0028,1.9973,1.9976
1764611760,1.9976,1.9997,1.9967,1.9979
1764611820,1.9979,1.9987,1.9967,1.997
1764611880,1.997,1.9983,1.9954,1.9958
1764611940,1.9958,1.9959,1.9943,1.9946
1764612000,1.9946,1.9977,1.9943,1.9975
1764612060,1.9975,1.9986,1.9963,1.9984
1764612120,1.9984,2.0002,1.9983,1.9998
1764612180,1.9998,2.0002,1.9974,1.9989
1764612240,1.9989,1.9992,1.9961,1.9974
1764612300,1.9974,1.9981,1.9936,1.9936
1764612360,1.9936,1.9985,1.9929,1.9974
1764612420,1.9974,1.9999,1.9965,1.9999
1764612480,1.9999,2.0011,1.9967,1.9972
1764612540,1.9972,1.9976,1.9953,1.9956
1764612600,1.9956,1.9998,1.9956,1.9981
1764612660,1.9981,2.0013,1.9981,2.0012
1764612720,2.0012,2.0095,2.0012,2.0087
1764612780,2.0087,2.0091,2.0057,2.0072
1764612840,2.0072,2.0092,2.0055,2.0078
1764612900,2.0078,2.011,2.0061,2.0102
1764612960,2.0102,2.0104,2.0064,2.0065
1764613020,2.0065,2.0078,2.0046,2.0067
1764613080,2.0067,2.0085,2.0042,2.0085
1764613140,2.0085,2.0104,2.0055,2.0099
1764613200,2.0099,2.0117,2.0065,2.0069
1764613260,2.0069,2.0076,2.0016,2.0034
1764613320,2.0034,2.0066,2.0032,2.0056
1764613380,2.0056,2.006,2.0026,2.006
1764613440,2.006,2.0074,2.0037,2.0074
1764613500,2.0074,2.0084,2.0062,2.0064
1764613560,2.0064,2.0068,2.005,2.005
1764613620,2.005,2.0052,2.0038,2.0047
1764613680,2.0047,2.0058,2.0037,2.0037
1764613740,2.0037,2.0048,2.0031,2.0048
1764613800,2.0048,2.0054,2.0023,2.0026
1764613860,2.0026,2.0028,1.9985,2.0001
1764613920,2.0001,2.0029,2,2.0029
1764613980,2.0029,2.004,2.0018,2.003
1764614040,2.003,2.0035,2.0009,2.0012
1764614100,2.0012,2.003,2.0006,2.0007
1764614160,2.0007,2.0022,1.9986,2.0004
1764614220,2.0004,2.0011,1.9993,2.0001
1764614280,2.0001,2.0002,1.998,2
1764614340,2,2.0001,1.9968,1.9968
1764614400,1.9968,1.9993,1.9966,1.9992
1764614460,1.9992,1.9994,1.9971,1.9981
1764614520,1.9981,1.999,1.9964,1.9971
1764614580,1.9971,1.9989,1.997,1.998
1764614640,1.998,1.999,1.9951,1.9973
1764614700,1.9973,1.9975,1.995,1.9966
1764614760,1.9966,1.9967,1.9942,1.996
1764614820,1.996,1.9982,1.9959,1.9982
1764614880,1.9982,1.9994,1.9953,1.9956
1764614940,1.9956,1.9962,1.993,1.9941
1764615000,1.9941,1.9969,1.9939,1.9965
1764615060,1.9965,1.9982,1.9964,1.9981
1764615120,1.9981,1.9981,1.9956,1.9957
1764615180,1.9957,1.9962,1.993,1.9944
1764615240,1.9944,1.997,1.9937,1.9969
1764615300,1.9969,2.0001,1.9956,1.999
1764615360,1.999,2.0009,1.9975,2.0009
1764615420,2.0009,2.0082,2.0005,2.0081
1764615480,2.0081,2.0084,2.0026,2.0027
1764615540,2.0027,2.0055,2.0027,2.0036
1764615600,2.0036,2.0046,2.0026,2.0032
1764615660,2.0032,2.0039,1.9998,2.0001
1764615720,2.0001,2.0005,1.9983,1.9997
1764615780,1.9997,2.0039,1.9997,2.0025
1764615840,2.0025,2.0025,1.9982,1.9995
1764615900,1.9995,1.9995,1.9967,1.9976
1764615960,1.9976,1.9988,1.996,1.9987
1764616020,1.9987,1.9987,1.9952,1.9952
1764616080,1.9952,1.9968,1.9951,1.9957
1764616140,1.9957,1.9973,1.9939,1.9973
1764616200,1.9973,2.0016,1.9971,2.0013
1764616260,2.0013,2.0017,2,2.0008
1764616320,2.0008,2.0012,1.9985,1.9991
1764616380,1.9991,2.0001,1.9984,2.0001
1764616440,2.0001,2.001,1.9995,2.0008
1764616500,2.0008,2.0013,1.9992,2.0006
1764616560,2.0006,2.0006,1.9974,2.0006
1764616620,2.0006,2.0012,1.9991,2.0008
1764616680,2.0008,2.0022,1.9983,1.9992
1764616740,1.9992,1.9997,1.9973,1.9985
1764616800,1.9985,1.9987,1.9966,1.9971
1764616860,1.9971,1.9971,1.9951,1.9968
1764616920,1.9968,1.9974,1.9946,1.9948
1764616980,1.9948,1.9979,1.994,1.9978
1764617040,1.9978,1.9978,1.9965,1.9974
1764617100,1.9974,1.9974,1.9928,1.9928
1764617160,1.9928,1.9934,1.9891,1.9893
1764617220,1.9893,1.9919,1.9893,1.9916
1764617280,1.9916,1.9918,1.9902,1.9913
1764617340,1.9913,1.9916,1.9893,1.9894
1764617400,1.9894,1.9897,1.9881,1.9888
1764617460,1.9888,1.9921,1.9884,1.99
1764617520,1.99,1.9902,1.9881,1.9883
1764617580,1.9883,1.989,1.9858,1.989
1764617640,1.989,1.991,1.9885,1.9897
1764617700,1.9897,1.993,1.9892,1.9924
1764617760,1.9924,1.9983,1.9922,1.9983
1764617820,1.9983,1.9992,1.997,1.997
1764617880,1.997,1.997,1.9904,1.9904
1764617940,1.9904,1.9939,1.9896,1.9936
1764618000,1.9936,1.9968,1.9932,1.9936
1764618060,1.9936,1.9954,1.9925,1.9925
1764618120,1.9925,1.9935,1.9908,1.9908
1764618180,1.9908,1.9917,1.9895,1.9911
1764618240,1.9911,1.9912,1.9893,1.9895
1764618300,1.9895,1.9921,1.9895,1.9917
1764618360,1.9917,1.9918,1.9893,1.991
1764618420,1.991,1.9924,1.9901,1.9916
1764618480,1.9916,1.9919,1.9894,1.9898
1764618540,1.9898,1.9928,1.9894,1.9928
1764618600,1.9928,1.9943,1.9925,1.9942
1764618660,1.9942,1.9951,1.9922,1.9922
1764618720,1.9922,1.9939,1.9905,1.9906
1764618780,1.9906,1.9933,1.9906,1.9933
1764618840,1.9933,1.9955,1.993,1.9951
1764618900,1.9951,1.996,1.9925,1.9938
1764618960,1.9938,1.9952,1.9937,1.9941
1764619020,1.9941,1.9947,1.9933,1.9934
1764619080,1.9934,1.9957,1.9934,1.9953
1764619140,1.9953,1.9967,1.992,1.9937
1764619200,1.9937,1.9976,1.993,1.9973
1764619260,1.9973,2.002,1.9973,2.0019
1764619320,2.0019,2.003,1.9999,2.0025
1764619380,2.0025,2.0037,2.0016,2.0037
1764619440,2.0037,2.0062,2.0036,2.0058
1764619500,2.0058,2.0159,2.0058,2.0149
1764619560,2.0149,2.0156,2.0106,2.0106
1764619620,2.0106,2.0134,2.0091,2.0109
1764619680,2.0109,2.0175,2.0109,2.0174
1764619740,2.0174,2.0175,2.0129,2.0143
1764619800,2.0143,2.0212,2.0142,2.0204
1764619860,2.0204,2.0204,2.015,2.015
1764619920,2.015,2.0173,2.0145,2.0145
1764619980,2.0145,2.0145,2.0112,2.0131
1764620040,2.0131,2.0134,2.0113,2.0132
1764620100,2.0132,2.0132,2.0053,2.008
1764620160,2.008,2.0098,2.0064,2.0083
1764620220,2.0083,2.0093,2.0068,2.0087
1764620280,2.0087,2.0096,2.0073,2.0083
1764620340,2.0083,2.0124,2.0073,2.0122
1764620400,2.0122,2.0122,2.0074,2.0089
1764620460,2.0089,2.0113,2.0074,2.0113
1764620520,2.0113,2.0124,2.0098,2.0109
1764620580,2.0109,2.0111,2.0089,2.0098
1764620640,2.0098,2.0117,2.0093,2.0101
1764620700,2.0101,2.0101,2.0053,2.0061
1764620760,2.0061,2.0077,2.0044,2.0059
1764620820,2.0059,2.0062,2.0043,2.0055
1764620880,2.0055,2.0067,2.0045,2.0059
1764620940,2.0059,2.006,2.004,2.0052
1764621000,2.0052,2.0081,2.0043,2.0076
1764621060,2.0076,2.0078,2.006,2.0073
1764621120,2.0073,2.0092,2.0063,2.0089
1764621180,2.0089,2.0093,2.0052,2.0063
1764621240,2.0063,2.0063,2.0045,2.0055
1764621300,2.0055,2.0089,2.0055,2.0078
1764621360,2.0078,2.0098,2.006,2.0093
1764621420,2.0093,2.0122,2.009,2.0117
1764621480,2.0117,2.0148,2.0108,2.0108
1764621540,2.0108,2.0112,2.0087,2.011
1764621600,2.011,2.0114,2.0093,2.01
1764621660,2.01,2.0108,2.009,2.0104
1764621720,2.0104,2.0105,2.0091,2.0095
1764621780,2.0095,2.0133,2.0095,2.0126
1764621840,2.0126,2.0157,2.0126,2.0157
1764621900,2.0157,2.0174,2.0121,2.0153
1764621960,2.0153,2.0158,2.0138,2.0138
1764622020,2.0138,2.0158,2.0123,2.0147
1764622080,2.0147,2.0159,2.0145,2.0157
1764622140,2.0157,2.0163,2.014,2.014
1764622200,2.014,2.0194,2.014,2.0183
1764622260,2.0183,2.0201,2.0143,2.0152
1764622320,2.0152,2.0154,2.0121,2.0143
1764622380,2.0143,2.0167,2.0138,2.0156
1764622440,2.0156,2.0184,2.0154,2.0184
1764622500,2.0184,2.0221,2.0173,2.0187
1764622560,2.0187,2.0217,2.0182,2.0213
1764622620,2.0213,2.0236,2.021,2.0235
1764622680,2.0235,2.0259,2.0221,2.0223
1764622740,2.0223,2.0225,2.0093,2.011
1764622800,2.011,2.0159,2.0104,2.0158
1764622860,2.0158,2.0195,2.0149,2.0174
1764622920,2.0174,2.0187,2.0117,2.0117
1764622980,2.0117,2.0119,2.0096,2.011
1764623040,2.011,2.0124,2.0104,2.0118
1764623100,2.0118,2.0138,2.0102,2.0134
1764623160,2.0134,2.0164,2.0128,2.0163
1764623220,2.0163,2.017,2.0141,2.0169
1764623280,2.0169,2.0229,2.0168,2.0186
1764623340,2.0186,2.0223,2.0182,2.0218
1764623400,2.0218,2.0223,2.0168,2.018
1764623460,2.018,2.0194,2.0157,2.0167
1764623520,2.0167,2.0169,2.013,2.0145
1764623580,2.0145,2.0149,2.0132,2.0139
1764623640,2.0139,2.0139,2.0127,2.0131
1764623700,2.0131,2.0136,2.009,2.011
1764623760,2.011,2.0153,2.0109,2.0153
1764623820,2.0153,2.0188,2.0153,2.0176
1764623880,2.0176,2.019,2.0167,2.0189
1764623940,2.0189,2.0189,2.016,2.0168
1764624000,2.0168,2.0223,2.0168,2.022
1764624060,2.022,2.0285,2.0218,2.028
1764624120,2.028,2.0288,2.0247,2.0266
1764624180,2.0266,2.027,2.0212,2.0236
1764624240,2.0236,2.0266,2.0236,2.026
1764624300,2.026,2.0284,2.0248,2.0272
1764624360,2.0272,2.03,2.0261,2.0294
1764624420,2.0294,2.0335,2.0294,2.0316
1764624480,2.0316,2.0318,2.0262,2.0265
1764624540,2.0265,2.0276,2.0257,2.0262
1764624600,2.0262,2.0287,2.0257,2.0281
1764624660,2.0281,2.0305,2.0269,2.0295
1764624720,2.0295,2.036,2.0271,2.0346
1764624780,2.0346,2.0348,2.0333,2.0337
1764624840,2.0337,2.0376,2.0336,2.0375
1764624900,2.0375,2.0375,2.0347,2.0372
1764624960,2.0372,2.0435,2.0364,2.0417
1764625020,2.0417,2.0421,2.0339,2.0342
1764625080,2.0342,2.0368,2.0337,2.0357
1764625140,2.0357,2.038,2.0352,2.0372
1764625200,2.0372,2.0397,2.0347,2.0393
1764625260,2.0393,2.0393,2.0337,2.0354
1764625320,2.0354,2.0383,2.0354,2.0368
1764625380,2.0368,2.0369,2.0327,2.0328
1764625440,2.0328,2.034,2.0311,2.0324
1764625500,2.0324,2.0325,2.0305,2.0324
1764625560,2.0324,2.0326,2.0272,2.0272
1764625620,2.0272,2.0297,2.0266,2.027
1764625680,2.027,2.027,2.0209,2.0225
1764625740,2.0225,2.0264,2.0225,2.0263
1764625800,2.0263,2.0264,2.0229,2.0261
1764625860,2.0261,2.0273,2.0238,2.0254
1764625920,2.0254,2.0277,2.0193,2.0234
1764625980,2.0234,2.0234,2.022,2.0229
1764626040,2.0229,2.0235,2.0225,2.0227
1764626100,2.0227,2.0236,2.0219,2.022
1764626160,2.022,2.0222,2.0211,2.0219
1764626220,2.0219,2.0277,2.0219,2.0271
1764626280,2.0271,2.0271,2.0239,2.0243
1764626340,2.0243,2.0255,2.0241,2.0254
1764626400,2.0254,2.0289,2.0254,2.0289
1764626460,2.0289,2.0304,2.0265,2.0283
1764626520,2.0283,2.0283,2.0235,2.026
1764626580,2.026,2.0284,2.025,2.0284
1764626640,2.0284,2.0284,2.0249,2.0276
1764626700,2.0276,2.0292,2.0267,2.0274
1764626760,2.0274,2.0301,2.0274,2.0289
1764626820,2.0289,2.0323,2.0289,2.031
1764626880,2.031,2.0311,2.0282,2.0303
1764626940,2.0303,2.0328,2.0278,2.029
1764627000,2.029,2.0296,2.0219,2.0245
1764627060,2.0245,2.0255,2.0228,2.0255
1764627120,2.0255,2.0264,2.0249,2.0258
1764627180,2.0258,2.0266,2.0235,2.0242
1764627240,2.0242,2.0243,2.0174,2.0207
1764627300,2.0207,2.0246,2.0207,2.0225
1764627360,2.0225,2.0232,2.0187,2.0204
1764627420,2.0204,2.0247,2.0204,2.0247
1764627480,2.0247,2.0253,2.0221,2.0227
1764627540,2.0227,2.0239,2.0214,2.0235
1764627600,2.0235,2.0266,2.0235,2.0266
1764627660,2.0266,2.0277,2.0266,2.0277
1764627720,2.0277,2.0291,2.0271,2.0283
1764627780,2.0283,2.0291,2.0273,2.0283
1764627840,2.0283,2.0299,2.0283,2.0298
1764627900,2.0298,2.0298,2.027,2.0283
1764627960,2.0283,2.0283,2.0262,2.0262
1764628020,2.0262,2.0305,2.0259,2.0294
1764628080,2.0294,2.0294,2.0271,2.0285
1764628140,2.0285,2.0293,2.0281,2.0287
1764628200,2.0287,2.0298,2.0266,2.0281
1764628260,2.0281,2.0311,2.0278,2.0306
1764628320,2.0306,2.0313,2.0293,2.0295
1764628380,2.0295,2.0301,2.0271,2.028
1764628440,2.028,2.028,2.0235,2.0235
1764628500,2.0235,2.0263,2.0234,2.0262
1764628560,2.0262,2.0281,2.0262,2.0281
1764628620,2.0281,2.0304,2.0281,2.0304
1764628680,2.0304,2.0311,2.0297,2.0299
1764628740,2.0299,2.033,2.0299,2.0322
1764628800,2.0322,2.0322,2.0284,2.0297
1764628860,2.0297,2.0345,2.0295,2.0333
1764628920,2.0333,2.0338,2.0328,2.0337
1764628980,2.0337,2.0352,2.0335,2.0349
1764629040,2.0349,2.0352,2.0331,2.0344
1764629100,2.0344,2.0383,2.0343,2.0383
1764629160,2.0383,2.0396,2.0378,2.0393
1764629220,2.0393,2.0397,2.0371,2.0385
1764629280,2.0385,2.0394,2.0368,2.0371
1764629340,2.0371,2.0424,2.0371,2.0382
1764629400,2.0382,2.0393,2.0375,2.0381
1764629460,2.0381,2.0384,2.0368,2.0369
1764629520,2.0369,2.0378,2.0357,2.0368
1764629580,2.0368,2.0396,2.0358,2.0396
1764629640,2.0396,2.0416,2.0373,2.0391
1764629700,2.0391,2.0398,2.0378,2.0383
1764629760,2.0383,2.0384,2.0349,2.0351
1764629820,2.0351,2.0366,2.0348,2.0357
1764629880,2.0357,2.036,2.0338,2.0338
1764629940,2.0338,2.0346,2.0317,2.0319
1764630000,2.0319,2.0351,2.0316,2.035
1764630060,2.035,2.038,2.0348,2.038
1764630120,2.038,2.0413,2.0379,2.0413
1764630180,2.0413,2.0414,2.0382,2.0383
1764630240,2.0383,2.0393,2.0368,2.0388
1764630300,2.0388,2.0391,2.0369,2.0379
1764630360,2.0379,2.038,2.0358,2.0372
1764630420,2.0372,2.0372,2.0331,2.0333
1764630480,2.0333,2.0362,2.0333,2.0356
1764630540,2.0356,2.036,2.0342,2.036
1764630600,2.036,2.0361,2.0344,2.0355
1764630660,2.0355,2.0359,2.034,2.0341
1764630720,2.0341,2.0345,2.0326,2.0332
1764630780,2.0332,2.0332,2.0312,2.0319
1764630840,2.0319,2.032,2.0302,2.0313
1764630900,2.0313,2.0335,2.0313,2.033
1764630960,2.033,2.0356,2.033,2.0338
1764631020,2.0338,2.0375,2.0335,2.0375
1764631080,2.0375,2.0379,2.0363,2.0373
1764631140,2.0373,2.0375,2.0366,2.0366
1764631200,2.0366,2.0373,2.0362,2.0373
1764631260,2.0373,2.039,2.0373,2.0385
1764631320,2.0385,2.0397,2.0376,2.0379
1764631380,2.0379,2.0385,2.0366,2.0366
1764631440,2.0366,2.038,2.0366,2.0369
1764631500,2.0369,2.0395,2.0369,2.0383
1764631560,2.0383,2.0393,2.0378,2.0381
1764631620,2.0381,2.0393,2.0374,2.0393
1764631680,2.0393,2.0393,2.0385,2.0389
1764631740,2.0389,2.0399,2.0389,2.0394
1764631800,2.0394,2.0417,2.0388,2.0411
1764631860,2.0411,2.0415,2.0393,2.0395
1764631920,2.0395,2.0395,2.0377,2.0384
1764631980,2.0384,2.0387,2.0366,2.0375
1764632040,2.0375,2.0375,2.0339,2.0363
1764632100,2.0363,2.0376,2.0357,2.0372
1764632160,2.0372,2.0375,2.0349,2.0349
1764632220,2.0349,2.0361,2.0343,2.036
1764632280,2.036,2.036,2.0346,2.0356
1764632340,2.0356,2.0363,2.0346,2.0363
1764632400,2.0363,2.0363,2.0344,2.0344
1764632460,2.0344,2.0353,2.0329,2.0329
1764632520,2.0329,2.0336,2.0326,2.0331
1764632580,2.0331,2.0336,2.0316,2.032
1764632640,2.032,2.0323,2.031,2.0323
1764632700,2.0323,2.0323,2.0304,2.0314
1764632760,2.0314,2.0325,2.031,2.0317
1764632820,2.0317,2.0317,2.0285,2.0289
1764632880,2.0289,2.0305,2.0289,2.029
1764632940,2.029,2.0303,2.029,2.0299
1764633000,2.0299,2.0305,2.0292,2.0302
1764633060,2.0302,2.0307,2.0289,2.0307
1764633120,2.0307,2.0317,2.0307,2.031
1764633180,2.031,2.0315,2.0287,2.0292
1764633240,2.0292,2.0297,2.0288,2.0293
1764633300,2.0293,2.0308,2.0293,2.0294
1764633360,2.0294,2.0299,2.0289,2.0299
1764633420,2.0299,2.0304,2.0287,2.0302
1764633480,2.0302,2.0308,2.0295,2.0298
1764633540,2.0298,2.03,2.0283,2.0283
1769817600,1.7338,1.7356,1.7337,1.7355
1769817660,1.7355,1.737,1.7336,1.7338
1769817720,1.7338,1.7355,1.7332,1.7332
1769817780,1.7332,1.7338,1.733,1.7333
1769817840,1.7333,1.7334,1.7323,1.7334
1769817900,1.7334,1.7359,1.7333,1.7359
1769817960,1.7359,1.7359,1.7349,1.7353
1769818020,1.7353,1.7361,1.7348,1.7349
1769818080,1.7349,1.735,1.7341,1.7346
1769818140,1.7346,1.735,1.7343,1.7345
1769818200,1.7345,1.7357,1.7334,1.7351
1769818260,1.7351,1.7351,1.7335,1.7344
1769818320,1.7344,1.7348,1.7342,1.7343
1769818380,1.7343,1.7359,1.7337,1.7359
1769818440,1.7359,1.7359,1.7347,1.7354
1769818500,1.7354,1.7354,1.732,1.7329
1769818560,1.7329,1.7334,1.7323,1.7328
1769818620,1.7328,1.734,1.7326,1.7336
1769818680,1.7336,1.735,1.7329,1.7343
1769818740,1.7343,1.7356,1.7338,1.7356
1769818800,1.7356,1.7369,1.7343,1.7353
1769818860,1.7353,1.7363,1.7342,1.7363
1769818920,1.7363,1.7363,1.7342,1.7355
1769818980,1.7355,1.737,1.7355,1.736
1769819040,1.736,1.7361,1.7343,1.7346
1769819100,1.7346,1.7373,1.7346,1.7368
1769819160,1.7368,1.7371,1.7358,1.7366
1769819220,1.7366,1.7368,1.7352,1.7361
1769819280,1.7361,1.7371,1.7358,1.7363
1769819340,1.7363,1.7363,1.7354,1.7359
1769819400,1.7359,1.7367,1.7353,1.7366
1769819460,1.7366,1.7374,1.7363,1.7367
1769819520,1.7367,1.7369,1.7356,1.7358
1769819580,1.7358,1.7365,1.7353,1.7362
1769819640,1.7362,1.7363,1.735,1.7354
1769819700,1.7354,1.7367,1.7353,1.7353
1769819760,1.7353,1.7357,1.7345,1.7352
1769819820,1.7352,1.7373,1.7352,1.7373
1769819880,1.7373,1.7382,1.7372,1.7378
1769819940,1.7378,1.7395,1.7372,1.7394
1769820000,1.7394,1.7401,1.7389,1.7394
1769820060,1.7394,1.7395,1.7382,1.7385
1769820120,1.7385,1.7385,1.7368,1.7375
1769820180,1.7375,1.7375,1.7367,1.7372
1769820240,1.7372,1.7375,1.7363,1.7375
1769820300,1.7375,1.7375,1.7352,1.7354
1769820360,1.7354,1.7361,1.735,1.7355
1769820420,1.7355,1.7355,1.7332,1.7352
1769820480,1.7352,1.7354,1.7338,1.7342
1769820540,1.7342,1.7358,1.7342,1.7357
1769820600,1.7357,1.7364,1.735,1.7352
1769820660,1.7352,1.736,1.7335,1.7344
1769820720,1.7344,1.7344,1.7333,1.7337
1769820780,1.7337,1.7349,1.7336,1.7346
1769820840,1.7346,1.7346,1.7335,1.7342
1769820900,1.7342,1.7344,1.7329,1.7343
1769820960,1.7343,1.7357,1.7342,1.7353
1769821020,1.7353,1.7367,1.7353,1.7364
1769821080,1.7364,1.7366,1.7352,1.7356
1769821140,1.7356,1.736,1.7353,1.7355
1769821200,1.7355,1.7356,1.734,1.7348
1769821260,1.7348,1.7353,1.7341,1.7341
1769821320,1.7341,1.7363,1.7341,1.7362
1769821380,1.7362,1.7362,1.7353,1.7355
1769821440,1.7355,1.7378,1.7354,1.7378
1769821500,1.7378,1.7413,1.7377,1.7407
1769821560,1.7407,1.7412,1.7406,1.7409
1769821620,1.7409,1.741,1.74,1.741
1769821680,1.741,1.7422,1.7407,1.7412
1769821740,1.7412,1.7424,1.7409,1.741
1769821800,1.741,1.741,1.7398,1.7409
1769821860,1.7409,1.7424,1.7409,1.7424
1769821920,1.7424,1.7425,1.7414,1.7415
1769821980,1.7415,1.7425,1.7415,1.7425
1769822040,1.7425,1.7426,1.7422,1.7425
1769822100,1.7425,1.7443,1.7425,1.744
1769822160,1.744,1.7441,1.7416,1.7418
1769822220,1.7418,1.7421,1.741,1.7411
1769822280,1.7411,1.7411,1.7403,1.7408
1769822340,1.7408,1.7421,1.7407,1.7421
1769822400,1.7421,1.7453,1.7421,1.7453
1769822460,1.7453,1.7453,1.7434,1.7438
1769822520,1.7438,1.745,1.7432,1.7432
1769822580,1.7432,1.7441,1.7432,1.7437
1769822640,1.7437,1.7443,1.743,1.7441
1769822700,1.7441,1.7452,1.7438,1.7452
1769822760,1.7452,1.7453,1.744,1.7443
1769822820,1.7443,1.7445,1.7442,1.7445
1769822880,1.7445,1.745,1.7431,1.7434
1769822940,1.7434,1.7434,1.7413,1.7413
1769823000,1.7413,1.7423,1.7391,1.7395
1769823060,1.7395,1.7408,1.7393,1.7393
1769823120,1.7393,1.7405,1.7392,1.7393
1769823180,1.7393,1.7402,1.7373,1.7375
1769823240,1.7375,1.7387,1.7366,1.7383
1769823300,1.7383,1.7384,1.7373,1.7375
1769823360,1.7375,1.7388,1.7373,1.7378
1769823420,1.7378,1.7386,1.7369,1.7369
1769823480,1.7369,1.7381,1.7366,1.738
1769823540,1.738,1.7402,1.738,1.7402
1769823600,1.7402,1.7407,1.7392,1.7402
1769823660,1.7402,1.7407,1.7394,1.7395
1769823720,1.7395,1.7416,1.7394,1.7415
1769823780,1.7415,1.7434,1.741,1.7434
1769823840,1.7434,1.7435,1.7429,1.7432
1769823900,1.7432,1.7437,1.7432,1.7437
1769823960,1.7437,1.7437,1.7418,1.7422
1769824020,1.7422,1.7429,1.7422,1.7426
1769824080,1.7426,1.7426,1.7419,1.7425
1769824140,1.7425,1.7431,1.7416,1.7427
1769824200,1.7427,1.7446,1.7427,1.7445
1769824260,1.7445,1.7454,1.7438,1.7453
1769824320,1.7453,1.7461,1.7453,1.7461
1769824380,1.7461,1.7466,1.745,1.7456
1769824440,1.7456,1.746,1.7452,1.7458
1769824500,1.7458,1.7458,1.7448,1.745
1769824560,1.745,1.7459,1.7449,1.7459
1769824620,1.7459,1.7462,1.7446,1.7452
1769824680,1.7452,1.7459,1.7451,1.7451
1769824740,1.7451,1.7455,1.7442,1.7455
1769824800,1.7455,1.7458,1.7441,1.7441
1769824860,1.7441,1.7441,1.7433,1.7439
1769824920,1.7439,1.744,1.7421,1.7421
1769824980,1.7421,1.7423,1.7418,1.7421
1769825040,1.7421,1.7421,1.7412,1.7412
1769825100,1.7412,1.7416,1.7398,1.7412
1769825160,1.7412,1.7417,1.7396,1.7397
1769825220,1.7397,1.7398,1.7363,1.7374
1769825280,1.7374,1.7389,1.7363,1.7388
1769825340,1.7388,1.7394,1.7375,1.7376
1769825400,1.7376,1.7387,1.7376,1.7381
1769825460,1.7381,1.7386,1.7376,1.7377
1769825520,1.7377,1.7377,1.7371,1.7377
1769825580,1.7377,1.7401,1.7377,1.7401
1769825640,1.7401,1.7406,1.7399,1.7399
1769825700,1.7399,1.7403,1.7392,1.7397
1769825760,1.7397,1.7398,1.7384,1.7385
1769825820,1.7385,1.7385,1.7329,1.7335
1769825880,1.7335,1.7377,1.7334,1.7377
1769825940,1.7377,1.7379,1.7362,1.7362
1769826000,1.7362,1.7383,1.7362,1.7382
1769826060,1.7382,1.7392,1.7377,1.7392
1769826120,1.7392,1.7392,1.7376,1.7381
1769826180,1.7381,1.7388,1.7376,1.7377
1769826240,1.7377,1.7378,1.736,1.736
1769826300,1.736,1.736,1.7343,1.7355
1769826360,1.7355,1.738,1.7355,1.738
1769826420,1.738,1.738,1.7356,1.7365
1769826480,1.7365,1.7383,1.7362,1.7382
1769826540,1.7382,1.7382,1.7377,1.7377
1769826600,1.7377,1.7381,1.7372,1.7372
1769826660,1.7372,1.7372,1.7359,1.7365
1769826720,1.7365,1.7367,1.7359,1.7366
1769826780,1.7366,1.7393,1.7366,1.7393
1769826840,1.7393,1.7409,1.7387,1.7399
1769826900,1.7399,1.7445,1.7395,1.7438
1769826960,1.7438,1.7449,1.7434,1.7445
1769827020,1.7445,1.745,1.7441,1.7448
1769827080,1.7448,1.7457,1.7447,1.7456
1769827140,1.7456,1.7472,1.7455,1.7471
1769827200,1.7471,1.7532,1.7471,1.7532
1769827260,1.7532,1.7537,1.7514,1.7517
1769827320,1.7517,1.7521,1.751,1.7513
1769827380,1.7513,1.7522,1.7513,1.7515
1769827440,1.7515,1.7515,1.7487,1.7497
1769827500,1.7497,1.7505,1.7495,1.7505
1769827560,1.7505,1.7509,1.7497,1.7505
1769827620,1.7505,1.7513,1.7501,1.7503
1769827680,1.7503,1.7503,1.7486,1.7495
1769827740,1.7495,1.75,1.7483,1.75
1769827800,1.75,1.7509,1.7499,1.75
1769827860,1.75,1.75,1.7483,1.7491
1769827920,1.7491,1.7502,1.749,1.7502
1769827980,1.7502,1.7504,1.7496,1.7496
1769828040,1.7496,1.7502,1.7495,1.7502
1769828100,1.7502,1.7504,1.7493,1.7496
1769828160,1.7496,1.7503,1.7489,1.749
1769828220,1.749,1.749,1.7483,1.7486
1769828280,1.7486,1.7487,1.7481,1.7487
1769828340,1.7487,1.7487,1.7481,1.7482
1769828400,1.7482,1.7493,1.7482,1.7491
1769828460,1.7491,1.7513,1.7491,1.7499
1769828520,1.7499,1.7504,1.7489,1.7495
1769828580,1.7495,1.7496,1.749,1.7495
1769828640,1.7495,1.7496,1.7487,1.749
1769828700,1.749,1.751,1.749,1.7507
1769828760,1.7507,1.7511,1.7498,1.7504
1769828820,1.7504,1.7506,1.7498,1.7506
1769828880,1.7506,1.7509,1.7493,1.75
1769828940,1.75,1.75,1.7491,1.7493
1769829000,1.7493,1.7493,1.7486,1.7487
1769829060,1.7487,1.7487,1.7461,1.7463
1769829120,1.7463,1.7483,1.7463,1.7479
1769829180,1.7479,1.7506,1.7478,1.7506
1769829240,1.7506,1.7507,1.749,1.7491
1769829300,1.7491,1.7495,1.7483,1.7485
1769829360,1.7485,1.7496,1.7482,1.7496
1769829420,1.7496,1.75,1.7486,1.7486
1769829480,1.7486,1.7486,1.7476,1.7476
1769829540,1.7476,1.749,1.7476,1.7487
1769829600,1.7487,1.7487,1.7472,1.7481
1769829660,1.7481,1.7481,1.747,1.747
1769829720,1.747,1.7483,1.7466,1.748
1769829780,1.748,1.7481,1.7476,1.7476
1769829840,1.7476,1.7493,1.7476,1.7486
1769829900,1.7486,1.7486,1.7479,1.7479
1769829960,1.7479,1.7486,1.7476,1.7482
1769830020,1.7482,1.7482,1.7457,1.746
1769830080,1.746,1.7461,1.7457,1.7461
1769830140,1.7461,1.7474,1.7461,1.7469
1769830200,1.7469,1.748,1.7465,1.7472
1769830260,1.7472,1.7478,1.747,1.7471
1769830320,1.7471,1.7474,1.7463,1.7468
1769830380,1.7468,1.7472,1.7464,1.7466
1769830440,1.7466,1.7469,1.7463,1.7466
1769830500,1.7466,1.7476,1.7465,1.7476
1769830560,1.7476,1.748,1.7472,1.7479
1769830620,1.7479,1.7494,1.7479,1.7481
1769830680,1.7481,1.7481,1.746,1.7464
1769830740,1.7464,1.7477,1.7464,1.7474
1769830800,1.7474,1.7483,1.7474,1.7482
1769830860,1.7482,1.7482,1.7471,1.7471
1769830920,1.7471,1.7471,1.746,1.7463
1769830980,1.7463,1.7463,1.7454,1.7455
1769831040,1.7455,1.7463,1.7451,1.7454
1769831100,1.7454,1.7459,1.745,1.7454
1769831160,1.7454,1.7454,1.7441,1.7445
1769831220,1.7445,1.7451,1.7438,1.7445
1769831280,1.7445,1.7445,1.7434,1.7437
1769831340,1.7437,1.7442,1.7435,1.7437
1769831400,1.7437,1.7437,1.7427,1.7437
1769831460,1.7437,1.7438,1.7427,1.7429
1769831520,1.7429,1.7431,1.7418,1.7418
1769831580,1.7418,1.7422,1.7412,1.7418
1769831640,1.7418,1.7424,1.7413,1.7421
1769831700,1.7421,1.7433,1.742,1.7432
1769831760,1.7432,1.7435,1.7428,1.7434
1769831820,1.7434,1.7438,1.7429,1.7431
1769831880,1.7431,1.7432,1.7427,1.7428
1769831940,1.7428,1.7437,1.7428,1.7436
1769832000,1.7436,1.7442,1.7433,1.7437
1769832060,1.7437,1.7449,1.7437,1.7446
1769832120,1.7446,1.745,1.7442,1.7444
1769832180,1.7444,1.7464,1.7444,1.7461
1769832240,1.7461,1.7477,1.7461,1.7477
1769832300,1.7477,1.7477,1.7462,1.7464
1769832360,1.7464,1.747,1.7463,1.7468
1769832420,1.7468,1.7471,1.7452,1.7453
1769832480,1.7453,1.747,1.7453,1.747
1769832540,1.747,1.7476,1.747,1.747
1769832600,1.747,1.7471,1.7467,1.7468
1769832660,1.7468,1.7468,1.7459,1.7459
1769832720,1.7459,1.7459,1.7445,1.7445
1769832780,1.7445,1.7448,1.7437,1.7447
1769832840,1.7447,1.746,1.7445,1.7453
1769832900,1.7453,1.7454,1.7442,1.7448
1769832960,1.7448,1.7448,1.7434,1.744
1769833020,1.744,1.7446,1.7438,1.7444
1769833080,1.7444,1.7444,1.7439,1.7444
1769833140,1.7444,1.7447,1.7422,1.7423
1769833200,1.7423,1.7423,1.7405,1.7417
1769833260,1.7417,1.7446,1.7417,1.7436
1769833320,1.7436,1.7449,1.7432,1.7447
1769833380,1.7447,1.7454,1.7445,1.7454
1769833440,1.7454,1.7465,1.7454,1.7465
1769833500,1.7465,1.7471,1.7455,1.7457
1769833560,1.7457,1.7461,1.7445,1.7445
1769833620,1.7445,1.7447,1.7439,1.7446
1769833680,1.7446,1.7456,1.7445,1.7456
1769833740,1.7456,1.7457,1.7453,1.7453
1769833800,1.7453,1.7453,1.7437,1.7438
1769833860,1.7438,1.7442,1.7433,1.7436
1769833920,1.7436,1.7447,1.7436,1.7439
1769833980,1.7439,1.7439,1.7419,1.7429
1769834040,1.7429,1.7448,1.7429,1.7444
1769834100,1.7444,1.7445,1.7432,1.7439
1769834160,1.7439,1.7439,1.7422,1.7422
1769834220,1.7422,1.7432,1.7422,1.7425
1769834280,1.7425,1.7425,1.7415,1.7415
1769834340,1.7415,1.7419,1.741,1.7412
1769834400,1.7412,1.7412,1.7407,1.7407
1769834460,1.7407,1.7408,1.7397,1.7404
1769834520,1.7404,1.7408,1.7401,1.7407
1769834580,1.7407,1.7418,1.7407,1.7408
1769834640,1.7408,1.7408,1.7381,1.7386
1769834700,1.7386,1.7392,1.738,1.7387
1769834760,1.7387,1.74,1.7387,1.7395
1769834820,1.7395,1.7404,1.7393,1.7398
1769834880,1.7398,1.7399,1.7389,1.7395
1769834940,1.7395,1.7401,1.7389,1.7392
1769835000,1.7392,1.7392,1.7381,1.7381
1769835060,1.7381,1.739,1.738,1.738
1769835120,1.738,1.738,1.7364,1.7365
1769835180,1.7365,1.7367,1.7349,1.7364
1769835240,1.7364,1.7364,1.7351,1.7357
1769835300,1.7357,1.7382,1.7357,1.7364
1769835360,1.7364,1.7376,1.7356,1.736
1769835420,1.736,1.7363,1.7357,1.7358
1769835480,1.7358,1.7376,1.7357,1.7367
1769835540,1.7367,1.7373,1.7367,1.7371
1769835600,1.7371,1.7376,1.7366,1.7373
1769835660,1.7373,1.7373,1.7341,1.7341
1769835720,1.7341,1.7349,1.7318,1.7323
1769835780,1.7323,1.7343,1.7315,1.7337
1769835840,1.7337,1.7337,1.7322,1.7324
1769835900,1.7324,1.7325,1.7307,1.7313
1769835960,1.7313,1.7313,1.7306,1.7312
1769836020,1.7312,1.7314,1.7305,1.7311
1769836080,1.7311,1.7313,1.7295,1.7313
1769836140,1.7313,1.7313,1.7302,1.7303
1769836200,1.7303,1.7315,1.7303,1.7315
1769836260,1.7315,1.7325,1.7314,1.7322
1769836320,1.7322,1.7324,1.7318,1.7319
1769836380,1.7319,1.7326,1.7318,1.7323
1769836440,1.7323,1.7326,1.7319,1.7325
1769836500,1.7325,1.7325,1.7317,1.7322
1769836560,1.7322,1.7323,1.7317,1.7317
1769836620,1.7317,1.7321,1.7307,1.7308
1769836680,1.7308,1.732,1.7308,1.7319
1769836740,1.7319,1.732,1.7316,1.7317
1769836800,1.7317,1.7317,1.7301,1.7301
1769836860,1.7301,1.7306,1.7294,1.7306
1769836920,1.7306,1.7336,1.7306,1.7324
1769836980,1.7324,1.7328,1.7301,1.7303
1769837040,1.7303,1.7347,1.7303,1.7334
1769837100,1.7334,1.7342,1.733,1.7342
1769837160,1.7342,1.7344,1.7326,1.7344
1769837220,1.7344,1.7362,1.7343,1.7357
1769837280,1.7357,1.7363,1.7352,1.7352
1769837340,1.7352,1.7358,1.7345,1.7358
1769837400,1.7358,1.7367,1.7358,1.7366
1769837460,1.7366,1.7375,1.7365,1.7368
1769837520,1.7368,1.7368,1.735,1.735
1769837580,1.735,1.7352,1.7339,1.7345
1769837640,1.7345,1.7359,1.7344,1.7354
1769837700,1.7354,1.7355,1.7342,1.7344
1769837760,1.7344,1.7354,1.7344,1.7352
1769837820,1.7352,1.7352,1.7343,1.735
1769837880,1.735,1.7374,1.7349,1.7374
1769837940,1.7374,1.7384,1.7366,1.7366
1769838000,1.7366,1.7366,1.7352,1.7352
1769838060,1.7352,1.7362,1.7347,1.7356
1769838120,1.7356,1.7362,1.735,1.736
1769838180,1.736,1.736,1.7346,1.7347
1769838240,1.7347,1.7355,1.7345,1.7351
1769838300,1.7351,1.7354,1.7333,1.7333
1769838360,1.7333,1.7347,1.7333,1.7346
1769838420,1.7346,1.7369,1.7346,1.7369
1769838480,1.7369,1.7371,1.736,1.7366
1769838540,1.7366,1.7371,1.7364,1.7365
1769838600,1.7365,1.738,1.7365,1.7371
1769838660,1.7371,1.7372,1.7361,1.737
1769838720,1.737,1.7379,1.7369,1.7369
1769838780,1.7369,1.7377,1.7356,1.7356
1769838840,1.7356,1.736,1.7355,1.7357
1769838900,1.7357,1.7367,1.7357,1.7366
1769838960,1.7366,1.7366,1.7354,1.7354
1769839020,1.7354,1.7355,1.7345,1.7354
1769839080,1.7354,1.7371,1.7353,1.737
1769839140,1.737,1.7371,1.7365,1.737
1769839200,1.737,1.7375,1.7362,1.7363
1769839260,1.7363,1.7376,1.7359,1.7376
1769839320,1.7376,1.7386,1.7373,1.7383
1769839380,1.7383,1.7387,1.737,1.737
1769839440,1.737,1.737,1.7352,1.7352
1769839500,1.7352,1.7352,1.7331,1.734
1769839560,1.734,1.7359,1.734,1.7358
1769839620,1.7358,1.736,1.7356,1.7356
1769839680,1.7356,1.7369,1.7355,1.7369
1769839740,1.7369,1.738,1.7368,1.738
1769839800,1.738,1.7381,1.7361,1.7361
1769839860,1.7361,1.7373,1.7359,1.737
1769839920,1.737,1.737,1.7362,1.7364
1769839980,1.7364,1.7366,1.736,1.7364
1769840040,1.7364,1.7372,1.7362,1.7362
1769840100,1.7362,1.7363,1.7353,1.736
1769840160,1.736,1.7369,1.7357,1.7357
1769840220,1.7357,1.7362,1.7352,1.736
1769840280,1.736,1.7365,1.7352,1.7358
1769840340,1.7358,1.7358,1.735,1.7357
1769840400,1.7357,1.7362,1.7347,1.7349
1769840460,1.7349,1.7349,1.7338,1.7347
1769840520,1.7347,1.7352,1.7332,1.7332
1769840580,1.7332,1.7341,1.7331,1.734
1769840640,1.734,1.734,1.7335,1.7336
1769840700,1.7336,1.7336,1.7278,1.728
1769840760,1.728,1.7281,1.7256,1.7267
1769840820,1.7267,1.7267,1.7242,1.7258
1769840880,1.7258,1.7274,1.7247,1.7252
1769840940,1.7252,1.7252,1.7223,1.7236
1769841000,1.7236,1.7266,1.7235,1.7256
1769841060,1.7256,1.7257,1.7231,1.7232
1769841120,1.7232,1.7243,1.7224,1.7235
1769841180,1.7235,1.7245,1.7228,1.7239
1769841240,1.7239,1.7247,1.7234,1.7235
1769841300,1.7235,1.7236,1.7229,1.7231
1769841360,1.7231,1.725,1.7225,1.7244
1769841420,1.7244,1.725,1.7239,1.724
1769841480,1.724,1.724,1.7226,1.7228
1769841540,1.7228,1.7239,1.7226,1.7226
1769841600,1.7226,1.7236,1.7208,1.7218
1769841660,1.7218,1.7233,1.7218,1.7233
1769841720,1.7233,1.7234,1.7226,1.7228
1769841780,1.7228,1.7235,1.7226,1.7231
1769841840,1.7231,1.7245,1.7231,1.7241
1769841900,1.7241,1.7255,1.7241,1.7249
1769841960,1.7249,1.7251,1.7243,1.7248
1769842020,1.7248,1.727,1.7243,1.7267
1769842080,1.7267,1.7271,1.7255,1.7255
1769842140,1.7255,1.7255,1.7241,1.7243
1769842200,1.7243,1.7257,1.7242,1.7257
1769842260,1.7257,1.7284,1.7254,1.7277
1769842320,1.7277,1.7283,1.7271,1.7283
1769842380,1.7283,1.7292,1.7281,1.7281
1769842440,1.7281,1.7287,1.7281,1.7285
1769842500,1.7285,1.7288,1.7281,1.7285
1769842560,1.7285,1.729,1.7278,1.728
1769842620,1.728,1.7281,1.7271,1.7272
1769842680,1.7272,1.7283,1.7272,1.7279
1769842740,1.7279,1.7282,1.7277,1.7282
1769842800,1.7282,1.7289,1.7279,1.7286
1769842860,1.7286,1.7288,1.7274,1.7285
1769842920,1.7285,1.7292,1.7277,1.729
1769842980,1.729,1.7298,1.7287,1.7292
1769843040,1.7292,1.7306,1.7288,1.7303
1769843100,1.7303,1.7323,1.7303,1.7317
1769843160,1.7317,1.7318,1.7277,1.7285
1769843220,1.7285,1.7288,1.7274,1.7279
1769843280,1.7279,1.7288,1.7276,1.7276
1769843340,1.7276,1.7276,1.7245,1.7257
1769843400,1.7257,1.7285,1.7257,1.7277
1769843460,1.7277,1.7282,1.7274,1.7279
1769843520,1.7279,1.7279,1.7262,1.7271
1769843580,1.7271,1.7285,1.7269,1.7282
1769843640,1.7282,1.7282,1.7272,1.7279
1769843700,1.7279,1.7282,1.7271,1.7275
1769843760,1.7275,1.7276,1.7268,1.7273
1769843820,1.7273,1.7275,1.7268,1.7273
1769843880,1.7273,1.7276,1.7266,1.7266
1769843940,1.7266,1.7266,1.7257,1.7257
1769844000,1.7257,1.7275,1.7246,1.7251
1769844060,1.7251,1.7253,1.7236,1.7236
1769844120,1.7236,1.7248,1.7235,1.7246
1769844180,1.7246,1.7269,1.7246,1.7266
1769844240,1.7266,1.7278,1.7259,1.7278
1769844300,1.7278,1.7293,1.7274,1.7287
1769844360,1.7287,1.7292,1.7277,1.7289
1769844420,1.7289,1.7295,1.7273,1.7273
1769844480,1.7273,1.7278,1.7266,1.7266
1769844540,1.7266,1.7271,1.7259,1.7265
1769844600,1.7265,1.7268,1.7233,1.7234
1769844660,1.7234,1.7249,1.7231,1.7246
1769844720,1.7246,1.725,1.7206,1.7208
1769844780,1.7208,1.7222,1.7179,1.7218
1769844840,1.7218,1.7219,1.72,1.72
1769844900,1.72,1.7215,1.72,1.7203
1769844960,1.7203,1.7205,1.7194,1.7204
1769845020,1.7204,1.7204,1.7166,1.7168
1769845080,1.7168,1.7178,1.7136,1.7142
1769845140,1.7142,1.7145,1.7108,1.7139
1769845200,1.7139,1.7147,1.7134,1.7138
1769845260,1.7138,1.7153,1.7137,1.7143
1769845320,1.7143,1.7166,1.7143,1.7162
1769845380,1.7162,1.7167,1.7156,1.7164
1769845440,1.7164,1.7172,1.7155,1.7156
1769845500,1.7156,1.7178,1.7156,1.7178
1769845560,1.7178,1.7181,1.7167,1.7177
1769845620,1.7177,1.7198,1.7177,1.7198
1769845680,1.7198,1.7204,1.7189,1.7196
1769845740,1.7196,1.72,1.7167,1.7172
1769845800,1.7172,1.7192,1.7168,1.7173
1769845860,1.7173,1.718,1.7167,1.7179
1769845920,1.7179,1.719,1.7179,1.7185
1769845980,1.7185,1.7189,1.7175,1.7183
1769846040,1.7183,1.7188,1.7177,1.7184
1769846100,1.7184,1.719,1.7182,1.7186
1769846160,1.7186,1.7186,1.7176,1.7176
1769846220,1.7176,1.7189,1.7171,1.7187
1769846280,1.7187,1.7187,1.7181,1.7182
1769846340,1.7182,1.7186,1.7172,1.7181
1769846400,1.7181,1.7196,1.718,1.7195
1769846460,1.7195,1.7205,1.7194,1.7199
1769846520,1.7199,1.7211,1.7188,1.7194
1769846580,1.7194,1.7205,1.7192,1.7192
1769846640,1.7192,1.7192,1.7166,1.7166
1769846700,1.7166,1.7187,1.7166,1.7187
1769846760,1.7187,1.7199,1.7185,1.7197
1769846820,1.7197,1.7201,1.7177,1.7177
1769846880,1.7177,1.7184,1.7169,1.7175
1769846940,1.7175,1.718,1.7168,1.7169
1769847000,1.7169,1.7169,1.7134,1.7157
1769847060,1.7157,1.7158,1.7139,1.7142
1769847120,1.7142,1.7148,1.711,1.7117
1769847180,1.7117,1.7145,1.7117,1.7126
1769847240,1.7126,1.7155,1.7122,1.7153
1769847300,1.7153,1.7154,1.7113,1.7116
1769847360,1.7116,1.7126,1.7058,1.7077
1769847420,1.7077,1.7086,1.7004,1.7077
1769847480,1.7077,1.7099,1.7073,1.7094
1769847540,1.7094,1.711,1.708,1.7088
1769847600,1.7088,1.7095,1.708,1.709
1769847660,1.709,1.7108,1.709,1.7098
1769847720,1.7098,1.7098,1.7079,1.7085
1769847780,1.7085,1.7094,1.7074,1.7092
1769847840,1.7092,1.7094,1.7048,1.7057
1769847900,1.7057,1.707,1.7052,1.706
1769847960,1.706,1.7065,1.705,1.7055
1769848020,1.7055,1.7055,1.7039,1.7041
1769848080,1.7041,1.7041,1.7021,1.7026
1769848140,1.7026,1.7043,1.7024,1.7031
1769848200,1.7031,1.7032,1.6985,1.6997
1769848260,1.6997,1.7017,1.6989,1.7002
1769848320,1.7002,1.703,1.6993,1.7012
1769848380,1.7012,1.7013,1.694,1.6948
1769848440,1.6948,1.6963,1.6938,1.6955
1769848500,1.6955,1.6955,1.6885,1.6905
1769848560,1.6905,1.6919,1.6864,1.6895
1769848620,1.6895,1.6961,1.6869,1.6947
1769848680,1.6947,1.6958,1.6939,1.6944
1769848740,1.6944,1.6945,1.691,1.691
1769848800,1.691,1.6929,1.6792,1.6816
1769848860,1.6816,1.6895,1.6812,1.6881
1769848920,1.6881,1.6885,1.6832,1.6832
1769848980,1.6832,1.6877,1.6787,1.6866
1769849040,1.6866,1.6888,1.6856,1.688
1769849100,1.688,1.689,1.6831,1.6861
1769849160,1.6861,1.6877,1.6853,1.6864
1769849220,1.6864,1.6875,1.6829,1.684
1769849280,1.684,1.6856,1.6819,1.6853
1769849340,1.6853,1.688,1.6843,1.6843
1769849400,1.6843,1.6871,1.684,1.6852
1769849460,1.6852,1.6912,1.6852,1.6893
1769849520,1.6893,1.6896,1.6874,1.6882
1769849580,1.6882,1.692,1.6882,1.691
1769849640,1.691,1.6943,1.6899,1.6909
1769849700,1.6909,1.6936,1.6909,1.6936
1769849760,1.6936,1.6957,1.6925,1.6957
1769849820,1.6957,1.6967,1.6938,1.6943
1769849880,1.6943,1.6952,1.6929,1.6932
1769849940,1.6932,1.6942,1.6929,1.6934
1769850000,1.6934,1.6954,1.6934,1.6942
1769850060,1.6942,1.6942,1.692,1.6932
1769850120,1.6932,1.6952,1.6931,1.695
1769850180,1.695,1.6976,1.695,1.6959
1769850240,1.6959,1.6975,1.6937,1.6937
1769850300,1.6937,1.6977,1.6936,1.6969
1769850360,1.6969,1.6974,1.6928,1.6928
1769850420,1.6928,1.6959,1.6928,1.6958
1769850480,1.6958,1.6962,1.6947,1.6948
1769850540,1.6948,1.6964,1.6948,1.6961
1769850600,1.6961,1.6984,1.6961,1.6984
1769850660,1.6984,1.6988,1.6976,1.6976
1769850720,1.6976,1.6984,1.6971,1.6975
1769850780,1.6975,1.6988,1.6974,1.6982
1769850840,1.6982,1.699,1.6973,1.6975
1769850900,1.6975,1.6988,1.6971,1.6985
1769850960,1.6985,1.6989,1.696,1.6987
1769851020,1.6987,1.6997,1.6987,1.6991
1769851080,1.6991,1.6996,1.6984,1.6985
1769851140,1.6985,1.6986,1.696,1.6974
1769851200,1.6974,1.6987,1.6961,1.6964
1769851260,1.6964,1.6968,1.6943,1.6957
1769851320,1.6957,1.696,1.6942,1.6943
1769851380,1.6943,1.695,1.6937,1.6941
1769851440,1.6941,1.6941,1.6911,1.6914
1769851500,1.6914,1.692,1.6896,1.6898
1769851560,1.6898,1.6916,1.6896,1.6914
1769851620,1.6914,1.694,1.6914,1.6926
1769851680,1.6926,1.6937,1.6926,1.6937
1769851740,1.6937,1.6958,1.6937,1.6952
1769851800,1.6952,1.697,1.6951,1.6968
1769851860,1.6968,1.7008,1.6968,1.6988
1769851920,1.6988,1.7047,1.6988,1.7041
1769851980,1.7041,1.7048,1.7029,1.7043
1769852040,1.7043,1.7061,1.7027,1.7036
1769852100,1.7036,1.7055,1.7036,1.7051
1769852160,1.7051,1.7051,1.7023,1.7026
1769852220,1.7026,1.7027,1.6993,1.7004
1769852280,1.7004,1.7019,1.6996,1.7
1769852340,1.7,1.7026,1.7,1.7004
1769852400,1.7004,1.7015,1.7004,1.701
1769852460,1.701,1.7026,1.701,1.7026
1769852520,1.7026,1.7031,1.7011,1.7026
1769852580,1.7026,1.7029,1.7004,1.7005
1769852640,1.7005,1.7009,1.7,1.7
1769852700,1.7,1.7007,1.6994,1.7001
1769852760,1.7001,1.7004,1.6996,1.6998
1769852820,1.6998,1.7002,1.6984,1.6988
1769852880,1.6988,1.6997,1.6987,1.699
1769852940,1.699,1.699,1.6974,1.6987
1769853000,1.6987,1.7018,1.6987,1.6999
1769853060,1.6999,1.6999,1.6991,1.6996
1769853120,1.6996,1.6996,1.6984,1.6993
1769853180,1.6993,1.7007,1.6992,1.7
1769853240,1.7,1.7009,1.7,1.7009
1769853300,1.7009,1.7017,1.7006,1.7008
1769853360,1.7008,1.7013,1.7008,1.7013
1769853420,1.7013,1.7013,1.7005,1.7005
1769853480,1.7005,1.7006,1.6997,1.6997
1769853540,1.6997,1.6998,1.6986,1.6994
1769853600,1.6994,1.7002,1.699,1.7
1769853660,1.7,1.7009,1.699,1.699
1769853720,1.699,1.6993,1.6977,1.6988
1769853780,1.6988,1.7001,1.6945,1.6981
1769853840,1.6981,1.6982,1.6957,1.6965
1769853900,1.6965,1.6982,1.6965,1.6978
1769853960,1.6978,1.6982,1.697,1.6978
1769854020,1.6978,1.6981,1.6952,1.6953
1769854080,1.6953,1.6957,1.6936,1.6954
1769854140,1.6954,1.6959,1.6944,1.6947
1769854200,1.6947,1.6954,1.694,1.6951
1769854260,1.6951,1.6962,1.6951,1.6956
1769854320,1.6956,1.696,1.6941,1.695
1769854380,1.695,1.6959,1.695,1.6955
1769854440,1.6955,1.6959,1.6953,1.6959
1769854500,1.6959,1.6963,1.6952,1.6962
1769854560,1.6962,1.6962,1.6947,1.6953
1769854620,1.6953,1.6968,1.6941,1.6968
1769854680,1.6968,1.6972,1.6956,1.6956
1769854740,1.6956,1.6972,1.6951,1.6967
1769854800,1.6967,1.6988,1.6967,1.698
1769854860,1.698,1.6999,1.698,1.6993
1769854920,1.6993,1.6996,1.6988,1.6993
1769854980,1.6993,1.7013,1.6993,1.7005
1769855040,1.7005,1.7005,1.6994,1.6999
1769855100,1.6999,1.7023,1.6999,1.7022
1769855160,1.7022,1.7023,1.7014,1.7015
1769855220,1.7015,1.7017,1.7009,1.7015
1769855280,1.7015,1.7015,1.7011,1.7014
1769855340,1.7014,1.7029,1.7014,1.7028
1769855400,1.7028,1.7049,1.7019,1.7046
1769855460,1.7046,1.707,1.7038,1.7069
1769855520,1.7069,1.7088,1.7069,1.7085
1769855580,1.7085,1.7086,1.7071,1.7071
1769855640,1.7071,1.7071,1.7052,1.7053
1769855700,1.7053,1.7069,1.7053,1.7061
1769855760,1.7061,1.7074,1.706,1.7072
1769855820,1.7072,1.7072,1.7058,1.7071
1769855880,1.7071,1.7072,1.7057,1.706
1769855940,1.706,1.7068,1.7059,1.7066
1769856000,1.7066,1.7067,1.7057,1.7065
1769856060,1.7065,1.7072,1.7064,1.7072
1769856120,1.7072,1.7108,1.7072,1.7086
1769856180,1.7086,1.7094,1.7075,1.7094
1769856240,1.7094,1.71,1.7089,1.7092
1769856300,1.7092,1.7095,1.7076,1.7079
1769856360,1.7079,1.7096,1.7079,1.7095
1769856420,1.7095,1.7103,1.7085,1.7088
1769856480,1.7088,1.7091,1.7073,1.7075
1769856540,1.7075,1.7082,1.7075,1.7075
1769856600,1.7075,1.7087,1.7074,1.7087
1769856660,1.7087,1.7087,1.7067,1.7068
1769856720,1.7068,1.7079,1.7068,1.7075
1769856780,1.7075,1.7084,1.7074,1.7083
1769856840,1.7083,1.7084,1.7078,1.7081
1769856900,1.7081,1.7087,1.7077,1.7077
1769856960,1.7077,1.7079,1.7064,1.7069
1769857020,1.7069,1.7077,1.7068,1.7076
1769857080,1.7076,1.7076,1.7056,1.7057
1769857140,1.7057,1.7058,1.7052,1.7057
1769857200,1.7057,1.7058,1.7031,1.7032
1769857260,1.7032,1.7038,1.7023,1.7029
1769857320,1.7029,1.7032,1.7005,1.7014
1769857380,1.7014,1.7025,1.7014,1.7021
1769857440,1.7021,1.7022,1.7015,1.7021
1769857500,1.7021,1.7026,1.702,1.7026
1769857560,1.7026,1.7032,1.7023,1.7032
1769857620,1.7032,1.7037,1.7028,1.7035
1769857680,1.7035,1.7035,1.7027,1.7033
1769857740,1.7033,1.7033,1.7016,1.702
1769857800,1.702,1.702,1.7004,1.7016
1769857860,1.7016,1.7017,1.7006,1.7016
1769857920,1.7016,1.7017,1.7004,1.7005
1769857980,1.7005,1.7006,1.6986,1.6994
1769858040,1.6994,1.7002,1.6992,1.7002
1769858100,1.7002,1.7004,1.6993,1.7
1769858160,1.7,1.7012,1.7,1.7012
1769858220,1.7012,1.7012,1.6997,1.6999
1769858280,1.6999,1.7011,1.6998,1.7006
1769858340,1.7006,1.7012,1.7003,1.7011
1769858400,1.7011,1.7028,1.701,1.7026
1769858460,1.7026,1.7032,1.702,1.7026
1769858520,1.7026,1.7032,1.7019,1.7025
1769858580,1.7025,1.7031,1.7025,1.7029
1769858640,1.7029,1.7032,1.7022,1.7032
1769858700,1.7032,1.7032,1.7017,1.7024
1769858760,1.7024,1.7029,1.7024,1.7025
1769858820,1.7025,1.7025,1.7014,1.7022
1769858880,1.7022,1.7029,1.7014,1.7014
1769858940,1.7014,1.7018,1.7014,1.7018
1769859000,1.7018,1.7023,1.7018,1.7023
1769859060,1.7023,1.7039,1.7023,1.7039
1769859120,1.7039,1.7045,1.7023,1.7028
1769859180,1.7028,1.7032,1.7024,1.7024
1769859240,1.7024,1.7024,1.7016,1.702
1769859300,1.702,1.7034,1.7015,1.7034
1769859360,1.7034,1.7036,1.7031,1.7031
1769859420,1.7031,1.7031,1.7023,1.7029
1769859480,1.7029,1.7044,1.7025,1.7037
1769859540,1.7037,1.7039,1.7026,1.703
1769859600,1.703,1.7034,1.7028,1.7031
1769859660,1.7031,1.7035,1.7023,1.7023
1769859720,1.7023,1.7025,1.7014,1.7015
1769859780,1.7015,1.7023,1.7014,1.702
1769859840,1.702,1.702,1.6994,1.6999
1769859900,1.6999,1.7012,1.6999,1.701
1769859960,1.701,1.7011,1.6982,1.6987
1769860020,1.6987,1.7002,1.6986,1.7002
1769860080,1.7002,1.701,1.6993,1.6993
1769860140,1.6993,1.7007,1.6993,1.7005
1769860200,1.7005,1.7005,1.6998,1.7004
1769860260,1.7004,1.7006,1.6986,1.7003
1769860320,1.7003,1.7003,1.6976,1.6983
1769860380,1.6983,1.7005,1.6982,1.6992
1769860440,1.6992,1.7008,1.6988,1.7004
1769860500,1.7004,1.7004,1.7,1.7002
1769860560,1.7002,1.7013,1.7,1.7005
1769860620,1.7005,1.7009,1.7,1.7008
1769860680,1.7008,1.7008,1.699,1.6991
1769860740,1.6991,1.7013,1.6991,1.7011
1769860800,1.7011,1.7012,1.6996,1.7003
1769860860,1.7003,1.7007,1.6975,1.6975
1769860920,1.6975,1.6985,1.6972,1.6979
1769860980,1.6979,1.6982,1.6968,1.6968
1769861040,1.6968,1.698,1.6962,1.6973
1769861100,1.6973,1.6976,1.6963,1.6974
1769861160,1.6974,1.6978,1.6974,1.6978
1769861220,1.6978,1.6982,1.6977,1.698
1769861280,1.698,1.7004,1.698,1.6996
1769861340,1.6996,1.701,1.6996,1.7003
1769861400,1.7003,1.7006,1.6956,1.6968
1769861460,1.6968,1.6974,1.6945,1.695
1769861520,1.695,1.6962,1.69,1.6944
1769861580,1.6944,1.6945,1.6913,1.6918
1769861640,1.6918,1.6928,1.6917,1.6924
1769861700,1.6924,1.6936,1.6918,1.6918
1769861760,1.6918,1.6948,1.6918,1.6948
1769861820,1.6948,1.6951,1.6933,1.6942
1769861880,1.6942,1.6944,1.693,1.6943
1769861940,1.6943,1.6966,1.6939,1.6966
1769862000,1.6966,1.6981,1.6962,1.6966
1769862060,1.6966,1.6969,1.6939,1.6943
1769862120,1.6943,1.6957,1.6938,1.6957
1769862180,1.6957,1.6971,1.6945,1.6955
1769862240,1.6955,1.6972,1.6954,1.696
1769862300,1.696,1.6962,1.6948,1.6954
1769862360,1.6954,1.6954,1.6944,1.6946
1769862420,1.6946,1.6948,1.6942,1.6943
1769862480,1.6943,1.6943,1.6938,1.6939
1769862540,1.6939,1.6948,1.6936,1.6948
1769862600,1.6948,1.6948,1.6933,1.6935
1769862660,1.6935,1.6936,1.6903,1.6904
1769862720,1.6904,1.6932,1.6892,1.6924
1769862780,1.6924,1.6933,1.6907,1.691
1769862840,1.691,1.6919,1.6903,1.6914
1769862900,1.6914,1.6915,1.69,1.6915
1769862960,1.6915,1.6925,1.6914,1.6921
1769863020,1.6921,1.6922,1.6875,1.6906
1769863080,1.6906,1.6936,1.6903,1.6927
1769863140,1.6927,1.6928,1.6915,1.6915
1769863200,1.6915,1.6934,1.6915,1.6933
1769863260,1.6933,1.6942,1.6924,1.6941
1769863320,1.6941,1.6941,1.6921,1.6932
1769863380,1.6932,1.6938,1.6928,1.6934
1769863440,1.6934,1.6936,1.6926,1.6931
1769863500,1.6931,1.6939,1.6929,1.6929
1769863560,1.6929,1.6929,1.6914,1.6915
1769863620,1.6915,1.6915,1.6896,1.6903
1769863680,1.6903,1.6904,1.6873,1.6873
1769863740,1.6873,1.6879,1.6863,1.6873
1769863800,1.6873,1.6873,1.6856,1.6858
1769863860,1.6858,1.6868,1.6854,1.6855
1769863920,1.6855,1.6868,1.6855,1.6863
1769863980,1.6863,1.6892,1.6863,1.6892
1769864040,1.6892,1.6904,1.6891,1.6904
1769864100,1.6904,1.6913,1.6889,1.69
1769864160,1.69,1.6928,1.6898,1.6924
1769864220,1.6924,1.6924,1.6893,1.6894
1769864280,1.6894,1.6899,1.6887,1.6898
1769864340,1.6898,1.69,1.688,1.6895
1769864400,1.6895,1.69,1.6881,1.689
1769864460,1.689,1.6902,1.6887,1.6888
1769864520,1.6888,1.6898,1.6877,1.6883
1769864580,1.6883,1.6885,1.6861,1.687
1769864640,1.687,1.687,1.6852,1.6864
1769864700,1.6864,1.6873,1.6863,1.6868
1769864760,1.6868,1.6881,1.6865,1.6874
1769864820,1.6874,1.6874,1.6863,1.6868
1769864880,1.6868,1.6883,1.6868,1.6882
1769864940,1.6882,1.6892,1.6875,1.6887
1769865000,1.6887,1.6887,1.6841,1.6853
1769865060,1.6853,1.6875,1.6853,1.6874
1769865120,1.6874,1.6875,1.6858,1.6859
1769865180,1.6859,1.6862,1.6841,1.6848
1769865240,1.6848,1.6882,1.6847,1.6863
1769865300,1.6863,1.6879,1.6863,1.6879
1769865360,1.6879,1.688,1.687,1.6875
1769865420,1.6875,1.6882,1.6866,1.6879
1769865480,1.6879,1.6896,1.6879,1.6887
1769865540,1.6887,1.6887,1.6844,1.6861
1769865600,1.6861,1.6871,1.6853,1.6862
1769865660,1.6862,1.6872,1.6855,1.6869
1769865720,1.6869,1.6873,1.6853,1.6871
1769865780,1.6871,1.6879,1.6869,1.6872
1769865840,1.6872,1.6876,1.6862,1.6862
1769865900,1.6862,1.6884,1.686,1.6873
1769865960,1.6873,1.688,1.686,1.6865
1769866020,1.6865,1.6867,1.6857,1.6859
1769866080,1.6859,1.6867,1.685,1.6866
1769866140,1.6866,1.6872,1.686,1.687
1769866200,1.687,1.6876,1.6867,1.6872
1769866260,1.6872,1.688,1.6866,1.6873
1769866320,1.6873,1.688,1.681,1.6812
1769866380,1.6812,1.6837,1.6799,1.6818
1769866440,1.6818,1.6818,1.677,1.6785
1769866500,1.6785,1.6825,1.6783,1.6825
1769866560,1.6825,1.6849,1.6788,1.6788
1769866620,1.6788,1.6805,1.6784,1.6788
1769866680,1.6788,1.6793,1.6733,1.6746
1769866740,1.6746,1.6771,1.6746,1.675
1769866800,1.675,1.6775,1.6731,1.676
1769866860,1.676,1.6775,1.6752,1.6753
1769866920,1.6753,1.6759,1.674,1.6745
1769866980,1.6745,1.6767,1.6714,1.6762
1769867040,1.6762,1.6777,1.6758,1.676
1769867100,1.676,1.6764,1.6723,1.6725
1769867160,1.6725,1.6777,1.6723,1.6748
1769867220,1.6748,1.6771,1.674,1.6749
1769867280,1.6749,1.6756,1.6737,1.6748
1769867340,1.6748,1.6757,1.6735,1.6754
1769867400,1.6754,1.6754,1.6735,1.6742
1769867460,1.6742,1.6758,1.6734,1.6737
1769867520,1.6737,1.6752,1.6724,1.6739
1769867580,1.6739,1.6756,1.6739,1.6753
1769867640,1.6753,1.6761,1.6741,1.6749
1769867700,1.6749,1.6773,1.6743,1.6757
1769867760,1.6757,1.6765,1.6745,1.6746
1769867820,1.6746,1.6747,1.6737,1.6738
1769867880,1.6738,1.6755,1.6738,1.6753
1769867940,1.6753,1.6763,1.6742,1.6757
1769868000,1.6757,1.6786,1.6755,1.6779
1769868060,1.6779,1.6795,1.676,1.6764
1769868120,1.6764,1.6764,1.6709,1.6716
1769868180,1.6716,1.676,1.6716,1.6747
1769868240,1.6747,1.6787,1.6747,1.6787
1769868300,1.6787,1.6793,1.6759,1.6761
1769868360,1.6761,1.6802,1.6761,1.6801
1769868420,1.6801,1.6803,1.6746,1.6747
1769868480,1.6747,1.6747,1.6666,1.667
1769868540,1.667,1.6689,1.6668,1.6681
1769868600,1.6681,1.671,1.664,1.6644
1769868660,1.6644,1.6698,1.6644,1.6657
1769868720,1.6657,1.6667,1.6617,1.6637
1769868780,1.6637,1.6646,1.6618,1.6646
1769868840,1.6646,1.6658,1.6586,1.6637
1769868900,1.6637,1.6648,1.6588,1.6628
1769868960,1.6628,1.6652,1.6621,1.6651
1769869020,1.6651,1.6655,1.6596,1.6612
1769869080,1.6612,1.6615,1.6567,1.6574
1769869140,1.6574,1.6595,1.6542,1.6562
1769869200,1.6562,1.6574,1.6538,1.6554
1769869260,1.6554,1.6593,1.655,1.6557
1769869320,1.6557,1.6561,1.6508,1.6509
1769869380,1.6509,1.6532,1.6475,1.6491
1769869440,1.6491,1.6526,1.644,1.6497
1769869500,1.6497,1.6545,1.6483,1.6525
1769869560,1.6525,1.6548,1.6259,1.6362
1769869620,1.6362,1.6451,1.6286,1.6396
1769869680,1.6396,1.6423,1.6334,1.6368
1769869740,1.6368,1.6403,1.6322,1.6359
1769869800,1.6359,1.6407,1.6314,1.6368
1769869860,1.6368,1.6368,1.6237,1.6257
1769869920,1.6257,1.6345,1.6247,1.634
1769869980,1.634,1.6379,1.6298,1.633
1769870040,1.633,1.6351,1.6292,1.6315
1769870100,1.6315,1.634,1.6289,1.6307
1769870160,1.6307,1.6323,1.6228,1.6248
1769870220,1.6248,1.6264,1.6183,1.6206
1769870280,1.6206,1.6221,1.6115,1.6196
1769870340,1.6196,1.6285,1.6173,1.6228
1769870400,1.6228,1.6235,1.6185,1.6185
1769870460,1.6185,1.6239,1.6183,1.6191
1769870520,1.6191,1.6219,1.6153,1.6169
1769870580,1.6169,1.6196,1.6163,1.6196
1769870640,1.6196,1.6224,1.6182,1.6213
1769870700,1.6213,1.6247,1.6154,1.6219
1769870760,1.6219,1.6325,1.62,1.6273
1769870820,1.6273,1.6294,1.6251,1.6252
1769870880,1.6252,1.6311,1.6252,1.6304
1769870940,1.6304,1.6312,1.6249,1.6253
1769871000,1.6253,1.6285,1.6252,1.6261
1769871060,1.6261,1.6287,1.6258,1.6284
1769871120,1.6284,1.6312,1.6277,1.6308
1769871180,1.6308,1.6318,1.6279,1.6295
1769871240,1.6295,1.6378,1.6289,1.6371
1769871300,1.6371,1.6409,1.6368,1.6393
1769871360,1.6393,1.6403,1.6358,1.6368
1769871420,1.6368,1.6402,1.6368,1.6398
1769871480,1.6398,1.641,1.639,1.6402
1769871540,1.6402,1.6411,1.6395,1.64
1769871600,1.64,1.644,1.6375,1.6404
1769871660,1.6404,1.6404,1.6339,1.6348
1769871720,1.6348,1.638,1.6343,1.6377
1769871780,1.6377,1.6409,1.6367,1.6391
1769871840,1.6391,1.6418,1.6365,1.6412
1769871900,1.6412,1.6547,1.6412,1.6528
1769871960,1.6528,1.6595,1.6522,1.6561
1769872020,1.6561,1.6592,1.6543,1.6592
1769872080,1.6592,1.6593,1.6532,1.654
1769872140,1.654,1.6547,1.651,1.6523
1769872200,1.6523,1.6525,1.6494,1.6516
1769872260,1.6516,1.6518,1.6492,1.6506
1769872320,1.6506,1.6522,1.6493,1.6498
1769872380,1.6498,1.65,1.6475,1.6491
1769872440,1.6491,1.6503,1.6475,1.6496
1769872500,1.6496,1.6505,1.6469,1.6479
1769872560,1.6479,1.6481,1.645,1.6478
1769872620,1.6478,1.6496,1.646,1.6493
1769872680,1.6493,1.651,1.6469,1.6488
1769872740,1.6488,1.6495,1.6457,1.6458
1769872800,1.6458,1.6472,1.6425,1.643
1769872860,1.643,1.6451,1.6424,1.6439
1769872920,1.6439,1.644,1.6402,1.6423
1769872980,1.6423,1.6423,1.6394,1.6399
1769873040,1.6399,1.6407,1.6375,1.638
1769873100,1.638,1.6412,1.6371,1.639
1769873160,1.639,1.6433,1.639,1.6407
1769873220,1.6407,1.6417,1.6396,1.6415
1769873280,1.6415,1.6452,1.6411,1.6445
1769873340,1.6445,1.6463,1.6444,1.6448
1769873400,1.6448,1.6463,1.644,1.6447
1769873460,1.6447,1.6462,1.6414,1.6414
1769873520,1.6414,1.6491,1.6407,1.6481
1769873580,1.6481,1.6492,1.6476,1.6487
1769873640,1.6487,1.6498,1.6478,1.648
1769873700,1.648,1.648,1.6457,1.6465
1769873760,1.6465,1.6465,1.6422,1.6434
1769873820,1.6434,1.6434,1.6395,1.6421
1769873880,1.6421,1.6452,1.6413,1.6438
1769873940,1.6438,1.6456,1.6426,1.6452
1769874000,1.6452,1.6452,1.6436,1.6436
1769874060,1.6436,1.6455,1.6434,1.6451
1769874120,1.6451,1.6451,1.6424,1.6427
1769874180,1.6427,1.6441,1.6413,1.6431
1769874240,1.6431,1.6445,1.6423,1.6442
1769874300,1.6442,1.6459,1.6441,1.6448
1769874360,1.6448,1.6458,1.6421,1.6424
1769874420,1.6424,1.6432,1.6408,1.6413
1769874480,1.6413,1.6455,1.6413,1.6455
1769874540,1.6455,1.6474,1.6433,1.6442
1769874600,1.6442,1.6447,1.6414,1.6434
1769874660,1.6434,1.6434,1.6407,1.6421
1769874720,1.6421,1.6432,1.6401,1.6401
1769874780,1.6401,1.6403,1.6379,1.6383
1769874840,1.6383,1.6407,1.6365,1.6387
1769874900,1.6387,1.6393,1.6382,1.6391
1769874960,1.6391,1.6401,1.6378,1.6396
1769875020,1.6396,1.6396,1.6316,1.6341
1769875080,1.6341,1.6348,1.6322,1.6339
1769875140,1.6339,1.6364,1.6335,1.6342
1769875200,1.6342,1.6376,1.634,1.6373
1769875260,1.6373,1.6376,1.6334,1.6334
1769875320,1.6334,1.6343,1.6303,1.6331
1769875380,1.6331,1.6374,1.6315,1.6345
1769875440,1.6345,1.6348,1.6321,1.6328
1769875500,1.6328,1.6329,1.6304,1.631
1769875560,1.631,1.6326,1.6308,1.6314
1769875620,1.6314,1.6316,1.6265,1.6296
1769875680,1.6296,1.6301,1.6267,1.6273
1769875740,1.6273,1.6274,1.6206,1.6211
1769875800,1.6211,1.6282,1.6211,1.6282
1769875860,1.6282,1.6309,1.627,1.6276
1769875920,1.6276,1.6313,1.6274,1.6294
1769875980,1.6294,1.6299,1.6274,1.6276
1769876040,1.6276,1.6282,1.626,1.6271
1769876100,1.6271,1.6276,1.6257,1.6257
1769876160,1.6257,1.6258,1.6156,1.6162
1769876220,1.6162,1.6317,1.616,1.6306
1769876280,1.6306,1.6441,1.6301,1.6412
1769876340,1.6412,1.6417,1.6352,1.6359
1769876400,1.6359,1.6415,1.6313,1.6414
1769876460,1.6414,1.6492,1.6384,1.6421
1769876520,1.6421,1.6431,1.6375,1.6421
1769876580,1.6421,1.6464,1.642,1.6444
1769876640,1.6444,1.6484,1.6442,1.6453
1769876700,1.6453,1.6467,1.6399,1.6403
1769876760,1.6403,1.641,1.6362,1.6377
1769876820,1.6377,1.6377,1.632,1.6335
1769876880,1.6335,1.634,1.629,1.6312
1769876940,1.6312,1.6334,1.6312,1.6323
1769877000,1.6323,1.6331,1.6289,1.6305
1769877060,1.6305,1.6334,1.6289,1.633
1769877120,1.633,1.6338,1.6297,1.6303
1769877180,1.6303,1.6309,1.6285,1.6303
1769877240,1.6303,1.6312,1.6278,1.6286
1769877300,1.6286,1.6293,1.6255,1.6259
1769877360,1.6259,1.6262,1.6224,1.6234
1769877420,1.6234,1.6276,1.6234,1.6251
1769877480,1.6251,1.6262,1.6223,1.6229
1769877540,1.6229,1.6238,1.6214,1.6222
1769877600,1.6222,1.6233,1.6192,1.623
1769877660,1.623,1.6245,1.6224,1.6239
1769877720,1.6239,1.6243,1.6229,1.6235
1769877780,1.6235,1.6249,1.6199,1.6204
1769877840,1.6204,1.6211,1.6186,1.6198
1769877900,1.6198,1.6204,1.6189,1.6194
1769877960,1.6194,1.6194,1.6166,1.6167
1769878020,1.6167,1.6175,1.6047,1.6082
1769878080,1.6082,1.6182,1.6066,1.6151
1769878140,1.6151,1.6173,1.6113,1.6159
1769878200,1.6159,1.6173,1.6148,1.6162
1769878260,1.6162,1.6172,1.6116,1.6123
1769878320,1.6123,1.6174,1.6123,1.614
1769878380,1.614,1.614,1.605,1.605
1769878440,1.605,1.6114,1.6049,1.6097
1769878500,1.6097,1.6125,1.6086,1.6114
1769878560,1.6114,1.6126,1.6099,1.6111
1769878620,1.6111,1.6114,1.6024,1.6063
1769878680,1.6063,1.6119,1.606,1.6076
1769878740,1.6076,1.6114,1.6076,1.6095
1769878800,1.6095,1.6142,1.6092,1.6142
1769878860,1.6142,1.6147,1.6086,1.6097
1769878920,1.6097,1.6119,1.6097,1.6119
1769878980,1.6119,1.6153,1.6098,1.6147
1769879040,1.6147,1.6152,1.6108,1.611
1769879100,1.611,1.611,1.6051,1.6051
1769879160,1.6051,1.6101,1.604,1.6075
1769879220,1.6075,1.6083,1.6053,1.6057
1769879280,1.6057,1.606,1.5913,1.5922
1769879340,1.5922,1.6,1.5892,1.5899
1769879400,1.5899,1.593,1.5796,1.5838
1769879460,1.5838,1.5881,1.5359,1.5427
1769879520,1.5427,1.5743,1.5139,1.5652
1769879580,1.5652,1.573,1.5536,1.5723
1769879640,1.5723,1.5801,1.5586,1.5602
1769879700,1.5602,1.573,1.5602,1.5674
1769879760,1.5674,1.5732,1.5632,1.5644
1769879820,1.5644,1.5723,1.5625,1.5658
1769879880,1.5658,1.5715,1.5649,1.5703
1769879940,1.5703,1.5766,1.5664,1.5676
1769880000,1.5676,1.5683,1.5562,1.5614
1769880060,1.5614,1.5659,1.5586,1.5624
1769880120,1.5624,1.5655,1.5575,1.5624
1769880180,1.5624,1.5651,1.5573,1.5603
1769880240,1.5603,1.5711,1.5598,1.5645
1769880300,1.5645,1.5659,1.561,1.5642
1769880360,1.5642,1.5678,1.5594,1.5625
1769880420,1.5625,1.568,1.5608,1.5641
1769880480,1.5641,1.5655,1.5614,1.5637
1769880540,1.5637,1.5683,1.5634,1.5676
1769880600,1.5676,1.5757,1.5658,1.5676
1769880660,1.5676,1.5708,1.5661,1.5662
1769880720,1.5662,1.5697,1.5647,1.5647
1769880780,1.5647,1.5649,1.5561,1.5578
1769880840,1.5578,1.5631,1.556,1.556
1769880900,1.556,1.5646,1.5545,1.5624
1769880960,1.5624,1.5827,1.5624,1.5793
1769881020,1.5793,1.583,1.5731,1.5739
1769881080,1.5739,1.576,1.5694,1.5697
1769881140,1.5697,1.5727,1.5679,1.5685
1769881200,1.5685,1.5709,1.5646,1.565
1769881260,1.565,1.5681,1.5646,1.565
1769881320,1.565,1.5681,1.565,1.5659
1769881380,1.5659,1.5698,1.5658,1.5698
1769881440,1.5698,1.5733,1.5683,1.5723
1769881500,1.5723,1.5779,1.5723,1.5765
1769881560,1.5765,1.5767,1.5672,1.5677
1769881620,1.5677,1.5678,1.5615,1.5633
1769881680,1.5633,1.5657,1.5602,1.5625
1769881740,1.5625,1.5638,1.5616,1.5617
1769881800,1.5617,1.5664,1.5609,1.5641
1769881860,1.5641,1.5717,1.5639,1.5683
1769881920,1.5683,1.5709,1.5657,1.5696
1769881980,1.5696,1.5713,1.5679,1.5688
1769882040,1.5688,1.5688,1.5642,1.565
1769882100,1.565,1.5704,1.5646,1.5664
1769882160,1.5664,1.5696,1.5654,1.5693
1769882220,1.5693,1.5698,1.5633,1.5655
1769882280,1.5655,1.5665,1.5639,1.5645
1769882340,1.5645,1.5672,1.5644,1.5672
1769882400,1.5672,1.5796,1.567,1.5775
1769882460,1.5775,1.578,1.5711,1.5742
1769882520,1.5742,1.578,1.5737,1.5756
1769882580,1.5756,1.5756,1.5695,1.5699
1769882640,1.5699,1.5706,1.5675,1.5702
1769882700,1.5702,1.5761,1.5702,1.576
1769882760,1.576,1.576,1.573,1.5743
1769882820,1.5743,1.5744,1.5698,1.5724
1769882880,1.5724,1.5725,1.5688,1.5706
1769882940,1.5706,1.5766,1.5706,1.576
1769883000,1.576,1.5774,1.5737,1.5755
1769883060,1.5755,1.5777,1.5746,1.5764
1769883120,1.5764,1.5779,1.5748,1.5772
1769883180,1.5772,1.5772,1.5734,1.5766
1769883240,1.5766,1.577,1.5719,1.5732
1769883300,1.5732,1.5738,1.5688,1.5702
1769883360,1.5702,1.5724,1.5658,1.5667
1769883420,1.5667,1.5705,1.5652,1.5662
1769883480,1.5662,1.5663,1.5604,1.5608
1769883540,1.5608,1.5655,1.5607,1.5634
1769883600,1.5634,1.5651,1.5584,1.5613
1769883660,1.5613,1.5642,1.5566,1.5615
1769883720,1.5615,1.5727,1.5611,1.5713
1769883780,1.5713,1.572,1.5685,1.5716
1769883840,1.5716,1.5717,1.5687,1.5691
1769883900,1.5691,1.5727,1.5691,1.5719
1769883960,1.5719,1.5719,1.5669,1.5673
1769884020,1.5673,1.569,1.5668,1.5685
1769884080,1.5685,1.574,1.5685,1.571
1769884140,1.571,1.5716,1.5694,1.5709
1769884200,1.5709,1.5755,1.5708,1.5737
1769884260,1.5737,1.5756,1.569,1.5709
1769884320,1.5709,1.5721,1.5697,1.5708
1769884380,1.5708,1.5708,1.5655,1.566
1769884440,1.566,1.5664,1.5649,1.5659
1769884500,1.5659,1.5667,1.5606,1.5621
1769884560,1.5621,1.5634,1.5617,1.5621
1769884620,1.5621,1.5632,1.5555,1.5563
1769884680,1.5563,1.5585,1.5476,1.5555
1769884740,1.5555,1.5604,1.551,1.5527
1769884800,1.5527,1.5548,1.5451,1.5453
1769884860,1.5453,1.5526,1.5453,1.5485
1769884920,1.5485,1.5524,1.5467,1.5473
1769884980,1.5473,1.5477,1.5001,1.5027
1769885040,1.5027,1.5841,1.5008,1.5829
1769885100,1.5829,1.6048,1.576,1.5972
1769885160,1.5972,1.6031,1.5868,1.5871
1769885220,1.5871,1.5914,1.5796,1.5836
1769885280,1.5836,1.5855,1.5767,1.5804
1769885340,1.5804,1.5808,1.5737,1.579
1769885400,1.579,1.5846,1.5774,1.5798
1769885460,1.5798,1.5822,1.5772,1.5822
1769885520,1.5822,1.5943,1.5807,1.5905
1769885580,1.5905,1.5918,1.586,1.5905
1769885640,1.5905,1.5914,1.5801,1.5804
1769885700,1.5804,1.5811,1.5735,1.5749
1769885760,1.5749,1.5776,1.57,1.5722
1769885820,1.5722,1.5777,1.572,1.5763
1769885880,1.5763,1.5815,1.576,1.5804
1769885940,1.5804,1.5858,1.5804,1.5841
1769886000,1.5841,1.5917,1.5837,1.5898
1769886060,1.5898,1.5898,1.583,1.5886
1769886120,1.5886,1.5954,1.5871,1.5939
1769886180,1.5939,1.596,1.5892,1.5927
1769886240,1.5927,1.5941,1.59,1.5939
1769886300,1.5939,1.598,1.5931,1.5969
1769886360,1.5969,1.6037,1.5956,1.5957
1769886420,1.5957,1.6013,1.594,1.6011
1769886480,1.6011,1.6013,1.5941,1.5964
1769886540,1.5964,1.5972,1.5917,1.5964
1769886600,1.5964,1.6028,1.5945,1.5954
1769886660,1.5954,1.5954,1.5908,1.5947
1769886720,1.5947,1.5975,1.5937,1.5974
1769886780,1.5974,1.601,1.5964,1.6007
1769886840,1.6007,1.6022,1.5991,1.6014
1769886900,1.6014,1.6038,1.6002,1.6036
1769886960,1.6036,1.6095,1.6034,1.6036
1769887020,1.6036,1.6036,1.5983,1.5984
1769887080,1.5984,1.6016,1.5959,1.5971
1769887140,1.5971,1.5998,1.5963,1.5983
1769887200,1.5983,1.6007,1.5945,1.5989
1769887260,1.5989,1.5991,1.5929,1.5938
1769887320,1.5938,1.5941,1.5883,1.5896
1769887380,1.5896,1.5912,1.5872,1.5873
1769887440,1.5873,1.5888,1.586,1.5882
1769887500,1.5882,1.5903,1.5864,1.5885
1769887560,1.5885,1.5923,1.5861,1.5895
1769887620,1.5895,1.5912,1.5877,1.5881
1769887680,1.5881,1.5907,1.586,1.5898
1769887740,1.5898,1.5902,1.5879,1.5886
1769887800,1.5886,1.5909,1.5876,1.5883
1769887860,1.5883,1.5888,1.5846,1.5849
1769887920,1.5849,1.5852,1.5803,1.5835
1769887980,1.5835,1.5861,1.5835,1.5853
1769888040,1.5853,1.5867,1.5833,1.5847
1769888100,1.5847,1.5866,1.5847,1.5849
1769888160,1.5849,1.5874,1.5848,1.5849
1769888220,1.5849,1.5876,1.5837,1.5838
1769888280,1.5838,1.5838,1.5782,1.5801
1769888340,1.5801,1.5833,1.5798,1.582
1769888400,1.582,1.5841,1.5786,1.5791
1769888460,1.5791,1.5796,1.576,1.5783
1769888520,1.5783,1.5789,1.5745,1.5753
1769888580,1.5753,1.5823,1.5753,1.5776
1769888640,1.5776,1.5786,1.5758,1.5773
1769888700,1.5773,1.5799,1.5734,1.5792
1769888760,1.5792,1.5802,1.5754,1.5794
1769888820,1.5794,1.5861,1.5793,1.5846
1769888880,1.5846,1.585,1.5802,1.5812
1769888940,1.5812,1.5841,1.5788,1.5841
1769889000,1.5841,1.5859,1.5828,1.5843
1769889060,1.5843,1.5881,1.5833,1.5878
1769889120,1.5878,1.5888,1.5832,1.5848
1769889180,1.5848,1.5852,1.582,1.5847
1769889240,1.5847,1.5849,1.5825,1.5842
1769889300,1.5842,1.5872,1.5835,1.5857
1769889360,1.5857,1.59,1.5846,1.5888
1769889420,1.5888,1.5897,1.5851,1.5851
1769889480,1.5851,1.5874,1.5846,1.585
1769889540,1.585,1.5852,1.5815,1.5817
1769889600,1.5817,1.5849,1.5814,1.5844
1769889660,1.5844,1.5844,1.5819,1.5833
1769889720,1.5833,1.5848,1.5813,1.583
1769889780,1.583,1.5831,1.5786,1.5788
1769889840,1.5788,1.5815,1.5781,1.58
1769889900,1.58,1.5804,1.5777,1.5789
1769889960,1.5789,1.5846,1.5789,1.5825
1769890020,1.5825,1.5859,1.5817,1.5852
1769890080,1.5852,1.5852,1.581,1.5813
1769890140,1.5813,1.5841,1.5813,1.5836
1769890200,1.5836,1.5847,1.5819,1.5825
1769890260,1.5825,1.5845,1.5824,1.5832
1769890320,1.5832,1.584,1.5798,1.5808
1769890380,1.5808,1.5844,1.5807,1.5819
1769890440,1.5819,1.5836,1.5795,1.58
1769890500,1.58,1.5813,1.5791,1.5805
1769890560,1.5805,1.5809,1.5778,1.5797
1769890620,1.5797,1.5799,1.5781,1.5792
1769890680,1.5792,1.5813,1.5791,1.5811
1769890740,1.5811,1.5826,1.5792,1.5826
1769890800,1.5826,1.5829,1.5796,1.5817
1769890860,1.5817,1.5849,1.5809,1.5848
1769890920,1.5848,1.6005,1.5846,1.5966
1769890980,1.5966,1.5972,1.5892,1.5892
1769891040,1.5892,1.5894,1.5831,1.5838
1769891100,1.5838,1.5853,1.5804,1.5806
1769891160,1.5806,1.5811,1.5779,1.5799
1769891220,1.5799,1.5815,1.5793,1.5793
1769891280,1.5793,1.5802,1.5758,1.5769
1769891340,1.5769,1.5785,1.5747,1.5749
1769891400,1.5749,1.5762,1.5722,1.5722
1769891460,1.5722,1.5743,1.5717,1.5725
1769891520,1.5725,1.5738,1.5704,1.5723
1769891580,1.5723,1.5767,1.5718,1.5767
1769891640,1.5767,1.5777,1.5753,1.5771
1769891700,1.5771,1.5802,1.5742,1.5745
1769891760,1.5745,1.5793,1.5744,1.5773
1769891820,1.5773,1.5787,1.5763,1.5781
1769891880,1.5781,1.582,1.5751,1.581
1769891940,1.581,1.584,1.5786,1.579
1769892000,1.579,1.5797,1.577,1.5793
1769892060,1.5793,1.5816,1.579,1.581
1769892120,1.581,1.5831,1.581,1.582
1769892180,1.582,1.5887,1.582,1.5849
1769892240,1.5849,1.586,1.5827,1.5856
1769892300,1.5856,1.5858,1.5825,1.5832
1769892360,1.5832,1.5882,1.5814,1.5874
1769892420,1.5874,1.5888,1.5866,1.5866
1769892480,1.5866,1.5877,1.5864,1.587
1769892540,1.587,1.587,1.5817,1.5832
1769892600,1.5832,1.5851,1.582,1.5847
1769892660,1.5847,1.5856,1.5834,1.584
1769892720,1.584,1.5848,1.583,1.5834
1769892780,1.5834,1.5854,1.5827,1.5848
1769892840,1.5848,1.5889,1.5845,1.5888
1769892900,1.5888,1.5921,1.5878,1.5917
1769892960,1.5917,1.5967,1.5915,1.596
1769893020,1.596,1.5966,1.5935,1.5959
1769893080,1.5959,1.5974,1.5951,1.5963
1769893140,1.5963,1.5964,1.5927,1.5928
1769893200,1.5928,1.5991,1.5925,1.5983
1769893260,1.5983,1.6016,1.5978,1.5998
1769893320,1.5998,1.5998,1.5913,1.592
1769893380,1.592,1.5928,1.5864,1.5879
1769893440,1.5879,1.59,1.5873,1.589
1769893500,1.589,1.5923,1.589,1.5909
1769893560,1.5909,1.5923,1.5895,1.5904
1769893620,1.5904,1.5982,1.5903,1.5972
1769893680,1.5972,1.5986,1.5951,1.5957
1769893740,1.5957,1.5978,1.5957,1.5977
1769893800,1.5977,1.5977,1.5956,1.5975
1769893860,1.5975,1.5976,1.5941,1.595
1769893920,1.595,1.5965,1.5948,1.5953
1769893980,1.5953,1.596,1.5929,1.5943
1769894040,1.5943,1.5944,1.5919,1.5934
1769894100,1.5934,1.5971,1.5924,1.5959
1769894160,1.5959,1.5977,1.5922,1.5947
1769894220,1.5947,1.5968,1.5933,1.5968
1769894280,1.5968,1.5985,1.5956,1.5967
1769894340,1.5967,1.5968,1.5925,1.594
1769894400,1.594,1.5941,1.5886,1.5895
1769894460,1.5895,1.5907,1.5879,1.5889
1769894520,1.5889,1.592,1.5876,1.5876
1769894580,1.5876,1.5932,1.5876,1.5927
1769894640,1.5927,1.5961,1.5926,1.5937
1769894700,1.5937,1.5978,1.5937,1.5978
1769894760,1.5978,1.6025,1.5974,1.6015
1769894820,1.6015,1.6061,1.6012,1.6052
1769894880,1.6052,1.6096,1.6052,1.6089
1769894940,1.6089,1.6094,1.6079,1.6083
1769895000,1.6083,1.6097,1.6064,1.6069
1769895060,1.6069,1.6069,1.6015,1.6056
1769895120,1.6056,1.607,1.6039,1.6065
1769895180,1.6065,1.6066,1.6024,1.6028
1769895240,1.6028,1.6075,1.6022,1.6075
1769895300,1.6075,1.6133,1.6066,1.6124
1769895360,1.6124,1.6127,1.6107,1.6124
1769895420,1.6124,1.6166,1.6108,1.6155
1769895480,1.6155,1.6182,1.6132,1.6173
1769895540,1.6173,1.6194,1.6149,1.6178
1769895600,1.6178,1.6219,1.6162,1.6201
1769895660,1.6201,1.622,1.617,1.6216
1769895720,1.6216,1.623,1.6194,1.6215
1769895780,1.6215,1.6234,1.6207,1.6225
1769895840,1.6225,1.6229,1.6208,1.6221
1769895900,1.6221,1.6234,1.619,1.6199
1769895960,1.6199,1.6217,1.6187,1.6191
1769896020,1.6191,1.6227,1.6191,1.6224
1769896080,1.6224,1.6245,1.6221,1.6228
1769896140,1.6228,1.6229,1.6187,1.6211
1769896200,1.6211,1.6229,1.6193,1.6228
1769896260,1.6228,1.6242,1.6201,1.6226
1769896320,1.6226,1.6226,1.6189,1.6202
1769896380,1.6202,1.6259,1.6199,1.6238
1769896440,1.6238,1.6238,1.6214,1.6218
1769896500,1.6218,1.6225,1.6205,1.6205
1769896560,1.6205,1.6209,1.617,1.6188
1769896620,1.6188,1.6189,1.617,1.6174
1769896680,1.6174,1.6193,1.6166,1.619
1769896740,1.619,1.6195,1.6137,1.6195
1769896800,1.6195,1.6209,1.6175,1.6176
1769896860,1.6176,1.6197,1.6159,1.6191
1769896920,1.6191,1.6192,1.6176,1.6177
1769896980,1.6177,1.6199,1.616,1.6174
1769897040,1.6174,1.6208,1.6171,1.6193
1769897100,1.6193,1.6203,1.6176,1.6183
1769897160,1.6183,1.6183,1.6151,1.6156
1769897220,1.6156,1.618,1.6153,1.6163
1769897280,1.6163,1.6168,1.614,1.6154
1769897340,1.6154,1.6162,1.6149,1.6161
1769897400,1.6161,1.6186,1.6153,1.616
1769897460,1.616,1.616,1.6116,1.6137
1769897520,1.6137,1.6159,1.6122,1.6125
1769897580,1.6125,1.613,1.6111,1.6116
1769897640,1.6116,1.6137,1.6105,1.6115
1769897700,1.6115,1.6135,1.6108,1.613
1769897760,1.613,1.6134,1.6116,1.6121
1769897820,1.6121,1.6136,1.6104,1.6114
1769897880,1.6114,1.6114,1.6075,1.6087
1769897940,1.6087,1.6092,1.6052,1.6069
1769898000,1.6069,1.6086,1.6038,1.6044
1769898060,1.6044,1.611,1.604,1.6101
1769898120,1.6101,1.611,1.6072,1.6078
1769898180,1.6078,1.6096,1.6073,1.6083
1769898240,1.6083,1.611,1.608,1.6094
1769898300,1.6094,1.6106,1.6087,1.6087
1769898360,1.6087,1.6087,1.6063,1.6067
1769898420,1.6067,1.6089,1.6059,1.6085
1769898480,1.6085,1.6103,1.6079,1.6092
1769898540,1.6092,1.6119,1.6092,1.6113
1769898600,1.6113,1.6127,1.6099,1.6105
1769898660,1.6105,1.6105,1.607,1.6075
1769898720,1.6075,1.6096,1.6074,1.6092
1769898780,1.6092,1.6129,1.6092,1.6127
1769898840,1.6127,1.6138,1.6113,1.612
1769898900,1.612,1.612,1.61,1.611
1769898960,1.611,1.6111,1.6079,1.6079
1769899020,1.6079,1.6093,1.6065,1.6067
1769899080,1.6067,1.6079,1.6057,1.6071
1769899140,1.6071,1.608,1.6065,1.6075
1769899200,1.6075,1.6075,1.6055,1.6069
1769899260,1.6069,1.6071,1.6002,1.6032
1769899320,1.6032,1.6066,1.6031,1.6049
1769899380,1.6049,1.6059,1.6037,1.605
1769899440,1.605,1.606,1.605,1.6055
1769899500,1.6055,1.6056,1.6051,1.6052
1769899560,1.6052,1.6052,1.6051,1.6051
1769899620,1.6051,1.6089,1.6051,1.6081
1769899680,1.6081,1.6083,1.6069,1.6069
1769899740,1.6069,1.6069,1.6056,1.6057
1769899800,1.6057,1.6084,1.6056,1.6077
1769899860,1.6077,1.6078,1.6075,1.6075
1769899920,1.6075,1.6084,1.6073,1.6083
1769899980,1.6083,1.6095,1.6083,1.6085
1769900040,1.6085,1.6112,1.6083,1.6111
1769900100,1.6111,1.6141,1.6111,1.6127
1769900160,1.6127,1.6128,1.6107,1.6123
1769900220,1.6123,1.6159,1.6122,1.6147
1769900280,1.6147,1.615,1.6126,1.6126
1769900340,1.6126,1.6137,1.6098,1.6132
1769900400,1.6132,1.6165,1.6127,1.6156
1769900460,1.6156,1.6157,1.6132,1.6147
1769900520,1.6147,1.6158,1.614,1.6158
1769900580,1.6158,1.6163,1.6122,1.6163
1769900640,1.6163,1.6164,1.6142,1.6154
1769900700,1.6154,1.6166,1.6144,1.6148
1769900760,1.6148,1.6161,1.6143,1.6152
1769900820,1.6152,1.6175,1.6143,1.6173
1769900880,1.6173,1.6189,1.6158,1.6182
1769900940,1.6182,1.62,1.6181,1.6196
1769901000,1.6196,1.6196,1.6175,1.6175
1769901060,1.6175,1.6178,1.6162,1.6164
1769901120,1.6164,1.6164,1.6143,1.6156
1769901180,1.6156,1.6182,1.6149,1.6174
1769901240,1.6174,1.6175,1.6158,1.6158
1769901300,1.6158,1.6172,1.615,1.6168
1769901360,1.6168,1.6176,1.6155,1.6175
1769901420,1.6175,1.6223,1.6175,1.6221
1769901480,1.6221,1.6236,1.6209,1.6234
1769901540,1.6234,1.6281,1.623,1.6281
1769901600,1.6281,1.6297,1.6253,1.6256
1769901660,1.6256,1.6329,1.6242,1.6328
1769901720,1.6328,1.638,1.6328,1.6354
1769901780,1.6354,1.6479,1.6354,1.6461
1769901840,1.6461,1.6553,1.6446,1.6521
1769901900,1.6521,1.6526,1.6469,1.6474
1769901960,1.6474,1.6475,1.6445,1.6456
1769902020,1.6456,1.6489,1.6452,1.6459
1769902080,1.6459,1.6464,1.6436,1.6451
1769902140,1.6451,1.6487,1.6433,1.6465
1769902200,1.6465,1.6477,1.6441,1.6455
1769902260,1.6455,1.6456,1.6415,1.6439
1769902320,1.6439,1.6457,1.6437,1.6437
1769902380,1.6437,1.6482,1.6436,1.6481
1769902440,1.6481,1.6509,1.6459,1.6509
1769902500,1.6509,1.6532,1.6509,1.6528
1769902560,1.6528,1.6531,1.6479,1.6484
1769902620,1.6484,1.6493,1.6469,1.648
1769902680,1.648,1.648,1.6413,1.642
1769902740,1.642,1.6425,1.6402,1.6405
1769902800,1.6405,1.6427,1.6404,1.6427
1769902860,1.6427,1.6431,1.6408,1.6412
1769902920,1.6412,1.6441,1.6403,1.6427
1769902980,1.6427,1.6438,1.6389,1.6404
1769903040,1.6404,1.6409,1.6394,1.6401
1769903100,1.6401,1.6413,1.6382,1.6384
1769903160,1.6384,1.6418,1.6363,1.6412
1769903220,1.6412,1.6413,1.6383,1.6383
1769903280,1.6383,1.6404,1.6383,1.6401
1769903340,1.6401,1.6424,1.6396,1.6409
1769903400,1.6409,1.644,1.6409,1.644
1769903460,1.644,1.6454,1.6431,1.6448
1769903520,1.6448,1.6473,1.6447,1.6466
1769903580,1.6466,1.6479,1.6455,1.647
1769903640,1.647,1.6474,1.6452,1.6459
1769903700,1.6459,1.6464,1.6445,1.6448
1769903760,1.6448,1.6472,1.644,1.6469
1769903820,1.6469,1.6472,1.6446,1.6447
1769903880,1.6447,1.6454,1.6443,1.6444
1769903940,1.6444,1.6476,1.6428,1.646
1770249600,1.5112,1.5121,1.5104,1.5111
1770249660,1.5111,1.5114,1.5099,1.51
1770249720,1.51,1.5103,1.5087,1.5098
1770249780,1.5098,1.5103,1.5068,1.5078
1770249840,1.5078,1.5088,1.5068,1.5068
1770249900,1.5068,1.509,1.5068,1.509
1770249960,1.509,1.5102,1.5072,1.5098
1770250020,1.5098,1.5098,1.5045,1.5047
1770250080,1.5047,1.5077,1.5044,1.5077
1770250140,1.5077,1.5081,1.5035,1.5038
1770250200,1.5038,1.5051,1.5035,1.5037
1770250260,1.5037,1.5046,1.5026,1.5032
1770250320,1.5032,1.5036,1.5017,1.5023
1770250380,1.5023,1.5026,1.5016,1.5018
1770250440,1.5018,1.5027,1.5017,1.5024
1770250500,1.5024,1.5028,1.5011,1.5019
1770250560,1.5019,1.5032,1.5015,1.5018
1770250620,1.5018,1.5034,1.5018,1.5022
1770250680,1.5022,1.5034,1.5018,1.5028
1770250740,1.5028,1.5066,1.5023,1.5059
1770250800,1.5059,1.5097,1.5057,1.5094
1770250860,1.5094,1.5094,1.5072,1.5086
1770250920,1.5086,1.5125,1.5079,1.5116
1770250980,1.5116,1.5129,1.5113,1.5117
1770251040,1.5117,1.5117,1.5084,1.5095
1770251100,1.5095,1.5105,1.5074,1.5104
1770251160,1.5104,1.5127,1.51,1.5125
1770251220,1.5125,1.5137,1.5117,1.5118
1770251280,1.5118,1.5134,1.5113,1.5128
1770251340,1.5128,1.5143,1.5128,1.5132
1770251400,1.5132,1.5132,1.5088,1.51
1770251460,1.51,1.5101,1.5038,1.505
1770251520,1.505,1.5057,1.5041,1.5043
1770251580,1.5043,1.5043,1.4988,1.4993
1770251640,1.4993,1.5005,1.4987,1.4999
1770251700,1.4999,1.5022,1.4986,1.4992
1770251760,1.4992,1.5002,1.4954,1.4964
1770251820,1.4964,1.4964,1.4915,1.4926
1770251880,1.4926,1.4951,1.4922,1.4948
1770251940,1.4948,1.4999,1.4948,1.4981
1770252000,1.4981,1.5013,1.4974,1.5001
1770252060,1.5001,1.5037,1.4999,1.5037
1770252120,1.5037,1.5048,1.5012,1.5019
1770252180,1.5019,1.5021,1.4998,1.5002
1770252240,1.5002,1.5004,1.4984,1.4999
1770252300,1.4999,1.5019,1.4985,1.4989
1770252360,1.4989,1.4997,1.4983,1.4993
1770252420,1.4993,1.5018,1.4993,1.5003
1770252480,1.5003,1.5033,1.5003,1.5028
1770252540,1.5028,1.5035,1.501,1.5019
1770252600,1.5019,1.5048,1.5019,1.5037
1770252660,1.5037,1.5047,1.4993,1.4993
1770252720,1.4993,1.4999,1.4971,1.4979
1770252780,1.4979,1.4981,1.4956,1.4957
1770252840,1.4957,1.4961,1.4938,1.4953
1770252900,1.4953,1.496,1.4942,1.4945
1770252960,1.4945,1.4949,1.4922,1.4922
1770253020,1.4922,1.4927,1.4882,1.4906
1770253080,1.4906,1.4908,1.4893,1.4901
1770253140,1.4901,1.4909,1.489,1.4899
1770253200,1.4899,1.4907,1.4865,1.4866
1770253260,1.4866,1.49,1.4866,1.4895
1770253320,1.4895,1.4899,1.4865,1.4888
1770253380,1.4888,1.4899,1.4867,1.4868
1770253440,1.4868,1.4911,1.4868,1.4901
1770253500,1.4901,1.493,1.4893,1.4922
1770253560,1.4922,1.4934,1.4906,1.4911
1770253620,1.4911,1.4919,1.4884,1.4913
1770253680,1.4913,1.4938,1.49,1.4938
1770253740,1.4938,1.4975,1.4936,1.4963
1770253800,1.4963,1.5017,1.4958,1.5013
1770253860,1.5013,1.5015,1.4982,1.4987
1770253920,1.4987,1.4987,1.4935,1.4961
1770253980,1.4961,1.4986,1.4961,1.4969
1770254040,1.4969,1.4973,1.4935,1.4936
1770254100,1.4936,1.4936,1.4867,1.4871
1770254160,1.4871,1.4877,1.4808,1.4809
1770254220,1.4809,1.4814,1.4768,1.4771
1770254280,1.4771,1.4814,1.4771,1.4785
1770254340,1.4785,1.4792,1.4763,1.4763
1770254400,1.4763,1.4766,1.4712,1.4717
1770254460,1.4717,1.4727,1.4646,1.4647
1770254520,1.4647,1.4653,1.4613,1.4635
1770254580,1.4635,1.4669,1.46,1.46
1770254640,1.46,1.4705,1.4598,1.4696
1770254700,1.4696,1.474,1.4672,1.47
1770254760,1.47,1.4729,1.4687,1.4716
1770254820,1.4716,1.4845,1.4716,1.4831
1770254880,1.4831,1.49,1.4821,1.4861
1770254940,1.4861,1.4885,1.4838,1.4862
1770255000,1.4862,1.4946,1.486,1.4867
1770255060,1.4867,1.491,1.4838,1.4854
1770255120,1.4854,1.4886,1.4835,1.4837
1770255180,1.4837,1.4896,1.4835,1.4878
1770255240,1.4878,1.4954,1.4876,1.4914
1770255300,1.4914,1.4914,1.484,1.4843
1770255360,1.4843,1.4881,1.4834,1.4871
1770255420,1.4871,1.4894,1.4842,1.488
1770255480,1.488,1.4891,1.4818,1.4819
1770255540,1.4819,1.4826,1.4804,1.4822
1770255600,1.4822,1.4829,1.4674,1.4702
1770255660,1.4702,1.4751,1.4701,1.4744
1770255720,1.4744,1.477,1.4743,1.4758
1770255780,1.4758,1.4787,1.4755,1.4763
1770255840,1.4763,1.4833,1.4763,1.4821
1770255900,1.4821,1.4834,1.4798,1.4808
1770255960,1.4808,1.4828,1.4792,1.4803
1770256020,1.4803,1.4825,1.4781,1.4798
1770256080,1.4798,1.4802,1.4776,1.4797
1770256140,1.4797,1.4804,1.4763,1.4791
1770256200,1.4791,1.4802,1.477,1.4799
1770256260,1.4799,1.4809,1.4757,1.4762
1770256320,1.4762,1.4762,1.4712,1.4729
1770256380,1.4729,1.4734,1.4693,1.4704
1770256440,1.4704,1.4726,1.4699,1.4703
1770256500,1.4703,1.4724,1.4701,1.4723
1770256560,1.4723,1.4749,1.472,1.4741
1770256620,1.4741,1.4757,1.4725,1.4756
1770256680,1.4756,1.4763,1.4748,1.4761
1770256740,1.4761,1.4772,1.4734,1.4743
1770256800,1.4743,1.4765,1.4713,1.4729
1770256860,1.4729,1.4779,1.4711,1.4776
1770256920,1.4776,1.4782,1.4724,1.473
1770256980,1.473,1.473,1.47,1.47
1770257040,1.47,1.4703,1.4677,1.4686
1770257100,1.4686,1.4727,1.4673,1.4673
1770257160,1.4673,1.468,1.4627,1.4645
1770257220,1.4645,1.4648,1.4615,1.4641
1770257280,1.4641,1.4714,1.4641,1.4712
1770257340,1.4712,1.4727,1.4677,1.4682
1770257400,1.4682,1.4706,1.4675,1.4706
1770257460,1.4706,1.4713,1.4652,1.4698
1770257520,1.4698,1.4698,1.4625,1.4627
1770257580,1.4627,1.4632,1.4602,1.4628
1770257640,1.4628,1.4635,1.462,1.4629
1770257700,1.4629,1.4638,1.4609,1.4624
1770257760,1.4624,1.4634,1.4564,1.4573
1770257820,1.4573,1.467,1.4556,1.4615
1770257880,1.4615,1.4662,1.4588,1.4657
1770257940,1.4657,1.4709,1.4652,1.4657
1770258000,1.4657,1.4698,1.4648,1.4662
1770258060,1.4662,1.4711,1.4655,1.4686
1770258120,1.4686,1.4702,1.4665,1.4688
1770258180,1.4688,1.4694,1.4666,1.4683
1770258240,1.4683,1.4689,1.4666,1.4689
1770258300,1.4689,1.47,1.4645,1.4649
1770258360,1.4649,1.4656,1.463,1.4647
1770258420,1.4647,1.4683,1.4635,1.4675
1770258480,1.4675,1.4697,1.4668,1.4684
1770258540,1.4684,1.4697,1.4678,1.4694
1770258600,1.4694,1.4721,1.4678,1.471
1770258660,1.471,1.4716,1.4678,1.471
1770258720,1.471,1.4723,1.4676,1.4711
1770258780,1.4711,1.4725,1.468,1.4687
1770258840,1.4687,1.47,1.4677,1.4699
1770258900,1.4699,1.4819,1.4696,1.4801
1770258960,1.4801,1.4846,1.4785,1.4792
1770259020,1.4792,1.4806,1.4782,1.4789
1770259080,1.4789,1.4816,1.4773,1.4788
1770259140,1.4788,1.4802,1.477,1.4788
1770259200,1.4788,1.4788,1.4733,1.4741
1770259260,1.4741,1.4785,1.4737,1.475
1770259320,1.475,1.4798,1.4747,1.4797
1770259380,1.4797,1.4811,1.4775,1.481
1770259440,1.481,1.4812,1.4775,1.4777
1770259500,1.4777,1.4781,1.4715,1.4715
1770259560,1.4715,1.4715,1.4678,1.4678
1770259620,1.4678,1.4687,1.464,1.4643
1770259680,1.4643,1.4654,1.4614,1.4615
1770259740,1.4615,1.4643,1.461,1.4615
1770259800,1.4615,1.4619,1.4582,1.4609
1770259860,1.4609,1.4616,1.4567,1.4607
1770259920,1.4607,1.4654,1.4591,1.4599
1770259980,1.4599,1.4638,1.4594,1.4634
1770260040,1.4634,1.4638,1.4612,1.4615
1770260100,1.4615,1.4615,1.4576,1.4591
1770260160,1.4591,1.4613,1.4583,1.4611
1770260220,1.4611,1.4624,1.4607,1.4612
1770260280,1.4612,1.4618,1.4568,1.4575
1770260340,1.4575,1.4581,1.45,1.4523
1770260400,1.4523,1.4604,1.4502,1.4598
1770260460,1.4598,1.461,1.457,1.4585
1770260520,1.4585,1.4629,1.4577,1.4581
1770260580,1.4581,1.4589,1.4553,1.4568
1770260640,1.4568,1.4581,1.455,1.4564
1770260700,1.4564,1.4568,1.4542,1.4553
1770260760,1.4553,1.4553,1.4482,1.4511
1770260820,1.4511,1.4567,1.4511,1.4567
1770260880,1.4567,1.4628,1.4567,1.4621
1770260940,1.4621,1.4649,1.4609,1.4646
1770261000,1.4646,1.466,1.4634,1.4647
1770261060,1.4647,1.4647,1.4613,1.4622
1770261120,1.4622,1.4622,1.4567,1.4577
1770261180,1.4577,1.4583,1.4542,1.4551
1770261240,1.4551,1.4561,1.4544,1.4551
1770261300,1.4551,1.4559,1.4486,1.449
1770261360,1.449,1.45,1.4451,1.4458
1770261420,1.4458,1.4486,1.4458,1.4479
1770261480,1.4479,1.4526,1.4478,1.4511
1770261540,1.4511,1.4563,1.4511,1.4531
1770261600,1.4531,1.4607,1.453,1.4593
1770261660,1.4593,1.462,1.4552,1.4557
1770261720,1.4557,1.4585,1.4553,1.4579
1770261780,1.4579,1.4596,1.4559,1.4563
1770261840,1.4563,1.4569,1.4546,1.4559
1770261900,1.4559,1.4575,1.4546,1.4558
1770261960,1.4558,1.4572,1.454,1.4551
1770262020,1.4551,1.4551,1.4508,1.4539
1770262080,1.4539,1.4547,1.4511,1.4515
1770262140,1.4515,1.4515,1.4499,1.4512
1770262200,1.4512,1.4513,1.4474,1.4474
1770262260,1.4474,1.4512,1.4474,1.4512
1770262320,1.4512,1.4514,1.4482,1.4482
1770262380,1.4482,1.4487,1.4457,1.4469
1770262440,1.4469,1.4493,1.4462,1.4483
1770262500,1.4483,1.4505,1.4483,1.4488
1770262560,1.4488,1.4491,1.4446,1.4446
1770262620,1.4446,1.4472,1.4439,1.4463
1770262680,1.4463,1.4465,1.4439,1.4453
1770262740,1.4453,1.4465,1.4434,1.444
1770262800,1.444,1.4454,1.4428,1.4436
1770262860,1.4436,1.4483,1.4436,1.4471
1770262920,1.4471,1.449,1.4437,1.4447
1770262980,1.4447,1.4479,1.4437,1.4463
1770263040,1.4463,1.447,1.4427,1.4433
1770263100,1.4433,1.4434,1.4416,1.4417
1770263160,1.4417,1.4477,1.4416,1.444
1770263220,1.444,1.4454,1.4432,1.4443
1770263280,1.4443,1.4458,1.4438,1.4442
1770263340,1.4442,1.4443,1.44,1.4435
1770263400,1.4435,1.4439,1.44,1.4405
1770263460,1.4405,1.442,1.4388,1.4412
1770263520,1.4412,1.4423,1.4398,1.4418
1770263580,1.4418,1.4442,1.4411,1.4413
1770263640,1.4413,1.4423,1.4406,1.4411
1770263700,1.4411,1.4431,1.441,1.4425
1770263760,1.4425,1.4443,1.4421,1.4442
1770263820,1.4442,1.4442,1.44,1.4417
1770263880,1.4417,1.4419,1.4386,1.4414
1770263940,1.4414,1.4434,1.4409,1.4427
1770264000,1.4427,1.4453,1.4423,1.4449
1770264060,1.4449,1.4451,1.4433,1.4444
1770264120,1.4444,1.4449,1.4424,1.4432
1770264180,1.4432,1.4462,1.4423,1.4423
1770264240,1.4423,1.4445,1.4419,1.4422
1770264300,1.4422,1.4447,1.4422,1.4435
1770264360,1.4435,1.4449,1.437,1.4389
1770264420,1.4389,1.4448,1.4384,1.4405
1770264480,1.4405,1.4409,1.438,1.4383
1770264540,1.4383,1.4495,1.4376,1.4474
1770264600,1.4474,1.4557,1.4446,1.4448
1770264660,1.4448,1.4485,1.4437,1.4484
1770264720,1.4484,1.4491,1.4464,1.4472
1770264780,1.4472,1.4488,1.4448,1.4449
1770264840,1.4449,1.446,1.4388,1.443
1770264900,1.443,1.445,1.4408,1.4437
1770264960,1.4437,1.4448,1.4388,1.4392
1770265020,1.4392,1.4431,1.4357,1.4429
1770265080,1.4429,1.4475,1.4403,1.4469
1770265140,1.4469,1.4483,1.4444,1.4455
1770265200,1.4455,1.452,1.4455,1.4512
1770265260,1.4512,1.4523,1.4474,1.4498
1770265320,1.4498,1.452,1.4471,1.4478
1770265380,1.4478,1.4478,1.4441,1.4472
1770265440,1.4472,1.4485,1.4453,1.4485
1770265500,1.4485,1.4518,1.4474,1.4509
1770265560,1.4509,1.4514,1.4474,1.4474
1770265620,1.4474,1.4484,1.442,1.4472
1770265680,1.4472,1.4493,1.4466,1.4482
1770265740,1.4482,1.45,1.4471,1.45
1770265800,1.45,1.4505,1.4433,1.4444
1770265860,1.4444,1.4479,1.4438,1.4438
1770265920,1.4438,1.447,1.4429,1.4463
1770265980,1.4463,1.4469,1.4436,1.4438
1770266040,1.4438,1.4446,1.442,1.4437
1770266100,1.4437,1.445,1.4433,1.4446
1770266160,1.4446,1.4468,1.4434,1.4437
1770266220,1.4437,1.4478,1.4436,1.4478
1770266280,1.4478,1.4503,1.4469,1.4489
1770266340,1.4489,1.4496,1.4455,1.4465
1770266400,1.4465,1.4508,1.4462,1.4507
1770266460,1.4507,1.4555,1.4494,1.4555
1770266520,1.4555,1.4575,1.4537,1.4565
1770266580,1.4565,1.457,1.4545,1.456
1770266640,1.456,1.4573,1.4546,1.4566
1770266700,1.4566,1.4567,1.4545,1.456
1770266760,1.456,1.456,1.4537,1.4547
1770266820,1.4547,1.4549,1.4537,1.4537
1770266880,1.4537,1.4545,1.4525,1.4538
1770266940,1.4538,1.4541,1.4506,1.4521
1770267000,1.4521,1.4545,1.4509,1.4532
1770267060,1.4532,1.4557,1.4531,1.4545
1770267120,1.4545,1.4546,1.4515,1.452
1770267180,1.452,1.4523,1.4469,1.4471
1770267240,1.4471,1.448,1.4469,1.4473
1770267300,1.4473,1.4484,1.446,1.446
1770267360,1.446,1.446,1.4431,1.4437
1770267420,1.4437,1.4448,1.4437,1.4442
1770267480,1.4442,1.4464,1.444,1.4454
1770267540,1.4454,1.4457,1.4445,1.4451
1770267600,1.4451,1.4482,1.4447,1.4468
1770267660,1.4468,1.4483,1.4459,1.4463
1770267720,1.4463,1.4467,1.4445,1.4461
1770267780,1.4461,1.4475,1.4458,1.4471
1770267840,1.4471,1.4472,1.4441,1.4468
1770267900,1.4468,1.4475,1.4455,1.4464
1770267960,1.4464,1.4464,1.4441,1.4442
1770268020,1.4442,1.4457,1.4436,1.4451
1770268080,1.4451,1.4453,1.4413,1.4422
1770268140,1.4422,1.4433,1.4415,1.4423
1770268200,1.4423,1.444,1.4422,1.4439
1770268260,1.4439,1.4464,1.4439,1.4463
1770268320,1.4463,1.4487,1.4457,1.4485
1770268380,1.4485,1.4527,1.4485,1.4518
1770268440,1.4518,1.4519,1.4492,1.4493
1770268500,1.4493,1.4503,1.4478,1.4501
1770268560,1.4501,1.4512,1.45,1.451
1770268620,1.451,1.4511,1.4497,1.4501
1770268680,1.4501,1.4501,1.4431,1.4438
1770268740,1.4438,1.444,1.4392,1.4416
1770268800,1.4416,1.4428,1.4397,1.4422
1770268860,1.4422,1.4422,1.437,1.437
1770268920,1.437,1.4383,1.431,1.4336
1770268980,1.4336,1.4353,1.4329,1.4336
1770269040,1.4336,1.4341,1.4308,1.4341
1770269100,1.4341,1.4363,1.4329,1.4339
1770269160,1.4339,1.4339,1.4313,1.4316
1770269220,1.4316,1.4359,1.4304,1.4341
1770269280,1.4341,1.4371,1.4322,1.4364
1770269340,1.4364,1.4407,1.4342,1.4346
1770269400,1.4346,1.4366,1.4333,1.4361
1770269460,1.4361,1.438,1.4335,1.4341
1770269520,1.4341,1.4347,1.4292,1.4323
1770269580,1.4323,1.4369,1.4323,1.436
1770269640,1.436,1.4368,1.435,1.4364
1770269700,1.4364,1.4405,1.4359,1.439
1770269760,1.439,1.4409,1.4377,1.4399
1770269820,1.4399,1.4489,1.4398,1.4489
1770269880,1.4489,1.4489,1.4439,1.445
1770269940,1.445,1.4458,1.4437,1.4457
1770270000,1.4457,1.4474,1.4447,1.4467
1770270060,1.4467,1.4578,1.4464,1.4534
1770270120,1.4534,1.4549,1.4521,1.4546
1770270180,1.4546,1.4554,1.4526,1.4542
1770270240,1.4542,1.4559,1.4522,1.4532
1770270300,1.4532,1.4542,1.4468,1.4483
1770270360,1.4483,1.4495,1.4457,1.4461
1770270420,1.4461,1.4465,1.4417,1.4425
1770270480,1.4425,1.4434,1.441,1.4429
1770270540,1.4429,1.443,1.4401,1.4409
1770270600,1.4409,1.4446,1.4402,1.4443
1770270660,1.4443,1.4463,1.4443,1.4452
1770270720,1.4452,1.4458,1.442,1.4435
1770270780,1.4435,1.4435,1.442,1.4432
1770270840,1.4432,1.4437,1.4414,1.4437
1770270900,1.4437,1.4437,1.4412,1.442
1770270960,1.442,1.4423,1.4411,1.4413
1770271020,1.4413,1.4449,1.4413,1.4434
1770271080,1.4434,1.4437,1.4418,1.4419
1770271140,1.4419,1.4419,1.4402,1.441
1770271200,1.441,1.4434,1.4402,1.4414
1770271260,1.4414,1.4428,1.4393,1.4393
1770271320,1.4393,1.4409,1.4383,1.4398
1770271380,1.4398,1.4398,1.433,1.433
1770271440,1.433,1.4356,1.4304,1.4327
1770271500,1.4327,1.4327,1.4279,1.4286
1770271560,1.4286,1.4315,1.4285,1.4306
1770271620,1.4306,1.4335,1.4285,1.4285
1770271680,1.4285,1.4306,1.4285,1.4291
1770271740,1.4291,1.4298,1.4259,1.4273
1770271800,1.4273,1.432,1.4261,1.431
1770271860,1.431,1.4324,1.4296,1.4301
1770271920,1.4301,1.4318,1.43,1.4301
1770271980,1.4301,1.4311,1.43,1.4311
1770272040,1.4311,1.4316,1.4293,1.4301
1770272100,1.4301,1.4313,1.4293,1.4295
1770272160,1.4295,1.4324,1.4294,1.4321
1770272220,1.4321,1.433,1.4292,1.4299
1770272280,1.4299,1.4299,1.4248,1.4249
1770272340,1.4249,1.4262,1.4234,1.4249
1770272400,1.4249,1.4253,1.4237,1.424
1770272460,1.424,1.4251,1.4219,1.4229
1770272520,1.4229,1.4247,1.4229,1.4231
1770272580,1.4231,1.426,1.4231,1.4255
1770272640,1.4255,1.426,1.4226,1.4226
1770272700,1.4226,1.4226,1.4196,1.4215
1770272760,1.4215,1.4219,1.4197,1.4206
1770272820,1.4206,1.4212,1.4196,1.4211
1770272880,1.4211,1.4232,1.4198,1.421
1770272940,1.421,1.4244,1.421,1.4244
1770273000,1.4244,1.4277,1.4244,1.4273
1770273060,1.4273,1.4281,1.425,1.4255
1770273120,1.4255,1.4277,1.4252,1.426
1770273180,1.426,1.428,1.426,1.4266
1770273240,1.4266,1.4309,1.4265,1.4294
1770273300,1.4294,1.4313,1.4283,1.4305
1770273360,1.4305,1.4321,1.4299,1.43
1770273420,1.43,1.43,1.4248,1.4289
1770273480,1.4289,1.4324,1.4288,1.4306
1770273540,1.4306,1.4311,1.4299,1.431
1770273600,1.431,1.431,1.4291,1.4295
1770273660,1.4295,1.4306,1.4284,1.4306
1770273720,1.4306,1.4313,1.4292,1.4294
1770273780,1.4294,1.4297,1.428,1.4291
1770273840,1.4291,1.4302,1.427,1.4271
1770273900,1.4271,1.4298,1.4269,1.4298
1770273960,1.4298,1.4299,1.4259,1.4261
1770274020,1.4261,1.4276,1.4171,1.4192
1770274080,1.4192,1.421,1.4184,1.4193
1770274140,1.4193,1.4253,1.4192,1.4212
1770274200,1.4212,1.423,1.4205,1.4215
1770274260,1.4215,1.4226,1.42,1.4211
1770274320,1.4211,1.4229,1.4209,1.4227
1770274380,1.4227,1.4228,1.4193,1.4202
1770274440,1.4202,1.4222,1.419,1.4207
1770274500,1.4207,1.4235,1.4205,1.4232
1770274560,1.4232,1.4251,1.422,1.4251
1770274620,1.4251,1.4263,1.4246,1.425
1770274680,1.425,1.427,1.4246,1.427
1770274740,1.427,1.4272,1.4252,1.4258
1770274800,1.4258,1.4273,1.4243,1.4273
1770274860,1.4273,1.4386,1.4273,1.4377
1770274920,1.4377,1.448,1.4377,1.4434
1770274980,1.4434,1.4448,1.4407,1.4427
1770275040,1.4427,1.4454,1.4406,1.4446
1770275100,1.4446,1.4446,1.4392,1.4407
1770275160,1.4407,1.4408,1.4393,1.44
1770275220,1.44,1.4446,1.4361,1.4366
1770275280,1.4366,1.4366,1.432,1.4334
1770275340,1.4334,1.4346,1.4331,1.4331
1770275400,1.4331,1.4335,1.4316,1.4329
1770275460,1.4329,1.4342,1.4319,1.434
1770275520,1.434,1.434,1.4328,1.4338
1770275580,1.4338,1.4341,1.4322,1.4333
1770275640,1.4333,1.4333,1.4313,1.4325
1770275700,1.4325,1.4338,1.431,1.4312
1770275760,1.4312,1.4373,1.4304,1.4368
1770275820,1.4368,1.4376,1.434,1.4351
1770275880,1.4351,1.4351,1.4322,1.4338
1770275940,1.4338,1.4363,1.4327,1.4362
1770276000,1.4362,1.4368,1.4339,1.4361
1770276060,1.4361,1.4395,1.4339,1.4391
1770276120,1.4391,1.4426,1.4371,1.4377
1770276180,1.4377,1.4381,1.4368,1.4372
1770276240,1.4372,1.4404,1.4368,1.4396
1770276300,1.4396,1.4429,1.4393,1.4426
1770276360,1.4426,1.444,1.4416,1.4418
1770276420,1.4418,1.449,1.4408,1.4479
1770276480,1.4479,1.4489,1.4459,1.4472
1770276540,1.4472,1.4489,1.4461,1.4465
1770276600,1.4465,1.4472,1.4446,1.4464
1770276660,1.4464,1.4482,1.4452,1.4476
1770276720,1.4476,1.4484,1.4447,1.4451
1770276780,1.4451,1.4461,1.4444,1.4456
1770276840,1.4456,1.4456,1.4439,1.445
1770276900,1.445,1.4459,1.4434,1.4442
1770276960,1.4442,1.4445,1.4421,1.4427
1770277020,1.4427,1.4441,1.4416,1.4424
1770277080,1.4424,1.4424,1.4395,1.4408
1770277140,1.4408,1.4408,1.438,1.439
1770277200,1.439,1.4412,1.4389,1.4411
1770277260,1.4411,1.4421,1.4358,1.438
1770277320,1.438,1.4397,1.4373,1.4393
1770277380,1.4393,1.4404,1.4382,1.4403
1770277440,1.4403,1.4421,1.4403,1.4416
1770277500,1.4416,1.4419,1.4407,1.4408
1770277560,1.4408,1.4426,1.4407,1.4421
1770277620,1.4421,1.4429,1.4407,1.4413
1770277680,1.4413,1.4421,1.4371,1.4373
1770277740,1.4373,1.4399,1.4372,1.439
1770277800,1.439,1.4391,1.4357,1.4379
1770277860,1.4379,1.4389,1.4375,1.4383
1770277920,1.4383,1.4394,1.4378,1.439
1770277980,1.439,1.4395,1.4384,1.4395
1770278040,1.4395,1.4399,1.438,1.4389
1770278100,1.4389,1.4389,1.4361,1.4361
1770278160,1.4361,1.4365,1.4324,1.4327
1770278220,1.4327,1.433,1.4297,1.4314
1770278280,1.4314,1.4321,1.4305,1.4319
1770278340,1.4319,1.432,1.4304,1.4316
1770278400,1.4316,1.4345,1.4313,1.432
1770278460,1.432,1.4355,1.4316,1.4347
1770278520,1.4347,1.4358,1.4316,1.432
1770278580,1.432,1.4357,1.432,1.434
1770278640,1.434,1.4343,1.4321,1.4328
1770278700,1.4328,1.4337,1.4312,1.4334
1770278760,1.4334,1.4357,1.433,1.4356
1770278820,1.4356,1.4368,1.4346,1.4362
1770278880,1.4362,1.4365,1.4323,1.433
1770278940,1.433,1.4338,1.4328,1.4334
1770279000,1.4334,1.4336,1.4315,1.433
1770279060,1.433,1.4337,1.4314,1.4335
1770279120,1.4335,1.4346,1.4321,1.4335
1770279180,1.4335,1.4335,1.4309,1.4324
1770279240,1.4324,1.4338,1.4315,1.4338
1770279300,1.4338,1.4347,1.4329,1.4347
1770279360,1.4347,1.4356,1.4324,1.4325
1770279420,1.4325,1.4327,1.4284,1.4327
1770279480,1.4327,1.4331,1.4311,1.4322
1770279540,1.4322,1.433,1.4309,1.4318
1770279600,1.4318,1.4336,1.4308,1.4327
1770279660,1.4327,1.4327,1.4294,1.4296
1770279720,1.4296,1.4316,1.4296,1.4299
1770279780,1.4299,1.4301,1.4274,1.4283
1770279840,1.4283,1.4302,1.4272,1.4284
1770279900,1.4284,1.4303,1.428,1.4297
1770279960,1.4297,1.4331,1.4291,1.4328
1770280020,1.4328,1.4364,1.4314,1.4318
1770280080,1.4318,1.4343,1.4307,1.4307
1770280140,1.4307,1.4326,1.4298,1.4325
1770280200,1.4325,1.4363,1.432,1.436
1770280260,1.436,1.4427,1.4356,1.4397
1770280320,1.4397,1.4403,1.4382,1.4397
1770280380,1.4397,1.4407,1.438,1.4382
1770280440,1.4382,1.4389,1.4372,1.4384
1770280500,1.4384,1.4403,1.438,1.4403
1770280560,1.4403,1.4403,1.4346,1.4348
1770280620,1.4348,1.4379,1.4347,1.4362
1770280680,1.4362,1.4394,1.4362,1.4391
1770280740,1.4391,1.4395,1.438,1.4394
1770280800,1.4394,1.4399,1.438,1.4382
1770280860,1.4382,1.4382,1.436,1.436
1770280920,1.436,1.4361,1.4339,1.436
1770280980,1.436,1.436,1.4342,1.4343
1770281040,1.4343,1.4354,1.4339,1.4341
1770281100,1.4341,1.4341,1.4307,1.431
1770281160,1.431,1.4339,1.4302,1.4338
1770281220,1.4338,1.4373,1.4338,1.4353
1770281280,1.4353,1.4358,1.4322,1.4323
1770281340,1.4323,1.4327,1.431,1.4316
1770281400,1.4316,1.4321,1.4283,1.4287
1770281460,1.4287,1.4297,1.4276,1.4277
1770281520,1.4277,1.4296,1.4277,1.4287
1770281580,1.4287,1.4312,1.4287,1.4302
1770281640,1.4302,1.4318,1.4301,1.4307
1770281700,1.4307,1.4314,1.4293,1.4297
1770281760,1.4297,1.4332,1.4297,1.4325
1770281820,1.4325,1.4332,1.4316,1.4324
1770281880,1.4324,1.4333,1.4316,1.4326
1770281940,1.4326,1.4326,1.4252,1.427
1770282000,1.427,1.4283,1.4263,1.4275
1770282060,1.4275,1.4295,1.427,1.4286
1770282120,1.4286,1.4299,1.4284,1.4294
1770282180,1.4294,1.4303,1.4265,1.4269
1770282240,1.4269,1.4284,1.4268,1.4282
1770282300,1.4282,1.4314,1.4264,1.4306
1770282360,1.4306,1.4338,1.4286,1.432
1770282420,1.432,1.433,1.4308,1.433
1770282480,1.433,1.4436,1.4329,1.4407
1770282540,1.4407,1.4436,1.4386,1.4412
1770282600,1.4412,1.4438,1.437,1.4379
1770282660,1.4379,1.4406,1.4378,1.4399
1770282720,1.4399,1.4411,1.4376,1.4399
1770282780,1.4399,1.4411,1.4375,1.4403
1770282840,1.4403,1.4403,1.4381,1.4385
1770282900,1.4385,1.4394,1.4364,1.4394
1770282960,1.4394,1.444,1.4394,1.4429
1770283020,1.4429,1.443,1.4395,1.4396
1770283080,1.4396,1.4397,1.4376,1.4386
1770283140,1.4386,1.4386,1.4343,1.4349
1770283200,1.4349,1.4373,1.4341,1.4372
1770283260,1.4372,1.4372,1.431,1.431
1770283320,1.431,1.4321,1.4292,1.4303
1770283380,1.4303,1.4311,1.4286,1.4308
1770283440,1.4308,1.431,1.4291,1.4298
1770283500,1.4298,1.4306,1.4288,1.4289
1770283560,1.4289,1.4298,1.4283,1.4294
1770283620,1.4294,1.4311,1.4294,1.4304
1770283680,1.4304,1.4304,1.428,1.43
1770283740,1.43,1.4308,1.4295,1.4303
1770283800,1.4303,1.4307,1.4296,1.4303
1770283860,1.4303,1.4313,1.4298,1.43
1770283920,1.43,1.4306,1.4242,1.4252
1770283980,1.4252,1.4258,1.4222,1.4239
1770284040,1.4239,1.4246,1.4222,1.4229
1770284100,1.4229,1.4229,1.4192,1.4194
1770284160,1.4194,1.4211,1.4177,1.4211
1770284220,1.4211,1.4216,1.4204,1.4204
1770284280,1.4204,1.4207,1.418,1.4184
1770284340,1.4184,1.4188,1.4154,1.4183
1770284400,1.4183,1.4225,1.4183,1.4213
1770284460,1.4213,1.4233,1.4195,1.4195
1770284520,1.4195,1.4198,1.4166,1.417
1770284580,1.417,1.4181,1.416,1.4178
1770284640,1.4178,1.418,1.4143,1.4147
1770284700,1.4147,1.4169,1.4141,1.4167
1770284760,1.4167,1.417,1.4153,1.4165
1770284820,1.4165,1.4165,1.4133,1.4152
1770284880,1.4152,1.4166,1.414,1.4143
1770284940,1.4143,1.4143,1.4114,1.4126
1770285000,1.4126,1.4153,1.4122,1.4141
1770285060,1.4141,1.4166,1.4141,1.4145
1770285120,1.4145,1.4151,1.4133,1.4136
1770285180,1.4136,1.4162,1.4134,1.4158
1770285240,1.4158,1.417,1.4155,1.4158
1770285300,1.4158,1.416,1.4144,1.4156
1770285360,1.4156,1.417,1.4144,1.4158
1770285420,1.4158,1.4158,1.413,1.4131
1770285480,1.4131,1.4144,1.4127,1.4127
1770285540,1.4127,1.4134,1.4121,1.4133
1770285600,1.4133,1.4146,1.4124,1.4124
1770285660,1.4124,1.4137,1.4112,1.4119
1770285720,1.4119,1.4123,1.4088,1.4109
1770285780,1.4109,1.4112,1.4069,1.407
1770285840,1.407,1.4096,1.4065,1.4086
1770285900,1.4086,1.4092,1.4038,1.4044
1770285960,1.4044,1.4046,1.4021,1.4022
1770286020,1.4022,1.4072,1.398,1.4049
1770286080,1.4049,1.4058,1.4002,1.4005
1770286140,1.4005,1.4021,1.3974,1.3981
1770286200,1.3981,1.4012,1.398,1.398
1770286260,1.398,1.4012,1.398,1.4002
1770286320,1.4002,1.4008,1.3989,1.4001
1770286380,1.4001,1.4024,1.4,1.4015
1770286440,1.4015,1.4072,1.401,1.4057
1770286500,1.4057,1.4078,1.404,1.4049
1770286560,1.4049,1.4056,1.4034,1.4038
1770286620,1.4038,1.4063,1.4036,1.4058
1770286680,1.4058,1.4107,1.4058,1.4095
1770286740,1.4095,1.413,1.4095,1.4113
1770286800,1.4113,1.4143,1.4108,1.4117
1770286860,1.4117,1.4129,1.4102,1.4108
1770286920,1.4108,1.4109,1.4065,1.4068
1770286980,1.4068,1.4076,1.4038,1.4044
1770287040,1.4044,1.407,1.4035,1.4055
1770287100,1.4055,1.4057,1.4019,1.4024
1770287160,1.4024,1.4047,1.402,1.4041
1770287220,1.4041,1.4056,1.404,1.4044
1770287280,1.4044,1.4068,1.4035,1.4064
1770287340,1.4064,1.407,1.4053,1.4064
1770287400,1.4064,1.407,1.4048,1.406
1770287460,1.406,1.4077,1.4059,1.4076
1770287520,1.4076,1.4082,1.4037,1.4037
1770287580,1.4037,1.4045,1.4003,1.4007
1770287640,1.4007,1.4007,1.3984,1.3985
1770287700,1.3985,1.3998,1.3927,1.3941
1770287760,1.3941,1.3978,1.394,1.3965
1770287820,1.3965,1.3968,1.3934,1.3938
1770287880,1.3938,1.3939,1.3912,1.3919
1770287940,1.3919,1.3926,1.3902,1.3903
1770288000,1.3903,1.3921,1.3896,1.3906
1770288060,1.3906,1.3927,1.3885,1.3888
1770288120,1.3888,1.3892,1.387,1.3882
1770288180,1.3882,1.3894,1.387,1.3872
1770288240,1.3872,1.3889,1.3865,1.3872
1770288300,1.3872,1.3886,1.3847,1.3857
1770288360,1.3857,1.3866,1.3827,1.384
1770288420,1.384,1.3855,1.3821,1.3825
1770288480,1.3825,1.383,1.3762,1.3772
1770288540,1.3772,1.3798,1.3761,1.3763
1770288600,1.3763,1.3778,1.375,1.3751
1770288660,1.3751,1.3755,1.3678,1.3696
1770288720,1.3696,1.3708,1.3635,1.3667
1770288780,1.3667,1.37,1.3651,1.369
1770288840,1.369,1.3692,1.363,1.3643
1770288900,1.3643,1.365,1.3577,1.3581
1770288960,1.3581,1.3657,1.3573,1.3633
1770289020,1.3633,1.3645,1.356,1.3573
1770289080,1.3573,1.3657,1.3572,1.364
1770289140,1.364,1.3683,1.3636,1.3667
1770289200,1.3667,1.3704,1.366,1.3687
1770289260,1.3687,1.3759,1.3687,1.3741
1770289320,1.3741,1.3781,1.3735,1.3767
1770289380,1.3767,1.3769,1.3727,1.3763
1770289440,1.3763,1.3788,1.3722,1.3727
1770289500,1.3727,1.3761,1.3726,1.3739
1770289560,1.3739,1.3822,1.3737,1.3814
1770289620,1.3814,1.3814,1.3774,1.3779
1770289680,1.3779,1.3788,1.3747,1.3767
1770289740,1.3767,1.3791,1.3763,1.3784
1770289800,1.3784,1.3786,1.3746,1.376
1770289860,1.376,1.3769,1.3708,1.3711
1770289920,1.3711,1.3725,1.3676,1.3678
1770289980,1.3678,1.3681,1.363,1.3631
1770290040,1.3631,1.3642,1.3578,1.36
1770290100,1.36,1.3626,1.3589,1.3602
1770290160,1.3602,1.3615,1.3551,1.3577
1770290220,1.3577,1.3657,1.3575,1.3622
1770290280,1.3622,1.3622,1.3568,1.3602
1770290340,1.3602,1.3618,1.3582,1.3583
1770290400,1.3583,1.3598,1.3559,1.3581
1770290460,1.3581,1.3582,1.3523,1.3524
1770290520,1.3524,1.3543,1.3471,1.3496
1770290580,1.3496,1.3542,1.3489,1.3491
1770290640,1.3491,1.3511,1.3419,1.3426
1770290700,1.3426,1.3495,1.3422,1.3485
1770290760,1.3485,1.3496,1.3437,1.3466
1770290820,1.3466,1.3503,1.3437,1.3439
1770290880,1.3439,1.3455,1.3424,1.3441
1770290940,1.3441,1.3471,1.3426,1.3464
1770291000,1.3464,1.3536,1.3464,1.3483
1770291060,1.3483,1.3508,1.3458,1.349
1770291120,1.349,1.3504,1.3462,1.3476
1770291180,1.3476,1.353,1.3476,1.3511
1770291240,1.3511,1.3535,1.3511,1.3528
1770291300,1.3528,1.3559,1.3517,1.3526
1770291360,1.3526,1.3586,1.3502,1.3579
1770291420,1.3579,1.3596,1.3553,1.3591
1770291480,1.3591,1.3643,1.3589,1.3642
1770291540,1.3642,1.3706,1.3642,1.3673
1770291600,1.3673,1.3774,1.3673,1.377
1770291660,1.377,1.377,1.3731,1.3764
1770291720,1.3764,1.3802,1.3747,1.3765
1770291780,1.3765,1.3772,1.3741,1.3741
1770291840,1.3741,1.3759,1.3729,1.3729
1770291900,1.3729,1.3737,1.3712,1.3729
1770291960,1.3729,1.3744,1.3671,1.3678
1770292020,1.3678,1.3701,1.3666,1.3688
1770292080,1.3688,1.3744,1.3688,1.3736
1770292140,1.3736,1.3736,1.3674,1.3683
1770292200,1.3683,1.3689,1.3638,1.3642
1770292260,1.3642,1.367,1.3635,1.3651
1770292320,1.3651,1.3661,1.362,1.362
1770292380,1.362,1.3633,1.3581,1.3621
1770292440,1.3621,1.3631,1.3587,1.3604
1770292500,1.3604,1.3658,1.3601,1.3657
1770292560,1.3657,1.3658,1.3597,1.3618
1770292620,1.3618,1.3626,1.3591,1.3614
1770292680,1.3614,1.3623,1.361,1.3621
1770292740,1.3621,1.3648,1.362,1.3648
1770292800,1.3648,1.3686,1.3628,1.3686
1770292860,1.3686,1.3731,1.3677,1.3721
1770292920,1.3721,1.3741,1.3699,1.3737
1770292980,1.3737,1.3769,1.3732,1.3754
1770293040,1.3754,1.3771,1.3725,1.3734
1770293100,1.3734,1.3752,1.3715,1.3738
1770293160,1.3738,1.3757,1.3711,1.3757
1770293220,1.3757,1.3757,1.3698,1.3708
1770293280,1.3708,1.3708,1.3659,1.366
1770293340,1.366,1.3673,1.3651,1.3672
1770293400,1.3672,1.3717,1.3671,1.3686
1770293460,1.3686,1.3715,1.3684,1.3693
1770293520,1.3693,1.3714,1.3685,1.3696
1770293580,1.3696,1.3714,1.3674,1.3707
1770293640,1.3707,1.3711,1.3669,1.3672
1770293700,1.3672,1.3688,1.3625,1.3626
1770293760,1.3626,1.3658,1.3602,1.3606
1770293820,1.3606,1.3621,1.3579,1.3585
1770293880,1.3585,1.3624,1.3576,1.3621
1770293940,1.3621,1.3622,1.3566,1.3584
1770294000,1.3584,1.3624,1.3583,1.3613
1770294060,1.3613,1.365,1.3599,1.3638
1770294120,1.3638,1.3661,1.3614,1.3624
1770294180,1.3624,1.3627,1.3577,1.3582
1770294240,1.3582,1.3592,1.3537,1.3539
1770294300,1.3539,1.3594,1.3532,1.3588
1770294360,1.3588,1.3681,1.3581,1.3677
1770294420,1.3677,1.3733,1.3677,1.3723
1770294480,1.3723,1.3735,1.3711,1.3726
1770294540,1.3726,1.3733,1.3684,1.3686
1770294600,1.3686,1.3761,1.3668,1.3699
1770294660,1.3699,1.3705,1.3623,1.366
1770294720,1.366,1.3702,1.3655,1.3656
1770294780,1.3656,1.3659,1.3625,1.3647
1770294840,1.3647,1.368,1.3628,1.3668
1770294900,1.3668,1.371,1.3658,1.3666
1770294960,1.3666,1.3675,1.3627,1.3675
1770295020,1.3675,1.3693,1.3671,1.3671
1770295080,1.3671,1.3671,1.3624,1.3639
1770295140,1.3639,1.3651,1.3611,1.3635
1770295200,1.3635,1.3644,1.3612,1.3638
1770295260,1.3638,1.3662,1.3624,1.3661
1770295320,1.3661,1.3677,1.3608,1.3616
1770295380,1.3616,1.363,1.3578,1.3606
1770295440,1.3606,1.363,1.3602,1.3623
1770295500,1.3623,1.3635,1.36,1.361
1770295560,1.361,1.3629,1.3598,1.3606
1770295620,1.3606,1.3623,1.3593,1.3621
1770295680,1.3621,1.3637,1.3602,1.3626
1770295740,1.3626,1.3637,1.3597,1.363
1770295800,1.363,1.3683,1.3622,1.3628
1770295860,1.3628,1.3697,1.3628,1.3682
1770295920,1.3682,1.3686,1.3639,1.3651
1770295980,1.3651,1.3651,1.3616,1.3622
1770296040,1.3622,1.3632,1.3604,1.3606
1770296100,1.3606,1.3616,1.3567,1.3615
1770296160,1.3615,1.3686,1.3615,1.3671
1770296220,1.3671,1.3681,1.3659,1.366
1770296280,1.366,1.3684,1.3659,1.3675
1770296340,1.3675,1.3678,1.3644,1.3648
1770296400,1.3648,1.3648,1.3626,1.3636
1770296460,1.3636,1.3665,1.362,1.3638
1770296520,1.3638,1.3646,1.3626,1.3633
1770296580,1.3633,1.3655,1.3628,1.3633
1770296640,1.3633,1.3639,1.3624,1.3634
1770296700,1.3634,1.3673,1.3629,1.364
1770296760,1.364,1.3664,1.3631,1.3664
1770296820,1.3664,1.3687,1.3631,1.3638
1770296880,1.3638,1.3638,1.3603,1.3612
1770296940,1.3612,1.3651,1.3597,1.365
1770297000,1.365,1.3695,1.3639,1.3639
1770297060,1.3639,1.366,1.3627,1.3627
1770297120,1.3627,1.3648,1.3618,1.3628
1770297180,1.3628,1.3629,1.3602,1.3614
1770297240,1.3614,1.3614,1.3583,1.3583
1770297300,1.3583,1.359,1.356,1.3574
1770297360,1.3574,1.3589,1.3539,1.3542
1770297420,1.3542,1.3565,1.3529,1.3549
1770297480,1.3549,1.3554,1.353,1.3538
1770297540,1.3538,1.356,1.3527,1.3539
1770297600,1.3539,1.3552,1.3506,1.3513
1770297660,1.3513,1.3532,1.3504,1.3512
1770297720,1.3512,1.3534,1.3506,1.3512
1770297780,1.3512,1.352,1.346,1.3468
1770297840,1.3468,1.3502,1.3444,1.3487
1770297900,1.3487,1.3503,1.3462,1.3462
1770297960,1.3462,1.3463,1.3409,1.343
1770298020,1.343,1.3455,1.3429,1.3441
1770298080,1.3441,1.3472,1.3423,1.3464
1770298140,1.3464,1.3469,1.3437,1.3451
1770298200,1.3451,1.3521,1.3449,1.3477
1770298260,1.3477,1.3552,1.3477,1.3534
1770298320,1.3534,1.3595,1.3534,1.3569
1770298380,1.3569,1.358,1.3532,1.3549
1770298440,1.3549,1.3575,1.3522,1.3572
1770298500,1.3572,1.3584,1.3532,1.358
1770298560,1.358,1.3594,1.356,1.3564
1770298620,1.3564,1.357,1.3528,1.3534
1770298680,1.3534,1.3568,1.3534,1.3563
1770298740,1.3563,1.3563,1.3526,1.3526
1770298800,1.3526,1.3533,1.3508,1.3514
1770298860,1.3514,1.3529,1.3507,1.3526
1770298920,1.3526,1.3543,1.3501,1.3517
1770298980,1.3517,1.354,1.3507,1.354
1770299040,1.354,1.3544,1.3516,1.3522
1770299100,1.3522,1.3536,1.3515,1.3534
1770299160,1.3534,1.3536,1.3501,1.351
1770299220,1.351,1.3517,1.3492,1.3504
1770299280,1.3504,1.3536,1.3498,1.3506
1770299340,1.3506,1.3535,1.3506,1.3533
1770299400,1.3533,1.3549,1.3524,1.3524
1770299460,1.3524,1.3552,1.3509,1.3546
1770299520,1.3546,1.357,1.3544,1.3552
1770299580,1.3552,1.3575,1.3547,1.3558
1770299640,1.3558,1.358,1.3552,1.357
1770299700,1.357,1.3588,1.3563,1.3586
1770299760,1.3586,1.3587,1.3556,1.3565
1770299820,1.3565,1.3568,1.3504,1.3513
1770299880,1.3513,1.352,1.3485,1.3517
1770299940,1.3517,1.3528,1.3513,1.3519
1770300000,1.3519,1.3591,1.3518,1.3591
1770300060,1.3591,1.3695,1.358,1.3689
1770300120,1.3689,1.3696,1.365,1.3673
1770300180,1.3673,1.3693,1.3625,1.3632
1770300240,1.3632,1.3654,1.3607,1.3627
1770300300,1.3627,1.3627,1.357,1.3574
1770300360,1.3574,1.361,1.3572,1.361
1770300420,1.361,1.3611,1.3587,1.3602
1770300480,1.3602,1.3617,1.3592,1.3604
1770300540,1.3604,1.3609,1.358,1.3605
1770300600,1.3605,1.3609,1.3553,1.3554
1770300660,1.3554,1.3589,1.3547,1.3586
1770300720,1.3586,1.3629,1.358,1.3619
1770300780,1.3619,1.3621,1.3591,1.3594
1770300840,1.3594,1.3603,1.3581,1.3586
1770300900,1.3586,1.3615,1.3537,1.3538
1770300960,1.3538,1.3559,1.3521,1.3535
1770301020,1.3535,1.3552,1.3533,1.3538
1770301080,1.3538,1.3548,1.353,1.3538
1770301140,1.3538,1.357,1.353,1.355
1770301200,1.355,1.358,1.3548,1.357
1770301260,1.357,1.3578,1.356,1.3563
1770301320,1.3563,1.3596,1.3548,1.3596
1770301380,1.3596,1.362,1.3595,1.3613
1770301440,1.3613,1.3635,1.3613,1.3624
1770301500,1.3624,1.3649,1.3624,1.3641
1770301560,1.3641,1.3641,1.3618,1.3618
1770301620,1.3618,1.3627,1.361,1.3619
1770301680,1.3619,1.3642,1.3619,1.3638
1770301740,1.3638,1.364,1.3616,1.3622
1770301800,1.3622,1.3643,1.3596,1.3621
1770301860,1.3621,1.3692,1.359,1.359
1770301920,1.359,1.3679,1.3583,1.3659
1770301980,1.3659,1.3727,1.3635,1.364
1770302040,1.364,1.37,1.3632,1.3688
1770302100,1.3688,1.3758,1.3688,1.3702
1770302160,1.3702,1.3735,1.3697,1.3699
1770302220,1.3699,1.3796,1.3669,1.3793
1770302280,1.3793,1.3822,1.3762,1.3801
1770302340,1.3801,1.3853,1.3769,1.3786
1770302400,1.3786,1.3792,1.3753,1.3784
1770302460,1.3784,1.3787,1.3714,1.3722
1770302520,1.3722,1.377,1.3712,1.3739
1770302580,1.3739,1.3788,1.3733,1.3779
1770302640,1.3779,1.3779,1.3754,1.3755
1770302700,1.3755,1.3786,1.374,1.3775
1770302760,1.3775,1.379,1.3738,1.3775
1770302820,1.3775,1.3864,1.3773,1.3796
1770302880,1.3796,1.3814,1.3743,1.3744
1770302940,1.3744,1.3761,1.3731,1.3739
1770303000,1.3739,1.3768,1.3718,1.3738
1770303060,1.3738,1.3761,1.3703,1.3712
1770303120,1.3712,1.3737,1.3701,1.371
1770303180,1.371,1.3744,1.3701,1.3709
1770303240,1.3709,1.3726,1.3658,1.3686
1770303300,1.3686,1.3688,1.3629,1.364
1770303360,1.364,1.365,1.3618,1.3635
1770303420,1.3635,1.3636,1.3567,1.358
1770303480,1.358,1.3605,1.356,1.3588
1770303540,1.3588,1.3588,1.3529,1.3561
1770303600,1.3561,1.3636,1.3529,1.3531
1770303660,1.3531,1.3587,1.3531,1.3547
1770303720,1.3547,1.358,1.3532,1.3541
1770303780,1.3541,1.3558,1.3482,1.3486
1770303840,1.3486,1.3543,1.3468,1.3513
1770303900,1.3513,1.3521,1.3388,1.3393
1770303960,1.3393,1.3431,1.3384,1.3416
1770304020,1.3416,1.3427,1.335,1.3365
1770304080,1.3365,1.3412,1.3353,1.3378
1770304140,1.3378,1.3403,1.3353,1.3372
1770304200,1.3372,1.341,1.3289,1.3299
1770304260,1.3299,1.3307,1.3263,1.3277
1770304320,1.3277,1.3285,1.3169,1.3188
1770304380,1.3188,1.324,1.3165,1.3231
1770304440,1.3231,1.3234,1.3186,1.3192
1770304500,1.3192,1.3294,1.3189,1.3284
1770304560,1.3284,1.3361,1.3269,1.329
1770304620,1.329,1.3358,1.329,1.3339
1770304680,1.3339,1.3349,1.3226,1.3227
1770304740,1.3227,1.3275,1.3189,1.3238
1770304800,1.3238,1.3246,1.3132,1.3149
1770304860,1.3149,1.3155,1.3036,1.3051
1770304920,1.3051,1.3108,1.2992,1.304
1770304980,1.304,1.3048,1.2849,1.2888
1770305040,1.2888,1.3015,1.2871,1.3005
1770305100,1.3005,1.3115,1.3005,1.3024
1770305160,1.3024,1.3026,1.294,1.2947
1770305220,1.2947,1.2996,1.2936,1.2962
1770305280,1.2962,1.3036,1.2884,1.2916
1770305340,1.2916,1.2936,1.2811,1.2824
1770305400,1.2824,1.3023,1.282,1.295
1770305460,1.295,1.2978,1.2875,1.2883
1770305520,1.2883,1.2896,1.2708,1.2749
1770305580,1.2749,1.281,1.2732,1.2744
1770305640,1.2744,1.2798,1.2671,1.2737
1770305700,1.2737,1.2914,1.2737,1.2807
1770305760,1.2807,1.2813,1.271,1.2721
1770305820,1.2721,1.2804,1.2721,1.2795
1770305880,1.2795,1.2858,1.2748,1.2854
1770305940,1.2854,1.2972,1.2851,1.2948
1770306000,1.2948,1.2978,1.2854,1.2961
1770306060,1.2961,1.305,1.2948,1.3032
1770306120,1.3032,1.3086,1.3,1.3022
1770306180,1.3022,1.3044,1.2965,1.2976
1770306240,1.2976,1.3024,1.2962,1.3002
1770306300,1.3002,1.3044,1.2922,1.2923
1770306360,1.2923,1.2929,1.284,1.2865
1770306420,1.2865,1.2908,1.285,1.2869
1770306480,1.2869,1.2922,1.2846,1.2907
1770306540,1.2907,1.2956,1.2884,1.2956
1770306600,1.2956,1.3106,1.2946,1.308
1770306660,1.308,1.3116,1.3056,1.3096
1770306720,1.3096,1.3179,1.3083,1.317
1770306780,1.317,1.3174,1.3061,1.3072
1770306840,1.3072,1.3095,1.3002,1.3005
1770306900,1.3005,1.3016,1.2983,1.3003
1770306960,1.3003,1.3044,1.2909,1.2937
1770307020,1.2937,1.2948,1.2902,1.2945
1770307080,1.2945,1.2977,1.2905,1.2939
1770307140,1.2939,1.2965,1.2916,1.2958
1770307200,1.2958,1.298,1.2894,1.2971
1770307260,1.2971,1.2998,1.2928,1.2928
1770307320,1.2928,1.2945,1.2905,1.2916
1770307380,1.2916,1.2916,1.2821,1.2849
1770307440,1.2849,1.2888,1.2839,1.2867
1770307500,1.2867,1.2905,1.2851,1.2894
1770307560,1.2894,1.2994,1.2894,1.2952
1770307620,1.2952,1.2983,1.2914,1.2926
1770307680,1.2926,1.2943,1.2886,1.2907
1770307740,1.2907,1.2907,1.285,1.2854
1770307800,1.2854,1.2995,1.2853,1.2915
1770307860,1.2915,1.2915,1.2866,1.2899
1770307920,1.2899,1.2919,1.2863,1.2864
1770307980,1.2864,1.2864,1.2816,1.2819
1770308040,1.2819,1.2866,1.2786,1.2834
1770308100,1.2834,1.2876,1.2806,1.2871
1770308160,1.2871,1.2969,1.2858,1.2963
1770308220,1.2963,1.2998,1.2923,1.2951
1770308280,1.2951,1.2955,1.2893,1.2908
1770308340,1.2908,1.2953,1.2877,1.289
1770308400,1.289,1.2954,1.2879,1.288
1770308460,1.288,1.2923,1.2848,1.2914
1770308520,1.2914,1.2994,1.2909,1.2931
1770308580,1.2931,1.2947,1.2892,1.2909
1770308640,1.2909,1.3065,1.2891,1.3065
1770308700,1.3065,1.3114,1.3013,1.3021
1770308760,1.3021,1.307,1.2996,1.2998
1770308820,1.2998,1.3035,1.298,1.2997
1770308880,1.2997,1.3048,1.2982,1.2991
1770308940,1.2991,1.2991,1.2955,1.2982
1770309000,1.2982,1.3083,1.2982,1.3004
1770309060,1.3004,1.3014,1.2966,1.2972
1770309120,1.2972,1.2973,1.2883,1.2885
1770309180,1.2885,1.2926,1.2869,1.2923
1770309240,1.2923,1.296,1.2895,1.2932
1770309300,1.2932,1.2977,1.2925,1.297
1770309360,1.297,1.3003,1.2919,1.293
1770309420,1.293,1.2957,1.2907,1.2912
1770309480,1.2912,1.2959,1.2887,1.2955
1770309540,1.2955,1.2963,1.2909,1.2915
1770309600,1.2915,1.2935,1.2877,1.2893
1770309660,1.2893,1.2908,1.2887,1.2889
1770309720,1.2889,1.2917,1.2872,1.2896
1770309780,1.2896,1.2909,1.2851,1.2852
1770309840,1.2852,1.2853,1.2827,1.285
1770309900,1.285,1.2873,1.2778,1.2782
1770309960,1.2782,1.2817,1.2781,1.28
1770310020,1.28,1.2805,1.2707,1.2738
1770310080,1.2738,1.2773,1.2715,1.2759
1770310140,1.2759,1.2769,1.2712,1.2764
1770310200,1.2764,1.282,1.2763,1.2794
1770310260,1.2794,1.2907,1.2789,1.2861
1770310320,1.2861,1.2974,1.2855,1.2967
1770310380,1.2967,1.2979,1.2898,1.2929
1770310440,1.2929,1.2982,1.2922,1.2922
1770310500,1.2922,1.2947,1.2894,1.292
1770310560,1.292,1.292,1.2805,1.2834
1770310620,1.2834,1.2855,1.2819,1.2843
1770310680,1.2843,1.2847,1.2777,1.2779
1770310740,1.2779,1.2804,1.2758,1.2797
1770310800,1.2797,1.2835,1.2733,1.274
1770310860,1.274,1.275,1.2701,1.2715
1770310920,1.2715,1.2716,1.2632,1.2644
1770310980,1.2644,1.2662,1.2594,1.2658
1770311040,1.2658,1.2659,1.2597,1.2623
1770311100,1.2623,1.2637,1.2579,1.2586
1770311160,1.2586,1.2624,1.2517,1.2518
1770311220,1.2518,1.2557,1.2508,1.253
1770311280,1.253,1.2566,1.2505,1.2534
1770311340,1.2534,1.2542,1.237,1.2383
1770311400,1.2383,1.2439,1.2373,1.2421
1770311460,1.2421,1.2441,1.2373,1.239
1770311520,1.239,1.2391,1.2322,1.2339
1770311580,1.2339,1.2382,1.2314,1.2336
1770311640,1.2336,1.238,1.229,1.2321
1770311700,1.2321,1.2359,1.2256,1.2275
1770311760,1.2275,1.2334,1.2274,1.2307
1770311820,1.2307,1.2338,1.2282,1.2336
1770311880,1.2336,1.2387,1.2304,1.2351
1770311940,1.2351,1.2398,1.232,1.2337
1770312000,1.2337,1.2364,1.215,1.2226
1770312060,1.2226,1.2314,1.2206,1.2293
1770312120,1.2293,1.2418,1.2293,1.236
1770312180,1.236,1.2485,1.2358,1.2464
1770312240,1.2464,1.2705,1.2464,1.2674
1770312300,1.2674,1.2744,1.2633,1.2717
1770312360,1.2717,1.282,1.2717,1.2731
1770312420,1.2731,1.2807,1.2694,1.2807
1770312480,1.2807,1.2827,1.2712,1.2719
1770312540,1.2719,1.2802,1.2717,1.2783
1770312600,1.2783,1.2834,1.2716,1.2718
1770312660,1.2718,1.2756,1.2594,1.2615
1770312720,1.2615,1.2647,1.2591,1.2628
1770312780,1.2628,1.2705,1.261,1.2701
1770312840,1.2701,1.2717,1.2641,1.2644
1770312900,1.2644,1.2672,1.2623,1.2663
1770312960,1.2663,1.2748,1.2659,1.2694
1770313020,1.2694,1.2702,1.2651,1.2691
1770313080,1.2691,1.2714,1.2658,1.2688
1770313140,1.2688,1.2722,1.2667,1.2677
1770313200,1.2677,1.279,1.2666,1.273
1770313260,1.273,1.2745,1.2684,1.2695
1770313320,1.2695,1.2711,1.2635,1.2635
1770313380,1.2635,1.2677,1.2622,1.2664
1770313440,1.2664,1.2665,1.2606,1.2655
1770313500,1.2655,1.2701,1.2629,1.2701
1770313560,1.2701,1.2736,1.2667,1.2711
1770313620,1.2711,1.2729,1.2668,1.2685
1770313680,1.2685,1.2693,1.2605,1.2606
1770313740,1.2606,1.2615,1.2577,1.2604
1770313800,1.2604,1.2666,1.259,1.2637
1770313860,1.2637,1.2687,1.2634,1.2658
1770313920,1.2658,1.266,1.259,1.2598
1770313980,1.2598,1.2651,1.2598,1.2631
1770314040,1.2631,1.2631,1.2595,1.2597
1770314100,1.2597,1.26,1.2552,1.2586
1770314160,1.2586,1.2602,1.2561,1.2567
1770314220,1.2567,1.258,1.2516,1.2525
1770314280,1.2525,1.2544,1.2492,1.2508
1770314340,1.2508,1.2511,1.2481,1.2499
1770314400,1.2499,1.2511,1.2458,1.2461
1770314460,1.2461,1.2548,1.2443,1.2545
1770314520,1.2545,1.2578,1.2498,1.2505
1770314580,1.2505,1.2509,1.2417,1.2463
1770314640,1.2463,1.2553,1.2458,1.2499
1770314700,1.2499,1.2544,1.2458,1.2494
1770314760,1.2494,1.2517,1.2462,1.2498
1770314820,1.2498,1.2542,1.2461,1.2468
1770314880,1.2468,1.2489,1.2409,1.2427
1770314940,1.2427,1.2478,1.2409,1.2462
1770315000,1.2462,1.2498,1.2447,1.2484
1770315060,1.2484,1.2521,1.2478,1.2518
1770315120,1.2518,1.2547,1.2481,1.2531
1770315180,1.2531,1.2538,1.2453,1.2469
1770315240,1.2469,1.2499,1.2469,1.2492
1770315300,1.2492,1.2523,1.2481,1.2523
1770315360,1.2523,1.2523,1.2367,1.2383
1770315420,1.2383,1.2418,1.237,1.2375
1770315480,1.2375,1.2385,1.2337,1.2357
1770315540,1.2357,1.2398,1.2347,1.2357
1770315600,1.2357,1.2361,1.23,1.2312
1770315660,1.2312,1.2313,1.2217,1.2224
1770315720,1.2224,1.2273,1.2185,1.2222
1770315780,1.2222,1.2254,1.219,1.2194
1770315840,1.2194,1.238,1.2194,1.2347
1770315900,1.2347,1.2363,1.2252,1.2255
1770315960,1.2255,1.2271,1.2222,1.2242
1770316020,1.2242,1.2279,1.2215,1.2225
1770316080,1.2225,1.2226,1.2176,1.2217
1770316140,1.2217,1.2247,1.2189,1.2246
1770316200,1.2246,1.2286,1.2228,1.2278
1770316260,1.2278,1.2318,1.2227,1.226
1770316320,1.226,1.2292,1.2155,1.216
1770316380,1.216,1.2237,1.216,1.2209
1770316440,1.2209,1.2247,1.2186,1.2236
1770316500,1.2236,1.23,1.2236,1.2249
1770316560,1.2249,1.2288,1.2233,1.2242
1770316620,1.2242,1.2245,1.2198,1.2203
1770316680,1.2203,1.2215,1.2158,1.2169
1770316740,1.2169,1.2197,1.2167,1.2188
1770316800,1.2188,1.2255,1.2169,1.2231
1770316860,1.2231,1.2295,1.2212,1.2285
1770316920,1.2285,1.2318,1.2261,1.2277
1770316980,1.2277,1.2301,1.2208,1.2215
1770317040,1.2215,1.225,1.2193,1.2214
1770317100,1.2214,1.2302,1.2212,1.2235
1770317160,1.2235,1.2305,1.2213,1.2222
1770317220,1.2222,1.2235,1.2175,1.2232
1770317280,1.2232,1.2294,1.2223,1.2279
1770317340,1.2279,1.2355,1.2276,1.2295
1770317400,1.2295,1.2326,1.2261,1.232
1770317460,1.232,1.2335,1.2296,1.2324
1770317520,1.2324,1.2344,1.2296,1.2304
1770317580,1.2304,1.2435,1.2304,1.243
1770317640,1.243,1.2477,1.2398,1.2411
1770317700,1.2411,1.2494,1.2392,1.2483
1770317760,1.2483,1.2584,1.2475,1.2558
1770317820,1.2558,1.2608,1.2549,1.2577
1770317880,1.2577,1.2627,1.2553,1.2622
1770317940,1.2622,1.2664,1.2596,1.2606
1770318000,1.2606,1.2621,1.2583,1.2609
1770318060,1.2609,1.2609,1.2543,1.2561
1770318120,1.2561,1.2599,1.2525,1.2532
1770318180,1.2532,1.2627,1.2525,1.2526
1770318240,1.2526,1.253,1.2459,1.248
1770318300,1.248,1.2517,1.2449,1.2507
1770318360,1.2507,1.2589,1.2497,1.2506
1770318420,1.2506,1.2517,1.2448,1.2449
1770318480,1.2449,1.2464,1.2424,1.2435
1770318540,1.2435,1.245,1.242,1.2427
1770318600,1.2427,1.2445,1.2386,1.2422
1770318660,1.2422,1.2479,1.2411,1.2473
1770318720,1.2473,1.2504,1.2431,1.2476
1770318780,1.2476,1.2492,1.2438,1.2449
1770318840,1.2449,1.2458,1.2415,1.2422
1770318900,1.2422,1.2498,1.2405,1.2493
1770318960,1.2493,1.2549,1.2457,1.2524
1770319020,1.2524,1.2557,1.2484,1.2517
1770319080,1.2517,1.2523,1.2452,1.2463
1770319140,1.2463,1.252,1.2454,1.2515
1770319200,1.2515,1.2515,1.2446,1.2452
1770319260,1.2452,1.2496,1.2437,1.2438
1770319320,1.2438,1.2439,1.2401,1.243
1770319380,1.243,1.2435,1.2396,1.24
1770319440,1.24,1.2405,1.2347,1.2369
1770319500,1.2369,1.2374,1.2281,1.2293
1770319560,1.2293,1.2327,1.2279,1.2309
1770319620,1.2309,1.2337,1.2299,1.2317
1770319680,1.2317,1.2323,1.2271,1.2277
1770319740,1.2277,1.2317,1.2265,1.2311
1770319800,1.2311,1.2326,1.2277,1.2315
1770319860,1.2315,1.2383,1.2312,1.2371
1770319920,1.2371,1.2378,1.2268,1.2269
1770319980,1.2269,1.235,1.2254,1.2298
1770320040,1.2298,1.2347,1.2281,1.2342
1770320100,1.2342,1.2362,1.2312,1.2355
1770320160,1.2355,1.2377,1.2302,1.2318
1770320220,1.2318,1.2369,1.2303,1.2362
1770320280,1.2362,1.2372,1.2335,1.2355
1770320340,1.2355,1.2366,1.2316,1.2318
1770320400,1.2318,1.2328,1.228,1.2283
1770320460,1.2283,1.2286,1.22,1.2227
1770320520,1.2227,1.2263,1.2217,1.2243
1770320580,1.2243,1.2268,1.2233,1.2258
1770320640,1.2258,1.227,1.2231,1.2238
1770320700,1.2238,1.2266,1.2225,1.224
1770320760,1.224,1.2246,1.2178,1.2205
1770320820,1.2205,1.221,1.2153,1.2176
1770320880,1.2176,1.2198,1.2161,1.2162
1770320940,1.2162,1.2196,1.2162,1.2178
1770321000,1.2178,1.2236,1.2162,1.2205
1770321060,1.2205,1.2205,1.2112,1.2117
1770321120,1.2117,1.212,1.2059,1.2098
1770321180,1.2098,1.2146,1.2097,1.213
1770321240,1.213,1.2174,1.2113,1.213
1770321300,1.213,1.2146,1.2106,1.2128
1770321360,1.2128,1.2164,1.2097,1.2119
1770321420,1.2119,1.2145,1.2114,1.2134
1770321480,1.2134,1.2147,1.2098,1.2118
1770321540,1.2118,1.2133,1.2105,1.2127
1770321600,1.2127,1.2148,1.2114,1.2147
1770321660,1.2147,1.2216,1.2145,1.2209
1770321720,1.2209,1.2232,1.2143,1.2145
1770321780,1.2145,1.2185,1.2107,1.2172
1770321840,1.2172,1.2188,1.2126,1.2131
1770321900,1.2131,1.2144,1.2038,1.2053
1770321960,1.2053,1.2093,1.2018,1.2061
1770322020,1.2061,1.2142,1.2047,1.2139
1770322080,1.2139,1.2202,1.2135,1.2177
1770322140,1.2177,1.2198,1.2133,1.218
1770322200,1.218,1.2185,1.2095,1.2123
1770322260,1.2123,1.2125,1.2044,1.206
1770322320,1.206,1.2068,1.2006,1.203
1770322380,1.203,1.2044,1.2003,1.2021
1770322440,1.2021,1.2025,1.1965,1.1982
1770322500,1.1982,1.1993,1.1891,1.1899
1770322560,1.1899,1.1915,1.1821,1.1824
1770322620,1.1824,1.1894,1.1783,1.1893
1770322680,1.1893,1.192,1.1838,1.1875
1770322740,1.1875,1.1912,1.1808,1.1823
1770322800,1.1823,1.1868,1.1795,1.18
1770322860,1.18,1.1824,1.1627,1.1652
1770322920,1.1652,1.169,1.1561,1.1564
1770322980,1.1564,1.1646,1.1527,1.1579
1770323040,1.1579,1.1656,1.1521,1.1576
1770323100,1.1576,1.1595,1.1367,1.1418
1770323160,1.1418,1.1606,1.1382,1.1602
1770323220,1.1602,1.1762,1.1602,1.1654
1770323280,1.1654,1.1694,1.1608,1.1623
1770323340,1.1623,1.1649,1.1539,1.1564
1770323400,1.1564,1.1674,1.1564,1.1613
1770323460,1.1613,1.1663,1.1543,1.1573
1770323520,1.1573,1.168,1.154,1.1664
1770323580,1.1664,1.1699,1.1613,1.1656
1770323640,1.1656,1.1684,1.1606,1.1656
1770323700,1.1656,1.1689,1.1627,1.1655
1770323760,1.1655,1.1674,1.1558,1.1674
1770323820,1.1674,1.1872,1.1674,1.1815
1770323880,1.1815,1.1818,1.1706,1.1782
1770323940,1.1782,1.1859,1.1774,1.1858
1770324000,1.1858,1.2038,1.1851,1.199
1770324060,1.199,1.2015,1.1947,1.1959
1770324120,1.1959,1.2016,1.1916,1.1965
1770324180,1.1965,1.2022,1.1948,1.1972
1770324240,1.1972,1.1977,1.1924,1.1953
1770324300,1.1953,1.1985,1.1888,1.1954
1770324360,1.1954,1.198,1.1862,1.1863
1770324420,1.1863,1.1879,1.1829,1.1865
1770324480,1.1865,1.1906,1.1822,1.183
1770324540,1.183,1.1846,1.1796,1.1808
1770324600,1.1808,1.1858,1.1774,1.1783
1770324660,1.1783,1.187,1.1734,1.1812
1770324720,1.1812,1.1826,1.1775,1.1778
1770324780,1.1778,1.1816,1.1736,1.1798
1770324840,1.1798,1.1838,1.1774,1.1785
1770324900,1.1785,1.1853,1.1742,1.1851
1770324960,1.1851,1.1906,1.1837,1.1859
1770325020,1.1859,1.1931,1.1842,1.1898
1770325080,1.1898,1.2005,1.1889,1.1992
1770325140,1.1992,1.1995,1.1856,1.1899
1770325200,1.1899,1.1994,1.1863,1.1983
1770325260,1.1983,1.1991,1.1795,1.1839
1770325320,1.1839,1.1904,1.1784,1.1879
1770325380,1.1879,1.1958,1.1855,1.1906
1770325440,1.1906,1.2076,1.1906,1.1978
1770325500,1.1978,1.2008,1.1905,1.191
1770325560,1.191,1.1942,1.1882,1.1897
1770325620,1.1897,1.1907,1.184,1.19
1770325680,1.19,1.194,1.1865,1.187
1770325740,1.187,1.1888,1.1836,1.1837
1770325800,1.1837,1.1859,1.1783,1.1787
1770325860,1.1787,1.179,1.1726,1.1745
1770325920,1.1745,1.1776,1.1708,1.1754
1770325980,1.1754,1.1772,1.1725,1.1737
1770326040,1.1737,1.1748,1.1702,1.1709
1770326100,1.1709,1.1712,1.1607,1.1666
1770326160,1.1666,1.1706,1.1627,1.163
1770326220,1.163,1.1632,1.1551,1.156
1770326280,1.156,1.1573,1.1511,1.1514
1770326340,1.1514,1.1551,1.1507,1.1533
1770326400,1.1533,1.1603,1.1506,1.1599
1770326460,1.1599,1.1699,1.1589,1.1648
1770326520,1.1648,1.1702,1.1647,1.1663
1770326580,1.1663,1.1915,1.1662,1.1857
1770326640,1.1857,1.1903,1.1783,1.1788
1770326700,1.1788,1.1821,1.1737,1.1745
1770326760,1.1745,1.1745,1.1701,1.1706
1770326820,1.1706,1.1714,1.1615,1.1708
1770326880,1.1708,1.1762,1.1699,1.1747
1770326940,1.1747,1.1841,1.1747,1.1822
1770327000,1.1822,1.1871,1.1799,1.1839
1770327060,1.1839,1.1887,1.181,1.1885
1770327120,1.1885,1.1922,1.1849,1.1865
1770327180,1.1865,1.1867,1.1797,1.1824
1770327240,1.1824,1.1826,1.1757,1.1764
1770327300,1.1764,1.1789,1.173,1.1736
1770327360,1.1736,1.1739,1.1638,1.1664
1770327420,1.1664,1.1697,1.1655,1.1689
1770327480,1.1689,1.1717,1.1684,1.1699
1770327540,1.1699,1.1734,1.1699,1.1727
1770327600,1.1727,1.178,1.1727,1.1767
1770327660,1.1767,1.1805,1.1751,1.1803
1770327720,1.1803,1.1852,1.1779,1.185
1770327780,1.185,1.1852,1.1762,1.1771
1770327840,1.1771,1.1771,1.1663,1.1716
1770327900,1.1716,1.1737,1.169,1.1699
1770327960,1.1699,1.1751,1.1662,1.175
1770328020,1.175,1.182,1.175,1.1772
1770328080,1.1772,1.1799,1.1755,1.1763
1770328140,1.1763,1.1764,1.1664,1.168
1770328200,1.168,1.1704,1.1614,1.1687
1770328260,1.1687,1.1697,1.1649,1.1674
1770328320,1.1674,1.1689,1.1584,1.1604
1770328380,1.1604,1.1614,1.1564,1.1567
1770328440,1.1567,1.1618,1.1539,1.1604
1770328500,1.1604,1.1642,1.1585,1.1585
1770328560,1.1585,1.1587,1.1501,1.1527
1770328620,1.1527,1.1588,1.1523,1.1576
1770328680,1.1576,1.1617,1.1561,1.1617
1770328740,1.1617,1.1636,1.1607,1.1617
1770328800,1.1617,1.1685,1.1606,1.1669
1770328860,1.1669,1.1708,1.163,1.1667
1770328920,1.1667,1.168,1.1625,1.1657
1770328980,1.1657,1.1764,1.1647,1.1673
1770329040,1.1673,1.1726,1.1652,1.1726
1770329100,1.1726,1.1765,1.169,1.1693
1770329160,1.1693,1.1736,1.1687,1.1691
1770329220,1.1691,1.1703,1.1644,1.1682
1770329280,1.1682,1.1827,1.1613,1.1812
1770329340,1.1812,1.1876,1.1773,1.1848
1770329400,1.1848,1.1887,1.1791,1.1803
1770329460,1.1803,1.1814,1.1759,1.1786
1770329520,1.1786,1.1841,1.1758,1.1814
1770329580,1.1814,1.1837,1.1797,1.1812
1770329640,1.1812,1.1812,1.1775,1.178
1770329700,1.178,1.1803,1.1735,1.1747
1770329760,1.1747,1.1754,1.1706,1.1713
1770329820,1.1713,1.1721,1.1471,1.1484
1770329880,1.1484,1.1572,1.1484,1.1553
1770329940,1.1553,1.1613,1.1513,1.1588
1770330000,1.1588,1.1604,1.1521,1.1551
1770330060,1.1551,1.1576,1.1532,1.1568
1770330120,1.1568,1.1591,1.1533,1.154
1770330180,1.154,1.156,1.1527,1.1556
1770330240,1.1556,1.1572,1.1526,1.1565
1770330300,1.1565,1.1593,1.1535,1.1562
1770330360,1.1562,1.1589,1.1558,1.1573
1770330420,1.1573,1.1656,1.1571,1.1651
1770330480,1.1651,1.1976,1.1651,1.1905
1770330540,1.1905,1.1981,1.1883,1.1917
1770330600,1.1917,1.2072,1.1901,1.1959
1770330660,1.1959,1.1969,1.1895,1.1897
1770330720,1.1897,1.1941,1.188,1.1939
1770330780,1.1939,1.1944,1.19,1.1916
1770330840,1.1916,1.1978,1.1914,1.194
1770330900,1.194,1.1992,1.1915,1.1978
1770330960,1.1978,1.1994,1.1945,1.1992
1770331020,1.1992,1.2019,1.196,1.1982
1770331080,1.1982,1.2009,1.1956,1.1956
1770331140,1.1956,1.2023,1.1945,1.1998
1770331200,1.1998,1.2022,1.1968,1.1974
1770331260,1.1974,1.2029,1.1946,1.2026
1770331320,1.2026,1.203,1.1972,1.1994
1770331380,1.1994,1.2009,1.1968,1.2007
1770331440,1.2007,1.2055,1.2007,1.2052
1770331500,1.2052,1.2137,1.2046,1.2123
1770331560,1.2123,1.2136,1.2059,1.2061
1770331620,1.2061,1.2091,1.2038,1.2071
1770331680,1.2071,1.2087,1.2051,1.2081
1770331740,1.2081,1.2175,1.2081,1.2168
1770331800,1.2168,1.2202,1.2153,1.2199
1770331860,1.2199,1.2296,1.2184,1.2285
1770331920,1.2285,1.2363,1.2174,1.2231
1770331980,1.2231,1.2294,1.223,1.2284
1770332040,1.2284,1.2304,1.2229,1.2236
1770332100,1.2236,1.2238,1.2147,1.2215
1770332160,1.2215,1.223,1.219,1.2215
1770332220,1.2215,1.2248,1.2211,1.223
1770332280,1.223,1.2246,1.2203,1.2226
1770332340,1.2226,1.2273,1.2218,1.2244
1770332400,1.2244,1.2304,1.222,1.2271
1770332460,1.2271,1.228,1.2158,1.2247
1770332520,1.2247,1.2362,1.2233,1.236
1770332580,1.236,1.2456,1.2346,1.2434
1770332640,1.2434,1.2482,1.2429,1.2467
1770332700,1.2467,1.2584,1.2463,1.2527
1770332760,1.2527,1.2649,1.2492,1.2644
1770332820,1.2644,1.2644,1.2495,1.2509
1770332880,1.2509,1.2524,1.2433,1.2444
1770332940,1.2444,1.2515,1.241,1.2496
1770333000,1.2496,1.2576,1.2493,1.2544
1770333060,1.2544,1.256,1.2481,1.2537
1770333120,1.2537,1.2576,1.2508,1.2527
1770333180,1.2527,1.2548,1.2499,1.2534
1770333240,1.2534,1.2567,1.2522,1.2556
1770333300,1.2556,1.2619,1.2549,1.2591
1770333360,1.2591,1.2591,1.25,1.2522
1770333420,1.2522,1.2611,1.2513,1.26
1770333480,1.26,1.2604,1.2533,1.2555
1770333540,1.2555,1.2555,1.2514,1.2514
1770333600,1.2514,1.2521,1.2434,1.246
1770333660,1.246,1.2479,1.2367,1.2375
1770333720,1.2375,1.242,1.2333,1.2362
1770333780,1.2362,1.2382,1.2342,1.2347
1770333840,1.2347,1.2377,1.2332,1.2345
1770333900,1.2345,1.2415,1.2345,1.2395
1770333960,1.2395,1.2418,1.2357,1.241
1770334020,1.241,1.2449,1.2396,1.244
1770334080,1.244,1.2447,1.2384,1.2415
1770334140,1.2415,1.2462,1.2414,1.2454
1770334200,1.2454,1.2482,1.2437,1.2438
1770334260,1.2438,1.2519,1.2435,1.2514
1770334320,1.2514,1.2518,1.2403,1.2415
1770334380,1.2415,1.2425,1.2386,1.2394
1770334440,1.2394,1.2396,1.2358,1.2366
1770334500,1.2366,1.237,1.2264,1.2275
1770334560,1.2275,1.2311,1.2255,1.2295
1770334620,1.2295,1.2317,1.2272,1.2307
1770334680,1.2307,1.2375,1.2307,1.237
1770334740,1.237,1.2391,1.2343,1.2346
1770334800,1.2346,1.2347,1.2285,1.2299
1770334860,1.2299,1.2315,1.222,1.2243
1770334920,1.2243,1.2268,1.2216,1.2256
1770334980,1.2256,1.2265,1.2219,1.222
1770335040,1.222,1.2233,1.2202,1.2212
1770335100,1.2212,1.2242,1.221,1.2216
1770335160,1.2216,1.2264,1.2216,1.2251
1770335220,1.2251,1.2299,1.2232,1.2252
1770335280,1.2252,1.2261,1.2201,1.2259
1770335340,1.2259,1.2278,1.2244,1.2244
1770335400,1.2244,1.2249,1.2202,1.2229
1770335460,1.2229,1.2229,1.2176,1.2188
1770335520,1.2188,1.2195,1.2107,1.2123
1770335580,1.2123,1.2131,1.2087,1.2099
1770335640,1.2099,1.2137,1.2079,1.2116
1770335700,1.2116,1.2173,1.2114,1.2162
1770335760,1.2162,1.217,1.2101,1.2146
1770335820,1.2146,1.2178,1.2125,1.2155
1770335880,1.2155,1.2161,1.2119,1.2132
1770335940,1.2132,1.2147,1.2108,1.2138
1780617600,1.168,1.1684,1.1662,1.1671
1780617660,1.1671,1.1682,1.1661,1.1663
1780617720,1.1663,1.1677,1.1656,1.1674
1780617780,1.1674,1.1684,1.1672,1.1672
1780617840,1.1672,1.1672,1.1659,1.166
1780617900,1.166,1.1688,1.166,1.1685
1780617960,1.1685,1.1694,1.1675,1.1693
1780618020,1.1693,1.1693,1.1673,1.168
1780618080,1.168,1.1685,1.1661,1.1678
1780618140,1.1678,1.168,1.1671,1.1677
1780618200,1.1677,1.1683,1.1671,1.1671
1780618260,1.1671,1.1676,1.166,1.1662
1780618320,1.1662,1.1664,1.1652,1.1661
1780618380,1.1661,1.1671,1.1653,1.1655
1780618440,1.1655,1.1657,1.1639,1.1642
1780618500,1.1642,1.1648,1.163,1.1639
1780618560,1.1639,1.1642,1.1626,1.1634
1780618620,1.1634,1.1641,1.1625,1.1627
1780618680,1.1627,1.1627,1.1613,1.1624
1780618740,1.1624,1.1639,1.1619,1.1632
1780618800,1.1632,1.1689,1.1631,1.1675
1780618860,1.1675,1.1678,1.1658,1.1673
1780618920,1.1673,1.1673,1.1655,1.1669
1780618980,1.1669,1.1693,1.1669,1.1692
1780619040,1.1692,1.1697,1.1678,1.1688
1780619100,1.1688,1.1689,1.1669,1.1671
1780619160,1.1671,1.1697,1.1665,1.1691
1780619220,1.1691,1.1698,1.1677,1.1698
1780619280,1.1698,1.1711,1.1696,1.1711
1780619340,1.1711,1.1736,1.1704,1.173
1780619400,1.173,1.1742,1.1725,1.1736
1780619460,1.1736,1.1736,1.172,1.1725
1780619520,1.1725,1.1731,1.171,1.171
1780619580,1.171,1.1727,1.1707,1.1725
1780619640,1.1725,1.1725,1.1707,1.1707
1780619700,1.1707,1.171,1.1686,1.1688
1780619760,1.1688,1.1696,1.1683,1.1687
1780619820,1.1687,1.1691,1.1662,1.1676
1780619880,1.1676,1.1683,1.1661,1.1683
1780619940,1.1683,1.1707,1.1682,1.1707
1780620000,1.1707,1.1707,1.1694,1.1695
1780620060,1.1695,1.1699,1.168,1.1681
1780620120,1.1681,1.1683,1.1675,1.1678
1780620180,1.1678,1.1686,1.1671,1.1686
1780620240,1.1686,1.1689,1.1679,1.1679
1780620300,1.1679,1.1699,1.1674,1.1696
1780620360,1.1696,1.1707,1.169,1.1707
1780620420,1.1707,1.1707,1.1695,1.17
1780620480,1.17,1.1713,1.1697,1.171
1780620540,1.171,1.1714,1.1697,1.1701
1780620600,1.1701,1.1701,1.1678,1.1681
1780620660,1.1681,1.1692,1.168,1.1686
1780620720,1.1686,1.1686,1.1654,1.1657
1780620780,1.1657,1.1661,1.1647,1.1654
1780620840,1.1654,1.1669,1.1651,1.1657
1780620900,1.1657,1.1657,1.1643,1.1643
1780620960,1.1643,1.1644,1.1636,1.164
1780621020,1.164,1.1643,1.163,1.163
1780621080,1.163,1.163,1.1606,1.1607
1780621140,1.1607,1.1614,1.1598,1.1606
1780621200,1.1606,1.1606,1.1592,1.1599
1780621260,1.1599,1.1599,1.153,1.1534
1780621320,1.1534,1.1557,1.1534,1.1544
1780621380,1.1544,1.1545,1.1511,1.1524
1780621440,1.1524,1.1528,1.1503,1.1509
1780621500,1.1509,1.1536,1.1509,1.1528
1780621560,1.1528,1.1544,1.1523,1.1534
1780621620,1.1534,1.1565,1.1534,1.1553
1780621680,1.1553,1.1553,1.1521,1.1521
1780621740,1.1521,1.1539,1.152,1.1539
1780621800,1.1539,1.1543,1.1517,1.152
1780621860,1.152,1.1534,1.1515,1.1519
1780621920,1.1519,1.1535,1.1518,1.1534
1780621980,1.1534,1.1537,1.152,1.1537
1780622040,1.1537,1.1551,1.1537,1.1551
1780622100,1.1551,1.1553,1.153,1.1532
1780622160,1.1532,1.1551,1.1521,1.1548
1780622220,1.1548,1.1579,1.1542,1.1579
1780622280,1.1579,1.1586,1.1572,1.1584
1780622340,1.1584,1.159,1.1563,1.1564
1780622400,1.1564,1.157,1.155,1.1559
1780622460,1.1559,1.157,1.1546,1.1548
1780622520,1.1548,1.1548,1.151,1.1514
1780622580,1.1514,1.1529,1.1504,1.1529
1780622640,1.1529,1.1552,1.1529,1.1552
1780622700,1.1552,1.1566,1.1549,1.1552
1780622760,1.1552,1.1563,1.1538,1.1538
1780622820,1.1538,1.155,1.1538,1.1546
1780622880,1.1546,1.1548,1.1534,1.1539
1780622940,1.1539,1.1556,1.1539,1.1553
1780623000,1.1553,1.1613,1.1553,1.1594
1780623060,1.1594,1.1613,1.1581,1.1613
1780623120,1.1613,1.1613,1.1586,1.1591
1780623180,1.1591,1.1601,1.1586,1.1592
1780623240,1.1592,1.1592,1.1567,1.1572
1780623300,1.1572,1.1593,1.1568,1.1592
1780623360,1.1592,1.1601,1.158,1.1582
1780623420,1.1582,1.1582,1.157,1.1572
1780623480,1.1572,1.1572,1.152,1.1529
1780623540,1.1529,1.1538,1.1524,1.1535
1780623600,1.1535,1.1539,1.1524,1.1534
1780623660,1.1534,1.1537,1.1523,1.1535
1780623720,1.1535,1.1538,1.1521,1.153
1780623780,1.153,1.1556,1.1527,1.1556
1780623840,1.1556,1.1578,1.1554,1.1578
1780623900,1.1578,1.1578,1.1554,1.1554
1780623960,1.1554,1.1562,1.1545,1.1553
1780624020,1.1553,1.1556,1.1534,1.1553
1780624080,1.1553,1.1559,1.1547,1.1553
1780624140,1.1553,1.1565,1.1552,1.156
1780624200,1.156,1.156,1.1539,1.1543
1780624260,1.1543,1.1563,1.1536,1.1557
1780624320,1.1557,1.1564,1.155,1.1555
1780624380,1.1555,1.1567,1.1554,1.1564
1780624440,1.1564,1.1567,1.1553,1.156
1780624500,1.156,1.1569,1.1544,1.1568
1780624560,1.1568,1.1593,1.1564,1.1582
1780624620,1.1582,1.1593,1.1575,1.1576
1780624680,1.1576,1.1579,1.1562,1.1578
1780624740,1.1578,1.1578,1.1566,1.1566
1780624800,1.1566,1.1575,1.1557,1.1558
1780624860,1.1558,1.1569,1.1538,1.1547
1780624920,1.1547,1.1553,1.1532,1.1541
1780624980,1.1541,1.1567,1.154,1.1553
1780625040,1.1553,1.1553,1.1541,1.1549
1780625100,1.1549,1.155,1.1531,1.1539
1780625160,1.1539,1.1543,1.1533,1.1539
1780625220,1.1539,1.1546,1.1508,1.1513
1780625280,1.1513,1.1525,1.1498,1.1502
1780625340,1.1502,1.1526,1.1502,1.1514
1780625400,1.1514,1.1525,1.1506,1.1525
1780625460,1.1525,1.1526,1.1512,1.1514
1780625520,1.1514,1.1525,1.1511,1.1517
1780625580,1.1517,1.1519,1.1499,1.1504
1780625640,1.1504,1.1505,1.1492,1.1492
1780625700,1.1492,1.1523,1.149,1.1512
1780625760,1.1512,1.1524,1.1504,1.1504
1780625820,1.1504,1.1518,1.1495,1.1518
1780625880,1.1518,1.1523,1.1483,1.1487
1780625940,1.1487,1.1499,1.1472,1.1474
1780626000,1.1474,1.1486,1.1461,1.1464
1780626060,1.1464,1.1482,1.145,1.1465
1780626120,1.1465,1.1467,1.145,1.1454
1780626180,1.1454,1.1486,1.1454,1.1482
1780626240,1.1482,1.1495,1.1474,1.1493
1780626300,1.1493,1.1498,1.1481,1.1482
1780626360,1.1482,1.1496,1.1482,1.1489
1780626420,1.1489,1.1493,1.1465,1.147
1780626480,1.147,1.147,1.1451,1.1455
1780626540,1.1455,1.1461,1.1426,1.1428
1780626600,1.1428,1.144,1.1424,1.1437
1780626660,1.1437,1.1468,1.1437,1.1457
1780626720,1.1457,1.1461,1.1445,1.1455
1780626780,1.1455,1.1461,1.1427,1.1428
1780626840,1.1428,1.1443,1.1424,1.1431
1780626900,1.1431,1.1454,1.1429,1.1454
1780626960,1.1454,1.1457,1.1428,1.1433
1780627020,1.1433,1.146,1.1432,1.1449
1780627080,1.1449,1.1452,1.1432,1.1433
1780627140,1.1433,1.1448,1.1433,1.1442
1780627200,1.1442,1.145,1.1433,1.1446
1780627260,1.1446,1.1452,1.1431,1.1434
1780627320,1.1434,1.1436,1.1383,1.1389
1780627380,1.1389,1.1397,1.1357,1.1393
1780627440,1.1393,1.1414,1.139,1.1391
1780627500,1.1391,1.142,1.1388,1.1414
1780627560,1.1414,1.1425,1.1412,1.1417
1780627620,1.1417,1.1424,1.1399,1.1401
1780627680,1.1401,1.1413,1.1398,1.1399
1780627740,1.1399,1.1404,1.139,1.1394
1780627800,1.1394,1.1408,1.1391,1.1405
1780627860,1.1405,1.1414,1.1398,1.1398
1780627920,1.1398,1.1401,1.1386,1.1393
1780627980,1.1393,1.1403,1.1385,1.1391
1780628040,1.1391,1.1395,1.136,1.1364
1780628100,1.1364,1.138,1.1363,1.1374
1780628160,1.1374,1.1382,1.1367,1.1381
1780628220,1.1381,1.1394,1.1376,1.1377
1780628280,1.1377,1.1377,1.1341,1.1345
1780628340,1.1345,1.1351,1.1339,1.1343
1780628400,1.1343,1.1355,1.1336,1.1347
1780628460,1.1347,1.1351,1.1332,1.134
1780628520,1.134,1.1346,1.1328,1.1345
1780628580,1.1345,1.1379,1.1345,1.1368
1780628640,1.1368,1.1379,1.1357,1.1371
1780628700,1.1371,1.1371,1.1335,1.1344
1780628760,1.1344,1.136,1.1325,1.1327
1780628820,1.1327,1.1346,1.1324,1.1326
1780628880,1.1326,1.1349,1.1321,1.1341
1780628940,1.1341,1.1359,1.1341,1.135
1780629000,1.135,1.1359,1.1333,1.135
1780629060,1.135,1.1353,1.1334,1.135
1780629120,1.135,1.1365,1.1343,1.1365
1780629180,1.1365,1.1375,1.1358,1.1372
1780629240,1.1372,1.138,1.1371,1.1377
1780629300,1.1377,1.1406,1.1377,1.1403
1780629360,1.1403,1.1443,1.14,1.1421
1780629420,1.1421,1.1449,1.1421,1.1449
1780629480,1.1449,1.1472,1.1447,1.1453
1780629540,1.1453,1.1453,1.144,1.1442
1780629600,1.1442,1.1444,1.1412,1.1412
1780629660,1.1412,1.1418,1.14,1.1401
1780629720,1.1401,1.1414,1.1391,1.1413
1780629780,1.1413,1.1431,1.1412,1.1418
1780629840,1.1418,1.1432,1.1411,1.143
1780629900,1.143,1.143,1.1405,1.1409
1780629960,1.1409,1.1411,1.1386,1.1386
1780630020,1.1386,1.1402,1.1385,1.1389
1780630080,1.1389,1.1394,1.1381,1.139
1780630140,1.139,1.1404,1.139,1.1404
1780630200,1.1404,1.1435,1.1404,1.1435
1780630260,1.1435,1.1449,1.1427,1.144
1780630320,1.144,1.145,1.1438,1.1444
1780630380,1.1444,1.1449,1.1429,1.1429
1780630440,1.1429,1.1435,1.1423,1.1428
1780630500,1.1428,1.1429,1.1413,1.1428
1780630560,1.1428,1.1431,1.1412,1.1414
1780630620,1.1414,1.1418,1.1393,1.1397
1780630680,1.1397,1.1401,1.138,1.1382
1780630740,1.1382,1.1396,1.1377,1.1396
1780630800,1.1396,1.1408,1.139,1.139
1780630860,1.139,1.139,1.1363,1.1367
1780630920,1.1367,1.1372,1.135,1.1358
1780630980,1.1358,1.1367,1.135,1.1365
1780631040,1.1365,1.1373,1.1362,1.1369
1780631100,1.1369,1.1369,1.136,1.1368
1780631160,1.1368,1.1383,1.1361,1.1378
1780631220,1.1378,1.1384,1.136,1.1371
1780631280,1.1371,1.1375,1.136,1.1366
1780631340,1.1366,1.1375,1.1364,1.1369
1780631400,1.1369,1.1386,1.1364,1.1368
1780631460,1.1368,1.1374,1.1346,1.1354
1780631520,1.1354,1.1354,1.1338,1.1338
1780631580,1.1338,1.135,1.1332,1.1336
1780631640,1.1336,1.135,1.1334,1.1348
1780631700,1.1348,1.1359,1.1341,1.1359
1780631760,1.1359,1.1365,1.1355,1.1361
1780631820,1.1361,1.1363,1.1349,1.1349
1780631880,1.1349,1.1349,1.1332,1.1338
1780631940,1.1338,1.1345,1.133,1.134
1780632000,1.134,1.135,1.1336,1.1336
1780632060,1.1336,1.1346,1.1327,1.1327
1780632120,1.1327,1.1338,1.1299,1.1325
1780632180,1.1325,1.1327,1.1313,1.1314
1780632240,1.1314,1.136,1.1297,1.1351
1780632300,1.1351,1.1356,1.134,1.1347
1780632360,1.1347,1.1404,1.1347,1.1387
1780632420,1.1387,1.1436,1.1387,1.1433
1780632480,1.1433,1.1449,1.1414,1.1416
1780632540,1.1416,1.1429,1.1403,1.1427
1780632600,1.1427,1.1433,1.1415,1.142
1780632660,1.142,1.1421,1.1405,1.1421
1780632720,1.1421,1.144,1.1412,1.1412
1780632780,1.1412,1.1419,1.1406,1.1409
1780632840,1.1409,1.1414,1.1401,1.1408
1780632900,1.1408,1.1413,1.1391,1.1391
1780632960,1.1391,1.1403,1.1374,1.1375
1780633020,1.1375,1.1389,1.1375,1.1383
1780633080,1.1383,1.1387,1.1365,1.1377
1780633140,1.1377,1.1379,1.1365,1.1371
1780633200,1.1371,1.1376,1.1356,1.1367
1780633260,1.1367,1.1377,1.1366,1.1372
1780633320,1.1372,1.1387,1.1371,1.1373
1780633380,1.1373,1.139,1.1369,1.1387
1780633440,1.1387,1.1405,1.1385,1.1404
1780633500,1.1404,1.1461,1.1404,1.1458
1780633560,1.1458,1.1482,1.1451,1.147
1780633620,1.147,1.1478,1.1449,1.1452
1780633680,1.1452,1.1459,1.1445,1.1456
1780633740,1.1456,1.1458,1.1446,1.1457
1780633800,1.1457,1.1457,1.141,1.1411
1780633860,1.1411,1.1423,1.1382,1.1382
1780633920,1.1382,1.14,1.1382,1.1394
1780633980,1.1394,1.1404,1.1387,1.1387
1780634040,1.1387,1.1402,1.1379,1.1402
1780634100,1.1402,1.1402,1.1389,1.1402
1780634160,1.1402,1.1412,1.1396,1.1404
1780634220,1.1404,1.1411,1.1395,1.1406
1780634280,1.1406,1.1413,1.1402,1.1411
1780634340,1.1411,1.1411,1.1392,1.1394
1780634400,1.1394,1.1395,1.1382,1.1394
1780634460,1.1394,1.1399,1.1388,1.1388
1780634520,1.1388,1.1395,1.1375,1.1377
1780634580,1.1377,1.1377,1.1362,1.1365
1780634640,1.1365,1.1379,1.1365,1.1378
1780634700,1.1378,1.1389,1.1374,1.1384
1780634760,1.1384,1.1384,1.1344,1.1344
1780634820,1.1344,1.1348,1.1336,1.134
1780634880,1.134,1.1345,1.1327,1.133
1780634940,1.133,1.135,1.1329,1.1346
1780635000,1.1346,1.1384,1.1346,1.1383
1780635060,1.1383,1.1398,1.1373,1.1386
1780635120,1.1386,1.1393,1.1381,1.1393
1780635180,1.1393,1.1398,1.1383,1.1397
1780635240,1.1397,1.1436,1.1397,1.1431
1780635300,1.1431,1.1431,1.1406,1.141
1780635360,1.141,1.1413,1.1399,1.1399
1780635420,1.1399,1.141,1.1397,1.141
1780635480,1.141,1.1465,1.141,1.1464
1780635540,1.1464,1.1477,1.1457,1.1471
1780635600,1.1471,1.1485,1.1447,1.1449
1780635660,1.1449,1.145,1.1426,1.145
1780635720,1.145,1.1458,1.1441,1.1455
1780635780,1.1455,1.1456,1.1418,1.1422
1780635840,1.1422,1.1429,1.1409,1.141
1780635900,1.141,1.1426,1.141,1.1425
1780635960,1.1425,1.1428,1.1407,1.1415
1780636020,1.1415,1.1417,1.1404,1.1406
1780636080,1.1406,1.1409,1.1388,1.1389
1780636140,1.1389,1.1395,1.1376,1.1376
1780636200,1.1376,1.1383,1.1374,1.1383
1780636260,1.1383,1.139,1.1382,1.1382
1780636320,1.1382,1.1384,1.1357,1.1357
1780636380,1.1357,1.1363,1.1348,1.1349
1780636440,1.1349,1.1364,1.1349,1.1361
1780636500,1.1361,1.1368,1.1349,1.1349
1780636560,1.1349,1.1349,1.134,1.1345
1780636620,1.1345,1.1354,1.1344,1.1346
1780636680,1.1346,1.1357,1.134,1.1353
1780636740,1.1353,1.1369,1.1352,1.1367
1780636800,1.1367,1.1375,1.1363,1.1373
1780636860,1.1373,1.1397,1.1373,1.1381
1780636920,1.1381,1.1383,1.1362,1.1372
1780636980,1.1372,1.1385,1.1372,1.1381
1780637040,1.1381,1.1382,1.1366,1.1373
1780637100,1.1373,1.1392,1.1367,1.1389
1780637160,1.1389,1.1401,1.1387,1.1401
1780637220,1.1401,1.1422,1.1397,1.1412
1780637280,1.1412,1.1422,1.1407,1.1408
1780637340,1.1408,1.141,1.14,1.1408
1780637400,1.1408,1.1418,1.1406,1.1408
1780637460,1.1408,1.1419,1.1408,1.1411
1780637520,1.1411,1.1417,1.1403,1.1409
1780637580,1.1409,1.1417,1.1394,1.1396
1780637640,1.1396,1.1401,1.1387,1.1387
1780637700,1.1387,1.1393,1.136,1.136
1780637760,1.136,1.1361,1.1343,1.1351
1780637820,1.1351,1.1358,1.1311,1.1324
1780637880,1.1324,1.1349,1.1324,1.1344
1780637940,1.1344,1.1351,1.133,1.1339
1780638000,1.1339,1.1346,1.1331,1.1331
1780638060,1.1331,1.1331,1.1291,1.1301
1780638120,1.1301,1.1312,1.1296,1.1304
1780638180,1.1304,1.132,1.1289,1.1297
1780638240,1.1297,1.1301,1.1281,1.1286
1780638300,1.1286,1.1294,1.1268,1.1278
1780638360,1.1278,1.1288,1.1261,1.1264
1780638420,1.1264,1.1269,1.1236,1.1254
1780638480,1.1254,1.1275,1.1254,1.1267
1780638540,1.1267,1.1272,1.1256,1.1258
1780638600,1.1258,1.1264,1.1251,1.1257
1780638660,1.1257,1.1279,1.1253,1.1278
1780638720,1.1278,1.1294,1.1271,1.1274
1780638780,1.1274,1.1276,1.1236,1.1238
1780638840,1.1238,1.1261,1.123,1.1237
1780638900,1.1237,1.1258,1.123,1.1234
1780638960,1.1234,1.1245,1.1213,1.1217
1780639020,1.1217,1.1234,1.1193,1.1202
1780639080,1.1202,1.122,1.1202,1.1214
1780639140,1.1214,1.1214,1.1196,1.1199
1780639200,1.1199,1.1209,1.1185,1.1196
1780639260,1.1196,1.123,1.1183,1.1216
1780639320,1.1216,1.1226,1.1198,1.1199
1780639380,1.1199,1.12,1.1159,1.1162
1780639440,1.1162,1.1203,1.1162,1.1185
1780639500,1.1185,1.1232,1.1182,1.1218
1780639560,1.1218,1.1241,1.1209,1.1239
1780639620,1.1239,1.1257,1.1235,1.1248
1780639680,1.1248,1.1255,1.1242,1.1252
1780639740,1.1252,1.1258,1.123,1.1231
1780639800,1.1231,1.1232,1.1195,1.1203
1780639860,1.1203,1.1212,1.1185,1.1187
1780639920,1.1187,1.1198,1.1175,1.1178
1780639980,1.1178,1.1179,1.1151,1.116
1780640040,1.116,1.1176,1.1141,1.1142
1780640100,1.1142,1.1169,1.1126,1.1129
1780640160,1.1129,1.1144,1.1107,1.1112
1780640220,1.1112,1.1131,1.1083,1.1099
1780640280,1.1099,1.1117,1.106,1.1078
1780640340,1.1078,1.1089,1.1034,1.1045
1780640400,1.1045,1.1062,1.1,1.1005
1780640460,1.1005,1.103,1.1004,1.1013
1780640520,1.1013,1.1019,1.098,1.0982
1780640580,1.0982,1.1014,1.0953,1.0972
1780640640,1.0972,1.0997,1.0904,1.0974
1780640700,1.0974,1.1018,1.0944,1.0982
1780640760,1.0982,1.1031,1.0982,1.1002
1780640820,1.1002,1.1066,1.0991,1.1039
1780640880,1.1039,1.1064,1.1039,1.1049
1780640940,1.1049,1.1052,1.1012,1.1028
1780641000,1.1028,1.1052,1.1011,1.1017
1780641060,1.1017,1.107,1.1014,1.1063
1780641120,1.1063,1.1096,1.1061,1.1078
1780641180,1.1078,1.1103,1.1062,1.1092
1780641240,1.1092,1.1102,1.1052,1.1055
1780641300,1.1055,1.1062,1.1039,1.1062
1780641360,1.1062,1.112,1.1062,1.1117
1780641420,1.1117,1.1117,1.1059,1.1062
1780641480,1.1062,1.1091,1.1062,1.1078
1780641540,1.1078,1.1115,1.1078,1.1087
1780641600,1.1087,1.1113,1.1081,1.1096
1780641660,1.1096,1.111,1.1091,1.111
1780641720,1.111,1.1129,1.1091,1.1091
1780641780,1.1091,1.1136,1.1076,1.113
1780641840,1.113,1.12,1.113,1.1188
1780641900,1.1188,1.1202,1.1145,1.1151
1780641960,1.1151,1.1151,1.1114,1.1123
1780642020,1.1123,1.1155,1.112,1.1152
1780642080,1.1152,1.1178,1.1149,1.1151
1780642140,1.1151,1.1152,1.1132,1.114
1780642200,1.114,1.114,1.1113,1.1134
1780642260,1.1134,1.116,1.1127,1.113
1780642320,1.113,1.114,1.1119,1.1129
1780642380,1.1129,1.1166,1.1121,1.1164
1780642440,1.1164,1.1177,1.1154,1.1165
1780642500,1.1165,1.1176,1.1159,1.1166
1780642560,1.1166,1.1176,1.1158,1.1165
1780642620,1.1165,1.118,1.1162,1.118
1780642680,1.118,1.1193,1.116,1.1167
1780642740,1.1167,1.1181,1.1154,1.1181
1780642800,1.1181,1.1192,1.1169,1.1175
1780642860,1.1175,1.1181,1.1135,1.1136
1780642920,1.1136,1.1154,1.1117,1.1135
1780642980,1.1135,1.1162,1.1122,1.1161
1780643040,1.1161,1.1161,1.1132,1.1132
1780643100,1.1132,1.1147,1.1117,1.1126
1780643160,1.1126,1.113,1.1087,1.1091
1780643220,1.1091,1.111,1.1073,1.1098
1780643280,1.1098,1.1121,1.1087,1.109
1780643340,1.109,1.1113,1.1086,1.1088
1780643400,1.1088,1.113,1.108,1.1089
1780643460,1.1089,1.1097,1.1066,1.1067
1780643520,1.1067,1.1097,1.1043,1.1096
1780643580,1.1096,1.1101,1.1065,1.1069
1780643640,1.1069,1.1071,1.1044,1.1047
1780643700,1.1047,1.1093,1.1047,1.1075
1780643760,1.1075,1.1116,1.1073,1.1111
1780643820,1.1111,1.1112,1.1079,1.1098
1780643880,1.1098,1.1128,1.1082,1.1085
1780643940,1.1085,1.1109,1.1076,1.109
1780644000,1.109,1.1104,1.1074,1.1092
1780644060,1.1092,1.1126,1.1088,1.1126
1780644120,1.1126,1.1138,1.1115,1.1127
1780644180,1.1127,1.1161,1.1122,1.1157
1780644240,1.1157,1.1171,1.1131,1.1135
1780644300,1.1135,1.1148,1.1116,1.114
1780644360,1.114,1.1187,1.114,1.1175
1780644420,1.1175,1.122,1.1174,1.1216
1780644480,1.1216,1.1239,1.1211,1.1216
1780644540,1.1216,1.1228,1.1202,1.1223
1780644600,1.1223,1.1275,1.1206,1.1254
1780644660,1.1254,1.1254,1.1212,1.1219
1780644720,1.1219,1.1265,1.1219,1.1256
1780644780,1.1256,1.1289,1.1246,1.1279
1780644840,1.1279,1.13,1.1268,1.1292
1780644900,1.1292,1.1319,1.1286,1.1319
1780644960,1.1319,1.1339,1.1307,1.1312
1780645020,1.1312,1.1346,1.1311,1.1341
1780645080,1.1341,1.136,1.1328,1.1349
1780645140,1.1349,1.135,1.1319,1.1326
1780645200,1.1326,1.1332,1.1295,1.1313
1780645260,1.1313,1.1336,1.1313,1.133
1780645320,1.133,1.1337,1.1319,1.133
1780645380,1.133,1.1343,1.132,1.134
1780645440,1.134,1.1373,1.1316,1.1361
1780645500,1.1361,1.1376,1.1347,1.1355
1780645560,1.1355,1.1372,1.1324,1.1324
1780645620,1.1324,1.1353,1.1316,1.1353
1780645680,1.1353,1.1375,1.135,1.1371
1780645740,1.1371,1.1372,1.1344,1.1347
1780645800,1.1347,1.1351,1.1332,1.1332
1780645860,1.1332,1.1369,1.1329,1.1359
1780645920,1.1359,1.1366,1.1351,1.1352
1780645980,1.1352,1.1352,1.1326,1.1338
1780646040,1.1338,1.135,1.1335,1.1346
1780646100,1.1346,1.1351,1.1322,1.1325
1780646160,1.1325,1.1333,1.132,1.1323
1780646220,1.1323,1.1342,1.132,1.1338
1780646280,1.1338,1.135,1.133,1.1335
1780646340,1.1335,1.1358,1.1333,1.1356
1780646400,1.1356,1.1357,1.1334,1.1345
1780646460,1.1345,1.1352,1.1333,1.1342
1780646520,1.1342,1.1344,1.1327,1.1334
1780646580,1.1334,1.1338,1.1325,1.1335
1780646640,1.1335,1.1339,1.1325,1.1328
1780646700,1.1328,1.1329,1.1304,1.132
1780646760,1.132,1.1347,1.1316,1.1341
1780646820,1.1341,1.1341,1.1319,1.133
1780646880,1.133,1.1332,1.1301,1.1301
1780646940,1.1301,1.1307,1.1292,1.1297
1780647000,1.1297,1.13,1.1271,1.1273
1780647060,1.1273,1.129,1.1273,1.1288
1780647120,1.1288,1.1293,1.128,1.1291
1780647180,1.1291,1.1297,1.1276,1.128
1780647240,1.128,1.128,1.1265,1.1279
1780647300,1.1279,1.1284,1.1253,1.1253
1780647360,1.1253,1.1278,1.1243,1.127
1780647420,1.127,1.127,1.1235,1.1236
1780647480,1.1236,1.1251,1.1234,1.1249
1780647540,1.1249,1.1252,1.1238,1.125
1780647600,1.125,1.126,1.1244,1.1256
1780647660,1.1256,1.1264,1.1244,1.1264
1780647720,1.1264,1.1282,1.1255,1.1263
1780647780,1.1263,1.1274,1.1259,1.1264
1780647840,1.1264,1.1268,1.125,1.126
1780647900,1.126,1.1271,1.1256,1.126
1780647960,1.126,1.127,1.126,1.127
1780648020,1.127,1.1304,1.1268,1.1288
1780648080,1.1288,1.1289,1.1269,1.1278
1780648140,1.1278,1.1283,1.127,1.1275
1780648200,1.1275,1.1282,1.126,1.1276
1780648260,1.1276,1.1299,1.1272,1.1298
1780648320,1.1298,1.1322,1.1279,1.1279
1780648380,1.1279,1.1279,1.1259,1.1264
1780648440,1.1264,1.1272,1.126,1.1266
1780648500,1.1266,1.1281,1.1264,1.1275
1780648560,1.1275,1.1275,1.1257,1.1257
1780648620,1.1257,1.1257,1.1238,1.1241
1780648680,1.1241,1.1245,1.1218,1.1219
1780648740,1.1219,1.1228,1.1212,1.1213
1780648800,1.1213,1.1213,1.1198,1.1208
1780648860,1.1208,1.1224,1.1204,1.1213
1780648920,1.1213,1.1218,1.1205,1.1208
1780648980,1.1208,1.1208,1.1181,1.119
1780649040,1.119,1.1198,1.118,1.1181
1780649100,1.1181,1.1195,1.1173,1.1186
1780649160,1.1186,1.1189,1.1173,1.1187
1780649220,1.1187,1.1199,1.1186,1.1196
1780649280,1.1196,1.121,1.1195,1.1198
1780649340,1.1198,1.1213,1.1197,1.1209
1780649400,1.1209,1.1209,1.1192,1.1193
1780649460,1.1193,1.1199,1.1181,1.1182
1780649520,1.1182,1.1193,1.1168,1.1191
1780649580,1.1191,1.1191,1.1162,1.117
1780649640,1.117,1.1186,1.1164,1.1177
1780649700,1.1177,1.1177,1.1159,1.1175
1780649760,1.1175,1.1189,1.1172,1.1188
1780649820,1.1188,1.1191,1.1174,1.1176
1780649880,1.1176,1.1182,1.1172,1.1178
1780649940,1.1178,1.1185,1.1174,1.1185
1780650000,1.1185,1.1291,1.1183,1.1248
1780650060,1.1248,1.1269,1.1248,1.1269
1780650120,1.1269,1.1302,1.1262,1.1298
1780650180,1.1298,1.1309,1.1285,1.1304
1780650240,1.1304,1.1311,1.1276,1.1289
1780650300,1.1289,1.1291,1.1271,1.1272
1780650360,1.1272,1.129,1.1267,1.1287
1780650420,1.1287,1.13,1.1283,1.1294
1780650480,1.1294,1.1294,1.1268,1.1286
1780650540,1.1286,1.1317,1.1286,1.1307
1780650600,1.1307,1.1312,1.1297,1.131
1780650660,1.131,1.1317,1.1292,1.1293
1780650720,1.1293,1.1294,1.1271,1.1271
1780650780,1.1271,1.1367,1.1269,1.1365
1780650840,1.1365,1.1374,1.1338,1.1373
1780650900,1.1373,1.1401,1.1348,1.1354
1780650960,1.1354,1.1367,1.1333,1.1351
1780651020,1.1351,1.1364,1.1319,1.1323
1780651080,1.1323,1.1335,1.1318,1.1327
1780651140,1.1327,1.1349,1.132,1.1321
1780651200,1.1321,1.1332,1.1313,1.133
1780651260,1.133,1.1339,1.1328,1.1331
1780651320,1.1331,1.1356,1.1322,1.1353
1780651380,1.1353,1.1368,1.1353,1.1366
1780651440,1.1366,1.1366,1.1356,1.1357
1780651500,1.1357,1.1375,1.1354,1.1355
1780651560,1.1355,1.1355,1.1344,1.1349
1780651620,1.1349,1.1355,1.1337,1.1352
1780651680,1.1352,1.1378,1.1352,1.1371
1780651740,1.1371,1.138,1.1365,1.1372
1780651800,1.1372,1.1374,1.1351,1.1355
1780651860,1.1355,1.1362,1.1334,1.1335
1780651920,1.1335,1.1361,1.1335,1.1348
1780651980,1.1348,1.1365,1.1348,1.1349
1780652040,1.1349,1.1367,1.1347,1.1348
1780652100,1.1348,1.1364,1.1347,1.1352
1780652160,1.1352,1.1352,1.1345,1.1345
1780652220,1.1345,1.1345,1.1332,1.1336
1780652280,1.1336,1.135,1.1325,1.1327
1780652340,1.1327,1.1327,1.1311,1.1317
1780652400,1.1317,1.1321,1.1312,1.1316
1780652460,1.1316,1.1326,1.1305,1.1305
1780652520,1.1305,1.1318,1.1305,1.1314
1780652580,1.1314,1.1314,1.1302,1.131
1780652640,1.131,1.1311,1.1304,1.1305
1780652700,1.1305,1.1319,1.13,1.1316
1780652760,1.1316,1.1328,1.1314,1.1321
1780652820,1.1321,1.1328,1.1316,1.1327
1780652880,1.1327,1.133,1.1317,1.1328
1780652940,1.1328,1.1328,1.1318,1.1318
1780653000,1.1318,1.1331,1.131,1.1331
1780653060,1.1331,1.1341,1.133,1.1341
1780653120,1.1341,1.1353,1.1338,1.1348
1780653180,1.1348,1.1349,1.1329,1.1331
1780653240,1.1331,1.1337,1.1324,1.1336
1780653300,1.1336,1.1352,1.1331,1.1349
1780653360,1.1349,1.1361,1.1346,1.1361
1780653420,1.1361,1.137,1.1355,1.137
1780653480,1.137,1.137,1.1356,1.1362
1780653540,1.1362,1.1401,1.136,1.1399
1780653600,1.1399,1.1447,1.1389,1.144
1780653660,1.144,1.1458,1.1397,1.1398
1780653720,1.1398,1.1405,1.1365,1.1367
1780653780,1.1367,1.1387,1.1367,1.1368
1780653840,1.1368,1.1395,1.1364,1.1388
1780653900,1.1388,1.139,1.1364,1.1367
1780653960,1.1367,1.1368,1.1348,1.1352
1780654020,1.1352,1.1362,1.135,1.1354
1780654080,1.1354,1.1359,1.1351,1.1355
1780654140,1.1355,1.1358,1.1344,1.1346
1780654200,1.1346,1.1351,1.1334,1.1338
1780654260,1.1338,1.1365,1.1336,1.135
1780654320,1.135,1.1356,1.1346,1.1354
1780654380,1.1354,1.1372,1.1351,1.1355
1780654440,1.1355,1.1361,1.1346,1.1359
1780654500,1.1359,1.1359,1.1339,1.1339
1780654560,1.1339,1.1342,1.1321,1.1322
1780654620,1.1322,1.1328,1.1316,1.1317
1780654680,1.1317,1.132,1.1312,1.1314
1780654740,1.1314,1.1318,1.1305,1.1305
1780654800,1.1305,1.131,1.1302,1.1309
1780654860,1.1309,1.1339,1.1309,1.133
1780654920,1.133,1.1338,1.1326,1.1338
1780654980,1.1338,1.134,1.1321,1.1336
1780655040,1.1336,1.1337,1.1328,1.1334
1780655100,1.1334,1.1349,1.1334,1.1335
1780655160,1.1335,1.1337,1.1322,1.1326
1780655220,1.1326,1.1327,1.132,1.1325
1780655280,1.1325,1.1331,1.1323,1.133
1780655340,1.133,1.1346,1.133,1.1335
1780655400,1.1335,1.135,1.1333,1.1348
1780655460,1.1348,1.1356,1.1339,1.1347
1780655520,1.1347,1.1373,1.1343,1.1372
1780655580,1.1372,1.1381,1.1368,1.1373
1780655640,1.1373,1.1373,1.1363,1.1363
1780655700,1.1363,1.1367,1.1348,1.1355
1780655760,1.1355,1.1359,1.1327,1.133
1780655820,1.133,1.1336,1.1319,1.1336
1780655880,1.1336,1.1336,1.132,1.1329
1780655940,1.1329,1.1341,1.1324,1.1326
1780656000,1.1326,1.1335,1.1324,1.1335
1780656060,1.1335,1.1342,1.1327,1.1327
1780656120,1.1327,1.1336,1.1324,1.1336
1780656180,1.1336,1.136,1.1336,1.136
1780656240,1.136,1.1383,1.1358,1.1375
1780656300,1.1375,1.1375,1.1355,1.1358
1780656360,1.1358,1.1365,1.1352,1.136
1780656420,1.136,1.1362,1.1351,1.1355
1780656480,1.1355,1.1359,1.1342,1.1346
1780656540,1.1346,1.1355,1.1346,1.1355
1780656600,1.1355,1.1359,1.1354,1.1356
1780656660,1.1356,1.136,1.1348,1.1349
1780656720,1.1349,1.1351,1.1325,1.1334
1780656780,1.1334,1.1348,1.1328,1.1348
1780656840,1.1348,1.1351,1.134,1.1351
1780656900,1.1351,1.1351,1.1331,1.1333
1780656960,1.1333,1.1336,1.1327,1.133
1780657020,1.133,1.1344,1.133,1.1344
1780657080,1.1344,1.1353,1.1339,1.1347
1780657140,1.1347,1.1358,1.1343,1.1356
1780657200,1.1356,1.1356,1.1339,1.1339
1780657260,1.1339,1.134,1.1327,1.1335
1780657320,1.1335,1.134,1.132,1.1336
1780657380,1.1336,1.1336,1.1318,1.1319
1780657440,1.1319,1.132,1.1303,1.1316
1780657500,1.1316,1.1327,1.1305,1.1308
1780657560,1.1308,1.1318,1.1305,1.1309
1780657620,1.1309,1.131,1.1298,1.1298
1780657680,1.1298,1.1298,1.1283,1.1283
1780657740,1.1283,1.1287,1.1233,1.1249
1780657800,1.1249,1.1249,1.1235,1.1245
1780657860,1.1245,1.1259,1.1239,1.1259
1780657920,1.1259,1.126,1.1249,1.125
1780657980,1.125,1.125,1.1243,1.1245
1780658040,1.1245,1.1252,1.1244,1.1246
1780658100,1.1246,1.1247,1.1234,1.1235
1780658160,1.1235,1.1269,1.1235,1.1269
1780658220,1.1269,1.1293,1.1265,1.1287
1780658280,1.1287,1.1311,1.1287,1.131
1780658340,1.131,1.132,1.1305,1.1317
1780658400,1.1317,1.132,1.1306,1.132
1780658460,1.132,1.1323,1.1306,1.1308
1780658520,1.1308,1.1339,1.1305,1.133
1780658580,1.133,1.1339,1.1318,1.132
1780658640,1.132,1.1321,1.126,1.1269
1780658700,1.1269,1.1278,1.1265,1.1276
1780658760,1.1276,1.1282,1.1266,1.128
1780658820,1.128,1.1295,1.1278,1.1292
1780658880,1.1292,1.131,1.1291,1.1297
1780658940,1.1297,1.1303,1.1294,1.1296
1780659000,1.1296,1.1305,1.1292,1.13
1780659060,1.13,1.13,1.1267,1.1268
1780659120,1.1268,1.127,1.1243,1.1252
1780659180,1.1252,1.1262,1.1246,1.126
1780659240,1.126,1.1265,1.1255,1.1257
1780659300,1.1257,1.1271,1.1257,1.127
1780659360,1.127,1.127,1.1251,1.1254
1780659420,1.1254,1.1255,1.1237,1.1245
1780659480,1.1245,1.1252,1.123,1.1242
1780659540,1.1242,1.1245,1.1226,1.1236
1780659600,1.1236,1.124,1.1222,1.1229
1780659660,1.1229,1.1238,1.1227,1.1231
1780659720,1.1231,1.1241,1.122,1.1223
1780659780,1.1223,1.1226,1.1212,1.1212
1780659840,1.1212,1.1215,1.1201,1.1202
1780659900,1.1202,1.1205,1.1185,1.1192
1780659960,1.1192,1.1216,1.1192,1.1214
1780660020,1.1214,1.1218,1.1211,1.1215
1780660080,1.1215,1.123,1.1214,1.1224
1780660140,1.1224,1.1224,1.1209,1.1216
1780660200,1.1216,1.1231,1.1215,1.1229
1780660260,1.1229,1.1235,1.1223,1.1233
1780660320,1.1233,1.1236,1.1207,1.1215
1780660380,1.1215,1.1215,1.1202,1.1207
1780660440,1.1207,1.121,1.1178,1.1184
1780660500,1.1184,1.1189,1.1176,1.1188
1780660560,1.1188,1.1201,1.1188,1.1196
1780660620,1.1196,1.12,1.1191,1.1192
1780660680,1.1192,1.1201,1.1189,1.119
1780660740,1.119,1.1191,1.1179,1.1183
1780660800,1.1183,1.1187,1.1168,1.1175
1780660860,1.1175,1.1175,1.1139,1.1139
1780660920,1.1139,1.1139,1.1113,1.1129
1780660980,1.1129,1.1139,1.1103,1.1107
1780661040,1.1107,1.1114,1.1101,1.1103
1780661100,1.1103,1.1127,1.1103,1.1127
1780661160,1.1127,1.1217,1.1126,1.1213
1780661220,1.1213,1.122,1.1202,1.1215
1780661280,1.1215,1.1227,1.1187,1.1192
1780661340,1.1192,1.1192,1.1175,1.1182
1780661400,1.1182,1.1199,1.1174,1.1199
1780661460,1.1199,1.1221,1.1198,1.1198
1780661520,1.1198,1.1203,1.1192,1.1197
1780661580,1.1197,1.1206,1.1193,1.1197
1780661640,1.1197,1.1197,1.1174,1.1174
1780661700,1.1174,1.1206,1.1174,1.1202
1780661760,1.1202,1.1205,1.1184,1.1203
1780661820,1.1203,1.1217,1.12,1.121
1780661880,1.121,1.1231,1.1202,1.1229
1780661940,1.1229,1.1248,1.1226,1.1238
1780662000,1.1238,1.124,1.1195,1.1199
1780662060,1.1199,1.1206,1.1191,1.1199
1780662120,1.1199,1.1211,1.1186,1.1211
1780662180,1.1211,1.1232,1.1205,1.1232
1780662240,1.1232,1.1253,1.1223,1.1234
1780662300,1.1234,1.1234,1.1207,1.1215
1780662360,1.1215,1.1215,1.1196,1.1196
1780662420,1.1196,1.1198,1.118,1.1181
1780662480,1.1181,1.1198,1.1161,1.1189
1780662540,1.1189,1.1195,1.1175,1.1194
1780662600,1.1194,1.1254,1.1173,1.1183
1780662660,1.1183,1.1185,1.1132,1.1148
1780662720,1.1148,1.1164,1.1129,1.1145
1780662780,1.1145,1.1145,1.1115,1.113
1780662840,1.113,1.1141,1.1104,1.1104
1780662900,1.1104,1.1113,1.1094,1.1099
1780662960,1.1099,1.1126,1.1093,1.1125
1780663020,1.1125,1.1161,1.1125,1.1161
1780663080,1.1161,1.1168,1.1148,1.1162
1780663140,1.1162,1.1186,1.1156,1.1156
1780663200,1.1156,1.1163,1.1137,1.115
1780663260,1.115,1.117,1.115,1.1159
1780663320,1.1159,1.1159,1.1144,1.1149
1780663380,1.1149,1.1194,1.1146,1.119
1780663440,1.119,1.119,1.1166,1.1171
1780663500,1.1171,1.1195,1.1171,1.1179
1780663560,1.1179,1.1179,1.1159,1.1172
1780663620,1.1172,1.1181,1.1159,1.1162
1780663680,1.1162,1.1179,1.116,1.1169
1780663740,1.1169,1.1171,1.1152,1.1153
1780663800,1.1153,1.1158,1.1129,1.1136
1780663860,1.1136,1.1146,1.1123,1.1128
1780663920,1.1128,1.1158,1.1127,1.1157
1780663980,1.1157,1.1171,1.1152,1.1157
1780664040,1.1157,1.1159,1.1148,1.1148
1780664100,1.1148,1.117,1.1141,1.1165
1780664160,1.1165,1.1189,1.1155,1.118
1780664220,1.118,1.1187,1.1175,1.1178
1780664280,1.1178,1.1192,1.1166,1.1183
1780664340,1.1183,1.1193,1.1177,1.1191
1780664400,1.1191,1.1226,1.119,1.1218
1780664460,1.1218,1.1231,1.1211,1.1226
1780664520,1.1226,1.1226,1.12,1.12
1780664580,1.12,1.1251,1.1198,1.1243
1780664640,1.1243,1.1255,1.1233,1.1252
1780664700,1.1252,1.1271,1.1235,1.124
1780664760,1.124,1.1252,1.1229,1.1248
1780664820,1.1248,1.1259,1.1244,1.1254
1780664880,1.1254,1.1268,1.125,1.125
1780664940,1.125,1.1259,1.1249,1.1258
1780665000,1.1258,1.1275,1.1255,1.1259
1780665060,1.1259,1.126,1.1249,1.1252
1780665120,1.1252,1.1261,1.125,1.1252
1780665180,1.1252,1.127,1.125,1.1269
1780665240,1.1269,1.1272,1.1257,1.1258
1780665300,1.1258,1.1261,1.1249,1.125
1780665360,1.125,1.1259,1.1249,1.1252
1780665420,1.1252,1.1267,1.1249,1.1262
1780665480,1.1262,1.1284,1.1262,1.1283
1780665540,1.1283,1.1293,1.1277,1.1287
1780665600,1.1287,1.1339,1.1284,1.1338
1780665660,1.1338,1.1347,1.1324,1.1326
1780665720,1.1326,1.1327,1.1306,1.1318
1780665780,1.1318,1.1318,1.1292,1.1304
1780665840,1.1304,1.1313,1.1302,1.131
1780665900,1.131,1.1348,1.13,1.1339
1780665960,1.1339,1.1383,1.1334,1.1342
1780666020,1.1342,1.1355,1.1334,1.1341
1780666080,1.1341,1.1359,1.1339,1.1342
1780666140,1.1342,1.1342,1.1319,1.1319
1780666200,1.1319,1.1319,1.1293,1.1294
1780666260,1.1294,1.1349,1.1291,1.1348
1780666320,1.1348,1.136,1.1319,1.1328
1780666380,1.1328,1.1344,1.1322,1.1333
1780666440,1.1333,1.1363,1.1322,1.1333
1780666500,1.1333,1.1362,1.1323,1.1352
1780666560,1.1352,1.1374,1.132,1.1366
1780666620,1.1366,1.137,1.1302,1.1305
1780666680,1.1305,1.1314,1.1285,1.1285
1780666740,1.1285,1.1295,1.126,1.1262
1780666800,1.1262,1.1276,1.1236,1.1246
1780666860,1.1246,1.1248,1.1225,1.1225
1780666920,1.1225,1.1243,1.1205,1.1207
1780666980,1.1207,1.1225,1.1195,1.1208
1780667040,1.1208,1.1212,1.1175,1.1197
1780667100,1.1197,1.1216,1.118,1.1184
1780667160,1.1184,1.1201,1.118,1.118
1780667220,1.118,1.1187,1.1159,1.1159
1780667280,1.1159,1.1161,1.1142,1.1145
1780667340,1.1145,1.1158,1.1109,1.1113
1780667400,1.1113,1.1134,1.1112,1.1129
1780667460,1.1129,1.114,1.1111,1.1111
1780667520,1.1111,1.1132,1.1098,1.1113
1780667580,1.1113,1.1119,1.1094,1.1111
1780667640,1.1111,1.1126,1.1097,1.1122
1780667700,1.1122,1.1126,1.1064,1.1066
1780667760,1.1066,1.1078,1.1034,1.1037
1780667820,1.1037,1.1042,1.1016,1.103
1780667880,1.103,1.1038,1.1016,1.1017
1780667940,1.1017,1.1035,1.1008,1.1017
1780668000,1.1017,1.106,1.1016,1.1057
1780668060,1.1057,1.1061,1.0997,1.1032
1780668120,1.1032,1.1088,1.1032,1.1052
1780668180,1.1052,1.1052,1.1016,1.1023
1780668240,1.1023,1.1024,1.099,1.0993
1780668300,1.0993,1.1022,1.099,1.0998
1780668360,1.0998,1.1032,1.097,1.1026
1780668420,1.1026,1.1072,1.1019,1.1055
1780668480,1.1055,1.1128,1.1055,1.1128
1780668540,1.1128,1.1162,1.1118,1.115
1780668600,1.115,1.1162,1.1118,1.1118
1780668660,1.1118,1.112,1.1069,1.1079
1780668720,1.1079,1.1082,1.106,1.1079
1780668780,1.1079,1.1127,1.1078,1.1105
1780668840,1.1105,1.1117,1.1097,1.1116
1780668900,1.1116,1.1145,1.1105,1.1143
1780668960,1.1143,1.1172,1.1129,1.113
1780669020,1.113,1.1149,1.1124,1.1146
1780669080,1.1146,1.1146,1.1108,1.1118
1780669140,1.1118,1.1134,1.1115,1.1131
1780669200,1.1131,1.1152,1.1128,1.1149
1780669260,1.1149,1.116,1.1126,1.1131
1780669320,1.1131,1.1133,1.1092,1.1097
1780669380,1.1097,1.1114,1.109,1.11
1780669440,1.11,1.11,1.1083,1.1097
1780669500,1.1097,1.1109,1.1077,1.1077
1780669560,1.1077,1.1078,1.1058,1.1066
1780669620,1.1066,1.1094,1.106,1.1073
1780669680,1.1073,1.1077,1.1063,1.1073
1780669740,1.1073,1.109,1.1064,1.1087
1780669800,1.1087,1.1102,1.1071,1.1087
1780669860,1.1087,1.1088,1.1059,1.1072
1780669920,1.1072,1.1072,1.1036,1.1048
1780669980,1.1048,1.108,1.1047,1.1076
1780670040,1.1076,1.1116,1.1056,1.1113
1780670100,1.1113,1.1138,1.1085,1.1135
1780670160,1.1135,1.1159,1.11,1.1141
1780670220,1.1141,1.1178,1.1133,1.1167
1780670280,1.1167,1.1176,1.1109,1.1111
1780670340,1.1111,1.1121,1.1103,1.1113
1780670400,1.1113,1.1128,1.11,1.1121
1780670460,1.1121,1.1127,1.1106,1.1122
1780670520,1.1122,1.1136,1.11,1.1128
1780670580,1.1128,1.1138,1.1102,1.1113
1780670640,1.1113,1.1113,1.1073,1.1092
1780670700,1.1092,1.1141,1.1092,1.1138
1780670760,1.1138,1.1152,1.1107,1.1108
1780670820,1.1108,1.1108,1.1081,1.1083
1780670880,1.1083,1.1106,1.1074,1.1077
1780670940,1.1077,1.1077,1.1043,1.1043
1780671000,1.1043,1.1072,1.1027,1.107
1780671060,1.107,1.1099,1.107,1.1092
1780671120,1.1092,1.1092,1.1051,1.1061
1780671180,1.1061,1.1063,1.1032,1.1041
1780671240,1.1041,1.1041,1.1022,1.1023
1780671300,1.1023,1.1028,1.1004,1.1018
1780671360,1.1018,1.1052,1.1016,1.1042
1780671420,1.1042,1.1081,1.1041,1.1063
1780671480,1.1063,1.1063,1.104,1.1045
1780671540,1.1045,1.107,1.1045,1.1064
1780671600,1.1064,1.1069,1.1033,1.1033
1780671660,1.1033,1.105,1.0996,1.1037
1780671720,1.1037,1.1057,1.1011,1.1054
1780671780,1.1054,1.108,1.1052,1.1064
1780671840,1.1064,1.1076,1.1048,1.1068
1780671900,1.1068,1.1069,1.1046,1.1047
1780671960,1.1047,1.1064,1.1041,1.1059
1780672020,1.1059,1.1065,1.1046,1.1062
1780672080,1.1062,1.1062,1.1027,1.1028
1780672140,1.1028,1.1031,1.0996,1.1015
1780672200,1.1015,1.1024,1.0997,1.0999
1780672260,1.0999,1.1005,1.0988,1.0989
1780672320,1.0989,1.1,1.0972,1.0984
1780672380,1.0984,1.0995,1.0977,1.0983
1780672440,1.0983,1.0989,1.0955,1.097
1780672500,1.097,1.0974,1.0936,1.0948
1780672560,1.0948,1.0979,1.0948,1.0971
1780672620,1.0971,1.1,1.0959,1.1
1780672680,1.1,1.102,1.1,1.1014
1780672740,1.1014,1.1031,1.1005,1.1029
1780672800,1.1029,1.1039,1.0987,1.0987
1780672860,1.0987,1.1029,1.0983,1.1028
1780672920,1.1028,1.1048,1.101,1.103
1780672980,1.103,1.1084,1.103,1.1055
1780673040,1.1055,1.1067,1.1051,1.1056
1780673100,1.1056,1.1087,1.1052,1.108
1780673160,1.108,1.1092,1.1066,1.1067
1780673220,1.1067,1.1082,1.1048,1.1066
1780673280,1.1066,1.1066,1.1034,1.1036
1780673340,1.1036,1.1046,1.102,1.1042
1780673400,1.1042,1.1058,1.1029,1.1056
1780673460,1.1056,1.1068,1.104,1.1058
1780673520,1.1058,1.106,1.1016,1.1018
1780673580,1.1018,1.104,1.1018,1.1022
1780673640,1.1022,1.1046,1.1021,1.1043
1780673700,1.1043,1.1051,1.1011,1.1015
1780673760,1.1015,1.1024,1.0986,1.0987
1780673820,1.0987,1.099,1.0961,1.0977
1780673880,1.0977,1.0987,1.0969,1.0987
1780673940,1.0987,1.0997,1.0944,1.0945
1780674000,1.0945,1.0957,1.093,1.0951
1780674060,1.0951,1.0952,1.0932,1.0952
1780674120,1.0952,1.1006,1.0952,1.1006
1780674180,1.1006,1.1017,1.0995,1.1004
1780674240,1.1004,1.1006,1.0973,1.0987
1780674300,1.0987,1.0989,1.095,1.0952
1780674360,1.0952,1.0972,1.0939,1.0971
1780674420,1.0971,1.0975,1.0932,1.0936
1780674480,1.0936,1.0946,1.0916,1.0945
1780674540,1.0945,1.1008,1.0939,1.0997
1780674600,1.0997,1.1004,1.0971,1.1003
1780674660,1.1003,1.1035,1.0994,1.102
1780674720,1.102,1.1025,1.1002,1.1009
1780674780,1.1009,1.1027,1.1004,1.1007
1780674840,1.1007,1.1022,1.1001,1.1015
1780674900,1.1015,1.1025,1.1001,1.102
1780674960,1.102,1.1038,1.1014,1.1017
1780675020,1.1017,1.1022,1.1004,1.1018
1780675080,1.1018,1.1021,1.0996,1.0999
1780675140,1.0999,1.1006,1.0983,1.0995
1780675200,1.0995,1.0995,1.093,1.0935
1780675260,1.0935,1.096,1.0929,1.0947
1780675320,1.0947,1.0948,1.0926,1.0937
1780675380,1.0937,1.0946,1.0922,1.0933
1780675440,1.0933,1.0944,1.0912,1.0941
1780675500,1.0941,1.0944,1.0925,1.0934
1780675560,1.0934,1.0971,1.0918,1.097
1780675620,1.097,1.0981,1.094,1.0951
1780675680,1.0951,1.0954,1.0909,1.0913
1780675740,1.0913,1.0924,1.0876,1.0911
1780675800,1.0911,1.0919,1.0873,1.0877
1780675860,1.0877,1.0899,1.0861,1.0862
1780675920,1.0862,1.0933,1.0835,1.0927
1780675980,1.0927,1.0986,1.0915,1.0977
1780676040,1.0977,1.1053,1.0977,1.1016
1780676100,1.1016,1.1105,1.0994,1.1084
1780676160,1.1084,1.1104,1.1054,1.1088
1780676220,1.1088,1.1092,1.1047,1.1092
1780676280,1.1092,1.1156,1.107,1.1145
1780676340,1.1145,1.1149,1.1094,1.1095
1780676400,1.1095,1.1127,1.1081,1.1095
1780676460,1.1095,1.1165,1.109,1.1143
1780676520,1.1143,1.1162,1.1122,1.114
1780676580,1.114,1.1147,1.1101,1.1106
1780676640,1.1106,1.1132,1.1085,1.1122
1780676700,1.1122,1.1132,1.1099,1.1118
1780676760,1.1118,1.1125,1.11,1.1107
1780676820,1.1107,1.1123,1.1105,1.111
1780676880,1.111,1.111,1.1062,1.1073
1780676940,1.1073,1.108,1.1062,1.1069
1780677000,1.1069,1.1084,1.1046,1.1078
1780677060,1.1078,1.109,1.1061,1.1063
1780677120,1.1063,1.1064,1.1037,1.1038
1780677180,1.1038,1.1046,1.1004,1.1009
1780677240,1.1009,1.1011,1.0985,1.1009
1780677300,1.1009,1.1042,1.1002,1.1042
1780677360,1.1042,1.1043,1.1019,1.1021
1780677420,1.1021,1.1024,1.1005,1.1013
1780677480,1.1013,1.1039,1.1011,1.1028
1780677540,1.1028,1.1034,1.1,1.1031
1780677600,1.1031,1.1041,1.1019,1.1034
1780677660,1.1034,1.1044,1.1026,1.103
1780677720,1.103,1.103,1.0992,1.0994
1780677780,1.0994,1.1013,1.098,1.1004
1780677840,1.1004,1.1012,1.0989,1.0994
1780677900,1.0994,1.103,1.0993,1.1018
1780677960,1.1018,1.1048,1.1018,1.1036
1780678020,1.1036,1.1044,1.1013,1.1043
1780678080,1.1043,1.1083,1.1042,1.1083
1780678140,1.1083,1.1112,1.1071,1.1107
1780678200,1.1107,1.1144,1.1091,1.1138
1780678260,1.1138,1.1158,1.1125,1.1132
1780678320,1.1132,1.1156,1.1117,1.1156
1780678380,1.1156,1.116,1.1136,1.1148
1780678440,1.1148,1.1212,1.1141,1.1208
1780678500,1.1208,1.122,1.118,1.1191
1780678560,1.1191,1.1214,1.1183,1.1192
1780678620,1.1192,1.1232,1.1191,1.122
1780678680,1.122,1.1222,1.1202,1.1221
1780678740,1.1221,1.1221,1.1197,1.1199
1780678800,1.1199,1.1217,1.1183,1.1187
1780678860,1.1187,1.12,1.1162,1.1164
1780678920,1.1164,1.1174,1.1149,1.1152
1780678980,1.1152,1.1185,1.1143,1.1181
1780679040,1.1181,1.1212,1.1173,1.1201
1780679100,1.1201,1.1201,1.1165,1.1169
1780679160,1.1169,1.1169,1.1138,1.1163
1780679220,1.1163,1.1179,1.1163,1.1178
1780679280,1.1178,1.1189,1.116,1.1188
1780679340,1.1188,1.1191,1.117,1.1179
1780679400,1.1179,1.1179,1.1144,1.1147
1780679460,1.1147,1.1155,1.1087,1.1087
1780679520,1.1087,1.1105,1.1079,1.1099
1780679580,1.1099,1.1116,1.1089,1.1116
1780679640,1.1116,1.1121,1.1107,1.1112
1780679700,1.1112,1.112,1.1095,1.1099
1780679760,1.1099,1.1099,1.1077,1.1081
1780679820,1.1081,1.1087,1.1065,1.1079
1780679880,1.1079,1.1083,1.106,1.106
1780679940,1.106,1.1069,1.1047,1.1051
1780680000,1.1051,1.1064,1.1047,1.1048
1780680060,1.1048,1.1068,1.1047,1.1057
1780680120,1.1057,1.1081,1.1052,1.1067
1780680180,1.1067,1.108,1.1042,1.1042
1780680240,1.1042,1.1047,1.1028,1.1044
1780680300,1.1044,1.1052,1.101,1.101
1780680360,1.101,1.1027,1.1002,1.1027
1780680420,1.1027,1.1031,1.1021,1.1027
1780680480,1.1027,1.104,1.1018,1.1018
1780680540,1.1018,1.1018,1.1004,1.1009
1780680600,1.1009,1.1022,1.0998,1.102
1780680660,1.102,1.1025,1.101,1.1019
1780680720,1.1019,1.102,1.1,1.1017
1780680780,1.1017,1.1038,1.1013,1.1036
1780680840,1.1036,1.1046,1.1028,1.1043
1780680900,1.1043,1.1043,1.1026,1.1029
1780680960,1.1029,1.1042,1.1016,1.1022
1780681020,1.1022,1.1052,1.1022,1.1039
1780681080,1.1039,1.1058,1.1036,1.1052
1780681140,1.1052,1.1073,1.1045,1.1066
1780681200,1.1066,1.1126,1.1066,1.1103
1780681260,1.1103,1.1103,1.1067,1.1071
1780681320,1.1071,1.1088,1.1067,1.1086
1780681380,1.1086,1.1089,1.1068,1.1075
1780681440,1.1075,1.1084,1.1027,1.1032
1780681500,1.1032,1.106,1.1032,1.1049
1780681560,1.1049,1.1055,1.1033,1.1035
1780681620,1.1035,1.1061,1.1035,1.106
1780681680,1.106,1.1064,1.1047,1.1056
1780681740,1.1056,1.1061,1.1033,1.1037
1780681800,1.1037,1.1058,1.1037,1.1055
1780681860,1.1055,1.106,1.1028,1.1042
1780681920,1.1042,1.1062,1.1038,1.1062
1780681980,1.1062,1.1075,1.105,1.1069
1780682040,1.1069,1.1071,1.1055,1.107
1780682100,1.107,1.1074,1.1047,1.1054
1780682160,1.1054,1.1085,1.1054,1.1075
1780682220,1.1075,1.109,1.1072,1.1083
1780682280,1.1083,1.1098,1.1082,1.1091
1780682340,1.1091,1.1092,1.1074,1.1082
1780682400,1.1082,1.1118,1.108,1.1113
1780682460,1.1113,1.1118,1.1104,1.1111
1780682520,1.1111,1.1111,1.1087,1.1089
1780682580,1.1089,1.1089,1.1059,1.1071
1780682640,1.1071,1.1085,1.1068,1.108
1780682700,1.108,1.1099,1.1075,1.1089
1780682760,1.1089,1.1125,1.1089,1.1124
1780682820,1.1124,1.113,1.1109,1.1121
1780682880,1.1121,1.1121,1.1093,1.1094
1780682940,1.1094,1.1101,1.1086,1.1087
1780683000,1.1087,1.1093,1.1073,1.1073
1780683060,1.1073,1.1095,1.1073,1.1093
1780683120,1.1093,1.1096,1.1073,1.109
1780683180,1.109,1.1112,1.109,1.1107
1780683240,1.1107,1.1107,1.1081,1.1088
1780683300,1.1088,1.1091,1.1065,1.1072
1780683360,1.1072,1.1087,1.1063,1.1073
1780683420,1.1073,1.1078,1.1059,1.1067
1780683480,1.1067,1.1072,1.1034,1.1041
1780683540,1.1041,1.1044,1.1018,1.1021
1780683600,1.1021,1.1038,1.0987,1.1038
1780683660,1.1038,1.1044,1.0994,1.1008
1780683720,1.1008,1.1019,1.1001,1.1001
1780683780,1.1001,1.102,1.0984,1.0987
1780683840,1.0987,1.1013,1.0978,1.0998
1780683900,1.0998,1.1003,1.099,1.0997
1780683960,1.0997,1.0997,1.0971,1.0974
1780684020,1.0974,1.0984,1.097,1.0974
1780684080,1.0974,1.0982,1.0956,1.0961
1780684140,1.0961,1.0973,1.0952,1.0964
1780684200,1.0964,1.0969,1.0948,1.0955
1780684260,1.0955,1.0986,1.0952,1.0969
1780684320,1.0969,1.097,1.0941,1.0954
1780684380,1.0954,1.0981,1.0953,1.0973
1780684440,1.0973,1.0979,1.0962,1.0971
1780684500,1.0971,1.0973,1.095,1.095
1780684560,1.095,1.0954,1.0931,1.0953
1780684620,1.0953,1.0964,1.0927,1.0963
1780684680,1.0963,1.097,1.0947,1.0952
1780684740,1.0952,1.1003,1.0952,1.1002
1780684800,1.1002,1.1022,1.1002,1.1015
1780684860,1.1015,1.1015,1.0961,1.0964
1780684920,1.0964,1.0964,1.0931,1.0931
1780684980,1.0931,1.0945,1.0914,1.0918
1780685040,1.0918,1.0952,1.0889,1.0952
1780685100,1.0952,1.0958,1.0907,1.0907
1780685160,1.0907,1.0914,1.0881,1.0885
1780685220,1.0885,1.09,1.0864,1.0894
1780685280,1.0894,1.09,1.0878,1.0891
1780685340,1.0891,1.0916,1.0889,1.0912
1780685400,1.0912,1.0923,1.0897,1.0904
1780685460,1.0904,1.0913,1.0858,1.0873
1780685520,1.0873,1.0877,1.0825,1.0834
1780685580,1.0834,1.086,1.0828,1.0835
1780685640,1.0835,1.0839,1.0807,1.0813
1780685700,1.0813,1.085,1.0798,1.0844
1780685760,1.0844,1.0899,1.0817,1.0884
1780685820,1.0884,1.089,1.0852,1.0853
1780685880,1.0853,1.0857,1.0823,1.0825
1780685940,1.0825,1.0847,1.0824,1.0829
1780686000,1.0829,1.0839,1.077,1.0808
1780686060,1.0808,1.0828,1.0792,1.0826
1780686120,1.0826,1.0837,1.0815,1.0834
1780686180,1.0834,1.0851,1.0827,1.0831
1780686240,1.0831,1.0834,1.0776,1.0781
1780686300,1.0781,1.0811,1.0768,1.0798
1780686360,1.0798,1.0804,1.0756,1.0756
1780686420,1.0756,1.0763,1.0727,1.0731
1780686480,1.0731,1.0746,1.0722,1.0725
1780686540,1.0725,1.0772,1.0722,1.0764
1780686600,1.0764,1.0773,1.0743,1.0765
1780686660,1.0765,1.0778,1.0737,1.0744
1780686720,1.0744,1.0755,1.0725,1.0726
1780686780,1.0726,1.0747,1.0724,1.0729
1780686840,1.0729,1.0738,1.0713,1.0723
1780686900,1.0723,1.0724,1.0705,1.0714
1780686960,1.0714,1.0744,1.0688,1.0741
1780687020,1.0741,1.0749,1.0687,1.0695
1780687080,1.0695,1.0718,1.0694,1.0712
1780687140,1.0712,1.0729,1.0694,1.0709
1780687200,1.0709,1.0751,1.0702,1.0751
1780687260,1.0751,1.0758,1.0726,1.0756
1780687320,1.0756,1.0772,1.0735,1.0755
1780687380,1.0755,1.0778,1.0748,1.0768
1780687440,1.0768,1.0798,1.0762,1.0798
1780687500,1.0798,1.0819,1.0782,1.081
1780687560,1.081,1.0832,1.0808,1.0825
1780687620,1.0825,1.0855,1.0824,1.0854
1780687680,1.0854,1.0866,1.085,1.0859
1780687740,1.0859,1.0863,1.0845,1.0863
1780687800,1.0863,1.0889,1.0844,1.0847
1780687860,1.0847,1.0847,1.0792,1.0793
1780687920,1.0793,1.08,1.078,1.0792
1780687980,1.0792,1.0828,1.079,1.0803
1780688040,1.0803,1.0826,1.0794,1.0821
1780688100,1.0821,1.0837,1.0812,1.0831
1780688160,1.0831,1.0833,1.0795,1.0818
1780688220,1.0818,1.0831,1.0799,1.083
1780688280,1.083,1.0836,1.0809,1.0833
1780688340,1.0833,1.085,1.0825,1.0847
1780688400,1.0847,1.0878,1.0836,1.0842
1780688460,1.0842,1.0842,1.0808,1.0828
1780688520,1.0828,1.084,1.0823,1.0837
1780688580,1.0837,1.0837,1.0809,1.0823
1780688640,1.0823,1.0855,1.082,1.0843
1780688700,1.0843,1.0893,1.0837,1.0889
1780688760,1.0889,1.0965,1.088,1.0951
1780688820,1.0951,1.1008,1.0948,1.0999
1780688880,1.0999,1.1037,1.099,1.1007
1780688940,1.1007,1.1008,1.0984,1.0988
1780689000,1.0988,1.0999,1.0964,1.0991
1780689060,1.0991,1.1017,1.0979,1.0994
1780689120,1.0994,1.1017,1.099,1.0997
1780689180,1.0997,1.1003,1.0969,1.0971
1780689240,1.0971,1.1005,1.0971,1.0996
1780689300,1.0996,1.0996,1.0977,1.0993
1780689360,1.0993,1.1005,1.0989,1.0994
1780689420,1.0994,1.1004,1.0991,1.1004
1780689480,1.1004,1.1025,1.0996,1.1017
1780689540,1.1017,1.1038,1.0977,1.0981
1780689600,1.0981,1.1014,1.0972,1.1014
1780689660,1.1014,1.1017,1.0953,1.0958
1780689720,1.0958,1.096,1.0915,1.0923
1780689780,1.0923,1.0923,1.0893,1.0901
1780689840,1.0901,1.0912,1.0886,1.0898
1780689900,1.0898,1.0898,1.0853,1.0853
1780689960,1.0853,1.0898,1.0848,1.0898
1780690020,1.0898,1.0923,1.0889,1.0923
1780690080,1.0923,1.1,1.0923,1.0996
1780690140,1.0996,1.1064,1.0993,1.1045
1780690200,1.1045,1.1063,1.1022,1.1025
1780690260,1.1025,1.1025,1.0995,1.1007
1780690320,1.1007,1.101,1.0986,1.0989
1780690380,1.0989,1.103,1.0989,1.1023
1780690440,1.1023,1.1044,1.1022,1.1043
1780690500,1.1043,1.1081,1.1042,1.1081
1780690560,1.1081,1.1081,1.1038,1.1038
1780690620,1.1038,1.1038,1.1018,1.1031
1780690680,1.1031,1.1067,1.1029,1.1048
1780690740,1.1048,1.1068,1.1045,1.1062
1780690800,1.1062,1.1068,1.105,1.1066
1780690860,1.1066,1.107,1.1029,1.103
1780690920,1.103,1.1065,1.1028,1.1064
1780690980,1.1064,1.1069,1.1053,1.106
1780691040,1.106,1.1071,1.1048,1.107
1780691100,1.107,1.1088,1.1063,1.1088
1780691160,1.1088,1.1098,1.1072,1.1073
1780691220,1.1073,1.1097,1.107,1.1087
1780691280,1.1087,1.111,1.1086,1.1096
1780691340,1.1096,1.1097,1.1065,1.1073
1780691400,1.1073,1.109,1.1051,1.109
1780691460,1.109,1.1109,1.1078,1.1099
1780691520,1.1099,1.1108,1.1082,1.1094
1780691580,1.1094,1.1094,1.1058,1.1065
1780691640,1.1065,1.1072,1.105,1.1065
1780691700,1.1065,1.1069,1.1051,1.1068
1780691760,1.1068,1.1081,1.1062,1.1079
1780691820,1.1079,1.1096,1.1076,1.1082
1780691880,1.1082,1.1102,1.1075,1.1102
1780691940,1.1102,1.1117,1.1097,1.1111
1780692000,1.1111,1.1112,1.1089,1.1101
1780692060,1.1101,1.1101,1.1089,1.1098
1780692120,1.1098,1.1125,1.1097,1.112
1780692180,1.112,1.1128,1.1107,1.112
1780692240,1.112,1.1132,1.1119,1.1122
1780692300,1.1122,1.1141,1.1118,1.1131
1780692360,1.1131,1.1134,1.1098,1.1117
1780692420,1.1117,1.1155,1.1117,1.1132
1780692480,1.1132,1.1141,1.1112,1.114
1780692540,1.114,1.115,1.1133,1.1145
1780692600,1.1145,1.1177,1.1128,1.1158
1780692660,1.1158,1.1178,1.1147,1.117
1780692720,1.117,1.1177,1.1136,1.114
1780692780,1.114,1.1161,1.1136,1.1136
1780692840,1.1136,1.1143,1.1123,1.1123
1780692900,1.1123,1.1147,1.112,1.1129
1780692960,1.1129,1.1144,1.1126,1.1144
1780693020,1.1144,1.115,1.1135,1.1136
1780693080,1.1136,1.1158,1.1136,1.1147
1780693140,1.1147,1.1157,1.1147,1.1148
1780693200,1.1148,1.1166,1.1135,1.115
1780693260,1.115,1.1164,1.1143,1.1152
1780693320,1.1152,1.1169,1.1143,1.1166
1780693380,1.1166,1.119,1.1161,1.1173
1780693440,1.1173,1.1198,1.1168,1.1171
1780693500,1.1171,1.1179,1.1153,1.1154
1780693560,1.1154,1.1155,1.1124,1.1139
1780693620,1.1139,1.1159,1.1138,1.1159
1780693680,1.1159,1.1168,1.1155,1.1163
1780693740,1.1163,1.1172,1.1156,1.1172
1780693800,1.1172,1.1172,1.1161,1.1162
1780693860,1.1162,1.1162,1.1136,1.1151
1780693920,1.1151,1.1166,1.1135,1.1154
1780693980,1.1154,1.1166,1.115,1.1166
1780694040,1.1166,1.1171,1.1154,1.1168
1780694100,1.1168,1.1186,1.1159,1.1166
1780694160,1.1166,1.1168,1.1133,1.1144
1780694220,1.1144,1.1172,1.1144,1.1167
1780694280,1.1167,1.1175,1.1157,1.1168
1780694340,1.1168,1.1174,1.1153,1.1155
1780694400,1.1155,1.1159,1.1139,1.1147
1780694460,1.1147,1.1157,1.1134,1.1136
1780694520,1.1136,1.1142,1.1135,1.1142
1780694580,1.1142,1.1145,1.1138,1.114
1780694640,1.114,1.1146,1.1125,1.1125
1780694700,1.1125,1.1142,1.1124,1.1136
1780694760,1.1136,1.1147,1.1127,1.1143
1780694820,1.1143,1.1158,1.1138,1.1155
1780694880,1.1155,1.1156,1.1147,1.1149
1780694940,1.1149,1.1151,1.1146,1.115
1780695000,1.115,1.1152,1.1118,1.1119
1780695060,1.1119,1.1128,1.1108,1.1113
1780695120,1.1113,1.1131,1.1111,1.1115
1780695180,1.1115,1.1122,1.1111,1.1121
1780695240,1.1121,1.1121,1.111,1.1115
1780695300,1.1115,1.1118,1.1103,1.1118
1780695360,1.1118,1.114,1.1116,1.1138
1780695420,1.1138,1.1144,1.1131,1.114
1780695480,1.114,1.1145,1.1129,1.1139
1780695540,1.1139,1.1151,1.1133,1.1149
1780695600,1.1149,1.1153,1.1146,1.1147
1780695660,1.1147,1.1161,1.1138,1.1159
1780695720,1.1159,1.1172,1.1156,1.1172
1780695780,1.1172,1.1173,1.1166,1.1168
1780695840,1.1168,1.118,1.1162,1.1164
1780695900,1.1164,1.1169,1.116,1.116
1780695960,1.116,1.1167,1.1152,1.1155
1780696020,1.1155,1.1177,1.1154,1.1175
1780696080,1.1175,1.1185,1.1172,1.118
1780696140,1.118,1.1182,1.1173,1.1174
1780696200,1.1174,1.1174,1.1164,1.1165
1780696260,1.1165,1.1166,1.1153,1.1153
1780696320,1.1153,1.1158,1.115,1.1157
1780696380,1.1157,1.1158,1.1147,1.1148
1780696440,1.1148,1.1161,1.1143,1.116
1780696500,1.116,1.116,1.1152,1.1152
1780696560,1.1152,1.1152,1.1136,1.1136
1780696620,1.1136,1.1136,1.1106,1.1109
1780696680,1.1109,1.1116,1.1108,1.1108
1780696740,1.1108,1.1117,1.1108,1.111
1780696800,1.111,1.111,1.1103,1.1105
1780696860,1.1105,1.1106,1.1083,1.1084
1780696920,1.1084,1.1109,1.1083,1.1089
1780696980,1.1089,1.1092,1.1067,1.1067
1780697040,1.1067,1.107,1.1044,1.1044
1780697100,1.1044,1.1046,1.102,1.1023
1780697160,1.1023,1.1027,1.0931,1.0984
1780697220,1.0984,1.1009,1.0983,1.1001
1780697280,1.1001,1.1025,1.1001,1.1022
1780697340,1.1022,1.1034,1.1021,1.1025
1780697400,1.1025,1.1031,1.1022,1.1025
1780697460,1.1025,1.1048,1.1011,1.1029
1780697520,1.1029,1.1036,1.1022,1.103
1780697580,1.103,1.103,1.1015,1.1017
1780697640,1.1017,1.1056,1.1017,1.1037
1780697700,1.1037,1.1055,1.1019,1.1043
1780697760,1.1043,1.1064,1.1038,1.1057
1780697820,1.1057,1.1065,1.105,1.106
1780697880,1.106,1.1061,1.1048,1.1054
1780697940,1.1054,1.1088,1.1045,1.1086
1780698000,1.1086,1.1091,1.1057,1.1075
1780698060,1.1075,1.1075,1.1058,1.1062
1780698120,1.1062,1.1078,1.1056,1.1068
1780698180,1.1068,1.1078,1.1032,1.1038
1780698240,1.1038,1.1044,1.0995,1.1009
1780698300,1.1009,1.1012,1.0992,1.1004
1780698360,1.1004,1.1016,1.0992,1.0999
1780698420,1.0999,1.1019,1.0994,1.1016
1780698480,1.1016,1.1029,1.1005,1.1007
1780698540,1.1007,1.1014,1.1004,1.1012
1780698600,1.1012,1.1025,1.1006,1.1006
1780698660,1.1006,1.1025,1.0991,1.1019
1780698720,1.1019,1.1029,1.1015,1.102
1780698780,1.102,1.1031,1.101,1.1021
1780698840,1.1021,1.103,1.1018,1.1024
1780698900,1.1024,1.1034,1.1015,1.1032
1780698960,1.1032,1.1041,1.1028,1.1034
1780699020,1.1034,1.1042,1.1033,1.104
1780699080,1.104,1.1061,1.1035,1.1059
1780699140,1.1059,1.1091,1.1059,1.1086
1780699200,1.1086,1.1091,1.1058,1.1063
1780699260,1.1063,1.1075,1.1053,1.1054
1780699320,1.1054,1.1085,1.1054,1.1085
1780699380,1.1085,1.1085,1.1063,1.1066
1780699440,1.1066,1.1078,1.1066,1.1068
1780699500,1.1068,1.1068,1.1034,1.1052
1780699560,1.1052,1.1067,1.105,1.1058
1780699620,1.1058,1.1065,1.1056,1.1058
1780699680,1.1058,1.109,1.1058,1.109
1780699740,1.109,1.1098,1.1078,1.1083
1780699800,1.1083,1.1084,1.1064,1.1066
1780699860,1.1066,1.1071,1.1047,1.1066
1780699920,1.1066,1.1071,1.1051,1.1065
1780699980,1.1065,1.109,1.1065,1.1076
1780700040,1.1076,1.1088,1.1076,1.1086
1780700100,1.1086,1.1086,1.106,1.1062
1780700160,1.1062,1.1075,1.1062,1.1071
1780700220,1.1071,1.1077,1.1066,1.1066
1780700280,1.1066,1.1081,1.1059,1.1078
1780700340,1.1078,1.1084,1.1053,1.1053
1780700400,1.1053,1.1117,1.1053,1.1109
1780700460,1.1109,1.1154,1.1107,1.1134
1780700520,1.1134,1.1138,1.1071,1.1071
1780700580,1.1071,1.1119,1.107,1.1111
1780700640,1.1111,1.1127,1.1097,1.1127
1780700700,1.1127,1.1131,1.1106,1.1109
1780700760,1.1109,1.1118,1.1099,1.1101
1780700820,1.1101,1.1107,1.1082,1.1089
1780700880,1.1089,1.1096,1.1065,1.1071
1780700940,1.1071,1.1071,1.1048,1.1059
1780701000,1.1059,1.106,1.1043,1.1051
1780701060,1.1051,1.1066,1.1051,1.1066
1780701120,1.1066,1.107,1.1048,1.1058
1780701180,1.1058,1.1069,1.1057,1.1067
1780701240,1.1067,1.1069,1.1037,1.1041
1780701300,1.1041,1.1044,1.1021,1.1031
1780701360,1.1031,1.1033,1.1004,1.1016
1780701420,1.1016,1.1033,1.1007,1.1009
1780701480,1.1009,1.1023,1.1009,1.1016
1780701540,1.1016,1.1018,1.0994,1.1003
1780701600,1.1003,1.1009,1.099,1.1009
1780701660,1.1009,1.103,1.1009,1.1029
1780701720,1.1029,1.1041,1.0942,1.095
1780701780,1.095,1.0965,1.0938,1.0942
1780701840,1.0942,1.0949,1.092,1.0939
1780701900,1.0939,1.0939,1.0913,1.0914
1780701960,1.0914,1.0931,1.0914,1.0926
1780702020,1.0926,1.0953,1.0925,1.0951
1780702080,1.0951,1.0963,1.0949,1.0958
1780702140,1.0958,1.0965,1.0949,1.0949
1780702200,1.0949,1.0952,1.0907,1.091
1780702260,1.091,1.0912,1.0888,1.0907
1780702320,1.0907,1.0918,1.0889,1.0895
1780702380,1.0895,1.0896,1.0867,1.087
1780702440,1.087,1.088,1.0863,1.0873
1780702500,1.0873,1.0925,1.0873,1.0921
1780702560,1.0921,1.0924,1.0911,1.0924
1780702620,1.0924,1.0934,1.0918,1.093
1780702680,1.093,1.093,1.0907,1.0913
1780702740,1.0913,1.0913,1.0895,1.0904
1780702800,1.0904,1.0904,1.0876,1.0903
1780702860,1.0903,1.0919,1.0903,1.0908
1780702920,1.0908,1.0923,1.0902,1.0909
1780702980,1.0909,1.091,1.0887,1.0889
1780703040,1.0889,1.0916,1.0887,1.0913
1780703100,1.0913,1.0914,1.0884,1.0899
1780703160,1.0899,1.0917,1.0898,1.0901
1780703220,1.0901,1.0917,1.0895,1.0917
1780703280,1.0917,1.0931,1.0915,1.0929
1780703340,1.0929,1.0939,1.0919,1.093
1780703400,1.093,1.0961,1.0929,1.096
1780703460,1.096,1.0968,1.0949,1.0968
1780703520,1.0968,1.0972,1.0959,1.0967
1780703580,1.0967,1.0973,1.0955,1.0955
1780703640,1.0955,1.0965,1.0952,1.0964
1780703700,1.0964,1.0967,1.0955,1.096
1780703760,1.096,1.0965,1.0955,1.0957
1780703820,1.0957,1.0965,1.0946,1.0946
1780703880,1.0946,1.0958,1.0944,1.0951
1780703940,1.0951,1.0975,1.0947,1.097
